
****** Vitis HLS - High-Level Synthesis from C, C++ and OpenCL v2024.2 (64-bit)
  **** SW Build 5238294 on Nov  8 2024
  **** IP Build 5239520 on Sun Nov 10 16:12:51 MST 2024
  **** SharedData Build 5239561 on Fri Nov 08 14:39:27 MST 2024
  **** Start of session at: Tue Apr  7 19:01:02 2026
    ** Copyright 1986-2022 Xilinx, Inc. All Rights Reserved.
    ** Copyright 2022-2024 Advanced Micro Devices, Inc. All Rights Reserved.

source G:/PostGraduateFile/Xilinx/Vitis/2024.2/scripts/vitis_hls/hls.tcl -notrace
INFO: [HLS 200-10] For user 'Lenovo' on host 'laptop-lc5o154v' (Windows NT_amd64 version 10.0) on Tue Apr 07 19:01:04 +0800 2026
INFO: [HLS 200-10] In directory 'G:/3DSLED/icocnn/hls_src/HLS/layer0'
WARNING: [HLS 200-2053] The vitis_hls executable is deprecated. Consider using vitis-run --mode hls --tcl
Sourcing Tcl script 'run_hls.tcl'
=== Vitis HLS Terminal Flow ===
Project  : layer0_hls_prj
Solution : sol1
Top      : conv_ico_layer0
Part     : xc7k325tffg900-2
Clock(ns): 5.0
Mode     : synth
Removing existing project: layer0_hls_prj
INFO: [HLS 200-1510] Running: open_project layer0_hls_prj 
INFO: [HLS 200-10] Creating and opening project 'G:/3DSLED/icocnn/hls_src/HLS/layer0/layer0_hls_prj'.
INFO: [HLS 200-1510] Running: set_top conv_ico_layer0 
INFO: [HLS 200-1510] Running: add_files ico_conv_layer0.cpp 
INFO: [HLS 200-10] Adding design file 'ico_conv_layer0.cpp' to the project
INFO: [HLS 200-1510] Running: add_files ico_conv_layer0.hpp 
INFO: [HLS 200-10] Adding design file 'ico_conv_layer0.hpp' to the project
INFO: [HLS 200-1510] Running: add_files -tb test_ico_conv.cpp 
INFO: [HLS 200-10] Adding test bench file 'test_ico_conv.cpp' to the project
INFO: [HLS 200-1510] Running: open_solution -reset sol1 
INFO: [HLS 200-10] Creating and opening solution 'G:/3DSLED/icocnn/hls_src/HLS/layer0/layer0_hls_prj/sol1'.
INFO: [HLS 200-10] Cleaning up the solution database.
INFO: [HLS 200-1505] Using default flow_target 'vivado'
Resolution: For help on HLS 200-1505 see docs.xilinx.com/access/sources/dita/topic?Doc_Version=2024.2%20English&url=ug1448-hls-guidance&resourceid=200-1505.html
INFO: [HLS 200-1510] Running: set_part xc7k325tffg900-2 
INFO: [HLS 200-1611] Setting target device to 'xc7k325t-ffg900-2'
INFO: [HLS 200-1510] Running: create_clock -period 5.0 -name default 
INFO: [SYN 201-201] Setting up clock 'default' with a period of 5ns.
INFO: [HLS 200-1510] Running: csynth_design 
INFO: [HLS 200-111] Finished File checks and directory preparation: CPU user time: 0 seconds. CPU system time: 0 seconds. Elapsed time: 0.143 seconds; current allocated memory: 616.266 MB.
INFO: [HLS 200-10] Analyzing design file 'ico_conv_layer0.cpp' ... 
INFO: [HLS 200-111] Finished Source Code Analysis and Preprocessing: CPU user time: 0 seconds. CPU system time: 0 seconds. Elapsed time: 2.27 seconds; current allocated memory: 619.172 MB.
INFO: [HLS 200-777] Using interface defaults for 'Vivado' flow target.
INFO: [HLS 200-1995] There were 840 instructions in the design after the 'Compile/Link' phase of compilation. See the Design Size Report for more details: G:/3DSLED/icocnn/hls_src/HLS/layer0/layer0_hls_prj/sol1/syn/report/csynth_design_size.rpt
INFO: [HLS 200-1995] There were 556 instructions in the design after the 'Unroll/Inline (step 1)' phase of compilation. See the Design Size Report for more details: G:/3DSLED/icocnn/hls_src/HLS/layer0/layer0_hls_prj/sol1/syn/report/csynth_design_size.rpt
INFO: [HLS 200-1995] There were 404 instructions in the design after the 'Unroll/Inline (step 2)' phase of compilation. See the Design Size Report for more details: G:/3DSLED/icocnn/hls_src/HLS/layer0/layer0_hls_prj/sol1/syn/report/csynth_design_size.rpt
INFO: [HLS 200-1995] There were 369 instructions in the design after the 'Unroll/Inline (step 3)' phase of compilation. See the Design Size Report for more details: G:/3DSLED/icocnn/hls_src/HLS/layer0/layer0_hls_prj/sol1/syn/report/csynth_design_size.rpt
INFO: [HLS 200-1995] There were 366 instructions in the design after the 'Unroll/Inline (step 4)' phase of compilation. See the Design Size Report for more details: G:/3DSLED/icocnn/hls_src/HLS/layer0/layer0_hls_prj/sol1/syn/report/csynth_design_size.rpt
INFO: [HLS 200-1995] There were 530 instructions in the design after the 'Array/Struct (step 1)' phase of compilation. See the Design Size Report for more details: G:/3DSLED/icocnn/hls_src/HLS/layer0/layer0_hls_prj/sol1/syn/report/csynth_design_size.rpt
INFO: [HLS 200-1995] There were 452 instructions in the design after the 'Array/Struct (step 2)' phase of compilation. See the Design Size Report for more details: G:/3DSLED/icocnn/hls_src/HLS/layer0/layer0_hls_prj/sol1/syn/report/csynth_design_size.rpt
INFO: [HLS 200-1995] There were 452 instructions in the design after the 'Array/Struct (step 3)' phase of compilation. See the Design Size Report for more details: G:/3DSLED/icocnn/hls_src/HLS/layer0/layer0_hls_prj/sol1/syn/report/csynth_design_size.rpt
INFO: [HLS 200-1995] There were 452 instructions in the design after the 'Array/Struct (step 4)' phase of compilation. See the Design Size Report for more details: G:/3DSLED/icocnn/hls_src/HLS/layer0/layer0_hls_prj/sol1/syn/report/csynth_design_size.rpt
INFO: [HLS 200-1995] There were 458 instructions in the design after the 'Array/Struct (step 5)' phase of compilation. See the Design Size Report for more details: G:/3DSLED/icocnn/hls_src/HLS/layer0/layer0_hls_prj/sol1/syn/report/csynth_design_size.rpt
INFO: [HLS 200-1995] There were 458 instructions in the design after the 'Performance (step 1)' phase of compilation. See the Design Size Report for more details: G:/3DSLED/icocnn/hls_src/HLS/layer0/layer0_hls_prj/sol1/syn/report/csynth_design_size.rpt
INFO: [HLS 200-1995] There were 655 instructions in the design after the 'Performance (step 2)' phase of compilation. See the Design Size Report for more details: G:/3DSLED/icocnn/hls_src/HLS/layer0/layer0_hls_prj/sol1/syn/report/csynth_design_size.rpt
INFO: [HLS 200-1995] There were 15,678 instructions in the design after the 'Performance (step 3)' phase of compilation. See the Design Size Report for more details: G:/3DSLED/icocnn/hls_src/HLS/layer0/layer0_hls_prj/sol1/syn/report/csynth_design_size.rpt
INFO: [HLS 200-1995] There were 3,603 instructions in the design after the 'Performance (step 4)' phase of compilation. See the Design Size Report for more details: G:/3DSLED/icocnn/hls_src/HLS/layer0/layer0_hls_prj/sol1/syn/report/csynth_design_size.rpt
INFO: [HLS 200-1995] There were 3,628 instructions in the design after the 'HW Transforms (step 1)' phase of compilation. See the Design Size Report for more details: G:/3DSLED/icocnn/hls_src/HLS/layer0/layer0_hls_prj/sol1/syn/report/csynth_design_size.rpt
INFO: [HLS 200-1995] There were 3,666 instructions in the design after the 'HW Transforms (step 2)' phase of compilation. See the Design Size Report for more details: G:/3DSLED/icocnn/hls_src/HLS/layer0/layer0_hls_prj/sol1/syn/report/csynth_design_size.rpt
INFO: [HLS 214-186] Unrolling loop 'VITIS_LOOP_151_5' (ico_conv_layer0.cpp:151:39) in function 'get_kernel' completely with a factor of 3 (ico_conv_layer0.cpp:146:0)
INFO: [HLS 214-186] Unrolling loop 'VITIS_LOOP_153_6' (ico_conv_layer0.cpp:153:20) in function 'get_kernel' completely with a factor of 3 (ico_conv_layer0.cpp:146:0)
INFO: [HLS 214-178] Inlining function 'smooth_vertices_fast(float (*) [4][8], float (*) [4][8])' into 'pad_ico(float (*) [1][5][4][8], int const (*) [5][6][10], float (*) [5][6][10])' (ico_conv_layer0.cpp:106:0)
INFO: [HLS 214-178] Inlining function 'get_kernel(float const (*) [1][1][7], int const (*) [6][1][1][9][4], float (*) [6][1][1][3][3])' into 'conv_ico_layer0(float (*) [1][1][5][4][8], float const (*) [1][1][7], float const*, int const (*) [6][1][1][9][4], int const (*) [5][6][10], float (*) [32][6][5][4][8])' (ico_conv_layer0.cpp:292:0)
INFO: [HLS 214-178] Inlining function 'post_process_and_writeback_output_frame(float const (*) [6][5][4][8], float (*) [32][6][5][4][8], int)' into 'conv_ico_layer0(float (*) [1][1][5][4][8], float const (*) [1][1][7], float const*, int const (*) [6][1][1][9][4], int const (*) [5][6][10], float (*) [32][6][5][4][8])' (ico_conv_layer0.cpp:292:0)
INFO: [HLS 214-248] Applying array_partition to '_ZZ15conv_ico_layer0PA1_A1_A5_A4_A8_fPA1_A1_A7_KfPS5_PA6_A1_A1_A9_A4_KiPA5_A6_A10_SB_PA32_A6_S1_E6kernel': Cyclic partitioning with factor 2 on dimension 1. (ico_conv_layer0.cpp:297:0)
INFO: [HLS 214-248] Applying array_partition to 'weight': Cyclic partitioning with factor 2 on dimension 1. (ico_conv_layer0.cpp:292:0)
INFO: [HLS 214-248] Applying array_partition to 'bias': Cyclic partitioning with factor 2 on dimension 1. (ico_conv_layer0.cpp:292:0)
INFO: [HLS 214-376] automatically set the pipeline for Loop< VITIS_LOOP_78_3> at ico_conv_layer0.cpp:78:30 
INFO: [HLS 214-376] automatically set the pipeline for Loop< VITIS_LOOP_84_4> at ico_conv_layer0.cpp:84:22 
INFO: [HLS 214-376] automatically set the pipeline for Loop< VITIS_LOOP_115_1> at ico_conv_layer0.cpp:115:23 
INFO: [HLS 214-376] automatically set the pipeline for Loop< VITIS_LOOP_136_5> at ico_conv_layer0.cpp:136:23 
INFO: [HLS 214-376] automatically set the pipeline for Loop< VITIS_LOOP_148_2> at ico_conv_layer0.cpp:148:27 
INFO: [HLS 214-376] automatically set the pipeline for Loop< VITIS_LOOP_167_11> at ico_conv_layer0.cpp:167:40 
INFO: [HLS 214-376] automatically set the pipeline for Loop< VITIS_LOOP_185_13> at ico_conv_layer0.cpp:185:28 
INFO: [HLS 214-376] automatically set the pipeline for Loop< VITIS_LOOP_246_2> at ico_conv_layer0.cpp:246:27 
INFO: [HLS 214-376] automatically set the pipeline for Loop< VITIS_LOOP_314_6> at ico_conv_layer0.cpp:314:43 
INFO: [HLS 214-291] Loop 'VITIS_LOOP_316_7' is marked as complete unroll implied by the pipeline pragma (ico_conv_layer0.cpp:316:47)
INFO: [HLS 214-291] Loop 'VITIS_LOOP_317_8' is marked as complete unroll implied by the pipeline pragma (ico_conv_layer0.cpp:317:51)
INFO: [HLS 214-291] Loop 'VITIS_LOOP_250_3' is marked as complete unroll implied by the pipeline pragma (ico_conv_layer0.cpp:250:31)
INFO: [HLS 214-186] Unrolling loop 'VITIS_LOOP_316_7' (ico_conv_layer0.cpp:316:47) in function 'conv_ico_layer0' completely with a factor of 3 (ico_conv_layer0.cpp:292:0)
INFO: [HLS 214-186] Unrolling loop 'VITIS_LOOP_317_8' (ico_conv_layer0.cpp:317:51) in function 'conv_ico_layer0' completely with a factor of 3 (ico_conv_layer0.cpp:292:0)
INFO: [HLS 214-186] Unrolling loop 'VITIS_LOOP_250_3' (ico_conv_layer0.cpp:250:31) in function 'conv_ico_layer0' completely with a factor of 6 (ico_conv_layer0.cpp:292:0)
INFO: [HLS 214-449] Automatically partitioning array '_ZZ15conv_ico_layer0PA1_A1_A5_A4_A8_fPA1_A1_A7_KfPS5_PA6_A1_A1_A9_A4_KiPA5_A6_A10_SB_PA32_A6_S1_E6kernel_0' dimension 3 completely based on constant index.
INFO: [HLS 214-449] Automatically partitioning array '_ZZ15conv_ico_layer0PA1_A1_A5_A4_A8_fPA1_A1_A7_KfPS5_PA6_A1_A1_A9_A4_KiPA5_A6_A10_SB_PA32_A6_S1_E6kernel_0' dimension 4 completely based on constant index.
INFO: [HLS 214-449] Automatically partitioning array '_ZZ15conv_ico_layer0PA1_A1_A5_A4_A8_fPA1_A1_A7_KfPS5_PA6_A1_A1_A9_A4_KiPA5_A6_A10_SB_PA32_A6_S1_E6kernel_1' dimension 3 completely based on constant index.
INFO: [HLS 214-449] Automatically partitioning array '_ZZ15conv_ico_layer0PA1_A1_A5_A4_A8_fPA1_A1_A7_KfPS5_PA6_A1_A1_A9_A4_KiPA5_A6_A10_SB_PA32_A6_S1_E6kernel_1' dimension 4 completely based on constant index.
INFO: [HLS 214-449] Automatically partitioning array 'padded_frame' dimension 1 completely based on constant index. (ico_conv_layer0.cpp:305:16)
INFO: [HLS 214-270] Inferring pragma 'array_partition type=complete dim=5' for array 'conv_ico_layer0(float (*) [1][1][5][4][8], float const (*) [1][1][7], float const*, int const (*) [6][1][1][9][4], int const (*) [5][6][10], float (*) [32][6][5][4][8])::local_output' due to pipeline pragma (ico_conv_layer0.cpp:306:0)
INFO: [HLS 214-270] Inferring pragma 'array_partition type=complete dim=2' for array 'conv_ico_layer0(float (*) [1][1][5][4][8], float const (*) [1][1][7], float const*, int const (*) [6][1][1][9][4], int const (*) [5][6][10], float (*) [32][6][5][4][8])::local_output' due to pipeline pragma (ico_conv_layer0.cpp:306:0)
INFO: [HLS 214-270] Inferring pragma 'array_partition type=complete dim=4' for array 'conv_ico_layer0(float (*) [1][1][5][4][8], float const (*) [1][1][7], float const*, int const (*) [6][1][1][9][4], int const (*) [5][6][10], float (*) [32][6][5][4][8])::local_output' due to pipeline pragma (ico_conv_layer0.cpp:306:0)
INFO: [HLS 214-270] Inferring pragma 'array_partition type=complete dim=3' for array 'conv_ico_layer0(float (*) [1][1][5][4][8], float const (*) [1][1][7], float const*, int const (*) [6][1][1][9][4], int const (*) [5][6][10], float (*) [32][6][5][4][8])::kernel' due to pipeline pragma
INFO: [HLS 214-270] Inferring pragma 'array_partition type=complete dim=5' for array 'conv_ico_layer0(float (*) [1][1][5][4][8], float const (*) [1][1][7], float const*, int const (*) [6][1][1][9][4], int const (*) [5][6][10], float (*) [32][6][5][4][8])::kernel' due to pipeline pragma
INFO: [HLS 214-270] Inferring pragma 'array_partition type=complete dim=4' for array 'conv_ico_layer0(float (*) [1][1][5][4][8], float const (*) [1][1][7], float const*, int const (*) [6][1][1][9][4], int const (*) [5][6][10], float (*) [32][6][5][4][8])::kernel' due to pipeline pragma
INFO: [HLS 214-270] Inferring pragma 'array_partition type=complete dim=6' for array 'conv_ico_layer0(float (*) [1][1][5][4][8], float const (*) [1][1][7], float const*, int const (*) [6][1][1][9][4], int const (*) [5][6][10], float (*) [32][6][5][4][8])::kernel' due to pipeline pragma
INFO: [HLS 214-270] Inferring pragma 'array_partition type=complete dim=1' for array 'padded_frame' due to pipeline pragma (ico_conv_layer0.cpp:305:16)
INFO: [HLS 214-270] Inferring pragma 'array_partition type=complete dim=3' for array 'padded_frame' due to pipeline pragma (ico_conv_layer0.cpp:305:16)
INFO: [HLS 214-270] Inferring pragma 'array_partition type=cyclic factor=3 dim=4' for array 'padded_frame' due to pipeline pragma (ico_conv_layer0.cpp:305:16)
INFO: [HLS 214-248] Applying array_partition to '_ZZ15conv_ico_layer0PA1_A1_A5_A4_A8_fPA1_A1_A7_KfPS5_PA6_A1_A1_A9_A4_KiPA5_A6_A10_SB_PA32_A6_S1_E6kernel_1': Complete partitioning on dimension 3. Complete partitioning on dimension 4. Complete partitioning on dimension 5. Complete partitioning on dimension 6.
INFO: [HLS 214-248] Applying array_partition to '_ZZ15conv_ico_layer0PA1_A1_A5_A4_A8_fPA1_A1_A7_KfPS5_PA6_A1_A1_A9_A4_KiPA5_A6_A10_SB_PA32_A6_S1_E6kernel_0': Complete partitioning on dimension 3. Complete partitioning on dimension 4. Complete partitioning on dimension 5. Complete partitioning on dimension 6.
INFO: [HLS 214-248] Applying array_partition to '_ZZ15conv_ico_layer0PA1_A1_A5_A4_A8_fPA1_A1_A7_KfPS5_PA6_A1_A1_A9_A4_KiPA5_A6_A10_SB_PA32_A6_S1_E12local_output': Complete partitioning on dimension 2. Complete partitioning on dimension 4. Complete partitioning on dimension 5. (ico_conv_layer0.cpp:306:0)
INFO: [HLS 214-248] Applying array_partition to 'padded_frame': Complete partitioning on dimension 1. Complete partitioning on dimension 3. Cyclic partitioning with factor 3 on dimension 4. (ico_conv_layer0.cpp:305:16)
INFO: [HLS 200-111] Finished Compiling Optimization and Transform: CPU user time: 1 seconds. CPU system time: 0 seconds. Elapsed time: 9.092 seconds; current allocated memory: 621.895 MB.
INFO: [HLS 200-111] Finished Checking Pragmas: CPU user time: 0 seconds. CPU system time: 0 seconds. Elapsed time: 0.005 seconds; current allocated memory: 621.895 MB.
INFO: [HLS 200-10] Starting code transformations ...
INFO: [HLS 200-111] Finished Standard Transforms: CPU user time: 0 seconds. CPU system time: 0 seconds. Elapsed time: 0.447 seconds; current allocated memory: 630.648 MB.
INFO: [HLS 200-10] Checking synthesizability ...
INFO: [HLS 200-111] Finished Checking Synthesizability: CPU user time: 1 seconds. CPU system time: 0 seconds. Elapsed time: 0.476 seconds; current allocated memory: 638.355 MB.
INFO: [XFORM 203-401] Performing if-conversion on hyperblock from (ico_conv_layer0.cpp:270:9) to (ico_conv_layer0.cpp:269:39) in function 'conv_ico_layer0'... converting 3 basic blocks.
INFO: [HLS 200-111] Finished Loop, function and other optimizations: CPU user time: 1 seconds. CPU system time: 0 seconds. Elapsed time: 1.574 seconds; current allocated memory: 666.801 MB.
INFO: [HLS 200-2061] Successfully converted nested loops 'VITIS_LOOP_77_2'(ico_conv_layer0.cpp:77:26) and 'VITIS_LOOP_78_3'(ico_conv_layer0.cpp:78:30) in function 'pad_ico' into perfectly nested loops.
INFO: [HLS 200-2061] Successfully converted nested loops 'VITIS_LOOP_76_1'(ico_conv_layer0.cpp:76:22) and 'VITIS_LOOP_77_2'(ico_conv_layer0.cpp:77:26) in function 'pad_ico' into perfectly nested loops.
INFO: [HLS 200-2061] Successfully converted nested loops 'VITIS_LOOP_123_3'(ico_conv_layer0.cpp:123:27) and 'VITIS_LOOP_124_4'(ico_conv_layer0.cpp:124:31) in function 'pad_ico' into perfectly nested loops.
INFO: [HLS 200-2061] Successfully converted nested loops 'VITIS_LOOP_122_2'(ico_conv_layer0.cpp:122:23) and 'VITIS_LOOP_123_3'(ico_conv_layer0.cpp:123:27) in function 'pad_ico' into perfectly nested loops.
INFO: [HLS 200-2061] Successfully converted nested loops 'VITIS_LOOP_147_1'(ico_conv_layer0.cpp:147:23) and 'VITIS_LOOP_148_2'(ico_conv_layer0.cpp:148:27) in function 'conv_ico_layer0' into perfectly nested loops.
INFO: [HLS 200-2061] Successfully converted nested loops 'VITIS_LOOP_164_8'(ico_conv_layer0.cpp:164:27) and 'VITIS_LOOP_167_11'(ico_conv_layer0.cpp:167:40) in function 'conv_ico_layer0' into perfectly nested loops.
INFO: [HLS 200-2061] Successfully converted nested loops 'VITIS_LOOP_163_7'(ico_conv_layer0.cpp:163:23) and 'VITIS_LOOP_164_8'(ico_conv_layer0.cpp:164:27) in function 'conv_ico_layer0' into perfectly nested loops.
INFO: [HLS 200-2061] Successfully converted nested loops 'VITIS_LOOP_184_12'(ico_conv_layer0.cpp:184:24) and 'VITIS_LOOP_185_13'(ico_conv_layer0.cpp:185:28) in function 'conv_ico_layer0' into perfectly nested loops.
INFO: [HLS 200-2061] Successfully converted nested loops 'VITIS_LOOP_313_5'(ico_conv_layer0.cpp:313:39) and 'VITIS_LOOP_314_6'(ico_conv_layer0.cpp:314:43) in function 'conv_ico_layer0' into perfectly nested loops.
INFO: [HLS 200-2061] Successfully converted nested loops 'VITIS_LOOP_312_4'(ico_conv_layer0.cpp:312:35) and 'VITIS_LOOP_313_5'(ico_conv_layer0.cpp:313:39) in function 'conv_ico_layer0' into perfectly nested loops.
INFO: [HLS 200-2061] Successfully converted nested loops 'VITIS_LOOP_311_3'(ico_conv_layer0.cpp:311:31) and 'VITIS_LOOP_312_4'(ico_conv_layer0.cpp:312:35) in function 'conv_ico_layer0' into perfectly nested loops.
INFO: [HLS 200-2061] Successfully converted nested loops 'VITIS_LOOP_310_2'(ico_conv_layer0.cpp:310:27) and 'VITIS_LOOP_311_3'(ico_conv_layer0.cpp:311:31) in function 'conv_ico_layer0' into perfectly nested loops.
INFO: [HLS 200-2061] Successfully converted nested loops 'VITIS_LOOP_268_6'(ico_conv_layer0.cpp:268:35) and 'VITIS_LOOP_269_7'(ico_conv_layer0.cpp:269:39) in function 'conv_ico_layer0' into perfectly nested loops.
INFO: [HLS 200-2061] Successfully converted nested loops 'VITIS_LOOP_267_5'(ico_conv_layer0.cpp:267:31) and 'VITIS_LOOP_268_6'(ico_conv_layer0.cpp:268:35) in function 'conv_ico_layer0' into perfectly nested loops.
INFO: [HLS 200-2061] Successfully converted nested loops 'VITIS_LOOP_266_4'(ico_conv_layer0.cpp:266:27) and 'VITIS_LOOP_267_5'(ico_conv_layer0.cpp:267:31) in function 'conv_ico_layer0' into perfectly nested loops.
INFO: [XFORM 203-541] Flattening a loop nest 'VITIS_LOOP_77_2' (ico_conv_layer0.cpp:77:26) in function 'pad_ico'.
INFO: [XFORM 203-541] Flattening a loop nest 'VITIS_LOOP_76_1' (ico_conv_layer0.cpp:76:22) in function 'pad_ico'.
INFO: [XFORM 203-541] Flattening a loop nest 'VITIS_LOOP_123_3' (ico_conv_layer0.cpp:123:27) in function 'pad_ico'.
INFO: [XFORM 203-541] Flattening a loop nest 'VITIS_LOOP_122_2' (ico_conv_layer0.cpp:122:23) in function 'pad_ico'.
INFO: [XFORM 203-541] Flattening a loop nest 'VITIS_LOOP_147_1' (ico_conv_layer0.cpp:147:23) in function 'conv_ico_layer0'.
INFO: [XFORM 203-541] Flattening a loop nest 'VITIS_LOOP_164_8' (ico_conv_layer0.cpp:164:27) in function 'conv_ico_layer0'.
INFO: [XFORM 203-541] Flattening a loop nest 'VITIS_LOOP_163_7' (ico_conv_layer0.cpp:163:23) in function 'conv_ico_layer0'.
INFO: [XFORM 203-541] Flattening a loop nest 'VITIS_LOOP_184_12' (ico_conv_layer0.cpp:184:24) in function 'conv_ico_layer0'.
INFO: [XFORM 203-541] Flattening a loop nest 'VITIS_LOOP_313_5' (ico_conv_layer0.cpp:313:39) in function 'conv_ico_layer0'.
INFO: [XFORM 203-541] Flattening a loop nest 'VITIS_LOOP_312_4' (ico_conv_layer0.cpp:312:35) in function 'conv_ico_layer0'.
INFO: [XFORM 203-541] Flattening a loop nest 'VITIS_LOOP_311_3' (ico_conv_layer0.cpp:311:31) in function 'conv_ico_layer0'.
INFO: [XFORM 203-541] Flattening a loop nest 'VITIS_LOOP_310_2' (ico_conv_layer0.cpp:310:27) in function 'conv_ico_layer0'.
INFO: [XFORM 203-541] Flattening a loop nest 'VITIS_LOOP_268_6' (ico_conv_layer0.cpp:268:35) in function 'conv_ico_layer0'.
INFO: [XFORM 203-541] Flattening a loop nest 'VITIS_LOOP_267_5' (ico_conv_layer0.cpp:267:31) in function 'conv_ico_layer0'.
INFO: [XFORM 203-541] Flattening a loop nest 'VITIS_LOOP_266_4' (ico_conv_layer0.cpp:266:27) in function 'conv_ico_layer0'.
INFO: [HLS 200-111] Finished Architecture Synthesis: CPU user time: 2 seconds. CPU system time: 0 seconds. Elapsed time: 1.687 seconds; current allocated memory: 767.602 MB.
INFO: [HLS 200-10] Starting hardware synthesis ...
INFO: [HLS 200-10] Synthesizing 'conv_ico_layer0' ...
INFO: [HLS 200-10] ----------------------------------------------------------------
INFO: [HLS 200-42] -- Implementing module 'conv_ico_layer0_Pipeline_VITIS_LOOP_147_1_VITIS_LOOP_148_2' 
INFO: [HLS 200-10] ----------------------------------------------------------------
INFO: [SCHED 204-11] Starting scheduling ...
INFO: [SCHED 204-61] Pipelining loop 'VITIS_LOOP_147_1_VITIS_LOOP_148_2'.
INFO: [HLS 200-1470] Pipelining result : Target II = NA, Final II = 1, Depth = 3, loop 'VITIS_LOOP_147_1_VITIS_LOOP_148_2'
INFO: [SCHED 204-11] Finished scheduling.
INFO: [HLS 200-111] Finished Scheduling: CPU user time: 0 seconds. CPU system time: 0 seconds. Elapsed time: 0.341 seconds; current allocated memory: 773.305 MB.
INFO: [BIND 205-100] Starting micro-architecture generation ...
INFO: [BIND 205-101] Performing variable lifetime analysis.
INFO: [BIND 205-101] Exploring resource sharing.
INFO: [BIND 205-101] Binding ...
INFO: [BIND 205-100] Finished micro-architecture generation.
INFO: [HLS 200-111] Finished Binding: CPU user time: 0 seconds. CPU system time: 0 seconds. Elapsed time: 0.074 seconds; current allocated memory: 774.367 MB.
INFO: [HLS 200-10] ----------------------------------------------------------------
INFO: [HLS 200-42] -- Implementing module 'conv_ico_layer0_Pipeline_VITIS_LOOP_163_7_VITIS_LOOP_164_8_VITIS_LOOP_167_11' 
INFO: [HLS 200-10] ----------------------------------------------------------------
INFO: [SCHED 204-11] Starting scheduling ...
INFO: [SCHED 204-61] Pipelining loop 'VITIS_LOOP_163_7_VITIS_LOOP_164_8_VITIS_LOOP_167_11'.
INFO: [HLS 200-1470] Pipelining result : Target II = NA, Final II = 1, Depth = 10, loop 'VITIS_LOOP_163_7_VITIS_LOOP_164_8_VITIS_LOOP_167_11'
INFO: [SCHED 204-11] Finished scheduling.
INFO: [HLS 200-111] Finished Scheduling: CPU user time: 0 seconds. CPU system time: 0 seconds. Elapsed time: 0.178 seconds; current allocated memory: 776.984 MB.
INFO: [BIND 205-100] Starting micro-architecture generation ...
INFO: [BIND 205-101] Performing variable lifetime analysis.
INFO: [BIND 205-101] Exploring resource sharing.
INFO: [BIND 205-101] Binding ...
INFO: [BIND 205-100] Finished micro-architecture generation.
INFO: [HLS 200-111] Finished Binding: CPU user time: 1 seconds. CPU system time: 0 seconds. Elapsed time: 0.083 seconds; current allocated memory: 777.016 MB.
INFO: [HLS 200-10] ----------------------------------------------------------------
INFO: [HLS 200-42] -- Implementing module 'conv_ico_layer0_Pipeline_VITIS_LOOP_184_12_VITIS_LOOP_185_13' 
INFO: [HLS 200-10] ----------------------------------------------------------------
INFO: [SCHED 204-11] Starting scheduling ...
INFO: [SCHED 204-61] Pipelining loop 'VITIS_LOOP_184_12_VITIS_LOOP_185_13'.
INFO: [HLS 200-1470] Pipelining result : Target II = NA, Final II = 1, Depth = 3, loop 'VITIS_LOOP_184_12_VITIS_LOOP_185_13'
INFO: [SCHED 204-11] Finished scheduling.
INFO: [HLS 200-111] Finished Scheduling: CPU user time: 0 seconds. CPU system time: 0 seconds. Elapsed time: 0.114 seconds; current allocated memory: 777.148 MB.
INFO: [BIND 205-100] Starting micro-architecture generation ...
INFO: [BIND 205-101] Performing variable lifetime analysis.
INFO: [BIND 205-101] Exploring resource sharing.
INFO: [BIND 205-101] Binding ...
INFO: [BIND 205-100] Finished micro-architecture generation.
INFO: [HLS 200-111] Finished Binding: CPU user time: 0 seconds. CPU system time: 0 seconds. Elapsed time: 0.049 seconds; current allocated memory: 777.148 MB.
INFO: [HLS 200-10] ----------------------------------------------------------------
INFO: [HLS 200-42] -- Implementing module 'pad_ico_Pipeline_VITIS_LOOP_76_1_VITIS_LOOP_77_2_VITIS_LOOP_78_3' 
INFO: [HLS 200-10] ----------------------------------------------------------------
INFO: [SCHED 204-11] Starting scheduling ...
INFO: [SCHED 204-61] Pipelining loop 'VITIS_LOOP_76_1_VITIS_LOOP_77_2_VITIS_LOOP_78_3'.
INFO: [HLS 200-1470] Pipelining result : Target II = NA, Final II = 1, Depth = 5, loop 'VITIS_LOOP_76_1_VITIS_LOOP_77_2_VITIS_LOOP_78_3'
INFO: [SCHED 204-11] Finished scheduling.
INFO: [HLS 200-111] Finished Scheduling: CPU user time: 0 seconds. CPU system time: 0 seconds. Elapsed time: 0.087 seconds; current allocated memory: 777.328 MB.
INFO: [BIND 205-100] Starting micro-architecture generation ...
INFO: [BIND 205-101] Performing variable lifetime analysis.
INFO: [BIND 205-101] Exploring resource sharing.
INFO: [BIND 205-101] Binding ...
INFO: [BIND 205-100] Finished micro-architecture generation.
INFO: [HLS 200-111] Finished Binding: CPU user time: 0 seconds. CPU system time: 0 seconds. Elapsed time: 0.054 seconds; current allocated memory: 777.445 MB.
INFO: [HLS 200-10] ----------------------------------------------------------------
INFO: [HLS 200-42] -- Implementing module 'pad_ico_Pipeline_VITIS_LOOP_84_4' 
INFO: [HLS 200-10] ----------------------------------------------------------------
INFO: [SCHED 204-11] Starting scheduling ...
INFO: [SCHED 204-61] Pipelining loop 'VITIS_LOOP_84_4'.
WARNING: [HLS 200-885] The II Violation in module 'pad_ico_Pipeline_VITIS_LOOP_84_4' (loop 'VITIS_LOOP_84_4'): Unable to schedule 'load' operation 32 bit ('input_r_load_1', ico_conv_layer0.cpp:88->ico_conv_layer0.cpp:111) on array 'input_r' due to limited memory ports (II = 1). Please consider using a memory core with more ports or partitioning the array 'input_r'.
Resolution: For help on HLS 200-885 see docs.xilinx.com/access/sources/dita/topic?Doc_Version=2024.2%20English&url=ug1448-hls-guidance&resourceid=200-885.html
WARNING: [HLS 200-885] The II Violation in module 'pad_ico_Pipeline_VITIS_LOOP_84_4' (loop 'VITIS_LOOP_84_4'): Unable to schedule 'load' operation 32 bit ('input_r_load_6', ico_conv_layer0.cpp:95->ico_conv_layer0.cpp:111) on array 'input_r' due to limited memory ports (II = 2). Please consider using a memory core with more ports or partitioning the array 'input_r'.
Resolution: For help on HLS 200-885 see docs.xilinx.com/access/sources/dita/topic?Doc_Version=2024.2%20English&url=ug1448-hls-guidance&resourceid=200-885.html
WARNING: [HLS 200-885] The II Violation in module 'pad_ico_Pipeline_VITIS_LOOP_84_4' (loop 'VITIS_LOOP_84_4'): Unable to schedule 'load' operation 32 bit ('input_r_load_7', ico_conv_layer0.cpp:96->ico_conv_layer0.cpp:111) on array 'input_r' due to limited memory ports (II = 3). Please consider using a memory core with more ports or partitioning the array 'input_r'.
Resolution: For help on HLS 200-885 see docs.xilinx.com/access/sources/dita/topic?Doc_Version=2024.2%20English&url=ug1448-hls-guidance&resourceid=200-885.html
WARNING: [HLS 200-885] The II Violation in module 'pad_ico_Pipeline_VITIS_LOOP_84_4' (loop 'VITIS_LOOP_84_4'): Unable to schedule 'load' operation 32 bit ('input_r_load_8', ico_conv_layer0.cpp:97->ico_conv_layer0.cpp:111) on array 'input_r' due to limited memory ports (II = 4). Please consider using a memory core with more ports or partitioning the array 'input_r'.
Resolution: For help on HLS 200-885 see docs.xilinx.com/access/sources/dita/topic?Doc_Version=2024.2%20English&url=ug1448-hls-guidance&resourceid=200-885.html
INFO: [HLS 200-1470] Pipelining result : Target II = NA, Final II = 5, Depth = 53, loop 'VITIS_LOOP_84_4'
INFO: [SCHED 204-11] Finished scheduling.
INFO: [HLS 200-111] Finished Scheduling: CPU user time: 0 seconds. CPU system time: 0 seconds. Elapsed time: 0.159 seconds; current allocated memory: 778.082 MB.
INFO: [BIND 205-100] Starting micro-architecture generation ...
INFO: [BIND 205-101] Performing variable lifetime analysis.
INFO: [BIND 205-101] Exploring resource sharing.
INFO: [BIND 205-101] Binding ...
INFO: [BIND 205-100] Finished micro-architecture generation.
INFO: [HLS 200-111] Finished Binding: CPU user time: 0 seconds. CPU system time: 0 seconds. Elapsed time: 0.072 seconds; current allocated memory: 778.395 MB.
INFO: [HLS 200-10] ----------------------------------------------------------------
INFO: [HLS 200-42] -- Implementing module 'pad_ico_Pipeline_VITIS_LOOP_115_1' 
INFO: [HLS 200-10] ----------------------------------------------------------------
INFO: [SCHED 204-11] Starting scheduling ...
INFO: [SCHED 204-61] Pipelining loop 'VITIS_LOOP_115_1'.
WARNING: [HLS 200-880] The II Violation in module 'pad_ico_Pipeline_VITIS_LOOP_115_1' (loop 'VITIS_LOOP_115_1'): Unable to enforce a carried dependence constraint (II = 1, distance = 1, offset = 1) between 'store' operation 0 bit ('smooth_south_pole_sum_write_ln114', ico_conv_layer0.cpp:114) of variable 'smooth_south_pole_sum', ico_conv_layer0.cpp:117 on local variable 'smooth_south_pole_sum', ico_conv_layer0.cpp:114 and 'fadd' operation 32 bit ('smooth_south_pole_sum', ico_conv_layer0.cpp:117).
Resolution: For help on HLS 200-880 see docs.xilinx.com/access/sources/dita/topic?Doc_Version=2024.2%20English&url=ug1448-hls-guidance&resourceid=200-880.html
WARNING: [HLS 200-880] The II Violation in module 'pad_ico_Pipeline_VITIS_LOOP_115_1' (loop 'VITIS_LOOP_115_1'): Unable to enforce a carried dependence constraint (II = 2, distance = 1, offset = 1) between 'store' operation 0 bit ('smooth_south_pole_sum_write_ln114', ico_conv_layer0.cpp:114) of variable 'smooth_south_pole_sum', ico_conv_layer0.cpp:117 on local variable 'smooth_south_pole_sum', ico_conv_layer0.cpp:114 and 'fadd' operation 32 bit ('smooth_south_pole_sum', ico_conv_layer0.cpp:117).
Resolution: For help on HLS 200-880 see docs.xilinx.com/access/sources/dita/topic?Doc_Version=2024.2%20English&url=ug1448-hls-guidance&resourceid=200-880.html
WARNING: [HLS 200-880] The II Violation in module 'pad_ico_Pipeline_VITIS_LOOP_115_1' (loop 'VITIS_LOOP_115_1'): Unable to enforce a carried dependence constraint (II = 3, distance = 1, offset = 1) between 'store' operation 0 bit ('smooth_south_pole_sum_write_ln114', ico_conv_layer0.cpp:114) of variable 'smooth_south_pole_sum', ico_conv_layer0.cpp:117 on local variable 'smooth_south_pole_sum', ico_conv_layer0.cpp:114 and 'fadd' operation 32 bit ('smooth_south_pole_sum', ico_conv_layer0.cpp:117).
Resolution: For help on HLS 200-880 see docs.xilinx.com/access/sources/dita/topic?Doc_Version=2024.2%20English&url=ug1448-hls-guidance&resourceid=200-880.html
WARNING: [HLS 200-880] The II Violation in module 'pad_ico_Pipeline_VITIS_LOOP_115_1' (loop 'VITIS_LOOP_115_1'): Unable to enforce a carried dependence constraint (II = 4, distance = 1, offset = 1) between 'store' operation 0 bit ('smooth_south_pole_sum_write_ln114', ico_conv_layer0.cpp:114) of variable 'smooth_south_pole_sum', ico_conv_layer0.cpp:117 on local variable 'smooth_south_pole_sum', ico_conv_layer0.cpp:114 and 'fadd' operation 32 bit ('smooth_south_pole_sum', ico_conv_layer0.cpp:117).
Resolution: For help on HLS 200-880 see docs.xilinx.com/access/sources/dita/topic?Doc_Version=2024.2%20English&url=ug1448-hls-guidance&resourceid=200-880.html
WARNING: [HLS 200-880] The II Violation in module 'pad_ico_Pipeline_VITIS_LOOP_115_1' (loop 'VITIS_LOOP_115_1'): Unable to enforce a carried dependence constraint (II = 7, distance = 1, offset = 1) between 'store' operation 0 bit ('smooth_south_pole_sum_write_ln114', ico_conv_layer0.cpp:114) of variable 'smooth_south_pole_sum', ico_conv_layer0.cpp:117 on local variable 'smooth_south_pole_sum', ico_conv_layer0.cpp:114 and 'fadd' operation 32 bit ('smooth_south_pole_sum', ico_conv_layer0.cpp:117).
Resolution: For help on HLS 200-880 see docs.xilinx.com/access/sources/dita/topic?Doc_Version=2024.2%20English&url=ug1448-hls-guidance&resourceid=200-880.html
WARNING: [HLS 200-880] The II Violation in module 'pad_ico_Pipeline_VITIS_LOOP_115_1' (loop 'VITIS_LOOP_115_1'): Unable to enforce a carried dependence constraint (II = 8, distance = 1, offset = 1) between 'store' operation 0 bit ('smooth_south_pole_sum_write_ln114', ico_conv_layer0.cpp:114) of variable 'smooth_south_pole_sum', ico_conv_layer0.cpp:117 on local variable 'smooth_south_pole_sum', ico_conv_layer0.cpp:114 and 'fadd' operation 32 bit ('smooth_south_pole_sum', ico_conv_layer0.cpp:117).
Resolution: For help on HLS 200-880 see docs.xilinx.com/access/sources/dita/topic?Doc_Version=2024.2%20English&url=ug1448-hls-guidance&resourceid=200-880.html
INFO: [HLS 200-1470] Pipelining result : Target II = NA, Final II = 9, Depth = 12, loop 'VITIS_LOOP_115_1'
INFO: [SCHED 204-11] Finished scheduling.
INFO: [HLS 200-111] Finished Scheduling: CPU user time: 0 seconds. CPU system time: 0 seconds. Elapsed time: 0.132 seconds; current allocated memory: 778.844 MB.
INFO: [BIND 205-100] Starting micro-architecture generation ...
INFO: [BIND 205-101] Performing variable lifetime analysis.
INFO: [BIND 205-101] Exploring resource sharing.
INFO: [BIND 205-101] Binding ...
INFO: [BIND 205-100] Finished micro-architecture generation.
INFO: [HLS 200-111] Finished Binding: CPU user time: 0 seconds. CPU system time: 1 seconds. Elapsed time: 0.063 seconds; current allocated memory: 778.922 MB.
INFO: [HLS 200-10] ----------------------------------------------------------------
INFO: [HLS 200-42] -- Implementing module 'pad_ico_Pipeline_VITIS_LOOP_122_2_VITIS_LOOP_123_3_VITIS_LOOP_124_4' 
INFO: [HLS 200-10] ----------------------------------------------------------------
INFO: [SCHED 204-11] Starting scheduling ...
INFO: [SCHED 204-61] Pipelining loop 'VITIS_LOOP_122_2_VITIS_LOOP_123_3_VITIS_LOOP_124_4'.
INFO: [HLS 200-1470] Pipelining result : Target II = 1, Final II = 1, Depth = 10, loop 'VITIS_LOOP_122_2_VITIS_LOOP_123_3_VITIS_LOOP_124_4'
WARNING: [HLS 200-871] Estimated clock period (3.867 ns) exceeds the target (target clock period: 5.000 ns, clock uncertainty: 1.350 ns, effective delay budget: 3.650 ns).
Resolution: For help on HLS 200-871 see docs.xilinx.com/access/sources/dita/topic?Doc_Version=2024.2%20English&url=ug1448-hls-guidance&resourceid=200-871.html
WARNING: [HLS 200-1016] The critical path in module 'pad_ico_Pipeline_VITIS_LOOP_122_2_VITIS_LOOP_123_3_VITIS_LOOP_124_4' consists of the following:
	'load' operation 4 bit ('w_load', ico_conv_layer0.cpp:124) on local variable 'w', ico_conv_layer0.cpp:124 [40]  (0.000 ns)
	'icmp' operation 1 bit ('icmp_ln124', ico_conv_layer0.cpp:124) [49]  (1.019 ns)
	'and' operation 1 bit ('and_ln122', ico_conv_layer0.cpp:122) [50]  (0.479 ns)
	'or' operation 1 bit ('empty', ico_conv_layer0.cpp:122) [53]  (0.000 ns)
	'select' operation 4 bit ('w_1_mid2', ico_conv_layer0.cpp:122) [54]  (0.517 ns)
	'add' operation 4 bit ('add_ln124', ico_conv_layer0.cpp:124) [217]  (1.019 ns)
	'store' operation 0 bit ('w_write_ln124', ico_conv_layer0.cpp:124) of variable 'add_ln124', ico_conv_layer0.cpp:124 on local variable 'w', ico_conv_layer0.cpp:124 [224]  (0.833 ns)

Resolution: For help on HLS 200-1016 see docs.xilinx.com/access/sources/dita/topic?Doc_Version=2024.2%20English&url=ug1448-hls-guidance&resourceid=200-1016.html
INFO: [SCHED 204-11] Finished scheduling.
INFO: [HLS 200-111] Finished Scheduling: CPU user time: 0 seconds. CPU system time: 0 seconds. Elapsed time: 0.216 seconds; current allocated memory: 780.777 MB.
INFO: [BIND 205-100] Starting micro-architecture generation ...
INFO: [BIND 205-101] Performing variable lifetime analysis.
INFO: [BIND 205-101] Exploring resource sharing.
INFO: [BIND 205-101] Binding ...
INFO: [BIND 205-100] Finished micro-architecture generation.
INFO: [HLS 200-111] Finished Binding: CPU user time: 0 seconds. CPU system time: 0 seconds. Elapsed time: 0.13 seconds; current allocated memory: 780.832 MB.
INFO: [HLS 200-10] ----------------------------------------------------------------
INFO: [HLS 200-42] -- Implementing module 'pad_ico_Pipeline_VITIS_LOOP_136_5' 
INFO: [HLS 200-10] ----------------------------------------------------------------
INFO: [SCHED 204-11] Starting scheduling ...
INFO: [SCHED 204-61] Pipelining loop 'VITIS_LOOP_136_5'.
INFO: [HLS 200-1470] Pipelining result : Target II = NA, Final II = 1, Depth = 1, loop 'VITIS_LOOP_136_5'
INFO: [SCHED 204-11] Finished scheduling.
INFO: [HLS 200-111] Finished Scheduling: CPU user time: 0 seconds. CPU system time: 0 seconds. Elapsed time: 0.111 seconds; current allocated memory: 781.074 MB.
INFO: [BIND 205-100] Starting micro-architecture generation ...
INFO: [BIND 205-101] Performing variable lifetime analysis.
INFO: [BIND 205-101] Exploring resource sharing.
INFO: [BIND 205-101] Binding ...
INFO: [BIND 205-100] Finished micro-architecture generation.
INFO: [HLS 200-111] Finished Binding: CPU user time: 0 seconds. CPU system time: 0 seconds. Elapsed time: 0.051 seconds; current allocated memory: 781.094 MB.
INFO: [HLS 200-10] ----------------------------------------------------------------
INFO: [HLS 200-42] -- Implementing module 'pad_ico' 
INFO: [HLS 200-10] ----------------------------------------------------------------
INFO: [SCHED 204-11] Starting scheduling ...
INFO: [SCHED 204-11] Finished scheduling.
INFO: [HLS 200-111] Finished Scheduling: CPU user time: 0 seconds. CPU system time: 0 seconds. Elapsed time: 0.064 seconds; current allocated memory: 781.285 MB.
INFO: [BIND 205-100] Starting micro-architecture generation ...
INFO: [BIND 205-101] Performing variable lifetime analysis.
INFO: [BIND 205-101] Exploring resource sharing.
INFO: [BIND 205-101] Binding ...
INFO: [BIND 205-100] Finished micro-architecture generation.
INFO: [HLS 200-111] Finished Binding: CPU user time: 1 seconds. CPU system time: 0 seconds. Elapsed time: 0.054 seconds; current allocated memory: 781.414 MB.
INFO: [HLS 200-10] ----------------------------------------------------------------
INFO: [HLS 200-42] -- Implementing module 'conv_ico_layer0_Pipeline_VITIS_LOOP_310_2_VITIS_LOOP_311_3_VITIS_LOOP_312_4_VITI' 
INFO: [HLS 200-10] ----------------------------------------------------------------
INFO: [SCHED 204-11] Starting scheduling ...
INFO: [SCHED 204-61] Pipelining loop 'VITIS_LOOP_310_2_VITIS_LOOP_311_3_VITIS_LOOP_312_4_VITIS_LOOP_313_5_VITIS_LOOP_314_6'.
INFO: [SCHED 204-61] Discarding stage scheduling solution.
INFO: [HLS 200-1470] Pipelining result : Target II = NA, Final II = 1, Depth = 91, loop 'VITIS_LOOP_310_2_VITIS_LOOP_311_3_VITIS_LOOP_312_4_VITIS_LOOP_313_5_VITIS_LOOP_314_6'
INFO: [SCHED 204-11] Finished scheduling.
INFO: [HLS 200-111] Finished Scheduling: CPU user time: 1 seconds. CPU system time: 0 seconds. Elapsed time: 1.802 seconds; current allocated memory: 809.016 MB.
INFO: [BIND 205-100] Starting micro-architecture generation ...
INFO: [BIND 205-101] Performing variable lifetime analysis.
INFO: [BIND 205-101] Exploring resource sharing.
INFO: [BIND 205-101] Binding ...
INFO: [BIND 205-100] Finished micro-architecture generation.
INFO: [HLS 200-111] Finished Binding: CPU user time: 1 seconds. CPU system time: 0 seconds. Elapsed time: 0.331 seconds; current allocated memory: 809.016 MB.
INFO: [HLS 200-10] ----------------------------------------------------------------
INFO: [HLS 200-42] -- Implementing module 'conv_ico_layer0_Pipeline_VITIS_LOOP_246_2' 
INFO: [HLS 200-10] ----------------------------------------------------------------
INFO: [SCHED 204-11] Starting scheduling ...
INFO: [SCHED 204-61] Pipelining loop 'VITIS_LOOP_246_2'.
INFO: [HLS 200-1470] Pipelining result : Target II = NA, Final II = 1, Depth = 260, loop 'VITIS_LOOP_246_2'
INFO: [SCHED 204-11] Finished scheduling.
INFO: [HLS 200-111] Finished Scheduling: CPU user time: 0 seconds. CPU system time: 0 seconds. Elapsed time: 0.57 seconds; current allocated memory: 809.043 MB.
INFO: [BIND 205-100] Starting micro-architecture generation ...
INFO: [BIND 205-101] Performing variable lifetime analysis.
INFO: [BIND 205-101] Exploring resource sharing.
INFO: [BIND 205-101] Binding ...
INFO: [BIND 205-100] Finished micro-architecture generation.
INFO: [HLS 200-111] Finished Binding: CPU user time: 0 seconds. CPU system time: 0 seconds. Elapsed time: 0.17 seconds; current allocated memory: 809.043 MB.
INFO: [HLS 200-10] ----------------------------------------------------------------
INFO: [HLS 200-42] -- Implementing module 'conv_ico_layer0_Pipeline_VITIS_LOOP_266_4_VITIS_LOOP_267_5_VITIS_LOOP_268_6_VITI' 
INFO: [HLS 200-10] ----------------------------------------------------------------
INFO: [SCHED 204-11] Starting scheduling ...
INFO: [SCHED 204-61] Pipelining loop 'VITIS_LOOP_266_4_VITIS_LOOP_267_5_VITIS_LOOP_268_6_VITIS_LOOP_269_7'.
INFO: [HLS 200-1470] Pipelining result : Target II = 1, Final II = 1, Depth = 6, loop 'VITIS_LOOP_266_4_VITIS_LOOP_267_5_VITIS_LOOP_268_6_VITIS_LOOP_269_7'
WARNING: [HLS 200-871] Estimated clock period (3.867 ns) exceeds the target (target clock period: 5.000 ns, clock uncertainty: 1.350 ns, effective delay budget: 3.650 ns).
Resolution: For help on HLS 200-871 see docs.xilinx.com/access/sources/dita/topic?Doc_Version=2024.2%20English&url=ug1448-hls-guidance&resourceid=200-871.html
WARNING: [HLS 200-1016] The critical path in module 'conv_ico_layer0_Pipeline_VITIS_LOOP_266_4_VITIS_LOOP_267_5_VITIS_LOOP_268_6_VITI' consists of the following:
	'load' operation 4 bit ('w_load', ico_conv_layer0.cpp:269->ico_conv_layer0.cpp:328) on local variable 'w', ico_conv_layer0.cpp:269->ico_conv_layer0.cpp:328 [222]  (0.000 ns)
	'icmp' operation 1 bit ('icmp_ln269', ico_conv_layer0.cpp:269->ico_conv_layer0.cpp:328) [234]  (1.019 ns)
	'and' operation 1 bit ('icmp_ln269_mid2121', ico_conv_layer0.cpp:266->ico_conv_layer0.cpp:328) [244]  (0.479 ns)
	'or' operation 1 bit ('empty_32', ico_conv_layer0.cpp:266->ico_conv_layer0.cpp:328) [247]  (0.000 ns)
	'or' operation 1 bit ('empty_33', ico_conv_layer0.cpp:266->ico_conv_layer0.cpp:328) [248]  (0.000 ns)
	'select' operation 4 bit ('w_2_mid2', ico_conv_layer0.cpp:266->ico_conv_layer0.cpp:328) [249]  (0.517 ns)
	'add' operation 4 bit ('add_ln269', ico_conv_layer0.cpp:269->ico_conv_layer0.cpp:328) [704]  (1.019 ns)
	'store' operation 0 bit ('w_write_ln269', ico_conv_layer0.cpp:269->ico_conv_layer0.cpp:328) of variable 'add_ln269', ico_conv_layer0.cpp:269->ico_conv_layer0.cpp:328 on local variable 'w', ico_conv_layer0.cpp:269->ico_conv_layer0.cpp:328 [715]  (0.833 ns)

Resolution: For help on HLS 200-1016 see docs.xilinx.com/access/sources/dita/topic?Doc_Version=2024.2%20English&url=ug1448-hls-guidance&resourceid=200-1016.html
INFO: [SCHED 204-11] Finished scheduling.
INFO: [HLS 200-111] Finished Scheduling: CPU user time: 1 seconds. CPU system time: 0 seconds. Elapsed time: 0.854 seconds; current allocated memory: 809.328 MB.
INFO: [BIND 205-100] Starting micro-architecture generation ...
INFO: [BIND 205-101] Performing variable lifetime analysis.
INFO: [BIND 205-101] Exploring resource sharing.
INFO: [BIND 205-101] Binding ...
INFO: [BIND 205-100] Finished micro-architecture generation.
INFO: [HLS 200-111] Finished Binding: CPU user time: 0 seconds. CPU system time: 0 seconds. Elapsed time: 0.223 seconds; current allocated memory: 809.328 MB.
INFO: [HLS 200-10] ----------------------------------------------------------------
INFO: [HLS 200-42] -- Implementing module 'conv_ico_layer0' 
INFO: [HLS 200-10] ----------------------------------------------------------------
INFO: [SCHED 204-11] Starting scheduling ...
INFO: [SCHED 204-11] Finished scheduling.
INFO: [HLS 200-111] Finished Scheduling: CPU user time: 0 seconds. CPU system time: 0 seconds. Elapsed time: 0.3 seconds; current allocated memory: 809.336 MB.
INFO: [BIND 205-100] Starting micro-architecture generation ...
INFO: [BIND 205-101] Performing variable lifetime analysis.
INFO: [BIND 205-101] Exploring resource sharing.
INFO: [BIND 205-101] Binding ...
INFO: [BIND 205-100] Finished micro-architecture generation.
INFO: [HLS 200-111] Finished Binding: CPU user time: 0 seconds. CPU system time: 0 seconds. Elapsed time: 0.118 seconds; current allocated memory: 809.414 MB.
INFO: [HLS 200-10] ----------------------------------------------------------------
INFO: [HLS 200-10] -- Generating RTL for module 'conv_ico_layer0_Pipeline_VITIS_LOOP_147_1_VITIS_LOOP_148_2' 
INFO: [HLS 200-10] ----------------------------------------------------------------
INFO: [HLS 200-1030] Apply Unified Pipeline Control on module 'conv_ico_layer0_Pipeline_VITIS_LOOP_147_1_VITIS_LOOP_148_2' pipeline 'VITIS_LOOP_147_1_VITIS_LOOP_148_2' pipeline type 'loop pipeline'
INFO: [RTGEN 206-100] Finished creating RTL model for 'conv_ico_layer0_Pipeline_VITIS_LOOP_147_1_VITIS_LOOP_148_2'.
INFO: [HLS 200-111] Finished Creating RTL model: CPU user time: 1 seconds. CPU system time: 0 seconds. Elapsed time: 0.248 seconds; current allocated memory: 811.121 MB.
INFO: [HLS 200-10] ----------------------------------------------------------------
INFO: [HLS 200-10] -- Generating RTL for module 'conv_ico_layer0_Pipeline_VITIS_LOOP_163_7_VITIS_LOOP_164_8_VITIS_LOOP_167_11' 
INFO: [HLS 200-10] ----------------------------------------------------------------
INFO: [HLS 200-1030] Apply Unified Pipeline Control on module 'conv_ico_layer0_Pipeline_VITIS_LOOP_163_7_VITIS_LOOP_164_8_VITIS_LOOP_167_11' pipeline 'VITIS_LOOP_163_7_VITIS_LOOP_164_8_VITIS_LOOP_167_11' pipeline type 'loop pipeline'
INFO: [RTGEN 206-100] Generating core module 'mul_4ns_6ns_9_1_1': 1 instance(s).
INFO: [RTGEN 206-100] Generating core module 'urem_4ns_3ns_2_8_1': 1 instance(s).
INFO: [RTGEN 206-100] Finished creating RTL model for 'conv_ico_layer0_Pipeline_VITIS_LOOP_163_7_VITIS_LOOP_164_8_VITIS_LOOP_167_11'.
INFO: [HLS 200-111] Finished Creating RTL model: CPU user time: 0 seconds. CPU system time: 0 seconds. Elapsed time: 0.375 seconds; current allocated memory: 812.980 MB.
INFO: [HLS 200-10] ----------------------------------------------------------------
INFO: [HLS 200-10] -- Generating RTL for module 'conv_ico_layer0_Pipeline_VITIS_LOOP_184_12_VITIS_LOOP_185_13' 
INFO: [HLS 200-10] ----------------------------------------------------------------
INFO: [HLS 200-1030] Apply Unified Pipeline Control on module 'conv_ico_layer0_Pipeline_VITIS_LOOP_184_12_VITIS_LOOP_185_13' pipeline 'VITIS_LOOP_184_12_VITIS_LOOP_185_13' pipeline type 'loop pipeline'
INFO: [RTGEN 206-100] Finished creating RTL model for 'conv_ico_layer0_Pipeline_VITIS_LOOP_184_12_VITIS_LOOP_185_13'.
INFO: [HLS 200-111] Finished Creating RTL model: CPU user time: 0 seconds. CPU system time: 1 seconds. Elapsed time: 0.523 seconds; current allocated memory: 813.406 MB.
INFO: [HLS 200-10] ----------------------------------------------------------------
INFO: [HLS 200-10] -- Generating RTL for module 'pad_ico_Pipeline_VITIS_LOOP_76_1_VITIS_LOOP_77_2_VITIS_LOOP_78_3' 
INFO: [HLS 200-10] ----------------------------------------------------------------
INFO: [HLS 200-1030] Apply Unified Pipeline Control on module 'pad_ico_Pipeline_VITIS_LOOP_76_1_VITIS_LOOP_77_2_VITIS_LOOP_78_3' pipeline 'VITIS_LOOP_76_1_VITIS_LOOP_77_2_VITIS_LOOP_78_3' pipeline type 'loop pipeline'
INFO: [RTGEN 206-100] Finished creating RTL model for 'pad_ico_Pipeline_VITIS_LOOP_76_1_VITIS_LOOP_77_2_VITIS_LOOP_78_3'.
INFO: [HLS 200-111] Finished Creating RTL model: CPU user time: 0 seconds. CPU system time: 0 seconds. Elapsed time: 0.235 seconds; current allocated memory: 814.980 MB.
INFO: [HLS 200-10] ----------------------------------------------------------------
INFO: [HLS 200-10] -- Generating RTL for module 'pad_ico_Pipeline_VITIS_LOOP_84_4' 
INFO: [HLS 200-10] ----------------------------------------------------------------
INFO: [HLS 200-1030] Apply Unified Pipeline Control on module 'pad_ico_Pipeline_VITIS_LOOP_84_4' pipeline 'VITIS_LOOP_84_4' pipeline type 'loop pipeline'
INFO: [RTGEN 206-100] Generating core module 'fadd_32ns_32ns_32_8_full_dsp_1': 2 instance(s).
INFO: [RTGEN 206-100] Generating core module 'fdiv_32ns_32ns_32_16_no_dsp_1': 1 instance(s).
INFO: [RTGEN 206-100] Finished creating RTL model for 'pad_ico_Pipeline_VITIS_LOOP_84_4'.
INFO: [HLS 200-111] Finished Creating RTL model: CPU user time: 0 seconds. CPU system time: 0 seconds. Elapsed time: 0.386 seconds; current allocated memory: 816.871 MB.
INFO: [HLS 200-10] ----------------------------------------------------------------
INFO: [HLS 200-10] -- Generating RTL for module 'pad_ico_Pipeline_VITIS_LOOP_115_1' 
INFO: [HLS 200-10] ----------------------------------------------------------------
INFO: [HLS 200-1030] Apply Unified Pipeline Control on module 'pad_ico_Pipeline_VITIS_LOOP_115_1' pipeline 'VITIS_LOOP_115_1' pipeline type 'loop pipeline'
INFO: [RTGEN 206-100] Generating core module 'fadd_32ns_32ns_32_8_full_dsp_1': 1 instance(s).
INFO: [RTGEN 206-100] Finished creating RTL model for 'pad_ico_Pipeline_VITIS_LOOP_115_1'.
INFO: [HLS 200-111] Finished Creating RTL model: CPU user time: 1 seconds. CPU system time: 0 seconds. Elapsed time: 0.38 seconds; current allocated memory: 819.340 MB.
INFO: [HLS 200-10] ----------------------------------------------------------------
INFO: [HLS 200-10] -- Generating RTL for module 'pad_ico_Pipeline_VITIS_LOOP_122_2_VITIS_LOOP_123_3_VITIS_LOOP_124_4' 
INFO: [HLS 200-10] ----------------------------------------------------------------
INFO: [HLS 200-1030] Apply Unified Pipeline Control on module 'pad_ico_Pipeline_VITIS_LOOP_122_2_VITIS_LOOP_123_3_VITIS_LOOP_124_4' pipeline 'VITIS_LOOP_122_2_VITIS_LOOP_123_3_VITIS_LOOP_124_4' pipeline type 'loop pipeline'
INFO: [RTGEN 206-100] Generating core module 'mul_4ns_6ns_9_1_1': 1 instance(s).
INFO: [RTGEN 206-100] Generating core module 'urem_4ns_3ns_2_8_1': 1 instance(s).
INFO: [RTGEN 206-100] Finished creating RTL model for 'pad_ico_Pipeline_VITIS_LOOP_122_2_VITIS_LOOP_123_3_VITIS_LOOP_124_4'.
INFO: [HLS 200-111] Finished Creating RTL model: CPU user time: 0 seconds. CPU system time: 0 seconds. Elapsed time: 0.251 seconds; current allocated memory: 821.332 MB.
INFO: [HLS 200-10] ----------------------------------------------------------------
INFO: [HLS 200-10] -- Generating RTL for module 'pad_ico_Pipeline_VITIS_LOOP_136_5' 
INFO: [HLS 200-10] ----------------------------------------------------------------
INFO: [RTGEN 206-100] Finished creating RTL model for 'pad_ico_Pipeline_VITIS_LOOP_136_5'.
INFO: [HLS 200-111] Finished Creating RTL model: CPU user time: 0 seconds. CPU system time: 0 seconds. Elapsed time: 0.52 seconds; current allocated memory: 824.098 MB.
INFO: [HLS 200-10] ----------------------------------------------------------------
INFO: [HLS 200-10] -- Generating RTL for module 'pad_ico' 
INFO: [HLS 200-10] ----------------------------------------------------------------
WARNING: [RTGEN 206-101] Setting dangling out port 'pad_ico/grp_fu_1849_p_opcode' to 0.
WARNING: [RTGEN 206-101] Setting dangling out port 'pad_ico/grp_fu_1853_p_opcode' to 0.
INFO: [RTGEN 206-100] Generating core module 'fadd_32ns_32ns_32_8_full_dsp_1': 2 instance(s).
INFO: [RTGEN 206-100] Generating core module 'fdiv_32ns_32ns_32_16_no_dsp_1': 2 instance(s).
INFO: [RTGEN 206-100] Finished creating RTL model for 'pad_ico'.
INFO: [RTMG 210-278] Implementing memory 'conv_ico_layer0_pad_ico_smoothed_input_RAM_AUTO_1R1W' using auto RAMs.
INFO: [HLS 200-111] Finished Creating RTL model: CPU user time: 0 seconds. CPU system time: 1 seconds. Elapsed time: 0.214 seconds; current allocated memory: 825.660 MB.
INFO: [HLS 200-10] ----------------------------------------------------------------
INFO: [HLS 200-10] -- Generating RTL for module 'conv_ico_layer0_Pipeline_VITIS_LOOP_310_2_VITIS_LOOP_311_3_VITIS_LOOP_312_4_VITI' 
INFO: [HLS 200-10] ----------------------------------------------------------------
INFO: [HLS 200-1030] Apply Unified Pipeline Control on module 'conv_ico_layer0_Pipeline_VITIS_LOOP_310_2_VITIS_LOOP_311_3_VITIS_LOOP_312_4_VITI' pipeline 'VITIS_LOOP_310_2_VITIS_LOOP_311_3_VITIS_LOOP_312_4_VITIS_LOOP_313_5_VITIS_LOOP_314_6' pipeline type 'loop pipeline'
INFO: [RTGEN 206-104] Estimated max fanout for 'conv_ico_layer0_Pipeline_VITIS_LOOP_310_2_VITIS_LOOP_311_3_VITIS_LOOP_312_4_VITI' is 14947 from HDL expression: (1'b0 == ap_block_pp0_stage0_11001)
INFO: [RTGEN 206-100] Generating core module 'fadd_32ns_32ns_32_8_full_dsp_1': 9 instance(s).
INFO: [RTGEN 206-100] Generating core module 'fmul_32ns_32ns_32_5_max_dsp_1': 9 instance(s).
INFO: [RTGEN 206-100] Generating core module 'mul_4ns_6ns_9_1_1': 3 instance(s).
INFO: [RTGEN 206-100] Generating core module 'sparsemux_7_2_32_1_1': 18 instance(s).
INFO: [RTGEN 206-100] Generating core module 'sparsemux_9_2_32_1_1': 9 instance(s).
INFO: [RTGEN 206-100] Generating core module 'urem_4ns_3ns_2_8_1': 1 instance(s).
INFO: [RTGEN 206-100] Finished creating RTL model for 'conv_ico_layer0_Pipeline_VITIS_LOOP_310_2_VITIS_LOOP_311_3_VITIS_LOOP_312_4_VITI'.
INFO: [HLS 200-111] Finished Creating RTL model: CPU user time: 1 seconds. CPU system time: 0 seconds. Elapsed time: 1.008 seconds; current allocated memory: 844.215 MB.
INFO: [HLS 200-10] ----------------------------------------------------------------
INFO: [HLS 200-10] -- Generating RTL for module 'conv_ico_layer0_Pipeline_VITIS_LOOP_246_2' 
INFO: [HLS 200-10] ----------------------------------------------------------------
INFO: [HLS 200-1030] Apply Unified Pipeline Control on module 'conv_ico_layer0_Pipeline_VITIS_LOOP_246_2' pipeline 'VITIS_LOOP_246_2' pipeline type 'loop pipeline'
INFO: [RTGEN 206-104] Estimated max fanout for 'conv_ico_layer0_Pipeline_VITIS_LOOP_246_2' is 33035 from HDL expression: (1'b0 == ap_block_pp0_stage0_11001)
INFO: [RTGEN 206-100] Generating core module 'fadd_32ns_32ns_32_8_full_dsp_1': 60 instance(s).
INFO: [RTGEN 206-100] Generating core module 'fdiv_32ns_32ns_32_16_no_dsp_1': 2 instance(s).
INFO: [RTGEN 206-100] Finished creating RTL model for 'conv_ico_layer0_Pipeline_VITIS_LOOP_246_2'.
INFO: [HLS 200-111] Finished Creating RTL model: CPU user time: 2 seconds. CPU system time: 1 seconds. Elapsed time: 3.56 seconds; current allocated memory: 871.344 MB.
INFO: [HLS 200-10] ----------------------------------------------------------------
INFO: [HLS 200-10] -- Generating RTL for module 'conv_ico_layer0_Pipeline_VITIS_LOOP_266_4_VITIS_LOOP_267_5_VITIS_LOOP_268_6_VITI' 
INFO: [HLS 200-10] ----------------------------------------------------------------
INFO: [HLS 200-1030] Apply Unified Pipeline Control on module 'conv_ico_layer0_Pipeline_VITIS_LOOP_266_4_VITIS_LOOP_267_5_VITIS_LOOP_268_6_VITI' pipeline 'VITIS_LOOP_266_4_VITIS_LOOP_267_5_VITIS_LOOP_268_6_VITIS_LOOP_269_7' pipeline type 'loop pipeline'
INFO: [RTGEN 206-100] Generating core module 'sparsemux_13_3_32_1_1': 1 instance(s).
INFO: [RTGEN 206-100] Generating core module 'sparsemux_17_3_32_1_1': 24 instance(s).
INFO: [RTGEN 206-100] Generating core module 'sparsemux_9_2_32_1_1': 6 instance(s).
INFO: [RTGEN 206-100] Finished creating RTL model for 'conv_ico_layer0_Pipeline_VITIS_LOOP_266_4_VITIS_LOOP_267_5_VITIS_LOOP_268_6_VITI'.
INFO: [HLS 200-111] Finished Creating RTL model: CPU user time: 1 seconds. CPU system time: 1 seconds. Elapsed time: 1.271 seconds; current allocated memory: 886.828 MB.
INFO: [HLS 200-10] ----------------------------------------------------------------
INFO: [HLS 200-10] -- Generating RTL for module 'conv_ico_layer0' 
INFO: [HLS 200-10] ----------------------------------------------------------------
INFO: [RTGEN 206-500] Setting interface mode on port 'conv_ico_layer0/input_r' to 'ap_memory'.
INFO: [RTGEN 206-500] Setting interface mode on port 'conv_ico_layer0/weight_0' to 'ap_memory'.
INFO: [RTGEN 206-500] Setting interface mode on port 'conv_ico_layer0/weight_1' to 'ap_memory'.
INFO: [RTGEN 206-500] Setting interface mode on port 'conv_ico_layer0/bias_0' to 'ap_memory'.
INFO: [RTGEN 206-500] Setting interface mode on port 'conv_ico_layer0/bias_1' to 'ap_memory'.
INFO: [RTGEN 206-500] Setting interface mode on port 'conv_ico_layer0/kernel_expansion_idx' to 'ap_memory'.
INFO: [RTGEN 206-500] Setting interface mode on port 'conv_ico_layer0/reorder_idx' to 'ap_memory'.
INFO: [RTGEN 206-500] Setting interface mode on port 'conv_ico_layer0/output_r' to 'ap_memory'.
INFO: [RTGEN 206-500] Setting interface mode on function 'conv_ico_layer0' to 'ap_ctrl_hs'.
INFO: [SYN 201-210] Renamed object name 'p_ZZ15conv_ico_layer0PA1_A1_A5_A4_A8_fPA1_A1_A7_KfPS5_PA6_A1_A1_A9_A4_KiPA5_A6_A1_17_RAM_AUTO_1R1W' to 'p_ZZ15conv_ico_layer0PA1_A1_A5_A4_A8_fPA1_A1_A7_KfPS5_PA6_A1_A1_A9_A4_KiPA5_Abkb' due to the length limit 80
INFO: [SYN 201-210] Renamed object name 'p_ZZ15conv_ico_layer0PA1_A1_A5_A4_A8_fPA1_A1_A7_KfPS5_PA6_A1_A1_A9_A4_KiPA5_A6_A1_16_RAM_AUTO_1R1W' to 'p_ZZ15conv_ico_layer0PA1_A1_A5_A4_A8_fPA1_A1_A7_KfPS5_PA6_A1_A1_A9_A4_KiPA5_Acud' due to the length limit 80
INFO: [SYN 201-210] Renamed object name 'p_ZZ15conv_ico_layer0PA1_A1_A5_A4_A8_fPA1_A1_A7_KfPS5_PA6_A1_A1_A9_A4_KiPA5_A6_A1_15_RAM_AUTO_1R1W' to 'p_ZZ15conv_ico_layer0PA1_A1_A5_A4_A8_fPA1_A1_A7_KfPS5_PA6_A1_A1_A9_A4_KiPA5_AdEe' due to the length limit 80
INFO: [SYN 201-210] Renamed object name 'p_ZZ15conv_ico_layer0PA1_A1_A5_A4_A8_fPA1_A1_A7_KfPS5_PA6_A1_A1_A9_A4_KiPA5_A6_A1_14_RAM_AUTO_1R1W' to 'p_ZZ15conv_ico_layer0PA1_A1_A5_A4_A8_fPA1_A1_A7_KfPS5_PA6_A1_A1_A9_A4_KiPA5_AeOg' due to the length limit 80
INFO: [SYN 201-210] Renamed object name 'p_ZZ15conv_ico_layer0PA1_A1_A5_A4_A8_fPA1_A1_A7_KfPS5_PA6_A1_A1_A9_A4_KiPA5_A6_A1_13_RAM_AUTO_1R1W' to 'p_ZZ15conv_ico_layer0PA1_A1_A5_A4_A8_fPA1_A1_A7_KfPS5_PA6_A1_A1_A9_A4_KiPA5_AfYi' due to the length limit 80
INFO: [SYN 201-210] Renamed object name 'p_ZZ15conv_ico_layer0PA1_A1_A5_A4_A8_fPA1_A1_A7_KfPS5_PA6_A1_A1_A9_A4_KiPA5_A6_A1_12_RAM_AUTO_1R1W' to 'p_ZZ15conv_ico_layer0PA1_A1_A5_A4_A8_fPA1_A1_A7_KfPS5_PA6_A1_A1_A9_A4_KiPA5_Ag8j' due to the length limit 80
INFO: [SYN 201-210] Renamed object name 'p_ZZ15conv_ico_layer0PA1_A1_A5_A4_A8_fPA1_A1_A7_KfPS5_PA6_A1_A1_A9_A4_KiPA5_A6_A1_11_RAM_AUTO_1R1W' to 'p_ZZ15conv_ico_layer0PA1_A1_A5_A4_A8_fPA1_A1_A7_KfPS5_PA6_A1_A1_A9_A4_KiPA5_Ahbi' due to the length limit 80
INFO: [SYN 201-210] Renamed object name 'p_ZZ15conv_ico_layer0PA1_A1_A5_A4_A8_fPA1_A1_A7_KfPS5_PA6_A1_A1_A9_A4_KiPA5_A6_A1_10_RAM_AUTO_1R1W' to 'p_ZZ15conv_ico_layer0PA1_A1_A5_A4_A8_fPA1_A1_A7_KfPS5_PA6_A1_A1_A9_A4_KiPA5_Aibs' due to the length limit 80
INFO: [SYN 201-210] Renamed object name 'p_ZZ15conv_ico_layer0PA1_A1_A5_A4_A8_fPA1_A1_A7_KfPS5_PA6_A1_A1_A9_A4_KiPA5_A6_A1_9_RAM_AUTO_1R1W' to 'p_ZZ15conv_ico_layer0PA1_A1_A5_A4_A8_fPA1_A1_A7_KfPS5_PA6_A1_A1_A9_A4_KiPA5_AjbC' due to the length limit 80
INFO: [SYN 201-210] Renamed object name 'p_ZZ15conv_ico_layer0PA1_A1_A5_A4_A8_fPA1_A1_A7_KfPS5_PA6_A1_A1_A9_A4_KiPA5_A6_A1_8_RAM_AUTO_1R1W' to 'p_ZZ15conv_ico_layer0PA1_A1_A5_A4_A8_fPA1_A1_A7_KfPS5_PA6_A1_A1_A9_A4_KiPA5_AkbM' due to the length limit 80
INFO: [SYN 201-210] Renamed object name 'p_ZZ15conv_ico_layer0PA1_A1_A5_A4_A8_fPA1_A1_A7_KfPS5_PA6_A1_A1_A9_A4_KiPA5_A6_A1_7_RAM_AUTO_1R1W' to 'p_ZZ15conv_ico_layer0PA1_A1_A5_A4_A8_fPA1_A1_A7_KfPS5_PA6_A1_A1_A9_A4_KiPA5_AlbW' due to the length limit 80
INFO: [SYN 201-210] Renamed object name 'p_ZZ15conv_ico_layer0PA1_A1_A5_A4_A8_fPA1_A1_A7_KfPS5_PA6_A1_A1_A9_A4_KiPA5_A6_A1_6_RAM_AUTO_1R1W' to 'p_ZZ15conv_ico_layer0PA1_A1_A5_A4_A8_fPA1_A1_A7_KfPS5_PA6_A1_A1_A9_A4_KiPA5_Amb6' due to the length limit 80
INFO: [SYN 201-210] Renamed object name 'p_ZZ15conv_ico_layer0PA1_A1_A5_A4_A8_fPA1_A1_A7_KfPS5_PA6_A1_A1_A9_A4_KiPA5_A6_A1_5_RAM_AUTO_1R1W' to 'p_ZZ15conv_ico_layer0PA1_A1_A5_A4_A8_fPA1_A1_A7_KfPS5_PA6_A1_A1_A9_A4_KiPA5_Ancg' due to the length limit 80
INFO: [SYN 201-210] Renamed object name 'p_ZZ15conv_ico_layer0PA1_A1_A5_A4_A8_fPA1_A1_A7_KfPS5_PA6_A1_A1_A9_A4_KiPA5_A6_A1_4_RAM_AUTO_1R1W' to 'p_ZZ15conv_ico_layer0PA1_A1_A5_A4_A8_fPA1_A1_A7_KfPS5_PA6_A1_A1_A9_A4_KiPA5_Aocq' due to the length limit 80
INFO: [SYN 201-210] Renamed object name 'p_ZZ15conv_ico_layer0PA1_A1_A5_A4_A8_fPA1_A1_A7_KfPS5_PA6_A1_A1_A9_A4_KiPA5_A6_A1_3_RAM_AUTO_1R1W' to 'p_ZZ15conv_ico_layer0PA1_A1_A5_A4_A8_fPA1_A1_A7_KfPS5_PA6_A1_A1_A9_A4_KiPA5_ApcA' due to the length limit 80
INFO: [SYN 201-210] Renamed object name 'p_ZZ15conv_ico_layer0PA1_A1_A5_A4_A8_fPA1_A1_A7_KfPS5_PA6_A1_A1_A9_A4_KiPA5_A6_A1_2_RAM_AUTO_1R1W' to 'p_ZZ15conv_ico_layer0PA1_A1_A5_A4_A8_fPA1_A1_A7_KfPS5_PA6_A1_A1_A9_A4_KiPA5_AqcK' due to the length limit 80
INFO: [SYN 201-210] Renamed object name 'p_ZZ15conv_ico_layer0PA1_A1_A5_A4_A8_fPA1_A1_A7_KfPS5_PA6_A1_A1_A9_A4_KiPA5_A6_A1_1_RAM_AUTO_1R1W' to 'p_ZZ15conv_ico_layer0PA1_A1_A5_A4_A8_fPA1_A1_A7_KfPS5_PA6_A1_A1_A9_A4_KiPA5_ArcU' due to the length limit 80
INFO: [SYN 201-210] Renamed object name 'p_ZZ15conv_ico_layer0PA1_A1_A5_A4_A8_fPA1_A1_A7_KfPS5_PA6_A1_A1_A9_A4_KiPA5_A6_A1_RAM_AUTO_1R1W' to 'p_ZZ15conv_ico_layer0PA1_A1_A5_A4_A8_fPA1_A1_A7_KfPS5_PA6_A1_A1_A9_A4_KiPA5_Asc4' due to the length limit 80
INFO: [SYN 201-210] Renamed object name 'p_ZZ15conv_ico_layer0PA1_A1_A5_A4_A8_fPA1_A1_A7_KfPS5_PA6_A1_A1_A9_A4_KiPA5_A6_A1_209_RAM_AUTO_1R1W' to 'p_ZZ15conv_ico_layer0PA1_A1_A5_A4_A8_fPA1_A1_A7_KfPS5_PA6_A1_A1_A9_A4_KiPA5_Atde' due to the length limit 80
INFO: [SYN 201-210] Renamed object name 'p_ZZ15conv_ico_layer0PA1_A1_A5_A4_A8_fPA1_A1_A7_KfPS5_PA6_A1_A1_A9_A4_KiPA5_A6_A1_210_RAM_AUTO_1R1W' to 'p_ZZ15conv_ico_layer0PA1_A1_A5_A4_A8_fPA1_A1_A7_KfPS5_PA6_A1_A1_A9_A4_KiPA5_Audo' due to the length limit 80
INFO: [SYN 201-210] Renamed object name 'p_ZZ15conv_ico_layer0PA1_A1_A5_A4_A8_fPA1_A1_A7_KfPS5_PA6_A1_A1_A9_A4_KiPA5_A6_A1_211_RAM_AUTO_1R1W' to 'p_ZZ15conv_ico_layer0PA1_A1_A5_A4_A8_fPA1_A1_A7_KfPS5_PA6_A1_A1_A9_A4_KiPA5_Avdy' due to the length limit 80
INFO: [SYN 201-210] Renamed object name 'p_ZZ15conv_ico_layer0PA1_A1_A5_A4_A8_fPA1_A1_A7_KfPS5_PA6_A1_A1_A9_A4_KiPA5_A6_A1_212_RAM_AUTO_1R1W' to 'p_ZZ15conv_ico_layer0PA1_A1_A5_A4_A8_fPA1_A1_A7_KfPS5_PA6_A1_A1_A9_A4_KiPA5_AwdI' due to the length limit 80
INFO: [SYN 201-210] Renamed object name 'p_ZZ15conv_ico_layer0PA1_A1_A5_A4_A8_fPA1_A1_A7_KfPS5_PA6_A1_A1_A9_A4_KiPA5_A6_A1_213_RAM_AUTO_1R1W' to 'p_ZZ15conv_ico_layer0PA1_A1_A5_A4_A8_fPA1_A1_A7_KfPS5_PA6_A1_A1_A9_A4_KiPA5_AxdS' due to the length limit 80
INFO: [SYN 201-210] Renamed object name 'p_ZZ15conv_ico_layer0PA1_A1_A5_A4_A8_fPA1_A1_A7_KfPS5_PA6_A1_A1_A9_A4_KiPA5_A6_A1_214_RAM_AUTO_1R1W' to 'p_ZZ15conv_ico_layer0PA1_A1_A5_A4_A8_fPA1_A1_A7_KfPS5_PA6_A1_A1_A9_A4_KiPA5_Ayd2' due to the length limit 80
INFO: [SYN 201-210] Renamed object name 'p_ZZ15conv_ico_layer0PA1_A1_A5_A4_A8_fPA1_A1_A7_KfPS5_PA6_A1_A1_A9_A4_KiPA5_A6_A1_215_RAM_AUTO_1R1W' to 'p_ZZ15conv_ico_layer0PA1_A1_A5_A4_A8_fPA1_A1_A7_KfPS5_PA6_A1_A1_A9_A4_KiPA5_Azec' due to the length limit 80
INFO: [SYN 201-210] Renamed object name 'p_ZZ15conv_ico_layer0PA1_A1_A5_A4_A8_fPA1_A1_A7_KfPS5_PA6_A1_A1_A9_A4_KiPA5_A6_A1_216_RAM_AUTO_1R1W' to 'p_ZZ15conv_ico_layer0PA1_A1_A5_A4_A8_fPA1_A1_A7_KfPS5_PA6_A1_A1_A9_A4_KiPA5_AAem' due to the length limit 80
INFO: [SYN 201-210] Renamed object name 'p_ZZ15conv_ico_layer0PA1_A1_A5_A4_A8_fPA1_A1_A7_KfPS5_PA6_A1_A1_A9_A4_KiPA5_A6_A1_217_RAM_AUTO_1R1W' to 'p_ZZ15conv_ico_layer0PA1_A1_A5_A4_A8_fPA1_A1_A7_KfPS5_PA6_A1_A1_A9_A4_KiPA5_ABew' due to the length limit 80
INFO: [SYN 201-210] Renamed object name 'p_ZZ15conv_ico_layer0PA1_A1_A5_A4_A8_fPA1_A1_A7_KfPS5_PA6_A1_A1_A9_A4_KiPA5_A6_A1_218_RAM_AUTO_1R1W' to 'p_ZZ15conv_ico_layer0PA1_A1_A5_A4_A8_fPA1_A1_A7_KfPS5_PA6_A1_A1_A9_A4_KiPA5_ACeG' due to the length limit 80
INFO: [SYN 201-210] Renamed object name 'p_ZZ15conv_ico_layer0PA1_A1_A5_A4_A8_fPA1_A1_A7_KfPS5_PA6_A1_A1_A9_A4_KiPA5_A6_A1_219_RAM_AUTO_1R1W' to 'p_ZZ15conv_ico_layer0PA1_A1_A5_A4_A8_fPA1_A1_A7_KfPS5_PA6_A1_A1_A9_A4_KiPA5_ADeQ' due to the length limit 80
INFO: [SYN 201-210] Renamed object name 'p_ZZ15conv_ico_layer0PA1_A1_A5_A4_A8_fPA1_A1_A7_KfPS5_PA6_A1_A1_A9_A4_KiPA5_A6_A1_220_RAM_AUTO_1R1W' to 'p_ZZ15conv_ico_layer0PA1_A1_A5_A4_A8_fPA1_A1_A7_KfPS5_PA6_A1_A1_A9_A4_KiPA5_AEe0' due to the length limit 80
INFO: [SYN 201-210] Renamed object name 'p_ZZ15conv_ico_layer0PA1_A1_A5_A4_A8_fPA1_A1_A7_KfPS5_PA6_A1_A1_A9_A4_KiPA5_A6_A1_221_RAM_AUTO_1R1W' to 'p_ZZ15conv_ico_layer0PA1_A1_A5_A4_A8_fPA1_A1_A7_KfPS5_PA6_A1_A1_A9_A4_KiPA5_AFfa' due to the length limit 80
INFO: [SYN 201-210] Renamed object name 'p_ZZ15conv_ico_layer0PA1_A1_A5_A4_A8_fPA1_A1_A7_KfPS5_PA6_A1_A1_A9_A4_KiPA5_A6_A1_222_RAM_AUTO_1R1W' to 'p_ZZ15conv_ico_layer0PA1_A1_A5_A4_A8_fPA1_A1_A7_KfPS5_PA6_A1_A1_A9_A4_KiPA5_AGfk' due to the length limit 80
INFO: [SYN 201-210] Renamed object name 'p_ZZ15conv_ico_layer0PA1_A1_A5_A4_A8_fPA1_A1_A7_KfPS5_PA6_A1_A1_A9_A4_KiPA5_A6_A1_223_RAM_AUTO_1R1W' to 'p_ZZ15conv_ico_layer0PA1_A1_A5_A4_A8_fPA1_A1_A7_KfPS5_PA6_A1_A1_A9_A4_KiPA5_AHfu' due to the length limit 80
INFO: [SYN 201-210] Renamed object name 'p_ZZ15conv_ico_layer0PA1_A1_A5_A4_A8_fPA1_A1_A7_KfPS5_PA6_A1_A1_A9_A4_KiPA5_A6_A1_224_RAM_AUTO_1R1W' to 'p_ZZ15conv_ico_layer0PA1_A1_A5_A4_A8_fPA1_A1_A7_KfPS5_PA6_A1_A1_A9_A4_KiPA5_AIfE' due to the length limit 80
INFO: [SYN 201-210] Renamed object name 'p_ZZ15conv_ico_layer0PA1_A1_A5_A4_A8_fPA1_A1_A7_KfPS5_PA6_A1_A1_A9_A4_KiPA5_A6_A1_225_RAM_AUTO_1R1W' to 'p_ZZ15conv_ico_layer0PA1_A1_A5_A4_A8_fPA1_A1_A7_KfPS5_PA6_A1_A1_A9_A4_KiPA5_AJfO' due to the length limit 80
INFO: [SYN 201-210] Renamed object name 'p_ZZ15conv_ico_layer0PA1_A1_A5_A4_A8_fPA1_A1_A7_KfPS5_PA6_A1_A1_A9_A4_KiPA5_A6_A1_226_RAM_AUTO_1R1W' to 'p_ZZ15conv_ico_layer0PA1_A1_A5_A4_A8_fPA1_A1_A7_KfPS5_PA6_A1_A1_A9_A4_KiPA5_AKfY' due to the length limit 80
INFO: [SYN 201-210] Renamed object name 'p_ZZ15conv_ico_layer0PA1_A1_A5_A4_A8_fPA1_A1_A7_KfPS5_PA6_A1_A1_A9_A4_KiPA5_A6_A1_227_RAM_AUTO_1R1W' to 'p_ZZ15conv_ico_layer0PA1_A1_A5_A4_A8_fPA1_A1_A7_KfPS5_PA6_A1_A1_A9_A4_KiPA5_ALf8' due to the length limit 80
INFO: [SYN 201-210] Renamed object name 'p_ZZ15conv_ico_layer0PA1_A1_A5_A4_A8_fPA1_A1_A7_KfPS5_PA6_A1_A1_A9_A4_KiPA5_A6_A1_228_RAM_AUTO_1R1W' to 'p_ZZ15conv_ico_layer0PA1_A1_A5_A4_A8_fPA1_A1_A7_KfPS5_PA6_A1_A1_A9_A4_KiPA5_AMgi' due to the length limit 80
INFO: [SYN 201-210] Renamed object name 'p_ZZ15conv_ico_layer0PA1_A1_A5_A4_A8_fPA1_A1_A7_KfPS5_PA6_A1_A1_A9_A4_KiPA5_A6_A1_229_RAM_AUTO_1R1W' to 'p_ZZ15conv_ico_layer0PA1_A1_A5_A4_A8_fPA1_A1_A7_KfPS5_PA6_A1_A1_A9_A4_KiPA5_ANgs' due to the length limit 80
INFO: [SYN 201-210] Renamed object name 'p_ZZ15conv_ico_layer0PA1_A1_A5_A4_A8_fPA1_A1_A7_KfPS5_PA6_A1_A1_A9_A4_KiPA5_A6_A1_230_RAM_AUTO_1R1W' to 'p_ZZ15conv_ico_layer0PA1_A1_A5_A4_A8_fPA1_A1_A7_KfPS5_PA6_A1_A1_A9_A4_KiPA5_AOgC' due to the length limit 80
INFO: [SYN 201-210] Renamed object name 'p_ZZ15conv_ico_layer0PA1_A1_A5_A4_A8_fPA1_A1_A7_KfPS5_PA6_A1_A1_A9_A4_KiPA5_A6_A1_231_RAM_AUTO_1R1W' to 'p_ZZ15conv_ico_layer0PA1_A1_A5_A4_A8_fPA1_A1_A7_KfPS5_PA6_A1_A1_A9_A4_KiPA5_APgM' due to the length limit 80
INFO: [SYN 201-210] Renamed object name 'p_ZZ15conv_ico_layer0PA1_A1_A5_A4_A8_fPA1_A1_A7_KfPS5_PA6_A1_A1_A9_A4_KiPA5_A6_A1_232_RAM_AUTO_1R1W' to 'p_ZZ15conv_ico_layer0PA1_A1_A5_A4_A8_fPA1_A1_A7_KfPS5_PA6_A1_A1_A9_A4_KiPA5_AQgW' due to the length limit 80
INFO: [SYN 201-210] Renamed object name 'p_ZZ15conv_ico_layer0PA1_A1_A5_A4_A8_fPA1_A1_A7_KfPS5_PA6_A1_A1_A9_A4_KiPA5_A6_A1_233_RAM_AUTO_1R1W' to 'p_ZZ15conv_ico_layer0PA1_A1_A5_A4_A8_fPA1_A1_A7_KfPS5_PA6_A1_A1_A9_A4_KiPA5_ARg6' due to the length limit 80
INFO: [SYN 201-210] Renamed object name 'p_ZZ15conv_ico_layer0PA1_A1_A5_A4_A8_fPA1_A1_A7_KfPS5_PA6_A1_A1_A9_A4_KiPA5_A6_A1_234_RAM_AUTO_1R1W' to 'p_ZZ15conv_ico_layer0PA1_A1_A5_A4_A8_fPA1_A1_A7_KfPS5_PA6_A1_A1_A9_A4_KiPA5_AShg' due to the length limit 80
INFO: [SYN 201-210] Renamed object name 'p_ZZ15conv_ico_layer0PA1_A1_A5_A4_A8_fPA1_A1_A7_KfPS5_PA6_A1_A1_A9_A4_KiPA5_A6_A1_235_RAM_AUTO_1R1W' to 'p_ZZ15conv_ico_layer0PA1_A1_A5_A4_A8_fPA1_A1_A7_KfPS5_PA6_A1_A1_A9_A4_KiPA5_AThq' due to the length limit 80
INFO: [SYN 201-210] Renamed object name 'p_ZZ15conv_ico_layer0PA1_A1_A5_A4_A8_fPA1_A1_A7_KfPS5_PA6_A1_A1_A9_A4_KiPA5_A6_A1_236_RAM_AUTO_1R1W' to 'p_ZZ15conv_ico_layer0PA1_A1_A5_A4_A8_fPA1_A1_A7_KfPS5_PA6_A1_A1_A9_A4_KiPA5_AUhA' due to the length limit 80
INFO: [SYN 201-210] Renamed object name 'p_ZZ15conv_ico_layer0PA1_A1_A5_A4_A8_fPA1_A1_A7_KfPS5_PA6_A1_A1_A9_A4_KiPA5_A6_A1_237_RAM_AUTO_1R1W' to 'p_ZZ15conv_ico_layer0PA1_A1_A5_A4_A8_fPA1_A1_A7_KfPS5_PA6_A1_A1_A9_A4_KiPA5_AVhK' due to the length limit 80
INFO: [SYN 201-210] Renamed object name 'p_ZZ15conv_ico_layer0PA1_A1_A5_A4_A8_fPA1_A1_A7_KfPS5_PA6_A1_A1_A9_A4_KiPA5_A6_A1_238_RAM_AUTO_1R1W' to 'p_ZZ15conv_ico_layer0PA1_A1_A5_A4_A8_fPA1_A1_A7_KfPS5_PA6_A1_A1_A9_A4_KiPA5_AWhU' due to the length limit 80
INFO: [SYN 201-210] Renamed object name 'p_ZZ15conv_ico_layer0PA1_A1_A5_A4_A8_fPA1_A1_A7_KfPS5_PA6_A1_A1_A9_A4_KiPA5_A6_A1_239_RAM_AUTO_1R1W' to 'p_ZZ15conv_ico_layer0PA1_A1_A5_A4_A8_fPA1_A1_A7_KfPS5_PA6_A1_A1_A9_A4_KiPA5_AXh4' due to the length limit 80
INFO: [SYN 201-210] Renamed object name 'p_ZZ15conv_ico_layer0PA1_A1_A5_A4_A8_fPA1_A1_A7_KfPS5_PA6_A1_A1_A9_A4_KiPA5_A6_A1_240_RAM_AUTO_1R1W' to 'p_ZZ15conv_ico_layer0PA1_A1_A5_A4_A8_fPA1_A1_A7_KfPS5_PA6_A1_A1_A9_A4_KiPA5_AYie' due to the length limit 80
INFO: [SYN 201-210] Renamed object name 'p_ZZ15conv_ico_layer0PA1_A1_A5_A4_A8_fPA1_A1_A7_KfPS5_PA6_A1_A1_A9_A4_KiPA5_A6_A1_241_RAM_AUTO_1R1W' to 'p_ZZ15conv_ico_layer0PA1_A1_A5_A4_A8_fPA1_A1_A7_KfPS5_PA6_A1_A1_A9_A4_KiPA5_AZio' due to the length limit 80
INFO: [SYN 201-210] Renamed object name 'p_ZZ15conv_ico_layer0PA1_A1_A5_A4_A8_fPA1_A1_A7_KfPS5_PA6_A1_A1_A9_A4_KiPA5_A6_A1_242_RAM_AUTO_1R1W' to 'p_ZZ15conv_ico_layer0PA1_A1_A5_A4_A8_fPA1_A1_A7_KfPS5_PA6_A1_A1_A9_A4_KiPA5_A0iy' due to the length limit 80
INFO: [SYN 201-210] Renamed object name 'p_ZZ15conv_ico_layer0PA1_A1_A5_A4_A8_fPA1_A1_A7_KfPS5_PA6_A1_A1_A9_A4_KiPA5_A6_A1_243_RAM_AUTO_1R1W' to 'p_ZZ15conv_ico_layer0PA1_A1_A5_A4_A8_fPA1_A1_A7_KfPS5_PA6_A1_A1_A9_A4_KiPA5_A1iI' due to the length limit 80
INFO: [SYN 201-210] Renamed object name 'p_ZZ15conv_ico_layer0PA1_A1_A5_A4_A8_fPA1_A1_A7_KfPS5_PA6_A1_A1_A9_A4_KiPA5_A6_A1_244_RAM_AUTO_1R1W' to 'p_ZZ15conv_ico_layer0PA1_A1_A5_A4_A8_fPA1_A1_A7_KfPS5_PA6_A1_A1_A9_A4_KiPA5_A2iS' due to the length limit 80
INFO: [SYN 201-210] Renamed object name 'p_ZZ15conv_ico_layer0PA1_A1_A5_A4_A8_fPA1_A1_A7_KfPS5_PA6_A1_A1_A9_A4_KiPA5_A6_A1_245_RAM_AUTO_1R1W' to 'p_ZZ15conv_ico_layer0PA1_A1_A5_A4_A8_fPA1_A1_A7_KfPS5_PA6_A1_A1_A9_A4_KiPA5_A3i2' due to the length limit 80
INFO: [SYN 201-210] Renamed object name 'p_ZZ15conv_ico_layer0PA1_A1_A5_A4_A8_fPA1_A1_A7_KfPS5_PA6_A1_A1_A9_A4_KiPA5_A6_A1_246_RAM_AUTO_1R1W' to 'p_ZZ15conv_ico_layer0PA1_A1_A5_A4_A8_fPA1_A1_A7_KfPS5_PA6_A1_A1_A9_A4_KiPA5_A4jc' due to the length limit 80
INFO: [SYN 201-210] Renamed object name 'p_ZZ15conv_ico_layer0PA1_A1_A5_A4_A8_fPA1_A1_A7_KfPS5_PA6_A1_A1_A9_A4_KiPA5_A6_A1_247_RAM_AUTO_1R1W' to 'p_ZZ15conv_ico_layer0PA1_A1_A5_A4_A8_fPA1_A1_A7_KfPS5_PA6_A1_A1_A9_A4_KiPA5_A5jm' due to the length limit 80
INFO: [SYN 201-210] Renamed object name 'p_ZZ15conv_ico_layer0PA1_A1_A5_A4_A8_fPA1_A1_A7_KfPS5_PA6_A1_A1_A9_A4_KiPA5_A6_A1_248_RAM_AUTO_1R1W' to 'p_ZZ15conv_ico_layer0PA1_A1_A5_A4_A8_fPA1_A1_A7_KfPS5_PA6_A1_A1_A9_A4_KiPA5_A6jw' due to the length limit 80
INFO: [SYN 201-210] Renamed object name 'p_ZZ15conv_ico_layer0PA1_A1_A5_A4_A8_fPA1_A1_A7_KfPS5_PA6_A1_A1_A9_A4_KiPA5_A6_A1_249_RAM_AUTO_1R1W' to 'p_ZZ15conv_ico_layer0PA1_A1_A5_A4_A8_fPA1_A1_A7_KfPS5_PA6_A1_A1_A9_A4_KiPA5_A7jG' due to the length limit 80
INFO: [SYN 201-210] Renamed object name 'p_ZZ15conv_ico_layer0PA1_A1_A5_A4_A8_fPA1_A1_A7_KfPS5_PA6_A1_A1_A9_A4_KiPA5_A6_A1_250_RAM_AUTO_1R1W' to 'p_ZZ15conv_ico_layer0PA1_A1_A5_A4_A8_fPA1_A1_A7_KfPS5_PA6_A1_A1_A9_A4_KiPA5_A8jQ' due to the length limit 80
INFO: [SYN 201-210] Renamed object name 'p_ZZ15conv_ico_layer0PA1_A1_A5_A4_A8_fPA1_A1_A7_KfPS5_PA6_A1_A1_A9_A4_KiPA5_A6_A1_251_RAM_AUTO_1R1W' to 'p_ZZ15conv_ico_layer0PA1_A1_A5_A4_A8_fPA1_A1_A7_KfPS5_PA6_A1_A1_A9_A4_KiPA5_A9j0' due to the length limit 80
INFO: [SYN 201-210] Renamed object name 'p_ZZ15conv_ico_layer0PA1_A1_A5_A4_A8_fPA1_A1_A7_KfPS5_PA6_A1_A1_A9_A4_KiPA5_A6_A1_252_RAM_AUTO_1R1W' to 'p_ZZ15conv_ico_layer0PA1_A1_A5_A4_A8_fPA1_A1_A7_KfPS5_PA6_A1_A1_A9_A4_KiPA5_Abak' due to the length limit 80
INFO: [SYN 201-210] Renamed object name 'p_ZZ15conv_ico_layer0PA1_A1_A5_A4_A8_fPA1_A1_A7_KfPS5_PA6_A1_A1_A9_A4_KiPA5_A6_A1_253_RAM_AUTO_1R1W' to 'p_ZZ15conv_ico_layer0PA1_A1_A5_A4_A8_fPA1_A1_A7_KfPS5_PA6_A1_A1_A9_A4_KiPA5_Abbk' due to the length limit 80
INFO: [SYN 201-210] Renamed object name 'p_ZZ15conv_ico_layer0PA1_A1_A5_A4_A8_fPA1_A1_A7_KfPS5_PA6_A1_A1_A9_A4_KiPA5_A6_A1_254_RAM_AUTO_1R1W' to 'p_ZZ15conv_ico_layer0PA1_A1_A5_A4_A8_fPA1_A1_A7_KfPS5_PA6_A1_A1_A9_A4_KiPA5_Abck' due to the length limit 80
INFO: [SYN 201-210] Renamed object name 'p_ZZ15conv_ico_layer0PA1_A1_A5_A4_A8_fPA1_A1_A7_KfPS5_PA6_A1_A1_A9_A4_KiPA5_A6_A1_255_RAM_AUTO_1R1W' to 'p_ZZ15conv_ico_layer0PA1_A1_A5_A4_A8_fPA1_A1_A7_KfPS5_PA6_A1_A1_A9_A4_KiPA5_Abdk' due to the length limit 80
INFO: [SYN 201-210] Renamed object name 'p_ZZ15conv_ico_layer0PA1_A1_A5_A4_A8_fPA1_A1_A7_KfPS5_PA6_A1_A1_A9_A4_KiPA5_A6_A1_256_RAM_AUTO_1R1W' to 'p_ZZ15conv_ico_layer0PA1_A1_A5_A4_A8_fPA1_A1_A7_KfPS5_PA6_A1_A1_A9_A4_KiPA5_Abek' due to the length limit 80
INFO: [SYN 201-210] Renamed object name 'p_ZZ15conv_ico_layer0PA1_A1_A5_A4_A8_fPA1_A1_A7_KfPS5_PA6_A1_A1_A9_A4_KiPA5_A6_A1_257_RAM_AUTO_1R1W' to 'p_ZZ15conv_ico_layer0PA1_A1_A5_A4_A8_fPA1_A1_A7_KfPS5_PA6_A1_A1_A9_A4_KiPA5_Abfk' due to the length limit 80
INFO: [SYN 201-210] Renamed object name 'p_ZZ15conv_ico_layer0PA1_A1_A5_A4_A8_fPA1_A1_A7_KfPS5_PA6_A1_A1_A9_A4_KiPA5_A6_A1_258_RAM_AUTO_1R1W' to 'p_ZZ15conv_ico_layer0PA1_A1_A5_A4_A8_fPA1_A1_A7_KfPS5_PA6_A1_A1_A9_A4_KiPA5_Abgk' due to the length limit 80
INFO: [SYN 201-210] Renamed object name 'p_ZZ15conv_ico_layer0PA1_A1_A5_A4_A8_fPA1_A1_A7_KfPS5_PA6_A1_A1_A9_A4_KiPA5_A6_A1_259_RAM_AUTO_1R1W' to 'p_ZZ15conv_ico_layer0PA1_A1_A5_A4_A8_fPA1_A1_A7_KfPS5_PA6_A1_A1_A9_A4_KiPA5_Abhl' due to the length limit 80
INFO: [SYN 201-210] Renamed object name 'p_ZZ15conv_ico_layer0PA1_A1_A5_A4_A8_fPA1_A1_A7_KfPS5_PA6_A1_A1_A9_A4_KiPA5_A6_A1_260_RAM_AUTO_1R1W' to 'p_ZZ15conv_ico_layer0PA1_A1_A5_A4_A8_fPA1_A1_A7_KfPS5_PA6_A1_A1_A9_A4_KiPA5_Abil' due to the length limit 80
INFO: [SYN 201-210] Renamed object name 'p_ZZ15conv_ico_layer0PA1_A1_A5_A4_A8_fPA1_A1_A7_KfPS5_PA6_A1_A1_A9_A4_KiPA5_A6_A1_261_RAM_AUTO_1R1W' to 'p_ZZ15conv_ico_layer0PA1_A1_A5_A4_A8_fPA1_A1_A7_KfPS5_PA6_A1_A1_A9_A4_KiPA5_Abjl' due to the length limit 80
INFO: [SYN 201-210] Renamed object name 'p_ZZ15conv_ico_layer0PA1_A1_A5_A4_A8_fPA1_A1_A7_KfPS5_PA6_A1_A1_A9_A4_KiPA5_A6_A1_262_RAM_AUTO_1R1W' to 'p_ZZ15conv_ico_layer0PA1_A1_A5_A4_A8_fPA1_A1_A7_KfPS5_PA6_A1_A1_A9_A4_KiPA5_Abkl' due to the length limit 80
INFO: [SYN 201-210] Renamed object name 'p_ZZ15conv_ico_layer0PA1_A1_A5_A4_A8_fPA1_A1_A7_KfPS5_PA6_A1_A1_A9_A4_KiPA5_A6_A1_263_RAM_AUTO_1R1W' to 'p_ZZ15conv_ico_layer0PA1_A1_A5_A4_A8_fPA1_A1_A7_KfPS5_PA6_A1_A1_A9_A4_KiPA5_Abll' due to the length limit 80
INFO: [SYN 201-210] Renamed object name 'p_ZZ15conv_ico_layer0PA1_A1_A5_A4_A8_fPA1_A1_A7_KfPS5_PA6_A1_A1_A9_A4_KiPA5_A6_A1_264_RAM_AUTO_1R1W' to 'p_ZZ15conv_ico_layer0PA1_A1_A5_A4_A8_fPA1_A1_A7_KfPS5_PA6_A1_A1_A9_A4_KiPA5_Abml' due to the length limit 80
INFO: [SYN 201-210] Renamed object name 'p_ZZ15conv_ico_layer0PA1_A1_A5_A4_A8_fPA1_A1_A7_KfPS5_PA6_A1_A1_A9_A4_KiPA5_A6_A1_265_RAM_AUTO_1R1W' to 'p_ZZ15conv_ico_layer0PA1_A1_A5_A4_A8_fPA1_A1_A7_KfPS5_PA6_A1_A1_A9_A4_KiPA5_Abnm' due to the length limit 80
INFO: [SYN 201-210] Renamed object name 'p_ZZ15conv_ico_layer0PA1_A1_A5_A4_A8_fPA1_A1_A7_KfPS5_PA6_A1_A1_A9_A4_KiPA5_A6_A1_266_RAM_AUTO_1R1W' to 'p_ZZ15conv_ico_layer0PA1_A1_A5_A4_A8_fPA1_A1_A7_KfPS5_PA6_A1_A1_A9_A4_KiPA5_Abom' due to the length limit 80
INFO: [SYN 201-210] Renamed object name 'p_ZZ15conv_ico_layer0PA1_A1_A5_A4_A8_fPA1_A1_A7_KfPS5_PA6_A1_A1_A9_A4_KiPA5_A6_A1_267_RAM_AUTO_1R1W' to 'p_ZZ15conv_ico_layer0PA1_A1_A5_A4_A8_fPA1_A1_A7_KfPS5_PA6_A1_A1_A9_A4_KiPA5_Abpm' due to the length limit 80
INFO: [SYN 201-210] Renamed object name 'p_ZZ15conv_ico_layer0PA1_A1_A5_A4_A8_fPA1_A1_A7_KfPS5_PA6_A1_A1_A9_A4_KiPA5_A6_A1_268_RAM_AUTO_1R1W' to 'p_ZZ15conv_ico_layer0PA1_A1_A5_A4_A8_fPA1_A1_A7_KfPS5_PA6_A1_A1_A9_A4_KiPA5_Abqm' due to the length limit 80
INFO: [SYN 201-210] Renamed object name 'p_ZZ15conv_ico_layer0PA1_A1_A5_A4_A8_fPA1_A1_A7_KfPS5_PA6_A1_A1_A9_A4_KiPA5_A6_A1_269_RAM_AUTO_1R1W' to 'p_ZZ15conv_ico_layer0PA1_A1_A5_A4_A8_fPA1_A1_A7_KfPS5_PA6_A1_A1_A9_A4_KiPA5_Abrm' due to the length limit 80
INFO: [SYN 201-210] Renamed object name 'p_ZZ15conv_ico_layer0PA1_A1_A5_A4_A8_fPA1_A1_A7_KfPS5_PA6_A1_A1_A9_A4_KiPA5_A6_A1_270_RAM_AUTO_1R1W' to 'p_ZZ15conv_ico_layer0PA1_A1_A5_A4_A8_fPA1_A1_A7_KfPS5_PA6_A1_A1_A9_A4_KiPA5_Absm' due to the length limit 80
INFO: [SYN 201-210] Renamed object name 'p_ZZ15conv_ico_layer0PA1_A1_A5_A4_A8_fPA1_A1_A7_KfPS5_PA6_A1_A1_A9_A4_KiPA5_A6_A1_271_RAM_AUTO_1R1W' to 'p_ZZ15conv_ico_layer0PA1_A1_A5_A4_A8_fPA1_A1_A7_KfPS5_PA6_A1_A1_A9_A4_KiPA5_Abtn' due to the length limit 80
INFO: [SYN 201-210] Renamed object name 'p_ZZ15conv_ico_layer0PA1_A1_A5_A4_A8_fPA1_A1_A7_KfPS5_PA6_A1_A1_A9_A4_KiPA5_A6_A1_272_RAM_AUTO_1R1W' to 'p_ZZ15conv_ico_layer0PA1_A1_A5_A4_A8_fPA1_A1_A7_KfPS5_PA6_A1_A1_A9_A4_KiPA5_Abun' due to the length limit 80
INFO: [SYN 201-210] Renamed object name 'p_ZZ15conv_ico_layer0PA1_A1_A5_A4_A8_fPA1_A1_A7_KfPS5_PA6_A1_A1_A9_A4_KiPA5_A6_A1_273_RAM_AUTO_1R1W' to 'p_ZZ15conv_ico_layer0PA1_A1_A5_A4_A8_fPA1_A1_A7_KfPS5_PA6_A1_A1_A9_A4_KiPA5_Abvn' due to the length limit 80
INFO: [SYN 201-210] Renamed object name 'p_ZZ15conv_ico_layer0PA1_A1_A5_A4_A8_fPA1_A1_A7_KfPS5_PA6_A1_A1_A9_A4_KiPA5_A6_A1_274_RAM_AUTO_1R1W' to 'p_ZZ15conv_ico_layer0PA1_A1_A5_A4_A8_fPA1_A1_A7_KfPS5_PA6_A1_A1_A9_A4_KiPA5_Abwn' due to the length limit 80
INFO: [SYN 201-210] Renamed object name 'p_ZZ15conv_ico_layer0PA1_A1_A5_A4_A8_fPA1_A1_A7_KfPS5_PA6_A1_A1_A9_A4_KiPA5_A6_A1_275_RAM_AUTO_1R1W' to 'p_ZZ15conv_ico_layer0PA1_A1_A5_A4_A8_fPA1_A1_A7_KfPS5_PA6_A1_A1_A9_A4_KiPA5_Abxn' due to the length limit 80
INFO: [SYN 201-210] Renamed object name 'p_ZZ15conv_ico_layer0PA1_A1_A5_A4_A8_fPA1_A1_A7_KfPS5_PA6_A1_A1_A9_A4_KiPA5_A6_A1_276_RAM_AUTO_1R1W' to 'p_ZZ15conv_ico_layer0PA1_A1_A5_A4_A8_fPA1_A1_A7_KfPS5_PA6_A1_A1_A9_A4_KiPA5_Abyn' due to the length limit 80
INFO: [SYN 201-210] Renamed object name 'p_ZZ15conv_ico_layer0PA1_A1_A5_A4_A8_fPA1_A1_A7_KfPS5_PA6_A1_A1_A9_A4_KiPA5_A6_A1_277_RAM_AUTO_1R1W' to 'p_ZZ15conv_ico_layer0PA1_A1_A5_A4_A8_fPA1_A1_A7_KfPS5_PA6_A1_A1_A9_A4_KiPA5_Abzo' due to the length limit 80
INFO: [SYN 201-210] Renamed object name 'p_ZZ15conv_ico_layer0PA1_A1_A5_A4_A8_fPA1_A1_A7_KfPS5_PA6_A1_A1_A9_A4_KiPA5_A6_A1_278_RAM_AUTO_1R1W' to 'p_ZZ15conv_ico_layer0PA1_A1_A5_A4_A8_fPA1_A1_A7_KfPS5_PA6_A1_A1_A9_A4_KiPA5_AbAo' due to the length limit 80
INFO: [SYN 201-210] Renamed object name 'p_ZZ15conv_ico_layer0PA1_A1_A5_A4_A8_fPA1_A1_A7_KfPS5_PA6_A1_A1_A9_A4_KiPA5_A6_A1_279_RAM_AUTO_1R1W' to 'p_ZZ15conv_ico_layer0PA1_A1_A5_A4_A8_fPA1_A1_A7_KfPS5_PA6_A1_A1_A9_A4_KiPA5_AbBo' due to the length limit 80
INFO: [SYN 201-210] Renamed object name 'p_ZZ15conv_ico_layer0PA1_A1_A5_A4_A8_fPA1_A1_A7_KfPS5_PA6_A1_A1_A9_A4_KiPA5_A6_A1_280_RAM_AUTO_1R1W' to 'p_ZZ15conv_ico_layer0PA1_A1_A5_A4_A8_fPA1_A1_A7_KfPS5_PA6_A1_A1_A9_A4_KiPA5_AbCo' due to the length limit 80
INFO: [SYN 201-210] Renamed object name 'p_ZZ15conv_ico_layer0PA1_A1_A5_A4_A8_fPA1_A1_A7_KfPS5_PA6_A1_A1_A9_A4_KiPA5_A6_A1_281_RAM_AUTO_1R1W' to 'p_ZZ15conv_ico_layer0PA1_A1_A5_A4_A8_fPA1_A1_A7_KfPS5_PA6_A1_A1_A9_A4_KiPA5_AbDo' due to the length limit 80
INFO: [SYN 201-210] Renamed object name 'p_ZZ15conv_ico_layer0PA1_A1_A5_A4_A8_fPA1_A1_A7_KfPS5_PA6_A1_A1_A9_A4_KiPA5_A6_A1_282_RAM_AUTO_1R1W' to 'p_ZZ15conv_ico_layer0PA1_A1_A5_A4_A8_fPA1_A1_A7_KfPS5_PA6_A1_A1_A9_A4_KiPA5_AbEo' due to the length limit 80
INFO: [SYN 201-210] Renamed object name 'p_ZZ15conv_ico_layer0PA1_A1_A5_A4_A8_fPA1_A1_A7_KfPS5_PA6_A1_A1_A9_A4_KiPA5_A6_A1_283_RAM_AUTO_1R1W' to 'p_ZZ15conv_ico_layer0PA1_A1_A5_A4_A8_fPA1_A1_A7_KfPS5_PA6_A1_A1_A9_A4_KiPA5_AbFp' due to the length limit 80
INFO: [SYN 201-210] Renamed object name 'p_ZZ15conv_ico_layer0PA1_A1_A5_A4_A8_fPA1_A1_A7_KfPS5_PA6_A1_A1_A9_A4_KiPA5_A6_A1_284_RAM_AUTO_1R1W' to 'p_ZZ15conv_ico_layer0PA1_A1_A5_A4_A8_fPA1_A1_A7_KfPS5_PA6_A1_A1_A9_A4_KiPA5_AbGp' due to the length limit 80
INFO: [SYN 201-210] Renamed object name 'p_ZZ15conv_ico_layer0PA1_A1_A5_A4_A8_fPA1_A1_A7_KfPS5_PA6_A1_A1_A9_A4_KiPA5_A6_A1_285_RAM_AUTO_1R1W' to 'p_ZZ15conv_ico_layer0PA1_A1_A5_A4_A8_fPA1_A1_A7_KfPS5_PA6_A1_A1_A9_A4_KiPA5_AbHp' due to the length limit 80
INFO: [SYN 201-210] Renamed object name 'p_ZZ15conv_ico_layer0PA1_A1_A5_A4_A8_fPA1_A1_A7_KfPS5_PA6_A1_A1_A9_A4_KiPA5_A6_A1_286_RAM_AUTO_1R1W' to 'p_ZZ15conv_ico_layer0PA1_A1_A5_A4_A8_fPA1_A1_A7_KfPS5_PA6_A1_A1_A9_A4_KiPA5_AbIp' due to the length limit 80
INFO: [SYN 201-210] Renamed object name 'p_ZZ15conv_ico_layer0PA1_A1_A5_A4_A8_fPA1_A1_A7_KfPS5_PA6_A1_A1_A9_A4_KiPA5_A6_A1_287_RAM_AUTO_1R1W' to 'p_ZZ15conv_ico_layer0PA1_A1_A5_A4_A8_fPA1_A1_A7_KfPS5_PA6_A1_A1_A9_A4_KiPA5_AbJp' due to the length limit 80
INFO: [SYN 201-210] Renamed object name 'p_ZZ15conv_ico_layer0PA1_A1_A5_A4_A8_fPA1_A1_A7_KfPS5_PA6_A1_A1_A9_A4_KiPA5_A6_A1_288_RAM_AUTO_1R1W' to 'p_ZZ15conv_ico_layer0PA1_A1_A5_A4_A8_fPA1_A1_A7_KfPS5_PA6_A1_A1_A9_A4_KiPA5_AbKp' due to the length limit 80
INFO: [SYN 201-210] Renamed object name 'p_ZZ15conv_ico_layer0PA1_A1_A5_A4_A8_fPA1_A1_A7_KfPS5_PA6_A1_A1_A9_A4_KiPA5_A6_A1_289_RAM_AUTO_1R1W' to 'p_ZZ15conv_ico_layer0PA1_A1_A5_A4_A8_fPA1_A1_A7_KfPS5_PA6_A1_A1_A9_A4_KiPA5_AbLp' due to the length limit 80
INFO: [SYN 201-210] Renamed object name 'p_ZZ15conv_ico_layer0PA1_A1_A5_A4_A8_fPA1_A1_A7_KfPS5_PA6_A1_A1_A9_A4_KiPA5_A6_A1_290_RAM_AUTO_1R1W' to 'p_ZZ15conv_ico_layer0PA1_A1_A5_A4_A8_fPA1_A1_A7_KfPS5_PA6_A1_A1_A9_A4_KiPA5_AbMq' due to the length limit 80
INFO: [SYN 201-210] Renamed object name 'p_ZZ15conv_ico_layer0PA1_A1_A5_A4_A8_fPA1_A1_A7_KfPS5_PA6_A1_A1_A9_A4_KiPA5_A6_A1_291_RAM_AUTO_1R1W' to 'p_ZZ15conv_ico_layer0PA1_A1_A5_A4_A8_fPA1_A1_A7_KfPS5_PA6_A1_A1_A9_A4_KiPA5_AbNq' due to the length limit 80
INFO: [SYN 201-210] Renamed object name 'p_ZZ15conv_ico_layer0PA1_A1_A5_A4_A8_fPA1_A1_A7_KfPS5_PA6_A1_A1_A9_A4_KiPA5_A6_A1_292_RAM_AUTO_1R1W' to 'p_ZZ15conv_ico_layer0PA1_A1_A5_A4_A8_fPA1_A1_A7_KfPS5_PA6_A1_A1_A9_A4_KiPA5_AbOq' due to the length limit 80
INFO: [SYN 201-210] Renamed object name 'p_ZZ15conv_ico_layer0PA1_A1_A5_A4_A8_fPA1_A1_A7_KfPS5_PA6_A1_A1_A9_A4_KiPA5_A6_A1_293_RAM_AUTO_1R1W' to 'p_ZZ15conv_ico_layer0PA1_A1_A5_A4_A8_fPA1_A1_A7_KfPS5_PA6_A1_A1_A9_A4_KiPA5_AbPq' due to the length limit 80
INFO: [SYN 201-210] Renamed object name 'p_ZZ15conv_ico_layer0PA1_A1_A5_A4_A8_fPA1_A1_A7_KfPS5_PA6_A1_A1_A9_A4_KiPA5_A6_A1_294_RAM_AUTO_1R1W' to 'p_ZZ15conv_ico_layer0PA1_A1_A5_A4_A8_fPA1_A1_A7_KfPS5_PA6_A1_A1_A9_A4_KiPA5_AbQq' due to the length limit 80
INFO: [SYN 201-210] Renamed object name 'p_ZZ15conv_ico_layer0PA1_A1_A5_A4_A8_fPA1_A1_A7_KfPS5_PA6_A1_A1_A9_A4_KiPA5_A6_A1_295_RAM_AUTO_1R1W' to 'p_ZZ15conv_ico_layer0PA1_A1_A5_A4_A8_fPA1_A1_A7_KfPS5_PA6_A1_A1_A9_A4_KiPA5_AbRq' due to the length limit 80
INFO: [SYN 201-210] Renamed object name 'p_ZZ15conv_ico_layer0PA1_A1_A5_A4_A8_fPA1_A1_A7_KfPS5_PA6_A1_A1_A9_A4_KiPA5_A6_A1_296_RAM_AUTO_1R1W' to 'p_ZZ15conv_ico_layer0PA1_A1_A5_A4_A8_fPA1_A1_A7_KfPS5_PA6_A1_A1_A9_A4_KiPA5_AbSr' due to the length limit 80
INFO: [SYN 201-210] Renamed object name 'p_ZZ15conv_ico_layer0PA1_A1_A5_A4_A8_fPA1_A1_A7_KfPS5_PA6_A1_A1_A9_A4_KiPA5_A6_A1_297_RAM_AUTO_1R1W' to 'p_ZZ15conv_ico_layer0PA1_A1_A5_A4_A8_fPA1_A1_A7_KfPS5_PA6_A1_A1_A9_A4_KiPA5_AbTr' due to the length limit 80
INFO: [SYN 201-210] Renamed object name 'p_ZZ15conv_ico_layer0PA1_A1_A5_A4_A8_fPA1_A1_A7_KfPS5_PA6_A1_A1_A9_A4_KiPA5_A6_A1_298_RAM_AUTO_1R1W' to 'p_ZZ15conv_ico_layer0PA1_A1_A5_A4_A8_fPA1_A1_A7_KfPS5_PA6_A1_A1_A9_A4_KiPA5_AbUr' due to the length limit 80
INFO: [SYN 201-210] Renamed object name 'p_ZZ15conv_ico_layer0PA1_A1_A5_A4_A8_fPA1_A1_A7_KfPS5_PA6_A1_A1_A9_A4_KiPA5_A6_A1_299_RAM_AUTO_1R1W' to 'p_ZZ15conv_ico_layer0PA1_A1_A5_A4_A8_fPA1_A1_A7_KfPS5_PA6_A1_A1_A9_A4_KiPA5_AbVr' due to the length limit 80
INFO: [SYN 201-210] Renamed object name 'p_ZZ15conv_ico_layer0PA1_A1_A5_A4_A8_fPA1_A1_A7_KfPS5_PA6_A1_A1_A9_A4_KiPA5_A6_A1_300_RAM_AUTO_1R1W' to 'p_ZZ15conv_ico_layer0PA1_A1_A5_A4_A8_fPA1_A1_A7_KfPS5_PA6_A1_A1_A9_A4_KiPA5_AbWr' due to the length limit 80
INFO: [SYN 201-210] Renamed object name 'p_ZZ15conv_ico_layer0PA1_A1_A5_A4_A8_fPA1_A1_A7_KfPS5_PA6_A1_A1_A9_A4_KiPA5_A6_A1_301_RAM_AUTO_1R1W' to 'p_ZZ15conv_ico_layer0PA1_A1_A5_A4_A8_fPA1_A1_A7_KfPS5_PA6_A1_A1_A9_A4_KiPA5_AbXr' due to the length limit 80
INFO: [SYN 201-210] Renamed object name 'p_ZZ15conv_ico_layer0PA1_A1_A5_A4_A8_fPA1_A1_A7_KfPS5_PA6_A1_A1_A9_A4_KiPA5_A6_A1_302_RAM_AUTO_1R1W' to 'p_ZZ15conv_ico_layer0PA1_A1_A5_A4_A8_fPA1_A1_A7_KfPS5_PA6_A1_A1_A9_A4_KiPA5_AbYs' due to the length limit 80
INFO: [SYN 201-210] Renamed object name 'p_ZZ15conv_ico_layer0PA1_A1_A5_A4_A8_fPA1_A1_A7_KfPS5_PA6_A1_A1_A9_A4_KiPA5_A6_A1_303_RAM_AUTO_1R1W' to 'p_ZZ15conv_ico_layer0PA1_A1_A5_A4_A8_fPA1_A1_A7_KfPS5_PA6_A1_A1_A9_A4_KiPA5_AbZs' due to the length limit 80
INFO: [SYN 201-210] Renamed object name 'p_ZZ15conv_ico_layer0PA1_A1_A5_A4_A8_fPA1_A1_A7_KfPS5_PA6_A1_A1_A9_A4_KiPA5_A6_A1_304_RAM_AUTO_1R1W' to 'p_ZZ15conv_ico_layer0PA1_A1_A5_A4_A8_fPA1_A1_A7_KfPS5_PA6_A1_A1_A9_A4_KiPA5_Ab0s' due to the length limit 80
INFO: [SYN 201-210] Renamed object name 'p_ZZ15conv_ico_layer0PA1_A1_A5_A4_A8_fPA1_A1_A7_KfPS5_PA6_A1_A1_A9_A4_KiPA5_A6_A1_305_RAM_AUTO_1R1W' to 'p_ZZ15conv_ico_layer0PA1_A1_A5_A4_A8_fPA1_A1_A7_KfPS5_PA6_A1_A1_A9_A4_KiPA5_Ab1s' due to the length limit 80
INFO: [SYN 201-210] Renamed object name 'p_ZZ15conv_ico_layer0PA1_A1_A5_A4_A8_fPA1_A1_A7_KfPS5_PA6_A1_A1_A9_A4_KiPA5_A6_A1_306_RAM_AUTO_1R1W' to 'p_ZZ15conv_ico_layer0PA1_A1_A5_A4_A8_fPA1_A1_A7_KfPS5_PA6_A1_A1_A9_A4_KiPA5_Ab2s' due to the length limit 80
INFO: [SYN 201-210] Renamed object name 'p_ZZ15conv_ico_layer0PA1_A1_A5_A4_A8_fPA1_A1_A7_KfPS5_PA6_A1_A1_A9_A4_KiPA5_A6_A1_307_RAM_AUTO_1R1W' to 'p_ZZ15conv_ico_layer0PA1_A1_A5_A4_A8_fPA1_A1_A7_KfPS5_PA6_A1_A1_A9_A4_KiPA5_Ab3s' due to the length limit 80
INFO: [SYN 201-210] Renamed object name 'p_ZZ15conv_ico_layer0PA1_A1_A5_A4_A8_fPA1_A1_A7_KfPS5_PA6_A1_A1_A9_A4_KiPA5_A6_A1_308_RAM_AUTO_1R1W' to 'p_ZZ15conv_ico_layer0PA1_A1_A5_A4_A8_fPA1_A1_A7_KfPS5_PA6_A1_A1_A9_A4_KiPA5_Ab4t' due to the length limit 80
INFO: [SYN 201-210] Renamed object name 'p_ZZ15conv_ico_layer0PA1_A1_A5_A4_A8_fPA1_A1_A7_KfPS5_PA6_A1_A1_A9_A4_KiPA5_A6_A1_309_RAM_AUTO_1R1W' to 'p_ZZ15conv_ico_layer0PA1_A1_A5_A4_A8_fPA1_A1_A7_KfPS5_PA6_A1_A1_A9_A4_KiPA5_Ab5t' due to the length limit 80
INFO: [SYN 201-210] Renamed object name 'p_ZZ15conv_ico_layer0PA1_A1_A5_A4_A8_fPA1_A1_A7_KfPS5_PA6_A1_A1_A9_A4_KiPA5_A6_A1_310_RAM_AUTO_1R1W' to 'p_ZZ15conv_ico_layer0PA1_A1_A5_A4_A8_fPA1_A1_A7_KfPS5_PA6_A1_A1_A9_A4_KiPA5_Ab6t' due to the length limit 80
INFO: [SYN 201-210] Renamed object name 'p_ZZ15conv_ico_layer0PA1_A1_A5_A4_A8_fPA1_A1_A7_KfPS5_PA6_A1_A1_A9_A4_KiPA5_A6_A1_311_RAM_AUTO_1R1W' to 'p_ZZ15conv_ico_layer0PA1_A1_A5_A4_A8_fPA1_A1_A7_KfPS5_PA6_A1_A1_A9_A4_KiPA5_Ab7t' due to the length limit 80
INFO: [SYN 201-210] Renamed object name 'p_ZZ15conv_ico_layer0PA1_A1_A5_A4_A8_fPA1_A1_A7_KfPS5_PA6_A1_A1_A9_A4_KiPA5_A6_A1_312_RAM_AUTO_1R1W' to 'p_ZZ15conv_ico_layer0PA1_A1_A5_A4_A8_fPA1_A1_A7_KfPS5_PA6_A1_A1_A9_A4_KiPA5_Ab8t' due to the length limit 80
INFO: [SYN 201-210] Renamed object name 'p_ZZ15conv_ico_layer0PA1_A1_A5_A4_A8_fPA1_A1_A7_KfPS5_PA6_A1_A1_A9_A4_KiPA5_A6_A1_313_RAM_AUTO_1R1W' to 'p_ZZ15conv_ico_layer0PA1_A1_A5_A4_A8_fPA1_A1_A7_KfPS5_PA6_A1_A1_A9_A4_KiPA5_Ab9t' due to the length limit 80
INFO: [SYN 201-210] Renamed object name 'p_ZZ15conv_ico_layer0PA1_A1_A5_A4_A8_fPA1_A1_A7_KfPS5_PA6_A1_A1_A9_A4_KiPA5_A6_A1_314_RAM_AUTO_1R1W' to 'p_ZZ15conv_ico_layer0PA1_A1_A5_A4_A8_fPA1_A1_A7_KfPS5_PA6_A1_A1_A9_A4_KiPA5_Acau' due to the length limit 80
INFO: [SYN 201-210] Renamed object name 'p_ZZ15conv_ico_layer0PA1_A1_A5_A4_A8_fPA1_A1_A7_KfPS5_PA6_A1_A1_A9_A4_KiPA5_A6_A1_315_RAM_AUTO_1R1W' to 'p_ZZ15conv_ico_layer0PA1_A1_A5_A4_A8_fPA1_A1_A7_KfPS5_PA6_A1_A1_A9_A4_KiPA5_Acbu' due to the length limit 80
INFO: [SYN 201-210] Renamed object name 'p_ZZ15conv_ico_layer0PA1_A1_A5_A4_A8_fPA1_A1_A7_KfPS5_PA6_A1_A1_A9_A4_KiPA5_A6_A1_316_RAM_AUTO_1R1W' to 'p_ZZ15conv_ico_layer0PA1_A1_A5_A4_A8_fPA1_A1_A7_KfPS5_PA6_A1_A1_A9_A4_KiPA5_Accu' due to the length limit 80
INFO: [SYN 201-210] Renamed object name 'p_ZZ15conv_ico_layer0PA1_A1_A5_A4_A8_fPA1_A1_A7_KfPS5_PA6_A1_A1_A9_A4_KiPA5_A6_A1_317_RAM_AUTO_1R1W' to 'p_ZZ15conv_ico_layer0PA1_A1_A5_A4_A8_fPA1_A1_A7_KfPS5_PA6_A1_A1_A9_A4_KiPA5_Acdu' due to the length limit 80
INFO: [SYN 201-210] Renamed object name 'p_ZZ15conv_ico_layer0PA1_A1_A5_A4_A8_fPA1_A1_A7_KfPS5_PA6_A1_A1_A9_A4_KiPA5_A6_A1_318_RAM_AUTO_1R1W' to 'p_ZZ15conv_ico_layer0PA1_A1_A5_A4_A8_fPA1_A1_A7_KfPS5_PA6_A1_A1_A9_A4_KiPA5_Aceu' due to the length limit 80
INFO: [SYN 201-210] Renamed object name 'p_ZZ15conv_ico_layer0PA1_A1_A5_A4_A8_fPA1_A1_A7_KfPS5_PA6_A1_A1_A9_A4_KiPA5_A6_A1_99_RAM_AUTO_1R1W' to 'p_ZZ15conv_ico_layer0PA1_A1_A5_A4_A8_fPA1_A1_A7_KfPS5_PA6_A1_A1_A9_A4_KiPA5_Acfu' due to the length limit 80
INFO: [SYN 201-210] Renamed object name 'p_ZZ15conv_ico_layer0PA1_A1_A5_A4_A8_fPA1_A1_A7_KfPS5_PA6_A1_A1_A9_A4_KiPA5_A6_A1_98_RAM_AUTO_1R1W' to 'p_ZZ15conv_ico_layer0PA1_A1_A5_A4_A8_fPA1_A1_A7_KfPS5_PA6_A1_A1_A9_A4_KiPA5_Acgu' due to the length limit 80
INFO: [SYN 201-210] Renamed object name 'p_ZZ15conv_ico_layer0PA1_A1_A5_A4_A8_fPA1_A1_A7_KfPS5_PA6_A1_A1_A9_A4_KiPA5_A6_A1_97_RAM_AUTO_1R1W' to 'p_ZZ15conv_ico_layer0PA1_A1_A5_A4_A8_fPA1_A1_A7_KfPS5_PA6_A1_A1_A9_A4_KiPA5_Achv' due to the length limit 80
INFO: [SYN 201-210] Renamed object name 'p_ZZ15conv_ico_layer0PA1_A1_A5_A4_A8_fPA1_A1_A7_KfPS5_PA6_A1_A1_A9_A4_KiPA5_A6_A1_96_RAM_AUTO_1R1W' to 'p_ZZ15conv_ico_layer0PA1_A1_A5_A4_A8_fPA1_A1_A7_KfPS5_PA6_A1_A1_A9_A4_KiPA5_Aciv' due to the length limit 80
INFO: [SYN 201-210] Renamed object name 'p_ZZ15conv_ico_layer0PA1_A1_A5_A4_A8_fPA1_A1_A7_KfPS5_PA6_A1_A1_A9_A4_KiPA5_A6_A1_95_RAM_AUTO_1R1W' to 'p_ZZ15conv_ico_layer0PA1_A1_A5_A4_A8_fPA1_A1_A7_KfPS5_PA6_A1_A1_A9_A4_KiPA5_Acjv' due to the length limit 80
INFO: [SYN 201-210] Renamed object name 'p_ZZ15conv_ico_layer0PA1_A1_A5_A4_A8_fPA1_A1_A7_KfPS5_PA6_A1_A1_A9_A4_KiPA5_A6_A1_94_RAM_AUTO_1R1W' to 'p_ZZ15conv_ico_layer0PA1_A1_A5_A4_A8_fPA1_A1_A7_KfPS5_PA6_A1_A1_A9_A4_KiPA5_Ackv' due to the length limit 80
INFO: [SYN 201-210] Renamed object name 'p_ZZ15conv_ico_layer0PA1_A1_A5_A4_A8_fPA1_A1_A7_KfPS5_PA6_A1_A1_A9_A4_KiPA5_A6_A1_93_RAM_AUTO_1R1W' to 'p_ZZ15conv_ico_layer0PA1_A1_A5_A4_A8_fPA1_A1_A7_KfPS5_PA6_A1_A1_A9_A4_KiPA5_Aclv' due to the length limit 80
INFO: [SYN 201-210] Renamed object name 'p_ZZ15conv_ico_layer0PA1_A1_A5_A4_A8_fPA1_A1_A7_KfPS5_PA6_A1_A1_A9_A4_KiPA5_A6_A1_92_RAM_AUTO_1R1W' to 'p_ZZ15conv_ico_layer0PA1_A1_A5_A4_A8_fPA1_A1_A7_KfPS5_PA6_A1_A1_A9_A4_KiPA5_Acmv' due to the length limit 80
INFO: [SYN 201-210] Renamed object name 'p_ZZ15conv_ico_layer0PA1_A1_A5_A4_A8_fPA1_A1_A7_KfPS5_PA6_A1_A1_A9_A4_KiPA5_A6_A1_91_RAM_AUTO_1R1W' to 'p_ZZ15conv_ico_layer0PA1_A1_A5_A4_A8_fPA1_A1_A7_KfPS5_PA6_A1_A1_A9_A4_KiPA5_Acnw' due to the length limit 80
INFO: [SYN 201-210] Renamed object name 'p_ZZ15conv_ico_layer0PA1_A1_A5_A4_A8_fPA1_A1_A7_KfPS5_PA6_A1_A1_A9_A4_KiPA5_A6_A1_90_RAM_AUTO_1R1W' to 'p_ZZ15conv_ico_layer0PA1_A1_A5_A4_A8_fPA1_A1_A7_KfPS5_PA6_A1_A1_A9_A4_KiPA5_Acow' due to the length limit 80
INFO: [SYN 201-210] Renamed object name 'p_ZZ15conv_ico_layer0PA1_A1_A5_A4_A8_fPA1_A1_A7_KfPS5_PA6_A1_A1_A9_A4_KiPA5_A6_A1_89_RAM_AUTO_1R1W' to 'p_ZZ15conv_ico_layer0PA1_A1_A5_A4_A8_fPA1_A1_A7_KfPS5_PA6_A1_A1_A9_A4_KiPA5_Acpw' due to the length limit 80
INFO: [SYN 201-210] Renamed object name 'p_ZZ15conv_ico_layer0PA1_A1_A5_A4_A8_fPA1_A1_A7_KfPS5_PA6_A1_A1_A9_A4_KiPA5_A6_A1_88_RAM_AUTO_1R1W' to 'p_ZZ15conv_ico_layer0PA1_A1_A5_A4_A8_fPA1_A1_A7_KfPS5_PA6_A1_A1_A9_A4_KiPA5_Acqw' due to the length limit 80
INFO: [SYN 201-210] Renamed object name 'p_ZZ15conv_ico_layer0PA1_A1_A5_A4_A8_fPA1_A1_A7_KfPS5_PA6_A1_A1_A9_A4_KiPA5_A6_A1_87_RAM_AUTO_1R1W' to 'p_ZZ15conv_ico_layer0PA1_A1_A5_A4_A8_fPA1_A1_A7_KfPS5_PA6_A1_A1_A9_A4_KiPA5_Acrw' due to the length limit 80
INFO: [SYN 201-210] Renamed object name 'p_ZZ15conv_ico_layer0PA1_A1_A5_A4_A8_fPA1_A1_A7_KfPS5_PA6_A1_A1_A9_A4_KiPA5_A6_A1_86_RAM_AUTO_1R1W' to 'p_ZZ15conv_ico_layer0PA1_A1_A5_A4_A8_fPA1_A1_A7_KfPS5_PA6_A1_A1_A9_A4_KiPA5_Acsw' due to the length limit 80
INFO: [SYN 201-210] Renamed object name 'p_ZZ15conv_ico_layer0PA1_A1_A5_A4_A8_fPA1_A1_A7_KfPS5_PA6_A1_A1_A9_A4_KiPA5_A6_A1_85_RAM_AUTO_1R1W' to 'p_ZZ15conv_ico_layer0PA1_A1_A5_A4_A8_fPA1_A1_A7_KfPS5_PA6_A1_A1_A9_A4_KiPA5_Actx' due to the length limit 80
INFO: [SYN 201-210] Renamed object name 'p_ZZ15conv_ico_layer0PA1_A1_A5_A4_A8_fPA1_A1_A7_KfPS5_PA6_A1_A1_A9_A4_KiPA5_A6_A1_84_RAM_AUTO_1R1W' to 'p_ZZ15conv_ico_layer0PA1_A1_A5_A4_A8_fPA1_A1_A7_KfPS5_PA6_A1_A1_A9_A4_KiPA5_Acux' due to the length limit 80
INFO: [SYN 201-210] Renamed object name 'p_ZZ15conv_ico_layer0PA1_A1_A5_A4_A8_fPA1_A1_A7_KfPS5_PA6_A1_A1_A9_A4_KiPA5_A6_A1_83_RAM_AUTO_1R1W' to 'p_ZZ15conv_ico_layer0PA1_A1_A5_A4_A8_fPA1_A1_A7_KfPS5_PA6_A1_A1_A9_A4_KiPA5_Acvx' due to the length limit 80
INFO: [SYN 201-210] Renamed object name 'p_ZZ15conv_ico_layer0PA1_A1_A5_A4_A8_fPA1_A1_A7_KfPS5_PA6_A1_A1_A9_A4_KiPA5_A6_A1_82_RAM_AUTO_1R1W' to 'p_ZZ15conv_ico_layer0PA1_A1_A5_A4_A8_fPA1_A1_A7_KfPS5_PA6_A1_A1_A9_A4_KiPA5_Acwx' due to the length limit 80
INFO: [SYN 201-210] Renamed object name 'p_ZZ15conv_ico_layer0PA1_A1_A5_A4_A8_fPA1_A1_A7_KfPS5_PA6_A1_A1_A9_A4_KiPA5_A6_A1_81_RAM_AUTO_1R1W' to 'p_ZZ15conv_ico_layer0PA1_A1_A5_A4_A8_fPA1_A1_A7_KfPS5_PA6_A1_A1_A9_A4_KiPA5_Acxx' due to the length limit 80
INFO: [SYN 201-210] Renamed object name 'p_ZZ15conv_ico_layer0PA1_A1_A5_A4_A8_fPA1_A1_A7_KfPS5_PA6_A1_A1_A9_A4_KiPA5_A6_A1_80_RAM_AUTO_1R1W' to 'p_ZZ15conv_ico_layer0PA1_A1_A5_A4_A8_fPA1_A1_A7_KfPS5_PA6_A1_A1_A9_A4_KiPA5_Acyx' due to the length limit 80
INFO: [SYN 201-210] Renamed object name 'p_ZZ15conv_ico_layer0PA1_A1_A5_A4_A8_fPA1_A1_A7_KfPS5_PA6_A1_A1_A9_A4_KiPA5_A6_A1_79_RAM_AUTO_1R1W' to 'p_ZZ15conv_ico_layer0PA1_A1_A5_A4_A8_fPA1_A1_A7_KfPS5_PA6_A1_A1_A9_A4_KiPA5_Aczy' due to the length limit 80
INFO: [SYN 201-210] Renamed object name 'p_ZZ15conv_ico_layer0PA1_A1_A5_A4_A8_fPA1_A1_A7_KfPS5_PA6_A1_A1_A9_A4_KiPA5_A6_A1_78_RAM_AUTO_1R1W' to 'p_ZZ15conv_ico_layer0PA1_A1_A5_A4_A8_fPA1_A1_A7_KfPS5_PA6_A1_A1_A9_A4_KiPA5_AcAy' due to the length limit 80
INFO: [SYN 201-210] Renamed object name 'p_ZZ15conv_ico_layer0PA1_A1_A5_A4_A8_fPA1_A1_A7_KfPS5_PA6_A1_A1_A9_A4_KiPA5_A6_A1_77_RAM_AUTO_1R1W' to 'p_ZZ15conv_ico_layer0PA1_A1_A5_A4_A8_fPA1_A1_A7_KfPS5_PA6_A1_A1_A9_A4_KiPA5_AcBy' due to the length limit 80
INFO: [SYN 201-210] Renamed object name 'p_ZZ15conv_ico_layer0PA1_A1_A5_A4_A8_fPA1_A1_A7_KfPS5_PA6_A1_A1_A9_A4_KiPA5_A6_A1_76_RAM_AUTO_1R1W' to 'p_ZZ15conv_ico_layer0PA1_A1_A5_A4_A8_fPA1_A1_A7_KfPS5_PA6_A1_A1_A9_A4_KiPA5_AcCy' due to the length limit 80
INFO: [SYN 201-210] Renamed object name 'p_ZZ15conv_ico_layer0PA1_A1_A5_A4_A8_fPA1_A1_A7_KfPS5_PA6_A1_A1_A9_A4_KiPA5_A6_A1_75_RAM_AUTO_1R1W' to 'p_ZZ15conv_ico_layer0PA1_A1_A5_A4_A8_fPA1_A1_A7_KfPS5_PA6_A1_A1_A9_A4_KiPA5_AcDy' due to the length limit 80
INFO: [SYN 201-210] Renamed object name 'p_ZZ15conv_ico_layer0PA1_A1_A5_A4_A8_fPA1_A1_A7_KfPS5_PA6_A1_A1_A9_A4_KiPA5_A6_A1_74_RAM_AUTO_1R1W' to 'p_ZZ15conv_ico_layer0PA1_A1_A5_A4_A8_fPA1_A1_A7_KfPS5_PA6_A1_A1_A9_A4_KiPA5_AcEy' due to the length limit 80
INFO: [SYN 201-210] Renamed object name 'p_ZZ15conv_ico_layer0PA1_A1_A5_A4_A8_fPA1_A1_A7_KfPS5_PA6_A1_A1_A9_A4_KiPA5_A6_A1_73_RAM_AUTO_1R1W' to 'p_ZZ15conv_ico_layer0PA1_A1_A5_A4_A8_fPA1_A1_A7_KfPS5_PA6_A1_A1_A9_A4_KiPA5_AcFz' due to the length limit 80
INFO: [SYN 201-210] Renamed object name 'p_ZZ15conv_ico_layer0PA1_A1_A5_A4_A8_fPA1_A1_A7_KfPS5_PA6_A1_A1_A9_A4_KiPA5_A6_A1_72_RAM_AUTO_1R1W' to 'p_ZZ15conv_ico_layer0PA1_A1_A5_A4_A8_fPA1_A1_A7_KfPS5_PA6_A1_A1_A9_A4_KiPA5_AcGz' due to the length limit 80
INFO: [SYN 201-210] Renamed object name 'p_ZZ15conv_ico_layer0PA1_A1_A5_A4_A8_fPA1_A1_A7_KfPS5_PA6_A1_A1_A9_A4_KiPA5_A6_A1_71_RAM_AUTO_1R1W' to 'p_ZZ15conv_ico_layer0PA1_A1_A5_A4_A8_fPA1_A1_A7_KfPS5_PA6_A1_A1_A9_A4_KiPA5_AcHz' due to the length limit 80
INFO: [SYN 201-210] Renamed object name 'p_ZZ15conv_ico_layer0PA1_A1_A5_A4_A8_fPA1_A1_A7_KfPS5_PA6_A1_A1_A9_A4_KiPA5_A6_A1_70_RAM_AUTO_1R1W' to 'p_ZZ15conv_ico_layer0PA1_A1_A5_A4_A8_fPA1_A1_A7_KfPS5_PA6_A1_A1_A9_A4_KiPA5_AcIz' due to the length limit 80
INFO: [SYN 201-210] Renamed object name 'p_ZZ15conv_ico_layer0PA1_A1_A5_A4_A8_fPA1_A1_A7_KfPS5_PA6_A1_A1_A9_A4_KiPA5_A6_A1_69_RAM_AUTO_1R1W' to 'p_ZZ15conv_ico_layer0PA1_A1_A5_A4_A8_fPA1_A1_A7_KfPS5_PA6_A1_A1_A9_A4_KiPA5_AcJz' due to the length limit 80
INFO: [SYN 201-210] Renamed object name 'p_ZZ15conv_ico_layer0PA1_A1_A5_A4_A8_fPA1_A1_A7_KfPS5_PA6_A1_A1_A9_A4_KiPA5_A6_A1_68_RAM_AUTO_1R1W' to 'p_ZZ15conv_ico_layer0PA1_A1_A5_A4_A8_fPA1_A1_A7_KfPS5_PA6_A1_A1_A9_A4_KiPA5_AcKz' due to the length limit 80
INFO: [SYN 201-210] Renamed object name 'p_ZZ15conv_ico_layer0PA1_A1_A5_A4_A8_fPA1_A1_A7_KfPS5_PA6_A1_A1_A9_A4_KiPA5_A6_A1_67_RAM_AUTO_1R1W' to 'p_ZZ15conv_ico_layer0PA1_A1_A5_A4_A8_fPA1_A1_A7_KfPS5_PA6_A1_A1_A9_A4_KiPA5_AcLz' due to the length limit 80
INFO: [SYN 201-210] Renamed object name 'p_ZZ15conv_ico_layer0PA1_A1_A5_A4_A8_fPA1_A1_A7_KfPS5_PA6_A1_A1_A9_A4_KiPA5_A6_A1_66_RAM_AUTO_1R1W' to 'p_ZZ15conv_ico_layer0PA1_A1_A5_A4_A8_fPA1_A1_A7_KfPS5_PA6_A1_A1_A9_A4_KiPA5_AcMA' due to the length limit 80
INFO: [SYN 201-210] Renamed object name 'p_ZZ15conv_ico_layer0PA1_A1_A5_A4_A8_fPA1_A1_A7_KfPS5_PA6_A1_A1_A9_A4_KiPA5_A6_A1_65_RAM_AUTO_1R1W' to 'p_ZZ15conv_ico_layer0PA1_A1_A5_A4_A8_fPA1_A1_A7_KfPS5_PA6_A1_A1_A9_A4_KiPA5_AcNA' due to the length limit 80
INFO: [SYN 201-210] Renamed object name 'p_ZZ15conv_ico_layer0PA1_A1_A5_A4_A8_fPA1_A1_A7_KfPS5_PA6_A1_A1_A9_A4_KiPA5_A6_A1_64_RAM_AUTO_1R1W' to 'p_ZZ15conv_ico_layer0PA1_A1_A5_A4_A8_fPA1_A1_A7_KfPS5_PA6_A1_A1_A9_A4_KiPA5_AcOA' due to the length limit 80
INFO: [SYN 201-210] Renamed object name 'p_ZZ15conv_ico_layer0PA1_A1_A5_A4_A8_fPA1_A1_A7_KfPS5_PA6_A1_A1_A9_A4_KiPA5_A6_A1_63_RAM_AUTO_1R1W' to 'p_ZZ15conv_ico_layer0PA1_A1_A5_A4_A8_fPA1_A1_A7_KfPS5_PA6_A1_A1_A9_A4_KiPA5_AcPA' due to the length limit 80
INFO: [SYN 201-210] Renamed object name 'p_ZZ15conv_ico_layer0PA1_A1_A5_A4_A8_fPA1_A1_A7_KfPS5_PA6_A1_A1_A9_A4_KiPA5_A6_A1_62_RAM_AUTO_1R1W' to 'p_ZZ15conv_ico_layer0PA1_A1_A5_A4_A8_fPA1_A1_A7_KfPS5_PA6_A1_A1_A9_A4_KiPA5_AcQA' due to the length limit 80
INFO: [SYN 201-210] Renamed object name 'p_ZZ15conv_ico_layer0PA1_A1_A5_A4_A8_fPA1_A1_A7_KfPS5_PA6_A1_A1_A9_A4_KiPA5_A6_A1_61_RAM_AUTO_1R1W' to 'p_ZZ15conv_ico_layer0PA1_A1_A5_A4_A8_fPA1_A1_A7_KfPS5_PA6_A1_A1_A9_A4_KiPA5_AcRA' due to the length limit 80
INFO: [SYN 201-210] Renamed object name 'p_ZZ15conv_ico_layer0PA1_A1_A5_A4_A8_fPA1_A1_A7_KfPS5_PA6_A1_A1_A9_A4_KiPA5_A6_A1_60_RAM_AUTO_1R1W' to 'p_ZZ15conv_ico_layer0PA1_A1_A5_A4_A8_fPA1_A1_A7_KfPS5_PA6_A1_A1_A9_A4_KiPA5_AcSB' due to the length limit 80
INFO: [SYN 201-210] Renamed object name 'p_ZZ15conv_ico_layer0PA1_A1_A5_A4_A8_fPA1_A1_A7_KfPS5_PA6_A1_A1_A9_A4_KiPA5_A6_A1_59_RAM_AUTO_1R1W' to 'p_ZZ15conv_ico_layer0PA1_A1_A5_A4_A8_fPA1_A1_A7_KfPS5_PA6_A1_A1_A9_A4_KiPA5_AcTB' due to the length limit 80
INFO: [SYN 201-210] Renamed object name 'p_ZZ15conv_ico_layer0PA1_A1_A5_A4_A8_fPA1_A1_A7_KfPS5_PA6_A1_A1_A9_A4_KiPA5_A6_A1_58_RAM_AUTO_1R1W' to 'p_ZZ15conv_ico_layer0PA1_A1_A5_A4_A8_fPA1_A1_A7_KfPS5_PA6_A1_A1_A9_A4_KiPA5_AcUB' due to the length limit 80
INFO: [SYN 201-210] Renamed object name 'p_ZZ15conv_ico_layer0PA1_A1_A5_A4_A8_fPA1_A1_A7_KfPS5_PA6_A1_A1_A9_A4_KiPA5_A6_A1_57_RAM_AUTO_1R1W' to 'p_ZZ15conv_ico_layer0PA1_A1_A5_A4_A8_fPA1_A1_A7_KfPS5_PA6_A1_A1_A9_A4_KiPA5_AcVB' due to the length limit 80
INFO: [SYN 201-210] Renamed object name 'p_ZZ15conv_ico_layer0PA1_A1_A5_A4_A8_fPA1_A1_A7_KfPS5_PA6_A1_A1_A9_A4_KiPA5_A6_A1_56_RAM_AUTO_1R1W' to 'p_ZZ15conv_ico_layer0PA1_A1_A5_A4_A8_fPA1_A1_A7_KfPS5_PA6_A1_A1_A9_A4_KiPA5_AcWB' due to the length limit 80
INFO: [SYN 201-210] Renamed object name 'p_ZZ15conv_ico_layer0PA1_A1_A5_A4_A8_fPA1_A1_A7_KfPS5_PA6_A1_A1_A9_A4_KiPA5_A6_A1_55_RAM_AUTO_1R1W' to 'p_ZZ15conv_ico_layer0PA1_A1_A5_A4_A8_fPA1_A1_A7_KfPS5_PA6_A1_A1_A9_A4_KiPA5_AcXB' due to the length limit 80
INFO: [SYN 201-210] Renamed object name 'p_ZZ15conv_ico_layer0PA1_A1_A5_A4_A8_fPA1_A1_A7_KfPS5_PA6_A1_A1_A9_A4_KiPA5_A6_A1_54_RAM_AUTO_1R1W' to 'p_ZZ15conv_ico_layer0PA1_A1_A5_A4_A8_fPA1_A1_A7_KfPS5_PA6_A1_A1_A9_A4_KiPA5_AcYC' due to the length limit 80
INFO: [SYN 201-210] Renamed object name 'p_ZZ15conv_ico_layer0PA1_A1_A5_A4_A8_fPA1_A1_A7_KfPS5_PA6_A1_A1_A9_A4_KiPA5_A6_A1_53_RAM_AUTO_1R1W' to 'p_ZZ15conv_ico_layer0PA1_A1_A5_A4_A8_fPA1_A1_A7_KfPS5_PA6_A1_A1_A9_A4_KiPA5_AcZC' due to the length limit 80
INFO: [SYN 201-210] Renamed object name 'p_ZZ15conv_ico_layer0PA1_A1_A5_A4_A8_fPA1_A1_A7_KfPS5_PA6_A1_A1_A9_A4_KiPA5_A6_A1_52_RAM_AUTO_1R1W' to 'p_ZZ15conv_ico_layer0PA1_A1_A5_A4_A8_fPA1_A1_A7_KfPS5_PA6_A1_A1_A9_A4_KiPA5_Ac0C' due to the length limit 80
INFO: [SYN 201-210] Renamed object name 'p_ZZ15conv_ico_layer0PA1_A1_A5_A4_A8_fPA1_A1_A7_KfPS5_PA6_A1_A1_A9_A4_KiPA5_A6_A1_51_RAM_AUTO_1R1W' to 'p_ZZ15conv_ico_layer0PA1_A1_A5_A4_A8_fPA1_A1_A7_KfPS5_PA6_A1_A1_A9_A4_KiPA5_Ac1C' due to the length limit 80
INFO: [SYN 201-210] Renamed object name 'p_ZZ15conv_ico_layer0PA1_A1_A5_A4_A8_fPA1_A1_A7_KfPS5_PA6_A1_A1_A9_A4_KiPA5_A6_A1_50_RAM_AUTO_1R1W' to 'p_ZZ15conv_ico_layer0PA1_A1_A5_A4_A8_fPA1_A1_A7_KfPS5_PA6_A1_A1_A9_A4_KiPA5_Ac2C' due to the length limit 80
INFO: [SYN 201-210] Renamed object name 'p_ZZ15conv_ico_layer0PA1_A1_A5_A4_A8_fPA1_A1_A7_KfPS5_PA6_A1_A1_A9_A4_KiPA5_A6_A1_49_RAM_AUTO_1R1W' to 'p_ZZ15conv_ico_layer0PA1_A1_A5_A4_A8_fPA1_A1_A7_KfPS5_PA6_A1_A1_A9_A4_KiPA5_Ac3C' due to the length limit 80
INFO: [SYN 201-210] Renamed object name 'p_ZZ15conv_ico_layer0PA1_A1_A5_A4_A8_fPA1_A1_A7_KfPS5_PA6_A1_A1_A9_A4_KiPA5_A6_A1_48_RAM_AUTO_1R1W' to 'p_ZZ15conv_ico_layer0PA1_A1_A5_A4_A8_fPA1_A1_A7_KfPS5_PA6_A1_A1_A9_A4_KiPA5_Ac4D' due to the length limit 80
INFO: [SYN 201-210] Renamed object name 'p_ZZ15conv_ico_layer0PA1_A1_A5_A4_A8_fPA1_A1_A7_KfPS5_PA6_A1_A1_A9_A4_KiPA5_A6_A1_47_RAM_AUTO_1R1W' to 'p_ZZ15conv_ico_layer0PA1_A1_A5_A4_A8_fPA1_A1_A7_KfPS5_PA6_A1_A1_A9_A4_KiPA5_Ac5D' due to the length limit 80
INFO: [SYN 201-210] Renamed object name 'p_ZZ15conv_ico_layer0PA1_A1_A5_A4_A8_fPA1_A1_A7_KfPS5_PA6_A1_A1_A9_A4_KiPA5_A6_A1_46_RAM_AUTO_1R1W' to 'p_ZZ15conv_ico_layer0PA1_A1_A5_A4_A8_fPA1_A1_A7_KfPS5_PA6_A1_A1_A9_A4_KiPA5_Ac6D' due to the length limit 80
INFO: [SYN 201-210] Renamed object name 'p_ZZ15conv_ico_layer0PA1_A1_A5_A4_A8_fPA1_A1_A7_KfPS5_PA6_A1_A1_A9_A4_KiPA5_A6_A1_45_RAM_AUTO_1R1W' to 'p_ZZ15conv_ico_layer0PA1_A1_A5_A4_A8_fPA1_A1_A7_KfPS5_PA6_A1_A1_A9_A4_KiPA5_Ac7D' due to the length limit 80
INFO: [SYN 201-210] Renamed object name 'p_ZZ15conv_ico_layer0PA1_A1_A5_A4_A8_fPA1_A1_A7_KfPS5_PA6_A1_A1_A9_A4_KiPA5_A6_A1_44_RAM_AUTO_1R1W' to 'p_ZZ15conv_ico_layer0PA1_A1_A5_A4_A8_fPA1_A1_A7_KfPS5_PA6_A1_A1_A9_A4_KiPA5_Ac8D' due to the length limit 80
INFO: [SYN 201-210] Renamed object name 'p_ZZ15conv_ico_layer0PA1_A1_A5_A4_A8_fPA1_A1_A7_KfPS5_PA6_A1_A1_A9_A4_KiPA5_A6_A1_43_RAM_AUTO_1R1W' to 'p_ZZ15conv_ico_layer0PA1_A1_A5_A4_A8_fPA1_A1_A7_KfPS5_PA6_A1_A1_A9_A4_KiPA5_Ac9D' due to the length limit 80
INFO: [SYN 201-210] Renamed object name 'p_ZZ15conv_ico_layer0PA1_A1_A5_A4_A8_fPA1_A1_A7_KfPS5_PA6_A1_A1_A9_A4_KiPA5_A6_A1_42_RAM_AUTO_1R1W' to 'p_ZZ15conv_ico_layer0PA1_A1_A5_A4_A8_fPA1_A1_A7_KfPS5_PA6_A1_A1_A9_A4_KiPA5_AdaE' due to the length limit 80
INFO: [SYN 201-210] Renamed object name 'p_ZZ15conv_ico_layer0PA1_A1_A5_A4_A8_fPA1_A1_A7_KfPS5_PA6_A1_A1_A9_A4_KiPA5_A6_A1_41_RAM_AUTO_1R1W' to 'p_ZZ15conv_ico_layer0PA1_A1_A5_A4_A8_fPA1_A1_A7_KfPS5_PA6_A1_A1_A9_A4_KiPA5_AdbE' due to the length limit 80
INFO: [SYN 201-210] Renamed object name 'p_ZZ15conv_ico_layer0PA1_A1_A5_A4_A8_fPA1_A1_A7_KfPS5_PA6_A1_A1_A9_A4_KiPA5_A6_A1_40_RAM_AUTO_1R1W' to 'p_ZZ15conv_ico_layer0PA1_A1_A5_A4_A8_fPA1_A1_A7_KfPS5_PA6_A1_A1_A9_A4_KiPA5_AdcE' due to the length limit 80
INFO: [SYN 201-210] Renamed object name 'p_ZZ15conv_ico_layer0PA1_A1_A5_A4_A8_fPA1_A1_A7_KfPS5_PA6_A1_A1_A9_A4_KiPA5_A6_A1_39_RAM_AUTO_1R1W' to 'p_ZZ15conv_ico_layer0PA1_A1_A5_A4_A8_fPA1_A1_A7_KfPS5_PA6_A1_A1_A9_A4_KiPA5_AddE' due to the length limit 80
INFO: [SYN 201-210] Renamed object name 'p_ZZ15conv_ico_layer0PA1_A1_A5_A4_A8_fPA1_A1_A7_KfPS5_PA6_A1_A1_A9_A4_KiPA5_A6_A1_38_RAM_AUTO_1R1W' to 'p_ZZ15conv_ico_layer0PA1_A1_A5_A4_A8_fPA1_A1_A7_KfPS5_PA6_A1_A1_A9_A4_KiPA5_AdeE' due to the length limit 80
WARNING: [RTGEN 206-101] RTL name 'p_ZZ15conv_ico_layer0PA1_A1_A5_A4_A8_fPA1_A1_A7_KfPS5_PA6_A1_A1_A9_A4_KiPA5_AdeE' is changed to 'p_ZZ15conv_ico_layer0PA1_A1_A5_A4_A8_fPA1_A1_A7_KfPS5_PA6_A1_A1_A9_A4_KiPA5_AdeE_x' due to conflict.
INFO: [SYN 201-210] Renamed object name 'p_ZZ15conv_ico_layer0PA1_A1_A5_A4_A8_fPA1_A1_A7_KfPS5_PA6_A1_A1_A9_A4_KiPA5_A6_A1_37_RAM_AUTO_1R1W' to 'p_ZZ15conv_ico_layer0PA1_A1_A5_A4_A8_fPA1_A1_A7_KfPS5_PA6_A1_A1_A9_A4_KiPA5_AdfE' due to the length limit 80
INFO: [SYN 201-210] Renamed object name 'p_ZZ15conv_ico_layer0PA1_A1_A5_A4_A8_fPA1_A1_A7_KfPS5_PA6_A1_A1_A9_A4_KiPA5_A6_A1_36_RAM_AUTO_1R1W' to 'p_ZZ15conv_ico_layer0PA1_A1_A5_A4_A8_fPA1_A1_A7_KfPS5_PA6_A1_A1_A9_A4_KiPA5_AdgE' due to the length limit 80
INFO: [SYN 201-210] Renamed object name 'p_ZZ15conv_ico_layer0PA1_A1_A5_A4_A8_fPA1_A1_A7_KfPS5_PA6_A1_A1_A9_A4_KiPA5_A6_A1_35_RAM_AUTO_1R1W' to 'p_ZZ15conv_ico_layer0PA1_A1_A5_A4_A8_fPA1_A1_A7_KfPS5_PA6_A1_A1_A9_A4_KiPA5_AdhF' due to the length limit 80
INFO: [SYN 201-210] Renamed object name 'p_ZZ15conv_ico_layer0PA1_A1_A5_A4_A8_fPA1_A1_A7_KfPS5_PA6_A1_A1_A9_A4_KiPA5_A6_A1_34_RAM_AUTO_1R1W' to 'p_ZZ15conv_ico_layer0PA1_A1_A5_A4_A8_fPA1_A1_A7_KfPS5_PA6_A1_A1_A9_A4_KiPA5_AdiF' due to the length limit 80
INFO: [SYN 201-210] Renamed object name 'p_ZZ15conv_ico_layer0PA1_A1_A5_A4_A8_fPA1_A1_A7_KfPS5_PA6_A1_A1_A9_A4_KiPA5_A6_A1_33_RAM_AUTO_1R1W' to 'p_ZZ15conv_ico_layer0PA1_A1_A5_A4_A8_fPA1_A1_A7_KfPS5_PA6_A1_A1_A9_A4_KiPA5_AdjF' due to the length limit 80
INFO: [SYN 201-210] Renamed object name 'p_ZZ15conv_ico_layer0PA1_A1_A5_A4_A8_fPA1_A1_A7_KfPS5_PA6_A1_A1_A9_A4_KiPA5_A6_A1_32_RAM_AUTO_1R1W' to 'p_ZZ15conv_ico_layer0PA1_A1_A5_A4_A8_fPA1_A1_A7_KfPS5_PA6_A1_A1_A9_A4_KiPA5_AdkF' due to the length limit 80
INFO: [SYN 201-210] Renamed object name 'p_ZZ15conv_ico_layer0PA1_A1_A5_A4_A8_fPA1_A1_A7_KfPS5_PA6_A1_A1_A9_A4_KiPA5_A6_A1_31_RAM_AUTO_1R1W' to 'p_ZZ15conv_ico_layer0PA1_A1_A5_A4_A8_fPA1_A1_A7_KfPS5_PA6_A1_A1_A9_A4_KiPA5_AdlF' due to the length limit 80
INFO: [SYN 201-210] Renamed object name 'p_ZZ15conv_ico_layer0PA1_A1_A5_A4_A8_fPA1_A1_A7_KfPS5_PA6_A1_A1_A9_A4_KiPA5_A6_A1_30_RAM_AUTO_1R1W' to 'p_ZZ15conv_ico_layer0PA1_A1_A5_A4_A8_fPA1_A1_A7_KfPS5_PA6_A1_A1_A9_A4_KiPA5_AdmF' due to the length limit 80
INFO: [SYN 201-210] Renamed object name 'p_ZZ15conv_ico_layer0PA1_A1_A5_A4_A8_fPA1_A1_A7_KfPS5_PA6_A1_A1_A9_A4_KiPA5_A6_A1_29_RAM_AUTO_1R1W' to 'p_ZZ15conv_ico_layer0PA1_A1_A5_A4_A8_fPA1_A1_A7_KfPS5_PA6_A1_A1_A9_A4_KiPA5_AdnG' due to the length limit 80
INFO: [SYN 201-210] Renamed object name 'p_ZZ15conv_ico_layer0PA1_A1_A5_A4_A8_fPA1_A1_A7_KfPS5_PA6_A1_A1_A9_A4_KiPA5_A6_A1_28_RAM_AUTO_1R1W' to 'p_ZZ15conv_ico_layer0PA1_A1_A5_A4_A8_fPA1_A1_A7_KfPS5_PA6_A1_A1_A9_A4_KiPA5_AdoG' due to the length limit 80
INFO: [SYN 201-210] Renamed object name 'p_ZZ15conv_ico_layer0PA1_A1_A5_A4_A8_fPA1_A1_A7_KfPS5_PA6_A1_A1_A9_A4_KiPA5_A6_A1_27_RAM_AUTO_1R1W' to 'p_ZZ15conv_ico_layer0PA1_A1_A5_A4_A8_fPA1_A1_A7_KfPS5_PA6_A1_A1_A9_A4_KiPA5_AdpG' due to the length limit 80
INFO: [SYN 201-210] Renamed object name 'p_ZZ15conv_ico_layer0PA1_A1_A5_A4_A8_fPA1_A1_A7_KfPS5_PA6_A1_A1_A9_A4_KiPA5_A6_A1_26_RAM_AUTO_1R1W' to 'p_ZZ15conv_ico_layer0PA1_A1_A5_A4_A8_fPA1_A1_A7_KfPS5_PA6_A1_A1_A9_A4_KiPA5_AdqG' due to the length limit 80
INFO: [SYN 201-210] Renamed object name 'p_ZZ15conv_ico_layer0PA1_A1_A5_A4_A8_fPA1_A1_A7_KfPS5_PA6_A1_A1_A9_A4_KiPA5_A6_A1_25_RAM_AUTO_1R1W' to 'p_ZZ15conv_ico_layer0PA1_A1_A5_A4_A8_fPA1_A1_A7_KfPS5_PA6_A1_A1_A9_A4_KiPA5_AdrG' due to the length limit 80
INFO: [SYN 201-210] Renamed object name 'p_ZZ15conv_ico_layer0PA1_A1_A5_A4_A8_fPA1_A1_A7_KfPS5_PA6_A1_A1_A9_A4_KiPA5_A6_A1_24_RAM_AUTO_1R1W' to 'p_ZZ15conv_ico_layer0PA1_A1_A5_A4_A8_fPA1_A1_A7_KfPS5_PA6_A1_A1_A9_A4_KiPA5_AdsG' due to the length limit 80
INFO: [SYN 201-210] Renamed object name 'p_ZZ15conv_ico_layer0PA1_A1_A5_A4_A8_fPA1_A1_A7_KfPS5_PA6_A1_A1_A9_A4_KiPA5_A6_A1_23_RAM_AUTO_1R1W' to 'p_ZZ15conv_ico_layer0PA1_A1_A5_A4_A8_fPA1_A1_A7_KfPS5_PA6_A1_A1_A9_A4_KiPA5_AdtH' due to the length limit 80
INFO: [SYN 201-210] Renamed object name 'p_ZZ15conv_ico_layer0PA1_A1_A5_A4_A8_fPA1_A1_A7_KfPS5_PA6_A1_A1_A9_A4_KiPA5_A6_A1_22_RAM_AUTO_1R1W' to 'p_ZZ15conv_ico_layer0PA1_A1_A5_A4_A8_fPA1_A1_A7_KfPS5_PA6_A1_A1_A9_A4_KiPA5_AduH' due to the length limit 80
INFO: [SYN 201-210] Renamed object name 'p_ZZ15conv_ico_layer0PA1_A1_A5_A4_A8_fPA1_A1_A7_KfPS5_PA6_A1_A1_A9_A4_KiPA5_A6_A1_21_RAM_AUTO_1R1W' to 'p_ZZ15conv_ico_layer0PA1_A1_A5_A4_A8_fPA1_A1_A7_KfPS5_PA6_A1_A1_A9_A4_KiPA5_AdvH' due to the length limit 80
INFO: [SYN 201-210] Renamed object name 'p_ZZ15conv_ico_layer0PA1_A1_A5_A4_A8_fPA1_A1_A7_KfPS5_PA6_A1_A1_A9_A4_KiPA5_A6_A1_20_RAM_AUTO_1R1W' to 'p_ZZ15conv_ico_layer0PA1_A1_A5_A4_A8_fPA1_A1_A7_KfPS5_PA6_A1_A1_A9_A4_KiPA5_AdwH' due to the length limit 80
INFO: [SYN 201-210] Renamed object name 'p_ZZ15conv_ico_layer0PA1_A1_A5_A4_A8_fPA1_A1_A7_KfPS5_PA6_A1_A1_A9_A4_KiPA5_A6_A1_19_RAM_AUTO_1R1W' to 'p_ZZ15conv_ico_layer0PA1_A1_A5_A4_A8_fPA1_A1_A7_KfPS5_PA6_A1_A1_A9_A4_KiPA5_AdxH' due to the length limit 80
INFO: [SYN 201-210] Renamed object name 'p_ZZ15conv_ico_layer0PA1_A1_A5_A4_A8_fPA1_A1_A7_KfPS5_PA6_A1_A1_A9_A4_KiPA5_A6_A1_18_RAM_AUTO_1R1W' to 'p_ZZ15conv_ico_layer0PA1_A1_A5_A4_A8_fPA1_A1_A7_KfPS5_PA6_A1_A1_A9_A4_KiPA5_AdyH' due to the length limit 80
INFO: [RTGEN 206-100] Generating core module 'fadd_32ns_32ns_32_8_full_dsp_1': 9 instance(s).
INFO: [RTGEN 206-100] Generating core module 'fdiv_32ns_32ns_32_16_no_dsp_1': 2 instance(s).
INFO: [RTGEN 206-100] Finished creating RTL model for 'conv_ico_layer0'.
INFO: [RTMG 210-278] Implementing memory 'conv_ico_layer0_p_ZZ15conv_ico_layer0PA1_A1_A5_A4_A8_fPA1_A1_A7_KfPS5_PA6_A1_A1_A9_A4_KiPA5_Abkb' using auto RAMs.
INFO: [RTMG 210-278] Implementing memory 'conv_ico_layer0_p_ZZ15conv_ico_layer0PA1_A1_A5_A4_A8_fPA1_A1_A7_KfPS5_PA6_A1_A1_A9_A4_KiPA5_Atde' using auto RAMs.
INFO: [RTMG 210-278] Implementing memory 'conv_ico_layer0_north_mean_RAM_AUTO_1R1W' using auto RAMs.
INFO: [RTMG 210-278] Implementing memory 'conv_ico_layer0_padded_frame_RAM_AUTO_1R1W' using auto RAMs.
INFO: [HLS 200-111] Finished Creating RTL model: CPU user time: 2 seconds. CPU system time: 1 seconds. Elapsed time: 3.829 seconds; current allocated memory: 917.316 MB.
INFO: [HLS 200-111] Finished Generating all RTL models: CPU user time: 1 seconds. CPU system time: 1 seconds. Elapsed time: 1.75 seconds; current allocated memory: 931.168 MB.
INFO: [HLS 200-111] Finished Updating report files: CPU user time: 1 seconds. CPU system time: 0 seconds. Elapsed time: 1.482 seconds; current allocated memory: 945.164 MB.
INFO: [VHDL 208-304] Generating VHDL RTL for conv_ico_layer0.
INFO: [VLOG 209-307] Generating Verilog RTL for conv_ico_layer0.
INFO: [HLS 200-790] **** Loop Constraint Status: All loop constraints were satisfied.
INFO: [HLS 200-789] **** Estimated Fmax: 251.21 MHz
INFO: [HLS 200-2161] Finished Command csynth_design Elapsed time: 00:00:38; Allocated memory: 329.285 MB.
INFO: [HLS 200-112] Total CPU user time: 25 seconds. Total CPU system time: 9 seconds. Total elapsed time: 45.903 seconds; peak allocated memory: 945.516 MB.
