{"event": "stage3_boot", "output_dir": "IFAN_Maba/outputs/stage3/ifan_maba_stage3_full40_freqblock_paper_original_maba_20260420_214446", "device_requested": "cuda", "device_resolved": "cuda", "epochs": 40, "model_topology": "paper_dual_mainline", "branch_channels": 16, "final_head_pooling": false, "temporal_backend": "maba", "input_ablation_mode": "none"}
{"event": "datasets_ready", "train_split_path": "/home/cmm/icocnn/datasets/LibriSpeech/LibriSpeech/train-clean-100", "validation_split_path": "/home/cmm/icocnn/datasets/LibriSpeech/LibriSpeech/test-clean", "train_source_size": 585, "validation_source_size": 87}
{"event": "preprocessors_ready"}
{"event": "validation_cache_build_start", "validation_dataset_size": 32, "validation_batch_size": 1}
{"event": "validation_cache_progress", "pid": 763524, "ts_utc": "2026-04-20T13:44:47+00:00", "stage": "before_get_batch", "batch_index": 1, "total_batches": 32, "sample_start": 0, "sample_stop": 1}
{"event": "validation_cache_progress", "pid": 763524, "ts_utc": "2026-04-20T13:44:48+00:00", "stage": "after_get_batch", "batch_index": 1, "total_batches": 32, "sample_start": 0, "sample_stop": 1}
{"event": "validation_cache_progress", "pid": 763524, "ts_utc": "2026-04-20T13:44:48+00:00", "stage": "after_preprocess", "batch_index": 1, "total_batches": 32, "sample_start": 0, "sample_stop": 1}
{"event": "validation_cache_progress", "pid": 763524, "ts_utc": "2026-04-20T13:44:48+00:00", "stage": "after_cache_append", "batch_index": 1, "total_batches": 32, "sample_start": 0, "sample_stop": 1}
{"event": "validation_cache_progress", "pid": 763524, "ts_utc": "2026-04-20T13:44:48+00:00", "stage": "before_get_batch", "batch_index": 2, "total_batches": 32, "sample_start": 1, "sample_stop": 2}
{"event": "validation_cache_progress", "pid": 763524, "ts_utc": "2026-04-20T13:44:49+00:00", "stage": "after_get_batch", "batch_index": 2, "total_batches": 32, "sample_start": 1, "sample_stop": 2}
{"event": "validation_cache_progress", "pid": 763524, "ts_utc": "2026-04-20T13:44:49+00:00", "stage": "after_preprocess", "batch_index": 2, "total_batches": 32, "sample_start": 1, "sample_stop": 2}
{"event": "validation_cache_progress", "pid": 763524, "ts_utc": "2026-04-20T13:44:49+00:00", "stage": "after_cache_append", "batch_index": 2, "total_batches": 32, "sample_start": 1, "sample_stop": 2}
{"event": "validation_cache_progress", "pid": 763524, "ts_utc": "2026-04-20T13:44:49+00:00", "stage": "before_get_batch", "batch_index": 3, "total_batches": 32, "sample_start": 2, "sample_stop": 3}
{"event": "validation_cache_progress", "pid": 763524, "ts_utc": "2026-04-20T13:44:49+00:00", "stage": "after_get_batch", "batch_index": 3, "total_batches": 32, "sample_start": 2, "sample_stop": 3}
{"event": "validation_cache_progress", "pid": 763524, "ts_utc": "2026-04-20T13:44:50+00:00", "stage": "after_preprocess", "batch_index": 3, "total_batches": 32, "sample_start": 2, "sample_stop": 3}
{"event": "validation_cache_progress", "pid": 763524, "ts_utc": "2026-04-20T13:44:50+00:00", "stage": "after_cache_append", "batch_index": 3, "total_batches": 32, "sample_start": 2, "sample_stop": 3}
{"event": "validation_cache_progress", "pid": 763524, "ts_utc": "2026-04-20T13:44:50+00:00", "stage": "before_get_batch", "batch_index": 4, "total_batches": 32, "sample_start": 3, "sample_stop": 4}
{"event": "validation_cache_progress", "pid": 763524, "ts_utc": "2026-04-20T13:44:50+00:00", "stage": "after_get_batch", "batch_index": 4, "total_batches": 32, "sample_start": 3, "sample_stop": 4}
{"event": "validation_cache_progress", "pid": 763524, "ts_utc": "2026-04-20T13:44:50+00:00", "stage": "after_preprocess", "batch_index": 4, "total_batches": 32, "sample_start": 3, "sample_stop": 4}
{"event": "validation_cache_progress", "pid": 763524, "ts_utc": "2026-04-20T13:44:50+00:00", "stage": "after_cache_append", "batch_index": 4, "total_batches": 32, "sample_start": 3, "sample_stop": 4}
{"event": "validation_cache_progress", "pid": 763524, "ts_utc": "2026-04-20T13:44:50+00:00", "stage": "before_get_batch", "batch_index": 5, "total_batches": 32, "sample_start": 4, "sample_stop": 5}
{"event": "validation_cache_progress", "pid": 763524, "ts_utc": "2026-04-20T13:44:51+00:00", "stage": "after_get_batch", "batch_index": 5, "total_batches": 32, "sample_start": 4, "sample_stop": 5}
{"event": "validation_cache_progress", "pid": 763524, "ts_utc": "2026-04-20T13:44:51+00:00", "stage": "after_preprocess", "batch_index": 5, "total_batches": 32, "sample_start": 4, "sample_stop": 5}
{"event": "validation_cache_progress", "pid": 763524, "ts_utc": "2026-04-20T13:44:51+00:00", "stage": "after_cache_append", "batch_index": 5, "total_batches": 32, "sample_start": 4, "sample_stop": 5}
{"event": "validation_cache_progress", "pid": 763524, "ts_utc": "2026-04-20T13:44:51+00:00", "stage": "before_get_batch", "batch_index": 6, "total_batches": 32, "sample_start": 5, "sample_stop": 6}
{"event": "validation_cache_progress", "pid": 763524, "ts_utc": "2026-04-20T13:44:52+00:00", "stage": "after_get_batch", "batch_index": 6, "total_batches": 32, "sample_start": 5, "sample_stop": 6}
{"event": "validation_cache_progress", "pid": 763524, "ts_utc": "2026-04-20T13:44:52+00:00", "stage": "after_preprocess", "batch_index": 6, "total_batches": 32, "sample_start": 5, "sample_stop": 6}
{"event": "validation_cache_progress", "pid": 763524, "ts_utc": "2026-04-20T13:44:52+00:00", "stage": "after_cache_append", "batch_index": 6, "total_batches": 32, "sample_start": 5, "sample_stop": 6}
{"event": "validation_cache_progress", "pid": 763524, "ts_utc": "2026-04-20T13:44:52+00:00", "stage": "before_get_batch", "batch_index": 7, "total_batches": 32, "sample_start": 6, "sample_stop": 7}
{"event": "validation_cache_progress", "pid": 763524, "ts_utc": "2026-04-20T13:44:53+00:00", "stage": "after_get_batch", "batch_index": 7, "total_batches": 32, "sample_start": 6, "sample_stop": 7}
{"event": "validation_cache_progress", "pid": 763524, "ts_utc": "2026-04-20T13:44:53+00:00", "stage": "after_preprocess", "batch_index": 7, "total_batches": 32, "sample_start": 6, "sample_stop": 7}
{"event": "validation_cache_progress", "pid": 763524, "ts_utc": "2026-04-20T13:44:53+00:00", "stage": "after_cache_append", "batch_index": 7, "total_batches": 32, "sample_start": 6, "sample_stop": 7}
{"event": "validation_cache_progress", "pid": 763524, "ts_utc": "2026-04-20T13:44:53+00:00", "stage": "before_get_batch", "batch_index": 8, "total_batches": 32, "sample_start": 7, "sample_stop": 8}
{"event": "validation_cache_progress", "pid": 763524, "ts_utc": "2026-04-20T13:44:54+00:00", "stage": "after_get_batch", "batch_index": 8, "total_batches": 32, "sample_start": 7, "sample_stop": 8}
{"event": "validation_cache_progress", "pid": 763524, "ts_utc": "2026-04-20T13:44:54+00:00", "stage": "after_preprocess", "batch_index": 8, "total_batches": 32, "sample_start": 7, "sample_stop": 8}
{"event": "validation_cache_progress", "pid": 763524, "ts_utc": "2026-04-20T13:44:54+00:00", "stage": "after_cache_append", "batch_index": 8, "total_batches": 32, "sample_start": 7, "sample_stop": 8}
{"event": "validation_cache_progress", "pid": 763524, "ts_utc": "2026-04-20T13:44:54+00:00", "stage": "before_get_batch", "batch_index": 9, "total_batches": 32, "sample_start": 8, "sample_stop": 9}
{"event": "validation_cache_progress", "pid": 763524, "ts_utc": "2026-04-20T13:44:54+00:00", "stage": "after_get_batch", "batch_index": 9, "total_batches": 32, "sample_start": 8, "sample_stop": 9}
{"event": "validation_cache_progress", "pid": 763524, "ts_utc": "2026-04-20T13:44:55+00:00", "stage": "after_preprocess", "batch_index": 9, "total_batches": 32, "sample_start": 8, "sample_stop": 9}
{"event": "validation_cache_progress", "pid": 763524, "ts_utc": "2026-04-20T13:44:55+00:00", "stage": "after_cache_append", "batch_index": 9, "total_batches": 32, "sample_start": 8, "sample_stop": 9}
{"event": "validation_cache_progress", "pid": 763524, "ts_utc": "2026-04-20T13:44:55+00:00", "stage": "before_get_batch", "batch_index": 10, "total_batches": 32, "sample_start": 9, "sample_stop": 10}
{"event": "validation_cache_progress", "pid": 763524, "ts_utc": "2026-04-20T13:44:55+00:00", "stage": "after_get_batch", "batch_index": 10, "total_batches": 32, "sample_start": 9, "sample_stop": 10}
{"event": "validation_cache_progress", "pid": 763524, "ts_utc": "2026-04-20T13:44:55+00:00", "stage": "after_preprocess", "batch_index": 10, "total_batches": 32, "sample_start": 9, "sample_stop": 10}
{"event": "validation_cache_progress", "pid": 763524, "ts_utc": "2026-04-20T13:44:55+00:00", "stage": "after_cache_append", "batch_index": 10, "total_batches": 32, "sample_start": 9, "sample_stop": 10}
{"event": "validation_cache_progress", "pid": 763524, "ts_utc": "2026-04-20T13:44:55+00:00", "stage": "before_get_batch", "batch_index": 11, "total_batches": 32, "sample_start": 10, "sample_stop": 11}
{"event": "validation_cache_progress", "pid": 763524, "ts_utc": "2026-04-20T13:44:56+00:00", "stage": "after_get_batch", "batch_index": 11, "total_batches": 32, "sample_start": 10, "sample_stop": 11}
{"event": "validation_cache_progress", "pid": 763524, "ts_utc": "2026-04-20T13:44:57+00:00", "stage": "after_preprocess", "batch_index": 11, "total_batches": 32, "sample_start": 10, "sample_stop": 11}
{"event": "validation_cache_progress", "pid": 763524, "ts_utc": "2026-04-20T13:44:57+00:00", "stage": "after_cache_append", "batch_index": 11, "total_batches": 32, "sample_start": 10, "sample_stop": 11}
{"event": "validation_cache_progress", "pid": 763524, "ts_utc": "2026-04-20T13:44:57+00:00", "stage": "before_get_batch", "batch_index": 12, "total_batches": 32, "sample_start": 11, "sample_stop": 12}
{"event": "validation_cache_progress", "pid": 763524, "ts_utc": "2026-04-20T13:44:57+00:00", "stage": "after_get_batch", "batch_index": 12, "total_batches": 32, "sample_start": 11, "sample_stop": 12}
{"event": "validation_cache_progress", "pid": 763524, "ts_utc": "2026-04-20T13:44:57+00:00", "stage": "after_preprocess", "batch_index": 12, "total_batches": 32, "sample_start": 11, "sample_stop": 12}
{"event": "validation_cache_progress", "pid": 763524, "ts_utc": "2026-04-20T13:44:57+00:00", "stage": "after_cache_append", "batch_index": 12, "total_batches": 32, "sample_start": 11, "sample_stop": 12}
{"event": "validation_cache_progress", "pid": 763524, "ts_utc": "2026-04-20T13:44:57+00:00", "stage": "before_get_batch", "batch_index": 13, "total_batches": 32, "sample_start": 12, "sample_stop": 13}
{"event": "validation_cache_progress", "pid": 763524, "ts_utc": "2026-04-20T13:44:58+00:00", "stage": "after_get_batch", "batch_index": 13, "total_batches": 32, "sample_start": 12, "sample_stop": 13}
{"event": "validation_cache_progress", "pid": 763524, "ts_utc": "2026-04-20T13:44:58+00:00", "stage": "after_preprocess", "batch_index": 13, "total_batches": 32, "sample_start": 12, "sample_stop": 13}
{"event": "validation_cache_progress", "pid": 763524, "ts_utc": "2026-04-20T13:44:58+00:00", "stage": "after_cache_append", "batch_index": 13, "total_batches": 32, "sample_start": 12, "sample_stop": 13}
{"event": "validation_cache_progress", "pid": 763524, "ts_utc": "2026-04-20T13:44:58+00:00", "stage": "before_get_batch", "batch_index": 14, "total_batches": 32, "sample_start": 13, "sample_stop": 14}
{"event": "validation_cache_progress", "pid": 763524, "ts_utc": "2026-04-20T13:44:59+00:00", "stage": "after_get_batch", "batch_index": 14, "total_batches": 32, "sample_start": 13, "sample_stop": 14}
{"event": "validation_cache_progress", "pid": 763524, "ts_utc": "2026-04-20T13:44:59+00:00", "stage": "after_preprocess", "batch_index": 14, "total_batches": 32, "sample_start": 13, "sample_stop": 14}
{"event": "validation_cache_progress", "pid": 763524, "ts_utc": "2026-04-20T13:44:59+00:00", "stage": "after_cache_append", "batch_index": 14, "total_batches": 32, "sample_start": 13, "sample_stop": 14}
{"event": "validation_cache_progress", "pid": 763524, "ts_utc": "2026-04-20T13:44:59+00:00", "stage": "before_get_batch", "batch_index": 15, "total_batches": 32, "sample_start": 14, "sample_stop": 15}
{"event": "validation_cache_progress", "pid": 763524, "ts_utc": "2026-04-20T13:45:00+00:00", "stage": "after_get_batch", "batch_index": 15, "total_batches": 32, "sample_start": 14, "sample_stop": 15}
{"event": "validation_cache_progress", "pid": 763524, "ts_utc": "2026-04-20T13:45:00+00:00", "stage": "after_preprocess", "batch_index": 15, "total_batches": 32, "sample_start": 14, "sample_stop": 15}
{"event": "validation_cache_progress", "pid": 763524, "ts_utc": "2026-04-20T13:45:00+00:00", "stage": "after_cache_append", "batch_index": 15, "total_batches": 32, "sample_start": 14, "sample_stop": 15}
{"event": "validation_cache_progress", "pid": 763524, "ts_utc": "2026-04-20T13:45:00+00:00", "stage": "before_get_batch", "batch_index": 16, "total_batches": 32, "sample_start": 15, "sample_stop": 16}
{"event": "validation_cache_progress", "pid": 763524, "ts_utc": "2026-04-20T13:45:00+00:00", "stage": "after_get_batch", "batch_index": 16, "total_batches": 32, "sample_start": 15, "sample_stop": 16}
{"event": "validation_cache_progress", "pid": 763524, "ts_utc": "2026-04-20T13:45:01+00:00", "stage": "after_preprocess", "batch_index": 16, "total_batches": 32, "sample_start": 15, "sample_stop": 16}
{"event": "validation_cache_progress", "pid": 763524, "ts_utc": "2026-04-20T13:45:01+00:00", "stage": "after_cache_append", "batch_index": 16, "total_batches": 32, "sample_start": 15, "sample_stop": 16}
{"event": "validation_cache_progress", "pid": 763524, "ts_utc": "2026-04-20T13:45:01+00:00", "stage": "before_get_batch", "batch_index": 17, "total_batches": 32, "sample_start": 16, "sample_stop": 17}
{"event": "validation_cache_progress", "pid": 763524, "ts_utc": "2026-04-20T13:45:01+00:00", "stage": "after_get_batch", "batch_index": 17, "total_batches": 32, "sample_start": 16, "sample_stop": 17}
{"event": "validation_cache_progress", "pid": 763524, "ts_utc": "2026-04-20T13:45:02+00:00", "stage": "after_preprocess", "batch_index": 17, "total_batches": 32, "sample_start": 16, "sample_stop": 17}
{"event": "validation_cache_progress", "pid": 763524, "ts_utc": "2026-04-20T13:45:02+00:00", "stage": "after_cache_append", "batch_index": 17, "total_batches": 32, "sample_start": 16, "sample_stop": 17}
{"event": "validation_cache_progress", "pid": 763524, "ts_utc": "2026-04-20T13:45:02+00:00", "stage": "before_get_batch", "batch_index": 18, "total_batches": 32, "sample_start": 17, "sample_stop": 18}
{"event": "validation_cache_progress", "pid": 763524, "ts_utc": "2026-04-20T13:45:02+00:00", "stage": "after_get_batch", "batch_index": 18, "total_batches": 32, "sample_start": 17, "sample_stop": 18}
{"event": "validation_cache_progress", "pid": 763524, "ts_utc": "2026-04-20T13:45:02+00:00", "stage": "after_preprocess", "batch_index": 18, "total_batches": 32, "sample_start": 17, "sample_stop": 18}
{"event": "validation_cache_progress", "pid": 763524, "ts_utc": "2026-04-20T13:45:02+00:00", "stage": "after_cache_append", "batch_index": 18, "total_batches": 32, "sample_start": 17, "sample_stop": 18}
{"event": "validation_cache_progress", "pid": 763524, "ts_utc": "2026-04-20T13:45:02+00:00", "stage": "before_get_batch", "batch_index": 19, "total_batches": 32, "sample_start": 18, "sample_stop": 19}
{"event": "validation_cache_progress", "pid": 763524, "ts_utc": "2026-04-20T13:45:03+00:00", "stage": "after_get_batch", "batch_index": 19, "total_batches": 32, "sample_start": 18, "sample_stop": 19}
{"event": "validation_cache_progress", "pid": 763524, "ts_utc": "2026-04-20T13:45:03+00:00", "stage": "after_preprocess", "batch_index": 19, "total_batches": 32, "sample_start": 18, "sample_stop": 19}
{"event": "validation_cache_progress", "pid": 763524, "ts_utc": "2026-04-20T13:45:03+00:00", "stage": "after_cache_append", "batch_index": 19, "total_batches": 32, "sample_start": 18, "sample_stop": 19}
{"event": "validation_cache_progress", "pid": 763524, "ts_utc": "2026-04-20T13:45:03+00:00", "stage": "before_get_batch", "batch_index": 20, "total_batches": 32, "sample_start": 19, "sample_stop": 20}
{"event": "validation_cache_progress", "pid": 763524, "ts_utc": "2026-04-20T13:45:04+00:00", "stage": "after_get_batch", "batch_index": 20, "total_batches": 32, "sample_start": 19, "sample_stop": 20}
{"event": "validation_cache_progress", "pid": 763524, "ts_utc": "2026-04-20T13:45:04+00:00", "stage": "after_preprocess", "batch_index": 20, "total_batches": 32, "sample_start": 19, "sample_stop": 20}
{"event": "validation_cache_progress", "pid": 763524, "ts_utc": "2026-04-20T13:45:04+00:00", "stage": "after_cache_append", "batch_index": 20, "total_batches": 32, "sample_start": 19, "sample_stop": 20}
{"event": "validation_cache_progress", "pid": 763524, "ts_utc": "2026-04-20T13:45:04+00:00", "stage": "before_get_batch", "batch_index": 21, "total_batches": 32, "sample_start": 20, "sample_stop": 21}
{"event": "validation_cache_progress", "pid": 763524, "ts_utc": "2026-04-20T13:45:05+00:00", "stage": "after_get_batch", "batch_index": 21, "total_batches": 32, "sample_start": 20, "sample_stop": 21}
{"event": "validation_cache_progress", "pid": 763524, "ts_utc": "2026-04-20T13:45:05+00:00", "stage": "after_preprocess", "batch_index": 21, "total_batches": 32, "sample_start": 20, "sample_stop": 21}
{"event": "validation_cache_progress", "pid": 763524, "ts_utc": "2026-04-20T13:45:05+00:00", "stage": "after_cache_append", "batch_index": 21, "total_batches": 32, "sample_start": 20, "sample_stop": 21}
{"event": "validation_cache_progress", "pid": 763524, "ts_utc": "2026-04-20T13:45:05+00:00", "stage": "before_get_batch", "batch_index": 22, "total_batches": 32, "sample_start": 21, "sample_stop": 22}
{"event": "validation_cache_progress", "pid": 763524, "ts_utc": "2026-04-20T13:45:06+00:00", "stage": "after_get_batch", "batch_index": 22, "total_batches": 32, "sample_start": 21, "sample_stop": 22}
{"event": "validation_cache_progress", "pid": 763524, "ts_utc": "2026-04-20T13:45:06+00:00", "stage": "after_preprocess", "batch_index": 22, "total_batches": 32, "sample_start": 21, "sample_stop": 22}
{"event": "validation_cache_progress", "pid": 763524, "ts_utc": "2026-04-20T13:45:06+00:00", "stage": "after_cache_append", "batch_index": 22, "total_batches": 32, "sample_start": 21, "sample_stop": 22}
{"event": "validation_cache_progress", "pid": 763524, "ts_utc": "2026-04-20T13:45:06+00:00", "stage": "before_get_batch", "batch_index": 23, "total_batches": 32, "sample_start": 22, "sample_stop": 23}
{"event": "validation_cache_progress", "pid": 763524, "ts_utc": "2026-04-20T13:45:07+00:00", "stage": "after_get_batch", "batch_index": 23, "total_batches": 32, "sample_start": 22, "sample_stop": 23}
{"event": "validation_cache_progress", "pid": 763524, "ts_utc": "2026-04-20T13:45:07+00:00", "stage": "after_preprocess", "batch_index": 23, "total_batches": 32, "sample_start": 22, "sample_stop": 23}
{"event": "validation_cache_progress", "pid": 763524, "ts_utc": "2026-04-20T13:45:07+00:00", "stage": "after_cache_append", "batch_index": 23, "total_batches": 32, "sample_start": 22, "sample_stop": 23}
{"event": "validation_cache_progress", "pid": 763524, "ts_utc": "2026-04-20T13:45:07+00:00", "stage": "before_get_batch", "batch_index": 24, "total_batches": 32, "sample_start": 23, "sample_stop": 24}
{"event": "validation_cache_progress", "pid": 763524, "ts_utc": "2026-04-20T13:45:08+00:00", "stage": "after_get_batch", "batch_index": 24, "total_batches": 32, "sample_start": 23, "sample_stop": 24}
{"event": "validation_cache_progress", "pid": 763524, "ts_utc": "2026-04-20T13:45:08+00:00", "stage": "after_preprocess", "batch_index": 24, "total_batches": 32, "sample_start": 23, "sample_stop": 24}
{"event": "validation_cache_progress", "pid": 763524, "ts_utc": "2026-04-20T13:45:08+00:00", "stage": "after_cache_append", "batch_index": 24, "total_batches": 32, "sample_start": 23, "sample_stop": 24}
{"event": "validation_cache_progress", "pid": 763524, "ts_utc": "2026-04-20T13:45:08+00:00", "stage": "before_get_batch", "batch_index": 25, "total_batches": 32, "sample_start": 24, "sample_stop": 25}
{"event": "validation_cache_progress", "pid": 763524, "ts_utc": "2026-04-20T13:45:08+00:00", "stage": "after_get_batch", "batch_index": 25, "total_batches": 32, "sample_start": 24, "sample_stop": 25}
{"event": "validation_cache_progress", "pid": 763524, "ts_utc": "2026-04-20T13:45:09+00:00", "stage": "after_preprocess", "batch_index": 25, "total_batches": 32, "sample_start": 24, "sample_stop": 25}
{"event": "validation_cache_progress", "pid": 763524, "ts_utc": "2026-04-20T13:45:09+00:00", "stage": "after_cache_append", "batch_index": 25, "total_batches": 32, "sample_start": 24, "sample_stop": 25}
{"event": "validation_cache_progress", "pid": 763524, "ts_utc": "2026-04-20T13:45:09+00:00", "stage": "before_get_batch", "batch_index": 26, "total_batches": 32, "sample_start": 25, "sample_stop": 26}
{"event": "validation_cache_progress", "pid": 763524, "ts_utc": "2026-04-20T13:45:10+00:00", "stage": "after_get_batch", "batch_index": 26, "total_batches": 32, "sample_start": 25, "sample_stop": 26}
{"event": "validation_cache_progress", "pid": 763524, "ts_utc": "2026-04-20T13:45:11+00:00", "stage": "after_preprocess", "batch_index": 26, "total_batches": 32, "sample_start": 25, "sample_stop": 26}
{"event": "validation_cache_progress", "pid": 763524, "ts_utc": "2026-04-20T13:45:11+00:00", "stage": "after_cache_append", "batch_index": 26, "total_batches": 32, "sample_start": 25, "sample_stop": 26}
{"event": "validation_cache_progress", "pid": 763524, "ts_utc": "2026-04-20T13:45:11+00:00", "stage": "before_get_batch", "batch_index": 27, "total_batches": 32, "sample_start": 26, "sample_stop": 27}
{"event": "validation_cache_progress", "pid": 763524, "ts_utc": "2026-04-20T13:45:11+00:00", "stage": "after_get_batch", "batch_index": 27, "total_batches": 32, "sample_start": 26, "sample_stop": 27}
{"event": "validation_cache_progress", "pid": 763524, "ts_utc": "2026-04-20T13:45:12+00:00", "stage": "after_preprocess", "batch_index": 27, "total_batches": 32, "sample_start": 26, "sample_stop": 27}
{"event": "validation_cache_progress", "pid": 763524, "ts_utc": "2026-04-20T13:45:12+00:00", "stage": "after_cache_append", "batch_index": 27, "total_batches": 32, "sample_start": 26, "sample_stop": 27}
{"event": "validation_cache_progress", "pid": 763524, "ts_utc": "2026-04-20T13:45:12+00:00", "stage": "before_get_batch", "batch_index": 28, "total_batches": 32, "sample_start": 27, "sample_stop": 28}
{"event": "validation_cache_progress", "pid": 763524, "ts_utc": "2026-04-20T13:45:13+00:00", "stage": "after_get_batch", "batch_index": 28, "total_batches": 32, "sample_start": 27, "sample_stop": 28}
{"event": "validation_cache_progress", "pid": 763524, "ts_utc": "2026-04-20T13:45:13+00:00", "stage": "after_preprocess", "batch_index": 28, "total_batches": 32, "sample_start": 27, "sample_stop": 28}
{"event": "validation_cache_progress", "pid": 763524, "ts_utc": "2026-04-20T13:45:13+00:00", "stage": "after_cache_append", "batch_index": 28, "total_batches": 32, "sample_start": 27, "sample_stop": 28}
{"event": "validation_cache_progress", "pid": 763524, "ts_utc": "2026-04-20T13:45:13+00:00", "stage": "before_get_batch", "batch_index": 29, "total_batches": 32, "sample_start": 28, "sample_stop": 29}
{"event": "validation_cache_progress", "pid": 763524, "ts_utc": "2026-04-20T13:45:14+00:00", "stage": "after_get_batch", "batch_index": 29, "total_batches": 32, "sample_start": 28, "sample_stop": 29}
{"event": "validation_cache_progress", "pid": 763524, "ts_utc": "2026-04-20T13:45:14+00:00", "stage": "after_preprocess", "batch_index": 29, "total_batches": 32, "sample_start": 28, "sample_stop": 29}
{"event": "validation_cache_progress", "pid": 763524, "ts_utc": "2026-04-20T13:45:14+00:00", "stage": "after_cache_append", "batch_index": 29, "total_batches": 32, "sample_start": 28, "sample_stop": 29}
{"event": "validation_cache_progress", "pid": 763524, "ts_utc": "2026-04-20T13:45:14+00:00", "stage": "before_get_batch", "batch_index": 30, "total_batches": 32, "sample_start": 29, "sample_stop": 30}
{"event": "validation_cache_progress", "pid": 763524, "ts_utc": "2026-04-20T13:45:15+00:00", "stage": "after_get_batch", "batch_index": 30, "total_batches": 32, "sample_start": 29, "sample_stop": 30}
{"event": "validation_cache_progress", "pid": 763524, "ts_utc": "2026-04-20T13:45:15+00:00", "stage": "after_preprocess", "batch_index": 30, "total_batches": 32, "sample_start": 29, "sample_stop": 30}
{"event": "validation_cache_progress", "pid": 763524, "ts_utc": "2026-04-20T13:45:15+00:00", "stage": "after_cache_append", "batch_index": 30, "total_batches": 32, "sample_start": 29, "sample_stop": 30}
{"event": "validation_cache_progress", "pid": 763524, "ts_utc": "2026-04-20T13:45:15+00:00", "stage": "before_get_batch", "batch_index": 31, "total_batches": 32, "sample_start": 30, "sample_stop": 31}
{"event": "validation_cache_progress", "pid": 763524, "ts_utc": "2026-04-20T13:45:16+00:00", "stage": "after_get_batch", "batch_index": 31, "total_batches": 32, "sample_start": 30, "sample_stop": 31}
{"event": "validation_cache_progress", "pid": 763524, "ts_utc": "2026-04-20T13:45:16+00:00", "stage": "after_preprocess", "batch_index": 31, "total_batches": 32, "sample_start": 30, "sample_stop": 31}
{"event": "validation_cache_progress", "pid": 763524, "ts_utc": "2026-04-20T13:45:16+00:00", "stage": "after_cache_append", "batch_index": 31, "total_batches": 32, "sample_start": 30, "sample_stop": 31}
{"event": "validation_cache_progress", "pid": 763524, "ts_utc": "2026-04-20T13:45:16+00:00", "stage": "before_get_batch", "batch_index": 32, "total_batches": 32, "sample_start": 31, "sample_stop": 32}
{"event": "validation_cache_progress", "pid": 763524, "ts_utc": "2026-04-20T13:45:17+00:00", "stage": "after_get_batch", "batch_index": 32, "total_batches": 32, "sample_start": 31, "sample_stop": 32}
{"event": "validation_cache_progress", "pid": 763524, "ts_utc": "2026-04-20T13:45:17+00:00", "stage": "after_preprocess", "batch_index": 32, "total_batches": 32, "sample_start": 31, "sample_stop": 32}
{"event": "validation_cache_progress", "pid": 763524, "ts_utc": "2026-04-20T13:45:17+00:00", "stage": "after_cache_append", "batch_index": 32, "total_batches": 32, "sample_start": 31, "sample_stop": 32}
{"event": "validation_cache_build_complete", "cached_batches": 32}
{"event": "scenario_cache_build_start", "scenario_eval_size": 8, "scenario_eval_batch_size": 1}
{"event": "scenario_cache_progress", "scenario_name": "scene_1", "scenario_index": 1, "total_scenarios": 4, "batch_index": 1, "total_batches": 8, "sample_start": 0, "sample_stop": 1}
{"event": "scenario_cache_progress", "scenario_name": "scene_1", "scenario_index": 1, "total_scenarios": 4, "batch_index": 2, "total_batches": 8, "sample_start": 1, "sample_stop": 2}
{"event": "scenario_cache_progress", "scenario_name": "scene_1", "scenario_index": 1, "total_scenarios": 4, "batch_index": 3, "total_batches": 8, "sample_start": 2, "sample_stop": 3}
{"event": "scenario_cache_progress", "scenario_name": "scene_1", "scenario_index": 1, "total_scenarios": 4, "batch_index": 4, "total_batches": 8, "sample_start": 3, "sample_stop": 4}
{"event": "scenario_cache_progress", "scenario_name": "scene_1", "scenario_index": 1, "total_scenarios": 4, "batch_index": 5, "total_batches": 8, "sample_start": 4, "sample_stop": 5}
{"event": "scenario_cache_progress", "scenario_name": "scene_1", "scenario_index": 1, "total_scenarios": 4, "batch_index": 6, "total_batches": 8, "sample_start": 5, "sample_stop": 6}
{"event": "scenario_cache_progress", "scenario_name": "scene_1", "scenario_index": 1, "total_scenarios": 4, "batch_index": 7, "total_batches": 8, "sample_start": 6, "sample_stop": 7}
{"event": "scenario_cache_progress", "scenario_name": "scene_1", "scenario_index": 1, "total_scenarios": 4, "batch_index": 8, "total_batches": 8, "sample_start": 7, "sample_stop": 8}
{"event": "scenario_cache_progress", "scenario_name": "scene_2", "scenario_index": 2, "total_scenarios": 4, "batch_index": 1, "total_batches": 8, "sample_start": 0, "sample_stop": 1}
{"event": "scenario_cache_progress", "scenario_name": "scene_2", "scenario_index": 2, "total_scenarios": 4, "batch_index": 2, "total_batches": 8, "sample_start": 1, "sample_stop": 2}
{"event": "scenario_cache_progress", "scenario_name": "scene_2", "scenario_index": 2, "total_scenarios": 4, "batch_index": 3, "total_batches": 8, "sample_start": 2, "sample_stop": 3}
{"event": "scenario_cache_progress", "scenario_name": "scene_2", "scenario_index": 2, "total_scenarios": 4, "batch_index": 4, "total_batches": 8, "sample_start": 3, "sample_stop": 4}
{"event": "scenario_cache_progress", "scenario_name": "scene_2", "scenario_index": 2, "total_scenarios": 4, "batch_index": 5, "total_batches": 8, "sample_start": 4, "sample_stop": 5}
{"event": "scenario_cache_progress", "scenario_name": "scene_2", "scenario_index": 2, "total_scenarios": 4, "batch_index": 6, "total_batches": 8, "sample_start": 5, "sample_stop": 6}
{"event": "scenario_cache_progress", "scenario_name": "scene_2", "scenario_index": 2, "total_scenarios": 4, "batch_index": 7, "total_batches": 8, "sample_start": 6, "sample_stop": 7}
{"event": "scenario_cache_progress", "scenario_name": "scene_2", "scenario_index": 2, "total_scenarios": 4, "batch_index": 8, "total_batches": 8, "sample_start": 7, "sample_stop": 8}
{"event": "scenario_cache_progress", "scenario_name": "scene_3", "scenario_index": 3, "total_scenarios": 4, "batch_index": 1, "total_batches": 8, "sample_start": 0, "sample_stop": 1}
{"event": "scenario_cache_progress", "scenario_name": "scene_3", "scenario_index": 3, "total_scenarios": 4, "batch_index": 2, "total_batches": 8, "sample_start": 1, "sample_stop": 2}
{"event": "scenario_cache_progress", "scenario_name": "scene_3", "scenario_index": 3, "total_scenarios": 4, "batch_index": 3, "total_batches": 8, "sample_start": 2, "sample_stop": 3}
{"event": "scenario_cache_progress", "scenario_name": "scene_3", "scenario_index": 3, "total_scenarios": 4, "batch_index": 4, "total_batches": 8, "sample_start": 3, "sample_stop": 4}
{"event": "scenario_cache_progress", "scenario_name": "scene_3", "scenario_index": 3, "total_scenarios": 4, "batch_index": 5, "total_batches": 8, "sample_start": 4, "sample_stop": 5}
{"event": "scenario_cache_progress", "scenario_name": "scene_3", "scenario_index": 3, "total_scenarios": 4, "batch_index": 6, "total_batches": 8, "sample_start": 5, "sample_stop": 6}
{"event": "scenario_cache_progress", "scenario_name": "scene_3", "scenario_index": 3, "total_scenarios": 4, "batch_index": 7, "total_batches": 8, "sample_start": 6, "sample_stop": 7}
{"event": "scenario_cache_progress", "scenario_name": "scene_3", "scenario_index": 3, "total_scenarios": 4, "batch_index": 8, "total_batches": 8, "sample_start": 7, "sample_stop": 8}
{"event": "scenario_cache_progress", "scenario_name": "scene_4", "scenario_index": 4, "total_scenarios": 4, "batch_index": 1, "total_batches": 8, "sample_start": 0, "sample_stop": 1}
{"event": "scenario_cache_progress", "scenario_name": "scene_4", "scenario_index": 4, "total_scenarios": 4, "batch_index": 2, "total_batches": 8, "sample_start": 1, "sample_stop": 2}
{"event": "scenario_cache_progress", "scenario_name": "scene_4", "scenario_index": 4, "total_scenarios": 4, "batch_index": 3, "total_batches": 8, "sample_start": 2, "sample_stop": 3}
{"event": "scenario_cache_progress", "scenario_name": "scene_4", "scenario_index": 4, "total_scenarios": 4, "batch_index": 4, "total_batches": 8, "sample_start": 3, "sample_stop": 4}
{"event": "scenario_cache_progress", "scenario_name": "scene_4", "scenario_index": 4, "total_scenarios": 4, "batch_index": 5, "total_batches": 8, "sample_start": 4, "sample_stop": 5}
{"event": "scenario_cache_progress", "scenario_name": "scene_4", "scenario_index": 4, "total_scenarios": 4, "batch_index": 6, "total_batches": 8, "sample_start": 5, "sample_stop": 6}
{"event": "scenario_cache_progress", "scenario_name": "scene_4", "scenario_index": 4, "total_scenarios": 4, "batch_index": 7, "total_batches": 8, "sample_start": 6, "sample_stop": 7}
{"event": "scenario_cache_progress", "scenario_name": "scene_4", "scenario_index": 4, "total_scenarios": 4, "batch_index": 8, "total_batches": 8, "sample_start": 7, "sample_stop": 8}
{"event": "scenario_cache_build_complete", "scenario_count": 4}
{"event": "optimizer_ready", "initial_lr": 0.0001, "trainable_params": 133297}
{"event": "stage3_start", "output_dir": "IFAN_Maba/outputs/stage3/ifan_maba_stage3_full40_freqblock_paper_original_maba_20260420_214446", "device": "cuda", "train_split_path": "/home/cmm/icocnn/datasets/LibriSpeech/LibriSpeech/train-clean-100", "validation_split_path": "/home/cmm/icocnn/datasets/LibriSpeech/LibriSpeech/test-clean", "model_topology": "paper_dual_mainline", "branch_channels": 16, "final_head_pooling": false, "temporal_backend": "maba", "input_ablation_mode": "none", "epochs": 40}
Epoch 1/40:
Epoch 1:   1%|..........| 5/585 [00:00:05<00:09:55,  0.97it/s, loss=0.3326]
Epoch 1:   2%|..........| 10/585 [00:00:10<00:09:58,  0.96it/s, loss=0.3320]
Epoch 1:   3%|..........| 15/585 [00:00:16<00:10:12,  0.93it/s, loss=0.3316]
Epoch 1:   4%|..........| 21/585 [00:00:21<00:09:50,  0.96it/s, loss=0.3302]
Epoch 1:   4%|..........| 26/585 [00:00:27<00:09:43,  0.96it/s, loss=0.3288]
Epoch 1:   5%|..........| 31/585 [00:00:32<00:09:47,  0.94it/s, loss=0.3271]
Epoch 1:   6%|..........| 36/585 [00:00:38<00:09:43,  0.94it/s, loss=0.3238]
Epoch 1:   7%|..........| 42/585 [00:00:44<00:09:38,  0.94it/s, loss=0.3196]
Epoch 1:   8%|..........| 47/585 [00:00:49<00:09:31,  0.94it/s, loss=0.3157]
Epoch 1:   9%|..........| 52/585 [00:00:55<00:09:28,  0.94it/s, loss=0.3136]
Epoch 1:  10%|..........| 57/585 [00:01:00<00:09:23,  0.94it/s, loss=0.3094]
Epoch 1:  11%|#.........| 62/585 [00:01:06<00:09:16,  0.94it/s, loss=0.3022]
Epoch 1:  11%|#.........| 67/585 [00:01:11<00:09:15,  0.93it/s, loss=0.2952]
Epoch 1:  12%|#.........| 72/585 [00:01:17<00:09:12,  0.93it/s, loss=0.2882]
Epoch 1:  13%|#.........| 77/585 [00:01:23<00:09:10,  0.92it/s, loss=0.2830]
Epoch 1:  14%|#.........| 82/585 [00:01:29<00:09:06,  0.92it/s, loss=0.2775]
Epoch 1:  15%|#.........| 87/585 [00:01:34<00:09:00,  0.92it/s, loss=0.2722]
Epoch 1:  16%|#.........| 92/585 [00:01:39<00:08:54,  0.92it/s, loss=0.2661]
Epoch 1:  16%|#.........| 96/585 [00:01:45<00:08:55,  0.91it/s, loss=0.2628]
Epoch 1:  17%|#.........| 101/585 [00:01:51<00:08:52,  0.91it/s, loss=0.2589]
Epoch 1:  18%|#.........| 107/585 [00:01:57<00:08:42,  0.91it/s, loss=0.2510]
Epoch 1:  19%|#.........| 112/585 [00:02:02<00:08:38,  0.91it/s, loss=0.2460]
Epoch 1:  20%|##........| 117/585 [00:02:08<00:08:32,  0.91it/s, loss=0.2408]
Epoch 1:  21%|##........| 122/585 [00:02:13<00:08:25,  0.92it/s, loss=0.2361]
Epoch 1:  22%|##........| 127/585 [00:02:18<00:08:19,  0.92it/s, loss=0.2320]
Epoch 1:  23%|##........| 132/585 [00:02:24<00:08:15,  0.92it/s, loss=0.2280]
Epoch 1:  23%|##........| 137/585 [00:02:29<00:08:09,  0.91it/s, loss=0.2237]
Epoch 1:  24%|##........| 142/585 [00:02:35<00:08:05,  0.91it/s, loss=0.2199]
Epoch 1:  25%|##........| 147/585 [00:02:40<00:07:59,  0.91it/s, loss=0.2168]
Epoch 1:  26%|##........| 152/585 [00:02:46<00:07:55,  0.91it/s, loss=0.2139]
Epoch 1:  27%|##........| 157/585 [00:02:52<00:07:49,  0.91it/s, loss=0.2114]
Epoch 1:  28%|##........| 162/585 [00:02:57<00:07:43,  0.91it/s, loss=0.2086]
Epoch 1:  29%|##........| 167/585 [00:03:03<00:07:39,  0.91it/s, loss=0.2061]
Epoch 1:  30%|##........| 173/585 [00:03:09<00:07:31,  0.91it/s, loss=0.2023]
Epoch 1:  30%|###.......| 177/585 [00:03:15<00:07:30,  0.90it/s, loss=0.2003]
Epoch 1:  31%|###.......| 182/585 [00:03:21<00:07:25,  0.90it/s, loss=0.1978]
Epoch 1:  32%|###.......| 187/585 [00:03:26<00:07:19,  0.91it/s, loss=0.1949]
Epoch 1:  33%|###.......| 192/585 [00:03:32<00:07:13,  0.91it/s, loss=0.1925]
Epoch 1:  34%|###.......| 197/585 [00:03:37<00:07:07,  0.91it/s, loss=0.1896]
Epoch 1:  34%|###.......| 201/585 [00:03:42<00:07:05,  0.90it/s, loss=0.1877]
Epoch 1:  35%|###.......| 206/585 [00:03:48<00:06:59,  0.90it/s, loss=0.1863]
Epoch 1:  36%|###.......| 212/585 [00:03:53<00:06:51,  0.91it/s, loss=0.1830]
Epoch 1:  37%|###.......| 217/585 [00:03:59<00:06:46,  0.91it/s, loss=0.1809]
Epoch 1:  38%|###.......| 222/585 [00:04:04<00:06:40,  0.91it/s, loss=0.1785]
Epoch 1:  39%|###.......| 226/585 [00:04:10<00:06:37,  0.90it/s, loss=0.1777]
Epoch 1:  39%|###.......| 231/585 [00:04:16<00:06:32,  0.90it/s, loss=0.1759]
Epoch 1:  40%|####......| 236/585 [00:04:21<00:06:26,  0.90it/s, loss=0.1744]
Epoch 1:  41%|####......| 241/585 [00:04:26<00:06:20,  0.90it/s, loss=0.1726]
Epoch 1:  42%|####......| 246/585 [00:04:31<00:06:14,  0.91it/s, loss=0.1707]
Epoch 1:  43%|####......| 251/585 [00:04:36<00:06:08,  0.91it/s, loss=0.1691]
Epoch 1:  44%|####......| 256/585 [00:04:42<00:06:03,  0.91it/s, loss=0.1676]
Epoch 1:  44%|####......| 260/585 [00:04:48<00:06:00,  0.90it/s, loss=0.1664]
Epoch 1:  45%|####......| 265/585 [00:04:53<00:05:53,  0.90it/s, loss=0.1648]
Epoch 1:  46%|####......| 270/585 [00:04:58<00:05:48,  0.90it/s, loss=0.1630]
Epoch 1:  47%|####......| 275/585 [00:05:04<00:05:42,  0.90it/s, loss=0.1614]
Epoch 1:  48%|####......| 280/585 [00:05:09<00:05:37,  0.90it/s, loss=0.1598]
Epoch 1:  49%|####......| 285/585 [00:05:15<00:05:32,  0.90it/s, loss=0.1584]
Epoch 1:  49%|####......| 289/585 [00:05:20<00:05:28,  0.90it/s, loss=0.1570]
Epoch 1:  50%|#####.....| 294/585 [00:05:26<00:05:23,  0.90it/s, loss=0.1554]
Epoch 1:  51%|#####.....| 299/585 [00:05:32<00:05:17,  0.90it/s, loss=0.1537]
Epoch 1:  52%|#####.....| 303/585 [00:05:37<00:05:13,  0.90it/s, loss=0.1531]
Epoch 1:  53%|#####.....| 309/585 [00:05:43<00:05:06,  0.90it/s, loss=0.1513]
Epoch 1:  54%|#####.....| 315/585 [00:05:49<00:04:59,  0.90it/s, loss=0.1497]
Epoch 1:  55%|#####.....| 319/585 [00:05:54<00:04:55,  0.90it/s, loss=0.1487]
Epoch 1:  55%|#####.....| 324/585 [00:06:00<00:04:50,  0.90it/s, loss=0.1475]
Epoch 1:  56%|#####.....| 329/585 [00:06:05<00:04:44,  0.90it/s, loss=0.1463]
Epoch 1:  57%|#####.....| 334/585 [00:06:11<00:04:38,  0.90it/s, loss=0.1451]
Epoch 1:  58%|#####.....| 339/585 [00:06:16<00:04:33,  0.90it/s, loss=0.1438]
Epoch 1:  59%|#####.....| 343/585 [00:06:21<00:04:29,  0.90it/s, loss=0.1429]
Epoch 1:  60%|#####.....| 349/585 [00:06:27<00:04:21,  0.90it/s, loss=0.1414]
Epoch 1:  61%|######....| 355/585 [00:06:33<00:04:14,  0.90it/s, loss=0.1399]
Epoch 1:  62%|######....| 360/585 [00:06:39<00:04:09,  0.90it/s, loss=0.1387]
Epoch 1:  62%|######....| 365/585 [00:06:44<00:04:03,  0.90it/s, loss=0.1376]
Epoch 1:  63%|######....| 370/585 [00:06:49<00:03:58,  0.90it/s, loss=0.1366]
Epoch 1:  64%|######....| 375/585 [00:06:54<00:03:52,  0.90it/s, loss=0.1354]
Epoch 1:  65%|######....| 380/585 [00:07:00<00:03:46,  0.90it/s, loss=0.1344]
Epoch 1:  66%|######....| 385/585 [00:07:05<00:03:41,  0.90it/s, loss=0.1334]
Epoch 1:  67%|######....| 390/585 [00:07:10<00:03:35,  0.91it/s, loss=0.1325]
Epoch 1:  68%|######....| 395/585 [00:07:16<00:03:29,  0.91it/s, loss=0.1316]
Epoch 1:  68%|######....| 400/585 [00:07:21<00:03:24,  0.91it/s, loss=0.1307]
Epoch 1:  69%|######....| 405/585 [00:07:26<00:03:18,  0.91it/s, loss=0.1297]
Epoch 1:  70%|#######...| 410/585 [00:07:32<00:03:12,  0.91it/s, loss=0.1289]
Epoch 1:  71%|#######...| 415/585 [00:07:37<00:03:07,  0.91it/s, loss=0.1286]
Epoch 1:  72%|#######...| 420/585 [00:07:43<00:03:02,  0.91it/s, loss=0.1281]
Epoch 1:  73%|#######...| 425/585 [00:07:48<00:02:56,  0.91it/s, loss=0.1279]
Epoch 1:  74%|#######...| 430/585 [00:07:54<00:02:51,  0.91it/s, loss=0.1273]
Epoch 1:  74%|#######...| 435/585 [00:08:00<00:02:45,  0.91it/s, loss=0.1268]
Epoch 1:  75%|#######...| 440/585 [00:08:05<00:02:39,  0.91it/s, loss=0.1261]
Epoch 1:  76%|#######...| 445/585 [00:08:11<00:02:34,  0.91it/s, loss=0.1254]
Epoch 1:  77%|#######...| 451/585 [00:08:17<00:02:27,  0.91it/s, loss=0.1248]
Epoch 1:  78%|#######...| 456/585 [00:08:22<00:02:22,  0.91it/s, loss=0.1244]
Epoch 1:  79%|#######...| 461/585 [00:08:27<00:02:16,  0.91it/s, loss=0.1240]
Epoch 1:  80%|#######...| 466/585 [00:08:32<00:02:10,  0.91it/s, loss=0.1235]
Epoch 1:  81%|########..| 471/585 [00:08:38<00:02:05,  0.91it/s, loss=0.1228]
Epoch 1:  81%|########..| 475/585 [00:08:43<00:02:01,  0.91it/s, loss=0.1223]
Epoch 1:  82%|########..| 480/585 [00:08:49<00:01:55,  0.91it/s, loss=0.1218]
Epoch 1:  83%|########..| 486/585 [00:08:55<00:01:49,  0.91it/s, loss=0.1209]
Epoch 1:  84%|########..| 491/585 [00:09:00<00:01:43,  0.91it/s, loss=0.1203]
Epoch 1:  85%|########..| 496/585 [00:09:06<00:01:38,  0.91it/s, loss=0.1196]
Epoch 1:  86%|########..| 501/585 [00:09:11<00:01:32,  0.91it/s, loss=0.1189]
Epoch 1:  86%|########..| 506/585 [00:09:17<00:01:26,  0.91it/s, loss=0.1183]
Epoch 1:  87%|########..| 511/585 [00:09:22<00:01:21,  0.91it/s, loss=0.1178]
Epoch 1:  88%|########..| 516/585 [00:09:28<00:01:16,  0.91it/s, loss=0.1171]
Epoch 1:  89%|########..| 521/585 [00:09:34<00:01:10,  0.91it/s, loss=0.1166]
Epoch 1:  90%|########..| 526/585 [00:09:40<00:01:05,  0.91it/s, loss=0.1161]
Epoch 1:  91%|#########.| 530/585 [00:09:45<00:01:00,  0.91it/s, loss=0.1158]
Epoch 1:  91%|#########.| 535/585 [00:09:51<00:00:55,  0.90it/s, loss=0.1154]
Epoch 1:  92%|#########.| 540/585 [00:09:56<00:00:49,  0.90it/s, loss=0.1147]
Epoch 1:  93%|#########.| 545/585 [00:10:02<00:00:44,  0.90it/s, loss=0.1142]
Epoch 1:  94%|#########.| 550/585 [00:10:08<00:00:38,  0.90it/s, loss=0.1136]
Epoch 1:  95%|#########.| 555/585 [00:10:13<00:00:33,  0.90it/s, loss=0.1130]
Epoch 1:  96%|#########.| 560/585 [00:10:18<00:00:27,  0.90it/s, loss=0.1125]
Epoch 1:  97%|#########.| 565/585 [00:10:24<00:00:22,  0.90it/s, loss=0.1120]
Epoch 1:  97%|#########.| 570/585 [00:10:29<00:00:16,  0.91it/s, loss=0.1115]
Epoch 1:  98%|#########.| 576/585 [00:10:35<00:00:09,  0.91it/s, loss=0.1108]
Epoch 1:  99%|#########.| 581/585 [00:10:40<00:00:04,  0.91it/s, loss=0.1102]
Epoch 1: 100%|##########| 585/585 [00:10:45<00:00:00,  0.91it/s, loss=0.1098]
Test loss: 0.0435, Test rmsae: 13.50deg
{"event": "epoch_complete", "epoch": 1, "phase": 1, "lr": 0.0001, "batch_size": 1, "micro_batch_size": 1, "train_loss": 0.10984688917031656, "val_loss": 0.043478099920321256, "val_rmsae_deg": 13.503233954310417, "epoch_time_s": 646.5947364680469}
{"event": "checkpoint_saved", "tag": "best_rmsae", "epoch": 1, "path": "IFAN_Maba/outputs/stage3/ifan_maba_stage3_full40_freqblock_paper_original_maba_20260420_214446/checkpoints/best_rmsae.pt", "val_rmsae_deg": 13.503233954310417}
Epoch 2/40:
Epoch 2:   1%|..........| 5/585 [00:00:05<00:09:57,  0.97it/s, loss=0.0379]
Epoch 2:   2%|..........| 10/585 [00:00:10<00:10:31,  0.91it/s, loss=0.0459]
Epoch 2:   3%|..........| 15/585 [00:00:16<00:10:27,  0.91it/s, loss=0.0440]
Epoch 2:   3%|..........| 20/585 [00:00:21<00:10:18,  0.91it/s, loss=0.0429]
Epoch 2:   4%|..........| 24/585 [00:00:27<00:10:44,  0.87it/s, loss=0.0465]
Epoch 2:   5%|..........| 29/585 [00:00:32<00:10:25,  0.89it/s, loss=0.0460]
Epoch 2:   6%|..........| 34/585 [00:00:38<00:10:23,  0.88it/s, loss=0.0487]
Epoch 2:   7%|..........| 39/585 [00:00:44<00:10:22,  0.88it/s, loss=0.0509]
Epoch 2:   8%|..........| 44/585 [00:00:50<00:10:17,  0.88it/s, loss=0.0504]
Epoch 2:   8%|..........| 49/585 [00:00:55<00:10:06,  0.88it/s, loss=0.0501]
Epoch 2:   9%|..........| 55/585 [00:01:01<00:09:48,  0.90it/s, loss=0.0487]
Epoch 2:  10%|#.........| 60/585 [00:01:06<00:09:39,  0.91it/s, loss=0.0486]
Epoch 2:  11%|#.........| 65/585 [00:01:12<00:09:36,  0.90it/s, loss=0.0479]
Epoch 2:  12%|#.........| 70/585 [00:01:17<00:09:31,  0.90it/s, loss=0.0479]
Epoch 2:  13%|#.........| 74/585 [00:01:22<00:09:31,  0.89it/s, loss=0.0479]
Epoch 2:  14%|#.........| 79/585 [00:01:28<00:09:24,  0.90it/s, loss=0.0483]
Epoch 2:  14%|#.........| 84/585 [00:01:33<00:09:19,  0.90it/s, loss=0.0488]
Epoch 2:  15%|#.........| 89/585 [00:01:39<00:09:12,  0.90it/s, loss=0.0483]
Epoch 2:  16%|#.........| 94/585 [00:01:44<00:09:06,  0.90it/s, loss=0.0480]
Epoch 2:  17%|#.........| 99/585 [00:01:49<00:08:58,  0.90it/s, loss=0.0474]
Epoch 2:  18%|#.........| 104/585 [00:01:55<00:08:54,  0.90it/s, loss=0.0472]
Epoch 2:  19%|#.........| 109/585 [00:02:01<00:08:50,  0.90it/s, loss=0.0476]
Epoch 2:  19%|#.........| 114/585 [00:02:06<00:08:44,  0.90it/s, loss=0.0475]
Epoch 2:  20%|##........| 119/585 [00:02:12<00:08:39,  0.90it/s, loss=0.0472]
Epoch 2:  21%|##........| 124/585 [00:02:18<00:08:33,  0.90it/s, loss=0.0468]
Epoch 2:  22%|##........| 129/585 [00:02:23<00:08:27,  0.90it/s, loss=0.0466]
Epoch 2:  23%|##........| 135/585 [00:02:29<00:08:18,  0.90it/s, loss=0.0463]
Epoch 2:  24%|##........| 140/585 [00:02:34<00:08:12,  0.90it/s, loss=0.0461]
Epoch 2:  25%|##........| 145/585 [00:02:40<00:08:06,  0.90it/s, loss=0.0458]
Epoch 2:  25%|##........| 149/585 [00:02:45<00:08:05,  0.90it/s, loss=0.0459]
Epoch 2:  26%|##........| 154/585 [00:02:51<00:07:59,  0.90it/s, loss=0.0460]
Epoch 2:  27%|##........| 159/585 [00:02:56<00:07:53,  0.90it/s, loss=0.0463]
Epoch 2:  28%|##........| 164/585 [00:03:02<00:07:47,  0.90it/s, loss=0.0462]
Epoch 2:  29%|##........| 167/585 [00:03:07<00:07:48,  0.89it/s, loss=0.0468]
Epoch 2:  29%|##........| 172/585 [00:03:12<00:07:42,  0.89it/s, loss=0.0467]
Epoch 2:  30%|###.......| 177/585 [00:03:18<00:07:36,  0.89it/s, loss=0.0467]
Epoch 2:  31%|###.......| 182/585 [00:03:23<00:07:30,  0.89it/s, loss=0.0467]
Epoch 2:  32%|###.......| 187/585 [00:03:29<00:07:25,  0.89it/s, loss=0.0467]
Epoch 2:  33%|###.......| 192/585 [00:03:35<00:07:20,  0.89it/s, loss=0.0465]
Epoch 2:  34%|###.......| 196/585 [00:03:40<00:07:17,  0.89it/s, loss=0.0466]
Epoch 2:  34%|###.......| 201/585 [00:03:45<00:07:11,  0.89it/s, loss=0.0465]
Epoch 2:  35%|###.......| 206/585 [00:03:51<00:07:05,  0.89it/s, loss=0.0461]
Epoch 2:  36%|###.......| 211/585 [00:03:56<00:06:58,  0.89it/s, loss=0.0458]
Epoch 2:  37%|###.......| 216/585 [00:04:01<00:06:53,  0.89it/s, loss=0.0457]
Epoch 2:  38%|###.......| 221/585 [00:04:07<00:06:47,  0.89it/s, loss=0.0457]
Epoch 2:  39%|###.......| 226/585 [00:04:13<00:06:41,  0.89it/s, loss=0.0455]
Epoch 2:  40%|###.......| 232/585 [00:04:19<00:06:34,  0.90it/s, loss=0.0452]
Epoch 2:  41%|####......| 237/585 [00:04:24<00:06:28,  0.90it/s, loss=0.0451]
Epoch 2:  41%|####......| 242/585 [00:04:29<00:06:21,  0.90it/s, loss=0.0449]
Epoch 2:  42%|####......| 247/585 [00:04:34<00:06:16,  0.90it/s, loss=0.0447]
Epoch 2:  43%|####......| 252/585 [00:04:40<00:06:10,  0.90it/s, loss=0.0445]
Epoch 2:  44%|####......| 257/585 [00:04:45<00:06:04,  0.90it/s, loss=0.0444]
Epoch 2:  45%|####......| 261/585 [00:04:50<00:06:01,  0.90it/s, loss=0.0442]
Epoch 2:  46%|####......| 267/585 [00:04:56<00:05:53,  0.90it/s, loss=0.0439]
Epoch 2:  46%|####......| 272/585 [00:05:02<00:05:48,  0.90it/s, loss=0.0442]
Epoch 2:  47%|####......| 277/585 [00:05:08<00:05:42,  0.90it/s, loss=0.0441]
Epoch 2:  48%|####......| 282/585 [00:05:13<00:05:36,  0.90it/s, loss=0.0441]
Epoch 2:  49%|####......| 287/585 [00:05:18<00:05:30,  0.90it/s, loss=0.0440]
Epoch 2:  50%|####......| 292/585 [00:05:23<00:05:25,  0.90it/s, loss=0.0439]
Epoch 2:  51%|#####.....| 297/585 [00:05:29<00:05:19,  0.90it/s, loss=0.0437]
Epoch 2:  52%|#####.....| 302/585 [00:05:34<00:05:13,  0.90it/s, loss=0.0438]
Epoch 2:  52%|#####.....| 306/585 [00:05:39<00:05:09,  0.90it/s, loss=0.0436]
Epoch 2:  53%|#####.....| 311/585 [00:05:44<00:05:03,  0.90it/s, loss=0.0436]
Epoch 2:  54%|#####.....| 316/585 [00:05:50<00:04:57,  0.90it/s, loss=0.0435]
Epoch 2:  55%|#####.....| 321/585 [00:05:55<00:04:52,  0.90it/s, loss=0.0434]
Epoch 2:  56%|#####.....| 326/585 [00:06:00<00:04:46,  0.90it/s, loss=0.0434]
Epoch 2:  57%|#####.....| 331/585 [00:06:05<00:04:40,  0.90it/s, loss=0.0434]
Epoch 2:  57%|#####.....| 336/585 [00:06:11<00:04:34,  0.91it/s, loss=0.0433]
Epoch 2:  58%|#####.....| 340/585 [00:06:16<00:04:31,  0.90it/s, loss=0.0435]
Epoch 2:  59%|#####.....| 345/585 [00:06:22<00:04:25,  0.90it/s, loss=0.0434]
Epoch 2:  60%|######....| 351/585 [00:06:27<00:04:18,  0.90it/s, loss=0.0433]
Epoch 2:  61%|######....| 356/585 [00:06:33<00:04:12,  0.91it/s, loss=0.0432]
Epoch 2:  62%|######....| 360/585 [00:06:38<00:04:08,  0.90it/s, loss=0.0431]
Epoch 2:  62%|######....| 365/585 [00:06:43<00:04:03,  0.90it/s, loss=0.0431]
Epoch 2:  63%|######....| 370/585 [00:06:48<00:03:57,  0.90it/s, loss=0.0429]
Epoch 2:  64%|######....| 375/585 [00:06:54<00:03:52,  0.90it/s, loss=0.0429]
Epoch 2:  65%|######....| 381/585 [00:07:01<00:03:45,  0.90it/s, loss=0.0428]
Epoch 2:  66%|######....| 386/585 [00:07:07<00:03:40,  0.90it/s, loss=0.0431]
Epoch 2:  67%|######....| 391/585 [00:07:12<00:03:34,  0.90it/s, loss=0.0432]
Epoch 2:  68%|######....| 396/585 [00:07:17<00:03:28,  0.91it/s, loss=0.0431]
Epoch 2:  69%|######....| 402/585 [00:07:23<00:03:21,  0.91it/s, loss=0.0431]
Epoch 2:  69%|######....| 406/585 [00:07:28<00:03:17,  0.91it/s, loss=0.0430]
Epoch 2:  70%|#######...| 411/585 [00:07:34<00:03:12,  0.90it/s, loss=0.0430]
Epoch 2:  71%|#######...| 415/585 [00:07:39<00:03:08,  0.90it/s, loss=0.0433]
Epoch 2:  72%|#######...| 420/585 [00:07:44<00:03:02,  0.90it/s, loss=0.0433]
Epoch 2:  73%|#######...| 425/585 [00:07:50<00:02:56,  0.90it/s, loss=0.0433]
Epoch 2:  74%|#######...| 430/585 [00:07:56<00:02:51,  0.90it/s, loss=0.0431]
Epoch 2:  74%|#######...| 435/585 [00:08:02<00:02:46,  0.90it/s, loss=0.0433]
Epoch 2:  75%|#######...| 441/585 [00:08:08<00:02:39,  0.90it/s, loss=0.0432]
Epoch 2:  76%|#######...| 445/585 [00:08:13<00:02:35,  0.90it/s, loss=0.0432]
Epoch 2:  77%|#######...| 450/585 [00:08:18<00:02:29,  0.90it/s, loss=0.0431]
Epoch 2:  78%|#######...| 455/585 [00:08:25<00:02:24,  0.90it/s, loss=0.0431]
Epoch 2:  78%|#######...| 459/585 [00:08:30<00:02:20,  0.90it/s, loss=0.0432]
Epoch 2:  79%|#######...| 463/585 [00:08:35<00:02:15,  0.90it/s, loss=0.0431]
Epoch 2:  80%|########..| 468/585 [00:08:40<00:02:10,  0.90it/s, loss=0.0430]
Epoch 2:  81%|########..| 473/585 [00:08:46<00:02:04,  0.90it/s, loss=0.0429]
Epoch 2:  82%|########..| 478/585 [00:08:51<00:01:59,  0.90it/s, loss=0.0429]
Epoch 2:  83%|########..| 483/585 [00:08:57<00:01:53,  0.90it/s, loss=0.0428]
Epoch 2:  84%|########..| 489/585 [00:09:03<00:01:46,  0.90it/s, loss=0.0427]
Epoch 2:  84%|########..| 494/585 [00:09:09<00:01:41,  0.90it/s, loss=0.0426]
Epoch 2:  85%|########..| 499/585 [00:09:14<00:01:35,  0.90it/s, loss=0.0425]
Epoch 2:  86%|########..| 504/585 [00:09:19<00:01:29,  0.90it/s, loss=0.0424]
Epoch 2:  87%|########..| 509/585 [00:09:25<00:01:24,  0.90it/s, loss=0.0423]
Epoch 2:  88%|########..| 514/585 [00:09:31<00:01:18,  0.90it/s, loss=0.0423]
Epoch 2:  89%|########..| 519/585 [00:09:36<00:01:13,  0.90it/s, loss=0.0423]
Epoch 2:  90%|########..| 524/585 [00:09:42<00:01:07,  0.90it/s, loss=0.0424]
Epoch 2:  91%|#########.| 530/585 [00:09:49<00:01:01,  0.90it/s, loss=0.0425]
Epoch 2:  91%|#########.| 535/585 [00:09:54<00:00:55,  0.90it/s, loss=0.0425]
Epoch 2:  92%|#########.| 541/585 [00:10:00<00:00:48,  0.90it/s, loss=0.0425]
Epoch 2:  93%|#########.| 546/585 [00:10:05<00:00:43,  0.90it/s, loss=0.0425]
Epoch 2:  94%|#########.| 552/585 [00:10:12<00:00:36,  0.90it/s, loss=0.0424]
Epoch 2:  95%|#########.| 557/585 [00:10:17<00:00:31,  0.90it/s, loss=0.0424]
Epoch 2:  96%|#########.| 562/585 [00:10:22<00:00:25,  0.90it/s, loss=0.0423]
Epoch 2:  97%|#########.| 567/585 [00:10:28<00:00:19,  0.90it/s, loss=0.0422]
Epoch 2:  98%|#########.| 572/585 [00:10:33<00:00:14,  0.90it/s, loss=0.0421]
Epoch 2:  99%|#########.| 578/585 [00:10:40<00:00:07,  0.90it/s, loss=0.0421]
Epoch 2: 100%|#########.| 583/585 [00:10:45<00:00:02,  0.90it/s, loss=0.0420]
Epoch 2: 100%|##########| 585/585 [00:10:48<00:00:00,  0.90it/s, loss=0.0423]
Test loss: 0.0341, Test rmsae: 11.41deg
{"event": "epoch_complete", "epoch": 2, "phase": 1, "lr": 0.0001, "batch_size": 1, "micro_batch_size": 1, "train_loss": 0.04226953683054855, "val_loss": 0.03411790850805119, "val_rmsae_deg": 11.412956029176712, "epoch_time_s": 649.9560358680319}
{"event": "checkpoint_saved", "tag": "best_rmsae", "epoch": 2, "path": "IFAN_Maba/outputs/stage3/ifan_maba_stage3_full40_freqblock_paper_original_maba_20260420_214446/checkpoints/best_rmsae.pt", "val_rmsae_deg": 11.412956029176712}
Epoch 3/40:
Epoch 3:   1%|..........| 4/585 [00:00:05<00:12:50,  0.75it/s, loss=0.0349]
Epoch 3:   1%|..........| 8/585 [00:00:10<00:12:49,  0.75it/s, loss=0.0462]
Epoch 3:   2%|..........| 13/585 [00:00:16<00:12:14,  0.78it/s, loss=0.0446]
Epoch 3:   3%|..........| 18/585 [00:00:22<00:11:55,  0.79it/s, loss=0.0456]
Epoch 3:   4%|..........| 23/585 [00:00:28<00:11:24,  0.82it/s, loss=0.0459]
Epoch 3:   5%|..........| 28/585 [00:00:33<00:10:59,  0.84it/s, loss=0.0462]
Epoch 3:   6%|..........| 33/585 [00:00:38<00:10:49,  0.85it/s, loss=0.0504]
Epoch 3:   6%|..........| 38/585 [00:00:44<00:10:34,  0.86it/s, loss=0.0492]
Epoch 3:   8%|..........| 44/585 [00:00:50<00:10:15,  0.88it/s, loss=0.0477]
Epoch 3:   8%|..........| 49/585 [00:00:55<00:10:02,  0.89it/s, loss=0.0473]
Epoch 3:   9%|..........| 54/585 [00:01:00<00:09:57,  0.89it/s, loss=0.0470]
Epoch 3:  10%|#.........| 59/585 [00:01:05<00:09:47,  0.90it/s, loss=0.0456]
Epoch 3:  11%|#.........| 64/585 [00:01:11<00:09:41,  0.90it/s, loss=0.0451]
Epoch 3:  12%|#.........| 70/585 [00:01:17<00:09:28,  0.91it/s, loss=0.0440]
Epoch 3:  13%|#.........| 75/585 [00:01:22<00:09:21,  0.91it/s, loss=0.0434]
Epoch 3:  14%|#.........| 80/585 [00:01:28<00:09:17,  0.91it/s, loss=0.0429]
Epoch 3:  15%|#.........| 86/585 [00:01:34<00:09:06,  0.91it/s, loss=0.0420]
Epoch 3:  16%|#.........| 91/585 [00:01:40<00:09:03,  0.91it/s, loss=0.0415]
Epoch 3:  17%|#.........| 97/585 [00:01:45<00:08:52,  0.92it/s, loss=0.0410]
Epoch 3:  17%|#.........| 102/585 [00:01:51<00:08:49,  0.91it/s, loss=0.0405]
Epoch 3:  18%|#.........| 107/585 [00:01:57<00:08:46,  0.91it/s, loss=0.0400]
Epoch 3:  19%|#.........| 112/585 [00:02:03<00:08:40,  0.91it/s, loss=0.0396]
Epoch 3:  20%|##........| 117/585 [00:02:08<00:08:35,  0.91it/s, loss=0.0394]
Epoch 3:  21%|##........| 122/585 [00:02:13<00:08:28,  0.91it/s, loss=0.0391]
Epoch 3:  22%|##........| 127/585 [00:02:19<00:08:23,  0.91it/s, loss=0.0394]
Epoch 3:  22%|##........| 131/585 [00:02:24<00:08:21,  0.91it/s, loss=0.0392]
Epoch 3:  23%|##........| 136/585 [00:02:30<00:08:17,  0.90it/s, loss=0.0391]
Epoch 3:  24%|##........| 141/585 [00:02:36<00:08:11,  0.90it/s, loss=0.0388]
Epoch 3:  25%|##........| 146/585 [00:02:41<00:08:05,  0.90it/s, loss=0.0389]
Epoch 3:  26%|##........| 151/585 [00:02:46<00:07:58,  0.91it/s, loss=0.0387]
Epoch 3:  26%|##........| 155/585 [00:02:51<00:07:56,  0.90it/s, loss=0.0389]
Epoch 3:  28%|##........| 161/585 [00:02:57<00:07:48,  0.91it/s, loss=0.0387]
Epoch 3:  28%|##........| 166/585 [00:03:03<00:07:43,  0.90it/s, loss=0.0386]
Epoch 3:  29%|##........| 171/585 [00:03:08<00:07:37,  0.91it/s, loss=0.0388]
Epoch 3:  30%|###.......| 176/585 [00:03:14<00:07:32,  0.90it/s, loss=0.0391]
Epoch 3:  31%|###.......| 181/585 [00:03:19<00:07:26,  0.91it/s, loss=0.0388]
Epoch 3:  32%|###.......| 186/585 [00:03:25<00:07:21,  0.90it/s, loss=0.0389]
Epoch 3:  33%|###.......| 191/585 [00:03:30<00:07:15,  0.91it/s, loss=0.0389]
Epoch 3:  33%|###.......| 195/585 [00:03:36<00:07:12,  0.90it/s, loss=0.0387]
Epoch 3:  34%|###.......| 200/585 [00:03:42<00:07:07,  0.90it/s, loss=0.0387]
Epoch 3:  35%|###.......| 205/585 [00:03:47<00:07:00,  0.90it/s, loss=0.0385]
Epoch 3:  36%|###.......| 210/585 [00:03:52<00:06:55,  0.90it/s, loss=0.0385]
Epoch 3:  37%|###.......| 215/585 [00:03:58<00:06:50,  0.90it/s, loss=0.0384]
Epoch 3:  38%|###.......| 220/585 [00:04:04<00:06:45,  0.90it/s, loss=0.0384]
Epoch 3:  38%|###.......| 225/585 [00:04:09<00:06:39,  0.90it/s, loss=0.0382]
Epoch 3:  39%|###.......| 229/585 [00:04:15<00:06:37,  0.90it/s, loss=0.0381]
Epoch 3:  40%|####......| 234/585 [00:04:20<00:06:31,  0.90it/s, loss=0.0379]
Epoch 3:  41%|####......| 239/585 [00:04:26<00:06:25,  0.90it/s, loss=0.0378]
Epoch 3:  42%|####......| 244/585 [00:04:31<00:06:19,  0.90it/s, loss=0.0377]
Epoch 3:  43%|####......| 249/585 [00:04:36<00:06:13,  0.90it/s, loss=0.0377]
Epoch 3:  43%|####......| 254/585 [00:04:41<00:06:07,  0.90it/s, loss=0.0376]
Epoch 3:  44%|####......| 260/585 [00:04:47<00:05:59,  0.90it/s, loss=0.0375]
Epoch 3:  45%|####......| 265/585 [00:04:52<00:05:53,  0.91it/s, loss=0.0374]
Epoch 3:  46%|####......| 270/585 [00:04:58<00:05:48,  0.90it/s, loss=0.0373]
Epoch 3:  47%|####......| 275/585 [00:05:03<00:05:42,  0.90it/s, loss=0.0374]
Epoch 3:  48%|####......| 280/585 [00:05:09<00:05:36,  0.91it/s, loss=0.0373]
Epoch 3:  49%|####......| 285/585 [00:05:14<00:05:31,  0.90it/s, loss=0.0373]
Epoch 3:  50%|####......| 290/585 [00:05:20<00:05:25,  0.91it/s, loss=0.0374]
Epoch 3:  50%|#####.....| 295/585 [00:05:26<00:05:20,  0.90it/s, loss=0.0376]
Epoch 3:  51%|#####.....| 301/585 [00:05:31<00:05:13,  0.91it/s, loss=0.0374]
Epoch 3:  52%|#####.....| 306/585 [00:05:36<00:05:07,  0.91it/s, loss=0.0373]
Epoch 3:  53%|#####.....| 311/585 [00:05:42<00:05:01,  0.91it/s, loss=0.0376]
Epoch 3:  54%|#####.....| 315/585 [00:05:48<00:04:58,  0.90it/s, loss=0.0379]
Epoch 3:  55%|#####.....| 320/585 [00:05:53<00:04:52,  0.90it/s, loss=0.0378]
Epoch 3:  56%|#####.....| 325/585 [00:05:58<00:04:47,  0.91it/s, loss=0.0378]
Epoch 3:  56%|#####.....| 330/585 [00:06:04<00:04:41,  0.91it/s, loss=0.0377]
Epoch 3:  57%|#####.....| 335/585 [00:06:09<00:04:35,  0.91it/s, loss=0.0376]
Epoch 3:  58%|#####.....| 341/585 [00:06:15<00:04:28,  0.91it/s, loss=0.0375]
Epoch 3:  59%|#####.....| 346/585 [00:06:21<00:04:23,  0.91it/s, loss=0.0375]
Epoch 3:  60%|######....| 351/585 [00:06:26<00:04:17,  0.91it/s, loss=0.0374]
Epoch 3:  61%|######....| 356/585 [00:06:32<00:04:12,  0.91it/s, loss=0.0374]
Epoch 3:  62%|######....| 361/585 [00:06:38<00:04:07,  0.91it/s, loss=0.0373]
Epoch 3:  63%|######....| 366/585 [00:06:43<00:04:01,  0.91it/s, loss=0.0372]
Epoch 3:  64%|######....| 372/585 [00:06:49<00:03:54,  0.91it/s, loss=0.0371]
Epoch 3:  64%|######....| 376/585 [00:06:54<00:03:50,  0.91it/s, loss=0.0370]
Epoch 3:  65%|######....| 381/585 [00:07:00<00:03:44,  0.91it/s, loss=0.0369]
Epoch 3:  66%|######....| 386/585 [00:07:05<00:03:39,  0.91it/s, loss=0.0368]
Epoch 3:  67%|######....| 391/585 [00:07:11<00:03:33,  0.91it/s, loss=0.0368]
Epoch 3:  68%|######....| 396/585 [00:07:16<00:03:28,  0.91it/s, loss=0.0368]
Epoch 3:  69%|######....| 401/585 [00:07:21<00:03:22,  0.91it/s, loss=0.0368]
Epoch 3:  69%|######....| 405/585 [00:07:27<00:03:18,  0.91it/s, loss=0.0368]
Epoch 3:  70%|#######...| 410/585 [00:07:32<00:03:13,  0.91it/s, loss=0.0367]
Epoch 3:  71%|#######...| 416/585 [00:07:38<00:03:06,  0.91it/s, loss=0.0366]
Epoch 3:  72%|#######...| 420/585 [00:07:43<00:03:02,  0.91it/s, loss=0.0366]
Epoch 3:  73%|#######...| 425/585 [00:07:49<00:02:56,  0.91it/s, loss=0.0365]
Epoch 3:  74%|#######...| 430/585 [00:07:54<00:02:51,  0.91it/s, loss=0.0366]
Epoch 3:  74%|#######...| 435/585 [00:08:00<00:02:45,  0.91it/s, loss=0.0365]
Epoch 3:  75%|#######...| 440/585 [00:08:06<00:02:40,  0.90it/s, loss=0.0365]
Epoch 3:  76%|#######...| 446/585 [00:08:12<00:02:33,  0.91it/s, loss=0.0364]
Epoch 3:  77%|#######...| 451/585 [00:08:17<00:02:27,  0.91it/s, loss=0.0364]
Epoch 3:  78%|#######...| 456/585 [00:08:23<00:02:22,  0.91it/s, loss=0.0364]
Epoch 3:  79%|#######...| 461/585 [00:08:29<00:02:17,  0.90it/s, loss=0.0364]
Epoch 3:  80%|#######...| 466/585 [00:08:34<00:02:11,  0.90it/s, loss=0.0365]
Epoch 3:  81%|########..| 471/585 [00:08:40<00:02:06,  0.90it/s, loss=0.0365]
Epoch 3:  82%|########..| 477/585 [00:08:46<00:01:59,  0.91it/s, loss=0.0364]
Epoch 3:  82%|########..| 481/585 [00:08:51<00:01:55,  0.90it/s, loss=0.0366]
Epoch 3:  83%|########..| 486/585 [00:08:57<00:01:49,  0.90it/s, loss=0.0365]
Epoch 3:  84%|########..| 491/585 [00:09:02<00:01:43,  0.90it/s, loss=0.0365]
Epoch 3:  85%|########..| 496/585 [00:09:08<00:01:38,  0.90it/s, loss=0.0365]
Epoch 3:  86%|########..| 501/585 [00:09:13<00:01:32,  0.91it/s, loss=0.0364]
Epoch 3:  87%|########..| 507/585 [00:09:19<00:01:26,  0.91it/s, loss=0.0363]
Epoch 3:  88%|########..| 512/585 [00:09:24<00:01:20,  0.91it/s, loss=0.0363]
Epoch 3:  88%|########..| 517/585 [00:09:30<00:01:14,  0.91it/s, loss=0.0362]
Epoch 3:  89%|########..| 522/585 [00:09:35<00:01:09,  0.91it/s, loss=0.0361]
Epoch 3:  90%|#########.| 527/585 [00:09:41<00:01:04,  0.91it/s, loss=0.0361]
Epoch 3:  91%|#########.| 532/585 [00:09:46<00:00:58,  0.91it/s, loss=0.0361]
Epoch 3:  92%|#########.| 538/585 [00:09:52<00:00:51,  0.91it/s, loss=0.0360]
Epoch 3:  93%|#########.| 543/585 [00:09:57<00:00:46,  0.91it/s, loss=0.0360]
Epoch 3:  94%|#########.| 548/585 [00:10:02<00:00:40,  0.91it/s, loss=0.0359]
Epoch 3:  95%|#########.| 553/585 [00:10:08<00:00:35,  0.91it/s, loss=0.0359]
Epoch 3:  95%|#########.| 558/585 [00:10:14<00:00:29,  0.91it/s, loss=0.0359]
Epoch 3:  96%|#########.| 563/585 [00:10:19<00:00:24,  0.91it/s, loss=0.0359]
Epoch 3:  97%|#########.| 568/585 [00:10:24<00:00:18,  0.91it/s, loss=0.0359]
Epoch 3:  98%|#########.| 572/585 [00:10:30<00:00:14,  0.91it/s, loss=0.0359]
Epoch 3:  99%|#########.| 577/585 [00:10:35<00:00:08,  0.91it/s, loss=0.0358]
Epoch 3:  99%|#########.| 581/585 [00:10:40<00:00:04,  0.91it/s, loss=0.0358]
Epoch 3: 100%|##########| 585/585 [00:10:45<00:00:00,  0.91it/s, loss=0.0358]
Test loss: 0.0322, Test rmsae: 11.75deg
{"event": "epoch_complete", "epoch": 3, "phase": 1, "lr": 0.0001, "batch_size": 1, "micro_batch_size": 1, "train_loss": 0.03576810728981454, "val_loss": 0.03216873772908002, "val_rmsae_deg": 11.754521369934082, "epoch_time_s": 646.5707524558529}
Epoch 4/40:
Epoch 4:   1%|..........| 5/585 [00:00:05<00:11:25,  0.85it/s, loss=0.0349]
Epoch 4:   2%|..........| 10/585 [00:00:11<00:10:50,  0.88it/s, loss=0.0341]
Epoch 4:   3%|..........| 15/585 [00:00:16<00:10:33,  0.90it/s, loss=0.0336]
Epoch 4:   3%|..........| 20/585 [00:00:22<00:10:39,  0.88it/s, loss=0.0328]
Epoch 4:   4%|..........| 25/585 [00:00:27<00:10:21,  0.90it/s, loss=0.0327]
Epoch 4:   5%|..........| 30/585 [00:00:33<00:10:13,  0.90it/s, loss=0.0318]
Epoch 4:   6%|..........| 36/585 [00:00:39<00:09:56,  0.92it/s, loss=0.0306]
Epoch 4:   7%|..........| 41/585 [00:00:44<00:09:54,  0.92it/s, loss=0.0304]
Epoch 4:   8%|..........| 46/585 [00:00:50<00:09:51,  0.91it/s, loss=0.0309]
Epoch 4:   9%|..........| 50/585 [00:00:56<00:10:01,  0.89it/s, loss=0.0315]
Epoch 4:   9%|..........| 55/585 [00:01:02<00:09:59,  0.88it/s, loss=0.0324]
Epoch 4:  10%|#.........| 60/585 [00:01:07<00:09:54,  0.88it/s, loss=0.0322]
Epoch 4:  11%|#.........| 65/585 [00:01:13<00:09:49,  0.88it/s, loss=0.0322]
Epoch 4:  12%|#.........| 70/585 [00:01:19<00:09:41,  0.89it/s, loss=0.0316]
Epoch 4:  13%|#.........| 75/585 [00:01:24<00:09:34,  0.89it/s, loss=0.0317]
Epoch 4:  14%|#.........| 80/585 [00:01:29<00:09:26,  0.89it/s, loss=0.0315]
Epoch 4:  15%|#.........| 85/585 [00:01:36<00:09:25,  0.88it/s, loss=0.0317]
Epoch 4:  16%|#.........| 91/585 [00:01:42<00:09:14,  0.89it/s, loss=0.0314]
Epoch 4:  16%|#.........| 96/585 [00:01:47<00:09:09,  0.89it/s, loss=0.0321]
Epoch 4:  17%|#.........| 101/585 [00:01:52<00:09:01,  0.89it/s, loss=0.0319]
Epoch 4:  18%|#.........| 106/585 [00:01:58<00:08:56,  0.89it/s, loss=0.0318]
Epoch 4:  19%|#.........| 111/585 [00:02:03<00:08:49,  0.90it/s, loss=0.0319]
Epoch 4:  20%|#.........| 116/585 [00:02:09<00:08:44,  0.90it/s, loss=0.0319]
Epoch 4:  21%|##........| 121/585 [00:02:15<00:08:38,  0.89it/s, loss=0.0319]
Epoch 4:  22%|##........| 126/585 [00:02:21<00:08:33,  0.89it/s, loss=0.0320]
Epoch 4:  22%|##........| 131/585 [00:02:26<00:08:27,  0.89it/s, loss=0.0320]
Epoch 4:  23%|##........| 136/585 [00:02:32<00:08:22,  0.89it/s, loss=0.0321]
Epoch 4:  24%|##........| 142/585 [00:02:38<00:08:13,  0.90it/s, loss=0.0320]
Epoch 4:  25%|##........| 147/585 [00:02:43<00:08:08,  0.90it/s, loss=0.0320]
Epoch 4:  26%|##........| 152/585 [00:02:50<00:08:04,  0.89it/s, loss=0.0321]
Epoch 4:  27%|##........| 157/585 [00:02:55<00:07:59,  0.89it/s, loss=0.0320]
Epoch 4:  28%|##........| 162/585 [00:03:00<00:07:52,  0.90it/s, loss=0.0319]
Epoch 4:  29%|##........| 167/585 [00:03:06<00:07:46,  0.90it/s, loss=0.0320]
Epoch 4:  29%|##........| 172/585 [00:03:11<00:07:40,  0.90it/s, loss=0.0319]
Epoch 4:  30%|###.......| 177/585 [00:03:16<00:07:33,  0.90it/s, loss=0.0319]
Epoch 4:  31%|###.......| 182/585 [00:03:22<00:07:27,  0.90it/s, loss=0.0319]
Epoch 4:  32%|###.......| 187/585 [00:03:28<00:07:23,  0.90it/s, loss=0.0320]
Epoch 4:  33%|###.......| 192/585 [00:03:33<00:07:17,  0.90it/s, loss=0.0321]
Epoch 4:  34%|###.......| 198/585 [00:03:39<00:07:08,  0.90it/s, loss=0.0319]
Epoch 4:  35%|###.......| 204/585 [00:03:45<00:07:01,  0.90it/s, loss=0.0318]
Epoch 4:  36%|###.......| 209/585 [00:03:51<00:06:55,  0.90it/s, loss=0.0320]
Epoch 4:  36%|###.......| 213/585 [00:03:56<00:06:53,  0.90it/s, loss=0.0320]
Epoch 4:  37%|###.......| 218/585 [00:04:02<00:06:48,  0.90it/s, loss=0.0321]
Epoch 4:  38%|###.......| 223/585 [00:04:07<00:06:42,  0.90it/s, loss=0.0321]
Epoch 4:  39%|###.......| 228/585 [00:04:13<00:06:36,  0.90it/s, loss=0.0322]
Epoch 4:  40%|###.......| 233/585 [00:04:18<00:06:30,  0.90it/s, loss=0.0322]
Epoch 4:  41%|####......| 238/585 [00:04:24<00:06:24,  0.90it/s, loss=0.0322]
Epoch 4:  41%|####......| 242/585 [00:04:29<00:06:21,  0.90it/s, loss=0.0323]
Epoch 4:  42%|####......| 246/585 [00:04:35<00:06:19,  0.89it/s, loss=0.0323]
Epoch 4:  43%|####......| 251/585 [00:04:41<00:06:14,  0.89it/s, loss=0.0322]
Epoch 4:  44%|####......| 256/585 [00:04:46<00:06:08,  0.89it/s, loss=0.0322]
Epoch 4:  45%|####......| 262/585 [00:04:52<00:06:00,  0.90it/s, loss=0.0321]
Epoch 4:  46%|####......| 267/585 [00:04:58<00:05:55,  0.89it/s, loss=0.0321]
Epoch 4:  46%|####......| 271/585 [00:05:04<00:05:52,  0.89it/s, loss=0.0321]
Epoch 4:  47%|####......| 277/585 [00:05:10<00:05:45,  0.89it/s, loss=0.0320]
Epoch 4:  48%|####......| 282/585 [00:05:16<00:05:39,  0.89it/s, loss=0.0320]
Epoch 4:  49%|####......| 287/585 [00:05:21<00:05:33,  0.89it/s, loss=0.0320]
Epoch 4:  50%|####......| 292/585 [00:05:26<00:05:27,  0.89it/s, loss=0.0320]
Epoch 4:  51%|#####.....| 297/585 [00:05:31<00:05:21,  0.90it/s, loss=0.0319]
Epoch 4:  52%|#####.....| 303/585 [00:05:37<00:05:14,  0.90it/s, loss=0.0318]
Epoch 4:  53%|#####.....| 308/585 [00:05:42<00:05:08,  0.90it/s, loss=0.0318]
Epoch 4:  54%|#####.....| 313/585 [00:05:47<00:05:02,  0.90it/s, loss=0.0318]
Epoch 4:  54%|#####.....| 318/585 [00:05:53<00:04:57,  0.90it/s, loss=0.0318]
Epoch 4:  55%|#####.....| 323/585 [00:05:59<00:04:51,  0.90it/s, loss=0.0319]
Epoch 4:  56%|#####.....| 328/585 [00:06:05<00:04:46,  0.90it/s, loss=0.0319]
Epoch 4:  57%|#####.....| 333/585 [00:06:11<00:04:41,  0.90it/s, loss=0.0319]
Epoch 4:  58%|#####.....| 338/585 [00:06:17<00:04:35,  0.90it/s, loss=0.0319]
Epoch 4:  59%|#####.....| 343/585 [00:06:23<00:04:30,  0.89it/s, loss=0.0320]
Epoch 4:  59%|#####.....| 347/585 [00:06:28<00:04:26,  0.89it/s, loss=0.0319]
Epoch 4:  60%|######....| 352/585 [00:06:34<00:04:20,  0.89it/s, loss=0.0320]
Epoch 4:  61%|######....| 357/585 [00:06:39<00:04:15,  0.89it/s, loss=0.0320]
Epoch 4:  62%|######....| 361/585 [00:06:44<00:04:11,  0.89it/s, loss=0.0320]
Epoch 4:  63%|######....| 367/585 [00:06:50<00:04:03,  0.89it/s, loss=0.0320]
Epoch 4:  64%|######....| 372/585 [00:06:56<00:03:58,  0.89it/s, loss=0.0320]
Epoch 4:  64%|######....| 377/585 [00:07:01<00:03:52,  0.89it/s, loss=0.0320]
Epoch 4:  65%|######....| 382/585 [00:07:06<00:03:46,  0.90it/s, loss=0.0320]
Epoch 4:  66%|######....| 387/585 [00:07:11<00:03:40,  0.90it/s, loss=0.0319]
Epoch 4:  67%|######....| 393/585 [00:07:17<00:03:33,  0.90it/s, loss=0.0319]
Epoch 4:  68%|######....| 397/585 [00:07:22<00:03:29,  0.90it/s, loss=0.0320]
Epoch 4:  69%|######....| 402/585 [00:07:27<00:03:23,  0.90it/s, loss=0.0319]
Epoch 4:  70%|######....| 407/585 [00:07:34<00:03:18,  0.90it/s, loss=0.0319]
Epoch 4:  71%|#######...| 413/585 [00:07:40<00:03:11,  0.90it/s, loss=0.0318]
Epoch 4:  72%|#######...| 419/585 [00:07:45<00:03:04,  0.90it/s, loss=0.0317]
Epoch 4:  72%|#######...| 423/585 [00:07:50<00:03:00,  0.90it/s, loss=0.0317]
Epoch 4:  73%|#######...| 428/585 [00:07:55<00:02:54,  0.90it/s, loss=0.0317]
Epoch 4:  74%|#######...| 433/585 [00:08:01<00:02:49,  0.90it/s, loss=0.0317]
Epoch 4:  75%|#######...| 438/585 [00:08:07<00:02:43,  0.90it/s, loss=0.0317]
Epoch 4:  76%|#######...| 443/585 [00:08:12<00:02:37,  0.90it/s, loss=0.0317]
Epoch 4:  77%|#######...| 448/585 [00:08:18<00:02:32,  0.90it/s, loss=0.0316]
Epoch 4:  77%|#######...| 453/585 [00:08:24<00:02:26,  0.90it/s, loss=0.0315]
Epoch 4:  78%|#######...| 458/585 [00:08:30<00:02:21,  0.90it/s, loss=0.0318]
Epoch 4:  79%|#######...| 463/585 [00:08:35<00:02:15,  0.90it/s, loss=0.0318]
Epoch 4:  80%|########..| 468/585 [00:08:41<00:02:10,  0.90it/s, loss=0.0318]
Epoch 4:  81%|########..| 473/585 [00:08:47<00:02:04,  0.90it/s, loss=0.0318]
Epoch 4:  82%|########..| 478/585 [00:08:52<00:01:59,  0.90it/s, loss=0.0319]
Epoch 4:  83%|########..| 483/585 [00:08:58<00:01:53,  0.90it/s, loss=0.0318]
Epoch 4:  83%|########..| 488/585 [00:09:03<00:01:48,  0.90it/s, loss=0.0318]
Epoch 4:  84%|########..| 493/585 [00:09:09<00:01:42,  0.90it/s, loss=0.0318]
Epoch 4:  85%|########..| 498/585 [00:09:14<00:01:36,  0.90it/s, loss=0.0318]
Epoch 4:  86%|########..| 504/585 [00:09:20<00:01:30,  0.90it/s, loss=0.0317]
Epoch 4:  87%|########..| 509/585 [00:09:25<00:01:24,  0.90it/s, loss=0.0318]
Epoch 4:  88%|########..| 515/585 [00:09:31<00:01:17,  0.90it/s, loss=0.0318]
Epoch 4:  89%|########..| 519/585 [00:09:37<00:01:13,  0.90it/s, loss=0.0319]
Epoch 4:  90%|########..| 525/585 [00:09:43<00:01:06,  0.90it/s, loss=0.0319]
Epoch 4:  91%|#########.| 531/585 [00:09:49<00:00:59,  0.90it/s, loss=0.0318]
Epoch 4:  92%|#########.| 536/585 [00:09:54<00:00:54,  0.90it/s, loss=0.0318]
Epoch 4:  92%|#########.| 541/585 [00:10:01<00:00:48,  0.90it/s, loss=0.0319]
Epoch 4:  93%|#########.| 546/585 [00:10:07<00:00:43,  0.90it/s, loss=0.0320]
Epoch 4:  94%|#########.| 552/585 [00:10:13<00:00:36,  0.90it/s, loss=0.0320]
Epoch 4:  95%|#########.| 557/585 [00:10:18<00:00:31,  0.90it/s, loss=0.0320]
Epoch 4:  96%|#########.| 562/585 [00:10:24<00:00:25,  0.90it/s, loss=0.0320]
Epoch 4:  97%|#########.| 567/585 [00:10:30<00:00:20,  0.90it/s, loss=0.0321]
Epoch 4:  98%|#########.| 572/585 [00:10:35<00:00:14,  0.90it/s, loss=0.0320]
Epoch 4:  99%|#########.| 577/585 [00:10:41<00:00:08,  0.90it/s, loss=0.0321]
Epoch 4:  99%|#########.| 582/585 [00:10:46<00:00:03,  0.90it/s, loss=0.0321]
Epoch 4: 100%|##########| 585/585 [00:10:50<00:00:00,  0.90it/s, loss=0.0320]
Test loss: 0.0306, Test rmsae: 10.57deg
{"event": "epoch_complete", "epoch": 4, "phase": 1, "lr": 0.0001, "batch_size": 1, "micro_batch_size": 1, "train_loss": 0.032037839508400515, "val_loss": 0.030604218074586242, "val_rmsae_deg": 10.573018476366997, "epoch_time_s": 651.7276511129458}
{"event": "checkpoint_saved", "tag": "best_rmsae", "epoch": 4, "path": "IFAN_Maba/outputs/stage3/ifan_maba_stage3_full40_freqblock_paper_original_maba_20260420_214446/checkpoints/best_rmsae.pt", "val_rmsae_deg": 10.573018476366997}
Epoch 5/40:
Epoch 5:   1%|..........| 4/585 [00:00:05<00:12:53,  0.75it/s, loss=0.0346]
Epoch 5:   2%|..........| 9/585 [00:00:11<00:12:02,  0.80it/s, loss=0.0338]
Epoch 5:   2%|..........| 14/585 [00:00:16<00:11:28,  0.83it/s, loss=0.0332]
Epoch 5:   3%|..........| 19/585 [00:00:22<00:11:09,  0.85it/s, loss=0.0383]
Epoch 5:   4%|..........| 24/585 [00:00:28<00:10:57,  0.85it/s, loss=0.0375]
Epoch 5:   5%|..........| 29/585 [00:00:33<00:10:37,  0.87it/s, loss=0.0365]
Epoch 5:   6%|..........| 34/585 [00:00:38<00:10:31,  0.87it/s, loss=0.0360]
Epoch 5:   7%|..........| 39/585 [00:00:44<00:10:24,  0.87it/s, loss=0.0371]
Epoch 5:   8%|..........| 45/585 [00:00:50<00:10:06,  0.89it/s, loss=0.0361]
Epoch 5:   8%|..........| 49/585 [00:00:55<00:10:07,  0.88it/s, loss=0.0365]
Epoch 5:   9%|..........| 54/585 [00:01:00<00:09:55,  0.89it/s, loss=0.0355]
Epoch 5:  10%|#.........| 59/585 [00:01:07<00:10:00,  0.88it/s, loss=0.0363]
Epoch 5:  11%|#.........| 64/585 [00:01:12<00:09:51,  0.88it/s, loss=0.0356]
Epoch 5:  12%|#.........| 69/585 [00:01:18<00:09:44,  0.88it/s, loss=0.0364]
Epoch 5:  13%|#.........| 74/585 [00:01:23<00:09:33,  0.89it/s, loss=0.0364]
Epoch 5:  14%|#.........| 79/585 [00:01:28<00:09:29,  0.89it/s, loss=0.0359]
Epoch 5:  14%|#.........| 84/585 [00:01:34<00:09:22,  0.89it/s, loss=0.0354]
Epoch 5:  15%|#.........| 90/585 [00:01:40<00:09:11,  0.90it/s, loss=0.0349]
Epoch 5:  16%|#.........| 95/585 [00:01:45<00:09:06,  0.90it/s, loss=0.0348]
Epoch 5:  17%|#.........| 100/585 [00:01:51<00:09:00,  0.90it/s, loss=0.0345]
Epoch 5:  18%|#.........| 104/585 [00:01:56<00:08:59,  0.89it/s, loss=0.0348]
Epoch 5:  19%|#.........| 109/585 [00:02:02<00:08:54,  0.89it/s, loss=0.0345]
Epoch 5:  19%|#.........| 114/585 [00:02:07<00:08:47,  0.89it/s, loss=0.0344]
Epoch 5:  21%|##........| 120/585 [00:02:13<00:08:38,  0.90it/s, loss=0.0340]
Epoch 5:  21%|##........| 125/585 [00:02:19<00:08:32,  0.90it/s, loss=0.0340]
Epoch 5:  22%|##........| 131/585 [00:02:25<00:08:24,  0.90it/s, loss=0.0340]
Epoch 5:  23%|##........| 136/585 [00:02:31<00:08:20,  0.90it/s, loss=0.0339]
Epoch 5:  24%|##........| 141/585 [00:02:37<00:08:15,  0.90it/s, loss=0.0337]
Epoch 5:  25%|##........| 146/585 [00:02:43<00:08:10,  0.90it/s, loss=0.0337]
Epoch 5:  26%|##........| 151/585 [00:02:48<00:08:05,  0.89it/s, loss=0.0338]
Epoch 5:  27%|##........| 156/585 [00:02:54<00:08:00,  0.89it/s, loss=0.0337]
Epoch 5:  28%|##........| 161/585 [00:03:00<00:07:55,  0.89it/s, loss=0.0335]
Epoch 5:  28%|##........| 166/585 [00:03:06<00:07:49,  0.89it/s, loss=0.0335]
Epoch 5:  29%|##........| 171/585 [00:03:11<00:07:42,  0.89it/s, loss=0.0334]
Epoch 5:  30%|###.......| 176/585 [00:03:16<00:07:36,  0.90it/s, loss=0.0338]
Epoch 5:  31%|###.......| 181/585 [00:03:21<00:07:30,  0.90it/s, loss=0.0337]
Epoch 5:  32%|###.......| 186/585 [00:03:27<00:07:24,  0.90it/s, loss=0.0335]
Epoch 5:  33%|###.......| 191/585 [00:03:32<00:07:18,  0.90it/s, loss=0.0335]
Epoch 5:  34%|###.......| 197/585 [00:03:38<00:07:10,  0.90it/s, loss=0.0334]
Epoch 5:  35%|###.......| 202/585 [00:03:44<00:07:06,  0.90it/s, loss=0.0335]
Epoch 5:  35%|###.......| 207/585 [00:03:49<00:06:59,  0.90it/s, loss=0.0334]
Epoch 5:  36%|###.......| 212/585 [00:03:55<00:06:54,  0.90it/s, loss=0.0334]
Epoch 5:  37%|###.......| 216/585 [00:04:00<00:06:51,  0.90it/s, loss=0.0334]
Epoch 5:  38%|###.......| 221/585 [00:04:06<00:06:45,  0.90it/s, loss=0.0332]
Epoch 5:  39%|###.......| 226/585 [00:04:11<00:06:40,  0.90it/s, loss=0.0332]
Epoch 5:  39%|###.......| 231/585 [00:04:17<00:06:35,  0.90it/s, loss=0.0333]
Epoch 5:  40%|####......| 236/585 [00:04:23<00:06:29,  0.89it/s, loss=0.0332]
Epoch 5:  41%|####......| 242/585 [00:04:29<00:06:22,  0.90it/s, loss=0.0331]
Epoch 5:  42%|####......| 247/585 [00:04:34<00:06:16,  0.90it/s, loss=0.0330]
Epoch 5:  43%|####......| 252/585 [00:04:40<00:06:10,  0.90it/s, loss=0.0330]
Epoch 5:  44%|####......| 257/585 [00:04:45<00:06:04,  0.90it/s, loss=0.0329]
Epoch 5:  45%|####......| 262/585 [00:04:51<00:05:58,  0.90it/s, loss=0.0330]
Epoch 5:  46%|####......| 267/585 [00:04:56<00:05:53,  0.90it/s, loss=0.0329]
Epoch 5:  46%|####......| 272/585 [00:05:02<00:05:47,  0.90it/s, loss=0.0329]
Epoch 5:  47%|####......| 277/585 [00:05:07<00:05:42,  0.90it/s, loss=0.0328]
Epoch 5:  48%|####......| 282/585 [00:05:13<00:05:36,  0.90it/s, loss=0.0328]
Epoch 5:  49%|####......| 287/585 [00:05:18<00:05:30,  0.90it/s, loss=0.0327]
Epoch 5:  50%|####......| 292/585 [00:05:23<00:05:24,  0.90it/s, loss=0.0327]
Epoch 5:  51%|#####.....| 297/585 [00:05:29<00:05:19,  0.90it/s, loss=0.0326]
Epoch 5:  52%|#####.....| 302/585 [00:05:34<00:05:13,  0.90it/s, loss=0.0327]
Epoch 5:  52%|#####.....| 307/585 [00:05:40<00:05:08,  0.90it/s, loss=0.0326]
Epoch 5:  53%|#####.....| 312/585 [00:05:45<00:05:02,  0.90it/s, loss=0.0326]
Epoch 5:  54%|#####.....| 317/585 [00:05:50<00:04:56,  0.90it/s, loss=0.0326]
Epoch 5:  55%|#####.....| 322/585 [00:05:56<00:04:50,  0.90it/s, loss=0.0325]
Epoch 5:  56%|#####.....| 327/585 [00:06:01<00:04:45,  0.91it/s, loss=0.0325]
Epoch 5:  57%|#####.....| 332/585 [00:06:07<00:04:39,  0.90it/s, loss=0.0324]
Epoch 5:  58%|#####.....| 337/585 [00:06:12<00:04:34,  0.90it/s, loss=0.0324]
Epoch 5:  58%|#####.....| 342/585 [00:06:18<00:04:29,  0.90it/s, loss=0.0325]
Epoch 5:  59%|#####.....| 346/585 [00:06:23<00:04:25,  0.90it/s, loss=0.0325]
Epoch 5:  60%|######....| 351/585 [00:06:29<00:04:19,  0.90it/s, loss=0.0325]
Epoch 5:  61%|######....| 356/585 [00:06:35<00:04:14,  0.90it/s, loss=0.0324]
Epoch 5:  62%|######....| 361/585 [00:06:40<00:04:08,  0.90it/s, loss=0.0324]
Epoch 5:  63%|######....| 366/585 [00:06:45<00:04:02,  0.90it/s, loss=0.0324]
Epoch 5:  63%|######....| 371/585 [00:06:51<00:03:57,  0.90it/s, loss=0.0323]
Epoch 5:  64%|######....| 376/585 [00:06:56<00:03:51,  0.90it/s, loss=0.0321]
Epoch 5:  65%|######....| 381/585 [00:07:02<00:03:46,  0.90it/s, loss=0.0321]
Epoch 5:  66%|######....| 386/585 [00:07:08<00:03:40,  0.90it/s, loss=0.0321]
Epoch 5:  67%|######....| 391/585 [00:07:13<00:03:35,  0.90it/s, loss=0.0321]
Epoch 5:  68%|######....| 396/585 [00:07:19<00:03:29,  0.90it/s, loss=0.0321]
Epoch 5:  69%|######....| 401/585 [00:07:24<00:03:24,  0.90it/s, loss=0.0322]
Epoch 5:  69%|######....| 406/585 [00:07:30<00:03:18,  0.90it/s, loss=0.0322]
Epoch 5:  70%|#######...| 411/585 [00:07:36<00:03:13,  0.90it/s, loss=0.0321]
Epoch 5:  71%|#######...| 416/585 [00:07:42<00:03:07,  0.90it/s, loss=0.0321]
Epoch 5:  72%|#######...| 420/585 [00:07:47<00:03:03,  0.90it/s, loss=0.0320]
Epoch 5:  73%|#######...| 425/585 [00:07:53<00:02:58,  0.90it/s, loss=0.0320]
Epoch 5:  73%|#######...| 429/585 [00:07:58<00:02:54,  0.90it/s, loss=0.0320]
Epoch 5:  74%|#######...| 434/585 [00:08:03<00:02:48,  0.90it/s, loss=0.0320]
Epoch 5:  75%|#######...| 439/585 [00:08:09<00:02:42,  0.90it/s, loss=0.0319]
Epoch 5:  76%|#######...| 444/585 [00:08:15<00:02:37,  0.90it/s, loss=0.0318]
Epoch 5:  77%|#######...| 448/585 [00:08:20<00:02:32,  0.90it/s, loss=0.0318]
Epoch 5:  77%|#######...| 453/585 [00:08:25<00:02:27,  0.90it/s, loss=0.0317]
Epoch 5:  78%|#######...| 458/585 [00:08:30<00:02:21,  0.90it/s, loss=0.0318]
Epoch 5:  79%|#######...| 463/585 [00:08:35<00:02:15,  0.90it/s, loss=0.0317]
Epoch 5:  80%|#######...| 467/585 [00:08:41<00:02:11,  0.90it/s, loss=0.0317]
Epoch 5:  81%|########..| 471/585 [00:08:46<00:02:07,  0.89it/s, loss=0.0318]
Epoch 5:  81%|########..| 476/585 [00:08:51<00:02:01,  0.90it/s, loss=0.0319]
Epoch 5:  82%|########..| 481/585 [00:08:57<00:01:56,  0.90it/s, loss=0.0319]
Epoch 5:  83%|########..| 486/585 [00:09:02<00:01:50,  0.90it/s, loss=0.0320]
Epoch 5:  84%|########..| 491/585 [00:09:08<00:01:44,  0.90it/s, loss=0.0320]
Epoch 5:  85%|########..| 496/585 [00:09:14<00:01:39,  0.89it/s, loss=0.0320]
Epoch 5:  86%|########..| 501/585 [00:09:19<00:01:33,  0.90it/s, loss=0.0319]
Epoch 5:  86%|########..| 506/585 [00:09:25<00:01:28,  0.90it/s, loss=0.0320]
Epoch 5:  87%|########..| 511/585 [00:09:30<00:01:22,  0.90it/s, loss=0.0320]
Epoch 5:  88%|########..| 516/585 [00:09:36<00:01:17,  0.89it/s, loss=0.0322]
Epoch 5:  89%|########..| 521/585 [00:09:42<00:01:11,  0.89it/s, loss=0.0327]
Epoch 5:  90%|########..| 526/585 [00:09:48<00:01:05,  0.89it/s, loss=0.0329]
Epoch 5:  91%|#########.| 531/585 [00:09:53<00:01:00,  0.89it/s, loss=0.0330]
Epoch 5:  92%|#########.| 536/585 [00:09:59<00:00:54,  0.89it/s, loss=0.0336]
Epoch 5:  92%|#########.| 541/585 [00:10:04<00:00:49,  0.89it/s, loss=0.0340]
Epoch 5:  93%|#########.| 546/585 [00:10:10<00:00:43,  0.89it/s, loss=0.0341]
Epoch 5:  94%|#########.| 551/585 [00:10:15<00:00:37,  0.90it/s, loss=0.0342]
Epoch 5:  95%|#########.| 556/585 [00:10:20<00:00:32,  0.90it/s, loss=0.0343]
Epoch 5:  96%|#########.| 562/585 [00:10:26<00:00:25,  0.90it/s, loss=0.0343]
Epoch 5:  97%|#########.| 567/585 [00:10:31<00:00:20,  0.90it/s, loss=0.0344]
Epoch 5:  98%|#########.| 572/585 [00:10:37<00:00:14,  0.90it/s, loss=0.0345]
Epoch 5:  99%|#########.| 577/585 [00:10:43<00:00:08,  0.90it/s, loss=0.0349]
Epoch 5:  99%|#########.| 581/585 [00:10:49<00:00:04,  0.90it/s, loss=0.0354]
Epoch 5: 100%|##########| 585/585 [00:10:53<00:00:00,  0.90it/s, loss=0.0355]
Test loss: 0.0483, Test rmsae: 13.57deg
{"event": "epoch_complete", "epoch": 5, "phase": 1, "lr": 0.0001, "batch_size": 1, "micro_batch_size": 1, "train_loss": 0.035483410209417345, "val_loss": 0.04825723177054897, "val_rmsae_deg": 13.568300440907478, "epoch_time_s": 654.7514299149625}
Epoch 6/40:
Epoch 6:   1%|..........| 5/585 [00:00:05<00:09:57,  0.97it/s, loss=0.0370]
Epoch 6:   2%|..........| 11/585 [00:00:11<00:09:35,  1.00it/s, loss=0.0354]
Epoch 6:   3%|..........| 16/585 [00:00:16<00:09:48,  0.97it/s, loss=0.0355]
Epoch 6:   4%|..........| 21/585 [00:00:22<00:09:58,  0.94it/s, loss=0.0371]
Epoch 6:   4%|..........| 26/585 [00:00:27<00:09:47,  0.95it/s, loss=0.0362]
Epoch 6:   5%|..........| 31/585 [00:00:32<00:09:38,  0.96it/s, loss=0.0358]
Epoch 6:   6%|..........| 35/585 [00:00:37<00:09:50,  0.93it/s, loss=0.0365]
Epoch 6:   7%|..........| 40/585 [00:00:42<00:09:44,  0.93it/s, loss=0.0358]
Epoch 6:   8%|..........| 45/585 [00:00:48<00:09:36,  0.94it/s, loss=0.0354]
Epoch 6:   9%|..........| 50/585 [00:00:53<00:09:28,  0.94it/s, loss=0.0358]
Epoch 6:   9%|..........| 55/585 [00:00:58<00:09:24,  0.94it/s, loss=0.0354]
Epoch 6:  10%|#.........| 60/585 [00:01:03<00:09:16,  0.94it/s, loss=0.0351]
Epoch 6:  11%|#.........| 65/585 [00:01:09<00:09:12,  0.94it/s, loss=0.0354]
Epoch 6:  12%|#.........| 70/585 [00:01:14<00:09:08,  0.94it/s, loss=0.0352]
Epoch 6:  13%|#.........| 75/585 [00:01:19<00:09:01,  0.94it/s, loss=0.0352]
Epoch 6:  14%|#.........| 80/585 [00:01:25<00:08:57,  0.94it/s, loss=0.0350]
Epoch 6:  15%|#.........| 85/585 [00:01:30<00:08:54,  0.94it/s, loss=0.0351]
Epoch 6:  15%|#.........| 90/585 [00:01:36<00:08:50,  0.93it/s, loss=0.0346]
Epoch 6:  16%|#.........| 95/585 [00:01:42<00:08:47,  0.93it/s, loss=0.0355]
Epoch 6:  17%|#.........| 100/585 [00:01:47<00:08:41,  0.93it/s, loss=0.0352]
Epoch 6:  18%|#.........| 105/585 [00:01:53<00:08:37,  0.93it/s, loss=0.0354]
Epoch 6:  19%|#.........| 111/585 [00:01:58<00:08:27,  0.93it/s, loss=0.0351]
Epoch 6:  20%|#.........| 116/585 [00:02:04<00:08:21,  0.93it/s, loss=0.0351]
Epoch 6:  21%|##........| 121/585 [00:02:10<00:08:19,  0.93it/s, loss=0.0351]
Epoch 6:  22%|##........| 126/585 [00:02:15<00:08:14,  0.93it/s, loss=0.0350]
Epoch 6:  22%|##........| 131/585 [00:02:20<00:08:07,  0.93it/s, loss=0.0348]
Epoch 6:  23%|##........| 136/585 [00:02:25<00:08:01,  0.93it/s, loss=0.0345]
Epoch 6:  24%|##........| 141/585 [00:02:31<00:07:56,  0.93it/s, loss=0.0343]
Epoch 6:  25%|##........| 146/585 [00:02:36<00:07:49,  0.93it/s, loss=0.0342]
Epoch 6:  26%|##........| 151/585 [00:02:41<00:07:43,  0.94it/s, loss=0.0338]
Epoch 6:  27%|##........| 157/585 [00:02:48<00:07:38,  0.93it/s, loss=0.0337]
Epoch 6:  28%|##........| 162/585 [00:02:54<00:07:35,  0.93it/s, loss=0.0339]
Epoch 6:  29%|##........| 168/585 [00:03:00<00:07:27,  0.93it/s, loss=0.0338]
Epoch 6:  30%|##........| 173/585 [00:03:05<00:07:22,  0.93it/s, loss=0.0336]
Epoch 6:  30%|###.......| 178/585 [00:03:10<00:07:16,  0.93it/s, loss=0.0335]
Epoch 6:  31%|###.......| 182/585 [00:03:16<00:07:15,  0.93it/s, loss=0.0337]
Epoch 6:  32%|###.......| 187/585 [00:03:22<00:07:10,  0.93it/s, loss=0.0336]
Epoch 6:  33%|###.......| 192/585 [00:03:27<00:07:04,  0.93it/s, loss=0.0335]
Epoch 6:  34%|###.......| 197/585 [00:03:32<00:06:58,  0.93it/s, loss=0.0335]
Epoch 6:  35%|###.......| 202/585 [00:03:37<00:06:52,  0.93it/s, loss=0.0334]
Epoch 6:  35%|###.......| 207/585 [00:03:43<00:06:47,  0.93it/s, loss=0.0333]
Epoch 6:  36%|###.......| 212/585 [00:03:48<00:06:42,  0.93it/s, loss=0.0336]
Epoch 6:  37%|###.......| 217/585 [00:03:53<00:06:36,  0.93it/s, loss=0.0335]
Epoch 6:  38%|###.......| 223/585 [00:04:00<00:06:30,  0.93it/s, loss=0.0335]
Epoch 6:  39%|###.......| 228/585 [00:04:05<00:06:24,  0.93it/s, loss=0.0334]
Epoch 6:  40%|####......| 234/585 [00:04:11<00:06:16,  0.93it/s, loss=0.0335]
Epoch 6:  41%|####......| 239/585 [00:04:16<00:06:11,  0.93it/s, loss=0.0334]
Epoch 6:  42%|####......| 245/585 [00:04:22<00:06:04,  0.93it/s, loss=0.0333]
Epoch 6:  43%|####......| 250/585 [00:04:27<00:05:58,  0.93it/s, loss=0.0334]
Epoch 6:  43%|####......| 254/585 [00:04:33<00:05:55,  0.93it/s, loss=0.0336]
Epoch 6:  44%|####......| 259/585 [00:04:38<00:05:50,  0.93it/s, loss=0.0335]
Epoch 6:  45%|####......| 264/585 [00:04:43<00:05:44,  0.93it/s, loss=0.0335]
Epoch 6:  46%|####......| 269/585 [00:04:49<00:05:40,  0.93it/s, loss=0.0338]
Epoch 6:  47%|####......| 275/585 [00:04:55<00:05:32,  0.93it/s, loss=0.0336]
Epoch 6:  48%|####......| 279/585 [00:05:00<00:05:30,  0.93it/s, loss=0.0338]
Epoch 6:  49%|####......| 284/585 [00:05:06<00:05:24,  0.93it/s, loss=0.0337]
Epoch 6:  49%|####......| 289/585 [00:05:11<00:05:19,  0.93it/s, loss=0.0336]
Epoch 6:  50%|#####.....| 293/585 [00:05:16<00:05:15,  0.93it/s, loss=0.0338]
Epoch 6:  51%|#####.....| 298/585 [00:05:22<00:05:10,  0.92it/s, loss=0.0338]
Epoch 6:  52%|#####.....| 303/585 [00:05:27<00:05:04,  0.93it/s, loss=0.0338]
Epoch 6:  53%|#####.....| 308/585 [00:05:32<00:04:58,  0.93it/s, loss=0.0337]
Epoch 6:  53%|#####.....| 312/585 [00:05:37<00:04:55,  0.92it/s, loss=0.0340]
Epoch 6:  54%|#####.....| 317/585 [00:05:43<00:04:50,  0.92it/s, loss=0.0339]
Epoch 6:  55%|#####.....| 322/585 [00:05:48<00:04:44,  0.92it/s, loss=0.0338]
Epoch 6:  56%|#####.....| 327/585 [00:05:53<00:04:39,  0.92it/s, loss=0.0338]
Epoch 6:  57%|#####.....| 331/585 [00:05:58<00:04:35,  0.92it/s, loss=0.0338]
Epoch 6:  57%|#####.....| 335/585 [00:06:05<00:04:32,  0.92it/s, loss=0.0338]
Epoch 6:  58%|#####.....| 341/585 [00:06:10<00:04:25,  0.92it/s, loss=0.0338]
Epoch 6:  59%|#####.....| 347/585 [00:06:16<00:04:18,  0.92it/s, loss=0.0336]
Epoch 6:  60%|######....| 353/585 [00:06:22<00:04:11,  0.92it/s, loss=0.0335]
Epoch 6:  61%|######....| 358/585 [00:06:28<00:04:06,  0.92it/s, loss=0.0336]
Epoch 6:  62%|######....| 363/585 [00:06:34<00:04:01,  0.92it/s, loss=0.0336]
Epoch 6:  63%|######....| 368/585 [00:06:40<00:03:56,  0.92it/s, loss=0.0339]
Epoch 6:  64%|######....| 373/585 [00:06:46<00:03:50,  0.92it/s, loss=0.0340]
Epoch 6:  65%|######....| 378/585 [00:06:52<00:03:46,  0.92it/s, loss=0.0340]
Epoch 6:  65%|######....| 383/585 [00:06:57<00:03:40,  0.92it/s, loss=0.0339]
Epoch 6:  66%|######....| 387/585 [00:07:03<00:03:36,  0.91it/s, loss=0.0340]
Epoch 6:  67%|######....| 392/585 [00:07:08<00:03:31,  0.91it/s, loss=0.0341]
Epoch 6:  68%|######....| 397/585 [00:07:14<00:03:25,  0.91it/s, loss=0.0341]
Epoch 6:  69%|######....| 402/585 [00:07:19<00:03:20,  0.91it/s, loss=0.0341]
Epoch 6:  70%|######....| 407/585 [00:07:25<00:03:14,  0.91it/s, loss=0.0340]
Epoch 6:  70%|#######...| 412/585 [00:07:31<00:03:09,  0.91it/s, loss=0.0340]
Epoch 6:  71%|#######...| 417/585 [00:07:36<00:03:03,  0.91it/s, loss=0.0340]
Epoch 6:  72%|#######...| 422/585 [00:07:41<00:02:58,  0.91it/s, loss=0.0338]
Epoch 6:  73%|#######...| 427/585 [00:07:46<00:02:52,  0.92it/s, loss=0.0338]
Epoch 6:  74%|#######...| 432/585 [00:07:52<00:02:47,  0.92it/s, loss=0.0338]
Epoch 6:  75%|#######...| 437/585 [00:07:57<00:02:41,  0.91it/s, loss=0.0337]
Epoch 6:  76%|#######...| 442/585 [00:08:03<00:02:36,  0.91it/s, loss=0.0336]
Epoch 6:  77%|#######...| 448/585 [00:08:09<00:02:29,  0.91it/s, loss=0.0336]
Epoch 6:  77%|#######...| 453/585 [00:08:15<00:02:24,  0.91it/s, loss=0.0336]
Epoch 6:  78%|#######...| 458/585 [00:08:21<00:02:19,  0.91it/s, loss=0.0336]
Epoch 6:  79%|#######...| 463/585 [00:08:27<00:02:13,  0.91it/s, loss=0.0336]
Epoch 6:  80%|########..| 468/585 [00:08:32<00:02:08,  0.91it/s, loss=0.0336]
Epoch 6:  81%|########..| 473/585 [00:08:37<00:02:02,  0.91it/s, loss=0.0335]
Epoch 6:  82%|########..| 478/585 [00:08:43<00:01:57,  0.91it/s, loss=0.0335]
Epoch 6:  83%|########..| 483/585 [00:08:48<00:01:51,  0.91it/s, loss=0.0334]
Epoch 6:  83%|########..| 487/585 [00:08:53<00:01:47,  0.91it/s, loss=0.0335]
Epoch 6:  84%|########..| 493/585 [00:08:59<00:01:40,  0.91it/s, loss=0.0334]
Epoch 6:  85%|########..| 498/585 [00:09:04<00:01:35,  0.91it/s, loss=0.0333]
Epoch 6:  86%|########..| 503/585 [00:09:10<00:01:29,  0.91it/s, loss=0.0333]
Epoch 6:  87%|########..| 508/585 [00:09:15<00:01:24,  0.91it/s, loss=0.0333]
Epoch 6:  88%|########..| 514/585 [00:09:21<00:01:17,  0.92it/s, loss=0.0332]
Epoch 6:  89%|########..| 519/585 [00:09:26<00:01:12,  0.92it/s, loss=0.0332]
Epoch 6:  90%|########..| 524/585 [00:09:32<00:01:06,  0.92it/s, loss=0.0332]
Epoch 6:  91%|#########.| 530/585 [00:09:38<00:00:59,  0.92it/s, loss=0.0331]
Epoch 6:  91%|#########.| 535/585 [00:09:43<00:00:54,  0.92it/s, loss=0.0331]
Epoch 6:  92%|#########.| 540/585 [00:09:48<00:00:49,  0.92it/s, loss=0.0330]
Epoch 6:  93%|#########.| 546/585 [00:09:54<00:00:42,  0.92it/s, loss=0.0329]
Epoch 6:  94%|#########.| 551/585 [00:10:00<00:00:37,  0.92it/s, loss=0.0329]
Epoch 6:  95%|#########.| 556/585 [00:10:05<00:00:31,  0.92it/s, loss=0.0329]
Epoch 6:  96%|#########.| 561/585 [00:10:10<00:00:26,  0.92it/s, loss=0.0328]
Epoch 6:  97%|#########.| 566/585 [00:10:16<00:00:20,  0.92it/s, loss=0.0327]
Epoch 6:  98%|#########.| 571/585 [00:10:21<00:00:15,  0.92it/s, loss=0.0327]
Epoch 6:  98%|#########.| 576/585 [00:10:27<00:00:09,  0.92it/s, loss=0.0326]
Epoch 6:  99%|#########.| 581/585 [00:10:32<00:00:04,  0.92it/s, loss=0.0326]
Epoch 6: 100%|##########| 585/585 [00:10:38<00:00:00,  0.92it/s, loss=0.0327]
Test loss: 0.0301, Test rmsae: 10.17deg
{"event": "epoch_complete", "epoch": 6, "phase": 1, "lr": 0.0001, "batch_size": 1, "micro_batch_size": 1, "train_loss": 0.03270757340340533, "val_loss": 0.030098784423898906, "val_rmsae_deg": 10.168667808175087, "epoch_time_s": 639.3882679850794}
{"event": "checkpoint_saved", "tag": "best_rmsae", "epoch": 6, "path": "IFAN_Maba/outputs/stage3/ifan_maba_stage3_full40_freqblock_paper_original_maba_20260420_214446/checkpoints/best_rmsae.pt", "val_rmsae_deg": 10.168667808175087}
Epoch 7/40:
Epoch 7:   1%|..........| 5/585 [00:00:05<00:10:16,  0.94it/s, loss=0.0298]
Epoch 7:   2%|..........| 10/585 [00:00:11<00:10:38,  0.90it/s, loss=0.0282]
Epoch 7:   3%|..........| 15/585 [00:00:16<00:10:40,  0.89it/s, loss=0.0268]
Epoch 7:   3%|..........| 20/585 [00:00:22<00:10:26,  0.90it/s, loss=0.0277]
Epoch 7:   4%|..........| 25/585 [00:00:27<00:10:13,  0.91it/s, loss=0.0280]
Epoch 7:   5%|..........| 30/585 [00:00:32<00:10:07,  0.91it/s, loss=0.0285]
Epoch 7:   6%|..........| 35/585 [00:00:38<00:09:57,  0.92it/s, loss=0.0279]
Epoch 7:   7%|..........| 40/585 [00:00:43<00:09:46,  0.93it/s, loss=0.0284]
Epoch 7:   8%|..........| 45/585 [00:00:48<00:09:40,  0.93it/s, loss=0.0285]
Epoch 7:   9%|..........| 50/585 [00:00:53<00:09:32,  0.93it/s, loss=0.0294]
Epoch 7:   9%|..........| 55/585 [00:00:58<00:09:25,  0.94it/s, loss=0.0288]
Epoch 7:  10%|#.........| 60/585 [00:01:04<00:09:22,  0.93it/s, loss=0.0285]
Epoch 7:  11%|#.........| 65/585 [00:01:09<00:09:18,  0.93it/s, loss=0.0290]
Epoch 7:  12%|#.........| 70/585 [00:01:15<00:09:14,  0.93it/s, loss=0.0291]
Epoch 7:  13%|#.........| 76/585 [00:01:21<00:09:03,  0.94it/s, loss=0.0290]
Epoch 7:  14%|#.........| 80/585 [00:01:26<00:09:08,  0.92it/s, loss=0.0294]
Epoch 7:  15%|#.........| 85/585 [00:01:31<00:09:00,  0.92it/s, loss=0.0295]
Epoch 7:  15%|#.........| 90/585 [00:01:37<00:08:56,  0.92it/s, loss=0.0292]
Epoch 7:  16%|#.........| 94/585 [00:01:42<00:08:55,  0.92it/s, loss=0.0292]
Epoch 7:  17%|#.........| 100/585 [00:01:48<00:08:46,  0.92it/s, loss=0.0292]
Epoch 7:  18%|#.........| 105/585 [00:01:53<00:08:39,  0.92it/s, loss=0.0290]
Epoch 7:  19%|#.........| 110/585 [00:01:59<00:08:34,  0.92it/s, loss=0.0291]
Epoch 7:  20%|#.........| 115/585 [00:02:05<00:08:31,  0.92it/s, loss=0.0297]
Epoch 7:  21%|##........| 120/585 [00:02:10<00:08:26,  0.92it/s, loss=0.0298]
Epoch 7:  21%|##........| 125/585 [00:02:16<00:08:21,  0.92it/s, loss=0.0298]
Epoch 7:  22%|##........| 130/585 [00:02:21<00:08:15,  0.92it/s, loss=0.0302]
Epoch 7:  23%|##........| 135/585 [00:02:26<00:08:09,  0.92it/s, loss=0.0301]
Epoch 7:  24%|##........| 140/585 [00:02:32<00:08:05,  0.92it/s, loss=0.0302]
Epoch 7:  25%|##........| 145/585 [00:02:38<00:08:00,  0.92it/s, loss=0.0303]
Epoch 7:  25%|##........| 149/585 [00:02:43<00:07:58,  0.91it/s, loss=0.0304]
Epoch 7:  26%|##........| 155/585 [00:02:49<00:07:49,  0.92it/s, loss=0.0305]
Epoch 7:  27%|##........| 160/585 [00:02:54<00:07:44,  0.92it/s, loss=0.0306]
Epoch 7:  28%|##........| 165/585 [00:02:59<00:07:37,  0.92it/s, loss=0.0305]
Epoch 7:  29%|##........| 171/585 [00:03:05<00:07:29,  0.92it/s, loss=0.0304]
Epoch 7:  30%|###.......| 177/585 [00:03:11<00:07:21,  0.92it/s, loss=0.0303]
Epoch 7:  31%|###.......| 182/585 [00:03:16<00:07:15,  0.93it/s, loss=0.0302]
Epoch 7:  32%|###.......| 188/585 [00:03:22<00:07:07,  0.93it/s, loss=0.0300]
Epoch 7:  33%|###.......| 193/585 [00:03:27<00:07:01,  0.93it/s, loss=0.0299]
Epoch 7:  34%|###.......| 199/585 [00:03:33<00:06:54,  0.93it/s, loss=0.0298]
Epoch 7:  35%|###.......| 205/585 [00:03:39<00:06:46,  0.93it/s, loss=0.0298]
Epoch 7:  36%|###.......| 210/585 [00:03:45<00:06:41,  0.93it/s, loss=0.0300]
Epoch 7:  37%|###.......| 215/585 [00:03:50<00:06:36,  0.93it/s, loss=0.0299]
Epoch 7:  38%|###.......| 220/585 [00:03:56<00:06:32,  0.93it/s, loss=0.0301]
Epoch 7:  38%|###.......| 225/585 [00:04:01<00:06:26,  0.93it/s, loss=0.0300]
Epoch 7:  39%|###.......| 230/585 [00:04:07<00:06:21,  0.93it/s, loss=0.0300]
Epoch 7:  40%|####......| 235/585 [00:04:12<00:06:16,  0.93it/s, loss=0.0300]
Epoch 7:  41%|####......| 240/585 [00:04:18<00:06:11,  0.93it/s, loss=0.0301]
Epoch 7:  42%|####......| 245/585 [00:04:24<00:06:06,  0.93it/s, loss=0.0302]
Epoch 7:  43%|####......| 250/585 [00:04:29<00:06:00,  0.93it/s, loss=0.0301]
Epoch 7:  44%|####......| 255/585 [00:04:34<00:05:55,  0.93it/s, loss=0.0301]
Epoch 7:  44%|####......| 260/585 [00:04:39<00:05:49,  0.93it/s, loss=0.0300]
Epoch 7:  45%|####......| 265/585 [00:04:45<00:05:44,  0.93it/s, loss=0.0300]
Epoch 7:  46%|####......| 270/585 [00:04:51<00:05:39,  0.93it/s, loss=0.0300]
Epoch 7:  47%|####......| 275/585 [00:04:56<00:05:34,  0.93it/s, loss=0.0299]
Epoch 7:  48%|####......| 281/585 [00:05:02<00:05:27,  0.93it/s, loss=0.0299]
Epoch 7:  49%|####......| 286/585 [00:05:08<00:05:22,  0.93it/s, loss=0.0306]
Epoch 7:  50%|####......| 292/585 [00:05:14<00:05:15,  0.93it/s, loss=0.0306]
Epoch 7:  51%|#####.....| 297/585 [00:05:19<00:05:09,  0.93it/s, loss=0.0306]
Epoch 7:  52%|#####.....| 302/585 [00:05:24<00:05:04,  0.93it/s, loss=0.0305]
Epoch 7:  52%|#####.....| 307/585 [00:05:29<00:04:58,  0.93it/s, loss=0.0305]
Epoch 7:  53%|#####.....| 312/585 [00:05:35<00:04:53,  0.93it/s, loss=0.0304]
Epoch 7:  54%|#####.....| 317/585 [00:05:40<00:04:48,  0.93it/s, loss=0.0303]
Epoch 7:  55%|#####.....| 322/585 [00:05:45<00:04:42,  0.93it/s, loss=0.0303]
Epoch 7:  56%|#####.....| 327/585 [00:05:51<00:04:37,  0.93it/s, loss=0.0303]
Epoch 7:  57%|#####.....| 332/585 [00:05:57<00:04:32,  0.93it/s, loss=0.0303]
Epoch 7:  58%|#####.....| 337/585 [00:06:02<00:04:26,  0.93it/s, loss=0.0303]
Epoch 7:  58%|#####.....| 342/585 [00:06:08<00:04:21,  0.93it/s, loss=0.0302]
Epoch 7:  59%|#####.....| 347/585 [00:06:13<00:04:16,  0.93it/s, loss=0.0302]
Epoch 7:  60%|######....| 352/585 [00:06:18<00:04:10,  0.93it/s, loss=0.0302]
Epoch 7:  61%|######....| 357/585 [00:06:23<00:04:04,  0.93it/s, loss=0.0302]
Epoch 7:  62%|######....| 363/585 [00:06:29<00:03:57,  0.93it/s, loss=0.0301]
Epoch 7:  63%|######....| 368/585 [00:06:34<00:03:52,  0.93it/s, loss=0.0301]
Epoch 7:  64%|######....| 372/585 [00:06:39<00:03:48,  0.93it/s, loss=0.0301]
Epoch 7:  64%|######....| 376/585 [00:06:45<00:03:45,  0.93it/s, loss=0.0301]
Epoch 7:  65%|######....| 381/585 [00:06:51<00:03:40,  0.93it/s, loss=0.0301]
Epoch 7:  66%|######....| 386/585 [00:06:56<00:03:34,  0.93it/s, loss=0.0300]
Epoch 7:  67%|######....| 391/585 [00:07:01<00:03:29,  0.93it/s, loss=0.0299]
Epoch 7:  68%|######....| 396/585 [00:07:06<00:03:23,  0.93it/s, loss=0.0299]
Epoch 7:  69%|######....| 401/585 [00:07:12<00:03:18,  0.93it/s, loss=0.0299]
Epoch 7:  69%|######....| 405/585 [00:07:17<00:03:14,  0.93it/s, loss=0.0299]
Epoch 7:  70%|#######...| 410/585 [00:07:23<00:03:09,  0.92it/s, loss=0.0299]
Epoch 7:  71%|#######...| 414/585 [00:07:28<00:03:05,  0.92it/s, loss=0.0300]
Epoch 7:  72%|#######...| 420/585 [00:07:34<00:02:58,  0.92it/s, loss=0.0301]
Epoch 7:  73%|#######...| 425/585 [00:07:40<00:02:53,  0.92it/s, loss=0.0302]
Epoch 7:  74%|#######...| 430/585 [00:07:45<00:02:47,  0.92it/s, loss=0.0303]
Epoch 7:  74%|#######...| 435/585 [00:07:51<00:02:42,  0.92it/s, loss=0.0302]
Epoch 7:  75%|#######...| 440/585 [00:07:56<00:02:37,  0.92it/s, loss=0.0302]
Epoch 7:  76%|#######...| 445/585 [00:08:02<00:02:31,  0.92it/s, loss=0.0302]
Epoch 7:  77%|#######...| 450/585 [00:08:07<00:02:26,  0.92it/s, loss=0.0301]
Epoch 7:  78%|#######...| 456/585 [00:08:14<00:02:19,  0.92it/s, loss=0.0302]
Epoch 7:  79%|#######...| 461/585 [00:08:19<00:02:14,  0.92it/s, loss=0.0301]
Epoch 7:  80%|#######...| 466/585 [00:08:24<00:02:08,  0.92it/s, loss=0.0302]
Epoch 7:  81%|########..| 471/585 [00:08:29<00:02:03,  0.92it/s, loss=0.0302]
Epoch 7:  81%|########..| 476/585 [00:08:35<00:01:58,  0.92it/s, loss=0.0303]
Epoch 7:  82%|########..| 481/585 [00:08:40<00:01:52,  0.92it/s, loss=0.0303]
Epoch 7:  83%|########..| 486/585 [00:08:46<00:01:47,  0.92it/s, loss=0.0303]
Epoch 7:  84%|########..| 491/585 [00:08:51<00:01:41,  0.92it/s, loss=0.0303]
Epoch 7:  85%|########..| 496/585 [00:08:57<00:01:36,  0.92it/s, loss=0.0304]
Epoch 7:  86%|########..| 502/585 [00:09:03<00:01:29,  0.92it/s, loss=0.0303]
Epoch 7:  87%|########..| 507/585 [00:09:08<00:01:24,  0.92it/s, loss=0.0303]
Epoch 7:  88%|########..| 512/585 [00:09:13<00:01:18,  0.92it/s, loss=0.0303]
Epoch 7:  88%|########..| 517/585 [00:09:19<00:01:13,  0.92it/s, loss=0.0303]
Epoch 7:  89%|########..| 522/585 [00:09:25<00:01:08,  0.92it/s, loss=0.0302]
Epoch 7:  90%|#########.| 527/585 [00:09:31<00:01:02,  0.92it/s, loss=0.0302]
Epoch 7:  91%|#########.| 533/585 [00:09:36<00:00:56,  0.92it/s, loss=0.0302]
Epoch 7:  92%|#########.| 538/585 [00:09:42<00:00:50,  0.92it/s, loss=0.0302]
Epoch 7:  93%|#########.| 543/585 [00:09:47<00:00:45,  0.92it/s, loss=0.0303]
Epoch 7:  94%|#########.| 547/585 [00:09:52<00:00:41,  0.92it/s, loss=0.0303]
Epoch 7:  94%|#########.| 552/585 [00:09:58<00:00:35,  0.92it/s, loss=0.0303]
Epoch 7:  95%|#########.| 557/585 [00:10:04<00:00:30,  0.92it/s, loss=0.0302]
Epoch 7:  96%|#########.| 562/585 [00:10:09<00:00:24,  0.92it/s, loss=0.0302]
Epoch 7:  97%|#########.| 567/585 [00:10:14<00:00:19,  0.92it/s, loss=0.0302]
Epoch 7:  98%|#########.| 572/585 [00:10:19<00:00:14,  0.92it/s, loss=0.0302]
Epoch 7:  99%|#########.| 577/585 [00:10:25<00:00:08,  0.92it/s, loss=0.0302]
Epoch 7:  99%|#########.| 582/585 [00:10:30<00:00:03,  0.92it/s, loss=0.0301]
Epoch 7: 100%|##########| 585/585 [00:10:33<00:00:00,  0.92it/s, loss=0.0301]
Test loss: 0.0282, Test rmsae: 9.05deg
{"event": "epoch_complete", "epoch": 7, "phase": 1, "lr": 0.0001, "batch_size": 1, "micro_batch_size": 1, "train_loss": 0.03011828401309048, "val_loss": 0.028159745736047626, "val_rmsae_deg": 9.051086500287056, "epoch_time_s": 635.1709978608415}
{"event": "checkpoint_saved", "tag": "best_rmsae", "epoch": 7, "path": "IFAN_Maba/outputs/stage3/ifan_maba_stage3_full40_freqblock_paper_original_maba_20260420_214446/checkpoints/best_rmsae.pt", "val_rmsae_deg": 9.051086500287056}
Epoch 8/40:
Epoch 8:   1%|..........| 6/585 [00:00:06<00:10:14,  0.94it/s, loss=0.0288]
Epoch 8:   2%|..........| 11/585 [00:00:11<00:10:15,  0.93it/s, loss=0.0282]
Epoch 8:   3%|..........| 15/585 [00:00:16<00:10:43,  0.89it/s, loss=0.0286]
Epoch 8:   3%|..........| 20/585 [00:00:22<00:10:27,  0.90it/s, loss=0.0282]
Epoch 8:   4%|..........| 25/585 [00:00:27<00:10:17,  0.91it/s, loss=0.0287]
Epoch 8:   5%|..........| 30/585 [00:00:32<00:10:02,  0.92it/s, loss=0.0287]
Epoch 8:   6%|..........| 35/585 [00:00:38<00:10:00,  0.92it/s, loss=0.0286]
Epoch 8:   7%|..........| 41/585 [00:00:43<00:09:43,  0.93it/s, loss=0.0282]
Epoch 8:   8%|..........| 47/585 [00:00:49<00:09:28,  0.95it/s, loss=0.0280]
Epoch 8:   9%|..........| 51/585 [00:00:54<00:09:34,  0.93it/s, loss=0.0286]
Epoch 8:  10%|..........| 57/585 [00:01:00<00:09:21,  0.94it/s, loss=0.0285]
Epoch 8:  11%|#.........| 62/585 [00:01:06<00:09:17,  0.94it/s, loss=0.0289]
Epoch 8:  12%|#.........| 68/585 [00:01:12<00:09:08,  0.94it/s, loss=0.0292]
Epoch 8:  12%|#.........| 73/585 [00:01:17<00:09:03,  0.94it/s, loss=0.0291]
Epoch 8:  13%|#.........| 78/585 [00:01:22<00:08:57,  0.94it/s, loss=0.0294]
Epoch 8:  14%|#.........| 83/585 [00:01:28<00:08:56,  0.94it/s, loss=0.0295]
Epoch 8:  15%|#.........| 88/585 [00:01:34<00:08:51,  0.93it/s, loss=0.0296]
Epoch 8:  16%|#.........| 94/585 [00:01:40<00:08:42,  0.94it/s, loss=0.0295]
Epoch 8:  17%|#.........| 99/585 [00:01:45<00:08:37,  0.94it/s, loss=0.0299]
Epoch 8:  18%|#.........| 104/585 [00:01:51<00:08:34,  0.93it/s, loss=0.0300]
Epoch 8:  18%|#.........| 108/585 [00:01:56<00:08:35,  0.93it/s, loss=0.0300]
Epoch 8:  19%|#.........| 113/585 [00:02:02<00:08:30,  0.92it/s, loss=0.0299]
Epoch 8:  20%|##........| 118/585 [00:02:07<00:08:24,  0.93it/s, loss=0.0299]
Epoch 8:  21%|##........| 122/585 [00:02:12<00:08:24,  0.92it/s, loss=0.0303]
Epoch 8:  22%|##........| 127/585 [00:02:18<00:08:18,  0.92it/s, loss=0.0301]
Epoch 8:  23%|##........| 133/585 [00:02:23<00:08:09,  0.92it/s, loss=0.0300]
Epoch 8:  24%|##........| 138/585 [00:02:29<00:08:03,  0.92it/s, loss=0.0299]
Epoch 8:  24%|##........| 143/585 [00:02:34<00:07:57,  0.93it/s, loss=0.0300]
Epoch 8:  25%|##........| 148/585 [00:02:40<00:07:52,  0.92it/s, loss=0.0300]
Epoch 8:  26%|##........| 153/585 [00:02:45<00:07:46,  0.93it/s, loss=0.0300]
Epoch 8:  27%|##........| 159/585 [00:02:50<00:07:38,  0.93it/s, loss=0.0298]
Epoch 8:  28%|##........| 164/585 [00:02:56<00:07:31,  0.93it/s, loss=0.0298]
Epoch 8:  29%|##........| 169/585 [00:03:01<00:07:26,  0.93it/s, loss=0.0299]
Epoch 8:  30%|##........| 174/585 [00:03:06<00:07:21,  0.93it/s, loss=0.0298]
Epoch 8:  31%|###.......| 179/585 [00:03:12<00:07:15,  0.93it/s, loss=0.0297]
Epoch 8:  31%|###.......| 184/585 [00:03:17<00:07:09,  0.93it/s, loss=0.0297]
Epoch 8:  32%|###.......| 189/585 [00:03:22<00:07:04,  0.93it/s, loss=0.0295]
Epoch 8:  33%|###.......| 194/585 [00:03:28<00:07:00,  0.93it/s, loss=0.0295]
Epoch 8:  34%|###.......| 199/585 [00:03:34<00:06:55,  0.93it/s, loss=0.0297]
Epoch 8:  35%|###.......| 204/585 [00:03:39<00:06:49,  0.93it/s, loss=0.0295]
Epoch 8:  36%|###.......| 209/585 [00:03:45<00:06:45,  0.93it/s, loss=0.0296]
Epoch 8:  37%|###.......| 215/585 [00:03:51<00:06:37,  0.93it/s, loss=0.0295]
Epoch 8:  38%|###.......| 220/585 [00:03:56<00:06:31,  0.93it/s, loss=0.0296]
Epoch 8:  38%|###.......| 225/585 [00:04:01<00:06:26,  0.93it/s, loss=0.0296]
Epoch 8:  39%|###.......| 230/585 [00:04:07<00:06:22,  0.93it/s, loss=0.0295]
Epoch 8:  40%|####......| 235/585 [00:04:12<00:06:16,  0.93it/s, loss=0.0294]
Epoch 8:  41%|####......| 240/585 [00:04:18<00:06:11,  0.93it/s, loss=0.0293]
Epoch 8:  42%|####......| 245/585 [00:04:23<00:06:05,  0.93it/s, loss=0.0292]
Epoch 8:  43%|####......| 250/585 [00:04:28<00:06:00,  0.93it/s, loss=0.0292]
Epoch 8:  44%|####......| 255/585 [00:04:34<00:05:54,  0.93it/s, loss=0.0292]
Epoch 8:  44%|####......| 260/585 [00:04:39<00:05:49,  0.93it/s, loss=0.0292]
Epoch 8:  45%|####......| 265/585 [00:04:45<00:05:44,  0.93it/s, loss=0.0292]
Epoch 8:  46%|####......| 270/585 [00:04:50<00:05:39,  0.93it/s, loss=0.0291]
Epoch 8:  47%|####......| 275/585 [00:04:55<00:05:33,  0.93it/s, loss=0.0292]
Epoch 8:  48%|####......| 280/585 [00:05:01<00:05:28,  0.93it/s, loss=0.0290]
Epoch 8:  49%|####......| 285/585 [00:05:06<00:05:22,  0.93it/s, loss=0.0290]
Epoch 8:  49%|####......| 289/585 [00:05:11<00:05:19,  0.93it/s, loss=0.0292]
Epoch 8:  50%|#####.....| 294/585 [00:05:17<00:05:13,  0.93it/s, loss=0.0292]
Epoch 8:  51%|#####.....| 299/585 [00:05:22<00:05:08,  0.93it/s, loss=0.0292]
Epoch 8:  52%|#####.....| 304/585 [00:05:27<00:05:02,  0.93it/s, loss=0.0291]
Epoch 8:  53%|#####.....| 309/585 [00:05:32<00:04:57,  0.93it/s, loss=0.0290]
Epoch 8:  54%|#####.....| 314/585 [00:05:38<00:04:52,  0.93it/s, loss=0.0289]
Epoch 8:  55%|#####.....| 319/585 [00:05:44<00:04:47,  0.93it/s, loss=0.0290]
Epoch 8:  55%|#####.....| 324/585 [00:05:49<00:04:41,  0.93it/s, loss=0.0289]
Epoch 8:  56%|#####.....| 329/585 [00:05:55<00:04:36,  0.93it/s, loss=0.0289]
Epoch 8:  57%|#####.....| 334/585 [00:06:01<00:04:31,  0.92it/s, loss=0.0289]
Epoch 8:  58%|#####.....| 339/585 [00:06:06<00:04:26,  0.92it/s, loss=0.0288]
Epoch 8:  59%|#####.....| 344/585 [00:06:12<00:04:20,  0.92it/s, loss=0.0289]
Epoch 8:  60%|#####.....| 349/585 [00:06:17<00:04:15,  0.92it/s, loss=0.0288]
Epoch 8:  61%|######....| 355/585 [00:06:23<00:04:08,  0.92it/s, loss=0.0288]
Epoch 8:  62%|######....| 360/585 [00:06:28<00:04:03,  0.93it/s, loss=0.0288]
Epoch 8:  62%|######....| 365/585 [00:06:34<00:03:57,  0.93it/s, loss=0.0287]
Epoch 8:  63%|######....| 370/585 [00:06:39<00:03:52,  0.93it/s, loss=0.0288]
Epoch 8:  64%|######....| 375/585 [00:06:45<00:03:47,  0.92it/s, loss=0.0289]
Epoch 8:  65%|######....| 380/585 [00:06:50<00:03:41,  0.92it/s, loss=0.0289]
Epoch 8:  66%|######....| 385/585 [00:06:56<00:03:36,  0.92it/s, loss=0.0289]
Epoch 8:  67%|######....| 390/585 [00:07:02<00:03:31,  0.92it/s, loss=0.0288]
Epoch 8:  68%|######....| 395/585 [00:07:07<00:03:25,  0.92it/s, loss=0.0290]
Epoch 8:  68%|######....| 399/585 [00:07:12<00:03:21,  0.92it/s, loss=0.0290]
Epoch 8:  69%|######....| 404/585 [00:07:18<00:03:16,  0.92it/s, loss=0.0290]
Epoch 8:  70%|######....| 409/585 [00:07:23<00:03:10,  0.92it/s, loss=0.0291]
Epoch 8:  71%|#######...| 414/585 [00:07:29<00:03:05,  0.92it/s, loss=0.0292]
Epoch 8:  72%|#######...| 420/585 [00:07:35<00:02:58,  0.92it/s, loss=0.0291]
Epoch 8:  72%|#######...| 424/585 [00:07:40<00:02:54,  0.92it/s, loss=0.0292]
Epoch 8:  73%|#######...| 429/585 [00:07:47<00:02:49,  0.92it/s, loss=0.0292]
Epoch 8:  74%|#######...| 434/585 [00:07:52<00:02:44,  0.92it/s, loss=0.0292]
Epoch 8:  75%|#######...| 438/585 [00:07:58<00:02:40,  0.92it/s, loss=0.0292]
Epoch 8:  76%|#######...| 443/585 [00:08:03<00:02:34,  0.92it/s, loss=0.0292]
Epoch 8:  77%|#######...| 448/585 [00:08:08<00:02:29,  0.92it/s, loss=0.0292]
Epoch 8:  77%|#######...| 453/585 [00:08:14<00:02:24,  0.92it/s, loss=0.0292]
Epoch 8:  78%|#######...| 458/585 [00:08:19<00:02:18,  0.92it/s, loss=0.0292]
Epoch 8:  79%|#######...| 463/585 [00:08:24<00:02:12,  0.92it/s, loss=0.0292]
Epoch 8:  80%|########..| 468/585 [00:08:30<00:02:07,  0.92it/s, loss=0.0291]
Epoch 8:  81%|########..| 473/585 [00:08:36<00:02:02,  0.92it/s, loss=0.0292]
Epoch 8:  82%|########..| 478/585 [00:08:41<00:01:56,  0.92it/s, loss=0.0292]
Epoch 8:  83%|########..| 483/585 [00:08:47<00:01:51,  0.92it/s, loss=0.0292]
Epoch 8:  84%|########..| 489/585 [00:08:52<00:01:44,  0.92it/s, loss=0.0291]
Epoch 8:  84%|########..| 493/585 [00:08:57<00:01:40,  0.92it/s, loss=0.0293]
Epoch 8:  85%|########..| 498/585 [00:09:02<00:01:34,  0.92it/s, loss=0.0294]
Epoch 8:  86%|########..| 503/585 [00:09:08<00:01:29,  0.92it/s, loss=0.0293]
Epoch 8:  87%|########..| 509/585 [00:09:14<00:01:22,  0.92it/s, loss=0.0293]
Epoch 8:  88%|########..| 514/585 [00:09:20<00:01:17,  0.92it/s, loss=0.0293]
Epoch 8:  89%|########..| 519/585 [00:09:25<00:01:11,  0.92it/s, loss=0.0293]
Epoch 8:  90%|########..| 524/585 [00:09:31<00:01:06,  0.92it/s, loss=0.0293]
Epoch 8:  90%|#########.| 529/585 [00:09:37<00:01:01,  0.92it/s, loss=0.0292]
Epoch 8:  91%|#########.| 534/585 [00:09:43<00:00:55,  0.92it/s, loss=0.0292]
Epoch 8:  92%|#########.| 539/585 [00:09:48<00:00:50,  0.92it/s, loss=0.0292]
Epoch 8:  93%|#########.| 544/585 [00:09:54<00:00:44,  0.91it/s, loss=0.0292]
Epoch 8:  94%|#########.| 549/585 [00:10:00<00:00:39,  0.91it/s, loss=0.0292]
Epoch 8:  95%|#########.| 554/585 [00:10:05<00:00:33,  0.91it/s, loss=0.0292]
Epoch 8:  96%|#########.| 559/585 [00:10:10<00:00:28,  0.91it/s, loss=0.0291]
Epoch 8:  96%|#########.| 564/585 [00:10:16<00:00:22,  0.91it/s, loss=0.0291]
Epoch 8:  97%|#########.| 569/585 [00:10:22<00:00:17,  0.91it/s, loss=0.0292]
Epoch 8:  98%|#########.| 574/585 [00:10:28<00:00:12,  0.91it/s, loss=0.0292]
Epoch 8:  99%|#########.| 579/585 [00:10:33<00:00:06,  0.91it/s, loss=0.0292]
Epoch 8: 100%|#########.| 584/585 [00:10:39<00:00:01,  0.91it/s, loss=0.0292]
Epoch 8: 100%|##########| 585/585 [00:10:41<00:00:00,  0.91it/s, loss=0.0292]
Test loss: 0.0272, Test rmsae: 8.92deg
{"event": "epoch_complete", "epoch": 8, "phase": 1, "lr": 0.0001, "batch_size": 1, "micro_batch_size": 1, "train_loss": 0.02919318399622909, "val_loss": 0.02722480852389708, "val_rmsae_deg": 8.916971758008003, "epoch_time_s": 642.4320304929279}
{"event": "checkpoint_saved", "tag": "best_rmsae", "epoch": 8, "path": "IFAN_Maba/outputs/stage3/ifan_maba_stage3_full40_freqblock_paper_original_maba_20260420_214446/checkpoints/best_rmsae.pt", "val_rmsae_deg": 8.916971758008003}
Epoch 9/40:
Epoch 9:   1%|..........| 5/585 [00:00:05<00:09:52,  0.98it/s, loss=0.0269]
Epoch 9:   2%|..........| 10/585 [00:00:10<00:09:43,  0.99it/s, loss=0.0263]
Epoch 9:   3%|..........| 15/585 [00:00:17<00:10:48,  0.88it/s, loss=0.0294]
Epoch 9:   3%|..........| 20/585 [00:00:22<00:10:48,  0.87it/s, loss=0.0294]
Epoch 9:   4%|..........| 25/585 [00:00:28<00:10:36,  0.88it/s, loss=0.0279]
Epoch 9:   5%|..........| 30/585 [00:00:34<00:10:36,  0.87it/s, loss=0.0285]
Epoch 9:   6%|..........| 35/585 [00:00:39<00:10:25,  0.88it/s, loss=0.0283]
Epoch 9:   7%|..........| 40/585 [00:00:44<00:10:11,  0.89it/s, loss=0.0286]
Epoch 9:   8%|..........| 45/585 [00:00:50<00:10:03,  0.89it/s, loss=0.0287]
Epoch 9:   8%|..........| 49/585 [00:00:55<00:10:11,  0.88it/s, loss=0.0286]
Epoch 9:   9%|..........| 54/585 [00:01:01<00:10:02,  0.88it/s, loss=0.0291]
Epoch 9:  10%|#.........| 59/585 [00:01:06<00:09:51,  0.89it/s, loss=0.0289]
Epoch 9:  11%|#.........| 64/585 [00:01:11<00:09:45,  0.89it/s, loss=0.0288]
Epoch 9:  12%|#.........| 69/585 [00:01:17<00:09:36,  0.90it/s, loss=0.0285]
Epoch 9:  13%|#.........| 74/585 [00:01:22<00:09:31,  0.89it/s, loss=0.0288]
Epoch 9:  14%|#.........| 79/585 [00:01:28<00:09:25,  0.89it/s, loss=0.0289]
Epoch 9:  15%|#.........| 85/585 [00:01:34<00:09:14,  0.90it/s, loss=0.0288]
Epoch 9:  15%|#.........| 90/585 [00:01:39<00:09:08,  0.90it/s, loss=0.0287]
Epoch 9:  16%|#.........| 96/585 [00:01:45<00:08:57,  0.91it/s, loss=0.0284]
Epoch 9:  17%|#.........| 101/585 [00:01:51<00:08:53,  0.91it/s, loss=0.0283]
Epoch 9:  18%|#.........| 106/585 [00:01:56<00:08:48,  0.91it/s, loss=0.0285]
Epoch 9:  19%|#.........| 111/585 [00:02:02<00:08:41,  0.91it/s, loss=0.0284]
Epoch 9:  20%|#.........| 116/585 [00:02:07<00:08:34,  0.91it/s, loss=0.0285]
Epoch 9:  21%|##........| 121/585 [00:02:12<00:08:28,  0.91it/s, loss=0.0284]
Epoch 9:  22%|##........| 126/585 [00:02:17<00:08:22,  0.91it/s, loss=0.0281]
Epoch 9:  22%|##........| 131/585 [00:02:23<00:08:16,  0.91it/s, loss=0.0280]
Epoch 9:  23%|##........| 136/585 [00:02:29<00:08:12,  0.91it/s, loss=0.0279]
Epoch 9:  24%|##........| 142/585 [00:02:35<00:08:03,  0.92it/s, loss=0.0279]
Epoch 9:  25%|##........| 147/585 [00:02:40<00:07:56,  0.92it/s, loss=0.0277]
Epoch 9:  26%|##........| 152/585 [00:02:45<00:07:50,  0.92it/s, loss=0.0275]
Epoch 9:  27%|##........| 157/585 [00:02:50<00:07:44,  0.92it/s, loss=0.0278]
Epoch 9:  28%|##........| 162/585 [00:02:56<00:07:40,  0.92it/s, loss=0.0277]
Epoch 9:  28%|##........| 166/585 [00:03:01<00:07:37,  0.92it/s, loss=0.0279]
Epoch 9:  29%|##........| 170/585 [00:03:06<00:07:35,  0.91it/s, loss=0.0281]
Epoch 9:  30%|##........| 175/585 [00:03:12<00:07:29,  0.91it/s, loss=0.0281]
Epoch 9:  31%|###.......| 180/585 [00:03:17<00:07:23,  0.91it/s, loss=0.0282]
Epoch 9:  32%|###.......| 186/585 [00:03:23<00:07:15,  0.92it/s, loss=0.0281]
Epoch 9:  33%|###.......| 191/585 [00:03:28<00:07:09,  0.92it/s, loss=0.0281]
Epoch 9:  34%|###.......| 196/585 [00:03:34<00:07:05,  0.91it/s, loss=0.0280]
Epoch 9:  34%|###.......| 201/585 [00:03:39<00:06:59,  0.92it/s, loss=0.0279]
Epoch 9:  35%|###.......| 207/585 [00:03:46<00:06:52,  0.92it/s, loss=0.0281]
Epoch 9:  36%|###.......| 212/585 [00:03:51<00:06:46,  0.92it/s, loss=0.0280]
Epoch 9:  37%|###.......| 217/585 [00:03:56<00:06:41,  0.92it/s, loss=0.0280]
Epoch 9:  38%|###.......| 221/585 [00:04:01<00:06:37,  0.92it/s, loss=0.0286]
Epoch 9:  39%|###.......| 226/585 [00:04:06<00:06:32,  0.92it/s, loss=0.0285]
Epoch 9:  39%|###.......| 231/585 [00:04:13<00:06:27,  0.91it/s, loss=0.0285]
Epoch 9:  40%|####......| 236/585 [00:04:18<00:06:22,  0.91it/s, loss=0.0286]
Epoch 9:  41%|####......| 242/585 [00:04:24<00:06:14,  0.92it/s, loss=0.0286]
Epoch 9:  42%|####......| 247/585 [00:04:29<00:06:08,  0.92it/s, loss=0.0286]
Epoch 9:  43%|####......| 252/585 [00:04:35<00:06:03,  0.92it/s, loss=0.0285]
Epoch 9:  44%|####......| 257/585 [00:04:41<00:05:58,  0.91it/s, loss=0.0285]
Epoch 9:  45%|####......| 261/585 [00:04:46<00:05:55,  0.91it/s, loss=0.0286]
Epoch 9:  45%|####......| 266/585 [00:04:51<00:05:49,  0.91it/s, loss=0.0285]
Epoch 9:  46%|####......| 271/585 [00:04:56<00:05:43,  0.91it/s, loss=0.0285]
Epoch 9:  47%|####......| 276/585 [00:05:02<00:05:38,  0.91it/s, loss=0.0285]
Epoch 9:  48%|####......| 282/585 [00:05:07<00:05:30,  0.92it/s, loss=0.0284]
Epoch 9:  49%|####......| 287/585 [00:05:13<00:05:25,  0.92it/s, loss=0.0284]
Epoch 9:  50%|####......| 292/585 [00:05:18<00:05:19,  0.92it/s, loss=0.0283]
Epoch 9:  51%|#####.....| 298/585 [00:05:24<00:05:12,  0.92it/s, loss=0.0283]
Epoch 9:  52%|#####.....| 303/585 [00:05:30<00:05:07,  0.92it/s, loss=0.0284]
Epoch 9:  53%|#####.....| 309/585 [00:05:37<00:05:01,  0.92it/s, loss=0.0285]
Epoch 9:  54%|#####.....| 314/585 [00:05:42<00:04:55,  0.92it/s, loss=0.0285]
Epoch 9:  55%|#####.....| 319/585 [00:05:48<00:04:50,  0.92it/s, loss=0.0285]
Epoch 9:  55%|#####.....| 324/585 [00:05:53<00:04:45,  0.92it/s, loss=0.0286]
Epoch 9:  56%|#####.....| 329/585 [00:05:59<00:04:39,  0.92it/s, loss=0.0286]
Epoch 9:  57%|#####.....| 334/585 [00:06:04<00:04:34,  0.92it/s, loss=0.0286]
Epoch 9:  58%|#####.....| 340/585 [00:06:10<00:04:26,  0.92it/s, loss=0.0286]
Epoch 9:  59%|#####.....| 345/585 [00:06:15<00:04:21,  0.92it/s, loss=0.0286]
Epoch 9:  60%|#####.....| 350/585 [00:06:20<00:04:15,  0.92it/s, loss=0.0285]
Epoch 9:  61%|######....| 356/585 [00:06:26<00:04:08,  0.92it/s, loss=0.0285]
Epoch 9:  62%|######....| 362/585 [00:06:32<00:04:02,  0.92it/s, loss=0.0284]
Epoch 9:  63%|######....| 367/585 [00:06:37<00:03:56,  0.92it/s, loss=0.0283]
Epoch 9:  64%|######....| 372/585 [00:06:44<00:03:51,  0.92it/s, loss=0.0284]
Epoch 9:  64%|######....| 377/585 [00:06:50<00:03:46,  0.92it/s, loss=0.0284]
Epoch 9:  65%|######....| 382/585 [00:06:56<00:03:41,  0.92it/s, loss=0.0284]
Epoch 9:  66%|######....| 386/585 [00:07:01<00:03:37,  0.92it/s, loss=0.0284]
Epoch 9:  67%|######....| 391/585 [00:07:06<00:03:31,  0.92it/s, loss=0.0284]
Epoch 9:  68%|######....| 396/585 [00:07:12<00:03:26,  0.92it/s, loss=0.0284]
Epoch 9:  69%|######....| 401/585 [00:07:17<00:03:20,  0.92it/s, loss=0.0284]
Epoch 9:  69%|######....| 406/585 [00:07:23<00:03:15,  0.92it/s, loss=0.0283]
Epoch 9:  70%|#######...| 411/585 [00:07:28<00:03:10,  0.92it/s, loss=0.0283]
Epoch 9:  71%|#######...| 416/585 [00:07:34<00:03:04,  0.92it/s, loss=0.0283]
Epoch 9:  72%|#######...| 421/585 [00:07:39<00:02:58,  0.92it/s, loss=0.0283]
Epoch 9:  73%|#######...| 425/585 [00:07:44<00:02:54,  0.91it/s, loss=0.0283]
Epoch 9:  74%|#######...| 430/585 [00:07:50<00:02:49,  0.91it/s, loss=0.0283]
Epoch 9:  74%|#######...| 435/585 [00:07:55<00:02:44,  0.91it/s, loss=0.0282]
Epoch 9:  75%|#######...| 440/585 [00:08:00<00:02:38,  0.91it/s, loss=0.0283]
Epoch 9:  76%|#######...| 445/585 [00:08:06<00:02:32,  0.92it/s, loss=0.0283]
Epoch 9:  77%|#######...| 450/585 [00:08:12<00:02:27,  0.91it/s, loss=0.0283]
Epoch 9:  78%|#######...| 455/585 [00:08:18<00:02:22,  0.91it/s, loss=0.0284]
Epoch 9:  79%|#######...| 461/585 [00:08:23<00:02:15,  0.91it/s, loss=0.0283]
Epoch 9:  80%|#######...| 466/585 [00:08:29<00:02:10,  0.91it/s, loss=0.0283]
Epoch 9:  81%|########..| 471/585 [00:08:34<00:02:04,  0.91it/s, loss=0.0282]
Epoch 9:  81%|########..| 476/585 [00:08:40<00:01:59,  0.92it/s, loss=0.0282]
Epoch 9:  82%|########..| 481/585 [00:08:45<00:01:53,  0.92it/s, loss=0.0282]
Epoch 9:  83%|########..| 486/585 [00:08:50<00:01:48,  0.92it/s, loss=0.0282]
Epoch 9:  84%|########..| 491/585 [00:08:56<00:01:42,  0.92it/s, loss=0.0282]
Epoch 9:  85%|########..| 497/585 [00:09:02<00:01:36,  0.92it/s, loss=0.0281]
Epoch 9:  86%|########..| 502/585 [00:09:07<00:01:30,  0.92it/s, loss=0.0281]
Epoch 9:  87%|########..| 507/585 [00:09:13<00:01:25,  0.92it/s, loss=0.0281]
Epoch 9:  88%|########..| 512/585 [00:09:18<00:01:19,  0.92it/s, loss=0.0281]
Epoch 9:  88%|########..| 517/585 [00:09:24<00:01:14,  0.92it/s, loss=0.0281]
Epoch 9:  89%|########..| 522/585 [00:09:30<00:01:08,  0.92it/s, loss=0.0281]
Epoch 9:  90%|#########.| 528/585 [00:09:36<00:01:02,  0.92it/s, loss=0.0280]
Epoch 9:  91%|#########.| 533/585 [00:09:41<00:00:56,  0.92it/s, loss=0.0280]
Epoch 9:  92%|#########.| 538/585 [00:09:47<00:00:51,  0.92it/s, loss=0.0280]
Epoch 9:  93%|#########.| 544/585 [00:09:53<00:00:44,  0.92it/s, loss=0.0280]
Epoch 9:  94%|#########.| 549/585 [00:09:59<00:00:39,  0.92it/s, loss=0.0280]
Epoch 9:  95%|#########.| 554/585 [00:10:05<00:00:33,  0.92it/s, loss=0.0280]
Epoch 9:  95%|#########.| 558/585 [00:10:10<00:00:29,  0.91it/s, loss=0.0280]
Epoch 9:  96%|#########.| 563/585 [00:10:15<00:00:24,  0.91it/s, loss=0.0280]
Epoch 9:  97%|#########.| 568/585 [00:10:21<00:00:18,  0.91it/s, loss=0.0280]
Epoch 9:  98%|#########.| 573/585 [00:10:26<00:00:13,  0.91it/s, loss=0.0280]
Epoch 9:  99%|#########.| 577/585 [00:10:32<00:00:08,  0.91it/s, loss=0.0279]
Epoch 9:  99%|#########.| 582/585 [00:10:37<00:00:03,  0.91it/s, loss=0.0279]
Epoch 9: 100%|##########| 585/585 [00:10:40<00:00:00,  0.91it/s, loss=0.0279]
Test loss: 0.0270, Test rmsae: 8.86deg
{"event": "epoch_complete", "epoch": 9, "phase": 1, "lr": 0.0001, "batch_size": 1, "micro_batch_size": 1, "train_loss": 0.027881237292964742, "val_loss": 0.02700081211514771, "val_rmsae_deg": 8.860304072499275, "epoch_time_s": 641.4808650221676}
{"event": "checkpoint_saved", "tag": "best_rmsae", "epoch": 9, "path": "IFAN_Maba/outputs/stage3/ifan_maba_stage3_full40_freqblock_paper_original_maba_20260420_214446/checkpoints/best_rmsae.pt", "val_rmsae_deg": 8.860304072499275}
Epoch 10/40:
Epoch 10:   1%|..........| 5/585 [00:00:05<00:11:16,  0.86it/s, loss=0.0280]
Epoch 10:   2%|..........| 10/585 [00:00:10<00:10:32,  0.91it/s, loss=0.0279]
Epoch 10:   3%|..........| 15/585 [00:00:16<00:10:14,  0.93it/s, loss=0.0264]
Epoch 10:   3%|..........| 20/585 [00:00:22<00:10:22,  0.91it/s, loss=0.0274]
Epoch 10:   4%|..........| 25/585 [00:00:27<00:10:07,  0.92it/s, loss=0.0283]
Epoch 10:   5%|..........| 30/585 [00:00:32<00:10:02,  0.92it/s, loss=0.0271]
Epoch 10:   6%|..........| 35/585 [00:00:38<00:10:06,  0.91it/s, loss=0.0268]
Epoch 10:   7%|..........| 40/585 [00:00:44<00:10:01,  0.91it/s, loss=0.0271]
Epoch 10:   8%|..........| 45/585 [00:00:49<00:09:58,  0.90it/s, loss=0.0276]
Epoch 10:   9%|..........| 50/585 [00:00:55<00:09:49,  0.91it/s, loss=0.0273]
Epoch 10:   9%|..........| 54/585 [00:01:00<00:09:52,  0.90it/s, loss=0.0280]
Epoch 10:  10%|#.........| 59/585 [00:01:05<00:09:42,  0.90it/s, loss=0.0274]
Epoch 10:  11%|#.........| 64/585 [00:01:11<00:09:41,  0.90it/s, loss=0.0276]
Epoch 10:  12%|#.........| 69/585 [00:01:17<00:09:37,  0.89it/s, loss=0.0279]
Epoch 10:  13%|#.........| 74/585 [00:01:22<00:09:30,  0.90it/s, loss=0.0280]
Epoch 10:  14%|#.........| 79/585 [00:01:27<00:09:21,  0.90it/s, loss=0.0278]
Epoch 10:  14%|#.........| 84/585 [00:01:33<00:09:16,  0.90it/s, loss=0.0275]
Epoch 10:  15%|#.........| 89/585 [00:01:39<00:09:11,  0.90it/s, loss=0.0273]
Epoch 10:  16%|#.........| 95/585 [00:01:45<00:09:01,  0.90it/s, loss=0.0271]
Epoch 10:  17%|#.........| 100/585 [00:01:50<00:08:57,  0.90it/s, loss=0.0273]
Epoch 10:  18%|#.........| 105/585 [00:01:56<00:08:54,  0.90it/s, loss=0.0272]
Epoch 10:  19%|#.........| 110/585 [00:02:02<00:08:50,  0.90it/s, loss=0.0271]
Epoch 10:  20%|#.........| 115/585 [00:02:08<00:08:43,  0.90it/s, loss=0.0271]
Epoch 10:  21%|##........| 120/585 [00:02:13<00:08:37,  0.90it/s, loss=0.0271]
Epoch 10:  21%|##........| 125/585 [00:02:19<00:08:33,  0.90it/s, loss=0.0270]
Epoch 10:  22%|##........| 130/585 [00:02:24<00:08:26,  0.90it/s, loss=0.0269]
Epoch 10:  23%|##........| 136/585 [00:02:30<00:08:17,  0.90it/s, loss=0.0269]
Epoch 10:  24%|##........| 141/585 [00:02:35<00:08:11,  0.90it/s, loss=0.0268]
Epoch 10:  25%|##........| 147/585 [00:02:42<00:08:03,  0.91it/s, loss=0.0272]
Epoch 10:  26%|##........| 152/585 [00:02:47<00:07:56,  0.91it/s, loss=0.0271]
Epoch 10:  27%|##........| 157/585 [00:02:52<00:07:50,  0.91it/s, loss=0.0270]
Epoch 10:  28%|##........| 162/585 [00:02:57<00:07:44,  0.91it/s, loss=0.0271]
Epoch 10:  29%|##........| 167/585 [00:03:03<00:07:39,  0.91it/s, loss=0.0272]
Epoch 10:  29%|##........| 172/585 [00:03:08<00:07:33,  0.91it/s, loss=0.0272]
Epoch 10:  30%|###.......| 177/585 [00:03:14<00:07:28,  0.91it/s, loss=0.0272]
Epoch 10:  31%|###.......| 182/585 [00:03:20<00:07:23,  0.91it/s, loss=0.0271]
Epoch 10:  32%|###.......| 188/585 [00:03:26<00:07:15,  0.91it/s, loss=0.0271]
Epoch 10:  33%|###.......| 193/585 [00:03:31<00:07:10,  0.91it/s, loss=0.0271]
Epoch 10:  34%|###.......| 198/585 [00:03:37<00:07:04,  0.91it/s, loss=0.0272]
Epoch 10:  35%|###.......| 203/585 [00:03:42<00:06:58,  0.91it/s, loss=0.0272]
Epoch 10:  36%|###.......| 208/585 [00:03:47<00:06:53,  0.91it/s, loss=0.0272]
Epoch 10:  36%|###.......| 213/585 [00:03:53<00:06:47,  0.91it/s, loss=0.0271]
Epoch 10:  37%|###.......| 218/585 [00:03:58<00:06:41,  0.91it/s, loss=0.0270]
Epoch 10:  38%|###.......| 224/585 [00:04:04<00:06:34,  0.92it/s, loss=0.0269]
Epoch 10:  39%|###.......| 229/585 [00:04:11<00:06:30,  0.91it/s, loss=0.0270]
Epoch 10:  40%|####......| 234/585 [00:04:16<00:06:24,  0.91it/s, loss=0.0269]
Epoch 10:  41%|####......| 239/585 [00:04:21<00:06:18,  0.91it/s, loss=0.0269]
Epoch 10:  42%|####......| 244/585 [00:04:27<00:06:14,  0.91it/s, loss=0.0269]
Epoch 10:  43%|####......| 249/585 [00:04:32<00:06:08,  0.91it/s, loss=0.0269]
Epoch 10:  43%|####......| 254/585 [00:04:38<00:06:02,  0.91it/s, loss=0.0268]
Epoch 10:  44%|####......| 259/585 [00:04:43<00:05:56,  0.91it/s, loss=0.0273]
Epoch 10:  45%|####......| 264/585 [00:04:48<00:05:51,  0.91it/s, loss=0.0274]
Epoch 10:  46%|####......| 269/585 [00:04:54<00:05:46,  0.91it/s, loss=0.0274]
Epoch 10:  47%|####......| 274/585 [00:05:00<00:05:40,  0.91it/s, loss=0.0275]
Epoch 10:  48%|####......| 279/585 [00:05:06<00:05:36,  0.91it/s, loss=0.0275]
Epoch 10:  48%|####......| 283/585 [00:05:11<00:05:32,  0.91it/s, loss=0.0275]
Epoch 10:  49%|####......| 287/585 [00:05:17<00:05:29,  0.90it/s, loss=0.0280]
Epoch 10:  50%|####......| 292/585 [00:05:22<00:05:23,  0.91it/s, loss=0.0280]
Epoch 10:  51%|#####.....| 297/585 [00:05:28<00:05:18,  0.90it/s, loss=0.0279]
Epoch 10:  52%|#####.....| 302/585 [00:05:33<00:05:12,  0.90it/s, loss=0.0280]
Epoch 10:  52%|#####.....| 307/585 [00:05:39<00:05:07,  0.91it/s, loss=0.0279]
Epoch 10:  53%|#####.....| 311/585 [00:05:44<00:05:03,  0.90it/s, loss=0.0283]
Epoch 10:  54%|#####.....| 316/585 [00:05:49<00:04:57,  0.90it/s, loss=0.0283]
Epoch 10:  55%|#####.....| 321/585 [00:05:54<00:04:51,  0.90it/s, loss=0.0282]
Epoch 10:  56%|#####.....| 326/585 [00:06:00<00:04:46,  0.90it/s, loss=0.0283]
Epoch 10:  57%|#####.....| 332/585 [00:06:06<00:04:39,  0.91it/s, loss=0.0283]
Epoch 10:  58%|#####.....| 337/585 [00:06:12<00:04:34,  0.90it/s, loss=0.0284]
Epoch 10:  58%|#####.....| 341/585 [00:06:17<00:04:30,  0.90it/s, loss=0.0285]
Epoch 10:  59%|#####.....| 347/585 [00:06:23<00:04:22,  0.90it/s, loss=0.0284]
Epoch 10:  60%|######....| 352/585 [00:06:28<00:04:17,  0.91it/s, loss=0.0284]
Epoch 10:  61%|######....| 357/585 [00:06:34<00:04:12,  0.90it/s, loss=0.0285]
Epoch 10:  62%|######....| 361/585 [00:06:40<00:04:08,  0.90it/s, loss=0.0285]
Epoch 10:  63%|######....| 366/585 [00:06:45<00:04:02,  0.90it/s, loss=0.0285]
Epoch 10:  63%|######....| 371/585 [00:06:51<00:03:57,  0.90it/s, loss=0.0284]
Epoch 10:  64%|######....| 376/585 [00:06:56<00:03:51,  0.90it/s, loss=0.0285]
Epoch 10:  65%|######....| 380/585 [00:07:02<00:03:47,  0.90it/s, loss=0.0287]
Epoch 10:  66%|######....| 385/585 [00:07:07<00:03:41,  0.90it/s, loss=0.0286]
Epoch 10:  67%|######....| 390/585 [00:07:12<00:03:36,  0.90it/s, loss=0.0286]
Epoch 10:  68%|######....| 395/585 [00:07:18<00:03:30,  0.90it/s, loss=0.0287]
Epoch 10:  68%|######....| 398/585 [00:07:23<00:03:28,  0.90it/s, loss=0.0287]
Epoch 10:  69%|######....| 402/585 [00:07:28<00:03:24,  0.90it/s, loss=0.0288]
Epoch 10:  70%|######....| 407/585 [00:07:33<00:03:18,  0.90it/s, loss=0.0288]
Epoch 10:  71%|#######...| 413/585 [00:07:40<00:03:11,  0.90it/s, loss=0.0288]
Epoch 10:  71%|#######...| 418/585 [00:07:45<00:03:06,  0.90it/s, loss=0.0288]
Epoch 10:  72%|#######...| 423/585 [00:07:50<00:03:00,  0.90it/s, loss=0.0288]
Epoch 10:  73%|#######...| 428/585 [00:07:56<00:02:54,  0.90it/s, loss=0.0289]
Epoch 10:  74%|#######...| 433/585 [00:08:02<00:02:49,  0.90it/s, loss=0.0289]
Epoch 10:  75%|#######...| 438/585 [00:08:07<00:02:43,  0.90it/s, loss=0.0289]
Epoch 10:  76%|#######...| 443/585 [00:08:13<00:02:38,  0.90it/s, loss=0.0289]
Epoch 10:  77%|#######...| 448/585 [00:08:19<00:02:32,  0.90it/s, loss=0.0289]
Epoch 10:  77%|#######...| 453/585 [00:08:24<00:02:26,  0.90it/s, loss=0.0290]
Epoch 10:  78%|#######...| 457/585 [00:08:30<00:02:22,  0.90it/s, loss=0.0290]
Epoch 10:  79%|#######...| 462/585 [00:08:35<00:02:17,  0.90it/s, loss=0.0291]
Epoch 10:  80%|#######...| 467/585 [00:08:41<00:02:11,  0.90it/s, loss=0.0292]
Epoch 10:  81%|########..| 472/585 [00:08:47<00:02:06,  0.89it/s, loss=0.0292]
Epoch 10:  82%|########..| 477/585 [00:08:53<00:02:00,  0.89it/s, loss=0.0292]
Epoch 10:  82%|########..| 482/585 [00:08:58<00:01:55,  0.90it/s, loss=0.0292]
Epoch 10:  83%|########..| 487/585 [00:09:04<00:01:49,  0.89it/s, loss=0.0292]
Epoch 10:  84%|########..| 491/585 [00:09:09<00:01:45,  0.89it/s, loss=0.0292]
Epoch 10:  85%|########..| 496/585 [00:09:15<00:01:39,  0.89it/s, loss=0.0291]
Epoch 10:  86%|########..| 501/585 [00:09:20<00:01:33,  0.89it/s, loss=0.0292]
Epoch 10:  86%|########..| 506/585 [00:09:25<00:01:28,  0.89it/s, loss=0.0291]
Epoch 10:  87%|########..| 511/585 [00:09:31<00:01:22,  0.89it/s, loss=0.0291]
Epoch 10:  88%|########..| 516/585 [00:09:37<00:01:17,  0.89it/s, loss=0.0291]
Epoch 10:  89%|########..| 521/585 [00:09:42<00:01:11,  0.89it/s, loss=0.0292]
Epoch 10:  90%|########..| 525/585 [00:09:48<00:01:07,  0.89it/s, loss=0.0292]
Epoch 10:  91%|#########.| 530/585 [00:09:54<00:01:01,  0.89it/s, loss=0.0292]
Epoch 10:  91%|#########.| 535/585 [00:09:59<00:00:56,  0.89it/s, loss=0.0292]
Epoch 10:  92%|#########.| 540/585 [00:10:07<00:00:50,  0.89it/s, loss=0.0292]
Epoch 10:  93%|#########.| 545/585 [00:10:12<00:00:44,  0.89it/s, loss=0.0292]
Epoch 10:  94%|#########.| 551/585 [00:10:18<00:00:38,  0.89it/s, loss=0.0291]
Epoch 10:  95%|#########.| 557/585 [00:10:24<00:00:31,  0.89it/s, loss=0.0290]
Epoch 10:  96%|#########.| 562/585 [00:10:30<00:00:25,  0.89it/s, loss=0.0291]
Epoch 10:  97%|#########.| 568/585 [00:10:36<00:00:19,  0.89it/s, loss=0.0291]
Epoch 10:  98%|#########.| 573/585 [00:10:42<00:00:13,  0.89it/s, loss=0.0291]
Epoch 10:  99%|#########.| 578/585 [00:10:47<00:00:07,  0.89it/s, loss=0.0291]
Epoch 10:  99%|#########.| 582/585 [00:10:52<00:00:03,  0.89it/s, loss=0.0291]
Epoch 10: 100%|##########| 585/585 [00:10:55<00:00:00,  0.89it/s, loss=0.0291]
Test loss: 0.0267, Test rmsae: 8.83deg
{"event": "epoch_complete", "epoch": 10, "phase": 1, "lr": 0.0001, "batch_size": 1, "micro_batch_size": 1, "train_loss": 0.029143770357482453, "val_loss": 0.026697849214542657, "val_rmsae_deg": 8.834453359246254, "epoch_time_s": 657.1162774018012}
{"event": "checkpoint_saved", "tag": "best_rmsae", "epoch": 10, "path": "IFAN_Maba/outputs/stage3/ifan_maba_stage3_full40_freqblock_paper_original_maba_20260420_214446/checkpoints/best_rmsae.pt", "val_rmsae_deg": 8.834453359246254}
{"event": "checkpoint_saved", "tag": "epoch_010", "epoch": 10, "path": "IFAN_Maba/outputs/stage3/ifan_maba_stage3_full40_freqblock_paper_original_maba_20260420_214446/checkpoints/epoch_010.pt"}
Epoch 11/40:
Epoch 11:   1%|..........| 5/585 [00:00:05<00:11:27,  0.84it/s, loss=0.0276]
Epoch 11:   2%|..........| 10/585 [00:00:11<00:11:04,  0.86it/s, loss=0.0288]
Epoch 11:   3%|..........| 15/585 [00:00:16<00:10:34,  0.90it/s, loss=0.0285]
Epoch 11:   3%|..........| 19/585 [00:00:21<00:10:54,  0.87it/s, loss=0.0284]
Epoch 11:   4%|..........| 23/585 [00:00:27<00:11:07,  0.84it/s, loss=0.0284]
Epoch 11:   5%|..........| 28/585 [00:00:32<00:10:44,  0.86it/s, loss=0.0283]
Epoch 11:   6%|..........| 33/585 [00:00:37<00:10:33,  0.87it/s, loss=0.0280]
Epoch 11:   6%|..........| 38/585 [00:00:43<00:10:24,  0.88it/s, loss=0.0278]
Epoch 11:   7%|..........| 43/585 [00:00:48<00:10:12,  0.89it/s, loss=0.0276]
Epoch 11:   8%|..........| 48/585 [00:00:54<00:10:04,  0.89it/s, loss=0.0278]
Epoch 11:   9%|..........| 53/585 [00:01:00<00:10:02,  0.88it/s, loss=0.0281]
Epoch 11:  10%|..........| 57/585 [00:01:05<00:10:07,  0.87it/s, loss=0.0285]
Epoch 11:  11%|#.........| 63/585 [00:01:11<00:09:52,  0.88it/s, loss=0.0284]
Epoch 11:  12%|#.........| 68/585 [00:01:17<00:09:45,  0.88it/s, loss=0.0282]
Epoch 11:  12%|#.........| 73/585 [00:01:22<00:09:41,  0.88it/s, loss=0.0279]
Epoch 11:  13%|#.........| 77/585 [00:01:29<00:09:48,  0.86it/s, loss=0.0278]
Epoch 11:  14%|#.........| 82/585 [00:01:34<00:09:39,  0.87it/s, loss=0.0277]
Epoch 11:  15%|#.........| 87/585 [00:01:39<00:09:30,  0.87it/s, loss=0.0276]
Epoch 11:  16%|#.........| 92/585 [00:01:45<00:09:25,  0.87it/s, loss=0.0283]
Epoch 11:  16%|#.........| 96/585 [00:01:50<00:09:23,  0.87it/s, loss=0.0281]
Epoch 11:  17%|#.........| 101/585 [00:01:56<00:09:16,  0.87it/s, loss=0.0279]
Epoch 11:  18%|#.........| 106/585 [00:02:01<00:09:08,  0.87it/s, loss=0.0279]
Epoch 11:  19%|#.........| 111/585 [00:02:06<00:08:59,  0.88it/s, loss=0.0276]
Epoch 11:  20%|#.........| 116/585 [00:02:11<00:08:52,  0.88it/s, loss=0.0275]
Epoch 11:  21%|##........| 121/585 [00:02:17<00:08:47,  0.88it/s, loss=0.0275]
Epoch 11:  22%|##........| 126/585 [00:02:23<00:08:41,  0.88it/s, loss=0.0274]
Epoch 11:  22%|##........| 131/585 [00:02:28<00:08:35,  0.88it/s, loss=0.0273]
Epoch 11:  23%|##........| 136/585 [00:02:33<00:08:27,  0.88it/s, loss=0.0274]
Epoch 11:  24%|##........| 141/585 [00:02:39<00:08:23,  0.88it/s, loss=0.0275]
Epoch 11:  25%|##........| 146/585 [00:02:45<00:08:18,  0.88it/s, loss=0.0275]
Epoch 11:  26%|##........| 151/585 [00:02:51<00:08:11,  0.88it/s, loss=0.0275]
Epoch 11:  27%|##........| 156/585 [00:02:56<00:08:06,  0.88it/s, loss=0.0275]
Epoch 11:  28%|##........| 161/585 [00:03:02<00:07:59,  0.88it/s, loss=0.0275]
Epoch 11:  28%|##........| 166/585 [00:03:07<00:07:54,  0.88it/s, loss=0.0273]
Epoch 11:  29%|##........| 171/585 [00:03:13<00:07:47,  0.89it/s, loss=0.0274]
Epoch 11:  30%|###.......| 176/585 [00:03:18<00:07:41,  0.89it/s, loss=0.0274]
Epoch 11:  31%|###.......| 180/585 [00:03:23<00:07:37,  0.88it/s, loss=0.0274]
Epoch 11:  32%|###.......| 186/585 [00:03:29<00:07:29,  0.89it/s, loss=0.0272]
Epoch 11:  33%|###.......| 191/585 [00:03:34<00:07:22,  0.89it/s, loss=0.0272]
Epoch 11:  34%|###.......| 196/585 [00:03:40<00:07:16,  0.89it/s, loss=0.0273]
Epoch 11:  34%|###.......| 201/585 [00:03:45<00:07:11,  0.89it/s, loss=0.0272]
Epoch 11:  35%|###.......| 206/585 [00:03:51<00:07:05,  0.89it/s, loss=0.0272]
Epoch 11:  36%|###.......| 211/585 [00:03:56<00:06:59,  0.89it/s, loss=0.0272]
Epoch 11:  37%|###.......| 217/585 [00:04:02<00:06:50,  0.90it/s, loss=0.0272]
Epoch 11:  38%|###.......| 222/585 [00:04:07<00:06:44,  0.90it/s, loss=0.0272]
Epoch 11:  39%|###.......| 227/585 [00:04:13<00:06:40,  0.89it/s, loss=0.0277]
Epoch 11:  40%|###.......| 232/585 [00:04:19<00:06:34,  0.89it/s, loss=0.0277]
Epoch 11:  41%|####......| 237/585 [00:04:25<00:06:29,  0.89it/s, loss=0.0277]
Epoch 11:  41%|####......| 242/585 [00:04:31<00:06:24,  0.89it/s, loss=0.0277]
Epoch 11:  42%|####......| 246/585 [00:04:36<00:06:20,  0.89it/s, loss=0.0280]
Epoch 11:  43%|####......| 251/585 [00:04:41<00:06:15,  0.89it/s, loss=0.0280]
Epoch 11:  44%|####......| 257/585 [00:04:47<00:06:07,  0.89it/s, loss=0.0280]
Epoch 11:  45%|####......| 262/585 [00:04:53<00:06:01,  0.89it/s, loss=0.0280]
Epoch 11:  46%|####......| 267/585 [00:04:58<00:05:55,  0.89it/s, loss=0.0280]
Epoch 11:  46%|####......| 272/585 [00:05:04<00:05:50,  0.89it/s, loss=0.0280]
Epoch 11:  47%|####......| 277/585 [00:05:09<00:05:44,  0.89it/s, loss=0.0280]
Epoch 11:  48%|####......| 281/585 [00:05:14<00:05:40,  0.89it/s, loss=0.0280]
Epoch 11:  49%|####......| 286/585 [00:05:20<00:05:34,  0.89it/s, loss=0.0279]
Epoch 11:  50%|####......| 291/585 [00:05:25<00:05:29,  0.89it/s, loss=0.0278]
Epoch 11:  51%|#####.....| 296/585 [00:05:31<00:05:23,  0.89it/s, loss=0.0278]
Epoch 11:  51%|#####.....| 301/585 [00:05:37<00:05:18,  0.89it/s, loss=0.0278]
Epoch 11:  52%|#####.....| 305/585 [00:05:42<00:05:14,  0.89it/s, loss=0.0278]
Epoch 11:  53%|#####.....| 310/585 [00:05:47<00:05:08,  0.89it/s, loss=0.0277]
Epoch 11:  54%|#####.....| 315/585 [00:05:53<00:05:02,  0.89it/s, loss=0.0277]
Epoch 11:  55%|#####.....| 320/585 [00:05:58<00:04:56,  0.89it/s, loss=0.0276]
Epoch 11:  56%|#####.....| 325/585 [00:06:03<00:04:51,  0.89it/s, loss=0.0276]
Epoch 11:  57%|#####.....| 331/585 [00:06:10<00:04:43,  0.89it/s, loss=0.0275]
Epoch 11:  57%|#####.....| 336/585 [00:06:15<00:04:37,  0.90it/s, loss=0.0275]
Epoch 11:  58%|#####.....| 341/585 [00:06:20<00:04:32,  0.90it/s, loss=0.0275]
Epoch 11:  59%|#####.....| 346/585 [00:06:25<00:04:26,  0.90it/s, loss=0.0274]
Epoch 11:  60%|######....| 352/585 [00:06:31<00:04:19,  0.90it/s, loss=0.0275]
Epoch 11:  61%|######....| 357/585 [00:06:37<00:04:13,  0.90it/s, loss=0.0274]
Epoch 11:  62%|######....| 362/585 [00:06:42<00:04:08,  0.90it/s, loss=0.0274]
Epoch 11:  63%|######....| 367/585 [00:06:48<00:04:02,  0.90it/s, loss=0.0274]
Epoch 11:  64%|######....| 372/585 [00:06:53<00:03:56,  0.90it/s, loss=0.0274]
Epoch 11:  64%|######....| 377/585 [00:06:59<00:03:51,  0.90it/s, loss=0.0274]
Epoch 11:  65%|######....| 382/585 [00:07:04<00:03:45,  0.90it/s, loss=0.0273]
Epoch 11:  66%|######....| 388/585 [00:07:10<00:03:38,  0.90it/s, loss=0.0273]
Epoch 11:  67%|######....| 393/585 [00:07:15<00:03:32,  0.90it/s, loss=0.0273]
Epoch 11:  68%|######....| 398/585 [00:07:20<00:03:27,  0.90it/s, loss=0.0273]
Epoch 11:  69%|######....| 403/585 [00:07:26<00:03:21,  0.90it/s, loss=0.0273]
Epoch 11:  70%|######....| 408/585 [00:07:31<00:03:15,  0.90it/s, loss=0.0273]
Epoch 11:  70%|#######...| 412/585 [00:07:37<00:03:11,  0.90it/s, loss=0.0274]
Epoch 11:  71%|#######...| 417/585 [00:07:42<00:03:06,  0.90it/s, loss=0.0273]
Epoch 11:  72%|#######...| 422/585 [00:07:48<00:03:00,  0.90it/s, loss=0.0274]
Epoch 11:  73%|#######...| 427/585 [00:07:53<00:02:55,  0.90it/s, loss=0.0273]
Epoch 11:  74%|#######...| 432/585 [00:07:59<00:02:49,  0.90it/s, loss=0.0273]
Epoch 11:  75%|#######...| 437/585 [00:08:04<00:02:44,  0.90it/s, loss=0.0272]
Epoch 11:  75%|#######...| 441/585 [00:08:09<00:02:39,  0.90it/s, loss=0.0273]
Epoch 11:  76%|#######...| 446/585 [00:08:15<00:02:34,  0.90it/s, loss=0.0273]
Epoch 11:  77%|#######...| 451/585 [00:08:20<00:02:28,  0.90it/s, loss=0.0273]
Epoch 11:  78%|#######...| 456/585 [00:08:26<00:02:23,  0.90it/s, loss=0.0273]
Epoch 11:  79%|#######...| 461/585 [00:08:31<00:02:17,  0.90it/s, loss=0.0273]
Epoch 11:  80%|#######...| 467/585 [00:08:37<00:02:10,  0.90it/s, loss=0.0273]
Epoch 11:  81%|########..| 471/585 [00:08:42<00:02:06,  0.90it/s, loss=0.0273]
Epoch 11:  81%|########..| 476/585 [00:08:47<00:02:00,  0.90it/s, loss=0.0273]
Epoch 11:  82%|########..| 481/585 [00:08:53<00:01:55,  0.90it/s, loss=0.0272]
Epoch 11:  83%|########..| 487/585 [00:08:59<00:01:48,  0.90it/s, loss=0.0272]
Epoch 11:  84%|########..| 492/585 [00:09:05<00:01:43,  0.90it/s, loss=0.0272]
Epoch 11:  85%|########..| 496/585 [00:09:10<00:01:38,  0.90it/s, loss=0.0272]
Epoch 11:  86%|########..| 501/585 [00:09:16<00:01:33,  0.90it/s, loss=0.0272]
Epoch 11:  86%|########..| 506/585 [00:09:21<00:01:27,  0.90it/s, loss=0.0272]
Epoch 11:  87%|########..| 511/585 [00:09:27<00:01:22,  0.90it/s, loss=0.0272]
Epoch 11:  88%|########..| 516/585 [00:09:33<00:01:16,  0.90it/s, loss=0.0272]
Epoch 11:  89%|########..| 521/585 [00:09:38<00:01:11,  0.90it/s, loss=0.0271]
Epoch 11:  90%|########..| 526/585 [00:09:44<00:01:05,  0.90it/s, loss=0.0271]
Epoch 11:  91%|#########.| 531/585 [00:09:49<00:00:59,  0.90it/s, loss=0.0271]
Epoch 11:  92%|#########.| 536/585 [00:09:54<00:00:54,  0.90it/s, loss=0.0271]
Epoch 11:  92%|#########.| 541/585 [00:10:00<00:00:48,  0.90it/s, loss=0.0271]
Epoch 11:  93%|#########.| 546/585 [00:10:05<00:00:43,  0.90it/s, loss=0.0271]
Epoch 11:  94%|#########.| 551/585 [00:10:11<00:00:37,  0.90it/s, loss=0.0271]
Epoch 11:  95%|#########.| 556/585 [00:10:16<00:00:32,  0.90it/s, loss=0.0271]
Epoch 11:  96%|#########.| 562/585 [00:10:21<00:00:25,  0.90it/s, loss=0.0270]
Epoch 11:  97%|#########.| 567/585 [00:10:27<00:00:19,  0.90it/s, loss=0.0271]
Epoch 11:  98%|#########.| 572/585 [00:10:32<00:00:14,  0.90it/s, loss=0.0271]
Epoch 11:  99%|#########.| 577/585 [00:10:39<00:00:08,  0.90it/s, loss=0.0271]
Epoch 11:  99%|#########.| 582/585 [00:10:44<00:00:03,  0.90it/s, loss=0.0271]
Epoch 11: 100%|##########| 585/585 [00:10:47<00:00:00,  0.90it/s, loss=0.0271]
Test loss: 0.0265, Test rmsae: 8.65deg
{"event": "epoch_complete", "epoch": 11, "phase": 1, "lr": 0.0001, "batch_size": 1, "micro_batch_size": 1, "train_loss": 0.027088003874652915, "val_loss": 0.026463192596565932, "val_rmsae_deg": 8.651454970240593, "epoch_time_s": 648.8361506871879}
{"event": "checkpoint_saved", "tag": "best_rmsae", "epoch": 11, "path": "IFAN_Maba/outputs/stage3/ifan_maba_stage3_full40_freqblock_paper_original_maba_20260420_214446/checkpoints/best_rmsae.pt", "val_rmsae_deg": 8.651454970240593}
Epoch 12/40:
Epoch 12:   1%|..........| 5/585 [00:00:05<00:10:52,  0.89it/s, loss=0.0237]
Epoch 12:   2%|..........| 11/585 [00:00:11<00:10:18,  0.93it/s, loss=0.0257]
Epoch 12:   3%|..........| 16/585 [00:00:17<00:10:05,  0.94it/s, loss=0.0252]
Epoch 12:   4%|..........| 21/585 [00:00:22<00:09:53,  0.95it/s, loss=0.0258]
Epoch 12:   4%|..........| 26/585 [00:00:27<00:09:55,  0.94it/s, loss=0.0258]
Epoch 12:   5%|..........| 31/585 [00:00:33<00:09:57,  0.93it/s, loss=0.0255]
Epoch 12:   6%|..........| 36/585 [00:00:38<00:09:50,  0.93it/s, loss=0.0261]
Epoch 12:   7%|..........| 42/585 [00:00:44<00:09:37,  0.94it/s, loss=0.0260]
Epoch 12:   8%|..........| 47/585 [00:00:49<00:09:32,  0.94it/s, loss=0.0264]
Epoch 12:   9%|..........| 52/585 [00:00:55<00:09:28,  0.94it/s, loss=0.0262]
Epoch 12:  10%|..........| 57/585 [00:01:00<00:09:24,  0.93it/s, loss=0.0259]
Epoch 12:  11%|#.........| 62/585 [00:01:06<00:09:17,  0.94it/s, loss=0.0261]
Epoch 12:  11%|#.........| 67/585 [00:01:12<00:09:21,  0.92it/s, loss=0.0263]
Epoch 12:  12%|#.........| 72/585 [00:01:17<00:09:13,  0.93it/s, loss=0.0264]
Epoch 12:  13%|#.........| 77/585 [00:01:22<00:09:06,  0.93it/s, loss=0.0266]
Epoch 12:  14%|#.........| 83/585 [00:01:28<00:08:57,  0.93it/s, loss=0.0266]
Epoch 12:  15%|#.........| 88/585 [00:01:34<00:08:51,  0.93it/s, loss=0.0263]
Epoch 12:  16%|#.........| 93/585 [00:01:39<00:08:46,  0.93it/s, loss=0.0263]
Epoch 12:  17%|#.........| 98/585 [00:01:45<00:08:43,  0.93it/s, loss=0.0266]
Epoch 12:  18%|#.........| 103/585 [00:01:50<00:08:36,  0.93it/s, loss=0.0266]
Epoch 12:  18%|#.........| 108/585 [00:01:56<00:08:35,  0.93it/s, loss=0.0266]
Epoch 12:  19%|#.........| 113/585 [00:02:01<00:08:29,  0.93it/s, loss=0.0265]
Epoch 12:  20%|##........| 118/585 [00:02:07<00:08:23,  0.93it/s, loss=0.0264]
Epoch 12:  21%|##........| 122/585 [00:02:12<00:08:22,  0.92it/s, loss=0.0263]
Epoch 12:  22%|##........| 127/585 [00:02:18<00:08:18,  0.92it/s, loss=0.0263]
Epoch 12:  23%|##........| 132/585 [00:02:24<00:08:16,  0.91it/s, loss=0.0263]
Epoch 12:  23%|##........| 137/585 [00:02:30<00:08:11,  0.91it/s, loss=0.0262]
Epoch 12:  24%|##........| 142/585 [00:02:35<00:08:05,  0.91it/s, loss=0.0263]
Epoch 12:  25%|##........| 147/585 [00:02:40<00:07:59,  0.91it/s, loss=0.0263]
Epoch 12:  26%|##........| 152/585 [00:02:46<00:07:54,  0.91it/s, loss=0.0267]
Epoch 12:  27%|##........| 157/585 [00:02:52<00:07:49,  0.91it/s, loss=0.0267]
Epoch 12:  28%|##........| 162/585 [00:02:57<00:07:43,  0.91it/s, loss=0.0267]
Epoch 12:  29%|##........| 167/585 [00:03:02<00:07:37,  0.91it/s, loss=0.0267]
Epoch 12:  29%|##........| 172/585 [00:03:08<00:07:33,  0.91it/s, loss=0.0267]
Epoch 12:  30%|###.......| 177/585 [00:03:13<00:07:26,  0.91it/s, loss=0.0268]
Epoch 12:  31%|###.......| 182/585 [00:03:18<00:07:20,  0.92it/s, loss=0.0267]
Epoch 12:  32%|###.......| 186/585 [00:03:23<00:07:17,  0.91it/s, loss=0.0267]
Epoch 12:  33%|###.......| 191/585 [00:03:30<00:07:13,  0.91it/s, loss=0.0267]
Epoch 12:  34%|###.......| 197/585 [00:03:35<00:07:05,  0.91it/s, loss=0.0267]
Epoch 12:  35%|###.......| 202/585 [00:03:41<00:06:59,  0.91it/s, loss=0.0267]
Epoch 12:  35%|###.......| 206/585 [00:03:47<00:06:57,  0.91it/s, loss=0.0267]
Epoch 12:  36%|###.......| 211/585 [00:03:52<00:06:51,  0.91it/s, loss=0.0266]
Epoch 12:  37%|###.......| 216/585 [00:03:57<00:06:46,  0.91it/s, loss=0.0266]
Epoch 12:  38%|###.......| 221/585 [00:04:03<00:06:40,  0.91it/s, loss=0.0266]
Epoch 12:  39%|###.......| 226/585 [00:04:08<00:06:34,  0.91it/s, loss=0.0266]
Epoch 12:  39%|###.......| 231/585 [00:04:14<00:06:29,  0.91it/s, loss=0.0267]
Epoch 12:  40%|####......| 235/585 [00:04:19<00:06:26,  0.91it/s, loss=0.0268]
Epoch 12:  41%|####......| 240/585 [00:04:25<00:06:21,  0.90it/s, loss=0.0272]
Epoch 12:  42%|####......| 245/585 [00:04:30<00:06:15,  0.90it/s, loss=0.0272]
Epoch 12:  43%|####......| 250/585 [00:04:36<00:06:10,  0.90it/s, loss=0.0272]
Epoch 12:  43%|####......| 254/585 [00:04:41<00:06:06,  0.90it/s, loss=0.0272]
Epoch 12:  44%|####......| 259/585 [00:04:46<00:06:01,  0.90it/s, loss=0.0273]
Epoch 12:  45%|####......| 264/585 [00:04:52<00:05:55,  0.90it/s, loss=0.0274]
Epoch 12:  46%|####......| 268/585 [00:04:57<00:05:52,  0.90it/s, loss=0.0276]
Epoch 12:  46%|####......| 272/585 [00:05:02<00:05:48,  0.90it/s, loss=0.0278]
Epoch 12:  48%|####......| 278/585 [00:05:09<00:05:41,  0.90it/s, loss=0.0278]
Epoch 12:  48%|####......| 283/585 [00:05:14<00:05:35,  0.90it/s, loss=0.0277]
Epoch 12:  49%|####......| 288/585 [00:05:19<00:05:29,  0.90it/s, loss=0.0277]
Epoch 12:  50%|####......| 292/585 [00:05:24<00:05:26,  0.90it/s, loss=0.0278]
Epoch 12:  51%|#####.....| 297/585 [00:05:30<00:05:20,  0.90it/s, loss=0.0278]
Epoch 12:  52%|#####.....| 303/585 [00:05:35<00:05:12,  0.90it/s, loss=0.0278]
Epoch 12:  53%|#####.....| 308/585 [00:05:41<00:05:07,  0.90it/s, loss=0.0278]
Epoch 12:  53%|#####.....| 312/585 [00:05:47<00:05:03,  0.90it/s, loss=0.0279]
Epoch 12:  54%|#####.....| 318/585 [00:05:53<00:04:56,  0.90it/s, loss=0.0278]
Epoch 12:  55%|#####.....| 323/585 [00:05:58<00:04:51,  0.90it/s, loss=0.0278]
Epoch 12:  56%|#####.....| 328/585 [00:06:04<00:04:45,  0.90it/s, loss=0.0277]
Epoch 12:  57%|#####.....| 333/585 [00:06:09<00:04:39,  0.90it/s, loss=0.0277]
Epoch 12:  58%|#####.....| 338/585 [00:06:15<00:04:34,  0.90it/s, loss=0.0276]
Epoch 12:  59%|#####.....| 343/585 [00:06:20<00:04:28,  0.90it/s, loss=0.0277]
Epoch 12:  59%|#####.....| 347/585 [00:06:25<00:04:24,  0.90it/s, loss=0.0277]
Epoch 12:  60%|######....| 353/585 [00:06:31<00:04:17,  0.90it/s, loss=0.0277]
Epoch 12:  61%|######....| 358/585 [00:06:37<00:04:11,  0.90it/s, loss=0.0276]
Epoch 12:  62%|######....| 362/585 [00:06:42<00:04:07,  0.90it/s, loss=0.0276]
Epoch 12:  63%|######....| 368/585 [00:06:48<00:04:01,  0.90it/s, loss=0.0275]
Epoch 12:  64%|######....| 373/585 [00:06:54<00:03:55,  0.90it/s, loss=0.0275]
Epoch 12:  65%|######....| 378/585 [00:07:00<00:03:50,  0.90it/s, loss=0.0275]
Epoch 12:  65%|######....| 383/585 [00:07:06<00:03:44,  0.90it/s, loss=0.0275]
Epoch 12:  66%|######....| 388/585 [00:07:11<00:03:39,  0.90it/s, loss=0.0275]
Epoch 12:  67%|######....| 393/585 [00:07:17<00:03:33,  0.90it/s, loss=0.0275]
Epoch 12:  68%|######....| 399/585 [00:07:23<00:03:26,  0.90it/s, loss=0.0275]
Epoch 12:  69%|######....| 404/585 [00:07:28<00:03:21,  0.90it/s, loss=0.0275]
Epoch 12:  70%|######....| 409/585 [00:07:33<00:03:15,  0.90it/s, loss=0.0274]
Epoch 12:  71%|#######...| 414/585 [00:07:39<00:03:09,  0.90it/s, loss=0.0274]
Epoch 12:  72%|#######...| 419/585 [00:07:44<00:03:04,  0.90it/s, loss=0.0274]
Epoch 12:  72%|#######...| 424/585 [00:07:50<00:02:58,  0.90it/s, loss=0.0274]
Epoch 12:  73%|#######...| 429/585 [00:07:56<00:02:53,  0.90it/s, loss=0.0274]
Epoch 12:  74%|#######...| 434/585 [00:08:02<00:02:47,  0.90it/s, loss=0.0274]
Epoch 12:  75%|#######...| 439/585 [00:08:08<00:02:42,  0.90it/s, loss=0.0274]
Epoch 12:  76%|#######...| 444/585 [00:08:14<00:02:36,  0.90it/s, loss=0.0274]
Epoch 12:  77%|#######...| 449/585 [00:08:19<00:02:31,  0.90it/s, loss=0.0275]
Epoch 12:  78%|#######...| 455/585 [00:08:25<00:02:24,  0.90it/s, loss=0.0275]
Epoch 12:  79%|#######...| 460/585 [00:08:32<00:02:19,  0.90it/s, loss=0.0275]
Epoch 12:  79%|#######...| 465/585 [00:08:38<00:02:13,  0.90it/s, loss=0.0275]
Epoch 12:  80%|########..| 469/585 [00:08:43<00:02:09,  0.90it/s, loss=0.0275]
Epoch 12:  81%|########..| 474/585 [00:08:49<00:02:03,  0.90it/s, loss=0.0275]
Epoch 12:  82%|########..| 478/585 [00:08:54<00:01:59,  0.89it/s, loss=0.0275]
Epoch 12:  83%|########..| 483/585 [00:08:59<00:01:53,  0.89it/s, loss=0.0275]
Epoch 12:  83%|########..| 488/585 [00:09:05<00:01:48,  0.90it/s, loss=0.0274]
Epoch 12:  84%|########..| 494/585 [00:09:11<00:01:41,  0.90it/s, loss=0.0274]
Epoch 12:  85%|########..| 500/585 [00:09:16<00:01:34,  0.90it/s, loss=0.0274]
Epoch 12:  86%|########..| 505/585 [00:09:22<00:01:29,  0.90it/s, loss=0.0274]
Epoch 12:  87%|########..| 510/585 [00:09:27<00:01:23,  0.90it/s, loss=0.0273]
Epoch 12:  88%|########..| 515/585 [00:09:32<00:01:17,  0.90it/s, loss=0.0273]
Epoch 12:  89%|########..| 519/585 [00:09:38<00:01:13,  0.90it/s, loss=0.0273]
Epoch 12:  90%|########..| 525/585 [00:09:44<00:01:06,  0.90it/s, loss=0.0273]
Epoch 12:  91%|#########.| 530/585 [00:09:50<00:01:01,  0.90it/s, loss=0.0273]
Epoch 12:  91%|#########.| 535/585 [00:09:56<00:00:55,  0.90it/s, loss=0.0272]
Epoch 12:  92%|#########.| 539/585 [00:10:01<00:00:51,  0.90it/s, loss=0.0272]
Epoch 12:  93%|#########.| 544/585 [00:10:06<00:00:45,  0.90it/s, loss=0.0272]
Epoch 12:  94%|#########.| 549/585 [00:10:12<00:00:40,  0.90it/s, loss=0.0272]
Epoch 12:  95%|#########.| 554/585 [00:10:17<00:00:34,  0.90it/s, loss=0.0272]
Epoch 12:  96%|#########.| 559/585 [00:10:23<00:00:29,  0.90it/s, loss=0.0272]
Epoch 12:  96%|#########.| 563/585 [00:10:28<00:00:24,  0.90it/s, loss=0.0272]
Epoch 12:  97%|#########.| 568/585 [00:10:35<00:00:19,  0.89it/s, loss=0.0273]
Epoch 12:  98%|#########.| 573/585 [00:10:40<00:00:13,  0.89it/s, loss=0.0272]
Epoch 12:  99%|#########.| 578/585 [00:10:45<00:00:07,  0.90it/s, loss=0.0272]
Epoch 12: 100%|#########.| 584/585 [00:10:51<00:00:01,  0.90it/s, loss=0.0272]
Epoch 12: 100%|##########| 585/585 [00:10:52<00:00:00,  0.90it/s, loss=0.0272]
Test loss: 0.0257, Test rmsae: 8.08deg
{"event": "epoch_complete", "epoch": 12, "phase": 1, "lr": 0.0001, "batch_size": 1, "micro_batch_size": 1, "train_loss": 0.027169466959551358, "val_loss": 0.025705674604978412, "val_rmsae_deg": 8.082544729113579, "epoch_time_s": 653.4035555308219}
{"event": "checkpoint_saved", "tag": "best_rmsae", "epoch": 12, "path": "IFAN_Maba/outputs/stage3/ifan_maba_stage3_full40_freqblock_paper_original_maba_20260420_214446/checkpoints/best_rmsae.pt", "val_rmsae_deg": 8.082544729113579}
Epoch 13/40:
Epoch 13:   1%|..........| 5/585 [00:00:06<00:11:48,  0.82it/s, loss=0.0284]
Epoch 13:   2%|..........| 10/585 [00:00:11<00:11:05,  0.86it/s, loss=0.0292]
Epoch 13:   3%|..........| 15/585 [00:00:16<00:10:45,  0.88it/s, loss=0.0281]
Epoch 13:   3%|..........| 20/585 [00:00:22<00:10:38,  0.89it/s, loss=0.0283]
Epoch 13:   4%|..........| 25/585 [00:00:27<00:10:22,  0.90it/s, loss=0.0279]
Epoch 13:   5%|..........| 30/585 [00:00:33<00:10:16,  0.90it/s, loss=0.0272]
Epoch 13:   6%|..........| 35/585 [00:00:38<00:10:11,  0.90it/s, loss=0.0273]
Epoch 13:   7%|..........| 40/585 [00:00:44<00:10:01,  0.91it/s, loss=0.0270]
Epoch 13:   8%|..........| 45/585 [00:00:50<00:10:01,  0.90it/s, loss=0.0268]
Epoch 13:   9%|..........| 50/585 [00:00:55<00:09:55,  0.90it/s, loss=0.0268]
Epoch 13:   9%|..........| 55/585 [00:01:01<00:09:57,  0.89it/s, loss=0.0267]
Epoch 13:  10%|#.........| 59/585 [00:01:07<00:09:58,  0.88it/s, loss=0.0268]
Epoch 13:  11%|#.........| 64/585 [00:01:12<00:09:47,  0.89it/s, loss=0.0268]
Epoch 13:  12%|#.........| 69/585 [00:01:17<00:09:41,  0.89it/s, loss=0.0270]
Epoch 13:  13%|#.........| 74/585 [00:01:23<00:09:35,  0.89it/s, loss=0.0275]
Epoch 13:  14%|#.........| 79/585 [00:01:29<00:09:32,  0.88it/s, loss=0.0276]
Epoch 13:  14%|#.........| 84/585 [00:01:35<00:09:28,  0.88it/s, loss=0.0275]
Epoch 13:  15%|#.........| 89/585 [00:01:40<00:09:21,  0.88it/s, loss=0.0276]
Epoch 13:  16%|#.........| 94/585 [00:01:46<00:09:17,  0.88it/s, loss=0.0273]
Epoch 13:  17%|#.........| 100/585 [00:01:52<00:09:05,  0.89it/s, loss=0.0270]
Epoch 13:  18%|#.........| 105/585 [00:01:58<00:09:01,  0.89it/s, loss=0.0271]
Epoch 13:  19%|#.........| 111/585 [00:02:04<00:08:49,  0.89it/s, loss=0.0270]
Epoch 13:  20%|#.........| 116/585 [00:02:09<00:08:42,  0.90it/s, loss=0.0268]
Epoch 13:  21%|##........| 121/585 [00:02:14<00:08:35,  0.90it/s, loss=0.0267]
Epoch 13:  22%|##........| 126/585 [00:02:20<00:08:30,  0.90it/s, loss=0.0266]
Epoch 13:  22%|##........| 130/585 [00:02:25<00:08:29,  0.89it/s, loss=0.0266]
Epoch 13:  23%|##........| 135/585 [00:02:30<00:08:22,  0.89it/s, loss=0.0268]
Epoch 13:  24%|##........| 140/585 [00:02:36<00:08:16,  0.90it/s, loss=0.0267]
Epoch 13:  25%|##........| 145/585 [00:02:42<00:08:11,  0.89it/s, loss=0.0266]
Epoch 13:  26%|##........| 150/585 [00:02:47<00:08:04,  0.90it/s, loss=0.0267]
Epoch 13:  26%|##........| 155/585 [00:02:52<00:07:59,  0.90it/s, loss=0.0267]
Epoch 13:  27%|##........| 160/585 [00:02:58<00:07:54,  0.90it/s, loss=0.0267]
Epoch 13:  28%|##........| 165/585 [00:03:04<00:07:49,  0.89it/s, loss=0.0265]
Epoch 13:  29%|##........| 169/585 [00:03:10<00:07:49,  0.89it/s, loss=0.0268]
Epoch 13:  30%|##........| 174/585 [00:03:15<00:07:42,  0.89it/s, loss=0.0267]
Epoch 13:  31%|###.......| 179/585 [00:03:20<00:07:35,  0.89it/s, loss=0.0267]
Epoch 13:  31%|###.......| 184/585 [00:03:26<00:07:29,  0.89it/s, loss=0.0268]
Epoch 13:  32%|###.......| 188/585 [00:03:31<00:07:26,  0.89it/s, loss=0.0269]
Epoch 13:  33%|###.......| 193/585 [00:03:36<00:07:20,  0.89it/s, loss=0.0268]
Epoch 13:  34%|###.......| 198/585 [00:03:42<00:07:14,  0.89it/s, loss=0.0269]
Epoch 13:  35%|###.......| 202/585 [00:03:47<00:07:11,  0.89it/s, loss=0.0269]
Epoch 13:  35%|###.......| 207/585 [00:03:52<00:07:05,  0.89it/s, loss=0.0268]
Epoch 13:  36%|###.......| 212/585 [00:03:58<00:06:58,  0.89it/s, loss=0.0268]
Epoch 13:  37%|###.......| 217/585 [00:04:03<00:06:53,  0.89it/s, loss=0.0268]
Epoch 13:  38%|###.......| 221/585 [00:04:09<00:06:50,  0.89it/s, loss=0.0268]
Epoch 13:  39%|###.......| 226/585 [00:04:15<00:06:45,  0.88it/s, loss=0.0267]
Epoch 13:  39%|###.......| 231/585 [00:04:21<00:06:40,  0.88it/s, loss=0.0269]
Epoch 13:  40%|####......| 236/585 [00:04:26<00:06:33,  0.89it/s, loss=0.0268]
Epoch 13:  41%|####......| 241/585 [00:04:32<00:06:28,  0.89it/s, loss=0.0268]
Epoch 13:  42%|####......| 246/585 [00:04:38<00:06:23,  0.88it/s, loss=0.0268]
Epoch 13:  43%|####......| 252/585 [00:04:43<00:06:15,  0.89it/s, loss=0.0268]
Epoch 13:  44%|####......| 257/585 [00:04:49<00:06:09,  0.89it/s, loss=0.0267]
Epoch 13:  45%|####......| 261/585 [00:04:54<00:06:05,  0.89it/s, loss=0.0268]
Epoch 13:  45%|####......| 266/585 [00:05:00<00:06:00,  0.88it/s, loss=0.0268]
Epoch 13:  46%|####......| 272/585 [00:05:06<00:05:52,  0.89it/s, loss=0.0267]
Epoch 13:  47%|####......| 277/585 [00:05:12<00:05:47,  0.89it/s, loss=0.0267]
Epoch 13:  48%|####......| 281/585 [00:05:17<00:05:43,  0.88it/s, loss=0.0267]
Epoch 13:  49%|####......| 286/585 [00:05:24<00:05:39,  0.88it/s, loss=0.0267]
Epoch 13:  50%|####......| 291/585 [00:05:30<00:05:33,  0.88it/s, loss=0.0267]
Epoch 13:  51%|#####.....| 296/585 [00:05:35<00:05:27,  0.88it/s, loss=0.0267]
Epoch 13:  51%|#####.....| 301/585 [00:05:40<00:05:21,  0.88it/s, loss=0.0266]
Epoch 13:  52%|#####.....| 306/585 [00:05:46<00:05:16,  0.88it/s, loss=0.0266]
Epoch 13:  53%|#####.....| 311/585 [00:05:52<00:05:10,  0.88it/s, loss=0.0266]
Epoch 13:  54%|#####.....| 316/585 [00:05:57<00:05:04,  0.88it/s, loss=0.0266]
Epoch 13:  55%|#####.....| 321/585 [00:06:02<00:04:58,  0.88it/s, loss=0.0266]
Epoch 13:  56%|#####.....| 326/585 [00:06:08<00:04:52,  0.88it/s, loss=0.0267]
Epoch 13:  56%|#####.....| 330/585 [00:06:13<00:04:48,  0.88it/s, loss=0.0270]
Epoch 13:  57%|#####.....| 335/585 [00:06:19<00:04:43,  0.88it/s, loss=0.0271]
Epoch 13:  58%|#####.....| 341/585 [00:06:25<00:04:35,  0.88it/s, loss=0.0272]
Epoch 13:  59%|#####.....| 346/585 [00:06:31<00:04:30,  0.88it/s, loss=0.0273]
Epoch 13:  60%|######....| 351/585 [00:06:36<00:04:24,  0.88it/s, loss=0.0273]
Epoch 13:  61%|######....| 356/585 [00:06:42<00:04:18,  0.88it/s, loss=0.0274]
Epoch 13:  62%|######....| 361/585 [00:06:47<00:04:13,  0.89it/s, loss=0.0274]
Epoch 13:  63%|######....| 366/585 [00:06:52<00:04:07,  0.89it/s, loss=0.0274]
Epoch 13:  63%|######....| 371/585 [00:06:58<00:04:01,  0.89it/s, loss=0.0275]
Epoch 13:  64%|######....| 376/585 [00:07:03<00:03:55,  0.89it/s, loss=0.0275]
Epoch 13:  65%|######....| 381/585 [00:07:09<00:03:49,  0.89it/s, loss=0.0275]
Epoch 13:  66%|######....| 386/585 [00:07:14<00:03:44,  0.89it/s, loss=0.0274]
Epoch 13:  67%|######....| 391/585 [00:07:20<00:03:38,  0.89it/s, loss=0.0275]
Epoch 13:  68%|######....| 396/585 [00:07:25<00:03:32,  0.89it/s, loss=0.0275]
Epoch 13:  69%|######....| 401/585 [00:07:31<00:03:27,  0.89it/s, loss=0.0274]
Epoch 13:  69%|######....| 405/585 [00:07:36<00:03:22,  0.89it/s, loss=0.0274]
Epoch 13:  70%|#######...| 410/585 [00:07:41<00:03:17,  0.89it/s, loss=0.0274]
Epoch 13:  71%|#######...| 415/585 [00:07:47<00:03:11,  0.89it/s, loss=0.0273]
Epoch 13:  72%|#######...| 420/585 [00:07:52<00:03:05,  0.89it/s, loss=0.0273]
Epoch 13:  72%|#######...| 424/585 [00:07:58<00:03:01,  0.89it/s, loss=0.0274]
Epoch 13:  73%|#######...| 428/585 [00:08:03<00:02:57,  0.89it/s, loss=0.0273]
Epoch 13:  74%|#######...| 433/585 [00:08:09<00:02:51,  0.89it/s, loss=0.0273]
Epoch 13:  75%|#######...| 438/585 [00:08:14<00:02:45,  0.89it/s, loss=0.0273]
Epoch 13:  76%|#######...| 443/585 [00:08:19<00:02:40,  0.89it/s, loss=0.0272]
Epoch 13:  76%|#######...| 447/585 [00:08:24<00:02:35,  0.89it/s, loss=0.0273]
Epoch 13:  77%|#######...| 452/585 [00:08:30<00:02:30,  0.89it/s, loss=0.0274]
Epoch 13:  78%|#######...| 457/585 [00:08:36<00:02:24,  0.88it/s, loss=0.0275]
Epoch 13:  79%|#######...| 462/585 [00:08:42<00:02:19,  0.88it/s, loss=0.0276]
Epoch 13:  80%|########..| 468/585 [00:08:48<00:02:12,  0.89it/s, loss=0.0276]
Epoch 13:  81%|########..| 473/585 [00:08:54<00:02:06,  0.89it/s, loss=0.0275]
Epoch 13:  82%|########..| 478/585 [00:08:59<00:02:00,  0.89it/s, loss=0.0276]
Epoch 13:  83%|########..| 483/585 [00:09:04<00:01:55,  0.89it/s, loss=0.0276]
Epoch 13:  83%|########..| 488/585 [00:09:09<00:01:49,  0.89it/s, loss=0.0275]
Epoch 13:  84%|########..| 493/585 [00:09:15<00:01:43,  0.89it/s, loss=0.0276]
Epoch 13:  85%|########..| 499/585 [00:09:21<00:01:36,  0.89it/s, loss=0.0276]
Epoch 13:  86%|########..| 504/585 [00:09:26<00:01:31,  0.89it/s, loss=0.0277]
Epoch 13:  87%|########..| 509/585 [00:09:32<00:01:25,  0.89it/s, loss=0.0277]
Epoch 13:  88%|########..| 514/585 [00:09:38<00:01:19,  0.89it/s, loss=0.0277]
Epoch 13:  89%|########..| 518/585 [00:09:43<00:01:15,  0.89it/s, loss=0.0277]
Epoch 13:  89%|########..| 523/585 [00:09:48<00:01:09,  0.89it/s, loss=0.0277]
Epoch 13:  90%|#########.| 529/585 [00:09:54<00:01:02,  0.89it/s, loss=0.0277]
Epoch 13:  91%|#########.| 534/585 [00:10:00<00:00:57,  0.89it/s, loss=0.0278]
Epoch 13:  92%|#########.| 539/585 [00:10:05<00:00:51,  0.89it/s, loss=0.0278]
Epoch 13:  93%|#########.| 544/585 [00:10:10<00:00:46,  0.89it/s, loss=0.0278]
Epoch 13:  94%|#########.| 549/585 [00:10:17<00:00:40,  0.89it/s, loss=0.0278]
Epoch 13:  95%|#########.| 554/585 [00:10:22<00:00:34,  0.89it/s, loss=0.0278]
Epoch 13:  96%|#########.| 559/585 [00:10:28<00:00:29,  0.89it/s, loss=0.0277]
Epoch 13:  96%|#########.| 564/585 [00:10:33<00:00:23,  0.89it/s, loss=0.0277]
Epoch 13:  97%|#########.| 569/585 [00:10:39<00:00:17,  0.89it/s, loss=0.0278]
Epoch 13:  98%|#########.| 574/585 [00:10:44<00:00:12,  0.89it/s, loss=0.0278]
Epoch 13:  99%|#########.| 579/585 [00:10:50<00:00:06,  0.89it/s, loss=0.0278]
Epoch 13: 100%|#########.| 583/585 [00:10:55<00:00:02,  0.89it/s, loss=0.0278]
Epoch 13: 100%|##########| 585/585 [00:10:57<00:00:00,  0.89it/s, loss=0.0278]
Test loss: 0.0269, Test rmsae: 9.23deg
{"event": "epoch_complete", "epoch": 13, "phase": 1, "lr": 0.0001, "batch_size": 1, "micro_batch_size": 1, "train_loss": 0.027777448228090747, "val_loss": 0.02690311858896166, "val_rmsae_deg": 9.231365397572517, "epoch_time_s": 659.1091781251598}
Epoch 14/40:
Epoch 14:   1%|..........| 5/585 [00:00:05<00:11:20,  0.85it/s, loss=0.0318]
Epoch 14:   2%|..........| 9/585 [00:00:10<00:11:39,  0.82it/s, loss=0.0327]
Epoch 14:   2%|..........| 14/585 [00:00:16<00:10:53,  0.87it/s, loss=0.0301]
Epoch 14:   3%|..........| 19/585 [00:00:21<00:10:30,  0.90it/s, loss=0.0296]
Epoch 14:   4%|..........| 24/585 [00:00:26<00:10:12,  0.92it/s, loss=0.0288]
Epoch 14:   5%|..........| 29/585 [00:00:31<00:10:11,  0.91it/s, loss=0.0284]
Epoch 14:   6%|..........| 34/585 [00:00:37<00:10:00,  0.92it/s, loss=0.0281]
Epoch 14:   7%|..........| 39/585 [00:00:42<00:09:57,  0.91it/s, loss=0.0282]
Epoch 14:   8%|..........| 44/585 [00:00:48<00:09:58,  0.90it/s, loss=0.0281]
Epoch 14:   8%|..........| 49/585 [00:00:54<00:09:56,  0.90it/s, loss=0.0281]
Epoch 14:   9%|..........| 55/585 [00:01:00<00:09:42,  0.91it/s, loss=0.0277]
Epoch 14:  10%|#.........| 60/585 [00:01:05<00:09:33,  0.92it/s, loss=0.0276]
Epoch 14:  11%|#.........| 64/585 [00:01:10<00:09:35,  0.91it/s, loss=0.0275]
Epoch 14:  12%|#.........| 69/585 [00:01:15<00:09:27,  0.91it/s, loss=0.0272]
Epoch 14:  13%|#.........| 74/585 [00:01:21<00:09:25,  0.90it/s, loss=0.0273]
Epoch 14:  14%|#.........| 79/585 [00:01:27<00:09:19,  0.90it/s, loss=0.0271]
Epoch 14:  14%|#.........| 84/585 [00:01:33<00:09:19,  0.90it/s, loss=0.0272]
Epoch 14:  15%|#.........| 89/585 [00:01:38<00:09:10,  0.90it/s, loss=0.0271]
Epoch 14:  16%|#.........| 93/585 [00:01:44<00:09:12,  0.89it/s, loss=0.0271]
Epoch 14:  17%|#.........| 98/585 [00:01:49<00:09:04,  0.89it/s, loss=0.0271]
Epoch 14:  17%|#.........| 102/585 [00:01:54<00:09:04,  0.89it/s, loss=0.0271]
Epoch 14:  18%|#.........| 107/585 [00:02:02<00:09:06,  0.88it/s, loss=0.0272]
Epoch 14:  19%|#.........| 112/585 [00:02:07<00:08:59,  0.88it/s, loss=0.0271]
Epoch 14:  20%|##........| 117/585 [00:02:13<00:08:53,  0.88it/s, loss=0.0271]
Epoch 14:  21%|##........| 122/585 [00:02:18<00:08:44,  0.88it/s, loss=0.0270]
Epoch 14:  22%|##........| 127/585 [00:02:23<00:08:37,  0.88it/s, loss=0.0269]
Epoch 14:  23%|##........| 132/585 [00:02:28<00:08:29,  0.89it/s, loss=0.0267]
Epoch 14:  24%|##........| 138/585 [00:02:34<00:08:20,  0.89it/s, loss=0.0266]
Epoch 14:  24%|##........| 143/585 [00:02:39<00:08:13,  0.90it/s, loss=0.0265]
Epoch 14:  25%|##........| 149/585 [00:02:45<00:08:04,  0.90it/s, loss=0.0265]
Epoch 14:  26%|##........| 153/585 [00:02:50<00:08:01,  0.90it/s, loss=0.0264]
Epoch 14:  27%|##........| 158/585 [00:02:56<00:07:55,  0.90it/s, loss=0.0263]
Epoch 14:  28%|##........| 163/585 [00:03:01<00:07:49,  0.90it/s, loss=0.0262]
Epoch 14:  29%|##........| 169/585 [00:03:07<00:07:40,  0.90it/s, loss=0.0260]
Epoch 14:  30%|##........| 174/585 [00:03:13<00:07:36,  0.90it/s, loss=0.0261]
Epoch 14:  31%|###.......| 179/585 [00:03:18<00:07:30,  0.90it/s, loss=0.0261]
Epoch 14:  31%|###.......| 184/585 [00:03:23<00:07:24,  0.90it/s, loss=0.0261]
Epoch 14:  32%|###.......| 189/585 [00:03:29<00:07:19,  0.90it/s, loss=0.0262]
Epoch 14:  33%|###.......| 194/585 [00:03:35<00:07:13,  0.90it/s, loss=0.0262]
Epoch 14:  34%|###.......| 200/585 [00:03:41<00:07:05,  0.90it/s, loss=0.0260]
Epoch 14:  35%|###.......| 206/585 [00:03:47<00:06:57,  0.91it/s, loss=0.0260]
Epoch 14:  36%|###.......| 211/585 [00:03:52<00:06:52,  0.91it/s, loss=0.0263]
Epoch 14:  37%|###.......| 216/585 [00:03:57<00:06:46,  0.91it/s, loss=0.0262]
Epoch 14:  38%|###.......| 221/585 [00:04:02<00:06:40,  0.91it/s, loss=0.0263]
Epoch 14:  39%|###.......| 226/585 [00:04:09<00:06:35,  0.91it/s, loss=0.0262]
Epoch 14:  39%|###.......| 231/585 [00:04:14<00:06:30,  0.91it/s, loss=0.0262]
Epoch 14:  40%|####......| 236/585 [00:04:20<00:06:24,  0.91it/s, loss=0.0263]
Epoch 14:  41%|####......| 241/585 [00:04:25<00:06:19,  0.91it/s, loss=0.0263]
Epoch 14:  42%|####......| 246/585 [00:04:31<00:06:13,  0.91it/s, loss=0.0263]
Epoch 14:  43%|####......| 251/585 [00:04:36<00:06:07,  0.91it/s, loss=0.0263]
Epoch 14:  44%|####......| 256/585 [00:04:41<00:06:02,  0.91it/s, loss=0.0263]
Epoch 14:  45%|####......| 261/585 [00:04:47<00:05:56,  0.91it/s, loss=0.0263]
Epoch 14:  45%|####......| 266/585 [00:04:52<00:05:50,  0.91it/s, loss=0.0263]
Epoch 14:  46%|####......| 270/585 [00:04:57<00:05:47,  0.91it/s, loss=0.0262]
Epoch 14:  47%|####......| 274/585 [00:05:03<00:05:43,  0.90it/s, loss=0.0263]
Epoch 14:  48%|####......| 279/585 [00:05:08<00:05:38,  0.91it/s, loss=0.0262]
Epoch 14:  49%|####......| 284/585 [00:05:13<00:05:32,  0.91it/s, loss=0.0263]
Epoch 14:  49%|####......| 289/585 [00:05:18<00:05:26,  0.91it/s, loss=0.0263]
Epoch 14:  50%|#####.....| 294/585 [00:05:24<00:05:20,  0.91it/s, loss=0.0263]
Epoch 14:  51%|#####.....| 299/585 [00:05:30<00:05:15,  0.91it/s, loss=0.0263]
Epoch 14:  52%|#####.....| 304/585 [00:05:35<00:05:10,  0.91it/s, loss=0.0263]
Epoch 14:  53%|#####.....| 309/585 [00:05:41<00:05:05,  0.90it/s, loss=0.0264]
Epoch 14:  54%|#####.....| 314/585 [00:05:47<00:04:59,  0.90it/s, loss=0.0264]
Epoch 14:  55%|#####.....| 319/585 [00:05:52<00:04:53,  0.91it/s, loss=0.0263]
Epoch 14:  56%|#####.....| 325/585 [00:05:58<00:04:46,  0.91it/s, loss=0.0263]
Epoch 14:  56%|#####.....| 330/585 [00:06:03<00:04:40,  0.91it/s, loss=0.0262]
Epoch 14:  57%|#####.....| 335/585 [00:06:08<00:04:35,  0.91it/s, loss=0.0262]
Epoch 14:  58%|#####.....| 339/585 [00:06:13<00:04:31,  0.91it/s, loss=0.0263]
Epoch 14:  59%|#####.....| 344/585 [00:06:19<00:04:26,  0.91it/s, loss=0.0263]
Epoch 14:  60%|#####.....| 349/585 [00:06:26<00:04:21,  0.90it/s, loss=0.0263]
Epoch 14:  61%|######....| 354/585 [00:06:31<00:04:15,  0.90it/s, loss=0.0264]
Epoch 14:  61%|######....| 359/585 [00:06:37<00:04:10,  0.90it/s, loss=0.0264]
Epoch 14:  62%|######....| 363/585 [00:06:42<00:04:06,  0.90it/s, loss=0.0264]
Epoch 14:  63%|######....| 368/585 [00:06:47<00:04:00,  0.90it/s, loss=0.0264]
Epoch 14:  64%|######....| 373/585 [00:06:53<00:03:54,  0.90it/s, loss=0.0264]
Epoch 14:  65%|######....| 378/585 [00:06:58<00:03:49,  0.90it/s, loss=0.0264]
Epoch 14:  65%|######....| 382/585 [00:07:03<00:03:45,  0.90it/s, loss=0.0263]
Epoch 14:  66%|######....| 387/585 [00:07:09<00:03:39,  0.90it/s, loss=0.0264]
Epoch 14:  67%|######....| 393/585 [00:07:15<00:03:32,  0.90it/s, loss=0.0263]
Epoch 14:  68%|######....| 398/585 [00:07:21<00:03:27,  0.90it/s, loss=0.0263]
Epoch 14:  69%|######....| 403/585 [00:07:26<00:03:21,  0.90it/s, loss=0.0263]
Epoch 14:  70%|######....| 408/585 [00:07:32<00:03:16,  0.90it/s, loss=0.0262]
Epoch 14:  71%|#######...| 413/585 [00:07:37<00:03:10,  0.90it/s, loss=0.0262]
Epoch 14:  71%|#######...| 418/585 [00:07:42<00:03:04,  0.90it/s, loss=0.0263]
Epoch 14:  72%|#######...| 423/585 [00:07:47<00:02:59,  0.90it/s, loss=0.0262]
Epoch 14:  73%|#######...| 428/585 [00:07:53<00:02:53,  0.90it/s, loss=0.0263]
Epoch 14:  74%|#######...| 433/585 [00:07:59<00:02:48,  0.90it/s, loss=0.0263]
Epoch 14:  75%|#######...| 438/585 [00:08:04<00:02:42,  0.90it/s, loss=0.0263]
Epoch 14:  76%|#######...| 444/585 [00:08:10<00:02:35,  0.91it/s, loss=0.0263]
Epoch 14:  77%|#######...| 449/585 [00:08:15<00:02:30,  0.91it/s, loss=0.0263]
Epoch 14:  78%|#######...| 454/585 [00:08:21<00:02:24,  0.91it/s, loss=0.0263]
Epoch 14:  78%|#######...| 458/585 [00:08:26<00:02:20,  0.90it/s, loss=0.0262]
Epoch 14:  79%|#######...| 463/585 [00:08:31<00:02:14,  0.91it/s, loss=0.0262]
Epoch 14:  80%|########..| 468/585 [00:08:37<00:02:09,  0.90it/s, loss=0.0262]
Epoch 14:  81%|########..| 473/585 [00:08:42<00:02:03,  0.90it/s, loss=0.0262]
Epoch 14:  82%|########..| 478/585 [00:08:48<00:01:58,  0.90it/s, loss=0.0262]
Epoch 14:  83%|########..| 484/585 [00:08:54<00:01:51,  0.91it/s, loss=0.0262]
Epoch 14:  83%|########..| 488/585 [00:08:59<00:01:47,  0.90it/s, loss=0.0262]
Epoch 14:  84%|########..| 494/585 [00:09:05<00:01:40,  0.90it/s, loss=0.0262]
Epoch 14:  85%|########..| 499/585 [00:09:11<00:01:35,  0.90it/s, loss=0.0262]
Epoch 14:  86%|########..| 504/585 [00:09:16<00:01:29,  0.91it/s, loss=0.0262]
Epoch 14:  87%|########..| 509/585 [00:09:22<00:01:23,  0.91it/s, loss=0.0262]
Epoch 14:  88%|########..| 514/585 [00:09:27<00:01:18,  0.91it/s, loss=0.0262]
Epoch 14:  89%|########..| 519/585 [00:09:32<00:01:12,  0.91it/s, loss=0.0262]
Epoch 14:  90%|########..| 524/585 [00:09:38<00:01:07,  0.91it/s, loss=0.0261]
Epoch 14:  90%|#########.| 528/585 [00:09:44<00:01:03,  0.90it/s, loss=0.0261]
Epoch 14:  91%|#########.| 533/585 [00:09:49<00:00:57,  0.90it/s, loss=0.0261]
Epoch 14:  92%|#########.| 538/585 [00:09:55<00:00:51,  0.90it/s, loss=0.0261]
Epoch 14:  93%|#########.| 544/585 [00:10:00<00:00:45,  0.91it/s, loss=0.0261]
Epoch 14:  94%|#########.| 550/585 [00:10:07<00:00:38,  0.91it/s, loss=0.0261]
Epoch 14:  95%|#########.| 555/585 [00:10:13<00:00:33,  0.90it/s, loss=0.0261]
Epoch 14:  96%|#########.| 560/585 [00:10:18<00:00:27,  0.91it/s, loss=0.0261]
Epoch 14:  96%|#########.| 564/585 [00:10:23<00:00:23,  0.90it/s, loss=0.0262]
Epoch 14:  97%|#########.| 569/585 [00:10:29<00:00:17,  0.90it/s, loss=0.0261]
Epoch 14:  98%|#########.| 574/585 [00:10:34<00:00:12,  0.90it/s, loss=0.0261]
Epoch 14:  99%|#########.| 578/585 [00:10:39<00:00:07,  0.90it/s, loss=0.0261]
Epoch 14:  99%|#########.| 582/585 [00:10:45<00:00:03,  0.90it/s, loss=0.0261]
Epoch 14: 100%|##########| 585/585 [00:10:48<00:00:00,  0.90it/s, loss=0.0261]
Test loss: 0.0263, Test rmsae: 8.60deg
{"event": "epoch_complete", "epoch": 14, "phase": 1, "lr": 0.0001, "batch_size": 1, "micro_batch_size": 1, "train_loss": 0.02610712882099498, "val_loss": 0.026339016912970692, "val_rmsae_deg": 8.600092366337776, "epoch_time_s": 649.4968811119907}
Epoch 15/40:
Epoch 15:   1%|..........| 5/585 [00:00:05<00:10:45,  0.90it/s, loss=0.0273]
Epoch 15:   2%|..........| 10/585 [00:00:10<00:10:16,  0.93it/s, loss=0.0248]
Epoch 15:   3%|..........| 15/585 [00:00:16<00:10:17,  0.92it/s, loss=0.0252]
Epoch 15:   3%|..........| 20/585 [00:00:22<00:10:28,  0.90it/s, loss=0.0250]
Epoch 15:   4%|..........| 25/585 [00:00:27<00:10:16,  0.91it/s, loss=0.0247]
Epoch 15:   5%|..........| 31/585 [00:00:33<00:09:57,  0.93it/s, loss=0.0245]
Epoch 15:   6%|..........| 36/585 [00:00:38<00:09:54,  0.92it/s, loss=0.0242]
Epoch 15:   7%|..........| 41/585 [00:00:44<00:09:45,  0.93it/s, loss=0.0240]
Epoch 15:   8%|..........| 46/585 [00:00:49<00:09:41,  0.93it/s, loss=0.0249]
Epoch 15:   9%|..........| 51/585 [00:00:54<00:09:35,  0.93it/s, loss=0.0254]
Epoch 15:   9%|..........| 55/585 [00:01:00<00:09:39,  0.91it/s, loss=0.0267]
Epoch 15:  10%|#.........| 60/585 [00:01:05<00:09:35,  0.91it/s, loss=0.0266]
Epoch 15:  11%|#.........| 65/585 [00:01:10<00:09:27,  0.92it/s, loss=0.0264]
Epoch 15:  12%|#.........| 70/585 [00:01:16<00:09:21,  0.92it/s, loss=0.0264]
Epoch 15:  13%|#.........| 75/585 [00:01:21<00:09:15,  0.92it/s, loss=0.0263]
Epoch 15:  14%|#.........| 80/585 [00:01:27<00:09:10,  0.92it/s, loss=0.0264]
Epoch 15:  15%|#.........| 85/585 [00:01:32<00:09:07,  0.91it/s, loss=0.0263]
Epoch 15:  15%|#.........| 90/585 [00:01:39<00:09:06,  0.91it/s, loss=0.0260]
Epoch 15:  16%|#.........| 95/585 [00:01:45<00:09:01,  0.90it/s, loss=0.0259]
Epoch 15:  17%|#.........| 100/585 [00:01:50<00:08:55,  0.91it/s, loss=0.0257]
Epoch 15:  18%|#.........| 105/585 [00:01:55<00:08:49,  0.91it/s, loss=0.0257]
Epoch 15:  19%|#.........| 110/585 [00:02:01<00:08:44,  0.91it/s, loss=0.0257]
Epoch 15:  20%|#.........| 115/585 [00:02:06<00:08:37,  0.91it/s, loss=0.0259]
Epoch 15:  20%|##........| 119/585 [00:02:11<00:08:36,  0.90it/s, loss=0.0260]
Epoch 15:  21%|##........| 123/585 [00:02:17<00:08:35,  0.90it/s, loss=0.0261]
Epoch 15:  22%|##........| 128/585 [00:02:23<00:08:30,  0.89it/s, loss=0.0260]
Epoch 15:  23%|##........| 133/585 [00:02:28<00:08:23,  0.90it/s, loss=0.0260]
Epoch 15:  24%|##........| 138/585 [00:02:33<00:08:18,  0.90it/s, loss=0.0259]
Epoch 15:  25%|##........| 144/585 [00:02:40<00:08:10,  0.90it/s, loss=0.0259]
Epoch 15:  25%|##........| 149/585 [00:02:45<00:08:03,  0.90it/s, loss=0.0259]
Epoch 15:  26%|##........| 154/585 [00:02:50<00:07:56,  0.90it/s, loss=0.0259]
Epoch 15:  27%|##........| 160/585 [00:02:55<00:07:46,  0.91it/s, loss=0.0258]
Epoch 15:  28%|##........| 165/585 [00:03:01<00:07:41,  0.91it/s, loss=0.0259]
Epoch 15:  29%|##........| 170/585 [00:03:07<00:07:37,  0.91it/s, loss=0.0259]
Epoch 15:  30%|###.......| 176/585 [00:03:13<00:07:30,  0.91it/s, loss=0.0258]
Epoch 15:  31%|###.......| 181/585 [00:03:19<00:07:24,  0.91it/s, loss=0.0258]
Epoch 15:  32%|###.......| 186/585 [00:03:24<00:07:19,  0.91it/s, loss=0.0258]
Epoch 15:  32%|###.......| 189/585 [00:03:29<00:07:19,  0.90it/s, loss=0.0259]
Epoch 15:  33%|###.......| 194/585 [00:03:35<00:07:14,  0.90it/s, loss=0.0259]
Epoch 15:  34%|###.......| 199/585 [00:03:41<00:07:09,  0.90it/s, loss=0.0260]
Epoch 15:  35%|###.......| 203/585 [00:03:46<00:07:06,  0.89it/s, loss=0.0260]
Epoch 15:  36%|###.......| 208/585 [00:03:52<00:07:02,  0.89it/s, loss=0.0268]
Epoch 15:  36%|###.......| 213/585 [00:03:58<00:06:56,  0.89it/s, loss=0.0269]
Epoch 15:  37%|###.......| 217/585 [00:04:03<00:06:52,  0.89it/s, loss=0.0274]
Epoch 15:  38%|###.......| 222/585 [00:04:08<00:06:46,  0.89it/s, loss=0.0274]
Epoch 15:  39%|###.......| 227/585 [00:04:14<00:06:41,  0.89it/s, loss=0.0273]
Epoch 15:  40%|###.......| 232/585 [00:04:20<00:06:36,  0.89it/s, loss=0.0275]
Epoch 15:  41%|####......| 237/585 [00:04:25<00:06:29,  0.89it/s, loss=0.0276]
Epoch 15:  42%|####......| 243/585 [00:04:31<00:06:22,  0.89it/s, loss=0.0276]
Epoch 15:  42%|####......| 248/585 [00:04:36<00:06:16,  0.90it/s, loss=0.0276]
Epoch 15:  43%|####......| 253/585 [00:04:42<00:06:10,  0.90it/s, loss=0.0276]
Epoch 15:  44%|####......| 258/585 [00:04:47<00:06:04,  0.90it/s, loss=0.0276]
Epoch 15:  45%|####......| 263/585 [00:04:53<00:05:59,  0.90it/s, loss=0.0276]
Epoch 15:  46%|####......| 268/585 [00:04:58<00:05:53,  0.90it/s, loss=0.0276]
Epoch 15:  47%|####......| 273/585 [00:05:03<00:05:46,  0.90it/s, loss=0.0276]
Epoch 15:  48%|####......| 278/585 [00:05:09<00:05:41,  0.90it/s, loss=0.0275]
Epoch 15:  48%|####......| 283/585 [00:05:14<00:05:36,  0.90it/s, loss=0.0276]
Epoch 15:  49%|####......| 288/585 [00:05:20<00:05:30,  0.90it/s, loss=0.0276]
Epoch 15:  50%|####......| 292/585 [00:05:25<00:05:26,  0.90it/s, loss=0.0277]
Epoch 15:  51%|#####.....| 297/585 [00:05:30<00:05:20,  0.90it/s, loss=0.0276]
Epoch 15:  52%|#####.....| 302/585 [00:05:36<00:05:15,  0.90it/s, loss=0.0276]
Epoch 15:  52%|#####.....| 307/585 [00:05:42<00:05:09,  0.90it/s, loss=0.0275]
Epoch 15:  53%|#####.....| 312/585 [00:05:47<00:05:03,  0.90it/s, loss=0.0276]
Epoch 15:  54%|#####.....| 317/585 [00:05:52<00:04:58,  0.90it/s, loss=0.0276]
Epoch 15:  55%|#####.....| 322/585 [00:05:58<00:04:52,  0.90it/s, loss=0.0275]
Epoch 15:  56%|#####.....| 327/585 [00:06:03<00:04:46,  0.90it/s, loss=0.0275]
Epoch 15:  57%|#####.....| 332/585 [00:06:09<00:04:41,  0.90it/s, loss=0.0275]
Epoch 15:  57%|#####.....| 336/585 [00:06:14<00:04:37,  0.90it/s, loss=0.0275]
Epoch 15:  58%|#####.....| 341/585 [00:06:19<00:04:31,  0.90it/s, loss=0.0275]
Epoch 15:  59%|#####.....| 347/585 [00:06:25<00:04:24,  0.90it/s, loss=0.0275]
Epoch 15:  60%|######....| 352/585 [00:06:31<00:04:18,  0.90it/s, loss=0.0275]
Epoch 15:  61%|######....| 357/585 [00:06:36<00:04:13,  0.90it/s, loss=0.0275]
Epoch 15:  62%|######....| 362/585 [00:06:41<00:04:07,  0.90it/s, loss=0.0274]
Epoch 15:  63%|######....| 367/585 [00:06:47<00:04:01,  0.90it/s, loss=0.0275]
Epoch 15:  64%|######....| 372/585 [00:06:52<00:03:56,  0.90it/s, loss=0.0275]
Epoch 15:  64%|######....| 377/585 [00:06:58<00:03:50,  0.90it/s, loss=0.0275]
Epoch 15:  65%|######....| 382/585 [00:07:03<00:03:45,  0.90it/s, loss=0.0274]
Epoch 15:  66%|######....| 387/585 [00:07:08<00:03:39,  0.90it/s, loss=0.0274]
Epoch 15:  67%|######....| 392/585 [00:07:14<00:03:34,  0.90it/s, loss=0.0273]
Epoch 15:  68%|######....| 397/585 [00:07:20<00:03:28,  0.90it/s, loss=0.0273]
Epoch 15:  69%|######....| 402/585 [00:07:25<00:03:22,  0.90it/s, loss=0.0274]
Epoch 15:  70%|######....| 407/585 [00:07:31<00:03:17,  0.90it/s, loss=0.0274]
Epoch 15:  70%|#######...| 412/585 [00:07:36<00:03:11,  0.90it/s, loss=0.0274]
Epoch 15:  71%|#######...| 418/585 [00:07:42<00:03:04,  0.90it/s, loss=0.0273]
Epoch 15:  72%|#######...| 422/585 [00:07:47<00:03:00,  0.90it/s, loss=0.0273]
Epoch 15:  73%|#######...| 426/585 [00:07:53<00:02:56,  0.90it/s, loss=0.0274]
Epoch 15:  74%|#######...| 431/585 [00:07:58<00:02:50,  0.90it/s, loss=0.0273]
Epoch 15:  75%|#######...| 436/585 [00:08:03<00:02:45,  0.90it/s, loss=0.0273]
Epoch 15:  75%|#######...| 441/585 [00:08:09<00:02:39,  0.90it/s, loss=0.0274]
Epoch 15:  76%|#######...| 446/585 [00:08:14<00:02:34,  0.90it/s, loss=0.0273]
Epoch 15:  77%|#######...| 451/585 [00:08:19<00:02:28,  0.90it/s, loss=0.0273]
Epoch 15:  78%|#######...| 456/585 [00:08:24<00:02:22,  0.90it/s, loss=0.0273]
Epoch 15:  79%|#######...| 461/585 [00:08:29<00:02:17,  0.90it/s, loss=0.0272]
Epoch 15:  79%|#######...| 465/585 [00:08:35<00:02:12,  0.90it/s, loss=0.0274]
Epoch 15:  80%|########..| 470/585 [00:08:40<00:02:07,  0.90it/s, loss=0.0274]
Epoch 15:  81%|########..| 475/585 [00:08:45<00:02:01,  0.90it/s, loss=0.0274]
Epoch 15:  82%|########..| 480/585 [00:08:51<00:01:56,  0.90it/s, loss=0.0273]
Epoch 15:  83%|########..| 485/585 [00:08:56<00:01:50,  0.90it/s, loss=0.0274]
Epoch 15:  84%|########..| 490/585 [00:09:02<00:01:45,  0.90it/s, loss=0.0273]
Epoch 15:  85%|########..| 495/585 [00:09:07<00:01:39,  0.90it/s, loss=0.0273]
Epoch 15:  85%|########..| 500/585 [00:09:12<00:01:33,  0.90it/s, loss=0.0273]
Epoch 15:  86%|########..| 505/585 [00:09:18<00:01:28,  0.90it/s, loss=0.0273]
Epoch 15:  87%|########..| 511/585 [00:09:23<00:01:21,  0.91it/s, loss=0.0272]
Epoch 15:  88%|########..| 516/585 [00:09:29<00:01:16,  0.91it/s, loss=0.0272]
Epoch 15:  89%|########..| 521/585 [00:09:34<00:01:10,  0.91it/s, loss=0.0272]
Epoch 15:  90%|########..| 526/585 [00:09:39<00:01:05,  0.91it/s, loss=0.0271]
Epoch 15:  91%|#########.| 531/585 [00:09:45<00:00:59,  0.91it/s, loss=0.0271]
Epoch 15:  92%|#########.| 536/585 [00:09:50<00:00:53,  0.91it/s, loss=0.0271]
Epoch 15:  92%|#########.| 540/585 [00:09:56<00:00:49,  0.91it/s, loss=0.0271]
Epoch 15:  93%|#########.| 545/585 [00:10:01<00:00:44,  0.91it/s, loss=0.0271]
Epoch 15:  94%|#########.| 550/585 [00:10:07<00:00:38,  0.91it/s, loss=0.0271]
Epoch 15:  95%|#########.| 555/585 [00:10:13<00:00:33,  0.91it/s, loss=0.0271]
Epoch 15:  96%|#########.| 560/585 [00:10:18<00:00:27,  0.91it/s, loss=0.0271]
Epoch 15:  97%|#########.| 565/585 [00:10:23<00:00:22,  0.91it/s, loss=0.0271]
Epoch 15:  97%|#########.| 570/585 [00:10:29<00:00:16,  0.91it/s, loss=0.0271]
Epoch 15:  98%|#########.| 574/585 [00:10:35<00:00:12,  0.90it/s, loss=0.0272]
Epoch 15:  99%|#########.| 579/585 [00:10:40<00:00:06,  0.90it/s, loss=0.0272]
Epoch 15: 100%|#########.| 584/585 [00:10:46<00:00:01,  0.90it/s, loss=0.0272]
Epoch 15: 100%|##########| 585/585 [00:10:47<00:00:00,  0.90it/s, loss=0.0272]
Test loss: 0.0279, Test rmsae: 8.85deg
{"event": "epoch_complete", "epoch": 15, "phase": 1, "lr": 0.0001, "batch_size": 1, "micro_batch_size": 1, "train_loss": 0.027229966384032342, "val_loss": 0.027936373080592602, "val_rmsae_deg": 8.847023375332355, "epoch_time_s": 649.122113281861}
Epoch 16/40:
Epoch 16:   1%|..........| 5/585 [00:00:05<00:10:07,  0.96it/s, loss=0.0232]
Epoch 16:   2%|..........| 10/585 [00:00:10<00:10:14,  0.94it/s, loss=0.0237]
Epoch 16:   3%|..........| 16/585 [00:00:16<00:09:46,  0.97it/s, loss=0.0258]
Epoch 16:   4%|..........| 21/585 [00:00:21<00:09:46,  0.96it/s, loss=0.0258]
Epoch 16:   4%|..........| 26/585 [00:00:27<00:09:55,  0.94it/s, loss=0.0263]
Epoch 16:   5%|..........| 31/585 [00:00:33<00:09:53,  0.93it/s, loss=0.0259]
Epoch 16:   6%|..........| 36/585 [00:00:39<00:09:56,  0.92it/s, loss=0.0265]
Epoch 16:   7%|..........| 42/585 [00:00:45<00:09:44,  0.93it/s, loss=0.0263]
Epoch 16:   8%|..........| 47/585 [00:00:50<00:09:39,  0.93it/s, loss=0.0263]
Epoch 16:   9%|..........| 52/585 [00:00:55<00:09:31,  0.93it/s, loss=0.0264]
Epoch 16:  10%|..........| 57/585 [00:01:01<00:09:31,  0.92it/s, loss=0.0265]
Epoch 16:  11%|#.........| 62/585 [00:01:06<00:09:24,  0.93it/s, loss=0.0267]
Epoch 16:  11%|#.........| 67/585 [00:01:12<00:09:21,  0.92it/s, loss=0.0264]
Epoch 16:  12%|#.........| 72/585 [00:01:18<00:09:18,  0.92it/s, loss=0.0267]
Epoch 16:  13%|#.........| 77/585 [00:01:23<00:09:13,  0.92it/s, loss=0.0265]
Epoch 16:  14%|#.........| 82/585 [00:01:29<00:09:06,  0.92it/s, loss=0.0262]
Epoch 16:  15%|#.........| 87/585 [00:01:34<00:08:58,  0.92it/s, loss=0.0261]
Epoch 16:  16%|#.........| 92/585 [00:01:40<00:08:56,  0.92it/s, loss=0.0260]
Epoch 16:  17%|#.........| 97/585 [00:01:45<00:08:48,  0.92it/s, loss=0.0258]
Epoch 16:  17%|#.........| 102/585 [00:01:50<00:08:43,  0.92it/s, loss=0.0259]
Epoch 16:  18%|#.........| 107/585 [00:01:56<00:08:41,  0.92it/s, loss=0.0261]
Epoch 16:  19%|#.........| 112/585 [00:02:02<00:08:37,  0.91it/s, loss=0.0260]
Epoch 16:  20%|##........| 117/585 [00:02:07<00:08:30,  0.92it/s, loss=0.0260]
Epoch 16:  21%|##........| 122/585 [00:02:13<00:08:26,  0.91it/s, loss=0.0259]
Epoch 16:  22%|##........| 127/585 [00:02:18<00:08:19,  0.92it/s, loss=0.0257]
Epoch 16:  23%|##........| 133/585 [00:02:24<00:08:10,  0.92it/s, loss=0.0258]
Epoch 16:  24%|##........| 138/585 [00:02:29<00:08:04,  0.92it/s, loss=0.0256]
Epoch 16:  24%|##........| 143/585 [00:02:34<00:07:57,  0.93it/s, loss=0.0256]
Epoch 16:  25%|##........| 148/585 [00:02:39<00:07:51,  0.93it/s, loss=0.0255]
Epoch 16:  26%|##........| 151/585 [00:02:45<00:07:55,  0.91it/s, loss=0.0257]
Epoch 16:  27%|##........| 156/585 [00:02:50<00:07:49,  0.91it/s, loss=0.0258]
Epoch 16:  28%|##........| 161/585 [00:02:55<00:07:42,  0.92it/s, loss=0.0257]
Epoch 16:  28%|##........| 165/585 [00:03:00<00:07:40,  0.91it/s, loss=0.0258]
Epoch 16:  29%|##........| 170/585 [00:03:06<00:07:36,  0.91it/s, loss=0.0259]
Epoch 16:  30%|##........| 175/585 [00:03:11<00:07:29,  0.91it/s, loss=0.0258]
Epoch 16:  31%|###.......| 180/585 [00:03:17<00:07:24,  0.91it/s, loss=0.0258]
Epoch 16:  32%|###.......| 185/585 [00:03:22<00:07:18,  0.91it/s, loss=0.0257]
Epoch 16:  33%|###.......| 191/585 [00:03:28<00:07:10,  0.91it/s, loss=0.0256]
Epoch 16:  34%|###.......| 196/585 [00:03:34<00:07:05,  0.91it/s, loss=0.0257]
Epoch 16:  34%|###.......| 200/585 [00:03:39<00:07:02,  0.91it/s, loss=0.0256]
Epoch 16:  35%|###.......| 205/585 [00:03:44<00:06:56,  0.91it/s, loss=0.0256]
Epoch 16:  36%|###.......| 209/585 [00:03:50<00:06:53,  0.91it/s, loss=0.0256]
Epoch 16:  37%|###.......| 214/585 [00:03:55<00:06:48,  0.91it/s, loss=0.0256]
Epoch 16:  38%|###.......| 220/585 [00:04:01<00:06:40,  0.91it/s, loss=0.0256]
Epoch 16:  38%|###.......| 224/585 [00:04:06<00:06:37,  0.91it/s, loss=0.0256]
Epoch 16:  39%|###.......| 229/585 [00:04:12<00:06:31,  0.91it/s, loss=0.0260]
Epoch 16:  40%|####......| 234/585 [00:04:17<00:06:25,  0.91it/s, loss=0.0260]
Epoch 16:  41%|####......| 239/585 [00:04:23<00:06:21,  0.91it/s, loss=0.0261]
Epoch 16:  42%|####......| 244/585 [00:04:28<00:06:15,  0.91it/s, loss=0.0261]
Epoch 16:  43%|####......| 249/585 [00:04:34<00:06:10,  0.91it/s, loss=0.0260]
Epoch 16:  44%|####......| 255/585 [00:04:40<00:06:03,  0.91it/s, loss=0.0260]
Epoch 16:  45%|####......| 261/585 [00:04:46<00:05:55,  0.91it/s, loss=0.0259]
Epoch 16:  45%|####......| 266/585 [00:04:51<00:05:49,  0.91it/s, loss=0.0259]
Epoch 16:  46%|####......| 271/585 [00:04:56<00:05:44,  0.91it/s, loss=0.0259]
Epoch 16:  47%|####......| 276/585 [00:05:02<00:05:38,  0.91it/s, loss=0.0259]
Epoch 16:  48%|####......| 281/585 [00:05:07<00:05:32,  0.91it/s, loss=0.0259]
Epoch 16:  49%|####......| 285/585 [00:05:12<00:05:29,  0.91it/s, loss=0.0259]
Epoch 16:  50%|####......| 290/585 [00:05:18<00:05:24,  0.91it/s, loss=0.0260]
Epoch 16:  51%|#####.....| 296/585 [00:05:24<00:05:16,  0.91it/s, loss=0.0259]
Epoch 16:  51%|#####.....| 300/585 [00:05:30<00:05:13,  0.91it/s, loss=0.0261]
Epoch 16:  52%|#####.....| 305/585 [00:05:35<00:05:08,  0.91it/s, loss=0.0260]
Epoch 16:  53%|#####.....| 310/585 [00:05:41<00:05:02,  0.91it/s, loss=0.0260]
Epoch 16:  54%|#####.....| 315/585 [00:05:46<00:04:56,  0.91it/s, loss=0.0259]
Epoch 16:  55%|#####.....| 320/585 [00:05:51<00:04:51,  0.91it/s, loss=0.0260]
Epoch 16:  56%|#####.....| 325/585 [00:05:57<00:04:45,  0.91it/s, loss=0.0260]
Epoch 16:  56%|#####.....| 330/585 [00:06:02<00:04:40,  0.91it/s, loss=0.0260]
Epoch 16:  57%|#####.....| 335/585 [00:06:08<00:04:34,  0.91it/s, loss=0.0259]
Epoch 16:  58%|#####.....| 340/585 [00:06:13<00:04:29,  0.91it/s, loss=0.0260]
Epoch 16:  59%|#####.....| 345/585 [00:06:19<00:04:23,  0.91it/s, loss=0.0259]
Epoch 16:  60%|#####.....| 349/585 [00:06:24<00:04:19,  0.91it/s, loss=0.0259]
Epoch 16:  61%|######....| 354/585 [00:06:29<00:04:14,  0.91it/s, loss=0.0260]
Epoch 16:  61%|######....| 359/585 [00:06:35<00:04:09,  0.91it/s, loss=0.0260]
Epoch 16:  62%|######....| 364/585 [00:06:40<00:04:03,  0.91it/s, loss=0.0260]
Epoch 16:  63%|######....| 369/585 [00:06:46<00:03:57,  0.91it/s, loss=0.0261]
Epoch 16:  64%|######....| 375/585 [00:06:52<00:03:50,  0.91it/s, loss=0.0260]
Epoch 16:  65%|######....| 380/585 [00:06:57<00:03:45,  0.91it/s, loss=0.0260]
Epoch 16:  66%|######....| 384/585 [00:07:02<00:03:41,  0.91it/s, loss=0.0260]
Epoch 16:  67%|######....| 390/585 [00:07:08<00:03:34,  0.91it/s, loss=0.0260]
Epoch 16:  68%|######....| 395/585 [00:07:14<00:03:29,  0.91it/s, loss=0.0259]
Epoch 16:  68%|######....| 400/585 [00:07:19<00:03:23,  0.91it/s, loss=0.0259]
Epoch 16:  69%|######....| 405/585 [00:07:25<00:03:17,  0.91it/s, loss=0.0259]
Epoch 16:  70%|#######...| 410/585 [00:07:30<00:03:12,  0.91it/s, loss=0.0259]
Epoch 16:  71%|#######...| 414/585 [00:07:35<00:03:08,  0.91it/s, loss=0.0259]
Epoch 16:  72%|#######...| 420/585 [00:07:41<00:03:01,  0.91it/s, loss=0.0259]
Epoch 16:  73%|#######...| 425/585 [00:07:47<00:02:55,  0.91it/s, loss=0.0259]
Epoch 16:  74%|#######...| 430/585 [00:07:53<00:02:50,  0.91it/s, loss=0.0259]
Epoch 16:  74%|#######...| 435/585 [00:07:58<00:02:45,  0.91it/s, loss=0.0258]
Epoch 16:  75%|#######...| 439/585 [00:08:04<00:02:41,  0.91it/s, loss=0.0261]
Epoch 16:  76%|#######...| 444/585 [00:08:10<00:02:35,  0.91it/s, loss=0.0262]
Epoch 16:  77%|#######...| 449/585 [00:08:15<00:02:30,  0.91it/s, loss=0.0262]
Epoch 16:  78%|#######...| 454/585 [00:08:21<00:02:24,  0.91it/s, loss=0.0263]
Epoch 16:  78%|#######...| 459/585 [00:08:26<00:02:18,  0.91it/s, loss=0.0263]
Epoch 16:  79%|#######...| 464/585 [00:08:32<00:02:13,  0.91it/s, loss=0.0263]
Epoch 16:  80%|########..| 469/585 [00:08:37<00:02:07,  0.91it/s, loss=0.0263]
Epoch 16:  81%|########..| 474/585 [00:08:42<00:02:02,  0.91it/s, loss=0.0262]
Epoch 16:  82%|########..| 479/585 [00:08:47<00:01:56,  0.91it/s, loss=0.0262]
Epoch 16:  83%|########..| 484/585 [00:08:52<00:01:51,  0.91it/s, loss=0.0263]
Epoch 16:  84%|########..| 489/585 [00:08:58<00:01:45,  0.91it/s, loss=0.0263]
Epoch 16:  84%|########..| 494/585 [00:09:03<00:01:40,  0.91it/s, loss=0.0263]
Epoch 16:  85%|########..| 500/585 [00:09:09<00:01:33,  0.91it/s, loss=0.0263]
Epoch 16:  86%|########..| 505/585 [00:09:15<00:01:28,  0.91it/s, loss=0.0263]
Epoch 16:  87%|########..| 510/585 [00:09:21<00:01:22,  0.91it/s, loss=0.0262]
Epoch 16:  88%|########..| 515/585 [00:09:27<00:01:17,  0.91it/s, loss=0.0262]
Epoch 16:  89%|########..| 520/585 [00:09:32<00:01:11,  0.91it/s, loss=0.0262]
Epoch 16:  90%|########..| 525/585 [00:09:38<00:01:06,  0.91it/s, loss=0.0263]
Epoch 16:  91%|#########.| 530/585 [00:09:43<00:01:00,  0.91it/s, loss=0.0263]
Epoch 16:  91%|#########.| 535/585 [00:09:49<00:00:55,  0.91it/s, loss=0.0263]
Epoch 16:  92%|#########.| 539/585 [00:09:55<00:00:50,  0.91it/s, loss=0.0263]
Epoch 16:  93%|#########.| 545/585 [00:10:01<00:00:44,  0.91it/s, loss=0.0263]
Epoch 16:  94%|#########.| 551/585 [00:10:07<00:00:37,  0.91it/s, loss=0.0262]
Epoch 16:  95%|#########.| 556/585 [00:10:12<00:00:31,  0.91it/s, loss=0.0262]
Epoch 16:  96%|#########.| 561/585 [00:10:17<00:00:26,  0.91it/s, loss=0.0262]
Epoch 16:  97%|#########.| 566/585 [00:10:24<00:00:20,  0.91it/s, loss=0.0262]
Epoch 16:  98%|#########.| 571/585 [00:10:30<00:00:15,  0.91it/s, loss=0.0262]
Epoch 16:  98%|#########.| 576/585 [00:10:35<00:00:09,  0.91it/s, loss=0.0262]
Epoch 16:  99%|#########.| 581/585 [00:10:41<00:00:04,  0.91it/s, loss=0.0262]
Epoch 16: 100%|##########| 585/585 [00:10:45<00:00:00,  0.91it/s, loss=0.0262]
Test loss: 0.0252, Test rmsae: 7.86deg
{"event": "epoch_complete", "epoch": 16, "phase": 1, "lr": 0.0001, "batch_size": 1, "micro_batch_size": 1, "train_loss": 0.026193729444192005, "val_loss": 0.025206601538229734, "val_rmsae_deg": 7.859668880701065, "epoch_time_s": 646.6854761799332}
{"event": "checkpoint_saved", "tag": "best_rmsae", "epoch": 16, "path": "IFAN_Maba/outputs/stage3/ifan_maba_stage3_full40_freqblock_paper_original_maba_20260420_214446/checkpoints/best_rmsae.pt", "val_rmsae_deg": 7.859668880701065}
Epoch 17/40:
Epoch 17:   1%|..........| 5/585 [00:00:05<00:10:57,  0.88it/s, loss=0.0286]
Epoch 17:   2%|..........| 9/585 [00:00:11<00:11:50,  0.81it/s, loss=0.0290]
Epoch 17:   2%|..........| 14/585 [00:00:16<00:11:10,  0.85it/s, loss=0.0270]
Epoch 17:   3%|..........| 19/585 [00:00:22<00:11:05,  0.85it/s, loss=0.0271]
Epoch 17:   4%|..........| 24/585 [00:00:27<00:10:40,  0.88it/s, loss=0.0266]
Epoch 17:   5%|..........| 29/585 [00:00:32<00:10:24,  0.89it/s, loss=0.0262]
Epoch 17:   6%|..........| 34/585 [00:00:38<00:10:19,  0.89it/s, loss=0.0278]
Epoch 17:   7%|..........| 39/585 [00:00:43<00:10:11,  0.89it/s, loss=0.0273]
Epoch 17:   8%|..........| 44/585 [00:00:49<00:10:03,  0.90it/s, loss=0.0273]
Epoch 17:   8%|..........| 49/585 [00:00:54<00:09:56,  0.90it/s, loss=0.0268]
Epoch 17:   9%|..........| 54/585 [00:01:00<00:09:52,  0.90it/s, loss=0.0267]
Epoch 17:  10%|#.........| 59/585 [00:01:05<00:09:42,  0.90it/s, loss=0.0267]
Epoch 17:  11%|#.........| 63/585 [00:01:11<00:09:49,  0.89it/s, loss=0.0287]
Epoch 17:  12%|#.........| 68/585 [00:01:17<00:09:45,  0.88it/s, loss=0.0284]
Epoch 17:  12%|#.........| 73/585 [00:01:22<00:09:38,  0.89it/s, loss=0.0281]
Epoch 17:  13%|#.........| 78/585 [00:01:27<00:09:31,  0.89it/s, loss=0.0279]
Epoch 17:  14%|#.........| 83/585 [00:01:33<00:09:24,  0.89it/s, loss=0.0276]
Epoch 17:  15%|#.........| 87/585 [00:01:38<00:09:24,  0.88it/s, loss=0.0276]
Epoch 17:  16%|#.........| 93/585 [00:01:44<00:09:13,  0.89it/s, loss=0.0275]
Epoch 17:  17%|#.........| 98/585 [00:01:49<00:09:06,  0.89it/s, loss=0.0274]
Epoch 17:  18%|#.........| 103/585 [00:01:55<00:09:00,  0.89it/s, loss=0.0273]
Epoch 17:  18%|#.........| 108/585 [00:02:00<00:08:53,  0.89it/s, loss=0.0271]
Epoch 17:  19%|#.........| 113/585 [00:02:06<00:08:48,  0.89it/s, loss=0.0271]
Epoch 17:  20%|##........| 119/585 [00:02:12<00:08:40,  0.89it/s, loss=0.0269]
Epoch 17:  21%|##........| 124/585 [00:02:18<00:08:34,  0.90it/s, loss=0.0269]
Epoch 17:  22%|##........| 129/585 [00:02:23<00:08:27,  0.90it/s, loss=0.0268]
Epoch 17:  23%|##........| 134/585 [00:02:28<00:08:20,  0.90it/s, loss=0.0267]
Epoch 17:  24%|##........| 139/585 [00:02:34<00:08:16,  0.90it/s, loss=0.0268]
Epoch 17:  25%|##........| 145/585 [00:02:40<00:08:06,  0.90it/s, loss=0.0267]
Epoch 17:  26%|##........| 150/585 [00:02:45<00:07:59,  0.91it/s, loss=0.0265]
Epoch 17:  26%|##........| 155/585 [00:02:50<00:07:54,  0.91it/s, loss=0.0265]
Epoch 17:  27%|##........| 160/585 [00:02:56<00:07:49,  0.90it/s, loss=0.0265]
Epoch 17:  28%|##........| 165/585 [00:03:02<00:07:44,  0.90it/s, loss=0.0266]
Epoch 17:  29%|##........| 170/585 [00:03:08<00:07:39,  0.90it/s, loss=0.0270]
Epoch 17:  30%|##........| 175/585 [00:03:13<00:07:33,  0.90it/s, loss=0.0270]
Epoch 17:  31%|###.......| 180/585 [00:03:19<00:07:27,  0.90it/s, loss=0.0270]
Epoch 17:  32%|###.......| 185/585 [00:03:24<00:07:22,  0.90it/s, loss=0.0269]
Epoch 17:  32%|###.......| 190/585 [00:03:30<00:07:18,  0.90it/s, loss=0.0269]
Epoch 17:  33%|###.......| 195/585 [00:03:36<00:07:12,  0.90it/s, loss=0.0269]
Epoch 17:  34%|###.......| 200/585 [00:03:42<00:07:07,  0.90it/s, loss=0.0270]
Epoch 17:  35%|###.......| 206/585 [00:03:47<00:06:59,  0.90it/s, loss=0.0270]
Epoch 17:  36%|###.......| 211/585 [00:03:53<00:06:54,  0.90it/s, loss=0.0274]
Epoch 17:  37%|###.......| 216/585 [00:03:58<00:06:48,  0.90it/s, loss=0.0274]
Epoch 17:  38%|###.......| 220/585 [00:04:04<00:06:44,  0.90it/s, loss=0.0274]
Epoch 17:  38%|###.......| 225/585 [00:04:09<00:06:39,  0.90it/s, loss=0.0274]
Epoch 17:  39%|###.......| 230/585 [00:04:15<00:06:33,  0.90it/s, loss=0.0273]
Epoch 17:  40%|####......| 235/585 [00:04:20<00:06:27,  0.90it/s, loss=0.0273]
Epoch 17:  41%|####......| 240/585 [00:04:25<00:06:21,  0.90it/s, loss=0.0273]
Epoch 17:  42%|####......| 245/585 [00:04:30<00:06:15,  0.90it/s, loss=0.0273]
Epoch 17:  43%|####......| 250/585 [00:04:36<00:06:10,  0.91it/s, loss=0.0271]
Epoch 17:  44%|####......| 255/585 [00:04:41<00:06:04,  0.91it/s, loss=0.0271]
Epoch 17:  44%|####......| 260/585 [00:04:46<00:05:58,  0.91it/s, loss=0.0270]
Epoch 17:  45%|####......| 265/585 [00:04:51<00:05:52,  0.91it/s, loss=0.0269]
Epoch 17:  46%|####......| 270/585 [00:04:57<00:05:46,  0.91it/s, loss=0.0269]
Epoch 17:  47%|####......| 275/585 [00:05:02<00:05:41,  0.91it/s, loss=0.0268]
Epoch 17:  48%|####......| 280/585 [00:05:08<00:05:35,  0.91it/s, loss=0.0268]
Epoch 17:  49%|####......| 285/585 [00:05:13<00:05:30,  0.91it/s, loss=0.0268]
Epoch 17:  50%|####......| 290/585 [00:05:18<00:05:24,  0.91it/s, loss=0.0268]
Epoch 17:  50%|#####.....| 295/585 [00:05:24<00:05:18,  0.91it/s, loss=0.0267]
Epoch 17:  51%|#####.....| 300/585 [00:05:29<00:05:12,  0.91it/s, loss=0.0267]
Epoch 17:  52%|#####.....| 305/585 [00:05:34<00:05:07,  0.91it/s, loss=0.0266]
Epoch 17:  53%|#####.....| 310/585 [00:05:40<00:05:01,  0.91it/s, loss=0.0265]
Epoch 17:  54%|#####.....| 315/585 [00:05:45<00:04:55,  0.91it/s, loss=0.0265]
Epoch 17:  55%|#####.....| 320/585 [00:05:50<00:04:50,  0.91it/s, loss=0.0265]
Epoch 17:  56%|#####.....| 325/585 [00:05:55<00:04:44,  0.91it/s, loss=0.0265]
Epoch 17:  57%|#####.....| 331/585 [00:06:01<00:04:37,  0.92it/s, loss=0.0264]
Epoch 17:  57%|#####.....| 335/585 [00:06:06<00:04:33,  0.91it/s, loss=0.0263]
Epoch 17:  58%|#####.....| 339/585 [00:06:12<00:04:30,  0.91it/s, loss=0.0264]
Epoch 17:  59%|#####.....| 344/585 [00:06:18<00:04:24,  0.91it/s, loss=0.0264]
Epoch 17:  59%|#####.....| 348/585 [00:06:23<00:04:21,  0.91it/s, loss=0.0264]
Epoch 17:  60%|######....| 353/585 [00:06:29<00:04:15,  0.91it/s, loss=0.0263]
Epoch 17:  61%|######....| 358/585 [00:06:34<00:04:10,  0.91it/s, loss=0.0263]
Epoch 17:  62%|######....| 363/585 [00:06:40<00:04:05,  0.91it/s, loss=0.0263]
Epoch 17:  63%|######....| 368/585 [00:06:46<00:03:59,  0.91it/s, loss=0.0264]
Epoch 17:  64%|######....| 374/585 [00:06:52<00:03:52,  0.91it/s, loss=0.0264]
Epoch 17:  65%|######....| 379/585 [00:06:57<00:03:47,  0.91it/s, loss=0.0264]
Epoch 17:  66%|######....| 384/585 [00:07:03<00:03:41,  0.91it/s, loss=0.0264]
Epoch 17:  66%|######....| 389/585 [00:07:09<00:03:36,  0.91it/s, loss=0.0263]
Epoch 17:  67%|######....| 394/585 [00:07:14<00:03:30,  0.91it/s, loss=0.0263]
Epoch 17:  68%|######....| 400/585 [00:07:21<00:03:24,  0.91it/s, loss=0.0263]
Epoch 17:  69%|######....| 406/585 [00:07:27<00:03:17,  0.91it/s, loss=0.0263]
Epoch 17:  70%|#######...| 410/585 [00:07:32<00:03:13,  0.91it/s, loss=0.0263]
Epoch 17:  71%|#######...| 416/585 [00:07:38<00:03:06,  0.91it/s, loss=0.0263]
Epoch 17:  72%|#######...| 420/585 [00:07:43<00:03:02,  0.91it/s, loss=0.0263]
Epoch 17:  73%|#######...| 425/585 [00:07:49<00:02:56,  0.91it/s, loss=0.0263]
Epoch 17:  74%|#######...| 430/585 [00:07:54<00:02:50,  0.91it/s, loss=0.0263]
Epoch 17:  74%|#######...| 435/585 [00:07:59<00:02:45,  0.91it/s, loss=0.0263]
Epoch 17:  75%|#######...| 440/585 [00:08:05<00:02:40,  0.91it/s, loss=0.0264]
Epoch 17:  76%|#######...| 445/585 [00:08:11<00:02:34,  0.91it/s, loss=0.0264]
Epoch 17:  77%|#######...| 450/585 [00:08:17<00:02:29,  0.90it/s, loss=0.0264]
Epoch 17:  78%|#######...| 455/585 [00:08:23<00:02:23,  0.90it/s, loss=0.0264]
Epoch 17:  79%|#######...| 460/585 [00:08:29<00:02:18,  0.90it/s, loss=0.0264]
Epoch 17:  79%|#######...| 465/585 [00:08:34<00:02:12,  0.90it/s, loss=0.0264]
Epoch 17:  81%|########..| 471/585 [00:08:40<00:02:05,  0.91it/s, loss=0.0263]
Epoch 17:  81%|########..| 476/585 [00:08:45<00:02:00,  0.91it/s, loss=0.0263]
Epoch 17:  82%|########..| 481/585 [00:08:51<00:01:54,  0.91it/s, loss=0.0262]
Epoch 17:  83%|########..| 486/585 [00:08:56<00:01:49,  0.91it/s, loss=0.0262]
Epoch 17:  84%|########..| 491/585 [00:09:01<00:01:43,  0.91it/s, loss=0.0262]
Epoch 17:  85%|########..| 496/585 [00:09:07<00:01:38,  0.91it/s, loss=0.0262]
Epoch 17:  86%|########..| 501/585 [00:09:13<00:01:32,  0.91it/s, loss=0.0262]
Epoch 17:  86%|########..| 505/585 [00:09:19<00:01:28,  0.90it/s, loss=0.0261]
Epoch 17:  87%|########..| 510/585 [00:09:24<00:01:23,  0.90it/s, loss=0.0261]
Epoch 17:  88%|########..| 515/585 [00:09:30<00:01:17,  0.90it/s, loss=0.0261]
Epoch 17:  89%|########..| 519/585 [00:09:35<00:01:13,  0.90it/s, loss=0.0261]
Epoch 17:  90%|########..| 525/585 [00:09:41<00:01:06,  0.90it/s, loss=0.0261]
Epoch 17:  91%|#########.| 530/585 [00:09:47<00:01:00,  0.90it/s, loss=0.0261]
Epoch 17:  91%|#########.| 535/585 [00:09:52<00:00:55,  0.90it/s, loss=0.0261]
Epoch 17:  92%|#########.| 540/585 [00:09:57<00:00:49,  0.90it/s, loss=0.0261]
Epoch 17:  93%|#########.| 545/585 [00:10:02<00:00:44,  0.90it/s, loss=0.0261]
Epoch 17:  94%|#########.| 550/585 [00:10:08<00:00:38,  0.90it/s, loss=0.0261]
Epoch 17:  95%|#########.| 556/585 [00:10:14<00:00:32,  0.90it/s, loss=0.0260]
Epoch 17:  96%|#########.| 561/585 [00:10:19<00:00:26,  0.91it/s, loss=0.0260]
Epoch 17:  97%|#########.| 566/585 [00:10:25<00:00:20,  0.91it/s, loss=0.0260]
Epoch 17:  98%|#########.| 571/585 [00:10:30<00:00:15,  0.91it/s, loss=0.0260]
Epoch 17:  98%|#########.| 576/585 [00:10:36<00:00:09,  0.90it/s, loss=0.0259]
Epoch 17:  99%|#########.| 582/585 [00:10:42<00:00:03,  0.91it/s, loss=0.0259]
Epoch 17: 100%|##########| 585/585 [00:10:46<00:00:00,  0.91it/s, loss=0.0259]
Test loss: 0.0255, Test rmsae: 7.83deg
{"event": "epoch_complete", "epoch": 17, "phase": 1, "lr": 0.0001, "batch_size": 1, "micro_batch_size": 1, "train_loss": 0.025935393376037095, "val_loss": 0.025506036588922143, "val_rmsae_deg": 7.829776242375374, "epoch_time_s": 647.348592152819}
{"event": "checkpoint_saved", "tag": "best_rmsae", "epoch": 17, "path": "IFAN_Maba/outputs/stage3/ifan_maba_stage3_full40_freqblock_paper_original_maba_20260420_214446/checkpoints/best_rmsae.pt", "val_rmsae_deg": 7.829776242375374}
Epoch 18/40:
Epoch 18:   1%|..........| 5/585 [00:00:05<00:10:55,  0.88it/s, loss=0.0286]
Epoch 18:   2%|..........| 10/585 [00:00:11<00:11:03,  0.87it/s, loss=0.0254]
Epoch 18:   3%|..........| 15/585 [00:00:16<00:10:36,  0.90it/s, loss=0.0243]
Epoch 18:   3%|..........| 20/585 [00:00:22<00:10:32,  0.89it/s, loss=0.0251]
Epoch 18:   4%|..........| 25/585 [00:00:28<00:10:31,  0.89it/s, loss=0.0249]
Epoch 18:   5%|..........| 31/585 [00:00:33<00:10:06,  0.91it/s, loss=0.0247]
Epoch 18:   6%|..........| 36/585 [00:00:39<00:10:02,  0.91it/s, loss=0.0249]
Epoch 18:   7%|..........| 41/585 [00:00:45<00:10:01,  0.90it/s, loss=0.0246]
Epoch 18:   8%|..........| 47/585 [00:00:51<00:09:45,  0.92it/s, loss=0.0244]
Epoch 18:   9%|..........| 52/585 [00:00:56<00:09:37,  0.92it/s, loss=0.0244]
Epoch 18:  10%|..........| 57/585 [00:01:01<00:09:32,  0.92it/s, loss=0.0248]
Epoch 18:  11%|#.........| 62/585 [00:01:07<00:09:27,  0.92it/s, loss=0.0249]
Epoch 18:  11%|#.........| 67/585 [00:01:12<00:09:20,  0.92it/s, loss=0.0249]
Epoch 18:  12%|#.........| 72/585 [00:01:17<00:09:15,  0.92it/s, loss=0.0249]
Epoch 18:  13%|#.........| 77/585 [00:01:23<00:09:12,  0.92it/s, loss=0.0251]
Epoch 18:  14%|#.........| 82/585 [00:01:28<00:09:04,  0.92it/s, loss=0.0249]
Epoch 18:  15%|#.........| 87/585 [00:01:34<00:09:01,  0.92it/s, loss=0.0248]
Epoch 18:  16%|#.........| 91/585 [00:01:40<00:09:04,  0.91it/s, loss=0.0250]
Epoch 18:  16%|#.........| 96/585 [00:01:45<00:08:57,  0.91it/s, loss=0.0250]
Epoch 18:  17%|#.........| 101/585 [00:01:51<00:08:53,  0.91it/s, loss=0.0251]
Epoch 18:  18%|#.........| 106/585 [00:01:56<00:08:47,  0.91it/s, loss=0.0254]
Epoch 18:  19%|#.........| 111/585 [00:02:02<00:08:43,  0.90it/s, loss=0.0253]
Epoch 18:  20%|#.........| 116/585 [00:02:08<00:08:39,  0.90it/s, loss=0.0254]
Epoch 18:  21%|##........| 122/585 [00:02:15<00:08:33,  0.90it/s, loss=0.0259]
Epoch 18:  22%|##........| 128/585 [00:02:21<00:08:24,  0.91it/s, loss=0.0257]
Epoch 18:  23%|##........| 133/585 [00:02:26<00:08:17,  0.91it/s, loss=0.0256]
Epoch 18:  24%|##........| 138/585 [00:02:31<00:08:12,  0.91it/s, loss=0.0256]
Epoch 18:  24%|##........| 143/585 [00:02:37<00:08:06,  0.91it/s, loss=0.0255]
Epoch 18:  25%|##........| 148/585 [00:02:42<00:08:01,  0.91it/s, loss=0.0255]
Epoch 18:  26%|##........| 153/585 [00:02:48<00:07:56,  0.91it/s, loss=0.0254]
Epoch 18:  27%|##........| 158/585 [00:02:54<00:07:51,  0.91it/s, loss=0.0256]
Epoch 18:  28%|##........| 163/585 [00:03:00<00:07:47,  0.90it/s, loss=0.0255]
Epoch 18:  29%|##........| 168/585 [00:03:06<00:07:41,  0.90it/s, loss=0.0255]
Epoch 18:  30%|##........| 173/585 [00:03:11<00:07:36,  0.90it/s, loss=0.0255]
Epoch 18:  30%|###.......| 178/585 [00:03:17<00:07:31,  0.90it/s, loss=0.0255]
Epoch 18:  31%|###.......| 183/585 [00:03:23<00:07:26,  0.90it/s, loss=0.0254]
Epoch 18:  32%|###.......| 188/585 [00:03:28<00:07:19,  0.90it/s, loss=0.0254]
Epoch 18:  33%|###.......| 193/585 [00:03:34<00:07:15,  0.90it/s, loss=0.0255]
Epoch 18:  34%|###.......| 198/585 [00:03:39<00:07:09,  0.90it/s, loss=0.0258]
Epoch 18:  35%|###.......| 203/585 [00:03:44<00:07:03,  0.90it/s, loss=0.0258]
Epoch 18:  36%|###.......| 208/585 [00:03:50<00:06:57,  0.90it/s, loss=0.0257]
Epoch 18:  36%|###.......| 213/585 [00:03:56<00:06:53,  0.90it/s, loss=0.0258]
Epoch 18:  37%|###.......| 218/585 [00:04:01<00:06:47,  0.90it/s, loss=0.0260]
Epoch 18:  38%|###.......| 224/585 [00:04:08<00:06:39,  0.90it/s, loss=0.0259]
Epoch 18:  39%|###.......| 229/585 [00:04:13<00:06:34,  0.90it/s, loss=0.0260]
Epoch 18:  40%|####......| 234/585 [00:04:18<00:06:28,  0.90it/s, loss=0.0261]
Epoch 18:  41%|####......| 239/585 [00:04:24<00:06:22,  0.90it/s, loss=0.0261]
Epoch 18:  42%|####......| 244/585 [00:04:29<00:06:17,  0.90it/s, loss=0.0262]
Epoch 18:  43%|####......| 249/585 [00:04:35<00:06:12,  0.90it/s, loss=0.0262]
Epoch 18:  43%|####......| 254/585 [00:04:41<00:06:06,  0.90it/s, loss=0.0261]
Epoch 18:  44%|####......| 259/585 [00:04:46<00:06:01,  0.90it/s, loss=0.0260]
Epoch 18:  45%|####......| 264/585 [00:04:52<00:05:55,  0.90it/s, loss=0.0260]
Epoch 18:  46%|####......| 269/585 [00:04:57<00:05:49,  0.90it/s, loss=0.0260]
Epoch 18:  47%|####......| 274/585 [00:05:03<00:05:44,  0.90it/s, loss=0.0260]
Epoch 18:  47%|####......| 277/585 [00:05:08<00:05:42,  0.90it/s, loss=0.0260]
Epoch 18:  48%|####......| 283/585 [00:05:14<00:05:35,  0.90it/s, loss=0.0259]
Epoch 18:  49%|####......| 288/585 [00:05:19<00:05:29,  0.90it/s, loss=0.0259]
Epoch 18:  50%|#####.....| 293/585 [00:05:25<00:05:24,  0.90it/s, loss=0.0259]
Epoch 18:  51%|#####.....| 298/585 [00:05:30<00:05:18,  0.90it/s, loss=0.0259]
Epoch 18:  52%|#####.....| 303/585 [00:05:36<00:05:12,  0.90it/s, loss=0.0259]
Epoch 18:  53%|#####.....| 308/585 [00:05:41<00:05:07,  0.90it/s, loss=0.0259]
Epoch 18:  54%|#####.....| 313/585 [00:05:47<00:05:01,  0.90it/s, loss=0.0259]
Epoch 18:  54%|#####.....| 317/585 [00:05:52<00:04:57,  0.90it/s, loss=0.0258]
Epoch 18:  55%|#####.....| 322/585 [00:05:57<00:04:52,  0.90it/s, loss=0.0258]
Epoch 18:  56%|#####.....| 327/585 [00:06:02<00:04:46,  0.90it/s, loss=0.0258]
Epoch 18:  57%|#####.....| 331/585 [00:06:09<00:04:43,  0.90it/s, loss=0.0258]
Epoch 18:  57%|#####.....| 336/585 [00:06:14<00:04:37,  0.90it/s, loss=0.0257]
Epoch 18:  58%|#####.....| 341/585 [00:06:19<00:04:31,  0.90it/s, loss=0.0258]
Epoch 18:  59%|#####.....| 346/585 [00:06:25<00:04:25,  0.90it/s, loss=0.0258]
Epoch 18:  60%|######....| 352/585 [00:06:31<00:04:18,  0.90it/s, loss=0.0258]
Epoch 18:  61%|######....| 357/585 [00:06:36<00:04:13,  0.90it/s, loss=0.0258]
Epoch 18:  62%|######....| 363/585 [00:06:43<00:04:06,  0.90it/s, loss=0.0258]
Epoch 18:  63%|######....| 369/585 [00:06:49<00:03:59,  0.90it/s, loss=0.0257]
Epoch 18:  64%|######....| 374/585 [00:06:54<00:03:54,  0.90it/s, loss=0.0258]
Epoch 18:  65%|######....| 379/585 [00:07:00<00:03:48,  0.90it/s, loss=0.0258]
Epoch 18:  66%|######....| 384/585 [00:07:05<00:03:42,  0.90it/s, loss=0.0258]
Epoch 18:  66%|######....| 389/585 [00:07:11<00:03:37,  0.90it/s, loss=0.0258]
Epoch 18:  68%|######....| 395/585 [00:07:17<00:03:30,  0.90it/s, loss=0.0257]
Epoch 18:  69%|######....| 401/585 [00:07:23<00:03:23,  0.90it/s, loss=0.0257]
Epoch 18:  69%|######....| 405/585 [00:07:29<00:03:19,  0.90it/s, loss=0.0257]
Epoch 18:  70%|#######...| 410/585 [00:07:34<00:03:13,  0.90it/s, loss=0.0256]
Epoch 18:  71%|#######...| 414/585 [00:07:39<00:03:09,  0.90it/s, loss=0.0256]
Epoch 18:  71%|#######...| 418/585 [00:07:44<00:03:05,  0.90it/s, loss=0.0256]
Epoch 18:  72%|#######...| 423/585 [00:07:50<00:03:00,  0.90it/s, loss=0.0256]
Epoch 18:  73%|#######...| 428/585 [00:07:56<00:02:54,  0.90it/s, loss=0.0256]
Epoch 18:  74%|#######...| 433/585 [00:08:02<00:02:49,  0.90it/s, loss=0.0256]
Epoch 18:  75%|#######...| 438/585 [00:08:07<00:02:43,  0.90it/s, loss=0.0256]
Epoch 18:  76%|#######...| 443/585 [00:08:12<00:02:37,  0.90it/s, loss=0.0256]
Epoch 18:  77%|#######...| 448/585 [00:08:17<00:02:32,  0.90it/s, loss=0.0256]
Epoch 18:  77%|#######...| 453/585 [00:08:23<00:02:26,  0.90it/s, loss=0.0256]
Epoch 18:  78%|#######...| 458/585 [00:08:28<00:02:20,  0.90it/s, loss=0.0256]
Epoch 18:  79%|#######...| 463/585 [00:08:34<00:02:15,  0.90it/s, loss=0.0256]
Epoch 18:  80%|#######...| 467/585 [00:08:39<00:02:11,  0.90it/s, loss=0.0256]
Epoch 18:  81%|########..| 472/585 [00:08:44<00:02:05,  0.90it/s, loss=0.0257]
Epoch 18:  82%|########..| 477/585 [00:08:50<00:02:00,  0.90it/s, loss=0.0256]
Epoch 18:  82%|########..| 482/585 [00:08:55<00:01:54,  0.90it/s, loss=0.0256]
Epoch 18:  83%|########..| 487/585 [00:09:01<00:01:48,  0.90it/s, loss=0.0257]
Epoch 18:  84%|########..| 492/585 [00:09:06<00:01:43,  0.90it/s, loss=0.0256]
Epoch 18:  85%|########..| 496/585 [00:09:12<00:01:39,  0.90it/s, loss=0.0256]
Epoch 18:  86%|########..| 502/585 [00:09:17<00:01:32,  0.90it/s, loss=0.0256]
Epoch 18:  87%|########..| 507/585 [00:09:23<00:01:26,  0.90it/s, loss=0.0256]
Epoch 18:  88%|########..| 512/585 [00:09:28<00:01:21,  0.90it/s, loss=0.0256]
Epoch 18:  88%|########..| 517/585 [00:09:34<00:01:15,  0.90it/s, loss=0.0256]
Epoch 18:  89%|########..| 522/585 [00:09:39<00:01:09,  0.90it/s, loss=0.0256]
Epoch 18:  90%|#########.| 527/585 [00:09:44<00:01:04,  0.90it/s, loss=0.0256]
Epoch 18:  91%|#########.| 532/585 [00:09:50<00:00:58,  0.90it/s, loss=0.0255]
Epoch 18:  92%|#########.| 537/585 [00:09:55<00:00:53,  0.90it/s, loss=0.0255]
Epoch 18:  93%|#########.| 542/585 [00:10:00<00:00:47,  0.90it/s, loss=0.0255]
Epoch 18:  94%|#########.| 547/585 [00:10:06<00:00:42,  0.90it/s, loss=0.0256]
Epoch 18:  94%|#########.| 552/585 [00:10:11<00:00:36,  0.90it/s, loss=0.0255]
Epoch 18:  95%|#########.| 557/585 [00:10:17<00:00:31,  0.90it/s, loss=0.0255]
Epoch 18:  96%|#########.| 562/585 [00:10:23<00:00:25,  0.90it/s, loss=0.0255]
Epoch 18:  97%|#########.| 567/585 [00:10:29<00:00:19,  0.90it/s, loss=0.0255]
Epoch 18:  98%|#########.| 572/585 [00:10:34<00:00:14,  0.90it/s, loss=0.0255]
Epoch 18:  99%|#########.| 577/585 [00:10:40<00:00:08,  0.90it/s, loss=0.0255]
Epoch 18:  99%|#########.| 582/585 [00:10:45<00:00:03,  0.90it/s, loss=0.0255]
Epoch 18: 100%|##########| 585/585 [00:10:48<00:00:00,  0.90it/s, loss=0.0255]
Test loss: 0.0251, Test rmsae: 7.18deg
{"event": "epoch_complete", "epoch": 18, "phase": 1, "lr": 0.0001, "batch_size": 1, "micro_batch_size": 1, "train_loss": 0.025484509006715738, "val_loss": 0.025090027425903827, "val_rmsae_deg": 7.1848107278347015, "epoch_time_s": 649.8291445018258}
{"event": "checkpoint_saved", "tag": "best_rmsae", "epoch": 18, "path": "IFAN_Maba/outputs/stage3/ifan_maba_stage3_full40_freqblock_paper_original_maba_20260420_214446/checkpoints/best_rmsae.pt", "val_rmsae_deg": 7.1848107278347015}
Epoch 19/40:
Epoch 19:   1%|..........| 5/585 [00:00:06<00:11:56,  0.81it/s, loss=0.0323]
Epoch 19:   2%|..........| 10/585 [00:00:11<00:10:48,  0.89it/s, loss=0.0302]
Epoch 19:   3%|..........| 15/585 [00:00:16<00:10:42,  0.89it/s, loss=0.0279]
Epoch 19:   3%|..........| 20/585 [00:00:22<00:10:44,  0.88it/s, loss=0.0289]
Epoch 19:   4%|..........| 25/585 [00:00:28<00:10:43,  0.87it/s, loss=0.0280]
Epoch 19:   5%|..........| 30/585 [00:00:34<00:10:37,  0.87it/s, loss=0.0274]
Epoch 19:   6%|..........| 34/585 [00:00:39<00:10:43,  0.86it/s, loss=0.0272]
Epoch 19:   6%|..........| 38/585 [00:00:44<00:10:46,  0.85it/s, loss=0.0276]
Epoch 19:   7%|..........| 43/585 [00:00:50<00:10:38,  0.85it/s, loss=0.0275]
Epoch 19:   8%|..........| 49/585 [00:00:56<00:10:18,  0.87it/s, loss=0.0272]
Epoch 19:   9%|..........| 54/585 [00:01:01<00:10:05,  0.88it/s, loss=0.0269]
Epoch 19:  10%|#.........| 59/585 [00:01:07<00:10:01,  0.87it/s, loss=0.0268]
Epoch 19:  11%|#.........| 63/585 [00:01:12<00:10:01,  0.87it/s, loss=0.0279]
Epoch 19:  12%|#.........| 68/585 [00:01:17<00:09:50,  0.88it/s, loss=0.0278]
Epoch 19:  13%|#.........| 74/585 [00:01:23<00:09:36,  0.89it/s, loss=0.0274]
Epoch 19:  14%|#.........| 79/585 [00:01:30<00:09:36,  0.88it/s, loss=0.0278]
Epoch 19:  14%|#.........| 84/585 [00:01:35<00:09:29,  0.88it/s, loss=0.0276]
Epoch 19:  15%|#.........| 89/585 [00:01:40<00:09:21,  0.88it/s, loss=0.0272]
Epoch 19:  16%|#.........| 95/585 [00:01:47<00:09:12,  0.89it/s, loss=0.0270]
Epoch 19:  17%|#.........| 101/585 [00:01:53<00:09:03,  0.89it/s, loss=0.0269]
Epoch 19:  18%|#.........| 106/585 [00:01:58<00:08:57,  0.89it/s, loss=0.0267]
Epoch 19:  19%|#.........| 112/585 [00:02:04<00:08:47,  0.90it/s, loss=0.0267]
Epoch 19:  20%|##........| 117/585 [00:02:10<00:08:40,  0.90it/s, loss=0.0266]
Epoch 19:  21%|##........| 122/585 [00:02:15<00:08:35,  0.90it/s, loss=0.0265]
Epoch 19:  22%|##........| 126/585 [00:02:20<00:08:33,  0.89it/s, loss=0.0264]
Epoch 19:  22%|##........| 131/585 [00:02:27<00:08:30,  0.89it/s, loss=0.0264]
Epoch 19:  23%|##........| 136/585 [00:02:32<00:08:24,  0.89it/s, loss=0.0265]
Epoch 19:  24%|##........| 141/585 [00:02:37<00:08:17,  0.89it/s, loss=0.0264]
Epoch 19:  25%|##........| 146/585 [00:02:43<00:08:10,  0.90it/s, loss=0.0264]
Epoch 19:  26%|##........| 150/585 [00:02:48<00:08:08,  0.89it/s, loss=0.0262]
Epoch 19:  26%|##........| 155/585 [00:02:53<00:08:01,  0.89it/s, loss=0.0261]
Epoch 19:  27%|##........| 160/585 [00:02:58<00:07:55,  0.89it/s, loss=0.0262]
Epoch 19:  28%|##........| 165/585 [00:03:04<00:07:49,  0.90it/s, loss=0.0261]
Epoch 19:  29%|##........| 170/585 [00:03:09<00:07:42,  0.90it/s, loss=0.0265]
Epoch 19:  30%|##........| 175/585 [00:03:14<00:07:36,  0.90it/s, loss=0.0268]
Epoch 19:  31%|###.......| 180/585 [00:03:20<00:07:30,  0.90it/s, loss=0.0272]
Epoch 19:  32%|###.......| 185/585 [00:03:25<00:07:23,  0.90it/s, loss=0.0272]
Epoch 19:  32%|###.......| 190/585 [00:03:31<00:07:18,  0.90it/s, loss=0.0275]
Epoch 19:  33%|###.......| 195/585 [00:03:36<00:07:12,  0.90it/s, loss=0.0275]
Epoch 19:  34%|###.......| 200/585 [00:03:42<00:07:07,  0.90it/s, loss=0.0274]
Epoch 19:  35%|###.......| 205/585 [00:03:47<00:07:01,  0.90it/s, loss=0.0274]
Epoch 19:  36%|###.......| 210/585 [00:03:52<00:06:55,  0.90it/s, loss=0.0275]
Epoch 19:  37%|###.......| 215/585 [00:03:57<00:06:49,  0.90it/s, loss=0.0274]
Epoch 19:  38%|###.......| 220/585 [00:04:03<00:06:44,  0.90it/s, loss=0.0273]
Epoch 19:  38%|###.......| 225/585 [00:04:09<00:06:39,  0.90it/s, loss=0.0274]
Epoch 19:  39%|###.......| 230/585 [00:04:14<00:06:33,  0.90it/s, loss=0.0274]
Epoch 19:  40%|####......| 235/585 [00:04:19<00:06:27,  0.90it/s, loss=0.0273]
Epoch 19:  41%|####......| 240/585 [00:04:25<00:06:21,  0.90it/s, loss=0.0273]
Epoch 19:  42%|####......| 245/585 [00:04:31<00:06:16,  0.90it/s, loss=0.0272]
Epoch 19:  43%|####......| 250/585 [00:04:37<00:06:12,  0.90it/s, loss=0.0273]
Epoch 19:  44%|####......| 255/585 [00:04:43<00:06:06,  0.90it/s, loss=0.0272]
Epoch 19:  44%|####......| 260/585 [00:04:49<00:06:01,  0.90it/s, loss=0.0272]
Epoch 19:  45%|####......| 265/585 [00:04:54<00:05:55,  0.90it/s, loss=0.0272]
Epoch 19:  46%|####......| 271/585 [00:05:00<00:05:48,  0.90it/s, loss=0.0271]
Epoch 19:  47%|####......| 276/585 [00:05:06<00:05:42,  0.90it/s, loss=0.0271]
Epoch 19:  48%|####......| 281/585 [00:05:11<00:05:36,  0.90it/s, loss=0.0271]
Epoch 19:  49%|####......| 286/585 [00:05:16<00:05:30,  0.90it/s, loss=0.0271]
Epoch 19:  50%|####......| 292/585 [00:05:22<00:05:23,  0.91it/s, loss=0.0271]
Epoch 19:  51%|#####.....| 298/585 [00:05:28<00:05:16,  0.91it/s, loss=0.0270]
Epoch 19:  52%|#####.....| 302/585 [00:05:34<00:05:13,  0.90it/s, loss=0.0270]
Epoch 19:  52%|#####.....| 307/585 [00:05:39<00:05:07,  0.90it/s, loss=0.0270]
Epoch 19:  53%|#####.....| 312/585 [00:05:44<00:05:01,  0.90it/s, loss=0.0270]
Epoch 19:  54%|#####.....| 317/585 [00:05:50<00:04:56,  0.91it/s, loss=0.0270]
Epoch 19:  55%|#####.....| 323/585 [00:05:55<00:04:48,  0.91it/s, loss=0.0269]
Epoch 19:  56%|#####.....| 328/585 [00:06:00<00:04:42,  0.91it/s, loss=0.0268]
Epoch 19:  57%|#####.....| 333/585 [00:06:06<00:04:37,  0.91it/s, loss=0.0268]
Epoch 19:  58%|#####.....| 337/585 [00:06:12<00:04:34,  0.91it/s, loss=0.0268]
Epoch 19:  58%|#####.....| 342/585 [00:06:17<00:04:28,  0.90it/s, loss=0.0267]
Epoch 19:  59%|#####.....| 348/585 [00:06:23<00:04:21,  0.91it/s, loss=0.0266]
Epoch 19:  60%|######....| 352/585 [00:06:28<00:04:17,  0.91it/s, loss=0.0266]
Epoch 19:  61%|######....| 357/585 [00:06:34<00:04:12,  0.90it/s, loss=0.0266]
Epoch 19:  62%|######....| 362/585 [00:06:40<00:04:06,  0.90it/s, loss=0.0265]
Epoch 19:  63%|######....| 367/585 [00:06:46<00:04:01,  0.90it/s, loss=0.0265]
Epoch 19:  64%|######....| 372/585 [00:06:51<00:03:55,  0.90it/s, loss=0.0265]
Epoch 19:  64%|######....| 377/585 [00:06:56<00:03:49,  0.90it/s, loss=0.0264]
Epoch 19:  65%|######....| 382/585 [00:07:02<00:03:44,  0.90it/s, loss=0.0264]
Epoch 19:  66%|######....| 387/585 [00:07:07<00:03:38,  0.91it/s, loss=0.0264]
Epoch 19:  67%|######....| 392/585 [00:07:12<00:03:33,  0.91it/s, loss=0.0264]
Epoch 19:  68%|######....| 397/585 [00:07:18<00:03:27,  0.91it/s, loss=0.0263]
Epoch 19:  69%|######....| 402/585 [00:07:23<00:03:21,  0.91it/s, loss=0.0263]
Epoch 19:  70%|######....| 407/585 [00:07:29<00:03:16,  0.91it/s, loss=0.0263]
Epoch 19:  70%|#######...| 412/585 [00:07:34<00:03:10,  0.91it/s, loss=0.0263]
Epoch 19:  71%|#######...| 418/585 [00:07:40<00:03:03,  0.91it/s, loss=0.0263]
Epoch 19:  72%|#######...| 423/585 [00:07:45<00:02:58,  0.91it/s, loss=0.0264]
Epoch 19:  73%|#######...| 428/585 [00:07:50<00:02:52,  0.91it/s, loss=0.0263]
Epoch 19:  74%|#######...| 433/585 [00:07:56<00:02:47,  0.91it/s, loss=0.0263]
Epoch 19:  75%|#######...| 438/585 [00:08:02<00:02:42,  0.91it/s, loss=0.0264]
Epoch 19:  76%|#######...| 443/585 [00:08:09<00:02:36,  0.91it/s, loss=0.0265]
Epoch 19:  77%|#######...| 448/585 [00:08:14<00:02:31,  0.91it/s, loss=0.0265]
Epoch 19:  77%|#######...| 453/585 [00:08:20<00:02:25,  0.91it/s, loss=0.0265]
Epoch 19:  78%|#######...| 458/585 [00:08:25<00:02:20,  0.91it/s, loss=0.0265]
Epoch 19:  79%|#######...| 463/585 [00:08:30<00:02:14,  0.91it/s, loss=0.0264]
Epoch 19:  80%|########..| 468/585 [00:08:36<00:02:09,  0.91it/s, loss=0.0265]
Epoch 19:  81%|########..| 472/585 [00:08:41<00:02:04,  0.90it/s, loss=0.0265]
Epoch 19:  82%|########..| 477/585 [00:08:46<00:01:59,  0.91it/s, loss=0.0264]
Epoch 19:  82%|########..| 482/585 [00:08:52<00:01:53,  0.90it/s, loss=0.0264]
Epoch 19:  83%|########..| 487/585 [00:08:58<00:01:48,  0.90it/s, loss=0.0264]
Epoch 19:  84%|########..| 491/585 [00:09:04<00:01:44,  0.90it/s, loss=0.0264]
Epoch 19:  85%|########..| 496/585 [00:09:10<00:01:38,  0.90it/s, loss=0.0265]
Epoch 19:  86%|########..| 501/585 [00:09:15<00:01:33,  0.90it/s, loss=0.0265]
Epoch 19:  87%|########..| 507/585 [00:09:21<00:01:26,  0.90it/s, loss=0.0265]
Epoch 19:  88%|########..| 512/585 [00:09:27<00:01:20,  0.90it/s, loss=0.0265]
Epoch 19:  89%|########..| 518/585 [00:09:33<00:01:14,  0.90it/s, loss=0.0265]
Epoch 19:  89%|########..| 522/585 [00:09:38<00:01:09,  0.90it/s, loss=0.0264]
Epoch 19:  90%|#########.| 527/585 [00:09:43<00:01:04,  0.90it/s, loss=0.0264]
Epoch 19:  91%|#########.| 532/585 [00:09:48<00:00:58,  0.90it/s, loss=0.0263]
Epoch 19:  92%|#########.| 537/585 [00:09:54<00:00:53,  0.90it/s, loss=0.0263]
Epoch 19:  93%|#########.| 542/585 [00:10:00<00:00:47,  0.90it/s, loss=0.0263]
Epoch 19:  94%|#########.| 547/585 [00:10:06<00:00:42,  0.90it/s, loss=0.0263]
Epoch 19:  94%|#########.| 551/585 [00:10:11<00:00:37,  0.90it/s, loss=0.0263]
Epoch 19:  95%|#########.| 556/585 [00:10:17<00:00:32,  0.90it/s, loss=0.0263]
Epoch 19:  96%|#########.| 561/585 [00:10:22<00:00:26,  0.90it/s, loss=0.0263]
Epoch 19:  97%|#########.| 567/585 [00:10:28<00:00:19,  0.90it/s, loss=0.0263]
Epoch 19:  98%|#########.| 573/585 [00:10:34<00:00:13,  0.90it/s, loss=0.0263]
Epoch 19:  99%|#########.| 578/585 [00:10:40<00:00:07,  0.90it/s, loss=0.0262]
Epoch 19: 100%|#########.| 583/585 [00:10:45<00:00:02,  0.90it/s, loss=0.0263]
Epoch 19: 100%|##########| 585/585 [00:10:48<00:00:00,  0.90it/s, loss=0.0263]
Test loss: 0.0263, Test rmsae: 8.68deg
{"event": "epoch_complete", "epoch": 19, "phase": 1, "lr": 0.0001, "batch_size": 1, "micro_batch_size": 1, "train_loss": 0.02626114316825938, "val_loss": 0.026319217693526298, "val_rmsae_deg": 8.680135399103165, "epoch_time_s": 649.3802777200472}
Epoch 20/40:
Epoch 20:   1%|..........| 5/585 [00:00:05<00:10:26,  0.93it/s, loss=0.0256]
Epoch 20:   2%|..........| 10/585 [00:00:10<00:10:26,  0.92it/s, loss=0.0259]
Epoch 20:   2%|..........| 14/585 [00:00:16<00:11:11,  0.85it/s, loss=0.0263]
Epoch 20:   3%|..........| 19/585 [00:00:22<00:10:58,  0.86it/s, loss=0.0267]
Epoch 20:   4%|..........| 24/585 [00:00:27<00:10:40,  0.88it/s, loss=0.0263]
Epoch 20:   5%|..........| 29/585 [00:00:32<00:10:27,  0.89it/s, loss=0.0262]
Epoch 20:   6%|..........| 34/585 [00:00:38<00:10:20,  0.89it/s, loss=0.0252]
Epoch 20:   6%|..........| 38/585 [00:00:43<00:10:23,  0.88it/s, loss=0.0254]
Epoch 20:   7%|..........| 43/585 [00:00:48<00:10:17,  0.88it/s, loss=0.0256]
Epoch 20:   8%|..........| 48/585 [00:00:54<00:10:10,  0.88it/s, loss=0.0254]
Epoch 20:   9%|..........| 54/585 [00:01:00<00:09:55,  0.89it/s, loss=0.0253]
Epoch 20:  10%|#.........| 59/585 [00:01:06<00:09:50,  0.89it/s, loss=0.0253]
Epoch 20:  11%|#.........| 64/585 [00:01:11<00:09:43,  0.89it/s, loss=0.0250]
Epoch 20:  12%|#.........| 70/585 [00:01:17<00:09:30,  0.90it/s, loss=0.0250]
Epoch 20:  13%|#.........| 75/585 [00:01:22<00:09:22,  0.91it/s, loss=0.0248]
Epoch 20:  14%|#.........| 79/585 [00:01:28<00:09:23,  0.90it/s, loss=0.0247]
Epoch 20:  15%|#.........| 85/585 [00:01:33<00:09:11,  0.91it/s, loss=0.0247]
Epoch 20:  15%|#.........| 90/585 [00:01:39<00:09:07,  0.90it/s, loss=0.0247]
Epoch 20:  16%|#.........| 95/585 [00:01:45<00:09:01,  0.90it/s, loss=0.0247]
Epoch 20:  17%|#.........| 100/585 [00:01:51<00:08:59,  0.90it/s, loss=0.0246]
Epoch 20:  18%|#.........| 105/585 [00:01:56<00:08:53,  0.90it/s, loss=0.0246]
Epoch 20:  19%|#.........| 110/585 [00:02:01<00:08:46,  0.90it/s, loss=0.0244]
Epoch 20:  20%|#.........| 115/585 [00:02:07<00:08:41,  0.90it/s, loss=0.0245]
Epoch 20:  21%|##........| 120/585 [00:02:13<00:08:35,  0.90it/s, loss=0.0244]
Epoch 20:  21%|##........| 125/585 [00:02:19<00:08:32,  0.90it/s, loss=0.0247]
Epoch 20:  22%|##........| 131/585 [00:02:25<00:08:23,  0.90it/s, loss=0.0245]
Epoch 20:  23%|##........| 136/585 [00:02:30<00:08:15,  0.91it/s, loss=0.0245]
Epoch 20:  24%|##........| 141/585 [00:02:35<00:08:09,  0.91it/s, loss=0.0245]
Epoch 20:  25%|##........| 146/585 [00:02:40<00:08:02,  0.91it/s, loss=0.0246]
Epoch 20:  26%|##........| 151/585 [00:02:46<00:07:58,  0.91it/s, loss=0.0246]
Epoch 20:  27%|##........| 156/585 [00:02:51<00:07:52,  0.91it/s, loss=0.0246]
Epoch 20:  28%|##........| 161/585 [00:02:56<00:07:46,  0.91it/s, loss=0.0247]
Epoch 20:  28%|##........| 166/585 [00:03:02<00:07:40,  0.91it/s, loss=0.0248]
Epoch 20:  29%|##........| 170/585 [00:03:07<00:07:37,  0.91it/s, loss=0.0248]
Epoch 20:  30%|##........| 175/585 [00:03:12<00:07:31,  0.91it/s, loss=0.0248]
Epoch 20:  31%|###.......| 180/585 [00:03:17<00:07:24,  0.91it/s, loss=0.0248]
Epoch 20:  32%|###.......| 185/585 [00:03:23<00:07:19,  0.91it/s, loss=0.0250]
Epoch 20:  32%|###.......| 190/585 [00:03:28<00:07:13,  0.91it/s, loss=0.0249]
Epoch 20:  33%|###.......| 195/585 [00:03:33<00:07:07,  0.91it/s, loss=0.0249]
Epoch 20:  34%|###.......| 199/585 [00:03:39<00:07:04,  0.91it/s, loss=0.0251]
Epoch 20:  35%|###.......| 203/585 [00:03:44<00:07:02,  0.91it/s, loss=0.0252]
Epoch 20:  36%|###.......| 208/585 [00:03:49<00:06:56,  0.91it/s, loss=0.0251]
Epoch 20:  36%|###.......| 213/585 [00:03:54<00:06:50,  0.91it/s, loss=0.0250]
Epoch 20:  37%|###.......| 218/585 [00:04:00<00:06:45,  0.91it/s, loss=0.0251]
Epoch 20:  38%|###.......| 223/585 [00:04:06<00:06:39,  0.91it/s, loss=0.0251]
Epoch 20:  39%|###.......| 228/585 [00:04:11<00:06:33,  0.91it/s, loss=0.0251]
Epoch 20:  40%|###.......| 233/585 [00:04:16<00:06:27,  0.91it/s, loss=0.0251]
Epoch 20:  41%|####......| 238/585 [00:04:21<00:06:21,  0.91it/s, loss=0.0250]
Epoch 20:  42%|####......| 243/585 [00:04:27<00:06:16,  0.91it/s, loss=0.0250]
Epoch 20:  42%|####......| 248/585 [00:04:32<00:06:10,  0.91it/s, loss=0.0249]
Epoch 20:  43%|####......| 253/585 [00:04:38<00:06:04,  0.91it/s, loss=0.0249]
Epoch 20:  44%|####......| 258/585 [00:04:43<00:05:58,  0.91it/s, loss=0.0248]
Epoch 20:  45%|####......| 263/585 [00:04:48<00:05:53,  0.91it/s, loss=0.0249]
Epoch 20:  46%|####......| 268/585 [00:04:54<00:05:48,  0.91it/s, loss=0.0249]
Epoch 20:  47%|####......| 273/585 [00:05:00<00:05:43,  0.91it/s, loss=0.0248]
Epoch 20:  47%|####......| 277/585 [00:05:05<00:05:39,  0.91it/s, loss=0.0248]
Epoch 20:  48%|####......| 282/585 [00:05:11<00:05:34,  0.91it/s, loss=0.0248]
Epoch 20:  49%|####......| 287/585 [00:05:17<00:05:29,  0.90it/s, loss=0.0247]
Epoch 20:  50%|####......| 292/585 [00:05:22<00:05:23,  0.90it/s, loss=0.0248]
Epoch 20:  51%|#####.....| 298/585 [00:05:28<00:05:16,  0.91it/s, loss=0.0248]
Epoch 20:  52%|#####.....| 303/585 [00:05:33<00:05:10,  0.91it/s, loss=0.0248]
Epoch 20:  53%|#####.....| 308/585 [00:05:39<00:05:05,  0.91it/s, loss=0.0248]
Epoch 20:  54%|#####.....| 313/585 [00:05:45<00:05:00,  0.91it/s, loss=0.0248]
Epoch 20:  54%|#####.....| 318/585 [00:05:51<00:04:54,  0.91it/s, loss=0.0249]
Epoch 20:  55%|#####.....| 323/585 [00:05:56<00:04:49,  0.91it/s, loss=0.0248]
Epoch 20:  56%|#####.....| 328/585 [00:06:02<00:04:43,  0.91it/s, loss=0.0248]
Epoch 20:  57%|#####.....| 333/585 [00:06:07<00:04:38,  0.91it/s, loss=0.0248]
Epoch 20:  58%|#####.....| 338/585 [00:06:13<00:04:32,  0.91it/s, loss=0.0248]
Epoch 20:  59%|#####.....| 343/585 [00:06:18<00:04:27,  0.91it/s, loss=0.0248]
Epoch 20:  59%|#####.....| 348/585 [00:06:23<00:04:21,  0.91it/s, loss=0.0248]
Epoch 20:  60%|######....| 353/585 [00:06:30<00:04:16,  0.90it/s, loss=0.0250]
Epoch 20:  61%|######....| 358/585 [00:06:36<00:04:11,  0.90it/s, loss=0.0250]
Epoch 20:  62%|######....| 363/585 [00:06:42<00:04:05,  0.90it/s, loss=0.0250]
Epoch 20:  63%|######....| 368/585 [00:06:47<00:04:00,  0.90it/s, loss=0.0250]
Epoch 20:  64%|######....| 373/585 [00:06:53<00:03:55,  0.90it/s, loss=0.0251]
Epoch 20:  65%|######....| 378/585 [00:06:59<00:03:49,  0.90it/s, loss=0.0251]
Epoch 20:  65%|######....| 383/585 [00:07:05<00:03:44,  0.90it/s, loss=0.0251]
Epoch 20:  66%|######....| 388/585 [00:07:11<00:03:38,  0.90it/s, loss=0.0254]
Epoch 20:  67%|######....| 393/585 [00:07:16<00:03:33,  0.90it/s, loss=0.0254]
Epoch 20:  68%|######....| 398/585 [00:07:22<00:03:28,  0.90it/s, loss=0.0254]
Epoch 20:  69%|######....| 403/585 [00:07:28<00:03:22,  0.90it/s, loss=0.0254]
Epoch 20:  70%|######....| 408/585 [00:07:33<00:03:16,  0.90it/s, loss=0.0254]
Epoch 20:  71%|#######...| 413/585 [00:07:38<00:03:11,  0.90it/s, loss=0.0254]
Epoch 20:  71%|#######...| 418/585 [00:07:44<00:03:05,  0.90it/s, loss=0.0254]
Epoch 20:  72%|#######...| 423/585 [00:07:49<00:02:59,  0.90it/s, loss=0.0254]
Epoch 20:  73%|#######...| 427/585 [00:07:55<00:02:55,  0.90it/s, loss=0.0255]
Epoch 20:  74%|#######...| 431/585 [00:08:00<00:02:51,  0.90it/s, loss=0.0255]
Epoch 20:  75%|#######...| 436/585 [00:08:05<00:02:46,  0.90it/s, loss=0.0255]
Epoch 20:  75%|#######...| 441/585 [00:08:11<00:02:40,  0.90it/s, loss=0.0255]
Epoch 20:  76%|#######...| 446/585 [00:08:16<00:02:34,  0.90it/s, loss=0.0254]
Epoch 20:  77%|#######...| 451/585 [00:08:22<00:02:29,  0.90it/s, loss=0.0254]
Epoch 20:  78%|#######...| 455/585 [00:08:27<00:02:25,  0.90it/s, loss=0.0254]
Epoch 20:  79%|#######...| 460/585 [00:08:32<00:02:19,  0.90it/s, loss=0.0254]
Epoch 20:  79%|#######...| 464/585 [00:08:38<00:02:15,  0.90it/s, loss=0.0255]
Epoch 20:  80%|########..| 469/585 [00:08:44<00:02:09,  0.89it/s, loss=0.0255]
Epoch 20:  81%|########..| 473/585 [00:08:49<00:02:05,  0.89it/s, loss=0.0255]
Epoch 20:  82%|########..| 478/585 [00:08:55<00:01:59,  0.89it/s, loss=0.0256]
Epoch 20:  83%|########..| 483/585 [00:09:01<00:01:54,  0.89it/s, loss=0.0256]
Epoch 20:  83%|########..| 488/585 [00:09:07<00:01:48,  0.89it/s, loss=0.0256]
Epoch 20:  84%|########..| 493/585 [00:09:12<00:01:43,  0.89it/s, loss=0.0256]
Epoch 20:  85%|########..| 497/585 [00:09:17<00:01:38,  0.89it/s, loss=0.0257]
Epoch 20:  86%|########..| 503/585 [00:09:23<00:01:31,  0.89it/s, loss=0.0257]
Epoch 20:  87%|########..| 508/585 [00:09:29<00:01:26,  0.89it/s, loss=0.0257]
Epoch 20:  88%|########..| 513/585 [00:09:34<00:01:20,  0.89it/s, loss=0.0257]
Epoch 20:  89%|########..| 518/585 [00:09:40<00:01:15,  0.89it/s, loss=0.0256]
Epoch 20:  89%|########..| 523/585 [00:09:45<00:01:09,  0.89it/s, loss=0.0256]
Epoch 20:  90%|#########.| 528/585 [00:09:50<00:01:03,  0.89it/s, loss=0.0256]
Epoch 20:  91%|#########.| 532/585 [00:09:56<00:00:59,  0.89it/s, loss=0.0256]
Epoch 20:  92%|#########.| 537/585 [00:10:02<00:00:53,  0.89it/s, loss=0.0256]
Epoch 20:  92%|#########.| 541/585 [00:10:07<00:00:49,  0.89it/s, loss=0.0256]
Epoch 20:  93%|#########.| 546/585 [00:10:12<00:00:43,  0.89it/s, loss=0.0256]
Epoch 20:  94%|#########.| 552/585 [00:10:18<00:00:36,  0.89it/s, loss=0.0256]
Epoch 20:  95%|#########.| 558/585 [00:10:24<00:00:30,  0.89it/s, loss=0.0256]
Epoch 20:  96%|#########.| 563/585 [00:10:29<00:00:24,  0.89it/s, loss=0.0256]
Epoch 20:  97%|#########.| 568/585 [00:10:34<00:00:18,  0.90it/s, loss=0.0256]
Epoch 20:  98%|#########.| 573/585 [00:10:39<00:00:13,  0.90it/s, loss=0.0256]
Epoch 20:  99%|#########.| 578/585 [00:10:44<00:00:07,  0.90it/s, loss=0.0256]
Epoch 20: 100%|#########.| 583/585 [00:10:51<00:00:02,  0.90it/s, loss=0.0256]
Epoch 20: 100%|##########| 585/585 [00:10:53<00:00:00,  0.90it/s, loss=0.0256]
Test loss: 0.0250, Test rmsae: 7.44deg
{"event": "epoch_complete", "epoch": 20, "phase": 1, "lr": 0.0001, "batch_size": 1, "micro_batch_size": 1, "train_loss": 0.025604206138951147, "val_loss": 0.024987798009533435, "val_rmsae_deg": 7.437981277704239, "epoch_time_s": 654.4640012579039}
{"event": "checkpoint_saved", "tag": "epoch_020", "epoch": 20, "path": "IFAN_Maba/outputs/stage3/ifan_maba_stage3_full40_freqblock_paper_original_maba_20260420_214446/checkpoints/epoch_020.pt"}
Epoch 21/40:
Epoch 21:   1%|..........| 5/585 [00:00:05<00:10:30,  0.92it/s, loss=0.0247]
Epoch 21:   2%|..........| 10/585 [00:00:10<00:10:24,  0.92it/s, loss=0.0252]
Epoch 21:   3%|..........| 15/585 [00:00:16<00:10:17,  0.92it/s, loss=0.0269]
Epoch 21:   3%|..........| 20/585 [00:00:22<00:10:22,  0.91it/s, loss=0.0269]
Epoch 21:   4%|..........| 25/585 [00:00:27<00:10:22,  0.90it/s, loss=0.0264]
Epoch 21:   5%|..........| 30/585 [00:00:32<00:10:09,  0.91it/s, loss=0.0262]
Epoch 21:   6%|..........| 35/585 [00:00:38<00:10:00,  0.92it/s, loss=0.0262]
Epoch 21:   7%|..........| 39/585 [00:00:44<00:10:16,  0.89it/s, loss=0.0271]
Epoch 21:   8%|..........| 44/585 [00:00:49<00:10:03,  0.90it/s, loss=0.0267]
Epoch 21:   8%|..........| 49/585 [00:00:54<00:09:53,  0.90it/s, loss=0.0264]
Epoch 21:   9%|..........| 54/585 [00:01:00<00:09:50,  0.90it/s, loss=0.0264]
Epoch 21:  10%|#.........| 59/585 [00:01:05<00:09:46,  0.90it/s, loss=0.0264]
Epoch 21:  11%|#.........| 63/585 [00:01:11<00:09:49,  0.89it/s, loss=0.0262]
Epoch 21:  12%|#.........| 68/585 [00:01:16<00:09:38,  0.89it/s, loss=0.0262]
Epoch 21:  12%|#.........| 73/585 [00:01:21<00:09:30,  0.90it/s, loss=0.0261]
Epoch 21:  13%|#.........| 78/585 [00:01:26<00:09:21,  0.90it/s, loss=0.0261]
Epoch 21:  14%|#.........| 83/585 [00:01:32<00:09:17,  0.90it/s, loss=0.0261]
Epoch 21:  15%|#.........| 88/585 [00:01:37<00:09:09,  0.90it/s, loss=0.0259]
Epoch 21:  16%|#.........| 93/585 [00:01:43<00:09:05,  0.90it/s, loss=0.0261]
Epoch 21:  17%|#.........| 99/585 [00:01:49<00:08:56,  0.91it/s, loss=0.0259]
Epoch 21:  18%|#.........| 103/585 [00:01:54<00:08:55,  0.90it/s, loss=0.0259]
Epoch 21:  19%|#.........| 109/585 [00:02:00<00:08:45,  0.91it/s, loss=0.0258]
Epoch 21:  20%|#.........| 115/585 [00:02:06<00:08:36,  0.91it/s, loss=0.0256]
Epoch 21:  21%|##........| 120/585 [00:02:12<00:08:32,  0.91it/s, loss=0.0256]
Epoch 21:  21%|##........| 125/585 [00:02:17<00:08:27,  0.91it/s, loss=0.0256]
Epoch 21:  22%|##........| 130/585 [00:02:23<00:08:21,  0.91it/s, loss=0.0256]
Epoch 21:  23%|##........| 135/585 [00:02:29<00:08:16,  0.91it/s, loss=0.0256]
Epoch 21:  24%|##........| 140/585 [00:02:35<00:08:13,  0.90it/s, loss=0.0256]
Epoch 21:  25%|##........| 144/585 [00:02:40<00:08:10,  0.90it/s, loss=0.0256]
Epoch 21:  26%|##........| 150/585 [00:02:46<00:08:01,  0.90it/s, loss=0.0255]
Epoch 21:  26%|##........| 155/585 [00:02:51<00:07:55,  0.90it/s, loss=0.0254]
Epoch 21:  27%|##........| 160/585 [00:02:57<00:07:51,  0.90it/s, loss=0.0255]
Epoch 21:  28%|##........| 165/585 [00:03:03<00:07:45,  0.90it/s, loss=0.0256]
Epoch 21:  29%|##........| 170/585 [00:03:08<00:07:39,  0.90it/s, loss=0.0256]
Epoch 21:  30%|##........| 175/585 [00:03:13<00:07:33,  0.90it/s, loss=0.0255]
Epoch 21:  31%|###.......| 180/585 [00:03:18<00:07:27,  0.91it/s, loss=0.0256]
Epoch 21:  32%|###.......| 185/585 [00:03:24<00:07:21,  0.91it/s, loss=0.0256]
Epoch 21:  32%|###.......| 190/585 [00:03:29<00:07:15,  0.91it/s, loss=0.0255]
Epoch 21:  33%|###.......| 195/585 [00:03:35<00:07:10,  0.91it/s, loss=0.0255]
Epoch 21:  34%|###.......| 201/585 [00:03:41<00:07:02,  0.91it/s, loss=0.0255]
Epoch 21:  35%|###.......| 206/585 [00:03:46<00:06:57,  0.91it/s, loss=0.0255]
Epoch 21:  36%|###.......| 211/585 [00:03:52<00:06:52,  0.91it/s, loss=0.0255]
Epoch 21:  37%|###.......| 217/585 [00:03:58<00:06:44,  0.91it/s, loss=0.0255]
Epoch 21:  38%|###.......| 221/585 [00:04:03<00:06:41,  0.91it/s, loss=0.0254]
Epoch 21:  39%|###.......| 226/585 [00:04:09<00:06:36,  0.91it/s, loss=0.0255]
Epoch 21:  39%|###.......| 231/585 [00:04:15<00:06:31,  0.90it/s, loss=0.0254]
Epoch 21:  40%|####......| 236/585 [00:04:20<00:06:25,  0.91it/s, loss=0.0256]
Epoch 21:  41%|####......| 241/585 [00:04:26<00:06:20,  0.91it/s, loss=0.0257]
Epoch 21:  42%|####......| 246/585 [00:04:32<00:06:14,  0.90it/s, loss=0.0257]
Epoch 21:  43%|####......| 251/585 [00:04:37<00:06:08,  0.91it/s, loss=0.0256]
Epoch 21:  44%|####......| 257/585 [00:04:43<00:06:01,  0.91it/s, loss=0.0256]
Epoch 21:  45%|####......| 263/585 [00:04:49<00:05:54,  0.91it/s, loss=0.0255]
Epoch 21:  46%|####......| 268/585 [00:04:54<00:05:48,  0.91it/s, loss=0.0255]
Epoch 21:  47%|####......| 273/585 [00:05:00<00:05:43,  0.91it/s, loss=0.0255]
Epoch 21:  48%|####......| 278/585 [00:05:06<00:05:38,  0.91it/s, loss=0.0256]
Epoch 21:  48%|####......| 282/585 [00:05:12<00:05:35,  0.90it/s, loss=0.0256]
Epoch 21:  49%|####......| 287/585 [00:05:18<00:05:30,  0.90it/s, loss=0.0257]
Epoch 21:  50%|####......| 292/585 [00:05:23<00:05:24,  0.90it/s, loss=0.0257]
Epoch 21:  51%|#####.....| 297/585 [00:05:29<00:05:19,  0.90it/s, loss=0.0257]
Epoch 21:  51%|#####.....| 301/585 [00:05:34<00:05:15,  0.90it/s, loss=0.0258]
Epoch 21:  52%|#####.....| 306/585 [00:05:40<00:05:10,  0.90it/s, loss=0.0258]
Epoch 21:  53%|#####.....| 311/585 [00:05:45<00:05:04,  0.90it/s, loss=0.0258]
Epoch 21:  54%|#####.....| 315/585 [00:05:51<00:05:01,  0.90it/s, loss=0.0259]
Epoch 21:  55%|#####.....| 320/585 [00:05:56<00:04:55,  0.90it/s, loss=0.0258]
Epoch 21:  56%|#####.....| 325/585 [00:06:01<00:04:49,  0.90it/s, loss=0.0257]
Epoch 21:  56%|#####.....| 330/585 [00:06:08<00:04:44,  0.90it/s, loss=0.0257]
Epoch 21:  57%|#####.....| 335/585 [00:06:13<00:04:38,  0.90it/s, loss=0.0257]
Epoch 21:  58%|#####.....| 340/585 [00:06:19<00:04:33,  0.90it/s, loss=0.0257]
Epoch 21:  59%|#####.....| 345/585 [00:06:24<00:04:27,  0.90it/s, loss=0.0257]
Epoch 21:  60%|#####.....| 350/585 [00:06:29<00:04:21,  0.90it/s, loss=0.0258]
Epoch 21:  61%|######....| 354/585 [00:06:34<00:04:17,  0.90it/s, loss=0.0258]
Epoch 21:  61%|######....| 359/585 [00:06:40<00:04:12,  0.90it/s, loss=0.0258]
Epoch 21:  62%|######....| 364/585 [00:06:45<00:04:06,  0.90it/s, loss=0.0258]
Epoch 21:  63%|######....| 369/585 [00:06:51<00:04:00,  0.90it/s, loss=0.0258]
Epoch 21:  64%|######....| 375/585 [00:06:56<00:03:53,  0.90it/s, loss=0.0258]
Epoch 21:  65%|######....| 380/585 [00:07:02<00:03:47,  0.90it/s, loss=0.0258]
Epoch 21:  66%|######....| 385/585 [00:07:07<00:03:41,  0.90it/s, loss=0.0257]
Epoch 21:  67%|######....| 390/585 [00:07:12<00:03:36,  0.90it/s, loss=0.0257]
Epoch 21:  68%|######....| 395/585 [00:07:17<00:03:30,  0.90it/s, loss=0.0257]
Epoch 21:  68%|######....| 400/585 [00:07:22<00:03:24,  0.90it/s, loss=0.0256]
Epoch 21:  69%|######....| 404/585 [00:07:27<00:03:20,  0.90it/s, loss=0.0257]
Epoch 21:  70%|######....| 409/585 [00:07:32<00:03:14,  0.90it/s, loss=0.0256]
Epoch 21:  71%|#######...| 414/585 [00:07:38<00:03:09,  0.90it/s, loss=0.0256]
Epoch 21:  72%|#######...| 420/585 [00:07:44<00:03:02,  0.90it/s, loss=0.0256]
Epoch 21:  73%|#######...| 425/585 [00:07:49<00:02:56,  0.91it/s, loss=0.0256]
Epoch 21:  74%|#######...| 430/585 [00:07:54<00:02:51,  0.91it/s, loss=0.0256]
Epoch 21:  75%|#######...| 436/585 [00:08:01<00:02:44,  0.91it/s, loss=0.0258]
Epoch 21:  76%|#######...| 442/585 [00:08:07<00:02:37,  0.91it/s, loss=0.0257]
Epoch 21:  76%|#######...| 447/585 [00:08:12<00:02:32,  0.91it/s, loss=0.0257]
Epoch 21:  77%|#######...| 452/585 [00:08:18<00:02:26,  0.91it/s, loss=0.0257]
Epoch 21:  78%|#######...| 457/585 [00:08:23<00:02:21,  0.91it/s, loss=0.0257]
Epoch 21:  79%|#######...| 462/585 [00:08:29<00:02:15,  0.91it/s, loss=0.0257]
Epoch 21:  80%|#######...| 466/585 [00:08:34<00:02:11,  0.91it/s, loss=0.0258]
Epoch 21:  80%|########..| 470/585 [00:08:39<00:02:07,  0.90it/s, loss=0.0258]
Epoch 21:  81%|########..| 475/585 [00:08:44<00:02:01,  0.91it/s, loss=0.0258]
Epoch 21:  82%|########..| 480/585 [00:08:50<00:01:56,  0.90it/s, loss=0.0258]
Epoch 21:  83%|########..| 485/585 [00:08:56<00:01:50,  0.90it/s, loss=0.0258]
Epoch 21:  84%|########..| 490/585 [00:09:01<00:01:45,  0.90it/s, loss=0.0258]
Epoch 21:  85%|########..| 496/585 [00:09:07<00:01:38,  0.91it/s, loss=0.0258]
Epoch 21:  86%|########..| 501/585 [00:09:12<00:01:32,  0.91it/s, loss=0.0258]
Epoch 21:  86%|########..| 506/585 [00:09:19<00:01:27,  0.91it/s, loss=0.0258]
Epoch 21:  87%|########..| 511/585 [00:09:24<00:01:21,  0.91it/s, loss=0.0259]
Epoch 21:  88%|########..| 515/585 [00:09:29<00:01:17,  0.90it/s, loss=0.0259]
Epoch 21:  89%|########..| 520/585 [00:09:34<00:01:11,  0.90it/s, loss=0.0259]
Epoch 21:  90%|########..| 525/585 [00:09:40<00:01:06,  0.90it/s, loss=0.0259]
Epoch 21:  91%|#########.| 530/585 [00:09:45<00:01:00,  0.90it/s, loss=0.0259]
Epoch 21:  91%|#########.| 534/585 [00:09:50<00:00:56,  0.90it/s, loss=0.0259]
Epoch 21:  92%|#########.| 540/585 [00:09:56<00:00:49,  0.91it/s, loss=0.0258]
Epoch 21:  93%|#########.| 545/585 [00:10:01<00:00:44,  0.91it/s, loss=0.0258]
Epoch 21:  94%|#########.| 550/585 [00:10:07<00:00:38,  0.91it/s, loss=0.0258]
Epoch 21:  95%|#########.| 555/585 [00:10:12<00:00:33,  0.91it/s, loss=0.0258]
Epoch 21:  96%|#########.| 560/585 [00:10:17<00:00:27,  0.91it/s, loss=0.0258]
Epoch 21:  97%|#########.| 565/585 [00:10:23<00:00:22,  0.91it/s, loss=0.0258]
Epoch 21:  97%|#########.| 569/585 [00:10:28<00:00:17,  0.90it/s, loss=0.0258]
Epoch 21:  98%|#########.| 574/585 [00:10:34<00:00:12,  0.91it/s, loss=0.0257]
Epoch 21:  99%|#########.| 579/585 [00:10:39<00:00:06,  0.91it/s, loss=0.0258]
Epoch 21: 100%|#########.| 584/585 [00:10:44<00:00:01,  0.91it/s, loss=0.0257]
Epoch 21: 100%|##########| 585/585 [00:10:46<00:00:00,  0.90it/s, loss=0.0257]
Test loss: 0.0250, Test rmsae: 7.58deg
{"event": "epoch_complete", "epoch": 21, "phase": 2, "lr": 1e-05, "batch_size": 10, "micro_batch_size": 1, "train_loss": 0.025734793433012108, "val_loss": 0.024984289600979537, "val_rmsae_deg": 7.575509145855904, "epoch_time_s": 647.74869425199}
Epoch 22/40:
Epoch 22:   1%|..........| 5/585 [00:00:05<00:10:23,  0.93it/s, loss=0.0227]
Epoch 22:   2%|..........| 10/585 [00:00:10<00:10:24,  0.92it/s, loss=0.0239]
Epoch 22:   3%|..........| 15/585 [00:00:16<00:10:30,  0.90it/s, loss=0.0249]
Epoch 22:   3%|..........| 20/585 [00:00:22<00:10:24,  0.90it/s, loss=0.0249]
Epoch 22:   4%|..........| 25/585 [00:00:27<00:10:20,  0.90it/s, loss=0.0250]
Epoch 22:   5%|..........| 30/585 [00:00:32<00:10:09,  0.91it/s, loss=0.0253]
Epoch 22:   6%|..........| 35/585 [00:00:38<00:10:09,  0.90it/s, loss=0.0268]
Epoch 22:   7%|..........| 41/585 [00:00:44<00:09:52,  0.92it/s, loss=0.0267]
Epoch 22:   8%|..........| 46/585 [00:00:50<00:09:46,  0.92it/s, loss=0.0265]
Epoch 22:   9%|..........| 51/585 [00:00:55<00:09:36,  0.93it/s, loss=0.0263]
Epoch 22:  10%|..........| 56/585 [00:01:00<00:09:34,  0.92it/s, loss=0.0257]
Epoch 22:  10%|#.........| 60/585 [00:01:06<00:09:38,  0.91it/s, loss=0.0259]
Epoch 22:  11%|#.........| 66/585 [00:01:12<00:09:29,  0.91it/s, loss=0.0262]
Epoch 22:  12%|#.........| 71/585 [00:01:17<00:09:21,  0.92it/s, loss=0.0271]
Epoch 22:  13%|#.........| 76/585 [00:01:22<00:09:15,  0.92it/s, loss=0.0270]
Epoch 22:  14%|#.........| 80/585 [00:01:28<00:09:16,  0.91it/s, loss=0.0274]
Epoch 22:  15%|#.........| 85/585 [00:01:33<00:09:10,  0.91it/s, loss=0.0272]
Epoch 22:  15%|#.........| 90/585 [00:01:39<00:09:07,  0.90it/s, loss=0.0271]
Epoch 22:  16%|#.........| 95/585 [00:01:44<00:09:01,  0.91it/s, loss=0.0269]
Epoch 22:  17%|#.........| 100/585 [00:01:50<00:08:53,  0.91it/s, loss=0.0267]
Epoch 22:  18%|#.........| 105/585 [00:01:55<00:08:50,  0.91it/s, loss=0.0267]
Epoch 22:  19%|#.........| 110/585 [00:02:01<00:08:42,  0.91it/s, loss=0.0266]
Epoch 22:  20%|#.........| 115/585 [00:02:06<00:08:36,  0.91it/s, loss=0.0265]
Epoch 22:  21%|##........| 120/585 [00:02:11<00:08:29,  0.91it/s, loss=0.0264]
Epoch 22:  21%|##........| 125/585 [00:02:17<00:08:25,  0.91it/s, loss=0.0263]
Epoch 22:  22%|##........| 131/585 [00:02:23<00:08:17,  0.91it/s, loss=0.0262]
Epoch 22:  23%|##........| 136/585 [00:02:28<00:08:10,  0.92it/s, loss=0.0261]
Epoch 22:  24%|##........| 141/585 [00:02:33<00:08:04,  0.92it/s, loss=0.0260]
Epoch 22:  25%|##........| 146/585 [00:02:39<00:07:58,  0.92it/s, loss=0.0259]
Epoch 22:  26%|##........| 151/585 [00:02:44<00:07:52,  0.92it/s, loss=0.0259]
Epoch 22:  27%|##........| 156/585 [00:02:49<00:07:47,  0.92it/s, loss=0.0259]
Epoch 22:  28%|##........| 161/585 [00:02:54<00:07:40,  0.92it/s, loss=0.0258]
Epoch 22:  29%|##........| 167/585 [00:03:00<00:07:32,  0.92it/s, loss=0.0257]
Epoch 22:  29%|##........| 172/585 [00:03:05<00:07:26,  0.93it/s, loss=0.0258]
Epoch 22:  30%|###.......| 177/585 [00:03:11<00:07:20,  0.93it/s, loss=0.0259]
Epoch 22:  31%|###.......| 182/585 [00:03:16<00:07:14,  0.93it/s, loss=0.0258]
Epoch 22:  32%|###.......| 187/585 [00:03:21<00:07:08,  0.93it/s, loss=0.0257]
Epoch 22:  33%|###.......| 192/585 [00:03:27<00:07:05,  0.92it/s, loss=0.0256]
Epoch 22:  34%|###.......| 198/585 [00:03:34<00:06:59,  0.92it/s, loss=0.0257]
Epoch 22:  35%|###.......| 203/585 [00:03:39<00:06:53,  0.92it/s, loss=0.0256]
Epoch 22:  36%|###.......| 208/585 [00:03:45<00:06:48,  0.92it/s, loss=0.0257]
Epoch 22:  36%|###.......| 213/585 [00:03:50<00:06:42,  0.92it/s, loss=0.0257]
Epoch 22:  37%|###.......| 217/585 [00:03:56<00:06:41,  0.92it/s, loss=0.0258]
Epoch 22:  38%|###.......| 222/585 [00:04:01<00:06:34,  0.92it/s, loss=0.0259]
Epoch 22:  39%|###.......| 227/585 [00:04:06<00:06:29,  0.92it/s, loss=0.0257]
Epoch 22:  40%|###.......| 232/585 [00:04:12<00:06:23,  0.92it/s, loss=0.0258]
Epoch 22:  41%|####......| 237/585 [00:04:17<00:06:18,  0.92it/s, loss=0.0258]
Epoch 22:  41%|####......| 242/585 [00:04:23<00:06:13,  0.92it/s, loss=0.0259]
Epoch 22:  42%|####......| 247/585 [00:04:28<00:06:07,  0.92it/s, loss=0.0258]
Epoch 22:  43%|####......| 251/585 [00:04:33<00:06:04,  0.92it/s, loss=0.0258]
Epoch 22:  44%|####......| 256/585 [00:04:38<00:05:58,  0.92it/s, loss=0.0258]
Epoch 22:  44%|####......| 260/585 [00:04:44<00:05:56,  0.91it/s, loss=0.0258]
Epoch 22:  45%|####......| 266/585 [00:04:50<00:05:48,  0.91it/s, loss=0.0258]
Epoch 22:  46%|####......| 271/585 [00:04:55<00:05:42,  0.92it/s, loss=0.0258]
Epoch 22:  47%|####......| 276/585 [00:05:01<00:05:37,  0.92it/s, loss=0.0258]
Epoch 22:  48%|####......| 281/585 [00:05:06<00:05:31,  0.92it/s, loss=0.0258]
Epoch 22:  49%|####......| 285/585 [00:05:12<00:05:28,  0.91it/s, loss=0.0258]
Epoch 22:  50%|####......| 290/585 [00:05:17<00:05:23,  0.91it/s, loss=0.0258]
Epoch 22:  50%|#####.....| 295/585 [00:05:23<00:05:17,  0.91it/s, loss=0.0258]
Epoch 22:  51%|#####.....| 300/585 [00:05:28<00:05:11,  0.91it/s, loss=0.0259]
Epoch 22:  52%|#####.....| 305/585 [00:05:33<00:05:06,  0.91it/s, loss=0.0260]
Epoch 22:  53%|#####.....| 310/585 [00:05:38<00:05:00,  0.92it/s, loss=0.0259]
Epoch 22:  54%|#####.....| 314/585 [00:05:44<00:04:56,  0.91it/s, loss=0.0259]
Epoch 22:  54%|#####.....| 318/585 [00:05:49<00:04:53,  0.91it/s, loss=0.0260]
Epoch 22:  55%|#####.....| 323/585 [00:05:54<00:04:47,  0.91it/s, loss=0.0259]
Epoch 22:  56%|#####.....| 328/585 [00:06:00<00:04:42,  0.91it/s, loss=0.0260]
Epoch 22:  57%|#####.....| 333/585 [00:06:06<00:04:37,  0.91it/s, loss=0.0260]
Epoch 22:  58%|#####.....| 338/585 [00:06:11<00:04:31,  0.91it/s, loss=0.0260]
Epoch 22:  59%|#####.....| 343/585 [00:06:17<00:04:26,  0.91it/s, loss=0.0260]
Epoch 22:  59%|#####.....| 348/585 [00:06:22<00:04:20,  0.91it/s, loss=0.0260]
Epoch 22:  60%|######....| 353/585 [00:06:27<00:04:14,  0.91it/s, loss=0.0260]
Epoch 22:  61%|######....| 358/585 [00:06:33<00:04:09,  0.91it/s, loss=0.0260]
Epoch 22:  62%|######....| 363/585 [00:06:38<00:04:03,  0.91it/s, loss=0.0263]
Epoch 22:  63%|######....| 368/585 [00:06:43<00:03:58,  0.91it/s, loss=0.0263]
Epoch 22:  64%|######....| 374/585 [00:06:50<00:03:51,  0.91it/s, loss=0.0262]
Epoch 22:  65%|######....| 379/585 [00:06:55<00:03:46,  0.91it/s, loss=0.0262]
Epoch 22:  66%|######....| 384/585 [00:07:01<00:03:40,  0.91it/s, loss=0.0262]
Epoch 22:  66%|######....| 389/585 [00:07:07<00:03:35,  0.91it/s, loss=0.0262]
Epoch 22:  67%|######....| 393/585 [00:07:12<00:03:31,  0.91it/s, loss=0.0262]
Epoch 22:  68%|######....| 397/585 [00:07:17<00:03:27,  0.91it/s, loss=0.0262]
Epoch 22:  69%|######....| 402/585 [00:07:24<00:03:22,  0.91it/s, loss=0.0262]
Epoch 22:  70%|######....| 407/585 [00:07:29<00:03:16,  0.91it/s, loss=0.0261]
Epoch 22:  70%|#######...| 412/585 [00:07:34<00:03:10,  0.91it/s, loss=0.0261]
Epoch 22:  71%|#######...| 416/585 [00:07:39<00:03:06,  0.90it/s, loss=0.0261]
Epoch 22:  72%|#######...| 422/585 [00:07:45<00:02:59,  0.91it/s, loss=0.0261]
Epoch 22:  73%|#######...| 426/585 [00:07:50<00:02:55,  0.90it/s, loss=0.0261]
Epoch 22:  74%|#######...| 430/585 [00:07:56<00:02:51,  0.90it/s, loss=0.0261]
Epoch 22:  74%|#######...| 435/585 [00:08:02<00:02:46,  0.90it/s, loss=0.0261]
Epoch 22:  75%|#######...| 440/585 [00:08:08<00:02:40,  0.90it/s, loss=0.0262]
Epoch 22:  76%|#######...| 445/585 [00:08:14<00:02:35,  0.90it/s, loss=0.0262]
Epoch 22:  77%|#######...| 450/585 [00:08:20<00:02:30,  0.90it/s, loss=0.0262]
Epoch 22:  78%|#######...| 455/585 [00:08:25<00:02:24,  0.90it/s, loss=0.0262]
Epoch 22:  79%|#######...| 460/585 [00:08:31<00:02:18,  0.90it/s, loss=0.0261]
Epoch 22:  79%|#######...| 465/585 [00:08:37<00:02:13,  0.90it/s, loss=0.0261]
Epoch 22:  80%|########..| 470/585 [00:08:42<00:02:07,  0.90it/s, loss=0.0261]
Epoch 22:  81%|########..| 475/585 [00:08:48<00:02:02,  0.90it/s, loss=0.0262]
Epoch 22:  82%|########..| 480/585 [00:08:54<00:01:56,  0.90it/s, loss=0.0262]
Epoch 22:  83%|########..| 485/585 [00:08:59<00:01:51,  0.90it/s, loss=0.0262]
Epoch 22:  84%|########..| 490/585 [00:09:05<00:01:45,  0.90it/s, loss=0.0262]
Epoch 22:  85%|########..| 495/585 [00:09:10<00:01:40,  0.90it/s, loss=0.0262]
Epoch 22:  85%|########..| 500/585 [00:09:15<00:01:34,  0.90it/s, loss=0.0262]
Epoch 22:  86%|########..| 505/585 [00:09:20<00:01:28,  0.90it/s, loss=0.0262]
Epoch 22:  87%|########..| 510/585 [00:09:26<00:01:23,  0.90it/s, loss=0.0263]
Epoch 22:  88%|########..| 515/585 [00:09:31<00:01:17,  0.90it/s, loss=0.0262]
Epoch 22:  89%|########..| 520/585 [00:09:36<00:01:12,  0.90it/s, loss=0.0262]
Epoch 22:  90%|########..| 525/585 [00:09:41<00:01:06,  0.90it/s, loss=0.0262]
Epoch 22:  91%|#########.| 530/585 [00:09:47<00:01:00,  0.90it/s, loss=0.0262]
Epoch 22:  91%|#########.| 535/585 [00:09:53<00:00:55,  0.90it/s, loss=0.0262]
Epoch 22:  92%|#########.| 541/585 [00:09:59<00:00:48,  0.90it/s, loss=0.0262]
Epoch 22:  93%|#########.| 546/585 [00:10:04<00:00:43,  0.90it/s, loss=0.0261]
Epoch 22:  94%|#########.| 551/585 [00:10:09<00:00:37,  0.90it/s, loss=0.0261]
Epoch 22:  95%|#########.| 556/585 [00:10:14<00:00:32,  0.90it/s, loss=0.0261]
Epoch 22:  96%|#########.| 561/585 [00:10:20<00:00:26,  0.90it/s, loss=0.0261]
Epoch 22:  97%|#########.| 566/585 [00:10:25<00:00:21,  0.90it/s, loss=0.0260]
Epoch 22:  98%|#########.| 571/585 [00:10:30<00:00:15,  0.90it/s, loss=0.0260]
Epoch 22:  98%|#########.| 575/585 [00:10:36<00:00:11,  0.90it/s, loss=0.0260]
Epoch 22:  99%|#########.| 580/585 [00:10:41<00:00:05,  0.90it/s, loss=0.0260]
Epoch 22: 100%|##########| 585/585 [00:10:46<00:00:00,  0.91it/s, loss=0.0260]
Test loss: 0.0249, Test rmsae: 7.44deg
{"event": "epoch_complete", "epoch": 22, "phase": 2, "lr": 1e-05, "batch_size": 10, "micro_batch_size": 1, "train_loss": 0.025967998368044694, "val_loss": 0.02489178453106433, "val_rmsae_deg": 7.435124322772026, "epoch_time_s": 647.6150355681311}
Epoch 23/40:
Epoch 23:   1%|..........| 5/585 [00:00:05<00:09:52,  0.98it/s, loss=0.0270]
Epoch 23:   2%|..........| 10/585 [00:00:10<00:10:01,  0.96it/s, loss=0.0255]
Epoch 23:   3%|..........| 15/585 [00:00:16<00:10:13,  0.93it/s, loss=0.0258]
Epoch 23:   3%|..........| 20/585 [00:00:21<00:10:02,  0.94it/s, loss=0.0253]
Epoch 23:   4%|..........| 25/585 [00:00:27<00:10:06,  0.92it/s, loss=0.0250]
Epoch 23:   5%|..........| 31/585 [00:00:33<00:09:56,  0.93it/s, loss=0.0254]
Epoch 23:   6%|..........| 35/585 [00:00:38<00:10:06,  0.91it/s, loss=0.0261]
Epoch 23:   7%|..........| 39/585 [00:00:43<00:10:14,  0.89it/s, loss=0.0258]
Epoch 23:   8%|..........| 45/585 [00:00:49<00:09:57,  0.90it/s, loss=0.0264]
Epoch 23:   9%|..........| 51/585 [00:00:55<00:09:41,  0.92it/s, loss=0.0266]
Epoch 23:  10%|..........| 56/585 [00:01:02<00:09:49,  0.90it/s, loss=0.0266]
Epoch 23:  10%|#.........| 61/585 [00:01:08<00:09:44,  0.90it/s, loss=0.0265]
Epoch 23:  11%|#.........| 66/585 [00:01:13<00:09:39,  0.90it/s, loss=0.0262]
Epoch 23:  12%|#.........| 71/585 [00:01:20<00:09:39,  0.89it/s, loss=0.0260]
Epoch 23:  13%|#.........| 76/585 [00:01:26<00:09:37,  0.88it/s, loss=0.0261]
Epoch 23:  14%|#.........| 81/585 [00:01:31<00:09:29,  0.88it/s, loss=0.0261]
Epoch 23:  15%|#.........| 86/585 [00:01:36<00:09:22,  0.89it/s, loss=0.0262]
Epoch 23:  16%|#.........| 91/585 [00:01:43<00:09:21,  0.88it/s, loss=0.0263]
Epoch 23:  16%|#.........| 96/585 [00:01:50<00:09:20,  0.87it/s, loss=0.0264]
Epoch 23:  17%|#.........| 101/585 [00:01:55<00:09:14,  0.87it/s, loss=0.0264]
Epoch 23:  18%|#.........| 106/585 [00:02:01<00:09:10,  0.87it/s, loss=0.0264]
Epoch 23:  19%|#.........| 111/585 [00:02:07<00:09:05,  0.87it/s, loss=0.0264]
Epoch 23:  20%|#.........| 116/585 [00:02:13<00:08:59,  0.87it/s, loss=0.0265]
Epoch 23:  21%|##........| 121/585 [00:02:18<00:08:52,  0.87it/s, loss=0.0265]
Epoch 23:  21%|##........| 125/585 [00:02:24<00:08:50,  0.87it/s, loss=0.0264]
Epoch 23:  22%|##........| 129/585 [00:02:29<00:08:47,  0.86it/s, loss=0.0264]
Epoch 23:  23%|##........| 134/585 [00:02:34<00:08:39,  0.87it/s, loss=0.0264]
Epoch 23:  24%|##........| 139/585 [00:02:39<00:08:32,  0.87it/s, loss=0.0263]
Epoch 23:  25%|##........| 145/585 [00:02:45<00:08:22,  0.88it/s, loss=0.0263]
Epoch 23:  26%|##........| 150/585 [00:02:50<00:08:15,  0.88it/s, loss=0.0263]
Epoch 23:  26%|##........| 155/585 [00:02:56<00:08:09,  0.88it/s, loss=0.0261]
Epoch 23:  28%|##........| 161/585 [00:03:02<00:08:00,  0.88it/s, loss=0.0260]
Epoch 23:  28%|##........| 166/585 [00:03:08<00:07:54,  0.88it/s, loss=0.0260]
Epoch 23:  29%|##........| 171/585 [00:03:13<00:07:47,  0.88it/s, loss=0.0260]
Epoch 23:  30%|###.......| 176/585 [00:03:18<00:07:42,  0.89it/s, loss=0.0260]
Epoch 23:  31%|###.......| 181/585 [00:03:24<00:07:35,  0.89it/s, loss=0.0261]
Epoch 23:  32%|###.......| 186/585 [00:03:29<00:07:29,  0.89it/s, loss=0.0261]
Epoch 23:  32%|###.......| 190/585 [00:03:34<00:07:26,  0.89it/s, loss=0.0260]
Epoch 23:  33%|###.......| 195/585 [00:03:39<00:07:19,  0.89it/s, loss=0.0260]
Epoch 23:  34%|###.......| 200/585 [00:03:44<00:07:12,  0.89it/s, loss=0.0259]
Epoch 23:  35%|###.......| 203/585 [00:03:49<00:07:12,  0.88it/s, loss=0.0260]
Epoch 23:  36%|###.......| 208/585 [00:03:55<00:07:06,  0.88it/s, loss=0.0260]
Epoch 23:  36%|###.......| 213/585 [00:04:00<00:07:00,  0.88it/s, loss=0.0261]
Epoch 23:  37%|###.......| 217/585 [00:04:06<00:06:57,  0.88it/s, loss=0.0260]
Epoch 23:  38%|###.......| 223/585 [00:04:11<00:06:48,  0.89it/s, loss=0.0258]
Epoch 23:  39%|###.......| 228/585 [00:04:17<00:06:42,  0.89it/s, loss=0.0258]
Epoch 23:  40%|####......| 234/585 [00:04:23<00:06:34,  0.89it/s, loss=0.0258]
Epoch 23:  41%|####......| 238/585 [00:04:28<00:06:31,  0.89it/s, loss=0.0257]
Epoch 23:  42%|####......| 243/585 [00:04:33<00:06:25,  0.89it/s, loss=0.0258]
Epoch 23:  42%|####......| 248/585 [00:04:39<00:06:19,  0.89it/s, loss=0.0258]
Epoch 23:  43%|####......| 254/585 [00:04:44<00:06:11,  0.89it/s, loss=0.0258]
Epoch 23:  44%|####......| 259/585 [00:04:50<00:06:05,  0.89it/s, loss=0.0257]
Epoch 23:  45%|####......| 263/585 [00:04:56<00:06:02,  0.89it/s, loss=0.0258]
Epoch 23:  46%|####......| 269/585 [00:05:02<00:05:55,  0.89it/s, loss=0.0257]
Epoch 23:  47%|####......| 274/585 [00:05:07<00:05:48,  0.89it/s, loss=0.0257]
Epoch 23:  48%|####......| 280/585 [00:05:13<00:05:41,  0.89it/s, loss=0.0257]
Epoch 23:  49%|####......| 285/585 [00:05:18<00:05:35,  0.90it/s, loss=0.0256]
Epoch 23:  50%|####......| 290/585 [00:05:24<00:05:29,  0.89it/s, loss=0.0257]
Epoch 23:  50%|#####.....| 294/585 [00:05:29<00:05:26,  0.89it/s, loss=0.0257]
Epoch 23:  51%|#####.....| 298/585 [00:05:34<00:05:22,  0.89it/s, loss=0.0258]
Epoch 23:  52%|#####.....| 303/585 [00:05:40<00:05:16,  0.89it/s, loss=0.0258]
Epoch 23:  53%|#####.....| 308/585 [00:05:45<00:05:10,  0.89it/s, loss=0.0258]
Epoch 23:  53%|#####.....| 312/585 [00:05:50<00:05:06,  0.89it/s, loss=0.0259]
Epoch 23:  54%|#####.....| 317/585 [00:05:57<00:05:01,  0.89it/s, loss=0.0258]
Epoch 23:  55%|#####.....| 322/585 [00:06:02<00:04:56,  0.89it/s, loss=0.0258]
Epoch 23:  56%|#####.....| 328/585 [00:06:08<00:04:49,  0.89it/s, loss=0.0257]
Epoch 23:  57%|#####.....| 334/585 [00:06:14<00:04:41,  0.89it/s, loss=0.0257]
Epoch 23:  58%|#####.....| 340/585 [00:06:20<00:04:34,  0.89it/s, loss=0.0257]
Epoch 23:  59%|#####.....| 345/585 [00:06:25<00:04:28,  0.89it/s, loss=0.0257]
Epoch 23:  60%|#####.....| 350/585 [00:06:30<00:04:22,  0.90it/s, loss=0.0256]
Epoch 23:  61%|######....| 355/585 [00:06:36<00:04:16,  0.90it/s, loss=0.0256]
Epoch 23:  62%|######....| 360/585 [00:06:42<00:04:11,  0.90it/s, loss=0.0256]
Epoch 23:  62%|######....| 365/585 [00:06:47<00:04:05,  0.90it/s, loss=0.0257]
Epoch 23:  63%|######....| 370/585 [00:06:52<00:03:59,  0.90it/s, loss=0.0257]
Epoch 23:  64%|######....| 375/585 [00:06:58<00:03:54,  0.90it/s, loss=0.0257]
Epoch 23:  65%|######....| 380/585 [00:07:03<00:03:48,  0.90it/s, loss=0.0256]
Epoch 23:  66%|######....| 384/585 [00:07:08<00:03:44,  0.90it/s, loss=0.0256]
Epoch 23:  67%|######....| 390/585 [00:07:14<00:03:37,  0.90it/s, loss=0.0256]
Epoch 23:  67%|######....| 393/585 [00:07:19<00:03:34,  0.89it/s, loss=0.0257]
Epoch 23:  68%|######....| 398/585 [00:07:25<00:03:29,  0.89it/s, loss=0.0257]
Epoch 23:  69%|######....| 403/585 [00:07:30<00:03:23,  0.89it/s, loss=0.0257]
Epoch 23:  70%|######....| 408/585 [00:07:35<00:03:17,  0.89it/s, loss=0.0257]
Epoch 23:  71%|#######...| 413/585 [00:07:41<00:03:12,  0.90it/s, loss=0.0257]
Epoch 23:  71%|#######...| 418/585 [00:07:47<00:03:06,  0.89it/s, loss=0.0257]
Epoch 23:  72%|#######...| 424/585 [00:07:54<00:03:00,  0.89it/s, loss=0.0257]
Epoch 23:  73%|#######...| 429/585 [00:07:59<00:02:54,  0.89it/s, loss=0.0257]
Epoch 23:  74%|#######...| 434/585 [00:08:05<00:02:48,  0.89it/s, loss=0.0258]
Epoch 23:  75%|#######...| 438/585 [00:08:10<00:02:44,  0.89it/s, loss=0.0258]
Epoch 23:  76%|#######...| 443/585 [00:08:15<00:02:38,  0.89it/s, loss=0.0258]
Epoch 23:  77%|#######...| 448/585 [00:08:20<00:02:33,  0.89it/s, loss=0.0258]
Epoch 23:  77%|#######...| 453/585 [00:08:26<00:02:27,  0.89it/s, loss=0.0258]
Epoch 23:  78%|#######...| 458/585 [00:08:32<00:02:22,  0.89it/s, loss=0.0258]
Epoch 23:  79%|#######...| 463/585 [00:08:38<00:02:16,  0.89it/s, loss=0.0258]
Epoch 23:  80%|########..| 468/585 [00:08:43<00:02:10,  0.89it/s, loss=0.0258]
Epoch 23:  81%|########..| 473/585 [00:08:49<00:02:05,  0.89it/s, loss=0.0258]
Epoch 23:  82%|########..| 478/585 [00:08:54<00:01:59,  0.89it/s, loss=0.0258]
Epoch 23:  83%|########..| 483/585 [00:09:00<00:01:54,  0.89it/s, loss=0.0258]
Epoch 23:  83%|########..| 487/585 [00:09:05<00:01:49,  0.89it/s, loss=0.0258]
Epoch 23:  84%|########..| 492/585 [00:09:10<00:01:44,  0.89it/s, loss=0.0258]
Epoch 23:  85%|########..| 497/585 [00:09:16<00:01:38,  0.89it/s, loss=0.0258]
Epoch 23:  86%|########..| 502/585 [00:09:22<00:01:32,  0.89it/s, loss=0.0258]
Epoch 23:  87%|########..| 507/585 [00:09:27<00:01:27,  0.89it/s, loss=0.0258]
Epoch 23:  88%|########..| 512/585 [00:09:32<00:01:21,  0.89it/s, loss=0.0258]
Epoch 23:  88%|########..| 517/585 [00:09:38<00:01:16,  0.89it/s, loss=0.0258]
Epoch 23:  89%|########..| 522/585 [00:09:43<00:01:10,  0.90it/s, loss=0.0258]
Epoch 23:  90%|#########.| 527/585 [00:09:48<00:01:04,  0.90it/s, loss=0.0263]
Epoch 23:  91%|#########.| 532/585 [00:09:54<00:00:59,  0.90it/s, loss=0.0263]
Epoch 23:  92%|#########.| 537/585 [00:09:59<00:00:53,  0.90it/s, loss=0.0264]
Epoch 23:  93%|#########.| 543/585 [00:10:05<00:00:46,  0.90it/s, loss=0.0263]
Epoch 23:  94%|#########.| 548/585 [00:10:11<00:00:41,  0.90it/s, loss=0.0264]
Epoch 23:  95%|#########.| 553/585 [00:10:16<00:00:35,  0.90it/s, loss=0.0264]
Epoch 23:  95%|#########.| 558/585 [00:10:22<00:00:30,  0.90it/s, loss=0.0264]
Epoch 23:  96%|#########.| 563/585 [00:10:27<00:00:24,  0.90it/s, loss=0.0263]
Epoch 23:  97%|#########.| 568/585 [00:10:33<00:00:18,  0.90it/s, loss=0.0263]
Epoch 23:  98%|#########.| 573/585 [00:10:38<00:00:13,  0.90it/s, loss=0.0263]
Epoch 23:  99%|#########.| 578/585 [00:10:44<00:00:07,  0.90it/s, loss=0.0263]
Epoch 23: 100%|#########.| 583/585 [00:10:50<00:00:02,  0.90it/s, loss=0.0263]
Epoch 23: 100%|##########| 585/585 [00:10:53<00:00:00,  0.90it/s, loss=0.0263]
Test loss: 0.0249, Test rmsae: 7.47deg
{"event": "epoch_complete", "epoch": 23, "phase": 2, "lr": 1e-05, "batch_size": 10, "micro_batch_size": 1, "train_loss": 0.026347614767459723, "val_loss": 0.02487279468914494, "val_rmsae_deg": 7.466468781232834, "epoch_time_s": 654.4790865411051}
Epoch 24/40:
Epoch 24:   1%|..........| 5/585 [00:00:05<00:10:21,  0.93it/s, loss=0.0216]
Epoch 24:   2%|..........| 9/585 [00:00:10<00:11:18,  0.85it/s, loss=0.0306]
Epoch 24:   3%|..........| 15/585 [00:00:16<00:10:33,  0.90it/s, loss=0.0272]
Epoch 24:   3%|..........| 20/585 [00:00:21<00:10:18,  0.91it/s, loss=0.0271]
Epoch 24:   4%|..........| 25/585 [00:00:27<00:10:13,  0.91it/s, loss=0.0267]
Epoch 24:   5%|..........| 31/585 [00:00:33<00:09:55,  0.93it/s, loss=0.0269]
Epoch 24:   6%|..........| 36/585 [00:00:38<00:09:48,  0.93it/s, loss=0.0264]
Epoch 24:   7%|..........| 41/585 [00:00:44<00:09:46,  0.93it/s, loss=0.0265]
Epoch 24:   8%|..........| 47/585 [00:00:50<00:09:35,  0.94it/s, loss=0.0264]
Epoch 24:   9%|..........| 52/585 [00:00:56<00:09:37,  0.92it/s, loss=0.0263]
Epoch 24:  10%|..........| 56/585 [00:01:01<00:09:40,  0.91it/s, loss=0.0266]
Epoch 24:  10%|#.........| 61/585 [00:01:06<00:09:35,  0.91it/s, loss=0.0268]
Epoch 24:  11%|#.........| 66/585 [00:01:12<00:09:29,  0.91it/s, loss=0.0266]
Epoch 24:  12%|#.........| 71/585 [00:01:17<00:09:20,  0.92it/s, loss=0.0264]
Epoch 24:  13%|#.........| 76/585 [00:01:23<00:09:17,  0.91it/s, loss=0.0263]
Epoch 24:  14%|#.........| 81/585 [00:01:28<00:09:09,  0.92it/s, loss=0.0261]
Epoch 24:  15%|#.........| 85/585 [00:01:33<00:09:10,  0.91it/s, loss=0.0263]
Epoch 24:  15%|#.........| 90/585 [00:01:38<00:09:03,  0.91it/s, loss=0.0264]
Epoch 24:  16%|#.........| 95/585 [00:01:44<00:08:56,  0.91it/s, loss=0.0264]
Epoch 24:  17%|#.........| 99/585 [00:01:49<00:08:58,  0.90it/s, loss=0.0263]
Epoch 24:  18%|#.........| 104/585 [00:01:54<00:08:50,  0.91it/s, loss=0.0262]
Epoch 24:  18%|#.........| 108/585 [00:02:00<00:08:50,  0.90it/s, loss=0.0262]
Epoch 24:  19%|#.........| 113/585 [00:02:05<00:08:45,  0.90it/s, loss=0.0261]
Epoch 24:  20%|##........| 118/585 [00:02:11<00:08:39,  0.90it/s, loss=0.0260]
Epoch 24:  21%|##........| 122/585 [00:02:16<00:08:37,  0.89it/s, loss=0.0260]
Epoch 24:  22%|##........| 127/585 [00:02:22<00:08:33,  0.89it/s, loss=0.0261]
Epoch 24:  23%|##........| 132/585 [00:02:27<00:08:25,  0.90it/s, loss=0.0262]
Epoch 24:  23%|##........| 137/585 [00:02:32<00:08:19,  0.90it/s, loss=0.0261]
Epoch 24:  24%|##........| 142/585 [00:02:38<00:08:14,  0.90it/s, loss=0.0262]
Epoch 24:  25%|##........| 147/585 [00:02:45<00:08:11,  0.89it/s, loss=0.0262]
Epoch 24:  26%|##........| 152/585 [00:02:50<00:08:06,  0.89it/s, loss=0.0262]
Epoch 24:  27%|##........| 157/585 [00:02:55<00:07:59,  0.89it/s, loss=0.0262]
Epoch 24:  28%|##........| 163/585 [00:03:02<00:07:51,  0.90it/s, loss=0.0262]
Epoch 24:  29%|##........| 168/585 [00:03:07<00:07:44,  0.90it/s, loss=0.0262]
Epoch 24:  30%|##........| 173/585 [00:03:12<00:07:38,  0.90it/s, loss=0.0262]
Epoch 24:  30%|###.......| 178/585 [00:03:17<00:07:32,  0.90it/s, loss=0.0262]
Epoch 24:  31%|###.......| 183/585 [00:03:23<00:07:27,  0.90it/s, loss=0.0260]
Epoch 24:  32%|###.......| 188/585 [00:03:29<00:07:21,  0.90it/s, loss=0.0261]
Epoch 24:  33%|###.......| 193/585 [00:03:34<00:07:15,  0.90it/s, loss=0.0260]
Epoch 24:  34%|###.......| 198/585 [00:03:39<00:07:09,  0.90it/s, loss=0.0260]
Epoch 24:  35%|###.......| 202/585 [00:03:44<00:07:06,  0.90it/s, loss=0.0260]
Epoch 24:  35%|###.......| 207/585 [00:03:50<00:07:00,  0.90it/s, loss=0.0259]
Epoch 24:  36%|###.......| 212/585 [00:03:55<00:06:54,  0.90it/s, loss=0.0258]
Epoch 24:  37%|###.......| 217/585 [00:04:01<00:06:48,  0.90it/s, loss=0.0258]
Epoch 24:  38%|###.......| 221/585 [00:04:06<00:06:45,  0.90it/s, loss=0.0258]
Epoch 24:  39%|###.......| 226/585 [00:04:12<00:06:40,  0.90it/s, loss=0.0258]
Epoch 24:  39%|###.......| 230/585 [00:04:18<00:06:38,  0.89it/s, loss=0.0258]
Epoch 24:  40%|####......| 235/585 [00:04:23<00:06:33,  0.89it/s, loss=0.0258]
Epoch 24:  41%|####......| 239/585 [00:04:29<00:06:30,  0.89it/s, loss=0.0260]
Epoch 24:  42%|####......| 245/585 [00:04:35<00:06:22,  0.89it/s, loss=0.0260]
Epoch 24:  43%|####......| 250/585 [00:04:40<00:06:15,  0.89it/s, loss=0.0260]
Epoch 24:  44%|####......| 255/585 [00:04:45<00:06:09,  0.89it/s, loss=0.0260]
Epoch 24:  44%|####......| 260/585 [00:04:51<00:06:03,  0.89it/s, loss=0.0262]
Epoch 24:  45%|####......| 266/585 [00:04:56<00:05:56,  0.90it/s, loss=0.0261]
Epoch 24:  46%|####......| 271/585 [00:05:02<00:05:50,  0.90it/s, loss=0.0261]
Epoch 24:  47%|####......| 277/585 [00:05:08<00:05:42,  0.90it/s, loss=0.0261]
Epoch 24:  48%|####......| 282/585 [00:05:13<00:05:37,  0.90it/s, loss=0.0262]
Epoch 24:  49%|####......| 287/585 [00:05:19<00:05:31,  0.90it/s, loss=0.0263]
Epoch 24:  50%|#####.....| 293/585 [00:05:25<00:05:24,  0.90it/s, loss=0.0263]
Epoch 24:  51%|#####.....| 298/585 [00:05:31<00:05:18,  0.90it/s, loss=0.0262]
Epoch 24:  52%|#####.....| 303/585 [00:05:36<00:05:13,  0.90it/s, loss=0.0261]
Epoch 24:  53%|#####.....| 308/585 [00:05:41<00:05:07,  0.90it/s, loss=0.0261]
Epoch 24:  54%|#####.....| 313/585 [00:05:47<00:05:01,  0.90it/s, loss=0.0261]
Epoch 24:  54%|#####.....| 318/585 [00:05:52<00:04:56,  0.90it/s, loss=0.0261]
Epoch 24:  55%|#####.....| 323/585 [00:05:58<00:04:50,  0.90it/s, loss=0.0260]
Epoch 24:  56%|#####.....| 328/585 [00:06:04<00:04:45,  0.90it/s, loss=0.0260]
Epoch 24:  57%|#####.....| 333/585 [00:06:10<00:04:40,  0.90it/s, loss=0.0260]
Epoch 24:  58%|#####.....| 337/585 [00:06:15<00:04:36,  0.90it/s, loss=0.0259]
Epoch 24:  58%|#####.....| 342/585 [00:06:21<00:04:31,  0.90it/s, loss=0.0259]
Epoch 24:  59%|#####.....| 347/585 [00:06:26<00:04:25,  0.90it/s, loss=0.0259]
Epoch 24:  60%|######....| 352/585 [00:06:31<00:04:19,  0.90it/s, loss=0.0259]
Epoch 24:  61%|######....| 357/585 [00:06:37<00:04:13,  0.90it/s, loss=0.0259]
Epoch 24:  62%|######....| 362/585 [00:06:42<00:04:07,  0.90it/s, loss=0.0258]
Epoch 24:  63%|######....| 367/585 [00:06:48<00:04:02,  0.90it/s, loss=0.0258]
Epoch 24:  64%|######....| 372/585 [00:06:54<00:03:57,  0.90it/s, loss=0.0258]
Epoch 24:  64%|######....| 377/585 [00:07:00<00:03:51,  0.90it/s, loss=0.0258]
Epoch 24:  65%|######....| 382/585 [00:07:05<00:03:46,  0.90it/s, loss=0.0258]
Epoch 24:  66%|######....| 387/585 [00:07:10<00:03:40,  0.90it/s, loss=0.0259]
Epoch 24:  67%|######....| 392/585 [00:07:16<00:03:34,  0.90it/s, loss=0.0260]
Epoch 24:  68%|######....| 397/585 [00:07:21<00:03:29,  0.90it/s, loss=0.0260]
Epoch 24:  69%|######....| 401/585 [00:07:26<00:03:25,  0.90it/s, loss=0.0260]
Epoch 24:  69%|######....| 406/585 [00:07:31<00:03:19,  0.90it/s, loss=0.0261]
Epoch 24:  70%|#######...| 411/585 [00:07:37<00:03:13,  0.90it/s, loss=0.0260]
Epoch 24:  71%|#######...| 416/585 [00:07:42<00:03:07,  0.90it/s, loss=0.0260]
Epoch 24:  72%|#######...| 421/585 [00:07:48<00:03:02,  0.90it/s, loss=0.0260]
Epoch 24:  73%|#######...| 426/585 [00:07:54<00:02:56,  0.90it/s, loss=0.0261]
Epoch 24:  74%|#######...| 431/585 [00:07:59<00:02:51,  0.90it/s, loss=0.0260]
Epoch 24:  75%|#######...| 436/585 [00:08:04<00:02:45,  0.90it/s, loss=0.0260]
Epoch 24:  75%|#######...| 441/585 [00:08:09<00:02:39,  0.90it/s, loss=0.0260]
Epoch 24:  76%|#######...| 446/585 [00:08:15<00:02:34,  0.90it/s, loss=0.0260]
Epoch 24:  77%|#######...| 451/585 [00:08:20<00:02:28,  0.90it/s, loss=0.0260]
Epoch 24:  78%|#######...| 456/585 [00:08:26<00:02:23,  0.90it/s, loss=0.0260]
Epoch 24:  79%|#######...| 461/585 [00:08:31<00:02:17,  0.90it/s, loss=0.0260]
Epoch 24:  80%|#######...| 466/585 [00:08:37<00:02:12,  0.90it/s, loss=0.0260]
Epoch 24:  81%|########..| 471/585 [00:08:42<00:02:06,  0.90it/s, loss=0.0259]
Epoch 24:  81%|########..| 476/585 [00:08:48<00:02:00,  0.90it/s, loss=0.0259]
Epoch 24:  82%|########..| 481/585 [00:08:54<00:01:55,  0.90it/s, loss=0.0260]
Epoch 24:  83%|########..| 486/585 [00:09:00<00:01:50,  0.90it/s, loss=0.0260]
Epoch 24:  84%|########..| 491/585 [00:09:05<00:01:44,  0.90it/s, loss=0.0260]
Epoch 24:  85%|########..| 496/585 [00:09:11<00:01:38,  0.90it/s, loss=0.0261]
Epoch 24:  86%|########..| 501/585 [00:09:17<00:01:33,  0.90it/s, loss=0.0261]
Epoch 24:  86%|########..| 506/585 [00:09:22<00:01:27,  0.90it/s, loss=0.0261]
Epoch 24:  87%|########..| 511/585 [00:09:27<00:01:22,  0.90it/s, loss=0.0261]
Epoch 24:  88%|########..| 516/585 [00:09:33<00:01:16,  0.90it/s, loss=0.0261]
Epoch 24:  89%|########..| 520/585 [00:09:38<00:01:12,  0.90it/s, loss=0.0261]
Epoch 24:  90%|########..| 525/585 [00:09:43<00:01:06,  0.90it/s, loss=0.0261]
Epoch 24:  91%|#########.| 530/585 [00:09:48<00:01:01,  0.90it/s, loss=0.0261]
Epoch 24:  91%|#########.| 535/585 [00:09:54<00:00:55,  0.90it/s, loss=0.0261]
Epoch 24:  92%|#########.| 540/585 [00:10:00<00:00:50,  0.90it/s, loss=0.0261]
Epoch 24:  93%|#########.| 545/585 [00:10:06<00:00:44,  0.90it/s, loss=0.0261]
Epoch 24:  94%|#########.| 550/585 [00:10:12<00:00:38,  0.90it/s, loss=0.0261]
Epoch 24:  95%|#########.| 555/585 [00:10:18<00:00:33,  0.90it/s, loss=0.0261]
Epoch 24:  96%|#########.| 560/585 [00:10:23<00:00:27,  0.90it/s, loss=0.0261]
Epoch 24:  96%|#########.| 564/585 [00:10:28<00:00:23,  0.90it/s, loss=0.0261]
Epoch 24:  97%|#########.| 569/585 [00:10:34<00:00:17,  0.90it/s, loss=0.0261]
Epoch 24:  98%|#########.| 573/585 [00:10:39<00:00:13,  0.90it/s, loss=0.0260]
Epoch 24:  99%|#########.| 578/585 [00:10:45<00:00:07,  0.90it/s, loss=0.0261]
Epoch 24: 100%|#########.| 583/585 [00:10:51<00:00:02,  0.90it/s, loss=0.0261]
Epoch 24: 100%|##########| 585/585 [00:10:53<00:00:00,  0.90it/s, loss=0.0261]
Test loss: 0.0249, Test rmsae: 7.42deg
{"event": "epoch_complete", "epoch": 24, "phase": 2, "lr": 1e-05, "batch_size": 10, "micro_batch_size": 1, "train_loss": 0.026130219803661363, "val_loss": 0.024874225724488497, "val_rmsae_deg": 7.424707621335983, "epoch_time_s": 654.4224494381342}
Epoch 25/40:
Epoch 25:   1%|..........| 5/585 [00:00:05<00:10:27,  0.92it/s, loss=0.0259]
Epoch 25:   2%|..........| 11/585 [00:00:11<00:09:51,  0.97it/s, loss=0.0254]
Epoch 25:   3%|..........| 16/585 [00:00:16<00:09:43,  0.97it/s, loss=0.0245]
Epoch 25:   4%|..........| 21/585 [00:00:22<00:09:56,  0.95it/s, loss=0.0242]
Epoch 25:   4%|..........| 26/585 [00:00:27<00:09:53,  0.94it/s, loss=0.0244]
Epoch 25:   5%|..........| 31/585 [00:00:32<00:09:44,  0.95it/s, loss=0.0242]
Epoch 25:   6%|..........| 36/585 [00:00:38<00:09:51,  0.93it/s, loss=0.0247]
Epoch 25:   7%|..........| 41/585 [00:00:44<00:09:45,  0.93it/s, loss=0.0253]
Epoch 25:   8%|..........| 46/585 [00:00:49<00:09:38,  0.93it/s, loss=0.0253]
Epoch 25:   9%|..........| 51/585 [00:00:55<00:09:37,  0.93it/s, loss=0.0250]
Epoch 25:  10%|..........| 56/585 [00:01:00<00:09:29,  0.93it/s, loss=0.0249]
Epoch 25:  10%|#.........| 61/585 [00:01:05<00:09:21,  0.93it/s, loss=0.0247]
Epoch 25:  11%|#.........| 66/585 [00:01:11<00:09:20,  0.93it/s, loss=0.0245]
Epoch 25:  12%|#.........| 71/585 [00:01:16<00:09:13,  0.93it/s, loss=0.0246]
Epoch 25:  13%|#.........| 76/585 [00:01:21<00:09:07,  0.93it/s, loss=0.0246]
Epoch 25:  14%|#.........| 82/585 [00:01:27<00:08:58,  0.93it/s, loss=0.0249]
Epoch 25:  15%|#.........| 86/585 [00:01:32<00:08:58,  0.93it/s, loss=0.0257]
Epoch 25:  15%|#.........| 90/585 [00:01:37<00:08:58,  0.92it/s, loss=0.0257]
Epoch 25:  16%|#.........| 95/585 [00:01:42<00:08:51,  0.92it/s, loss=0.0256]
Epoch 25:  17%|#.........| 100/585 [00:01:48<00:08:46,  0.92it/s, loss=0.0263]
Epoch 25:  18%|#.........| 105/585 [00:01:54<00:08:42,  0.92it/s, loss=0.0263]
Epoch 25:  19%|#.........| 110/585 [00:01:59<00:08:37,  0.92it/s, loss=0.0263]
Epoch 25:  20%|#.........| 115/585 [00:02:05<00:08:32,  0.92it/s, loss=0.0262]
Epoch 25:  21%|##........| 120/585 [00:02:10<00:08:26,  0.92it/s, loss=0.0261]
Epoch 25:  21%|##........| 125/585 [00:02:15<00:08:20,  0.92it/s, loss=0.0261]
Epoch 25:  22%|##........| 130/585 [00:02:21<00:08:14,  0.92it/s, loss=0.0259]
Epoch 25:  23%|##........| 135/585 [00:02:26<00:08:08,  0.92it/s, loss=0.0259]
Epoch 25:  24%|##........| 140/585 [00:02:31<00:08:02,  0.92it/s, loss=0.0258]
Epoch 25:  25%|##........| 145/585 [00:02:37<00:07:57,  0.92it/s, loss=0.0256]
Epoch 25:  25%|##........| 149/585 [00:02:43<00:07:57,  0.91it/s, loss=0.0258]
Epoch 25:  26%|##........| 154/585 [00:02:48<00:07:51,  0.91it/s, loss=0.0257]
Epoch 25:  27%|##........| 159/585 [00:02:53<00:07:45,  0.92it/s, loss=0.0258]
Epoch 25:  28%|##........| 165/585 [00:03:00<00:07:39,  0.91it/s, loss=0.0260]
Epoch 25:  29%|##........| 170/585 [00:03:06<00:07:34,  0.91it/s, loss=0.0260]
Epoch 25:  30%|##........| 174/585 [00:03:11<00:07:31,  0.91it/s, loss=0.0259]
Epoch 25:  31%|###.......| 179/585 [00:03:16<00:07:25,  0.91it/s, loss=0.0259]
Epoch 25:  31%|###.......| 184/585 [00:03:22<00:07:20,  0.91it/s, loss=0.0258]
Epoch 25:  32%|###.......| 189/585 [00:03:27<00:07:15,  0.91it/s, loss=0.0257]
Epoch 25:  33%|###.......| 194/585 [00:03:33<00:07:11,  0.91it/s, loss=0.0257]
Epoch 25:  34%|###.......| 199/585 [00:03:39<00:07:05,  0.91it/s, loss=0.0257]
Epoch 25:  35%|###.......| 204/585 [00:03:44<00:06:59,  0.91it/s, loss=0.0257]
Epoch 25:  36%|###.......| 209/585 [00:03:50<00:06:54,  0.91it/s, loss=0.0256]
Epoch 25:  37%|###.......| 214/585 [00:03:55<00:06:48,  0.91it/s, loss=0.0255]
Epoch 25:  37%|###.......| 219/585 [00:04:01<00:06:42,  0.91it/s, loss=0.0255]
Epoch 25:  38%|###.......| 224/585 [00:04:06<00:06:37,  0.91it/s, loss=0.0255]
Epoch 25:  39%|###.......| 229/585 [00:04:12<00:06:32,  0.91it/s, loss=0.0255]
Epoch 25:  40%|####......| 234/585 [00:04:17<00:06:26,  0.91it/s, loss=0.0255]
Epoch 25:  41%|####......| 239/585 [00:04:22<00:06:20,  0.91it/s, loss=0.0256]
Epoch 25:  42%|####......| 244/585 [00:04:28<00:06:15,  0.91it/s, loss=0.0256]
Epoch 25:  43%|####......| 249/585 [00:04:33<00:06:09,  0.91it/s, loss=0.0255]
Epoch 25:  43%|####......| 253/585 [00:04:38<00:06:05,  0.91it/s, loss=0.0257]
Epoch 25:  44%|####......| 259/585 [00:04:44<00:05:58,  0.91it/s, loss=0.0257]
Epoch 25:  45%|####......| 264/585 [00:04:49<00:05:52,  0.91it/s, loss=0.0257]
Epoch 25:  46%|####......| 269/585 [00:04:55<00:05:47,  0.91it/s, loss=0.0257]
Epoch 25:  47%|####......| 274/585 [00:05:01<00:05:41,  0.91it/s, loss=0.0258]
Epoch 25:  48%|####......| 279/585 [00:05:06<00:05:36,  0.91it/s, loss=0.0256]
Epoch 25:  49%|####......| 284/585 [00:05:12<00:05:30,  0.91it/s, loss=0.0256]
Epoch 25:  49%|####......| 289/585 [00:05:17<00:05:25,  0.91it/s, loss=0.0256]
Epoch 25:  50%|#####.....| 294/585 [00:05:23<00:05:19,  0.91it/s, loss=0.0256]
Epoch 25:  51%|#####.....| 298/585 [00:05:28<00:05:16,  0.91it/s, loss=0.0257]
Epoch 25:  52%|#####.....| 304/585 [00:05:33<00:05:08,  0.91it/s, loss=0.0256]
Epoch 25:  53%|#####.....| 309/585 [00:05:39<00:05:02,  0.91it/s, loss=0.0256]
Epoch 25:  54%|#####.....| 314/585 [00:05:44<00:04:57,  0.91it/s, loss=0.0255]
Epoch 25:  55%|#####.....| 320/585 [00:05:50<00:04:50,  0.91it/s, loss=0.0255]
Epoch 25:  56%|#####.....| 325/585 [00:05:56<00:04:45,  0.91it/s, loss=0.0255]
Epoch 25:  56%|#####.....| 330/585 [00:06:02<00:04:39,  0.91it/s, loss=0.0255]
Epoch 25:  57%|#####.....| 335/585 [00:06:07<00:04:34,  0.91it/s, loss=0.0254]
Epoch 25:  58%|#####.....| 340/585 [00:06:12<00:04:28,  0.91it/s, loss=0.0255]
Epoch 25:  59%|#####.....| 345/585 [00:06:18<00:04:23,  0.91it/s, loss=0.0254]
Epoch 25:  60%|#####.....| 350/585 [00:06:23<00:04:17,  0.91it/s, loss=0.0254]
Epoch 25:  61%|######....| 355/585 [00:06:29<00:04:12,  0.91it/s, loss=0.0255]
Epoch 25:  62%|######....| 360/585 [00:06:35<00:04:07,  0.91it/s, loss=0.0255]
Epoch 25:  62%|######....| 365/585 [00:06:40<00:04:01,  0.91it/s, loss=0.0255]
Epoch 25:  63%|######....| 370/585 [00:06:46<00:03:56,  0.91it/s, loss=0.0258]
Epoch 25:  64%|######....| 375/585 [00:06:52<00:03:50,  0.91it/s, loss=0.0258]
Epoch 25:  65%|######....| 381/585 [00:06:57<00:03:43,  0.91it/s, loss=0.0258]
Epoch 25:  66%|######....| 386/585 [00:07:03<00:03:38,  0.91it/s, loss=0.0259]
Epoch 25:  67%|######....| 392/585 [00:07:09<00:03:31,  0.91it/s, loss=0.0259]
Epoch 25:  68%|######....| 397/585 [00:07:15<00:03:26,  0.91it/s, loss=0.0259]
Epoch 25:  69%|######....| 402/585 [00:07:20<00:03:20,  0.91it/s, loss=0.0259]
Epoch 25:  70%|######....| 407/585 [00:07:26<00:03:15,  0.91it/s, loss=0.0259]
Epoch 25:  70%|#######...| 412/585 [00:07:31<00:03:09,  0.91it/s, loss=0.0259]
Epoch 25:  71%|#######...| 417/585 [00:07:37<00:03:04,  0.91it/s, loss=0.0258]
Epoch 25:  72%|#######...| 422/585 [00:07:43<00:02:59,  0.91it/s, loss=0.0258]
Epoch 25:  73%|#######...| 427/585 [00:07:49<00:02:53,  0.91it/s, loss=0.0259]
Epoch 25:  74%|#######...| 432/585 [00:07:55<00:02:48,  0.91it/s, loss=0.0260]
Epoch 25:  75%|#######...| 437/585 [00:08:01<00:02:42,  0.91it/s, loss=0.0263]
Epoch 25:  76%|#######...| 442/585 [00:08:06<00:02:37,  0.91it/s, loss=0.0263]
Epoch 25:  76%|#######...| 447/585 [00:08:12<00:02:32,  0.91it/s, loss=0.0263]
Epoch 25:  77%|#######...| 452/585 [00:08:18<00:02:26,  0.91it/s, loss=0.0263]
Epoch 25:  78%|#######...| 457/585 [00:08:23<00:02:21,  0.91it/s, loss=0.0263]
Epoch 25:  79%|#######...| 462/585 [00:08:29<00:02:15,  0.91it/s, loss=0.0262]
Epoch 25:  80%|#######...| 467/585 [00:08:34<00:02:09,  0.91it/s, loss=0.0263]
Epoch 25:  81%|########..| 472/585 [00:08:40<00:02:04,  0.91it/s, loss=0.0263]
Epoch 25:  82%|########..| 477/585 [00:08:45<00:01:58,  0.91it/s, loss=0.0263]
Epoch 25:  82%|########..| 481/585 [00:08:50<00:01:54,  0.91it/s, loss=0.0263]
Epoch 25:  83%|########..| 486/585 [00:08:55<00:01:49,  0.91it/s, loss=0.0263]
Epoch 25:  84%|########..| 491/585 [00:09:01<00:01:43,  0.91it/s, loss=0.0263]
Epoch 25:  85%|########..| 497/585 [00:09:07<00:01:36,  0.91it/s, loss=0.0262]
Epoch 25:  86%|########..| 502/585 [00:09:12<00:01:31,  0.91it/s, loss=0.0262]
Epoch 25:  87%|########..| 507/585 [00:09:17<00:01:25,  0.91it/s, loss=0.0262]
Epoch 25:  88%|########..| 512/585 [00:09:23<00:01:20,  0.91it/s, loss=0.0262]
Epoch 25:  88%|########..| 516/585 [00:09:28<00:01:15,  0.91it/s, loss=0.0262]
Epoch 25:  89%|########..| 522/585 [00:09:34<00:01:09,  0.91it/s, loss=0.0261]
Epoch 25:  90%|#########.| 527/585 [00:09:39<00:01:03,  0.91it/s, loss=0.0261]
Epoch 25:  91%|#########.| 532/585 [00:09:44<00:00:58,  0.91it/s, loss=0.0261]
Epoch 25:  92%|#########.| 537/585 [00:09:49<00:00:52,  0.91it/s, loss=0.0261]
Epoch 25:  93%|#########.| 542/585 [00:09:55<00:00:47,  0.91it/s, loss=0.0261]
Epoch 25:  93%|#########.| 546/585 [00:10:01<00:00:42,  0.91it/s, loss=0.0261]
Epoch 25:  94%|#########.| 551/585 [00:10:07<00:00:37,  0.91it/s, loss=0.0261]
Epoch 25:  95%|#########.| 557/585 [00:10:13<00:00:30,  0.91it/s, loss=0.0261]
Epoch 25:  96%|#########.| 563/585 [00:10:20<00:00:24,  0.91it/s, loss=0.0261]
Epoch 25:  97%|#########.| 568/585 [00:10:25<00:00:18,  0.91it/s, loss=0.0261]
Epoch 25:  98%|#########.| 573/585 [00:10:31<00:00:13,  0.91it/s, loss=0.0261]
Epoch 25:  99%|#########.| 578/585 [00:10:36<00:00:07,  0.91it/s, loss=0.0260]
Epoch 25: 100%|#########.| 583/585 [00:10:41<00:00:02,  0.91it/s, loss=0.0261]
Epoch 25: 100%|##########| 585/585 [00:10:44<00:00:00,  0.91it/s, loss=0.0261]
Test loss: 0.0249, Test rmsae: 7.45deg
{"event": "epoch_complete", "epoch": 25, "phase": 2, "lr": 1e-05, "batch_size": 10, "micro_batch_size": 1, "train_loss": 0.02610005870556984, "val_loss": 0.02485417650314048, "val_rmsae_deg": 7.449116483330727, "epoch_time_s": 645.9322495290544}
Epoch 26/40:
Epoch 26:   1%|..........| 5/585 [00:00:05<00:11:13,  0.86it/s, loss=0.0252]
Epoch 26:   2%|..........| 10/585 [00:00:12<00:11:32,  0.83it/s, loss=0.0301]
Epoch 26:   3%|..........| 15/585 [00:00:17<00:11:16,  0.84it/s, loss=0.0292]
Epoch 26:   4%|..........| 21/585 [00:00:24<00:10:56,  0.86it/s, loss=0.0287]
Epoch 26:   4%|..........| 26/585 [00:00:30<00:10:53,  0.86it/s, loss=0.0282]
Epoch 26:   5%|..........| 31/585 [00:00:35<00:10:34,  0.87it/s, loss=0.0278]
Epoch 26:   6%|..........| 36/585 [00:00:40<00:10:25,  0.88it/s, loss=0.0270]
Epoch 26:   7%|..........| 41/585 [00:00:46<00:10:18,  0.88it/s, loss=0.0296]
Epoch 26:   8%|..........| 46/585 [00:00:52<00:10:19,  0.87it/s, loss=0.0288]
Epoch 26:   9%|..........| 51/585 [00:00:58<00:10:14,  0.87it/s, loss=0.0284]
Epoch 26:  10%|..........| 56/585 [00:01:04<00:10:09,  0.87it/s, loss=0.0284]
Epoch 26:  10%|#.........| 61/585 [00:01:10<00:10:02,  0.87it/s, loss=0.0282]
Epoch 26:  11%|#.........| 66/585 [00:01:15<00:09:57,  0.87it/s, loss=0.0279]
Epoch 26:  12%|#.........| 71/585 [00:01:21<00:09:51,  0.87it/s, loss=0.0277]
Epoch 26:  13%|#.........| 76/585 [00:01:27<00:09:42,  0.87it/s, loss=0.0273]
Epoch 26:  14%|#.........| 81/585 [00:01:33<00:09:40,  0.87it/s, loss=0.0274]
Epoch 26:  15%|#.........| 86/585 [00:01:38<00:09:33,  0.87it/s, loss=0.0272]
Epoch 26:  16%|#.........| 91/585 [00:01:44<00:09:25,  0.87it/s, loss=0.0272]
Epoch 26:  16%|#.........| 96/585 [00:01:49<00:09:16,  0.88it/s, loss=0.0272]
Epoch 26:  17%|#.........| 100/585 [00:01:54<00:09:15,  0.87it/s, loss=0.0272]
Epoch 26:  18%|#.........| 105/585 [00:02:00<00:09:08,  0.87it/s, loss=0.0273]
Epoch 26:  19%|#.........| 111/585 [00:02:06<00:09:00,  0.88it/s, loss=0.0271]
Epoch 26:  20%|#.........| 116/585 [00:02:11<00:08:53,  0.88it/s, loss=0.0271]
Epoch 26:  21%|##........| 121/585 [00:02:17<00:08:45,  0.88it/s, loss=0.0270]
Epoch 26:  22%|##........| 126/585 [00:02:22<00:08:39,  0.88it/s, loss=0.0268]
Epoch 26:  23%|##........| 132/585 [00:02:28<00:08:29,  0.89it/s, loss=0.0267]
Epoch 26:  23%|##........| 137/585 [00:02:33<00:08:22,  0.89it/s, loss=0.0266]
Epoch 26:  24%|##........| 143/585 [00:02:39<00:08:13,  0.90it/s, loss=0.0265]
Epoch 26:  25%|##........| 149/585 [00:02:45<00:08:04,  0.90it/s, loss=0.0264]
Epoch 26:  26%|##........| 154/585 [00:02:50<00:07:57,  0.90it/s, loss=0.0263]
Epoch 26:  27%|##........| 159/585 [00:02:55<00:07:51,  0.90it/s, loss=0.0263]
Epoch 26:  28%|##........| 164/585 [00:03:01<00:07:46,  0.90it/s, loss=0.0262]
Epoch 26:  29%|##........| 169/585 [00:03:07<00:07:42,  0.90it/s, loss=0.0263]
Epoch 26:  30%|##........| 174/585 [00:03:12<00:07:35,  0.90it/s, loss=0.0263]
Epoch 26:  31%|###.......| 180/585 [00:03:19<00:07:28,  0.90it/s, loss=0.0263]
Epoch 26:  32%|###.......| 185/585 [00:03:25<00:07:23,  0.90it/s, loss=0.0263]
Epoch 26:  32%|###.......| 188/585 [00:03:30<00:07:24,  0.89it/s, loss=0.0263]
Epoch 26:  33%|###.......| 194/585 [00:03:36<00:07:16,  0.90it/s, loss=0.0261]
Epoch 26:  34%|###.......| 199/585 [00:03:42<00:07:11,  0.90it/s, loss=0.0261]
Epoch 26:  35%|###.......| 204/585 [00:03:47<00:07:04,  0.90it/s, loss=0.0262]
Epoch 26:  36%|###.......| 209/585 [00:03:53<00:06:59,  0.90it/s, loss=0.0262]
Epoch 26:  37%|###.......| 215/585 [00:03:59<00:06:51,  0.90it/s, loss=0.0263]
Epoch 26:  38%|###.......| 220/585 [00:04:04<00:06:46,  0.90it/s, loss=0.0264]
Epoch 26:  38%|###.......| 225/585 [00:04:09<00:06:39,  0.90it/s, loss=0.0264]
Epoch 26:  39%|###.......| 230/585 [00:04:15<00:06:34,  0.90it/s, loss=0.0265]
Epoch 26:  40%|####......| 235/585 [00:04:21<00:06:29,  0.90it/s, loss=0.0265]
Epoch 26:  41%|####......| 240/585 [00:04:26<00:06:22,  0.90it/s, loss=0.0264]
Epoch 26:  42%|####......| 245/585 [00:04:33<00:06:19,  0.90it/s, loss=0.0265]
Epoch 26:  43%|####......| 250/585 [00:04:38<00:06:13,  0.90it/s, loss=0.0265]
Epoch 26:  44%|####......| 255/585 [00:04:43<00:06:07,  0.90it/s, loss=0.0264]
Epoch 26:  44%|####......| 260/585 [00:04:49<00:06:01,  0.90it/s, loss=0.0263]
Epoch 26:  45%|####......| 265/585 [00:04:54<00:05:55,  0.90it/s, loss=0.0263]
Epoch 26:  46%|####......| 270/585 [00:04:59<00:05:49,  0.90it/s, loss=0.0262]
Epoch 26:  47%|####......| 275/585 [00:05:04<00:05:43,  0.90it/s, loss=0.0262]
Epoch 26:  48%|####......| 281/585 [00:05:10<00:05:36,  0.90it/s, loss=0.0261]
Epoch 26:  49%|####......| 286/585 [00:05:15<00:05:30,  0.91it/s, loss=0.0261]
Epoch 26:  50%|####......| 291/585 [00:05:21<00:05:24,  0.91it/s, loss=0.0261]
Epoch 26:  51%|#####.....| 296/585 [00:05:26<00:05:18,  0.91it/s, loss=0.0260]
Epoch 26:  51%|#####.....| 301/585 [00:05:31<00:05:12,  0.91it/s, loss=0.0260]
Epoch 26:  52%|#####.....| 307/585 [00:05:37<00:05:05,  0.91it/s, loss=0.0260]
Epoch 26:  54%|#####.....| 313/585 [00:05:43<00:04:58,  0.91it/s, loss=0.0261]
Epoch 26:  54%|#####.....| 318/585 [00:05:48<00:04:52,  0.91it/s, loss=0.0260]
Epoch 26:  55%|#####.....| 322/585 [00:05:54<00:04:49,  0.91it/s, loss=0.0260]
Epoch 26:  56%|#####.....| 328/585 [00:06:00<00:04:42,  0.91it/s, loss=0.0261]
Epoch 26:  57%|#####.....| 333/585 [00:06:05<00:04:36,  0.91it/s, loss=0.0260]
Epoch 26:  58%|#####.....| 339/585 [00:06:11<00:04:29,  0.91it/s, loss=0.0260]
Epoch 26:  59%|#####.....| 344/585 [00:06:16<00:04:23,  0.91it/s, loss=0.0259]
Epoch 26:  60%|#####.....| 350/585 [00:06:22<00:04:16,  0.91it/s, loss=0.0258]
Epoch 26:  61%|######....| 355/585 [00:06:28<00:04:11,  0.91it/s, loss=0.0259]
Epoch 26:  62%|######....| 360/585 [00:06:33<00:04:05,  0.92it/s, loss=0.0259]
Epoch 26:  62%|######....| 365/585 [00:06:38<00:04:00,  0.92it/s, loss=0.0259]
Epoch 26:  63%|######....| 370/585 [00:06:43<00:03:54,  0.92it/s, loss=0.0259]
Epoch 26:  64%|######....| 375/585 [00:06:48<00:03:48,  0.92it/s, loss=0.0259]
Epoch 26:  65%|######....| 379/585 [00:06:54<00:03:45,  0.92it/s, loss=0.0259]
Epoch 26:  66%|######....| 384/585 [00:06:59<00:03:39,  0.92it/s, loss=0.0259]
Epoch 26:  66%|######....| 388/585 [00:07:04<00:03:35,  0.91it/s, loss=0.0259]
Epoch 26:  67%|######....| 393/585 [00:07:10<00:03:30,  0.91it/s, loss=0.0259]
Epoch 26:  68%|######....| 399/585 [00:07:16<00:03:23,  0.91it/s, loss=0.0259]
Epoch 26:  69%|######....| 404/585 [00:07:21<00:03:18,  0.91it/s, loss=0.0259]
Epoch 26:  70%|######....| 409/585 [00:07:27<00:03:12,  0.91it/s, loss=0.0259]
Epoch 26:  71%|#######...| 415/585 [00:07:33<00:03:05,  0.92it/s, loss=0.0259]
Epoch 26:  72%|#######...| 419/585 [00:07:38<00:03:01,  0.91it/s, loss=0.0259]
Epoch 26:  72%|#######...| 424/585 [00:07:44<00:02:56,  0.91it/s, loss=0.0259]
Epoch 26:  73%|#######...| 428/585 [00:07:49<00:02:52,  0.91it/s, loss=0.0260]
Epoch 26:  74%|#######...| 433/585 [00:07:54<00:02:46,  0.91it/s, loss=0.0260]
Epoch 26:  75%|#######...| 438/585 [00:07:59<00:02:41,  0.91it/s, loss=0.0260]
Epoch 26:  76%|#######...| 443/585 [00:08:05<00:02:35,  0.91it/s, loss=0.0260]
Epoch 26:  77%|#######...| 449/585 [00:08:12<00:02:29,  0.91it/s, loss=0.0259]
Epoch 26:  78%|#######...| 454/585 [00:08:17<00:02:23,  0.91it/s, loss=0.0260]
Epoch 26:  78%|#######...| 459/585 [00:08:23<00:02:18,  0.91it/s, loss=0.0260]
Epoch 26:  79%|#######...| 463/585 [00:08:28<00:02:14,  0.91it/s, loss=0.0260]
Epoch 26:  80%|########..| 468/585 [00:08:34<00:02:08,  0.91it/s, loss=0.0260]
Epoch 26:  81%|########..| 473/585 [00:08:39<00:02:03,  0.91it/s, loss=0.0260]
Epoch 26:  82%|########..| 478/585 [00:08:45<00:01:57,  0.91it/s, loss=0.0260]
Epoch 26:  83%|########..| 483/585 [00:08:50<00:01:52,  0.91it/s, loss=0.0261]
Epoch 26:  83%|########..| 488/585 [00:08:56<00:01:46,  0.91it/s, loss=0.0260]
Epoch 26:  84%|########..| 493/585 [00:09:01<00:01:41,  0.91it/s, loss=0.0260]
Epoch 26:  85%|########..| 498/585 [00:09:07<00:01:35,  0.91it/s, loss=0.0260]
Epoch 26:  86%|########..| 503/585 [00:09:13<00:01:30,  0.91it/s, loss=0.0260]
Epoch 26:  87%|########..| 508/585 [00:09:18<00:01:24,  0.91it/s, loss=0.0260]
Epoch 26:  88%|########..| 513/585 [00:09:24<00:01:19,  0.91it/s, loss=0.0261]
Epoch 26:  89%|########..| 518/585 [00:09:29<00:01:13,  0.91it/s, loss=0.0261]
Epoch 26:  89%|########..| 523/585 [00:09:35<00:01:08,  0.91it/s, loss=0.0261]
Epoch 26:  90%|#########.| 529/585 [00:09:41<00:01:01,  0.91it/s, loss=0.0261]
Epoch 26:  91%|#########.| 534/585 [00:09:46<00:00:56,  0.91it/s, loss=0.0261]
Epoch 26:  92%|#########.| 539/585 [00:09:52<00:00:50,  0.91it/s, loss=0.0261]
Epoch 26:  93%|#########.| 544/585 [00:09:57<00:00:45,  0.91it/s, loss=0.0260]
Epoch 26:  94%|#########.| 549/585 [00:10:03<00:00:39,  0.91it/s, loss=0.0260]
Epoch 26:  95%|#########.| 553/585 [00:10:08<00:00:35,  0.91it/s, loss=0.0260]
Epoch 26:  96%|#########.| 559/585 [00:10:14<00:00:28,  0.91it/s, loss=0.0260]
Epoch 26:  96%|#########.| 564/585 [00:10:19<00:00:23,  0.91it/s, loss=0.0260]
Epoch 26:  97%|#########.| 569/585 [00:10:25<00:00:17,  0.91it/s, loss=0.0260]
Epoch 26:  98%|#########.| 574/585 [00:10:30<00:00:12,  0.91it/s, loss=0.0260]
Epoch 26:  99%|#########.| 578/585 [00:10:35<00:00:07,  0.91it/s, loss=0.0260]
Epoch 26: 100%|#########.| 583/585 [00:10:41<00:00:02,  0.91it/s, loss=0.0259]
Epoch 26: 100%|##########| 585/585 [00:10:44<00:00:00,  0.91it/s, loss=0.0260]
Test loss: 0.0248, Test rmsae: 7.40deg
{"event": "epoch_complete", "epoch": 26, "phase": 2, "lr": 1e-05, "batch_size": 10, "micro_batch_size": 1, "train_loss": 0.025957497387615023, "val_loss": 0.02483403350925073, "val_rmsae_deg": 7.402722060680389, "epoch_time_s": 645.6465673667844}
Epoch 27/40:
Epoch 27:   1%|..........| 5/585 [00:00:05<00:09:46,  0.99it/s, loss=0.0222]
Epoch 27:   2%|..........| 10/585 [00:00:10<00:10:17,  0.93it/s, loss=0.0249]
Epoch 27:   3%|..........| 15/585 [00:00:16<00:10:14,  0.93it/s, loss=0.0249]
Epoch 27:   3%|..........| 20/585 [00:00:21<00:10:01,  0.94it/s, loss=0.0245]
Epoch 27:   4%|..........| 25/585 [00:00:26<00:10:01,  0.93it/s, loss=0.0253]
Epoch 27:   5%|..........| 30/585 [00:00:32<00:10:03,  0.92it/s, loss=0.0249]
Epoch 27:   6%|..........| 34/585 [00:00:38<00:10:26,  0.88it/s, loss=0.0249]
Epoch 27:   7%|..........| 39/585 [00:00:43<00:10:13,  0.89it/s, loss=0.0249]
Epoch 27:   8%|..........| 44/585 [00:00:49<00:10:04,  0.89it/s, loss=0.0246]
Epoch 27:   8%|..........| 49/585 [00:00:54<00:09:58,  0.90it/s, loss=0.0247]
Epoch 27:   9%|..........| 54/585 [00:00:59<00:09:49,  0.90it/s, loss=0.0256]
Epoch 27:  10%|#.........| 59/585 [00:01:05<00:09:45,  0.90it/s, loss=0.0255]
Epoch 27:  11%|#.........| 64/585 [00:01:10<00:09:35,  0.91it/s, loss=0.0253]
Epoch 27:  12%|#.........| 69/585 [00:01:16<00:09:32,  0.90it/s, loss=0.0256]
Epoch 27:  12%|#.........| 73/585 [00:01:21<00:09:32,  0.89it/s, loss=0.0257]
Epoch 27:  13%|#.........| 78/585 [00:01:26<00:09:23,  0.90it/s, loss=0.0260]
Epoch 27:  14%|#.........| 83/585 [00:01:31<00:09:15,  0.90it/s, loss=0.0259]
Epoch 27:  15%|#.........| 88/585 [00:01:37<00:09:08,  0.91it/s, loss=0.0260]
Epoch 27:  16%|#.........| 93/585 [00:01:43<00:09:07,  0.90it/s, loss=0.0261]
Epoch 27:  17%|#.........| 98/585 [00:01:48<00:09:00,  0.90it/s, loss=0.0262]
Epoch 27:  18%|#.........| 104/585 [00:01:54<00:08:50,  0.91it/s, loss=0.0262]
Epoch 27:  19%|#.........| 109/585 [00:02:00<00:08:44,  0.91it/s, loss=0.0260]
Epoch 27:  20%|#.........| 115/585 [00:02:06<00:08:35,  0.91it/s, loss=0.0260]
Epoch 27:  21%|##........| 120/585 [00:02:11<00:08:29,  0.91it/s, loss=0.0259]
Epoch 27:  21%|##........| 125/585 [00:02:17<00:08:24,  0.91it/s, loss=0.0257]
Epoch 27:  22%|##........| 130/585 [00:02:22<00:08:19,  0.91it/s, loss=0.0260]
Epoch 27:  23%|##........| 134/585 [00:02:27<00:08:17,  0.91it/s, loss=0.0260]
Epoch 27:  24%|##........| 139/585 [00:02:33<00:08:11,  0.91it/s, loss=0.0259]
Epoch 27:  25%|##........| 144/585 [00:02:38<00:08:06,  0.91it/s, loss=0.0260]
Epoch 27:  25%|##........| 149/585 [00:02:44<00:08:00,  0.91it/s, loss=0.0258]
Epoch 27:  26%|##........| 154/585 [00:02:49<00:07:54,  0.91it/s, loss=0.0258]
Epoch 27:  27%|##........| 159/585 [00:02:55<00:07:49,  0.91it/s, loss=0.0258]
Epoch 27:  28%|##........| 164/585 [00:03:00<00:07:44,  0.91it/s, loss=0.0257]
Epoch 27:  29%|##........| 169/585 [00:03:06<00:07:38,  0.91it/s, loss=0.0257]
Epoch 27:  30%|##........| 175/585 [00:03:12<00:07:30,  0.91it/s, loss=0.0256]
Epoch 27:  31%|###.......| 181/585 [00:03:18<00:07:22,  0.91it/s, loss=0.0256]
Epoch 27:  32%|###.......| 186/585 [00:03:23<00:07:16,  0.91it/s, loss=0.0257]
Epoch 27:  33%|###.......| 191/585 [00:03:29<00:07:11,  0.91it/s, loss=0.0257]
Epoch 27:  34%|###.......| 196/585 [00:03:34<00:07:05,  0.91it/s, loss=0.0256]
Epoch 27:  35%|###.......| 202/585 [00:03:40<00:06:58,  0.92it/s, loss=0.0256]
Epoch 27:  35%|###.......| 207/585 [00:03:46<00:06:52,  0.92it/s, loss=0.0255]
Epoch 27:  36%|###.......| 212/585 [00:03:51<00:06:47,  0.91it/s, loss=0.0256]
Epoch 27:  37%|###.......| 217/585 [00:03:56<00:06:41,  0.92it/s, loss=0.0256]
Epoch 27:  38%|###.......| 223/585 [00:04:02<00:06:34,  0.92it/s, loss=0.0256]
Epoch 27:  39%|###.......| 228/585 [00:04:08<00:06:29,  0.92it/s, loss=0.0257]
Epoch 27:  40%|###.......| 232/585 [00:04:13<00:06:26,  0.91it/s, loss=0.0258]
Epoch 27:  41%|####......| 237/585 [00:04:19<00:06:20,  0.91it/s, loss=0.0258]
Epoch 27:  41%|####......| 242/585 [00:04:25<00:06:15,  0.91it/s, loss=0.0258]
Epoch 27:  42%|####......| 247/585 [00:04:30<00:06:10,  0.91it/s, loss=0.0257]
Epoch 27:  43%|####......| 252/585 [00:04:36<00:06:04,  0.91it/s, loss=0.0256]
Epoch 27:  44%|####......| 258/585 [00:04:42<00:05:57,  0.91it/s, loss=0.0256]
Epoch 27:  45%|####......| 263/585 [00:04:47<00:05:52,  0.91it/s, loss=0.0255]
Epoch 27:  46%|####......| 268/585 [00:04:53<00:05:46,  0.91it/s, loss=0.0255]
Epoch 27:  47%|####......| 274/585 [00:04:59<00:05:39,  0.92it/s, loss=0.0255]
Epoch 27:  48%|####......| 279/585 [00:05:04<00:05:34,  0.92it/s, loss=0.0254]
Epoch 27:  49%|####......| 284/585 [00:05:10<00:05:28,  0.91it/s, loss=0.0255]
Epoch 27:  50%|####......| 290/585 [00:05:16<00:05:21,  0.92it/s, loss=0.0255]
Epoch 27:  50%|#####.....| 295/585 [00:05:21<00:05:15,  0.92it/s, loss=0.0254]
Epoch 27:  51%|#####.....| 301/585 [00:05:27<00:05:08,  0.92it/s, loss=0.0255]
Epoch 27:  52%|#####.....| 306/585 [00:05:32<00:05:03,  0.92it/s, loss=0.0255]
Epoch 27:  53%|#####.....| 311/585 [00:05:37<00:04:57,  0.92it/s, loss=0.0255]
Epoch 27:  54%|#####.....| 316/585 [00:05:43<00:04:52,  0.92it/s, loss=0.0255]
Epoch 27:  55%|#####.....| 321/585 [00:05:48<00:04:46,  0.92it/s, loss=0.0255]
Epoch 27:  56%|#####.....| 326/585 [00:05:53<00:04:41,  0.92it/s, loss=0.0255]
Epoch 27:  57%|#####.....| 331/585 [00:05:59<00:04:36,  0.92it/s, loss=0.0255]
Epoch 27:  57%|#####.....| 336/585 [00:06:05<00:04:30,  0.92it/s, loss=0.0255]
Epoch 27:  58%|#####.....| 341/585 [00:06:10<00:04:24,  0.92it/s, loss=0.0255]
Epoch 27:  59%|#####.....| 345/585 [00:06:15<00:04:21,  0.92it/s, loss=0.0255]
Epoch 27:  60%|#####.....| 350/585 [00:06:20<00:04:15,  0.92it/s, loss=0.0255]
Epoch 27:  61%|######....| 355/585 [00:06:25<00:04:09,  0.92it/s, loss=0.0254]
Epoch 27:  62%|######....| 360/585 [00:06:31<00:04:04,  0.92it/s, loss=0.0255]
Epoch 27:  62%|######....| 365/585 [00:06:36<00:03:59,  0.92it/s, loss=0.0255]
Epoch 27:  63%|######....| 371/585 [00:06:42<00:03:52,  0.92it/s, loss=0.0255]
Epoch 27:  64%|######....| 376/585 [00:06:48<00:03:46,  0.92it/s, loss=0.0255]
Epoch 27:  65%|######....| 382/585 [00:06:54<00:03:40,  0.92it/s, loss=0.0254]
Epoch 27:  66%|######....| 387/585 [00:06:59<00:03:34,  0.92it/s, loss=0.0255]
Epoch 27:  67%|######....| 392/585 [00:07:06<00:03:29,  0.92it/s, loss=0.0256]
Epoch 27:  68%|######....| 397/585 [00:07:11<00:03:24,  0.92it/s, loss=0.0256]
Epoch 27:  69%|######....| 402/585 [00:07:17<00:03:18,  0.92it/s, loss=0.0256]
Epoch 27:  70%|######....| 407/585 [00:07:22<00:03:13,  0.92it/s, loss=0.0256]
Epoch 27:  70%|#######...| 412/585 [00:07:27<00:03:08,  0.92it/s, loss=0.0256]
Epoch 27:  71%|#######...| 416/585 [00:07:32<00:03:03,  0.92it/s, loss=0.0256]
Epoch 27:  72%|#######...| 421/585 [00:07:39<00:02:58,  0.92it/s, loss=0.0256]
Epoch 27:  73%|#######...| 426/585 [00:07:44<00:02:53,  0.92it/s, loss=0.0256]
Epoch 27:  74%|#######...| 431/585 [00:07:49<00:02:47,  0.92it/s, loss=0.0256]
Epoch 27:  75%|#######...| 436/585 [00:07:54<00:02:42,  0.92it/s, loss=0.0255]
Epoch 27:  76%|#######...| 442/585 [00:08:00<00:02:35,  0.92it/s, loss=0.0255]
Epoch 27:  76%|#######...| 447/585 [00:08:06<00:02:30,  0.92it/s, loss=0.0255]
Epoch 27:  77%|#######...| 452/585 [00:08:12<00:02:24,  0.92it/s, loss=0.0255]
Epoch 27:  78%|#######...| 458/585 [00:08:18<00:02:18,  0.92it/s, loss=0.0255]
Epoch 27:  79%|#######...| 463/585 [00:08:23<00:02:12,  0.92it/s, loss=0.0255]
Epoch 27:  80%|########..| 468/585 [00:08:29<00:02:07,  0.92it/s, loss=0.0255]
Epoch 27:  81%|########..| 473/585 [00:08:35<00:02:01,  0.92it/s, loss=0.0255]
Epoch 27:  82%|########..| 477/585 [00:08:40<00:01:57,  0.92it/s, loss=0.0255]
Epoch 27:  82%|########..| 481/585 [00:08:45<00:01:53,  0.92it/s, loss=0.0256]
Epoch 27:  83%|########..| 486/585 [00:08:51<00:01:48,  0.91it/s, loss=0.0256]
Epoch 27:  84%|########..| 490/585 [00:08:56<00:01:44,  0.91it/s, loss=0.0257]
Epoch 27:  85%|########..| 495/585 [00:09:02<00:01:38,  0.91it/s, loss=0.0256]
Epoch 27:  85%|########..| 500/585 [00:09:07<00:01:33,  0.91it/s, loss=0.0256]
Epoch 27:  86%|########..| 505/585 [00:09:13<00:01:27,  0.91it/s, loss=0.0256]
Epoch 27:  87%|########..| 510/585 [00:09:19<00:01:22,  0.91it/s, loss=0.0256]
Epoch 27:  88%|########..| 515/585 [00:09:24<00:01:16,  0.91it/s, loss=0.0256]
Epoch 27:  89%|########..| 520/585 [00:09:30<00:01:11,  0.91it/s, loss=0.0256]
Epoch 27:  90%|########..| 525/585 [00:09:35<00:01:05,  0.91it/s, loss=0.0256]
Epoch 27:  91%|#########.| 530/585 [00:09:41<00:01:00,  0.91it/s, loss=0.0257]
Epoch 27:  91%|#########.| 535/585 [00:09:47<00:00:54,  0.91it/s, loss=0.0257]
Epoch 27:  92%|#########.| 541/585 [00:09:52<00:00:48,  0.91it/s, loss=0.0256]
Epoch 27:  93%|#########.| 545/585 [00:09:57<00:00:43,  0.91it/s, loss=0.0256]
Epoch 27:  94%|#########.| 550/585 [00:10:03<00:00:38,  0.91it/s, loss=0.0256]
Epoch 27:  95%|#########.| 555/585 [00:10:08<00:00:32,  0.91it/s, loss=0.0256]
Epoch 27:  96%|#########.| 560/585 [00:10:13<00:00:27,  0.91it/s, loss=0.0256]
Epoch 27:  97%|#########.| 565/585 [00:10:18<00:00:21,  0.91it/s, loss=0.0256]
Epoch 27:  97%|#########.| 569/585 [00:10:23<00:00:17,  0.91it/s, loss=0.0256]
Epoch 27:  98%|#########.| 574/585 [00:10:29<00:00:12,  0.91it/s, loss=0.0256]
Epoch 27:  99%|#########.| 578/585 [00:10:34<00:00:07,  0.91it/s, loss=0.0256]
Epoch 27: 100%|#########.| 583/585 [00:10:39<00:00:02,  0.91it/s, loss=0.0256]
Epoch 27: 100%|##########| 585/585 [00:10:41<00:00:00,  0.91it/s, loss=0.0256]
Test loss: 0.0248, Test rmsae: 7.42deg
{"event": "epoch_complete", "epoch": 27, "phase": 2, "lr": 1e-05, "batch_size": 10, "micro_batch_size": 1, "train_loss": 0.025560120766998356, "val_loss": 0.024846200016327202, "val_rmsae_deg": 7.41714283823967, "epoch_time_s": 643.0536716850474}
Epoch 28/40:
Epoch 28:   1%|..........| 6/585 [00:00:05<00:09:23,  1.03it/s, loss=0.0235]
Epoch 28:   2%|..........| 11/585 [00:00:11<00:09:44,  0.98it/s, loss=0.0234]
Epoch 28:   3%|..........| 16/585 [00:00:16<00:10:03,  0.94it/s, loss=0.0247]
Epoch 28:   4%|..........| 21/585 [00:00:22<00:10:01,  0.94it/s, loss=0.0264]
Epoch 28:   4%|..........| 26/585 [00:00:27<00:09:57,  0.94it/s, loss=0.0269]
Epoch 28:   5%|..........| 31/585 [00:00:33<00:10:02,  0.92it/s, loss=0.0265]
Epoch 28:   6%|..........| 36/585 [00:00:39<00:10:04,  0.91it/s, loss=0.0263]
Epoch 28:   7%|..........| 41/585 [00:00:45<00:09:57,  0.91it/s, loss=0.0263]
Epoch 28:   8%|..........| 46/585 [00:00:50<00:09:52,  0.91it/s, loss=0.0264]
Epoch 28:   9%|..........| 52/585 [00:00:57<00:09:45,  0.91it/s, loss=0.0269]
Epoch 28:  10%|..........| 56/585 [00:01:02<00:09:52,  0.89it/s, loss=0.0268]
Epoch 28:  10%|#.........| 61/585 [00:01:08<00:09:50,  0.89it/s, loss=0.0265]
Epoch 28:  11%|#.........| 66/585 [00:01:13<00:09:40,  0.89it/s, loss=0.0262]
Epoch 28:  12%|#.........| 71/585 [00:01:19<00:09:32,  0.90it/s, loss=0.0262]
Epoch 28:  13%|#.........| 75/585 [00:01:24<00:09:33,  0.89it/s, loss=0.0259]
Epoch 28:  14%|#.........| 81/585 [00:01:30<00:09:21,  0.90it/s, loss=0.0256]
Epoch 28:  15%|#.........| 86/585 [00:01:36<00:09:18,  0.89it/s, loss=0.0258]
Epoch 28:  16%|#.........| 91/585 [00:01:41<00:09:10,  0.90it/s, loss=0.0257]
Epoch 28:  17%|#.........| 97/585 [00:01:47<00:08:59,  0.90it/s, loss=0.0260]
Epoch 28:  17%|#.........| 102/585 [00:01:52<00:08:53,  0.91it/s, loss=0.0259]
Epoch 28:  18%|#.........| 107/585 [00:01:58<00:08:48,  0.90it/s, loss=0.0260]
Epoch 28:  19%|#.........| 112/585 [00:02:04<00:08:44,  0.90it/s, loss=0.0266]
Epoch 28:  20%|##........| 117/585 [00:02:10<00:08:40,  0.90it/s, loss=0.0264]
Epoch 28:  21%|##........| 122/585 [00:02:15<00:08:34,  0.90it/s, loss=0.0264]
Epoch 28:  22%|##........| 127/585 [00:02:21<00:08:31,  0.90it/s, loss=0.0265]
Epoch 28:  23%|##........| 132/585 [00:02:27<00:08:25,  0.90it/s, loss=0.0267]
Epoch 28:  23%|##........| 137/585 [00:02:32<00:08:18,  0.90it/s, loss=0.0266]
Epoch 28:  24%|##........| 142/585 [00:02:38<00:08:13,  0.90it/s, loss=0.0267]
Epoch 28:  25%|##........| 147/585 [00:02:44<00:08:09,  0.89it/s, loss=0.0269]
Epoch 28:  26%|##........| 152/585 [00:02:49<00:08:04,  0.89it/s, loss=0.0268]
Epoch 28:  27%|##........| 158/585 [00:02:55<00:07:54,  0.90it/s, loss=0.0267]
Epoch 28:  28%|##........| 163/585 [00:03:01<00:07:49,  0.90it/s, loss=0.0269]
Epoch 28:  29%|##........| 168/585 [00:03:07<00:07:45,  0.90it/s, loss=0.0268]
Epoch 28:  30%|##........| 174/585 [00:03:13<00:07:36,  0.90it/s, loss=0.0267]
Epoch 28:  31%|###.......| 179/585 [00:03:18<00:07:30,  0.90it/s, loss=0.0266]
Epoch 28:  31%|###.......| 184/585 [00:03:24<00:07:25,  0.90it/s, loss=0.0267]
Epoch 28:  32%|###.......| 189/585 [00:03:30<00:07:20,  0.90it/s, loss=0.0266]
Epoch 28:  33%|###.......| 194/585 [00:03:35<00:07:15,  0.90it/s, loss=0.0266]
Epoch 28:  34%|###.......| 199/585 [00:03:41<00:07:09,  0.90it/s, loss=0.0266]
Epoch 28:  35%|###.......| 205/585 [00:03:46<00:07:00,  0.90it/s, loss=0.0264]
Epoch 28:  36%|###.......| 211/585 [00:03:52<00:06:52,  0.91it/s, loss=0.0263]
Epoch 28:  37%|###.......| 216/585 [00:03:58<00:06:46,  0.91it/s, loss=0.0263]
Epoch 28:  38%|###.......| 221/585 [00:04:04<00:06:41,  0.91it/s, loss=0.0263]
Epoch 28:  39%|###.......| 226/585 [00:04:09<00:06:36,  0.91it/s, loss=0.0264]
Epoch 28:  39%|###.......| 231/585 [00:04:14<00:06:30,  0.91it/s, loss=0.0264]
Epoch 28:  40%|####......| 236/585 [00:04:20<00:06:24,  0.91it/s, loss=0.0263]
Epoch 28:  41%|####......| 241/585 [00:04:25<00:06:19,  0.91it/s, loss=0.0262]
Epoch 28:  42%|####......| 246/585 [00:04:31<00:06:13,  0.91it/s, loss=0.0265]
Epoch 28:  43%|####......| 251/585 [00:04:37<00:06:09,  0.90it/s, loss=0.0265]
Epoch 28:  44%|####......| 256/585 [00:04:43<00:06:04,  0.90it/s, loss=0.0267]
Epoch 28:  45%|####......| 261/585 [00:04:48<00:05:58,  0.90it/s, loss=0.0266]
Epoch 28:  45%|####......| 266/585 [00:04:54<00:05:53,  0.90it/s, loss=0.0266]
Epoch 28:  46%|####......| 271/585 [00:04:59<00:05:47,  0.90it/s, loss=0.0266]
Epoch 28:  47%|####......| 276/585 [00:05:05<00:05:41,  0.90it/s, loss=0.0266]
Epoch 28:  48%|####......| 281/585 [00:05:11<00:05:36,  0.90it/s, loss=0.0266]
Epoch 28:  49%|####......| 286/585 [00:05:16<00:05:30,  0.90it/s, loss=0.0265]
Epoch 28:  50%|####......| 292/585 [00:05:22<00:05:23,  0.91it/s, loss=0.0265]
Epoch 28:  51%|#####.....| 297/585 [00:05:27<00:05:17,  0.91it/s, loss=0.0265]
Epoch 28:  52%|#####.....| 302/585 [00:05:32<00:05:11,  0.91it/s, loss=0.0265]
Epoch 28:  53%|#####.....| 308/585 [00:05:38<00:05:04,  0.91it/s, loss=0.0265]
Epoch 28:  54%|#####.....| 314/585 [00:05:45<00:04:57,  0.91it/s, loss=0.0264]
Epoch 28:  55%|#####.....| 319/585 [00:05:50<00:04:52,  0.91it/s, loss=0.0265]
Epoch 28:  55%|#####.....| 324/585 [00:05:57<00:04:47,  0.91it/s, loss=0.0265]
Epoch 28:  56%|#####.....| 329/585 [00:06:02<00:04:42,  0.91it/s, loss=0.0264]
Epoch 28:  57%|#####.....| 334/585 [00:06:08<00:04:36,  0.91it/s, loss=0.0264]
Epoch 28:  58%|#####.....| 339/585 [00:06:13<00:04:30,  0.91it/s, loss=0.0264]
Epoch 28:  59%|#####.....| 344/585 [00:06:18<00:04:25,  0.91it/s, loss=0.0264]
Epoch 28:  60%|#####.....| 349/585 [00:06:24<00:04:20,  0.91it/s, loss=0.0263]
Epoch 28:  61%|######....| 354/585 [00:06:29<00:04:14,  0.91it/s, loss=0.0263]
Epoch 28:  61%|######....| 358/585 [00:06:34<00:04:10,  0.91it/s, loss=0.0264]
Epoch 28:  62%|######....| 363/585 [00:06:40<00:04:04,  0.91it/s, loss=0.0264]
Epoch 28:  63%|######....| 368/585 [00:06:45<00:03:59,  0.91it/s, loss=0.0264]
Epoch 28:  64%|######....| 374/585 [00:06:51<00:03:52,  0.91it/s, loss=0.0264]
Epoch 28:  65%|######....| 379/585 [00:06:56<00:03:46,  0.91it/s, loss=0.0264]
Epoch 28:  66%|######....| 384/585 [00:07:02<00:03:41,  0.91it/s, loss=0.0263]
Epoch 28:  66%|######....| 389/585 [00:07:07<00:03:35,  0.91it/s, loss=0.0263]
Epoch 28:  67%|######....| 393/585 [00:07:13<00:03:31,  0.91it/s, loss=0.0263]
Epoch 28:  68%|######....| 399/585 [00:07:19<00:03:24,  0.91it/s, loss=0.0263]
Epoch 28:  69%|######....| 404/585 [00:07:25<00:03:19,  0.91it/s, loss=0.0263]
Epoch 28:  70%|######....| 409/585 [00:07:30<00:03:13,  0.91it/s, loss=0.0263]
Epoch 28:  71%|#######...| 414/585 [00:07:35<00:03:08,  0.91it/s, loss=0.0262]
Epoch 28:  72%|#######...| 419/585 [00:07:41<00:03:02,  0.91it/s, loss=0.0263]
Epoch 28:  72%|#######...| 424/585 [00:07:46<00:02:57,  0.91it/s, loss=0.0262]
Epoch 28:  73%|#######...| 428/585 [00:07:52<00:02:53,  0.91it/s, loss=0.0263]
Epoch 28:  74%|#######...| 433/585 [00:07:57<00:02:47,  0.91it/s, loss=0.0262]
Epoch 28:  75%|#######...| 438/585 [00:08:02<00:02:41,  0.91it/s, loss=0.0261]
Epoch 28:  76%|#######...| 443/585 [00:08:08<00:02:36,  0.91it/s, loss=0.0261]
Epoch 28:  76%|#######...| 447/585 [00:08:13<00:02:32,  0.91it/s, loss=0.0263]
Epoch 28:  77%|#######...| 452/585 [00:08:19<00:02:27,  0.90it/s, loss=0.0262]
Epoch 28:  78%|#######...| 456/585 [00:08:24<00:02:22,  0.90it/s, loss=0.0263]
Epoch 28:  79%|#######...| 461/585 [00:08:29<00:02:17,  0.90it/s, loss=0.0263]
Epoch 28:  80%|#######...| 466/585 [00:08:35<00:02:11,  0.90it/s, loss=0.0262]
Epoch 28:  81%|########..| 471/585 [00:08:40<00:02:06,  0.90it/s, loss=0.0262]
Epoch 28:  81%|########..| 476/585 [00:08:46<00:02:00,  0.90it/s, loss=0.0263]
Epoch 28:  82%|########..| 481/585 [00:08:51<00:01:54,  0.90it/s, loss=0.0263]
Epoch 28:  83%|########..| 486/585 [00:08:56<00:01:49,  0.91it/s, loss=0.0263]
Epoch 28:  84%|########..| 490/585 [00:09:02<00:01:45,  0.90it/s, loss=0.0264]
Epoch 28:  85%|########..| 495/585 [00:09:08<00:01:39,  0.90it/s, loss=0.0264]
Epoch 28:  85%|########..| 500/585 [00:09:13<00:01:34,  0.90it/s, loss=0.0264]
Epoch 28:  86%|########..| 505/585 [00:09:19<00:01:28,  0.90it/s, loss=0.0264]
Epoch 28:  87%|########..| 510/585 [00:09:24<00:01:22,  0.90it/s, loss=0.0268]
Epoch 28:  88%|########..| 515/585 [00:09:30<00:01:17,  0.90it/s, loss=0.0268]
Epoch 28:  89%|########..| 520/585 [00:09:35<00:01:11,  0.90it/s, loss=0.0269]
Epoch 28:  90%|########..| 525/585 [00:09:41<00:01:06,  0.90it/s, loss=0.0269]
Epoch 28:  90%|#########.| 529/585 [00:09:46<00:01:02,  0.90it/s, loss=0.0269]
Epoch 28:  91%|#########.| 533/585 [00:09:51<00:00:57,  0.90it/s, loss=0.0268]
Epoch 28:  92%|#########.| 538/585 [00:09:56<00:00:52,  0.90it/s, loss=0.0268]
Epoch 28:  93%|#########.| 543/585 [00:10:02<00:00:46,  0.90it/s, loss=0.0268]
Epoch 28:  94%|#########.| 548/585 [00:10:08<00:00:41,  0.90it/s, loss=0.0268]
Epoch 28:  95%|#########.| 553/585 [00:10:13<00:00:35,  0.90it/s, loss=0.0268]
Epoch 28:  95%|#########.| 558/585 [00:10:19<00:00:29,  0.90it/s, loss=0.0268]
Epoch 28:  96%|#########.| 563/585 [00:10:25<00:00:24,  0.90it/s, loss=0.0268]
Epoch 28:  97%|#########.| 567/585 [00:10:30<00:00:20,  0.90it/s, loss=0.0268]
Epoch 28:  98%|#########.| 572/585 [00:10:36<00:00:14,  0.90it/s, loss=0.0268]
Epoch 28:  99%|#########.| 577/585 [00:10:42<00:00:08,  0.90it/s, loss=0.0267]
Epoch 28:  99%|#########.| 582/585 [00:10:48<00:00:03,  0.90it/s, loss=0.0268]
Epoch 28: 100%|##########| 585/585 [00:10:51<00:00:00,  0.90it/s, loss=0.0267]
Test loss: 0.0249, Test rmsae: 7.40deg
{"event": "epoch_complete", "epoch": 28, "phase": 2, "lr": 1e-05, "batch_size": 10, "micro_batch_size": 1, "train_loss": 0.026744729742153077, "val_loss": 0.024852435162756592, "val_rmsae_deg": 7.4023333340883255, "epoch_time_s": 652.7064196069259}
Epoch 29/40:
Epoch 29:   1%|..........| 5/585 [00:00:05<00:10:30,  0.92it/s, loss=0.0242]
Epoch 29:   2%|..........| 11/585 [00:00:11<00:09:42,  0.99it/s, loss=0.0239]
Epoch 29:   3%|..........| 15/585 [00:00:16<00:10:21,  0.92it/s, loss=0.0252]
Epoch 29:   3%|..........| 20/585 [00:00:22<00:10:24,  0.91it/s, loss=0.0248]
Epoch 29:   4%|..........| 25/585 [00:00:27<00:10:11,  0.92it/s, loss=0.0246]
Epoch 29:   5%|..........| 30/585 [00:00:33<00:10:12,  0.91it/s, loss=0.0241]
Epoch 29:   6%|..........| 35/585 [00:00:38<00:10:11,  0.90it/s, loss=0.0249]
Epoch 29:   7%|..........| 40/585 [00:00:43<00:09:59,  0.91it/s, loss=0.0252]
Epoch 29:   8%|..........| 46/585 [00:00:50<00:09:46,  0.92it/s, loss=0.0249]
Epoch 29:   9%|..........| 51/585 [00:00:55<00:09:39,  0.92it/s, loss=0.0249]
Epoch 29:  10%|..........| 56/585 [00:01:00<00:09:34,  0.92it/s, loss=0.0251]
Epoch 29:  10%|#.........| 61/585 [00:01:06<00:09:28,  0.92it/s, loss=0.0251]
Epoch 29:  11%|#.........| 66/585 [00:01:11<00:09:22,  0.92it/s, loss=0.0251]
Epoch 29:  12%|#.........| 70/585 [00:01:16<00:09:23,  0.91it/s, loss=0.0254]
Epoch 29:  13%|#.........| 75/585 [00:01:22<00:09:19,  0.91it/s, loss=0.0253]
Epoch 29:  14%|#.........| 80/585 [00:01:27<00:09:12,  0.91it/s, loss=0.0251]
Epoch 29:  15%|#.........| 85/585 [00:01:33<00:09:08,  0.91it/s, loss=0.0252]
Epoch 29:  15%|#.........| 90/585 [00:01:38<00:09:01,  0.91it/s, loss=0.0252]
Epoch 29:  16%|#.........| 95/585 [00:01:43<00:08:53,  0.92it/s, loss=0.0251]
Epoch 29:  17%|#.........| 99/585 [00:01:48<00:08:54,  0.91it/s, loss=0.0252]
Epoch 29:  18%|#.........| 104/585 [00:01:53<00:08:47,  0.91it/s, loss=0.0253]
Epoch 29:  19%|#.........| 109/585 [00:01:59<00:08:39,  0.92it/s, loss=0.0252]
Epoch 29:  19%|#.........| 113/585 [00:02:05<00:08:44,  0.90it/s, loss=0.0254]
Epoch 29:  20%|##........| 118/585 [00:02:11<00:08:40,  0.90it/s, loss=0.0252]
Epoch 29:  21%|##........| 123/585 [00:02:17<00:08:36,  0.89it/s, loss=0.0252]
Epoch 29:  22%|##........| 128/585 [00:02:22<00:08:29,  0.90it/s, loss=0.0251]
Epoch 29:  23%|##........| 132/585 [00:02:28<00:08:27,  0.89it/s, loss=0.0251]
Epoch 29:  24%|##........| 138/585 [00:02:33<00:08:17,  0.90it/s, loss=0.0251]
Epoch 29:  25%|##........| 144/585 [00:02:39<00:08:08,  0.90it/s, loss=0.0251]
Epoch 29:  25%|##........| 149/585 [00:02:44<00:08:02,  0.90it/s, loss=0.0253]
Epoch 29:  26%|##........| 154/585 [00:02:50<00:07:57,  0.90it/s, loss=0.0253]
Epoch 29:  27%|##........| 159/585 [00:02:57<00:07:54,  0.90it/s, loss=0.0253]
Epoch 29:  28%|##........| 164/585 [00:03:02<00:07:48,  0.90it/s, loss=0.0253]
Epoch 29:  29%|##........| 169/585 [00:03:08<00:07:43,  0.90it/s, loss=0.0256]
Epoch 29:  30%|##........| 174/585 [00:03:13<00:07:37,  0.90it/s, loss=0.0258]
Epoch 29:  31%|###.......| 179/585 [00:03:18<00:07:31,  0.90it/s, loss=0.0258]
Epoch 29:  31%|###.......| 184/585 [00:03:24<00:07:25,  0.90it/s, loss=0.0257]
Epoch 29:  32%|###.......| 189/585 [00:03:29<00:07:18,  0.90it/s, loss=0.0257]
Epoch 29:  33%|###.......| 194/585 [00:03:34<00:07:12,  0.90it/s, loss=0.0256]
Epoch 29:  34%|###.......| 199/585 [00:03:40<00:07:07,  0.90it/s, loss=0.0257]
Epoch 29:  35%|###.......| 204/585 [00:03:46<00:07:02,  0.90it/s, loss=0.0259]
Epoch 29:  36%|###.......| 210/585 [00:03:52<00:06:54,  0.90it/s, loss=0.0259]
Epoch 29:  37%|###.......| 215/585 [00:03:58<00:06:49,  0.90it/s, loss=0.0259]
Epoch 29:  38%|###.......| 220/585 [00:04:03<00:06:44,  0.90it/s, loss=0.0259]
Epoch 29:  38%|###.......| 225/585 [00:04:09<00:06:39,  0.90it/s, loss=0.0259]
Epoch 29:  39%|###.......| 230/585 [00:04:15<00:06:34,  0.90it/s, loss=0.0258]
Epoch 29:  40%|####......| 236/585 [00:04:21<00:06:27,  0.90it/s, loss=0.0258]
Epoch 29:  41%|####......| 241/585 [00:04:27<00:06:21,  0.90it/s, loss=0.0257]
Epoch 29:  42%|####......| 247/585 [00:04:33<00:06:13,  0.90it/s, loss=0.0257]
Epoch 29:  43%|####......| 252/585 [00:04:38<00:06:08,  0.90it/s, loss=0.0258]
Epoch 29:  44%|####......| 257/585 [00:04:43<00:06:02,  0.91it/s, loss=0.0257]
Epoch 29:  45%|####......| 262/585 [00:04:49<00:05:56,  0.91it/s, loss=0.0257]
Epoch 29:  46%|####......| 267/585 [00:04:54<00:05:51,  0.91it/s, loss=0.0257]
Epoch 29:  46%|####......| 272/585 [00:04:59<00:05:44,  0.91it/s, loss=0.0257]
Epoch 29:  47%|####......| 277/585 [00:05:04<00:05:39,  0.91it/s, loss=0.0258]
Epoch 29:  48%|####......| 282/585 [00:05:10<00:05:33,  0.91it/s, loss=0.0258]
Epoch 29:  49%|####......| 287/585 [00:05:16<00:05:28,  0.91it/s, loss=0.0259]
Epoch 29:  50%|####......| 292/585 [00:05:21<00:05:22,  0.91it/s, loss=0.0259]
Epoch 29:  51%|#####.....| 297/585 [00:05:26<00:05:16,  0.91it/s, loss=0.0258]
Epoch 29:  52%|#####.....| 302/585 [00:05:32<00:05:11,  0.91it/s, loss=0.0258]
Epoch 29:  52%|#####.....| 307/585 [00:05:37<00:05:05,  0.91it/s, loss=0.0258]
Epoch 29:  53%|#####.....| 312/585 [00:05:43<00:05:00,  0.91it/s, loss=0.0258]
Epoch 29:  54%|#####.....| 317/585 [00:05:48<00:04:54,  0.91it/s, loss=0.0258]
Epoch 29:  55%|#####.....| 322/585 [00:05:53<00:04:48,  0.91it/s, loss=0.0257]
Epoch 29:  56%|#####.....| 326/585 [00:05:59<00:04:45,  0.91it/s, loss=0.0258]
Epoch 29:  57%|#####.....| 331/585 [00:06:05<00:04:40,  0.91it/s, loss=0.0257]
Epoch 29:  57%|#####.....| 336/585 [00:06:10<00:04:34,  0.91it/s, loss=0.0257]
Epoch 29:  58%|#####.....| 340/585 [00:06:15<00:04:30,  0.90it/s, loss=0.0257]
Epoch 29:  59%|#####.....| 345/585 [00:06:21<00:04:25,  0.90it/s, loss=0.0257]
Epoch 29:  60%|#####.....| 350/585 [00:06:26<00:04:19,  0.90it/s, loss=0.0257]
Epoch 29:  61%|######....| 355/585 [00:06:32<00:04:14,  0.91it/s, loss=0.0257]
Epoch 29:  62%|######....| 360/585 [00:06:37<00:04:08,  0.91it/s, loss=0.0257]
Epoch 29:  62%|######....| 365/585 [00:06:42<00:04:02,  0.91it/s, loss=0.0256]
Epoch 29:  63%|######....| 370/585 [00:06:47<00:03:57,  0.91it/s, loss=0.0257]
Epoch 29:  64%|######....| 375/585 [00:06:53<00:03:51,  0.91it/s, loss=0.0256]
Epoch 29:  65%|######....| 380/585 [00:06:58<00:03:45,  0.91it/s, loss=0.0257]
Epoch 29:  66%|######....| 385/585 [00:07:05<00:03:40,  0.91it/s, loss=0.0256]
Epoch 29:  66%|######....| 389/585 [00:07:10<00:03:36,  0.90it/s, loss=0.0256]
Epoch 29:  67%|######....| 394/585 [00:07:15<00:03:31,  0.90it/s, loss=0.0256]
Epoch 29:  68%|######....| 399/585 [00:07:20<00:03:25,  0.91it/s, loss=0.0256]
Epoch 29:  69%|######....| 403/585 [00:07:25<00:03:21,  0.90it/s, loss=0.0256]
Epoch 29:  70%|######....| 407/585 [00:07:31<00:03:17,  0.90it/s, loss=0.0257]
Epoch 29:  70%|#######...| 412/585 [00:07:36<00:03:11,  0.90it/s, loss=0.0257]
Epoch 29:  71%|#######...| 417/585 [00:07:42<00:03:06,  0.90it/s, loss=0.0257]
Epoch 29:  72%|#######...| 422/585 [00:07:47<00:03:00,  0.90it/s, loss=0.0257]
Epoch 29:  73%|#######...| 427/585 [00:07:53<00:02:55,  0.90it/s, loss=0.0257]
Epoch 29:  74%|#######...| 432/585 [00:07:58<00:02:49,  0.90it/s, loss=0.0258]
Epoch 29:  75%|#######...| 437/585 [00:08:04<00:02:43,  0.90it/s, loss=0.0258]
Epoch 29:  76%|#######...| 443/585 [00:08:10<00:02:37,  0.90it/s, loss=0.0258]
Epoch 29:  76%|#######...| 447/585 [00:08:15<00:02:32,  0.90it/s, loss=0.0259]
Epoch 29:  77%|#######...| 452/585 [00:08:20<00:02:27,  0.90it/s, loss=0.0259]
Epoch 29:  78%|#######...| 456/585 [00:08:25<00:02:23,  0.90it/s, loss=0.0259]
Epoch 29:  79%|#######...| 461/585 [00:08:30<00:02:17,  0.90it/s, loss=0.0259]
Epoch 29:  80%|#######...| 466/585 [00:08:35<00:02:11,  0.90it/s, loss=0.0259]
Epoch 29:  81%|########..| 471/585 [00:08:41<00:02:06,  0.90it/s, loss=0.0259]
Epoch 29:  81%|########..| 476/585 [00:08:47<00:02:00,  0.90it/s, loss=0.0259]
Epoch 29:  82%|########..| 481/585 [00:08:52<00:01:55,  0.90it/s, loss=0.0259]
Epoch 29:  83%|########..| 486/585 [00:08:58<00:01:49,  0.90it/s, loss=0.0259]
Epoch 29:  84%|########..| 492/585 [00:09:03<00:01:42,  0.90it/s, loss=0.0258]
Epoch 29:  85%|########..| 498/585 [00:09:09<00:01:36,  0.91it/s, loss=0.0258]
Epoch 29:  86%|########..| 503/585 [00:09:15<00:01:30,  0.91it/s, loss=0.0258]
Epoch 29:  87%|########..| 507/585 [00:09:20<00:01:26,  0.90it/s, loss=0.0258]
Epoch 29:  87%|########..| 511/585 [00:09:25<00:01:21,  0.90it/s, loss=0.0258]
Epoch 29:  88%|########..| 516/585 [00:09:31<00:01:16,  0.90it/s, loss=0.0258]
Epoch 29:  89%|########..| 521/585 [00:09:36<00:01:10,  0.90it/s, loss=0.0258]
Epoch 29:  90%|########..| 526/585 [00:09:41<00:01:05,  0.90it/s, loss=0.0258]
Epoch 29:  91%|#########.| 532/585 [00:09:47<00:00:58,  0.91it/s, loss=0.0258]
Epoch 29:  92%|#########.| 537/585 [00:09:52<00:00:52,  0.91it/s, loss=0.0258]
Epoch 29:  93%|#########.| 542/585 [00:09:58<00:00:47,  0.91it/s, loss=0.0258]
Epoch 29:  94%|#########.| 548/585 [00:10:04<00:00:40,  0.91it/s, loss=0.0259]
Epoch 29:  94%|#########.| 552/585 [00:10:09<00:00:36,  0.91it/s, loss=0.0259]
Epoch 29:  95%|#########.| 558/585 [00:10:15<00:00:29,  0.91it/s, loss=0.0259]
Epoch 29:  96%|#########.| 563/585 [00:10:21<00:00:24,  0.91it/s, loss=0.0259]
Epoch 29:  97%|#########.| 568/585 [00:10:26<00:00:18,  0.91it/s, loss=0.0259]
Epoch 29:  98%|#########.| 573/585 [00:10:32<00:00:13,  0.91it/s, loss=0.0259]
Epoch 29:  99%|#########.| 578/585 [00:10:38<00:00:07,  0.90it/s, loss=0.0259]
Epoch 29: 100%|#########.| 583/585 [00:10:45<00:00:02,  0.90it/s, loss=0.0259]
Epoch 29: 100%|##########| 585/585 [00:10:47<00:00:00,  0.90it/s, loss=0.0259]
Test loss: 0.0248, Test rmsae: 7.40deg
{"event": "epoch_complete", "epoch": 29, "phase": 2, "lr": 1e-05, "batch_size": 10, "micro_batch_size": 1, "train_loss": 0.025891005133207027, "val_loss": 0.02482543868245557, "val_rmsae_deg": 7.395377039909363, "epoch_time_s": 648.3335237291176}
Epoch 30/40:
Epoch 30:   1%|..........| 5/585 [00:00:05<00:11:09,  0.87it/s, loss=0.0229]
Epoch 30:   2%|..........| 10/585 [00:00:10<00:10:23,  0.92it/s, loss=0.0244]
Epoch 30:   3%|..........| 16/585 [00:00:16<00:09:56,  0.95it/s, loss=0.0244]
Epoch 30:   3%|..........| 20/585 [00:00:21<00:10:17,  0.92it/s, loss=0.0260]
Epoch 30:   4%|..........| 25/585 [00:00:27<00:10:07,  0.92it/s, loss=0.0254]
Epoch 30:   5%|..........| 31/585 [00:00:32<00:09:45,  0.95it/s, loss=0.0254]
Epoch 30:   6%|..........| 36/585 [00:00:38<00:09:46,  0.94it/s, loss=0.0254]
Epoch 30:   7%|..........| 42/585 [00:00:44<00:09:30,  0.95it/s, loss=0.0252]
Epoch 30:   8%|..........| 47/585 [00:00:49<00:09:27,  0.95it/s, loss=0.0253]
Epoch 30:   9%|..........| 53/585 [00:00:55<00:09:17,  0.95it/s, loss=0.0249]
Epoch 30:  10%|..........| 58/585 [00:01:00<00:09:10,  0.96it/s, loss=0.0247]
Epoch 30:  11%|#.........| 63/585 [00:01:05<00:09:05,  0.96it/s, loss=0.0249]
Epoch 30:  12%|#.........| 68/585 [00:01:11<00:09:02,  0.95it/s, loss=0.0247]
Epoch 30:  12%|#.........| 73/585 [00:01:16<00:08:59,  0.95it/s, loss=0.0246]
Epoch 30:  14%|#.........| 79/585 [00:01:22<00:08:50,  0.95it/s, loss=0.0247]
Epoch 30:  14%|#.........| 84/585 [00:01:28<00:08:46,  0.95it/s, loss=0.0245]
Epoch 30:  15%|#.........| 89/585 [00:01:34<00:08:48,  0.94it/s, loss=0.0247]
Epoch 30:  16%|#.........| 94/585 [00:01:40<00:08:44,  0.94it/s, loss=0.0248]
Epoch 30:  17%|#.........| 99/585 [00:01:45<00:08:39,  0.94it/s, loss=0.0249]
Epoch 30:  18%|#.........| 105/585 [00:01:51<00:08:30,  0.94it/s, loss=0.0252]
Epoch 30:  19%|#.........| 110/585 [00:01:56<00:08:24,  0.94it/s, loss=0.0251]
Epoch 30:  20%|#.........| 115/585 [00:02:02<00:08:18,  0.94it/s, loss=0.0251]
Epoch 30:  21%|##........| 120/585 [00:02:07<00:08:13,  0.94it/s, loss=0.0251]
Epoch 30:  21%|##........| 125/585 [00:02:12<00:08:08,  0.94it/s, loss=0.0251]
Epoch 30:  22%|##........| 130/585 [00:02:18<00:08:04,  0.94it/s, loss=0.0251]
Epoch 30:  23%|##........| 135/585 [00:02:23<00:07:59,  0.94it/s, loss=0.0252]
Epoch 30:  24%|##........| 140/585 [00:02:29<00:07:54,  0.94it/s, loss=0.0252]
Epoch 30:  25%|##........| 145/585 [00:02:34<00:07:49,  0.94it/s, loss=0.0252]
Epoch 30:  25%|##........| 149/585 [00:02:40<00:07:50,  0.93it/s, loss=0.0253]
Epoch 30:  26%|##........| 154/585 [00:02:46<00:07:44,  0.93it/s, loss=0.0254]
Epoch 30:  27%|##........| 159/585 [00:02:51<00:07:38,  0.93it/s, loss=0.0252]
Epoch 30:  28%|##........| 164/585 [00:02:56<00:07:33,  0.93it/s, loss=0.0252]
Epoch 30:  29%|##........| 169/585 [00:03:02<00:07:28,  0.93it/s, loss=0.0252]
Epoch 30:  30%|##........| 173/585 [00:03:08<00:07:28,  0.92it/s, loss=0.0252]
Epoch 30:  30%|###.......| 178/585 [00:03:13<00:07:22,  0.92it/s, loss=0.0252]
Epoch 30:  31%|###.......| 183/585 [00:03:19<00:07:17,  0.92it/s, loss=0.0252]
Epoch 30:  32%|###.......| 188/585 [00:03:24<00:07:11,  0.92it/s, loss=0.0251]
Epoch 30:  33%|###.......| 193/585 [00:03:29<00:07:05,  0.92it/s, loss=0.0251]
Epoch 30:  34%|###.......| 198/585 [00:03:34<00:06:59,  0.92it/s, loss=0.0250]
Epoch 30:  35%|###.......| 203/585 [00:03:39<00:06:53,  0.92it/s, loss=0.0251]
Epoch 30:  36%|###.......| 208/585 [00:03:45<00:06:48,  0.92it/s, loss=0.0250]
Epoch 30:  36%|###.......| 213/585 [00:03:51<00:06:43,  0.92it/s, loss=0.0250]
Epoch 30:  37%|###.......| 218/585 [00:03:56<00:06:38,  0.92it/s, loss=0.0250]
Epoch 30:  38%|###.......| 223/585 [00:04:02<00:06:33,  0.92it/s, loss=0.0250]
Epoch 30:  39%|###.......| 228/585 [00:04:07<00:06:28,  0.92it/s, loss=0.0249]
Epoch 30:  40%|###.......| 233/585 [00:04:12<00:06:22,  0.92it/s, loss=0.0250]
Epoch 30:  41%|####......| 239/585 [00:04:19<00:06:15,  0.92it/s, loss=0.0249]
Epoch 30:  42%|####......| 244/585 [00:04:24<00:06:10,  0.92it/s, loss=0.0249]
Epoch 30:  43%|####......| 249/585 [00:04:30<00:06:05,  0.92it/s, loss=0.0250]
Epoch 30:  43%|####......| 254/585 [00:04:36<00:05:59,  0.92it/s, loss=0.0249]
Epoch 30:  44%|####......| 259/585 [00:04:41<00:05:54,  0.92it/s, loss=0.0252]
Epoch 30:  45%|####......| 265/585 [00:04:47<00:05:46,  0.92it/s, loss=0.0252]
Epoch 30:  46%|####......| 270/585 [00:04:53<00:05:41,  0.92it/s, loss=0.0251]
Epoch 30:  47%|####......| 275/585 [00:04:58<00:05:36,  0.92it/s, loss=0.0251]
Epoch 30:  48%|####......| 280/585 [00:05:03<00:05:31,  0.92it/s, loss=0.0252]
Epoch 30:  49%|####......| 285/585 [00:05:09<00:05:26,  0.92it/s, loss=0.0252]
Epoch 30:  50%|####......| 290/585 [00:05:15<00:05:21,  0.92it/s, loss=0.0252]
Epoch 30:  50%|#####.....| 295/585 [00:05:21<00:05:15,  0.92it/s, loss=0.0251]
Epoch 30:  51%|#####.....| 298/585 [00:05:26<00:05:14,  0.91it/s, loss=0.0257]
Epoch 30:  52%|#####.....| 302/585 [00:05:31<00:05:10,  0.91it/s, loss=0.0258]
Epoch 30:  52%|#####.....| 307/585 [00:05:37<00:05:05,  0.91it/s, loss=0.0258]
Epoch 30:  53%|#####.....| 312/585 [00:05:42<00:04:59,  0.91it/s, loss=0.0257]
Epoch 30:  54%|#####.....| 317/585 [00:05:48<00:04:54,  0.91it/s, loss=0.0258]
Epoch 30:  55%|#####.....| 322/585 [00:05:54<00:04:49,  0.91it/s, loss=0.0258]
Epoch 30:  56%|#####.....| 327/585 [00:06:00<00:04:44,  0.91it/s, loss=0.0258]
Epoch 30:  57%|#####.....| 332/585 [00:06:05<00:04:38,  0.91it/s, loss=0.0259]
Epoch 30:  58%|#####.....| 337/585 [00:06:11<00:04:33,  0.91it/s, loss=0.0258]
Epoch 30:  58%|#####.....| 342/585 [00:06:17<00:04:27,  0.91it/s, loss=0.0258]
Epoch 30:  59%|#####.....| 347/585 [00:06:22<00:04:22,  0.91it/s, loss=0.0259]
Epoch 30:  60%|######....| 352/585 [00:06:28<00:04:16,  0.91it/s, loss=0.0259]
Epoch 30:  61%|######....| 357/585 [00:06:33<00:04:11,  0.91it/s, loss=0.0260]
Epoch 30:  62%|######....| 362/585 [00:06:39<00:04:05,  0.91it/s, loss=0.0259]
Epoch 30:  63%|######....| 367/585 [00:06:44<00:04:00,  0.91it/s, loss=0.0259]
Epoch 30:  64%|######....| 372/585 [00:06:49<00:03:54,  0.91it/s, loss=0.0259]
Epoch 30:  64%|######....| 377/585 [00:06:54<00:03:48,  0.91it/s, loss=0.0259]
Epoch 30:  65%|######....| 382/585 [00:06:59<00:03:43,  0.91it/s, loss=0.0259]
Epoch 30:  66%|######....| 387/585 [00:07:05<00:03:37,  0.91it/s, loss=0.0258]
Epoch 30:  67%|######....| 392/585 [00:07:10<00:03:32,  0.91it/s, loss=0.0258]
Epoch 30:  68%|######....| 397/585 [00:07:15<00:03:26,  0.91it/s, loss=0.0258]
Epoch 30:  69%|######....| 402/585 [00:07:21<00:03:20,  0.91it/s, loss=0.0258]
Epoch 30:  70%|######....| 408/585 [00:07:27<00:03:13,  0.91it/s, loss=0.0258]
Epoch 30:  71%|#######...| 413/585 [00:07:32<00:03:08,  0.91it/s, loss=0.0258]
Epoch 30:  71%|#######...| 418/585 [00:07:37<00:03:02,  0.91it/s, loss=0.0257]
Epoch 30:  72%|#######...| 423/585 [00:07:43<00:02:57,  0.91it/s, loss=0.0258]
Epoch 30:  73%|#######...| 427/585 [00:07:49<00:02:53,  0.91it/s, loss=0.0259]
Epoch 30:  74%|#######...| 433/585 [00:07:55<00:02:46,  0.91it/s, loss=0.0258]
Epoch 30:  75%|#######...| 438/585 [00:08:00<00:02:41,  0.91it/s, loss=0.0258]
Epoch 30:  76%|#######...| 443/585 [00:08:05<00:02:35,  0.91it/s, loss=0.0258]
Epoch 30:  77%|#######...| 448/585 [00:08:10<00:02:30,  0.91it/s, loss=0.0258]
Epoch 30:  77%|#######...| 453/585 [00:08:16<00:02:24,  0.91it/s, loss=0.0258]
Epoch 30:  78%|#######...| 457/585 [00:08:22<00:02:20,  0.91it/s, loss=0.0258]
Epoch 30:  79%|#######...| 462/585 [00:08:27<00:02:15,  0.91it/s, loss=0.0258]
Epoch 30:  80%|########..| 468/585 [00:08:33<00:02:08,  0.91it/s, loss=0.0258]
Epoch 30:  81%|########..| 473/585 [00:08:38<00:02:02,  0.91it/s, loss=0.0259]
Epoch 30:  82%|########..| 478/585 [00:08:44<00:01:57,  0.91it/s, loss=0.0258]
Epoch 30:  83%|########..| 483/585 [00:08:49<00:01:51,  0.91it/s, loss=0.0258]
Epoch 30:  83%|########..| 488/585 [00:08:54<00:01:46,  0.91it/s, loss=0.0258]
Epoch 30:  84%|########..| 493/585 [00:08:59<00:01:40,  0.91it/s, loss=0.0258]
Epoch 30:  85%|########..| 498/585 [00:09:05<00:01:35,  0.91it/s, loss=0.0258]
Epoch 30:  86%|########..| 503/585 [00:09:11<00:01:29,  0.91it/s, loss=0.0257]
Epoch 30:  87%|########..| 509/585 [00:09:17<00:01:23,  0.91it/s, loss=0.0257]
Epoch 30:  88%|########..| 514/585 [00:09:22<00:01:17,  0.91it/s, loss=0.0257]
Epoch 30:  89%|########..| 519/585 [00:09:27<00:01:12,  0.91it/s, loss=0.0257]
Epoch 30:  90%|########..| 524/585 [00:09:33<00:01:06,  0.91it/s, loss=0.0257]
Epoch 30:  90%|#########.| 529/585 [00:09:39<00:01:01,  0.91it/s, loss=0.0257]
Epoch 30:  91%|#########.| 534/585 [00:09:44<00:00:55,  0.91it/s, loss=0.0257]
Epoch 30:  92%|#########.| 538/585 [00:09:49<00:00:51,  0.91it/s, loss=0.0257]
Epoch 30:  93%|#########.| 543/585 [00:09:55<00:00:46,  0.91it/s, loss=0.0257]
Epoch 30:  94%|#########.| 548/585 [00:10:00<00:00:40,  0.91it/s, loss=0.0257]
Epoch 30:  95%|#########.| 553/585 [00:10:05<00:00:35,  0.91it/s, loss=0.0257]
Epoch 30:  96%|#########.| 559/585 [00:10:11<00:00:28,  0.91it/s, loss=0.0257]
Epoch 30:  96%|#########.| 564/585 [00:10:17<00:00:22,  0.91it/s, loss=0.0256]
Epoch 30:  97%|#########.| 569/585 [00:10:22<00:00:17,  0.91it/s, loss=0.0256]
Epoch 30:  98%|#########.| 574/585 [00:10:28<00:00:12,  0.91it/s, loss=0.0256]
Epoch 30:  99%|#########.| 579/585 [00:10:34<00:00:06,  0.91it/s, loss=0.0257]
Epoch 30: 100%|#########.| 584/585 [00:10:39<00:00:01,  0.91it/s, loss=0.0257]
Epoch 30: 100%|##########| 585/585 [00:10:40<00:00:00,  0.91it/s, loss=0.0257]
Test loss: 0.0249, Test rmsae: 7.48deg
{"event": "epoch_complete", "epoch": 30, "phase": 2, "lr": 1e-05, "batch_size": 10, "micro_batch_size": 1, "train_loss": 0.02567253300171887, "val_loss": 0.024906510894652456, "val_rmsae_deg": 7.483565166592598, "epoch_time_s": 641.9237804829609}
{"event": "checkpoint_saved", "tag": "epoch_030", "epoch": 30, "path": "IFAN_Maba/outputs/stage3/ifan_maba_stage3_full40_freqblock_paper_original_maba_20260420_214446/checkpoints/epoch_030.pt"}
Epoch 31/40:
Epoch 31:   1%|..........| 5/585 [00:00:05<00:10:20,  0.93it/s, loss=0.0274]
Epoch 31:   2%|..........| 9/585 [00:00:10<00:11:26,  0.84it/s, loss=0.0312]
Epoch 31:   2%|..........| 13/585 [00:00:16<00:11:47,  0.81it/s, loss=0.0291]
Epoch 31:   3%|..........| 17/585 [00:00:21<00:11:56,  0.79it/s, loss=0.0313]
Epoch 31:   4%|..........| 22/585 [00:00:26<00:11:30,  0.82it/s, loss=0.0296]
Epoch 31:   4%|..........| 26/585 [00:00:32<00:11:35,  0.80it/s, loss=0.0299]
Epoch 31:   5%|..........| 31/585 [00:00:38<00:11:22,  0.81it/s, loss=0.0292]
Epoch 31:   6%|..........| 36/585 [00:00:43<00:11:07,  0.82it/s, loss=0.0284]
Epoch 31:   7%|..........| 41/585 [00:00:48<00:10:49,  0.84it/s, loss=0.0277]
Epoch 31:   8%|..........| 46/585 [00:00:54<00:10:34,  0.85it/s, loss=0.0272]
Epoch 31:   9%|..........| 51/585 [00:01:00<00:10:32,  0.84it/s, loss=0.0270]
Epoch 31:  10%|..........| 56/585 [00:01:06<00:10:23,  0.85it/s, loss=0.0270]
Epoch 31:  10%|#.........| 61/585 [00:01:11<00:10:11,  0.86it/s, loss=0.0269]
Epoch 31:  11%|#.........| 66/585 [00:01:16<00:10:02,  0.86it/s, loss=0.0266]
Epoch 31:  12%|#.........| 71/585 [00:01:21<00:09:52,  0.87it/s, loss=0.0265]
Epoch 31:  13%|#.........| 76/585 [00:01:26<00:09:41,  0.87it/s, loss=0.0263]
Epoch 31:  14%|#.........| 81/585 [00:01:31<00:09:32,  0.88it/s, loss=0.0262]
Epoch 31:  15%|#.........| 86/585 [00:01:37<00:09:24,  0.88it/s, loss=0.0264]
Epoch 31:  16%|#.........| 91/585 [00:01:42<00:09:15,  0.89it/s, loss=0.0262]
Epoch 31:  16%|#.........| 96/585 [00:01:47<00:09:07,  0.89it/s, loss=0.0262]
Epoch 31:  17%|#.........| 101/585 [00:01:52<00:09:00,  0.90it/s, loss=0.0260]
Epoch 31:  18%|#.........| 106/585 [00:01:58<00:08:55,  0.89it/s, loss=0.0263]
Epoch 31:  19%|#.........| 110/585 [00:02:03<00:08:53,  0.89it/s, loss=0.0266]
Epoch 31:  20%|#.........| 115/585 [00:02:09<00:08:48,  0.89it/s, loss=0.0265]
Epoch 31:  21%|##........| 120/585 [00:02:14<00:08:42,  0.89it/s, loss=0.0263]
Epoch 31:  21%|##........| 124/585 [00:02:19<00:08:40,  0.89it/s, loss=0.0263]
Epoch 31:  22%|##........| 129/585 [00:02:25<00:08:34,  0.89it/s, loss=0.0262]
Epoch 31:  23%|##........| 134/585 [00:02:31<00:08:30,  0.88it/s, loss=0.0262]
Epoch 31:  24%|##........| 139/585 [00:02:36<00:08:23,  0.89it/s, loss=0.0261]
Epoch 31:  25%|##........| 144/585 [00:02:42<00:08:17,  0.89it/s, loss=0.0261]
Epoch 31:  25%|##........| 149/585 [00:02:47<00:08:11,  0.89it/s, loss=0.0260]
Epoch 31:  26%|##........| 154/585 [00:02:53<00:08:05,  0.89it/s, loss=0.0259]
Epoch 31:  27%|##........| 160/585 [00:02:59<00:07:57,  0.89it/s, loss=0.0261]
Epoch 31:  28%|##........| 165/585 [00:03:05<00:07:51,  0.89it/s, loss=0.0260]
Epoch 31:  29%|##........| 170/585 [00:03:11<00:07:47,  0.89it/s, loss=0.0260]
Epoch 31:  30%|##........| 175/585 [00:03:17<00:07:41,  0.89it/s, loss=0.0260]
Epoch 31:  31%|###.......| 179/585 [00:03:22<00:07:40,  0.88it/s, loss=0.0259]
Epoch 31:  31%|###.......| 184/585 [00:03:27<00:07:33,  0.88it/s, loss=0.0259]
Epoch 31:  32%|###.......| 189/585 [00:03:33<00:07:27,  0.88it/s, loss=0.0259]
Epoch 31:  33%|###.......| 194/585 [00:03:39<00:07:22,  0.88it/s, loss=0.0258]
Epoch 31:  34%|###.......| 199/585 [00:03:45<00:07:17,  0.88it/s, loss=0.0258]
Epoch 31:  35%|###.......| 204/585 [00:03:51<00:07:13,  0.88it/s, loss=0.0259]
Epoch 31:  36%|###.......| 210/585 [00:03:57<00:07:04,  0.88it/s, loss=0.0259]
Epoch 31:  37%|###.......| 215/585 [00:04:03<00:06:58,  0.88it/s, loss=0.0259]
Epoch 31:  38%|###.......| 220/585 [00:04:09<00:06:54,  0.88it/s, loss=0.0259]
Epoch 31:  38%|###.......| 225/585 [00:04:15<00:06:49,  0.88it/s, loss=0.0259]
Epoch 31:  39%|###.......| 229/585 [00:04:20<00:06:45,  0.88it/s, loss=0.0258]
Epoch 31:  40%|###.......| 233/585 [00:04:26<00:06:42,  0.88it/s, loss=0.0258]
Epoch 31:  41%|####......| 237/585 [00:04:31<00:06:38,  0.87it/s, loss=0.0258]
Epoch 31:  42%|####......| 243/585 [00:04:36<00:06:29,  0.88it/s, loss=0.0259]
Epoch 31:  42%|####......| 248/585 [00:04:42<00:06:24,  0.88it/s, loss=0.0258]
Epoch 31:  43%|####......| 254/585 [00:04:48<00:06:16,  0.88it/s, loss=0.0258]
Epoch 31:  44%|####......| 259/585 [00:04:54<00:06:10,  0.88it/s, loss=0.0257]
Epoch 31:  45%|####......| 264/585 [00:04:59<00:06:04,  0.88it/s, loss=0.0257]
Epoch 31:  46%|####......| 269/585 [00:05:05<00:05:59,  0.88it/s, loss=0.0259]
Epoch 31:  47%|####......| 274/585 [00:05:11<00:05:53,  0.88it/s, loss=0.0260]
Epoch 31:  48%|####......| 279/585 [00:05:16<00:05:47,  0.88it/s, loss=0.0260]
Epoch 31:  48%|####......| 283/585 [00:05:21<00:05:43,  0.88it/s, loss=0.0260]
Epoch 31:  49%|####......| 288/585 [00:05:27<00:05:37,  0.88it/s, loss=0.0259]
Epoch 31:  50%|#####.....| 293/585 [00:05:32<00:05:31,  0.88it/s, loss=0.0259]
Epoch 31:  51%|#####.....| 298/585 [00:05:38<00:05:26,  0.88it/s, loss=0.0259]
Epoch 31:  52%|#####.....| 302/585 [00:05:43<00:05:22,  0.88it/s, loss=0.0259]
Epoch 31:  52%|#####.....| 307/585 [00:05:49<00:05:16,  0.88it/s, loss=0.0259]
Epoch 31:  53%|#####.....| 312/585 [00:05:55<00:05:10,  0.88it/s, loss=0.0259]
Epoch 31:  54%|#####.....| 317/585 [00:06:00<00:05:05,  0.88it/s, loss=0.0259]
Epoch 31:  55%|#####.....| 321/585 [00:06:05<00:05:00,  0.88it/s, loss=0.0259]
Epoch 31:  56%|#####.....| 325/585 [00:06:10<00:04:56,  0.88it/s, loss=0.0259]
Epoch 31:  56%|#####.....| 330/585 [00:06:16<00:04:51,  0.88it/s, loss=0.0259]
Epoch 31:  57%|#####.....| 336/585 [00:06:22<00:04:43,  0.88it/s, loss=0.0259]
Epoch 31:  58%|#####.....| 341/585 [00:06:27<00:04:37,  0.88it/s, loss=0.0259]
Epoch 31:  59%|#####.....| 346/585 [00:06:33<00:04:31,  0.88it/s, loss=0.0259]
Epoch 31:  60%|######....| 351/585 [00:06:38<00:04:25,  0.88it/s, loss=0.0259]
Epoch 31:  61%|######....| 356/585 [00:06:44<00:04:20,  0.88it/s, loss=0.0258]
Epoch 31:  62%|######....| 361/585 [00:06:49<00:04:14,  0.88it/s, loss=0.0258]
Epoch 31:  63%|######....| 366/585 [00:06:55<00:04:08,  0.88it/s, loss=0.0258]
Epoch 31:  63%|######....| 371/585 [00:07:00<00:04:02,  0.88it/s, loss=0.0258]
Epoch 31:  64%|######....| 376/585 [00:07:05<00:03:56,  0.88it/s, loss=0.0258]
Epoch 31:  65%|######....| 382/585 [00:07:11<00:03:49,  0.89it/s, loss=0.0259]
Epoch 31:  66%|######....| 386/585 [00:07:16<00:03:45,  0.88it/s, loss=0.0259]
Epoch 31:  67%|######....| 392/585 [00:07:22<00:03:38,  0.88it/s, loss=0.0258]
Epoch 31:  68%|######....| 397/585 [00:07:28<00:03:32,  0.88it/s, loss=0.0259]
Epoch 31:  69%|######....| 402/585 [00:07:34<00:03:26,  0.89it/s, loss=0.0259]
Epoch 31:  70%|######....| 407/585 [00:07:40<00:03:21,  0.88it/s, loss=0.0258]
Epoch 31:  70%|#######...| 412/585 [00:07:46<00:03:15,  0.88it/s, loss=0.0258]
Epoch 31:  71%|#######...| 417/585 [00:07:51<00:03:10,  0.88it/s, loss=0.0258]
Epoch 31:  72%|#######...| 422/585 [00:07:56<00:03:04,  0.88it/s, loss=0.0257]
Epoch 31:  73%|#######...| 427/585 [00:08:02<00:02:58,  0.89it/s, loss=0.0257]
Epoch 31:  74%|#######...| 432/585 [00:08:07<00:02:52,  0.89it/s, loss=0.0257]
Epoch 31:  75%|#######...| 438/585 [00:08:13<00:02:45,  0.89it/s, loss=0.0257]
Epoch 31:  76%|#######...| 443/585 [00:08:19<00:02:39,  0.89it/s, loss=0.0256]
Epoch 31:  77%|#######...| 448/585 [00:08:25<00:02:34,  0.89it/s, loss=0.0256]
Epoch 31:  77%|#######...| 453/585 [00:08:31<00:02:29,  0.89it/s, loss=0.0256]
Epoch 31:  78%|#######...| 458/585 [00:08:37<00:02:23,  0.89it/s, loss=0.0256]
Epoch 31:  79%|#######...| 462/585 [00:08:42<00:02:19,  0.88it/s, loss=0.0256]
Epoch 31:  80%|#######...| 467/585 [00:08:48<00:02:13,  0.88it/s, loss=0.0256]
Epoch 31:  81%|########..| 471/585 [00:08:53<00:02:09,  0.88it/s, loss=0.0256]
Epoch 31:  82%|########..| 477/585 [00:09:01<00:02:02,  0.88it/s, loss=0.0255]
Epoch 31:  82%|########..| 482/585 [00:09:06<00:01:56,  0.88it/s, loss=0.0255]
Epoch 31:  83%|########..| 487/585 [00:09:11<00:01:50,  0.88it/s, loss=0.0255]
Epoch 31:  84%|########..| 493/585 [00:09:17<00:01:43,  0.88it/s, loss=0.0255]
Epoch 31:  85%|########..| 498/585 [00:09:22<00:01:38,  0.88it/s, loss=0.0255]
Epoch 31:  86%|########..| 503/585 [00:09:27<00:01:32,  0.89it/s, loss=0.0256]
Epoch 31:  87%|########..| 509/585 [00:09:33<00:01:25,  0.89it/s, loss=0.0256]
Epoch 31:  88%|########..| 514/585 [00:09:39<00:01:20,  0.89it/s, loss=0.0256]
Epoch 31:  89%|########..| 519/585 [00:09:45<00:01:14,  0.89it/s, loss=0.0256]
Epoch 31:  90%|########..| 524/585 [00:09:50<00:01:08,  0.89it/s, loss=0.0256]
Epoch 31:  91%|#########.| 530/585 [00:09:56<00:01:01,  0.89it/s, loss=0.0255]
Epoch 31:  91%|#########.| 535/585 [00:10:02<00:00:56,  0.89it/s, loss=0.0255]
Epoch 31:  92%|#########.| 540/585 [00:10:07<00:00:50,  0.89it/s, loss=0.0256]
Epoch 31:  93%|#########.| 545/585 [00:10:12<00:00:44,  0.89it/s, loss=0.0255]
Epoch 31:  94%|#########.| 549/585 [00:10:18<00:00:40,  0.89it/s, loss=0.0256]
Epoch 31:  95%|#########.| 554/585 [00:10:24<00:00:34,  0.89it/s, loss=0.0257]
Epoch 31:  96%|#########.| 559/585 [00:10:29<00:00:29,  0.89it/s, loss=0.0256]
Epoch 31:  96%|#########.| 564/585 [00:10:34<00:00:23,  0.89it/s, loss=0.0256]
Epoch 31:  97%|#########.| 569/585 [00:10:40<00:00:18,  0.89it/s, loss=0.0256]
Epoch 31:  98%|#########.| 574/585 [00:10:46<00:00:12,  0.89it/s, loss=0.0256]
Epoch 31:  99%|#########.| 579/585 [00:10:52<00:00:06,  0.89it/s, loss=0.0256]
Epoch 31: 100%|#########.| 584/585 [00:10:58<00:00:01,  0.89it/s, loss=0.0256]
Epoch 31: 100%|##########| 585/585 [00:10:59<00:00:00,  0.89it/s, loss=0.0256]
Test loss: 0.0248, Test rmsae: 7.42deg
{"event": "epoch_complete", "epoch": 31, "phase": 2, "lr": 1e-05, "batch_size": 10, "micro_batch_size": 1, "train_loss": 0.025582867957906336, "val_loss": 0.02482808695640415, "val_rmsae_deg": 7.415818005800247, "epoch_time_s": 660.5684049548581}
Epoch 32/40:
Epoch 32:   1%|..........| 6/585 [00:00:06<00:09:57,  0.97it/s, loss=0.0248]
Epoch 32:   2%|..........| 11/585 [00:00:11<00:10:06,  0.95it/s, loss=0.0260]
Epoch 32:   3%|..........| 16/585 [00:00:17<00:10:09,  0.93it/s, loss=0.0255]
Epoch 32:   3%|..........| 20/585 [00:00:22<00:10:26,  0.90it/s, loss=0.0263]
Epoch 32:   4%|..........| 26/585 [00:00:28<00:10:07,  0.92it/s, loss=0.0259]
Epoch 32:   5%|..........| 31/585 [00:00:33<00:09:56,  0.93it/s, loss=0.0261]
Epoch 32:   6%|..........| 36/585 [00:00:38<00:09:47,  0.93it/s, loss=0.0257]
Epoch 32:   7%|..........| 41/585 [00:00:43<00:09:43,  0.93it/s, loss=0.0257]
Epoch 32:   8%|..........| 47/585 [00:00:49<00:09:30,  0.94it/s, loss=0.0254]
Epoch 32:   9%|..........| 52/585 [00:00:54<00:09:22,  0.95it/s, loss=0.0253]
Epoch 32:  10%|..........| 57/585 [00:01:00<00:09:20,  0.94it/s, loss=0.0252]
Epoch 32:  10%|#.........| 61/585 [00:01:05<00:09:25,  0.93it/s, loss=0.0254]
Epoch 32:  11%|#.........| 66/585 [00:01:11<00:09:18,  0.93it/s, loss=0.0251]
Epoch 32:  12%|#.........| 71/585 [00:01:16<00:09:11,  0.93it/s, loss=0.0252]
Epoch 32:  13%|#.........| 76/585 [00:01:21<00:09:04,  0.93it/s, loss=0.0252]
Epoch 32:  14%|#.........| 82/585 [00:01:27<00:08:56,  0.94it/s, loss=0.0252]
Epoch 32:  15%|#.........| 87/585 [00:01:32<00:08:49,  0.94it/s, loss=0.0250]
Epoch 32:  16%|#.........| 92/585 [00:01:37<00:08:44,  0.94it/s, loss=0.0249]
Epoch 32:  17%|#.........| 97/585 [00:01:43<00:08:40,  0.94it/s, loss=0.0249]
Epoch 32:  18%|#.........| 103/585 [00:01:49<00:08:34,  0.94it/s, loss=0.0248]
Epoch 32:  18%|#.........| 108/585 [00:01:55<00:08:31,  0.93it/s, loss=0.0247]
Epoch 32:  19%|#.........| 113/585 [00:02:01<00:08:25,  0.93it/s, loss=0.0248]
Epoch 32:  20%|##........| 118/585 [00:02:06<00:08:20,  0.93it/s, loss=0.0248]
Epoch 32:  21%|##........| 123/585 [00:02:12<00:08:16,  0.93it/s, loss=0.0249]
Epoch 32:  22%|##........| 128/585 [00:02:17<00:08:11,  0.93it/s, loss=0.0250]
Epoch 32:  23%|##........| 133/585 [00:02:22<00:08:05,  0.93it/s, loss=0.0250]
Epoch 32:  24%|##........| 138/585 [00:02:28<00:07:59,  0.93it/s, loss=0.0251]
Epoch 32:  24%|##........| 143/585 [00:02:33<00:07:53,  0.93it/s, loss=0.0250]
Epoch 32:  25%|##........| 148/585 [00:02:38<00:07:49,  0.93it/s, loss=0.0250]
Epoch 32:  26%|##........| 153/585 [00:02:44<00:07:45,  0.93it/s, loss=0.0249]
Epoch 32:  27%|##........| 158/585 [00:02:50<00:07:39,  0.93it/s, loss=0.0250]
Epoch 32:  28%|##........| 163/585 [00:02:55<00:07:33,  0.93it/s, loss=0.0251]
Epoch 32:  29%|##........| 168/585 [00:03:01<00:07:30,  0.93it/s, loss=0.0252]
Epoch 32:  30%|##........| 173/585 [00:03:07<00:07:25,  0.92it/s, loss=0.0251]
Epoch 32:  30%|###.......| 178/585 [00:03:12<00:07:19,  0.93it/s, loss=0.0252]
Epoch 32:  31%|###.......| 183/585 [00:03:17<00:07:14,  0.92it/s, loss=0.0251]
Epoch 32:  32%|###.......| 188/585 [00:03:23<00:07:09,  0.92it/s, loss=0.0251]
Epoch 32:  33%|###.......| 194/585 [00:03:30<00:07:04,  0.92it/s, loss=0.0252]
Epoch 32:  34%|###.......| 199/585 [00:03:35<00:06:58,  0.92it/s, loss=0.0252]
Epoch 32:  35%|###.......| 205/585 [00:03:41<00:06:51,  0.92it/s, loss=0.0252]
Epoch 32:  36%|###.......| 210/585 [00:03:47<00:06:46,  0.92it/s, loss=0.0252]
Epoch 32:  37%|###.......| 215/585 [00:03:53<00:06:41,  0.92it/s, loss=0.0253]
Epoch 32:  38%|###.......| 220/585 [00:03:58<00:06:36,  0.92it/s, loss=0.0253]
Epoch 32:  39%|###.......| 226/585 [00:04:05<00:06:29,  0.92it/s, loss=0.0253]
Epoch 32:  39%|###.......| 230/585 [00:04:10<00:06:26,  0.92it/s, loss=0.0253]
Epoch 32:  40%|####......| 236/585 [00:04:15<00:06:18,  0.92it/s, loss=0.0253]
Epoch 32:  41%|####......| 241/585 [00:04:21<00:06:12,  0.92it/s, loss=0.0252]
Epoch 32:  42%|####......| 247/585 [00:04:27<00:06:05,  0.92it/s, loss=0.0251]
Epoch 32:  43%|####......| 252/585 [00:04:32<00:06:00,  0.92it/s, loss=0.0251]
Epoch 32:  44%|####......| 257/585 [00:04:38<00:05:55,  0.92it/s, loss=0.0252]
Epoch 32:  45%|####......| 262/585 [00:04:43<00:05:49,  0.92it/s, loss=0.0252]
Epoch 32:  46%|####......| 267/585 [00:04:49<00:05:44,  0.92it/s, loss=0.0251]
Epoch 32:  46%|####......| 272/585 [00:04:55<00:05:40,  0.92it/s, loss=0.0251]
Epoch 32:  47%|####......| 277/585 [00:05:01<00:05:35,  0.92it/s, loss=0.0251]
Epoch 32:  48%|####......| 282/585 [00:05:07<00:05:29,  0.92it/s, loss=0.0251]
Epoch 32:  49%|####......| 287/585 [00:05:12<00:05:24,  0.92it/s, loss=0.0252]
Epoch 32:  50%|####......| 292/585 [00:05:17<00:05:18,  0.92it/s, loss=0.0251]
Epoch 32:  51%|#####.....| 297/585 [00:05:23<00:05:13,  0.92it/s, loss=0.0251]
Epoch 32:  51%|#####.....| 301/585 [00:05:28<00:05:10,  0.92it/s, loss=0.0252]
Epoch 32:  52%|#####.....| 306/585 [00:05:34<00:05:04,  0.92it/s, loss=0.0252]
Epoch 32:  53%|#####.....| 311/585 [00:05:39<00:04:58,  0.92it/s, loss=0.0252]
Epoch 32:  54%|#####.....| 317/585 [00:05:45<00:04:52,  0.92it/s, loss=0.0252]
Epoch 32:  55%|#####.....| 321/585 [00:05:51<00:04:48,  0.91it/s, loss=0.0252]
Epoch 32:  56%|#####.....| 326/585 [00:05:56<00:04:43,  0.91it/s, loss=0.0253]
Epoch 32:  57%|#####.....| 331/585 [00:06:01<00:04:37,  0.92it/s, loss=0.0252]
Epoch 32:  57%|#####.....| 336/585 [00:06:07<00:04:32,  0.91it/s, loss=0.0252]
Epoch 32:  58%|#####.....| 341/585 [00:06:12<00:04:26,  0.92it/s, loss=0.0252]
Epoch 32:  59%|#####.....| 345/585 [00:06:18<00:04:23,  0.91it/s, loss=0.0252]
Epoch 32:  60%|#####.....| 350/585 [00:06:23<00:04:17,  0.91it/s, loss=0.0252]
Epoch 32:  61%|######....| 355/585 [00:06:29<00:04:12,  0.91it/s, loss=0.0253]
Epoch 32:  62%|######....| 360/585 [00:06:35<00:04:07,  0.91it/s, loss=0.0252]
Epoch 32:  62%|######....| 365/585 [00:06:40<00:04:01,  0.91it/s, loss=0.0252]
Epoch 32:  63%|######....| 370/585 [00:06:46<00:03:56,  0.91it/s, loss=0.0252]
Epoch 32:  64%|######....| 375/585 [00:06:51<00:03:50,  0.91it/s, loss=0.0252]
Epoch 32:  65%|######....| 381/585 [00:06:57<00:03:43,  0.91it/s, loss=0.0252]
Epoch 32:  66%|######....| 386/585 [00:07:02<00:03:37,  0.91it/s, loss=0.0252]
Epoch 32:  67%|######....| 391/585 [00:07:07<00:03:32,  0.91it/s, loss=0.0252]
Epoch 32:  68%|######....| 396/585 [00:07:13<00:03:26,  0.91it/s, loss=0.0252]
Epoch 32:  69%|######....| 402/585 [00:07:19<00:03:20,  0.91it/s, loss=0.0251]
Epoch 32:  70%|######....| 407/585 [00:07:24<00:03:14,  0.92it/s, loss=0.0251]
Epoch 32:  70%|#######...| 412/585 [00:07:30<00:03:08,  0.92it/s, loss=0.0251]
Epoch 32:  71%|#######...| 418/585 [00:07:35<00:03:02,  0.92it/s, loss=0.0252]
Epoch 32:  72%|#######...| 423/585 [00:07:41<00:02:56,  0.92it/s, loss=0.0252]
Epoch 32:  73%|#######...| 428/585 [00:07:46<00:02:51,  0.92it/s, loss=0.0251]
Epoch 32:  74%|#######...| 433/585 [00:07:52<00:02:45,  0.92it/s, loss=0.0251]
Epoch 32:  75%|#######...| 438/585 [00:07:57<00:02:40,  0.92it/s, loss=0.0252]
Epoch 32:  76%|#######...| 444/585 [00:08:02<00:02:33,  0.92it/s, loss=0.0252]
Epoch 32:  77%|#######...| 449/585 [00:08:08<00:02:27,  0.92it/s, loss=0.0252]
Epoch 32:  78%|#######...| 455/585 [00:08:14<00:02:21,  0.92it/s, loss=0.0252]
Epoch 32:  79%|#######...| 460/585 [00:08:19<00:02:15,  0.92it/s, loss=0.0252]
Epoch 32:  79%|#######...| 465/585 [00:08:24<00:02:10,  0.92it/s, loss=0.0252]
Epoch 32:  80%|########..| 470/585 [00:08:29<00:02:04,  0.92it/s, loss=0.0252]
Epoch 32:  81%|########..| 476/585 [00:08:35<00:01:58,  0.92it/s, loss=0.0252]
Epoch 32:  82%|########..| 482/585 [00:08:41<00:01:51,  0.92it/s, loss=0.0252]
Epoch 32:  83%|########..| 487/585 [00:08:48<00:01:46,  0.92it/s, loss=0.0253]
Epoch 32:  84%|########..| 492/585 [00:08:53<00:01:40,  0.92it/s, loss=0.0253]
Epoch 32:  85%|########..| 497/585 [00:08:58<00:01:35,  0.92it/s, loss=0.0253]
Epoch 32:  86%|########..| 501/585 [00:09:04<00:01:31,  0.92it/s, loss=0.0253]
Epoch 32:  86%|########..| 506/585 [00:09:10<00:01:25,  0.92it/s, loss=0.0253]
Epoch 32:  87%|########..| 511/585 [00:09:15<00:01:20,  0.92it/s, loss=0.0252]
Epoch 32:  88%|########..| 516/585 [00:09:21<00:01:15,  0.92it/s, loss=0.0253]
Epoch 32:  89%|########..| 522/585 [00:09:27<00:01:08,  0.92it/s, loss=0.0252]
Epoch 32:  90%|#########.| 527/585 [00:09:32<00:01:03,  0.92it/s, loss=0.0252]
Epoch 32:  91%|#########.| 532/585 [00:09:37<00:00:57,  0.92it/s, loss=0.0252]
Epoch 32:  92%|#########.| 536/585 [00:09:43<00:00:53,  0.92it/s, loss=0.0252]
Epoch 32:  92%|#########.| 540/585 [00:09:48<00:00:49,  0.92it/s, loss=0.0253]
Epoch 32:  93%|#########.| 544/585 [00:09:53<00:00:44,  0.92it/s, loss=0.0253]
Epoch 32:  94%|#########.| 549/585 [00:09:59<00:00:39,  0.92it/s, loss=0.0253]
Epoch 32:  95%|#########.| 554/585 [00:10:04<00:00:33,  0.92it/s, loss=0.0253]
Epoch 32:  96%|#########.| 559/585 [00:10:10<00:00:28,  0.92it/s, loss=0.0253]
Epoch 32:  96%|#########.| 564/585 [00:10:15<00:00:22,  0.92it/s, loss=0.0253]
Epoch 32:  97%|#########.| 569/585 [00:10:21<00:00:17,  0.92it/s, loss=0.0253]
Epoch 32:  98%|#########.| 575/585 [00:10:26<00:00:10,  0.92it/s, loss=0.0252]
Epoch 32:  99%|#########.| 579/585 [00:10:32<00:00:06,  0.92it/s, loss=0.0253]
Epoch 32: 100%|#########.| 584/585 [00:10:38<00:00:01,  0.92it/s, loss=0.0253]
Epoch 32: 100%|##########| 585/585 [00:10:39<00:00:00,  0.92it/s, loss=0.0253]
Test loss: 0.0248, Test rmsae: 7.37deg
{"event": "epoch_complete", "epoch": 32, "phase": 2, "lr": 1e-05, "batch_size": 10, "micro_batch_size": 1, "train_loss": 0.02532342079644784, "val_loss": 0.024816240766085684, "val_rmsae_deg": 7.372552543878555, "epoch_time_s": 640.4006012410391}
Epoch 33/40:
Epoch 33:   1%|..........| 5/585 [00:00:05<00:09:54,  0.98it/s, loss=0.0265]
Epoch 33:   2%|..........| 11/585 [00:00:11<00:09:46,  0.98it/s, loss=0.0255]
Epoch 33:   3%|..........| 16/585 [00:00:17<00:10:13,  0.93it/s, loss=0.0270]
Epoch 33:   4%|..........| 21/585 [00:00:22<00:10:10,  0.92it/s, loss=0.0263]
Epoch 33:   4%|..........| 26/585 [00:00:27<00:09:58,  0.93it/s, loss=0.0254]
Epoch 33:   5%|..........| 31/585 [00:00:33<00:09:52,  0.94it/s, loss=0.0250]
Epoch 33:   6%|..........| 36/585 [00:00:38<00:09:51,  0.93it/s, loss=0.0252]
Epoch 33:   7%|..........| 41/585 [00:00:44<00:09:45,  0.93it/s, loss=0.0251]
Epoch 33:   8%|..........| 46/585 [00:00:49<00:09:40,  0.93it/s, loss=0.0246]
Epoch 33:   9%|..........| 51/585 [00:00:55<00:09:37,  0.92it/s, loss=0.0245]
Epoch 33:  10%|..........| 56/585 [00:01:00<00:09:33,  0.92it/s, loss=0.0242]
Epoch 33:  10%|#.........| 61/585 [00:01:06<00:09:27,  0.92it/s, loss=0.0249]
Epoch 33:  11%|#.........| 66/585 [00:01:11<00:09:26,  0.92it/s, loss=0.0246]
Epoch 33:  12%|#.........| 70/585 [00:01:17<00:09:26,  0.91it/s, loss=0.0247]
Epoch 33:  13%|#.........| 74/585 [00:01:22<00:09:29,  0.90it/s, loss=0.0246]
Epoch 33:  14%|#.........| 79/585 [00:01:27<00:09:21,  0.90it/s, loss=0.0246]
Epoch 33:  14%|#.........| 84/585 [00:01:33<00:09:18,  0.90it/s, loss=0.0253]
Epoch 33:  15%|#.........| 89/585 [00:01:39<00:09:12,  0.90it/s, loss=0.0252]
Epoch 33:  16%|#.........| 94/585 [00:01:44<00:09:06,  0.90it/s, loss=0.0252]
Epoch 33:  17%|#.........| 98/585 [00:01:49<00:09:06,  0.89it/s, loss=0.0266]
Epoch 33:  18%|#.........| 103/585 [00:01:55<00:08:59,  0.89it/s, loss=0.0265]
Epoch 33:  18%|#.........| 107/585 [00:02:00<00:08:58,  0.89it/s, loss=0.0263]
Epoch 33:  19%|#.........| 112/585 [00:02:06<00:08:53,  0.89it/s, loss=0.0264]
Epoch 33:  20%|##........| 117/585 [00:02:11<00:08:47,  0.89it/s, loss=0.0264]
Epoch 33:  21%|##........| 122/585 [00:02:17<00:08:41,  0.89it/s, loss=0.0263]
Epoch 33:  22%|##........| 127/585 [00:02:22<00:08:34,  0.89it/s, loss=0.0261]
Epoch 33:  23%|##........| 133/585 [00:02:28<00:08:25,  0.89it/s, loss=0.0260]
Epoch 33:  24%|##........| 138/585 [00:02:33<00:08:18,  0.90it/s, loss=0.0262]
Epoch 33:  24%|##........| 143/585 [00:02:39<00:08:13,  0.90it/s, loss=0.0262]
Epoch 33:  25%|##........| 148/585 [00:02:44<00:08:07,  0.90it/s, loss=0.0261]
Epoch 33:  26%|##........| 153/585 [00:02:50<00:08:00,  0.90it/s, loss=0.0261]
Epoch 33:  27%|##........| 158/585 [00:02:55<00:07:54,  0.90it/s, loss=0.0260]
Epoch 33:  28%|##........| 163/585 [00:03:00<00:07:48,  0.90it/s, loss=0.0262]
Epoch 33:  29%|##........| 168/585 [00:03:06<00:07:42,  0.90it/s, loss=0.0260]
Epoch 33:  30%|##........| 174/585 [00:03:12<00:07:34,  0.90it/s, loss=0.0260]
Epoch 33:  31%|###.......| 180/585 [00:03:18<00:07:26,  0.91it/s, loss=0.0260]
Epoch 33:  32%|###.......| 185/585 [00:03:23<00:07:20,  0.91it/s, loss=0.0260]
Epoch 33:  32%|###.......| 190/585 [00:03:29<00:07:14,  0.91it/s, loss=0.0259]
Epoch 33:  33%|###.......| 195/585 [00:03:34<00:07:08,  0.91it/s, loss=0.0261]
Epoch 33:  34%|###.......| 200/585 [00:03:39<00:07:02,  0.91it/s, loss=0.0260]
Epoch 33:  35%|###.......| 205/585 [00:03:44<00:06:55,  0.91it/s, loss=0.0259]
Epoch 33:  36%|###.......| 210/585 [00:03:50<00:06:50,  0.91it/s, loss=0.0260]
Epoch 33:  37%|###.......| 215/585 [00:03:55<00:06:44,  0.91it/s, loss=0.0260]
Epoch 33:  38%|###.......| 221/585 [00:04:01<00:06:37,  0.92it/s, loss=0.0259]
Epoch 33:  39%|###.......| 226/585 [00:04:06<00:06:31,  0.92it/s, loss=0.0259]
Epoch 33:  40%|###.......| 232/585 [00:04:12<00:06:23,  0.92it/s, loss=0.0258]
Epoch 33:  41%|####......| 237/585 [00:04:17<00:06:18,  0.92it/s, loss=0.0258]
Epoch 33:  41%|####......| 242/585 [00:04:23<00:06:12,  0.92it/s, loss=0.0258]
Epoch 33:  42%|####......| 247/585 [00:04:29<00:06:08,  0.92it/s, loss=0.0259]
Epoch 33:  43%|####......| 252/585 [00:04:34<00:06:03,  0.92it/s, loss=0.0259]
Epoch 33:  44%|####......| 257/585 [00:04:40<00:05:57,  0.92it/s, loss=0.0258]
Epoch 33:  45%|####......| 262/585 [00:04:45<00:05:52,  0.92it/s, loss=0.0259]
Epoch 33:  46%|####......| 267/585 [00:04:51<00:05:47,  0.92it/s, loss=0.0258]
Epoch 33:  46%|####......| 272/585 [00:04:56<00:05:41,  0.92it/s, loss=0.0258]
Epoch 33:  47%|####......| 277/585 [00:05:02<00:05:36,  0.92it/s, loss=0.0257]
Epoch 33:  48%|####......| 282/585 [00:05:08<00:05:30,  0.92it/s, loss=0.0258]
Epoch 33:  49%|####......| 287/585 [00:05:14<00:05:26,  0.91it/s, loss=0.0258]
Epoch 33:  50%|####......| 291/585 [00:05:19<00:05:22,  0.91it/s, loss=0.0258]
Epoch 33:  51%|#####.....| 296/585 [00:05:24<00:05:17,  0.91it/s, loss=0.0258]
Epoch 33:  52%|#####.....| 302/585 [00:05:30<00:05:09,  0.91it/s, loss=0.0258]
Epoch 33:  52%|#####.....| 307/585 [00:05:35<00:05:04,  0.91it/s, loss=0.0258]
Epoch 33:  53%|#####.....| 312/585 [00:05:40<00:04:58,  0.92it/s, loss=0.0257]
Epoch 33:  54%|#####.....| 317/585 [00:05:46<00:04:52,  0.92it/s, loss=0.0257]
Epoch 33:  55%|#####.....| 322/585 [00:05:51<00:04:46,  0.92it/s, loss=0.0257]
Epoch 33:  56%|#####.....| 327/585 [00:05:56<00:04:41,  0.92it/s, loss=0.0257]
Epoch 33:  57%|#####.....| 332/585 [00:06:02<00:04:36,  0.92it/s, loss=0.0257]
Epoch 33:  57%|#####.....| 336/585 [00:06:07<00:04:32,  0.91it/s, loss=0.0257]
Epoch 33:  58%|#####.....| 341/585 [00:06:13<00:04:27,  0.91it/s, loss=0.0257]
Epoch 33:  59%|#####.....| 347/585 [00:06:20<00:04:20,  0.91it/s, loss=0.0257]
Epoch 33:  60%|######....| 352/585 [00:06:25<00:04:15,  0.91it/s, loss=0.0257]
Epoch 33:  61%|######....| 357/585 [00:06:31<00:04:09,  0.91it/s, loss=0.0256]
Epoch 33:  62%|######....| 363/585 [00:06:37<00:04:03,  0.91it/s, loss=0.0256]
Epoch 33:  63%|######....| 368/585 [00:06:42<00:03:57,  0.91it/s, loss=0.0256]
Epoch 33:  64%|######....| 373/585 [00:06:48<00:03:51,  0.91it/s, loss=0.0256]
Epoch 33:  65%|######....| 378/585 [00:06:53<00:03:46,  0.91it/s, loss=0.0257]
Epoch 33:  66%|######....| 384/585 [00:06:59<00:03:39,  0.92it/s, loss=0.0257]
Epoch 33:  66%|######....| 389/585 [00:07:05<00:03:34,  0.91it/s, loss=0.0256]
Epoch 33:  68%|######....| 395/585 [00:07:10<00:03:27,  0.92it/s, loss=0.0256]
Epoch 33:  68%|######....| 400/585 [00:07:16<00:03:21,  0.92it/s, loss=0.0257]
Epoch 33:  69%|######....| 406/585 [00:07:22<00:03:14,  0.92it/s, loss=0.0257]
Epoch 33:  70%|#######...| 411/585 [00:07:27<00:03:09,  0.92it/s, loss=0.0257]
Epoch 33:  71%|#######...| 416/585 [00:07:33<00:03:04,  0.92it/s, loss=0.0258]
Epoch 33:  72%|#######...| 421/585 [00:07:38<00:02:58,  0.92it/s, loss=0.0257]
Epoch 33:  73%|#######...| 426/585 [00:07:43<00:02:52,  0.92it/s, loss=0.0258]
Epoch 33:  74%|#######...| 431/585 [00:07:48<00:02:47,  0.92it/s, loss=0.0257]
Epoch 33:  75%|#######...| 436/585 [00:07:54<00:02:42,  0.92it/s, loss=0.0257]
Epoch 33:  75%|#######...| 440/585 [00:07:59<00:02:37,  0.92it/s, loss=0.0257]
Epoch 33:  76%|#######...| 445/585 [00:08:05<00:02:32,  0.92it/s, loss=0.0257]
Epoch 33:  77%|#######...| 450/585 [00:08:10<00:02:27,  0.92it/s, loss=0.0258]
Epoch 33:  78%|#######...| 455/585 [00:08:16<00:02:21,  0.92it/s, loss=0.0258]
Epoch 33:  79%|#######...| 460/585 [00:08:21<00:02:16,  0.92it/s, loss=0.0258]
Epoch 33:  79%|#######...| 465/585 [00:08:26<00:02:10,  0.92it/s, loss=0.0258]
Epoch 33:  81%|########..| 471/585 [00:08:32<00:02:04,  0.92it/s, loss=0.0257]
Epoch 33:  82%|########..| 477/585 [00:08:38<00:01:57,  0.92it/s, loss=0.0257]
Epoch 33:  82%|########..| 482/585 [00:08:43<00:01:51,  0.92it/s, loss=0.0258]
Epoch 33:  83%|########..| 487/585 [00:08:49<00:01:46,  0.92it/s, loss=0.0258]
Epoch 33:  84%|########..| 492/585 [00:08:54<00:01:40,  0.92it/s, loss=0.0258]
Epoch 33:  85%|########..| 496/585 [00:08:59<00:01:36,  0.92it/s, loss=0.0257]
Epoch 33:  86%|########..| 502/585 [00:09:05<00:01:30,  0.92it/s, loss=0.0257]
Epoch 33:  87%|########..| 507/585 [00:09:10<00:01:24,  0.92it/s, loss=0.0257]
Epoch 33:  88%|########..| 512/585 [00:09:16<00:01:19,  0.92it/s, loss=0.0257]
Epoch 33:  88%|########..| 517/585 [00:09:21<00:01:13,  0.92it/s, loss=0.0257]
Epoch 33:  89%|########..| 522/585 [00:09:26<00:01:08,  0.92it/s, loss=0.0256]
Epoch 33:  90%|#########.| 527/585 [00:09:31<00:01:02,  0.92it/s, loss=0.0256]
Epoch 33:  91%|#########.| 532/585 [00:09:37<00:00:57,  0.92it/s, loss=0.0256]
Epoch 33:  92%|#########.| 537/585 [00:09:43<00:00:52,  0.92it/s, loss=0.0256]
Epoch 33:  93%|#########.| 542/585 [00:09:49<00:00:46,  0.92it/s, loss=0.0257]
Epoch 33:  94%|#########.| 548/585 [00:09:55<00:00:40,  0.92it/s, loss=0.0256]
Epoch 33:  95%|#########.| 554/585 [00:10:01<00:00:33,  0.92it/s, loss=0.0256]
Epoch 33:  95%|#########.| 558/585 [00:10:06<00:00:29,  0.92it/s, loss=0.0257]
Epoch 33:  96%|#########.| 563/585 [00:10:12<00:00:23,  0.92it/s, loss=0.0256]
Epoch 33:  97%|#########.| 567/585 [00:10:17<00:00:19,  0.92it/s, loss=0.0256]
Epoch 33:  98%|#########.| 572/585 [00:10:23<00:00:14,  0.92it/s, loss=0.0256]
Epoch 33:  99%|#########.| 578/585 [00:10:29<00:00:07,  0.92it/s, loss=0.0256]
Epoch 33: 100%|#########.| 583/585 [00:10:35<00:00:02,  0.92it/s, loss=0.0257]
Epoch 33: 100%|##########| 585/585 [00:10:38<00:00:00,  0.92it/s, loss=0.0257]
Test loss: 0.0248, Test rmsae: 7.41deg
{"event": "epoch_complete", "epoch": 33, "phase": 2, "lr": 1e-05, "batch_size": 10, "micro_batch_size": 1, "train_loss": 0.025713064384638752, "val_loss": 0.02481557533610612, "val_rmsae_deg": 7.408375173807144, "epoch_time_s": 639.44377686386}
Epoch 34/40:
Epoch 34:   1%|..........| 5/585 [00:00:05<00:10:53,  0.89it/s, loss=0.0303]
Epoch 34:   2%|..........| 11/585 [00:00:11<00:10:03,  0.95it/s, loss=0.0283]
Epoch 34:   3%|..........| 16/585 [00:00:16<00:09:56,  0.95it/s, loss=0.0283]
Epoch 34:   4%|..........| 21/585 [00:00:21<00:09:46,  0.96it/s, loss=0.0276]
Epoch 34:   5%|..........| 27/585 [00:00:27<00:09:33,  0.97it/s, loss=0.0264]
Epoch 34:   5%|..........| 31/585 [00:00:33<00:09:50,  0.94it/s, loss=0.0260]
Epoch 34:   6%|..........| 36/585 [00:00:38<00:09:52,  0.93it/s, loss=0.0261]
Epoch 34:   7%|..........| 41/585 [00:00:44<00:09:43,  0.93it/s, loss=0.0264]
Epoch 34:   8%|..........| 46/585 [00:00:49<00:09:45,  0.92it/s, loss=0.0265]
Epoch 34:   9%|..........| 51/585 [00:00:55<00:09:41,  0.92it/s, loss=0.0264]
Epoch 34:  10%|..........| 56/585 [00:01:01<00:09:39,  0.91it/s, loss=0.0264]
Epoch 34:  10%|#.........| 61/585 [00:01:06<00:09:34,  0.91it/s, loss=0.0262]
Epoch 34:  11%|#.........| 65/585 [00:01:12<00:09:38,  0.90it/s, loss=0.0263]
Epoch 34:  12%|#.........| 70/585 [00:01:18<00:09:34,  0.90it/s, loss=0.0262]
Epoch 34:  13%|#.........| 75/585 [00:01:23<00:09:30,  0.89it/s, loss=0.0263]
Epoch 34:  14%|#.........| 80/585 [00:01:29<00:09:24,  0.90it/s, loss=0.0262]
Epoch 34:  15%|#.........| 86/585 [00:01:35<00:09:12,  0.90it/s, loss=0.0260]
Epoch 34:  16%|#.........| 91/585 [00:01:40<00:09:05,  0.91it/s, loss=0.0257]
Epoch 34:  16%|#.........| 96/585 [00:01:45<00:08:57,  0.91it/s, loss=0.0255]
Epoch 34:  17%|#.........| 102/585 [00:01:51<00:08:48,  0.91it/s, loss=0.0254]
Epoch 34:  18%|#.........| 107/585 [00:01:57<00:08:43,  0.91it/s, loss=0.0258]
Epoch 34:  19%|#.........| 111/585 [00:02:02<00:08:42,  0.91it/s, loss=0.0259]
Epoch 34:  20%|#.........| 116/585 [00:02:08<00:08:38,  0.90it/s, loss=0.0261]
Epoch 34:  21%|##........| 121/585 [00:02:13<00:08:32,  0.91it/s, loss=0.0260]
Epoch 34:  22%|##........| 126/585 [00:02:19<00:08:27,  0.91it/s, loss=0.0259]
Epoch 34:  23%|##........| 132/585 [00:02:25<00:08:19,  0.91it/s, loss=0.0257]
Epoch 34:  23%|##........| 137/585 [00:02:30<00:08:12,  0.91it/s, loss=0.0261]
Epoch 34:  24%|##........| 142/585 [00:02:35<00:08:06,  0.91it/s, loss=0.0261]
Epoch 34:  25%|##........| 146/585 [00:02:40<00:08:03,  0.91it/s, loss=0.0262]
Epoch 34:  26%|##........| 152/585 [00:02:46<00:07:54,  0.91it/s, loss=0.0262]
Epoch 34:  27%|##........| 156/585 [00:02:51<00:07:52,  0.91it/s, loss=0.0262]
Epoch 34:  28%|##........| 161/585 [00:02:57<00:07:47,  0.91it/s, loss=0.0263]
Epoch 34:  29%|##........| 167/585 [00:03:03<00:07:39,  0.91it/s, loss=0.0261]
Epoch 34:  29%|##........| 172/585 [00:03:08<00:07:33,  0.91it/s, loss=0.0263]
Epoch 34:  30%|###.......| 177/585 [00:03:13<00:07:27,  0.91it/s, loss=0.0262]
Epoch 34:  31%|###.......| 182/585 [00:03:20<00:07:24,  0.91it/s, loss=0.0263]
Epoch 34:  32%|###.......| 188/585 [00:03:26<00:07:16,  0.91it/s, loss=0.0262]
Epoch 34:  33%|###.......| 193/585 [00:03:32<00:07:11,  0.91it/s, loss=0.0263]
Epoch 34:  34%|###.......| 198/585 [00:03:37<00:07:05,  0.91it/s, loss=0.0263]
Epoch 34:  35%|###.......| 203/585 [00:03:43<00:07:00,  0.91it/s, loss=0.0262]
Epoch 34:  36%|###.......| 208/585 [00:03:48<00:06:54,  0.91it/s, loss=0.0262]
Epoch 34:  36%|###.......| 213/585 [00:03:54<00:06:49,  0.91it/s, loss=0.0261]
Epoch 34:  37%|###.......| 218/585 [00:03:59<00:06:43,  0.91it/s, loss=0.0261]
Epoch 34:  38%|###.......| 223/585 [00:04:04<00:06:36,  0.91it/s, loss=0.0261]
Epoch 34:  39%|###.......| 227/585 [00:04:09<00:06:33,  0.91it/s, loss=0.0261]
Epoch 34:  40%|###.......| 232/585 [00:04:15<00:06:28,  0.91it/s, loss=0.0261]
Epoch 34:  40%|####......| 236/585 [00:04:20<00:06:25,  0.91it/s, loss=0.0263]
Epoch 34:  41%|####......| 240/585 [00:04:26<00:06:22,  0.90it/s, loss=0.0263]
Epoch 34:  42%|####......| 245/585 [00:04:31<00:06:16,  0.90it/s, loss=0.0262]
Epoch 34:  43%|####......| 250/585 [00:04:36<00:06:10,  0.90it/s, loss=0.0262]
Epoch 34:  44%|####......| 255/585 [00:04:42<00:06:05,  0.90it/s, loss=0.0263]
Epoch 34:  44%|####......| 260/585 [00:04:48<00:06:00,  0.90it/s, loss=0.0263]
Epoch 34:  45%|####......| 265/585 [00:04:54<00:05:55,  0.90it/s, loss=0.0262]
Epoch 34:  46%|####......| 270/585 [00:04:59<00:05:49,  0.90it/s, loss=0.0263]
Epoch 34:  47%|####......| 274/585 [00:05:05<00:05:46,  0.90it/s, loss=0.0262]
Epoch 34:  48%|####......| 279/585 [00:05:10<00:05:40,  0.90it/s, loss=0.0262]
Epoch 34:  49%|####......| 284/585 [00:05:16<00:05:35,  0.90it/s, loss=0.0262]
Epoch 34:  49%|####......| 289/585 [00:05:21<00:05:29,  0.90it/s, loss=0.0262]
Epoch 34:  50%|#####.....| 295/585 [00:05:27<00:05:21,  0.90it/s, loss=0.0262]
Epoch 34:  51%|#####.....| 299/585 [00:05:32<00:05:18,  0.90it/s, loss=0.0262]
Epoch 34:  52%|#####.....| 304/585 [00:05:38<00:05:12,  0.90it/s, loss=0.0262]
Epoch 34:  53%|#####.....| 309/585 [00:05:43<00:05:06,  0.90it/s, loss=0.0262]
Epoch 34:  54%|#####.....| 314/585 [00:05:48<00:05:00,  0.90it/s, loss=0.0262]
Epoch 34:  55%|#####.....| 319/585 [00:05:54<00:04:55,  0.90it/s, loss=0.0262]
Epoch 34:  55%|#####.....| 323/585 [00:06:00<00:04:52,  0.90it/s, loss=0.0262]
Epoch 34:  56%|#####.....| 329/585 [00:06:06<00:04:44,  0.90it/s, loss=0.0261]
Epoch 34:  57%|#####.....| 334/585 [00:06:11<00:04:39,  0.90it/s, loss=0.0261]
Epoch 34:  58%|#####.....| 339/585 [00:06:17<00:04:33,  0.90it/s, loss=0.0260]
Epoch 34:  59%|#####.....| 344/585 [00:06:22<00:04:28,  0.90it/s, loss=0.0260]
Epoch 34:  60%|#####.....| 349/585 [00:06:28<00:04:22,  0.90it/s, loss=0.0260]
Epoch 34:  61%|######....| 354/585 [00:06:33<00:04:16,  0.90it/s, loss=0.0259]
Epoch 34:  62%|######....| 360/585 [00:06:38<00:04:09,  0.90it/s, loss=0.0259]
Epoch 34:  63%|######....| 366/585 [00:06:44<00:04:02,  0.90it/s, loss=0.0259]
Epoch 34:  63%|######....| 371/585 [00:06:49<00:03:56,  0.90it/s, loss=0.0259]
Epoch 34:  64%|######....| 376/585 [00:06:55<00:03:50,  0.91it/s, loss=0.0258]
Epoch 34:  65%|######....| 381/585 [00:07:00<00:03:45,  0.91it/s, loss=0.0258]
Epoch 34:  66%|######....| 386/585 [00:07:05<00:03:39,  0.91it/s, loss=0.0258]
Epoch 34:  67%|######....| 391/585 [00:07:11<00:03:34,  0.91it/s, loss=0.0258]
Epoch 34:  68%|######....| 396/585 [00:07:17<00:03:28,  0.91it/s, loss=0.0258]
Epoch 34:  69%|######....| 401/585 [00:07:22<00:03:23,  0.91it/s, loss=0.0259]
Epoch 34:  69%|######....| 406/585 [00:07:28<00:03:17,  0.90it/s, loss=0.0260]
Epoch 34:  70%|#######...| 411/585 [00:07:34<00:03:12,  0.90it/s, loss=0.0259]
Epoch 34:  71%|#######...| 416/585 [00:07:40<00:03:06,  0.90it/s, loss=0.0259]
Epoch 34:  72%|#######...| 421/585 [00:07:45<00:03:01,  0.90it/s, loss=0.0259]
Epoch 34:  73%|#######...| 426/585 [00:07:51<00:02:56,  0.90it/s, loss=0.0259]
Epoch 34:  74%|#######...| 431/585 [00:07:56<00:02:50,  0.90it/s, loss=0.0258]
Epoch 34:  75%|#######...| 436/585 [00:08:02<00:02:44,  0.90it/s, loss=0.0258]
Epoch 34:  75%|#######...| 441/585 [00:08:07<00:02:39,  0.90it/s, loss=0.0258]
Epoch 34:  76%|#######...| 446/585 [00:08:13<00:02:33,  0.90it/s, loss=0.0258]
Epoch 34:  77%|#######...| 451/585 [00:08:18<00:02:28,  0.90it/s, loss=0.0258]
Epoch 34:  78%|#######...| 456/585 [00:08:24<00:02:22,  0.90it/s, loss=0.0258]
Epoch 34:  79%|#######...| 461/585 [00:08:29<00:02:17,  0.90it/s, loss=0.0259]
Epoch 34:  79%|#######...| 465/585 [00:08:35<00:02:12,  0.90it/s, loss=0.0259]
Epoch 34:  80%|########..| 470/585 [00:08:40<00:02:07,  0.90it/s, loss=0.0259]
Epoch 34:  81%|########..| 475/585 [00:08:45<00:02:01,  0.90it/s, loss=0.0259]
Epoch 34:  82%|########..| 480/585 [00:08:51<00:01:56,  0.90it/s, loss=0.0260]
Epoch 34:  83%|########..| 486/585 [00:08:57<00:01:49,  0.90it/s, loss=0.0259]
Epoch 34:  84%|########..| 490/585 [00:09:03<00:01:45,  0.90it/s, loss=0.0259]
Epoch 34:  85%|########..| 495/585 [00:09:08<00:01:39,  0.90it/s, loss=0.0259]
Epoch 34:  86%|########..| 501/585 [00:09:14<00:01:32,  0.90it/s, loss=0.0258]
Epoch 34:  86%|########..| 506/585 [00:09:19<00:01:27,  0.90it/s, loss=0.0258]
Epoch 34:  88%|########..| 512/585 [00:09:25<00:01:20,  0.91it/s, loss=0.0258]
Epoch 34:  88%|########..| 517/585 [00:09:31<00:01:15,  0.90it/s, loss=0.0258]
Epoch 34:  89%|########..| 522/585 [00:09:36<00:01:09,  0.91it/s, loss=0.0258]
Epoch 34:  90%|#########.| 527/585 [00:09:41<00:01:04,  0.91it/s, loss=0.0258]
Epoch 34:  91%|#########.| 532/585 [00:09:47<00:00:58,  0.91it/s, loss=0.0258]
Epoch 34:  92%|#########.| 537/585 [00:09:52<00:00:52,  0.91it/s, loss=0.0258]
Epoch 34:  93%|#########.| 542/585 [00:09:57<00:00:47,  0.91it/s, loss=0.0258]
Epoch 34:  94%|#########.| 547/585 [00:10:03<00:00:41,  0.91it/s, loss=0.0258]
Epoch 34:  95%|#########.| 553/585 [00:10:09<00:00:35,  0.91it/s, loss=0.0258]
Epoch 34:  95%|#########.| 558/585 [00:10:14<00:00:29,  0.91it/s, loss=0.0258]
Epoch 34:  96%|#########.| 563/585 [00:10:20<00:00:24,  0.91it/s, loss=0.0258]
Epoch 34:  97%|#########.| 568/585 [00:10:25<00:00:18,  0.91it/s, loss=0.0258]
Epoch 34:  98%|#########.| 573/585 [00:10:31<00:00:13,  0.91it/s, loss=0.0258]
Epoch 34:  99%|#########.| 579/585 [00:10:37<00:00:06,  0.91it/s, loss=0.0258]
Epoch 34: 100%|#########.| 584/585 [00:10:43<00:00:01,  0.91it/s, loss=0.0258]
Epoch 34: 100%|##########| 585/585 [00:10:44<00:00:00,  0.91it/s, loss=0.0258]
Test loss: 0.0248, Test rmsae: 7.33deg
{"event": "epoch_complete", "epoch": 34, "phase": 2, "lr": 1e-05, "batch_size": 10, "micro_batch_size": 1, "train_loss": 0.02580997003799575, "val_loss": 0.02477022272069007, "val_rmsae_deg": 7.333683758974075, "epoch_time_s": 645.5311194688547}
Epoch 35/40:
Epoch 35:   1%|..........| 5/585 [00:00:05<00:10:40,  0.91it/s, loss=0.0231]
Epoch 35:   2%|..........| 10/585 [00:00:11<00:10:52,  0.88it/s, loss=0.0259]
Epoch 35:   3%|..........| 15/585 [00:00:16<00:10:41,  0.89it/s, loss=0.0246]
Epoch 35:   3%|..........| 20/585 [00:00:23<00:10:50,  0.87it/s, loss=0.0377]
Epoch 35:   4%|..........| 25/585 [00:00:28<00:10:28,  0.89it/s, loss=0.0351]
Epoch 35:   5%|..........| 30/585 [00:00:33<00:10:22,  0.89it/s, loss=0.0334]
Epoch 35:   6%|..........| 35/585 [00:00:39<00:10:18,  0.89it/s, loss=0.0326]
Epoch 35:   7%|..........| 40/585 [00:00:46<00:10:29,  0.87it/s, loss=0.0317]
Epoch 35:   8%|..........| 44/585 [00:00:51<00:10:33,  0.85it/s, loss=0.0316]
Epoch 35:   8%|..........| 49/585 [00:00:56<00:10:22,  0.86it/s, loss=0.0310]
Epoch 35:   9%|..........| 54/585 [00:01:02<00:10:10,  0.87it/s, loss=0.0305]
Epoch 35:  10%|#.........| 59/585 [00:01:07<00:10:02,  0.87it/s, loss=0.0299]
Epoch 35:  11%|#.........| 65/585 [00:01:13<00:09:49,  0.88it/s, loss=0.0293]
Epoch 35:  12%|#.........| 70/585 [00:01:19<00:09:43,  0.88it/s, loss=0.0290]
Epoch 35:  13%|#.........| 75/585 [00:01:24<00:09:35,  0.89it/s, loss=0.0287]
Epoch 35:  14%|#.........| 81/585 [00:01:30<00:09:22,  0.90it/s, loss=0.0284]
Epoch 35:  15%|#.........| 86/585 [00:01:36<00:09:17,  0.89it/s, loss=0.0281]
Epoch 35:  16%|#.........| 91/585 [00:01:41<00:09:10,  0.90it/s, loss=0.0280]
Epoch 35:  16%|#.........| 96/585 [00:01:46<00:09:02,  0.90it/s, loss=0.0281]
Epoch 35:  17%|#.........| 101/585 [00:01:52<00:08:56,  0.90it/s, loss=0.0279]
Epoch 35:  18%|#.........| 106/585 [00:01:57<00:08:49,  0.91it/s, loss=0.0278]
Epoch 35:  19%|#.........| 111/585 [00:02:02<00:08:43,  0.91it/s, loss=0.0276]
Epoch 35:  20%|#.........| 116/585 [00:02:08<00:08:39,  0.90it/s, loss=0.0277]
Epoch 35:  21%|##........| 121/585 [00:02:13<00:08:33,  0.90it/s, loss=0.0276]
Epoch 35:  22%|##........| 126/585 [00:02:19<00:08:28,  0.90it/s, loss=0.0274]
Epoch 35:  22%|##........| 131/585 [00:02:25<00:08:24,  0.90it/s, loss=0.0274]
Epoch 35:  23%|##........| 136/585 [00:02:30<00:08:16,  0.90it/s, loss=0.0275]
Epoch 35:  24%|##........| 141/585 [00:02:36<00:08:12,  0.90it/s, loss=0.0274]
Epoch 35:  25%|##........| 147/585 [00:02:41<00:08:02,  0.91it/s, loss=0.0271]
Epoch 35:  26%|##........| 152/585 [00:02:47<00:07:57,  0.91it/s, loss=0.0271]
Epoch 35:  27%|##........| 156/585 [00:02:53<00:07:55,  0.90it/s, loss=0.0270]
Epoch 35:  28%|##........| 161/585 [00:02:58<00:07:49,  0.90it/s, loss=0.0270]
Epoch 35:  28%|##........| 166/585 [00:03:03<00:07:43,  0.90it/s, loss=0.0269]
Epoch 35:  29%|##........| 171/585 [00:03:09<00:07:37,  0.90it/s, loss=0.0268]
Epoch 35:  30%|###.......| 176/585 [00:03:14<00:07:31,  0.91it/s, loss=0.0268]
Epoch 35:  31%|###.......| 181/585 [00:03:20<00:07:26,  0.90it/s, loss=0.0268]
Epoch 35:  32%|###.......| 186/585 [00:03:25<00:07:21,  0.90it/s, loss=0.0269]
Epoch 35:  33%|###.......| 191/585 [00:03:30<00:07:15,  0.91it/s, loss=0.0268]
Epoch 35:  34%|###.......| 196/585 [00:03:36<00:07:10,  0.90it/s, loss=0.0267]
Epoch 35:  34%|###.......| 201/585 [00:03:41<00:07:03,  0.91it/s, loss=0.0267]
Epoch 35:  35%|###.......| 205/585 [00:03:47<00:07:02,  0.90it/s, loss=0.0267]
Epoch 35:  36%|###.......| 211/585 [00:03:53<00:06:54,  0.90it/s, loss=0.0266]
Epoch 35:  37%|###.......| 216/585 [00:03:59<00:06:48,  0.90it/s, loss=0.0265]
Epoch 35:  38%|###.......| 221/585 [00:04:04<00:06:42,  0.90it/s, loss=0.0265]
Epoch 35:  39%|###.......| 226/585 [00:04:09<00:06:37,  0.90it/s, loss=0.0264]
Epoch 35:  39%|###.......| 231/585 [00:04:15<00:06:31,  0.90it/s, loss=0.0265]
Epoch 35:  40%|####......| 236/585 [00:04:20<00:06:25,  0.91it/s, loss=0.0264]
Epoch 35:  41%|####......| 241/585 [00:04:26<00:06:20,  0.90it/s, loss=0.0263]
Epoch 35:  42%|####......| 246/585 [00:04:31<00:06:13,  0.91it/s, loss=0.0263]
Epoch 35:  43%|####......| 251/585 [00:04:36<00:06:08,  0.91it/s, loss=0.0263]
Epoch 35:  44%|####......| 255/585 [00:04:42<00:06:05,  0.90it/s, loss=0.0263]
Epoch 35:  44%|####......| 260/585 [00:04:47<00:05:59,  0.90it/s, loss=0.0263]
Epoch 35:  45%|####......| 265/585 [00:04:52<00:05:53,  0.90it/s, loss=0.0263]
Epoch 35:  46%|####......| 270/585 [00:04:58<00:05:48,  0.90it/s, loss=0.0264]
Epoch 35:  47%|####......| 275/585 [00:05:04<00:05:43,  0.90it/s, loss=0.0264]
Epoch 35:  48%|####......| 279/585 [00:05:09<00:05:39,  0.90it/s, loss=0.0263]
Epoch 35:  49%|####......| 284/585 [00:05:14<00:05:33,  0.90it/s, loss=0.0263]
Epoch 35:  49%|####......| 288/585 [00:05:20<00:05:30,  0.90it/s, loss=0.0263]
Epoch 35:  50%|#####.....| 293/585 [00:05:26<00:05:25,  0.90it/s, loss=0.0263]
Epoch 35:  51%|#####.....| 298/585 [00:05:31<00:05:19,  0.90it/s, loss=0.0264]
Epoch 35:  52%|#####.....| 303/585 [00:05:37<00:05:13,  0.90it/s, loss=0.0263]
Epoch 35:  53%|#####.....| 308/585 [00:05:42<00:05:07,  0.90it/s, loss=0.0263]
Epoch 35:  54%|#####.....| 313/585 [00:05:48<00:05:02,  0.90it/s, loss=0.0264]
Epoch 35:  54%|#####.....| 318/585 [00:05:54<00:04:57,  0.90it/s, loss=0.0264]
Epoch 35:  55%|#####.....| 323/585 [00:05:59<00:04:51,  0.90it/s, loss=0.0263]
Epoch 35:  56%|#####.....| 328/585 [00:06:05<00:04:46,  0.90it/s, loss=0.0263]
Epoch 35:  57%|#####.....| 334/585 [00:06:11<00:04:39,  0.90it/s, loss=0.0263]
Epoch 35:  58%|#####.....| 338/585 [00:06:16<00:04:35,  0.90it/s, loss=0.0263]
Epoch 35:  59%|#####.....| 343/585 [00:06:22<00:04:29,  0.90it/s, loss=0.0263]
Epoch 35:  59%|#####.....| 348/585 [00:06:27<00:04:24,  0.90it/s, loss=0.0263]
Epoch 35:  60%|######....| 353/585 [00:06:33<00:04:18,  0.90it/s, loss=0.0263]
Epoch 35:  61%|######....| 358/585 [00:06:38<00:04:12,  0.90it/s, loss=0.0262]
Epoch 35:  62%|######....| 363/585 [00:06:43<00:04:07,  0.90it/s, loss=0.0262]
Epoch 35:  63%|######....| 368/585 [00:06:49<00:04:01,  0.90it/s, loss=0.0262]
Epoch 35:  64%|######....| 373/585 [00:06:54<00:03:55,  0.90it/s, loss=0.0262]
Epoch 35:  65%|######....| 378/585 [00:06:59<00:03:49,  0.90it/s, loss=0.0262]
Epoch 35:  65%|######....| 382/585 [00:07:05<00:03:45,  0.90it/s, loss=0.0263]
Epoch 35:  66%|######....| 387/585 [00:07:10<00:03:40,  0.90it/s, loss=0.0263]
Epoch 35:  67%|######....| 392/585 [00:07:15<00:03:34,  0.90it/s, loss=0.0263]
Epoch 35:  68%|######....| 397/585 [00:07:21<00:03:28,  0.90it/s, loss=0.0263]
Epoch 35:  69%|######....| 403/585 [00:07:26<00:03:21,  0.90it/s, loss=0.0262]
Epoch 35:  70%|######....| 407/585 [00:07:32<00:03:17,  0.90it/s, loss=0.0262]
Epoch 35:  70%|#######...| 412/585 [00:07:37<00:03:12,  0.90it/s, loss=0.0262]
Epoch 35:  71%|#######...| 417/585 [00:07:42<00:03:06,  0.90it/s, loss=0.0262]
Epoch 35:  72%|#######...| 423/585 [00:07:48<00:02:59,  0.90it/s, loss=0.0266]
Epoch 35:  73%|#######...| 428/585 [00:07:54<00:02:53,  0.90it/s, loss=0.0266]
Epoch 35:  74%|#######...| 433/585 [00:07:59<00:02:48,  0.90it/s, loss=0.0266]
Epoch 35:  75%|#######...| 438/585 [00:08:04<00:02:42,  0.90it/s, loss=0.0265]
Epoch 35:  76%|#######...| 443/585 [00:08:09<00:02:37,  0.90it/s, loss=0.0265]
Epoch 35:  77%|#######...| 448/585 [00:08:15<00:02:31,  0.90it/s, loss=0.0265]
Epoch 35:  77%|#######...| 453/585 [00:08:21<00:02:26,  0.90it/s, loss=0.0265]
Epoch 35:  78%|#######...| 458/585 [00:08:26<00:02:20,  0.90it/s, loss=0.0264]
Epoch 35:  79%|#######...| 463/585 [00:08:32<00:02:14,  0.90it/s, loss=0.0264]
Epoch 35:  80%|########..| 468/585 [00:08:38<00:02:09,  0.90it/s, loss=0.0264]
Epoch 35:  81%|########..| 473/585 [00:08:44<00:02:04,  0.90it/s, loss=0.0264]
Epoch 35:  82%|########..| 477/585 [00:08:49<00:01:59,  0.90it/s, loss=0.0263]
Epoch 35:  82%|########..| 481/585 [00:08:54<00:01:55,  0.90it/s, loss=0.0263]
Epoch 35:  83%|########..| 486/585 [00:09:00<00:01:50,  0.90it/s, loss=0.0263]
Epoch 35:  84%|########..| 492/585 [00:09:06<00:01:43,  0.90it/s, loss=0.0263]
Epoch 35:  85%|########..| 497/585 [00:09:12<00:01:37,  0.90it/s, loss=0.0263]
Epoch 35:  86%|########..| 501/585 [00:09:18<00:01:33,  0.90it/s, loss=0.0263]
Epoch 35:  87%|########..| 507/585 [00:09:23<00:01:26,  0.90it/s, loss=0.0262]
Epoch 35:  87%|########..| 511/585 [00:09:29<00:01:22,  0.90it/s, loss=0.0263]
Epoch 35:  88%|########..| 515/585 [00:09:34<00:01:18,  0.90it/s, loss=0.0263]
Epoch 35:  89%|########..| 520/585 [00:09:40<00:01:12,  0.90it/s, loss=0.0263]
Epoch 35:  90%|########..| 525/585 [00:09:46<00:01:07,  0.90it/s, loss=0.0263]
Epoch 35:  91%|#########.| 530/585 [00:09:52<00:01:01,  0.89it/s, loss=0.0262]
Epoch 35:  91%|#########.| 535/585 [00:09:57<00:00:55,  0.90it/s, loss=0.0262]
Epoch 35:  92%|#########.| 540/585 [00:10:02<00:00:50,  0.90it/s, loss=0.0262]
Epoch 35:  93%|#########.| 546/585 [00:10:08<00:00:43,  0.90it/s, loss=0.0262]
Epoch 35:  94%|#########.| 550/585 [00:10:14<00:00:39,  0.90it/s, loss=0.0262]
Epoch 35:  95%|#########.| 555/585 [00:10:20<00:00:33,  0.89it/s, loss=0.0262]
Epoch 35:  96%|#########.| 560/585 [00:10:26<00:00:27,  0.89it/s, loss=0.0262]
Epoch 35:  97%|#########.| 566/585 [00:10:32<00:00:21,  0.89it/s, loss=0.0262]
Epoch 35:  98%|#########.| 572/585 [00:10:38<00:00:14,  0.90it/s, loss=0.0261]
Epoch 35:  99%|#########.| 577/585 [00:10:44<00:00:08,  0.90it/s, loss=0.0261]
Epoch 35:  99%|#########.| 582/585 [00:10:50<00:00:03,  0.90it/s, loss=0.0261]
Epoch 35: 100%|##########| 585/585 [00:10:53<00:00:00,  0.90it/s, loss=0.0261]
Test loss: 0.0248, Test rmsae: 7.29deg
{"event": "epoch_complete", "epoch": 35, "phase": 2, "lr": 1e-05, "batch_size": 10, "micro_batch_size": 1, "train_loss": 0.026123366619531924, "val_loss": 0.02475373027846217, "val_rmsae_deg": 7.292585998773575, "epoch_time_s": 654.7672235209029}
Epoch 36/40:
Epoch 36:   1%|..........| 5/585 [00:00:05<00:11:20,  0.85it/s, loss=0.0259]
Epoch 36:   2%|..........| 10/585 [00:00:11<00:10:49,  0.89it/s, loss=0.0252]
Epoch 36:   3%|..........| 16/585 [00:00:17<00:10:11,  0.93it/s, loss=0.0241]
Epoch 36:   4%|..........| 21/585 [00:00:22<00:10:17,  0.91it/s, loss=0.0257]
Epoch 36:   4%|..........| 26/585 [00:00:28<00:10:18,  0.90it/s, loss=0.0256]
Epoch 36:   5%|..........| 31/585 [00:00:34<00:10:18,  0.90it/s, loss=0.0263]
Epoch 36:   6%|..........| 36/585 [00:00:41<00:10:26,  0.88it/s, loss=0.0262]
Epoch 36:   7%|..........| 41/585 [00:00:46<00:10:22,  0.87it/s, loss=0.0262]
Epoch 36:   8%|..........| 46/585 [00:00:53<00:10:21,  0.87it/s, loss=0.0264]
Epoch 36:   9%|..........| 51/585 [00:00:58<00:10:07,  0.88it/s, loss=0.0264]
Epoch 36:  10%|..........| 56/585 [00:01:03<00:10:01,  0.88it/s, loss=0.0262]
Epoch 36:  10%|#.........| 61/585 [00:01:09<00:09:54,  0.88it/s, loss=0.0265]
Epoch 36:  11%|#.........| 65/585 [00:01:14<00:09:54,  0.87it/s, loss=0.0260]
Epoch 36:  12%|#.........| 71/585 [00:01:20<00:09:42,  0.88it/s, loss=0.0259]
Epoch 36:  13%|#.........| 76/585 [00:01:25<00:09:35,  0.88it/s, loss=0.0259]
Epoch 36:  14%|#.........| 82/585 [00:01:32<00:09:24,  0.89it/s, loss=0.0259]
Epoch 36:  15%|#.........| 86/585 [00:01:37<00:09:23,  0.89it/s, loss=0.0260]
Epoch 36:  16%|#.........| 91/585 [00:01:42<00:09:16,  0.89it/s, loss=0.0261]
Epoch 36:  16%|#.........| 96/585 [00:01:47<00:09:09,  0.89it/s, loss=0.0261]
Epoch 36:  17%|#.........| 101/585 [00:01:53<00:09:03,  0.89it/s, loss=0.0264]
Epoch 36:  18%|#.........| 107/585 [00:01:59<00:08:52,  0.90it/s, loss=0.0262]
Epoch 36:  19%|#.........| 112/585 [00:02:04<00:08:47,  0.90it/s, loss=0.0260]
Epoch 36:  20%|##........| 118/585 [00:02:10<00:08:37,  0.90it/s, loss=0.0259]
Epoch 36:  21%|##........| 124/585 [00:02:16<00:08:27,  0.91it/s, loss=0.0257]
Epoch 36:  22%|##........| 129/585 [00:02:21<00:08:21,  0.91it/s, loss=0.0257]
Epoch 36:  23%|##........| 134/585 [00:02:27<00:08:15,  0.91it/s, loss=0.0258]
Epoch 36:  24%|##........| 139/585 [00:02:32<00:08:09,  0.91it/s, loss=0.0258]
Epoch 36:  24%|##........| 143/585 [00:02:37<00:08:08,  0.91it/s, loss=0.0260]
Epoch 36:  25%|##........| 148/585 [00:02:43<00:08:02,  0.91it/s, loss=0.0261]
Epoch 36:  26%|##........| 153/585 [00:02:48<00:07:56,  0.91it/s, loss=0.0260]
Epoch 36:  27%|##........| 157/585 [00:02:53<00:07:54,  0.90it/s, loss=0.0262]
Epoch 36:  28%|##........| 162/585 [00:02:59<00:07:48,  0.90it/s, loss=0.0263]
Epoch 36:  29%|##........| 167/585 [00:03:05<00:07:43,  0.90it/s, loss=0.0263]
Epoch 36:  29%|##........| 171/585 [00:03:10<00:07:41,  0.90it/s, loss=0.0265]
Epoch 36:  30%|###.......| 176/585 [00:03:15<00:07:34,  0.90it/s, loss=0.0264]
Epoch 36:  31%|###.......| 181/585 [00:03:20<00:07:28,  0.90it/s, loss=0.0264]
Epoch 36:  32%|###.......| 186/585 [00:03:26<00:07:22,  0.90it/s, loss=0.0264]
Epoch 36:  32%|###.......| 190/585 [00:03:31<00:07:20,  0.90it/s, loss=0.0265]
Epoch 36:  33%|###.......| 195/585 [00:03:36<00:07:13,  0.90it/s, loss=0.0265]
Epoch 36:  34%|###.......| 200/585 [00:03:42<00:07:07,  0.90it/s, loss=0.0265]
Epoch 36:  35%|###.......| 205/585 [00:03:47<00:07:01,  0.90it/s, loss=0.0264]
Epoch 36:  36%|###.......| 211/585 [00:03:53<00:06:53,  0.90it/s, loss=0.0263]
Epoch 36:  37%|###.......| 216/585 [00:03:59<00:06:48,  0.90it/s, loss=0.0263]
Epoch 36:  38%|###.......| 221/585 [00:04:04<00:06:43,  0.90it/s, loss=0.0263]
Epoch 36:  39%|###.......| 227/585 [00:04:10<00:06:35,  0.90it/s, loss=0.0263]
Epoch 36:  40%|###.......| 232/585 [00:04:15<00:06:29,  0.91it/s, loss=0.0262]
Epoch 36:  41%|####......| 237/585 [00:04:21<00:06:23,  0.91it/s, loss=0.0264]
Epoch 36:  41%|####......| 242/585 [00:04:26<00:06:18,  0.91it/s, loss=0.0266]
Epoch 36:  42%|####......| 247/585 [00:04:32<00:06:12,  0.91it/s, loss=0.0267]
Epoch 36:  43%|####......| 252/585 [00:04:37<00:06:06,  0.91it/s, loss=0.0268]
Epoch 36:  44%|####......| 256/585 [00:04:42<00:06:03,  0.91it/s, loss=0.0268]
Epoch 36:  45%|####......| 261/585 [00:04:48<00:05:57,  0.91it/s, loss=0.0268]
Epoch 36:  45%|####......| 266/585 [00:04:53<00:05:51,  0.91it/s, loss=0.0268]
Epoch 36:  46%|####......| 271/585 [00:04:59<00:05:46,  0.91it/s, loss=0.0267]
Epoch 36:  47%|####......| 276/585 [00:05:04<00:05:40,  0.91it/s, loss=0.0267]
Epoch 36:  48%|####......| 280/585 [00:05:09<00:05:36,  0.91it/s, loss=0.0266]
Epoch 36:  49%|####......| 285/585 [00:05:14<00:05:31,  0.91it/s, loss=0.0266]
Epoch 36:  50%|####......| 290/585 [00:05:20<00:05:25,  0.91it/s, loss=0.0265]
Epoch 36:  50%|#####.....| 295/585 [00:05:25<00:05:20,  0.91it/s, loss=0.0266]
Epoch 36:  51%|#####.....| 300/585 [00:05:31<00:05:14,  0.91it/s, loss=0.0265]
Epoch 36:  52%|#####.....| 306/585 [00:05:37<00:05:07,  0.91it/s, loss=0.0264]
Epoch 36:  53%|#####.....| 310/585 [00:05:42<00:05:03,  0.91it/s, loss=0.0263]
Epoch 36:  54%|#####.....| 315/585 [00:05:48<00:04:58,  0.90it/s, loss=0.0263]
Epoch 36:  55%|#####.....| 320/585 [00:05:53<00:04:53,  0.90it/s, loss=0.0262]
Epoch 36:  55%|#####.....| 324/585 [00:05:59<00:04:49,  0.90it/s, loss=0.0262]
Epoch 36:  56%|#####.....| 329/585 [00:06:04<00:04:43,  0.90it/s, loss=0.0263]
Epoch 36:  57%|#####.....| 334/585 [00:06:09<00:04:37,  0.90it/s, loss=0.0263]
Epoch 36:  58%|#####.....| 338/585 [00:06:15<00:04:34,  0.90it/s, loss=0.0264]
Epoch 36:  59%|#####.....| 343/585 [00:06:20<00:04:28,  0.90it/s, loss=0.0264]
Epoch 36:  59%|#####.....| 347/585 [00:06:26<00:04:24,  0.90it/s, loss=0.0264]
Epoch 36:  60%|######....| 352/585 [00:06:31<00:04:19,  0.90it/s, loss=0.0264]
Epoch 36:  61%|######....| 357/585 [00:06:37<00:04:13,  0.90it/s, loss=0.0264]
Epoch 36:  62%|######....| 362/585 [00:06:43<00:04:08,  0.90it/s, loss=0.0263]
Epoch 36:  63%|######....| 367/585 [00:06:48<00:04:02,  0.90it/s, loss=0.0263]
Epoch 36:  64%|######....| 372/585 [00:06:54<00:03:57,  0.90it/s, loss=0.0263]
Epoch 36:  64%|######....| 377/585 [00:07:00<00:03:51,  0.90it/s, loss=0.0267]
Epoch 36:  65%|######....| 382/585 [00:07:05<00:03:46,  0.90it/s, loss=0.0266]
Epoch 36:  66%|######....| 386/585 [00:07:10<00:03:42,  0.90it/s, loss=0.0266]
Epoch 36:  67%|######....| 391/585 [00:07:16<00:03:36,  0.90it/s, loss=0.0268]
Epoch 36:  68%|######....| 396/585 [00:07:22<00:03:31,  0.90it/s, loss=0.0268]
Epoch 36:  69%|######....| 401/585 [00:07:28<00:03:25,  0.89it/s, loss=0.0268]
Epoch 36:  69%|######....| 406/585 [00:07:33<00:03:20,  0.89it/s, loss=0.0268]
Epoch 36:  70%|#######...| 411/585 [00:07:39<00:03:14,  0.89it/s, loss=0.0268]
Epoch 36:  71%|#######...| 416/585 [00:07:44<00:03:08,  0.90it/s, loss=0.0268]
Epoch 36:  72%|#######...| 421/585 [00:07:49<00:03:03,  0.90it/s, loss=0.0267]
Epoch 36:  73%|#######...| 426/585 [00:07:54<00:02:57,  0.90it/s, loss=0.0267]
Epoch 36:  74%|#######...| 431/585 [00:08:00<00:02:51,  0.90it/s, loss=0.0267]
Epoch 36:  75%|#######...| 436/585 [00:08:06<00:02:46,  0.90it/s, loss=0.0268]
Epoch 36:  75%|#######...| 441/585 [00:08:12<00:02:40,  0.90it/s, loss=0.0268]
Epoch 36:  76%|#######...| 446/585 [00:08:17<00:02:35,  0.90it/s, loss=0.0268]
Epoch 36:  77%|#######...| 451/585 [00:08:23<00:02:29,  0.90it/s, loss=0.0267]
Epoch 36:  78%|#######...| 456/585 [00:08:28<00:02:23,  0.90it/s, loss=0.0267]
Epoch 36:  79%|#######...| 461/585 [00:08:33<00:02:18,  0.90it/s, loss=0.0267]
Epoch 36:  79%|#######...| 465/585 [00:08:39<00:02:14,  0.89it/s, loss=0.0267]
Epoch 36:  80%|########..| 470/585 [00:08:45<00:02:08,  0.90it/s, loss=0.0267]
Epoch 36:  81%|########..| 475/585 [00:08:50<00:02:02,  0.90it/s, loss=0.0267]
Epoch 36:  82%|########..| 480/585 [00:08:56<00:01:57,  0.90it/s, loss=0.0266]
Epoch 36:  83%|########..| 485/585 [00:09:02<00:01:51,  0.89it/s, loss=0.0266]
Epoch 36:  84%|########..| 490/585 [00:09:07<00:01:46,  0.90it/s, loss=0.0266]
Epoch 36:  85%|########..| 495/585 [00:09:13<00:01:40,  0.89it/s, loss=0.0265]
Epoch 36:  85%|########..| 500/585 [00:09:19<00:01:35,  0.89it/s, loss=0.0265]
Epoch 36:  86%|########..| 505/585 [00:09:24<00:01:29,  0.89it/s, loss=0.0265]
Epoch 36:  87%|########..| 509/585 [00:09:30<00:01:25,  0.89it/s, loss=0.0264]
Epoch 36:  88%|########..| 514/585 [00:09:35<00:01:19,  0.89it/s, loss=0.0264]
Epoch 36:  89%|########..| 518/585 [00:09:41<00:01:15,  0.89it/s, loss=0.0264]
Epoch 36:  89%|########..| 523/585 [00:09:47<00:01:09,  0.89it/s, loss=0.0264]
Epoch 36:  90%|#########.| 529/585 [00:09:53<00:01:02,  0.89it/s, loss=0.0264]
Epoch 36:  91%|#########.| 534/585 [00:09:58<00:00:57,  0.89it/s, loss=0.0263]
Epoch 36:  92%|#########.| 539/585 [00:10:03<00:00:51,  0.89it/s, loss=0.0263]
Epoch 36:  93%|#########.| 545/585 [00:10:09<00:00:44,  0.89it/s, loss=0.0263]
Epoch 36:  94%|#########.| 550/585 [00:10:15<00:00:39,  0.89it/s, loss=0.0263]
Epoch 36:  95%|#########.| 555/585 [00:10:20<00:00:33,  0.89it/s, loss=0.0263]
Epoch 36:  96%|#########.| 561/585 [00:10:26<00:00:26,  0.90it/s, loss=0.0263]
Epoch 36:  97%|#########.| 566/585 [00:10:32<00:00:21,  0.90it/s, loss=0.0263]
Epoch 36:  98%|#########.| 571/585 [00:10:38<00:00:15,  0.89it/s, loss=0.0263]
Epoch 36:  98%|#########.| 576/585 [00:10:44<00:00:10,  0.89it/s, loss=0.0263]
Epoch 36:  99%|#########.| 581/585 [00:10:49<00:00:04,  0.89it/s, loss=0.0262]
Epoch 36: 100%|##########| 585/585 [00:10:53<00:00:00,  0.90it/s, loss=0.0262]
Test loss: 0.0248, Test rmsae: 7.48deg
{"event": "epoch_complete", "epoch": 36, "phase": 2, "lr": 1e-05, "batch_size": 10, "micro_batch_size": 1, "train_loss": 0.026199296347669557, "val_loss": 0.02479820029111579, "val_rmsae_deg": 7.477448895573616, "epoch_time_s": 654.9461800931022}
Epoch 37/40:
Epoch 37:   1%|..........| 5/585 [00:00:05<00:11:23,  0.85it/s, loss=0.0262]
Epoch 37:   2%|..........| 10/585 [00:00:11<00:10:43,  0.89it/s, loss=0.0251]
Epoch 37:   3%|..........| 15/585 [00:00:16<00:10:22,  0.92it/s, loss=0.0246]
Epoch 37:   3%|..........| 20/585 [00:00:22<00:10:31,  0.89it/s, loss=0.0245]
Epoch 37:   4%|..........| 25/585 [00:00:27<00:10:21,  0.90it/s, loss=0.0243]
Epoch 37:   5%|..........| 30/585 [00:00:33<00:10:23,  0.89it/s, loss=0.0240]
Epoch 37:   6%|..........| 35/585 [00:00:39<00:10:15,  0.89it/s, loss=0.0243]
Epoch 37:   7%|..........| 39/585 [00:00:44<00:10:19,  0.88it/s, loss=0.0242]
Epoch 37:   8%|..........| 44/585 [00:00:50<00:10:15,  0.88it/s, loss=0.0243]
Epoch 37:   8%|..........| 49/585 [00:00:55<00:10:04,  0.89it/s, loss=0.0242]
Epoch 37:   9%|..........| 54/585 [00:01:00<00:09:55,  0.89it/s, loss=0.0240]
Epoch 37:  10%|#.........| 60/585 [00:01:07<00:09:47,  0.89it/s, loss=0.0239]
Epoch 37:  11%|#.........| 65/585 [00:01:13<00:09:45,  0.89it/s, loss=0.0240]
Epoch 37:  12%|#.........| 69/585 [00:01:18<00:09:49,  0.88it/s, loss=0.0240]
Epoch 37:  13%|#.........| 75/585 [00:01:24<00:09:36,  0.88it/s, loss=0.0239]
Epoch 37:  14%|#.........| 79/585 [00:01:29<00:09:36,  0.88it/s, loss=0.0239]
Epoch 37:  14%|#.........| 84/585 [00:01:35<00:09:27,  0.88it/s, loss=0.0240]
Epoch 37:  15%|#.........| 88/585 [00:01:41<00:09:32,  0.87it/s, loss=0.0241]
Epoch 37:  16%|#.........| 94/585 [00:01:47<00:09:23,  0.87it/s, loss=0.0241]
Epoch 37:  17%|#.........| 99/585 [00:01:53<00:09:14,  0.88it/s, loss=0.0239]
Epoch 37:  18%|#.........| 104/585 [00:01:58<00:09:07,  0.88it/s, loss=0.0239]
Epoch 37:  19%|#.........| 109/585 [00:02:03<00:09:01,  0.88it/s, loss=0.0240]
Epoch 37:  19%|#.........| 114/585 [00:02:09<00:08:55,  0.88it/s, loss=0.0244]
Epoch 37:  20%|##........| 119/585 [00:02:15<00:08:49,  0.88it/s, loss=0.0246]
Epoch 37:  21%|##........| 124/585 [00:02:20<00:08:43,  0.88it/s, loss=0.0256]
Epoch 37:  22%|##........| 129/585 [00:02:26<00:08:37,  0.88it/s, loss=0.0255]
Epoch 37:  23%|##........| 134/585 [00:02:32<00:08:33,  0.88it/s, loss=0.0255]
Epoch 37:  24%|##........| 139/585 [00:02:38<00:08:28,  0.88it/s, loss=0.0257]
Epoch 37:  25%|##........| 144/585 [00:02:43<00:08:20,  0.88it/s, loss=0.0256]
Epoch 37:  25%|##........| 149/585 [00:02:48<00:08:13,  0.88it/s, loss=0.0255]
Epoch 37:  26%|##........| 154/585 [00:02:53<00:08:06,  0.89it/s, loss=0.0255]
Epoch 37:  27%|##........| 159/585 [00:02:59<00:08:00,  0.89it/s, loss=0.0255]
Epoch 37:  28%|##........| 164/585 [00:03:04<00:07:54,  0.89it/s, loss=0.0255]
Epoch 37:  29%|##........| 168/585 [00:03:10<00:07:53,  0.88it/s, loss=0.0256]
Epoch 37:  30%|##........| 174/585 [00:03:16<00:07:43,  0.89it/s, loss=0.0257]
Epoch 37:  31%|###.......| 179/585 [00:03:21<00:07:37,  0.89it/s, loss=0.0256]
Epoch 37:  31%|###.......| 184/585 [00:03:27<00:07:31,  0.89it/s, loss=0.0257]
Epoch 37:  32%|###.......| 189/585 [00:03:33<00:07:28,  0.88it/s, loss=0.0259]
Epoch 37:  33%|###.......| 193/585 [00:03:38<00:07:24,  0.88it/s, loss=0.0259]
Epoch 37:  34%|###.......| 199/585 [00:03:45<00:07:16,  0.88it/s, loss=0.0258]
Epoch 37:  35%|###.......| 204/585 [00:03:50<00:07:10,  0.89it/s, loss=0.0257]
Epoch 37:  36%|###.......| 209/585 [00:03:55<00:07:04,  0.89it/s, loss=0.0257]
Epoch 37:  37%|###.......| 214/585 [00:04:01<00:06:58,  0.89it/s, loss=0.0258]
Epoch 37:  37%|###.......| 219/585 [00:04:06<00:06:52,  0.89it/s, loss=0.0257]
Epoch 37:  38%|###.......| 224/585 [00:04:11<00:06:45,  0.89it/s, loss=0.0256]
Epoch 37:  39%|###.......| 229/585 [00:04:17<00:06:39,  0.89it/s, loss=0.0256]
Epoch 37:  40%|####......| 234/585 [00:04:22<00:06:34,  0.89it/s, loss=0.0256]
Epoch 37:  41%|####......| 240/585 [00:04:28<00:06:26,  0.89it/s, loss=0.0255]
Epoch 37:  42%|####......| 245/585 [00:04:34<00:06:20,  0.89it/s, loss=0.0255]
Epoch 37:  43%|####......| 250/585 [00:04:39<00:06:14,  0.89it/s, loss=0.0255]
Epoch 37:  44%|####......| 255/585 [00:04:45<00:06:08,  0.89it/s, loss=0.0255]
Epoch 37:  44%|####......| 260/585 [00:04:50<00:06:03,  0.89it/s, loss=0.0255]
Epoch 37:  45%|####......| 265/585 [00:04:56<00:05:58,  0.89it/s, loss=0.0255]
Epoch 37:  46%|####......| 269/585 [00:05:01<00:05:54,  0.89it/s, loss=0.0256]
Epoch 37:  47%|####......| 274/585 [00:05:07<00:05:48,  0.89it/s, loss=0.0256]
Epoch 37:  48%|####......| 280/585 [00:05:13<00:05:41,  0.89it/s, loss=0.0256]
Epoch 37:  49%|####......| 285/585 [00:05:18<00:05:35,  0.90it/s, loss=0.0256]
Epoch 37:  50%|####......| 290/585 [00:05:23<00:05:28,  0.90it/s, loss=0.0256]
Epoch 37:  50%|#####.....| 295/585 [00:05:28<00:05:23,  0.90it/s, loss=0.0255]
Epoch 37:  51%|#####.....| 300/585 [00:05:33<00:05:17,  0.90it/s, loss=0.0255]
Epoch 37:  52%|#####.....| 305/585 [00:05:38<00:05:11,  0.90it/s, loss=0.0255]
Epoch 37:  53%|#####.....| 310/585 [00:05:44<00:05:05,  0.90it/s, loss=0.0255]
Epoch 37:  54%|#####.....| 315/585 [00:05:50<00:05:00,  0.90it/s, loss=0.0256]
Epoch 37:  55%|#####.....| 321/585 [00:05:56<00:04:53,  0.90it/s, loss=0.0256]
Epoch 37:  56%|#####.....| 326/585 [00:06:01<00:04:47,  0.90it/s, loss=0.0256]
Epoch 37:  57%|#####.....| 331/585 [00:06:07<00:04:41,  0.90it/s, loss=0.0255]
Epoch 37:  57%|#####.....| 336/585 [00:06:12<00:04:36,  0.90it/s, loss=0.0255]
Epoch 37:  58%|#####.....| 341/585 [00:06:18<00:04:30,  0.90it/s, loss=0.0255]
Epoch 37:  59%|#####.....| 347/585 [00:06:24<00:04:23,  0.90it/s, loss=0.0255]
Epoch 37:  60%|######....| 352/585 [00:06:29<00:04:17,  0.90it/s, loss=0.0255]
Epoch 37:  61%|######....| 357/585 [00:06:35<00:04:12,  0.90it/s, loss=0.0255]
Epoch 37:  62%|######....| 362/585 [00:06:41<00:04:07,  0.90it/s, loss=0.0255]
Epoch 37:  63%|######....| 367/585 [00:06:46<00:04:01,  0.90it/s, loss=0.0255]
Epoch 37:  64%|######....| 372/585 [00:06:52<00:03:56,  0.90it/s, loss=0.0255]
Epoch 37:  64%|######....| 377/585 [00:06:57<00:03:50,  0.90it/s, loss=0.0255]
Epoch 37:  65%|######....| 382/585 [00:07:03<00:03:44,  0.90it/s, loss=0.0255]
Epoch 37:  66%|######....| 387/585 [00:07:08<00:03:39,  0.90it/s, loss=0.0255]
Epoch 37:  67%|######....| 391/585 [00:07:13<00:03:35,  0.90it/s, loss=0.0255]
Epoch 37:  68%|######....| 396/585 [00:07:19<00:03:29,  0.90it/s, loss=0.0255]
Epoch 37:  69%|######....| 401/585 [00:07:25<00:03:24,  0.90it/s, loss=0.0254]
Epoch 37:  70%|######....| 407/585 [00:07:31<00:03:17,  0.90it/s, loss=0.0254]
Epoch 37:  70%|#######...| 412/585 [00:07:36<00:03:11,  0.90it/s, loss=0.0253]
Epoch 37:  71%|#######...| 417/585 [00:07:42<00:03:06,  0.90it/s, loss=0.0253]
Epoch 37:  72%|#######...| 422/585 [00:07:47<00:03:00,  0.90it/s, loss=0.0253]
Epoch 37:  73%|#######...| 427/585 [00:07:53<00:02:55,  0.90it/s, loss=0.0252]
Epoch 37:  74%|#######...| 432/585 [00:07:59<00:02:49,  0.90it/s, loss=0.0253]
Epoch 37:  75%|#######...| 437/585 [00:08:05<00:02:44,  0.90it/s, loss=0.0252]
Epoch 37:  76%|#######...| 442/585 [00:08:10<00:02:38,  0.90it/s, loss=0.0252]
Epoch 37:  76%|#######...| 447/585 [00:08:15<00:02:33,  0.90it/s, loss=0.0252]
Epoch 37:  77%|#######...| 453/585 [00:08:21<00:02:26,  0.90it/s, loss=0.0252]
Epoch 37:  78%|#######...| 458/585 [00:08:26<00:02:20,  0.90it/s, loss=0.0252]
Epoch 37:  79%|#######...| 463/585 [00:08:32<00:02:15,  0.90it/s, loss=0.0252]
Epoch 37:  80%|########..| 469/585 [00:08:39<00:02:08,  0.90it/s, loss=0.0252]
Epoch 37:  81%|########..| 474/585 [00:08:44<00:02:02,  0.90it/s, loss=0.0252]
Epoch 37:  82%|########..| 479/585 [00:08:49<00:01:57,  0.90it/s, loss=0.0253]
Epoch 37:  83%|########..| 483/585 [00:08:55<00:01:53,  0.90it/s, loss=0.0253]
Epoch 37:  83%|########..| 487/585 [00:09:00<00:01:48,  0.90it/s, loss=0.0253]
Epoch 37:  84%|########..| 493/585 [00:09:06<00:01:41,  0.90it/s, loss=0.0253]
Epoch 37:  85%|########..| 498/585 [00:09:12<00:01:36,  0.90it/s, loss=0.0253]
Epoch 37:  86%|########..| 502/585 [00:09:17<00:01:32,  0.90it/s, loss=0.0253]
Epoch 37:  87%|########..| 507/585 [00:09:22<00:01:26,  0.90it/s, loss=0.0253]
Epoch 37:  88%|########..| 512/585 [00:09:27<00:01:20,  0.90it/s, loss=0.0253]
Epoch 37:  88%|########..| 517/585 [00:09:32<00:01:15,  0.90it/s, loss=0.0253]
Epoch 37:  89%|########..| 523/585 [00:09:38<00:01:08,  0.90it/s, loss=0.0252]
Epoch 37:  90%|#########.| 528/585 [00:09:43<00:01:03,  0.90it/s, loss=0.0252]
Epoch 37:  91%|#########.| 533/585 [00:09:49<00:00:57,  0.90it/s, loss=0.0252]
Epoch 37:  92%|#########.| 538/585 [00:09:55<00:00:52,  0.90it/s, loss=0.0252]
Epoch 37:  93%|#########.| 544/585 [00:10:02<00:00:45,  0.90it/s, loss=0.0252]
Epoch 37:  94%|#########.| 549/585 [00:10:07<00:00:39,  0.90it/s, loss=0.0252]
Epoch 37:  95%|#########.| 554/585 [00:10:13<00:00:34,  0.90it/s, loss=0.0252]
Epoch 37:  96%|#########.| 559/585 [00:10:19<00:00:28,  0.90it/s, loss=0.0252]
Epoch 37:  97%|#########.| 565/585 [00:10:25<00:00:22,  0.90it/s, loss=0.0252]
Epoch 37:  97%|#########.| 570/585 [00:10:30<00:00:16,  0.90it/s, loss=0.0252]
Epoch 37:  98%|#########.| 574/585 [00:10:36<00:00:12,  0.90it/s, loss=0.0252]
Epoch 37:  99%|#########.| 579/585 [00:10:42<00:00:06,  0.90it/s, loss=0.0252]
Epoch 37: 100%|#########.| 584/585 [00:10:47<00:00:01,  0.90it/s, loss=0.0252]
Epoch 37: 100%|##########| 585/585 [00:10:48<00:00:00,  0.90it/s, loss=0.0252]
Test loss: 0.0248, Test rmsae: 7.37deg
{"event": "epoch_complete", "epoch": 37, "phase": 2, "lr": 1e-05, "batch_size": 10, "micro_batch_size": 1, "train_loss": 0.025237440636270068, "val_loss": 0.024771810276433825, "val_rmsae_deg": 7.370105654001236, "epoch_time_s": 650.238086536061}
Epoch 38/40:
Epoch 38:   1%|..........| 5/585 [00:00:05<00:11:02,  0.88it/s, loss=0.0230]
Epoch 38:   2%|..........| 10/585 [00:00:11<00:10:59,  0.87it/s, loss=0.0252]
Epoch 38:   3%|..........| 15/585 [00:00:16<00:10:29,  0.91it/s, loss=0.0254]
Epoch 38:   3%|..........| 19/585 [00:00:21<00:10:48,  0.87it/s, loss=0.0264]
Epoch 38:   4%|..........| 24/585 [00:00:27<00:10:32,  0.89it/s, loss=0.0264]
Epoch 38:   5%|..........| 29/585 [00:00:32<00:10:20,  0.90it/s, loss=0.0264]
Epoch 38:   6%|..........| 34/585 [00:00:37<00:10:09,  0.90it/s, loss=0.0263]
Epoch 38:   7%|..........| 39/585 [00:00:43<00:10:03,  0.90it/s, loss=0.0258]
Epoch 38:   8%|..........| 44/585 [00:00:49<00:10:03,  0.90it/s, loss=0.0259]
Epoch 38:   8%|..........| 49/585 [00:00:54<00:09:56,  0.90it/s, loss=0.0262]
Epoch 38:   9%|..........| 55/585 [00:01:00<00:09:41,  0.91it/s, loss=0.0259]
Epoch 38:  10%|#.........| 60/585 [00:01:05<00:09:34,  0.91it/s, loss=0.0259]
Epoch 38:  11%|#.........| 64/585 [00:01:10<00:09:37,  0.90it/s, loss=0.0258]
Epoch 38:  12%|#.........| 69/585 [00:01:16<00:09:32,  0.90it/s, loss=0.0256]
Epoch 38:  13%|#.........| 74/585 [00:01:22<00:09:27,  0.90it/s, loss=0.0257]
Epoch 38:  14%|#.........| 79/585 [00:01:28<00:09:23,  0.90it/s, loss=0.0259]
Epoch 38:  14%|#.........| 84/585 [00:01:33<00:09:18,  0.90it/s, loss=0.0260]
Epoch 38:  15%|#.........| 89/585 [00:01:39<00:09:12,  0.90it/s, loss=0.0260]
Epoch 38:  16%|#.........| 94/585 [00:01:44<00:09:05,  0.90it/s, loss=0.0260]
Epoch 38:  17%|#.........| 99/585 [00:01:50<00:09:01,  0.90it/s, loss=0.0259]
Epoch 38:  18%|#.........| 105/585 [00:01:56<00:08:50,  0.90it/s, loss=0.0257]
Epoch 38:  19%|#.........| 110/585 [00:02:01<00:08:45,  0.90it/s, loss=0.0256]
Epoch 38:  19%|#.........| 114/585 [00:02:06<00:08:43,  0.90it/s, loss=0.0256]
Epoch 38:  20%|##........| 119/585 [00:02:12<00:08:38,  0.90it/s, loss=0.0254]
Epoch 38:  21%|##........| 124/585 [00:02:17<00:08:32,  0.90it/s, loss=0.0255]
Epoch 38:  22%|##........| 129/585 [00:02:22<00:08:25,  0.90it/s, loss=0.0253]
Epoch 38:  23%|##........| 134/585 [00:02:28<00:08:19,  0.90it/s, loss=0.0252]
Epoch 38:  24%|##........| 139/585 [00:02:33<00:08:13,  0.90it/s, loss=0.0252]
Epoch 38:  25%|##........| 144/585 [00:02:39<00:08:08,  0.90it/s, loss=0.0251]
Epoch 38:  25%|##........| 148/585 [00:02:45<00:08:08,  0.89it/s, loss=0.0253]
Epoch 38:  26%|##........| 153/585 [00:02:50<00:08:02,  0.90it/s, loss=0.0252]
Epoch 38:  27%|##........| 158/585 [00:02:56<00:07:56,  0.90it/s, loss=0.0252]
Epoch 38:  28%|##........| 163/585 [00:03:01<00:07:50,  0.90it/s, loss=0.0253]
Epoch 38:  29%|##........| 168/585 [00:03:06<00:07:43,  0.90it/s, loss=0.0252]
Epoch 38:  30%|##........| 173/585 [00:03:12<00:07:38,  0.90it/s, loss=0.0251]
Epoch 38:  31%|###.......| 179/585 [00:03:18<00:07:29,  0.90it/s, loss=0.0251]
Epoch 38:  31%|###.......| 184/585 [00:03:23<00:07:24,  0.90it/s, loss=0.0250]
Epoch 38:  32%|###.......| 189/585 [00:03:29<00:07:18,  0.90it/s, loss=0.0251]
Epoch 38:  33%|###.......| 194/585 [00:03:34<00:07:12,  0.90it/s, loss=0.0250]
Epoch 38:  34%|###.......| 199/585 [00:03:39<00:07:05,  0.91it/s, loss=0.0249]
Epoch 38:  35%|###.......| 204/585 [00:03:45<00:07:00,  0.91it/s, loss=0.0248]
Epoch 38:  36%|###.......| 209/585 [00:03:50<00:06:54,  0.91it/s, loss=0.0248]
Epoch 38:  36%|###.......| 213/585 [00:03:55<00:06:50,  0.91it/s, loss=0.0248]
Epoch 38:  37%|###.......| 218/585 [00:04:01<00:06:45,  0.90it/s, loss=0.0247]
Epoch 38:  38%|###.......| 222/585 [00:04:06<00:06:43,  0.90it/s, loss=0.0249]
Epoch 38:  39%|###.......| 228/585 [00:04:12<00:06:35,  0.90it/s, loss=0.0249]
Epoch 38:  40%|####......| 234/585 [00:04:18<00:06:28,  0.90it/s, loss=0.0249]
Epoch 38:  41%|####......| 239/585 [00:04:23<00:06:21,  0.91it/s, loss=0.0250]
Epoch 38:  42%|####......| 244/585 [00:04:29<00:06:16,  0.91it/s, loss=0.0249]
Epoch 38:  43%|####......| 249/585 [00:04:34<00:06:10,  0.91it/s, loss=0.0249]
Epoch 38:  44%|####......| 255/585 [00:04:40<00:06:03,  0.91it/s, loss=0.0248]
Epoch 38:  44%|####......| 260/585 [00:04:46<00:05:57,  0.91it/s, loss=0.0249]
Epoch 38:  45%|####......| 265/585 [00:04:51<00:05:52,  0.91it/s, loss=0.0248]
Epoch 38:  46%|####......| 270/585 [00:04:57<00:05:46,  0.91it/s, loss=0.0248]
Epoch 38:  47%|####......| 275/585 [00:05:02<00:05:40,  0.91it/s, loss=0.0248]
Epoch 38:  48%|####......| 280/585 [00:05:08<00:05:35,  0.91it/s, loss=0.0248]
Epoch 38:  49%|####......| 286/585 [00:05:14<00:05:28,  0.91it/s, loss=0.0248]
Epoch 38:  50%|####......| 292/585 [00:05:20<00:05:21,  0.91it/s, loss=0.0248]
Epoch 38:  51%|#####.....| 297/585 [00:05:25<00:05:15,  0.91it/s, loss=0.0248]
Epoch 38:  52%|#####.....| 303/585 [00:05:31<00:05:08,  0.91it/s, loss=0.0248]
Epoch 38:  53%|#####.....| 308/585 [00:05:36<00:05:02,  0.91it/s, loss=0.0248]
Epoch 38:  54%|#####.....| 313/585 [00:05:42<00:04:57,  0.91it/s, loss=0.0248]
Epoch 38:  54%|#####.....| 317/585 [00:05:47<00:04:53,  0.91it/s, loss=0.0249]
Epoch 38:  55%|#####.....| 322/585 [00:05:52<00:04:48,  0.91it/s, loss=0.0249]
Epoch 38:  56%|#####.....| 327/585 [00:05:57<00:04:42,  0.91it/s, loss=0.0249]
Epoch 38:  57%|#####.....| 332/585 [00:06:04<00:04:37,  0.91it/s, loss=0.0249]
Epoch 38:  58%|#####.....| 337/585 [00:06:09<00:04:32,  0.91it/s, loss=0.0249]
Epoch 38:  58%|#####.....| 341/585 [00:06:14<00:04:28,  0.91it/s, loss=0.0249]
Epoch 38:  59%|#####.....| 346/585 [00:06:19<00:04:22,  0.91it/s, loss=0.0249]
Epoch 38:  60%|######....| 352/585 [00:06:26<00:04:15,  0.91it/s, loss=0.0249]
Epoch 38:  61%|######....| 357/585 [00:06:31<00:04:10,  0.91it/s, loss=0.0250]
Epoch 38:  62%|######....| 362/585 [00:06:37<00:04:04,  0.91it/s, loss=0.0249]
Epoch 38:  63%|######....| 367/585 [00:06:42<00:03:58,  0.91it/s, loss=0.0250]
Epoch 38:  64%|######....| 372/585 [00:06:47<00:03:53,  0.91it/s, loss=0.0250]
Epoch 38:  64%|######....| 377/585 [00:06:53<00:03:47,  0.91it/s, loss=0.0250]
Epoch 38:  65%|######....| 382/585 [00:06:58<00:03:42,  0.91it/s, loss=0.0250]
Epoch 38:  66%|######....| 387/585 [00:07:04<00:03:37,  0.91it/s, loss=0.0251]
Epoch 38:  67%|######....| 392/585 [00:07:10<00:03:32,  0.91it/s, loss=0.0251]
Epoch 38:  68%|######....| 397/585 [00:07:15<00:03:26,  0.91it/s, loss=0.0251]
Epoch 38:  69%|######....| 402/585 [00:07:20<00:03:20,  0.91it/s, loss=0.0250]
Epoch 38:  70%|######....| 408/585 [00:07:26<00:03:13,  0.91it/s, loss=0.0251]
Epoch 38:  71%|#######...| 413/585 [00:07:32<00:03:08,  0.91it/s, loss=0.0251]
Epoch 38:  71%|#######...| 418/585 [00:07:38<00:03:03,  0.91it/s, loss=0.0252]
Epoch 38:  72%|#######...| 423/585 [00:07:43<00:02:57,  0.91it/s, loss=0.0252]
Epoch 38:  73%|#######...| 428/585 [00:07:49<00:02:52,  0.91it/s, loss=0.0252]
Epoch 38:  74%|#######...| 434/585 [00:07:56<00:02:45,  0.91it/s, loss=0.0253]
Epoch 38:  75%|#######...| 439/585 [00:08:01<00:02:40,  0.91it/s, loss=0.0252]
Epoch 38:  76%|#######...| 444/585 [00:08:07<00:02:34,  0.91it/s, loss=0.0252]
Epoch 38:  77%|#######...| 449/585 [00:08:12<00:02:29,  0.91it/s, loss=0.0252]
Epoch 38:  78%|#######...| 454/585 [00:08:18<00:02:23,  0.91it/s, loss=0.0252]
Epoch 38:  78%|#######...| 459/585 [00:08:23<00:02:18,  0.91it/s, loss=0.0252]
Epoch 38:  79%|#######...| 463/585 [00:08:28<00:02:14,  0.91it/s, loss=0.0253]
Epoch 38:  80%|########..| 468/585 [00:08:34<00:02:08,  0.91it/s, loss=0.0253]
Epoch 38:  81%|########..| 473/585 [00:08:39<00:02:02,  0.91it/s, loss=0.0253]
Epoch 38:  82%|########..| 478/585 [00:08:44<00:01:57,  0.91it/s, loss=0.0253]
Epoch 38:  83%|########..| 484/585 [00:08:50<00:01:50,  0.91it/s, loss=0.0253]
Epoch 38:  84%|########..| 490/585 [00:08:56<00:01:44,  0.91it/s, loss=0.0253]
Epoch 38:  85%|########..| 495/585 [00:09:01<00:01:38,  0.91it/s, loss=0.0255]
Epoch 38:  85%|########..| 500/585 [00:09:07<00:01:33,  0.91it/s, loss=0.0255]
Epoch 38:  86%|########..| 505/585 [00:09:13<00:01:27,  0.91it/s, loss=0.0255]
Epoch 38:  87%|########..| 510/585 [00:09:18<00:01:22,  0.91it/s, loss=0.0255]
Epoch 38:  88%|########..| 515/585 [00:09:23<00:01:16,  0.91it/s, loss=0.0255]
Epoch 38:  89%|########..| 520/585 [00:09:28<00:01:11,  0.91it/s, loss=0.0255]
Epoch 38:  90%|########..| 525/585 [00:09:34<00:01:05,  0.91it/s, loss=0.0255]
Epoch 38:  91%|#########.| 531/585 [00:09:40<00:00:59,  0.91it/s, loss=0.0254]
Epoch 38:  92%|#########.| 536/585 [00:09:46<00:00:53,  0.91it/s, loss=0.0255]
Epoch 38:  92%|#########.| 541/585 [00:09:51<00:00:48,  0.91it/s, loss=0.0254]
Epoch 38:  93%|#########.| 545/585 [00:09:57<00:00:43,  0.91it/s, loss=0.0254]
Epoch 38:  94%|#########.| 551/585 [00:10:02<00:00:37,  0.91it/s, loss=0.0254]
Epoch 38:  95%|#########.| 556/585 [00:10:09<00:00:31,  0.91it/s, loss=0.0255]
Epoch 38:  96%|#########.| 561/585 [00:10:15<00:00:26,  0.91it/s, loss=0.0254]
Epoch 38:  97%|#########.| 566/585 [00:10:20<00:00:20,  0.91it/s, loss=0.0255]
Epoch 38:  98%|#########.| 571/585 [00:10:25<00:00:15,  0.91it/s, loss=0.0255]
Epoch 38:  98%|#########.| 576/585 [00:10:30<00:00:09,  0.91it/s, loss=0.0255]
Epoch 38:  99%|#########.| 581/585 [00:10:35<00:00:04,  0.91it/s, loss=0.0255]
Epoch 38: 100%|##########| 585/585 [00:10:40<00:00:00,  0.91it/s, loss=0.0255]
Test loss: 0.0248, Test rmsae: 7.40deg
{"event": "epoch_complete", "epoch": 38, "phase": 2, "lr": 1e-05, "batch_size": 10, "micro_batch_size": 1, "train_loss": 0.025469413100399522, "val_loss": 0.024809178081341088, "val_rmsae_deg": 7.395335540175438, "epoch_time_s": 641.3773959521204}
Epoch 39/40:
Epoch 39:   1%|..........| 5/585 [00:00:05<00:10:28,  0.92it/s, loss=0.0311]
Epoch 39:   2%|..........| 10/585 [00:00:11<00:10:57,  0.88it/s, loss=0.0278]
Epoch 39:   3%|..........| 15/585 [00:00:16<00:10:38,  0.89it/s, loss=0.0267]
Epoch 39:   4%|..........| 21/585 [00:00:22<00:10:10,  0.92it/s, loss=0.0260]
Epoch 39:   4%|..........| 26/585 [00:00:28<00:10:11,  0.91it/s, loss=0.0257]
Epoch 39:   5%|..........| 32/585 [00:00:34<00:09:51,  0.93it/s, loss=0.0253]
Epoch 39:   6%|..........| 37/585 [00:00:39<00:09:45,  0.94it/s, loss=0.0254]
Epoch 39:   7%|..........| 42/585 [00:00:44<00:09:37,  0.94it/s, loss=0.0251]
Epoch 39:   8%|..........| 47/585 [00:00:50<00:09:32,  0.94it/s, loss=0.0250]
Epoch 39:   9%|..........| 52/585 [00:00:55<00:09:32,  0.93it/s, loss=0.0248]
Epoch 39:  10%|..........| 56/585 [00:01:01<00:09:41,  0.91it/s, loss=0.0250]
Epoch 39:  10%|#.........| 61/585 [00:01:07<00:09:38,  0.91it/s, loss=0.0250]
Epoch 39:  11%|#.........| 65/585 [00:01:12<00:09:38,  0.90it/s, loss=0.0251]
Epoch 39:  12%|#.........| 70/585 [00:01:17<00:09:30,  0.90it/s, loss=0.0250]
Epoch 39:  13%|#.........| 75/585 [00:01:23<00:09:24,  0.90it/s, loss=0.0254]
Epoch 39:  14%|#.........| 81/585 [00:01:28<00:09:13,  0.91it/s, loss=0.0253]
Epoch 39:  15%|#.........| 87/585 [00:01:34<00:09:01,  0.92it/s, loss=0.0254]
Epoch 39:  16%|#.........| 92/585 [00:01:39<00:08:54,  0.92it/s, loss=0.0256]
Epoch 39:  17%|#.........| 97/585 [00:01:44<00:08:47,  0.92it/s, loss=0.0257]
Epoch 39:  17%|#.........| 102/585 [00:01:50<00:08:41,  0.93it/s, loss=0.0256]
Epoch 39:  18%|#.........| 107/585 [00:01:55<00:08:37,  0.92it/s, loss=0.0254]
Epoch 39:  19%|#.........| 111/585 [00:02:01<00:08:36,  0.92it/s, loss=0.0253]
Epoch 39:  20%|#.........| 116/585 [00:02:06<00:08:30,  0.92it/s, loss=0.0252]
Epoch 39:  21%|##........| 121/585 [00:02:11<00:08:25,  0.92it/s, loss=0.0253]
Epoch 39:  22%|##........| 126/585 [00:02:17<00:08:19,  0.92it/s, loss=0.0253]
Epoch 39:  22%|##........| 130/585 [00:02:22<00:08:17,  0.91it/s, loss=0.0252]
Epoch 39:  23%|##........| 135/585 [00:02:27<00:08:11,  0.92it/s, loss=0.0254]
Epoch 39:  24%|##........| 140/585 [00:02:32<00:08:06,  0.92it/s, loss=0.0255]
Epoch 39:  25%|##........| 146/585 [00:02:38<00:07:57,  0.92it/s, loss=0.0254]
Epoch 39:  26%|##........| 151/585 [00:02:44<00:07:51,  0.92it/s, loss=0.0255]
Epoch 39:  27%|##........| 157/585 [00:02:49<00:07:43,  0.92it/s, loss=0.0255]
Epoch 39:  28%|##........| 162/585 [00:02:55<00:07:37,  0.92it/s, loss=0.0255]
Epoch 39:  28%|##........| 166/585 [00:03:00<00:07:36,  0.92it/s, loss=0.0254]
Epoch 39:  29%|##........| 171/585 [00:03:06<00:07:30,  0.92it/s, loss=0.0255]
Epoch 39:  30%|###.......| 176/585 [00:03:11<00:07:25,  0.92it/s, loss=0.0254]
Epoch 39:  31%|###.......| 180/585 [00:03:16<00:07:22,  0.91it/s, loss=0.0254]
Epoch 39:  32%|###.......| 186/585 [00:03:22<00:07:14,  0.92it/s, loss=0.0253]
Epoch 39:  33%|###.......| 191/585 [00:03:28<00:07:10,  0.91it/s, loss=0.0252]
Epoch 39:  34%|###.......| 196/585 [00:03:34<00:07:05,  0.91it/s, loss=0.0252]
Epoch 39:  35%|###.......| 202/585 [00:03:40<00:06:57,  0.92it/s, loss=0.0253]
Epoch 39:  35%|###.......| 207/585 [00:03:45<00:06:51,  0.92it/s, loss=0.0252]
Epoch 39:  36%|###.......| 212/585 [00:03:50<00:06:45,  0.92it/s, loss=0.0252]
Epoch 39:  37%|###.......| 217/585 [00:03:56<00:06:41,  0.92it/s, loss=0.0252]
Epoch 39:  38%|###.......| 222/585 [00:04:01<00:06:35,  0.92it/s, loss=0.0252]
Epoch 39:  39%|###.......| 228/585 [00:04:07<00:06:27,  0.92it/s, loss=0.0251]
Epoch 39:  40%|###.......| 233/585 [00:04:13<00:06:22,  0.92it/s, loss=0.0250]
Epoch 39:  41%|####......| 238/585 [00:04:19<00:06:17,  0.92it/s, loss=0.0251]
Epoch 39:  42%|####......| 243/585 [00:04:24<00:06:11,  0.92it/s, loss=0.0250]
Epoch 39:  42%|####......| 248/585 [00:04:29<00:06:06,  0.92it/s, loss=0.0250]
Epoch 39:  43%|####......| 252/585 [00:04:35<00:06:03,  0.92it/s, loss=0.0251]
Epoch 39:  44%|####......| 257/585 [00:04:41<00:05:58,  0.91it/s, loss=0.0252]
Epoch 39:  45%|####......| 262/585 [00:04:46<00:05:53,  0.91it/s, loss=0.0252]
Epoch 39:  46%|####......| 267/585 [00:04:52<00:05:48,  0.91it/s, loss=0.0252]
Epoch 39:  46%|####......| 272/585 [00:04:57<00:05:42,  0.91it/s, loss=0.0252]
Epoch 39:  47%|####......| 277/585 [00:05:03<00:05:37,  0.91it/s, loss=0.0252]
Epoch 39:  48%|####......| 281/585 [00:05:08<00:05:34,  0.91it/s, loss=0.0251]
Epoch 39:  49%|####......| 287/585 [00:05:14<00:05:26,  0.91it/s, loss=0.0251]
Epoch 39:  50%|####......| 292/585 [00:05:19<00:05:21,  0.91it/s, loss=0.0251]
Epoch 39:  51%|#####.....| 298/585 [00:05:25<00:05:13,  0.91it/s, loss=0.0252]
Epoch 39:  52%|#####.....| 303/585 [00:05:31<00:05:08,  0.91it/s, loss=0.0252]
Epoch 39:  53%|#####.....| 308/585 [00:05:36<00:05:02,  0.91it/s, loss=0.0253]
Epoch 39:  54%|#####.....| 314/585 [00:05:43<00:04:56,  0.91it/s, loss=0.0253]
Epoch 39:  55%|#####.....| 319/585 [00:05:49<00:04:51,  0.91it/s, loss=0.0253]
Epoch 39:  56%|#####.....| 325/585 [00:05:54<00:04:43,  0.92it/s, loss=0.0253]
Epoch 39:  57%|#####.....| 331/585 [00:06:00<00:04:36,  0.92it/s, loss=0.0253]
Epoch 39:  57%|#####.....| 336/585 [00:06:06<00:04:31,  0.92it/s, loss=0.0254]
Epoch 39:  58%|#####.....| 341/585 [00:06:12<00:04:26,  0.92it/s, loss=0.0254]
Epoch 39:  59%|#####.....| 346/585 [00:06:17<00:04:20,  0.92it/s, loss=0.0254]
Epoch 39:  60%|######....| 351/585 [00:06:22<00:04:15,  0.92it/s, loss=0.0254]
Epoch 39:  61%|######....| 356/585 [00:06:28<00:04:09,  0.92it/s, loss=0.0254]
Epoch 39:  62%|######....| 361/585 [00:06:33<00:04:04,  0.92it/s, loss=0.0253]
Epoch 39:  62%|######....| 365/585 [00:06:39<00:04:00,  0.91it/s, loss=0.0253]
Epoch 39:  63%|######....| 370/585 [00:06:45<00:03:55,  0.91it/s, loss=0.0253]
Epoch 39:  64%|######....| 375/585 [00:06:51<00:03:50,  0.91it/s, loss=0.0253]
Epoch 39:  65%|######....| 380/585 [00:06:56<00:03:44,  0.91it/s, loss=0.0253]
Epoch 39:  66%|######....| 385/585 [00:07:02<00:03:39,  0.91it/s, loss=0.0253]
Epoch 39:  67%|######....| 390/585 [00:07:07<00:03:33,  0.91it/s, loss=0.0253]
Epoch 39:  68%|######....| 395/585 [00:07:13<00:03:28,  0.91it/s, loss=0.0253]
Epoch 39:  68%|######....| 400/585 [00:07:19<00:03:23,  0.91it/s, loss=0.0253]
Epoch 39:  69%|######....| 404/585 [00:07:24<00:03:19,  0.91it/s, loss=0.0254]
Epoch 39:  70%|######....| 409/585 [00:07:30<00:03:14,  0.91it/s, loss=0.0255]
Epoch 39:  71%|#######...| 414/585 [00:07:36<00:03:08,  0.91it/s, loss=0.0254]
Epoch 39:  72%|#######...| 419/585 [00:07:41<00:03:03,  0.91it/s, loss=0.0255]
Epoch 39:  72%|#######...| 424/585 [00:07:47<00:02:57,  0.91it/s, loss=0.0255]
Epoch 39:  73%|#######...| 429/585 [00:07:52<00:02:51,  0.91it/s, loss=0.0254]
Epoch 39:  74%|#######...| 434/585 [00:07:58<00:02:46,  0.91it/s, loss=0.0254]
Epoch 39:  75%|#######...| 439/585 [00:08:03<00:02:40,  0.91it/s, loss=0.0254]
Epoch 39:  76%|#######...| 444/585 [00:08:08<00:02:35,  0.91it/s, loss=0.0254]
Epoch 39:  77%|#######...| 449/585 [00:08:13<00:02:29,  0.91it/s, loss=0.0254]
Epoch 39:  78%|#######...| 455/585 [00:08:19<00:02:22,  0.91it/s, loss=0.0254]
Epoch 39:  79%|#######...| 460/585 [00:08:24<00:02:17,  0.91it/s, loss=0.0254]
Epoch 39:  79%|#######...| 465/585 [00:08:29<00:02:11,  0.91it/s, loss=0.0254]
Epoch 39:  80%|########..| 470/585 [00:08:35<00:02:06,  0.91it/s, loss=0.0254]
Epoch 39:  81%|########..| 475/585 [00:08:40<00:02:00,  0.91it/s, loss=0.0254]
Epoch 39:  82%|########..| 480/585 [00:08:46<00:01:55,  0.91it/s, loss=0.0254]
Epoch 39:  83%|########..| 486/585 [00:08:52<00:01:48,  0.91it/s, loss=0.0255]
Epoch 39:  84%|########..| 491/585 [00:08:57<00:01:42,  0.91it/s, loss=0.0255]
Epoch 39:  85%|########..| 496/585 [00:09:03<00:01:37,  0.91it/s, loss=0.0255]
Epoch 39:  86%|########..| 502/585 [00:09:09<00:01:30,  0.91it/s, loss=0.0255]
Epoch 39:  87%|########..| 507/585 [00:09:15<00:01:25,  0.91it/s, loss=0.0255]
Epoch 39:  88%|########..| 512/585 [00:09:20<00:01:19,  0.91it/s, loss=0.0255]
Epoch 39:  88%|########..| 517/585 [00:09:26<00:01:14,  0.91it/s, loss=0.0254]
Epoch 39:  89%|########..| 523/585 [00:09:32<00:01:07,  0.91it/s, loss=0.0254]
Epoch 39:  90%|#########.| 528/585 [00:09:38<00:01:02,  0.91it/s, loss=0.0255]
Epoch 39:  91%|#########.| 533/585 [00:09:43<00:00:56,  0.91it/s, loss=0.0254]
Epoch 39:  92%|#########.| 538/585 [00:09:49<00:00:51,  0.91it/s, loss=0.0254]
Epoch 39:  93%|#########.| 543/585 [00:09:54<00:00:45,  0.91it/s, loss=0.0254]
Epoch 39:  94%|#########.| 548/585 [00:09:59<00:00:40,  0.91it/s, loss=0.0254]
Epoch 39:  95%|#########.| 553/585 [00:10:05<00:00:35,  0.91it/s, loss=0.0254]
Epoch 39:  95%|#########.| 558/585 [00:10:10<00:00:29,  0.91it/s, loss=0.0253]
Epoch 39:  96%|#########.| 563/585 [00:10:15<00:00:24,  0.91it/s, loss=0.0254]
Epoch 39:  97%|#########.| 569/585 [00:10:21<00:00:17,  0.92it/s, loss=0.0253]
Epoch 39:  98%|#########.| 574/585 [00:10:27<00:00:12,  0.92it/s, loss=0.0254]
Epoch 39:  99%|#########.| 579/585 [00:10:32<00:00:06,  0.91it/s, loss=0.0254]
Epoch 39: 100%|##########| 585/585 [00:10:38<00:00:00,  0.92it/s, loss=0.0254]
Test loss: 0.0248, Test rmsae: 7.41deg
{"event": "epoch_complete", "epoch": 39, "phase": 2, "lr": 1e-05, "batch_size": 10, "micro_batch_size": 1, "train_loss": 0.025379372792493585, "val_loss": 0.024769189301878214, "val_rmsae_deg": 7.4091945588588715, "epoch_time_s": 639.8649466598872}
Epoch 40/40:
Epoch 40:   1%|..........| 5/585 [00:00:05<00:10:08,  0.95it/s, loss=0.0257]
Epoch 40:   2%|..........| 10/585 [00:00:10<00:10:04,  0.95it/s, loss=0.0244]
Epoch 40:   2%|..........| 14/585 [00:00:15<00:10:41,  0.89it/s, loss=0.0262]
Epoch 40:   3%|..........| 19/585 [00:00:21<00:10:33,  0.89it/s, loss=0.0256]
Epoch 40:   4%|..........| 24/585 [00:00:26<00:10:15,  0.91it/s, loss=0.0252]
Epoch 40:   5%|..........| 29/585 [00:00:31<00:10:03,  0.92it/s, loss=0.0260]
Epoch 40:   6%|..........| 33/585 [00:00:37<00:10:26,  0.88it/s, loss=0.0259]
Epoch 40:   6%|..........| 38/585 [00:00:42<00:10:14,  0.89it/s, loss=0.0263]
Epoch 40:   7%|..........| 42/585 [00:00:47<00:10:18,  0.88it/s, loss=0.0264]
Epoch 40:   8%|..........| 48/585 [00:00:53<00:10:03,  0.89it/s, loss=0.0261]
Epoch 40:   9%|..........| 53/585 [00:00:58<00:09:51,  0.90it/s, loss=0.0260]
Epoch 40:  10%|..........| 57/585 [00:01:03<00:09:52,  0.89it/s, loss=0.0263]
Epoch 40:  10%|#.........| 61/585 [00:01:09<00:09:54,  0.88it/s, loss=0.0268]
Epoch 40:  11%|#.........| 66/585 [00:01:14<00:09:44,  0.89it/s, loss=0.0269]
Epoch 40:  12%|#.........| 71/585 [00:01:19<00:09:34,  0.89it/s, loss=0.0267]
Epoch 40:  13%|#.........| 76/585 [00:01:24<00:09:29,  0.89it/s, loss=0.0271]
Epoch 40:  14%|#.........| 81/585 [00:01:30<00:09:24,  0.89it/s, loss=0.0269]
Epoch 40:  15%|#.........| 86/585 [00:01:35<00:09:16,  0.90it/s, loss=0.0270]
Epoch 40:  16%|#.........| 91/585 [00:01:41<00:09:09,  0.90it/s, loss=0.0267]
Epoch 40:  16%|#.........| 96/585 [00:01:47<00:09:05,  0.90it/s, loss=0.0269]
Epoch 40:  17%|#.........| 101/585 [00:01:52<00:09:01,  0.89it/s, loss=0.0267]
Epoch 40:  18%|#.........| 106/585 [00:01:58<00:08:54,  0.90it/s, loss=0.0267]
Epoch 40:  19%|#.........| 111/585 [00:02:03<00:08:46,  0.90it/s, loss=0.0267]
Epoch 40:  20%|#.........| 115/585 [00:02:08<00:08:44,  0.90it/s, loss=0.0267]
Epoch 40:  21%|##........| 120/585 [00:02:13<00:08:38,  0.90it/s, loss=0.0267]
Epoch 40:  21%|##........| 125/585 [00:02:19<00:08:33,  0.90it/s, loss=0.0271]
Epoch 40:  22%|##........| 130/585 [00:02:24<00:08:26,  0.90it/s, loss=0.0270]
Epoch 40:  23%|##........| 135/585 [00:02:29<00:08:19,  0.90it/s, loss=0.0269]
Epoch 40:  24%|##........| 139/585 [00:02:34<00:08:17,  0.90it/s, loss=0.0269]
Epoch 40:  25%|##........| 144/585 [00:02:40<00:08:12,  0.90it/s, loss=0.0269]
Epoch 40:  25%|##........| 149/585 [00:02:46<00:08:06,  0.90it/s, loss=0.0269]
Epoch 40:  26%|##........| 154/585 [00:02:52<00:08:01,  0.90it/s, loss=0.0269]
Epoch 40:  27%|##........| 159/585 [00:02:57<00:07:56,  0.89it/s, loss=0.0268]
Epoch 40:  28%|##........| 165/585 [00:03:03<00:07:48,  0.90it/s, loss=0.0267]
Epoch 40:  29%|##........| 170/585 [00:03:08<00:07:41,  0.90it/s, loss=0.0265]
Epoch 40:  30%|##........| 175/585 [00:03:14<00:07:35,  0.90it/s, loss=0.0265]
Epoch 40:  31%|###.......| 179/585 [00:03:19<00:07:32,  0.90it/s, loss=0.0264]
Epoch 40:  31%|###.......| 184/585 [00:03:25<00:07:28,  0.90it/s, loss=0.0265]
Epoch 40:  32%|###.......| 188/585 [00:03:31<00:07:26,  0.89it/s, loss=0.0264]
Epoch 40:  33%|###.......| 193/585 [00:03:36<00:07:19,  0.89it/s, loss=0.0263]
Epoch 40:  34%|###.......| 198/585 [00:03:41<00:07:13,  0.89it/s, loss=0.0262]
Epoch 40:  35%|###.......| 203/585 [00:03:46<00:07:07,  0.89it/s, loss=0.0263]
Epoch 40:  36%|###.......| 208/585 [00:03:52<00:07:01,  0.89it/s, loss=0.0262]
Epoch 40:  36%|###.......| 213/585 [00:03:57<00:06:54,  0.90it/s, loss=0.0262]
Epoch 40:  37%|###.......| 218/585 [00:04:03<00:06:49,  0.90it/s, loss=0.0262]
Epoch 40:  38%|###.......| 223/585 [00:04:08<00:06:44,  0.90it/s, loss=0.0263]
Epoch 40:  39%|###.......| 228/585 [00:04:14<00:06:38,  0.90it/s, loss=0.0262]
Epoch 40:  40%|###.......| 233/585 [00:04:20<00:06:33,  0.90it/s, loss=0.0262]
Epoch 40:  41%|####......| 237/585 [00:04:25<00:06:29,  0.89it/s, loss=0.0262]
Epoch 40:  41%|####......| 242/585 [00:04:30<00:06:23,  0.89it/s, loss=0.0261]
Epoch 40:  42%|####......| 247/585 [00:04:36<00:06:17,  0.89it/s, loss=0.0260]
Epoch 40:  43%|####......| 252/585 [00:04:41<00:06:11,  0.90it/s, loss=0.0260]
Epoch 40:  44%|####......| 257/585 [00:04:47<00:06:06,  0.90it/s, loss=0.0260]
Epoch 40:  45%|####......| 262/585 [00:04:52<00:06:00,  0.90it/s, loss=0.0260]
Epoch 40:  46%|####......| 267/585 [00:04:57<00:05:54,  0.90it/s, loss=0.0260]
Epoch 40:  46%|####......| 272/585 [00:05:02<00:05:48,  0.90it/s, loss=0.0259]
Epoch 40:  48%|####......| 278/585 [00:05:08<00:05:40,  0.90it/s, loss=0.0259]
Epoch 40:  48%|####......| 282/585 [00:05:14<00:05:37,  0.90it/s, loss=0.0259]
Epoch 40:  49%|####......| 287/585 [00:05:19<00:05:31,  0.90it/s, loss=0.0260]
Epoch 40:  50%|####......| 292/585 [00:05:26<00:05:27,  0.90it/s, loss=0.0260]
Epoch 40:  51%|#####.....| 297/585 [00:05:31<00:05:21,  0.89it/s, loss=0.0260]
Epoch 40:  52%|#####.....| 302/585 [00:05:37<00:05:16,  0.89it/s, loss=0.0259]
Epoch 40:  52%|#####.....| 307/585 [00:05:43<00:05:11,  0.89it/s, loss=0.0258]
Epoch 40:  53%|#####.....| 312/585 [00:05:49<00:05:05,  0.89it/s, loss=0.0258]
Epoch 40:  54%|#####.....| 317/585 [00:05:55<00:05:00,  0.89it/s, loss=0.0259]
Epoch 40:  55%|#####.....| 322/585 [00:06:00<00:04:54,  0.89it/s, loss=0.0260]
Epoch 40:  56%|#####.....| 327/585 [00:06:06<00:04:49,  0.89it/s, loss=0.0259]
Epoch 40:  57%|#####.....| 332/585 [00:06:12<00:04:43,  0.89it/s, loss=0.0259]
Epoch 40:  58%|#####.....| 337/585 [00:06:17<00:04:37,  0.89it/s, loss=0.0259]
Epoch 40:  58%|#####.....| 342/585 [00:06:23<00:04:32,  0.89it/s, loss=0.0259]
Epoch 40:  59%|#####.....| 346/585 [00:06:28<00:04:28,  0.89it/s, loss=0.0259]
Epoch 40:  60%|######....| 351/585 [00:06:33<00:04:22,  0.89it/s, loss=0.0258]
Epoch 40:  61%|######....| 356/585 [00:06:38<00:04:16,  0.89it/s, loss=0.0259]
Epoch 40:  62%|######....| 361/585 [00:06:43<00:04:10,  0.89it/s, loss=0.0258]
Epoch 40:  63%|######....| 366/585 [00:06:49<00:04:05,  0.89it/s, loss=0.0258]
Epoch 40:  63%|######....| 371/585 [00:06:54<00:03:59,  0.89it/s, loss=0.0258]
Epoch 40:  64%|######....| 377/585 [00:07:00<00:03:52,  0.90it/s, loss=0.0258]
Epoch 40:  65%|######....| 382/585 [00:07:06<00:03:46,  0.90it/s, loss=0.0258]
Epoch 40:  66%|######....| 387/585 [00:07:11<00:03:40,  0.90it/s, loss=0.0257]
Epoch 40:  67%|######....| 391/585 [00:07:16<00:03:36,  0.90it/s, loss=0.0258]
Epoch 40:  68%|######....| 396/585 [00:07:22<00:03:31,  0.90it/s, loss=0.0257]
Epoch 40:  68%|######....| 400/585 [00:07:27<00:03:27,  0.89it/s, loss=0.0258]
Epoch 40:  69%|######....| 405/585 [00:07:33<00:03:21,  0.89it/s, loss=0.0258]
Epoch 40:  70%|#######...| 411/585 [00:07:39<00:03:14,  0.89it/s, loss=0.0258]
Epoch 40:  71%|#######...| 416/585 [00:07:44<00:03:08,  0.90it/s, loss=0.0258]
Epoch 40:  72%|#######...| 421/585 [00:07:49<00:03:02,  0.90it/s, loss=0.0258]
Epoch 40:  73%|#######...| 427/585 [00:07:55<00:02:55,  0.90it/s, loss=0.0257]
Epoch 40:  74%|#######...| 432/585 [00:08:00<00:02:50,  0.90it/s, loss=0.0257]
Epoch 40:  75%|#######...| 437/585 [00:08:06<00:02:44,  0.90it/s, loss=0.0257]
Epoch 40:  76%|#######...| 442/585 [00:08:13<00:02:39,  0.90it/s, loss=0.0257]
Epoch 40:  76%|#######...| 447/585 [00:08:19<00:02:34,  0.90it/s, loss=0.0258]
Epoch 40:  77%|#######...| 452/585 [00:08:24<00:02:28,  0.90it/s, loss=0.0258]
Epoch 40:  78%|#######...| 457/585 [00:08:30<00:02:22,  0.90it/s, loss=0.0258]
Epoch 40:  79%|#######...| 462/585 [00:08:36<00:02:17,  0.90it/s, loss=0.0258]
Epoch 40:  80%|#######...| 467/585 [00:08:41<00:02:11,  0.90it/s, loss=0.0258]
Epoch 40:  81%|########..| 472/585 [00:08:46<00:02:06,  0.90it/s, loss=0.0258]
Epoch 40:  82%|########..| 477/585 [00:08:52<00:02:00,  0.90it/s, loss=0.0257]
Epoch 40:  82%|########..| 482/585 [00:08:57<00:01:54,  0.90it/s, loss=0.0257]
Epoch 40:  83%|########..| 487/585 [00:09:03<00:01:49,  0.90it/s, loss=0.0257]
Epoch 40:  84%|########..| 492/585 [00:09:08<00:01:43,  0.90it/s, loss=0.0257]
Epoch 40:  85%|########..| 498/585 [00:09:15<00:01:36,  0.90it/s, loss=0.0257]
Epoch 40:  86%|########..| 503/585 [00:09:20<00:01:31,  0.90it/s, loss=0.0257]
Epoch 40:  87%|########..| 508/585 [00:09:25<00:01:25,  0.90it/s, loss=0.0257]
Epoch 40:  88%|########..| 513/585 [00:09:31<00:01:20,  0.90it/s, loss=0.0258]
Epoch 40:  89%|########..| 519/585 [00:09:37<00:01:13,  0.90it/s, loss=0.0258]
Epoch 40:  90%|########..| 524/585 [00:09:43<00:01:07,  0.90it/s, loss=0.0258]
Epoch 40:  90%|#########.| 529/585 [00:09:48<00:01:02,  0.90it/s, loss=0.0258]
Epoch 40:  91%|#########.| 534/585 [00:09:54<00:00:56,  0.90it/s, loss=0.0257]
Epoch 40:  92%|#########.| 539/585 [00:09:59<00:00:51,  0.90it/s, loss=0.0257]
Epoch 40:  93%|#########.| 544/585 [00:10:04<00:00:45,  0.90it/s, loss=0.0257]
Epoch 40:  94%|#########.| 549/585 [00:10:10<00:00:40,  0.90it/s, loss=0.0258]
Epoch 40:  95%|#########.| 553/585 [00:10:16<00:00:35,  0.90it/s, loss=0.0259]
Epoch 40:  95%|#########.| 558/585 [00:10:21<00:00:30,  0.90it/s, loss=0.0259]
Epoch 40:  96%|#########.| 563/585 [00:10:27<00:00:24,  0.90it/s, loss=0.0259]
Epoch 40:  97%|#########.| 568/585 [00:10:32<00:00:18,  0.90it/s, loss=0.0259]
Epoch 40:  98%|#########.| 573/585 [00:10:38<00:00:13,  0.90it/s, loss=0.0259]
Epoch 40:  99%|#########.| 578/585 [00:10:44<00:00:07,  0.90it/s, loss=0.0259]
Epoch 40: 100%|#########.| 583/585 [00:10:50<00:00:02,  0.90it/s, loss=0.0258]
Epoch 40: 100%|##########| 585/585 [00:10:52<00:00:00,  0.90it/s, loss=0.0259]
Test loss: 0.0248, Test rmsae: 7.43deg
{"event": "epoch_complete", "epoch": 40, "phase": 2, "lr": 1e-05, "batch_size": 10, "micro_batch_size": 1, "train_loss": 0.025881237724525295, "val_loss": 0.024833715229760855, "val_rmsae_deg": 7.43470986187458, "epoch_time_s": 654.2841428960674}
{"event": "checkpoint_saved", "tag": "epoch_040", "epoch": 40, "path": "IFAN_Maba/outputs/stage3/ifan_maba_stage3_full40_freqblock_paper_original_maba_20260420_214446/checkpoints/epoch_040.pt"}
{"event": "stage3_complete", "output_dir": "IFAN_Maba/outputs/stage3/ifan_maba_stage3_full40_freqblock_paper_original_maba_20260420_214446", "history_path": "IFAN_Maba/outputs/stage3/ifan_maba_stage3_full40_freqblock_paper_original_maba_20260420_214446/history.csv", "baseline_compare_path": "IFAN_Maba/outputs/stage3/ifan_maba_stage3_full40_freqblock_paper_original_maba_20260420_214446/baseline_compare.json", "best_checkpoint_path": "IFAN_Maba/outputs/stage3/ifan_maba_stage3_full40_freqblock_paper_original_maba_20260420_214446/checkpoints/best_rmsae.pt", "last_checkpoint_path": "IFAN_Maba/outputs/stage3/ifan_maba_stage3_full40_freqblock_paper_original_maba_20260420_214446/checkpoints/last.pt", "device": "cuda", "train_split_path": "/home/cmm/icocnn/datasets/LibriSpeech/LibriSpeech/train-clean-100", "validation_split_path": "/home/cmm/icocnn/datasets/LibriSpeech/LibriSpeech/test-clean", "epochs": 40, "model_topology": "paper_dual_mainline", "branch_channels": 16, "final_head_pooling": false, "temporal_backend": "maba", "input_ablation_mode": "none", "best_val_rmsae_deg": 7.1848107278347015, "final_epoch": {"epoch": 40, "phase": 2, "lr": 1e-05, "batch_size": 10, "micro_batch_size": 1, "train_loss": 0.025881237724525295, "val_loss": 0.024833715229760855, "val_rmsae_deg": 7.43470986187458, "epoch_time_s": 654.2841428960674}, "baseline_compare": {"baseline_checkpoint_path": "models/1sourceTracking_icoCNN_robot_K4096_r2_model.bin", "scenarios": [{"name": "scene_1", "snr_db": 30.0, "t60_s": 0.2, "ifan": {"loss": 0.021320727304555476, "rmsae_deg": 4.964101076126099}, "baseline": {"loss": 0.02075250365305692, "rmsae_deg": 4.905608534812927}, "rmsae_delta_deg": 0.05849254131317139}, {"name": "scene_2", "snr_db": 30.0, "t60_s": 0.8, "ifan": {"loss": 0.028171140234917402, "rmsae_deg": 8.031242787837982}, "baseline": {"loss": 0.02627151901833713, "rmsae_deg": 7.3839176297187805}, "rmsae_delta_deg": 0.6473251581192017}, {"name": "scene_3", "snr_db": 5.0, "t60_s": 0.8, "ifan": {"loss": 0.03282186551950872, "rmsae_deg": 9.28143036365509}, "baseline": {"loss": 0.03088831645436585, "rmsae_deg": 9.228352904319763}, "rmsae_delta_deg": 0.05307745933532715}, {"name": "scene_4", "snr_db": 5.0, "t60_s": 1.4, "ifan": {"loss": 0.02861529029905796, "rmsae_deg": 8.968715786933899}, "baseline": {"loss": 0.02963932417333126, "rmsae_deg": 9.709725320339203}, "rmsae_delta_deg": -0.741009533405304}], "mean_rmsae_deg": {"ifan": 7.8113725036382675, "baseline": 7.8069010972976685, "delta": 0.00447140634059906}, "hard_scenarios_mean_rmsae_deg": {"ifan": 9.125073075294495, "baseline": 9.469039112329483, "delta": -0.3439660370349884}}}
{
  "output_dir": "IFAN_Maba/outputs/stage3/ifan_maba_stage3_full40_freqblock_paper_original_maba_20260420_214446",
  "history_path": "IFAN_Maba/outputs/stage3/ifan_maba_stage3_full40_freqblock_paper_original_maba_20260420_214446/history.csv",
  "baseline_compare_path": "IFAN_Maba/outputs/stage3/ifan_maba_stage3_full40_freqblock_paper_original_maba_20260420_214446/baseline_compare.json",
  "best_checkpoint_path": "IFAN_Maba/outputs/stage3/ifan_maba_stage3_full40_freqblock_paper_original_maba_20260420_214446/checkpoints/best_rmsae.pt",
  "last_checkpoint_path": "IFAN_Maba/outputs/stage3/ifan_maba_stage3_full40_freqblock_paper_original_maba_20260420_214446/checkpoints/last.pt",
  "device": "cuda",
  "train_split_path": "/home/cmm/icocnn/datasets/LibriSpeech/LibriSpeech/train-clean-100",
  "validation_split_path": "/home/cmm/icocnn/datasets/LibriSpeech/LibriSpeech/test-clean",
  "epochs": 40,
  "model_topology": "paper_dual_mainline",
  "branch_channels": 16,
  "final_head_pooling": false,
  "temporal_backend": "maba",
  "input_ablation_mode": "none",
  "best_val_rmsae_deg": 7.1848107278347015,
  "final_epoch": {
    "epoch": 40,
    "phase": 2,
    "lr": 1e-05,
    "batch_size": 10,
    "micro_batch_size": 1,
    "train_loss": 0.025881237724525295,
    "val_loss": 0.024833715229760855,
    "val_rmsae_deg": 7.43470986187458,
    "epoch_time_s": 654.2841428960674
  },
  "baseline_compare": {
    "baseline_checkpoint_path": "models/1sourceTracking_icoCNN_robot_K4096_r2_model.bin",
    "scenarios": [
      {
        "name": "scene_1",
        "snr_db": 30.0,
        "t60_s": 0.2,
        "ifan": {
          "loss": 0.021320727304555476,
          "rmsae_deg": 4.964101076126099
        },
        "baseline": {
          "loss": 0.02075250365305692,
          "rmsae_deg": 4.905608534812927
        },
        "rmsae_delta_deg": 0.05849254131317139
      },
      {
        "name": "scene_2",
        "snr_db": 30.0,
        "t60_s": 0.8,
        "ifan": {
          "loss": 0.028171140234917402,
          "rmsae_deg": 8.031242787837982
        },
        "baseline": {
          "loss": 0.02627151901833713,
          "rmsae_deg": 7.3839176297187805
        },
        "rmsae_delta_deg": 0.6473251581192017
      },
      {
        "name": "scene_3",
        "snr_db": 5.0,
        "t60_s": 0.8,
        "ifan": {
          "loss": 0.03282186551950872,
          "rmsae_deg": 9.28143036365509
        },
        "baseline": {
          "loss": 0.03088831645436585,
          "rmsae_deg": 9.228352904319763
        },
        "rmsae_delta_deg": 0.05307745933532715
      },
      {
        "name": "scene_4",
        "snr_db": 5.0,
        "t60_s": 1.4,
        "ifan": {
          "loss": 0.02861529029905796,
          "rmsae_deg": 8.968715786933899
        },
        "baseline": {
          "loss": 0.02963932417333126,
          "rmsae_deg": 9.709725320339203
        },
        "rmsae_delta_deg": -0.741009533405304
      }
    ],
    "mean_rmsae_deg": {
      "ifan": 7.8113725036382675,
      "baseline": 7.8069010972976685,
      "delta": 0.00447140634059906
    },
    "hard_scenarios_mean_rmsae_deg": {
      "ifan": 9.125073075294495,
      "baseline": 9.469039112329483,
      "delta": -0.3439660370349884
    }
  }
}
{"event": "process_exit", "pid": 763524, "ts_utc": "2026-04-20T20:58:07+00:00"}
