{"event": "dcase_prepare_progress", "label": "train_prepare", "processed": 50, "total": 1005}
{"event": "dcase_prepare_progress", "label": "train_prepare", "processed": 100, "total": 1005}
{"event": "dcase_prepare_progress", "label": "train_prepare", "processed": 150, "total": 1005}
{"event": "dcase_prepare_progress", "label": "train_prepare", "processed": 200, "total": 1005}
{"event": "dcase_prepare_progress", "label": "train_prepare", "processed": 250, "total": 1005}
{"event": "dcase_prepare_progress", "label": "train_prepare", "processed": 300, "total": 1005}
{"event": "dcase_prepare_progress", "label": "train_prepare", "processed": 350, "total": 1005}
{"event": "dcase_prepare_progress", "label": "train_prepare", "processed": 400, "total": 1005}
{"event": "dcase_prepare_progress", "label": "train_prepare", "processed": 450, "total": 1005}
{"event": "dcase_prepare_progress", "label": "train_prepare", "processed": 500, "total": 1005}
{"event": "dcase_prepare_progress", "label": "train_prepare", "processed": 550, "total": 1005}
{"event": "dcase_prepare_progress", "label": "train_prepare", "processed": 600, "total": 1005}
{"event": "dcase_prepare_progress", "label": "train_prepare", "processed": 650, "total": 1005}
{"event": "dcase_prepare_progress", "label": "train_prepare", "processed": 700, "total": 1005}
{"event": "dcase_prepare_progress", "label": "train_prepare", "processed": 750, "total": 1005}
{"event": "dcase_prepare_progress", "label": "train_prepare", "processed": 800, "total": 1005}
{"event": "dcase_prepare_progress", "label": "train_prepare", "processed": 850, "total": 1005}
{"event": "dcase_prepare_progress", "label": "train_prepare", "processed": 900, "total": 1005}
{"event": "dcase_prepare_progress", "label": "train_prepare", "processed": 950, "total": 1005}
{"event": "dcase_prepare_progress", "label": "train_prepare", "processed": 1000, "total": 1005}
{"event": "dcase_prepare_progress", "label": "train_prepare", "processed": 1005, "total": 1005}
{"event": "dcase_prepare_progress", "label": "validation_prepare", "processed": 50, "total": 112}
{"event": "dcase_prepare_progress", "label": "validation_prepare", "processed": 100, "total": 112}
{"event": "dcase_prepare_progress", "label": "validation_prepare", "processed": 112, "total": 112}
{"event": "dcase_prepare_progress", "label": "test_prepare", "processed": 50, "total": 727}
{"event": "dcase_prepare_progress", "label": "test_prepare", "processed": 100, "total": 727}
{"event": "dcase_prepare_progress", "label": "test_prepare", "processed": 150, "total": 727}
{"event": "dcase_prepare_progress", "label": "test_prepare", "processed": 200, "total": 727}
{"event": "dcase_prepare_progress", "label": "test_prepare", "processed": 250, "total": 727}
{"event": "dcase_prepare_progress", "label": "test_prepare", "processed": 300, "total": 727}
{"event": "dcase_prepare_progress", "label": "test_prepare", "processed": 350, "total": 727}
{"event": "dcase_prepare_progress", "label": "test_prepare", "processed": 400, "total": 727}
{"event": "dcase_prepare_progress", "label": "test_prepare", "processed": 450, "total": 727}
{"event": "dcase_prepare_progress", "label": "test_prepare", "processed": 500, "total": 727}
{"event": "dcase_prepare_progress", "label": "test_prepare", "processed": 550, "total": 727}
{"event": "dcase_prepare_progress", "label": "test_prepare", "processed": 600, "total": 727}
{"event": "dcase_prepare_progress", "label": "test_prepare", "processed": 650, "total": 727}
{"event": "dcase_prepare_progress", "label": "test_prepare", "processed": 700, "total": 727}
{"event": "dcase_prepare_progress", "label": "test_prepare", "processed": 727, "total": 727}
{"event": "dcase_train_progress", "epoch": 1, "processed": 40, "total": 1005, "avg_loss": 0.4013208582997322, "elapsed_s": 18.134793903009268}
{"event": "dcase_train_progress", "epoch": 1, "processed": 80, "total": 1005, "avg_loss": 0.37065194696187975, "elapsed_s": 33.03109648700047}
{"event": "dcase_train_progress", "epoch": 1, "processed": 120, "total": 1005, "avg_loss": 0.35125496139129003, "elapsed_s": 40.82052609100356}
{"event": "dcase_train_progress", "epoch": 1, "processed": 160, "total": 1005, "avg_loss": 0.33209120146930216, "elapsed_s": 48.48261535000347}
{"event": "dcase_train_progress", "epoch": 1, "processed": 200, "total": 1005, "avg_loss": 0.30962336659431455, "elapsed_s": 56.13347853200685}
{"event": "dcase_train_progress", "epoch": 1, "processed": 240, "total": 1005, "avg_loss": 0.2974210871383548, "elapsed_s": 63.978235025002505}
{"event": "dcase_train_progress", "epoch": 1, "processed": 280, "total": 1005, "avg_loss": 0.28139431827834677, "elapsed_s": 72.20965791100753}
{"event": "dcase_train_progress", "epoch": 1, "processed": 320, "total": 1005, "avg_loss": 0.26695298466365786, "elapsed_s": 79.84403067000676}
{"event": "dcase_train_progress", "epoch": 1, "processed": 360, "total": 1005, "avg_loss": 0.2601376748022934, "elapsed_s": 87.40187282800616}
{"event": "dcase_train_progress", "epoch": 1, "processed": 400, "total": 1005, "avg_loss": 0.25760581680573524, "elapsed_s": 95.08698385000753}
{"event": "dcase_train_progress", "epoch": 1, "processed": 440, "total": 1005, "avg_loss": 0.25299358441579073, "elapsed_s": 102.72765501499816}
{"event": "dcase_train_progress", "epoch": 1, "processed": 480, "total": 1005, "avg_loss": 0.2469968815566972, "elapsed_s": 110.51736116199754}
{"event": "dcase_train_progress", "epoch": 1, "processed": 520, "total": 1005, "avg_loss": 0.243242721997488, "elapsed_s": 118.27890632400522}
{"event": "dcase_train_progress", "epoch": 1, "processed": 560, "total": 1005, "avg_loss": 0.24012468820770405, "elapsed_s": 131.27671663100773}
{"event": "dcase_train_progress", "epoch": 1, "processed": 600, "total": 1005, "avg_loss": 0.2387429022944222, "elapsed_s": 147.22622599800525}
{"event": "dcase_train_progress", "epoch": 1, "processed": 640, "total": 1005, "avg_loss": 0.23447912884003017, "elapsed_s": 165.2321092130005}
{"event": "dcase_train_progress", "epoch": 1, "processed": 680, "total": 1005, "avg_loss": 0.23151005181374357, "elapsed_s": 182.42859083000803}
{"event": "dcase_train_progress", "epoch": 1, "processed": 720, "total": 1005, "avg_loss": 0.2290485565369535, "elapsed_s": 199.36171814300178}
{"event": "dcase_train_progress", "epoch": 1, "processed": 760, "total": 1005, "avg_loss": 0.22629380916294298, "elapsed_s": 217.09157838800456}
{"event": "dcase_train_progress", "epoch": 1, "processed": 800, "total": 1005, "avg_loss": 0.22469706883653998, "elapsed_s": 234.65430108900182}
{"event": "dcase_train_progress", "epoch": 1, "processed": 840, "total": 1005, "avg_loss": 0.22392621743714525, "elapsed_s": 252.12223620900477}
{"event": "dcase_train_progress", "epoch": 1, "processed": 880, "total": 1005, "avg_loss": 0.2229425624266944, "elapsed_s": 268.92430761900323}
{"event": "dcase_train_progress", "epoch": 1, "processed": 920, "total": 1005, "avg_loss": 0.22048322444214769, "elapsed_s": 285.75230807800835}
{"event": "dcase_train_progress", "epoch": 1, "processed": 960, "total": 1005, "avg_loss": 0.21768201024193937, "elapsed_s": 302.2253253289964}
{"event": "dcase_train_progress", "epoch": 1, "processed": 1000, "total": 1005, "avg_loss": 0.21699720085784793, "elapsed_s": 318.8635601380083}
{"event": "dcase_train_progress", "epoch": 1, "processed": 1005, "total": 1005, "avg_loss": 0.2168728959621556, "elapsed_s": 321.5781739859958}
{"event": "dcase_validation_progress", "epoch": 1, "processed": 32, "total": 112}
{"event": "dcase_validation_progress", "epoch": 1, "processed": 64, "total": 112}
{"event": "dcase_validation_progress", "epoch": 1, "processed": 96, "total": 112}
{"event": "dcase_validation_progress", "epoch": 1, "processed": 112, "total": 112}
{"event": "dcase_epoch_complete", "epoch": 1, "train_loss": 0.2168728959621556, "val_doa_error_deg": 48.224130677325384, "val_folded_azimuth_rmse_deg": 48.95127928469862, "val_horizontal_assumption_rmsae_deg": 49.09357209716524, "epoch_time_s": 324.58526286699635}
{"event": "dcase_train_progress", "epoch": 2, "processed": 40, "total": 1005, "avg_loss": 0.19874791791662574, "elapsed_s": 16.882951184001286}
{"event": "dcase_train_progress", "epoch": 2, "processed": 80, "total": 1005, "avg_loss": 0.20065683587454258, "elapsed_s": 33.75479127599101}
{"event": "dcase_train_progress", "epoch": 2, "processed": 120, "total": 1005, "avg_loss": 0.19629142911483843, "elapsed_s": 50.5100720479968}
{"event": "dcase_train_progress", "epoch": 2, "processed": 160, "total": 1005, "avg_loss": 0.19242070168256759, "elapsed_s": 68.00951574399369}
{"event": "dcase_train_progress", "epoch": 2, "processed": 200, "total": 1005, "avg_loss": 0.19014095114544033, "elapsed_s": 85.13340735099337}
{"event": "dcase_train_progress", "epoch": 2, "processed": 240, "total": 1005, "avg_loss": 0.18917549919957916, "elapsed_s": 102.34216769199702}
{"event": "dcase_train_progress", "epoch": 2, "processed": 280, "total": 1005, "avg_loss": 0.1874462038544672, "elapsed_s": 118.81366541898751}
{"event": "dcase_train_progress", "epoch": 2, "processed": 320, "total": 1005, "avg_loss": 0.18674651628825814, "elapsed_s": 135.38684483298857}
{"event": "dcase_train_progress", "epoch": 2, "processed": 360, "total": 1005, "avg_loss": 0.18993185493681167, "elapsed_s": 151.12395080899296}
{"event": "dcase_train_progress", "epoch": 2, "processed": 400, "total": 1005, "avg_loss": 0.1908280275017023, "elapsed_s": 167.27459709899267}
{"event": "dcase_train_progress", "epoch": 2, "processed": 440, "total": 1005, "avg_loss": 0.1880798082375391, "elapsed_s": 183.67969962400093}
{"event": "dcase_train_progress", "epoch": 2, "processed": 480, "total": 1005, "avg_loss": 0.18824711136209468, "elapsed_s": 200.67225122399395}
{"event": "dcase_train_progress", "epoch": 2, "processed": 520, "total": 1005, "avg_loss": 0.18945000779170257, "elapsed_s": 217.96693403599784}
{"event": "dcase_train_progress", "epoch": 2, "processed": 560, "total": 1005, "avg_loss": 0.18763497500414295, "elapsed_s": 235.3997868669976}
{"event": "dcase_train_progress", "epoch": 2, "processed": 600, "total": 1005, "avg_loss": 0.18956966421877344, "elapsed_s": 250.8343695129879}
{"event": "dcase_train_progress", "epoch": 2, "processed": 640, "total": 1005, "avg_loss": 0.18808959118905477, "elapsed_s": 267.4977630539943}
{"event": "dcase_train_progress", "epoch": 2, "processed": 680, "total": 1005, "avg_loss": 0.18747452518847935, "elapsed_s": 283.9887314709922}
{"event": "dcase_train_progress", "epoch": 2, "processed": 720, "total": 1005, "avg_loss": 0.18691451624811936, "elapsed_s": 300.3683628059953}
{"event": "dcase_train_progress", "epoch": 2, "processed": 760, "total": 1005, "avg_loss": 0.1884518498064656, "elapsed_s": 316.82432778799557}
{"event": "dcase_train_progress", "epoch": 2, "processed": 800, "total": 1005, "avg_loss": 0.1887872227281332, "elapsed_s": 332.71886328999244}
{"event": "dcase_train_progress", "epoch": 2, "processed": 840, "total": 1005, "avg_loss": 0.1884719470959334, "elapsed_s": 349.6163464249985}
{"event": "dcase_train_progress", "epoch": 2, "processed": 880, "total": 1005, "avg_loss": 0.18735544221814382, "elapsed_s": 366.56291596998926}
{"event": "dcase_train_progress", "epoch": 2, "processed": 920, "total": 1005, "avg_loss": 0.18781344942424608, "elapsed_s": 383.2435800759995}
{"event": "dcase_train_progress", "epoch": 2, "processed": 960, "total": 1005, "avg_loss": 0.18823539156777164, "elapsed_s": 399.70905979898816}
{"event": "dcase_train_progress", "epoch": 2, "processed": 1000, "total": 1005, "avg_loss": 0.1871590688880533, "elapsed_s": 417.246520531}
{"event": "dcase_train_progress", "epoch": 2, "processed": 1005, "total": 1005, "avg_loss": 0.187208624337962, "elapsed_s": 419.859937205998}
{"event": "dcase_validation_progress", "epoch": 2, "processed": 32, "total": 112}
{"event": "dcase_validation_progress", "epoch": 2, "processed": 64, "total": 112}
{"event": "dcase_validation_progress", "epoch": 2, "processed": 96, "total": 112}
{"event": "dcase_validation_progress", "epoch": 2, "processed": 112, "total": 112}
{"event": "dcase_epoch_complete", "epoch": 2, "train_loss": 0.187208624337962, "val_doa_error_deg": 48.67816558480263, "val_folded_azimuth_rmse_deg": 49.24530583194324, "val_horizontal_assumption_rmsae_deg": 49.47924997338227, "epoch_time_s": 422.718041938002}
{"event": "dcase_train_progress", "epoch": 3, "processed": 40, "total": 1005, "avg_loss": 0.1991043843328953, "elapsed_s": 16.84499742600019}
{"event": "dcase_train_progress", "epoch": 3, "processed": 80, "total": 1005, "avg_loss": 0.1863920971751213, "elapsed_s": 33.33945988600317}
{"event": "dcase_train_progress", "epoch": 3, "processed": 120, "total": 1005, "avg_loss": 0.192978364850084, "elapsed_s": 50.69454430299811}
{"event": "dcase_train_progress", "epoch": 3, "processed": 160, "total": 1005, "avg_loss": 0.1863392231753096, "elapsed_s": 67.94310847501038}
{"event": "dcase_train_progress", "epoch": 3, "processed": 200, "total": 1005, "avg_loss": 0.19296798767521978, "elapsed_s": 83.92554842100071}
{"event": "dcase_train_progress", "epoch": 3, "processed": 240, "total": 1005, "avg_loss": 0.1875056672996531, "elapsed_s": 102.25269739099895}
{"event": "dcase_train_progress", "epoch": 3, "processed": 280, "total": 1005, "avg_loss": 0.18698283658762063, "elapsed_s": 119.96804589300882}
{"event": "dcase_train_progress", "epoch": 3, "processed": 320, "total": 1005, "avg_loss": 0.18735358769772575, "elapsed_s": 136.48373143401113}
{"event": "dcase_train_progress", "epoch": 3, "processed": 360, "total": 1005, "avg_loss": 0.18637702338811424, "elapsed_s": 153.3559254090069}
{"event": "dcase_train_progress", "epoch": 3, "processed": 400, "total": 1005, "avg_loss": 0.1853124789893627, "elapsed_s": 170.64491680900392}
{"event": "dcase_train_progress", "epoch": 3, "processed": 440, "total": 1005, "avg_loss": 0.18476568510417235, "elapsed_s": 188.62199217799935}
{"event": "dcase_train_progress", "epoch": 3, "processed": 480, "total": 1005, "avg_loss": 0.18443903416239968, "elapsed_s": 205.0178058629972}
{"event": "dcase_train_progress", "epoch": 3, "processed": 520, "total": 1005, "avg_loss": 0.18388476700593645, "elapsed_s": 222.05408303500735}
{"event": "dcase_train_progress", "epoch": 3, "processed": 560, "total": 1005, "avg_loss": 0.18318592574048256, "elapsed_s": 239.1499705890019}
{"event": "dcase_train_progress", "epoch": 3, "processed": 600, "total": 1005, "avg_loss": 0.18548516808077692, "elapsed_s": 255.78569582500495}
{"event": "dcase_train_progress", "epoch": 3, "processed": 640, "total": 1005, "avg_loss": 0.18587196526641492, "elapsed_s": 273.3080334219994}
{"event": "dcase_train_progress", "epoch": 3, "processed": 680, "total": 1005, "avg_loss": 0.18470248651471646, "elapsed_s": 290.041323145997}
{"event": "dcase_train_progress", "epoch": 3, "processed": 720, "total": 1005, "avg_loss": 0.18378712703318645, "elapsed_s": 307.23592516699864}
{"event": "dcase_train_progress", "epoch": 3, "processed": 760, "total": 1005, "avg_loss": 0.1829133237246424, "elapsed_s": 324.2917062850029}
{"event": "dcase_train_progress", "epoch": 3, "processed": 800, "total": 1005, "avg_loss": 0.18411495018517599, "elapsed_s": 342.0240213119978}
{"event": "dcase_train_progress", "epoch": 3, "processed": 840, "total": 1005, "avg_loss": 0.18478576398809396, "elapsed_s": 359.4395997590036}
{"event": "dcase_train_progress", "epoch": 3, "processed": 880, "total": 1005, "avg_loss": 0.18517605686687272, "elapsed_s": 376.30525357100123}
{"event": "dcase_train_progress", "epoch": 3, "processed": 920, "total": 1005, "avg_loss": 0.18613895657877236, "elapsed_s": 394.2585075350071}
{"event": "dcase_train_progress", "epoch": 3, "processed": 960, "total": 1005, "avg_loss": 0.18627557284780777, "elapsed_s": 411.32655586799956}
{"event": "dcase_train_progress", "epoch": 3, "processed": 1000, "total": 1005, "avg_loss": 0.18569826887734234, "elapsed_s": 428.1579639010015}
{"event": "dcase_train_progress", "epoch": 3, "processed": 1005, "total": 1005, "avg_loss": 0.18616287582438087, "elapsed_s": 430.6719578610064}
{"event": "dcase_validation_progress", "epoch": 3, "processed": 32, "total": 112}
{"event": "dcase_validation_progress", "epoch": 3, "processed": 64, "total": 112}
{"event": "dcase_validation_progress", "epoch": 3, "processed": 96, "total": 112}
{"event": "dcase_validation_progress", "epoch": 3, "processed": 112, "total": 112}
{"event": "dcase_epoch_complete", "epoch": 3, "train_loss": 0.18616287582438087, "val_doa_error_deg": 48.44085738488606, "val_folded_azimuth_rmse_deg": 48.94679543801716, "val_horizontal_assumption_rmsae_deg": 49.021745062300134, "epoch_time_s": 433.2702716319909}
{"event": "dcase_train_progress", "epoch": 4, "processed": 40, "total": 1005, "avg_loss": 0.18985677920281888, "elapsed_s": 16.557487736004987}
{"event": "dcase_train_progress", "epoch": 4, "processed": 80, "total": 1005, "avg_loss": 0.17698669810779394, "elapsed_s": 33.2855103930051}
{"event": "dcase_train_progress", "epoch": 4, "processed": 120, "total": 1005, "avg_loss": 0.18381232414394616, "elapsed_s": 49.86998699000105}
{"event": "dcase_train_progress", "epoch": 4, "processed": 160, "total": 1005, "avg_loss": 0.18859858470968902, "elapsed_s": 66.7472641159984}
{"event": "dcase_train_progress", "epoch": 4, "processed": 200, "total": 1005, "avg_loss": 0.19295009516179562, "elapsed_s": 83.5300784179999}
{"event": "dcase_train_progress", "epoch": 4, "processed": 240, "total": 1005, "avg_loss": 0.19044383813937504, "elapsed_s": 100.26130985100463}
{"event": "dcase_train_progress", "epoch": 4, "processed": 280, "total": 1005, "avg_loss": 0.18815436027944088, "elapsed_s": 116.79589733100147}
{"event": "dcase_train_progress", "epoch": 4, "processed": 320, "total": 1005, "avg_loss": 0.18736467107664795, "elapsed_s": 133.13464612100506}
{"event": "dcase_train_progress", "epoch": 4, "processed": 360, "total": 1005, "avg_loss": 0.18499772241339088, "elapsed_s": 150.9817075000028}
{"event": "dcase_train_progress", "epoch": 4, "processed": 400, "total": 1005, "avg_loss": 0.18442729122005402, "elapsed_s": 167.37961922799877}
{"event": "dcase_train_progress", "epoch": 4, "processed": 440, "total": 1005, "avg_loss": 0.18504265497692607, "elapsed_s": 184.9198053680011}
{"event": "dcase_train_progress", "epoch": 4, "processed": 480, "total": 1005, "avg_loss": 0.18620559450549384, "elapsed_s": 202.5240390149993}
{"event": "dcase_train_progress", "epoch": 4, "processed": 520, "total": 1005, "avg_loss": 0.18368673702128804, "elapsed_s": 219.7150372860051}
{"event": "dcase_train_progress", "epoch": 4, "processed": 560, "total": 1005, "avg_loss": 0.18382272172852288, "elapsed_s": 236.8396064539993}
{"event": "dcase_train_progress", "epoch": 4, "processed": 600, "total": 1005, "avg_loss": 0.18282683168848354, "elapsed_s": 254.24008072901051}
{"event": "dcase_train_progress", "epoch": 4, "processed": 640, "total": 1005, "avg_loss": 0.18357746016699822, "elapsed_s": 271.9509291380091}
{"event": "dcase_train_progress", "epoch": 4, "processed": 680, "total": 1005, "avg_loss": 0.18389871076625935, "elapsed_s": 289.26379953300057}
{"event": "dcase_train_progress", "epoch": 4, "processed": 720, "total": 1005, "avg_loss": 0.18270522316193416, "elapsed_s": 305.96992860500177}
{"event": "dcase_train_progress", "epoch": 4, "processed": 760, "total": 1005, "avg_loss": 0.18338024705942524, "elapsed_s": 323.43123441199714}
{"event": "dcase_train_progress", "epoch": 4, "processed": 800, "total": 1005, "avg_loss": 0.1830253155482933, "elapsed_s": 340.2529624529998}
{"event": "dcase_train_progress", "epoch": 4, "processed": 840, "total": 1005, "avg_loss": 0.18461934996414042, "elapsed_s": 357.76306436699815}
{"event": "dcase_train_progress", "epoch": 4, "processed": 880, "total": 1005, "avg_loss": 0.18491066854701124, "elapsed_s": 375.17214987600164}
{"event": "dcase_train_progress", "epoch": 4, "processed": 920, "total": 1005, "avg_loss": 0.18447765498219626, "elapsed_s": 391.83445590300835}
{"event": "dcase_train_progress", "epoch": 4, "processed": 960, "total": 1005, "avg_loss": 0.18483067011693494, "elapsed_s": 409.80698450400087}
{"event": "dcase_train_progress", "epoch": 4, "processed": 1000, "total": 1005, "avg_loss": 0.18513555027917028, "elapsed_s": 426.3661139050091}
{"event": "dcase_train_progress", "epoch": 4, "processed": 1005, "total": 1005, "avg_loss": 0.18480008185206362, "elapsed_s": 429.13899473199854}
{"event": "dcase_validation_progress", "epoch": 4, "processed": 32, "total": 112}
{"event": "dcase_validation_progress", "epoch": 4, "processed": 64, "total": 112}
{"event": "dcase_validation_progress", "epoch": 4, "processed": 96, "total": 112}
{"event": "dcase_validation_progress", "epoch": 4, "processed": 112, "total": 112}
{"event": "dcase_epoch_complete", "epoch": 4, "train_loss": 0.18480008185206362, "val_doa_error_deg": 47.71546928584576, "val_folded_azimuth_rmse_deg": 48.251816025802064, "val_horizontal_assumption_rmsae_deg": 48.50286157642092, "epoch_time_s": 432.0160154119949}
{"event": "dcase_train_progress", "epoch": 5, "processed": 40, "total": 1005, "avg_loss": 0.17722439146600663, "elapsed_s": 16.916563793012756}
{"event": "dcase_train_progress", "epoch": 5, "processed": 80, "total": 1005, "avg_loss": 0.18702221787534654, "elapsed_s": 34.384016376003274}
{"event": "dcase_train_progress", "epoch": 5, "processed": 120, "total": 1005, "avg_loss": 0.1952121637451152, "elapsed_s": 52.278768713003956}
{"event": "dcase_train_progress", "epoch": 5, "processed": 160, "total": 1005, "avg_loss": 0.19128739659208804, "elapsed_s": 69.25560525301262}
{"event": "dcase_train_progress", "epoch": 5, "processed": 200, "total": 1005, "avg_loss": 0.1887389462068677, "elapsed_s": 86.61351426401234}
{"event": "dcase_train_progress", "epoch": 5, "processed": 240, "total": 1005, "avg_loss": 0.18819226847651105, "elapsed_s": 104.80958905399893}
{"event": "dcase_train_progress", "epoch": 5, "processed": 280, "total": 1005, "avg_loss": 0.1879014125492956, "elapsed_s": 121.3859421810048}
{"event": "dcase_train_progress", "epoch": 5, "processed": 320, "total": 1005, "avg_loss": 0.1873918749857694, "elapsed_s": 139.51103870400402}
{"event": "dcase_train_progress", "epoch": 5, "processed": 360, "total": 1005, "avg_loss": 0.18858908050590092, "elapsed_s": 156.95876508401125}
{"event": "dcase_train_progress", "epoch": 5, "processed": 400, "total": 1005, "avg_loss": 0.192230622805655, "elapsed_s": 173.99736472900258}
{"event": "dcase_train_progress", "epoch": 5, "processed": 440, "total": 1005, "avg_loss": 0.1901350289075212, "elapsed_s": 191.79298818200186}
{"event": "dcase_train_progress", "epoch": 5, "processed": 480, "total": 1005, "avg_loss": 0.19160923521655301, "elapsed_s": 208.51280614800635}
{"event": "dcase_train_progress", "epoch": 5, "processed": 520, "total": 1005, "avg_loss": 0.18897075751581444, "elapsed_s": 225.31076628901064}
{"event": "dcase_train_progress", "epoch": 5, "processed": 560, "total": 1005, "avg_loss": 0.18742954276967794, "elapsed_s": 242.12160952200065}
{"event": "dcase_train_progress", "epoch": 5, "processed": 600, "total": 1005, "avg_loss": 0.18607880058387916, "elapsed_s": 260.15135284600547}
{"event": "dcase_train_progress", "epoch": 5, "processed": 640, "total": 1005, "avg_loss": 0.18677007783553562, "elapsed_s": 277.1303026640089}
{"event": "dcase_train_progress", "epoch": 5, "processed": 680, "total": 1005, "avg_loss": 0.1861524879001081, "elapsed_s": 293.7223975470115}
{"event": "dcase_train_progress", "epoch": 5, "processed": 720, "total": 1005, "avg_loss": 0.18343253628506015, "elapsed_s": 310.5520117900014}
{"event": "dcase_train_progress", "epoch": 5, "processed": 760, "total": 1005, "avg_loss": 0.18467564234068912, "elapsed_s": 327.9533646320051}
{"event": "dcase_train_progress", "epoch": 5, "processed": 800, "total": 1005, "avg_loss": 0.18458015327574684, "elapsed_s": 344.399391665007}
{"event": "dcase_train_progress", "epoch": 5, "processed": 840, "total": 1005, "avg_loss": 0.18492319920277667, "elapsed_s": 361.6884724219999}
{"event": "dcase_train_progress", "epoch": 5, "processed": 880, "total": 1005, "avg_loss": 0.1841941365654665, "elapsed_s": 378.66495054701227}
{"event": "dcase_train_progress", "epoch": 5, "processed": 920, "total": 1005, "avg_loss": 0.1834756679812689, "elapsed_s": 395.91217071400024}
{"event": "dcase_train_progress", "epoch": 5, "processed": 960, "total": 1005, "avg_loss": 0.183043929428095, "elapsed_s": 413.00340499500453}
{"event": "dcase_train_progress", "epoch": 5, "processed": 1000, "total": 1005, "avg_loss": 0.18244969781674444, "elapsed_s": 429.82635906401265}
{"event": "dcase_train_progress", "epoch": 5, "processed": 1005, "total": 1005, "avg_loss": 0.1827411229578565, "elapsed_s": 432.6749775280041}
{"event": "dcase_validation_progress", "epoch": 5, "processed": 32, "total": 112}
{"event": "dcase_validation_progress", "epoch": 5, "processed": 64, "total": 112}
{"event": "dcase_validation_progress", "epoch": 5, "processed": 96, "total": 112}
{"event": "dcase_validation_progress", "epoch": 5, "processed": 112, "total": 112}
{"event": "dcase_epoch_complete", "epoch": 5, "train_loss": 0.1827411229578565, "val_doa_error_deg": 46.71012144855091, "val_folded_azimuth_rmse_deg": 47.31414281896183, "val_horizontal_assumption_rmsae_deg": 47.73907846425261, "epoch_time_s": 435.195106137995}
{"event": "dcase_train_progress", "epoch": 6, "processed": 40, "total": 1005, "avg_loss": 0.20244259955361485, "elapsed_s": 18.42743038700428}
{"event": "dcase_train_progress", "epoch": 6, "processed": 80, "total": 1005, "avg_loss": 0.18327851076610385, "elapsed_s": 36.52960275900841}
{"event": "dcase_train_progress", "epoch": 6, "processed": 120, "total": 1005, "avg_loss": 0.1778509493606786, "elapsed_s": 52.56264617400302}
{"event": "dcase_train_progress", "epoch": 6, "processed": 160, "total": 1005, "avg_loss": 0.17807453277055174, "elapsed_s": 69.56642957701115}
{"event": "dcase_train_progress", "epoch": 6, "processed": 200, "total": 1005, "avg_loss": 0.1887801877595484, "elapsed_s": 87.19963574300345}
{"event": "dcase_train_progress", "epoch": 6, "processed": 240, "total": 1005, "avg_loss": 0.18149435361847283, "elapsed_s": 103.91707642401161}
{"event": "dcase_train_progress", "epoch": 6, "processed": 280, "total": 1005, "avg_loss": 0.18189912358564989, "elapsed_s": 120.95751254700008}
{"event": "dcase_train_progress", "epoch": 6, "processed": 320, "total": 1005, "avg_loss": 0.18133502260316164, "elapsed_s": 138.35658300700015}
{"event": "dcase_train_progress", "epoch": 6, "processed": 360, "total": 1005, "avg_loss": 0.1808225066556285, "elapsed_s": 155.47705281800881}
{"event": "dcase_train_progress", "epoch": 6, "processed": 400, "total": 1005, "avg_loss": 0.1828478889586404, "elapsed_s": 172.36111556300602}
{"event": "dcase_train_progress", "epoch": 6, "processed": 440, "total": 1005, "avg_loss": 0.18425020680932158, "elapsed_s": 189.8099317120068}
{"event": "dcase_train_progress", "epoch": 6, "processed": 480, "total": 1005, "avg_loss": 0.18386166877656554, "elapsed_s": 207.2876286390092}
{"event": "dcase_train_progress", "epoch": 6, "processed": 520, "total": 1005, "avg_loss": 0.18332262810391303, "elapsed_s": 224.33723254200595}
{"event": "dcase_train_progress", "epoch": 6, "processed": 560, "total": 1005, "avg_loss": 0.18207047347178948, "elapsed_s": 241.6889495409996}
{"event": "dcase_train_progress", "epoch": 6, "processed": 600, "total": 1005, "avg_loss": 0.18150012648664415, "elapsed_s": 258.69503153901314}
{"event": "dcase_train_progress", "epoch": 6, "processed": 640, "total": 1005, "avg_loss": 0.1812165625189664, "elapsed_s": 275.72602027701214}
{"event": "dcase_train_progress", "epoch": 6, "processed": 680, "total": 1005, "avg_loss": 0.1804964956580935, "elapsed_s": 293.76884442500887}
{"event": "dcase_train_progress", "epoch": 6, "processed": 720, "total": 1005, "avg_loss": 0.18266627181373124, "elapsed_s": 311.2694771670067}
{"event": "dcase_train_progress", "epoch": 6, "processed": 760, "total": 1005, "avg_loss": 0.18162482628157656, "elapsed_s": 328.419204359001}
{"event": "dcase_train_progress", "epoch": 6, "processed": 800, "total": 1005, "avg_loss": 0.18196341668488458, "elapsed_s": 345.6868670600088}
{"event": "dcase_train_progress", "epoch": 6, "processed": 840, "total": 1005, "avg_loss": 0.1807445620120104, "elapsed_s": 362.3669998230034}
{"event": "dcase_train_progress", "epoch": 6, "processed": 880, "total": 1005, "avg_loss": 0.18068570685784585, "elapsed_s": 378.9792326490133}
{"event": "dcase_train_progress", "epoch": 6, "processed": 920, "total": 1005, "avg_loss": 0.18160353036313925, "elapsed_s": 395.9079194900114}
{"event": "dcase_train_progress", "epoch": 6, "processed": 960, "total": 1005, "avg_loss": 0.18091419161258576, "elapsed_s": 413.06860163901}
{"event": "dcase_train_progress", "epoch": 6, "processed": 1000, "total": 1005, "avg_loss": 0.18157591578550636, "elapsed_s": 429.8423843560013}
{"event": "dcase_train_progress", "epoch": 6, "processed": 1005, "total": 1005, "avg_loss": 0.18182071715926945, "elapsed_s": 432.63717784501205}
{"event": "dcase_validation_progress", "epoch": 6, "processed": 32, "total": 112}
{"event": "dcase_validation_progress", "epoch": 6, "processed": 64, "total": 112}
{"event": "dcase_validation_progress", "epoch": 6, "processed": 96, "total": 112}
{"event": "dcase_validation_progress", "epoch": 6, "processed": 112, "total": 112}
{"event": "dcase_epoch_complete", "epoch": 6, "train_loss": 0.18182071715926945, "val_doa_error_deg": 46.37135000526905, "val_folded_azimuth_rmse_deg": 46.760851772768156, "val_horizontal_assumption_rmsae_deg": 47.300942078232765, "epoch_time_s": 435.11799057599274}
{"event": "dcase_train_progress", "epoch": 7, "processed": 40, "total": 1005, "avg_loss": 0.21317011658102275, "elapsed_s": 18.227406164995045}
{"event": "dcase_train_progress", "epoch": 7, "processed": 80, "total": 1005, "avg_loss": 0.18393310457468032, "elapsed_s": 34.33987884900125}
{"event": "dcase_train_progress", "epoch": 7, "processed": 120, "total": 1005, "avg_loss": 0.1772616808768362, "elapsed_s": 51.48324000099092}
{"event": "dcase_train_progress", "epoch": 7, "processed": 160, "total": 1005, "avg_loss": 0.17259190510958433, "elapsed_s": 68.31941678399744}
{"event": "dcase_train_progress", "epoch": 7, "processed": 200, "total": 1005, "avg_loss": 0.17683653501793742, "elapsed_s": 85.62876312099979}
{"event": "dcase_train_progress", "epoch": 7, "processed": 240, "total": 1005, "avg_loss": 0.17890140235734484, "elapsed_s": 102.959663592992}
{"event": "dcase_train_progress", "epoch": 7, "processed": 280, "total": 1005, "avg_loss": 0.17714856449248537, "elapsed_s": 119.43600306099688}
{"event": "dcase_train_progress", "epoch": 7, "processed": 320, "total": 1005, "avg_loss": 0.1799050075816922, "elapsed_s": 135.76314672599256}
{"event": "dcase_train_progress", "epoch": 7, "processed": 360, "total": 1005, "avg_loss": 0.18272046654795607, "elapsed_s": 152.76774636299524}
{"event": "dcase_train_progress", "epoch": 7, "processed": 400, "total": 1005, "avg_loss": 0.18383875793777407, "elapsed_s": 169.46304647299985}
{"event": "dcase_train_progress", "epoch": 7, "processed": 440, "total": 1005, "avg_loss": 0.18274245142767376, "elapsed_s": 186.80395336500078}
{"event": "dcase_train_progress", "epoch": 7, "processed": 480, "total": 1005, "avg_loss": 0.1830023830368494, "elapsed_s": 204.12670608599728}
{"event": "dcase_train_progress", "epoch": 7, "processed": 520, "total": 1005, "avg_loss": 0.18409295018332508, "elapsed_s": 221.55475260499225}
{"event": "dcase_train_progress", "epoch": 7, "processed": 560, "total": 1005, "avg_loss": 0.18203493791765402, "elapsed_s": 239.1987183099991}
{"event": "dcase_train_progress", "epoch": 7, "processed": 600, "total": 1005, "avg_loss": 0.18176599529882273, "elapsed_s": 257.2034270409931}
{"event": "dcase_train_progress", "epoch": 7, "processed": 640, "total": 1005, "avg_loss": 0.18109328908030875, "elapsed_s": 275.0742354589893}
{"event": "dcase_train_progress", "epoch": 7, "processed": 680, "total": 1005, "avg_loss": 0.18248065046637374, "elapsed_s": 292.4522004129976}
{"event": "dcase_train_progress", "epoch": 7, "processed": 720, "total": 1005, "avg_loss": 0.18296707145766253, "elapsed_s": 309.0721964359982}
{"event": "dcase_train_progress", "epoch": 7, "processed": 760, "total": 1005, "avg_loss": 0.18347888590375844, "elapsed_s": 326.55426385698956}
{"event": "dcase_train_progress", "epoch": 7, "processed": 800, "total": 1005, "avg_loss": 0.18300618927460163, "elapsed_s": 343.5514542000019}
{"event": "dcase_train_progress", "epoch": 7, "processed": 840, "total": 1005, "avg_loss": 0.18191733482692923, "elapsed_s": 360.28945810299774}
{"event": "dcase_train_progress", "epoch": 7, "processed": 880, "total": 1005, "avg_loss": 0.18128902858800508, "elapsed_s": 377.56301165599143}
{"event": "dcase_train_progress", "epoch": 7, "processed": 920, "total": 1005, "avg_loss": 0.1823399196135933, "elapsed_s": 394.3007033249887}
{"event": "dcase_train_progress", "epoch": 7, "processed": 960, "total": 1005, "avg_loss": 0.18096290450775995, "elapsed_s": 411.519796898996}
{"event": "dcase_train_progress", "epoch": 7, "processed": 1000, "total": 1005, "avg_loss": 0.18065193419530987, "elapsed_s": 428.6473439169931}
{"event": "dcase_train_progress", "epoch": 7, "processed": 1005, "total": 1005, "avg_loss": 0.18091952690474727, "elapsed_s": 431.0078255539993}
{"event": "dcase_validation_progress", "epoch": 7, "processed": 32, "total": 112}
{"event": "dcase_validation_progress", "epoch": 7, "processed": 64, "total": 112}
{"event": "dcase_validation_progress", "epoch": 7, "processed": 96, "total": 112}
{"event": "dcase_validation_progress", "epoch": 7, "processed": 112, "total": 112}
{"event": "dcase_epoch_complete", "epoch": 7, "train_loss": 0.18091952690474727, "val_doa_error_deg": 46.00300687125751, "val_folded_azimuth_rmse_deg": 46.33891210598605, "val_horizontal_assumption_rmsae_deg": 47.18315654141562, "epoch_time_s": 433.5458990710031}
{"event": "dcase_train_progress", "epoch": 8, "processed": 40, "total": 1005, "avg_loss": 0.17537424014881253, "elapsed_s": 16.985966504988028}
{"event": "dcase_train_progress", "epoch": 8, "processed": 80, "total": 1005, "avg_loss": 0.1756158286239952, "elapsed_s": 34.356178542991984}
{"event": "dcase_train_progress", "epoch": 8, "processed": 120, "total": 1005, "avg_loss": 0.1784499895758927, "elapsed_s": 52.11217903299257}
{"event": "dcase_train_progress", "epoch": 8, "processed": 160, "total": 1005, "avg_loss": 0.17712233683560044, "elapsed_s": 69.50697063400003}
{"event": "dcase_train_progress", "epoch": 8, "processed": 200, "total": 1005, "avg_loss": 0.17761224010959267, "elapsed_s": 86.3354080249992}
{"event": "dcase_train_progress", "epoch": 8, "processed": 240, "total": 1005, "avg_loss": 0.18284853288593392, "elapsed_s": 103.42144276099862}
{"event": "dcase_train_progress", "epoch": 8, "processed": 280, "total": 1005, "avg_loss": 0.18542364050767252, "elapsed_s": 121.03847778399359}
{"event": "dcase_train_progress", "epoch": 8, "processed": 320, "total": 1005, "avg_loss": 0.18584739218931645, "elapsed_s": 139.69636420298775}
{"event": "dcase_train_progress", "epoch": 8, "processed": 360, "total": 1005, "avg_loss": 0.18586965161893104, "elapsed_s": 156.79400400099985}
{"event": "dcase_train_progress", "epoch": 8, "processed": 400, "total": 1005, "avg_loss": 0.18376553544774651, "elapsed_s": 174.12406557599024}
{"event": "dcase_train_progress", "epoch": 8, "processed": 440, "total": 1005, "avg_loss": 0.18537751820615747, "elapsed_s": 191.52911603898974}
{"event": "dcase_train_progress", "epoch": 8, "processed": 480, "total": 1005, "avg_loss": 0.1851406351158706, "elapsed_s": 208.88341232799576}
{"event": "dcase_train_progress", "epoch": 8, "processed": 520, "total": 1005, "avg_loss": 0.18697522383971282, "elapsed_s": 226.6404404509958}
{"event": "dcase_train_progress", "epoch": 8, "processed": 560, "total": 1005, "avg_loss": 0.1851374980428123, "elapsed_s": 243.89182118099416}
{"event": "dcase_train_progress", "epoch": 8, "processed": 600, "total": 1005, "avg_loss": 0.18522269119508564, "elapsed_s": 261.1317971589888}
{"event": "dcase_train_progress", "epoch": 8, "processed": 640, "total": 1005, "avg_loss": 0.18355202809616458, "elapsed_s": 277.93591032699624}
{"event": "dcase_train_progress", "epoch": 8, "processed": 680, "total": 1005, "avg_loss": 0.18310867141767898, "elapsed_s": 294.4345032009878}
{"event": "dcase_train_progress", "epoch": 8, "processed": 720, "total": 1005, "avg_loss": 0.18200302097635965, "elapsed_s": 311.2705198879994}
{"event": "dcase_train_progress", "epoch": 8, "processed": 760, "total": 1005, "avg_loss": 0.1809188957963335, "elapsed_s": 328.3410158369952}
{"event": "dcase_train_progress", "epoch": 8, "processed": 800, "total": 1005, "avg_loss": 0.18132097327616065, "elapsed_s": 345.0110849059856}
{"event": "dcase_train_progress", "epoch": 8, "processed": 840, "total": 1005, "avg_loss": 0.1799005965480492, "elapsed_s": 361.97544395999284}
{"event": "dcase_train_progress", "epoch": 8, "processed": 880, "total": 1005, "avg_loss": 0.18016567192971705, "elapsed_s": 379.9483981749945}
{"event": "dcase_train_progress", "epoch": 8, "processed": 920, "total": 1005, "avg_loss": 0.17972034842747708, "elapsed_s": 397.6782845269918}
{"event": "dcase_train_progress", "epoch": 8, "processed": 960, "total": 1005, "avg_loss": 0.1807289306850483, "elapsed_s": 414.1568297389895}
{"event": "dcase_train_progress", "epoch": 8, "processed": 1000, "total": 1005, "avg_loss": 0.17955828516185285, "elapsed_s": 431.9174190439953}
{"event": "dcase_train_progress", "epoch": 8, "processed": 1005, "total": 1005, "avg_loss": 0.17986632842033062, "elapsed_s": 434.5746553009958}
{"event": "dcase_validation_progress", "epoch": 8, "processed": 32, "total": 112}
{"event": "dcase_validation_progress", "epoch": 8, "processed": 64, "total": 112}
{"event": "dcase_validation_progress", "epoch": 8, "processed": 96, "total": 112}
{"event": "dcase_validation_progress", "epoch": 8, "processed": 112, "total": 112}
{"event": "dcase_epoch_complete", "epoch": 8, "train_loss": 0.17986632842033062, "val_doa_error_deg": 45.89018398310457, "val_folded_azimuth_rmse_deg": 46.23731526732445, "val_horizontal_assumption_rmsae_deg": 46.9381699519498, "epoch_time_s": 436.975888793997}
{"event": "dcase_train_progress", "epoch": 9, "processed": 40, "total": 1005, "avg_loss": 0.18074869215488434, "elapsed_s": 17.86270925500139}
{"event": "dcase_train_progress", "epoch": 9, "processed": 80, "total": 1005, "avg_loss": 0.18709625396877527, "elapsed_s": 34.164949115001946}
{"event": "dcase_train_progress", "epoch": 9, "processed": 120, "total": 1005, "avg_loss": 0.17969111025643844, "elapsed_s": 51.74059628500254}
{"event": "dcase_train_progress", "epoch": 9, "processed": 160, "total": 1005, "avg_loss": 0.17021232213592158, "elapsed_s": 68.97363709199999}
{"event": "dcase_train_progress", "epoch": 9, "processed": 200, "total": 1005, "avg_loss": 0.17237652759067715, "elapsed_s": 85.90145213301003}
{"event": "dcase_train_progress", "epoch": 9, "processed": 240, "total": 1005, "avg_loss": 0.17694012270464252, "elapsed_s": 103.03894781001145}
{"event": "dcase_train_progress", "epoch": 9, "processed": 280, "total": 1005, "avg_loss": 0.17956096821996784, "elapsed_s": 120.38341771600244}
{"event": "dcase_train_progress", "epoch": 9, "processed": 320, "total": 1005, "avg_loss": 0.17688842961215415, "elapsed_s": 138.43613254600496}
{"event": "dcase_train_progress", "epoch": 9, "processed": 360, "total": 1005, "avg_loss": 0.1741619296113236, "elapsed_s": 155.7913771020103}
{"event": "dcase_train_progress", "epoch": 9, "processed": 400, "total": 1005, "avg_loss": 0.17464668068569153, "elapsed_s": 174.1763923640101}
{"event": "dcase_train_progress", "epoch": 9, "processed": 440, "total": 1005, "avg_loss": 0.17748312376524236, "elapsed_s": 191.45707971599768}
{"event": "dcase_train_progress", "epoch": 9, "processed": 480, "total": 1005, "avg_loss": 0.17536298603517936, "elapsed_s": 207.64571263600374}
{"event": "dcase_train_progress", "epoch": 9, "processed": 520, "total": 1005, "avg_loss": 0.17613491847609672, "elapsed_s": 225.291821789011}
{"event": "dcase_train_progress", "epoch": 9, "processed": 560, "total": 1005, "avg_loss": 0.17430760754338864, "elapsed_s": 242.56521608799812}
{"event": "dcase_train_progress", "epoch": 9, "processed": 600, "total": 1005, "avg_loss": 0.17617604492542643, "elapsed_s": 260.28230809200613}
{"event": "dcase_train_progress", "epoch": 9, "processed": 640, "total": 1005, "avg_loss": 0.17835077455674764, "elapsed_s": 276.7720075450052}
{"event": "dcase_train_progress", "epoch": 9, "processed": 680, "total": 1005, "avg_loss": 0.17959221626960617, "elapsed_s": 294.3606901960011}
{"event": "dcase_train_progress", "epoch": 9, "processed": 720, "total": 1005, "avg_loss": 0.1790817118689625, "elapsed_s": 311.2836362300004}
{"event": "dcase_train_progress", "epoch": 9, "processed": 760, "total": 1005, "avg_loss": 0.1792602502716411, "elapsed_s": 328.627167026003}
{"event": "dcase_train_progress", "epoch": 9, "processed": 800, "total": 1005, "avg_loss": 0.1798297187848948, "elapsed_s": 345.6504191569984}
{"event": "dcase_train_progress", "epoch": 9, "processed": 840, "total": 1005, "avg_loss": 0.17973463751508723, "elapsed_s": 363.3371188480087}
{"event": "dcase_train_progress", "epoch": 9, "processed": 880, "total": 1005, "avg_loss": 0.18068473794370551, "elapsed_s": 380.9604345240077}
{"event": "dcase_train_progress", "epoch": 9, "processed": 920, "total": 1005, "avg_loss": 0.1807265592435294, "elapsed_s": 399.06582692600205}
{"event": "dcase_train_progress", "epoch": 9, "processed": 960, "total": 1005, "avg_loss": 0.18121238398404482, "elapsed_s": 416.2266844130063}
{"event": "dcase_train_progress", "epoch": 9, "processed": 1000, "total": 1005, "avg_loss": 0.18034970536641776, "elapsed_s": 433.6047290540009}
{"event": "dcase_train_progress", "epoch": 9, "processed": 1005, "total": 1005, "avg_loss": 0.1801323451194449, "elapsed_s": 436.08462775799853}
{"event": "dcase_validation_progress", "epoch": 9, "processed": 32, "total": 112}
{"event": "dcase_validation_progress", "epoch": 9, "processed": 64, "total": 112}
{"event": "dcase_validation_progress", "epoch": 9, "processed": 96, "total": 112}
{"event": "dcase_validation_progress", "epoch": 9, "processed": 112, "total": 112}
{"event": "dcase_epoch_complete", "epoch": 9, "train_loss": 0.1801323451194449, "val_doa_error_deg": 45.49301815884454, "val_folded_azimuth_rmse_deg": 46.068540511386736, "val_horizontal_assumption_rmsae_deg": 47.289191607918056, "epoch_time_s": 439.3026057310053}
{"event": "dcase_train_progress", "epoch": 10, "processed": 40, "total": 1005, "avg_loss": 0.15053036278113724, "elapsed_s": 17.119310242997017}
{"event": "dcase_train_progress", "epoch": 10, "processed": 80, "total": 1005, "avg_loss": 0.17032839162275196, "elapsed_s": 35.361486830996}
{"event": "dcase_train_progress", "epoch": 10, "processed": 120, "total": 1005, "avg_loss": 0.1727094510414948, "elapsed_s": 52.943702168005984}
{"event": "dcase_train_progress", "epoch": 10, "processed": 160, "total": 1005, "avg_loss": 0.1722734986920841, "elapsed_s": 69.10233784900629}
{"event": "dcase_train_progress", "epoch": 10, "processed": 200, "total": 1005, "avg_loss": 0.17398459000512959, "elapsed_s": 86.54570018799859}
{"event": "dcase_train_progress", "epoch": 10, "processed": 240, "total": 1005, "avg_loss": 0.17509785653091967, "elapsed_s": 103.9208315040014}
{"event": "dcase_train_progress", "epoch": 10, "processed": 280, "total": 1005, "avg_loss": 0.17615674370899798, "elapsed_s": 121.96935784899688}
{"event": "dcase_train_progress", "epoch": 10, "processed": 320, "total": 1005, "avg_loss": 0.17890650449553505, "elapsed_s": 139.35463059500034}
{"event": "dcase_train_progress", "epoch": 10, "processed": 360, "total": 1005, "avg_loss": 0.17995998291298748, "elapsed_s": 156.89604836799845}
{"event": "dcase_train_progress", "epoch": 10, "processed": 400, "total": 1005, "avg_loss": 0.1815574257541448, "elapsed_s": 174.4833150570048}
{"event": "dcase_train_progress", "epoch": 10, "processed": 440, "total": 1005, "avg_loss": 0.17928817708214576, "elapsed_s": 191.8016856089962}
{"event": "dcase_train_progress", "epoch": 10, "processed": 480, "total": 1005, "avg_loss": 0.17943806428617487, "elapsed_s": 209.47722018600325}
{"event": "dcase_train_progress", "epoch": 10, "processed": 520, "total": 1005, "avg_loss": 0.18078610512356347, "elapsed_s": 227.10726758300734}
{"event": "dcase_train_progress", "epoch": 10, "processed": 560, "total": 1005, "avg_loss": 0.18198077702628715, "elapsed_s": 244.97432429100445}
{"event": "dcase_train_progress", "epoch": 10, "processed": 600, "total": 1005, "avg_loss": 0.1812790783929328, "elapsed_s": 262.0797963410005}
{"event": "dcase_train_progress", "epoch": 10, "processed": 640, "total": 1005, "avg_loss": 0.182217698788736, "elapsed_s": 279.3834986550064}
{"event": "dcase_train_progress", "epoch": 10, "processed": 680, "total": 1005, "avg_loss": 0.18247638315181522, "elapsed_s": 296.71237553800165}
{"event": "dcase_train_progress", "epoch": 10, "processed": 720, "total": 1005, "avg_loss": 0.18213799452512627, "elapsed_s": 314.63615643500816}
{"event": "dcase_train_progress", "epoch": 10, "processed": 760, "total": 1005, "avg_loss": 0.1815962145840259, "elapsed_s": 330.83934878099535}
{"event": "dcase_train_progress", "epoch": 10, "processed": 800, "total": 1005, "avg_loss": 0.18171457188669593, "elapsed_s": 348.4830590400088}
{"event": "dcase_train_progress", "epoch": 10, "processed": 840, "total": 1005, "avg_loss": 0.1825320712911586, "elapsed_s": 366.0585151720006}
{"event": "dcase_train_progress", "epoch": 10, "processed": 880, "total": 1005, "avg_loss": 0.1816031283995306, "elapsed_s": 383.7794914459955}
{"event": "dcase_train_progress", "epoch": 10, "processed": 920, "total": 1005, "avg_loss": 0.18227211412285332, "elapsed_s": 401.70090738699946}
{"event": "dcase_train_progress", "epoch": 10, "processed": 960, "total": 1005, "avg_loss": 0.18127627144179617, "elapsed_s": 418.0110591230041}
{"event": "dcase_train_progress", "epoch": 10, "processed": 1000, "total": 1005, "avg_loss": 0.1796382175758481, "elapsed_s": 436.2665221240022}
{"event": "dcase_train_progress", "epoch": 10, "processed": 1005, "total": 1005, "avg_loss": 0.17999448950462674, "elapsed_s": 438.49735890500597}
{"event": "dcase_validation_progress", "epoch": 10, "processed": 32, "total": 112}
{"event": "dcase_validation_progress", "epoch": 10, "processed": 64, "total": 112}
{"event": "dcase_validation_progress", "epoch": 10, "processed": 96, "total": 112}
{"event": "dcase_validation_progress", "epoch": 10, "processed": 112, "total": 112}
{"event": "dcase_epoch_complete", "epoch": 10, "train_loss": 0.17999448950462674, "val_doa_error_deg": 45.58136508294514, "val_folded_azimuth_rmse_deg": 46.00979157856533, "val_horizontal_assumption_rmsae_deg": 46.90990594880922, "epoch_time_s": 441.12377171799017}
{"event": "dcase_train_progress", "epoch": 11, "processed": 40, "total": 1005, "avg_loss": 0.15618500337004662, "elapsed_s": 17.362894593999954}
{"event": "dcase_train_progress", "epoch": 11, "processed": 80, "total": 1005, "avg_loss": 0.17723773331381382, "elapsed_s": 34.627844028000254}
{"event": "dcase_train_progress", "epoch": 11, "processed": 120, "total": 1005, "avg_loss": 0.17546103407318395, "elapsed_s": 52.47038102200895}
{"event": "dcase_train_progress", "epoch": 11, "processed": 160, "total": 1005, "avg_loss": 0.17834800907876341, "elapsed_s": 69.27025923901238}
{"event": "dcase_train_progress", "epoch": 11, "processed": 200, "total": 1005, "avg_loss": 0.18058582754805685, "elapsed_s": 86.7863214960089}
{"event": "dcase_train_progress", "epoch": 11, "processed": 240, "total": 1005, "avg_loss": 0.18216701375010114, "elapsed_s": 104.56262500901357}
{"event": "dcase_train_progress", "epoch": 11, "processed": 280, "total": 1005, "avg_loss": 0.18087026047121202, "elapsed_s": 121.06865198300511}
{"event": "dcase_train_progress", "epoch": 11, "processed": 320, "total": 1005, "avg_loss": 0.18246112094493583, "elapsed_s": 138.2547845700028}
{"event": "dcase_train_progress", "epoch": 11, "processed": 360, "total": 1005, "avg_loss": 0.18160704070081313, "elapsed_s": 155.40683258100762}
{"event": "dcase_train_progress", "epoch": 11, "processed": 400, "total": 1005, "avg_loss": 0.18529036758467554, "elapsed_s": 173.25407072801318}
{"event": "dcase_train_progress", "epoch": 11, "processed": 440, "total": 1005, "avg_loss": 0.1853724921799519, "elapsed_s": 190.60562356800074}
{"event": "dcase_train_progress", "epoch": 11, "processed": 480, "total": 1005, "avg_loss": 0.18450397667863097, "elapsed_s": 207.81106858201383}
{"event": "dcase_train_progress", "epoch": 11, "processed": 520, "total": 1005, "avg_loss": 0.18559622660350913, "elapsed_s": 225.53739982801198}
{"event": "dcase_train_progress", "epoch": 11, "processed": 560, "total": 1005, "avg_loss": 0.18615302130513425, "elapsed_s": 242.62718957100878}
{"event": "dcase_train_progress", "epoch": 11, "processed": 600, "total": 1005, "avg_loss": 0.18543248103000223, "elapsed_s": 260.6056494020013}
{"event": "dcase_train_progress", "epoch": 11, "processed": 640, "total": 1005, "avg_loss": 0.18399418571789283, "elapsed_s": 277.64220588101307}
{"event": "dcase_train_progress", "epoch": 11, "processed": 680, "total": 1005, "avg_loss": 0.18392522292595137, "elapsed_s": 294.66798061200825}
{"event": "dcase_train_progress", "epoch": 11, "processed": 720, "total": 1005, "avg_loss": 0.18297570506369487, "elapsed_s": 311.95476041200163}
{"event": "dcase_train_progress", "epoch": 11, "processed": 760, "total": 1005, "avg_loss": 0.18191806873257615, "elapsed_s": 329.1379191550077}
{"event": "dcase_train_progress", "epoch": 11, "processed": 800, "total": 1005, "avg_loss": 0.18087482423754409, "elapsed_s": 346.2505344240053}
{"event": "dcase_train_progress", "epoch": 11, "processed": 840, "total": 1005, "avg_loss": 0.17910382254714413, "elapsed_s": 364.17601204800303}
{"event": "dcase_train_progress", "epoch": 11, "processed": 880, "total": 1005, "avg_loss": 0.17822925422382965, "elapsed_s": 381.1884909480141}
{"event": "dcase_train_progress", "epoch": 11, "processed": 920, "total": 1005, "avg_loss": 0.1785709291352364, "elapsed_s": 398.3597965910012}
{"event": "dcase_train_progress", "epoch": 11, "processed": 960, "total": 1005, "avg_loss": 0.17949806229638246, "elapsed_s": 415.50358189801045}
{"event": "dcase_train_progress", "epoch": 11, "processed": 1000, "total": 1005, "avg_loss": 0.1790450315643102, "elapsed_s": 433.4464761160052}
{"event": "dcase_train_progress", "epoch": 11, "processed": 1005, "total": 1005, "avg_loss": 0.17902503113137253, "elapsed_s": 435.92683527900954}
{"event": "dcase_validation_progress", "epoch": 11, "processed": 32, "total": 112}
{"event": "dcase_validation_progress", "epoch": 11, "processed": 64, "total": 112}
{"event": "dcase_validation_progress", "epoch": 11, "processed": 96, "total": 112}
{"event": "dcase_validation_progress", "epoch": 11, "processed": 112, "total": 112}
{"event": "dcase_epoch_complete", "epoch": 11, "train_loss": 0.17902503113137253, "val_doa_error_deg": 45.31765605722155, "val_folded_azimuth_rmse_deg": 45.69968962243625, "val_horizontal_assumption_rmsae_deg": 46.734640559979844, "epoch_time_s": 438.5177160460007}
{"event": "dcase_train_progress", "epoch": 12, "processed": 40, "total": 1005, "avg_loss": 0.18886638917028903, "elapsed_s": 17.75490514699777}
{"event": "dcase_train_progress", "epoch": 12, "processed": 80, "total": 1005, "avg_loss": 0.18735529901459813, "elapsed_s": 34.92242316600459}
{"event": "dcase_train_progress", "epoch": 12, "processed": 120, "total": 1005, "avg_loss": 0.19801839496940374, "elapsed_s": 51.32147158400039}
{"event": "dcase_train_progress", "epoch": 12, "processed": 160, "total": 1005, "avg_loss": 0.1934537346009165, "elapsed_s": 68.09600034999312}
{"event": "dcase_train_progress", "epoch": 12, "processed": 200, "total": 1005, "avg_loss": 0.19086808882653714, "elapsed_s": 85.67903762499918}
{"event": "dcase_train_progress", "epoch": 12, "processed": 240, "total": 1005, "avg_loss": 0.1864503885464122, "elapsed_s": 103.01382526999805}
{"event": "dcase_train_progress", "epoch": 12, "processed": 280, "total": 1005, "avg_loss": 0.18794286462611387, "elapsed_s": 120.29792374100361}
{"event": "dcase_train_progress", "epoch": 12, "processed": 320, "total": 1005, "avg_loss": 0.18495033123763277, "elapsed_s": 136.9394517269975}
{"event": "dcase_train_progress", "epoch": 12, "processed": 360, "total": 1005, "avg_loss": 0.18285934840225512, "elapsed_s": 154.78893050400075}
{"event": "dcase_train_progress", "epoch": 12, "processed": 400, "total": 1005, "avg_loss": 0.1786069400701672, "elapsed_s": 172.64142550100223}
{"event": "dcase_train_progress", "epoch": 12, "processed": 440, "total": 1005, "avg_loss": 0.1757565383037383, "elapsed_s": 190.21963765499822}
{"event": "dcase_train_progress", "epoch": 12, "processed": 480, "total": 1005, "avg_loss": 0.17654507118277252, "elapsed_s": 207.70340317700175}
{"event": "dcase_train_progress", "epoch": 12, "processed": 520, "total": 1005, "avg_loss": 0.176153317022209, "elapsed_s": 225.06672714400338}
{"event": "dcase_train_progress", "epoch": 12, "processed": 560, "total": 1005, "avg_loss": 0.17913798252120613, "elapsed_s": 242.00921736199234}
{"event": "dcase_train_progress", "epoch": 12, "processed": 600, "total": 1005, "avg_loss": 0.17713772667261463, "elapsed_s": 258.29399367200676}
{"event": "dcase_train_progress", "epoch": 12, "processed": 640, "total": 1005, "avg_loss": 0.17657243735447992, "elapsed_s": 275.4144367130066}
{"event": "dcase_train_progress", "epoch": 12, "processed": 680, "total": 1005, "avg_loss": 0.17734273623072488, "elapsed_s": 292.59910497500096}
{"event": "dcase_train_progress", "epoch": 12, "processed": 720, "total": 1005, "avg_loss": 0.1777017026234211, "elapsed_s": 310.28942973399535}
{"event": "dcase_train_progress", "epoch": 12, "processed": 760, "total": 1005, "avg_loss": 0.17714458749335454, "elapsed_s": 328.1273304979986}
{"event": "dcase_train_progress", "epoch": 12, "processed": 800, "total": 1005, "avg_loss": 0.17629256628220902, "elapsed_s": 345.43948593799723}
{"event": "dcase_train_progress", "epoch": 12, "processed": 840, "total": 1005, "avg_loss": 0.17589864046756357, "elapsed_s": 362.24236963200383}
{"event": "dcase_train_progress", "epoch": 12, "processed": 880, "total": 1005, "avg_loss": 0.17603427993175996, "elapsed_s": 380.19017904400243}
{"event": "dcase_train_progress", "epoch": 12, "processed": 920, "total": 1005, "avg_loss": 0.17782519574115133, "elapsed_s": 398.4517132970068}
{"event": "dcase_train_progress", "epoch": 12, "processed": 960, "total": 1005, "avg_loss": 0.17769669528158072, "elapsed_s": 413.4067319970054}
{"event": "dcase_train_progress", "epoch": 12, "processed": 1000, "total": 1005, "avg_loss": 0.17837472161464393, "elapsed_s": 421.15140230499674}
{"event": "dcase_train_progress", "epoch": 12, "processed": 1005, "total": 1005, "avg_loss": 0.17856412790715695, "elapsed_s": 422.38558201599517}
{"event": "dcase_validation_progress", "epoch": 12, "processed": 32, "total": 112}
{"event": "dcase_validation_progress", "epoch": 12, "processed": 64, "total": 112}
{"event": "dcase_validation_progress", "epoch": 12, "processed": 96, "total": 112}
{"event": "dcase_validation_progress", "epoch": 12, "processed": 112, "total": 112}
{"event": "dcase_epoch_complete", "epoch": 12, "train_loss": 0.17856412790715695, "val_doa_error_deg": 45.4916330746242, "val_folded_azimuth_rmse_deg": 45.817850281085285, "val_horizontal_assumption_rmsae_deg": 46.56226313114166, "epoch_time_s": 423.73164229300164}
{"event": "dcase_train_progress", "epoch": 13, "processed": 40, "total": 1005, "avg_loss": 0.19684017514809965, "elapsed_s": 7.7945243819995085}
{"event": "dcase_train_progress", "epoch": 13, "processed": 80, "total": 1005, "avg_loss": 0.19493635748513044, "elapsed_s": 15.677938576001907}
{"event": "dcase_train_progress", "epoch": 13, "processed": 120, "total": 1005, "avg_loss": 0.18052698771158854, "elapsed_s": 23.33674665799481}
{"event": "dcase_train_progress", "epoch": 13, "processed": 160, "total": 1005, "avg_loss": 0.17282140038441868, "elapsed_s": 31.11384200199973}
{"event": "dcase_train_progress", "epoch": 13, "processed": 200, "total": 1005, "avg_loss": 0.17677811922505499, "elapsed_s": 38.875308781003696}
{"event": "dcase_train_progress", "epoch": 13, "processed": 240, "total": 1005, "avg_loss": 0.18364258031360806, "elapsed_s": 46.702161198001704}
{"event": "dcase_train_progress", "epoch": 13, "processed": 280, "total": 1005, "avg_loss": 0.18516984494136912, "elapsed_s": 54.32368667300034}
{"event": "dcase_train_progress", "epoch": 13, "processed": 320, "total": 1005, "avg_loss": 0.186608918919228, "elapsed_s": 62.28164213799755}
{"event": "dcase_train_progress", "epoch": 13, "processed": 360, "total": 1005, "avg_loss": 0.1839503636583686, "elapsed_s": 70.20767144199635}
{"event": "dcase_train_progress", "epoch": 13, "processed": 400, "total": 1005, "avg_loss": 0.1811388599872589, "elapsed_s": 77.7981856080005}
{"event": "dcase_train_progress", "epoch": 13, "processed": 440, "total": 1005, "avg_loss": 0.18117804320698436, "elapsed_s": 94.26768389499921}
{"event": "dcase_train_progress", "epoch": 13, "processed": 480, "total": 1005, "avg_loss": 0.18026102076595027, "elapsed_s": 111.53145953400235}
{"event": "dcase_train_progress", "epoch": 13, "processed": 520, "total": 1005, "avg_loss": 0.1809622490205444, "elapsed_s": 130.0256453720067}
{"event": "dcase_train_progress", "epoch": 13, "processed": 560, "total": 1005, "avg_loss": 0.1787202812332128, "elapsed_s": 148.2974061470013}
{"event": "dcase_train_progress", "epoch": 13, "processed": 600, "total": 1005, "avg_loss": 0.17870180178433656, "elapsed_s": 165.37055068899645}
{"event": "dcase_train_progress", "epoch": 13, "processed": 640, "total": 1005, "avg_loss": 0.17978378740081097, "elapsed_s": 183.1272198499937}
{"event": "dcase_train_progress", "epoch": 13, "processed": 680, "total": 1005, "avg_loss": 0.18078899506260368, "elapsed_s": 201.59483959099452}
{"event": "dcase_train_progress", "epoch": 13, "processed": 720, "total": 1005, "avg_loss": 0.18034481749766404, "elapsed_s": 219.2430376800039}
{"event": "dcase_train_progress", "epoch": 13, "processed": 760, "total": 1005, "avg_loss": 0.18089657871199674, "elapsed_s": 236.95266001700656}
{"event": "dcase_train_progress", "epoch": 13, "processed": 800, "total": 1005, "avg_loss": 0.1811934487777762, "elapsed_s": 254.31627873099933}
{"event": "dcase_train_progress", "epoch": 13, "processed": 840, "total": 1005, "avg_loss": 0.17983824507821175, "elapsed_s": 272.3289756930026}
{"event": "dcase_train_progress", "epoch": 13, "processed": 880, "total": 1005, "avg_loss": 0.1792501394636929, "elapsed_s": 289.7905538500054}
{"event": "dcase_train_progress", "epoch": 13, "processed": 920, "total": 1005, "avg_loss": 0.1805150033015272, "elapsed_s": 306.6861079079972}
{"event": "dcase_train_progress", "epoch": 13, "processed": 960, "total": 1005, "avg_loss": 0.17986790386106197, "elapsed_s": 324.7896327019989}
{"event": "dcase_train_progress", "epoch": 13, "processed": 1000, "total": 1005, "avg_loss": 0.1785733470506966, "elapsed_s": 342.8131917370047}
{"event": "dcase_train_progress", "epoch": 13, "processed": 1005, "total": 1005, "avg_loss": 0.17847793669027476, "elapsed_s": 345.7266493000061}
{"event": "dcase_validation_progress", "epoch": 13, "processed": 32, "total": 112}
{"event": "dcase_validation_progress", "epoch": 13, "processed": 64, "total": 112}
{"event": "dcase_validation_progress", "epoch": 13, "processed": 96, "total": 112}
{"event": "dcase_validation_progress", "epoch": 13, "processed": 112, "total": 112}
{"event": "dcase_epoch_complete", "epoch": 13, "train_loss": 0.17847793669027476, "val_doa_error_deg": 45.1725143726383, "val_folded_azimuth_rmse_deg": 45.55767449736595, "val_horizontal_assumption_rmsae_deg": 46.44369736100946, "epoch_time_s": 348.25889686800656}
{"event": "dcase_train_progress", "epoch": 14, "processed": 40, "total": 1005, "avg_loss": 0.2138197671622038, "elapsed_s": 17.85790897499828}
{"event": "dcase_train_progress", "epoch": 14, "processed": 80, "total": 1005, "avg_loss": 0.20262310095131397, "elapsed_s": 36.32476609200239}
{"event": "dcase_train_progress", "epoch": 14, "processed": 120, "total": 1005, "avg_loss": 0.195060387502114, "elapsed_s": 54.00468574199476}
{"event": "dcase_train_progress", "epoch": 14, "processed": 160, "total": 1005, "avg_loss": 0.1823297261958942, "elapsed_s": 71.50587341100618}
{"event": "dcase_train_progress", "epoch": 14, "processed": 200, "total": 1005, "avg_loss": 0.17737759579904377, "elapsed_s": 89.21603826600767}
{"event": "dcase_train_progress", "epoch": 14, "processed": 240, "total": 1005, "avg_loss": 0.17891147224387774, "elapsed_s": 106.86330712000199}
{"event": "dcase_train_progress", "epoch": 14, "processed": 280, "total": 1005, "avg_loss": 0.17475106758065523, "elapsed_s": 124.00542862000293}
{"event": "dcase_train_progress", "epoch": 14, "processed": 320, "total": 1005, "avg_loss": 0.1755863718513865, "elapsed_s": 142.4096995650034}
{"event": "dcase_train_progress", "epoch": 14, "processed": 360, "total": 1005, "avg_loss": 0.1764443121281349, "elapsed_s": 159.4937139810063}
{"event": "dcase_train_progress", "epoch": 14, "processed": 400, "total": 1005, "avg_loss": 0.1799812665907666, "elapsed_s": 176.79351282300195}
{"event": "dcase_train_progress", "epoch": 14, "processed": 440, "total": 1005, "avg_loss": 0.17935479133897883, "elapsed_s": 194.6365309219982}
{"event": "dcase_train_progress", "epoch": 14, "processed": 480, "total": 1005, "avg_loss": 0.17834114050104594, "elapsed_s": 211.83663169200008}
{"event": "dcase_train_progress", "epoch": 14, "processed": 520, "total": 1005, "avg_loss": 0.17711379122203932, "elapsed_s": 229.61364789000072}
{"event": "dcase_train_progress", "epoch": 14, "processed": 560, "total": 1005, "avg_loss": 0.1771685370310609, "elapsed_s": 247.0693686510058}
{"event": "dcase_train_progress", "epoch": 14, "processed": 600, "total": 1005, "avg_loss": 0.17532752353077133, "elapsed_s": 264.0239783769939}
{"event": "dcase_train_progress", "epoch": 14, "processed": 640, "total": 1005, "avg_loss": 0.17622566887293942, "elapsed_s": 280.3242927389947}
{"event": "dcase_train_progress", "epoch": 14, "processed": 680, "total": 1005, "avg_loss": 0.17635557569344254, "elapsed_s": 297.01260992900643}
{"event": "dcase_train_progress", "epoch": 14, "processed": 720, "total": 1005, "avg_loss": 0.175830306733648, "elapsed_s": 314.51645407300384}
{"event": "dcase_train_progress", "epoch": 14, "processed": 760, "total": 1005, "avg_loss": 0.17727846075829706, "elapsed_s": 331.9768173259945}
{"event": "dcase_train_progress", "epoch": 14, "processed": 800, "total": 1005, "avg_loss": 0.1787567555718124, "elapsed_s": 348.35988919199735}
{"event": "dcase_train_progress", "epoch": 14, "processed": 840, "total": 1005, "avg_loss": 0.17846037591142314, "elapsed_s": 365.64867639000295}
{"event": "dcase_train_progress", "epoch": 14, "processed": 880, "total": 1005, "avg_loss": 0.17924544588578017, "elapsed_s": 382.3150002689945}
{"event": "dcase_train_progress", "epoch": 14, "processed": 920, "total": 1005, "avg_loss": 0.17857911344617605, "elapsed_s": 399.2488933400018}
{"event": "dcase_train_progress", "epoch": 14, "processed": 960, "total": 1005, "avg_loss": 0.17814399279498805, "elapsed_s": 416.7494749290054}
{"event": "dcase_train_progress", "epoch": 14, "processed": 1000, "total": 1005, "avg_loss": 0.17755684587359427, "elapsed_s": 435.3539181170054}
{"event": "dcase_train_progress", "epoch": 14, "processed": 1005, "total": 1005, "avg_loss": 0.17782872295498256, "elapsed_s": 438.1583551340009}
{"event": "dcase_validation_progress", "epoch": 14, "processed": 32, "total": 112}
{"event": "dcase_validation_progress", "epoch": 14, "processed": 64, "total": 112}
{"event": "dcase_validation_progress", "epoch": 14, "processed": 96, "total": 112}
{"event": "dcase_validation_progress", "epoch": 14, "processed": 112, "total": 112}
{"event": "dcase_epoch_complete", "epoch": 14, "train_loss": 0.17782872295498256, "val_doa_error_deg": 45.15509996031012, "val_folded_azimuth_rmse_deg": 45.53204748247351, "val_horizontal_assumption_rmsae_deg": 46.54231996408531, "epoch_time_s": 440.55557940900326}
{"event": "dcase_train_progress", "epoch": 15, "processed": 40, "total": 1005, "avg_loss": 0.21158122532069684, "elapsed_s": 17.712346799002262}
{"event": "dcase_train_progress", "epoch": 15, "processed": 80, "total": 1005, "avg_loss": 0.19510127920657397, "elapsed_s": 35.08019811999111}
{"event": "dcase_train_progress", "epoch": 15, "processed": 120, "total": 1005, "avg_loss": 0.18654959791650375, "elapsed_s": 52.772388987999875}
{"event": "dcase_train_progress", "epoch": 15, "processed": 160, "total": 1005, "avg_loss": 0.18992271753959358, "elapsed_s": 70.97149041199009}
{"event": "dcase_train_progress", "epoch": 15, "processed": 200, "total": 1005, "avg_loss": 0.1951573209092021, "elapsed_s": 87.95295805099886}
{"event": "dcase_train_progress", "epoch": 15, "processed": 240, "total": 1005, "avg_loss": 0.1882176236094286, "elapsed_s": 106.26236912299646}
{"event": "dcase_train_progress", "epoch": 15, "processed": 280, "total": 1005, "avg_loss": 0.1852206101774105, "elapsed_s": 123.85435710399179}
{"event": "dcase_train_progress", "epoch": 15, "processed": 320, "total": 1005, "avg_loss": 0.1867747641983442, "elapsed_s": 141.22847048100084}
{"event": "dcase_train_progress", "epoch": 15, "processed": 360, "total": 1005, "avg_loss": 0.1851332053128216, "elapsed_s": 160.41085733399086}
{"event": "dcase_train_progress", "epoch": 15, "processed": 400, "total": 1005, "avg_loss": 0.18196174558252096, "elapsed_s": 177.5028171439917}
{"event": "dcase_train_progress", "epoch": 15, "processed": 440, "total": 1005, "avg_loss": 0.1817882321944291, "elapsed_s": 193.91026941599557}
{"event": "dcase_train_progress", "epoch": 15, "processed": 480, "total": 1005, "avg_loss": 0.17960108346305786, "elapsed_s": 211.4109630969906}
{"event": "dcase_train_progress", "epoch": 15, "processed": 520, "total": 1005, "avg_loss": 0.18278115780021137, "elapsed_s": 229.35884652999812}
{"event": "dcase_train_progress", "epoch": 15, "processed": 560, "total": 1005, "avg_loss": 0.18275302967189677, "elapsed_s": 246.74719015599112}
{"event": "dcase_train_progress", "epoch": 15, "processed": 600, "total": 1005, "avg_loss": 0.18154723207155862, "elapsed_s": 265.3247018659895}
{"event": "dcase_train_progress", "epoch": 15, "processed": 640, "total": 1005, "avg_loss": 0.178758576294058, "elapsed_s": 282.88518132199533}
{"event": "dcase_train_progress", "epoch": 15, "processed": 680, "total": 1005, "avg_loss": 0.17869668086059393, "elapsed_s": 299.7606366849941}
{"event": "dcase_train_progress", "epoch": 15, "processed": 720, "total": 1005, "avg_loss": 0.1785713225370273, "elapsed_s": 316.96033184899716}
{"event": "dcase_train_progress", "epoch": 15, "processed": 760, "total": 1005, "avg_loss": 0.17776384298983766, "elapsed_s": 334.34693498400156}
{"event": "dcase_train_progress", "epoch": 15, "processed": 800, "total": 1005, "avg_loss": 0.17850084726465865, "elapsed_s": 352.5084015409957}
{"event": "dcase_train_progress", "epoch": 15, "processed": 840, "total": 1005, "avg_loss": 0.17841570008146976, "elapsed_s": 370.05914241400023}
{"event": "dcase_train_progress", "epoch": 15, "processed": 880, "total": 1005, "avg_loss": 0.17907160224435342, "elapsed_s": 387.17645508798887}
{"event": "dcase_train_progress", "epoch": 15, "processed": 920, "total": 1005, "avg_loss": 0.1785565787055732, "elapsed_s": 404.94278985199344}
{"event": "dcase_train_progress", "epoch": 15, "processed": 960, "total": 1005, "avg_loss": 0.17890629912920605, "elapsed_s": 422.5350051889982}
{"event": "dcase_train_progress", "epoch": 15, "processed": 1000, "total": 1005, "avg_loss": 0.1778254178967327, "elapsed_s": 440.1110113259929}
{"event": "dcase_train_progress", "epoch": 15, "processed": 1005, "total": 1005, "avg_loss": 0.17796688173800262, "elapsed_s": 442.4746494389983}
{"event": "dcase_validation_progress", "epoch": 15, "processed": 32, "total": 112}
{"event": "dcase_validation_progress", "epoch": 15, "processed": 64, "total": 112}
{"event": "dcase_validation_progress", "epoch": 15, "processed": 96, "total": 112}
{"event": "dcase_validation_progress", "epoch": 15, "processed": 112, "total": 112}
{"event": "dcase_epoch_complete", "epoch": 15, "train_loss": 0.17796688173800262, "val_doa_error_deg": 45.23344981457506, "val_folded_azimuth_rmse_deg": 45.533720506089075, "val_horizontal_assumption_rmsae_deg": 46.394062659570146, "epoch_time_s": 445.03310708700155}
{"event": "dcase_train_progress", "epoch": 16, "processed": 40, "total": 1005, "avg_loss": 0.20464178491383792, "elapsed_s": 16.200222240004223}
{"event": "dcase_train_progress", "epoch": 16, "processed": 80, "total": 1005, "avg_loss": 0.18165363669395446, "elapsed_s": 32.99520459600899}
{"event": "dcase_train_progress", "epoch": 16, "processed": 120, "total": 1005, "avg_loss": 0.1802234532001118, "elapsed_s": 50.626772240007995}
{"event": "dcase_train_progress", "epoch": 16, "processed": 160, "total": 1005, "avg_loss": 0.17738574058748782, "elapsed_s": 68.55286765300843}
{"event": "dcase_train_progress", "epoch": 16, "processed": 200, "total": 1005, "avg_loss": 0.1778914437815547, "elapsed_s": 86.14025532300002}
{"event": "dcase_train_progress", "epoch": 16, "processed": 240, "total": 1005, "avg_loss": 0.17393066929653286, "elapsed_s": 104.12053397900308}
{"event": "dcase_train_progress", "epoch": 16, "processed": 280, "total": 1005, "avg_loss": 0.17746496273071638, "elapsed_s": 121.09663682999962}
{"event": "dcase_train_progress", "epoch": 16, "processed": 320, "total": 1005, "avg_loss": 0.17427685906295665, "elapsed_s": 138.43466411800182}
{"event": "dcase_train_progress", "epoch": 16, "processed": 360, "total": 1005, "avg_loss": 0.17585176803275115, "elapsed_s": 155.9634275980061}
{"event": "dcase_train_progress", "epoch": 16, "processed": 400, "total": 1005, "avg_loss": 0.17601100488100202, "elapsed_s": 173.37638379100827}
{"event": "dcase_train_progress", "epoch": 16, "processed": 440, "total": 1005, "avg_loss": 0.17553224665620787, "elapsed_s": 190.06561322500056}
{"event": "dcase_train_progress", "epoch": 16, "processed": 480, "total": 1005, "avg_loss": 0.1748291691027892, "elapsed_s": 207.44831935799448}
{"event": "dcase_train_progress", "epoch": 16, "processed": 520, "total": 1005, "avg_loss": 0.17525109737896574, "elapsed_s": 224.53609439500724}
{"event": "dcase_train_progress", "epoch": 16, "processed": 560, "total": 1005, "avg_loss": 0.1750535451574251, "elapsed_s": 242.27173200600373}
{"event": "dcase_train_progress", "epoch": 16, "processed": 600, "total": 1005, "avg_loss": 0.17502817817342778, "elapsed_s": 260.1968153479975}
{"event": "dcase_train_progress", "epoch": 16, "processed": 640, "total": 1005, "avg_loss": 0.17435446454619524, "elapsed_s": 277.26110453800356}
{"event": "dcase_train_progress", "epoch": 16, "processed": 680, "total": 1005, "avg_loss": 0.17476133589961512, "elapsed_s": 294.9291267899971}
{"event": "dcase_train_progress", "epoch": 16, "processed": 720, "total": 1005, "avg_loss": 0.1730712225324371, "elapsed_s": 311.77937920000113}
{"event": "dcase_train_progress", "epoch": 16, "processed": 760, "total": 1005, "avg_loss": 0.17566868667490781, "elapsed_s": 329.516969571996}
{"event": "dcase_train_progress", "epoch": 16, "processed": 800, "total": 1005, "avg_loss": 0.17624773044371977, "elapsed_s": 347.2450309499982}
{"event": "dcase_train_progress", "epoch": 16, "processed": 840, "total": 1005, "avg_loss": 0.17617428032459603, "elapsed_s": 364.83272200899955}
{"event": "dcase_train_progress", "epoch": 16, "processed": 880, "total": 1005, "avg_loss": 0.176692234210416, "elapsed_s": 381.7954166760028}
{"event": "dcase_train_progress", "epoch": 16, "processed": 920, "total": 1005, "avg_loss": 0.17682649376802145, "elapsed_s": 398.90223794299527}
{"event": "dcase_train_progress", "epoch": 16, "processed": 960, "total": 1005, "avg_loss": 0.17767805112719845, "elapsed_s": 415.523396286997}
{"event": "dcase_train_progress", "epoch": 16, "processed": 1000, "total": 1005, "avg_loss": 0.17710253509692847, "elapsed_s": 432.3206444679963}
{"event": "dcase_train_progress", "epoch": 16, "processed": 1005, "total": 1005, "avg_loss": 0.17700343699708804, "elapsed_s": 434.8410848200001}
{"event": "dcase_validation_progress", "epoch": 16, "processed": 32, "total": 112}
{"event": "dcase_validation_progress", "epoch": 16, "processed": 64, "total": 112}
{"event": "dcase_validation_progress", "epoch": 16, "processed": 96, "total": 112}
{"event": "dcase_validation_progress", "epoch": 16, "processed": 112, "total": 112}
{"event": "dcase_epoch_complete", "epoch": 16, "train_loss": 0.17700343699708804, "val_doa_error_deg": 44.77247141301632, "val_folded_azimuth_rmse_deg": 45.10484286504133, "val_horizontal_assumption_rmsae_deg": 46.31512420730932, "epoch_time_s": 437.0673435369972}
{"event": "dcase_train_progress", "epoch": 17, "processed": 40, "total": 1005, "avg_loss": 0.15312193650752307, "elapsed_s": 18.08404966299713}
{"event": "dcase_train_progress", "epoch": 17, "processed": 80, "total": 1005, "avg_loss": 0.14215154100675137, "elapsed_s": 34.70009051299712}
{"event": "dcase_train_progress", "epoch": 17, "processed": 120, "total": 1005, "avg_loss": 0.15948148700408638, "elapsed_s": 51.814680020994274}
{"event": "dcase_train_progress", "epoch": 17, "processed": 160, "total": 1005, "avg_loss": 0.15870796084636823, "elapsed_s": 69.35316124100063}
{"event": "dcase_train_progress", "epoch": 17, "processed": 200, "total": 1005, "avg_loss": 0.1678128504473716, "elapsed_s": 86.53354348099674}
{"event": "dcase_train_progress", "epoch": 17, "processed": 240, "total": 1005, "avg_loss": 0.1710030770317341, "elapsed_s": 103.68889642700378}
{"event": "dcase_train_progress", "epoch": 17, "processed": 280, "total": 1005, "avg_loss": 0.1725937885697931, "elapsed_s": 122.02921556099318}
{"event": "dcase_train_progress", "epoch": 17, "processed": 320, "total": 1005, "avg_loss": 0.17241594871156848, "elapsed_s": 139.02545707600075}
{"event": "dcase_train_progress", "epoch": 17, "processed": 360, "total": 1005, "avg_loss": 0.17410312509681616, "elapsed_s": 156.88510144199245}
{"event": "dcase_train_progress", "epoch": 17, "processed": 400, "total": 1005, "avg_loss": 0.1804298549471423, "elapsed_s": 174.10215244800202}
{"event": "dcase_train_progress", "epoch": 17, "processed": 440, "total": 1005, "avg_loss": 0.18124148840169338, "elapsed_s": 190.99715726099384}
{"event": "dcase_train_progress", "epoch": 17, "processed": 480, "total": 1005, "avg_loss": 0.177850681640363, "elapsed_s": 207.64777414299897}
{"event": "dcase_train_progress", "epoch": 17, "processed": 520, "total": 1005, "avg_loss": 0.1777863266125608, "elapsed_s": 224.99010780500248}
{"event": "dcase_train_progress", "epoch": 17, "processed": 560, "total": 1005, "avg_loss": 0.17746555027219335, "elapsed_s": 241.93685447399912}
{"event": "dcase_train_progress", "epoch": 17, "processed": 600, "total": 1005, "avg_loss": 0.17682247147274513, "elapsed_s": 259.3807481699914}
{"event": "dcase_train_progress", "epoch": 17, "processed": 640, "total": 1005, "avg_loss": 0.17670353384746704, "elapsed_s": 277.22629801600124}
{"event": "dcase_train_progress", "epoch": 17, "processed": 680, "total": 1005, "avg_loss": 0.17659872967804618, "elapsed_s": 294.87138897199475}
{"event": "dcase_train_progress", "epoch": 17, "processed": 720, "total": 1005, "avg_loss": 0.17564560522635778, "elapsed_s": 313.06329244999506}
{"event": "dcase_train_progress", "epoch": 17, "processed": 760, "total": 1005, "avg_loss": 0.1758738795001256, "elapsed_s": 330.1572106300009}
{"event": "dcase_train_progress", "epoch": 17, "processed": 800, "total": 1005, "avg_loss": 0.17633834947831928, "elapsed_s": 347.6688012789964}
{"event": "dcase_train_progress", "epoch": 17, "processed": 840, "total": 1005, "avg_loss": 0.176666798380514, "elapsed_s": 364.66443564899964}
{"event": "dcase_train_progress", "epoch": 17, "processed": 880, "total": 1005, "avg_loss": 0.17739067274061115, "elapsed_s": 382.8302077739936}
{"event": "dcase_train_progress", "epoch": 17, "processed": 920, "total": 1005, "avg_loss": 0.1778107966174898, "elapsed_s": 401.0261844179913}
{"event": "dcase_train_progress", "epoch": 17, "processed": 960, "total": 1005, "avg_loss": 0.17761318486882374, "elapsed_s": 418.6583546549955}
{"event": "dcase_train_progress", "epoch": 17, "processed": 1000, "total": 1005, "avg_loss": 0.1779190271794796, "elapsed_s": 436.1527183129947}
{"event": "dcase_train_progress", "epoch": 17, "processed": 1005, "total": 1005, "avg_loss": 0.17756004753100932, "elapsed_s": 439.03035044799617}
{"event": "dcase_validation_progress", "epoch": 17, "processed": 32, "total": 112}
{"event": "dcase_validation_progress", "epoch": 17, "processed": 64, "total": 112}
{"event": "dcase_validation_progress", "epoch": 17, "processed": 96, "total": 112}
{"event": "dcase_validation_progress", "epoch": 17, "processed": 112, "total": 112}
{"event": "dcase_epoch_complete", "epoch": 17, "train_loss": 0.17756004753100932, "val_doa_error_deg": 44.68678234091827, "val_folded_azimuth_rmse_deg": 44.86415608014379, "val_horizontal_assumption_rmsae_deg": 46.03962027813707, "epoch_time_s": 441.24246694399335}
{"event": "dcase_train_progress", "epoch": 18, "processed": 40, "total": 1005, "avg_loss": 0.19280609134584664, "elapsed_s": 17.795897712989245}
{"event": "dcase_train_progress", "epoch": 18, "processed": 80, "total": 1005, "avg_loss": 0.17788242138922214, "elapsed_s": 37.09902547999809}
{"event": "dcase_train_progress", "epoch": 18, "processed": 120, "total": 1005, "avg_loss": 0.17460281223369142, "elapsed_s": 55.02252868399955}
{"event": "dcase_train_progress", "epoch": 18, "processed": 160, "total": 1005, "avg_loss": 0.17415375123964622, "elapsed_s": 72.64480104699032}
{"event": "dcase_train_progress", "epoch": 18, "processed": 200, "total": 1005, "avg_loss": 0.17144481177441775, "elapsed_s": 89.41444610799954}
{"event": "dcase_train_progress", "epoch": 18, "processed": 240, "total": 1005, "avg_loss": 0.17392262095430244, "elapsed_s": 105.9974204129976}
{"event": "dcase_train_progress", "epoch": 18, "processed": 280, "total": 1005, "avg_loss": 0.17039879928343, "elapsed_s": 123.47458010699484}
{"event": "dcase_train_progress", "epoch": 18, "processed": 320, "total": 1005, "avg_loss": 0.16972921782289632, "elapsed_s": 139.8490682799893}
{"event": "dcase_train_progress", "epoch": 18, "processed": 360, "total": 1005, "avg_loss": 0.17037286802401974, "elapsed_s": 156.30725356200128}
{"event": "dcase_train_progress", "epoch": 18, "processed": 400, "total": 1005, "avg_loss": 0.1732944386312738, "elapsed_s": 172.96521262900205}
{"event": "dcase_train_progress", "epoch": 18, "processed": 440, "total": 1005, "avg_loss": 0.17486593186939983, "elapsed_s": 190.78211301399278}
{"event": "dcase_train_progress", "epoch": 18, "processed": 480, "total": 1005, "avg_loss": 0.17574993587331847, "elapsed_s": 208.547514794991}
{"event": "dcase_train_progress", "epoch": 18, "processed": 520, "total": 1005, "avg_loss": 0.17489921503270475, "elapsed_s": 225.72911034399294}
{"event": "dcase_train_progress", "epoch": 18, "processed": 560, "total": 1005, "avg_loss": 0.17533725874964148, "elapsed_s": 242.7833896779921}
{"event": "dcase_train_progress", "epoch": 18, "processed": 600, "total": 1005, "avg_loss": 0.1746314113649229, "elapsed_s": 260.30504028499126}
{"event": "dcase_train_progress", "epoch": 18, "processed": 640, "total": 1005, "avg_loss": 0.1738913360866718, "elapsed_s": 277.50883800999145}
{"event": "dcase_train_progress", "epoch": 18, "processed": 680, "total": 1005, "avg_loss": 0.17256388873519266, "elapsed_s": 295.3151959399984}
{"event": "dcase_train_progress", "epoch": 18, "processed": 720, "total": 1005, "avg_loss": 0.1729547863929636, "elapsed_s": 313.3870239819953}
{"event": "dcase_train_progress", "epoch": 18, "processed": 760, "total": 1005, "avg_loss": 0.17427284907745688, "elapsed_s": 330.4867843329994}
{"event": "dcase_train_progress", "epoch": 18, "processed": 800, "total": 1005, "avg_loss": 0.17671044960618018, "elapsed_s": 347.8136600259895}
{"event": "dcase_train_progress", "epoch": 18, "processed": 840, "total": 1005, "avg_loss": 0.17749899290502072, "elapsed_s": 364.7547612060007}
{"event": "dcase_train_progress", "epoch": 18, "processed": 880, "total": 1005, "avg_loss": 0.1771463169631633, "elapsed_s": 382.1073079880007}
{"event": "dcase_train_progress", "epoch": 18, "processed": 920, "total": 1005, "avg_loss": 0.1775480256496888, "elapsed_s": 398.55058656098845}
{"event": "dcase_train_progress", "epoch": 18, "processed": 960, "total": 1005, "avg_loss": 0.1769252243490579, "elapsed_s": 415.13801877999504}
{"event": "dcase_train_progress", "epoch": 18, "processed": 1000, "total": 1005, "avg_loss": 0.1764828598164022, "elapsed_s": 432.605870770989}
{"event": "dcase_train_progress", "epoch": 18, "processed": 1005, "total": 1005, "avg_loss": 0.17655847721654383, "elapsed_s": 435.35587820698856}
{"event": "dcase_validation_progress", "epoch": 18, "processed": 32, "total": 112}
{"event": "dcase_validation_progress", "epoch": 18, "processed": 64, "total": 112}
{"event": "dcase_validation_progress", "epoch": 18, "processed": 96, "total": 112}
{"event": "dcase_validation_progress", "epoch": 18, "processed": 112, "total": 112}
{"event": "dcase_epoch_complete", "epoch": 18, "train_loss": 0.17655847721654383, "val_doa_error_deg": 44.94471328173365, "val_folded_azimuth_rmse_deg": 45.14365168554442, "val_horizontal_assumption_rmsae_deg": 46.11031439900398, "epoch_time_s": 437.761540003994}
{"event": "dcase_train_progress", "epoch": 19, "processed": 40, "total": 1005, "avg_loss": 0.18016200736165047, "elapsed_s": 18.291213217991753}
{"event": "dcase_train_progress", "epoch": 19, "processed": 80, "total": 1005, "avg_loss": 0.17572510978206993, "elapsed_s": 36.52394801999617}
{"event": "dcase_train_progress", "epoch": 19, "processed": 120, "total": 1005, "avg_loss": 0.18344323141500354, "elapsed_s": 53.320274151992635}
{"event": "dcase_train_progress", "epoch": 19, "processed": 160, "total": 1005, "avg_loss": 0.17392116645351052, "elapsed_s": 70.29094832799456}
{"event": "dcase_train_progress", "epoch": 19, "processed": 200, "total": 1005, "avg_loss": 0.17738932004198432, "elapsed_s": 87.29724935500417}
{"event": "dcase_train_progress", "epoch": 19, "processed": 240, "total": 1005, "avg_loss": 0.1818680690213417, "elapsed_s": 104.37640961300349}
{"event": "dcase_train_progress", "epoch": 19, "processed": 280, "total": 1005, "avg_loss": 0.17673319585488312, "elapsed_s": 121.16258421099337}
{"event": "dcase_train_progress", "epoch": 19, "processed": 320, "total": 1005, "avg_loss": 0.1788952081638854, "elapsed_s": 138.67040224799712}
{"event": "dcase_train_progress", "epoch": 19, "processed": 360, "total": 1005, "avg_loss": 0.18221707217291824, "elapsed_s": 155.6579789009993}
{"event": "dcase_train_progress", "epoch": 19, "processed": 400, "total": 1005, "avg_loss": 0.18018899090588092, "elapsed_s": 173.03555820600013}
{"event": "dcase_train_progress", "epoch": 19, "processed": 440, "total": 1005, "avg_loss": 0.17992407362908125, "elapsed_s": 190.982774418997}
{"event": "dcase_train_progress", "epoch": 19, "processed": 480, "total": 1005, "avg_loss": 0.17870664781269927, "elapsed_s": 208.53290432700305}
{"event": "dcase_train_progress", "epoch": 19, "processed": 520, "total": 1005, "avg_loss": 0.17942258121015933, "elapsed_s": 225.04446908099635}
{"event": "dcase_train_progress", "epoch": 19, "processed": 560, "total": 1005, "avg_loss": 0.17974768499178545, "elapsed_s": 243.02191765099997}
{"event": "dcase_train_progress", "epoch": 19, "processed": 600, "total": 1005, "avg_loss": 0.1803552212069432, "elapsed_s": 259.4819907350029}
{"event": "dcase_train_progress", "epoch": 19, "processed": 640, "total": 1005, "avg_loss": 0.18087638028664516, "elapsed_s": 276.2830656970036}
{"event": "dcase_train_progress", "epoch": 19, "processed": 680, "total": 1005, "avg_loss": 0.1794851575156345, "elapsed_s": 294.6076673179923}
{"event": "dcase_train_progress", "epoch": 19, "processed": 720, "total": 1005, "avg_loss": 0.1772811407637265, "elapsed_s": 312.4329396249959}
{"event": "dcase_train_progress", "epoch": 19, "processed": 760, "total": 1005, "avg_loss": 0.17716739125745862, "elapsed_s": 329.3013173340005}
{"event": "dcase_train_progress", "epoch": 19, "processed": 800, "total": 1005, "avg_loss": 0.1764843130391091, "elapsed_s": 346.6348288709996}
{"event": "dcase_train_progress", "epoch": 19, "processed": 840, "total": 1005, "avg_loss": 0.1772719281636888, "elapsed_s": 364.3750994909933}
{"event": "dcase_train_progress", "epoch": 19, "processed": 880, "total": 1005, "avg_loss": 0.1768766117747873, "elapsed_s": 380.9852885279979}
{"event": "dcase_train_progress", "epoch": 19, "processed": 920, "total": 1005, "avg_loss": 0.17565647420149458, "elapsed_s": 398.0959142429929}
{"event": "dcase_train_progress", "epoch": 19, "processed": 960, "total": 1005, "avg_loss": 0.17681723714922554, "elapsed_s": 415.3188584000018}
{"event": "dcase_train_progress", "epoch": 19, "processed": 1000, "total": 1005, "avg_loss": 0.17624144410528242, "elapsed_s": 432.20954659499694}
{"event": "dcase_train_progress", "epoch": 19, "processed": 1005, "total": 1005, "avg_loss": 0.17633769304042135, "elapsed_s": 435.09538538999914}
{"event": "dcase_validation_progress", "epoch": 19, "processed": 32, "total": 112}
{"event": "dcase_validation_progress", "epoch": 19, "processed": 64, "total": 112}
{"event": "dcase_validation_progress", "epoch": 19, "processed": 96, "total": 112}
{"event": "dcase_validation_progress", "epoch": 19, "processed": 112, "total": 112}
{"event": "dcase_epoch_complete", "epoch": 19, "train_loss": 0.17633769304042135, "val_doa_error_deg": 45.02872123888561, "val_folded_azimuth_rmse_deg": 45.54832051055772, "val_horizontal_assumption_rmsae_deg": 46.60758928741728, "epoch_time_s": 437.5220315129991}
{"event": "dcase_train_progress", "epoch": 20, "processed": 40, "total": 1005, "avg_loss": 0.17710384773090482, "elapsed_s": 18.706205541006057}
{"event": "dcase_train_progress", "epoch": 20, "processed": 80, "total": 1005, "avg_loss": 0.16951590185053647, "elapsed_s": 35.343787083998905}
{"event": "dcase_train_progress", "epoch": 20, "processed": 120, "total": 1005, "avg_loss": 0.17290597315877676, "elapsed_s": 53.51827838900499}
{"event": "dcase_train_progress", "epoch": 20, "processed": 160, "total": 1005, "avg_loss": 0.17417732554022222, "elapsed_s": 71.44489398499718}
{"event": "dcase_train_progress", "epoch": 20, "processed": 200, "total": 1005, "avg_loss": 0.1777579721622169, "elapsed_s": 88.82081419799943}
{"event": "dcase_train_progress", "epoch": 20, "processed": 240, "total": 1005, "avg_loss": 0.17752806092612444, "elapsed_s": 106.34247749899805}
{"event": "dcase_train_progress", "epoch": 20, "processed": 280, "total": 1005, "avg_loss": 0.1767652367973434, "elapsed_s": 122.64639611900202}
{"event": "dcase_train_progress", "epoch": 20, "processed": 320, "total": 1005, "avg_loss": 0.17383534457185307, "elapsed_s": 139.59171758500452}
{"event": "dcase_train_progress", "epoch": 20, "processed": 360, "total": 1005, "avg_loss": 0.17404930631423163, "elapsed_s": 157.08567089900316}
{"event": "dcase_train_progress", "epoch": 20, "processed": 400, "total": 1005, "avg_loss": 0.17715648213867097, "elapsed_s": 175.28675627800112}
{"event": "dcase_train_progress", "epoch": 20, "processed": 440, "total": 1005, "avg_loss": 0.17481133555570108, "elapsed_s": 192.87454882900056}
{"event": "dcase_train_progress", "epoch": 20, "processed": 480, "total": 1005, "avg_loss": 0.17474942567835872, "elapsed_s": 209.849228734005}
{"event": "dcase_train_progress", "epoch": 20, "processed": 520, "total": 1005, "avg_loss": 0.17461153951186972, "elapsed_s": 227.19427755000652}
{"event": "dcase_train_progress", "epoch": 20, "processed": 560, "total": 1005, "avg_loss": 0.1746658156459619, "elapsed_s": 244.57918842500658}
{"event": "dcase_train_progress", "epoch": 20, "processed": 600, "total": 1005, "avg_loss": 0.17583390303266544, "elapsed_s": 261.55394629099465}
{"event": "dcase_train_progress", "epoch": 20, "processed": 640, "total": 1005, "avg_loss": 0.17549130440456792, "elapsed_s": 278.9150894560007}
{"event": "dcase_train_progress", "epoch": 20, "processed": 680, "total": 1005, "avg_loss": 0.1761397347182912, "elapsed_s": 295.9379139130033}
{"event": "dcase_train_progress", "epoch": 20, "processed": 720, "total": 1005, "avg_loss": 0.1766970871326824, "elapsed_s": 313.29730921800365}
{"event": "dcase_train_progress", "epoch": 20, "processed": 760, "total": 1005, "avg_loss": 0.17796181356534363, "elapsed_s": 330.03402066499984}
{"event": "dcase_train_progress", "epoch": 20, "processed": 800, "total": 1005, "avg_loss": 0.17855017910245807, "elapsed_s": 346.9462999410025}
{"event": "dcase_train_progress", "epoch": 20, "processed": 840, "total": 1005, "avg_loss": 0.17743568145891742, "elapsed_s": 364.4224553749955}
{"event": "dcase_train_progress", "epoch": 20, "processed": 880, "total": 1005, "avg_loss": 0.1783801484895362, "elapsed_s": 381.5678008870018}
{"event": "dcase_train_progress", "epoch": 20, "processed": 920, "total": 1005, "avg_loss": 0.1795914555373399, "elapsed_s": 398.082143474996}
{"event": "dcase_train_progress", "epoch": 20, "processed": 960, "total": 1005, "avg_loss": 0.17885341686196626, "elapsed_s": 415.4334761869977}
{"event": "dcase_train_progress", "epoch": 20, "processed": 1000, "total": 1005, "avg_loss": 0.17708102402463555, "elapsed_s": 432.93439968599705}
{"event": "dcase_train_progress", "epoch": 20, "processed": 1005, "total": 1005, "avg_loss": 0.17682942940450427, "elapsed_s": 435.6901418750058}
{"event": "dcase_validation_progress", "epoch": 20, "processed": 32, "total": 112}
{"event": "dcase_validation_progress", "epoch": 20, "processed": 64, "total": 112}
{"event": "dcase_validation_progress", "epoch": 20, "processed": 96, "total": 112}
{"event": "dcase_validation_progress", "epoch": 20, "processed": 112, "total": 112}
{"event": "dcase_epoch_complete", "epoch": 20, "train_loss": 0.17682942940450427, "val_doa_error_deg": 44.89656172479902, "val_folded_azimuth_rmse_deg": 45.054065593651366, "val_horizontal_assumption_rmsae_deg": 45.90142694967134, "epoch_time_s": 438.15417403099127}
{"event": "dcase_train_progress", "epoch": 21, "processed": 40, "total": 1005, "avg_loss": 0.2026772209443152, "elapsed_s": 17.352460523994523}
{"event": "dcase_train_progress", "epoch": 21, "processed": 80, "total": 1005, "avg_loss": 0.19897802560590208, "elapsed_s": 34.31025481200777}
{"event": "dcase_train_progress", "epoch": 21, "processed": 120, "total": 1005, "avg_loss": 0.19529464688772957, "elapsed_s": 51.462524595001014}
{"event": "dcase_train_progress", "epoch": 21, "processed": 160, "total": 1005, "avg_loss": 0.18290207025129349, "elapsed_s": 68.85913544999494}
{"event": "dcase_train_progress", "epoch": 21, "processed": 200, "total": 1005, "avg_loss": 0.1839354277588427, "elapsed_s": 86.21630218000792}
{"event": "dcase_train_progress", "epoch": 21, "processed": 240, "total": 1005, "avg_loss": 0.18509446427536508, "elapsed_s": 104.22707520300173}
{"event": "dcase_train_progress", "epoch": 21, "processed": 280, "total": 1005, "avg_loss": 0.1828826614589031, "elapsed_s": 121.13681979100511}
{"event": "dcase_train_progress", "epoch": 21, "processed": 320, "total": 1005, "avg_loss": 0.17918843090883457, "elapsed_s": 138.16513491800288}
{"event": "dcase_train_progress", "epoch": 21, "processed": 360, "total": 1005, "avg_loss": 0.17880319898637634, "elapsed_s": 154.93166249099886}
{"event": "dcase_train_progress", "epoch": 21, "processed": 400, "total": 1005, "avg_loss": 0.18066215680446476, "elapsed_s": 172.28929931399762}
{"event": "dcase_train_progress", "epoch": 21, "processed": 440, "total": 1005, "avg_loss": 0.18029005744663829, "elapsed_s": 189.17509391599742}
{"event": "dcase_train_progress", "epoch": 21, "processed": 480, "total": 1005, "avg_loss": 0.17772073312274492, "elapsed_s": 206.36900046799565}
{"event": "dcase_train_progress", "epoch": 21, "processed": 520, "total": 1005, "avg_loss": 0.17763218195535815, "elapsed_s": 223.5072550199984}
{"event": "dcase_train_progress", "epoch": 21, "processed": 560, "total": 1005, "avg_loss": 0.17613069832191935, "elapsed_s": 240.8547985490004}
{"event": "dcase_train_progress", "epoch": 21, "processed": 600, "total": 1005, "avg_loss": 0.17356696982557576, "elapsed_s": 258.3144350369985}
{"event": "dcase_train_progress", "epoch": 21, "processed": 640, "total": 1005, "avg_loss": 0.17450026770238763, "elapsed_s": 275.43376230599824}
{"event": "dcase_train_progress", "epoch": 21, "processed": 680, "total": 1005, "avg_loss": 0.17671289727201356, "elapsed_s": 292.7000773129985}
{"event": "dcase_train_progress", "epoch": 21, "processed": 720, "total": 1005, "avg_loss": 0.17725651857650115, "elapsed_s": 310.5968116889999}
{"event": "dcase_train_progress", "epoch": 21, "processed": 760, "total": 1005, "avg_loss": 0.17970034542346472, "elapsed_s": 327.9891503300023}
{"event": "dcase_train_progress", "epoch": 21, "processed": 800, "total": 1005, "avg_loss": 0.17845222627744078, "elapsed_s": 346.1767420709948}
{"event": "dcase_train_progress", "epoch": 21, "processed": 840, "total": 1005, "avg_loss": 0.17737130202530396, "elapsed_s": 363.97687861000304}
{"event": "dcase_train_progress", "epoch": 21, "processed": 880, "total": 1005, "avg_loss": 0.17811115845106543, "elapsed_s": 380.02633668000635}
{"event": "dcase_train_progress", "epoch": 21, "processed": 920, "total": 1005, "avg_loss": 0.1779249656662021, "elapsed_s": 396.5597328300064}
{"event": "dcase_train_progress", "epoch": 21, "processed": 960, "total": 1005, "avg_loss": 0.17739352167506392, "elapsed_s": 413.37783863900404}
{"event": "dcase_train_progress", "epoch": 21, "processed": 1000, "total": 1005, "avg_loss": 0.17750135506875814, "elapsed_s": 431.3836369500059}
{"event": "dcase_train_progress", "epoch": 21, "processed": 1005, "total": 1005, "avg_loss": 0.17744350000585787, "elapsed_s": 433.8499164810055}
{"event": "dcase_validation_progress", "epoch": 21, "processed": 32, "total": 112}
{"event": "dcase_validation_progress", "epoch": 21, "processed": 64, "total": 112}
{"event": "dcase_validation_progress", "epoch": 21, "processed": 96, "total": 112}
{"event": "dcase_validation_progress", "epoch": 21, "processed": 112, "total": 112}
{"event": "dcase_epoch_complete", "epoch": 21, "train_loss": 0.17744350000585787, "val_doa_error_deg": 44.69270904362202, "val_folded_azimuth_rmse_deg": 44.94661718394075, "val_horizontal_assumption_rmsae_deg": 46.01726326985018, "epoch_time_s": 436.2641221359954}
{"event": "dcase_train_progress", "epoch": 22, "processed": 40, "total": 1005, "avg_loss": 0.14584903535433114, "elapsed_s": 17.479602334002266}
{"event": "dcase_train_progress", "epoch": 22, "processed": 80, "total": 1005, "avg_loss": 0.1566774048143998, "elapsed_s": 33.6468865640054}
{"event": "dcase_train_progress", "epoch": 22, "processed": 120, "total": 1005, "avg_loss": 0.1699341530756404, "elapsed_s": 50.87431728299998}
{"event": "dcase_train_progress", "epoch": 22, "processed": 160, "total": 1005, "avg_loss": 0.1730069661862217, "elapsed_s": 67.48855655400257}
{"event": "dcase_train_progress", "epoch": 22, "processed": 200, "total": 1005, "avg_loss": 0.1759925341140479, "elapsed_s": 85.47053196300112}
{"event": "dcase_train_progress", "epoch": 22, "processed": 240, "total": 1005, "avg_loss": 0.17764640803604076, "elapsed_s": 103.2026310939982}
{"event": "dcase_train_progress", "epoch": 22, "processed": 280, "total": 1005, "avg_loss": 0.18208500928511576, "elapsed_s": 120.93029994000972}
{"event": "dcase_train_progress", "epoch": 22, "processed": 320, "total": 1005, "avg_loss": 0.18088868588092738, "elapsed_s": 138.50199252700259}
{"event": "dcase_train_progress", "epoch": 22, "processed": 360, "total": 1005, "avg_loss": 0.17868919852189719, "elapsed_s": 155.4626630970015}
{"event": "dcase_train_progress", "epoch": 22, "processed": 400, "total": 1005, "avg_loss": 0.1802605142397806, "elapsed_s": 172.550214272007}
{"event": "dcase_train_progress", "epoch": 22, "processed": 440, "total": 1005, "avg_loss": 0.1799220356539908, "elapsed_s": 189.93792737199692}
{"event": "dcase_train_progress", "epoch": 22, "processed": 480, "total": 1005, "avg_loss": 0.18148958327947184, "elapsed_s": 207.23423655200168}
{"event": "dcase_train_progress", "epoch": 22, "processed": 520, "total": 1005, "avg_loss": 0.18018567899170404, "elapsed_s": 224.52800015400862}
{"event": "dcase_train_progress", "epoch": 22, "processed": 560, "total": 1005, "avg_loss": 0.1797850511336167, "elapsed_s": 241.42902763500751}
{"event": "dcase_train_progress", "epoch": 22, "processed": 600, "total": 1005, "avg_loss": 0.1795554382385065, "elapsed_s": 258.8128749419993}
{"event": "dcase_train_progress", "epoch": 22, "processed": 640, "total": 1005, "avg_loss": 0.1794959736202145, "elapsed_s": 275.67094859300414}
{"event": "dcase_train_progress", "epoch": 22, "processed": 680, "total": 1005, "avg_loss": 0.17555387648753823, "elapsed_s": 292.5991478770011}
{"event": "dcase_train_progress", "epoch": 22, "processed": 720, "total": 1005, "avg_loss": 0.1741135681591307, "elapsed_s": 310.89967982099915}
{"event": "dcase_train_progress", "epoch": 22, "processed": 760, "total": 1005, "avg_loss": 0.17436506739866578, "elapsed_s": 328.85890747500525}
{"event": "dcase_train_progress", "epoch": 22, "processed": 800, "total": 1005, "avg_loss": 0.17430004554335027, "elapsed_s": 346.0216298000014}
{"event": "dcase_train_progress", "epoch": 22, "processed": 840, "total": 1005, "avg_loss": 0.17390906896353478, "elapsed_s": 362.4484339269984}
{"event": "dcase_train_progress", "epoch": 22, "processed": 880, "total": 1005, "avg_loss": 0.17370867518792776, "elapsed_s": 380.51507339900127}
{"event": "dcase_train_progress", "epoch": 22, "processed": 920, "total": 1005, "avg_loss": 0.17492782716922786, "elapsed_s": 398.33331558899954}
{"event": "dcase_train_progress", "epoch": 22, "processed": 960, "total": 1005, "avg_loss": 0.17557266182654227, "elapsed_s": 415.32925810699817}
{"event": "dcase_train_progress", "epoch": 22, "processed": 1000, "total": 1005, "avg_loss": 0.1761155954785645, "elapsed_s": 432.43077118899964}
{"event": "dcase_train_progress", "epoch": 22, "processed": 1005, "total": 1005, "avg_loss": 0.17577522653919547, "elapsed_s": 435.1702360180061}
{"event": "dcase_validation_progress", "epoch": 22, "processed": 32, "total": 112}
{"event": "dcase_validation_progress", "epoch": 22, "processed": 64, "total": 112}
{"event": "dcase_validation_progress", "epoch": 22, "processed": 96, "total": 112}
{"event": "dcase_validation_progress", "epoch": 22, "processed": 112, "total": 112}
{"event": "dcase_epoch_complete", "epoch": 22, "train_loss": 0.17577522653919547, "val_doa_error_deg": 44.449027272207395, "val_folded_azimuth_rmse_deg": 44.7538935733693, "val_horizontal_assumption_rmsae_deg": 45.97810273511069, "epoch_time_s": 437.6867870519927}
{"event": "dcase_train_progress", "epoch": 23, "processed": 40, "total": 1005, "avg_loss": 0.17954276036471128, "elapsed_s": 17.877500952003174}
{"event": "dcase_train_progress", "epoch": 23, "processed": 80, "total": 1005, "avg_loss": 0.17920880003366618, "elapsed_s": 35.438153374998365}
{"event": "dcase_train_progress", "epoch": 23, "processed": 120, "total": 1005, "avg_loss": 0.18488286909026405, "elapsed_s": 52.69998296099948}
{"event": "dcase_train_progress", "epoch": 23, "processed": 160, "total": 1005, "avg_loss": 0.18614022593246773, "elapsed_s": 69.5413550719968}
{"event": "dcase_train_progress", "epoch": 23, "processed": 200, "total": 1005, "avg_loss": 0.18234410882927476, "elapsed_s": 87.64259130100254}
{"event": "dcase_train_progress", "epoch": 23, "processed": 240, "total": 1005, "avg_loss": 0.18623428760717312, "elapsed_s": 104.59349998900143}
{"event": "dcase_train_progress", "epoch": 23, "processed": 280, "total": 1005, "avg_loss": 0.18157372399499375, "elapsed_s": 121.22314741200535}
{"event": "dcase_train_progress", "epoch": 23, "processed": 320, "total": 1005, "avg_loss": 0.18341188323684038, "elapsed_s": 138.00253294900176}
{"event": "dcase_train_progress", "epoch": 23, "processed": 360, "total": 1005, "avg_loss": 0.18502458923806747, "elapsed_s": 156.03030476700224}
{"event": "dcase_train_progress", "epoch": 23, "processed": 400, "total": 1005, "avg_loss": 0.1827476659975946, "elapsed_s": 173.37932154700684}
{"event": "dcase_train_progress", "epoch": 23, "processed": 440, "total": 1005, "avg_loss": 0.1822685206816955, "elapsed_s": 189.76530744299816}
{"event": "dcase_train_progress", "epoch": 23, "processed": 480, "total": 1005, "avg_loss": 0.1815464990368734, "elapsed_s": 207.5360750139953}
{"event": "dcase_train_progress", "epoch": 23, "processed": 520, "total": 1005, "avg_loss": 0.18261970013666612, "elapsed_s": 224.65920498099877}
{"event": "dcase_train_progress", "epoch": 23, "processed": 560, "total": 1005, "avg_loss": 0.18015821261464485, "elapsed_s": 241.98824527399847}
{"event": "dcase_train_progress", "epoch": 23, "processed": 600, "total": 1005, "avg_loss": 0.18054773441826305, "elapsed_s": 259.26115515899437}
{"event": "dcase_train_progress", "epoch": 23, "processed": 640, "total": 1005, "avg_loss": 0.17896917370380833, "elapsed_s": 275.93981913500465}
{"event": "dcase_train_progress", "epoch": 23, "processed": 680, "total": 1005, "avg_loss": 0.17710619893144158, "elapsed_s": 292.94560007400287}
{"event": "dcase_train_progress", "epoch": 23, "processed": 720, "total": 1005, "avg_loss": 0.1766168608951072, "elapsed_s": 309.57415326200135}
{"event": "dcase_train_progress", "epoch": 23, "processed": 760, "total": 1005, "avg_loss": 0.17466491449526267, "elapsed_s": 326.57095954600663}
{"event": "dcase_train_progress", "epoch": 23, "processed": 800, "total": 1005, "avg_loss": 0.17332583919167519, "elapsed_s": 343.5614579520043}
{"event": "dcase_train_progress", "epoch": 23, "processed": 840, "total": 1005, "avg_loss": 0.17486559997002285, "elapsed_s": 360.29224673399585}
{"event": "dcase_train_progress", "epoch": 23, "processed": 880, "total": 1005, "avg_loss": 0.173976638532159, "elapsed_s": 377.0944292350032}
{"event": "dcase_train_progress", "epoch": 23, "processed": 920, "total": 1005, "avg_loss": 0.17371236402541398, "elapsed_s": 393.5863327340048}
{"event": "dcase_train_progress", "epoch": 23, "processed": 960, "total": 1005, "avg_loss": 0.175530316393512, "elapsed_s": 411.1543171880039}
{"event": "dcase_train_progress", "epoch": 23, "processed": 1000, "total": 1005, "avg_loss": 0.1758200154080987, "elapsed_s": 428.1467181140033}
{"event": "dcase_train_progress", "epoch": 23, "processed": 1005, "total": 1005, "avg_loss": 0.1759654194820876, "elapsed_s": 430.9182875330007}
{"event": "dcase_validation_progress", "epoch": 23, "processed": 32, "total": 112}
{"event": "dcase_validation_progress", "epoch": 23, "processed": 64, "total": 112}
{"event": "dcase_validation_progress", "epoch": 23, "processed": 96, "total": 112}
{"event": "dcase_validation_progress", "epoch": 23, "processed": 112, "total": 112}
{"event": "dcase_epoch_complete", "epoch": 23, "train_loss": 0.1759654194820876, "val_doa_error_deg": 44.09928151752268, "val_folded_azimuth_rmse_deg": 44.45780809010778, "val_horizontal_assumption_rmsae_deg": 46.01616307028702, "epoch_time_s": 434.81740926099883}
{"event": "dcase_train_progress", "epoch": 24, "processed": 40, "total": 1005, "avg_loss": 0.19872102597728372, "elapsed_s": 17.825125338000362}
{"event": "dcase_train_progress", "epoch": 24, "processed": 80, "total": 1005, "avg_loss": 0.19664693539962172, "elapsed_s": 35.65382861199032}
{"event": "dcase_train_progress", "epoch": 24, "processed": 120, "total": 1005, "avg_loss": 0.19228856656700372, "elapsed_s": 52.86177197899087}
{"event": "dcase_train_progress", "epoch": 24, "processed": 160, "total": 1005, "avg_loss": 0.18933828540612013, "elapsed_s": 70.56221684499178}
{"event": "dcase_train_progress", "epoch": 24, "processed": 200, "total": 1005, "avg_loss": 0.18466781793162226, "elapsed_s": 88.37700827298977}
{"event": "dcase_train_progress", "epoch": 24, "processed": 240, "total": 1005, "avg_loss": 0.18303531240671872, "elapsed_s": 105.44943162499112}
{"event": "dcase_train_progress", "epoch": 24, "processed": 280, "total": 1005, "avg_loss": 0.18312100249209573, "elapsed_s": 122.86181713899714}
{"event": "dcase_train_progress", "epoch": 24, "processed": 320, "total": 1005, "avg_loss": 0.1800716332742013, "elapsed_s": 140.15819977798674}
{"event": "dcase_train_progress", "epoch": 24, "processed": 360, "total": 1005, "avg_loss": 0.17753226931931243, "elapsed_s": 158.25659081900085}
{"event": "dcase_train_progress", "epoch": 24, "processed": 400, "total": 1005, "avg_loss": 0.17641948846634478, "elapsed_s": 175.65877906698734}
{"event": "dcase_train_progress", "epoch": 24, "processed": 440, "total": 1005, "avg_loss": 0.1754312556025318, "elapsed_s": 192.80756713399023}
{"event": "dcase_train_progress", "epoch": 24, "processed": 480, "total": 1005, "avg_loss": 0.17795759681224202, "elapsed_s": 211.4752025159978}
{"event": "dcase_train_progress", "epoch": 24, "processed": 520, "total": 1005, "avg_loss": 0.1773410363158641, "elapsed_s": 228.6070302559965}
{"event": "dcase_train_progress", "epoch": 24, "processed": 560, "total": 1005, "avg_loss": 0.17681438123607743, "elapsed_s": 245.33388104199548}
{"event": "dcase_train_progress", "epoch": 24, "processed": 600, "total": 1005, "avg_loss": 0.17783027779000501, "elapsed_s": 262.131681267987}
{"event": "dcase_train_progress", "epoch": 24, "processed": 640, "total": 1005, "avg_loss": 0.1777055455284426, "elapsed_s": 278.9831444129959}
{"event": "dcase_train_progress", "epoch": 24, "processed": 680, "total": 1005, "avg_loss": 0.1790503976346158, "elapsed_s": 286.71902823199343}
{"event": "dcase_train_progress", "epoch": 24, "processed": 720, "total": 1005, "avg_loss": 0.1786430255794484, "elapsed_s": 294.4029516439914}
{"event": "dcase_train_progress", "epoch": 24, "processed": 760, "total": 1005, "avg_loss": 0.17771786418743432, "elapsed_s": 302.2424547979899}
{"event": "dcase_train_progress", "epoch": 24, "processed": 800, "total": 1005, "avg_loss": 0.17656510940985753, "elapsed_s": 309.7502088309993}
{"event": "dcase_train_progress", "epoch": 24, "processed": 840, "total": 1005, "avg_loss": 0.17570808131824292, "elapsed_s": 317.58474249599385}
{"event": "dcase_train_progress", "epoch": 24, "processed": 880, "total": 1005, "avg_loss": 0.1765355270461772, "elapsed_s": 325.24161026100046}
{"event": "dcase_train_progress", "epoch": 24, "processed": 920, "total": 1005, "avg_loss": 0.17619806457837314, "elapsed_s": 332.87680980000005}
{"event": "dcase_train_progress", "epoch": 24, "processed": 960, "total": 1005, "avg_loss": 0.17526700585731306, "elapsed_s": 340.6259598129982}
{"event": "dcase_train_progress", "epoch": 24, "processed": 1000, "total": 1005, "avg_loss": 0.17627299295924603, "elapsed_s": 348.5368307149911}
{"event": "dcase_train_progress", "epoch": 24, "processed": 1005, "total": 1005, "avg_loss": 0.17590115062002815, "elapsed_s": 349.59755576499447}
{"event": "dcase_validation_progress", "epoch": 24, "processed": 32, "total": 112}
{"event": "dcase_validation_progress", "epoch": 24, "processed": 64, "total": 112}
{"event": "dcase_validation_progress", "epoch": 24, "processed": 96, "total": 112}
{"event": "dcase_validation_progress", "epoch": 24, "processed": 112, "total": 112}
{"event": "dcase_epoch_complete", "epoch": 24, "train_loss": 0.17590115062002815, "val_doa_error_deg": 44.286039356674465, "val_folded_azimuth_rmse_deg": 44.6078329448189, "val_horizontal_assumption_rmsae_deg": 46.2136127778462, "epoch_time_s": 351.2857518230012}
{"event": "dcase_train_progress", "epoch": 25, "processed": 40, "total": 1005, "avg_loss": 0.1425274344161153, "elapsed_s": 7.835042885999428}
{"event": "dcase_train_progress", "epoch": 25, "processed": 80, "total": 1005, "avg_loss": 0.15548778427764773, "elapsed_s": 15.717802355997264}
{"event": "dcase_train_progress", "epoch": 25, "processed": 120, "total": 1005, "avg_loss": 0.18423917076239985, "elapsed_s": 30.345385585009353}
{"event": "dcase_train_progress", "epoch": 25, "processed": 160, "total": 1005, "avg_loss": 0.18152195252478123, "elapsed_s": 47.1819733500015}
{"event": "dcase_train_progress", "epoch": 25, "processed": 200, "total": 1005, "avg_loss": 0.18400961972773075, "elapsed_s": 64.71838380499685}
{"event": "dcase_train_progress", "epoch": 25, "processed": 240, "total": 1005, "avg_loss": 0.1782016110451271, "elapsed_s": 82.06196627899772}
{"event": "dcase_train_progress", "epoch": 25, "processed": 280, "total": 1005, "avg_loss": 0.17844431369698474, "elapsed_s": 99.20523997800774}
{"event": "dcase_train_progress", "epoch": 25, "processed": 320, "total": 1005, "avg_loss": 0.1758175145369023, "elapsed_s": 116.21159930899739}
{"event": "dcase_train_progress", "epoch": 25, "processed": 360, "total": 1005, "avg_loss": 0.17929771583941248, "elapsed_s": 132.76095509600418}
{"event": "dcase_train_progress", "epoch": 25, "processed": 400, "total": 1005, "avg_loss": 0.17690887314267456, "elapsed_s": 149.8546842650103}
{"event": "dcase_train_progress", "epoch": 25, "processed": 440, "total": 1005, "avg_loss": 0.1778842591511255, "elapsed_s": 167.2789066480036}
{"event": "dcase_train_progress", "epoch": 25, "processed": 480, "total": 1005, "avg_loss": 0.17859603673374902, "elapsed_s": 185.09804604901}
{"event": "dcase_train_progress", "epoch": 25, "processed": 520, "total": 1005, "avg_loss": 0.17811783746314735, "elapsed_s": 201.65096832699783}
{"event": "dcase_train_progress", "epoch": 25, "processed": 560, "total": 1005, "avg_loss": 0.17963878906864142, "elapsed_s": 218.3840487139969}
{"event": "dcase_train_progress", "epoch": 25, "processed": 600, "total": 1005, "avg_loss": 0.1775972250197083, "elapsed_s": 235.6794346920069}
{"event": "dcase_train_progress", "epoch": 25, "processed": 640, "total": 1005, "avg_loss": 0.178404909154051, "elapsed_s": 252.2321798280027}
{"event": "dcase_train_progress", "epoch": 25, "processed": 680, "total": 1005, "avg_loss": 0.1769834826234728, "elapsed_s": 268.8094094810076}
{"event": "dcase_train_progress", "epoch": 25, "processed": 720, "total": 1005, "avg_loss": 0.1781388081739553, "elapsed_s": 285.6098381500051}
{"event": "dcase_train_progress", "epoch": 25, "processed": 760, "total": 1005, "avg_loss": 0.17683370122440945, "elapsed_s": 302.9200438160042}
{"event": "dcase_train_progress", "epoch": 25, "processed": 800, "total": 1005, "avg_loss": 0.17641429024981334, "elapsed_s": 320.1055702550075}
{"event": "dcase_train_progress", "epoch": 25, "processed": 840, "total": 1005, "avg_loss": 0.1766668263889317, "elapsed_s": 337.4898453390051}
{"event": "dcase_train_progress", "epoch": 25, "processed": 880, "total": 1005, "avg_loss": 0.1758725308918987, "elapsed_s": 353.7097525810095}
{"event": "dcase_train_progress", "epoch": 25, "processed": 920, "total": 1005, "avg_loss": 0.17638075689015828, "elapsed_s": 370.66637458199693}
{"event": "dcase_train_progress", "epoch": 25, "processed": 960, "total": 1005, "avg_loss": 0.17478680419929635, "elapsed_s": 387.8685728660057}
{"event": "dcase_train_progress", "epoch": 25, "processed": 1000, "total": 1005, "avg_loss": 0.17556373265944422, "elapsed_s": 405.1977614710049}
{"event": "dcase_train_progress", "epoch": 25, "processed": 1005, "total": 1005, "avg_loss": 0.17566633650578967, "elapsed_s": 407.6516044059972}
{"event": "dcase_validation_progress", "epoch": 25, "processed": 32, "total": 112}
{"event": "dcase_validation_progress", "epoch": 25, "processed": 64, "total": 112}
{"event": "dcase_validation_progress", "epoch": 25, "processed": 96, "total": 112}
{"event": "dcase_validation_progress", "epoch": 25, "processed": 112, "total": 112}
{"event": "dcase_epoch_complete", "epoch": 25, "train_loss": 0.17566633650578967, "val_doa_error_deg": 44.359006045120104, "val_folded_azimuth_rmse_deg": 44.86786215645926, "val_horizontal_assumption_rmsae_deg": 46.3303071643625, "epoch_time_s": 410.95256180499564}
{"event": "dcase_train_progress", "epoch": 26, "processed": 40, "total": 1005, "avg_loss": 0.18093081898987293, "elapsed_s": 17.00399849700625}
{"event": "dcase_train_progress", "epoch": 26, "processed": 80, "total": 1005, "avg_loss": 0.1783116241917014, "elapsed_s": 34.18801834099577}
{"event": "dcase_train_progress", "epoch": 26, "processed": 120, "total": 1005, "avg_loss": 0.18673771272102993, "elapsed_s": 52.27258138899924}
{"event": "dcase_train_progress", "epoch": 26, "processed": 160, "total": 1005, "avg_loss": 0.18178849588148296, "elapsed_s": 69.55780681100441}
{"event": "dcase_train_progress", "epoch": 26, "processed": 200, "total": 1005, "avg_loss": 0.1858406899124384, "elapsed_s": 86.60388942499412}
{"event": "dcase_train_progress", "epoch": 26, "processed": 240, "total": 1005, "avg_loss": 0.1833244887025406, "elapsed_s": 104.24430804500298}
{"event": "dcase_train_progress", "epoch": 26, "processed": 280, "total": 1005, "avg_loss": 0.18350559495655552, "elapsed_s": 121.19012842699885}
{"event": "dcase_train_progress", "epoch": 26, "processed": 320, "total": 1005, "avg_loss": 0.17851958693936468, "elapsed_s": 138.41008935500577}
{"event": "dcase_train_progress", "epoch": 26, "processed": 360, "total": 1005, "avg_loss": 0.17596223117369744, "elapsed_s": 155.36375103599858}
{"event": "dcase_train_progress", "epoch": 26, "processed": 400, "total": 1005, "avg_loss": 0.1768843778502196, "elapsed_s": 173.38781038099842}
{"event": "dcase_train_progress", "epoch": 26, "processed": 440, "total": 1005, "avg_loss": 0.17610577144236728, "elapsed_s": 189.69786134900642}
{"event": "dcase_train_progress", "epoch": 26, "processed": 480, "total": 1005, "avg_loss": 0.17377532500928888, "elapsed_s": 206.39600182999857}
{"event": "dcase_train_progress", "epoch": 26, "processed": 520, "total": 1005, "avg_loss": 0.1734599069942935, "elapsed_s": 223.89088169399474}
{"event": "dcase_train_progress", "epoch": 26, "processed": 560, "total": 1005, "avg_loss": 0.17468543146138213, "elapsed_s": 241.39381017899723}
{"event": "dcase_train_progress", "epoch": 26, "processed": 600, "total": 1005, "avg_loss": 0.1748098979300509, "elapsed_s": 258.230195362994}
{"event": "dcase_train_progress", "epoch": 26, "processed": 640, "total": 1005, "avg_loss": 0.17391090099408757, "elapsed_s": 275.122212147995}
{"event": "dcase_train_progress", "epoch": 26, "processed": 680, "total": 1005, "avg_loss": 0.17462239619070555, "elapsed_s": 292.6196143779962}
{"event": "dcase_train_progress", "epoch": 26, "processed": 720, "total": 1005, "avg_loss": 0.17404878107675661, "elapsed_s": 309.8092837449949}
{"event": "dcase_train_progress", "epoch": 26, "processed": 760, "total": 1005, "avg_loss": 0.1748376296563564, "elapsed_s": 326.72052877199894}
{"event": "dcase_train_progress", "epoch": 26, "processed": 800, "total": 1005, "avg_loss": 0.17542248165002092, "elapsed_s": 343.65244767699915}
{"event": "dcase_train_progress", "epoch": 26, "processed": 840, "total": 1005, "avg_loss": 0.17552138776518406, "elapsed_s": 360.8538958480058}
{"event": "dcase_train_progress", "epoch": 26, "processed": 880, "total": 1005, "avg_loss": 0.1761354493506422, "elapsed_s": 378.09220190599444}
{"event": "dcase_train_progress", "epoch": 26, "processed": 920, "total": 1005, "avg_loss": 0.17755897218644942, "elapsed_s": 395.52857339699403}
{"event": "dcase_train_progress", "epoch": 26, "processed": 960, "total": 1005, "avg_loss": 0.17663702691012684, "elapsed_s": 412.25118137600657}
{"event": "dcase_train_progress", "epoch": 26, "processed": 1000, "total": 1005, "avg_loss": 0.1754937782753259, "elapsed_s": 429.32139618300425}
{"event": "dcase_train_progress", "epoch": 26, "processed": 1005, "total": 1005, "avg_loss": 0.17527613586824925, "elapsed_s": 431.64411140599987}
{"event": "dcase_validation_progress", "epoch": 26, "processed": 32, "total": 112}
{"event": "dcase_validation_progress", "epoch": 26, "processed": 64, "total": 112}
{"event": "dcase_validation_progress", "epoch": 26, "processed": 96, "total": 112}
{"event": "dcase_validation_progress", "epoch": 26, "processed": 112, "total": 112}
{"event": "dcase_epoch_complete", "epoch": 26, "train_loss": 0.17527613586824925, "val_doa_error_deg": 43.91078109187739, "val_folded_azimuth_rmse_deg": 44.0666322771992, "val_horizontal_assumption_rmsae_deg": 45.615677969796316, "epoch_time_s": 434.3096339890035}
{"event": "dcase_train_progress", "epoch": 27, "processed": 40, "total": 1005, "avg_loss": 0.16601494736969472, "elapsed_s": 16.429850981003256}
{"event": "dcase_train_progress", "epoch": 27, "processed": 80, "total": 1005, "avg_loss": 0.17071028649806977, "elapsed_s": 33.74752961100603}
{"event": "dcase_train_progress", "epoch": 27, "processed": 120, "total": 1005, "avg_loss": 0.16908753365278245, "elapsed_s": 50.70766259699303}
{"event": "dcase_train_progress", "epoch": 27, "processed": 160, "total": 1005, "avg_loss": 0.1685781569685787, "elapsed_s": 67.46746830300253}
{"event": "dcase_train_progress", "epoch": 27, "processed": 200, "total": 1005, "avg_loss": 0.16894497875124215, "elapsed_s": 84.58821162600361}
{"event": "dcase_train_progress", "epoch": 27, "processed": 240, "total": 1005, "avg_loss": 0.1708383205657204, "elapsed_s": 101.89018922799733}
{"event": "dcase_train_progress", "epoch": 27, "processed": 280, "total": 1005, "avg_loss": 0.17432194745966367, "elapsed_s": 119.5344987540011}
{"event": "dcase_train_progress", "epoch": 27, "processed": 320, "total": 1005, "avg_loss": 0.17832343983463944, "elapsed_s": 137.56882460099587}
{"event": "dcase_train_progress", "epoch": 27, "processed": 360, "total": 1005, "avg_loss": 0.17648425851431157, "elapsed_s": 154.4556586510007}
{"event": "dcase_train_progress", "epoch": 27, "processed": 400, "total": 1005, "avg_loss": 0.17267343810293823, "elapsed_s": 171.89955122300307}
{"event": "dcase_train_progress", "epoch": 27, "processed": 440, "total": 1005, "avg_loss": 0.17008823296478526, "elapsed_s": 189.472070445001}
{"event": "dcase_train_progress", "epoch": 27, "processed": 480, "total": 1005, "avg_loss": 0.16929847598463918, "elapsed_s": 206.55194344499614}
{"event": "dcase_train_progress", "epoch": 27, "processed": 520, "total": 1005, "avg_loss": 0.1675358106704572, "elapsed_s": 224.0599493329937}
{"event": "dcase_train_progress", "epoch": 27, "processed": 560, "total": 1005, "avg_loss": 0.16657776372573738, "elapsed_s": 240.603570613006}
{"event": "dcase_train_progress", "epoch": 27, "processed": 600, "total": 1005, "avg_loss": 0.16823302351248762, "elapsed_s": 257.1772318059957}
{"event": "dcase_train_progress", "epoch": 27, "processed": 640, "total": 1005, "avg_loss": 0.16910447260888758, "elapsed_s": 274.62780541100074}
{"event": "dcase_train_progress", "epoch": 27, "processed": 680, "total": 1005, "avg_loss": 0.1698606535381473, "elapsed_s": 290.82856990200526}
{"event": "dcase_train_progress", "epoch": 27, "processed": 720, "total": 1005, "avg_loss": 0.1724216490595912, "elapsed_s": 308.0806350890052}
{"event": "dcase_train_progress", "epoch": 27, "processed": 760, "total": 1005, "avg_loss": 0.1729905422703412, "elapsed_s": 324.09891258800053}
{"event": "dcase_train_progress", "epoch": 27, "processed": 800, "total": 1005, "avg_loss": 0.17476433986099438, "elapsed_s": 340.71201177600597}
{"event": "dcase_train_progress", "epoch": 27, "processed": 840, "total": 1005, "avg_loss": 0.17537818804072838, "elapsed_s": 357.52486510000017}
{"event": "dcase_train_progress", "epoch": 27, "processed": 880, "total": 1005, "avg_loss": 0.1764493896223774, "elapsed_s": 375.1298522809957}
{"event": "dcase_train_progress", "epoch": 27, "processed": 920, "total": 1005, "avg_loss": 0.17708367036615053, "elapsed_s": 391.3347371879936}
{"event": "dcase_train_progress", "epoch": 27, "processed": 960, "total": 1005, "avg_loss": 0.17647913685262515, "elapsed_s": 407.3885249159939}
{"event": "dcase_train_progress", "epoch": 27, "processed": 1000, "total": 1005, "avg_loss": 0.17526415094919504, "elapsed_s": 423.55262725500506}
{"event": "dcase_train_progress", "epoch": 27, "processed": 1005, "total": 1005, "avg_loss": 0.17487888287808467, "elapsed_s": 425.9347356399958}
{"event": "dcase_validation_progress", "epoch": 27, "processed": 32, "total": 112}
{"event": "dcase_validation_progress", "epoch": 27, "processed": 64, "total": 112}
{"event": "dcase_validation_progress", "epoch": 27, "processed": 96, "total": 112}
{"event": "dcase_validation_progress", "epoch": 27, "processed": 112, "total": 112}
{"event": "dcase_epoch_complete", "epoch": 27, "train_loss": 0.17487888287808467, "val_doa_error_deg": 44.374050240431515, "val_folded_azimuth_rmse_deg": 44.62803432132517, "val_horizontal_assumption_rmsae_deg": 45.775313892534804, "epoch_time_s": 428.4142716220085}
{"event": "dcase_train_progress", "epoch": 28, "processed": 40, "total": 1005, "avg_loss": 0.20076209381222726, "elapsed_s": 17.39410381601192}
{"event": "dcase_train_progress", "epoch": 28, "processed": 80, "total": 1005, "avg_loss": 0.19510276932269335, "elapsed_s": 33.62268880500051}
{"event": "dcase_train_progress", "epoch": 28, "processed": 120, "total": 1005, "avg_loss": 0.1883678608884414, "elapsed_s": 50.39037096600805}
{"event": "dcase_train_progress", "epoch": 28, "processed": 160, "total": 1005, "avg_loss": 0.18177911369130015, "elapsed_s": 67.66661180500523}
{"event": "dcase_train_progress", "epoch": 28, "processed": 200, "total": 1005, "avg_loss": 0.185691562211141, "elapsed_s": 84.90846366299957}
{"event": "dcase_train_progress", "epoch": 28, "processed": 240, "total": 1005, "avg_loss": 0.18368780494201928, "elapsed_s": 102.45188422300271}
{"event": "dcase_train_progress", "epoch": 28, "processed": 280, "total": 1005, "avg_loss": 0.18837842560107154, "elapsed_s": 119.91875218501082}
{"event": "dcase_train_progress", "epoch": 28, "processed": 320, "total": 1005, "avg_loss": 0.18667616063612513, "elapsed_s": 137.59127816600085}
{"event": "dcase_train_progress", "epoch": 28, "processed": 360, "total": 1005, "avg_loss": 0.18377277008257806, "elapsed_s": 154.82253524201224}
{"event": "dcase_train_progress", "epoch": 28, "processed": 400, "total": 1005, "avg_loss": 0.18244651715736837, "elapsed_s": 172.8463995540078}
{"event": "dcase_train_progress", "epoch": 28, "processed": 440, "total": 1005, "avg_loss": 0.1809057537931949, "elapsed_s": 190.02020443101355}
{"event": "dcase_train_progress", "epoch": 28, "processed": 480, "total": 1005, "avg_loss": 0.1794337415097592, "elapsed_s": 205.87459811400913}
{"event": "dcase_train_progress", "epoch": 28, "processed": 520, "total": 1005, "avg_loss": 0.17988266569132416, "elapsed_s": 223.07043523000902}
{"event": "dcase_train_progress", "epoch": 28, "processed": 560, "total": 1005, "avg_loss": 0.1804128634710131, "elapsed_s": 239.96682679800142}
{"event": "dcase_train_progress", "epoch": 28, "processed": 600, "total": 1005, "avg_loss": 0.1789590035037448, "elapsed_s": 256.83725841500564}
{"event": "dcase_train_progress", "epoch": 28, "processed": 640, "total": 1005, "avg_loss": 0.17581973873020615, "elapsed_s": 273.68575324201083}
{"event": "dcase_train_progress", "epoch": 28, "processed": 680, "total": 1005, "avg_loss": 0.1756857525968157, "elapsed_s": 291.2402259960072}
{"event": "dcase_train_progress", "epoch": 28, "processed": 720, "total": 1005, "avg_loss": 0.17702018355485052, "elapsed_s": 306.9577470229997}
{"event": "dcase_train_progress", "epoch": 28, "processed": 760, "total": 1005, "avg_loss": 0.17608472095851443, "elapsed_s": 323.49354492200655}
{"event": "dcase_train_progress", "epoch": 28, "processed": 800, "total": 1005, "avg_loss": 0.17585595272714272, "elapsed_s": 340.45984066500387}
{"event": "dcase_train_progress", "epoch": 28, "processed": 840, "total": 1005, "avg_loss": 0.1750728182782907, "elapsed_s": 358.12712078100594}
{"event": "dcase_train_progress", "epoch": 28, "processed": 880, "total": 1005, "avg_loss": 0.17593740876129066, "elapsed_s": 376.10468728101114}
{"event": "dcase_train_progress", "epoch": 28, "processed": 920, "total": 1005, "avg_loss": 0.17620489954260057, "elapsed_s": 392.6963062450086}
{"event": "dcase_train_progress", "epoch": 28, "processed": 960, "total": 1005, "avg_loss": 0.1754120321071241, "elapsed_s": 409.63270301700686}
{"event": "dcase_train_progress", "epoch": 28, "processed": 1000, "total": 1005, "avg_loss": 0.17579140741750598, "elapsed_s": 426.1969474480138}
{"event": "dcase_train_progress", "epoch": 28, "processed": 1005, "total": 1005, "avg_loss": 0.17562247815342685, "elapsed_s": 429.03817232001165}
{"event": "dcase_validation_progress", "epoch": 28, "processed": 32, "total": 112}
{"event": "dcase_validation_progress", "epoch": 28, "processed": 64, "total": 112}
{"event": "dcase_validation_progress", "epoch": 28, "processed": 96, "total": 112}
{"event": "dcase_validation_progress", "epoch": 28, "processed": 112, "total": 112}
{"event": "dcase_epoch_complete", "epoch": 28, "train_loss": 0.17562247815342685, "val_doa_error_deg": 44.21578253592764, "val_folded_azimuth_rmse_deg": 44.367144209997996, "val_horizontal_assumption_rmsae_deg": 45.66533689839499, "epoch_time_s": 432.49851654699887}
{"event": "dcase_train_progress", "epoch": 29, "processed": 40, "total": 1005, "avg_loss": 0.21465231701731682, "elapsed_s": 17.46825870400062}
{"event": "dcase_train_progress", "epoch": 29, "processed": 80, "total": 1005, "avg_loss": 0.19850767725147306, "elapsed_s": 35.33711310400395}
{"event": "dcase_train_progress", "epoch": 29, "processed": 120, "total": 1005, "avg_loss": 0.19861272980148595, "elapsed_s": 52.815022273003706}
{"event": "dcase_train_progress", "epoch": 29, "processed": 160, "total": 1005, "avg_loss": 0.19384842517320067, "elapsed_s": 68.69672634500603}
{"event": "dcase_train_progress", "epoch": 29, "processed": 200, "total": 1005, "avg_loss": 0.18507105542346836, "elapsed_s": 86.03281479400175}
{"event": "dcase_train_progress", "epoch": 29, "processed": 240, "total": 1005, "avg_loss": 0.17416312438435852, "elapsed_s": 102.8863670520077}
{"event": "dcase_train_progress", "epoch": 29, "processed": 280, "total": 1005, "avg_loss": 0.1738535356973963, "elapsed_s": 120.1701724279992}
{"event": "dcase_train_progress", "epoch": 29, "processed": 320, "total": 1005, "avg_loss": 0.17569991977652535, "elapsed_s": 137.53680257400265}
{"event": "dcase_train_progress", "epoch": 29, "processed": 360, "total": 1005, "avg_loss": 0.179607864552074, "elapsed_s": 154.34764842499862}
{"event": "dcase_train_progress", "epoch": 29, "processed": 400, "total": 1005, "avg_loss": 0.17863745467737316, "elapsed_s": 170.95505580499594}
{"event": "dcase_train_progress", "epoch": 29, "processed": 440, "total": 1005, "avg_loss": 0.17945502943951974, "elapsed_s": 187.71458799800894}
{"event": "dcase_train_progress", "epoch": 29, "processed": 480, "total": 1005, "avg_loss": 0.17707440179462233, "elapsed_s": 205.03488543699495}
{"event": "dcase_train_progress", "epoch": 29, "processed": 520, "total": 1005, "avg_loss": 0.1780877043421452, "elapsed_s": 222.3361692930048}
{"event": "dcase_train_progress", "epoch": 29, "processed": 560, "total": 1005, "avg_loss": 0.17790067294346434, "elapsed_s": 239.2194308909966}
{"event": "dcase_train_progress", "epoch": 29, "processed": 600, "total": 1005, "avg_loss": 0.1774817757681012, "elapsed_s": 256.85841171399807}
{"event": "dcase_train_progress", "epoch": 29, "processed": 640, "total": 1005, "avg_loss": 0.177879720646888, "elapsed_s": 274.1564196530089}
{"event": "dcase_train_progress", "epoch": 29, "processed": 680, "total": 1005, "avg_loss": 0.1773638988023295, "elapsed_s": 290.96610368799884}
{"event": "dcase_train_progress", "epoch": 29, "processed": 720, "total": 1005, "avg_loss": 0.17486483685465323, "elapsed_s": 308.2073064370052}
{"event": "dcase_train_progress", "epoch": 29, "processed": 760, "total": 1005, "avg_loss": 0.17531464253307172, "elapsed_s": 324.3280467000004}
{"event": "dcase_train_progress", "epoch": 29, "processed": 800, "total": 1005, "avg_loss": 0.17634893281850963, "elapsed_s": 341.12726494400704}
{"event": "dcase_train_progress", "epoch": 29, "processed": 840, "total": 1005, "avg_loss": 0.17625024798991426, "elapsed_s": 358.76561538499664}
{"event": "dcase_train_progress", "epoch": 29, "processed": 880, "total": 1005, "avg_loss": 0.17610523969104344, "elapsed_s": 375.6501298689982}
{"event": "dcase_train_progress", "epoch": 29, "processed": 920, "total": 1005, "avg_loss": 0.17555743688919945, "elapsed_s": 392.86828754299495}
{"event": "dcase_train_progress", "epoch": 29, "processed": 960, "total": 1005, "avg_loss": 0.17463795076085564, "elapsed_s": 409.9699362710089}
{"event": "dcase_train_progress", "epoch": 29, "processed": 1000, "total": 1005, "avg_loss": 0.17463629281334578, "elapsed_s": 426.002984687002}
{"event": "dcase_train_progress", "epoch": 29, "processed": 1005, "total": 1005, "avg_loss": 0.17478106226308726, "elapsed_s": 428.4350096450071}
{"event": "dcase_validation_progress", "epoch": 29, "processed": 32, "total": 112}
{"event": "dcase_validation_progress", "epoch": 29, "processed": 64, "total": 112}
{"event": "dcase_validation_progress", "epoch": 29, "processed": 96, "total": 112}
{"event": "dcase_validation_progress", "epoch": 29, "processed": 112, "total": 112}
{"event": "dcase_epoch_complete", "epoch": 29, "train_loss": 0.17478106226308726, "val_doa_error_deg": 43.70575024187565, "val_folded_azimuth_rmse_deg": 43.87864940081324, "val_horizontal_assumption_rmsae_deg": 45.44085773612772, "epoch_time_s": 430.91858089200105}
{"event": "dcase_train_progress", "epoch": 30, "processed": 40, "total": 1005, "avg_loss": 0.15879175746813418, "elapsed_s": 16.921985392007628}
{"event": "dcase_train_progress", "epoch": 30, "processed": 80, "total": 1005, "avg_loss": 0.16294050537981092, "elapsed_s": 33.31558959100221}
{"event": "dcase_train_progress", "epoch": 30, "processed": 120, "total": 1005, "avg_loss": 0.17879379604322215, "elapsed_s": 50.80660153500503}
{"event": "dcase_train_progress", "epoch": 30, "processed": 160, "total": 1005, "avg_loss": 0.17981513614067807, "elapsed_s": 68.55409676600539}
{"event": "dcase_train_progress", "epoch": 30, "processed": 200, "total": 1005, "avg_loss": 0.17330713321454824, "elapsed_s": 85.17526907200227}
{"event": "dcase_train_progress", "epoch": 30, "processed": 240, "total": 1005, "avg_loss": 0.17402428963687272, "elapsed_s": 101.57681432001118}
{"event": "dcase_train_progress", "epoch": 30, "processed": 280, "total": 1005, "avg_loss": 0.17174169260875455, "elapsed_s": 118.14910681200854}
{"event": "dcase_train_progress", "epoch": 30, "processed": 320, "total": 1005, "avg_loss": 0.1689339803357143, "elapsed_s": 135.82275797500915}
{"event": "dcase_train_progress", "epoch": 30, "processed": 360, "total": 1005, "avg_loss": 0.16877792794774804, "elapsed_s": 153.22321291500703}
{"event": "dcase_train_progress", "epoch": 30, "processed": 400, "total": 1005, "avg_loss": 0.16944887998048216, "elapsed_s": 169.38210827000148}
{"event": "dcase_train_progress", "epoch": 30, "processed": 440, "total": 1005, "avg_loss": 0.17133158054626124, "elapsed_s": 187.39806111200596}
{"event": "dcase_train_progress", "epoch": 30, "processed": 480, "total": 1005, "avg_loss": 0.1702871091159371, "elapsed_s": 204.1083433330059}
{"event": "dcase_train_progress", "epoch": 30, "processed": 520, "total": 1005, "avg_loss": 0.17039762486417134, "elapsed_s": 220.89497378301166}
{"event": "dcase_train_progress", "epoch": 30, "processed": 560, "total": 1005, "avg_loss": 0.17064501365447152, "elapsed_s": 238.11846091700136}
{"event": "dcase_train_progress", "epoch": 30, "processed": 600, "total": 1005, "avg_loss": 0.17148659367424746, "elapsed_s": 255.18700843999977}
{"event": "dcase_train_progress", "epoch": 30, "processed": 640, "total": 1005, "avg_loss": 0.17178693362802733, "elapsed_s": 271.7717459950072}
{"event": "dcase_train_progress", "epoch": 30, "processed": 680, "total": 1005, "avg_loss": 0.17118652391740505, "elapsed_s": 289.080036423009}
{"event": "dcase_train_progress", "epoch": 30, "processed": 720, "total": 1005, "avg_loss": 0.17263092993655138, "elapsed_s": 306.3988437400112}
{"event": "dcase_train_progress", "epoch": 30, "processed": 760, "total": 1005, "avg_loss": 0.1743656832038572, "elapsed_s": 322.73127156400005}
{"event": "dcase_train_progress", "epoch": 30, "processed": 800, "total": 1005, "avg_loss": 0.17521596351172775, "elapsed_s": 338.9865935830021}
{"event": "dcase_train_progress", "epoch": 30, "processed": 840, "total": 1005, "avg_loss": 0.1740485531810139, "elapsed_s": 355.87928019900573}
{"event": "dcase_train_progress", "epoch": 30, "processed": 880, "total": 1005, "avg_loss": 0.17477944041602314, "elapsed_s": 372.03770786699897}
{"event": "dcase_train_progress", "epoch": 30, "processed": 920, "total": 1005, "avg_loss": 0.17519943204343966, "elapsed_s": 388.91054624201206}
{"event": "dcase_train_progress", "epoch": 30, "processed": 960, "total": 1005, "avg_loss": 0.17513729565544053, "elapsed_s": 406.2036614270037}
{"event": "dcase_train_progress", "epoch": 30, "processed": 1000, "total": 1005, "avg_loss": 0.174479564756155, "elapsed_s": 422.01081605300715}
{"event": "dcase_train_progress", "epoch": 30, "processed": 1005, "total": 1005, "avg_loss": 0.1744034040181791, "elapsed_s": 424.3346677600057}
{"event": "dcase_validation_progress", "epoch": 30, "processed": 32, "total": 112}
{"event": "dcase_validation_progress", "epoch": 30, "processed": 64, "total": 112}
{"event": "dcase_validation_progress", "epoch": 30, "processed": 96, "total": 112}
{"event": "dcase_validation_progress", "epoch": 30, "processed": 112, "total": 112}
{"event": "dcase_epoch_complete", "epoch": 30, "train_loss": 0.1744034040181791, "val_doa_error_deg": 43.51476375332901, "val_folded_azimuth_rmse_deg": 43.72644892973559, "val_horizontal_assumption_rmsae_deg": 45.54622139675276, "epoch_time_s": 427.97225817000435}
{"event": "dcase_train_progress", "epoch": 31, "processed": 40, "total": 1005, "avg_loss": 0.17532803323119878, "elapsed_s": 16.93515783199109}
{"event": "dcase_train_progress", "epoch": 31, "processed": 80, "total": 1005, "avg_loss": 0.17158607812598348, "elapsed_s": 33.751035830995534}
{"event": "dcase_train_progress", "epoch": 31, "processed": 120, "total": 1005, "avg_loss": 0.1743705698909859, "elapsed_s": 50.09169185000064}
{"event": "dcase_train_progress", "epoch": 31, "processed": 160, "total": 1005, "avg_loss": 0.17634567634668202, "elapsed_s": 66.79911024699686}
{"event": "dcase_train_progress", "epoch": 31, "processed": 200, "total": 1005, "avg_loss": 0.18446417612954974, "elapsed_s": 83.49857548899308}
{"event": "dcase_train_progress", "epoch": 31, "processed": 240, "total": 1005, "avg_loss": 0.18515017622460922, "elapsed_s": 100.92780545700225}
{"event": "dcase_train_progress", "epoch": 31, "processed": 280, "total": 1005, "avg_loss": 0.18302419813615936, "elapsed_s": 118.14292087299691}
{"event": "dcase_train_progress", "epoch": 31, "processed": 320, "total": 1005, "avg_loss": 0.18545672758482395, "elapsed_s": 134.93934484900092}
{"event": "dcase_train_progress", "epoch": 31, "processed": 360, "total": 1005, "avg_loss": 0.18469914779480961, "elapsed_s": 151.12779452599352}
{"event": "dcase_train_progress", "epoch": 31, "processed": 400, "total": 1005, "avg_loss": 0.18239153789356352, "elapsed_s": 167.4097960979998}
{"event": "dcase_train_progress", "epoch": 31, "processed": 440, "total": 1005, "avg_loss": 0.1776455180126835, "elapsed_s": 184.37930179398973}
{"event": "dcase_train_progress", "epoch": 31, "processed": 480, "total": 1005, "avg_loss": 0.17690513727720827, "elapsed_s": 202.11162758799037}
{"event": "dcase_train_progress", "epoch": 31, "processed": 520, "total": 1005, "avg_loss": 0.17807229894141738, "elapsed_s": 218.95382729200355}
{"event": "dcase_train_progress", "epoch": 31, "processed": 560, "total": 1005, "avg_loss": 0.17874515681261463, "elapsed_s": 236.7500712429901}
{"event": "dcase_train_progress", "epoch": 31, "processed": 600, "total": 1005, "avg_loss": 0.1797816292506953, "elapsed_s": 253.9061343039939}
{"event": "dcase_train_progress", "epoch": 31, "processed": 640, "total": 1005, "avg_loss": 0.17992748036631384, "elapsed_s": 270.50018094199186}
{"event": "dcase_train_progress", "epoch": 31, "processed": 680, "total": 1005, "avg_loss": 0.1782446696970831, "elapsed_s": 286.8747084499919}
{"event": "dcase_train_progress", "epoch": 31, "processed": 720, "total": 1005, "avg_loss": 0.17849245406169859, "elapsed_s": 304.04538875599974}
{"event": "dcase_train_progress", "epoch": 31, "processed": 760, "total": 1005, "avg_loss": 0.1780780236628887, "elapsed_s": 321.8864421659964}
{"event": "dcase_train_progress", "epoch": 31, "processed": 800, "total": 1005, "avg_loss": 0.17702763788867742, "elapsed_s": 338.7493449649919}
{"event": "dcase_train_progress", "epoch": 31, "processed": 840, "total": 1005, "avg_loss": 0.1770347521817755, "elapsed_s": 355.81368448599824}
{"event": "dcase_train_progress", "epoch": 31, "processed": 880, "total": 1005, "avg_loss": 0.17558196698823436, "elapsed_s": 372.16191282199}
{"event": "dcase_train_progress", "epoch": 31, "processed": 920, "total": 1005, "avg_loss": 0.17498165509542046, "elapsed_s": 389.31469020798977}
{"event": "dcase_train_progress", "epoch": 31, "processed": 960, "total": 1005, "avg_loss": 0.17428453476556266, "elapsed_s": 405.9030592939962}
{"event": "dcase_train_progress", "epoch": 31, "processed": 1000, "total": 1005, "avg_loss": 0.174979451559484, "elapsed_s": 422.2485026649956}
{"event": "dcase_train_progress", "epoch": 31, "processed": 1005, "total": 1005, "avg_loss": 0.1749307160353779, "elapsed_s": 424.9891439869971}
{"event": "dcase_validation_progress", "epoch": 31, "processed": 32, "total": 112}
{"event": "dcase_validation_progress", "epoch": 31, "processed": 64, "total": 112}
{"event": "dcase_validation_progress", "epoch": 31, "processed": 96, "total": 112}
{"event": "dcase_validation_progress", "epoch": 31, "processed": 112, "total": 112}
{"event": "dcase_epoch_complete", "epoch": 31, "train_loss": 0.1749307160353779, "val_doa_error_deg": 43.4178968497685, "val_folded_azimuth_rmse_deg": 43.769687520606176, "val_horizontal_assumption_rmsae_deg": 45.53755151373999, "epoch_time_s": 428.271820052003}
{"event": "dcase_train_progress", "epoch": 32, "processed": 40, "total": 1005, "avg_loss": 0.18010064102709294, "elapsed_s": 17.114371225994546}
{"event": "dcase_train_progress", "epoch": 32, "processed": 80, "total": 1005, "avg_loss": 0.16763416286557914, "elapsed_s": 34.20363620799617}
{"event": "dcase_train_progress", "epoch": 32, "processed": 120, "total": 1005, "avg_loss": 0.1728800054639578, "elapsed_s": 51.252844704999006}
{"event": "dcase_train_progress", "epoch": 32, "processed": 160, "total": 1005, "avg_loss": 0.1767922797705978, "elapsed_s": 68.24214577100065}
{"event": "dcase_train_progress", "epoch": 32, "processed": 200, "total": 1005, "avg_loss": 0.1773077142611146, "elapsed_s": 86.60585979600728}
{"event": "dcase_train_progress", "epoch": 32, "processed": 240, "total": 1005, "avg_loss": 0.17885370845906437, "elapsed_s": 103.80908778400044}
{"event": "dcase_train_progress", "epoch": 32, "processed": 280, "total": 1005, "avg_loss": 0.17692627008738263, "elapsed_s": 121.03586359600013}
{"event": "dcase_train_progress", "epoch": 32, "processed": 320, "total": 1005, "avg_loss": 0.17624334029387684, "elapsed_s": 137.8753783430002}
{"event": "dcase_train_progress", "epoch": 32, "processed": 360, "total": 1005, "avg_loss": 0.17220573315603865, "elapsed_s": 154.3045770220051}
{"event": "dcase_train_progress", "epoch": 32, "processed": 400, "total": 1005, "avg_loss": 0.17381842767819763, "elapsed_s": 171.10634568300156}
{"event": "dcase_train_progress", "epoch": 32, "processed": 440, "total": 1005, "avg_loss": 0.17102874694392084, "elapsed_s": 188.63339326399728}
{"event": "dcase_train_progress", "epoch": 32, "processed": 480, "total": 1005, "avg_loss": 0.17154249912903954, "elapsed_s": 205.7228948700067}
{"event": "dcase_train_progress", "epoch": 32, "processed": 520, "total": 1005, "avg_loss": 0.17564378364298205, "elapsed_s": 222.95839356399665}
{"event": "dcase_train_progress", "epoch": 32, "processed": 560, "total": 1005, "avg_loss": 0.1765041433008654, "elapsed_s": 239.83145114300714}
{"event": "dcase_train_progress", "epoch": 32, "processed": 600, "total": 1005, "avg_loss": 0.17733943972736596, "elapsed_s": 257.66018641900155}
{"event": "dcase_train_progress", "epoch": 32, "processed": 640, "total": 1005, "avg_loss": 0.17781742706429213, "elapsed_s": 274.64808409599937}
{"event": "dcase_train_progress", "epoch": 32, "processed": 680, "total": 1005, "avg_loss": 0.17692102647441274, "elapsed_s": 291.2457475370029}
{"event": "dcase_train_progress", "epoch": 32, "processed": 720, "total": 1005, "avg_loss": 0.17599079547863866, "elapsed_s": 308.54089607700007}
{"event": "dcase_train_progress", "epoch": 32, "processed": 760, "total": 1005, "avg_loss": 0.1737044365047232, "elapsed_s": 325.5766775289958}
{"event": "dcase_train_progress", "epoch": 32, "processed": 800, "total": 1005, "avg_loss": 0.1740824977378361, "elapsed_s": 342.4204922640056}
{"event": "dcase_train_progress", "epoch": 32, "processed": 840, "total": 1005, "avg_loss": 0.17480562353905824, "elapsed_s": 358.6349563010008}
{"event": "dcase_train_progress", "epoch": 32, "processed": 880, "total": 1005, "avg_loss": 0.17515866592822765, "elapsed_s": 375.17827161299647}
{"event": "dcase_train_progress", "epoch": 32, "processed": 920, "total": 1005, "avg_loss": 0.1744120364583543, "elapsed_s": 392.21342038300645}
{"event": "dcase_train_progress", "epoch": 32, "processed": 960, "total": 1005, "avg_loss": 0.17458471153513527, "elapsed_s": 408.9065675169986}
{"event": "dcase_train_progress", "epoch": 32, "processed": 1000, "total": 1005, "avg_loss": 0.17426512960530818, "elapsed_s": 425.69031855399953}
{"event": "dcase_train_progress", "epoch": 32, "processed": 1005, "total": 1005, "avg_loss": 0.17445576795335135, "elapsed_s": 428.20867381499556}
{"event": "dcase_validation_progress", "epoch": 32, "processed": 32, "total": 112}
{"event": "dcase_validation_progress", "epoch": 32, "processed": 64, "total": 112}
{"event": "dcase_validation_progress", "epoch": 32, "processed": 96, "total": 112}
{"event": "dcase_validation_progress", "epoch": 32, "processed": 112, "total": 112}
{"event": "dcase_epoch_complete", "epoch": 32, "train_loss": 0.17445576795335135, "val_doa_error_deg": 43.88313565083912, "val_folded_azimuth_rmse_deg": 44.024179245744435, "val_horizontal_assumption_rmsae_deg": 45.49880935890334, "epoch_time_s": 431.7755366030033}
{"event": "dcase_train_progress", "epoch": 33, "processed": 40, "total": 1005, "avg_loss": 0.190687863714993, "elapsed_s": 17.036436993992538}
{"event": "dcase_train_progress", "epoch": 33, "processed": 80, "total": 1005, "avg_loss": 0.16602282533422114, "elapsed_s": 33.598080500989454}
{"event": "dcase_train_progress", "epoch": 33, "processed": 120, "total": 1005, "avg_loss": 0.1630164125934243, "elapsed_s": 50.296832016989356}
{"event": "dcase_train_progress", "epoch": 33, "processed": 160, "total": 1005, "avg_loss": 0.16508942382643, "elapsed_s": 67.84460895699158}
{"event": "dcase_train_progress", "epoch": 33, "processed": 200, "total": 1005, "avg_loss": 0.16540100294165314, "elapsed_s": 85.09458162299416}
{"event": "dcase_train_progress", "epoch": 33, "processed": 240, "total": 1005, "avg_loss": 0.15903609388042242, "elapsed_s": 102.4958829649986}
{"event": "dcase_train_progress", "epoch": 33, "processed": 280, "total": 1005, "avg_loss": 0.1609018656491701, "elapsed_s": 119.58898241199495}
{"event": "dcase_train_progress", "epoch": 33, "processed": 320, "total": 1005, "avg_loss": 0.16660112559329718, "elapsed_s": 136.5293232769909}
{"event": "dcase_train_progress", "epoch": 33, "processed": 360, "total": 1005, "avg_loss": 0.17086112850035232, "elapsed_s": 153.14315101399552}
{"event": "dcase_train_progress", "epoch": 33, "processed": 400, "total": 1005, "avg_loss": 0.1744615223724395, "elapsed_s": 171.29395703299087}
{"event": "dcase_train_progress", "epoch": 33, "processed": 440, "total": 1005, "avg_loss": 0.17705971780656413, "elapsed_s": 187.6079335760005}
{"event": "dcase_train_progress", "epoch": 33, "processed": 480, "total": 1005, "avg_loss": 0.17756166443383942, "elapsed_s": 205.24573863898695}
{"event": "dcase_train_progress", "epoch": 33, "processed": 520, "total": 1005, "avg_loss": 0.17629494202108337, "elapsed_s": 221.4449501479976}
{"event": "dcase_train_progress", "epoch": 33, "processed": 560, "total": 1005, "avg_loss": 0.17502116692651595, "elapsed_s": 238.62036011299642}
{"event": "dcase_train_progress", "epoch": 33, "processed": 600, "total": 1005, "avg_loss": 0.17627339851732055, "elapsed_s": 255.03868527399027}
{"event": "dcase_train_progress", "epoch": 33, "processed": 640, "total": 1005, "avg_loss": 0.1776364369899966, "elapsed_s": 270.8443694689922}
{"event": "dcase_train_progress", "epoch": 33, "processed": 680, "total": 1005, "avg_loss": 0.17821036396438586, "elapsed_s": 286.9554085899872}
{"event": "dcase_train_progress", "epoch": 33, "processed": 720, "total": 1005, "avg_loss": 0.17765675964247848, "elapsed_s": 304.4064346689993}
{"event": "dcase_train_progress", "epoch": 33, "processed": 760, "total": 1005, "avg_loss": 0.1769476842233225, "elapsed_s": 321.46422083499783}
{"event": "dcase_train_progress", "epoch": 33, "processed": 800, "total": 1005, "avg_loss": 0.17664722503628583, "elapsed_s": 338.09190960899286}
{"event": "dcase_train_progress", "epoch": 33, "processed": 840, "total": 1005, "avg_loss": 0.17829127429230582, "elapsed_s": 354.8993407149974}
{"event": "dcase_train_progress", "epoch": 33, "processed": 880, "total": 1005, "avg_loss": 0.1760110520419072, "elapsed_s": 372.0154461859929}
{"event": "dcase_train_progress", "epoch": 33, "processed": 920, "total": 1005, "avg_loss": 0.17593051245355087, "elapsed_s": 389.22919703199295}
{"event": "dcase_train_progress", "epoch": 33, "processed": 960, "total": 1005, "avg_loss": 0.17464949085842818, "elapsed_s": 406.9619828369905}
{"event": "dcase_train_progress", "epoch": 33, "processed": 1000, "total": 1005, "avg_loss": 0.17541655511409043, "elapsed_s": 424.18706608499633}
{"event": "dcase_train_progress", "epoch": 33, "processed": 1005, "total": 1005, "avg_loss": 0.17521533463057595, "elapsed_s": 426.26402386398695}
{"event": "dcase_validation_progress", "epoch": 33, "processed": 32, "total": 112}
{"event": "dcase_validation_progress", "epoch": 33, "processed": 64, "total": 112}
{"event": "dcase_validation_progress", "epoch": 33, "processed": 96, "total": 112}
{"event": "dcase_validation_progress", "epoch": 33, "processed": 112, "total": 112}
{"event": "dcase_epoch_complete", "epoch": 33, "train_loss": 0.17521533463057595, "val_doa_error_deg": 43.253996116774424, "val_folded_azimuth_rmse_deg": 43.553294552224024, "val_horizontal_assumption_rmsae_deg": 45.608509440507206, "epoch_time_s": 429.7794039910077}
{"event": "dcase_train_progress", "epoch": 34, "processed": 40, "total": 1005, "avg_loss": 0.1488912903703749, "elapsed_s": 16.710197541004163}
{"event": "dcase_train_progress", "epoch": 34, "processed": 80, "total": 1005, "avg_loss": 0.1534411754226312, "elapsed_s": 33.51862820300448}
{"event": "dcase_train_progress", "epoch": 34, "processed": 120, "total": 1005, "avg_loss": 0.1713842895347625, "elapsed_s": 51.59559182100929}
{"event": "dcase_train_progress", "epoch": 34, "processed": 160, "total": 1005, "avg_loss": 0.1703862936119549, "elapsed_s": 68.85655970701191}
{"event": "dcase_train_progress", "epoch": 34, "processed": 200, "total": 1005, "avg_loss": 0.1705707359034568, "elapsed_s": 85.90940830099862}
{"event": "dcase_train_progress", "epoch": 34, "processed": 240, "total": 1005, "avg_loss": 0.16961495810343574, "elapsed_s": 103.16029747900029}
{"event": "dcase_train_progress", "epoch": 34, "processed": 280, "total": 1005, "avg_loss": 0.16807373480738275, "elapsed_s": 119.91221756400773}
{"event": "dcase_train_progress", "epoch": 34, "processed": 320, "total": 1005, "avg_loss": 0.17000746243284084, "elapsed_s": 136.41080950001196}
{"event": "dcase_train_progress", "epoch": 34, "processed": 360, "total": 1005, "avg_loss": 0.1710240125293947, "elapsed_s": 153.05021347700676}
{"event": "dcase_train_progress", "epoch": 34, "processed": 400, "total": 1005, "avg_loss": 0.17131333126220852, "elapsed_s": 170.36744047500542}
{"event": "dcase_train_progress", "epoch": 34, "processed": 440, "total": 1005, "avg_loss": 0.17221473834308035, "elapsed_s": 187.4984851670015}
{"event": "dcase_train_progress", "epoch": 34, "processed": 480, "total": 1005, "avg_loss": 0.17289963372750208, "elapsed_s": 205.0667580080044}
{"event": "dcase_train_progress", "epoch": 34, "processed": 520, "total": 1005, "avg_loss": 0.17461866090575662, "elapsed_s": 222.66969286100357}
{"event": "dcase_train_progress", "epoch": 34, "processed": 560, "total": 1005, "avg_loss": 0.17282136586561267, "elapsed_s": 239.4920475500112}
{"event": "dcase_train_progress", "epoch": 34, "processed": 600, "total": 1005, "avg_loss": 0.17497219549802442, "elapsed_s": 256.0813220530108}
{"event": "dcase_train_progress", "epoch": 34, "processed": 640, "total": 1005, "avg_loss": 0.17560219388105908, "elapsed_s": 272.632671985004}
{"event": "dcase_train_progress", "epoch": 34, "processed": 680, "total": 1005, "avg_loss": 0.1767975431319107, "elapsed_s": 290.12400760300807}
{"event": "dcase_train_progress", "epoch": 34, "processed": 720, "total": 1005, "avg_loss": 0.17634121926190952, "elapsed_s": 306.3602639140008}
{"event": "dcase_train_progress", "epoch": 34, "processed": 760, "total": 1005, "avg_loss": 0.17597598921703664, "elapsed_s": 323.4076297950087}
{"event": "dcase_train_progress", "epoch": 34, "processed": 800, "total": 1005, "avg_loss": 0.1768100757151842, "elapsed_s": 339.87061351801094}
{"event": "dcase_train_progress", "epoch": 34, "processed": 840, "total": 1005, "avg_loss": 0.17580614878263856, "elapsed_s": 356.99861360300565}
{"event": "dcase_train_progress", "epoch": 34, "processed": 880, "total": 1005, "avg_loss": 0.17606974632521583, "elapsed_s": 374.18327598400356}
{"event": "dcase_train_progress", "epoch": 34, "processed": 920, "total": 1005, "avg_loss": 0.17493301103822886, "elapsed_s": 391.69425281901204}
{"event": "dcase_train_progress", "epoch": 34, "processed": 960, "total": 1005, "avg_loss": 0.17453739630485263, "elapsed_s": 407.92595528200036}
{"event": "dcase_train_progress", "epoch": 34, "processed": 1000, "total": 1005, "avg_loss": 0.17460968912765384, "elapsed_s": 424.3184162680118}
{"event": "dcase_train_progress", "epoch": 34, "processed": 1005, "total": 1005, "avg_loss": 0.1745140381602209, "elapsed_s": 427.12271682699793}
{"event": "dcase_validation_progress", "epoch": 34, "processed": 32, "total": 112}
{"event": "dcase_validation_progress", "epoch": 34, "processed": 64, "total": 112}
{"event": "dcase_validation_progress", "epoch": 34, "processed": 96, "total": 112}
{"event": "dcase_validation_progress", "epoch": 34, "processed": 112, "total": 112}
{"event": "dcase_epoch_complete", "epoch": 34, "train_loss": 0.1745140381602209, "val_doa_error_deg": 43.26904790954931, "val_folded_azimuth_rmse_deg": 43.599750116467476, "val_horizontal_assumption_rmsae_deg": 45.52787135541439, "epoch_time_s": 429.44869695900707}
{"event": "dcase_train_progress", "epoch": 35, "processed": 40, "total": 1005, "avg_loss": 0.16185605647042395, "elapsed_s": 17.306670681995456}
{"event": "dcase_train_progress", "epoch": 35, "processed": 80, "total": 1005, "avg_loss": 0.17793788742274047, "elapsed_s": 34.54295502099558}
{"event": "dcase_train_progress", "epoch": 35, "processed": 120, "total": 1005, "avg_loss": 0.16620635852838556, "elapsed_s": 51.96436022198759}
{"event": "dcase_train_progress", "epoch": 35, "processed": 160, "total": 1005, "avg_loss": 0.16346064084209502, "elapsed_s": 69.25924310699338}
{"event": "dcase_train_progress", "epoch": 35, "processed": 200, "total": 1005, "avg_loss": 0.16798441216349602, "elapsed_s": 86.50484270499146}
{"event": "dcase_train_progress", "epoch": 35, "processed": 240, "total": 1005, "avg_loss": 0.1668944230535999, "elapsed_s": 103.57879520498682}
{"event": "dcase_train_progress", "epoch": 35, "processed": 280, "total": 1005, "avg_loss": 0.1698411511722952, "elapsed_s": 121.26198161099455}
{"event": "dcase_train_progress", "epoch": 35, "processed": 320, "total": 1005, "avg_loss": 0.1703157203795854, "elapsed_s": 138.4597812219872}
{"event": "dcase_train_progress", "epoch": 35, "processed": 360, "total": 1005, "avg_loss": 0.1706870035423587, "elapsed_s": 155.41674774199782}
{"event": "dcase_train_progress", "epoch": 35, "processed": 400, "total": 1005, "avg_loss": 0.1685810901178047, "elapsed_s": 172.79409418499563}
{"event": "dcase_train_progress", "epoch": 35, "processed": 440, "total": 1005, "avg_loss": 0.16746824451044878, "elapsed_s": 190.55246151599567}
{"event": "dcase_train_progress", "epoch": 35, "processed": 480, "total": 1005, "avg_loss": 0.16950716268814478, "elapsed_s": 208.18895231498755}
{"event": "dcase_train_progress", "epoch": 35, "processed": 520, "total": 1005, "avg_loss": 0.1702622256349199, "elapsed_s": 224.92395516799297}
{"event": "dcase_train_progress", "epoch": 35, "processed": 560, "total": 1005, "avg_loss": 0.17030058764253875, "elapsed_s": 241.98161976398842}
{"event": "dcase_train_progress", "epoch": 35, "processed": 600, "total": 1005, "avg_loss": 0.1716740960534662, "elapsed_s": 258.4688179479999}
{"event": "dcase_train_progress", "epoch": 35, "processed": 640, "total": 1005, "avg_loss": 0.17267764134157915, "elapsed_s": 275.9137973869947}
{"event": "dcase_train_progress", "epoch": 35, "processed": 680, "total": 1005, "avg_loss": 0.1737860671710223, "elapsed_s": 293.27031260498916}
{"event": "dcase_train_progress", "epoch": 35, "processed": 720, "total": 1005, "avg_loss": 0.17315580908778228, "elapsed_s": 309.74134671599313}
{"event": "dcase_train_progress", "epoch": 35, "processed": 760, "total": 1005, "avg_loss": 0.17291190049512997, "elapsed_s": 327.4726618699933}
{"event": "dcase_train_progress", "epoch": 35, "processed": 800, "total": 1005, "avg_loss": 0.17394566774135456, "elapsed_s": 344.2989576389955}
{"event": "dcase_train_progress", "epoch": 35, "processed": 840, "total": 1005, "avg_loss": 0.1745943604369781, "elapsed_s": 361.4110756179871}
{"event": "dcase_train_progress", "epoch": 35, "processed": 880, "total": 1005, "avg_loss": 0.17358949609651145, "elapsed_s": 378.71784566598944}
{"event": "dcase_train_progress", "epoch": 35, "processed": 920, "total": 1005, "avg_loss": 0.17421055263029817, "elapsed_s": 395.29634900898964}
{"event": "dcase_train_progress", "epoch": 35, "processed": 960, "total": 1005, "avg_loss": 0.17517520196076172, "elapsed_s": 412.5367048709886}
{"event": "dcase_train_progress", "epoch": 35, "processed": 1000, "total": 1005, "avg_loss": 0.17408285799250006, "elapsed_s": 430.2599300839938}
{"event": "dcase_train_progress", "epoch": 35, "processed": 1005, "total": 1005, "avg_loss": 0.17394470277043125, "elapsed_s": 432.8489723429957}
{"event": "dcase_validation_progress", "epoch": 35, "processed": 32, "total": 112}
{"event": "dcase_validation_progress", "epoch": 35, "processed": 64, "total": 112}
{"event": "dcase_validation_progress", "epoch": 35, "processed": 96, "total": 112}
{"event": "dcase_validation_progress", "epoch": 35, "processed": 112, "total": 112}
{"event": "dcase_epoch_complete", "epoch": 35, "train_loss": 0.17394470277043125, "val_doa_error_deg": 42.98913510995252, "val_folded_azimuth_rmse_deg": 43.28537065216473, "val_horizontal_assumption_rmsae_deg": 45.408371933868956, "epoch_time_s": 435.3011877079989}
{"event": "dcase_train_progress", "epoch": 36, "processed": 40, "total": 1005, "avg_loss": 0.18662541918456554, "elapsed_s": 16.706438196997624}
{"event": "dcase_train_progress", "epoch": 36, "processed": 80, "total": 1005, "avg_loss": 0.16555660525336863, "elapsed_s": 34.09248302599008}
{"event": "dcase_train_progress", "epoch": 36, "processed": 120, "total": 1005, "avg_loss": 0.1745512720818321, "elapsed_s": 51.922008570996695}
{"event": "dcase_train_progress", "epoch": 36, "processed": 160, "total": 1005, "avg_loss": 0.17133393723051996, "elapsed_s": 69.12307253299514}
{"event": "dcase_train_progress", "epoch": 36, "processed": 200, "total": 1005, "avg_loss": 0.17623454229906202, "elapsed_s": 85.18031280599826}
{"event": "dcase_train_progress", "epoch": 36, "processed": 240, "total": 1005, "avg_loss": 0.17704964478810628, "elapsed_s": 102.07490380499803}
{"event": "dcase_train_progress", "epoch": 36, "processed": 280, "total": 1005, "avg_loss": 0.1803641623684338, "elapsed_s": 118.6226305129967}
{"event": "dcase_train_progress", "epoch": 36, "processed": 320, "total": 1005, "avg_loss": 0.18145698208827526, "elapsed_s": 136.02268449999974}
{"event": "dcase_train_progress", "epoch": 36, "processed": 360, "total": 1005, "avg_loss": 0.18243460391337674, "elapsed_s": 152.37085832899902}
{"event": "dcase_train_progress", "epoch": 36, "processed": 400, "total": 1005, "avg_loss": 0.18159731066785753, "elapsed_s": 168.6641175049881}
{"event": "dcase_train_progress", "epoch": 36, "processed": 440, "total": 1005, "avg_loss": 0.1773286323486404, "elapsed_s": 185.39076655999816}
{"event": "dcase_train_progress", "epoch": 36, "processed": 480, "total": 1005, "avg_loss": 0.17932670599160094, "elapsed_s": 202.51476709899725}
{"event": "dcase_train_progress", "epoch": 36, "processed": 520, "total": 1005, "avg_loss": 0.17991389378618736, "elapsed_s": 218.92652144598833}
{"event": "dcase_train_progress", "epoch": 36, "processed": 560, "total": 1005, "avg_loss": 0.17866067036188074, "elapsed_s": 236.14639042399358}
{"event": "dcase_train_progress", "epoch": 36, "processed": 600, "total": 1005, "avg_loss": 0.17945312925303974, "elapsed_s": 252.60996464498749}
{"event": "dcase_train_progress", "epoch": 36, "processed": 640, "total": 1005, "avg_loss": 0.17865416745771653, "elapsed_s": 267.7026403119962}
{"event": "dcase_train_progress", "epoch": 36, "processed": 680, "total": 1005, "avg_loss": 0.17882344404454617, "elapsed_s": 275.4275651219941}
{"event": "dcase_train_progress", "epoch": 36, "processed": 720, "total": 1005, "avg_loss": 0.1767698530676878, "elapsed_s": 282.8487672749907}
{"event": "dcase_train_progress", "epoch": 36, "processed": 760, "total": 1005, "avg_loss": 0.17564418478623817, "elapsed_s": 290.70374143499066}
{"event": "dcase_train_progress", "epoch": 36, "processed": 800, "total": 1005, "avg_loss": 0.17537310525309294, "elapsed_s": 298.5235061759886}
{"event": "dcase_train_progress", "epoch": 36, "processed": 840, "total": 1005, "avg_loss": 0.17543999792209694, "elapsed_s": 306.31385835098627}
{"event": "dcase_train_progress", "epoch": 36, "processed": 880, "total": 1005, "avg_loss": 0.1763390477535061, "elapsed_s": 314.13361240699305}
{"event": "dcase_train_progress", "epoch": 36, "processed": 920, "total": 1005, "avg_loss": 0.1756603318590509, "elapsed_s": 321.9650189209933}
{"event": "dcase_train_progress", "epoch": 36, "processed": 960, "total": 1005, "avg_loss": 0.17420123430977885, "elapsed_s": 329.84745520699653}
{"event": "dcase_train_progress", "epoch": 36, "processed": 1000, "total": 1005, "avg_loss": 0.17428170340135693, "elapsed_s": 337.60651632299414}
{"event": "dcase_train_progress", "epoch": 36, "processed": 1005, "total": 1005, "avg_loss": 0.17413110826071815, "elapsed_s": 338.8618400389969}
{"event": "dcase_validation_progress", "epoch": 36, "processed": 32, "total": 112}
{"event": "dcase_validation_progress", "epoch": 36, "processed": 64, "total": 112}
{"event": "dcase_validation_progress", "epoch": 36, "processed": 96, "total": 112}
{"event": "dcase_validation_progress", "epoch": 36, "processed": 112, "total": 112}
{"event": "dcase_epoch_complete", "epoch": 36, "train_loss": 0.17413110826071815, "val_doa_error_deg": 43.56251670845917, "val_folded_azimuth_rmse_deg": 43.738275200128555, "val_horizontal_assumption_rmsae_deg": 45.296598909156664, "epoch_time_s": 340.16531434099306}
{"event": "dcase_train_progress", "epoch": 37, "processed": 40, "total": 1005, "avg_loss": 0.1709403928834945, "elapsed_s": 7.9713036169996485}
{"event": "dcase_train_progress", "epoch": 37, "processed": 80, "total": 1005, "avg_loss": 0.16957012221682816, "elapsed_s": 15.571110278004198}
{"event": "dcase_train_progress", "epoch": 37, "processed": 120, "total": 1005, "avg_loss": 0.17772051976062359, "elapsed_s": 31.150844787000096}
{"event": "dcase_train_progress", "epoch": 37, "processed": 160, "total": 1005, "avg_loss": 0.17252385503379628, "elapsed_s": 47.84435235199635}
{"event": "dcase_train_progress", "epoch": 37, "processed": 200, "total": 1005, "avg_loss": 0.17532436366192997, "elapsed_s": 64.55510660199798}
{"event": "dcase_train_progress", "epoch": 37, "processed": 240, "total": 1005, "avg_loss": 0.1759615332586691, "elapsed_s": 80.79107384600502}
{"event": "dcase_train_progress", "epoch": 37, "processed": 280, "total": 1005, "avg_loss": 0.1760896811062204, "elapsed_s": 98.44315809699765}
{"event": "dcase_train_progress", "epoch": 37, "processed": 320, "total": 1005, "avg_loss": 0.17854080504621378, "elapsed_s": 115.54200409600162}
{"event": "dcase_train_progress", "epoch": 37, "processed": 360, "total": 1005, "avg_loss": 0.17505976153641112, "elapsed_s": 132.68237454700284}
{"event": "dcase_train_progress", "epoch": 37, "processed": 400, "total": 1005, "avg_loss": 0.17339788581710308, "elapsed_s": 149.3991166689957}
{"event": "dcase_train_progress", "epoch": 37, "processed": 440, "total": 1005, "avg_loss": 0.17519857800057667, "elapsed_s": 166.67929127899697}
{"event": "dcase_train_progress", "epoch": 37, "processed": 480, "total": 1005, "avg_loss": 0.17640159107201422, "elapsed_s": 184.21492956699512}
{"event": "dcase_train_progress", "epoch": 37, "processed": 520, "total": 1005, "avg_loss": 0.1755643494033183, "elapsed_s": 201.9031893759966}
{"event": "dcase_train_progress", "epoch": 37, "processed": 560, "total": 1005, "avg_loss": 0.17675291578218874, "elapsed_s": 218.5542297859938}
{"event": "dcase_train_progress", "epoch": 37, "processed": 600, "total": 1005, "avg_loss": 0.17552499895604948, "elapsed_s": 234.8631737419928}
{"event": "dcase_train_progress", "epoch": 37, "processed": 640, "total": 1005, "avg_loss": 0.17584239410061855, "elapsed_s": 252.27874103099748}
{"event": "dcase_train_progress", "epoch": 37, "processed": 680, "total": 1005, "avg_loss": 0.17566176607163952, "elapsed_s": 269.41988952200336}
{"event": "dcase_train_progress", "epoch": 37, "processed": 720, "total": 1005, "avg_loss": 0.17443673610428556, "elapsed_s": 286.7917188650026}
{"event": "dcase_train_progress", "epoch": 37, "processed": 760, "total": 1005, "avg_loss": 0.17221456435754112, "elapsed_s": 303.16057168500265}
{"event": "dcase_train_progress", "epoch": 37, "processed": 800, "total": 1005, "avg_loss": 0.17172408366110176, "elapsed_s": 319.8728408839961}
{"event": "dcase_train_progress", "epoch": 37, "processed": 840, "total": 1005, "avg_loss": 0.17220450052104536, "elapsed_s": 337.5664291639987}
{"event": "dcase_train_progress", "epoch": 37, "processed": 880, "total": 1005, "avg_loss": 0.17308252785693515, "elapsed_s": 354.6783205450047}
{"event": "dcase_train_progress", "epoch": 37, "processed": 920, "total": 1005, "avg_loss": 0.17305869512745867, "elapsed_s": 371.4407791279955}
{"event": "dcase_train_progress", "epoch": 37, "processed": 960, "total": 1005, "avg_loss": 0.1735854517047604, "elapsed_s": 387.989360823005}
{"event": "dcase_train_progress", "epoch": 37, "processed": 1000, "total": 1005, "avg_loss": 0.17378601148724557, "elapsed_s": 405.3669310789992}
{"event": "dcase_train_progress", "epoch": 37, "processed": 1005, "total": 1005, "avg_loss": 0.17399257703207024, "elapsed_s": 407.8458166579949}
{"event": "dcase_validation_progress", "epoch": 37, "processed": 32, "total": 112}
{"event": "dcase_validation_progress", "epoch": 37, "processed": 64, "total": 112}
{"event": "dcase_validation_progress", "epoch": 37, "processed": 96, "total": 112}
{"event": "dcase_validation_progress", "epoch": 37, "processed": 112, "total": 112}
{"event": "dcase_epoch_complete", "epoch": 37, "train_loss": 0.17399257703207024, "val_doa_error_deg": 43.58835587331227, "val_folded_azimuth_rmse_deg": 43.8082232603005, "val_horizontal_assumption_rmsae_deg": 45.3825176187924, "epoch_time_s": 411.24874548798834}
{"event": "dcase_train_progress", "epoch": 38, "processed": 40, "total": 1005, "avg_loss": 0.16741229966282845, "elapsed_s": 17.125183035997907}
{"event": "dcase_train_progress", "epoch": 38, "processed": 80, "total": 1005, "avg_loss": 0.15926404716446996, "elapsed_s": 33.48472528399725}
{"event": "dcase_train_progress", "epoch": 38, "processed": 120, "total": 1005, "avg_loss": 0.1541055278542141, "elapsed_s": 50.7715277410025}
{"event": "dcase_train_progress", "epoch": 38, "processed": 160, "total": 1005, "avg_loss": 0.1523740341886878, "elapsed_s": 68.84086379899236}
{"event": "dcase_train_progress", "epoch": 38, "processed": 200, "total": 1005, "avg_loss": 0.15381631042808294, "elapsed_s": 86.50655124199693}
{"event": "dcase_train_progress", "epoch": 38, "processed": 240, "total": 1005, "avg_loss": 0.1575204783740143, "elapsed_s": 103.5652105689951}
{"event": "dcase_train_progress", "epoch": 38, "processed": 280, "total": 1005, "avg_loss": 0.16203568786648767, "elapsed_s": 121.41693635898991}
{"event": "dcase_train_progress", "epoch": 38, "processed": 320, "total": 1005, "avg_loss": 0.1609930816339329, "elapsed_s": 138.47992667599465}
{"event": "dcase_train_progress", "epoch": 38, "processed": 360, "total": 1005, "avg_loss": 0.16105333974377978, "elapsed_s": 156.17366601800313}
{"event": "dcase_train_progress", "epoch": 38, "processed": 400, "total": 1005, "avg_loss": 0.16753669008612632, "elapsed_s": 172.78641590899497}
{"event": "dcase_train_progress", "epoch": 38, "processed": 440, "total": 1005, "avg_loss": 0.1681747423654253, "elapsed_s": 189.71067925599345}
{"event": "dcase_train_progress", "epoch": 38, "processed": 480, "total": 1005, "avg_loss": 0.16738701974196982, "elapsed_s": 206.9936826859921}
{"event": "dcase_train_progress", "epoch": 38, "processed": 520, "total": 1005, "avg_loss": 0.16866171774812616, "elapsed_s": 223.86918166599935}
{"event": "dcase_train_progress", "epoch": 38, "processed": 560, "total": 1005, "avg_loss": 0.17042983540200762, "elapsed_s": 242.2643500050035}
{"event": "dcase_train_progress", "epoch": 38, "processed": 600, "total": 1005, "avg_loss": 0.17063015904277562, "elapsed_s": 258.9093440879951}
{"event": "dcase_train_progress", "epoch": 38, "processed": 640, "total": 1005, "avg_loss": 0.17234363148454576, "elapsed_s": 275.5698586170038}
{"event": "dcase_train_progress", "epoch": 38, "processed": 680, "total": 1005, "avg_loss": 0.17199552428415593, "elapsed_s": 293.396607785995}
{"event": "dcase_train_progress", "epoch": 38, "processed": 720, "total": 1005, "avg_loss": 0.17172887034507262, "elapsed_s": 310.4549898989935}
{"event": "dcase_train_progress", "epoch": 38, "processed": 760, "total": 1005, "avg_loss": 0.17178979739546776, "elapsed_s": 327.6397771429911}
{"event": "dcase_train_progress", "epoch": 38, "processed": 800, "total": 1005, "avg_loss": 0.1728584184497595, "elapsed_s": 344.7765355909942}
{"event": "dcase_train_progress", "epoch": 38, "processed": 840, "total": 1005, "avg_loss": 0.1721143518330618, "elapsed_s": 362.2925108359923}
{"event": "dcase_train_progress", "epoch": 38, "processed": 880, "total": 1005, "avg_loss": 0.17281364506237548, "elapsed_s": 379.16224900999805}
{"event": "dcase_train_progress", "epoch": 38, "processed": 920, "total": 1005, "avg_loss": 0.1725896949576133, "elapsed_s": 395.97023597799125}
{"event": "dcase_train_progress", "epoch": 38, "processed": 960, "total": 1005, "avg_loss": 0.17335961183804707, "elapsed_s": 412.22981305100257}
{"event": "dcase_train_progress", "epoch": 38, "processed": 1000, "total": 1005, "avg_loss": 0.17353648319654166, "elapsed_s": 428.30229786199925}
{"event": "dcase_train_progress", "epoch": 38, "processed": 1005, "total": 1005, "avg_loss": 0.17372706800662166, "elapsed_s": 431.12873472199135}
{"event": "dcase_validation_progress", "epoch": 38, "processed": 32, "total": 112}
{"event": "dcase_validation_progress", "epoch": 38, "processed": 64, "total": 112}
{"event": "dcase_validation_progress", "epoch": 38, "processed": 96, "total": 112}
{"event": "dcase_validation_progress", "epoch": 38, "processed": 112, "total": 112}
{"event": "dcase_epoch_complete", "epoch": 38, "train_loss": 0.17372706800662166, "val_doa_error_deg": 42.81192859368665, "val_folded_azimuth_rmse_deg": 43.07526268490723, "val_horizontal_assumption_rmsae_deg": 45.214041226676535, "epoch_time_s": 434.8721810459974}
{"event": "dcase_train_progress", "epoch": 39, "processed": 40, "total": 1005, "avg_loss": 0.15700743636116385, "elapsed_s": 16.94478120400163}
{"event": "dcase_train_progress", "epoch": 39, "processed": 80, "total": 1005, "avg_loss": 0.15953954574652016, "elapsed_s": 34.996417232003296}
{"event": "dcase_train_progress", "epoch": 39, "processed": 120, "total": 1005, "avg_loss": 0.17395929424092174, "elapsed_s": 51.34185250700102}
{"event": "dcase_train_progress", "epoch": 39, "processed": 160, "total": 1005, "avg_loss": 0.1814832776086405, "elapsed_s": 68.5867996099987}
{"event": "dcase_train_progress", "epoch": 39, "processed": 200, "total": 1005, "avg_loss": 0.177784556588158, "elapsed_s": 86.43989507100196}
{"event": "dcase_train_progress", "epoch": 39, "processed": 240, "total": 1005, "avg_loss": 0.17343329831492155, "elapsed_s": 102.30461077099608}
{"event": "dcase_train_progress", "epoch": 39, "processed": 280, "total": 1005, "avg_loss": 0.1758236315167908, "elapsed_s": 120.49593834400002}
{"event": "dcase_train_progress", "epoch": 39, "processed": 320, "total": 1005, "avg_loss": 0.1731916880758945, "elapsed_s": 138.00871163100237}
{"event": "dcase_train_progress", "epoch": 39, "processed": 360, "total": 1005, "avg_loss": 0.16956432228390542, "elapsed_s": 156.2269222890027}
{"event": "dcase_train_progress", "epoch": 39, "processed": 400, "total": 1005, "avg_loss": 0.16709274421446024, "elapsed_s": 173.39897212499636}
{"event": "dcase_train_progress", "epoch": 39, "processed": 440, "total": 1005, "avg_loss": 0.16887705438685688, "elapsed_s": 190.77922982499877}
{"event": "dcase_train_progress", "epoch": 39, "processed": 480, "total": 1005, "avg_loss": 0.1684039529180154, "elapsed_s": 208.0165412780043}
{"event": "dcase_train_progress", "epoch": 39, "processed": 520, "total": 1005, "avg_loss": 0.16771934198645444, "elapsed_s": 225.44142338700476}
{"event": "dcase_train_progress", "epoch": 39, "processed": 560, "total": 1005, "avg_loss": 0.16772988592939717, "elapsed_s": 242.72709274900262}
{"event": "dcase_train_progress", "epoch": 39, "processed": 600, "total": 1005, "avg_loss": 0.16887620939562717, "elapsed_s": 260.84287989400036}
{"event": "dcase_train_progress", "epoch": 39, "processed": 640, "total": 1005, "avg_loss": 0.1710484924260527, "elapsed_s": 278.25534981700184}
{"event": "dcase_train_progress", "epoch": 39, "processed": 680, "total": 1005, "avg_loss": 0.1713333429330412, "elapsed_s": 295.79530827200506}
{"event": "dcase_train_progress", "epoch": 39, "processed": 720, "total": 1005, "avg_loss": 0.17107392243213124, "elapsed_s": 313.36223663900455}
{"event": "dcase_train_progress", "epoch": 39, "processed": 760, "total": 1005, "avg_loss": 0.16968396188397156, "elapsed_s": 330.71786799500114}
{"event": "dcase_train_progress", "epoch": 39, "processed": 800, "total": 1005, "avg_loss": 0.17182594954036176, "elapsed_s": 348.7819243529957}
{"event": "dcase_train_progress", "epoch": 39, "processed": 840, "total": 1005, "avg_loss": 0.17173902334734087, "elapsed_s": 366.2676662839949}
{"event": "dcase_train_progress", "epoch": 39, "processed": 880, "total": 1005, "avg_loss": 0.17345999768003822, "elapsed_s": 384.2609373580053}
{"event": "dcase_train_progress", "epoch": 39, "processed": 920, "total": 1005, "avg_loss": 0.17388211560800024, "elapsed_s": 401.4687431159982}
{"event": "dcase_train_progress", "epoch": 39, "processed": 960, "total": 1005, "avg_loss": 0.1727294280232551, "elapsed_s": 417.5908517469943}
{"event": "dcase_train_progress", "epoch": 39, "processed": 1000, "total": 1005, "avg_loss": 0.17389286752417685, "elapsed_s": 435.54603856899485}
{"event": "dcase_train_progress", "epoch": 39, "processed": 1005, "total": 1005, "avg_loss": 0.17375342130142066, "elapsed_s": 438.3242151479935}
{"event": "dcase_validation_progress", "epoch": 39, "processed": 32, "total": 112}
{"event": "dcase_validation_progress", "epoch": 39, "processed": 64, "total": 112}
{"event": "dcase_validation_progress", "epoch": 39, "processed": 96, "total": 112}
{"event": "dcase_validation_progress", "epoch": 39, "processed": 112, "total": 112}
{"event": "dcase_epoch_complete", "epoch": 39, "train_loss": 0.17375342130142066, "val_doa_error_deg": 42.97375912112849, "val_folded_azimuth_rmse_deg": 43.25813417349543, "val_horizontal_assumption_rmsae_deg": 45.313013325844494, "epoch_time_s": 440.71903393699904}
{"event": "dcase_train_progress", "epoch": 40, "processed": 40, "total": 1005, "avg_loss": 0.17309163501486183, "elapsed_s": 17.42781245399965}
{"event": "dcase_train_progress", "epoch": 40, "processed": 80, "total": 1005, "avg_loss": 0.17093125861138106, "elapsed_s": 34.521714308008086}
{"event": "dcase_train_progress", "epoch": 40, "processed": 120, "total": 1005, "avg_loss": 0.18035425804555416, "elapsed_s": 51.73291485100344}
{"event": "dcase_train_progress", "epoch": 40, "processed": 160, "total": 1005, "avg_loss": 0.17480439653154461, "elapsed_s": 68.33768134399725}
{"event": "dcase_train_progress", "epoch": 40, "processed": 200, "total": 1005, "avg_loss": 0.1703393917530775, "elapsed_s": 84.11128715200175}
{"event": "dcase_train_progress", "epoch": 40, "processed": 240, "total": 1005, "avg_loss": 0.16848673877927164, "elapsed_s": 101.46945681300713}
{"event": "dcase_train_progress", "epoch": 40, "processed": 280, "total": 1005, "avg_loss": 0.16694296929719193, "elapsed_s": 118.89923519000877}
{"event": "dcase_train_progress", "epoch": 40, "processed": 320, "total": 1005, "avg_loss": 0.16695011857082137, "elapsed_s": 136.78343512299762}
{"event": "dcase_train_progress", "epoch": 40, "processed": 360, "total": 1005, "avg_loss": 0.16861524209897552, "elapsed_s": 153.09656316399924}
{"event": "dcase_train_progress", "epoch": 40, "processed": 400, "total": 1005, "avg_loss": 0.16974509865045548, "elapsed_s": 170.47663812500832}
{"event": "dcase_train_progress", "epoch": 40, "processed": 440, "total": 1005, "avg_loss": 0.17266509607434272, "elapsed_s": 187.58098692299973}
{"event": "dcase_train_progress", "epoch": 40, "processed": 480, "total": 1005, "avg_loss": 0.17291222736239434, "elapsed_s": 205.92997310300416}
{"event": "dcase_train_progress", "epoch": 40, "processed": 520, "total": 1005, "avg_loss": 0.17375107589535987, "elapsed_s": 223.17951069500123}
{"event": "dcase_train_progress", "epoch": 40, "processed": 560, "total": 1005, "avg_loss": 0.17300797242538205, "elapsed_s": 240.8886875820026}
{"event": "dcase_train_progress", "epoch": 40, "processed": 600, "total": 1005, "avg_loss": 0.17239819801722964, "elapsed_s": 258.0344928130071}
{"event": "dcase_train_progress", "epoch": 40, "processed": 640, "total": 1005, "avg_loss": 0.1712379919423256, "elapsed_s": 275.254833058003}
{"event": "dcase_train_progress", "epoch": 40, "processed": 680, "total": 1005, "avg_loss": 0.17104238602058852, "elapsed_s": 292.1501165630034}
{"event": "dcase_train_progress", "epoch": 40, "processed": 720, "total": 1005, "avg_loss": 0.17055782393759322, "elapsed_s": 308.5148858199973}
{"event": "dcase_train_progress", "epoch": 40, "processed": 760, "total": 1005, "avg_loss": 0.17119146901133814, "elapsed_s": 324.9762264220044}
{"event": "dcase_train_progress", "epoch": 40, "processed": 800, "total": 1005, "avg_loss": 0.17222412393428385, "elapsed_s": 342.60913646800327}
{"event": "dcase_train_progress", "epoch": 40, "processed": 840, "total": 1005, "avg_loss": 0.17308965257945516, "elapsed_s": 359.6936670300056}
{"event": "dcase_train_progress", "epoch": 40, "processed": 880, "total": 1005, "avg_loss": 0.1745298467237841, "elapsed_s": 376.72278736700537}
{"event": "dcase_train_progress", "epoch": 40, "processed": 920, "total": 1005, "avg_loss": 0.1747515701243411, "elapsed_s": 393.86652290100756}
{"event": "dcase_train_progress", "epoch": 40, "processed": 960, "total": 1005, "avg_loss": 0.17432764301775022, "elapsed_s": 411.17624347099627}
{"event": "dcase_train_progress", "epoch": 40, "processed": 1000, "total": 1005, "avg_loss": 0.17317682255245745, "elapsed_s": 428.60073832800845}
{"event": "dcase_train_progress", "epoch": 40, "processed": 1005, "total": 1005, "avg_loss": 0.173169203378742, "elapsed_s": 431.18236733900267}
{"event": "dcase_validation_progress", "epoch": 40, "processed": 32, "total": 112}
{"event": "dcase_validation_progress", "epoch": 40, "processed": 64, "total": 112}
{"event": "dcase_validation_progress", "epoch": 40, "processed": 96, "total": 112}
{"event": "dcase_validation_progress", "epoch": 40, "processed": 112, "total": 112}
{"event": "dcase_epoch_complete", "epoch": 40, "train_loss": 0.173169203378742, "val_doa_error_deg": 42.954139586005894, "val_folded_azimuth_rmse_deg": 43.245339025344165, "val_horizontal_assumption_rmsae_deg": 45.433935418725014, "epoch_time_s": 433.3567907149991}
{"event": "dcase_train_progress", "epoch": 41, "processed": 40, "total": 1005, "avg_loss": 0.18294326197355987, "elapsed_s": 17.096481227010372}
{"event": "dcase_train_progress", "epoch": 41, "processed": 80, "total": 1005, "avg_loss": 0.17824201239272952, "elapsed_s": 34.38245825300692}
{"event": "dcase_train_progress", "epoch": 41, "processed": 120, "total": 1005, "avg_loss": 0.17304653798540434, "elapsed_s": 51.04601514899696}
{"event": "dcase_train_progress", "epoch": 41, "processed": 160, "total": 1005, "avg_loss": 0.17131128045730293, "elapsed_s": 67.81444431300042}
{"event": "dcase_train_progress", "epoch": 41, "processed": 200, "total": 1005, "avg_loss": 0.17207753146067262, "elapsed_s": 84.88924115400005}
{"event": "dcase_train_progress", "epoch": 41, "processed": 240, "total": 1005, "avg_loss": 0.17489679904344183, "elapsed_s": 101.26368881300732}
{"event": "dcase_train_progress", "epoch": 41, "processed": 280, "total": 1005, "avg_loss": 0.1761723983101547, "elapsed_s": 118.52186655600963}
{"event": "dcase_train_progress", "epoch": 41, "processed": 320, "total": 1005, "avg_loss": 0.17625200905604288, "elapsed_s": 135.48992376100796}
{"event": "dcase_train_progress", "epoch": 41, "processed": 360, "total": 1005, "avg_loss": 0.1756251636478636, "elapsed_s": 151.89878725500603}
{"event": "dcase_train_progress", "epoch": 41, "processed": 400, "total": 1005, "avg_loss": 0.1769136150740087, "elapsed_s": 168.72747523800354}
{"event": "dcase_train_progress", "epoch": 41, "processed": 440, "total": 1005, "avg_loss": 0.17595769041641193, "elapsed_s": 185.92492231600045}
{"event": "dcase_train_progress", "epoch": 41, "processed": 480, "total": 1005, "avg_loss": 0.17762757561480005, "elapsed_s": 202.84253370700753}
{"event": "dcase_train_progress", "epoch": 41, "processed": 520, "total": 1005, "avg_loss": 0.17534446358107603, "elapsed_s": 219.06053979700664}
{"event": "dcase_train_progress", "epoch": 41, "processed": 560, "total": 1005, "avg_loss": 0.17618141115776131, "elapsed_s": 236.06032066499756}
{"event": "dcase_train_progress", "epoch": 41, "processed": 600, "total": 1005, "avg_loss": 0.17596339646726847, "elapsed_s": 253.44115112999862}
{"event": "dcase_train_progress", "epoch": 41, "processed": 640, "total": 1005, "avg_loss": 0.1768678811029531, "elapsed_s": 270.6618657520012}
{"event": "dcase_train_progress", "epoch": 41, "processed": 680, "total": 1005, "avg_loss": 0.17674004842034158, "elapsed_s": 287.02642767800717}
{"event": "dcase_train_progress", "epoch": 41, "processed": 720, "total": 1005, "avg_loss": 0.1772482062276039, "elapsed_s": 303.5949786889978}
{"event": "dcase_train_progress", "epoch": 41, "processed": 760, "total": 1005, "avg_loss": 0.17754114268249588, "elapsed_s": 319.7608555810002}
{"event": "dcase_train_progress", "epoch": 41, "processed": 800, "total": 1005, "avg_loss": 0.17746733744163065, "elapsed_s": 335.96463815899915}
{"event": "dcase_train_progress", "epoch": 41, "processed": 840, "total": 1005, "avg_loss": 0.1770989133710308, "elapsed_s": 352.968237588997}
{"event": "dcase_train_progress", "epoch": 41, "processed": 880, "total": 1005, "avg_loss": 0.17498013541017743, "elapsed_s": 369.95559591399797}
{"event": "dcase_train_progress", "epoch": 41, "processed": 920, "total": 1005, "avg_loss": 0.17483247111996877, "elapsed_s": 386.40722065900627}
{"event": "dcase_train_progress", "epoch": 41, "processed": 960, "total": 1005, "avg_loss": 0.17414344540641954, "elapsed_s": 403.62295343099686}
{"event": "dcase_train_progress", "epoch": 41, "processed": 1000, "total": 1005, "avg_loss": 0.17348809028416873, "elapsed_s": 420.273586137002}
{"event": "dcase_train_progress", "epoch": 41, "processed": 1005, "total": 1005, "avg_loss": 0.1735017010969902, "elapsed_s": 423.1669407730078}
{"event": "dcase_validation_progress", "epoch": 41, "processed": 32, "total": 112}
{"event": "dcase_validation_progress", "epoch": 41, "processed": 64, "total": 112}
{"event": "dcase_validation_progress", "epoch": 41, "processed": 96, "total": 112}
{"event": "dcase_validation_progress", "epoch": 41, "processed": 112, "total": 112}
{"event": "dcase_epoch_complete", "epoch": 41, "train_loss": 0.1735017010969902, "val_doa_error_deg": 42.73008539208344, "val_folded_azimuth_rmse_deg": 43.11971029000623, "val_horizontal_assumption_rmsae_deg": 45.45127697501864, "epoch_time_s": 425.47433094499866}
{"event": "dcase_train_progress", "epoch": 42, "processed": 40, "total": 1005, "avg_loss": 0.17070098808035256, "elapsed_s": 17.85532645600324}
{"event": "dcase_train_progress", "epoch": 42, "processed": 80, "total": 1005, "avg_loss": 0.19661017288453878, "elapsed_s": 35.33566563400382}
{"event": "dcase_train_progress", "epoch": 42, "processed": 120, "total": 1005, "avg_loss": 0.18422435413425167, "elapsed_s": 53.08273279501009}
{"event": "dcase_train_progress", "epoch": 42, "processed": 160, "total": 1005, "avg_loss": 0.18147057932801544, "elapsed_s": 70.15383881900925}
{"event": "dcase_train_progress", "epoch": 42, "processed": 200, "total": 1005, "avg_loss": 0.18570973040536046, "elapsed_s": 88.10277029700228}
{"event": "dcase_train_progress", "epoch": 42, "processed": 240, "total": 1005, "avg_loss": 0.18579619540832937, "elapsed_s": 104.96262663100788}
{"event": "dcase_train_progress", "epoch": 42, "processed": 280, "total": 1005, "avg_loss": 0.18234598782977887, "elapsed_s": 121.24141352000879}
{"event": "dcase_train_progress", "epoch": 42, "processed": 320, "total": 1005, "avg_loss": 0.17591295887250452, "elapsed_s": 138.59384692100866}
{"event": "dcase_train_progress", "epoch": 42, "processed": 360, "total": 1005, "avg_loss": 0.17439588879545528, "elapsed_s": 155.3755220000021}
{"event": "dcase_train_progress", "epoch": 42, "processed": 400, "total": 1005, "avg_loss": 0.17387146289460362, "elapsed_s": 173.25150723299885}
{"event": "dcase_train_progress", "epoch": 42, "processed": 440, "total": 1005, "avg_loss": 0.1760715927166695, "elapsed_s": 190.72629421000602}
{"event": "dcase_train_progress", "epoch": 42, "processed": 480, "total": 1005, "avg_loss": 0.1769542436658715, "elapsed_s": 207.17808600699937}
{"event": "dcase_train_progress", "epoch": 42, "processed": 520, "total": 1005, "avg_loss": 0.17388213342055678, "elapsed_s": 223.9402091850061}
{"event": "dcase_train_progress", "epoch": 42, "processed": 560, "total": 1005, "avg_loss": 0.1754364807890462, "elapsed_s": 241.6008654449979}
{"event": "dcase_train_progress", "epoch": 42, "processed": 600, "total": 1005, "avg_loss": 0.17463435117776197, "elapsed_s": 259.1307496329973}
{"event": "dcase_train_progress", "epoch": 42, "processed": 640, "total": 1005, "avg_loss": 0.1736888072453439, "elapsed_s": 275.41195040500315}
{"event": "dcase_train_progress", "epoch": 42, "processed": 680, "total": 1005, "avg_loss": 0.1744189003811163, "elapsed_s": 292.551372507005}
{"event": "dcase_train_progress", "epoch": 42, "processed": 720, "total": 1005, "avg_loss": 0.1726978448426558, "elapsed_s": 308.59872565200203}
{"event": "dcase_train_progress", "epoch": 42, "processed": 760, "total": 1005, "avg_loss": 0.17220773642980738, "elapsed_s": 325.92898988000525}
{"event": "dcase_train_progress", "epoch": 42, "processed": 800, "total": 1005, "avg_loss": 0.17222153973765672, "elapsed_s": 343.05302256700816}
{"event": "dcase_train_progress", "epoch": 42, "processed": 840, "total": 1005, "avg_loss": 0.17171781758467355, "elapsed_s": 360.61660377000226}
{"event": "dcase_train_progress", "epoch": 42, "processed": 880, "total": 1005, "avg_loss": 0.17220542041415518, "elapsed_s": 377.60922735300846}
{"event": "dcase_train_progress", "epoch": 42, "processed": 920, "total": 1005, "avg_loss": 0.17315319197495346, "elapsed_s": 394.90730847400846}
{"event": "dcase_train_progress", "epoch": 42, "processed": 960, "total": 1005, "avg_loss": 0.1740700214713191, "elapsed_s": 411.9702229210088}
{"event": "dcase_train_progress", "epoch": 42, "processed": 1000, "total": 1005, "avg_loss": 0.1740129873342812, "elapsed_s": 428.98074082200765}
{"event": "dcase_train_progress", "epoch": 42, "processed": 1005, "total": 1005, "avg_loss": 0.17438574871094667, "elapsed_s": 431.467426090996}
{"event": "dcase_validation_progress", "epoch": 42, "processed": 32, "total": 112}
{"event": "dcase_validation_progress", "epoch": 42, "processed": 64, "total": 112}
{"event": "dcase_validation_progress", "epoch": 42, "processed": 96, "total": 112}
{"event": "dcase_validation_progress", "epoch": 42, "processed": 112, "total": 112}
{"event": "dcase_epoch_complete", "epoch": 42, "train_loss": 0.17438574871094667, "val_doa_error_deg": 42.39972517745836, "val_folded_azimuth_rmse_deg": 42.76754768405642, "val_horizontal_assumption_rmsae_deg": 45.428075747830526, "epoch_time_s": 433.739759418997}
{"event": "dcase_train_progress", "epoch": 43, "processed": 40, "total": 1005, "avg_loss": 0.1530120676383376, "elapsed_s": 17.40496648500266}
{"event": "dcase_train_progress", "epoch": 43, "processed": 80, "total": 1005, "avg_loss": 0.1695202243514359, "elapsed_s": 33.758321504996275}
{"event": "dcase_train_progress", "epoch": 43, "processed": 120, "total": 1005, "avg_loss": 0.16188071457048256, "elapsed_s": 50.890687674997025}
{"event": "dcase_train_progress", "epoch": 43, "processed": 160, "total": 1005, "avg_loss": 0.1723362596705556, "elapsed_s": 68.36664012000256}
{"event": "dcase_train_progress", "epoch": 43, "processed": 200, "total": 1005, "avg_loss": 0.1752639988437295, "elapsed_s": 84.12271132100432}
{"event": "dcase_train_progress", "epoch": 43, "processed": 240, "total": 1005, "avg_loss": 0.1795540848436455, "elapsed_s": 100.36394815500535}
{"event": "dcase_train_progress", "epoch": 43, "processed": 280, "total": 1005, "avg_loss": 0.17849562168121338, "elapsed_s": 117.57226504299615}
{"event": "dcase_train_progress", "epoch": 43, "processed": 320, "total": 1005, "avg_loss": 0.1784496114589274, "elapsed_s": 134.1540797790076}
{"event": "dcase_train_progress", "epoch": 43, "processed": 360, "total": 1005, "avg_loss": 0.18144107162952422, "elapsed_s": 151.30198499500693}
{"event": "dcase_train_progress", "epoch": 43, "processed": 400, "total": 1005, "avg_loss": 0.180995966270566, "elapsed_s": 167.14854640500562}
{"event": "dcase_train_progress", "epoch": 43, "processed": 440, "total": 1005, "avg_loss": 0.17840243325653402, "elapsed_s": 185.04096450800716}
{"event": "dcase_train_progress", "epoch": 43, "processed": 480, "total": 1005, "avg_loss": 0.17906942865811287, "elapsed_s": 201.5466082740022}
{"event": "dcase_train_progress", "epoch": 43, "processed": 520, "total": 1005, "avg_loss": 0.17604670881007153, "elapsed_s": 218.7400906749972}
{"event": "dcase_train_progress", "epoch": 43, "processed": 560, "total": 1005, "avg_loss": 0.1788038258141439, "elapsed_s": 235.93832923199807}
{"event": "dcase_train_progress", "epoch": 43, "processed": 600, "total": 1005, "avg_loss": 0.1772681097841511, "elapsed_s": 252.14488382800482}
{"event": "dcase_train_progress", "epoch": 43, "processed": 640, "total": 1005, "avg_loss": 0.17685147864103784, "elapsed_s": 268.81996326900844}
{"event": "dcase_train_progress", "epoch": 43, "processed": 680, "total": 1005, "avg_loss": 0.17570384885184467, "elapsed_s": 286.3198406510055}
{"event": "dcase_train_progress", "epoch": 43, "processed": 720, "total": 1005, "avg_loss": 0.17313011329258896, "elapsed_s": 303.90274394099833}
{"event": "dcase_train_progress", "epoch": 43, "processed": 760, "total": 1005, "avg_loss": 0.17236981940406718, "elapsed_s": 321.6919816820009}
{"event": "dcase_train_progress", "epoch": 43, "processed": 800, "total": 1005, "avg_loss": 0.17157238705083727, "elapsed_s": 338.6161931999959}
{"event": "dcase_train_progress", "epoch": 43, "processed": 840, "total": 1005, "avg_loss": 0.17039058650178568, "elapsed_s": 356.08831474800536}
{"event": "dcase_train_progress", "epoch": 43, "processed": 880, "total": 1005, "avg_loss": 0.17052302471235056, "elapsed_s": 373.53853941000125}
{"event": "dcase_train_progress", "epoch": 43, "processed": 920, "total": 1005, "avg_loss": 0.1719255506405202, "elapsed_s": 390.0737265670032}
{"event": "dcase_train_progress", "epoch": 43, "processed": 960, "total": 1005, "avg_loss": 0.1723899771925062, "elapsed_s": 406.63601081000525}
{"event": "dcase_train_progress", "epoch": 43, "processed": 1000, "total": 1005, "avg_loss": 0.17326189666241407, "elapsed_s": 423.88597602299706}
{"event": "dcase_train_progress", "epoch": 43, "processed": 1005, "total": 1005, "avg_loss": 0.17349766699309965, "elapsed_s": 426.578789170002}
{"event": "dcase_validation_progress", "epoch": 43, "processed": 32, "total": 112}
{"event": "dcase_validation_progress", "epoch": 43, "processed": 64, "total": 112}
{"event": "dcase_validation_progress", "epoch": 43, "processed": 96, "total": 112}
{"event": "dcase_validation_progress", "epoch": 43, "processed": 112, "total": 112}
{"event": "dcase_epoch_complete", "epoch": 43, "train_loss": 0.17349766699309965, "val_doa_error_deg": 43.24499862534659, "val_folded_azimuth_rmse_deg": 43.4537072884185, "val_horizontal_assumption_rmsae_deg": 45.26859759220055, "epoch_time_s": 428.8552268540079}
{"event": "dcase_train_progress", "epoch": 44, "processed": 40, "total": 1005, "avg_loss": 0.14972795201465489, "elapsed_s": 17.5216593619989}
{"event": "dcase_train_progress", "epoch": 44, "processed": 80, "total": 1005, "avg_loss": 0.15980572565458714, "elapsed_s": 34.47599990500021}
{"event": "dcase_train_progress", "epoch": 44, "processed": 120, "total": 1005, "avg_loss": 0.15892385204012197, "elapsed_s": 51.519819826993626}
{"event": "dcase_train_progress", "epoch": 44, "processed": 160, "total": 1005, "avg_loss": 0.16039574046153576, "elapsed_s": 68.35505887999898}
{"event": "dcase_train_progress", "epoch": 44, "processed": 200, "total": 1005, "avg_loss": 0.17070960411801933, "elapsed_s": 85.63155610699323}
{"event": "dcase_train_progress", "epoch": 44, "processed": 240, "total": 1005, "avg_loss": 0.17045041550882162, "elapsed_s": 103.17964797599416}
{"event": "dcase_train_progress", "epoch": 44, "processed": 280, "total": 1005, "avg_loss": 0.16933738774220858, "elapsed_s": 120.8529947099887}
{"event": "dcase_train_progress", "epoch": 44, "processed": 320, "total": 1005, "avg_loss": 0.17413714311551304, "elapsed_s": 136.96125155499612}
{"event": "dcase_train_progress", "epoch": 44, "processed": 360, "total": 1005, "avg_loss": 0.1731486145303481, "elapsed_s": 153.8730817649921}
{"event": "dcase_train_progress", "epoch": 44, "processed": 400, "total": 1005, "avg_loss": 0.17410487237386404, "elapsed_s": 170.865934343994}
{"event": "dcase_train_progress", "epoch": 44, "processed": 440, "total": 1005, "avg_loss": 0.1748077230274, "elapsed_s": 188.0093301559973}
{"event": "dcase_train_progress", "epoch": 44, "processed": 480, "total": 1005, "avg_loss": 0.1752514197374694, "elapsed_s": 204.93837072300084}
{"event": "dcase_train_progress", "epoch": 44, "processed": 520, "total": 1005, "avg_loss": 0.17349249061125402, "elapsed_s": 222.90443772599974}
{"event": "dcase_train_progress", "epoch": 44, "processed": 560, "total": 1005, "avg_loss": 0.16955776532912362, "elapsed_s": 239.55380540199985}
{"event": "dcase_train_progress", "epoch": 44, "processed": 600, "total": 1005, "avg_loss": 0.17081883079372345, "elapsed_s": 255.68384626899206}
{"event": "dcase_train_progress", "epoch": 44, "processed": 640, "total": 1005, "avg_loss": 0.1710245051101083, "elapsed_s": 272.8260996629979}
{"event": "dcase_train_progress", "epoch": 44, "processed": 680, "total": 1005, "avg_loss": 0.1704382494722, "elapsed_s": 290.070522228998}
{"event": "dcase_train_progress", "epoch": 44, "processed": 720, "total": 1005, "avg_loss": 0.1708666385849938, "elapsed_s": 307.1679073159903}
{"event": "dcase_train_progress", "epoch": 44, "processed": 760, "total": 1005, "avg_loss": 0.1696210345179823, "elapsed_s": 323.8737584249902}
{"event": "dcase_train_progress", "epoch": 44, "processed": 800, "total": 1005, "avg_loss": 0.16975410714978353, "elapsed_s": 341.9995668979973}
{"event": "dcase_train_progress", "epoch": 44, "processed": 840, "total": 1005, "avg_loss": 0.1706837399751835, "elapsed_s": 358.60458090699103}
{"event": "dcase_train_progress", "epoch": 44, "processed": 880, "total": 1005, "avg_loss": 0.17118970687628132, "elapsed_s": 374.992974444991}
{"event": "dcase_train_progress", "epoch": 44, "processed": 920, "total": 1005, "avg_loss": 0.17118744633727423, "elapsed_s": 392.2188791149965}
{"event": "dcase_train_progress", "epoch": 44, "processed": 960, "total": 1005, "avg_loss": 0.1719888720564389, "elapsed_s": 408.0613519049948}
{"event": "dcase_train_progress", "epoch": 44, "processed": 1000, "total": 1005, "avg_loss": 0.1726913173068315, "elapsed_s": 425.2731635050004}
{"event": "dcase_train_progress", "epoch": 44, "processed": 1005, "total": 1005, "avg_loss": 0.17310368562701034, "elapsed_s": 427.8295100059913}
{"event": "dcase_validation_progress", "epoch": 44, "processed": 32, "total": 112}
{"event": "dcase_validation_progress", "epoch": 44, "processed": 64, "total": 112}
{"event": "dcase_validation_progress", "epoch": 44, "processed": 96, "total": 112}
{"event": "dcase_validation_progress", "epoch": 44, "processed": 112, "total": 112}
{"event": "dcase_epoch_complete", "epoch": 44, "train_loss": 0.17310368562701034, "val_doa_error_deg": 43.59848366252014, "val_folded_azimuth_rmse_deg": 43.83690083026886, "val_horizontal_assumption_rmsae_deg": 45.35057364829949, "epoch_time_s": 431.4346874670009}
{"event": "dcase_train_progress", "epoch": 45, "processed": 40, "total": 1005, "avg_loss": 0.1818600997328758, "elapsed_s": 16.892829799995525}
{"event": "dcase_train_progress", "epoch": 45, "processed": 80, "total": 1005, "avg_loss": 0.18567764572799206, "elapsed_s": 32.96982402699359}
{"event": "dcase_train_progress", "epoch": 45, "processed": 120, "total": 1005, "avg_loss": 0.1819223535868029, "elapsed_s": 49.955243390999385}
{"event": "dcase_train_progress", "epoch": 45, "processed": 160, "total": 1005, "avg_loss": 0.17560392648447304, "elapsed_s": 67.00858806898759}
{"event": "dcase_train_progress", "epoch": 45, "processed": 200, "total": 1005, "avg_loss": 0.17303897788748146, "elapsed_s": 83.85946358498768}
{"event": "dcase_train_progress", "epoch": 45, "processed": 240, "total": 1005, "avg_loss": 0.16947569948000213, "elapsed_s": 101.410674490995}
{"event": "dcase_train_progress", "epoch": 45, "processed": 280, "total": 1005, "avg_loss": 0.17148312335567814, "elapsed_s": 118.4550230140012}
{"event": "dcase_train_progress", "epoch": 45, "processed": 320, "total": 1005, "avg_loss": 0.169787480996456, "elapsed_s": 136.52247273299145}
{"event": "dcase_train_progress", "epoch": 45, "processed": 360, "total": 1005, "avg_loss": 0.1704508393485513, "elapsed_s": 153.68266402599693}
{"event": "dcase_train_progress", "epoch": 45, "processed": 400, "total": 1005, "avg_loss": 0.17444155140779913, "elapsed_s": 170.07255564499064}
{"event": "dcase_train_progress", "epoch": 45, "processed": 440, "total": 1005, "avg_loss": 0.1762928041375496, "elapsed_s": 186.6412017019902}
{"event": "dcase_train_progress", "epoch": 45, "processed": 480, "total": 1005, "avg_loss": 0.17708637237859268, "elapsed_s": 204.0018108439981}
{"event": "dcase_train_progress", "epoch": 45, "processed": 520, "total": 1005, "avg_loss": 0.1765668688628536, "elapsed_s": 221.2289678419911}
{"event": "dcase_train_progress", "epoch": 45, "processed": 560, "total": 1005, "avg_loss": 0.17651335255109837, "elapsed_s": 238.16072418099793}
{"event": "dcase_train_progress", "epoch": 45, "processed": 600, "total": 1005, "avg_loss": 0.17824166576067607, "elapsed_s": 255.88555955099582}
{"event": "dcase_train_progress", "epoch": 45, "processed": 640, "total": 1005, "avg_loss": 0.1778915435541421, "elapsed_s": 273.2082227219944}
{"event": "dcase_train_progress", "epoch": 45, "processed": 680, "total": 1005, "avg_loss": 0.17872510105371475, "elapsed_s": 289.9044486509956}
{"event": "dcase_train_progress", "epoch": 45, "processed": 720, "total": 1005, "avg_loss": 0.17793983277450834, "elapsed_s": 306.1174893319985}
{"event": "dcase_train_progress", "epoch": 45, "processed": 760, "total": 1005, "avg_loss": 0.17686957063300437, "elapsed_s": 322.8729120809876}
{"event": "dcase_train_progress", "epoch": 45, "processed": 800, "total": 1005, "avg_loss": 0.17522653879830613, "elapsed_s": 340.22412901998905}
{"event": "dcase_train_progress", "epoch": 45, "processed": 840, "total": 1005, "avg_loss": 0.17478134310139076, "elapsed_s": 356.90439900899946}
{"event": "dcase_train_progress", "epoch": 45, "processed": 880, "total": 1005, "avg_loss": 0.17410183879758484, "elapsed_s": 373.7458442139905}
{"event": "dcase_train_progress", "epoch": 45, "processed": 920, "total": 1005, "avg_loss": 0.17418923242544027, "elapsed_s": 391.3539276759984}
{"event": "dcase_train_progress", "epoch": 45, "processed": 960, "total": 1005, "avg_loss": 0.1731465757843883, "elapsed_s": 408.44230435699865}
{"event": "dcase_train_progress", "epoch": 45, "processed": 1000, "total": 1005, "avg_loss": 0.17325462415628134, "elapsed_s": 427.02601724398846}
{"event": "dcase_train_progress", "epoch": 45, "processed": 1005, "total": 1005, "avg_loss": 0.17328193347660167, "elapsed_s": 429.6739150159992}
{"event": "dcase_validation_progress", "epoch": 45, "processed": 32, "total": 112}
{"event": "dcase_validation_progress", "epoch": 45, "processed": 64, "total": 112}
{"event": "dcase_validation_progress", "epoch": 45, "processed": 96, "total": 112}
{"event": "dcase_validation_progress", "epoch": 45, "processed": 112, "total": 112}
{"event": "dcase_epoch_complete", "epoch": 45, "train_loss": 0.17328193347660167, "val_doa_error_deg": 42.370101194296566, "val_folded_azimuth_rmse_deg": 42.83775596533503, "val_horizontal_assumption_rmsae_deg": 45.12614338525704, "epoch_time_s": 432.77266814399627}
{"event": "dcase_train_progress", "epoch": 46, "processed": 40, "total": 1005, "avg_loss": 0.14293178403750062, "elapsed_s": 17.67518039800052}
{"event": "dcase_train_progress", "epoch": 46, "processed": 80, "total": 1005, "avg_loss": 0.14628802142105995, "elapsed_s": 34.9890244010021}
{"event": "dcase_train_progress", "epoch": 46, "processed": 120, "total": 1005, "avg_loss": 0.14531316313271722, "elapsed_s": 51.93490389699582}
{"event": "dcase_train_progress", "epoch": 46, "processed": 160, "total": 1005, "avg_loss": 0.14971387938130648, "elapsed_s": 69.18364588600525}
{"event": "dcase_train_progress", "epoch": 46, "processed": 200, "total": 1005, "avg_loss": 0.15783150650560857, "elapsed_s": 86.76231994500267}
{"event": "dcase_train_progress", "epoch": 46, "processed": 240, "total": 1005, "avg_loss": 0.16552811965035896, "elapsed_s": 104.09746494499268}
{"event": "dcase_train_progress", "epoch": 46, "processed": 280, "total": 1005, "avg_loss": 0.1628000243101269, "elapsed_s": 121.89738035900518}
{"event": "dcase_train_progress", "epoch": 46, "processed": 320, "total": 1005, "avg_loss": 0.16403093780972994, "elapsed_s": 138.97584098599327}
{"event": "dcase_train_progress", "epoch": 46, "processed": 360, "total": 1005, "avg_loss": 0.1681636525162806, "elapsed_s": 156.35484773600183}
{"event": "dcase_train_progress", "epoch": 46, "processed": 400, "total": 1005, "avg_loss": 0.16620491676498206, "elapsed_s": 174.00429905699275}
{"event": "dcase_train_progress", "epoch": 46, "processed": 440, "total": 1005, "avg_loss": 0.16872984237376262, "elapsed_s": 190.78800730399962}
{"event": "dcase_train_progress", "epoch": 46, "processed": 480, "total": 1005, "avg_loss": 0.17089166295481845, "elapsed_s": 206.98901688700425}
{"event": "dcase_train_progress", "epoch": 46, "processed": 520, "total": 1005, "avg_loss": 0.17047725339563422, "elapsed_s": 224.2436804129975}
{"event": "dcase_train_progress", "epoch": 46, "processed": 560, "total": 1005, "avg_loss": 0.17067706184129097, "elapsed_s": 240.88006770900392}
{"event": "dcase_train_progress", "epoch": 46, "processed": 600, "total": 1005, "avg_loss": 0.1715680333195875, "elapsed_s": 258.10789745900547}
{"event": "dcase_train_progress", "epoch": 46, "processed": 640, "total": 1005, "avg_loss": 0.17102117110334802, "elapsed_s": 275.46943984899553}
{"event": "dcase_train_progress", "epoch": 46, "processed": 680, "total": 1005, "avg_loss": 0.17256381028770085, "elapsed_s": 292.79467901500175}
{"event": "dcase_train_progress", "epoch": 46, "processed": 720, "total": 1005, "avg_loss": 0.17241414983291178, "elapsed_s": 310.2490039139957}
{"event": "dcase_train_progress", "epoch": 46, "processed": 760, "total": 1005, "avg_loss": 0.17223380824894105, "elapsed_s": 327.01249485000153}
{"event": "dcase_train_progress", "epoch": 46, "processed": 800, "total": 1005, "avg_loss": 0.1715135633177124, "elapsed_s": 344.46493235899834}
{"event": "dcase_train_progress", "epoch": 46, "processed": 840, "total": 1005, "avg_loss": 0.1725201772947219, "elapsed_s": 361.767977800002}
{"event": "dcase_train_progress", "epoch": 46, "processed": 880, "total": 1005, "avg_loss": 0.17316908041988924, "elapsed_s": 379.3166757190047}
{"event": "dcase_train_progress", "epoch": 46, "processed": 920, "total": 1005, "avg_loss": 0.17247209812757439, "elapsed_s": 396.75237363499764}
{"event": "dcase_train_progress", "epoch": 46, "processed": 960, "total": 1005, "avg_loss": 0.17250634995871222, "elapsed_s": 413.9679286489991}
{"event": "dcase_train_progress", "epoch": 46, "processed": 1000, "total": 1005, "avg_loss": 0.17245718142203986, "elapsed_s": 429.9701622959983}
{"event": "dcase_train_progress", "epoch": 46, "processed": 1005, "total": 1005, "avg_loss": 0.17284979019406718, "elapsed_s": 432.6559891999932}
{"event": "dcase_validation_progress", "epoch": 46, "processed": 32, "total": 112}
{"event": "dcase_validation_progress", "epoch": 46, "processed": 64, "total": 112}
{"event": "dcase_validation_progress", "epoch": 46, "processed": 96, "total": 112}
{"event": "dcase_validation_progress", "epoch": 46, "processed": 112, "total": 112}
{"event": "dcase_epoch_complete", "epoch": 46, "train_loss": 0.17284979019406718, "val_doa_error_deg": 42.64602548735483, "val_folded_azimuth_rmse_deg": 42.99471089243889, "val_horizontal_assumption_rmsae_deg": 45.25043378557478, "epoch_time_s": 436.14555631700205}
{"event": "dcase_train_progress", "epoch": 47, "processed": 40, "total": 1005, "avg_loss": 0.19627260379493236, "elapsed_s": 18.267711974011036}
{"event": "dcase_train_progress", "epoch": 47, "processed": 80, "total": 1005, "avg_loss": 0.18110045101493596, "elapsed_s": 35.5872899399983}
{"event": "dcase_train_progress", "epoch": 47, "processed": 120, "total": 1005, "avg_loss": 0.191925418873628, "elapsed_s": 52.37240783400193}
{"event": "dcase_train_progress", "epoch": 47, "processed": 160, "total": 1005, "avg_loss": 0.1852127830963582, "elapsed_s": 69.581674940011}
{"event": "dcase_train_progress", "epoch": 47, "processed": 200, "total": 1005, "avg_loss": 0.18034538991749285, "elapsed_s": 86.19468220800627}
{"event": "dcase_train_progress", "epoch": 47, "processed": 240, "total": 1005, "avg_loss": 0.1783080405400445, "elapsed_s": 103.38309437200951}
{"event": "dcase_train_progress", "epoch": 47, "processed": 280, "total": 1005, "avg_loss": 0.1820201720244118, "elapsed_s": 120.2016732070042}
{"event": "dcase_train_progress", "epoch": 47, "processed": 320, "total": 1005, "avg_loss": 0.18072199884336443, "elapsed_s": 137.24666256400815}
{"event": "dcase_train_progress", "epoch": 47, "processed": 360, "total": 1005, "avg_loss": 0.17778920505920218, "elapsed_s": 155.1544712150062}
{"event": "dcase_train_progress", "epoch": 47, "processed": 400, "total": 1005, "avg_loss": 0.1786069812020287, "elapsed_s": 172.6907912450115}
{"event": "dcase_train_progress", "epoch": 47, "processed": 440, "total": 1005, "avg_loss": 0.17802589694038035, "elapsed_s": 190.33504805900156}
{"event": "dcase_train_progress", "epoch": 47, "processed": 480, "total": 1005, "avg_loss": 0.1771260585868731, "elapsed_s": 207.24869675200898}
{"event": "dcase_train_progress", "epoch": 47, "processed": 520, "total": 1005, "avg_loss": 0.17695635434669943, "elapsed_s": 224.008481752011}
{"event": "dcase_train_progress", "epoch": 47, "processed": 560, "total": 1005, "avg_loss": 0.17757855099625885, "elapsed_s": 241.4435745570081}
{"event": "dcase_train_progress", "epoch": 47, "processed": 600, "total": 1005, "avg_loss": 0.17598784067357578, "elapsed_s": 258.37113129600766}
{"event": "dcase_train_progress", "epoch": 47, "processed": 640, "total": 1005, "avg_loss": 0.1768670165038202, "elapsed_s": 275.59986475600454}
{"event": "dcase_train_progress", "epoch": 47, "processed": 680, "total": 1005, "avg_loss": 0.17762851188616718, "elapsed_s": 293.01830070900905}
{"event": "dcase_train_progress", "epoch": 47, "processed": 720, "total": 1005, "avg_loss": 0.1782940073300981, "elapsed_s": 310.15830970500247}
{"event": "dcase_train_progress", "epoch": 47, "processed": 760, "total": 1005, "avg_loss": 0.1772612251292326, "elapsed_s": 327.4089672830014}
{"event": "dcase_train_progress", "epoch": 47, "processed": 800, "total": 1005, "avg_loss": 0.1782532418612391, "elapsed_s": 344.1790543550014}
{"event": "dcase_train_progress", "epoch": 47, "processed": 840, "total": 1005, "avg_loss": 0.17803358388621182, "elapsed_s": 361.46192536200397}
{"event": "dcase_train_progress", "epoch": 47, "processed": 880, "total": 1005, "avg_loss": 0.17716498378325593, "elapsed_s": 378.833370346998}
{"event": "dcase_train_progress", "epoch": 47, "processed": 920, "total": 1005, "avg_loss": 0.176456631169371, "elapsed_s": 396.1927078180015}
{"event": "dcase_train_progress", "epoch": 47, "processed": 960, "total": 1005, "avg_loss": 0.1753727418797401, "elapsed_s": 413.2673994900106}
{"event": "dcase_train_progress", "epoch": 47, "processed": 1000, "total": 1005, "avg_loss": 0.1734750046879053, "elapsed_s": 430.0541369840066}
{"event": "dcase_train_progress", "epoch": 47, "processed": 1005, "total": 1005, "avg_loss": 0.1732176716128985, "elapsed_s": 432.6359586489998}
{"event": "dcase_validation_progress", "epoch": 47, "processed": 32, "total": 112}
{"event": "dcase_validation_progress", "epoch": 47, "processed": 64, "total": 112}
{"event": "dcase_validation_progress", "epoch": 47, "processed": 96, "total": 112}
{"event": "dcase_validation_progress", "epoch": 47, "processed": 112, "total": 112}
{"event": "dcase_epoch_complete", "epoch": 47, "train_loss": 0.1732176716128985, "val_doa_error_deg": 42.35318127487387, "val_folded_azimuth_rmse_deg": 42.59790694287845, "val_horizontal_assumption_rmsae_deg": 45.0351537913084, "epoch_time_s": 435.38706499499676}
{"event": "dcase_train_progress", "epoch": 48, "processed": 40, "total": 1005, "avg_loss": 0.16570127997547388, "elapsed_s": 17.43493865900382}
{"event": "dcase_train_progress", "epoch": 48, "processed": 80, "total": 1005, "avg_loss": 0.1560260036494583, "elapsed_s": 34.07919072500954}
{"event": "dcase_train_progress", "epoch": 48, "processed": 120, "total": 1005, "avg_loss": 0.14554396628712615, "elapsed_s": 50.820621627004584}
{"event": "dcase_train_progress", "epoch": 48, "processed": 160, "total": 1005, "avg_loss": 0.14801017889985815, "elapsed_s": 68.71930820000125}
{"event": "dcase_train_progress", "epoch": 48, "processed": 200, "total": 1005, "avg_loss": 0.1546826331038028, "elapsed_s": 86.02480405299866}
{"event": "dcase_train_progress", "epoch": 48, "processed": 240, "total": 1005, "avg_loss": 0.16115746810877074, "elapsed_s": 102.69126048800536}
{"event": "dcase_train_progress", "epoch": 48, "processed": 280, "total": 1005, "avg_loss": 0.16588878174578506, "elapsed_s": 119.64379214200017}
{"event": "dcase_train_progress", "epoch": 48, "processed": 320, "total": 1005, "avg_loss": 0.1667166140920017, "elapsed_s": 136.70295836700825}
{"event": "dcase_train_progress", "epoch": 48, "processed": 360, "total": 1005, "avg_loss": 0.1679538525796185, "elapsed_s": 153.53606479300652}
{"event": "dcase_train_progress", "epoch": 48, "processed": 400, "total": 1005, "avg_loss": 0.16780794334132224, "elapsed_s": 171.32378199600498}
{"event": "dcase_train_progress", "epoch": 48, "processed": 440, "total": 1005, "avg_loss": 0.1689525703687898, "elapsed_s": 188.73310958700313}
{"event": "dcase_train_progress", "epoch": 48, "processed": 480, "total": 1005, "avg_loss": 0.1692770776998562, "elapsed_s": 205.30237631899945}
{"event": "dcase_train_progress", "epoch": 48, "processed": 520, "total": 1005, "avg_loss": 0.16872433845956739, "elapsed_s": 222.36622338800225}
{"event": "dcase_train_progress", "epoch": 48, "processed": 560, "total": 1005, "avg_loss": 0.16912645466758736, "elapsed_s": 232.20510423500673}
{"event": "dcase_train_progress", "epoch": 48, "processed": 600, "total": 1005, "avg_loss": 0.1690722095904251, "elapsed_s": 239.83708690899948}
{"event": "dcase_train_progress", "epoch": 48, "processed": 640, "total": 1005, "avg_loss": 0.1701969461515546, "elapsed_s": 247.710752554005}
{"event": "dcase_train_progress", "epoch": 48, "processed": 680, "total": 1005, "avg_loss": 0.1720117813195376, "elapsed_s": 255.52941094900598}
{"event": "dcase_train_progress", "epoch": 48, "processed": 720, "total": 1005, "avg_loss": 0.17345409980561172, "elapsed_s": 263.1305577910098}
{"event": "dcase_train_progress", "epoch": 48, "processed": 760, "total": 1005, "avg_loss": 0.1738582999396481, "elapsed_s": 271.0294545390061}
{"event": "dcase_train_progress", "epoch": 48, "processed": 800, "total": 1005, "avg_loss": 0.17540192089043558, "elapsed_s": 278.73838037101086}
{"event": "dcase_train_progress", "epoch": 48, "processed": 840, "total": 1005, "avg_loss": 0.17496004838141657, "elapsed_s": 286.6064318190038}
{"event": "dcase_train_progress", "epoch": 48, "processed": 880, "total": 1005, "avg_loss": 0.17585187266496094, "elapsed_s": 294.7085346110107}
{"event": "dcase_train_progress", "epoch": 48, "processed": 920, "total": 1005, "avg_loss": 0.174552679280548, "elapsed_s": 302.6391879790026}
{"event": "dcase_train_progress", "epoch": 48, "processed": 960, "total": 1005, "avg_loss": 0.17459016863722354, "elapsed_s": 310.35736911999993}
{"event": "dcase_train_progress", "epoch": 48, "processed": 1000, "total": 1005, "avg_loss": 0.1732871737908572, "elapsed_s": 320.2725369770051}
{"event": "dcase_train_progress", "epoch": 48, "processed": 1005, "total": 1005, "avg_loss": 0.17323461594013728, "elapsed_s": 322.7390167190024}
{"event": "dcase_validation_progress", "epoch": 48, "processed": 32, "total": 112}
{"event": "dcase_validation_progress", "epoch": 48, "processed": 64, "total": 112}
{"event": "dcase_validation_progress", "epoch": 48, "processed": 96, "total": 112}
{"event": "dcase_validation_progress", "epoch": 48, "processed": 112, "total": 112}
{"event": "dcase_epoch_complete", "epoch": 48, "train_loss": 0.17323461594013728, "val_doa_error_deg": 42.405831473214285, "val_folded_azimuth_rmse_deg": 42.677100143262315, "val_horizontal_assumption_rmsae_deg": 44.97988741738455, "epoch_time_s": 325.2373326550005}
{"event": "dcase_train_progress", "epoch": 49, "processed": 40, "total": 1005, "avg_loss": 0.16709925290197133, "elapsed_s": 17.25330648900126}
{"event": "dcase_train_progress", "epoch": 49, "processed": 80, "total": 1005, "avg_loss": 0.18544986424967647, "elapsed_s": 33.60049912100658}
{"event": "dcase_train_progress", "epoch": 49, "processed": 120, "total": 1005, "avg_loss": 0.1750696779228747, "elapsed_s": 50.32500326100853}
{"event": "dcase_train_progress", "epoch": 49, "processed": 160, "total": 1005, "avg_loss": 0.1739199847681448, "elapsed_s": 66.82704150000063}
{"event": "dcase_train_progress", "epoch": 49, "processed": 200, "total": 1005, "avg_loss": 0.17354941224679352, "elapsed_s": 84.293359333009}
{"event": "dcase_train_progress", "epoch": 49, "processed": 240, "total": 1005, "avg_loss": 0.17195968211938936, "elapsed_s": 101.76639527600491}
{"event": "dcase_train_progress", "epoch": 49, "processed": 280, "total": 1005, "avg_loss": 0.1705117410847119, "elapsed_s": 118.61563743899751}
{"event": "dcase_train_progress", "epoch": 49, "processed": 320, "total": 1005, "avg_loss": 0.17281337737804278, "elapsed_s": 135.6572491780098}
{"event": "dcase_train_progress", "epoch": 49, "processed": 360, "total": 1005, "avg_loss": 0.17252497831359506, "elapsed_s": 152.9725443089992}
{"event": "dcase_train_progress", "epoch": 49, "processed": 400, "total": 1005, "avg_loss": 0.173911383068189, "elapsed_s": 170.39489208901068}
{"event": "dcase_train_progress", "epoch": 49, "processed": 440, "total": 1005, "avg_loss": 0.17249579260295086, "elapsed_s": 187.43682717700722}
{"event": "dcase_train_progress", "epoch": 49, "processed": 480, "total": 1005, "avg_loss": 0.17112190743597847, "elapsed_s": 204.69018026800768}
{"event": "dcase_train_progress", "epoch": 49, "processed": 520, "total": 1005, "avg_loss": 0.17139500975608826, "elapsed_s": 222.02072091100854}
{"event": "dcase_train_progress", "epoch": 49, "processed": 560, "total": 1005, "avg_loss": 0.17110555179284087, "elapsed_s": 239.42646768401028}
{"event": "dcase_train_progress", "epoch": 49, "processed": 600, "total": 1005, "avg_loss": 0.17172114343071979, "elapsed_s": 256.7429703270027}
{"event": "dcase_train_progress", "epoch": 49, "processed": 640, "total": 1005, "avg_loss": 0.17271754007670098, "elapsed_s": 273.8814446500037}
{"event": "dcase_train_progress", "epoch": 49, "processed": 680, "total": 1005, "avg_loss": 0.17282861972446828, "elapsed_s": 289.9419231409993}
{"event": "dcase_train_progress", "epoch": 49, "processed": 720, "total": 1005, "avg_loss": 0.17210735753696, "elapsed_s": 307.977320778009}
{"event": "dcase_train_progress", "epoch": 49, "processed": 760, "total": 1005, "avg_loss": 0.17292475685183156, "elapsed_s": 325.1698433540005}
{"event": "dcase_train_progress", "epoch": 49, "processed": 800, "total": 1005, "avg_loss": 0.17119655349757523, "elapsed_s": 341.7929968230019}
{"event": "dcase_train_progress", "epoch": 49, "processed": 840, "total": 1005, "avg_loss": 0.17107731846959462, "elapsed_s": 358.66264050301106}
{"event": "dcase_train_progress", "epoch": 49, "processed": 880, "total": 1005, "avg_loss": 0.1713819044874981, "elapsed_s": 376.16327960501076}
{"event": "dcase_train_progress", "epoch": 49, "processed": 920, "total": 1005, "avg_loss": 0.17155639565468805, "elapsed_s": 392.5332301419985}
{"event": "dcase_train_progress", "epoch": 49, "processed": 960, "total": 1005, "avg_loss": 0.17206199187591362, "elapsed_s": 409.4249603940116}
{"event": "dcase_train_progress", "epoch": 49, "processed": 1000, "total": 1005, "avg_loss": 0.173294288424775, "elapsed_s": 426.3522008630098}
{"event": "dcase_train_progress", "epoch": 49, "processed": 1005, "total": 1005, "avg_loss": 0.1734883986580283, "elapsed_s": 428.6126440220105}
{"event": "dcase_validation_progress", "epoch": 49, "processed": 32, "total": 112}
{"event": "dcase_validation_progress", "epoch": 49, "processed": 64, "total": 112}
{"event": "dcase_validation_progress", "epoch": 49, "processed": 96, "total": 112}
{"event": "dcase_validation_progress", "epoch": 49, "processed": 112, "total": 112}
{"event": "dcase_epoch_complete", "epoch": 49, "train_loss": 0.1734883986580283, "val_doa_error_deg": 41.68128254158156, "val_folded_azimuth_rmse_deg": 42.11641579866409, "val_horizontal_assumption_rmsae_deg": 45.084159853202955, "epoch_time_s": 432.26772894800524}
{"event": "dcase_train_progress", "epoch": 50, "processed": 40, "total": 1005, "avg_loss": 0.18763181064277887, "elapsed_s": 16.83510454899806}
{"event": "dcase_train_progress", "epoch": 50, "processed": 80, "total": 1005, "avg_loss": 0.18391106901690363, "elapsed_s": 33.773672590992646}
{"event": "dcase_train_progress", "epoch": 50, "processed": 120, "total": 1005, "avg_loss": 0.17671915038178365, "elapsed_s": 51.6893235680036}
{"event": "dcase_train_progress", "epoch": 50, "processed": 160, "total": 1005, "avg_loss": 0.17826678932178766, "elapsed_s": 68.68332657200517}
{"event": "dcase_train_progress", "epoch": 50, "processed": 200, "total": 1005, "avg_loss": 0.18330558297224342, "elapsed_s": 85.83775653700286}
{"event": "dcase_train_progress", "epoch": 50, "processed": 240, "total": 1005, "avg_loss": 0.1807674208888784, "elapsed_s": 102.09598010199261}
{"event": "dcase_train_progress", "epoch": 50, "processed": 280, "total": 1005, "avg_loss": 0.18032775573831583, "elapsed_s": 118.92884530400624}
{"event": "dcase_train_progress", "epoch": 50, "processed": 320, "total": 1005, "avg_loss": 0.17975271507748403, "elapsed_s": 136.40628266900603}
{"event": "dcase_train_progress", "epoch": 50, "processed": 360, "total": 1005, "avg_loss": 0.179006936116558, "elapsed_s": 154.17619700300565}
{"event": "dcase_train_progress", "epoch": 50, "processed": 400, "total": 1005, "avg_loss": 0.18141026504803448, "elapsed_s": 171.66834776400356}
{"event": "dcase_train_progress", "epoch": 50, "processed": 440, "total": 1005, "avg_loss": 0.17968193097463386, "elapsed_s": 189.66950529300084}
{"event": "dcase_train_progress", "epoch": 50, "processed": 480, "total": 1005, "avg_loss": 0.1776592948900846, "elapsed_s": 207.31411202599702}
{"event": "dcase_train_progress", "epoch": 50, "processed": 520, "total": 1005, "avg_loss": 0.1763076457159164, "elapsed_s": 223.78797790499812}
{"event": "dcase_train_progress", "epoch": 50, "processed": 560, "total": 1005, "avg_loss": 0.17644196233512568, "elapsed_s": 240.79851190499903}
{"event": "dcase_train_progress", "epoch": 50, "processed": 600, "total": 1005, "avg_loss": 0.1766681961994618, "elapsed_s": 257.8040293719969}
{"event": "dcase_train_progress", "epoch": 50, "processed": 640, "total": 1005, "avg_loss": 0.17599657120008488, "elapsed_s": 275.79344281299564}
{"event": "dcase_train_progress", "epoch": 50, "processed": 680, "total": 1005, "avg_loss": 0.1745188903200495, "elapsed_s": 293.15641889799736}
{"event": "dcase_train_progress", "epoch": 50, "processed": 720, "total": 1005, "avg_loss": 0.17329511867266975, "elapsed_s": 310.82961322099436}
{"event": "dcase_train_progress", "epoch": 50, "processed": 760, "total": 1005, "avg_loss": 0.17374259778298437, "elapsed_s": 327.72160535899457}
{"event": "dcase_train_progress", "epoch": 50, "processed": 800, "total": 1005, "avg_loss": 0.17335706632817163, "elapsed_s": 344.50501175699173}
{"event": "dcase_train_progress", "epoch": 50, "processed": 840, "total": 1005, "avg_loss": 0.17218707811885647, "elapsed_s": 361.74533831200097}
{"event": "dcase_train_progress", "epoch": 50, "processed": 880, "total": 1005, "avg_loss": 0.17168308758938855, "elapsed_s": 379.31877506799356}
{"event": "dcase_train_progress", "epoch": 50, "processed": 920, "total": 1005, "avg_loss": 0.17265426194214303, "elapsed_s": 395.94678636000026}
{"event": "dcase_train_progress", "epoch": 50, "processed": 960, "total": 1005, "avg_loss": 0.17275351390708238, "elapsed_s": 412.34814477700274}
{"event": "dcase_train_progress", "epoch": 50, "processed": 1000, "total": 1005, "avg_loss": 0.17265892290510237, "elapsed_s": 429.89476557599846}
{"event": "dcase_train_progress", "epoch": 50, "processed": 1005, "total": 1005, "avg_loss": 0.173165219215982, "elapsed_s": 432.27453884200077}
{"event": "dcase_validation_progress", "epoch": 50, "processed": 32, "total": 112}
{"event": "dcase_validation_progress", "epoch": 50, "processed": 64, "total": 112}
{"event": "dcase_validation_progress", "epoch": 50, "processed": 96, "total": 112}
{"event": "dcase_validation_progress", "epoch": 50, "processed": 112, "total": 112}
{"event": "dcase_epoch_complete", "epoch": 50, "train_loss": 0.173165219215982, "val_doa_error_deg": 41.876818399344174, "val_folded_azimuth_rmse_deg": 42.27275603796755, "val_horizontal_assumption_rmsae_deg": 45.28626491768019, "epoch_time_s": 435.3259923459991}
{"event": "dcase_train_progress", "epoch": 51, "processed": 40, "total": 1005, "avg_loss": 0.1786323957145214, "elapsed_s": 16.99698545699357}
{"event": "dcase_train_progress", "epoch": 51, "processed": 80, "total": 1005, "avg_loss": 0.174118368094787, "elapsed_s": 33.66846118000103}
{"event": "dcase_train_progress", "epoch": 51, "processed": 120, "total": 1005, "avg_loss": 0.16286649353181323, "elapsed_s": 51.37842817600176}
{"event": "dcase_train_progress", "epoch": 51, "processed": 160, "total": 1005, "avg_loss": 0.1692214177804999, "elapsed_s": 68.44942778800032}
{"event": "dcase_train_progress", "epoch": 51, "processed": 200, "total": 1005, "avg_loss": 0.16927360552363097, "elapsed_s": 85.07334101600281}
{"event": "dcase_train_progress", "epoch": 51, "processed": 240, "total": 1005, "avg_loss": 0.1685802825493738, "elapsed_s": 101.34422730799997}
{"event": "dcase_train_progress", "epoch": 51, "processed": 280, "total": 1005, "avg_loss": 0.17348304077583765, "elapsed_s": 118.97224960199674}
{"event": "dcase_train_progress", "epoch": 51, "processed": 320, "total": 1005, "avg_loss": 0.17534469343372622, "elapsed_s": 135.58893359200738}
{"event": "dcase_train_progress", "epoch": 51, "processed": 360, "total": 1005, "avg_loss": 0.17337972368113697, "elapsed_s": 152.7188603520044}
{"event": "dcase_train_progress", "epoch": 51, "processed": 400, "total": 1005, "avg_loss": 0.17367577028926462, "elapsed_s": 170.1332044370065}
{"event": "dcase_train_progress", "epoch": 51, "processed": 440, "total": 1005, "avg_loss": 0.17147930415601215, "elapsed_s": 187.38197106300504}
{"event": "dcase_train_progress", "epoch": 51, "processed": 480, "total": 1005, "avg_loss": 0.17024262186217431, "elapsed_s": 204.8306220509985}
{"event": "dcase_train_progress", "epoch": 51, "processed": 520, "total": 1005, "avg_loss": 0.17162738505822533, "elapsed_s": 221.96293413400417}
{"event": "dcase_train_progress", "epoch": 51, "processed": 560, "total": 1005, "avg_loss": 0.17002470065240882, "elapsed_s": 238.94750925600238}
{"event": "dcase_train_progress", "epoch": 51, "processed": 600, "total": 1005, "avg_loss": 0.17245745266787707, "elapsed_s": 255.11250848599593}
{"event": "dcase_train_progress", "epoch": 51, "processed": 640, "total": 1005, "avg_loss": 0.1743321902846219, "elapsed_s": 273.03369921899866}
{"event": "dcase_train_progress", "epoch": 51, "processed": 680, "total": 1005, "avg_loss": 0.1739659626283409, "elapsed_s": 290.2083429930062}
{"event": "dcase_train_progress", "epoch": 51, "processed": 720, "total": 1005, "avg_loss": 0.17553044566108536, "elapsed_s": 306.528936193994}
{"event": "dcase_train_progress", "epoch": 51, "processed": 760, "total": 1005, "avg_loss": 0.17607785359662223, "elapsed_s": 322.9947986000043}
{"event": "dcase_train_progress", "epoch": 51, "processed": 800, "total": 1005, "avg_loss": 0.175328600902576, "elapsed_s": 340.1394242009992}
{"event": "dcase_train_progress", "epoch": 51, "processed": 840, "total": 1005, "avg_loss": 0.1753567394334823, "elapsed_s": 356.7023285530013}
{"event": "dcase_train_progress", "epoch": 51, "processed": 880, "total": 1005, "avg_loss": 0.1747344732898372, "elapsed_s": 373.8678305969952}
{"event": "dcase_train_progress", "epoch": 51, "processed": 920, "total": 1005, "avg_loss": 0.1756071999243906, "elapsed_s": 390.45970293799473}
{"event": "dcase_train_progress", "epoch": 51, "processed": 960, "total": 1005, "avg_loss": 0.1737626377628961, "elapsed_s": 407.7047331149952}
{"event": "dcase_train_progress", "epoch": 51, "processed": 1000, "total": 1005, "avg_loss": 0.1726797476168722, "elapsed_s": 425.204235489}
{"event": "dcase_train_progress", "epoch": 51, "processed": 1005, "total": 1005, "avg_loss": 0.17279036296207217, "elapsed_s": 428.0358197809983}
{"event": "dcase_validation_progress", "epoch": 51, "processed": 32, "total": 112}
{"event": "dcase_validation_progress", "epoch": 51, "processed": 64, "total": 112}
{"event": "dcase_validation_progress", "epoch": 51, "processed": 96, "total": 112}
{"event": "dcase_validation_progress", "epoch": 51, "processed": 112, "total": 112}
{"event": "dcase_epoch_complete", "epoch": 51, "train_loss": 0.17279036296207217, "val_doa_error_deg": 42.41988627399717, "val_folded_azimuth_rmse_deg": 42.81537265011242, "val_horizontal_assumption_rmsae_deg": 45.15743028691837, "epoch_time_s": 430.2063862729992}
{"event": "dcase_train_progress", "epoch": 52, "processed": 40, "total": 1005, "avg_loss": 0.15576105774380267, "elapsed_s": 17.12979356800497}
{"event": "dcase_train_progress", "epoch": 52, "processed": 80, "total": 1005, "avg_loss": 0.1741387719521299, "elapsed_s": 34.190124200002174}
{"event": "dcase_train_progress", "epoch": 52, "processed": 120, "total": 1005, "avg_loss": 0.16592893378498655, "elapsed_s": 50.821666040006676}
{"event": "dcase_train_progress", "epoch": 52, "processed": 160, "total": 1005, "avg_loss": 0.17351284465985373, "elapsed_s": 67.98197651900409}
{"event": "dcase_train_progress", "epoch": 52, "processed": 200, "total": 1005, "avg_loss": 0.1733735811430961, "elapsed_s": 85.08909834700171}
{"event": "dcase_train_progress", "epoch": 52, "processed": 240, "total": 1005, "avg_loss": 0.17419437043524036, "elapsed_s": 102.37509633900481}
{"event": "dcase_train_progress", "epoch": 52, "processed": 280, "total": 1005, "avg_loss": 0.1767616627937449, "elapsed_s": 119.34900586900767}
{"event": "dcase_train_progress", "epoch": 52, "processed": 320, "total": 1005, "avg_loss": 0.17596365844947287, "elapsed_s": 136.32635058500455}
{"event": "dcase_train_progress", "epoch": 52, "processed": 360, "total": 1005, "avg_loss": 0.17447800738219585, "elapsed_s": 153.993040019006}
{"event": "dcase_train_progress", "epoch": 52, "processed": 400, "total": 1005, "avg_loss": 0.17108980296645313, "elapsed_s": 171.68827522100764}
{"event": "dcase_train_progress", "epoch": 52, "processed": 440, "total": 1005, "avg_loss": 0.1726550462444059, "elapsed_s": 188.34069604901015}
{"event": "dcase_train_progress", "epoch": 52, "processed": 480, "total": 1005, "avg_loss": 0.1746313748920026, "elapsed_s": 205.36763214301027}
{"event": "dcase_train_progress", "epoch": 52, "processed": 520, "total": 1005, "avg_loss": 0.1739821032871707, "elapsed_s": 222.08808994801075}
{"event": "dcase_train_progress", "epoch": 52, "processed": 560, "total": 1005, "avg_loss": 0.17489741284599794, "elapsed_s": 238.70093296001141}
{"event": "dcase_train_progress", "epoch": 52, "processed": 600, "total": 1005, "avg_loss": 0.1752239257438729, "elapsed_s": 256.28859331800777}
{"event": "dcase_train_progress", "epoch": 52, "processed": 640, "total": 1005, "avg_loss": 0.17534924103820232, "elapsed_s": 273.19163381100225}
{"event": "dcase_train_progress", "epoch": 52, "processed": 680, "total": 1005, "avg_loss": 0.17512317301760263, "elapsed_s": 290.77622410100594}
{"event": "dcase_train_progress", "epoch": 52, "processed": 720, "total": 1005, "avg_loss": 0.17461549111176283, "elapsed_s": 306.82214203401236}
{"event": "dcase_train_progress", "epoch": 52, "processed": 760, "total": 1005, "avg_loss": 0.17440720606644294, "elapsed_s": 323.68721713400737}
{"event": "dcase_train_progress", "epoch": 52, "processed": 800, "total": 1005, "avg_loss": 0.17380066792713478, "elapsed_s": 340.51056219301245}
{"event": "dcase_train_progress", "epoch": 52, "processed": 840, "total": 1005, "avg_loss": 0.17356987801114362, "elapsed_s": 358.1569744830049}
{"event": "dcase_train_progress", "epoch": 52, "processed": 880, "total": 1005, "avg_loss": 0.17144113442310216, "elapsed_s": 374.9107185160101}
{"event": "dcase_train_progress", "epoch": 52, "processed": 920, "total": 1005, "avg_loss": 0.17135906771189816, "elapsed_s": 391.2145973230072}
{"event": "dcase_train_progress", "epoch": 52, "processed": 960, "total": 1005, "avg_loss": 0.17262450344278477, "elapsed_s": 407.9795306360029}
{"event": "dcase_train_progress", "epoch": 52, "processed": 1000, "total": 1005, "avg_loss": 0.17283386967144906, "elapsed_s": 425.91652330500074}
{"event": "dcase_train_progress", "epoch": 52, "processed": 1005, "total": 1005, "avg_loss": 0.17297993034532116, "elapsed_s": 428.44361227301124}
{"event": "dcase_validation_progress", "epoch": 52, "processed": 32, "total": 112}
{"event": "dcase_validation_progress", "epoch": 52, "processed": 64, "total": 112}
{"event": "dcase_validation_progress", "epoch": 52, "processed": 96, "total": 112}
{"event": "dcase_validation_progress", "epoch": 52, "processed": 112, "total": 112}
{"event": "dcase_epoch_complete", "epoch": 52, "train_loss": 0.17297993034532116, "val_doa_error_deg": 41.9133990747588, "val_folded_azimuth_rmse_deg": 42.262191152998376, "val_horizontal_assumption_rmsae_deg": 45.23969806943621, "epoch_time_s": 430.5782684470032}
{"event": "dcase_train_progress", "epoch": 53, "processed": 40, "total": 1005, "avg_loss": 0.18510886570438742, "elapsed_s": 17.075989572011167}
{"event": "dcase_train_progress", "epoch": 53, "processed": 80, "total": 1005, "avg_loss": 0.17608728115446864, "elapsed_s": 33.375278077000985}
{"event": "dcase_train_progress", "epoch": 53, "processed": 120, "total": 1005, "avg_loss": 0.17560231729100148, "elapsed_s": 51.17617608400178}
{"event": "dcase_train_progress", "epoch": 53, "processed": 160, "total": 1005, "avg_loss": 0.18234582282602788, "elapsed_s": 68.12687869601359}
{"event": "dcase_train_progress", "epoch": 53, "processed": 200, "total": 1005, "avg_loss": 0.18281003065407275, "elapsed_s": 86.7944990810065}
{"event": "dcase_train_progress", "epoch": 53, "processed": 240, "total": 1005, "avg_loss": 0.18046291686284047, "elapsed_s": 103.6272313940135}
{"event": "dcase_train_progress", "epoch": 53, "processed": 280, "total": 1005, "avg_loss": 0.1787654555136604, "elapsed_s": 120.74364219600102}
{"event": "dcase_train_progress", "epoch": 53, "processed": 320, "total": 1005, "avg_loss": 0.1767028761911206, "elapsed_s": 138.06410055000742}
{"event": "dcase_train_progress", "epoch": 53, "processed": 360, "total": 1005, "avg_loss": 0.17560570085835125, "elapsed_s": 154.9237269580044}
{"event": "dcase_train_progress", "epoch": 53, "processed": 400, "total": 1005, "avg_loss": 0.1768266938906163, "elapsed_s": 171.7997454990109}
{"event": "dcase_train_progress", "epoch": 53, "processed": 440, "total": 1005, "avg_loss": 0.17648740286346187, "elapsed_s": 189.1303894270095}
{"event": "dcase_train_progress", "epoch": 53, "processed": 480, "total": 1005, "avg_loss": 0.17546177668652188, "elapsed_s": 206.06620430100884}
{"event": "dcase_train_progress", "epoch": 53, "processed": 520, "total": 1005, "avg_loss": 0.17332848818399585, "elapsed_s": 222.65267848000803}
{"event": "dcase_train_progress", "epoch": 53, "processed": 560, "total": 1005, "avg_loss": 0.1716777710576675, "elapsed_s": 240.24101996399986}
{"event": "dcase_train_progress", "epoch": 53, "processed": 600, "total": 1005, "avg_loss": 0.1719943458524843, "elapsed_s": 257.819918365014}
{"event": "dcase_train_progress", "epoch": 53, "processed": 640, "total": 1005, "avg_loss": 0.17142871462856418, "elapsed_s": 275.4713687320036}
{"event": "dcase_train_progress", "epoch": 53, "processed": 680, "total": 1005, "avg_loss": 0.1705738239812062, "elapsed_s": 293.116696313009}
{"event": "dcase_train_progress", "epoch": 53, "processed": 720, "total": 1005, "avg_loss": 0.16976725151244965, "elapsed_s": 309.77338760100247}
{"event": "dcase_train_progress", "epoch": 53, "processed": 760, "total": 1005, "avg_loss": 0.17015738828891985, "elapsed_s": 327.5391240510071}
{"event": "dcase_train_progress", "epoch": 53, "processed": 800, "total": 1005, "avg_loss": 0.17090367624536157, "elapsed_s": 344.82846796400554}
{"event": "dcase_train_progress", "epoch": 53, "processed": 840, "total": 1005, "avg_loss": 0.17126404625541042, "elapsed_s": 361.12274226501177}
{"event": "dcase_train_progress", "epoch": 53, "processed": 880, "total": 1005, "avg_loss": 0.17147088810928504, "elapsed_s": 378.70323130300676}
{"event": "dcase_train_progress", "epoch": 53, "processed": 920, "total": 1005, "avg_loss": 0.17028526049714698, "elapsed_s": 395.30575148700154}
{"event": "dcase_train_progress", "epoch": 53, "processed": 960, "total": 1005, "avg_loss": 0.17149544488444615, "elapsed_s": 412.01997825900617}
{"event": "dcase_train_progress", "epoch": 53, "processed": 1000, "total": 1005, "avg_loss": 0.17276864259131253, "elapsed_s": 429.3140455780085}
{"event": "dcase_train_progress", "epoch": 53, "processed": 1005, "total": 1005, "avg_loss": 0.17267645581333496, "elapsed_s": 431.8039125010109}
{"event": "dcase_validation_progress", "epoch": 53, "processed": 32, "total": 112}
{"event": "dcase_validation_progress", "epoch": 53, "processed": 64, "total": 112}
{"event": "dcase_validation_progress", "epoch": 53, "processed": 96, "total": 112}
{"event": "dcase_validation_progress", "epoch": 53, "processed": 112, "total": 112}
{"event": "dcase_epoch_complete", "epoch": 53, "train_loss": 0.17267645581333496, "val_doa_error_deg": 41.339263807450024, "val_folded_azimuth_rmse_deg": 41.92349843893732, "val_horizontal_assumption_rmsae_deg": 45.07322310336998, "epoch_time_s": 434.4744979540119}
{"event": "dcase_train_progress", "epoch": 54, "processed": 40, "total": 1005, "avg_loss": 0.17575047314167022, "elapsed_s": 17.51811677099613}
{"event": "dcase_train_progress", "epoch": 54, "processed": 80, "total": 1005, "avg_loss": 0.1771161651238799, "elapsed_s": 35.48703694299911}
{"event": "dcase_train_progress", "epoch": 54, "processed": 120, "total": 1005, "avg_loss": 0.18834323386351268, "elapsed_s": 52.69912220700644}
{"event": "dcase_train_progress", "epoch": 54, "processed": 160, "total": 1005, "avg_loss": 0.19218777106143534, "elapsed_s": 70.50212406599894}
{"event": "dcase_train_progress", "epoch": 54, "processed": 200, "total": 1005, "avg_loss": 0.1873744536563754, "elapsed_s": 88.20118360299966}
{"event": "dcase_train_progress", "epoch": 54, "processed": 240, "total": 1005, "avg_loss": 0.18415633069040874, "elapsed_s": 104.61849731999973}
{"event": "dcase_train_progress", "epoch": 54, "processed": 280, "total": 1005, "avg_loss": 0.17880816985187786, "elapsed_s": 122.61188219800533}
{"event": "dcase_train_progress", "epoch": 54, "processed": 320, "total": 1005, "avg_loss": 0.1750829115859233, "elapsed_s": 139.67529117999948}
{"event": "dcase_train_progress", "epoch": 54, "processed": 360, "total": 1005, "avg_loss": 0.17597645869892503, "elapsed_s": 156.3943612879957}
{"event": "dcase_train_progress", "epoch": 54, "processed": 400, "total": 1005, "avg_loss": 0.17740259292535485, "elapsed_s": 173.89470400899881}
{"event": "dcase_train_progress", "epoch": 54, "processed": 440, "total": 1005, "avg_loss": 0.17590254833075133, "elapsed_s": 190.82317998900544}
{"event": "dcase_train_progress", "epoch": 54, "processed": 480, "total": 1005, "avg_loss": 0.17735854802497972, "elapsed_s": 207.28677264999715}
{"event": "dcase_train_progress", "epoch": 54, "processed": 520, "total": 1005, "avg_loss": 0.1757919190523143, "elapsed_s": 224.33629897799983}
{"event": "dcase_train_progress", "epoch": 54, "processed": 560, "total": 1005, "avg_loss": 0.17409942329728179, "elapsed_s": 241.41257237500395}
{"event": "dcase_train_progress", "epoch": 54, "processed": 600, "total": 1005, "avg_loss": 0.17462761984827618, "elapsed_s": 258.4157380149991}
{"event": "dcase_train_progress", "epoch": 54, "processed": 640, "total": 1005, "avg_loss": 0.17291640855255536, "elapsed_s": 275.1075766559952}
{"event": "dcase_train_progress", "epoch": 54, "processed": 680, "total": 1005, "avg_loss": 0.17191639189224908, "elapsed_s": 292.4490671990061}
{"event": "dcase_train_progress", "epoch": 54, "processed": 720, "total": 1005, "avg_loss": 0.1719326165323663, "elapsed_s": 309.3557144859951}
{"event": "dcase_train_progress", "epoch": 54, "processed": 760, "total": 1005, "avg_loss": 0.17227356291964258, "elapsed_s": 326.1948018069961}
{"event": "dcase_train_progress", "epoch": 54, "processed": 800, "total": 1005, "avg_loss": 0.17159717400791125, "elapsed_s": 342.85320008599956}
{"event": "dcase_train_progress", "epoch": 54, "processed": 840, "total": 1005, "avg_loss": 0.17102693008658076, "elapsed_s": 359.663483109005}
{"event": "dcase_train_progress", "epoch": 54, "processed": 880, "total": 1005, "avg_loss": 0.17052257188214837, "elapsed_s": 377.6287540689955}
{"event": "dcase_train_progress", "epoch": 54, "processed": 920, "total": 1005, "avg_loss": 0.17164063185412923, "elapsed_s": 394.29778110899497}
{"event": "dcase_train_progress", "epoch": 54, "processed": 960, "total": 1005, "avg_loss": 0.17194949132972398, "elapsed_s": 411.12466419499833}
{"event": "dcase_train_progress", "epoch": 54, "processed": 1000, "total": 1005, "avg_loss": 0.17255829174630344, "elapsed_s": 427.81642997599556}
{"event": "dcase_train_progress", "epoch": 54, "processed": 1005, "total": 1005, "avg_loss": 0.1722906241944032, "elapsed_s": 430.2655563349981}
{"event": "dcase_validation_progress", "epoch": 54, "processed": 32, "total": 112}
{"event": "dcase_validation_progress", "epoch": 54, "processed": 64, "total": 112}
{"event": "dcase_validation_progress", "epoch": 54, "processed": 96, "total": 112}
{"event": "dcase_validation_progress", "epoch": 54, "processed": 112, "total": 112}
{"event": "dcase_epoch_complete", "epoch": 54, "train_loss": 0.1722906241944032, "val_doa_error_deg": 42.11281182297638, "val_folded_azimuth_rmse_deg": 42.39983958218779, "val_horizontal_assumption_rmsae_deg": 44.988253442304476, "epoch_time_s": 433.9359745679976}
{"event": "dcase_train_progress", "epoch": 55, "processed": 40, "total": 1005, "avg_loss": 0.19228289676830174, "elapsed_s": 17.248026834000484}
{"event": "dcase_train_progress", "epoch": 55, "processed": 80, "total": 1005, "avg_loss": 0.19447552799247206, "elapsed_s": 34.72495601099217}
{"event": "dcase_train_progress", "epoch": 55, "processed": 120, "total": 1005, "avg_loss": 0.18935261837517223, "elapsed_s": 52.22944659300265}
{"event": "dcase_train_progress", "epoch": 55, "processed": 160, "total": 1005, "avg_loss": 0.18247618509922175, "elapsed_s": 69.2859159619984}
{"event": "dcase_train_progress", "epoch": 55, "processed": 200, "total": 1005, "avg_loss": 0.17991692459210754, "elapsed_s": 86.83484451999539}
{"event": "dcase_train_progress", "epoch": 55, "processed": 240, "total": 1005, "avg_loss": 0.17910581949787835, "elapsed_s": 103.9505741049943}
{"event": "dcase_train_progress", "epoch": 55, "processed": 280, "total": 1005, "avg_loss": 0.17757890329563192, "elapsed_s": 121.45989007099706}
{"event": "dcase_train_progress", "epoch": 55, "processed": 320, "total": 1005, "avg_loss": 0.17664563892176374, "elapsed_s": 138.38208012499672}
{"event": "dcase_train_progress", "epoch": 55, "processed": 360, "total": 1005, "avg_loss": 0.17878220796378122, "elapsed_s": 155.16384635599388}
{"event": "dcase_train_progress", "epoch": 55, "processed": 400, "total": 1005, "avg_loss": 0.17869935576803983, "elapsed_s": 172.0715857890027}
{"event": "dcase_train_progress", "epoch": 55, "processed": 440, "total": 1005, "avg_loss": 0.17600024069066753, "elapsed_s": 189.4983171079948}
{"event": "dcase_train_progress", "epoch": 55, "processed": 480, "total": 1005, "avg_loss": 0.1747096644792085, "elapsed_s": 206.6436409099988}
{"event": "dcase_train_progress", "epoch": 55, "processed": 520, "total": 1005, "avg_loss": 0.17391404574736952, "elapsed_s": 223.23984157400264}
{"event": "dcase_train_progress", "epoch": 55, "processed": 560, "total": 1005, "avg_loss": 0.17198261077781873, "elapsed_s": 241.24239844999101}
{"event": "dcase_train_progress", "epoch": 55, "processed": 600, "total": 1005, "avg_loss": 0.17076938974981506, "elapsed_s": 257.60321632599516}
{"event": "dcase_train_progress", "epoch": 55, "processed": 640, "total": 1005, "avg_loss": 0.1724862346134614, "elapsed_s": 274.8416634489986}
{"event": "dcase_train_progress", "epoch": 55, "processed": 680, "total": 1005, "avg_loss": 0.1727562979411553, "elapsed_s": 291.4065631889971}
{"event": "dcase_train_progress", "epoch": 55, "processed": 720, "total": 1005, "avg_loss": 0.17268518710301983, "elapsed_s": 309.19106230000034}
{"event": "dcase_train_progress", "epoch": 55, "processed": 760, "total": 1005, "avg_loss": 0.17233762732265812, "elapsed_s": 326.0525359029998}
{"event": "dcase_train_progress", "epoch": 55, "processed": 800, "total": 1005, "avg_loss": 0.17322241762652993, "elapsed_s": 343.45020761099295}
{"event": "dcase_train_progress", "epoch": 55, "processed": 840, "total": 1005, "avg_loss": 0.17372607713831323, "elapsed_s": 360.81737114599673}
{"event": "dcase_train_progress", "epoch": 55, "processed": 880, "total": 1005, "avg_loss": 0.17271552705629306, "elapsed_s": 377.52825355000095}
{"event": "dcase_train_progress", "epoch": 55, "processed": 920, "total": 1005, "avg_loss": 0.17306471622508504, "elapsed_s": 394.2085611910006}
{"event": "dcase_train_progress", "epoch": 55, "processed": 960, "total": 1005, "avg_loss": 0.1738709882988284, "elapsed_s": 411.08141990999866}
{"event": "dcase_train_progress", "epoch": 55, "processed": 1000, "total": 1005, "avg_loss": 0.17305327183194458, "elapsed_s": 427.7916023229918}
{"event": "dcase_train_progress", "epoch": 55, "processed": 1005, "total": 1005, "avg_loss": 0.1730830098784978, "elapsed_s": 430.3508357999963}
{"event": "dcase_validation_progress", "epoch": 55, "processed": 32, "total": 112}
{"event": "dcase_validation_progress", "epoch": 55, "processed": 64, "total": 112}
{"event": "dcase_validation_progress", "epoch": 55, "processed": 96, "total": 112}
{"event": "dcase_validation_progress", "epoch": 55, "processed": 112, "total": 112}
{"event": "dcase_epoch_complete", "epoch": 55, "train_loss": 0.1730830098784978, "val_doa_error_deg": 41.8647331318685, "val_folded_azimuth_rmse_deg": 42.341742634773254, "val_horizontal_assumption_rmsae_deg": 45.17939957976341, "epoch_time_s": 432.7524358609953}
{"event": "dcase_train_progress", "epoch": 56, "processed": 40, "total": 1005, "avg_loss": 0.18212693184614182, "elapsed_s": 18.334786503008218}
{"event": "dcase_train_progress", "epoch": 56, "processed": 80, "total": 1005, "avg_loss": 0.1794159513898194, "elapsed_s": 34.94854769100493}
{"event": "dcase_train_progress", "epoch": 56, "processed": 120, "total": 1005, "avg_loss": 0.18008698004608353, "elapsed_s": 52.55190920601308}
{"event": "dcase_train_progress", "epoch": 56, "processed": 160, "total": 1005, "avg_loss": 0.18540048266295345, "elapsed_s": 69.90397037600633}
{"event": "dcase_train_progress", "epoch": 56, "processed": 200, "total": 1005, "avg_loss": 0.18816837700083852, "elapsed_s": 87.18031487900589}
{"event": "dcase_train_progress", "epoch": 56, "processed": 240, "total": 1005, "avg_loss": 0.18659811654749017, "elapsed_s": 104.34627056001045}
{"event": "dcase_train_progress", "epoch": 56, "processed": 280, "total": 1005, "avg_loss": 0.18273804859657372, "elapsed_s": 119.8852989210136}
{"event": "dcase_train_progress", "epoch": 56, "processed": 320, "total": 1005, "avg_loss": 0.17600338301854207, "elapsed_s": 136.74975044401072}
{"event": "dcase_train_progress", "epoch": 56, "processed": 360, "total": 1005, "avg_loss": 0.17367779777074854, "elapsed_s": 153.714919681006}
{"event": "dcase_train_progress", "epoch": 56, "processed": 400, "total": 1005, "avg_loss": 0.17516998895443975, "elapsed_s": 170.71828531000938}
{"event": "dcase_train_progress", "epoch": 56, "processed": 440, "total": 1005, "avg_loss": 0.17592971408739685, "elapsed_s": 187.19689691900567}
{"event": "dcase_train_progress", "epoch": 56, "processed": 480, "total": 1005, "avg_loss": 0.17610529114802678, "elapsed_s": 204.118463471008}
{"event": "dcase_train_progress", "epoch": 56, "processed": 520, "total": 1005, "avg_loss": 0.17628556628926442, "elapsed_s": 221.03594527000678}
{"event": "dcase_train_progress", "epoch": 56, "processed": 560, "total": 1005, "avg_loss": 0.17786310194060206, "elapsed_s": 238.4924125240068}
{"event": "dcase_train_progress", "epoch": 56, "processed": 600, "total": 1005, "avg_loss": 0.1754486954646806, "elapsed_s": 255.64164545200765}
{"event": "dcase_train_progress", "epoch": 56, "processed": 640, "total": 1005, "avg_loss": 0.1728129370661918, "elapsed_s": 273.1855337670131}
{"event": "dcase_train_progress", "epoch": 56, "processed": 680, "total": 1005, "avg_loss": 0.17178310740410405, "elapsed_s": 289.95429470200907}
{"event": "dcase_train_progress", "epoch": 56, "processed": 720, "total": 1005, "avg_loss": 0.17291170993509392, "elapsed_s": 306.60532316801255}
{"event": "dcase_train_progress", "epoch": 56, "processed": 760, "total": 1005, "avg_loss": 0.1723026450331274, "elapsed_s": 324.74841133000155}
{"event": "dcase_train_progress", "epoch": 56, "processed": 800, "total": 1005, "avg_loss": 0.17198087059892714, "elapsed_s": 342.45818297700316}
{"event": "dcase_train_progress", "epoch": 56, "processed": 840, "total": 1005, "avg_loss": 0.17253271917856874, "elapsed_s": 359.9539662740135}
{"event": "dcase_train_progress", "epoch": 56, "processed": 880, "total": 1005, "avg_loss": 0.17168108398010107, "elapsed_s": 378.10582242300734}
{"event": "dcase_train_progress", "epoch": 56, "processed": 920, "total": 1005, "avg_loss": 0.17080030768056925, "elapsed_s": 395.0109224080079}
{"event": "dcase_train_progress", "epoch": 56, "processed": 960, "total": 1005, "avg_loss": 0.17202663015729439, "elapsed_s": 411.7530529400101}
{"event": "dcase_train_progress", "epoch": 56, "processed": 1000, "total": 1005, "avg_loss": 0.1723687059432268, "elapsed_s": 428.4901073800138}
{"event": "dcase_train_progress", "epoch": 56, "processed": 1005, "total": 1005, "avg_loss": 0.17273707136289398, "elapsed_s": 430.8522540600097}
{"event": "dcase_validation_progress", "epoch": 56, "processed": 32, "total": 112}
{"event": "dcase_validation_progress", "epoch": 56, "processed": 64, "total": 112}
{"event": "dcase_validation_progress", "epoch": 56, "processed": 96, "total": 112}
{"event": "dcase_validation_progress", "epoch": 56, "processed": 112, "total": 112}
{"event": "dcase_epoch_complete", "epoch": 56, "train_loss": 0.17273707136289398, "val_doa_error_deg": 41.8198058030435, "val_folded_azimuth_rmse_deg": 42.30424335811819, "val_horizontal_assumption_rmsae_deg": 45.160984456539154, "epoch_time_s": 433.39143427200906}
{"event": "dcase_train_progress", "epoch": 57, "processed": 40, "total": 1005, "avg_loss": 0.17983207372017204, "elapsed_s": 17.00860666699009}
{"event": "dcase_train_progress", "epoch": 57, "processed": 80, "total": 1005, "avg_loss": 0.17405156788881868, "elapsed_s": 33.45120863599004}
{"event": "dcase_train_progress", "epoch": 57, "processed": 120, "total": 1005, "avg_loss": 0.1699778760317713, "elapsed_s": 50.891935663996264}
{"event": "dcase_train_progress", "epoch": 57, "processed": 160, "total": 1005, "avg_loss": 0.17459899923997, "elapsed_s": 68.04992967999715}
{"event": "dcase_train_progress", "epoch": 57, "processed": 200, "total": 1005, "avg_loss": 0.17684927267022432, "elapsed_s": 85.29319314399618}
{"event": "dcase_train_progress", "epoch": 57, "processed": 240, "total": 1005, "avg_loss": 0.16954541300268222, "elapsed_s": 102.18764089699835}
{"event": "dcase_train_progress", "epoch": 57, "processed": 280, "total": 1005, "avg_loss": 0.16944595058448614, "elapsed_s": 118.83655885299959}
{"event": "dcase_train_progress", "epoch": 57, "processed": 320, "total": 1005, "avg_loss": 0.16658304627635517, "elapsed_s": 136.72271614399506}
{"event": "dcase_train_progress", "epoch": 57, "processed": 360, "total": 1005, "avg_loss": 0.16714872834272682, "elapsed_s": 154.01895598899864}
{"event": "dcase_train_progress", "epoch": 57, "processed": 400, "total": 1005, "avg_loss": 0.16767090359237044, "elapsed_s": 171.5520269159897}
{"event": "dcase_train_progress", "epoch": 57, "processed": 440, "total": 1005, "avg_loss": 0.1676275131842968, "elapsed_s": 189.010300266993}
{"event": "dcase_train_progress", "epoch": 57, "processed": 480, "total": 1005, "avg_loss": 0.1700067104344877, "elapsed_s": 206.41111073100183}
{"event": "dcase_train_progress", "epoch": 57, "processed": 520, "total": 1005, "avg_loss": 0.17081430464481506, "elapsed_s": 223.088243057995}
{"event": "dcase_train_progress", "epoch": 57, "processed": 560, "total": 1005, "avg_loss": 0.16913273312217955, "elapsed_s": 240.63388600299368}
{"event": "dcase_train_progress", "epoch": 57, "processed": 600, "total": 1005, "avg_loss": 0.16919288608245553, "elapsed_s": 257.0440240409953}
{"event": "dcase_train_progress", "epoch": 57, "processed": 640, "total": 1005, "avg_loss": 0.16850752391910645, "elapsed_s": 273.35343984200153}
{"event": "dcase_train_progress", "epoch": 57, "processed": 680, "total": 1005, "avg_loss": 0.1689421340576647, "elapsed_s": 290.2224797929957}
{"event": "dcase_train_progress", "epoch": 57, "processed": 720, "total": 1005, "avg_loss": 0.1683424482303154, "elapsed_s": 306.9337477989902}
{"event": "dcase_train_progress", "epoch": 57, "processed": 760, "total": 1005, "avg_loss": 0.16861328788248725, "elapsed_s": 324.5395231829898}
{"event": "dcase_train_progress", "epoch": 57, "processed": 800, "total": 1005, "avg_loss": 0.17005756868747995, "elapsed_s": 341.46419680099643}
{"event": "dcase_train_progress", "epoch": 57, "processed": 840, "total": 1005, "avg_loss": 0.16964458233144666, "elapsed_s": 358.0601422119944}
{"event": "dcase_train_progress", "epoch": 57, "processed": 880, "total": 1005, "avg_loss": 0.17059454166711394, "elapsed_s": 374.56307423699764}
{"event": "dcase_train_progress", "epoch": 57, "processed": 920, "total": 1005, "avg_loss": 0.17157844013291532, "elapsed_s": 391.1401558899961}
{"event": "dcase_train_progress", "epoch": 57, "processed": 960, "total": 1005, "avg_loss": 0.17194155448232779, "elapsed_s": 408.0782028149988}
{"event": "dcase_train_progress", "epoch": 57, "processed": 1000, "total": 1005, "avg_loss": 0.17234014980308712, "elapsed_s": 425.2976063459937}
{"event": "dcase_train_progress", "epoch": 57, "processed": 1005, "total": 1005, "avg_loss": 0.17258274758151218, "elapsed_s": 427.8507906360028}
{"event": "dcase_validation_progress", "epoch": 57, "processed": 32, "total": 112}
{"event": "dcase_validation_progress", "epoch": 57, "processed": 64, "total": 112}
{"event": "dcase_validation_progress", "epoch": 57, "processed": 96, "total": 112}
{"event": "dcase_validation_progress", "epoch": 57, "processed": 112, "total": 112}
{"event": "dcase_epoch_complete", "epoch": 57, "train_loss": 0.17258274758151218, "val_doa_error_deg": 42.05677304736206, "val_folded_azimuth_rmse_deg": 42.3444972378867, "val_horizontal_assumption_rmsae_deg": 44.981796694653376, "epoch_time_s": 431.6157030930044}
{"event": "dcase_train_progress", "epoch": 58, "processed": 40, "total": 1005, "avg_loss": 0.15490577211603523, "elapsed_s": 17.511347879000823}
{"event": "dcase_train_progress", "epoch": 58, "processed": 80, "total": 1005, "avg_loss": 0.15763041921891272, "elapsed_s": 34.892501220005215}
{"event": "dcase_train_progress", "epoch": 58, "processed": 120, "total": 1005, "avg_loss": 0.1568277346280714, "elapsed_s": 51.63069789099973}
{"event": "dcase_train_progress", "epoch": 58, "processed": 160, "total": 1005, "avg_loss": 0.1629922454012558, "elapsed_s": 68.99284597100632}
{"event": "dcase_train_progress", "epoch": 58, "processed": 200, "total": 1005, "avg_loss": 0.16334456196054817, "elapsed_s": 85.15824607100512}
{"event": "dcase_train_progress", "epoch": 58, "processed": 240, "total": 1005, "avg_loss": 0.16863988580492636, "elapsed_s": 102.77841443600482}
{"event": "dcase_train_progress", "epoch": 58, "processed": 280, "total": 1005, "avg_loss": 0.170876961587263, "elapsed_s": 120.47888241100009}
{"event": "dcase_train_progress", "epoch": 58, "processed": 320, "total": 1005, "avg_loss": 0.16999517077347265, "elapsed_s": 137.55353211599868}
{"event": "dcase_train_progress", "epoch": 58, "processed": 360, "total": 1005, "avg_loss": 0.17331213881779048, "elapsed_s": 154.17949284800852}
{"event": "dcase_train_progress", "epoch": 58, "processed": 400, "total": 1005, "avg_loss": 0.17410180498845876, "elapsed_s": 171.75231076400087}
{"event": "dcase_train_progress", "epoch": 58, "processed": 440, "total": 1005, "avg_loss": 0.1764766426502981, "elapsed_s": 188.48504103900632}
{"event": "dcase_train_progress", "epoch": 58, "processed": 480, "total": 1005, "avg_loss": 0.17650227584720898, "elapsed_s": 205.77179753499513}
{"event": "dcase_train_progress", "epoch": 58, "processed": 520, "total": 1005, "avg_loss": 0.1781691271166962, "elapsed_s": 223.06094328900508}
{"event": "dcase_train_progress", "epoch": 58, "processed": 560, "total": 1005, "avg_loss": 0.176479591329449, "elapsed_s": 239.9629646329995}
{"event": "dcase_train_progress", "epoch": 58, "processed": 600, "total": 1005, "avg_loss": 0.17641953399404883, "elapsed_s": 257.17450437099615}
{"event": "dcase_train_progress", "epoch": 58, "processed": 640, "total": 1005, "avg_loss": 0.17686156227136962, "elapsed_s": 274.1390625500062}
{"event": "dcase_train_progress", "epoch": 58, "processed": 680, "total": 1005, "avg_loss": 0.17437880387639298, "elapsed_s": 291.1880125460011}
{"event": "dcase_train_progress", "epoch": 58, "processed": 720, "total": 1005, "avg_loss": 0.17302240147772763, "elapsed_s": 307.6003465649992}
{"event": "dcase_train_progress", "epoch": 58, "processed": 760, "total": 1005, "avg_loss": 0.1750539834562101, "elapsed_s": 324.3700885629951}
{"event": "dcase_train_progress", "epoch": 58, "processed": 800, "total": 1005, "avg_loss": 0.1744685513712466, "elapsed_s": 341.04026915899885}
{"event": "dcase_train_progress", "epoch": 58, "processed": 840, "total": 1005, "avg_loss": 0.17358031337637278, "elapsed_s": 358.334766467}
{"event": "dcase_train_progress", "epoch": 58, "processed": 880, "total": 1005, "avg_loss": 0.17424043064767664, "elapsed_s": 375.16976910000085}
{"event": "dcase_train_progress", "epoch": 58, "processed": 920, "total": 1005, "avg_loss": 0.17335788318887352, "elapsed_s": 392.108204639997}
{"event": "dcase_train_progress", "epoch": 58, "processed": 960, "total": 1005, "avg_loss": 0.1721589324452604, "elapsed_s": 408.6851595479966}
{"event": "dcase_train_progress", "epoch": 58, "processed": 1000, "total": 1005, "avg_loss": 0.17281258289515972, "elapsed_s": 425.1442667770025}
{"event": "dcase_train_progress", "epoch": 58, "processed": 1005, "total": 1005, "avg_loss": 0.1729524597303191, "elapsed_s": 427.94002483300574}
{"event": "dcase_validation_progress", "epoch": 58, "processed": 32, "total": 112}
{"event": "dcase_validation_progress", "epoch": 58, "processed": 64, "total": 112}
{"event": "dcase_validation_progress", "epoch": 58, "processed": 96, "total": 112}
{"event": "dcase_validation_progress", "epoch": 58, "processed": 112, "total": 112}
{"event": "dcase_epoch_complete", "epoch": 58, "train_loss": 0.1729524597303191, "val_doa_error_deg": 41.62094958552292, "val_folded_azimuth_rmse_deg": 42.159982736621586, "val_horizontal_assumption_rmsae_deg": 45.300126388669014, "epoch_time_s": 432.0666685169999}
{"event": "dcase_train_progress", "epoch": 59, "processed": 40, "total": 1005, "avg_loss": 0.19430456906557084, "elapsed_s": 16.829722137001227}
{"event": "dcase_train_progress", "epoch": 59, "processed": 80, "total": 1005, "avg_loss": 0.19908679854124783, "elapsed_s": 33.29917708100402}
{"event": "dcase_train_progress", "epoch": 59, "processed": 120, "total": 1005, "avg_loss": 0.19604682568460702, "elapsed_s": 50.83879839000292}
{"event": "dcase_train_progress", "epoch": 59, "processed": 160, "total": 1005, "avg_loss": 0.18743417899822817, "elapsed_s": 67.7757393780048}
{"event": "dcase_train_progress", "epoch": 59, "processed": 200, "total": 1005, "avg_loss": 0.17986633454449474, "elapsed_s": 85.13671666300797}
{"event": "dcase_train_progress", "epoch": 59, "processed": 240, "total": 1005, "avg_loss": 0.18310189325517665, "elapsed_s": 102.67417648799892}
{"event": "dcase_train_progress", "epoch": 59, "processed": 280, "total": 1005, "avg_loss": 0.18427328252499656, "elapsed_s": 119.24009334000584}
{"event": "dcase_train_progress", "epoch": 59, "processed": 320, "total": 1005, "avg_loss": 0.18285812251851893, "elapsed_s": 136.80104385400773}
{"event": "dcase_train_progress", "epoch": 59, "processed": 360, "total": 1005, "avg_loss": 0.17877612900920212, "elapsed_s": 154.09542370800045}
{"event": "dcase_train_progress", "epoch": 59, "processed": 400, "total": 1005, "avg_loss": 0.17814317187760026, "elapsed_s": 171.6800489330053}
{"event": "dcase_train_progress", "epoch": 59, "processed": 440, "total": 1005, "avg_loss": 0.17702335631051525, "elapsed_s": 189.23816347699903}
{"event": "dcase_train_progress", "epoch": 59, "processed": 480, "total": 1005, "avg_loss": 0.17191449553938581, "elapsed_s": 206.5032538240048}
{"event": "dcase_train_progress", "epoch": 59, "processed": 520, "total": 1005, "avg_loss": 0.17271489307212715, "elapsed_s": 223.38161062001018}
{"event": "dcase_train_progress", "epoch": 59, "processed": 560, "total": 1005, "avg_loss": 0.17074705582843827, "elapsed_s": 241.20449186500628}
{"event": "dcase_train_progress", "epoch": 59, "processed": 600, "total": 1005, "avg_loss": 0.1723053456749767, "elapsed_s": 257.41603827200015}
{"event": "dcase_train_progress", "epoch": 59, "processed": 640, "total": 1005, "avg_loss": 0.17266054471547249, "elapsed_s": 274.5946040760027}
{"event": "dcase_train_progress", "epoch": 59, "processed": 680, "total": 1005, "avg_loss": 0.17173588599954895, "elapsed_s": 291.76146373699885}
{"event": "dcase_train_progress", "epoch": 59, "processed": 720, "total": 1005, "avg_loss": 0.17289800639522987, "elapsed_s": 309.2078235299996}
{"event": "dcase_train_progress", "epoch": 59, "processed": 760, "total": 1005, "avg_loss": 0.17324864456283026, "elapsed_s": 325.83403889001056}
{"event": "dcase_train_progress", "epoch": 59, "processed": 800, "total": 1005, "avg_loss": 0.17357655793661253, "elapsed_s": 342.73715797001205}
{"event": "dcase_train_progress", "epoch": 59, "processed": 840, "total": 1005, "avg_loss": 0.1722529198597407, "elapsed_s": 359.74971991500934}
{"event": "dcase_train_progress", "epoch": 59, "processed": 880, "total": 1005, "avg_loss": 0.17336283828851512, "elapsed_s": 377.54428860900225}
{"event": "dcase_train_progress", "epoch": 59, "processed": 920, "total": 1005, "avg_loss": 0.17389666213168073, "elapsed_s": 394.6409647100081}
{"event": "dcase_train_progress", "epoch": 59, "processed": 960, "total": 1005, "avg_loss": 0.17290595064599376, "elapsed_s": 411.63587125000777}
{"event": "dcase_train_progress", "epoch": 59, "processed": 1000, "total": 1005, "avg_loss": 0.17228069063834847, "elapsed_s": 428.5266500639991}
{"event": "dcase_train_progress", "epoch": 59, "processed": 1005, "total": 1005, "avg_loss": 0.17252513757207205, "elapsed_s": 431.29488424700685}
{"event": "dcase_validation_progress", "epoch": 59, "processed": 32, "total": 112}
{"event": "dcase_validation_progress", "epoch": 59, "processed": 64, "total": 112}
{"event": "dcase_validation_progress", "epoch": 59, "processed": 96, "total": 112}
{"event": "dcase_validation_progress", "epoch": 59, "processed": 112, "total": 112}
{"event": "dcase_epoch_complete", "epoch": 59, "train_loss": 0.17252513757207205, "val_doa_error_deg": 42.270329273172784, "val_folded_azimuth_rmse_deg": 42.675682636243955, "val_horizontal_assumption_rmsae_deg": 45.05133253123079, "epoch_time_s": 435.1896935679979}
{"event": "dcase_train_progress", "epoch": 60, "processed": 40, "total": 1005, "avg_loss": 0.19165226630866528, "elapsed_s": 17.429297039998346}
{"event": "dcase_train_progress", "epoch": 60, "processed": 80, "total": 1005, "avg_loss": 0.17893580589443445, "elapsed_s": 34.09397848500521}
{"event": "dcase_train_progress", "epoch": 60, "processed": 120, "total": 1005, "avg_loss": 0.1661591423364977, "elapsed_s": 50.253154702004394}
{"event": "dcase_train_progress", "epoch": 60, "processed": 160, "total": 1005, "avg_loss": 0.16309272343060002, "elapsed_s": 68.16900800699659}
{"event": "dcase_train_progress", "epoch": 60, "processed": 200, "total": 1005, "avg_loss": 0.16683792068623007, "elapsed_s": 85.32406104200345}
{"event": "dcase_train_progress", "epoch": 60, "processed": 240, "total": 1005, "avg_loss": 0.16719848748762162, "elapsed_s": 101.28682629999821}
{"event": "dcase_train_progress", "epoch": 60, "processed": 280, "total": 1005, "avg_loss": 0.16442644229557898, "elapsed_s": 117.3450853950053}
{"event": "dcase_train_progress", "epoch": 60, "processed": 320, "total": 1005, "avg_loss": 0.16457565673044883, "elapsed_s": 134.85403547900205}
{"event": "dcase_train_progress", "epoch": 60, "processed": 360, "total": 1005, "avg_loss": 0.16271258466877042, "elapsed_s": 152.4109646059951}
{"event": "dcase_train_progress", "epoch": 60, "processed": 400, "total": 1005, "avg_loss": 0.16519408842083066, "elapsed_s": 169.5128349900042}
{"event": "dcase_train_progress", "epoch": 60, "processed": 440, "total": 1005, "avg_loss": 0.1681405153760517, "elapsed_s": 184.77479826600756}
{"event": "dcase_train_progress", "epoch": 60, "processed": 480, "total": 1005, "avg_loss": 0.1672525349849214, "elapsed_s": 192.6408200529986}
{"event": "dcase_train_progress", "epoch": 60, "processed": 520, "total": 1005, "avg_loss": 0.16576411368038793, "elapsed_s": 200.54292525800702}
{"event": "dcase_train_progress", "epoch": 60, "processed": 560, "total": 1005, "avg_loss": 0.1678755958098918, "elapsed_s": 208.33190551800362}
{"event": "dcase_train_progress", "epoch": 60, "processed": 600, "total": 1005, "avg_loss": 0.1701087627870341, "elapsed_s": 215.83964540599845}
{"event": "dcase_train_progress", "epoch": 60, "processed": 640, "total": 1005, "avg_loss": 0.1690361669403501, "elapsed_s": 223.56273562299612}
{"event": "dcase_train_progress", "epoch": 60, "processed": 680, "total": 1005, "avg_loss": 0.16948546619318863, "elapsed_s": 231.36421878100373}
{"event": "dcase_train_progress", "epoch": 60, "processed": 720, "total": 1005, "avg_loss": 0.16886606342676613, "elapsed_s": 239.18890276900493}
{"event": "dcase_train_progress", "epoch": 60, "processed": 760, "total": 1005, "avg_loss": 0.16748336407503014, "elapsed_s": 247.10884816400358}
{"event": "dcase_train_progress", "epoch": 60, "processed": 800, "total": 1005, "avg_loss": 0.16898565323092044, "elapsed_s": 254.83592331300315}
{"event": "dcase_train_progress", "epoch": 60, "processed": 840, "total": 1005, "avg_loss": 0.16952445070214925, "elapsed_s": 262.61921275900386}
{"event": "dcase_train_progress", "epoch": 60, "processed": 880, "total": 1005, "avg_loss": 0.17123770788735287, "elapsed_s": 270.426058209996}
{"event": "dcase_train_progress", "epoch": 60, "processed": 920, "total": 1005, "avg_loss": 0.17234844732624682, "elapsed_s": 283.4899953370041}
{"event": "dcase_train_progress", "epoch": 60, "processed": 960, "total": 1005, "avg_loss": 0.1734289288559618, "elapsed_s": 300.3456660800002}
{"event": "dcase_train_progress", "epoch": 60, "processed": 1000, "total": 1005, "avg_loss": 0.17330766822770238, "elapsed_s": 317.4567771900038}
{"event": "dcase_train_progress", "epoch": 60, "processed": 1005, "total": 1005, "avg_loss": 0.1728616951302213, "elapsed_s": 320.00749048900616}
{"event": "dcase_validation_progress", "epoch": 60, "processed": 32, "total": 112}
{"event": "dcase_validation_progress", "epoch": 60, "processed": 64, "total": 112}
{"event": "dcase_validation_progress", "epoch": 60, "processed": 96, "total": 112}
{"event": "dcase_validation_progress", "epoch": 60, "processed": 112, "total": 112}
{"event": "dcase_epoch_complete", "epoch": 60, "train_loss": 0.1728616951302213, "val_doa_error_deg": 42.282656197037014, "val_folded_azimuth_rmse_deg": 42.54218016990593, "val_horizontal_assumption_rmsae_deg": 45.078936653477804, "epoch_time_s": 322.3320003370027}
{"event": "dcase_train_progress", "epoch": 61, "processed": 40, "total": 1005, "avg_loss": 0.18144237669184804, "elapsed_s": 17.75080130099377}
{"event": "dcase_train_progress", "epoch": 61, "processed": 80, "total": 1005, "avg_loss": 0.17821643543429672, "elapsed_s": 34.10135065400391}
{"event": "dcase_train_progress", "epoch": 61, "processed": 120, "total": 1005, "avg_loss": 0.17575107188895345, "elapsed_s": 50.69120933600061}
{"event": "dcase_train_progress", "epoch": 61, "processed": 160, "total": 1005, "avg_loss": 0.17121601614635437, "elapsed_s": 68.30662504100474}
{"event": "dcase_train_progress", "epoch": 61, "processed": 200, "total": 1005, "avg_loss": 0.17206958251073956, "elapsed_s": 85.23554298499948}
{"event": "dcase_train_progress", "epoch": 61, "processed": 240, "total": 1005, "avg_loss": 0.1703279491358747, "elapsed_s": 102.15430571199977}
{"event": "dcase_train_progress", "epoch": 61, "processed": 280, "total": 1005, "avg_loss": 0.17186726154759527, "elapsed_s": 119.43852743199386}
{"event": "dcase_train_progress", "epoch": 61, "processed": 320, "total": 1005, "avg_loss": 0.17151590725407004, "elapsed_s": 137.5540143429971}
{"event": "dcase_train_progress", "epoch": 61, "processed": 360, "total": 1005, "avg_loss": 0.1732825273544424, "elapsed_s": 154.94558610099193}
{"event": "dcase_train_progress", "epoch": 61, "processed": 400, "total": 1005, "avg_loss": 0.1728069444745779, "elapsed_s": 171.72985695100215}
{"event": "dcase_train_progress", "epoch": 61, "processed": 440, "total": 1005, "avg_loss": 0.17478958166797054, "elapsed_s": 188.3284467600024}
{"event": "dcase_train_progress", "epoch": 61, "processed": 480, "total": 1005, "avg_loss": 0.17340110244695098, "elapsed_s": 206.46549574899836}
{"event": "dcase_train_progress", "epoch": 61, "processed": 520, "total": 1005, "avg_loss": 0.17362972876200308, "elapsed_s": 222.82390004799527}
{"event": "dcase_train_progress", "epoch": 61, "processed": 560, "total": 1005, "avg_loss": 0.17312966188681977, "elapsed_s": 239.26432701900194}
{"event": "dcase_train_progress", "epoch": 61, "processed": 600, "total": 1005, "avg_loss": 0.1723730125837028, "elapsed_s": 257.0484452230012}
{"event": "dcase_train_progress", "epoch": 61, "processed": 640, "total": 1005, "avg_loss": 0.1716323018015828, "elapsed_s": 274.2467523920059}
{"event": "dcase_train_progress", "epoch": 61, "processed": 680, "total": 1005, "avg_loss": 0.17183229076840423, "elapsed_s": 291.2866619940032}
{"event": "dcase_train_progress", "epoch": 61, "processed": 720, "total": 1005, "avg_loss": 0.171933680995264, "elapsed_s": 308.60155505999865}
{"event": "dcase_train_progress", "epoch": 61, "processed": 760, "total": 1005, "avg_loss": 0.1715107030186214, "elapsed_s": 326.2713422389934}
{"event": "dcase_train_progress", "epoch": 61, "processed": 800, "total": 1005, "avg_loss": 0.1710674607520923, "elapsed_s": 342.438176636002}
{"event": "dcase_train_progress", "epoch": 61, "processed": 840, "total": 1005, "avg_loss": 0.1711825893615328, "elapsed_s": 359.84681914700195}
{"event": "dcase_train_progress", "epoch": 61, "processed": 880, "total": 1005, "avg_loss": 0.1714024459731511, "elapsed_s": 377.4938929420023}
{"event": "dcase_train_progress", "epoch": 61, "processed": 920, "total": 1005, "avg_loss": 0.1714354108330672, "elapsed_s": 394.923839081006}
{"event": "dcase_train_progress", "epoch": 61, "processed": 960, "total": 1005, "avg_loss": 0.16994295903326323, "elapsed_s": 412.94407692499226}
{"event": "dcase_train_progress", "epoch": 61, "processed": 1000, "total": 1005, "avg_loss": 0.17153563111275436, "elapsed_s": 430.38858576999337}
{"event": "dcase_train_progress", "epoch": 61, "processed": 1005, "total": 1005, "avg_loss": 0.17190611550019155, "elapsed_s": 432.7909828929987}
{"event": "dcase_validation_progress", "epoch": 61, "processed": 32, "total": 112}
{"event": "dcase_validation_progress", "epoch": 61, "processed": 64, "total": 112}
{"event": "dcase_validation_progress", "epoch": 61, "processed": 96, "total": 112}
{"event": "dcase_validation_progress", "epoch": 61, "processed": 112, "total": 112}
{"event": "dcase_epoch_complete", "epoch": 61, "train_loss": 0.17190611550019155, "val_doa_error_deg": 42.02934070570128, "val_folded_azimuth_rmse_deg": 42.43361750883715, "val_horizontal_assumption_rmsae_deg": 44.932118920343264, "epoch_time_s": 435.28619488600816}
{"event": "dcase_train_progress", "epoch": 62, "processed": 40, "total": 1005, "avg_loss": 0.15380430789664387, "elapsed_s": 18.488206904003164}
{"event": "dcase_train_progress", "epoch": 62, "processed": 80, "total": 1005, "avg_loss": 0.15659319718834014, "elapsed_s": 35.491012448997935}
{"event": "dcase_train_progress", "epoch": 62, "processed": 120, "total": 1005, "avg_loss": 0.1716268645444264, "elapsed_s": 51.886990939005045}
{"event": "dcase_train_progress", "epoch": 62, "processed": 160, "total": 1005, "avg_loss": 0.17765617225086316, "elapsed_s": 68.60009333600465}
{"event": "dcase_train_progress", "epoch": 62, "processed": 200, "total": 1005, "avg_loss": 0.1833890786860138, "elapsed_s": 85.81899486799375}
{"event": "dcase_train_progress", "epoch": 62, "processed": 240, "total": 1005, "avg_loss": 0.18197792877908797, "elapsed_s": 103.54115071799606}
{"event": "dcase_train_progress", "epoch": 62, "processed": 280, "total": 1005, "avg_loss": 0.1823958211911044, "elapsed_s": 119.44440702900465}
{"event": "dcase_train_progress", "epoch": 62, "processed": 320, "total": 1005, "avg_loss": 0.18218857242609374, "elapsed_s": 135.575416407999}
{"event": "dcase_train_progress", "epoch": 62, "processed": 360, "total": 1005, "avg_loss": 0.18057336853299705, "elapsed_s": 153.56496342699393}
{"event": "dcase_train_progress", "epoch": 62, "processed": 400, "total": 1005, "avg_loss": 0.1783309610048309, "elapsed_s": 170.22056156600593}
{"event": "dcase_train_progress", "epoch": 62, "processed": 440, "total": 1005, "avg_loss": 0.17743704424409026, "elapsed_s": 188.11205734500254}
{"event": "dcase_train_progress", "epoch": 62, "processed": 480, "total": 1005, "avg_loss": 0.17417837275424972, "elapsed_s": 205.47191391600063}
{"event": "dcase_train_progress", "epoch": 62, "processed": 520, "total": 1005, "avg_loss": 0.17464652651419432, "elapsed_s": 222.7840402199945}
{"event": "dcase_train_progress", "epoch": 62, "processed": 560, "total": 1005, "avg_loss": 0.17688715462905488, "elapsed_s": 241.24878683200222}
{"event": "dcase_train_progress", "epoch": 62, "processed": 600, "total": 1005, "avg_loss": 0.17511539590545, "elapsed_s": 258.0658273510053}
{"event": "dcase_train_progress", "epoch": 62, "processed": 640, "total": 1005, "avg_loss": 0.17498499047651422, "elapsed_s": 274.796236381997}
{"event": "dcase_train_progress", "epoch": 62, "processed": 680, "total": 1005, "avg_loss": 0.17477128053467503, "elapsed_s": 292.02028739599336}
{"event": "dcase_train_progress", "epoch": 62, "processed": 720, "total": 1005, "avg_loss": 0.17407337215263397, "elapsed_s": 310.0539868789929}
{"event": "dcase_train_progress", "epoch": 62, "processed": 760, "total": 1005, "avg_loss": 0.17243866771949748, "elapsed_s": 326.77460279199295}
{"event": "dcase_train_progress", "epoch": 62, "processed": 800, "total": 1005, "avg_loss": 0.1728014321811497, "elapsed_s": 343.71022561700374}
{"event": "dcase_train_progress", "epoch": 62, "processed": 840, "total": 1005, "avg_loss": 0.1725923271317567, "elapsed_s": 361.30308031500317}
{"event": "dcase_train_progress", "epoch": 62, "processed": 880, "total": 1005, "avg_loss": 0.17240653760223226, "elapsed_s": 378.5302325810044}
{"event": "dcase_train_progress", "epoch": 62, "processed": 920, "total": 1005, "avg_loss": 0.1723070503414973, "elapsed_s": 395.2956402809941}
{"event": "dcase_train_progress", "epoch": 62, "processed": 960, "total": 1005, "avg_loss": 0.17190561152528971, "elapsed_s": 413.2953319569933}
{"event": "dcase_train_progress", "epoch": 62, "processed": 1000, "total": 1005, "avg_loss": 0.1724285735115409, "elapsed_s": 430.5776243279979}
{"event": "dcase_train_progress", "epoch": 62, "processed": 1005, "total": 1005, "avg_loss": 0.17230338813801904, "elapsed_s": 433.1965902410011}
{"event": "dcase_validation_progress", "epoch": 62, "processed": 32, "total": 112}
{"event": "dcase_validation_progress", "epoch": 62, "processed": 64, "total": 112}
{"event": "dcase_validation_progress", "epoch": 62, "processed": 96, "total": 112}
{"event": "dcase_validation_progress", "epoch": 62, "processed": 112, "total": 112}
{"event": "dcase_epoch_complete", "epoch": 62, "train_loss": 0.17230338813801904, "val_doa_error_deg": 41.56973430727209, "val_folded_azimuth_rmse_deg": 41.97097773424217, "val_horizontal_assumption_rmsae_deg": 44.80550723842212, "epoch_time_s": 435.4652902920061}
{"event": "dcase_train_progress", "epoch": 63, "processed": 40, "total": 1005, "avg_loss": 0.16901101609691976, "elapsed_s": 16.92263629399531}
{"event": "dcase_train_progress", "epoch": 63, "processed": 80, "total": 1005, "avg_loss": 0.16533585437573492, "elapsed_s": 34.52047877800942}
{"event": "dcase_train_progress", "epoch": 63, "processed": 120, "total": 1005, "avg_loss": 0.1774442638270557, "elapsed_s": 52.087515186009114}
{"event": "dcase_train_progress", "epoch": 63, "processed": 160, "total": 1005, "avg_loss": 0.1745921809459105, "elapsed_s": 68.8568600169965}
{"event": "dcase_train_progress", "epoch": 63, "processed": 200, "total": 1005, "avg_loss": 0.1699057778902352, "elapsed_s": 85.96813651399862}
{"event": "dcase_train_progress", "epoch": 63, "processed": 240, "total": 1005, "avg_loss": 0.17136140284128487, "elapsed_s": 103.22118181100814}
{"event": "dcase_train_progress", "epoch": 63, "processed": 280, "total": 1005, "avg_loss": 0.17292477572336792, "elapsed_s": 119.60927662100585}
{"event": "dcase_train_progress", "epoch": 63, "processed": 320, "total": 1005, "avg_loss": 0.17445432090316898, "elapsed_s": 136.7534273150086}
{"event": "dcase_train_progress", "epoch": 63, "processed": 360, "total": 1005, "avg_loss": 0.17496977696298724, "elapsed_s": 153.95369208199554}
{"event": "dcase_train_progress", "epoch": 63, "processed": 400, "total": 1005, "avg_loss": 0.17213240501936525, "elapsed_s": 171.78540354700817}
{"event": "dcase_train_progress", "epoch": 63, "processed": 440, "total": 1005, "avg_loss": 0.17015647325580094, "elapsed_s": 188.97392620099708}
{"event": "dcase_train_progress", "epoch": 63, "processed": 480, "total": 1005, "avg_loss": 0.16921992267792424, "elapsed_s": 206.4249442099972}
{"event": "dcase_train_progress", "epoch": 63, "processed": 520, "total": 1005, "avg_loss": 0.16809869362757757, "elapsed_s": 223.80867759800458}
{"event": "dcase_train_progress", "epoch": 63, "processed": 560, "total": 1005, "avg_loss": 0.170935193103339, "elapsed_s": 241.3223974660068}
{"event": "dcase_train_progress", "epoch": 63, "processed": 600, "total": 1005, "avg_loss": 0.17069263177613417, "elapsed_s": 258.632266672008}
{"event": "dcase_train_progress", "epoch": 63, "processed": 640, "total": 1005, "avg_loss": 0.17124612010084092, "elapsed_s": 275.5966567419964}
{"event": "dcase_train_progress", "epoch": 63, "processed": 680, "total": 1005, "avg_loss": 0.17032202936380225, "elapsed_s": 292.54424225800904}
{"event": "dcase_train_progress", "epoch": 63, "processed": 720, "total": 1005, "avg_loss": 0.1707534457091242, "elapsed_s": 309.43410989000404}
{"event": "dcase_train_progress", "epoch": 63, "processed": 760, "total": 1005, "avg_loss": 0.17163693215207834, "elapsed_s": 326.3305003610003}
{"event": "dcase_train_progress", "epoch": 63, "processed": 800, "total": 1005, "avg_loss": 0.17197549411328508, "elapsed_s": 343.5584393320023}
{"event": "dcase_train_progress", "epoch": 63, "processed": 840, "total": 1005, "avg_loss": 0.1711887396761172, "elapsed_s": 360.5382531110081}
{"event": "dcase_train_progress", "epoch": 63, "processed": 880, "total": 1005, "avg_loss": 0.17248165963683276, "elapsed_s": 378.1728688489966}
{"event": "dcase_train_progress", "epoch": 63, "processed": 920, "total": 1005, "avg_loss": 0.1722315478907979, "elapsed_s": 395.04795183100214}
{"event": "dcase_train_progress", "epoch": 63, "processed": 960, "total": 1005, "avg_loss": 0.17208837071278443, "elapsed_s": 412.2954550389986}
{"event": "dcase_train_progress", "epoch": 63, "processed": 1000, "total": 1005, "avg_loss": 0.17242879431694746, "elapsed_s": 429.2070047020097}
{"event": "dcase_train_progress", "epoch": 63, "processed": 1005, "total": 1005, "avg_loss": 0.17221328846702527, "elapsed_s": 432.1291086170095}
{"event": "dcase_validation_progress", "epoch": 63, "processed": 32, "total": 112}
{"event": "dcase_validation_progress", "epoch": 63, "processed": 64, "total": 112}
{"event": "dcase_validation_progress", "epoch": 63, "processed": 96, "total": 112}
{"event": "dcase_validation_progress", "epoch": 63, "processed": 112, "total": 112}
{"event": "dcase_epoch_complete", "epoch": 63, "train_loss": 0.17221328846702527, "val_doa_error_deg": 41.32594205439091, "val_folded_azimuth_rmse_deg": 41.78686104289123, "val_horizontal_assumption_rmsae_deg": 44.81770949704306, "epoch_time_s": 436.2103563020064}
{"event": "dcase_train_progress", "epoch": 64, "processed": 40, "total": 1005, "avg_loss": 0.17918039858341217, "elapsed_s": 17.816019916004734}
{"event": "dcase_train_progress", "epoch": 64, "processed": 80, "total": 1005, "avg_loss": 0.1731215278385207, "elapsed_s": 34.54341538900917}
{"event": "dcase_train_progress", "epoch": 64, "processed": 120, "total": 1005, "avg_loss": 0.1637071880356719, "elapsed_s": 50.69563821100746}
{"event": "dcase_train_progress", "epoch": 64, "processed": 160, "total": 1005, "avg_loss": 0.16684386736014858, "elapsed_s": 67.9635684100067}
{"event": "dcase_train_progress", "epoch": 64, "processed": 200, "total": 1005, "avg_loss": 0.16329361588694155, "elapsed_s": 84.66250319500978}
{"event": "dcase_train_progress", "epoch": 64, "processed": 240, "total": 1005, "avg_loss": 0.1642600274256741, "elapsed_s": 101.2652259030001}
{"event": "dcase_train_progress", "epoch": 64, "processed": 280, "total": 1005, "avg_loss": 0.16724539049235837, "elapsed_s": 118.60584240900062}
{"event": "dcase_train_progress", "epoch": 64, "processed": 320, "total": 1005, "avg_loss": 0.16602735446067526, "elapsed_s": 135.37397362700722}
{"event": "dcase_train_progress", "epoch": 64, "processed": 360, "total": 1005, "avg_loss": 0.16470595863130358, "elapsed_s": 152.18706056800147}
{"event": "dcase_train_progress", "epoch": 64, "processed": 400, "total": 1005, "avg_loss": 0.16674192178063094, "elapsed_s": 169.78207652700075}
{"event": "dcase_train_progress", "epoch": 64, "processed": 440, "total": 1005, "avg_loss": 0.16466353442519904, "elapsed_s": 186.38828379800543}
{"event": "dcase_train_progress", "epoch": 64, "processed": 480, "total": 1005, "avg_loss": 0.16660306894530852, "elapsed_s": 202.9750258030108}
{"event": "dcase_train_progress", "epoch": 64, "processed": 520, "total": 1005, "avg_loss": 0.16833591031340453, "elapsed_s": 219.72857911601022}
{"event": "dcase_train_progress", "epoch": 64, "processed": 560, "total": 1005, "avg_loss": 0.16696345023145634, "elapsed_s": 237.23856478600646}
{"event": "dcase_train_progress", "epoch": 64, "processed": 600, "total": 1005, "avg_loss": 0.16879469575981298, "elapsed_s": 254.81902853600332}
{"event": "dcase_train_progress", "epoch": 64, "processed": 640, "total": 1005, "avg_loss": 0.1690770367917139, "elapsed_s": 271.9333377830044}
{"event": "dcase_train_progress", "epoch": 64, "processed": 680, "total": 1005, "avg_loss": 0.16674709555638187, "elapsed_s": 289.22268896400055}
{"event": "dcase_train_progress", "epoch": 64, "processed": 720, "total": 1005, "avg_loss": 0.1678159095760849, "elapsed_s": 306.3024777320097}
{"event": "dcase_train_progress", "epoch": 64, "processed": 760, "total": 1005, "avg_loss": 0.16902398718030828, "elapsed_s": 323.5918015299976}
{"event": "dcase_train_progress", "epoch": 64, "processed": 800, "total": 1005, "avg_loss": 0.16982769671827555, "elapsed_s": 340.9944037969981}
{"event": "dcase_train_progress", "epoch": 64, "processed": 840, "total": 1005, "avg_loss": 0.17186558940226124, "elapsed_s": 357.9492265750014}
{"event": "dcase_train_progress", "epoch": 64, "processed": 880, "total": 1005, "avg_loss": 0.17186835256659172, "elapsed_s": 375.45894399601093}
{"event": "dcase_train_progress", "epoch": 64, "processed": 920, "total": 1005, "avg_loss": 0.17154531253744726, "elapsed_s": 392.42855473000964}
{"event": "dcase_train_progress", "epoch": 64, "processed": 960, "total": 1005, "avg_loss": 0.17228605008761708, "elapsed_s": 409.0492769120028}
{"event": "dcase_train_progress", "epoch": 64, "processed": 1000, "total": 1005, "avg_loss": 0.17296527802571654, "elapsed_s": 426.4044129410031}
{"event": "dcase_train_progress", "epoch": 64, "processed": 1005, "total": 1005, "avg_loss": 0.17257688058475357, "elapsed_s": 428.99735836099717}
{"event": "dcase_validation_progress", "epoch": 64, "processed": 32, "total": 112}
{"event": "dcase_validation_progress", "epoch": 64, "processed": 64, "total": 112}
{"event": "dcase_validation_progress", "epoch": 64, "processed": 96, "total": 112}
{"event": "dcase_validation_progress", "epoch": 64, "processed": 112, "total": 112}
{"event": "dcase_epoch_complete", "epoch": 64, "train_loss": 0.17257688058475357, "val_doa_error_deg": 41.585392345275196, "val_folded_azimuth_rmse_deg": 42.05671895401819, "val_horizontal_assumption_rmsae_deg": 44.9663730944906, "epoch_time_s": 432.79470618400956}
{"event": "dcase_train_progress", "epoch": 65, "processed": 40, "total": 1005, "avg_loss": 0.22278253734111786, "elapsed_s": 16.0923728790076}
{"event": "dcase_train_progress", "epoch": 65, "processed": 80, "total": 1005, "avg_loss": 0.2023725165054202, "elapsed_s": 33.28344771300908}
{"event": "dcase_train_progress", "epoch": 65, "processed": 120, "total": 1005, "avg_loss": 0.1960886881376306, "elapsed_s": 51.173764917009976}
{"event": "dcase_train_progress", "epoch": 65, "processed": 160, "total": 1005, "avg_loss": 0.191879129037261, "elapsed_s": 68.50210265000351}
{"event": "dcase_train_progress", "epoch": 65, "processed": 200, "total": 1005, "avg_loss": 0.1794430402945727, "elapsed_s": 86.41415390100155}
{"event": "dcase_train_progress", "epoch": 65, "processed": 240, "total": 1005, "avg_loss": 0.17065181139235694, "elapsed_s": 103.28890813101316}
{"event": "dcase_train_progress", "epoch": 65, "processed": 280, "total": 1005, "avg_loss": 0.1712408139503428, "elapsed_s": 119.50495525600854}
{"event": "dcase_train_progress", "epoch": 65, "processed": 320, "total": 1005, "avg_loss": 0.1719485260779038, "elapsed_s": 136.26800277800066}
{"event": "dcase_train_progress", "epoch": 65, "processed": 360, "total": 1005, "avg_loss": 0.16930634583243065, "elapsed_s": 154.0825064630044}
{"event": "dcase_train_progress", "epoch": 65, "processed": 400, "total": 1005, "avg_loss": 0.16907186904922128, "elapsed_s": 171.405602911007}
{"event": "dcase_train_progress", "epoch": 65, "processed": 440, "total": 1005, "avg_loss": 0.1682997775602747, "elapsed_s": 188.2537559610064}
{"event": "dcase_train_progress", "epoch": 65, "processed": 480, "total": 1005, "avg_loss": 0.16936799415852874, "elapsed_s": 206.51614071900258}
{"event": "dcase_train_progress", "epoch": 65, "processed": 520, "total": 1005, "avg_loss": 0.1705379114486277, "elapsed_s": 223.5976085170114}
{"event": "dcase_train_progress", "epoch": 65, "processed": 560, "total": 1005, "avg_loss": 0.1723053049695279, "elapsed_s": 241.30707589301164}
{"event": "dcase_train_progress", "epoch": 65, "processed": 600, "total": 1005, "avg_loss": 0.17410070974379777, "elapsed_s": 258.52945568200084}
{"event": "dcase_train_progress", "epoch": 65, "processed": 640, "total": 1005, "avg_loss": 0.17487098777201027, "elapsed_s": 275.98165072900883}
{"event": "dcase_train_progress", "epoch": 65, "processed": 680, "total": 1005, "avg_loss": 0.17470895604723516, "elapsed_s": 292.4756440640049}
{"event": "dcase_train_progress", "epoch": 65, "processed": 720, "total": 1005, "avg_loss": 0.17411518370629184, "elapsed_s": 310.8007256090059}
{"event": "dcase_train_progress", "epoch": 65, "processed": 760, "total": 1005, "avg_loss": 0.17255855393350908, "elapsed_s": 328.4325527760084}
{"event": "dcase_train_progress", "epoch": 65, "processed": 800, "total": 1005, "avg_loss": 0.17331135623622684, "elapsed_s": 345.015910453003}
{"event": "dcase_train_progress", "epoch": 65, "processed": 840, "total": 1005, "avg_loss": 0.17283561906466882, "elapsed_s": 362.6547196330066}
{"event": "dcase_train_progress", "epoch": 65, "processed": 880, "total": 1005, "avg_loss": 0.17304438669234515, "elapsed_s": 380.8881603900081}
{"event": "dcase_train_progress", "epoch": 65, "processed": 920, "total": 1005, "avg_loss": 0.17388619744097408, "elapsed_s": 397.5645484350098}
{"event": "dcase_train_progress", "epoch": 65, "processed": 960, "total": 1005, "avg_loss": 0.1738474429391014, "elapsed_s": 414.57210254001257}
{"event": "dcase_train_progress", "epoch": 65, "processed": 1000, "total": 1005, "avg_loss": 0.17235759820789098, "elapsed_s": 431.16342028800864}
{"event": "dcase_train_progress", "epoch": 65, "processed": 1005, "total": 1005, "avg_loss": 0.1720541173657078, "elapsed_s": 433.5887515140057}
{"event": "dcase_validation_progress", "epoch": 65, "processed": 32, "total": 112}
{"event": "dcase_validation_progress", "epoch": 65, "processed": 64, "total": 112}
{"event": "dcase_validation_progress", "epoch": 65, "processed": 96, "total": 112}
{"event": "dcase_validation_progress", "epoch": 65, "processed": 112, "total": 112}
{"event": "dcase_epoch_complete", "epoch": 65, "train_loss": 0.1720541173657078, "val_doa_error_deg": 42.19052113379751, "val_folded_azimuth_rmse_deg": 42.54418957020555, "val_horizontal_assumption_rmsae_deg": 44.82761675970895, "epoch_time_s": 436.0901813859964}
{"event": "dcase_train_progress", "epoch": 66, "processed": 40, "total": 1005, "avg_loss": 0.16359197138808668, "elapsed_s": 17.537915337990853}
{"event": "dcase_train_progress", "epoch": 66, "processed": 80, "total": 1005, "avg_loss": 0.16888918231707067, "elapsed_s": 34.458637813993846}
{"event": "dcase_train_progress", "epoch": 66, "processed": 120, "total": 1005, "avg_loss": 0.16277203974314033, "elapsed_s": 52.233947872999124}
{"event": "dcase_train_progress", "epoch": 66, "processed": 160, "total": 1005, "avg_loss": 0.1715341787203215, "elapsed_s": 69.12127350299852}
{"event": "dcase_train_progress", "epoch": 66, "processed": 200, "total": 1005, "avg_loss": 0.17222444924525918, "elapsed_s": 86.52610598599131}
{"event": "dcase_train_progress", "epoch": 66, "processed": 240, "total": 1005, "avg_loss": 0.16961658853882303, "elapsed_s": 103.2600927070016}
{"event": "dcase_train_progress", "epoch": 66, "processed": 280, "total": 1005, "avg_loss": 0.1658434125727841, "elapsed_s": 119.43158023399883}
{"event": "dcase_train_progress", "epoch": 66, "processed": 320, "total": 1005, "avg_loss": 0.16911864583962596, "elapsed_s": 136.97876600699965}
{"event": "dcase_train_progress", "epoch": 66, "processed": 360, "total": 1005, "avg_loss": 0.17198946081205374, "elapsed_s": 154.46137086499948}
{"event": "dcase_train_progress", "epoch": 66, "processed": 400, "total": 1005, "avg_loss": 0.1711567845242098, "elapsed_s": 172.2647993349965}
{"event": "dcase_train_progress", "epoch": 66, "processed": 440, "total": 1005, "avg_loss": 0.17189877367239784, "elapsed_s": 188.9975258619961}
{"event": "dcase_train_progress", "epoch": 66, "processed": 480, "total": 1005, "avg_loss": 0.17065859452122822, "elapsed_s": 206.43516486800218}
{"event": "dcase_train_progress", "epoch": 66, "processed": 520, "total": 1005, "avg_loss": 0.1710491859103338, "elapsed_s": 223.26415311099845}
{"event": "dcase_train_progress", "epoch": 66, "processed": 560, "total": 1005, "avg_loss": 0.16989912179498268, "elapsed_s": 240.53653306799242}
{"event": "dcase_train_progress", "epoch": 66, "processed": 600, "total": 1005, "avg_loss": 0.1717966065214326, "elapsed_s": 257.38166230000206}
{"event": "dcase_train_progress", "epoch": 66, "processed": 640, "total": 1005, "avg_loss": 0.17305549035372678, "elapsed_s": 273.4753816219891}
{"event": "dcase_train_progress", "epoch": 66, "processed": 680, "total": 1005, "avg_loss": 0.17038456351386713, "elapsed_s": 290.2580808079947}
{"event": "dcase_train_progress", "epoch": 66, "processed": 720, "total": 1005, "avg_loss": 0.17093057331059955, "elapsed_s": 307.2603125780006}
{"event": "dcase_train_progress", "epoch": 66, "processed": 760, "total": 1005, "avg_loss": 0.1709810461530364, "elapsed_s": 324.1256096839934}
{"event": "dcase_train_progress", "epoch": 66, "processed": 800, "total": 1005, "avg_loss": 0.16993276385823264, "elapsed_s": 340.6706180249894}
{"event": "dcase_train_progress", "epoch": 66, "processed": 840, "total": 1005, "avg_loss": 0.17008725651096376, "elapsed_s": 358.1508502959914}
{"event": "dcase_train_progress", "epoch": 66, "processed": 880, "total": 1005, "avg_loss": 0.16981829252009364, "elapsed_s": 375.16850787299336}
{"event": "dcase_train_progress", "epoch": 66, "processed": 920, "total": 1005, "avg_loss": 0.1711917050830696, "elapsed_s": 391.83331558998907}
{"event": "dcase_train_progress", "epoch": 66, "processed": 960, "total": 1005, "avg_loss": 0.17170772535804038, "elapsed_s": 407.8102987500024}
{"event": "dcase_train_progress", "epoch": 66, "processed": 1000, "total": 1005, "avg_loss": 0.17170231522992252, "elapsed_s": 424.0159841369896}
{"event": "dcase_train_progress", "epoch": 66, "processed": 1005, "total": 1005, "avg_loss": 0.1720923728499543, "elapsed_s": 426.6175668509968}
{"event": "dcase_validation_progress", "epoch": 66, "processed": 32, "total": 112}
{"event": "dcase_validation_progress", "epoch": 66, "processed": 64, "total": 112}
{"event": "dcase_validation_progress", "epoch": 66, "processed": 96, "total": 112}
{"event": "dcase_validation_progress", "epoch": 66, "processed": 112, "total": 112}
{"event": "dcase_epoch_complete", "epoch": 66, "train_loss": 0.1720923728499543, "val_doa_error_deg": 42.00848154936518, "val_folded_azimuth_rmse_deg": 42.33093430314745, "val_horizontal_assumption_rmsae_deg": 44.93572933759008, "epoch_time_s": 430.2897521289997}
{"event": "dcase_train_progress", "epoch": 67, "processed": 40, "total": 1005, "avg_loss": 0.1782583453692496, "elapsed_s": 16.5345893180056}
{"event": "dcase_train_progress", "epoch": 67, "processed": 80, "total": 1005, "avg_loss": 0.1693241713102907, "elapsed_s": 33.68726215399511}
{"event": "dcase_train_progress", "epoch": 67, "processed": 120, "total": 1005, "avg_loss": 0.17181154753391942, "elapsed_s": 50.757049833002384}
{"event": "dcase_train_progress", "epoch": 67, "processed": 160, "total": 1005, "avg_loss": 0.16677460833452643, "elapsed_s": 67.92365739100205}
{"event": "dcase_train_progress", "epoch": 67, "processed": 200, "total": 1005, "avg_loss": 0.17467131124809385, "elapsed_s": 84.77075279899873}
{"event": "dcase_train_progress", "epoch": 67, "processed": 240, "total": 1005, "avg_loss": 0.1715406163595617, "elapsed_s": 101.4185032779933}
{"event": "dcase_train_progress", "epoch": 67, "processed": 280, "total": 1005, "avg_loss": 0.172458595489817, "elapsed_s": 119.33140314499906}
{"event": "dcase_train_progress", "epoch": 67, "processed": 320, "total": 1005, "avg_loss": 0.17237419609446078, "elapsed_s": 136.31501619399933}
{"event": "dcase_train_progress", "epoch": 67, "processed": 360, "total": 1005, "avg_loss": 0.173331661719001, "elapsed_s": 152.18315434300166}
{"event": "dcase_train_progress", "epoch": 67, "processed": 400, "total": 1005, "avg_loss": 0.17268045009113847, "elapsed_s": 169.66467604400532}
{"event": "dcase_train_progress", "epoch": 67, "processed": 440, "total": 1005, "avg_loss": 0.17233323564922268, "elapsed_s": 187.2004370569921}
{"event": "dcase_train_progress", "epoch": 67, "processed": 480, "total": 1005, "avg_loss": 0.17194851175881923, "elapsed_s": 203.7832158139936}
{"event": "dcase_train_progress", "epoch": 67, "processed": 520, "total": 1005, "avg_loss": 0.16975885023577855, "elapsed_s": 221.171561819996}
{"event": "dcase_train_progress", "epoch": 67, "processed": 560, "total": 1005, "avg_loss": 0.17095329893220748, "elapsed_s": 237.34750303799228}
{"event": "dcase_train_progress", "epoch": 67, "processed": 600, "total": 1005, "avg_loss": 0.1701004016585648, "elapsed_s": 254.48428477399284}
{"event": "dcase_train_progress", "epoch": 67, "processed": 640, "total": 1005, "avg_loss": 0.16927971774421166, "elapsed_s": 272.0967568670021}
{"event": "dcase_train_progress", "epoch": 67, "processed": 680, "total": 1005, "avg_loss": 0.1705574444221223, "elapsed_s": 289.7231583370012}
{"event": "dcase_train_progress", "epoch": 67, "processed": 720, "total": 1005, "avg_loss": 0.17020604460914102, "elapsed_s": 307.5842079569993}
{"event": "dcase_train_progress", "epoch": 67, "processed": 760, "total": 1005, "avg_loss": 0.17050148426604114, "elapsed_s": 324.17593457699695}
{"event": "dcase_train_progress", "epoch": 67, "processed": 800, "total": 1005, "avg_loss": 0.1700788600323722, "elapsed_s": 341.42139206100546}
{"event": "dcase_train_progress", "epoch": 67, "processed": 840, "total": 1005, "avg_loss": 0.17224694644100963, "elapsed_s": 357.6424172340048}
{"event": "dcase_train_progress", "epoch": 67, "processed": 880, "total": 1005, "avg_loss": 0.1723426170033318, "elapsed_s": 374.1961455069977}
{"event": "dcase_train_progress", "epoch": 67, "processed": 920, "total": 1005, "avg_loss": 0.17210783395592286, "elapsed_s": 390.45116980599414}
{"event": "dcase_train_progress", "epoch": 67, "processed": 960, "total": 1005, "avg_loss": 0.17210434813750908, "elapsed_s": 407.96508883699425}
{"event": "dcase_train_progress", "epoch": 67, "processed": 1000, "total": 1005, "avg_loss": 0.17257171553745865, "elapsed_s": 424.1965276389965}
{"event": "dcase_train_progress", "epoch": 67, "processed": 1005, "total": 1005, "avg_loss": 0.1726906612218909, "elapsed_s": 426.77361857300275}
{"event": "dcase_validation_progress", "epoch": 67, "processed": 32, "total": 112}
{"event": "dcase_validation_progress", "epoch": 67, "processed": 64, "total": 112}
{"event": "dcase_validation_progress", "epoch": 67, "processed": 96, "total": 112}
{"event": "dcase_validation_progress", "epoch": 67, "processed": 112, "total": 112}
{"event": "dcase_epoch_complete", "epoch": 67, "train_loss": 0.1726906612218909, "val_doa_error_deg": 41.41576787190778, "val_folded_azimuth_rmse_deg": 41.774920099547934, "val_horizontal_assumption_rmsae_deg": 44.88500856927463, "epoch_time_s": 429.2907958589931}
{"event": "dcase_train_progress", "epoch": 68, "processed": 40, "total": 1005, "avg_loss": 0.16234644465148448, "elapsed_s": 16.841950720991008}
{"event": "dcase_train_progress", "epoch": 68, "processed": 80, "total": 1005, "avg_loss": 0.1764044750481844, "elapsed_s": 34.79987230199913}
{"event": "dcase_train_progress", "epoch": 68, "processed": 120, "total": 1005, "avg_loss": 0.16807834785431625, "elapsed_s": 51.81626070699713}
{"event": "dcase_train_progress", "epoch": 68, "processed": 160, "total": 1005, "avg_loss": 0.1649102921015583, "elapsed_s": 68.57799884398992}
{"event": "dcase_train_progress", "epoch": 68, "processed": 200, "total": 1005, "avg_loss": 0.1609310096781701, "elapsed_s": 85.90322707800078}
{"event": "dcase_train_progress", "epoch": 68, "processed": 240, "total": 1005, "avg_loss": 0.16729276760015638, "elapsed_s": 102.89087689000007}
{"event": "dcase_train_progress", "epoch": 68, "processed": 280, "total": 1005, "avg_loss": 0.16522406179324856, "elapsed_s": 119.82332690300245}
{"event": "dcase_train_progress", "epoch": 68, "processed": 320, "total": 1005, "avg_loss": 0.16485404642880894, "elapsed_s": 136.90899495899794}
{"event": "dcase_train_progress", "epoch": 68, "processed": 360, "total": 1005, "avg_loss": 0.16771088873243167, "elapsed_s": 153.07211572398955}
{"event": "dcase_train_progress", "epoch": 68, "processed": 400, "total": 1005, "avg_loss": 0.1700213288841769, "elapsed_s": 169.75587366700347}
{"event": "dcase_train_progress", "epoch": 68, "processed": 440, "total": 1005, "avg_loss": 0.1723941436333751, "elapsed_s": 186.5471405559947}
{"event": "dcase_train_progress", "epoch": 68, "processed": 480, "total": 1005, "avg_loss": 0.17130103803162153, "elapsed_s": 203.33296201899066}
{"event": "dcase_train_progress", "epoch": 68, "processed": 520, "total": 1005, "avg_loss": 0.16802142737075113, "elapsed_s": 220.74802152499615}
{"event": "dcase_train_progress", "epoch": 68, "processed": 560, "total": 1005, "avg_loss": 0.1677314609588523, "elapsed_s": 238.007724184994}
{"event": "dcase_train_progress", "epoch": 68, "processed": 600, "total": 1005, "avg_loss": 0.16908749902931353, "elapsed_s": 255.69742013099312}
{"event": "dcase_train_progress", "epoch": 68, "processed": 640, "total": 1005, "avg_loss": 0.17038676163356287, "elapsed_s": 272.4340304819925}
{"event": "dcase_train_progress", "epoch": 68, "processed": 680, "total": 1005, "avg_loss": 0.17190626125837513, "elapsed_s": 289.8079732299957}
{"event": "dcase_train_progress", "epoch": 68, "processed": 720, "total": 1005, "avg_loss": 0.1713978033538701, "elapsed_s": 307.5303555040009}
{"event": "dcase_train_progress", "epoch": 68, "processed": 760, "total": 1005, "avg_loss": 0.1696474489535352, "elapsed_s": 324.93439652699453}
{"event": "dcase_train_progress", "epoch": 68, "processed": 800, "total": 1005, "avg_loss": 0.16798668812727555, "elapsed_s": 341.8374544929975}
{"event": "dcase_train_progress", "epoch": 68, "processed": 840, "total": 1005, "avg_loss": 0.16943035855490182, "elapsed_s": 359.4626900519943}
{"event": "dcase_train_progress", "epoch": 68, "processed": 880, "total": 1005, "avg_loss": 0.1702768828106028, "elapsed_s": 377.27000013900397}
{"event": "dcase_train_progress", "epoch": 68, "processed": 920, "total": 1005, "avg_loss": 0.1705203781694012, "elapsed_s": 394.85216354699514}
{"event": "dcase_train_progress", "epoch": 68, "processed": 960, "total": 1005, "avg_loss": 0.17155449453081625, "elapsed_s": 412.33116662599787}
{"event": "dcase_train_progress", "epoch": 68, "processed": 1000, "total": 1005, "avg_loss": 0.17200116322003306, "elapsed_s": 429.22523050599557}
{"event": "dcase_train_progress", "epoch": 68, "processed": 1005, "total": 1005, "avg_loss": 0.1719990027836751, "elapsed_s": 431.6336469329981}
{"event": "dcase_validation_progress", "epoch": 68, "processed": 32, "total": 112}
{"event": "dcase_validation_progress", "epoch": 68, "processed": 64, "total": 112}
{"event": "dcase_validation_progress", "epoch": 68, "processed": 96, "total": 112}
{"event": "dcase_validation_progress", "epoch": 68, "processed": 112, "total": 112}
{"event": "dcase_epoch_complete", "epoch": 68, "train_loss": 0.1719990027836751, "val_doa_error_deg": 42.305001808064326, "val_folded_azimuth_rmse_deg": 42.59241018124989, "val_horizontal_assumption_rmsae_deg": 44.92164738263403, "epoch_time_s": 433.5654930110031}
{"event": "dcase_train_progress", "epoch": 69, "processed": 40, "total": 1005, "avg_loss": 0.18156050322577358, "elapsed_s": 15.801320749000297}
{"event": "dcase_train_progress", "epoch": 69, "processed": 80, "total": 1005, "avg_loss": 0.1715018832590431, "elapsed_s": 33.01279846500256}
{"event": "dcase_train_progress", "epoch": 69, "processed": 120, "total": 1005, "avg_loss": 0.1714278970534603, "elapsed_s": 50.69269145101134}
{"event": "dcase_train_progress", "epoch": 69, "processed": 160, "total": 1005, "avg_loss": 0.1677891419036314, "elapsed_s": 67.83486319500662}
{"event": "dcase_train_progress", "epoch": 69, "processed": 200, "total": 1005, "avg_loss": 0.17623464381322265, "elapsed_s": 85.30087636200187}
{"event": "dcase_train_progress", "epoch": 69, "processed": 240, "total": 1005, "avg_loss": 0.17942681655598183, "elapsed_s": 101.93986675901397}
{"event": "dcase_train_progress", "epoch": 69, "processed": 280, "total": 1005, "avg_loss": 0.1807919575500169, "elapsed_s": 119.06737432500813}
{"event": "dcase_train_progress", "epoch": 69, "processed": 320, "total": 1005, "avg_loss": 0.17679715583799407, "elapsed_s": 135.94000081400736}
{"event": "dcase_train_progress", "epoch": 69, "processed": 360, "total": 1005, "avg_loss": 0.17699367401914465, "elapsed_s": 153.00788204401033}
{"event": "dcase_train_progress", "epoch": 69, "processed": 400, "total": 1005, "avg_loss": 0.17262695351149887, "elapsed_s": 170.54457970500516}
{"event": "dcase_train_progress", "epoch": 69, "processed": 440, "total": 1005, "avg_loss": 0.1751287616239014, "elapsed_s": 186.93849390700052}
{"event": "dcase_train_progress", "epoch": 69, "processed": 480, "total": 1005, "avg_loss": 0.17404054244592165, "elapsed_s": 204.05475541600026}
{"event": "dcase_train_progress", "epoch": 69, "processed": 520, "total": 1005, "avg_loss": 0.17440723981350087, "elapsed_s": 221.0142288520001}
{"event": "dcase_train_progress", "epoch": 69, "processed": 560, "total": 1005, "avg_loss": 0.17288267097901552, "elapsed_s": 237.8297535370075}
{"event": "dcase_train_progress", "epoch": 69, "processed": 600, "total": 1005, "avg_loss": 0.17334411500953137, "elapsed_s": 255.29510234000918}
{"event": "dcase_train_progress", "epoch": 69, "processed": 640, "total": 1005, "avg_loss": 0.17281601215654518, "elapsed_s": 271.6584951790137}
{"event": "dcase_train_progress", "epoch": 69, "processed": 680, "total": 1005, "avg_loss": 0.1719478388399105, "elapsed_s": 288.77749525800755}
{"event": "dcase_train_progress", "epoch": 69, "processed": 720, "total": 1005, "avg_loss": 0.17149318472430525, "elapsed_s": 306.1592796360055}
{"event": "dcase_train_progress", "epoch": 69, "processed": 760, "total": 1005, "avg_loss": 0.17085443912809226, "elapsed_s": 323.3128979710018}
{"event": "dcase_train_progress", "epoch": 69, "processed": 800, "total": 1005, "avg_loss": 0.17080931650241837, "elapsed_s": 339.6922920930083}
{"event": "dcase_train_progress", "epoch": 69, "processed": 840, "total": 1005, "avg_loss": 0.17063093505844118, "elapsed_s": 356.59188645600807}
{"event": "dcase_train_progress", "epoch": 69, "processed": 880, "total": 1005, "avg_loss": 0.17176239969928495, "elapsed_s": 373.905003856009}
{"event": "dcase_train_progress", "epoch": 69, "processed": 920, "total": 1005, "avg_loss": 0.17259289201794434, "elapsed_s": 391.8647450030112}
{"event": "dcase_train_progress", "epoch": 69, "processed": 960, "total": 1005, "avg_loss": 0.17331271872972137, "elapsed_s": 408.70238299701305}
{"event": "dcase_train_progress", "epoch": 69, "processed": 1000, "total": 1005, "avg_loss": 0.17203033362142742, "elapsed_s": 425.79508418501064}
{"event": "dcase_train_progress", "epoch": 69, "processed": 1005, "total": 1005, "avg_loss": 0.1719749862115033, "elapsed_s": 428.2166684840049}
{"event": "dcase_validation_progress", "epoch": 69, "processed": 32, "total": 112}
{"event": "dcase_validation_progress", "epoch": 69, "processed": 64, "total": 112}
{"event": "dcase_validation_progress", "epoch": 69, "processed": 96, "total": 112}
{"event": "dcase_validation_progress", "epoch": 69, "processed": 112, "total": 112}
{"event": "dcase_epoch_complete", "epoch": 69, "train_loss": 0.1719749862115033, "val_doa_error_deg": 41.109422536832945, "val_folded_azimuth_rmse_deg": 41.49788444595678, "val_horizontal_assumption_rmsae_deg": 44.876017683318686, "epoch_time_s": 430.43254400699516}
{"event": "dcase_train_progress", "epoch": 70, "processed": 40, "total": 1005, "avg_loss": 0.16893228758126497, "elapsed_s": 17.114244103999226}
{"event": "dcase_train_progress", "epoch": 70, "processed": 80, "total": 1005, "avg_loss": 0.16700657308101655, "elapsed_s": 33.87989956198726}
{"event": "dcase_train_progress", "epoch": 70, "processed": 120, "total": 1005, "avg_loss": 0.1767544627810518, "elapsed_s": 51.2591306349932}
{"event": "dcase_train_progress", "epoch": 70, "processed": 160, "total": 1005, "avg_loss": 0.16838258947245777, "elapsed_s": 68.8184974219912}
{"event": "dcase_train_progress", "epoch": 70, "processed": 200, "total": 1005, "avg_loss": 0.16771755207329989, "elapsed_s": 85.06747172999894}
{"event": "dcase_train_progress", "epoch": 70, "processed": 240, "total": 1005, "avg_loss": 0.16818359492657084, "elapsed_s": 101.70920855099394}
{"event": "dcase_train_progress", "epoch": 70, "processed": 280, "total": 1005, "avg_loss": 0.17300999745992676, "elapsed_s": 118.63021480299358}
{"event": "dcase_train_progress", "epoch": 70, "processed": 320, "total": 1005, "avg_loss": 0.17122434197226538, "elapsed_s": 135.04441608198977}
{"event": "dcase_train_progress", "epoch": 70, "processed": 360, "total": 1005, "avg_loss": 0.17328030326300198, "elapsed_s": 151.6468528569967}
{"event": "dcase_train_progress", "epoch": 70, "processed": 400, "total": 1005, "avg_loss": 0.1685918379528448, "elapsed_s": 168.95304889399267}
{"event": "dcase_train_progress", "epoch": 70, "processed": 440, "total": 1005, "avg_loss": 0.16762253187427467, "elapsed_s": 186.0081944969861}
{"event": "dcase_train_progress", "epoch": 70, "processed": 480, "total": 1005, "avg_loss": 0.16744094257398198, "elapsed_s": 202.9990717599867}
{"event": "dcase_train_progress", "epoch": 70, "processed": 520, "total": 1005, "avg_loss": 0.1685146996106666, "elapsed_s": 219.58999303499877}
{"event": "dcase_train_progress", "epoch": 70, "processed": 560, "total": 1005, "avg_loss": 0.16848227780179253, "elapsed_s": 236.40403991399216}
{"event": "dcase_train_progress", "epoch": 70, "processed": 600, "total": 1005, "avg_loss": 0.16782131094485522, "elapsed_s": 253.77516370399098}
{"event": "dcase_train_progress", "epoch": 70, "processed": 640, "total": 1005, "avg_loss": 0.16868557303678244, "elapsed_s": 271.0022475769947}
{"event": "dcase_train_progress", "epoch": 70, "processed": 680, "total": 1005, "avg_loss": 0.16927423081634677, "elapsed_s": 287.87225743799354}
{"event": "dcase_train_progress", "epoch": 70, "processed": 720, "total": 1005, "avg_loss": 0.16983858694115447, "elapsed_s": 305.3188969569892}
{"event": "dcase_train_progress", "epoch": 70, "processed": 760, "total": 1005, "avg_loss": 0.16986622242257, "elapsed_s": 321.45141827198677}
{"event": "dcase_train_progress", "epoch": 70, "processed": 800, "total": 1005, "avg_loss": 0.17079511512070894, "elapsed_s": 338.3715278939926}
{"event": "dcase_train_progress", "epoch": 70, "processed": 840, "total": 1005, "avg_loss": 0.17101819053558368, "elapsed_s": 355.37132354298956}
{"event": "dcase_train_progress", "epoch": 70, "processed": 880, "total": 1005, "avg_loss": 0.17081711890853263, "elapsed_s": 373.47322884199093}
{"event": "dcase_train_progress", "epoch": 70, "processed": 920, "total": 1005, "avg_loss": 0.17194854690814795, "elapsed_s": 390.8146077040001}
{"event": "dcase_train_progress", "epoch": 70, "processed": 960, "total": 1005, "avg_loss": 0.1722634866174, "elapsed_s": 407.29254479298834}
{"event": "dcase_train_progress", "epoch": 70, "processed": 1000, "total": 1005, "avg_loss": 0.1717157183662057, "elapsed_s": 425.01946696099185}
{"event": "dcase_train_progress", "epoch": 70, "processed": 1005, "total": 1005, "avg_loss": 0.1720736472241914, "elapsed_s": 427.2887816129951}
{"event": "dcase_validation_progress", "epoch": 70, "processed": 32, "total": 112}
{"event": "dcase_validation_progress", "epoch": 70, "processed": 64, "total": 112}
{"event": "dcase_validation_progress", "epoch": 70, "processed": 96, "total": 112}
{"event": "dcase_validation_progress", "epoch": 70, "processed": 112, "total": 112}
{"event": "dcase_epoch_complete", "epoch": 70, "train_loss": 0.1720736472241914, "val_doa_error_deg": 41.882786933864864, "val_folded_azimuth_rmse_deg": 42.238602061356815, "val_horizontal_assumption_rmsae_deg": 44.88517400409494, "epoch_time_s": 429.8803766859928}
{"event": "dcase_train_progress", "epoch": 71, "processed": 40, "total": 1005, "avg_loss": 0.16441093739122153, "elapsed_s": 17.296009077996132}
{"event": "dcase_train_progress", "epoch": 71, "processed": 80, "total": 1005, "avg_loss": 0.18140781605616213, "elapsed_s": 34.32271643099375}
{"event": "dcase_train_progress", "epoch": 71, "processed": 120, "total": 1005, "avg_loss": 0.1717270767626663, "elapsed_s": 52.560796994002885}
{"event": "dcase_train_progress", "epoch": 71, "processed": 160, "total": 1005, "avg_loss": 0.17763667267281563, "elapsed_s": 69.86233873099263}
{"event": "dcase_train_progress", "epoch": 71, "processed": 200, "total": 1005, "avg_loss": 0.16933809502050282, "elapsed_s": 86.47511223600304}
{"event": "dcase_train_progress", "epoch": 71, "processed": 240, "total": 1005, "avg_loss": 0.17269799859883886, "elapsed_s": 103.1983025840018}
{"event": "dcase_train_progress", "epoch": 71, "processed": 280, "total": 1005, "avg_loss": 0.1712219930253923, "elapsed_s": 120.17777287999343}
{"event": "dcase_train_progress", "epoch": 71, "processed": 320, "total": 1005, "avg_loss": 0.17077015937538817, "elapsed_s": 137.46655579500657}
{"event": "dcase_train_progress", "epoch": 71, "processed": 360, "total": 1005, "avg_loss": 0.17174984048017197, "elapsed_s": 154.50293774799502}
{"event": "dcase_train_progress", "epoch": 71, "processed": 400, "total": 1005, "avg_loss": 0.1721887398790568, "elapsed_s": 171.59019231000275}
{"event": "dcase_train_progress", "epoch": 71, "processed": 440, "total": 1005, "avg_loss": 0.17091709392314608, "elapsed_s": 188.4371172300016}
{"event": "dcase_train_progress", "epoch": 71, "processed": 480, "total": 1005, "avg_loss": 0.170791657990776, "elapsed_s": 204.94115495900041}
{"event": "dcase_train_progress", "epoch": 71, "processed": 520, "total": 1005, "avg_loss": 0.17148277387022973, "elapsed_s": 221.78176347799308}
{"event": "dcase_train_progress", "epoch": 71, "processed": 560, "total": 1005, "avg_loss": 0.17074438311558748, "elapsed_s": 239.256207102997}
{"event": "dcase_train_progress", "epoch": 71, "processed": 600, "total": 1005, "avg_loss": 0.17165482200061283, "elapsed_s": 256.9414053710061}
{"event": "dcase_train_progress", "epoch": 71, "processed": 640, "total": 1005, "avg_loss": 0.17265504983370192, "elapsed_s": 273.6228746739944}
{"event": "dcase_train_progress", "epoch": 71, "processed": 680, "total": 1005, "avg_loss": 0.17053653078208514, "elapsed_s": 291.1000697910058}
{"event": "dcase_train_progress", "epoch": 71, "processed": 720, "total": 1005, "avg_loss": 0.1717607303082736, "elapsed_s": 308.13840422600333}
{"event": "dcase_train_progress", "epoch": 71, "processed": 760, "total": 1005, "avg_loss": 0.17078850423476022, "elapsed_s": 324.4033761909959}
{"event": "dcase_train_progress", "epoch": 71, "processed": 800, "total": 1005, "avg_loss": 0.16949354260461405, "elapsed_s": 340.69309438100026}
{"event": "dcase_train_progress", "epoch": 71, "processed": 840, "total": 1005, "avg_loss": 0.16899091006434036, "elapsed_s": 357.36644238600275}
{"event": "dcase_train_progress", "epoch": 71, "processed": 880, "total": 1005, "avg_loss": 0.17024775282691487, "elapsed_s": 374.47763591200055}
{"event": "dcase_train_progress", "epoch": 71, "processed": 920, "total": 1005, "avg_loss": 0.17059440555293923, "elapsed_s": 391.4127421239973}
{"event": "dcase_train_progress", "epoch": 71, "processed": 960, "total": 1005, "avg_loss": 0.1713579035208871, "elapsed_s": 408.2000569420052}
{"event": "dcase_train_progress", "epoch": 71, "processed": 1000, "total": 1005, "avg_loss": 0.17161157981306313, "elapsed_s": 425.19746607900015}
{"event": "dcase_train_progress", "epoch": 71, "processed": 1005, "total": 1005, "avg_loss": 0.17206727901649713, "elapsed_s": 427.68181738500425}
{"event": "dcase_validation_progress", "epoch": 71, "processed": 32, "total": 112}
{"event": "dcase_validation_progress", "epoch": 71, "processed": 64, "total": 112}
{"event": "dcase_validation_progress", "epoch": 71, "processed": 96, "total": 112}
{"event": "dcase_validation_progress", "epoch": 71, "processed": 112, "total": 112}
{"event": "dcase_epoch_complete", "epoch": 71, "train_loss": 0.17206727901649713, "val_doa_error_deg": 41.25953030586243, "val_folded_azimuth_rmse_deg": 41.62201263861997, "val_horizontal_assumption_rmsae_deg": 44.55096153702055, "epoch_time_s": 431.1185383379925}
{"event": "dcase_train_progress", "epoch": 72, "processed": 40, "total": 1005, "avg_loss": 0.1660912479273975, "elapsed_s": 16.50087163200078}
{"event": "dcase_train_progress", "epoch": 72, "processed": 80, "total": 1005, "avg_loss": 0.16145511898212134, "elapsed_s": 33.92494012300449}
{"event": "dcase_train_progress", "epoch": 72, "processed": 120, "total": 1005, "avg_loss": 0.16549678879479568, "elapsed_s": 50.83129251000355}
{"event": "dcase_train_progress", "epoch": 72, "processed": 160, "total": 1005, "avg_loss": 0.1804313356988132, "elapsed_s": 68.10270943700743}
{"event": "dcase_train_progress", "epoch": 72, "processed": 200, "total": 1005, "avg_loss": 0.1809027311578393, "elapsed_s": 85.05126075600856}
{"event": "dcase_train_progress", "epoch": 72, "processed": 240, "total": 1005, "avg_loss": 0.18203030672545234, "elapsed_s": 102.68631997800549}
{"event": "dcase_train_progress", "epoch": 72, "processed": 280, "total": 1005, "avg_loss": 0.177202425537897, "elapsed_s": 119.27852811000776}
{"event": "dcase_train_progress", "epoch": 72, "processed": 320, "total": 1005, "avg_loss": 0.1767355524818413, "elapsed_s": 136.56121408499894}
{"event": "dcase_train_progress", "epoch": 72, "processed": 360, "total": 1005, "avg_loss": 0.17612068765900202, "elapsed_s": 149.45699924101064}
{"event": "dcase_train_progress", "epoch": 72, "processed": 400, "total": 1005, "avg_loss": 0.17464847468771041, "elapsed_s": 157.5254864449962}
{"event": "dcase_train_progress", "epoch": 72, "processed": 440, "total": 1005, "avg_loss": 0.17543396142904055, "elapsed_s": 165.25213846399856}
{"event": "dcase_train_progress", "epoch": 72, "processed": 480, "total": 1005, "avg_loss": 0.17575504482568552, "elapsed_s": 172.93557440199947}
{"event": "dcase_train_progress", "epoch": 72, "processed": 520, "total": 1005, "avg_loss": 0.17460315850778269, "elapsed_s": 180.94073056599882}
{"event": "dcase_train_progress", "epoch": 72, "processed": 560, "total": 1005, "avg_loss": 0.17163575360817568, "elapsed_s": 188.661441698001}
{"event": "dcase_train_progress", "epoch": 72, "processed": 600, "total": 1005, "avg_loss": 0.17235035351788006, "elapsed_s": 196.45179262800957}
{"event": "dcase_train_progress", "epoch": 72, "processed": 640, "total": 1005, "avg_loss": 0.173979350522859, "elapsed_s": 204.2331987080106}
{"event": "dcase_train_progress", "epoch": 72, "processed": 680, "total": 1005, "avg_loss": 0.17534692203626037, "elapsed_s": 212.07237685500877}
{"event": "dcase_train_progress", "epoch": 72, "processed": 720, "total": 1005, "avg_loss": 0.17539894037052162, "elapsed_s": 219.74534646100074}
{"event": "dcase_train_progress", "epoch": 72, "processed": 760, "total": 1005, "avg_loss": 0.17657119257767734, "elapsed_s": 227.36799540600623}
{"event": "dcase_train_progress", "epoch": 72, "processed": 800, "total": 1005, "avg_loss": 0.17518334076274186, "elapsed_s": 234.81373342800362}
{"event": "dcase_train_progress", "epoch": 72, "processed": 840, "total": 1005, "avg_loss": 0.17399148870969103, "elapsed_s": 249.09930677100783}
{"event": "dcase_train_progress", "epoch": 72, "processed": 880, "total": 1005, "avg_loss": 0.17248275994577192, "elapsed_s": 265.4640708710067}
{"event": "dcase_train_progress", "epoch": 72, "processed": 920, "total": 1005, "avg_loss": 0.1721454831569091, "elapsed_s": 283.0359890920081}
{"event": "dcase_train_progress", "epoch": 72, "processed": 960, "total": 1005, "avg_loss": 0.17145879808813333, "elapsed_s": 299.76781508800923}
{"event": "dcase_train_progress", "epoch": 72, "processed": 1000, "total": 1005, "avg_loss": 0.17232021560519933, "elapsed_s": 317.64815363200614}
{"event": "dcase_train_progress", "epoch": 72, "processed": 1005, "total": 1005, "avg_loss": 0.17185629296362104, "elapsed_s": 319.9958319360012}
{"event": "dcase_validation_progress", "epoch": 72, "processed": 32, "total": 112}
{"event": "dcase_validation_progress", "epoch": 72, "processed": 64, "total": 112}
{"event": "dcase_validation_progress", "epoch": 72, "processed": 96, "total": 112}
{"event": "dcase_validation_progress", "epoch": 72, "processed": 112, "total": 112}
{"event": "dcase_epoch_complete", "epoch": 72, "train_loss": 0.17185629296362104, "val_doa_error_deg": 41.5101606462683, "val_folded_azimuth_rmse_deg": 41.896640092134476, "val_horizontal_assumption_rmsae_deg": 44.782615091119496, "epoch_time_s": 322.580221006996}
{"event": "dcase_train_progress", "epoch": 73, "processed": 40, "total": 1005, "avg_loss": 0.14706991594284774, "elapsed_s": 18.124450190996868}
{"event": "dcase_train_progress", "epoch": 73, "processed": 80, "total": 1005, "avg_loss": 0.16086037126369773, "elapsed_s": 35.033600267008296}
{"event": "dcase_train_progress", "epoch": 73, "processed": 120, "total": 1005, "avg_loss": 0.16171835064888002, "elapsed_s": 52.465861663004034}
{"event": "dcase_train_progress", "epoch": 73, "processed": 160, "total": 1005, "avg_loss": 0.16250628572888673, "elapsed_s": 70.66615480299515}
{"event": "dcase_train_progress", "epoch": 73, "processed": 200, "total": 1005, "avg_loss": 0.15405221948400138, "elapsed_s": 88.17874560100609}
{"event": "dcase_train_progress", "epoch": 73, "processed": 240, "total": 1005, "avg_loss": 0.15505870431661606, "elapsed_s": 106.29555813000479}
{"event": "dcase_train_progress", "epoch": 73, "processed": 280, "total": 1005, "avg_loss": 0.15901455381619078, "elapsed_s": 122.99438461600221}
{"event": "dcase_train_progress", "epoch": 73, "processed": 320, "total": 1005, "avg_loss": 0.15763053343980574, "elapsed_s": 139.57150819699746}
{"event": "dcase_train_progress", "epoch": 73, "processed": 360, "total": 1005, "avg_loss": 0.155529314543431, "elapsed_s": 156.69389879499795}
{"event": "dcase_train_progress", "epoch": 73, "processed": 400, "total": 1005, "avg_loss": 0.15933375587221235, "elapsed_s": 173.54099212800793}
{"event": "dcase_train_progress", "epoch": 73, "processed": 440, "total": 1005, "avg_loss": 0.160368893511424, "elapsed_s": 189.84828889599885}
{"event": "dcase_train_progress", "epoch": 73, "processed": 480, "total": 1005, "avg_loss": 0.1644150676865441, "elapsed_s": 206.385141605002}
{"event": "dcase_train_progress", "epoch": 73, "processed": 520, "total": 1005, "avg_loss": 0.164940502641436, "elapsed_s": 223.43467135200626}
{"event": "dcase_train_progress", "epoch": 73, "processed": 560, "total": 1005, "avg_loss": 0.16634879221674054, "elapsed_s": 240.0971282780083}
{"event": "dcase_train_progress", "epoch": 73, "processed": 600, "total": 1005, "avg_loss": 0.16791826397490997, "elapsed_s": 256.363288610999}
{"event": "dcase_train_progress", "epoch": 73, "processed": 640, "total": 1005, "avg_loss": 0.16814730780024548, "elapsed_s": 272.26058158000524}
{"event": "dcase_train_progress", "epoch": 73, "processed": 680, "total": 1005, "avg_loss": 0.16686858186662634, "elapsed_s": 289.61689459800255}
{"event": "dcase_train_progress", "epoch": 73, "processed": 720, "total": 1005, "avg_loss": 0.16799094300561895, "elapsed_s": 306.8603154730081}
{"event": "dcase_train_progress", "epoch": 73, "processed": 760, "total": 1005, "avg_loss": 0.1679475716780871, "elapsed_s": 323.3661953520059}
{"event": "dcase_train_progress", "epoch": 73, "processed": 800, "total": 1005, "avg_loss": 0.16840696670813485, "elapsed_s": 340.9238880019984}
{"event": "dcase_train_progress", "epoch": 73, "processed": 840, "total": 1005, "avg_loss": 0.16870684428362265, "elapsed_s": 357.44409767100296}
{"event": "dcase_train_progress", "epoch": 73, "processed": 880, "total": 1005, "avg_loss": 0.16965152594176205, "elapsed_s": 374.4713270110078}
{"event": "dcase_train_progress", "epoch": 73, "processed": 920, "total": 1005, "avg_loss": 0.17084269547106132, "elapsed_s": 392.01553458100534}
{"event": "dcase_train_progress", "epoch": 73, "processed": 960, "total": 1005, "avg_loss": 0.17146594524383546, "elapsed_s": 409.1552597510017}
{"event": "dcase_train_progress", "epoch": 73, "processed": 1000, "total": 1005, "avg_loss": 0.1709554457180202, "elapsed_s": 425.9307731309964}
{"event": "dcase_train_progress", "epoch": 73, "processed": 1005, "total": 1005, "avg_loss": 0.17153680606638613, "elapsed_s": 428.6794446240092}
{"event": "dcase_validation_progress", "epoch": 73, "processed": 32, "total": 112}
{"event": "dcase_validation_progress", "epoch": 73, "processed": 64, "total": 112}
{"event": "dcase_validation_progress", "epoch": 73, "processed": 96, "total": 112}
{"event": "dcase_validation_progress", "epoch": 73, "processed": 112, "total": 112}
{"event": "dcase_epoch_complete", "epoch": 73, "train_loss": 0.17153680606638613, "val_doa_error_deg": 41.728674188256264, "val_folded_azimuth_rmse_deg": 42.03389882402761, "val_horizontal_assumption_rmsae_deg": 44.69820640768324, "epoch_time_s": 431.15293218099396}
{"event": "dcase_train_progress", "epoch": 74, "processed": 40, "total": 1005, "avg_loss": 0.19648123113438487, "elapsed_s": 17.71342090300459}
{"event": "dcase_train_progress", "epoch": 74, "processed": 80, "total": 1005, "avg_loss": 0.17465499169193208, "elapsed_s": 34.77078416400764}
{"event": "dcase_train_progress", "epoch": 74, "processed": 120, "total": 1005, "avg_loss": 0.17239820097262662, "elapsed_s": 52.44098372000735}
{"event": "dcase_train_progress", "epoch": 74, "processed": 160, "total": 1005, "avg_loss": 0.17489943301770836, "elapsed_s": 69.1265184119984}
{"event": "dcase_train_progress", "epoch": 74, "processed": 200, "total": 1005, "avg_loss": 0.1780659438110888, "elapsed_s": 86.24766934099898}
{"event": "dcase_train_progress", "epoch": 74, "processed": 240, "total": 1005, "avg_loss": 0.1802024885546416, "elapsed_s": 103.49682589199801}
{"event": "dcase_train_progress", "epoch": 74, "processed": 280, "total": 1005, "avg_loss": 0.17901804025417992, "elapsed_s": 121.19127498099988}
{"event": "dcase_train_progress", "epoch": 74, "processed": 320, "total": 1005, "avg_loss": 0.1762942360714078, "elapsed_s": 136.75143885299622}
{"event": "dcase_train_progress", "epoch": 74, "processed": 360, "total": 1005, "avg_loss": 0.17409975630127722, "elapsed_s": 153.7248156209971}
{"event": "dcase_train_progress", "epoch": 74, "processed": 400, "total": 1005, "avg_loss": 0.17344681797549127, "elapsed_s": 170.88098689100298}
{"event": "dcase_train_progress", "epoch": 74, "processed": 440, "total": 1005, "avg_loss": 0.1747209948995574, "elapsed_s": 187.82873986300547}
{"event": "dcase_train_progress", "epoch": 74, "processed": 480, "total": 1005, "avg_loss": 0.17257270535919816, "elapsed_s": 205.5093874459999}
{"event": "dcase_train_progress", "epoch": 74, "processed": 520, "total": 1005, "avg_loss": 0.17352814661482205, "elapsed_s": 222.78523893399688}
{"event": "dcase_train_progress", "epoch": 74, "processed": 560, "total": 1005, "avg_loss": 0.1734760396448629, "elapsed_s": 238.98135552300664}
{"event": "dcase_train_progress", "epoch": 74, "processed": 600, "total": 1005, "avg_loss": 0.17346963594357173, "elapsed_s": 256.6657028720074}
{"event": "dcase_train_progress", "epoch": 74, "processed": 640, "total": 1005, "avg_loss": 0.17223805504618211, "elapsed_s": 273.17192558699753}
{"event": "dcase_train_progress", "epoch": 74, "processed": 680, "total": 1005, "avg_loss": 0.17346431579002564, "elapsed_s": 289.9688491230045}
{"event": "dcase_train_progress", "epoch": 74, "processed": 720, "total": 1005, "avg_loss": 0.1733674934392588, "elapsed_s": 307.49833594799566}
{"event": "dcase_train_progress", "epoch": 74, "processed": 760, "total": 1005, "avg_loss": 0.17268620149575567, "elapsed_s": 324.439883915009}
{"event": "dcase_train_progress", "epoch": 74, "processed": 800, "total": 1005, "avg_loss": 0.17360529019031673, "elapsed_s": 341.213943655006}
{"event": "dcase_train_progress", "epoch": 74, "processed": 840, "total": 1005, "avg_loss": 0.17317498758923086, "elapsed_s": 357.36700173500867}
{"event": "dcase_train_progress", "epoch": 74, "processed": 880, "total": 1005, "avg_loss": 0.172238505769267, "elapsed_s": 375.2877711470064}
{"event": "dcase_train_progress", "epoch": 74, "processed": 920, "total": 1005, "avg_loss": 0.17316051415653658, "elapsed_s": 391.8232986630028}
{"event": "dcase_train_progress", "epoch": 74, "processed": 960, "total": 1005, "avg_loss": 0.17306350833775166, "elapsed_s": 409.501076333996}
{"event": "dcase_train_progress", "epoch": 74, "processed": 1000, "total": 1005, "avg_loss": 0.17190772213228048, "elapsed_s": 426.63285780799924}
{"event": "dcase_train_progress", "epoch": 74, "processed": 1005, "total": 1005, "avg_loss": 0.17167429170242293, "elapsed_s": 428.9012808010011}
{"event": "dcase_validation_progress", "epoch": 74, "processed": 32, "total": 112}
{"event": "dcase_validation_progress", "epoch": 74, "processed": 64, "total": 112}
{"event": "dcase_validation_progress", "epoch": 74, "processed": 96, "total": 112}
{"event": "dcase_validation_progress", "epoch": 74, "processed": 112, "total": 112}
{"event": "dcase_epoch_complete", "epoch": 74, "train_loss": 0.17167429170242293, "val_doa_error_deg": 41.99231855997017, "val_folded_azimuth_rmse_deg": 42.281517033066066, "val_horizontal_assumption_rmsae_deg": 44.80132541060448, "epoch_time_s": 431.92116513100336}
{"event": "dcase_train_progress", "epoch": 75, "processed": 40, "total": 1005, "avg_loss": 0.1519720546901226, "elapsed_s": 16.461525511011132}
{"event": "dcase_train_progress", "epoch": 75, "processed": 80, "total": 1005, "avg_loss": 0.16256536655128, "elapsed_s": 33.53345971700037}
{"event": "dcase_train_progress", "epoch": 75, "processed": 120, "total": 1005, "avg_loss": 0.1660294306774934, "elapsed_s": 50.77527480300341}
{"event": "dcase_train_progress", "epoch": 75, "processed": 160, "total": 1005, "avg_loss": 0.167665869416669, "elapsed_s": 67.75765965900791}
{"event": "dcase_train_progress", "epoch": 75, "processed": 200, "total": 1005, "avg_loss": 0.17352801002562046, "elapsed_s": 85.6092234730022}
{"event": "dcase_train_progress", "epoch": 75, "processed": 240, "total": 1005, "avg_loss": 0.1740658648777753, "elapsed_s": 102.8941347390064}
{"event": "dcase_train_progress", "epoch": 75, "processed": 280, "total": 1005, "avg_loss": 0.1756560327884342, "elapsed_s": 118.77890823800408}
{"event": "dcase_train_progress", "epoch": 75, "processed": 320, "total": 1005, "avg_loss": 0.17330619370331987, "elapsed_s": 135.07989957300015}
{"event": "dcase_train_progress", "epoch": 75, "processed": 360, "total": 1005, "avg_loss": 0.17402433761292033, "elapsed_s": 151.42610737400537}
{"event": "dcase_train_progress", "epoch": 75, "processed": 400, "total": 1005, "avg_loss": 0.17510299226269127, "elapsed_s": 168.68776189100754}
{"event": "dcase_train_progress", "epoch": 75, "processed": 440, "total": 1005, "avg_loss": 0.17137826670977202, "elapsed_s": 186.8840124050039}
{"event": "dcase_train_progress", "epoch": 75, "processed": 480, "total": 1005, "avg_loss": 0.1714495375752449, "elapsed_s": 204.16291116000502}
{"event": "dcase_train_progress", "epoch": 75, "processed": 520, "total": 1005, "avg_loss": 0.1697695587331859, "elapsed_s": 221.3021752430068}
{"event": "dcase_train_progress", "epoch": 75, "processed": 560, "total": 1005, "avg_loss": 0.17259687977576896, "elapsed_s": 237.26609705100418}
{"event": "dcase_train_progress", "epoch": 75, "processed": 600, "total": 1005, "avg_loss": 0.17478730325276653, "elapsed_s": 254.23139663500478}
{"event": "dcase_train_progress", "epoch": 75, "processed": 640, "total": 1005, "avg_loss": 0.1750390691217035, "elapsed_s": 271.05079747500713}
{"event": "dcase_train_progress", "epoch": 75, "processed": 680, "total": 1005, "avg_loss": 0.17566912206547225, "elapsed_s": 288.2792340760061}
{"event": "dcase_train_progress", "epoch": 75, "processed": 720, "total": 1005, "avg_loss": 0.17519298533702063, "elapsed_s": 305.599519454001}
{"event": "dcase_train_progress", "epoch": 75, "processed": 760, "total": 1005, "avg_loss": 0.1751036348336033, "elapsed_s": 323.1790667010064}
{"event": "dcase_train_progress", "epoch": 75, "processed": 800, "total": 1005, "avg_loss": 0.1734544839640148, "elapsed_s": 340.2859026470105}
{"event": "dcase_train_progress", "epoch": 75, "processed": 840, "total": 1005, "avg_loss": 0.17421073587389574, "elapsed_s": 357.1763456810004}
{"event": "dcase_train_progress", "epoch": 75, "processed": 880, "total": 1005, "avg_loss": 0.1722950697474351, "elapsed_s": 374.65344314400863}
{"event": "dcase_train_progress", "epoch": 75, "processed": 920, "total": 1005, "avg_loss": 0.1718040595094309, "elapsed_s": 391.5888720810035}
{"event": "dcase_train_progress", "epoch": 75, "processed": 960, "total": 1005, "avg_loss": 0.1722271059077078, "elapsed_s": 409.41163313500874}
{"event": "dcase_train_progress", "epoch": 75, "processed": 1000, "total": 1005, "avg_loss": 0.17212002706341445, "elapsed_s": 427.115478341002}
{"event": "dcase_train_progress", "epoch": 75, "processed": 1005, "total": 1005, "avg_loss": 0.17188055808679084, "elapsed_s": 429.7665423110011}
{"event": "dcase_validation_progress", "epoch": 75, "processed": 32, "total": 112}
{"event": "dcase_validation_progress", "epoch": 75, "processed": 64, "total": 112}
{"event": "dcase_validation_progress", "epoch": 75, "processed": 96, "total": 112}
{"event": "dcase_validation_progress", "epoch": 75, "processed": 112, "total": 112}
{"event": "dcase_epoch_complete", "epoch": 75, "train_loss": 0.17188055808679084, "val_doa_error_deg": 41.78040898484843, "val_folded_azimuth_rmse_deg": 42.1823877543211, "val_horizontal_assumption_rmsae_deg": 45.15433281021459, "epoch_time_s": 432.0778644749953}
{"event": "dcase_train_progress", "epoch": 76, "processed": 40, "total": 1005, "avg_loss": 0.17001826949417592, "elapsed_s": 17.111365388002014}
{"event": "dcase_train_progress", "epoch": 76, "processed": 80, "total": 1005, "avg_loss": 0.16236912654712796, "elapsed_s": 33.81481583500863}
{"event": "dcase_train_progress", "epoch": 76, "processed": 120, "total": 1005, "avg_loss": 0.16885561520854633, "elapsed_s": 51.423544135002885}
{"event": "dcase_train_progress", "epoch": 76, "processed": 160, "total": 1005, "avg_loss": 0.1692391998367384, "elapsed_s": 67.86864462400263}
{"event": "dcase_train_progress", "epoch": 76, "processed": 200, "total": 1005, "avg_loss": 0.1770951041765511, "elapsed_s": 84.47780305000197}
{"event": "dcase_train_progress", "epoch": 76, "processed": 240, "total": 1005, "avg_loss": 0.1796310453520467, "elapsed_s": 101.91301591900992}
{"event": "dcase_train_progress", "epoch": 76, "processed": 280, "total": 1005, "avg_loss": 0.17651469450710075, "elapsed_s": 119.09793686399644}
{"event": "dcase_train_progress", "epoch": 76, "processed": 320, "total": 1005, "avg_loss": 0.1733951575239189, "elapsed_s": 136.35657316700963}
{"event": "dcase_train_progress", "epoch": 76, "processed": 360, "total": 1005, "avg_loss": 0.17517389380890463, "elapsed_s": 152.69444957599626}
{"event": "dcase_train_progress", "epoch": 76, "processed": 400, "total": 1005, "avg_loss": 0.1736738587729633, "elapsed_s": 170.32906882400857}
{"event": "dcase_train_progress", "epoch": 76, "processed": 440, "total": 1005, "avg_loss": 0.17276100788942791, "elapsed_s": 186.98547717100882}
{"event": "dcase_train_progress", "epoch": 76, "processed": 480, "total": 1005, "avg_loss": 0.17189370538884152, "elapsed_s": 204.3618642299989}
{"event": "dcase_train_progress", "epoch": 76, "processed": 520, "total": 1005, "avg_loss": 0.17021710885545382, "elapsed_s": 221.59596100999624}
{"event": "dcase_train_progress", "epoch": 76, "processed": 560, "total": 1005, "avg_loss": 0.17093839536953184, "elapsed_s": 238.7499484630098}
{"event": "dcase_train_progress", "epoch": 76, "processed": 600, "total": 1005, "avg_loss": 0.17153024194762112, "elapsed_s": 255.65479503400275}
{"event": "dcase_train_progress", "epoch": 76, "processed": 640, "total": 1005, "avg_loss": 0.16991943049360997, "elapsed_s": 272.95083292100753}
{"event": "dcase_train_progress", "epoch": 76, "processed": 680, "total": 1005, "avg_loss": 0.1711895222446936, "elapsed_s": 289.4047052789974}
{"event": "dcase_train_progress", "epoch": 76, "processed": 720, "total": 1005, "avg_loss": 0.17171253861549, "elapsed_s": 305.91470505000325}
{"event": "dcase_train_progress", "epoch": 76, "processed": 760, "total": 1005, "avg_loss": 0.17114317322542008, "elapsed_s": 323.26762404400506}
{"event": "dcase_train_progress", "epoch": 76, "processed": 800, "total": 1005, "avg_loss": 0.17138830352108925, "elapsed_s": 339.6499759529979}
{"event": "dcase_train_progress", "epoch": 76, "processed": 840, "total": 1005, "avg_loss": 0.17175332536654814, "elapsed_s": 356.7879530729988}
{"event": "dcase_train_progress", "epoch": 76, "processed": 880, "total": 1005, "avg_loss": 0.17233493873764846, "elapsed_s": 374.1282507779979}
{"event": "dcase_train_progress", "epoch": 76, "processed": 920, "total": 1005, "avg_loss": 0.17202366078677384, "elapsed_s": 390.3840712460078}
{"event": "dcase_train_progress", "epoch": 76, "processed": 960, "total": 1005, "avg_loss": 0.1734759044678261, "elapsed_s": 407.37326858000597}
{"event": "dcase_train_progress", "epoch": 76, "processed": 1000, "total": 1005, "avg_loss": 0.171914029546082, "elapsed_s": 424.80511504500464}
{"event": "dcase_train_progress", "epoch": 76, "processed": 1005, "total": 1005, "avg_loss": 0.1716941029120663, "elapsed_s": 427.16026851900097}
{"event": "dcase_validation_progress", "epoch": 76, "processed": 32, "total": 112}
{"event": "dcase_validation_progress", "epoch": 76, "processed": 64, "total": 112}
{"event": "dcase_validation_progress", "epoch": 76, "processed": 96, "total": 112}
{"event": "dcase_validation_progress", "epoch": 76, "processed": 112, "total": 112}
{"event": "dcase_epoch_complete", "epoch": 76, "train_loss": 0.1716941029120663, "val_doa_error_deg": 41.69108015511717, "val_folded_azimuth_rmse_deg": 42.060961010200636, "val_horizontal_assumption_rmsae_deg": 44.62361787685326, "epoch_time_s": 430.9262388990028}
{"event": "dcase_train_progress", "epoch": 77, "processed": 40, "total": 1005, "avg_loss": 0.1795096918940544, "elapsed_s": 16.924692485990818}
{"event": "dcase_train_progress", "epoch": 77, "processed": 80, "total": 1005, "avg_loss": 0.17474938300438225, "elapsed_s": 33.16500664399064}
{"event": "dcase_train_progress", "epoch": 77, "processed": 120, "total": 1005, "avg_loss": 0.1767936872318387, "elapsed_s": 49.968870444994536}
{"event": "dcase_train_progress", "epoch": 77, "processed": 160, "total": 1005, "avg_loss": 0.16613288028165699, "elapsed_s": 67.8583423980017}
{"event": "dcase_train_progress", "epoch": 77, "processed": 200, "total": 1005, "avg_loss": 0.16601475059986115, "elapsed_s": 84.88867449999088}
{"event": "dcase_train_progress", "epoch": 77, "processed": 240, "total": 1005, "avg_loss": 0.16318757222034036, "elapsed_s": 101.6226646790019}
{"event": "dcase_train_progress", "epoch": 77, "processed": 280, "total": 1005, "avg_loss": 0.16635648493788072, "elapsed_s": 120.08794482699886}
{"event": "dcase_train_progress", "epoch": 77, "processed": 320, "total": 1005, "avg_loss": 0.16543332213768736, "elapsed_s": 137.6202117339999}
{"event": "dcase_train_progress", "epoch": 77, "processed": 360, "total": 1005, "avg_loss": 0.1641805042202274, "elapsed_s": 154.5782687960018}
{"event": "dcase_train_progress", "epoch": 77, "processed": 400, "total": 1005, "avg_loss": 0.166593254506588, "elapsed_s": 172.52035039299517}
{"event": "dcase_train_progress", "epoch": 77, "processed": 440, "total": 1005, "avg_loss": 0.16705805765972895, "elapsed_s": 189.77510122999956}
{"event": "dcase_train_progress", "epoch": 77, "processed": 480, "total": 1005, "avg_loss": 0.16754109432610373, "elapsed_s": 206.78381512100168}
{"event": "dcase_train_progress", "epoch": 77, "processed": 520, "total": 1005, "avg_loss": 0.1676151195899225, "elapsed_s": 224.00479644100415}
{"event": "dcase_train_progress", "epoch": 77, "processed": 560, "total": 1005, "avg_loss": 0.16796690843600248, "elapsed_s": 241.6805648449954}
{"event": "dcase_train_progress", "epoch": 77, "processed": 600, "total": 1005, "avg_loss": 0.16904838834889233, "elapsed_s": 259.30952832699404}
{"event": "dcase_train_progress", "epoch": 77, "processed": 640, "total": 1005, "avg_loss": 0.1700658978399588, "elapsed_s": 276.87042610200297}
{"event": "dcase_train_progress", "epoch": 77, "processed": 680, "total": 1005, "avg_loss": 0.1704360970761627, "elapsed_s": 293.91938006899727}
{"event": "dcase_train_progress", "epoch": 77, "processed": 720, "total": 1005, "avg_loss": 0.1701223862176347, "elapsed_s": 311.8820997229923}
{"event": "dcase_train_progress", "epoch": 77, "processed": 760, "total": 1005, "avg_loss": 0.1708876946034204, "elapsed_s": 328.8257694280037}
{"event": "dcase_train_progress", "epoch": 77, "processed": 800, "total": 1005, "avg_loss": 0.17089982216712088, "elapsed_s": 346.44704198899854}
{"event": "dcase_train_progress", "epoch": 77, "processed": 840, "total": 1005, "avg_loss": 0.17185146414364377, "elapsed_s": 363.2695068509929}
{"event": "dcase_train_progress", "epoch": 77, "processed": 880, "total": 1005, "avg_loss": 0.17120060726830905, "elapsed_s": 380.21665827700053}
{"event": "dcase_train_progress", "epoch": 77, "processed": 920, "total": 1005, "avg_loss": 0.17016179378589857, "elapsed_s": 398.11799908099056}
{"event": "dcase_train_progress", "epoch": 77, "processed": 960, "total": 1005, "avg_loss": 0.171532350879473, "elapsed_s": 414.09535697699175}
{"event": "dcase_train_progress", "epoch": 77, "processed": 1000, "total": 1005, "avg_loss": 0.17161182610318065, "elapsed_s": 430.8227346659987}
{"event": "dcase_train_progress", "epoch": 77, "processed": 1005, "total": 1005, "avg_loss": 0.17150361470099706, "elapsed_s": 433.23418245700304}
{"event": "dcase_validation_progress", "epoch": 77, "processed": 32, "total": 112}
{"event": "dcase_validation_progress", "epoch": 77, "processed": 64, "total": 112}
{"event": "dcase_validation_progress", "epoch": 77, "processed": 96, "total": 112}
{"event": "dcase_validation_progress", "epoch": 77, "processed": 112, "total": 112}
{"event": "dcase_epoch_complete", "epoch": 77, "train_loss": 0.17150361470099706, "val_doa_error_deg": 41.50336550389017, "val_folded_azimuth_rmse_deg": 41.81829253690584, "val_horizontal_assumption_rmsae_deg": 44.851612254977226, "epoch_time_s": 435.3916152110032}
{"event": "dcase_train_progress", "epoch": 78, "processed": 40, "total": 1005, "avg_loss": 0.16836107363924385, "elapsed_s": 17.559423377999337}
{"event": "dcase_train_progress", "epoch": 78, "processed": 80, "total": 1005, "avg_loss": 0.17560846959240733, "elapsed_s": 35.257172432990046}
{"event": "dcase_train_progress", "epoch": 78, "processed": 120, "total": 1005, "avg_loss": 0.16767970783015093, "elapsed_s": 53.11223173599865}
{"event": "dcase_train_progress", "epoch": 78, "processed": 160, "total": 1005, "avg_loss": 0.165563038084656, "elapsed_s": 70.25779538699135}
{"event": "dcase_train_progress", "epoch": 78, "processed": 200, "total": 1005, "avg_loss": 0.1631269355863333, "elapsed_s": 86.46601212999667}
{"event": "dcase_train_progress", "epoch": 78, "processed": 240, "total": 1005, "avg_loss": 0.17069928720593452, "elapsed_s": 103.04019816499203}
{"event": "dcase_train_progress", "epoch": 78, "processed": 280, "total": 1005, "avg_loss": 0.16699227198426211, "elapsed_s": 120.53788154499489}
{"event": "dcase_train_progress", "epoch": 78, "processed": 320, "total": 1005, "avg_loss": 0.1693797712214291, "elapsed_s": 137.47372483900108}
{"event": "dcase_train_progress", "epoch": 78, "processed": 360, "total": 1005, "avg_loss": 0.169895418598834, "elapsed_s": 154.47524736599007}
{"event": "dcase_train_progress", "epoch": 78, "processed": 400, "total": 1005, "avg_loss": 0.17059064853470773, "elapsed_s": 171.13096937899536}
{"event": "dcase_train_progress", "epoch": 78, "processed": 440, "total": 1005, "avg_loss": 0.17229477708566596, "elapsed_s": 187.52727125499223}
{"event": "dcase_train_progress", "epoch": 78, "processed": 480, "total": 1005, "avg_loss": 0.17363983551428344, "elapsed_s": 204.8497151289921}
{"event": "dcase_train_progress", "epoch": 78, "processed": 520, "total": 1005, "avg_loss": 0.1715589174033644, "elapsed_s": 221.30251630699786}
{"event": "dcase_train_progress", "epoch": 78, "processed": 560, "total": 1005, "avg_loss": 0.17266937069528338, "elapsed_s": 238.38812078699993}
{"event": "dcase_train_progress", "epoch": 78, "processed": 600, "total": 1005, "avg_loss": 0.17071973179777464, "elapsed_s": 254.17630856500182}
{"event": "dcase_train_progress", "epoch": 78, "processed": 640, "total": 1005, "avg_loss": 0.1710306880821008, "elapsed_s": 271.1004639469902}
{"event": "dcase_train_progress", "epoch": 78, "processed": 680, "total": 1005, "avg_loss": 0.17113080863457392, "elapsed_s": 287.6891080679925}
{"event": "dcase_train_progress", "epoch": 78, "processed": 720, "total": 1005, "avg_loss": 0.17141655263904895, "elapsed_s": 304.1811730549962}
{"event": "dcase_train_progress", "epoch": 78, "processed": 760, "total": 1005, "avg_loss": 0.17141243759052535, "elapsed_s": 321.64723153099476}
{"event": "dcase_train_progress", "epoch": 78, "processed": 800, "total": 1005, "avg_loss": 0.1718886253098026, "elapsed_s": 339.3396155629889}
{"event": "dcase_train_progress", "epoch": 78, "processed": 840, "total": 1005, "avg_loss": 0.171683818540935, "elapsed_s": 355.7900578849949}
{"event": "dcase_train_progress", "epoch": 78, "processed": 880, "total": 1005, "avg_loss": 0.17153657127425753, "elapsed_s": 372.45538437100186}
{"event": "dcase_train_progress", "epoch": 78, "processed": 920, "total": 1005, "avg_loss": 0.17080198131582658, "elapsed_s": 389.7225718109985}
{"event": "dcase_train_progress", "epoch": 78, "processed": 960, "total": 1005, "avg_loss": 0.17189149818150326, "elapsed_s": 406.7202154809929}
{"event": "dcase_train_progress", "epoch": 78, "processed": 1000, "total": 1005, "avg_loss": 0.17191475223004818, "elapsed_s": 422.9294904010021}
{"event": "dcase_train_progress", "epoch": 78, "processed": 1005, "total": 1005, "avg_loss": 0.17165174885879997, "elapsed_s": 425.6129413479939}
{"event": "dcase_validation_progress", "epoch": 78, "processed": 32, "total": 112}
{"event": "dcase_validation_progress", "epoch": 78, "processed": 64, "total": 112}
{"event": "dcase_validation_progress", "epoch": 78, "processed": 96, "total": 112}
{"event": "dcase_validation_progress", "epoch": 78, "processed": 112, "total": 112}
{"event": "dcase_epoch_complete", "epoch": 78, "train_loss": 0.17165174885879997, "val_doa_error_deg": 41.14433140414102, "val_folded_azimuth_rmse_deg": 41.6321482190064, "val_horizontal_assumption_rmsae_deg": 44.9849786992584, "epoch_time_s": 427.92161535400373}
{"event": "dcase_train_progress", "epoch": 79, "processed": 40, "total": 1005, "avg_loss": 0.18438903852365912, "elapsed_s": 17.19691238400992}
{"event": "dcase_train_progress", "epoch": 79, "processed": 80, "total": 1005, "avg_loss": 0.18414133165497332, "elapsed_s": 32.69087202800438}
{"event": "dcase_train_progress", "epoch": 79, "processed": 120, "total": 1005, "avg_loss": 0.1825567402721693, "elapsed_s": 49.873153591004666}
{"event": "dcase_train_progress", "epoch": 79, "processed": 160, "total": 1005, "avg_loss": 0.17902981357183306, "elapsed_s": 66.7337631140108}
{"event": "dcase_train_progress", "epoch": 79, "processed": 200, "total": 1005, "avg_loss": 0.1736584439314902, "elapsed_s": 83.91946050900151}
{"event": "dcase_train_progress", "epoch": 79, "processed": 240, "total": 1005, "avg_loss": 0.18006686638109387, "elapsed_s": 100.2084855800058}
{"event": "dcase_train_progress", "epoch": 79, "processed": 280, "total": 1005, "avg_loss": 0.17879867078071193, "elapsed_s": 117.70019367001078}
{"event": "dcase_train_progress", "epoch": 79, "processed": 320, "total": 1005, "avg_loss": 0.17933324389741756, "elapsed_s": 134.53711384400958}
{"event": "dcase_train_progress", "epoch": 79, "processed": 360, "total": 1005, "avg_loss": 0.17689998417368366, "elapsed_s": 151.43379088499933}
{"event": "dcase_train_progress", "epoch": 79, "processed": 400, "total": 1005, "avg_loss": 0.17422664451878517, "elapsed_s": 169.27205816301284}
{"event": "dcase_train_progress", "epoch": 79, "processed": 440, "total": 1005, "avg_loss": 0.17399149194613778, "elapsed_s": 186.79986467800336}
{"event": "dcase_train_progress", "epoch": 79, "processed": 480, "total": 1005, "avg_loss": 0.17430266752295817, "elapsed_s": 202.85449260400492}
{"event": "dcase_train_progress", "epoch": 79, "processed": 520, "total": 1005, "avg_loss": 0.17527173455589665, "elapsed_s": 220.5300934620027}
{"event": "dcase_train_progress", "epoch": 79, "processed": 560, "total": 1005, "avg_loss": 0.17709552425159408, "elapsed_s": 236.40833553300763}
{"event": "dcase_train_progress", "epoch": 79, "processed": 600, "total": 1005, "avg_loss": 0.17684996123425661, "elapsed_s": 253.38556136700208}
{"event": "dcase_train_progress", "epoch": 79, "processed": 640, "total": 1005, "avg_loss": 0.17643791824521032, "elapsed_s": 270.45497524700477}
{"event": "dcase_train_progress", "epoch": 79, "processed": 680, "total": 1005, "avg_loss": 0.17657146890757278, "elapsed_s": 287.55873189200065}
{"event": "dcase_train_progress", "epoch": 79, "processed": 720, "total": 1005, "avg_loss": 0.17478274451310022, "elapsed_s": 305.3036059110018}
{"event": "dcase_train_progress", "epoch": 79, "processed": 760, "total": 1005, "avg_loss": 0.17534196257444196, "elapsed_s": 322.9775549920014}
{"event": "dcase_train_progress", "epoch": 79, "processed": 800, "total": 1005, "avg_loss": 0.1755830090190284, "elapsed_s": 340.1937022080092}
{"event": "dcase_train_progress", "epoch": 79, "processed": 840, "total": 1005, "avg_loss": 0.1726602570486388, "elapsed_s": 358.15565271201194}
{"event": "dcase_train_progress", "epoch": 79, "processed": 880, "total": 1005, "avg_loss": 0.17309527484573084, "elapsed_s": 374.89888625900494}
{"event": "dcase_train_progress", "epoch": 79, "processed": 920, "total": 1005, "avg_loss": 0.17284046314130336, "elapsed_s": 392.29293414301355}
{"event": "dcase_train_progress", "epoch": 79, "processed": 960, "total": 1005, "avg_loss": 0.1713478438303961, "elapsed_s": 408.8412370910082}
{"event": "dcase_train_progress", "epoch": 79, "processed": 1000, "total": 1005, "avg_loss": 0.1718491681125015, "elapsed_s": 426.09815821600205}
{"event": "dcase_train_progress", "epoch": 79, "processed": 1005, "total": 1005, "avg_loss": 0.1715783735023654, "elapsed_s": 428.7522376640118}
{"event": "dcase_validation_progress", "epoch": 79, "processed": 32, "total": 112}
{"event": "dcase_validation_progress", "epoch": 79, "processed": 64, "total": 112}
{"event": "dcase_validation_progress", "epoch": 79, "processed": 96, "total": 112}
{"event": "dcase_validation_progress", "epoch": 79, "processed": 112, "total": 112}
{"event": "dcase_epoch_complete", "epoch": 79, "train_loss": 0.1715783735023654, "val_doa_error_deg": 41.485731278147014, "val_folded_azimuth_rmse_deg": 41.83074340224266, "val_horizontal_assumption_rmsae_deg": 44.80344878137112, "epoch_time_s": 432.09864343199297}
{"event": "dcase_train_progress", "epoch": 80, "processed": 40, "total": 1005, "avg_loss": 0.19296421990729867, "elapsed_s": 17.41597163300321}
{"event": "dcase_train_progress", "epoch": 80, "processed": 80, "total": 1005, "avg_loss": 0.19327022491488605, "elapsed_s": 34.10647881499608}
{"event": "dcase_train_progress", "epoch": 80, "processed": 120, "total": 1005, "avg_loss": 0.17841356062951189, "elapsed_s": 50.63334353000391}
{"event": "dcase_train_progress", "epoch": 80, "processed": 160, "total": 1005, "avg_loss": 0.17025929806986823, "elapsed_s": 67.06928548299766}
{"event": "dcase_train_progress", "epoch": 80, "processed": 200, "total": 1005, "avg_loss": 0.17247773409821093, "elapsed_s": 83.68444364500465}
{"event": "dcase_train_progress", "epoch": 80, "processed": 240, "total": 1005, "avg_loss": 0.1718833292912071, "elapsed_s": 100.77113361300144}
{"event": "dcase_train_progress", "epoch": 80, "processed": 280, "total": 1005, "avg_loss": 0.17084865711762437, "elapsed_s": 116.79238605700084}
{"event": "dcase_train_progress", "epoch": 80, "processed": 320, "total": 1005, "avg_loss": 0.16984054450294933, "elapsed_s": 133.74486301500292}
{"event": "dcase_train_progress", "epoch": 80, "processed": 360, "total": 1005, "avg_loss": 0.17171349885045653, "elapsed_s": 150.63167469200562}
{"event": "dcase_train_progress", "epoch": 80, "processed": 400, "total": 1005, "avg_loss": 0.17266980804037302, "elapsed_s": 167.35305531900667}
{"event": "dcase_train_progress", "epoch": 80, "processed": 440, "total": 1005, "avg_loss": 0.171551229741255, "elapsed_s": 184.67649939800322}
{"event": "dcase_train_progress", "epoch": 80, "processed": 480, "total": 1005, "avg_loss": 0.17589915576778972, "elapsed_s": 201.9238234610093}
{"event": "dcase_train_progress", "epoch": 80, "processed": 520, "total": 1005, "avg_loss": 0.1737750749927587, "elapsed_s": 218.96096189999662}
{"event": "dcase_train_progress", "epoch": 80, "processed": 560, "total": 1005, "avg_loss": 0.1716454811161384, "elapsed_s": 236.7167153670016}
{"event": "dcase_train_progress", "epoch": 80, "processed": 600, "total": 1005, "avg_loss": 0.17211674578798314, "elapsed_s": 253.85774175000552}
{"event": "dcase_train_progress", "epoch": 80, "processed": 640, "total": 1005, "avg_loss": 0.17237809200014453, "elapsed_s": 271.5374902110052}
{"event": "dcase_train_progress", "epoch": 80, "processed": 680, "total": 1005, "avg_loss": 0.17092650356045103, "elapsed_s": 288.81400693200703}
{"event": "dcase_train_progress", "epoch": 80, "processed": 720, "total": 1005, "avg_loss": 0.17095373853161516, "elapsed_s": 304.8826503199962}
{"event": "dcase_train_progress", "epoch": 80, "processed": 760, "total": 1005, "avg_loss": 0.17258264582947289, "elapsed_s": 322.6057411290094}
{"event": "dcase_train_progress", "epoch": 80, "processed": 800, "total": 1005, "avg_loss": 0.17218362462008371, "elapsed_s": 339.59824828000274}
{"event": "dcase_train_progress", "epoch": 80, "processed": 840, "total": 1005, "avg_loss": 0.17108013923723428, "elapsed_s": 356.3993749860092}
{"event": "dcase_train_progress", "epoch": 80, "processed": 880, "total": 1005, "avg_loss": 0.17261143720666455, "elapsed_s": 373.627956559998}
{"event": "dcase_train_progress", "epoch": 80, "processed": 920, "total": 1005, "avg_loss": 0.17099692240640846, "elapsed_s": 390.7359502850013}
{"event": "dcase_train_progress", "epoch": 80, "processed": 960, "total": 1005, "avg_loss": 0.17232527438318357, "elapsed_s": 407.0683505330089}
{"event": "dcase_train_progress", "epoch": 80, "processed": 1000, "total": 1005, "avg_loss": 0.171903282482177, "elapsed_s": 423.5642063980049}
{"event": "dcase_train_progress", "epoch": 80, "processed": 1005, "total": 1005, "avg_loss": 0.17176717965682942, "elapsed_s": 426.17844228600734}
{"event": "dcase_validation_progress", "epoch": 80, "processed": 32, "total": 112}
{"event": "dcase_validation_progress", "epoch": 80, "processed": 64, "total": 112}
{"event": "dcase_validation_progress", "epoch": 80, "processed": 96, "total": 112}
{"event": "dcase_validation_progress", "epoch": 80, "processed": 112, "total": 112}
{"event": "dcase_epoch_complete", "epoch": 80, "train_loss": 0.17176717965682942, "val_doa_error_deg": 40.680592477321625, "val_folded_azimuth_rmse_deg": 41.263483605214525, "val_horizontal_assumption_rmsae_deg": 44.763807862997055, "epoch_time_s": 429.5543844310014}
{"event": "dcase_test_progress", "processed": 32, "total": 727}
{"event": "dcase_test_progress", "processed": 64, "total": 727}
{"event": "dcase_test_progress", "processed": 96, "total": 727}
{"event": "dcase_test_progress", "processed": 128, "total": 727}
{"event": "dcase_test_progress", "processed": 160, "total": 727}
{"event": "dcase_test_progress", "processed": 192, "total": 727}
{"event": "dcase_test_progress", "processed": 224, "total": 727}
{"event": "dcase_test_progress", "processed": 256, "total": 727}
{"event": "dcase_test_progress", "processed": 288, "total": 727}
{"event": "dcase_test_progress", "processed": 320, "total": 727}
{"event": "dcase_test_progress", "processed": 352, "total": 727}
{"event": "dcase_test_progress", "processed": 384, "total": 727}
{"event": "dcase_test_progress", "processed": 416, "total": 727}
{"event": "dcase_test_progress", "processed": 448, "total": 727}
{"event": "dcase_test_progress", "processed": 480, "total": 727}
{"event": "dcase_test_progress", "processed": 512, "total": 727}
{"event": "dcase_test_progress", "processed": 544, "total": 727}
{"event": "dcase_test_progress", "processed": 576, "total": 727}
{"event": "dcase_test_progress", "processed": 608, "total": 727}
{"event": "dcase_test_progress", "processed": 640, "total": 727}
{"event": "dcase_test_progress", "processed": 672, "total": 727}
{"event": "dcase_test_progress", "processed": 704, "total": 727}
{"event": "dcase_test_progress", "processed": 727, "total": 727}
{
  "kind": "dcase_stereo_folded_azimuth_training",
  "output_dir": "IFAN_Edge/outputs/dcase_stage3/dcase_stereo_ifan_run80_bg_20260609_131300",
  "device_requested": "cuda",
  "device_resolved": "cuda",
  "training_config": {
    "stage_name": "dcase_stereo_stage_01",
    "experiment_name": "dcase_stereo_ifan",
    "output_root": "IFAN_Edge/outputs/dcase_stage3",
    "analysis_output_root": "IFAN_Edge/outputs/stage3/analysis",
    "output_suffix": "run80_bg",
    "seed": 42,
    "device": "cuda",
    "dataset_root": "datasets/DCASE2025_Task3",
    "train_manifest": "datasets/DCASE2025_Task3/locata_like_strict/manifest_all.csv",
    "test_manifest": "datasets/DCASE2025_Task3/locata_like_devtest_strict/manifest_all.csv",
    "train_splits": [
      "dev-train-sony",
      "dev-train-tau"
    ],
    "validation_fraction": 0.1,
    "validation_min_per_bucket": 1,
    "fs": 16000,
    "k": 4096,
    "step": 3072,
    "stereo_baseline_m": 0.08,
    "exclude_initial_windows": 5,
    "apply_vad": true,
    "lms_order": 64,
    "lms_step_size": 0.01,
    "lms_map_normalize": true,
    "lms_map_mode": "tau_sample",
    "lms_peak_sigma": 2.0,
    "lms_update_mode": "trajectory_tracking",
    "lms_normalized": false,
    "lms_include_self_pairs": true,
    "lms_backend": "frequency_block",
    "lms_block_size": 256,
    "lms_fft_size": null,
    "srp_variant": "paper_original",
    "phat_sinc_half_width": 0,
    "r": 2,
    "branch_channels": 8,
    "final_head_pooling": false,
    "smooth_vertices": true,
    "map_refiner": "maba",
    "map_refiner_position": "pre_readout",
    "map_maba": {
      "charts": 5,
      "height": 4,
      "width": 8,
      "d_model": 16,
      "state_dim": 8,
      "conv_kernel": 3,
      "dropout": 0.1,
      "use_residual": true,
      "use_gate": true,
      "use_state": true
    },
    "weak_map_refiner": "none",
    "weak_map_maba": {
      "charts": 5,
      "height": 4,
      "width": 8,
      "d_model": 8,
      "state_dim": 4,
      "conv_kernel": 3,
      "dropout": 0.0,
      "use_residual": true,
      "use_gate": true,
      "use_state": false
    },
    "ifan_init_checkpoint_path": "IFAN_Edge/outputs/stage3/ifan_stage3_long80_c8_r2_maba_pre_readout_20260518_215408/checkpoints/best_rmsae.pt",
    "epochs": 80,
    "batch_size": 8,
    "micro_batch_size": 2,
    "eval_batch_size": 32,
    "lr": 2e-05,
    "weight_decay": 0.0,
    "checkpoint_every": 5,
    "experiment_role": "dcase_stereo_folded_azimuth_c8_r2_maba_pre_readout_init_from_frozen"
  },
  "experiment_contract": {
    "stage": "dcase_stereo_stage_01",
    "experiment_role": "dcase_stereo_folded_azimuth_c8_r2_maba_pre_readout_init_from_frozen",
    "model_topology": "paper_dual_mainline",
    "feature_pair": "phat+lms",
    "input_geometry": "stereo_proxy",
    "target_mode": "horizontal_folded_azimuth_unit_vector",
    "srp_variant": "paper_original",
    "map_refiner": "maba",
    "map_refiner_position": "pre_readout",
    "lms_backend": "frequency_block",
    "train_manifest": "datasets/DCASE2025_Task3/locata_like_strict/manifest_all.csv",
    "test_manifest": "datasets/DCASE2025_Task3/locata_like_devtest_strict/manifest_all.csv",
    "train_splits": [
      "dev-train-sony",
      "dev-train-tau"
    ],
    "init_checkpoint": "IFAN_Edge/outputs/stage3/ifan_stage3_long80_c8_r2_maba_pre_readout_20260518_215408/checkpoints/best_rmsae.pt"
  },
  "dataset_counts": {
    "train": 1005,
    "validation": 112,
    "test": 727
  },
  "model_profile": {
    "trainable_params": 32321,
    "total_params": 32321,
    "parameter_breakdown": {
      "phat_stem": 64,
      "lms_stem": 64,
      "phat_residual": 5392,
      "lms_residual": 5392,
      "shared_attention": 5408,
      "fusion_blocks": 12160,
      "final_head": 3040,
      "channel_readout": 9,
      "feature_refiner": 792,
      "map_refiner": 0,
      "total": 32321
    },
    "mac_proxy_total": 484224000,
    "mac_proxy_breakdown": {
      "phat_stem": 1344000,
      "lms_stem": 1344000,
      "phat_residual": 129024000,
      "lms_residual": 129024000,
      "shared_attention_conv1": 64512000,
      "shared_attention_conv2": 64512000,
      "fusion_block_conv": 64512000,
      "fusion_block_temporal": 7680000,
      "final_head_conv": 16128000,
      "final_head_temporal": 1920000,
      "channel_readout": 48000,
      "map_refiner": 0,
      "feature_refiner": 4176000
    },
    "mac_proxy_input_shape": [
      1,
      2,
      25,
      5,
      4,
      8
    ]
  },
  "frontend_profile": {
    "phat": {
      "srp_variant": "paper_original",
      "pair_count": 4,
      "full_pair_count": 4,
      "diagonal_pair_count": 2,
      "interpolation_taps": 1,
      "grid_shape": [
        5,
        4,
        8
      ],
      "unique_pairs_only": false,
      "symmetric_pair_factor": 1.0,
      "cache_table_bytes": 5120,
      "cache_tables": {
        "tau0": {
          "shape": [
            2,
            2,
            5,
            4,
            8
          ],
          "dtype": "torch.int64",
          "bytes": 5120
        }
      },
      "complexity_proxy": {
        "grid_points": 160,
        "sample_reads_per_grid_point": 4,
        "weight_multiplies_per_grid_point": 0,
        "pair_reduction_adds_per_grid_point": 0,
        "grid_accumulation_adds_per_grid_point": 3,
        "symmetry_multiplies_per_grid_point": 0,
        "total_arithmetic_ops_per_grid_point": 3,
        "sample_reads_per_frame": 640,
        "weight_multiplies_per_frame": 0,
        "pair_reduction_adds_per_frame": 0,
        "grid_accumulation_adds_per_frame": 480,
        "symmetry_multiplies_per_frame": 0,
        "total_arithmetic_ops_per_frame": 480
      }
    },
    "lms": {
      "backend": "frequency_block",
      "include_self_pairs": true,
      "map_mode": "tau_sample",
      "update_mode": "trajectory_tracking",
      "block_size": 256,
      "fft_size": 512
    }
  },
  "init_checkpoint": {
    "path": "IFAN_Edge/outputs/stage3/ifan_stage3_long80_c8_r2_maba_pre_readout_20260518_215408/checkpoints/best_rmsae.pt",
    "epoch": 52,
    "load_notes": [
      "Dropped stale frontend residual norm checkpoint keys no longer present in IFANModel: phat_branch.residual.norm.weight, phat_branch.residual.norm.bias, aux_branch.residual.norm.weight, aux_branch.residual.norm.bias"
    ]
  },
  "best_val_doa_error_deg": 40.680592477321625,
  "best_checkpoint_path": "IFAN_Edge/outputs/dcase_stage3/dcase_stereo_ifan_run80_bg_20260609_131300/checkpoints/best_doa_error.pt",
  "last_checkpoint_path": "IFAN_Edge/outputs/dcase_stage3/dcase_stereo_ifan_run80_bg_20260609_131300/checkpoints/last.pt",
  "history_path": "IFAN_Edge/outputs/dcase_stage3/dcase_stereo_ifan_run80_bg_20260609_131300/history.csv",
  "test_report_json": "IFAN_Edge/outputs/stage3/analysis/dcase2025_locata_like_devtest_strict_dcase_stereo_ifan_run80_bg_20260609_131300.json",
  "test_report_markdown": "IFAN_Edge/outputs/stage3/analysis/dcase2025_locata_like_devtest_strict_dcase_stereo_ifan_run80_bg_20260609_131300.md",
  "test_overall": {
    "count": 727,
    "evaluated_windows": 14471,
    "doa_error_deg": {
      "mean": 37.41788761034874,
      "median": 34.71647262573242,
      "std": 23.42911434257532,
      "min": 0.19945983588695526,
      "max": 140.99948120117188
    },
    "folded_azimuth_mae_deg": {
      "mean": 37.41788761034874,
      "median": 34.71647262573242,
      "std": 23.42911434257532,
      "min": 0.19945983588695526,
      "max": 140.99948120117188
    },
    "folded_azimuth_rmse_deg": {
      "mean": 37.75500877990683,
      "median": 34.92645263671875,
      "std": 23.501980518453998,
      "min": 0.2448471188545227,
      "max": 143.09820556640625
    },
    "raw_azimuth_mae_deg": {
      "mean": 37.458640068789954,
      "median": 34.78987503051758,
      "std": 23.447519418917917,
      "min": 0.19945983588695526,
      "max": 145.3994903564453
    },
    "raw_azimuth_rmse_deg": {
      "mean": 37.78481127086007,
      "median": 35.390235900878906,
      "std": 23.52944266324021,
      "min": 0.2448471188545227,
      "max": 147.70364379882812
    },
    "horizontal_assumption_rmsae_deg": {
      "mean": 41.61171317182512,
      "median": 40.503028869628906,
      "std": 23.330678892284865,
      "min": 0.5694647431373596,
      "max": 111.2435531616211
    }
  },
  "final_epoch": {
    "epoch": 80,
    "train_loss": 0.17176717965682942,
    "val_doa_error_deg": 40.680592477321625,
    "val_folded_azimuth_rmse_deg": 41.263483605214525,
    "val_horizontal_assumption_rmsae_deg": 44.763807862997055,
    "epoch_time_s": 429.5543844310014
  }
}
