{"event": "stage3_boot", "output_dir": "IFAN_Edge/outputs/stage3/ifan_stage3_full40_lc_reference_hw2_20260428_102726", "device_requested": "cuda", "device_resolved": "cuda", "epochs": 40, "model_topology": "paper_dual_mainline", "branch_channels": 16, "final_head_pooling": false, "input_ablation_mode": "none", "srp_variant": "lc_reference", "temporal_conv_variant": "standard_1d"}
{"event": "datasets_ready", "train_split_path": "/home/cmm/icocnn/datasets/LibriSpeech/LibriSpeech/train-clean-100", "validation_split_path": "/home/cmm/icocnn/datasets/LibriSpeech/LibriSpeech/test-clean", "train_source_size": 585, "validation_source_size": 87}
{"event": "preprocessors_ready"}
{"event": "validation_cache_build_start", "validation_dataset_size": 32, "validation_batch_size": 1}
{"event": "validation_cache_progress", "pid": 46711, "ts_utc": "2026-04-28T02:27:27+00:00", "stage": "before_get_batch", "batch_index": 1, "total_batches": 32, "sample_start": 0, "sample_stop": 1}
{"event": "validation_cache_progress", "pid": 46711, "ts_utc": "2026-04-28T02:27:27+00:00", "stage": "after_get_batch", "batch_index": 1, "total_batches": 32, "sample_start": 0, "sample_stop": 1}
{"event": "validation_cache_progress", "pid": 46711, "ts_utc": "2026-04-28T02:27:28+00:00", "stage": "after_preprocess", "batch_index": 1, "total_batches": 32, "sample_start": 0, "sample_stop": 1}
{"event": "validation_cache_progress", "pid": 46711, "ts_utc": "2026-04-28T02:27:28+00:00", "stage": "after_cache_append", "batch_index": 1, "total_batches": 32, "sample_start": 0, "sample_stop": 1}
{"event": "validation_cache_progress", "pid": 46711, "ts_utc": "2026-04-28T02:27:28+00:00", "stage": "before_get_batch", "batch_index": 2, "total_batches": 32, "sample_start": 1, "sample_stop": 2}
{"event": "validation_cache_progress", "pid": 46711, "ts_utc": "2026-04-28T02:27:28+00:00", "stage": "after_get_batch", "batch_index": 2, "total_batches": 32, "sample_start": 1, "sample_stop": 2}
{"event": "validation_cache_progress", "pid": 46711, "ts_utc": "2026-04-28T02:27:29+00:00", "stage": "after_preprocess", "batch_index": 2, "total_batches": 32, "sample_start": 1, "sample_stop": 2}
{"event": "validation_cache_progress", "pid": 46711, "ts_utc": "2026-04-28T02:27:29+00:00", "stage": "after_cache_append", "batch_index": 2, "total_batches": 32, "sample_start": 1, "sample_stop": 2}
{"event": "validation_cache_progress", "pid": 46711, "ts_utc": "2026-04-28T02:27:29+00:00", "stage": "before_get_batch", "batch_index": 3, "total_batches": 32, "sample_start": 2, "sample_stop": 3}
{"event": "validation_cache_progress", "pid": 46711, "ts_utc": "2026-04-28T02:27:29+00:00", "stage": "after_get_batch", "batch_index": 3, "total_batches": 32, "sample_start": 2, "sample_stop": 3}
{"event": "validation_cache_progress", "pid": 46711, "ts_utc": "2026-04-28T02:27:30+00:00", "stage": "after_preprocess", "batch_index": 3, "total_batches": 32, "sample_start": 2, "sample_stop": 3}
{"event": "validation_cache_progress", "pid": 46711, "ts_utc": "2026-04-28T02:27:30+00:00", "stage": "after_cache_append", "batch_index": 3, "total_batches": 32, "sample_start": 2, "sample_stop": 3}
{"event": "validation_cache_progress", "pid": 46711, "ts_utc": "2026-04-28T02:27:30+00:00", "stage": "before_get_batch", "batch_index": 4, "total_batches": 32, "sample_start": 3, "sample_stop": 4}
{"event": "validation_cache_progress", "pid": 46711, "ts_utc": "2026-04-28T02:27:30+00:00", "stage": "after_get_batch", "batch_index": 4, "total_batches": 32, "sample_start": 3, "sample_stop": 4}
{"event": "validation_cache_progress", "pid": 46711, "ts_utc": "2026-04-28T02:27:30+00:00", "stage": "after_preprocess", "batch_index": 4, "total_batches": 32, "sample_start": 3, "sample_stop": 4}
{"event": "validation_cache_progress", "pid": 46711, "ts_utc": "2026-04-28T02:27:30+00:00", "stage": "after_cache_append", "batch_index": 4, "total_batches": 32, "sample_start": 3, "sample_stop": 4}
{"event": "validation_cache_progress", "pid": 46711, "ts_utc": "2026-04-28T02:27:30+00:00", "stage": "before_get_batch", "batch_index": 5, "total_batches": 32, "sample_start": 4, "sample_stop": 5}
{"event": "validation_cache_progress", "pid": 46711, "ts_utc": "2026-04-28T02:27:31+00:00", "stage": "after_get_batch", "batch_index": 5, "total_batches": 32, "sample_start": 4, "sample_stop": 5}
{"event": "validation_cache_progress", "pid": 46711, "ts_utc": "2026-04-28T02:27:31+00:00", "stage": "after_preprocess", "batch_index": 5, "total_batches": 32, "sample_start": 4, "sample_stop": 5}
{"event": "validation_cache_progress", "pid": 46711, "ts_utc": "2026-04-28T02:27:31+00:00", "stage": "after_cache_append", "batch_index": 5, "total_batches": 32, "sample_start": 4, "sample_stop": 5}
{"event": "validation_cache_progress", "pid": 46711, "ts_utc": "2026-04-28T02:27:31+00:00", "stage": "before_get_batch", "batch_index": 6, "total_batches": 32, "sample_start": 5, "sample_stop": 6}
{"event": "validation_cache_progress", "pid": 46711, "ts_utc": "2026-04-28T02:27:32+00:00", "stage": "after_get_batch", "batch_index": 6, "total_batches": 32, "sample_start": 5, "sample_stop": 6}
{"event": "validation_cache_progress", "pid": 46711, "ts_utc": "2026-04-28T02:27:32+00:00", "stage": "after_preprocess", "batch_index": 6, "total_batches": 32, "sample_start": 5, "sample_stop": 6}
{"event": "validation_cache_progress", "pid": 46711, "ts_utc": "2026-04-28T02:27:32+00:00", "stage": "after_cache_append", "batch_index": 6, "total_batches": 32, "sample_start": 5, "sample_stop": 6}
{"event": "validation_cache_progress", "pid": 46711, "ts_utc": "2026-04-28T02:27:32+00:00", "stage": "before_get_batch", "batch_index": 7, "total_batches": 32, "sample_start": 6, "sample_stop": 7}
{"event": "validation_cache_progress", "pid": 46711, "ts_utc": "2026-04-28T02:27:33+00:00", "stage": "after_get_batch", "batch_index": 7, "total_batches": 32, "sample_start": 6, "sample_stop": 7}
{"event": "validation_cache_progress", "pid": 46711, "ts_utc": "2026-04-28T02:27:33+00:00", "stage": "after_preprocess", "batch_index": 7, "total_batches": 32, "sample_start": 6, "sample_stop": 7}
{"event": "validation_cache_progress", "pid": 46711, "ts_utc": "2026-04-28T02:27:33+00:00", "stage": "after_cache_append", "batch_index": 7, "total_batches": 32, "sample_start": 6, "sample_stop": 7}
{"event": "validation_cache_progress", "pid": 46711, "ts_utc": "2026-04-28T02:27:33+00:00", "stage": "before_get_batch", "batch_index": 8, "total_batches": 32, "sample_start": 7, "sample_stop": 8}
{"event": "validation_cache_progress", "pid": 46711, "ts_utc": "2026-04-28T02:27:33+00:00", "stage": "after_get_batch", "batch_index": 8, "total_batches": 32, "sample_start": 7, "sample_stop": 8}
{"event": "validation_cache_progress", "pid": 46711, "ts_utc": "2026-04-28T02:27:34+00:00", "stage": "after_preprocess", "batch_index": 8, "total_batches": 32, "sample_start": 7, "sample_stop": 8}
{"event": "validation_cache_progress", "pid": 46711, "ts_utc": "2026-04-28T02:27:34+00:00", "stage": "after_cache_append", "batch_index": 8, "total_batches": 32, "sample_start": 7, "sample_stop": 8}
{"event": "validation_cache_progress", "pid": 46711, "ts_utc": "2026-04-28T02:27:34+00:00", "stage": "before_get_batch", "batch_index": 9, "total_batches": 32, "sample_start": 8, "sample_stop": 9}
{"event": "validation_cache_progress", "pid": 46711, "ts_utc": "2026-04-28T02:27:34+00:00", "stage": "after_get_batch", "batch_index": 9, "total_batches": 32, "sample_start": 8, "sample_stop": 9}
{"event": "validation_cache_progress", "pid": 46711, "ts_utc": "2026-04-28T02:27:34+00:00", "stage": "after_preprocess", "batch_index": 9, "total_batches": 32, "sample_start": 8, "sample_stop": 9}
{"event": "validation_cache_progress", "pid": 46711, "ts_utc": "2026-04-28T02:27:34+00:00", "stage": "after_cache_append", "batch_index": 9, "total_batches": 32, "sample_start": 8, "sample_stop": 9}
{"event": "validation_cache_progress", "pid": 46711, "ts_utc": "2026-04-28T02:27:34+00:00", "stage": "before_get_batch", "batch_index": 10, "total_batches": 32, "sample_start": 9, "sample_stop": 10}
{"event": "validation_cache_progress", "pid": 46711, "ts_utc": "2026-04-28T02:27:35+00:00", "stage": "after_get_batch", "batch_index": 10, "total_batches": 32, "sample_start": 9, "sample_stop": 10}
{"event": "validation_cache_progress", "pid": 46711, "ts_utc": "2026-04-28T02:27:35+00:00", "stage": "after_preprocess", "batch_index": 10, "total_batches": 32, "sample_start": 9, "sample_stop": 10}
{"event": "validation_cache_progress", "pid": 46711, "ts_utc": "2026-04-28T02:27:35+00:00", "stage": "after_cache_append", "batch_index": 10, "total_batches": 32, "sample_start": 9, "sample_stop": 10}
{"event": "validation_cache_progress", "pid": 46711, "ts_utc": "2026-04-28T02:27:35+00:00", "stage": "before_get_batch", "batch_index": 11, "total_batches": 32, "sample_start": 10, "sample_stop": 11}
{"event": "validation_cache_progress", "pid": 46711, "ts_utc": "2026-04-28T02:27:36+00:00", "stage": "after_get_batch", "batch_index": 11, "total_batches": 32, "sample_start": 10, "sample_stop": 11}
{"event": "validation_cache_progress", "pid": 46711, "ts_utc": "2026-04-28T02:27:36+00:00", "stage": "after_preprocess", "batch_index": 11, "total_batches": 32, "sample_start": 10, "sample_stop": 11}
{"event": "validation_cache_progress", "pid": 46711, "ts_utc": "2026-04-28T02:27:36+00:00", "stage": "after_cache_append", "batch_index": 11, "total_batches": 32, "sample_start": 10, "sample_stop": 11}
{"event": "validation_cache_progress", "pid": 46711, "ts_utc": "2026-04-28T02:27:36+00:00", "stage": "before_get_batch", "batch_index": 12, "total_batches": 32, "sample_start": 11, "sample_stop": 12}
{"event": "validation_cache_progress", "pid": 46711, "ts_utc": "2026-04-28T02:27:37+00:00", "stage": "after_get_batch", "batch_index": 12, "total_batches": 32, "sample_start": 11, "sample_stop": 12}
{"event": "validation_cache_progress", "pid": 46711, "ts_utc": "2026-04-28T02:27:37+00:00", "stage": "after_preprocess", "batch_index": 12, "total_batches": 32, "sample_start": 11, "sample_stop": 12}
{"event": "validation_cache_progress", "pid": 46711, "ts_utc": "2026-04-28T02:27:37+00:00", "stage": "after_cache_append", "batch_index": 12, "total_batches": 32, "sample_start": 11, "sample_stop": 12}
{"event": "validation_cache_progress", "pid": 46711, "ts_utc": "2026-04-28T02:27:37+00:00", "stage": "before_get_batch", "batch_index": 13, "total_batches": 32, "sample_start": 12, "sample_stop": 13}
{"event": "validation_cache_progress", "pid": 46711, "ts_utc": "2026-04-28T02:27:37+00:00", "stage": "after_get_batch", "batch_index": 13, "total_batches": 32, "sample_start": 12, "sample_stop": 13}
{"event": "validation_cache_progress", "pid": 46711, "ts_utc": "2026-04-28T02:27:38+00:00", "stage": "after_preprocess", "batch_index": 13, "total_batches": 32, "sample_start": 12, "sample_stop": 13}
{"event": "validation_cache_progress", "pid": 46711, "ts_utc": "2026-04-28T02:27:38+00:00", "stage": "after_cache_append", "batch_index": 13, "total_batches": 32, "sample_start": 12, "sample_stop": 13}
{"event": "validation_cache_progress", "pid": 46711, "ts_utc": "2026-04-28T02:27:38+00:00", "stage": "before_get_batch", "batch_index": 14, "total_batches": 32, "sample_start": 13, "sample_stop": 14}
{"event": "validation_cache_progress", "pid": 46711, "ts_utc": "2026-04-28T02:27:38+00:00", "stage": "after_get_batch", "batch_index": 14, "total_batches": 32, "sample_start": 13, "sample_stop": 14}
{"event": "validation_cache_progress", "pid": 46711, "ts_utc": "2026-04-28T02:27:39+00:00", "stage": "after_preprocess", "batch_index": 14, "total_batches": 32, "sample_start": 13, "sample_stop": 14}
{"event": "validation_cache_progress", "pid": 46711, "ts_utc": "2026-04-28T02:27:39+00:00", "stage": "after_cache_append", "batch_index": 14, "total_batches": 32, "sample_start": 13, "sample_stop": 14}
{"event": "validation_cache_progress", "pid": 46711, "ts_utc": "2026-04-28T02:27:39+00:00", "stage": "before_get_batch", "batch_index": 15, "total_batches": 32, "sample_start": 14, "sample_stop": 15}
{"event": "validation_cache_progress", "pid": 46711, "ts_utc": "2026-04-28T02:27:39+00:00", "stage": "after_get_batch", "batch_index": 15, "total_batches": 32, "sample_start": 14, "sample_stop": 15}
{"event": "validation_cache_progress", "pid": 46711, "ts_utc": "2026-04-28T02:27:39+00:00", "stage": "after_preprocess", "batch_index": 15, "total_batches": 32, "sample_start": 14, "sample_stop": 15}
{"event": "validation_cache_progress", "pid": 46711, "ts_utc": "2026-04-28T02:27:39+00:00", "stage": "after_cache_append", "batch_index": 15, "total_batches": 32, "sample_start": 14, "sample_stop": 15}
{"event": "validation_cache_progress", "pid": 46711, "ts_utc": "2026-04-28T02:27:39+00:00", "stage": "before_get_batch", "batch_index": 16, "total_batches": 32, "sample_start": 15, "sample_stop": 16}
{"event": "validation_cache_progress", "pid": 46711, "ts_utc": "2026-04-28T02:27:40+00:00", "stage": "after_get_batch", "batch_index": 16, "total_batches": 32, "sample_start": 15, "sample_stop": 16}
{"event": "validation_cache_progress", "pid": 46711, "ts_utc": "2026-04-28T02:27:40+00:00", "stage": "after_preprocess", "batch_index": 16, "total_batches": 32, "sample_start": 15, "sample_stop": 16}
{"event": "validation_cache_progress", "pid": 46711, "ts_utc": "2026-04-28T02:27:40+00:00", "stage": "after_cache_append", "batch_index": 16, "total_batches": 32, "sample_start": 15, "sample_stop": 16}
{"event": "validation_cache_progress", "pid": 46711, "ts_utc": "2026-04-28T02:27:40+00:00", "stage": "before_get_batch", "batch_index": 17, "total_batches": 32, "sample_start": 16, "sample_stop": 17}
{"event": "validation_cache_progress", "pid": 46711, "ts_utc": "2026-04-28T02:27:41+00:00", "stage": "after_get_batch", "batch_index": 17, "total_batches": 32, "sample_start": 16, "sample_stop": 17}
{"event": "validation_cache_progress", "pid": 46711, "ts_utc": "2026-04-28T02:27:41+00:00", "stage": "after_preprocess", "batch_index": 17, "total_batches": 32, "sample_start": 16, "sample_stop": 17}
{"event": "validation_cache_progress", "pid": 46711, "ts_utc": "2026-04-28T02:27:41+00:00", "stage": "after_cache_append", "batch_index": 17, "total_batches": 32, "sample_start": 16, "sample_stop": 17}
{"event": "validation_cache_progress", "pid": 46711, "ts_utc": "2026-04-28T02:27:41+00:00", "stage": "before_get_batch", "batch_index": 18, "total_batches": 32, "sample_start": 17, "sample_stop": 18}
{"event": "validation_cache_progress", "pid": 46711, "ts_utc": "2026-04-28T02:27:42+00:00", "stage": "after_get_batch", "batch_index": 18, "total_batches": 32, "sample_start": 17, "sample_stop": 18}
{"event": "validation_cache_progress", "pid": 46711, "ts_utc": "2026-04-28T02:27:42+00:00", "stage": "after_preprocess", "batch_index": 18, "total_batches": 32, "sample_start": 17, "sample_stop": 18}
{"event": "validation_cache_progress", "pid": 46711, "ts_utc": "2026-04-28T02:27:42+00:00", "stage": "after_cache_append", "batch_index": 18, "total_batches": 32, "sample_start": 17, "sample_stop": 18}
{"event": "validation_cache_progress", "pid": 46711, "ts_utc": "2026-04-28T02:27:42+00:00", "stage": "before_get_batch", "batch_index": 19, "total_batches": 32, "sample_start": 18, "sample_stop": 19}
{"event": "validation_cache_progress", "pid": 46711, "ts_utc": "2026-04-28T02:27:42+00:00", "stage": "after_get_batch", "batch_index": 19, "total_batches": 32, "sample_start": 18, "sample_stop": 19}
{"event": "validation_cache_progress", "pid": 46711, "ts_utc": "2026-04-28T02:27:43+00:00", "stage": "after_preprocess", "batch_index": 19, "total_batches": 32, "sample_start": 18, "sample_stop": 19}
{"event": "validation_cache_progress", "pid": 46711, "ts_utc": "2026-04-28T02:27:43+00:00", "stage": "after_cache_append", "batch_index": 19, "total_batches": 32, "sample_start": 18, "sample_stop": 19}
{"event": "validation_cache_progress", "pid": 46711, "ts_utc": "2026-04-28T02:27:43+00:00", "stage": "before_get_batch", "batch_index": 20, "total_batches": 32, "sample_start": 19, "sample_stop": 20}
{"event": "validation_cache_progress", "pid": 46711, "ts_utc": "2026-04-28T02:27:44+00:00", "stage": "after_get_batch", "batch_index": 20, "total_batches": 32, "sample_start": 19, "sample_stop": 20}
{"event": "validation_cache_progress", "pid": 46711, "ts_utc": "2026-04-28T02:27:44+00:00", "stage": "after_preprocess", "batch_index": 20, "total_batches": 32, "sample_start": 19, "sample_stop": 20}
{"event": "validation_cache_progress", "pid": 46711, "ts_utc": "2026-04-28T02:27:44+00:00", "stage": "after_cache_append", "batch_index": 20, "total_batches": 32, "sample_start": 19, "sample_stop": 20}
{"event": "validation_cache_progress", "pid": 46711, "ts_utc": "2026-04-28T02:27:44+00:00", "stage": "before_get_batch", "batch_index": 21, "total_batches": 32, "sample_start": 20, "sample_stop": 21}
{"event": "validation_cache_progress", "pid": 46711, "ts_utc": "2026-04-28T02:27:44+00:00", "stage": "after_get_batch", "batch_index": 21, "total_batches": 32, "sample_start": 20, "sample_stop": 21}
{"event": "validation_cache_progress", "pid": 46711, "ts_utc": "2026-04-28T02:27:45+00:00", "stage": "after_preprocess", "batch_index": 21, "total_batches": 32, "sample_start": 20, "sample_stop": 21}
{"event": "validation_cache_progress", "pid": 46711, "ts_utc": "2026-04-28T02:27:45+00:00", "stage": "after_cache_append", "batch_index": 21, "total_batches": 32, "sample_start": 20, "sample_stop": 21}
{"event": "validation_cache_progress", "pid": 46711, "ts_utc": "2026-04-28T02:27:45+00:00", "stage": "before_get_batch", "batch_index": 22, "total_batches": 32, "sample_start": 21, "sample_stop": 22}
{"event": "validation_cache_progress", "pid": 46711, "ts_utc": "2026-04-28T02:27:45+00:00", "stage": "after_get_batch", "batch_index": 22, "total_batches": 32, "sample_start": 21, "sample_stop": 22}
{"event": "validation_cache_progress", "pid": 46711, "ts_utc": "2026-04-28T02:27:46+00:00", "stage": "after_preprocess", "batch_index": 22, "total_batches": 32, "sample_start": 21, "sample_stop": 22}
{"event": "validation_cache_progress", "pid": 46711, "ts_utc": "2026-04-28T02:27:46+00:00", "stage": "after_cache_append", "batch_index": 22, "total_batches": 32, "sample_start": 21, "sample_stop": 22}
{"event": "validation_cache_progress", "pid": 46711, "ts_utc": "2026-04-28T02:27:46+00:00", "stage": "before_get_batch", "batch_index": 23, "total_batches": 32, "sample_start": 22, "sample_stop": 23}
{"event": "validation_cache_progress", "pid": 46711, "ts_utc": "2026-04-28T02:27:46+00:00", "stage": "after_get_batch", "batch_index": 23, "total_batches": 32, "sample_start": 22, "sample_stop": 23}
{"event": "validation_cache_progress", "pid": 46711, "ts_utc": "2026-04-28T02:27:47+00:00", "stage": "after_preprocess", "batch_index": 23, "total_batches": 32, "sample_start": 22, "sample_stop": 23}
{"event": "validation_cache_progress", "pid": 46711, "ts_utc": "2026-04-28T02:27:47+00:00", "stage": "after_cache_append", "batch_index": 23, "total_batches": 32, "sample_start": 22, "sample_stop": 23}
{"event": "validation_cache_progress", "pid": 46711, "ts_utc": "2026-04-28T02:27:47+00:00", "stage": "before_get_batch", "batch_index": 24, "total_batches": 32, "sample_start": 23, "sample_stop": 24}
{"event": "validation_cache_progress", "pid": 46711, "ts_utc": "2026-04-28T02:27:47+00:00", "stage": "after_get_batch", "batch_index": 24, "total_batches": 32, "sample_start": 23, "sample_stop": 24}
{"event": "validation_cache_progress", "pid": 46711, "ts_utc": "2026-04-28T02:27:48+00:00", "stage": "after_preprocess", "batch_index": 24, "total_batches": 32, "sample_start": 23, "sample_stop": 24}
{"event": "validation_cache_progress", "pid": 46711, "ts_utc": "2026-04-28T02:27:48+00:00", "stage": "after_cache_append", "batch_index": 24, "total_batches": 32, "sample_start": 23, "sample_stop": 24}
{"event": "validation_cache_progress", "pid": 46711, "ts_utc": "2026-04-28T02:27:48+00:00", "stage": "before_get_batch", "batch_index": 25, "total_batches": 32, "sample_start": 24, "sample_stop": 25}
{"event": "validation_cache_progress", "pid": 46711, "ts_utc": "2026-04-28T02:27:48+00:00", "stage": "after_get_batch", "batch_index": 25, "total_batches": 32, "sample_start": 24, "sample_stop": 25}
{"event": "validation_cache_progress", "pid": 46711, "ts_utc": "2026-04-28T02:27:48+00:00", "stage": "after_preprocess", "batch_index": 25, "total_batches": 32, "sample_start": 24, "sample_stop": 25}
{"event": "validation_cache_progress", "pid": 46711, "ts_utc": "2026-04-28T02:27:48+00:00", "stage": "after_cache_append", "batch_index": 25, "total_batches": 32, "sample_start": 24, "sample_stop": 25}
{"event": "validation_cache_progress", "pid": 46711, "ts_utc": "2026-04-28T02:27:48+00:00", "stage": "before_get_batch", "batch_index": 26, "total_batches": 32, "sample_start": 25, "sample_stop": 26}
{"event": "validation_cache_progress", "pid": 46711, "ts_utc": "2026-04-28T02:27:50+00:00", "stage": "after_get_batch", "batch_index": 26, "total_batches": 32, "sample_start": 25, "sample_stop": 26}
{"event": "validation_cache_progress", "pid": 46711, "ts_utc": "2026-04-28T02:27:50+00:00", "stage": "after_preprocess", "batch_index": 26, "total_batches": 32, "sample_start": 25, "sample_stop": 26}
{"event": "validation_cache_progress", "pid": 46711, "ts_utc": "2026-04-28T02:27:50+00:00", "stage": "after_cache_append", "batch_index": 26, "total_batches": 32, "sample_start": 25, "sample_stop": 26}
{"event": "validation_cache_progress", "pid": 46711, "ts_utc": "2026-04-28T02:27:50+00:00", "stage": "before_get_batch", "batch_index": 27, "total_batches": 32, "sample_start": 26, "sample_stop": 27}
{"event": "validation_cache_progress", "pid": 46711, "ts_utc": "2026-04-28T02:27:51+00:00", "stage": "after_get_batch", "batch_index": 27, "total_batches": 32, "sample_start": 26, "sample_stop": 27}
{"event": "validation_cache_progress", "pid": 46711, "ts_utc": "2026-04-28T02:27:51+00:00", "stage": "after_preprocess", "batch_index": 27, "total_batches": 32, "sample_start": 26, "sample_stop": 27}
{"event": "validation_cache_progress", "pid": 46711, "ts_utc": "2026-04-28T02:27:51+00:00", "stage": "after_cache_append", "batch_index": 27, "total_batches": 32, "sample_start": 26, "sample_stop": 27}
{"event": "validation_cache_progress", "pid": 46711, "ts_utc": "2026-04-28T02:27:51+00:00", "stage": "before_get_batch", "batch_index": 28, "total_batches": 32, "sample_start": 27, "sample_stop": 28}
{"event": "validation_cache_progress", "pid": 46711, "ts_utc": "2026-04-28T02:27:52+00:00", "stage": "after_get_batch", "batch_index": 28, "total_batches": 32, "sample_start": 27, "sample_stop": 28}
{"event": "validation_cache_progress", "pid": 46711, "ts_utc": "2026-04-28T02:27:52+00:00", "stage": "after_preprocess", "batch_index": 28, "total_batches": 32, "sample_start": 27, "sample_stop": 28}
{"event": "validation_cache_progress", "pid": 46711, "ts_utc": "2026-04-28T02:27:52+00:00", "stage": "after_cache_append", "batch_index": 28, "total_batches": 32, "sample_start": 27, "sample_stop": 28}
{"event": "validation_cache_progress", "pid": 46711, "ts_utc": "2026-04-28T02:27:52+00:00", "stage": "before_get_batch", "batch_index": 29, "total_batches": 32, "sample_start": 28, "sample_stop": 29}
{"event": "validation_cache_progress", "pid": 46711, "ts_utc": "2026-04-28T02:27:53+00:00", "stage": "after_get_batch", "batch_index": 29, "total_batches": 32, "sample_start": 28, "sample_stop": 29}
{"event": "validation_cache_progress", "pid": 46711, "ts_utc": "2026-04-28T02:27:54+00:00", "stage": "after_preprocess", "batch_index": 29, "total_batches": 32, "sample_start": 28, "sample_stop": 29}
{"event": "validation_cache_progress", "pid": 46711, "ts_utc": "2026-04-28T02:27:54+00:00", "stage": "after_cache_append", "batch_index": 29, "total_batches": 32, "sample_start": 28, "sample_stop": 29}
{"event": "validation_cache_progress", "pid": 46711, "ts_utc": "2026-04-28T02:27:54+00:00", "stage": "before_get_batch", "batch_index": 30, "total_batches": 32, "sample_start": 29, "sample_stop": 30}
{"event": "validation_cache_progress", "pid": 46711, "ts_utc": "2026-04-28T02:27:54+00:00", "stage": "after_get_batch", "batch_index": 30, "total_batches": 32, "sample_start": 29, "sample_stop": 30}
{"event": "validation_cache_progress", "pid": 46711, "ts_utc": "2026-04-28T02:27:54+00:00", "stage": "after_preprocess", "batch_index": 30, "total_batches": 32, "sample_start": 29, "sample_stop": 30}
{"event": "validation_cache_progress", "pid": 46711, "ts_utc": "2026-04-28T02:27:54+00:00", "stage": "after_cache_append", "batch_index": 30, "total_batches": 32, "sample_start": 29, "sample_stop": 30}
{"event": "validation_cache_progress", "pid": 46711, "ts_utc": "2026-04-28T02:27:54+00:00", "stage": "before_get_batch", "batch_index": 31, "total_batches": 32, "sample_start": 30, "sample_stop": 31}
{"event": "validation_cache_progress", "pid": 46711, "ts_utc": "2026-04-28T02:27:55+00:00", "stage": "after_get_batch", "batch_index": 31, "total_batches": 32, "sample_start": 30, "sample_stop": 31}
{"event": "validation_cache_progress", "pid": 46711, "ts_utc": "2026-04-28T02:27:55+00:00", "stage": "after_preprocess", "batch_index": 31, "total_batches": 32, "sample_start": 30, "sample_stop": 31}
{"event": "validation_cache_progress", "pid": 46711, "ts_utc": "2026-04-28T02:27:55+00:00", "stage": "after_cache_append", "batch_index": 31, "total_batches": 32, "sample_start": 30, "sample_stop": 31}
{"event": "validation_cache_progress", "pid": 46711, "ts_utc": "2026-04-28T02:27:55+00:00", "stage": "before_get_batch", "batch_index": 32, "total_batches": 32, "sample_start": 31, "sample_stop": 32}
{"event": "validation_cache_progress", "pid": 46711, "ts_utc": "2026-04-28T02:27:56+00:00", "stage": "after_get_batch", "batch_index": 32, "total_batches": 32, "sample_start": 31, "sample_stop": 32}
{"event": "validation_cache_progress", "pid": 46711, "ts_utc": "2026-04-28T02:27:57+00:00", "stage": "after_preprocess", "batch_index": 32, "total_batches": 32, "sample_start": 31, "sample_stop": 32}
{"event": "validation_cache_progress", "pid": 46711, "ts_utc": "2026-04-28T02:27:57+00:00", "stage": "after_cache_append", "batch_index": 32, "total_batches": 32, "sample_start": 31, "sample_stop": 32}
{"event": "validation_cache_build_complete", "cached_batches": 32}
{"event": "scenario_cache_build_start", "scenario_eval_size": 8, "scenario_eval_batch_size": 1}
{"event": "scenario_cache_progress", "scenario_name": "scene_1", "scenario_index": 1, "total_scenarios": 4, "batch_index": 1, "total_batches": 8, "sample_start": 0, "sample_stop": 1}
{"event": "scenario_cache_progress", "scenario_name": "scene_1", "scenario_index": 1, "total_scenarios": 4, "batch_index": 2, "total_batches": 8, "sample_start": 1, "sample_stop": 2}
{"event": "scenario_cache_progress", "scenario_name": "scene_1", "scenario_index": 1, "total_scenarios": 4, "batch_index": 3, "total_batches": 8, "sample_start": 2, "sample_stop": 3}
{"event": "scenario_cache_progress", "scenario_name": "scene_1", "scenario_index": 1, "total_scenarios": 4, "batch_index": 4, "total_batches": 8, "sample_start": 3, "sample_stop": 4}
{"event": "scenario_cache_progress", "scenario_name": "scene_1", "scenario_index": 1, "total_scenarios": 4, "batch_index": 5, "total_batches": 8, "sample_start": 4, "sample_stop": 5}
{"event": "scenario_cache_progress", "scenario_name": "scene_1", "scenario_index": 1, "total_scenarios": 4, "batch_index": 6, "total_batches": 8, "sample_start": 5, "sample_stop": 6}
{"event": "scenario_cache_progress", "scenario_name": "scene_1", "scenario_index": 1, "total_scenarios": 4, "batch_index": 7, "total_batches": 8, "sample_start": 6, "sample_stop": 7}
{"event": "scenario_cache_progress", "scenario_name": "scene_1", "scenario_index": 1, "total_scenarios": 4, "batch_index": 8, "total_batches": 8, "sample_start": 7, "sample_stop": 8}
{"event": "scenario_cache_progress", "scenario_name": "scene_2", "scenario_index": 2, "total_scenarios": 4, "batch_index": 1, "total_batches": 8, "sample_start": 0, "sample_stop": 1}
{"event": "scenario_cache_progress", "scenario_name": "scene_2", "scenario_index": 2, "total_scenarios": 4, "batch_index": 2, "total_batches": 8, "sample_start": 1, "sample_stop": 2}
{"event": "scenario_cache_progress", "scenario_name": "scene_2", "scenario_index": 2, "total_scenarios": 4, "batch_index": 3, "total_batches": 8, "sample_start": 2, "sample_stop": 3}
{"event": "scenario_cache_progress", "scenario_name": "scene_2", "scenario_index": 2, "total_scenarios": 4, "batch_index": 4, "total_batches": 8, "sample_start": 3, "sample_stop": 4}
{"event": "scenario_cache_progress", "scenario_name": "scene_2", "scenario_index": 2, "total_scenarios": 4, "batch_index": 5, "total_batches": 8, "sample_start": 4, "sample_stop": 5}
{"event": "scenario_cache_progress", "scenario_name": "scene_2", "scenario_index": 2, "total_scenarios": 4, "batch_index": 6, "total_batches": 8, "sample_start": 5, "sample_stop": 6}
{"event": "scenario_cache_progress", "scenario_name": "scene_2", "scenario_index": 2, "total_scenarios": 4, "batch_index": 7, "total_batches": 8, "sample_start": 6, "sample_stop": 7}
{"event": "scenario_cache_progress", "scenario_name": "scene_2", "scenario_index": 2, "total_scenarios": 4, "batch_index": 8, "total_batches": 8, "sample_start": 7, "sample_stop": 8}
{"event": "scenario_cache_progress", "scenario_name": "scene_3", "scenario_index": 3, "total_scenarios": 4, "batch_index": 1, "total_batches": 8, "sample_start": 0, "sample_stop": 1}
{"event": "scenario_cache_progress", "scenario_name": "scene_3", "scenario_index": 3, "total_scenarios": 4, "batch_index": 2, "total_batches": 8, "sample_start": 1, "sample_stop": 2}
{"event": "scenario_cache_progress", "scenario_name": "scene_3", "scenario_index": 3, "total_scenarios": 4, "batch_index": 3, "total_batches": 8, "sample_start": 2, "sample_stop": 3}
{"event": "scenario_cache_progress", "scenario_name": "scene_3", "scenario_index": 3, "total_scenarios": 4, "batch_index": 4, "total_batches": 8, "sample_start": 3, "sample_stop": 4}
{"event": "scenario_cache_progress", "scenario_name": "scene_3", "scenario_index": 3, "total_scenarios": 4, "batch_index": 5, "total_batches": 8, "sample_start": 4, "sample_stop": 5}
{"event": "scenario_cache_progress", "scenario_name": "scene_3", "scenario_index": 3, "total_scenarios": 4, "batch_index": 6, "total_batches": 8, "sample_start": 5, "sample_stop": 6}
{"event": "scenario_cache_progress", "scenario_name": "scene_3", "scenario_index": 3, "total_scenarios": 4, "batch_index": 7, "total_batches": 8, "sample_start": 6, "sample_stop": 7}
{"event": "scenario_cache_progress", "scenario_name": "scene_3", "scenario_index": 3, "total_scenarios": 4, "batch_index": 8, "total_batches": 8, "sample_start": 7, "sample_stop": 8}
{"event": "scenario_cache_progress", "scenario_name": "scene_4", "scenario_index": 4, "total_scenarios": 4, "batch_index": 1, "total_batches": 8, "sample_start": 0, "sample_stop": 1}
{"event": "scenario_cache_progress", "scenario_name": "scene_4", "scenario_index": 4, "total_scenarios": 4, "batch_index": 2, "total_batches": 8, "sample_start": 1, "sample_stop": 2}
{"event": "scenario_cache_progress", "scenario_name": "scene_4", "scenario_index": 4, "total_scenarios": 4, "batch_index": 3, "total_batches": 8, "sample_start": 2, "sample_stop": 3}
{"event": "scenario_cache_progress", "scenario_name": "scene_4", "scenario_index": 4, "total_scenarios": 4, "batch_index": 4, "total_batches": 8, "sample_start": 3, "sample_stop": 4}
{"event": "scenario_cache_progress", "scenario_name": "scene_4", "scenario_index": 4, "total_scenarios": 4, "batch_index": 5, "total_batches": 8, "sample_start": 4, "sample_stop": 5}
{"event": "scenario_cache_progress", "scenario_name": "scene_4", "scenario_index": 4, "total_scenarios": 4, "batch_index": 6, "total_batches": 8, "sample_start": 5, "sample_stop": 6}
{"event": "scenario_cache_progress", "scenario_name": "scene_4", "scenario_index": 4, "total_scenarios": 4, "batch_index": 7, "total_batches": 8, "sample_start": 6, "sample_stop": 7}
{"event": "scenario_cache_progress", "scenario_name": "scene_4", "scenario_index": 4, "total_scenarios": 4, "batch_index": 8, "total_batches": 8, "sample_start": 7, "sample_stop": 8}
{"event": "scenario_cache_build_complete", "scenario_count": 4}
{"event": "optimizer_ready", "initial_lr": 0.0001, "trainable_params": 125457, "mac_proxy_total": 459532800}
{"event": "stage3_start", "output_dir": "IFAN_Edge/outputs/stage3/ifan_stage3_full40_lc_reference_hw2_20260428_102726", "device": "cuda", "train_split_path": "/home/cmm/icocnn/datasets/LibriSpeech/LibriSpeech/train-clean-100", "validation_split_path": "/home/cmm/icocnn/datasets/LibriSpeech/LibriSpeech/test-clean", "model_topology": "paper_dual_mainline", "branch_channels": 16, "final_head_pooling": false, "input_ablation_mode": "none", "experiment_role": "lc_reference_precision_eval", "srp_variant": "lc_reference", "temporal_conv_variant": "standard_1d", "temporal_module": "conv", "epochs": 40}
Epoch 1/40:
Epoch 1:   1%|..........| 6/585 [00:00:05<00:08:44,  1.10it/s, loss=0.3320]
Epoch 1:   2%|..........| 12/585 [00:00:11<00:08:58,  1.06it/s, loss=0.3298]
Epoch 1:   3%|..........| 18/585 [00:00:16<00:08:54,  1.06it/s, loss=0.3276]
Epoch 1:   4%|..........| 24/585 [00:00:22<00:08:43,  1.07it/s, loss=0.3245]
Epoch 1:   5%|..........| 30/585 [00:00:27<00:08:36,  1.07it/s, loss=0.3190]
Epoch 1:   6%|..........| 35/585 [00:00:33<00:08:44,  1.05it/s, loss=0.3164]
Epoch 1:   7%|..........| 41/585 [00:00:38<00:08:33,  1.06it/s, loss=0.3076]
Epoch 1:   8%|..........| 46/585 [00:00:43<00:08:32,  1.05it/s, loss=0.3014]
Epoch 1:   9%|..........| 52/585 [00:00:49<00:08:28,  1.05it/s, loss=0.2937]
Epoch 1:  10%|..........| 58/585 [00:00:55<00:08:23,  1.05it/s, loss=0.2829]
Epoch 1:  11%|#.........| 64/585 [00:01:01<00:08:17,  1.05it/s, loss=0.2706]
Epoch 1:  12%|#.........| 70/585 [00:01:07<00:08:14,  1.04it/s, loss=0.2597]
Epoch 1:  13%|#.........| 75/585 [00:01:12<00:08:15,  1.03it/s, loss=0.2511]
Epoch 1:  14%|#.........| 81/585 [00:01:18<00:08:10,  1.03it/s, loss=0.2426]
Epoch 1:  15%|#.........| 87/585 [00:01:24<00:08:02,  1.03it/s, loss=0.2331]
Epoch 1:  16%|#.........| 93/585 [00:01:30<00:07:59,  1.03it/s, loss=0.2250]
Epoch 1:  17%|#.........| 98/585 [00:01:36<00:07:57,  1.02it/s, loss=0.2210]
Epoch 1:  18%|#.........| 104/585 [00:01:41<00:07:50,  1.02it/s, loss=0.2138]
Epoch 1:  19%|#.........| 110/585 [00:01:47<00:07:45,  1.02it/s, loss=0.2078]
Epoch 1:  20%|#.........| 116/585 [00:01:53<00:07:38,  1.02it/s, loss=0.2029]
Epoch 1:  21%|##........| 122/585 [00:01:59<00:07:32,  1.02it/s, loss=0.1982]
Epoch 1:  22%|##........| 128/585 [00:02:04<00:07:25,  1.03it/s, loss=0.1931]
Epoch 1:  23%|##........| 133/585 [00:02:09<00:07:21,  1.02it/s, loss=0.1891]
Epoch 1:  24%|##........| 139/585 [00:02:15<00:07:15,  1.02it/s, loss=0.1848]
Epoch 1:  25%|##........| 144/585 [00:02:20<00:07:11,  1.02it/s, loss=0.1825]
Epoch 1:  25%|##........| 149/585 [00:02:26<00:07:07,  1.02it/s, loss=0.1793]
Epoch 1:  26%|##........| 155/585 [00:02:31<00:07:01,  1.02it/s, loss=0.1757]
Epoch 1:  28%|##........| 161/585 [00:02:37<00:06:55,  1.02it/s, loss=0.1720]
Epoch 1:  29%|##........| 167/585 [00:02:44<00:06:51,  1.02it/s, loss=0.1689]
Epoch 1:  30%|##........| 174/585 [00:02:50<00:06:42,  1.02it/s, loss=0.1650]
Epoch 1:  30%|###.......| 178/585 [00:02:56<00:06:42,  1.01it/s, loss=0.1639]
Epoch 1:  31%|###.......| 183/585 [00:03:01<00:06:37,  1.01it/s, loss=0.1624]
Epoch 1:  32%|###.......| 189/585 [00:03:07<00:06:32,  1.01it/s, loss=0.1622]
Epoch 1:  33%|###.......| 195/585 [00:03:12<00:06:24,  1.01it/s, loss=0.1597]
Epoch 1:  34%|###.......| 200/585 [00:03:18<00:06:21,  1.01it/s, loss=0.1578]
Epoch 1:  35%|###.......| 205/585 [00:03:23<00:06:16,  1.01it/s, loss=0.1568]
Epoch 1:  36%|###.......| 211/585 [00:03:28<00:06:09,  1.01it/s, loss=0.1542]
Epoch 1:  37%|###.......| 217/585 [00:03:34<00:06:03,  1.01it/s, loss=0.1521]
Epoch 1:  38%|###.......| 223/585 [00:03:39<00:05:56,  1.01it/s, loss=0.1499]
Epoch 1:  39%|###.......| 227/585 [00:03:45<00:05:55,  1.01it/s, loss=0.1491]
Epoch 1:  40%|###.......| 233/585 [00:03:51<00:05:49,  1.01it/s, loss=0.1475]
Epoch 1:  41%|####......| 239/585 [00:03:56<00:05:42,  1.01it/s, loss=0.1459]
Epoch 1:  42%|####......| 245/585 [00:04:02<00:05:36,  1.01it/s, loss=0.1439]
Epoch 1:  43%|####......| 251/585 [00:04:07<00:05:29,  1.01it/s, loss=0.1421]
Epoch 1:  44%|####......| 256/585 [00:04:13<00:05:25,  1.01it/s, loss=0.1409]
Epoch 1:  45%|####......| 261/585 [00:04:18<00:05:21,  1.01it/s, loss=0.1396]
Epoch 1:  45%|####......| 266/585 [00:04:24<00:05:16,  1.01it/s, loss=0.1379]
Epoch 1:  46%|####......| 271/585 [00:04:29<00:05:11,  1.01it/s, loss=0.1366]
Epoch 1:  47%|####......| 277/585 [00:04:34<00:05:05,  1.01it/s, loss=0.1348]
Epoch 1:  48%|####......| 282/585 [00:04:39<00:05:00,  1.01it/s, loss=0.1334]
Epoch 1:  49%|####......| 287/585 [00:04:45<00:04:56,  1.01it/s, loss=0.1321]
Epoch 1:  50%|####......| 292/585 [00:04:51<00:04:52,  1.00it/s, loss=0.1309]
Epoch 1:  51%|#####.....| 298/585 [00:04:56<00:04:45,  1.00it/s, loss=0.1293]
Epoch 1:  52%|#####.....| 303/585 [00:05:02<00:04:41,  1.00it/s, loss=0.1283]
Epoch 1:  53%|#####.....| 309/585 [00:05:08<00:04:35,  1.00it/s, loss=0.1266]
Epoch 1:  54%|#####.....| 315/585 [00:05:13<00:04:28,  1.01it/s, loss=0.1252]
Epoch 1:  55%|#####.....| 320/585 [00:05:18<00:04:24,  1.00it/s, loss=0.1240]
Epoch 1:  56%|#####.....| 325/585 [00:05:24<00:04:19,  1.00it/s, loss=0.1231]
Epoch 1:  57%|#####.....| 331/585 [00:05:29<00:04:13,  1.00it/s, loss=0.1220]
Epoch 1:  58%|#####.....| 337/585 [00:05:35<00:04:07,  1.00it/s, loss=0.1206]
Epoch 1:  58%|#####.....| 342/585 [00:05:40<00:04:02,  1.00it/s, loss=0.1198]
Epoch 1:  59%|#####.....| 348/585 [00:05:46<00:03:55,  1.00it/s, loss=0.1187]
Epoch 1:  61%|######....| 354/585 [00:05:51<00:03:49,  1.01it/s, loss=0.1175]
Epoch 1:  61%|######....| 359/585 [00:05:56<00:03:44,  1.01it/s, loss=0.1166]
Epoch 1:  62%|######....| 365/585 [00:06:02<00:03:38,  1.01it/s, loss=0.1156]
Epoch 1:  63%|######....| 371/585 [00:06:08<00:03:32,  1.01it/s, loss=0.1144]
Epoch 1:  64%|######....| 377/585 [00:06:13<00:03:26,  1.01it/s, loss=0.1134]
Epoch 1:  65%|######....| 383/585 [00:06:19<00:03:20,  1.01it/s, loss=0.1123]
Epoch 1:  66%|######....| 389/585 [00:06:24<00:03:13,  1.01it/s, loss=0.1113]
Epoch 1:  68%|######....| 395/585 [00:06:30<00:03:07,  1.01it/s, loss=0.1105]
Epoch 1:  69%|######....| 401/585 [00:06:36<00:03:01,  1.01it/s, loss=0.1095]
Epoch 1:  70%|######....| 407/585 [00:06:42<00:02:55,  1.01it/s, loss=0.1087]
Epoch 1:  71%|#######...| 413/585 [00:06:47<00:02:49,  1.01it/s, loss=0.1078]
Epoch 1:  71%|#######...| 418/585 [00:06:52<00:02:44,  1.01it/s, loss=0.1075]
Epoch 1:  72%|#######...| 424/585 [00:06:58<00:02:38,  1.01it/s, loss=0.1068]
Epoch 1:  73%|#######...| 429/585 [00:07:03<00:02:34,  1.01it/s, loss=0.1061]
Epoch 1:  74%|#######...| 434/585 [00:07:08<00:02:29,  1.01it/s, loss=0.1055]
Epoch 1:  75%|#######...| 440/585 [00:07:14<00:02:23,  1.01it/s, loss=0.1046]
Epoch 1:  76%|#######...| 445/585 [00:07:19<00:02:18,  1.01it/s, loss=0.1039]
Epoch 1:  77%|#######...| 451/585 [00:07:24<00:02:12,  1.01it/s, loss=0.1031]
Epoch 1:  78%|#######...| 457/585 [00:07:30<00:02:06,  1.02it/s, loss=0.1023]
Epoch 1:  79%|#######...| 463/585 [00:07:35<00:02:00,  1.02it/s, loss=0.1015]
Epoch 1:  80%|########..| 469/585 [00:07:41<00:01:54,  1.02it/s, loss=0.1009]
Epoch 1:  81%|########..| 474/585 [00:07:47<00:01:49,  1.01it/s, loss=0.1004]
Epoch 1:  82%|########..| 479/585 [00:07:52<00:01:44,  1.01it/s, loss=0.0999]
Epoch 1:  83%|########..| 485/585 [00:07:57<00:01:38,  1.02it/s, loss=0.0992]
Epoch 1:  84%|########..| 491/585 [00:08:03<00:01:32,  1.02it/s, loss=0.0985]
Epoch 1:  85%|########..| 496/585 [00:08:08<00:01:27,  1.02it/s, loss=0.0979]
Epoch 1:  86%|########..| 502/585 [00:08:13<00:01:21,  1.02it/s, loss=0.0973]
Epoch 1:  87%|########..| 507/585 [00:08:18<00:01:16,  1.02it/s, loss=0.0967]
Epoch 1:  88%|########..| 512/585 [00:08:23<00:01:11,  1.02it/s, loss=0.0961]
Epoch 1:  88%|########..| 517/585 [00:08:29<00:01:06,  1.02it/s, loss=0.0956]
Epoch 1:  89%|########..| 522/585 [00:08:35<00:01:02,  1.01it/s, loss=0.0951]
Epoch 1:  90%|#########.| 527/585 [00:08:40<00:00:57,  1.01it/s, loss=0.0946]
Epoch 1:  91%|#########.| 532/585 [00:08:45<00:00:52,  1.01it/s, loss=0.0942]
Epoch 1:  92%|#########.| 537/585 [00:08:50<00:00:47,  1.01it/s, loss=0.0939]
Epoch 1:  93%|#########.| 543/585 [00:08:56<00:00:41,  1.01it/s, loss=0.0935]
Epoch 1:  94%|#########.| 548/585 [00:09:01<00:00:36,  1.01it/s, loss=0.0930]
Epoch 1:  95%|#########.| 554/585 [00:09:07<00:00:30,  1.01it/s, loss=0.0924]
Epoch 1:  96%|#########.| 560/585 [00:09:13<00:00:24,  1.01it/s, loss=0.0920]
Epoch 1:  97%|#########.| 566/585 [00:09:19<00:00:18,  1.01it/s, loss=0.0915]
Epoch 1:  98%|#########.| 572/585 [00:09:24<00:00:12,  1.01it/s, loss=0.0910]
Epoch 1:  99%|#########.| 578/585 [00:09:29<00:00:06,  1.01it/s, loss=0.0906]
Epoch 1: 100%|#########.| 584/585 [00:09:35<00:00:00,  1.01it/s, loss=0.0900]
Epoch 1: 100%|##########| 585/585 [00:09:36<00:00:00,  1.01it/s, loss=0.0900]
Test loss: 0.0407, Test rmsae: 13.34deg
{"event": "epoch_complete", "epoch": 1, "phase": 1, "lr": 0.0001, "batch_size": 1, "micro_batch_size": 1, "train_loss": 0.08996135219294801, "val_loss": 0.040713175549171865, "val_rmsae_deg": 13.340956896543503, "epoch_time_s": 577.5397464119887}
{"event": "checkpoint_saved", "tag": "best_rmsae", "epoch": 1, "path": "IFAN_Edge/outputs/stage3/ifan_stage3_full40_lc_reference_hw2_20260428_102726/checkpoints/best_rmsae.pt", "val_rmsae_deg": 13.340956896543503}
Epoch 2/40:
Epoch 2:   1%|..........| 6/585 [00:00:05<00:09:03,  1.07it/s, loss=0.0407]
Epoch 2:   2%|..........| 11/585 [00:00:10<00:09:17,  1.03it/s, loss=0.0436]
Epoch 2:   3%|..........| 16/585 [00:00:15<00:09:23,  1.01it/s, loss=0.0429]
Epoch 2:   4%|..........| 22/585 [00:00:22<00:09:26,  0.99it/s, loss=0.0412]
Epoch 2:   5%|..........| 27/585 [00:00:27<00:09:29,  0.98it/s, loss=0.0426]
Epoch 2:   5%|..........| 32/585 [00:00:32<00:09:26,  0.98it/s, loss=0.0423]
Epoch 2:   6%|..........| 38/585 [00:00:38<00:09:15,  0.98it/s, loss=0.0424]
Epoch 2:   7%|..........| 43/585 [00:00:44<00:09:17,  0.97it/s, loss=0.0422]
Epoch 2:   8%|..........| 49/585 [00:00:49<00:09:03,  0.99it/s, loss=0.0421]
Epoch 2:   9%|..........| 55/585 [00:00:54<00:08:47,  1.01it/s, loss=0.0414]
Epoch 2:  10%|#.........| 61/585 [00:01:00<00:08:40,  1.01it/s, loss=0.0405]
Epoch 2:  11%|#.........| 66/585 [00:01:06<00:08:41,  1.00it/s, loss=0.0402]
Epoch 2:  12%|#.........| 72/585 [00:01:12<00:08:38,  0.99it/s, loss=0.0406]
Epoch 2:  13%|#.........| 78/585 [00:01:18<00:08:30,  0.99it/s, loss=0.0408]
Epoch 2:  14%|#.........| 84/585 [00:01:24<00:08:22,  1.00it/s, loss=0.0412]
Epoch 2:  15%|#.........| 90/585 [00:01:29<00:08:14,  1.00it/s, loss=0.0415]
Epoch 2:  16%|#.........| 96/585 [00:01:35<00:08:06,  1.00it/s, loss=0.0414]
Epoch 2:  17%|#.........| 101/585 [00:01:40<00:08:03,  1.00it/s, loss=0.0413]
Epoch 2:  18%|#.........| 107/585 [00:01:46<00:07:56,  1.00it/s, loss=0.0412]
Epoch 2:  19%|#.........| 112/585 [00:01:51<00:07:51,  1.00it/s, loss=0.0412]
Epoch 2:  20%|##........| 117/585 [00:01:56<00:07:47,  1.00it/s, loss=0.0412]
Epoch 2:  21%|##........| 123/585 [00:02:02<00:07:40,  1.00it/s, loss=0.0410]
Epoch 2:  22%|##........| 128/585 [00:02:07<00:07:36,  1.00it/s, loss=0.0408]
Epoch 2:  23%|##........| 134/585 [00:02:13<00:07:28,  1.01it/s, loss=0.0406]
Epoch 2:  24%|##........| 140/585 [00:02:18<00:07:21,  1.01it/s, loss=0.0404]
Epoch 2:  25%|##........| 146/585 [00:02:24<00:07:14,  1.01it/s, loss=0.0401]
Epoch 2:  26%|##........| 150/585 [00:02:29<00:07:14,  1.00it/s, loss=0.0404]
Epoch 2:  27%|##........| 156/585 [00:02:35<00:07:07,  1.00it/s, loss=0.0404]
Epoch 2:  28%|##........| 162/585 [00:02:41<00:07:01,  1.00it/s, loss=0.0403]
Epoch 2:  29%|##........| 167/585 [00:02:48<00:07:00,  0.99it/s, loss=0.0407]
Epoch 2:  30%|##........| 173/585 [00:02:54<00:06:54,  0.99it/s, loss=0.0408]
Epoch 2:  31%|###.......| 179/585 [00:02:59<00:06:46,  1.00it/s, loss=0.0408]
Epoch 2:  31%|###.......| 184/585 [00:03:05<00:06:43,  0.99it/s, loss=0.0411]
Epoch 2:  32%|###.......| 189/585 [00:03:10<00:06:39,  0.99it/s, loss=0.0411]
Epoch 2:  33%|###.......| 195/585 [00:03:16<00:06:33,  0.99it/s, loss=0.0410]
Epoch 2:  34%|###.......| 201/585 [00:03:22<00:06:27,  0.99it/s, loss=0.0410]
Epoch 2:  35%|###.......| 207/585 [00:03:28<00:06:20,  0.99it/s, loss=0.0408]
Epoch 2:  36%|###.......| 213/585 [00:03:33<00:06:13,  1.00it/s, loss=0.0406]
Epoch 2:  37%|###.......| 218/585 [00:03:39<00:06:08,  0.99it/s, loss=0.0405]
Epoch 2:  38%|###.......| 224/585 [00:03:45<00:06:02,  0.99it/s, loss=0.0404]
Epoch 2:  39%|###.......| 230/585 [00:03:50<00:05:55,  1.00it/s, loss=0.0403]
Epoch 2:  40%|####......| 236/585 [00:03:56<00:05:49,  1.00it/s, loss=0.0401]
Epoch 2:  41%|####......| 242/585 [00:04:01<00:05:42,  1.00it/s, loss=0.0399]
Epoch 2:  42%|####......| 248/585 [00:04:07<00:05:35,  1.00it/s, loss=0.0398]
Epoch 2:  43%|####......| 254/585 [00:04:13<00:05:29,  1.00it/s, loss=0.0397]
Epoch 2:  44%|####......| 259/585 [00:04:18<00:05:24,  1.00it/s, loss=0.0396]
Epoch 2:  45%|####......| 264/585 [00:04:23<00:05:20,  1.00it/s, loss=0.0395]
Epoch 2:  46%|####......| 270/585 [00:04:28<00:05:13,  1.01it/s, loss=0.0394]
Epoch 2:  47%|####......| 275/585 [00:04:34<00:05:09,  1.00it/s, loss=0.0395]
Epoch 2:  48%|####......| 281/585 [00:04:39<00:05:02,  1.00it/s, loss=0.0393]
Epoch 2:  49%|####......| 287/585 [00:04:45<00:04:56,  1.00it/s, loss=0.0392]
Epoch 2:  50%|#####.....| 293/585 [00:04:51<00:04:50,  1.01it/s, loss=0.0392]
Epoch 2:  51%|#####.....| 299/585 [00:04:57<00:04:44,  1.01it/s, loss=0.0390]
Epoch 2:  52%|#####.....| 304/585 [00:05:02<00:04:39,  1.01it/s, loss=0.0390]
Epoch 2:  53%|#####.....| 310/585 [00:05:07<00:04:32,  1.01it/s, loss=0.0388]
Epoch 2:  54%|#####.....| 316/585 [00:05:13<00:04:26,  1.01it/s, loss=0.0388]
Epoch 2:  55%|#####.....| 322/585 [00:05:18<00:04:20,  1.01it/s, loss=0.0389]
Epoch 2:  56%|#####.....| 328/585 [00:05:24<00:04:14,  1.01it/s, loss=0.0389]
Epoch 2:  57%|#####.....| 334/585 [00:05:29<00:04:07,  1.01it/s, loss=0.0388]
Epoch 2:  58%|#####.....| 339/585 [00:05:35<00:04:03,  1.01it/s, loss=0.0389]
Epoch 2:  59%|#####.....| 344/585 [00:05:40<00:03:58,  1.01it/s, loss=0.0389]
Epoch 2:  60%|#####.....| 350/585 [00:05:46<00:03:52,  1.01it/s, loss=0.0388]
Epoch 2:  61%|######....| 356/585 [00:05:51<00:03:46,  1.01it/s, loss=0.0388]
Epoch 2:  62%|######....| 361/585 [00:05:56<00:03:41,  1.01it/s, loss=0.0387]
Epoch 2:  63%|######....| 367/585 [00:06:02<00:03:35,  1.01it/s, loss=0.0388]
Epoch 2:  64%|######....| 373/585 [00:06:08<00:03:29,  1.01it/s, loss=0.0386]
Epoch 2:  65%|######....| 379/585 [00:06:14<00:03:23,  1.01it/s, loss=0.0386]
Epoch 2:  66%|######....| 384/585 [00:06:19<00:03:18,  1.01it/s, loss=0.0387]
Epoch 2:  67%|######....| 390/585 [00:06:25<00:03:12,  1.01it/s, loss=0.0386]
Epoch 2:  68%|######....| 396/585 [00:06:30<00:03:06,  1.01it/s, loss=0.0385]
Epoch 2:  69%|######....| 402/585 [00:06:35<00:03:00,  1.02it/s, loss=0.0385]
Epoch 2:  70%|######....| 407/585 [00:06:41<00:02:55,  1.01it/s, loss=0.0385]
Epoch 2:  70%|#######...| 412/585 [00:06:47<00:02:51,  1.01it/s, loss=0.0385]
Epoch 2:  71%|#######...| 417/585 [00:06:52<00:02:46,  1.01it/s, loss=0.0384]
Epoch 2:  72%|#######...| 423/585 [00:06:58<00:02:40,  1.01it/s, loss=0.0384]
Epoch 2:  73%|#######...| 429/585 [00:07:04<00:02:34,  1.01it/s, loss=0.0382]
Epoch 2:  74%|#######...| 433/585 [00:07:09<00:02:30,  1.01it/s, loss=0.0384]
Epoch 2:  75%|#######...| 439/585 [00:07:14<00:02:24,  1.01it/s, loss=0.0384]
Epoch 2:  76%|#######...| 444/585 [00:07:19<00:02:19,  1.01it/s, loss=0.0384]
Epoch 2:  77%|#######...| 449/585 [00:07:25<00:02:14,  1.01it/s, loss=0.0383]
Epoch 2:  78%|#######...| 454/585 [00:07:30<00:02:10,  1.01it/s, loss=0.0383]
Epoch 2:  78%|#######...| 459/585 [00:07:36<00:02:05,  1.01it/s, loss=0.0382]
Epoch 2:  79%|#######...| 463/585 [00:07:41<00:02:01,  1.00it/s, loss=0.0381]
Epoch 2:  80%|########..| 469/585 [00:07:47<00:01:55,  1.00it/s, loss=0.0381]
Epoch 2:  81%|########..| 475/585 [00:07:52<00:01:49,  1.01it/s, loss=0.0380]
Epoch 2:  82%|########..| 481/585 [00:07:58<00:01:43,  1.01it/s, loss=0.0379]
Epoch 2:  83%|########..| 486/585 [00:08:03<00:01:38,  1.01it/s, loss=0.0379]
Epoch 2:  84%|########..| 491/585 [00:08:08<00:01:33,  1.01it/s, loss=0.0378]
Epoch 2:  85%|########..| 497/585 [00:08:14<00:01:27,  1.01it/s, loss=0.0377]
Epoch 2:  86%|########..| 503/585 [00:08:19<00:01:21,  1.01it/s, loss=0.0377]
Epoch 2:  87%|########..| 509/585 [00:08:26<00:01:15,  1.01it/s, loss=0.0376]
Epoch 2:  88%|########..| 515/585 [00:08:32<00:01:09,  1.01it/s, loss=0.0376]
Epoch 2:  89%|########..| 521/585 [00:08:38<00:01:03,  1.00it/s, loss=0.0377]
Epoch 2:  90%|#########.| 527/585 [00:08:43<00:00:57,  1.01it/s, loss=0.0376]
Epoch 2:  91%|#########.| 533/585 [00:08:49<00:00:51,  1.01it/s, loss=0.0377]
Epoch 2:  92%|#########.| 539/585 [00:08:55<00:00:45,  1.01it/s, loss=0.0376]
Epoch 2:  93%|#########.| 545/585 [00:09:00<00:00:39,  1.01it/s, loss=0.0376]
Epoch 2:  94%|#########.| 551/585 [00:09:05<00:00:33,  1.01it/s, loss=0.0375]
Epoch 2:  95%|#########.| 556/585 [00:09:11<00:00:28,  1.01it/s, loss=0.0374]
Epoch 2:  96%|#########.| 562/585 [00:09:16<00:00:22,  1.01it/s, loss=0.0373]
Epoch 2:  97%|#########.| 568/585 [00:09:22<00:00:16,  1.01it/s, loss=0.0372]
Epoch 2:  98%|#########.| 574/585 [00:09:27<00:00:10,  1.01it/s, loss=0.0372]
Epoch 2:  99%|#########.| 579/585 [00:09:32<00:00:05,  1.01it/s, loss=0.0372]
Epoch 2: 100%|##########| 585/585 [00:09:39<00:00:00,  1.01it/s, loss=0.0372]
Test loss: 0.0334, Test rmsae: 11.55deg
{"event": "epoch_complete", "epoch": 2, "phase": 1, "lr": 0.0001, "batch_size": 1, "micro_batch_size": 1, "train_loss": 0.037192726510966945, "val_loss": 0.033401414344552904, "val_rmsae_deg": 11.546106204390526, "epoch_time_s": 580.516702177003}
{"event": "checkpoint_saved", "tag": "best_rmsae", "epoch": 2, "path": "IFAN_Edge/outputs/stage3/ifan_stage3_full40_lc_reference_hw2_20260428_102726/checkpoints/best_rmsae.pt", "val_rmsae_deg": 11.546106204390526}
Epoch 3/40:
Epoch 3:   1%|..........| 5/585 [00:00:06<00:11:46,  0.82it/s, loss=0.0304]
Epoch 3:   2%|..........| 10/585 [00:00:11<00:11:08,  0.86it/s, loss=0.0326]
Epoch 3:   3%|..........| 15/585 [00:00:17<00:11:20,  0.84it/s, loss=0.0378]
Epoch 3:   4%|..........| 21/585 [00:00:23<00:10:32,  0.89it/s, loss=0.0377]
Epoch 3:   5%|..........| 27/585 [00:00:29<00:10:03,  0.92it/s, loss=0.0375]
Epoch 3:   6%|..........| 33/585 [00:00:35<00:09:46,  0.94it/s, loss=0.0360]
Epoch 3:   7%|..........| 39/585 [00:00:40<00:09:26,  0.96it/s, loss=0.0361]
Epoch 3:   8%|..........| 45/585 [00:00:45<00:09:09,  0.98it/s, loss=0.0364]
Epoch 3:   9%|..........| 51/585 [00:00:51<00:09:00,  0.99it/s, loss=0.0361]
Epoch 3:  10%|..........| 57/585 [00:00:57<00:08:52,  0.99it/s, loss=0.0355]
Epoch 3:  11%|#.........| 63/585 [00:01:03<00:08:44,  1.00it/s, loss=0.0353]
Epoch 3:  12%|#.........| 69/585 [00:01:08<00:08:31,  1.01it/s, loss=0.0349]
Epoch 3:  13%|#.........| 75/585 [00:01:14<00:08:23,  1.01it/s, loss=0.0347]
Epoch 3:  14%|#.........| 80/585 [00:01:19<00:08:19,  1.01it/s, loss=0.0349]
Epoch 3:  15%|#.........| 86/585 [00:01:24<00:08:10,  1.02it/s, loss=0.0343]
Epoch 3:  16%|#.........| 91/585 [00:01:29<00:08:07,  1.01it/s, loss=0.0341]
Epoch 3:  17%|#.........| 97/585 [00:01:34<00:07:57,  1.02it/s, loss=0.0337]
Epoch 3:  17%|#.........| 102/585 [00:01:40<00:07:55,  1.02it/s, loss=0.0336]
Epoch 3:  18%|#.........| 107/585 [00:01:45<00:07:52,  1.01it/s, loss=0.0334]
Epoch 3:  19%|#.........| 113/585 [00:01:51<00:07:45,  1.01it/s, loss=0.0330]
Epoch 3:  20%|##........| 119/585 [00:01:57<00:07:38,  1.02it/s, loss=0.0329]
Epoch 3:  21%|##........| 125/585 [00:02:03<00:07:32,  1.02it/s, loss=0.0330]
Epoch 3:  22%|##........| 130/585 [00:02:08<00:07:29,  1.01it/s, loss=0.0328]
Epoch 3:  23%|##........| 136/585 [00:02:14<00:07:25,  1.01it/s, loss=0.0328]
Epoch 3:  24%|##........| 142/585 [00:02:20<00:07:18,  1.01it/s, loss=0.0326]
Epoch 3:  25%|##........| 148/585 [00:02:26<00:07:12,  1.01it/s, loss=0.0326]
Epoch 3:  26%|##........| 153/585 [00:02:31<00:07:09,  1.01it/s, loss=0.0328]
Epoch 3:  27%|##........| 159/585 [00:02:37<00:07:01,  1.01it/s, loss=0.0328]
Epoch 3:  28%|##........| 164/585 [00:02:42<00:06:57,  1.01it/s, loss=0.0328]
Epoch 3:  29%|##........| 170/585 [00:02:48<00:06:51,  1.01it/s, loss=0.0330]
Epoch 3:  30%|##........| 175/585 [00:02:53<00:06:46,  1.01it/s, loss=0.0332]
Epoch 3:  31%|###.......| 181/585 [00:02:59<00:06:39,  1.01it/s, loss=0.0330]
Epoch 3:  32%|###.......| 186/585 [00:03:04<00:06:35,  1.01it/s, loss=0.0332]
Epoch 3:  33%|###.......| 192/585 [00:03:09<00:06:28,  1.01it/s, loss=0.0332]
Epoch 3:  34%|###.......| 196/585 [00:03:15<00:06:27,  1.00it/s, loss=0.0333]
Epoch 3:  34%|###.......| 201/585 [00:03:20<00:06:22,  1.00it/s, loss=0.0332]
Epoch 3:  35%|###.......| 207/585 [00:03:25<00:06:14,  1.01it/s, loss=0.0331]
Epoch 3:  36%|###.......| 212/585 [00:03:31<00:06:11,  1.00it/s, loss=0.0333]
Epoch 3:  37%|###.......| 218/585 [00:03:36<00:06:04,  1.01it/s, loss=0.0332]
Epoch 3:  38%|###.......| 223/585 [00:03:42<00:06:00,  1.00it/s, loss=0.0333]
Epoch 3:  39%|###.......| 227/585 [00:03:47<00:05:58,  1.00it/s, loss=0.0332]
Epoch 3:  40%|###.......| 233/585 [00:03:52<00:05:51,  1.00it/s, loss=0.0331]
Epoch 3:  41%|####......| 239/585 [00:03:59<00:05:46,  1.00it/s, loss=0.0329]
Epoch 3:  42%|####......| 245/585 [00:04:04<00:05:39,  1.00it/s, loss=0.0330]
Epoch 3:  43%|####......| 251/585 [00:04:09<00:05:32,  1.00it/s, loss=0.0330]
Epoch 3:  44%|####......| 257/585 [00:04:15<00:05:25,  1.01it/s, loss=0.0328]
Epoch 3:  45%|####......| 263/585 [00:04:20<00:05:18,  1.01it/s, loss=0.0328]
Epoch 3:  46%|####......| 268/585 [00:04:25<00:05:13,  1.01it/s, loss=0.0328]
Epoch 3:  47%|####......| 273/585 [00:04:30<00:05:09,  1.01it/s, loss=0.0328]
Epoch 3:  48%|####......| 279/585 [00:04:36<00:05:03,  1.01it/s, loss=0.0327]
Epoch 3:  49%|####......| 284/585 [00:04:41<00:04:58,  1.01it/s, loss=0.0326]
Epoch 3:  50%|####......| 290/585 [00:04:47<00:04:52,  1.01it/s, loss=0.0326]
Epoch 3:  50%|#####.....| 295/585 [00:04:52<00:04:47,  1.01it/s, loss=0.0326]
Epoch 3:  51%|#####.....| 301/585 [00:04:57<00:04:40,  1.01it/s, loss=0.0326]
Epoch 3:  52%|#####.....| 307/585 [00:05:03<00:04:34,  1.01it/s, loss=0.0326]
Epoch 3:  53%|#####.....| 312/585 [00:05:08<00:04:29,  1.01it/s, loss=0.0327]
Epoch 3:  54%|#####.....| 316/585 [00:05:13<00:04:26,  1.01it/s, loss=0.0329]
Epoch 3:  55%|#####.....| 322/585 [00:05:19<00:04:20,  1.01it/s, loss=0.0330]
Epoch 3:  56%|#####.....| 328/585 [00:05:25<00:04:14,  1.01it/s, loss=0.0330]
Epoch 3:  57%|#####.....| 333/585 [00:05:30<00:04:09,  1.01it/s, loss=0.0329]
Epoch 3:  58%|#####.....| 339/585 [00:05:35<00:04:03,  1.01it/s, loss=0.0328]
Epoch 3:  59%|#####.....| 345/585 [00:05:41<00:03:57,  1.01it/s, loss=0.0330]
Epoch 3:  60%|######....| 351/585 [00:05:46<00:03:51,  1.01it/s, loss=0.0329]
Epoch 3:  61%|######....| 356/585 [00:05:52<00:03:46,  1.01it/s, loss=0.0329]
Epoch 3:  62%|######....| 362/585 [00:05:58<00:03:40,  1.01it/s, loss=0.0329]
Epoch 3:  63%|######....| 368/585 [00:06:03<00:03:34,  1.01it/s, loss=0.0327]
Epoch 3:  64%|######....| 374/585 [00:06:09<00:03:28,  1.01it/s, loss=0.0326]
Epoch 3:  65%|######....| 378/585 [00:06:14<00:03:25,  1.01it/s, loss=0.0326]
Epoch 3:  66%|######....| 384/585 [00:06:20<00:03:18,  1.01it/s, loss=0.0325]
Epoch 3:  67%|######....| 390/585 [00:06:25<00:03:12,  1.01it/s, loss=0.0324]
Epoch 3:  68%|######....| 395/585 [00:06:31<00:03:08,  1.01it/s, loss=0.0324]
Epoch 3:  69%|######....| 401/585 [00:06:36<00:03:02,  1.01it/s, loss=0.0324]
Epoch 3:  69%|######....| 406/585 [00:06:42<00:02:57,  1.01it/s, loss=0.0325]
Epoch 3:  70%|#######...| 412/585 [00:06:47<00:02:51,  1.01it/s, loss=0.0324]
Epoch 3:  71%|#######...| 418/585 [00:06:53<00:02:45,  1.01it/s, loss=0.0323]
Epoch 3:  72%|#######...| 423/585 [00:06:58<00:02:40,  1.01it/s, loss=0.0323]
Epoch 3:  73%|#######...| 428/585 [00:07:04<00:02:35,  1.01it/s, loss=0.0322]
Epoch 3:  74%|#######...| 434/585 [00:07:10<00:02:29,  1.01it/s, loss=0.0322]
Epoch 3:  75%|#######...| 440/585 [00:07:16<00:02:23,  1.01it/s, loss=0.0322]
Epoch 3:  76%|#######...| 446/585 [00:07:21<00:02:17,  1.01it/s, loss=0.0322]
Epoch 3:  77%|#######...| 452/585 [00:07:27<00:02:11,  1.01it/s, loss=0.0323]
Epoch 3:  78%|#######...| 457/585 [00:07:32<00:02:06,  1.01it/s, loss=0.0324]
Epoch 3:  79%|#######...| 462/585 [00:07:38<00:02:02,  1.01it/s, loss=0.0324]
Epoch 3:  80%|########..| 468/585 [00:07:43<00:01:55,  1.01it/s, loss=0.0325]
Epoch 3:  81%|########..| 474/585 [00:07:49<00:01:49,  1.01it/s, loss=0.0325]
Epoch 3:  82%|########..| 479/585 [00:07:54<00:01:45,  1.01it/s, loss=0.0325]
Epoch 3:  83%|########..| 484/585 [00:08:00<00:01:40,  1.01it/s, loss=0.0325]
Epoch 3:  84%|########..| 490/585 [00:08:05<00:01:34,  1.01it/s, loss=0.0324]
Epoch 3:  85%|########..| 496/585 [00:08:11<00:01:28,  1.01it/s, loss=0.0325]
Epoch 3:  86%|########..| 502/585 [00:08:16<00:01:22,  1.01it/s, loss=0.0324]
Epoch 3:  87%|########..| 508/585 [00:08:22<00:01:16,  1.01it/s, loss=0.0323]
Epoch 3:  88%|########..| 514/585 [00:08:28<00:01:10,  1.01it/s, loss=0.0323]
Epoch 3:  89%|########..| 520/585 [00:08:33<00:01:04,  1.01it/s, loss=0.0322]
Epoch 3:  90%|########..| 526/585 [00:08:40<00:00:58,  1.01it/s, loss=0.0322]
Epoch 3:  91%|#########.| 531/585 [00:08:45<00:00:53,  1.01it/s, loss=0.0321]
Epoch 3:  92%|#########.| 537/585 [00:08:50<00:00:47,  1.01it/s, loss=0.0321]
Epoch 3:  93%|#########.| 543/585 [00:08:55<00:00:41,  1.01it/s, loss=0.0321]
Epoch 3:  94%|#########.| 549/585 [00:09:01<00:00:35,  1.01it/s, loss=0.0320]
Epoch 3:  95%|#########.| 555/585 [00:09:07<00:00:29,  1.01it/s, loss=0.0320]
Epoch 3:  96%|#########.| 560/585 [00:09:12<00:00:24,  1.01it/s, loss=0.0320]
Epoch 3:  97%|#########.| 566/585 [00:09:17<00:00:18,  1.01it/s, loss=0.0320]
Epoch 3:  98%|#########.| 571/585 [00:09:23<00:00:13,  1.01it/s, loss=0.0320]
Epoch 3:  98%|#########.| 576/585 [00:09:28<00:00:08,  1.01it/s, loss=0.0319]
Epoch 3:  99%|#########.| 581/585 [00:09:34<00:00:03,  1.01it/s, loss=0.0319]
Epoch 3: 100%|##########| 585/585 [00:09:38<00:00:00,  1.01it/s, loss=0.0319]
Test loss: 0.0311, Test rmsae: 10.34deg
{"event": "epoch_complete", "epoch": 3, "phase": 1, "lr": 0.0001, "batch_size": 1, "micro_batch_size": 1, "train_loss": 0.031916593328818806, "val_loss": 0.031120980624109507, "val_rmsae_deg": 10.336405038833618, "epoch_time_s": 579.2440448859998}
{"event": "checkpoint_saved", "tag": "best_rmsae", "epoch": 3, "path": "IFAN_Edge/outputs/stage3/ifan_stage3_full40_lc_reference_hw2_20260428_102726/checkpoints/best_rmsae.pt", "val_rmsae_deg": 10.336405038833618}
Epoch 4/40:
Epoch 4:   1%|..........| 5/585 [00:00:05<00:10:22,  0.93it/s, loss=0.0283]
Epoch 4:   2%|..........| 11/585 [00:00:11<00:09:44,  0.98it/s, loss=0.0295]
Epoch 4:   3%|..........| 17/585 [00:00:17<00:09:31,  0.99it/s, loss=0.0295]
Epoch 4:   4%|..........| 22/585 [00:00:22<00:09:26,  0.99it/s, loss=0.0283]
Epoch 4:   5%|..........| 28/585 [00:00:27<00:09:15,  1.00it/s, loss=0.0289]
Epoch 4:   6%|..........| 34/585 [00:00:33<00:09:02,  1.02it/s, loss=0.0283]
Epoch 4:   7%|..........| 40/585 [00:00:39<00:08:55,  1.02it/s, loss=0.0278]
Epoch 4:   8%|..........| 45/585 [00:00:44<00:08:54,  1.01it/s, loss=0.0283]
Epoch 4:   8%|..........| 49/585 [00:00:49<00:09:05,  0.98it/s, loss=0.0288]
Epoch 4:   9%|..........| 54/585 [00:00:55<00:09:01,  0.98it/s, loss=0.0286]
Epoch 4:  10%|#.........| 60/585 [00:01:01<00:08:56,  0.98it/s, loss=0.0291]
Epoch 4:  11%|#.........| 65/585 [00:01:06<00:08:51,  0.98it/s, loss=0.0292]
Epoch 4:  12%|#.........| 71/585 [00:01:12<00:08:43,  0.98it/s, loss=0.0287]
Epoch 4:  13%|#.........| 77/585 [00:01:18<00:08:35,  0.99it/s, loss=0.0286]
Epoch 4:  14%|#.........| 83/585 [00:01:24<00:08:29,  0.98it/s, loss=0.0291]
Epoch 4:  15%|#.........| 88/585 [00:01:29<00:08:26,  0.98it/s, loss=0.0292]
Epoch 4:  16%|#.........| 94/585 [00:01:35<00:08:17,  0.99it/s, loss=0.0289]
Epoch 4:  17%|#.........| 100/585 [00:01:40<00:08:09,  0.99it/s, loss=0.0288]
Epoch 4:  18%|#.........| 105/585 [00:01:46<00:08:05,  0.99it/s, loss=0.0288]
Epoch 4:  19%|#.........| 111/585 [00:01:51<00:07:57,  0.99it/s, loss=0.0289]
Epoch 4:  20%|#.........| 116/585 [00:01:56<00:07:52,  0.99it/s, loss=0.0290]
Epoch 4:  21%|##........| 121/585 [00:02:02<00:07:48,  0.99it/s, loss=0.0291]
Epoch 4:  22%|##........| 126/585 [00:02:07<00:07:43,  0.99it/s, loss=0.0291]
Epoch 4:  23%|##........| 132/585 [00:02:13<00:07:37,  0.99it/s, loss=0.0292]
Epoch 4:  23%|##........| 137/585 [00:02:18<00:07:32,  0.99it/s, loss=0.0292]
Epoch 4:  24%|##........| 143/585 [00:02:23<00:07:24,  0.99it/s, loss=0.0291]
Epoch 4:  25%|##........| 149/585 [00:02:29<00:07:18,  0.99it/s, loss=0.0291]
Epoch 4:  26%|##........| 154/585 [00:02:35<00:07:14,  0.99it/s, loss=0.0292]
Epoch 4:  27%|##........| 159/585 [00:02:40<00:07:10,  0.99it/s, loss=0.0293]
Epoch 4:  28%|##........| 165/585 [00:02:46<00:07:03,  0.99it/s, loss=0.0291]
Epoch 4:  29%|##........| 171/585 [00:02:51<00:06:55,  1.00it/s, loss=0.0291]
Epoch 4:  30%|###.......| 177/585 [00:02:57<00:06:48,  1.00it/s, loss=0.0291]
Epoch 4:  31%|###.......| 183/585 [00:03:03<00:06:42,  1.00it/s, loss=0.0291]
Epoch 4:  32%|###.......| 188/585 [00:03:08<00:06:37,  1.00it/s, loss=0.0292]
Epoch 4:  33%|###.......| 194/585 [00:03:14<00:06:31,  1.00it/s, loss=0.0291]
Epoch 4:  34%|###.......| 200/585 [00:03:19<00:06:23,  1.00it/s, loss=0.0290]
Epoch 4:  35%|###.......| 206/585 [00:03:24<00:06:16,  1.01it/s, loss=0.0289]
Epoch 4:  36%|###.......| 211/585 [00:03:30<00:06:12,  1.00it/s, loss=0.0290]
Epoch 4:  37%|###.......| 216/585 [00:03:36<00:06:09,  1.00it/s, loss=0.0289]
Epoch 4:  38%|###.......| 222/585 [00:03:41<00:06:02,  1.00it/s, loss=0.0288]
Epoch 4:  39%|###.......| 227/585 [00:03:46<00:05:57,  1.00it/s, loss=0.0288]
Epoch 4:  40%|###.......| 233/585 [00:03:52<00:05:51,  1.00it/s, loss=0.0289]
Epoch 4:  41%|####......| 239/585 [00:03:58<00:05:45,  1.00it/s, loss=0.0287]
Epoch 4:  42%|####......| 244/585 [00:04:04<00:05:41,  1.00it/s, loss=0.0288]
Epoch 4:  42%|####......| 248/585 [00:04:09<00:05:39,  0.99it/s, loss=0.0288]
Epoch 4:  43%|####......| 253/585 [00:04:15<00:05:34,  0.99it/s, loss=0.0288]
Epoch 4:  44%|####......| 259/585 [00:04:20<00:05:28,  0.99it/s, loss=0.0288]
Epoch 4:  45%|####......| 265/585 [00:04:26<00:05:21,  1.00it/s, loss=0.0287]
Epoch 4:  46%|####......| 269/585 [00:04:32<00:05:19,  0.99it/s, loss=0.0288]
Epoch 4:  47%|####......| 275/585 [00:04:37<00:05:12,  0.99it/s, loss=0.0288]
Epoch 4:  48%|####......| 280/585 [00:04:42<00:05:07,  0.99it/s, loss=0.0287]
Epoch 4:  49%|####......| 286/585 [00:04:48<00:05:01,  0.99it/s, loss=0.0288]
Epoch 4:  50%|####......| 292/585 [00:04:54<00:04:55,  0.99it/s, loss=0.0287]
Epoch 4:  51%|#####.....| 298/585 [00:04:59<00:04:48,  1.00it/s, loss=0.0287]
Epoch 4:  52%|#####.....| 304/585 [00:05:04<00:04:41,  1.00it/s, loss=0.0286]
Epoch 4:  53%|#####.....| 310/585 [00:05:10<00:04:35,  1.00it/s, loss=0.0286]
Epoch 4:  54%|#####.....| 316/585 [00:05:16<00:04:29,  1.00it/s, loss=0.0287]
Epoch 4:  55%|#####.....| 321/585 [00:05:21<00:04:24,  1.00it/s, loss=0.0287]
Epoch 4:  56%|#####.....| 326/585 [00:05:27<00:04:19,  1.00it/s, loss=0.0287]
Epoch 4:  57%|#####.....| 332/585 [00:05:33<00:04:13,  1.00it/s, loss=0.0287]
Epoch 4:  57%|#####.....| 336/585 [00:05:38<00:04:10,  0.99it/s, loss=0.0288]
Epoch 4:  58%|#####.....| 341/585 [00:05:43<00:04:05,  0.99it/s, loss=0.0288]
Epoch 4:  59%|#####.....| 346/585 [00:05:48<00:04:00,  0.99it/s, loss=0.0288]
Epoch 4:  60%|######....| 351/585 [00:05:54<00:03:56,  0.99it/s, loss=0.0288]
Epoch 4:  61%|######....| 357/585 [00:05:59<00:03:49,  0.99it/s, loss=0.0288]
Epoch 4:  62%|######....| 362/585 [00:06:05<00:03:45,  0.99it/s, loss=0.0288]
Epoch 4:  63%|######....| 368/585 [00:06:10<00:03:38,  0.99it/s, loss=0.0288]
Epoch 4:  64%|######....| 373/585 [00:06:15<00:03:33,  0.99it/s, loss=0.0289]
Epoch 4:  65%|######....| 379/585 [00:06:21<00:03:27,  0.99it/s, loss=0.0289]
Epoch 4:  66%|######....| 385/585 [00:06:26<00:03:20,  1.00it/s, loss=0.0289]
Epoch 4:  67%|######....| 391/585 [00:06:32<00:03:14,  1.00it/s, loss=0.0289]
Epoch 4:  68%|######....| 396/585 [00:06:37<00:03:09,  1.00it/s, loss=0.0290]
Epoch 4:  69%|######....| 402/585 [00:06:43<00:03:03,  1.00it/s, loss=0.0289]
Epoch 4:  70%|######....| 407/585 [00:06:48<00:02:58,  1.00it/s, loss=0.0289]
Epoch 4:  71%|#######...| 413/585 [00:06:54<00:02:52,  1.00it/s, loss=0.0288]
Epoch 4:  72%|#######...| 419/585 [00:06:59<00:02:46,  1.00it/s, loss=0.0288]
Epoch 4:  72%|#######...| 424/585 [00:07:04<00:02:41,  1.00it/s, loss=0.0288]
Epoch 4:  74%|#######...| 430/585 [00:07:10<00:02:35,  1.00it/s, loss=0.0288]
Epoch 4:  75%|#######...| 436/585 [00:07:16<00:02:29,  1.00it/s, loss=0.0288]
Epoch 4:  76%|#######...| 442/585 [00:07:22<00:02:23,  1.00it/s, loss=0.0288]
Epoch 4:  76%|#######...| 447/585 [00:07:27<00:02:18,  1.00it/s, loss=0.0287]
Epoch 4:  77%|#######...| 452/585 [00:07:33<00:02:13,  1.00it/s, loss=0.0287]
Epoch 4:  78%|#######...| 457/585 [00:07:38<00:02:08,  1.00it/s, loss=0.0287]
Epoch 4:  79%|#######...| 463/585 [00:07:44<00:02:02,  1.00it/s, loss=0.0287]
Epoch 4:  80%|########..| 468/585 [00:07:49<00:01:57,  1.00it/s, loss=0.0287]
Epoch 4:  81%|########..| 474/585 [00:07:55<00:01:51,  1.00it/s, loss=0.0287]
Epoch 4:  82%|########..| 479/585 [00:08:01<00:01:46,  1.00it/s, loss=0.0287]
Epoch 4:  83%|########..| 485/585 [00:08:06<00:01:40,  1.00it/s, loss=0.0287]
Epoch 4:  84%|########..| 490/585 [00:08:11<00:01:35,  1.00it/s, loss=0.0287]
Epoch 4:  85%|########..| 496/585 [00:08:17<00:01:29,  1.00it/s, loss=0.0287]
Epoch 4:  86%|########..| 503/585 [00:08:23<00:01:22,  1.00it/s, loss=0.0286]
Epoch 4:  87%|########..| 508/585 [00:08:28<00:01:17,  1.00it/s, loss=0.0287]
Epoch 4:  88%|########..| 514/585 [00:08:33<00:01:10,  1.00it/s, loss=0.0287]
Epoch 4:  89%|########..| 518/585 [00:08:39<00:01:07,  1.00it/s, loss=0.0287]
Epoch 4:  90%|########..| 524/585 [00:08:44<00:01:01,  1.00it/s, loss=0.0287]
Epoch 4:  91%|#########.| 530/585 [00:08:50<00:00:55,  1.00it/s, loss=0.0287]
Epoch 4:  92%|#########.| 536/585 [00:08:55<00:00:48,  1.00it/s, loss=0.0286]
Epoch 4:  92%|#########.| 541/585 [00:09:01<00:00:44,  1.00it/s, loss=0.0287]
Epoch 4:  93%|#########.| 546/585 [00:09:06<00:00:39,  1.00it/s, loss=0.0288]
Epoch 4:  94%|#########.| 552/585 [00:09:12<00:00:33,  1.00it/s, loss=0.0288]
Epoch 4:  95%|#########.| 558/585 [00:09:18<00:00:27,  1.00it/s, loss=0.0290]
Epoch 4:  96%|#########.| 563/585 [00:09:23<00:00:22,  1.00it/s, loss=0.0290]
Epoch 4:  97%|#########.| 569/585 [00:09:29<00:00:16,  1.00it/s, loss=0.0291]
Epoch 4:  98%|#########.| 574/585 [00:09:34<00:00:11,  1.00it/s, loss=0.0291]
Epoch 4:  99%|#########.| 579/585 [00:09:39<00:00:06,  1.00it/s, loss=0.0291]
Epoch 4: 100%|##########| 585/585 [00:09:45<00:00:00,  1.00it/s, loss=0.0291]
Test loss: 0.0296, Test rmsae: 9.97deg
{"event": "epoch_complete", "epoch": 4, "phase": 1, "lr": 0.0001, "batch_size": 1, "micro_batch_size": 1, "train_loss": 0.02905722470460539, "val_loss": 0.029635508777573705, "val_rmsae_deg": 9.9737538844347, "epoch_time_s": 586.61910549202}
{"event": "checkpoint_saved", "tag": "best_rmsae", "epoch": 4, "path": "IFAN_Edge/outputs/stage3/ifan_stage3_full40_lc_reference_hw2_20260428_102726/checkpoints/best_rmsae.pt", "val_rmsae_deg": 9.9737538844347}
Epoch 5/40:
Epoch 5:   1%|..........| 5/585 [00:00:05<00:11:16,  0.86it/s, loss=0.0263]
Epoch 5:   2%|..........| 10/585 [00:00:11<00:10:49,  0.89it/s, loss=0.0270]
Epoch 5:   3%|..........| 15/585 [00:00:16<00:10:30,  0.90it/s, loss=0.0299]
Epoch 5:   4%|..........| 21/585 [00:00:22<00:10:00,  0.94it/s, loss=0.0300]
Epoch 5:   5%|..........| 27/585 [00:00:28<00:09:42,  0.96it/s, loss=0.0297]
Epoch 5:   5%|..........| 32/585 [00:00:33<00:09:35,  0.96it/s, loss=0.0299]
Epoch 5:   6%|..........| 37/585 [00:00:38<00:09:32,  0.96it/s, loss=0.0321]
Epoch 5:   7%|..........| 43/585 [00:00:43<00:09:13,  0.98it/s, loss=0.0314]
Epoch 5:   8%|..........| 48/585 [00:00:49<00:09:10,  0.98it/s, loss=0.0313]
Epoch 5:   9%|..........| 54/585 [00:00:54<00:08:57,  0.99it/s, loss=0.0309]
Epoch 5:  10%|#.........| 59/585 [00:01:00<00:09:03,  0.97it/s, loss=0.0313]
Epoch 5:  11%|#.........| 65/585 [00:01:06<00:08:52,  0.98it/s, loss=0.0310]
Epoch 5:  12%|#.........| 70/585 [00:01:11<00:08:46,  0.98it/s, loss=0.0314]
Epoch 5:  13%|#.........| 76/585 [00:01:17<00:08:38,  0.98it/s, loss=0.0309]
Epoch 5:  14%|#.........| 81/585 [00:01:22<00:08:33,  0.98it/s, loss=0.0308]
Epoch 5:  15%|#.........| 87/585 [00:01:27<00:08:22,  0.99it/s, loss=0.0305]
Epoch 5:  16%|#.........| 93/585 [00:01:33<00:08:15,  0.99it/s, loss=0.0303]
Epoch 5:  17%|#.........| 99/585 [00:01:39<00:08:07,  1.00it/s, loss=0.0300]
Epoch 5:  18%|#.........| 104/585 [00:01:45<00:08:07,  0.99it/s, loss=0.0303]
Epoch 5:  19%|#.........| 109/585 [00:01:50<00:08:03,  0.99it/s, loss=0.0301]
Epoch 5:  20%|#.........| 115/585 [00:01:56<00:07:55,  0.99it/s, loss=0.0299]
Epoch 5:  21%|##........| 121/585 [00:02:02<00:07:47,  0.99it/s, loss=0.0297]
Epoch 5:  22%|##........| 127/585 [00:02:07<00:07:40,  1.00it/s, loss=0.0295]
Epoch 5:  23%|##........| 133/585 [00:02:13<00:07:34,  1.00it/s, loss=0.0294]
Epoch 5:  24%|##........| 138/585 [00:02:18<00:07:30,  0.99it/s, loss=0.0296]
Epoch 5:  24%|##........| 143/585 [00:02:24<00:07:26,  0.99it/s, loss=0.0295]
Epoch 5:  25%|##........| 149/585 [00:02:29<00:07:18,  0.99it/s, loss=0.0294]
Epoch 5:  26%|##........| 153/585 [00:02:35<00:07:17,  0.99it/s, loss=0.0296]
Epoch 5:  27%|##........| 159/585 [00:02:41<00:07:11,  0.99it/s, loss=0.0293]
Epoch 5:  28%|##........| 164/585 [00:02:46<00:07:06,  0.99it/s, loss=0.0293]
Epoch 5:  29%|##........| 170/585 [00:02:51<00:06:59,  0.99it/s, loss=0.0292]
Epoch 5:  30%|##........| 175/585 [00:02:56<00:06:53,  0.99it/s, loss=0.0296]
Epoch 5:  31%|###.......| 181/585 [00:03:02<00:06:46,  0.99it/s, loss=0.0295]
Epoch 5:  32%|###.......| 187/585 [00:03:07<00:06:39,  1.00it/s, loss=0.0295]
Epoch 5:  33%|###.......| 192/585 [00:03:13<00:06:35,  0.99it/s, loss=0.0295]
Epoch 5:  34%|###.......| 198/585 [00:03:18<00:06:27,  1.00it/s, loss=0.0294]
Epoch 5:  35%|###.......| 203/585 [00:03:24<00:06:24,  0.99it/s, loss=0.0295]
Epoch 5:  36%|###.......| 209/585 [00:03:29<00:06:17,  1.00it/s, loss=0.0294]
Epoch 5:  37%|###.......| 214/585 [00:03:35<00:06:12,  1.00it/s, loss=0.0295]
Epoch 5:  38%|###.......| 220/585 [00:03:40<00:06:06,  1.00it/s, loss=0.0294]
Epoch 5:  38%|###.......| 225/585 [00:03:46<00:06:02,  0.99it/s, loss=0.0295]
Epoch 5:  39%|###.......| 230/585 [00:03:51<00:05:57,  0.99it/s, loss=0.0295]
Epoch 5:  40%|####......| 235/585 [00:03:57<00:05:53,  0.99it/s, loss=0.0295]
Epoch 5:  41%|####......| 241/585 [00:04:02<00:05:46,  0.99it/s, loss=0.0295]
Epoch 5:  42%|####......| 247/585 [00:04:08<00:05:39,  1.00it/s, loss=0.0294]
Epoch 5:  43%|####......| 253/585 [00:04:13<00:05:33,  1.00it/s, loss=0.0294]
Epoch 5:  44%|####......| 259/585 [00:04:19<00:05:26,  1.00it/s, loss=0.0294]
Epoch 5:  45%|####......| 264/585 [00:04:24<00:05:21,  1.00it/s, loss=0.0294]
Epoch 5:  46%|####......| 270/585 [00:04:31<00:05:16,  1.00it/s, loss=0.0295]
Epoch 5:  47%|####......| 276/585 [00:04:36<00:05:09,  1.00it/s, loss=0.0295]
Epoch 5:  48%|####......| 282/585 [00:04:42<00:05:03,  1.00it/s, loss=0.0295]
Epoch 5:  49%|####......| 288/585 [00:04:47<00:04:56,  1.00it/s, loss=0.0295]
Epoch 5:  50%|#####.....| 294/585 [00:04:53<00:04:50,  1.00it/s, loss=0.0294]
Epoch 5:  51%|#####.....| 299/585 [00:04:59<00:04:46,  1.00it/s, loss=0.0294]
Epoch 5:  52%|#####.....| 305/585 [00:05:04<00:04:39,  1.00it/s, loss=0.0294]
Epoch 5:  53%|#####.....| 310/585 [00:05:09<00:04:34,  1.00it/s, loss=0.0293]
Epoch 5:  54%|#####.....| 316/585 [00:05:15<00:04:28,  1.00it/s, loss=0.0293]
Epoch 5:  55%|#####.....| 322/585 [00:05:21<00:04:22,  1.00it/s, loss=0.0293]
Epoch 5:  56%|#####.....| 328/585 [00:05:26<00:04:15,  1.00it/s, loss=0.0292]
Epoch 5:  57%|#####.....| 333/585 [00:05:31<00:04:11,  1.00it/s, loss=0.0292]
Epoch 5:  58%|#####.....| 339/585 [00:05:38<00:04:05,  1.00it/s, loss=0.0292]
Epoch 5:  59%|#####.....| 344/585 [00:05:44<00:04:01,  1.00it/s, loss=0.0293]
Epoch 5:  60%|#####.....| 349/585 [00:05:49<00:03:56,  1.00it/s, loss=0.0293]
Epoch 5:  61%|######....| 354/585 [00:05:54<00:03:51,  1.00it/s, loss=0.0293]
Epoch 5:  62%|######....| 360/585 [00:05:59<00:03:44,  1.00it/s, loss=0.0293]
Epoch 5:  63%|######....| 366/585 [00:06:05<00:03:38,  1.00it/s, loss=0.0292]
Epoch 5:  63%|######....| 371/585 [00:06:10<00:03:33,  1.00it/s, loss=0.0292]
Epoch 5:  64%|######....| 376/585 [00:06:15<00:03:28,  1.00it/s, loss=0.0291]
Epoch 5:  65%|######....| 381/585 [00:06:21<00:03:24,  1.00it/s, loss=0.0291]
Epoch 5:  66%|######....| 387/585 [00:06:26<00:03:17,  1.00it/s, loss=0.0290]
Epoch 5:  67%|######....| 392/585 [00:06:31<00:03:12,  1.00it/s, loss=0.0290]
Epoch 5:  68%|######....| 398/585 [00:06:37<00:03:06,  1.00it/s, loss=0.0290]
Epoch 5:  69%|######....| 403/585 [00:06:42<00:03:01,  1.00it/s, loss=0.0290]
Epoch 5:  70%|######....| 408/585 [00:06:48<00:02:57,  1.00it/s, loss=0.0290]
Epoch 5:  71%|#######...| 414/585 [00:06:54<00:02:51,  1.00it/s, loss=0.0289]
Epoch 5:  72%|#######...| 419/585 [00:07:00<00:02:46,  1.00it/s, loss=0.0289]
Epoch 5:  72%|#######...| 424/585 [00:07:05<00:02:41,  1.00it/s, loss=0.0289]
Epoch 5:  73%|#######...| 429/585 [00:07:11<00:02:36,  0.99it/s, loss=0.0290]
Epoch 5:  74%|#######...| 435/585 [00:07:16<00:02:30,  1.00it/s, loss=0.0289]
Epoch 5:  75%|#######...| 440/585 [00:07:22<00:02:25,  0.99it/s, loss=0.0289]
Epoch 5:  76%|#######...| 446/585 [00:07:28<00:02:19,  0.99it/s, loss=0.0288]
Epoch 5:  77%|#######...| 451/585 [00:07:33<00:02:14,  0.99it/s, loss=0.0288]
Epoch 5:  78%|#######...| 457/585 [00:07:39<00:02:08,  0.99it/s, loss=0.0288]
Epoch 5:  79%|#######...| 463/585 [00:07:45<00:02:02,  1.00it/s, loss=0.0287]
Epoch 5:  80%|#######...| 467/585 [00:07:50<00:01:58,  0.99it/s, loss=0.0287]
Epoch 5:  81%|########..| 472/585 [00:07:55<00:01:53,  0.99it/s, loss=0.0287]
Epoch 5:  82%|########..| 478/585 [00:08:01<00:01:47,  0.99it/s, loss=0.0288]
Epoch 5:  83%|########..| 484/585 [00:08:07<00:01:41,  0.99it/s, loss=0.0288]
Epoch 5:  84%|########..| 490/585 [00:08:13<00:01:35,  0.99it/s, loss=0.0288]
Epoch 5:  85%|########..| 495/585 [00:08:18<00:01:30,  0.99it/s, loss=0.0287]
Epoch 5:  85%|########..| 500/585 [00:08:23<00:01:25,  0.99it/s, loss=0.0287]
Epoch 5:  86%|########..| 506/585 [00:08:29<00:01:19,  0.99it/s, loss=0.0287]
Epoch 5:  88%|########..| 512/585 [00:08:35<00:01:13,  0.99it/s, loss=0.0287]
Epoch 5:  88%|########..| 517/585 [00:08:41<00:01:08,  0.99it/s, loss=0.0287]
Epoch 5:  89%|########..| 522/585 [00:08:46<00:01:03,  0.99it/s, loss=0.0288]
Epoch 5:  90%|#########.| 528/585 [00:08:52<00:00:57,  0.99it/s, loss=0.0288]
Epoch 5:  91%|#########.| 534/585 [00:08:58<00:00:51,  0.99it/s, loss=0.0288]
Epoch 5:  92%|#########.| 539/585 [00:09:03<00:00:46,  0.99it/s, loss=0.0288]
Epoch 5:  93%|#########.| 545/585 [00:09:09<00:00:40,  0.99it/s, loss=0.0288]
Epoch 5:  94%|#########.| 551/585 [00:09:14<00:00:34,  0.99it/s, loss=0.0288]
Epoch 5:  95%|#########.| 557/585 [00:09:20<00:00:28,  0.99it/s, loss=0.0288]
Epoch 5:  96%|#########.| 563/585 [00:09:25<00:00:22,  1.00it/s, loss=0.0288]
Epoch 5:  97%|#########.| 569/585 [00:09:31<00:00:16,  1.00it/s, loss=0.0288]
Epoch 5:  98%|#########.| 574/585 [00:09:36<00:00:11,  1.00it/s, loss=0.0287]
Epoch 5:  99%|#########.| 578/585 [00:09:41<00:00:07,  0.99it/s, loss=0.0288]
Epoch 5: 100%|#########.| 583/585 [00:09:47<00:00:02,  0.99it/s, loss=0.0288]
Epoch 5: 100%|##########| 585/585 [00:09:48<00:00:00,  0.99it/s, loss=0.0288]
Test loss: 0.0287, Test rmsae: 9.72deg
{"event": "epoch_complete", "epoch": 5, "phase": 1, "lr": 0.0001, "batch_size": 1, "micro_batch_size": 1, "train_loss": 0.028828600642836502, "val_loss": 0.028655509639065713, "val_rmsae_deg": 9.724359899759293, "epoch_time_s": 589.7369612840121}
{"event": "checkpoint_saved", "tag": "best_rmsae", "epoch": 5, "path": "IFAN_Edge/outputs/stage3/ifan_stage3_full40_lc_reference_hw2_20260428_102726/checkpoints/best_rmsae.pt", "val_rmsae_deg": 9.724359899759293}
Epoch 6/40:
Epoch 6:   1%|..........| 6/585 [00:00:05<00:08:54,  1.08it/s, loss=0.0274]
Epoch 6:   2%|..........| 12/585 [00:00:11<00:08:55,  1.07it/s, loss=0.0267]
Epoch 6:   3%|..........| 18/585 [00:00:16<00:08:45,  1.08it/s, loss=0.0267]
Epoch 6:   4%|..........| 23/585 [00:00:21<00:08:54,  1.05it/s, loss=0.0270]
Epoch 6:   5%|..........| 29/585 [00:00:27<00:08:38,  1.07it/s, loss=0.0269]
Epoch 6:   6%|..........| 34/585 [00:00:32<00:08:49,  1.04it/s, loss=0.0275]
Epoch 6:   7%|..........| 39/585 [00:00:37<00:08:48,  1.03it/s, loss=0.0271]
Epoch 6:   8%|..........| 45/585 [00:00:43<00:08:38,  1.04it/s, loss=0.0266]
Epoch 6:   9%|..........| 51/585 [00:00:48<00:08:29,  1.05it/s, loss=0.0269]
Epoch 6:  10%|..........| 57/585 [00:00:54<00:08:24,  1.05it/s, loss=0.0268]
Epoch 6:  11%|#.........| 63/585 [00:00:59<00:08:15,  1.05it/s, loss=0.0265]
Epoch 6:  12%|#.........| 68/585 [00:01:05<00:08:15,  1.04it/s, loss=0.0267]
Epoch 6:  13%|#.........| 74/585 [00:01:10<00:08:07,  1.05it/s, loss=0.0270]
Epoch 6:  14%|#.........| 79/585 [00:01:15<00:08:04,  1.04it/s, loss=0.0267]
Epoch 6:  14%|#.........| 84/585 [00:01:20<00:08:01,  1.04it/s, loss=0.0265]
Epoch 6:  15%|#.........| 90/585 [00:01:26<00:07:56,  1.04it/s, loss=0.0262]
Epoch 6:  16%|#.........| 95/585 [00:01:32<00:07:54,  1.03it/s, loss=0.0263]
Epoch 6:  17%|#.........| 101/585 [00:01:37<00:07:48,  1.03it/s, loss=0.0263]
Epoch 6:  18%|#.........| 107/585 [00:01:43<00:07:42,  1.03it/s, loss=0.0264]
Epoch 6:  19%|#.........| 113/585 [00:01:48<00:07:33,  1.04it/s, loss=0.0263]
Epoch 6:  20%|##........| 118/585 [00:01:54<00:07:32,  1.03it/s, loss=0.0263]
Epoch 6:  21%|##........| 124/585 [00:01:59<00:07:25,  1.03it/s, loss=0.0264]
Epoch 6:  22%|##........| 130/585 [00:02:05<00:07:20,  1.03it/s, loss=0.0263]
Epoch 6:  23%|##........| 136/585 [00:02:11<00:07:13,  1.04it/s, loss=0.0262]
Epoch 6:  24%|##........| 142/585 [00:02:16<00:07:07,  1.04it/s, loss=0.0262]
Epoch 6:  25%|##........| 148/585 [00:02:22<00:07:00,  1.04it/s, loss=0.0261]
Epoch 6:  26%|##........| 154/585 [00:02:27<00:06:53,  1.04it/s, loss=0.0260]
Epoch 6:  27%|##........| 159/585 [00:02:33<00:06:50,  1.04it/s, loss=0.0261]
Epoch 6:  28%|##........| 164/585 [00:02:38<00:06:47,  1.03it/s, loss=0.0263]
Epoch 6:  29%|##........| 170/585 [00:02:43<00:06:40,  1.04it/s, loss=0.0263]
Epoch 6:  30%|##........| 175/585 [00:02:49<00:06:35,  1.04it/s, loss=0.0262]
Epoch 6:  31%|###.......| 181/585 [00:02:55<00:06:31,  1.03it/s, loss=0.0262]
Epoch 6:  32%|###.......| 186/585 [00:03:01<00:06:28,  1.03it/s, loss=0.0262]
Epoch 6:  33%|###.......| 192/585 [00:03:06<00:06:22,  1.03it/s, loss=0.0262]
Epoch 6:  34%|###.......| 198/585 [00:03:12<00:06:15,  1.03it/s, loss=0.0262]
Epoch 6:  35%|###.......| 204/585 [00:03:17<00:06:09,  1.03it/s, loss=0.0262]
Epoch 6:  36%|###.......| 210/585 [00:03:23<00:06:03,  1.03it/s, loss=0.0262]
Epoch 6:  37%|###.......| 215/585 [00:03:28<00:05:59,  1.03it/s, loss=0.0264]
Epoch 6:  38%|###.......| 221/585 [00:03:34<00:05:52,  1.03it/s, loss=0.0264]
Epoch 6:  39%|###.......| 227/585 [00:03:40<00:05:47,  1.03it/s, loss=0.0263]
Epoch 6:  40%|###.......| 233/585 [00:03:45<00:05:40,  1.03it/s, loss=0.0264]
Epoch 6:  41%|####......| 239/585 [00:03:50<00:05:34,  1.03it/s, loss=0.0264]
Epoch 6:  42%|####......| 245/585 [00:03:56<00:05:27,  1.04it/s, loss=0.0264]
Epoch 6:  43%|####......| 251/585 [00:04:02<00:05:22,  1.04it/s, loss=0.0265]
Epoch 6:  44%|####......| 256/585 [00:04:07<00:05:18,  1.03it/s, loss=0.0265]
Epoch 6:  45%|####......| 262/585 [00:04:13<00:05:12,  1.03it/s, loss=0.0266]
Epoch 6:  46%|####......| 267/585 [00:04:18<00:05:08,  1.03it/s, loss=0.0266]
Epoch 6:  47%|####......| 273/585 [00:04:24<00:05:02,  1.03it/s, loss=0.0266]
Epoch 6:  48%|####......| 278/585 [00:04:29<00:04:57,  1.03it/s, loss=0.0266]
Epoch 6:  48%|####......| 283/585 [00:04:35<00:04:53,  1.03it/s, loss=0.0266]
Epoch 6:  49%|####......| 289/585 [00:04:40<00:04:47,  1.03it/s, loss=0.0265]
Epoch 6:  50%|#####.....| 294/585 [00:04:46<00:04:43,  1.03it/s, loss=0.0267]
Epoch 6:  51%|#####.....| 300/585 [00:04:52<00:04:37,  1.03it/s, loss=0.0267]
Epoch 6:  52%|#####.....| 306/585 [00:04:57<00:04:31,  1.03it/s, loss=0.0266]
Epoch 6:  53%|#####.....| 311/585 [00:05:03<00:04:27,  1.02it/s, loss=0.0270]
Epoch 6:  54%|#####.....| 316/585 [00:05:08<00:04:22,  1.02it/s, loss=0.0270]
Epoch 6:  55%|#####.....| 322/585 [00:05:14<00:04:16,  1.03it/s, loss=0.0270]
Epoch 6:  56%|#####.....| 328/585 [00:05:20<00:04:11,  1.02it/s, loss=0.0270]
Epoch 6:  57%|#####.....| 333/585 [00:05:25<00:04:06,  1.02it/s, loss=0.0270]
Epoch 6:  58%|#####.....| 337/585 [00:05:30<00:04:03,  1.02it/s, loss=0.0270]
Epoch 6:  59%|#####.....| 343/585 [00:05:36<00:03:57,  1.02it/s, loss=0.0270]
Epoch 6:  60%|#####.....| 349/585 [00:05:41<00:03:50,  1.02it/s, loss=0.0269]
Epoch 6:  61%|######....| 355/585 [00:05:47<00:03:44,  1.02it/s, loss=0.0270]
Epoch 6:  62%|######....| 360/585 [00:05:52<00:03:40,  1.02it/s, loss=0.0270]
Epoch 6:  62%|######....| 365/585 [00:05:57<00:03:35,  1.02it/s, loss=0.0271]
Epoch 6:  63%|######....| 370/585 [00:06:03<00:03:31,  1.02it/s, loss=0.0276]
Epoch 6:  64%|######....| 376/585 [00:06:09<00:03:25,  1.02it/s, loss=0.0276]
Epoch 6:  65%|######....| 380/585 [00:06:14<00:03:22,  1.01it/s, loss=0.0278]
Epoch 6:  66%|######....| 386/585 [00:06:20<00:03:16,  1.01it/s, loss=0.0278]
Epoch 6:  67%|######....| 391/585 [00:06:26<00:03:11,  1.01it/s, loss=0.0279]
Epoch 6:  68%|######....| 397/585 [00:06:32<00:03:05,  1.01it/s, loss=0.0279]
Epoch 6:  69%|######....| 403/585 [00:06:38<00:02:59,  1.01it/s, loss=0.0280]
Epoch 6:  70%|######....| 408/585 [00:06:43<00:02:54,  1.01it/s, loss=0.0280]
Epoch 6:  71%|#######...| 413/585 [00:06:48<00:02:50,  1.01it/s, loss=0.0281]
Epoch 6:  72%|#######...| 419/585 [00:06:54<00:02:44,  1.01it/s, loss=0.0281]
Epoch 6:  73%|#######...| 425/585 [00:06:59<00:02:37,  1.01it/s, loss=0.0281]
Epoch 6:  74%|#######...| 430/585 [00:07:04<00:02:33,  1.01it/s, loss=0.0280]
Epoch 6:  75%|#######...| 436/585 [00:07:10<00:02:27,  1.01it/s, loss=0.0280]
Epoch 6:  76%|#######...| 442/585 [00:07:16<00:02:21,  1.01it/s, loss=0.0280]
Epoch 6:  77%|#######...| 448/585 [00:07:22<00:02:15,  1.01it/s, loss=0.0280]
Epoch 6:  77%|#######...| 453/585 [00:07:27<00:02:10,  1.01it/s, loss=0.0279]
Epoch 6:  78%|#######...| 458/585 [00:07:32<00:02:05,  1.01it/s, loss=0.0280]
Epoch 6:  79%|#######...| 463/585 [00:07:37<00:02:00,  1.01it/s, loss=0.0280]
Epoch 6:  80%|########..| 469/585 [00:07:43<00:01:54,  1.01it/s, loss=0.0280]
Epoch 6:  81%|########..| 475/585 [00:07:49<00:01:48,  1.01it/s, loss=0.0280]
Epoch 6:  82%|########..| 481/585 [00:07:55<00:01:42,  1.01it/s, loss=0.0279]
Epoch 6:  83%|########..| 486/585 [00:08:00<00:01:37,  1.01it/s, loss=0.0280]
Epoch 6:  84%|########..| 492/585 [00:08:05<00:01:31,  1.01it/s, loss=0.0279]
Epoch 6:  85%|########..| 498/585 [00:08:11<00:01:25,  1.01it/s, loss=0.0279]
Epoch 6:  86%|########..| 504/585 [00:08:16<00:01:19,  1.01it/s, loss=0.0279]
Epoch 6:  87%|########..| 510/585 [00:08:22<00:01:13,  1.01it/s, loss=0.0279]
Epoch 6:  88%|########..| 516/585 [00:08:27<00:01:07,  1.02it/s, loss=0.0278]
Epoch 6:  89%|########..| 522/585 [00:08:33<00:01:02,  1.02it/s, loss=0.0278]
Epoch 6:  90%|#########.| 528/585 [00:08:39<00:00:56,  1.02it/s, loss=0.0278]
Epoch 6:  91%|#########.| 533/585 [00:08:44<00:00:51,  1.02it/s, loss=0.0278]
Epoch 6:  92%|#########.| 539/585 [00:08:50<00:00:45,  1.02it/s, loss=0.0278]
Epoch 6:  93%|#########.| 545/585 [00:08:55<00:00:39,  1.02it/s, loss=0.0277]
Epoch 6:  94%|#########.| 551/585 [00:09:01<00:00:33,  1.02it/s, loss=0.0277]
Epoch 6:  95%|#########.| 557/585 [00:09:06<00:00:27,  1.02it/s, loss=0.0277]
Epoch 6:  96%|#########.| 563/585 [00:09:12<00:00:21,  1.02it/s, loss=0.0276]
Epoch 6:  97%|#########.| 568/585 [00:09:17<00:00:16,  1.02it/s, loss=0.0276]
Epoch 6:  98%|#########.| 573/585 [00:09:22<00:00:11,  1.02it/s, loss=0.0275]
Epoch 6:  99%|#########.| 579/585 [00:09:28<00:00:05,  1.02it/s, loss=0.0275]
Epoch 6: 100%|#########.| 584/585 [00:09:33<00:00:00,  1.02it/s, loss=0.0275]
Epoch 6: 100%|##########| 585/585 [00:09:35<00:00:00,  1.02it/s, loss=0.0275]
Test loss: 0.0273, Test rmsae: 8.97deg
{"event": "epoch_complete", "epoch": 6, "phase": 1, "lr": 0.0001, "batch_size": 1, "micro_batch_size": 1, "train_loss": 0.02749202251752727, "val_loss": 0.027294179948512465, "val_rmsae_deg": 8.97010162472725, "epoch_time_s": 576.0412385379896}
{"event": "checkpoint_saved", "tag": "best_rmsae", "epoch": 6, "path": "IFAN_Edge/outputs/stage3/ifan_stage3_full40_lc_reference_hw2_20260428_102726/checkpoints/best_rmsae.pt", "val_rmsae_deg": 8.97010162472725}
Epoch 7/40:
Epoch 7:   1%|..........| 6/585 [00:00:05<00:09:01,  1.07it/s, loss=0.0251]
Epoch 7:   2%|..........| 11/585 [00:00:10<00:09:24,  1.02it/s, loss=0.0246]
Epoch 7:   3%|..........| 16/585 [00:00:16<00:09:31,  1.00it/s, loss=0.0235]
Epoch 7:   4%|..........| 22/585 [00:00:21<00:09:14,  1.01it/s, loss=0.0247]
Epoch 7:   5%|..........| 27/585 [00:00:26<00:09:14,  1.01it/s, loss=0.0250]
Epoch 7:   6%|..........| 33/585 [00:00:32<00:09:02,  1.02it/s, loss=0.0252]
Epoch 7:   7%|..........| 39/585 [00:00:37<00:08:50,  1.03it/s, loss=0.0253]
Epoch 7:   8%|..........| 45/585 [00:00:43<00:08:42,  1.03it/s, loss=0.0253]
Epoch 7:   9%|..........| 51/585 [00:00:49<00:08:33,  1.04it/s, loss=0.0257]
Epoch 7:  10%|..........| 57/585 [00:00:54<00:08:24,  1.05it/s, loss=0.0253]
Epoch 7:  11%|#.........| 62/585 [00:01:00<00:08:27,  1.03it/s, loss=0.0254]
Epoch 7:  12%|#.........| 68/585 [00:01:05<00:08:20,  1.03it/s, loss=0.0259]
Epoch 7:  13%|#.........| 74/585 [00:01:11<00:08:11,  1.04it/s, loss=0.0261]
Epoch 7:  14%|#.........| 79/585 [00:01:16<00:08:09,  1.03it/s, loss=0.0261]
Epoch 7:  14%|#.........| 84/585 [00:01:21<00:08:07,  1.03it/s, loss=0.0263]
Epoch 7:  15%|#.........| 89/585 [00:01:26<00:08:04,  1.02it/s, loss=0.0260]
Epoch 7:  16%|#.........| 94/585 [00:01:32<00:08:01,  1.02it/s, loss=0.0260]
Epoch 7:  17%|#.........| 100/585 [00:01:37<00:07:52,  1.03it/s, loss=0.0260]
Epoch 7:  18%|#.........| 106/585 [00:01:42<00:07:44,  1.03it/s, loss=0.0259]
Epoch 7:  19%|#.........| 111/585 [00:01:47<00:07:41,  1.03it/s, loss=0.0261]
Epoch 7:  20%|#.........| 116/585 [00:01:53<00:07:38,  1.02it/s, loss=0.0262]
Epoch 7:  21%|##........| 122/585 [00:01:59<00:07:32,  1.02it/s, loss=0.0262]
Epoch 7:  22%|##........| 127/585 [00:02:04<00:07:28,  1.02it/s, loss=0.0263]
Epoch 7:  23%|##........| 133/585 [00:02:09<00:07:21,  1.02it/s, loss=0.0265]
Epoch 7:  24%|##........| 138/585 [00:02:15<00:07:17,  1.02it/s, loss=0.0268]
Epoch 7:  25%|##........| 144/585 [00:02:21<00:07:12,  1.02it/s, loss=0.0268]
Epoch 7:  25%|##........| 149/585 [00:02:26<00:07:09,  1.02it/s, loss=0.0278]
Epoch 7:  26%|##........| 155/585 [00:02:31<00:07:01,  1.02it/s, loss=0.0279]
Epoch 7:  28%|##........| 161/585 [00:02:37<00:06:55,  1.02it/s, loss=0.0280]
Epoch 7:  29%|##........| 167/585 [00:02:42<00:06:47,  1.02it/s, loss=0.0279]
Epoch 7:  30%|##........| 173/585 [00:02:48<00:06:41,  1.03it/s, loss=0.0280]
Epoch 7:  31%|###.......| 179/585 [00:02:53<00:06:33,  1.03it/s, loss=0.0282]
Epoch 7:  32%|###.......| 185/585 [00:02:58<00:06:26,  1.03it/s, loss=0.0284]
Epoch 7:  33%|###.......| 191/585 [00:03:04<00:06:19,  1.04it/s, loss=0.0284]
Epoch 7:  34%|###.......| 197/585 [00:03:09<00:06:13,  1.04it/s, loss=0.0284]
Epoch 7:  35%|###.......| 203/585 [00:03:14<00:06:06,  1.04it/s, loss=0.0286]
Epoch 7:  36%|###.......| 209/585 [00:03:20<00:06:00,  1.04it/s, loss=0.0285]
Epoch 7:  37%|###.......| 214/585 [00:03:25<00:05:55,  1.04it/s, loss=0.0287]
Epoch 7:  37%|###.......| 219/585 [00:03:30<00:05:52,  1.04it/s, loss=0.0288]
Epoch 7:  38%|###.......| 225/585 [00:03:36<00:05:46,  1.04it/s, loss=0.0287]
Epoch 7:  39%|###.......| 230/585 [00:03:41<00:05:42,  1.04it/s, loss=0.0287]
Epoch 7:  40%|####......| 236/585 [00:03:47<00:05:36,  1.04it/s, loss=0.0286]
Epoch 7:  41%|####......| 241/585 [00:03:52<00:05:32,  1.04it/s, loss=0.0287]
Epoch 7:  42%|####......| 247/585 [00:03:58<00:05:26,  1.04it/s, loss=0.0288]
Epoch 7:  43%|####......| 252/585 [00:04:03<00:05:21,  1.04it/s, loss=0.0287]
Epoch 7:  44%|####......| 258/585 [00:04:08<00:05:15,  1.04it/s, loss=0.0286]
Epoch 7:  45%|####......| 264/585 [00:04:14<00:05:09,  1.04it/s, loss=0.0286]
Epoch 7:  46%|####......| 269/585 [00:04:19<00:05:05,  1.04it/s, loss=0.0286]
Epoch 7:  47%|####......| 274/585 [00:04:24<00:05:00,  1.04it/s, loss=0.0286]
Epoch 7:  48%|####......| 280/585 [00:04:29<00:04:54,  1.04it/s, loss=0.0285]
Epoch 7:  49%|####......| 286/585 [00:04:35<00:04:48,  1.04it/s, loss=0.0294]
Epoch 7:  50%|####......| 292/585 [00:04:41<00:04:42,  1.04it/s, loss=0.0293]
Epoch 7:  51%|#####.....| 298/585 [00:04:46<00:04:36,  1.04it/s, loss=0.0293]
Epoch 7:  52%|#####.....| 303/585 [00:04:51<00:04:31,  1.04it/s, loss=0.0292]
Epoch 7:  53%|#####.....| 309/585 [00:04:57<00:04:25,  1.04it/s, loss=0.0292]
Epoch 7:  54%|#####.....| 314/585 [00:05:02<00:04:21,  1.04it/s, loss=0.0291]
Epoch 7:  55%|#####.....| 320/585 [00:05:07<00:04:14,  1.04it/s, loss=0.0290]
Epoch 7:  56%|#####.....| 325/585 [00:05:13<00:04:10,  1.04it/s, loss=0.0290]
Epoch 7:  57%|#####.....| 331/585 [00:05:18<00:04:04,  1.04it/s, loss=0.0289]
Epoch 7:  58%|#####.....| 337/585 [00:05:24<00:03:58,  1.04it/s, loss=0.0290]
Epoch 7:  59%|#####.....| 343/585 [00:05:30<00:03:53,  1.04it/s, loss=0.0289]
Epoch 7:  60%|#####.....| 349/585 [00:05:35<00:03:47,  1.04it/s, loss=0.0289]
Epoch 7:  61%|######....| 355/585 [00:05:41<00:03:41,  1.04it/s, loss=0.0288]
Epoch 7:  62%|######....| 361/585 [00:05:46<00:03:35,  1.04it/s, loss=0.0288]
Epoch 7:  63%|######....| 367/585 [00:05:52<00:03:29,  1.04it/s, loss=0.0287]
Epoch 7:  64%|######....| 372/585 [00:05:57<00:03:24,  1.04it/s, loss=0.0287]
Epoch 7:  64%|######....| 377/585 [00:06:04<00:03:20,  1.04it/s, loss=0.0286]
Epoch 7:  65%|######....| 383/585 [00:06:10<00:03:15,  1.03it/s, loss=0.0285]
Epoch 7:  66%|######....| 389/585 [00:06:15<00:03:09,  1.04it/s, loss=0.0285]
Epoch 7:  68%|######....| 395/585 [00:06:21<00:03:03,  1.04it/s, loss=0.0284]
Epoch 7:  69%|######....| 401/585 [00:06:26<00:02:57,  1.04it/s, loss=0.0284]
Epoch 7:  69%|######....| 406/585 [00:06:32<00:02:53,  1.03it/s, loss=0.0285]
Epoch 7:  70%|#######...| 411/585 [00:06:38<00:02:48,  1.03it/s, loss=0.0285]
Epoch 7:  71%|#######...| 417/585 [00:06:44<00:02:42,  1.03it/s, loss=0.0284]
Epoch 7:  72%|#######...| 422/585 [00:06:50<00:02:38,  1.03it/s, loss=0.0284]
Epoch 7:  73%|#######...| 428/585 [00:06:55<00:02:32,  1.03it/s, loss=0.0283]
Epoch 7:  74%|#######...| 434/585 [00:07:01<00:02:26,  1.03it/s, loss=0.0283]
Epoch 7:  75%|#######...| 440/585 [00:07:07<00:02:20,  1.03it/s, loss=0.0282]
Epoch 7:  76%|#######...| 446/585 [00:07:13<00:02:15,  1.03it/s, loss=0.0281]
Epoch 7:  77%|#######...| 452/585 [00:07:18<00:02:09,  1.03it/s, loss=0.0281]
Epoch 7:  78%|#######...| 457/585 [00:07:24<00:02:04,  1.03it/s, loss=0.0281]
Epoch 7:  79%|#######...| 463/585 [00:07:29<00:01:58,  1.03it/s, loss=0.0280]
Epoch 7:  80%|########..| 469/585 [00:07:35<00:01:52,  1.03it/s, loss=0.0280]
Epoch 7:  81%|########..| 474/585 [00:07:40<00:01:47,  1.03it/s, loss=0.0280]
Epoch 7:  82%|########..| 479/585 [00:07:45<00:01:42,  1.03it/s, loss=0.0280]
Epoch 7:  83%|########..| 485/585 [00:07:50<00:01:37,  1.03it/s, loss=0.0280]
Epoch 7:  84%|########..| 491/585 [00:07:56<00:01:31,  1.03it/s, loss=0.0279]
Epoch 7:  85%|########..| 497/585 [00:08:02<00:01:25,  1.03it/s, loss=0.0279]
Epoch 7:  86%|########..| 503/585 [00:08:08<00:01:19,  1.03it/s, loss=0.0279]
Epoch 7:  87%|########..| 509/585 [00:08:14<00:01:13,  1.03it/s, loss=0.0279]
Epoch 7:  88%|########..| 515/585 [00:08:19<00:01:07,  1.03it/s, loss=0.0279]
Epoch 7:  89%|########..| 520/585 [00:08:25<00:01:03,  1.03it/s, loss=0.0278]
Epoch 7:  90%|########..| 525/585 [00:08:30<00:00:58,  1.03it/s, loss=0.0278]
Epoch 7:  91%|#########.| 531/585 [00:08:35<00:00:52,  1.03it/s, loss=0.0278]
Epoch 7:  92%|#########.| 537/585 [00:08:41<00:00:46,  1.03it/s, loss=0.0278]
Epoch 7:  93%|#########.| 542/585 [00:08:46<00:00:41,  1.03it/s, loss=0.0278]
Epoch 7:  94%|#########.| 547/585 [00:08:51<00:00:36,  1.03it/s, loss=0.0278]
Epoch 7:  94%|#########.| 552/585 [00:08:56<00:00:32,  1.03it/s, loss=0.0278]
Epoch 7:  95%|#########.| 557/585 [00:09:02<00:00:27,  1.03it/s, loss=0.0278]
Epoch 7:  96%|#########.| 563/585 [00:09:07<00:00:21,  1.03it/s, loss=0.0277]
Epoch 7:  97%|#########.| 569/585 [00:09:13<00:00:15,  1.03it/s, loss=0.0277]
Epoch 7:  98%|#########.| 574/585 [00:09:18<00:00:10,  1.03it/s, loss=0.0277]
Epoch 7:  99%|#########.| 580/585 [00:09:24<00:00:04,  1.03it/s, loss=0.0277]
Epoch 7: 100%|##########| 585/585 [00:09:28<00:00:00,  1.03it/s, loss=0.0277]
Test loss: 0.0268, Test rmsae: 8.50deg
{"event": "epoch_complete", "epoch": 7, "phase": 1, "lr": 0.0001, "batch_size": 1, "micro_batch_size": 1, "train_loss": 0.027651147089070745, "val_loss": 0.026752679841592908, "val_rmsae_deg": 8.502410501241684, "epoch_time_s": 569.4449998489872}
{"event": "checkpoint_saved", "tag": "best_rmsae", "epoch": 7, "path": "IFAN_Edge/outputs/stage3/ifan_stage3_full40_lc_reference_hw2_20260428_102726/checkpoints/best_rmsae.pt", "val_rmsae_deg": 8.502410501241684}
Epoch 8/40:
Epoch 8:   1%|..........| 6/585 [00:00:05<00:09:04,  1.06it/s, loss=0.0273]
Epoch 8:   2%|..........| 12/585 [00:00:12<00:09:40,  0.99it/s, loss=0.0273]
Epoch 8:   3%|..........| 17/585 [00:00:17<00:09:42,  0.97it/s, loss=0.0270]
Epoch 8:   4%|..........| 23/585 [00:00:22<00:09:21,  1.00it/s, loss=0.0271]
Epoch 8:   5%|..........| 29/585 [00:00:28<00:09:06,  1.02it/s, loss=0.0275]
Epoch 8:   6%|..........| 34/585 [00:00:33<00:09:04,  1.01it/s, loss=0.0274]
Epoch 8:   7%|..........| 40/585 [00:00:38<00:08:46,  1.03it/s, loss=0.0269]
Epoch 8:   8%|..........| 46/585 [00:00:43<00:08:31,  1.05it/s, loss=0.0266]
Epoch 8:   9%|..........| 51/585 [00:00:49<00:08:35,  1.03it/s, loss=0.0272]
Epoch 8:  10%|..........| 57/585 [00:00:54<00:08:23,  1.05it/s, loss=0.0272]
Epoch 8:  11%|#.........| 63/585 [00:01:00<00:08:17,  1.05it/s, loss=0.0271]
Epoch 8:  12%|#.........| 69/585 [00:01:05<00:08:10,  1.05it/s, loss=0.0270]
Epoch 8:  13%|#.........| 75/585 [00:01:11<00:08:04,  1.05it/s, loss=0.0269]
Epoch 8:  14%|#.........| 81/585 [00:01:16<00:07:57,  1.06it/s, loss=0.0268]
Epoch 8:  15%|#.........| 86/585 [00:01:22<00:07:57,  1.05it/s, loss=0.0268]
Epoch 8:  16%|#.........| 92/585 [00:01:27<00:07:49,  1.05it/s, loss=0.0267]
Epoch 8:  17%|#.........| 98/585 [00:01:33<00:07:43,  1.05it/s, loss=0.0270]
Epoch 8:  18%|#.........| 103/585 [00:01:38<00:07:42,  1.04it/s, loss=0.0269]
Epoch 8:  18%|#.........| 108/585 [00:01:44<00:07:41,  1.03it/s, loss=0.0269]
Epoch 8:  19%|#.........| 113/585 [00:01:49<00:07:37,  1.03it/s, loss=0.0268]
Epoch 8:  20%|##........| 119/585 [00:01:55<00:07:34,  1.03it/s, loss=0.0268]
Epoch 8:  21%|##........| 125/585 [00:02:01<00:07:28,  1.03it/s, loss=0.0268]
Epoch 8:  22%|##........| 131/585 [00:02:07<00:07:21,  1.03it/s, loss=0.0266]
Epoch 8:  23%|##........| 137/585 [00:02:12<00:07:13,  1.03it/s, loss=0.0265]
Epoch 8:  24%|##........| 142/585 [00:02:17<00:07:09,  1.03it/s, loss=0.0266]
Epoch 8:  25%|##........| 148/585 [00:02:23<00:07:04,  1.03it/s, loss=0.0266]
Epoch 8:  26%|##........| 154/585 [00:02:28<00:06:56,  1.03it/s, loss=0.0266]
Epoch 8:  27%|##........| 160/585 [00:02:34<00:06:49,  1.04it/s, loss=0.0265]
Epoch 8:  28%|##........| 166/585 [00:02:39<00:06:43,  1.04it/s, loss=0.0265]
Epoch 8:  29%|##........| 172/585 [00:02:45<00:06:37,  1.04it/s, loss=0.0265]
Epoch 8:  30%|###.......| 178/585 [00:02:51<00:06:31,  1.04it/s, loss=0.0264]
Epoch 8:  31%|###.......| 184/585 [00:02:56<00:06:24,  1.04it/s, loss=0.0263]
Epoch 8:  32%|###.......| 190/585 [00:03:02<00:06:19,  1.04it/s, loss=0.0262]
Epoch 8:  33%|###.......| 195/585 [00:03:08<00:06:16,  1.04it/s, loss=0.0262]
Epoch 8:  34%|###.......| 201/585 [00:03:13<00:06:10,  1.04it/s, loss=0.0261]
Epoch 8:  35%|###.......| 207/585 [00:03:19<00:06:03,  1.04it/s, loss=0.0260]
Epoch 8:  36%|###.......| 212/585 [00:03:24<00:05:59,  1.04it/s, loss=0.0261]
Epoch 8:  37%|###.......| 218/585 [00:03:29<00:05:53,  1.04it/s, loss=0.0262]
Epoch 8:  38%|###.......| 224/585 [00:03:35<00:05:47,  1.04it/s, loss=0.0264]
Epoch 8:  39%|###.......| 230/585 [00:03:42<00:05:42,  1.04it/s, loss=0.0263]
Epoch 8:  40%|####......| 236/585 [00:03:47<00:05:36,  1.04it/s, loss=0.0262]
Epoch 8:  41%|####......| 242/585 [00:03:53<00:05:30,  1.04it/s, loss=0.0262]
Epoch 8:  42%|####......| 248/585 [00:03:59<00:05:24,  1.04it/s, loss=0.0261]
Epoch 8:  43%|####......| 254/585 [00:04:04<00:05:18,  1.04it/s, loss=0.0261]
Epoch 8:  44%|####......| 260/585 [00:04:10<00:05:12,  1.04it/s, loss=0.0261]
Epoch 8:  45%|####......| 265/585 [00:04:15<00:05:09,  1.04it/s, loss=0.0261]
Epoch 8:  46%|####......| 271/585 [00:04:21<00:05:03,  1.04it/s, loss=0.0260]
Epoch 8:  47%|####......| 277/585 [00:04:26<00:04:56,  1.04it/s, loss=0.0260]
Epoch 8:  48%|####......| 283/585 [00:04:32<00:04:51,  1.04it/s, loss=0.0260]
Epoch 8:  49%|####......| 288/585 [00:04:38<00:04:47,  1.03it/s, loss=0.0260]
Epoch 8:  50%|#####.....| 293/585 [00:04:43<00:04:42,  1.03it/s, loss=0.0260]
Epoch 8:  51%|#####.....| 299/585 [00:04:49<00:04:36,  1.03it/s, loss=0.0260]
Epoch 8:  52%|#####.....| 305/585 [00:04:54<00:04:30,  1.04it/s, loss=0.0260]
Epoch 8:  53%|#####.....| 310/585 [00:04:59<00:04:25,  1.04it/s, loss=0.0259]
Epoch 8:  54%|#####.....| 315/585 [00:05:04<00:04:21,  1.03it/s, loss=0.0259]
Epoch 8:  55%|#####.....| 320/585 [00:05:09<00:04:16,  1.03it/s, loss=0.0259]
Epoch 8:  56%|#####.....| 326/585 [00:05:15<00:04:10,  1.03it/s, loss=0.0259]
Epoch 8:  57%|#####.....| 331/585 [00:05:21<00:04:06,  1.03it/s, loss=0.0259]
Epoch 8:  58%|#####.....| 337/585 [00:05:26<00:04:00,  1.03it/s, loss=0.0258]
Epoch 8:  59%|#####.....| 343/585 [00:05:33<00:03:54,  1.03it/s, loss=0.0258]
Epoch 8:  59%|#####.....| 348/585 [00:05:38<00:03:50,  1.03it/s, loss=0.0258]
Epoch 8:  61%|######....| 354/585 [00:05:43<00:03:44,  1.03it/s, loss=0.0259]
Epoch 8:  62%|######....| 360/585 [00:05:48<00:03:37,  1.03it/s, loss=0.0258]
Epoch 8:  62%|######....| 365/585 [00:05:53<00:03:33,  1.03it/s, loss=0.0258]
Epoch 8:  63%|######....| 371/585 [00:05:59<00:03:27,  1.03it/s, loss=0.0259]
Epoch 8:  64%|######....| 376/585 [00:06:04<00:03:22,  1.03it/s, loss=0.0259]
Epoch 8:  65%|######....| 382/585 [00:06:10<00:03:16,  1.03it/s, loss=0.0259]
Epoch 8:  66%|######....| 388/585 [00:06:16<00:03:11,  1.03it/s, loss=0.0259]
Epoch 8:  67%|######....| 393/585 [00:06:21<00:03:06,  1.03it/s, loss=0.0259]
Epoch 8:  68%|######....| 399/585 [00:06:28<00:03:00,  1.03it/s, loss=0.0260]
Epoch 8:  69%|######....| 405/585 [00:06:33<00:02:55,  1.03it/s, loss=0.0259]
Epoch 8:  70%|#######...| 410/585 [00:06:39<00:02:50,  1.03it/s, loss=0.0262]
Epoch 8:  71%|#######...| 416/585 [00:06:44<00:02:44,  1.03it/s, loss=0.0263]
Epoch 8:  72%|#######...| 422/585 [00:06:50<00:02:38,  1.03it/s, loss=0.0263]
Epoch 8:  73%|#######...| 427/585 [00:06:56<00:02:34,  1.03it/s, loss=0.0263]
Epoch 8:  74%|#######...| 431/585 [00:07:01<00:02:30,  1.02it/s, loss=0.0263]
Epoch 8:  75%|#######...| 436/585 [00:07:07<00:02:25,  1.02it/s, loss=0.0263]
Epoch 8:  76%|#######...| 442/585 [00:07:12<00:02:20,  1.02it/s, loss=0.0263]
Epoch 8:  77%|#######...| 448/585 [00:07:18<00:02:14,  1.02it/s, loss=0.0264]
Epoch 8:  77%|#######...| 453/585 [00:07:23<00:02:09,  1.02it/s, loss=0.0264]
Epoch 8:  78%|#######...| 459/585 [00:07:29<00:02:03,  1.02it/s, loss=0.0264]
Epoch 8:  79%|#######...| 465/585 [00:07:34<00:01:57,  1.02it/s, loss=0.0264]
Epoch 8:  80%|########..| 470/585 [00:07:39<00:01:52,  1.02it/s, loss=0.0263]
Epoch 8:  81%|########..| 475/585 [00:07:45<00:01:47,  1.02it/s, loss=0.0264]
Epoch 8:  82%|########..| 481/585 [00:07:51<00:01:41,  1.02it/s, loss=0.0264]
Epoch 8:  83%|########..| 487/585 [00:07:56<00:01:35,  1.02it/s, loss=0.0264]
Epoch 8:  84%|########..| 492/585 [00:08:01<00:01:31,  1.02it/s, loss=0.0266]
Epoch 8:  85%|########..| 498/585 [00:08:07<00:01:25,  1.02it/s, loss=0.0266]
Epoch 8:  86%|########..| 503/585 [00:08:12<00:01:20,  1.02it/s, loss=0.0266]
Epoch 8:  87%|########..| 509/585 [00:08:18<00:01:14,  1.02it/s, loss=0.0266]
Epoch 8:  88%|########..| 515/585 [00:08:23<00:01:08,  1.02it/s, loss=0.0266]
Epoch 8:  89%|########..| 520/585 [00:08:28<00:01:03,  1.02it/s, loss=0.0266]
Epoch 8:  90%|########..| 525/585 [00:08:34<00:00:58,  1.02it/s, loss=0.0266]
Epoch 8:  91%|#########.| 530/585 [00:08:39<00:00:53,  1.02it/s, loss=0.0266]
Epoch 8:  91%|#########.| 535/585 [00:08:44<00:00:49,  1.02it/s, loss=0.0266]
Epoch 8:  92%|#########.| 540/585 [00:08:50<00:00:44,  1.02it/s, loss=0.0266]
Epoch 8:  93%|#########.| 546/585 [00:08:56<00:00:38,  1.02it/s, loss=0.0266]
Epoch 8:  94%|#########.| 552/585 [00:09:02<00:00:32,  1.02it/s, loss=0.0265]
Epoch 8:  95%|#########.| 558/585 [00:09:07<00:00:26,  1.02it/s, loss=0.0265]
Epoch 8:  96%|#########.| 563/585 [00:09:12<00:00:21,  1.02it/s, loss=0.0265]
Epoch 8:  97%|#########.| 568/585 [00:09:18<00:00:16,  1.02it/s, loss=0.0266]
Epoch 8:  98%|#########.| 573/585 [00:09:23<00:00:11,  1.02it/s, loss=0.0266]
Epoch 8:  99%|#########.| 578/585 [00:09:28<00:00:06,  1.02it/s, loss=0.0266]
Epoch 8: 100%|#########.| 583/585 [00:09:33<00:00:01,  1.02it/s, loss=0.0266]
Epoch 8: 100%|##########| 585/585 [00:09:36<00:00:00,  1.02it/s, loss=0.0266]
Test loss: 0.0261, Test rmsae: 8.71deg
{"event": "epoch_complete", "epoch": 8, "phase": 1, "lr": 0.0001, "batch_size": 1, "micro_batch_size": 1, "train_loss": 0.026559754187225275, "val_loss": 0.02613680879585445, "val_rmsae_deg": 8.714491739869118, "epoch_time_s": 576.8261282650055}
Epoch 9/40:
Epoch 9:   1%|..........| 6/585 [00:00:05<00:09:08,  1.05it/s, loss=0.0270]
Epoch 9:   2%|..........| 12/585 [00:00:10<00:08:41,  1.10it/s, loss=0.0257]
Epoch 9:   3%|..........| 16/585 [00:00:16<00:09:48,  0.97it/s, loss=0.0270]
Epoch 9:   4%|..........| 21/585 [00:00:21<00:09:42,  0.97it/s, loss=0.0269]
Epoch 9:   4%|..........| 26/585 [00:00:26<00:09:34,  0.97it/s, loss=0.0260]
Epoch 9:   5%|..........| 31/585 [00:00:32<00:09:35,  0.96it/s, loss=0.0261]
Epoch 9:   6%|..........| 37/585 [00:00:37<00:09:19,  0.98it/s, loss=0.0257]
Epoch 9:   7%|..........| 43/585 [00:00:43<00:09:06,  0.99it/s, loss=0.0259]
Epoch 9:   8%|..........| 49/585 [00:00:50<00:09:14,  0.97it/s, loss=0.0258]
Epoch 9:   9%|..........| 55/585 [00:00:56<00:09:04,  0.97it/s, loss=0.0258]
Epoch 9:  10%|#.........| 61/585 [00:01:02<00:08:55,  0.98it/s, loss=0.0255]
Epoch 9:  11%|#.........| 67/585 [00:01:07<00:08:45,  0.99it/s, loss=0.0255]
Epoch 9:  12%|#.........| 72/585 [00:01:13<00:08:40,  0.99it/s, loss=0.0255]
Epoch 9:  13%|#.........| 78/585 [00:01:18<00:08:30,  0.99it/s, loss=0.0253]
Epoch 9:  14%|#.........| 84/585 [00:01:24<00:08:22,  1.00it/s, loss=0.0254]
Epoch 9:  15%|#.........| 90/585 [00:01:29<00:08:14,  1.00it/s, loss=0.0255]
Epoch 9:  16%|#.........| 96/585 [00:01:35<00:08:04,  1.01it/s, loss=0.0252]
Epoch 9:  17%|#.........| 101/585 [00:01:40<00:08:00,  1.01it/s, loss=0.0253]
Epoch 9:  18%|#.........| 106/585 [00:01:45<00:07:56,  1.01it/s, loss=0.0253]
Epoch 9:  19%|#.........| 112/585 [00:01:51<00:07:49,  1.01it/s, loss=0.0253]
Epoch 9:  20%|##........| 118/585 [00:01:56<00:07:41,  1.01it/s, loss=0.0254]
Epoch 9:  21%|##........| 124/585 [00:02:02<00:07:34,  1.01it/s, loss=0.0253]
Epoch 9:  22%|##........| 130/585 [00:02:07<00:07:27,  1.02it/s, loss=0.0251]
Epoch 9:  23%|##........| 135/585 [00:02:13<00:07:23,  1.01it/s, loss=0.0250]
Epoch 9:  24%|##........| 141/585 [00:02:18<00:07:16,  1.02it/s, loss=0.0250]
Epoch 9:  25%|##........| 147/585 [00:02:23<00:07:08,  1.02it/s, loss=0.0249]
Epoch 9:  26%|##........| 153/585 [00:02:29<00:07:02,  1.02it/s, loss=0.0247]
Epoch 9:  27%|##........| 159/585 [00:02:35<00:06:56,  1.02it/s, loss=0.0250]
Epoch 9:  28%|##........| 165/585 [00:02:41<00:06:50,  1.02it/s, loss=0.0250]
Epoch 9:  29%|##........| 168/585 [00:02:46<00:06:52,  1.01it/s, loss=0.0255]
Epoch 9:  30%|##........| 174/585 [00:02:51<00:06:45,  1.01it/s, loss=0.0255]
Epoch 9:  31%|###.......| 180/585 [00:02:57<00:06:39,  1.01it/s, loss=0.0255]
Epoch 9:  32%|###.......| 186/585 [00:03:02<00:06:31,  1.02it/s, loss=0.0254]
Epoch 9:  33%|###.......| 192/585 [00:03:08<00:06:25,  1.02it/s, loss=0.0254]
Epoch 9:  34%|###.......| 197/585 [00:03:13<00:06:21,  1.02it/s, loss=0.0253]
Epoch 9:  35%|###.......| 203/585 [00:03:19<00:06:14,  1.02it/s, loss=0.0253]
Epoch 9:  36%|###.......| 208/585 [00:03:24<00:06:10,  1.02it/s, loss=0.0255]
Epoch 9:  37%|###.......| 214/585 [00:03:30<00:06:04,  1.02it/s, loss=0.0254]
Epoch 9:  38%|###.......| 220/585 [00:03:36<00:05:58,  1.02it/s, loss=0.0254]
Epoch 9:  39%|###.......| 226/585 [00:03:42<00:05:52,  1.02it/s, loss=0.0253]
Epoch 9:  39%|###.......| 231/585 [00:03:47<00:05:49,  1.01it/s, loss=0.0252]
Epoch 9:  41%|####......| 237/585 [00:03:53<00:05:42,  1.02it/s, loss=0.0252]
Epoch 9:  42%|####......| 243/585 [00:03:58<00:05:35,  1.02it/s, loss=0.0253]
Epoch 9:  42%|####......| 248/585 [00:04:03<00:05:31,  1.02it/s, loss=0.0253]
Epoch 9:  43%|####......| 254/585 [00:04:09<00:05:25,  1.02it/s, loss=0.0253]
Epoch 9:  44%|####......| 259/585 [00:04:15<00:05:21,  1.01it/s, loss=0.0253]
Epoch 9:  45%|####......| 264/585 [00:04:20<00:05:16,  1.01it/s, loss=0.0253]
Epoch 9:  46%|####......| 270/585 [00:04:26<00:05:10,  1.01it/s, loss=0.0253]
Epoch 9:  47%|####......| 276/585 [00:04:32<00:05:04,  1.01it/s, loss=0.0252]
Epoch 9:  48%|####......| 283/585 [00:04:37<00:04:56,  1.02it/s, loss=0.0252]
Epoch 9:  49%|####......| 289/585 [00:04:43<00:04:50,  1.02it/s, loss=0.0252]
Epoch 9:  50%|#####.....| 295/585 [00:04:49<00:04:44,  1.02it/s, loss=0.0252]
Epoch 9:  51%|#####.....| 301/585 [00:04:55<00:04:38,  1.02it/s, loss=0.0253]
Epoch 9:  52%|#####.....| 307/585 [00:05:00<00:04:32,  1.02it/s, loss=0.0254]
Epoch 9:  53%|#####.....| 312/585 [00:05:06<00:04:28,  1.02it/s, loss=0.0254]
Epoch 9:  54%|#####.....| 318/585 [00:05:11<00:04:21,  1.02it/s, loss=0.0254]
Epoch 9:  55%|#####.....| 323/585 [00:05:17<00:04:17,  1.02it/s, loss=0.0256]
Epoch 9:  56%|#####.....| 329/585 [00:05:22<00:04:11,  1.02it/s, loss=0.0258]
Epoch 9:  57%|#####.....| 335/585 [00:05:28<00:04:05,  1.02it/s, loss=0.0258]
Epoch 9:  58%|#####.....| 341/585 [00:05:33<00:03:58,  1.02it/s, loss=0.0258]
Epoch 9:  59%|#####.....| 347/585 [00:05:39<00:03:52,  1.02it/s, loss=0.0257]
Epoch 9:  60%|######....| 353/585 [00:05:44<00:03:46,  1.02it/s, loss=0.0257]
Epoch 9:  61%|######....| 359/585 [00:05:49<00:03:40,  1.03it/s, loss=0.0256]
Epoch 9:  62%|######....| 365/585 [00:05:55<00:03:34,  1.03it/s, loss=0.0256]
Epoch 9:  63%|######....| 371/585 [00:06:01<00:03:28,  1.03it/s, loss=0.0256]
Epoch 9:  64%|######....| 376/585 [00:06:07<00:03:24,  1.02it/s, loss=0.0256]
Epoch 9:  65%|######....| 381/585 [00:06:12<00:03:19,  1.02it/s, loss=0.0256]
Epoch 9:  66%|######....| 386/585 [00:06:18<00:03:15,  1.02it/s, loss=0.0256]
Epoch 9:  67%|######....| 391/585 [00:06:23<00:03:10,  1.02it/s, loss=0.0257]
Epoch 9:  68%|######....| 397/585 [00:06:29<00:03:04,  1.02it/s, loss=0.0257]
Epoch 9:  69%|######....| 403/585 [00:06:35<00:02:58,  1.02it/s, loss=0.0257]
Epoch 9:  70%|######....| 409/585 [00:06:41<00:02:52,  1.02it/s, loss=0.0256]
Epoch 9:  71%|#######...| 414/585 [00:06:46<00:02:47,  1.02it/s, loss=0.0256]
Epoch 9:  72%|#######...| 420/585 [00:06:51<00:02:41,  1.02it/s, loss=0.0256]
Epoch 9:  73%|#######...| 425/585 [00:06:57<00:02:37,  1.02it/s, loss=0.0256]
Epoch 9:  74%|#######...| 430/585 [00:07:02<00:02:32,  1.02it/s, loss=0.0256]
Epoch 9:  75%|#######...| 436/585 [00:07:08<00:02:26,  1.02it/s, loss=0.0256]
Epoch 9:  76%|#######...| 442/585 [00:07:13<00:02:20,  1.02it/s, loss=0.0256]
Epoch 9:  76%|#######...| 447/585 [00:07:19<00:02:15,  1.02it/s, loss=0.0256]
Epoch 9:  77%|#######...| 452/585 [00:07:24<00:02:10,  1.02it/s, loss=0.0256]
Epoch 9:  78%|#######...| 458/585 [00:07:30<00:02:04,  1.02it/s, loss=0.0256]
Epoch 9:  79%|#######...| 464/585 [00:07:35<00:01:58,  1.02it/s, loss=0.0256]
Epoch 9:  80%|########..| 470/585 [00:07:41<00:01:53,  1.02it/s, loss=0.0255]
Epoch 9:  81%|########..| 476/585 [00:07:47<00:01:47,  1.02it/s, loss=0.0255]
Epoch 9:  82%|########..| 482/585 [00:07:52<00:01:41,  1.02it/s, loss=0.0254]
Epoch 9:  83%|########..| 487/585 [00:07:57<00:01:36,  1.02it/s, loss=0.0254]
Epoch 9:  84%|########..| 493/585 [00:08:03<00:01:30,  1.02it/s, loss=0.0255]
Epoch 9:  85%|########..| 499/585 [00:08:09<00:01:24,  1.02it/s, loss=0.0254]
Epoch 9:  86%|########..| 505/585 [00:08:15<00:01:18,  1.02it/s, loss=0.0254]
Epoch 9:  87%|########..| 511/585 [00:08:20<00:01:12,  1.02it/s, loss=0.0254]
Epoch 9:  88%|########..| 516/585 [00:08:26<00:01:07,  1.02it/s, loss=0.0254]
Epoch 9:  89%|########..| 522/585 [00:08:32<00:01:01,  1.02it/s, loss=0.0254]
Epoch 9:  90%|#########.| 528/585 [00:08:38<00:00:55,  1.02it/s, loss=0.0254]
Epoch 9:  91%|#########.| 534/585 [00:08:43<00:00:50,  1.02it/s, loss=0.0254]
Epoch 9:  92%|#########.| 540/585 [00:08:49<00:00:44,  1.02it/s, loss=0.0254]
Epoch 9:  93%|#########.| 546/585 [00:08:55<00:00:38,  1.02it/s, loss=0.0254]
Epoch 9:  94%|#########.| 551/585 [00:09:00<00:00:33,  1.02it/s, loss=0.0254]
Epoch 9:  95%|#########.| 556/585 [00:09:06<00:00:28,  1.02it/s, loss=0.0254]
Epoch 9:  96%|#########.| 561/585 [00:09:11<00:00:23,  1.02it/s, loss=0.0254]
Epoch 9:  97%|#########.| 567/585 [00:09:17<00:00:17,  1.02it/s, loss=0.0254]
Epoch 9:  98%|#########.| 572/585 [00:09:22<00:00:12,  1.02it/s, loss=0.0254]
Epoch 9:  99%|#########.| 577/585 [00:09:28<00:00:07,  1.02it/s, loss=0.0253]
Epoch 9: 100%|#########.| 583/585 [00:09:33<00:00:01,  1.02it/s, loss=0.0253]
Epoch 9: 100%|##########| 585/585 [00:09:35<00:00:00,  1.02it/s, loss=0.0253]
Test loss: 0.0258, Test rmsae: 8.50deg
{"event": "epoch_complete", "epoch": 9, "phase": 1, "lr": 0.0001, "batch_size": 1, "micro_batch_size": 1, "train_loss": 0.025298409264248152, "val_loss": 0.02580959239276126, "val_rmsae_deg": 8.500620126724243, "epoch_time_s": 576.1785793020099}
{"event": "checkpoint_saved", "tag": "best_rmsae", "epoch": 9, "path": "IFAN_Edge/outputs/stage3/ifan_stage3_full40_lc_reference_hw2_20260428_102726/checkpoints/best_rmsae.pt", "val_rmsae_deg": 8.500620126724243}
Epoch 10/40:
Epoch 10:   1%|..........| 5/585 [00:00:05<00:10:11,  0.95it/s, loss=0.0258]
Epoch 10:   2%|..........| 11/585 [00:00:10<00:09:24,  1.02it/s, loss=0.0260]
Epoch 10:   3%|..........| 17/585 [00:00:16<00:09:24,  1.01it/s, loss=0.0249]
Epoch 10:   4%|..........| 23/585 [00:00:22<00:09:11,  1.02it/s, loss=0.0251]
Epoch 10:   5%|..........| 29/585 [00:00:28<00:09:04,  1.02it/s, loss=0.0248]
Epoch 10:   6%|..........| 34/585 [00:00:33<00:09:09,  1.00it/s, loss=0.0245]
Epoch 10:   7%|..........| 40/585 [00:00:39<00:09:03,  1.00it/s, loss=0.0245]
Epoch 10:   8%|..........| 45/585 [00:00:45<00:09:00,  1.00it/s, loss=0.0247]
Epoch 10:   9%|..........| 51/585 [00:00:50<00:08:53,  1.00it/s, loss=0.0246]
Epoch 10:  10%|..........| 56/585 [00:00:56<00:08:49,  1.00it/s, loss=0.0246]
Epoch 10:  11%|#.........| 62/585 [00:01:02<00:08:43,  1.00it/s, loss=0.0246]
Epoch 10:  11%|#.........| 67/585 [00:01:07<00:08:38,  1.00it/s, loss=0.0246]
Epoch 10:  12%|#.........| 72/585 [00:01:12<00:08:38,  0.99it/s, loss=0.0254]
Epoch 10:  13%|#.........| 78/585 [00:01:18<00:08:28,  1.00it/s, loss=0.0254]
Epoch 10:  14%|#.........| 84/585 [00:01:24<00:08:21,  1.00it/s, loss=0.0253]
Epoch 10:  15%|#.........| 89/585 [00:01:29<00:08:17,  1.00it/s, loss=0.0252]
Epoch 10:  16%|#.........| 95/585 [00:01:34<00:08:07,  1.00it/s, loss=0.0250]
Epoch 10:  17%|#.........| 100/585 [00:01:39<00:08:04,  1.00it/s, loss=0.0252]
Epoch 10:  18%|#.........| 105/585 [00:01:45<00:08:01,  1.00it/s, loss=0.0251]
Epoch 10:  19%|#.........| 110/585 [00:01:50<00:07:57,  0.99it/s, loss=0.0251]
Epoch 10:  20%|#.........| 116/585 [00:01:56<00:07:50,  1.00it/s, loss=0.0250]
Epoch 10:  21%|##........| 122/585 [00:02:02<00:07:43,  1.00it/s, loss=0.0249]
Epoch 10:  22%|##........| 127/585 [00:02:07<00:07:41,  0.99it/s, loss=0.0249]
Epoch 10:  23%|##........| 133/585 [00:02:13<00:07:32,  1.00it/s, loss=0.0249]
Epoch 10:  24%|##........| 139/585 [00:02:18<00:07:24,  1.00it/s, loss=0.0249]
Epoch 10:  25%|##........| 145/585 [00:02:23<00:07:16,  1.01it/s, loss=0.0248]
Epoch 10:  26%|##........| 151/585 [00:02:29<00:07:10,  1.01it/s, loss=0.0251]
Epoch 10:  27%|##........| 157/585 [00:02:35<00:07:03,  1.01it/s, loss=0.0249]
Epoch 10:  28%|##........| 163/585 [00:02:40<00:06:56,  1.01it/s, loss=0.0251]
Epoch 10:  29%|##........| 168/585 [00:02:46<00:06:52,  1.01it/s, loss=0.0251]
Epoch 10:  30%|##........| 174/585 [00:02:51<00:06:45,  1.01it/s, loss=0.0251]
Epoch 10:  31%|###.......| 179/585 [00:02:56<00:06:40,  1.01it/s, loss=0.0251]
Epoch 10:  31%|###.......| 184/585 [00:03:02<00:06:36,  1.01it/s, loss=0.0251]
Epoch 10:  32%|###.......| 190/585 [00:03:07<00:06:30,  1.01it/s, loss=0.0250]
Epoch 10:  33%|###.......| 195/585 [00:03:12<00:06:25,  1.01it/s, loss=0.0250]
Epoch 10:  34%|###.......| 201/585 [00:03:18<00:06:18,  1.01it/s, loss=0.0251]
Epoch 10:  35%|###.......| 207/585 [00:03:24<00:06:12,  1.01it/s, loss=0.0252]
Epoch 10:  36%|###.......| 213/585 [00:03:29<00:06:06,  1.01it/s, loss=0.0250]
Epoch 10:  37%|###.......| 219/585 [00:03:35<00:06:00,  1.02it/s, loss=0.0249]
Epoch 10:  38%|###.......| 225/585 [00:03:41<00:05:54,  1.02it/s, loss=0.0249]
Epoch 10:  39%|###.......| 230/585 [00:03:46<00:05:49,  1.01it/s, loss=0.0249]
Epoch 10:  40%|####......| 236/585 [00:03:52<00:05:44,  1.01it/s, loss=0.0248]
Epoch 10:  41%|####......| 242/585 [00:03:58<00:05:37,  1.01it/s, loss=0.0248]
Epoch 10:  42%|####......| 247/585 [00:04:03<00:05:33,  1.01it/s, loss=0.0247]
Epoch 10:  43%|####......| 253/585 [00:04:09<00:05:27,  1.01it/s, loss=0.0247]
Epoch 10:  44%|####......| 259/585 [00:04:14<00:05:20,  1.02it/s, loss=0.0249]
Epoch 10:  45%|####......| 265/585 [00:04:20<00:05:15,  1.02it/s, loss=0.0250]
Epoch 10:  46%|####......| 271/585 [00:04:26<00:05:09,  1.02it/s, loss=0.0250]
Epoch 10:  47%|####......| 276/585 [00:04:32<00:05:04,  1.01it/s, loss=0.0250]
Epoch 10:  48%|####......| 281/585 [00:04:37<00:05:00,  1.01it/s, loss=0.0250]
Epoch 10:  49%|####......| 285/585 [00:04:42<00:04:57,  1.01it/s, loss=0.0253]
Epoch 10:  50%|####......| 290/585 [00:04:48<00:04:53,  1.01it/s, loss=0.0254]
Epoch 10:  51%|#####.....| 296/585 [00:04:54<00:04:47,  1.01it/s, loss=0.0254]
Epoch 10:  52%|#####.....| 302/585 [00:05:00<00:04:41,  1.00it/s, loss=0.0254]
Epoch 10:  53%|#####.....| 308/585 [00:05:06<00:04:35,  1.01it/s, loss=0.0254]
Epoch 10:  54%|#####.....| 313/585 [00:05:11<00:04:30,  1.00it/s, loss=0.0254]
Epoch 10:  55%|#####.....| 319/585 [00:05:17<00:04:24,  1.00it/s, loss=0.0254]
Epoch 10:  55%|#####.....| 324/585 [00:05:22<00:04:19,  1.00it/s, loss=0.0256]
Epoch 10:  56%|#####.....| 330/585 [00:05:28<00:04:13,  1.01it/s, loss=0.0256]
Epoch 10:  57%|#####.....| 335/585 [00:05:33<00:04:08,  1.00it/s, loss=0.0257]
Epoch 10:  58%|#####.....| 340/585 [00:05:38<00:04:03,  1.00it/s, loss=0.0257]
Epoch 10:  59%|#####.....| 345/585 [00:05:43<00:03:58,  1.00it/s, loss=0.0257]
Epoch 10:  60%|######....| 351/585 [00:05:49<00:03:52,  1.01it/s, loss=0.0256]
Epoch 10:  61%|######....| 356/585 [00:05:54<00:03:47,  1.01it/s, loss=0.0257]
Epoch 10:  62%|######....| 360/585 [00:05:59<00:03:44,  1.00it/s, loss=0.0257]
Epoch 10:  63%|######....| 366/585 [00:06:05<00:03:38,  1.00it/s, loss=0.0257]
Epoch 10:  64%|######....| 372/585 [00:06:11<00:03:32,  1.00it/s, loss=0.0256]
Epoch 10:  65%|######....| 378/585 [00:06:17<00:03:26,  1.00it/s, loss=0.0256]
Epoch 10:  65%|######....| 383/585 [00:06:22<00:03:21,  1.00it/s, loss=0.0256]
Epoch 10:  66%|######....| 389/585 [00:06:28<00:03:15,  1.00it/s, loss=0.0255]
Epoch 10:  67%|######....| 394/585 [00:06:33<00:03:10,  1.00it/s, loss=0.0255]
Epoch 10:  68%|######....| 398/585 [00:06:39<00:03:07,  1.00it/s, loss=0.0255]
Epoch 10:  69%|######....| 403/585 [00:06:45<00:03:02,  0.99it/s, loss=0.0256]
Epoch 10:  70%|######....| 409/585 [00:06:50<00:02:56,  1.00it/s, loss=0.0256]
Epoch 10:  71%|#######...| 415/585 [00:06:56<00:02:50,  1.00it/s, loss=0.0255]
Epoch 10:  72%|#######...| 421/585 [00:07:02<00:02:44,  1.00it/s, loss=0.0255]
Epoch 10:  73%|#######...| 426/585 [00:07:07<00:02:39,  1.00it/s, loss=0.0255]
Epoch 10:  74%|#######...| 432/585 [00:07:13<00:02:33,  1.00it/s, loss=0.0255]
Epoch 10:  75%|#######...| 438/585 [00:07:19<00:02:27,  1.00it/s, loss=0.0255]
Epoch 10:  76%|#######...| 443/585 [00:07:24<00:02:22,  1.00it/s, loss=0.0255]
Epoch 10:  77%|#######...| 449/585 [00:07:30<00:02:16,  1.00it/s, loss=0.0255]
Epoch 10:  78%|#######...| 454/585 [00:07:35<00:02:11,  1.00it/s, loss=0.0255]
Epoch 10:  78%|#######...| 459/585 [00:07:41<00:02:06,  0.99it/s, loss=0.0256]
Epoch 10:  79%|#######...| 464/585 [00:07:46<00:02:01,  0.99it/s, loss=0.0256]
Epoch 10:  80%|########..| 469/585 [00:07:51<00:01:56,  0.99it/s, loss=0.0256]
Epoch 10:  81%|########..| 474/585 [00:07:57<00:01:51,  0.99it/s, loss=0.0256]
Epoch 10:  82%|########..| 479/585 [00:08:02<00:01:46,  0.99it/s, loss=0.0256]
Epoch 10:  83%|########..| 485/585 [00:08:08<00:01:40,  0.99it/s, loss=0.0257]
Epoch 10:  84%|########..| 490/585 [00:08:14<00:01:35,  0.99it/s, loss=0.0257]
Epoch 10:  85%|########..| 496/585 [00:08:20<00:01:29,  0.99it/s, loss=0.0257]
Epoch 10:  86%|########..| 502/585 [00:08:26<00:01:23,  0.99it/s, loss=0.0257]
Epoch 10:  87%|########..| 508/585 [00:08:31<00:01:17,  0.99it/s, loss=0.0257]
Epoch 10:  88%|########..| 514/585 [00:08:37<00:01:11,  0.99it/s, loss=0.0257]
Epoch 10:  89%|########..| 519/585 [00:08:43<00:01:06,  0.99it/s, loss=0.0257]
Epoch 10:  90%|########..| 524/585 [00:08:49<00:01:01,  0.99it/s, loss=0.0257]
Epoch 10:  91%|#########.| 530/585 [00:08:56<00:00:55,  0.99it/s, loss=0.0257]
Epoch 10:  92%|#########.| 536/585 [00:09:01<00:00:49,  0.99it/s, loss=0.0257]
Epoch 10:  92%|#########.| 540/585 [00:09:07<00:00:45,  0.99it/s, loss=0.0257]
Epoch 10:  93%|#########.| 545/585 [00:09:12<00:00:40,  0.99it/s, loss=0.0257]
Epoch 10:  94%|#########.| 551/585 [00:09:17<00:00:34,  0.99it/s, loss=0.0257]
Epoch 10:  95%|#########.| 557/585 [00:09:23<00:00:28,  0.99it/s, loss=0.0256]
Epoch 10:  96%|#########.| 562/585 [00:09:28<00:00:23,  0.99it/s, loss=0.0257]
Epoch 10:  97%|#########.| 568/585 [00:09:34<00:00:17,  0.99it/s, loss=0.0257]
Epoch 10:  98%|#########.| 574/585 [00:09:39<00:00:11,  0.99it/s, loss=0.0258]
Epoch 10:  99%|#########.| 580/585 [00:09:46<00:00:05,  0.99it/s, loss=0.0258]
Epoch 10: 100%|##########| 585/585 [00:09:51<00:00:00,  0.99it/s, loss=0.0258]
Test loss: 0.0261, Test rmsae: 8.06deg
{"event": "epoch_complete", "epoch": 10, "phase": 1, "lr": 0.0001, "batch_size": 1, "micro_batch_size": 1, "train_loss": 0.025848665779345057, "val_loss": 0.02608761755982414, "val_rmsae_deg": 8.060578539967537, "epoch_time_s": 592.1816998280119}
{"event": "checkpoint_saved", "tag": "best_rmsae", "epoch": 10, "path": "IFAN_Edge/outputs/stage3/ifan_stage3_full40_lc_reference_hw2_20260428_102726/checkpoints/best_rmsae.pt", "val_rmsae_deg": 8.060578539967537}
{"event": "checkpoint_saved", "tag": "epoch_010", "epoch": 10, "path": "IFAN_Edge/outputs/stage3/ifan_stage3_full40_lc_reference_hw2_20260428_102726/checkpoints/epoch_010.pt"}
Epoch 11/40:
Epoch 11:   1%|..........| 5/585 [00:00:05<00:10:24,  0.93it/s, loss=0.0253]
Epoch 11:   2%|..........| 10/585 [00:00:10<00:10:08,  0.94it/s, loss=0.0257]
Epoch 11:   3%|..........| 16/585 [00:00:16<00:09:41,  0.98it/s, loss=0.0259]
Epoch 11:   4%|..........| 21/585 [00:00:22<00:09:55,  0.95it/s, loss=0.0255]
Epoch 11:   4%|..........| 26/585 [00:00:27<00:09:50,  0.95it/s, loss=0.0261]
Epoch 11:   5%|..........| 31/585 [00:00:32<00:09:43,  0.95it/s, loss=0.0255]
Epoch 11:   6%|..........| 37/585 [00:00:38<00:09:30,  0.96it/s, loss=0.0252]
Epoch 11:   7%|..........| 43/585 [00:00:43<00:09:12,  0.98it/s, loss=0.0252]
Epoch 11:   8%|..........| 49/585 [00:00:49<00:09:02,  0.99it/s, loss=0.0254]
Epoch 11:   9%|..........| 54/585 [00:00:55<00:09:09,  0.97it/s, loss=0.0260]
Epoch 11:  10%|#.........| 60/585 [00:01:01<00:09:00,  0.97it/s, loss=0.0262]
Epoch 11:  11%|#.........| 66/585 [00:01:07<00:08:47,  0.98it/s, loss=0.0260]
Epoch 11:  12%|#.........| 71/585 [00:01:12<00:08:45,  0.98it/s, loss=0.0259]
Epoch 11:  13%|#.........| 75/585 [00:01:17<00:08:48,  0.96it/s, loss=0.0257]
Epoch 11:  14%|#.........| 80/585 [00:01:23<00:08:48,  0.96it/s, loss=0.0258]
Epoch 11:  15%|#.........| 86/585 [00:01:28<00:08:35,  0.97it/s, loss=0.0255]
Epoch 11:  16%|#.........| 91/585 [00:01:34<00:08:32,  0.96it/s, loss=0.0257]
Epoch 11:  16%|#.........| 96/585 [00:01:39<00:08:28,  0.96it/s, loss=0.0256]
Epoch 11:  17%|#.........| 101/585 [00:01:44<00:08:22,  0.96it/s, loss=0.0255]
Epoch 11:  18%|#.........| 107/585 [00:01:50<00:08:13,  0.97it/s, loss=0.0254]
Epoch 11:  19%|#.........| 113/585 [00:01:55<00:08:03,  0.98it/s, loss=0.0252]
Epoch 11:  20%|##........| 118/585 [00:02:00<00:07:58,  0.98it/s, loss=0.0251]
Epoch 11:  21%|##........| 123/585 [00:02:06<00:07:53,  0.98it/s, loss=0.0250]
Epoch 11:  22%|##........| 129/585 [00:02:12<00:07:48,  0.97it/s, loss=0.0249]
Epoch 11:  23%|##........| 135/585 [00:02:17<00:07:39,  0.98it/s, loss=0.0250]
Epoch 11:  24%|##........| 140/585 [00:02:23<00:07:35,  0.98it/s, loss=0.0251]
Epoch 11:  25%|##........| 145/585 [00:02:28<00:07:30,  0.98it/s, loss=0.0252]
Epoch 11:  26%|##........| 151/585 [00:02:34<00:07:23,  0.98it/s, loss=0.0252]
Epoch 11:  27%|##........| 156/585 [00:02:39<00:07:18,  0.98it/s, loss=0.0253]
Epoch 11:  28%|##........| 162/585 [00:02:45<00:07:12,  0.98it/s, loss=0.0252]
Epoch 11:  29%|##........| 168/585 [00:02:51<00:07:05,  0.98it/s, loss=0.0251]
Epoch 11:  30%|##........| 174/585 [00:02:57<00:06:58,  0.98it/s, loss=0.0252]
Epoch 11:  31%|###.......| 179/585 [00:03:02<00:06:54,  0.98it/s, loss=0.0252]
Epoch 11:  32%|###.......| 185/585 [00:03:07<00:06:45,  0.99it/s, loss=0.0250]
Epoch 11:  33%|###.......| 191/585 [00:03:13<00:06:39,  0.99it/s, loss=0.0249]
Epoch 11:  34%|###.......| 197/585 [00:03:20<00:06:34,  0.98it/s, loss=0.0250]
Epoch 11:  35%|###.......| 203/585 [00:03:25<00:06:26,  0.99it/s, loss=0.0248]
Epoch 11:  36%|###.......| 209/585 [00:03:31<00:06:19,  0.99it/s, loss=0.0248]
Epoch 11:  37%|###.......| 215/585 [00:03:36<00:06:12,  0.99it/s, loss=0.0248]
Epoch 11:  38%|###.......| 221/585 [00:03:42<00:06:06,  0.99it/s, loss=0.0248]
Epoch 11:  39%|###.......| 226/585 [00:03:47<00:06:01,  0.99it/s, loss=0.0251]
Epoch 11:  39%|###.......| 231/585 [00:03:53<00:05:57,  0.99it/s, loss=0.0252]
Epoch 11:  41%|####......| 237/585 [00:03:59<00:05:51,  0.99it/s, loss=0.0252]
Epoch 11:  41%|####......| 242/585 [00:04:04<00:05:46,  0.99it/s, loss=0.0252]
Epoch 11:  42%|####......| 247/585 [00:04:10<00:05:42,  0.99it/s, loss=0.0253]
Epoch 11:  43%|####......| 253/585 [00:04:15<00:05:35,  0.99it/s, loss=0.0253]
Epoch 11:  44%|####......| 259/585 [00:04:21<00:05:28,  0.99it/s, loss=0.0253]
Epoch 11:  45%|####......| 265/585 [00:04:27<00:05:22,  0.99it/s, loss=0.0253]
Epoch 11:  46%|####......| 270/585 [00:04:32<00:05:18,  0.99it/s, loss=0.0254]
Epoch 11:  47%|####......| 276/585 [00:04:38<00:05:11,  0.99it/s, loss=0.0254]
Epoch 11:  48%|####......| 281/585 [00:04:43<00:05:07,  0.99it/s, loss=0.0254]
Epoch 11:  49%|####......| 286/585 [00:04:48<00:05:01,  0.99it/s, loss=0.0254]
Epoch 11:  50%|####......| 292/585 [00:04:54<00:04:55,  0.99it/s, loss=0.0255]
Epoch 11:  51%|#####.....| 298/585 [00:05:00<00:04:49,  0.99it/s, loss=0.0254]
Epoch 11:  52%|#####.....| 303/585 [00:05:06<00:04:44,  0.99it/s, loss=0.0253]
Epoch 11:  53%|#####.....| 308/585 [00:05:11<00:04:40,  0.99it/s, loss=0.0253]
Epoch 11:  54%|#####.....| 314/585 [00:05:17<00:04:33,  0.99it/s, loss=0.0253]
Epoch 11:  55%|#####.....| 319/585 [00:05:22<00:04:28,  0.99it/s, loss=0.0253]
Epoch 11:  56%|#####.....| 325/585 [00:05:28<00:04:22,  0.99it/s, loss=0.0253]
Epoch 11:  57%|#####.....| 331/585 [00:05:33<00:04:16,  0.99it/s, loss=0.0252]
Epoch 11:  58%|#####.....| 337/585 [00:05:39<00:04:09,  0.99it/s, loss=0.0251]
Epoch 11:  59%|#####.....| 343/585 [00:05:44<00:04:03,  1.00it/s, loss=0.0251]
Epoch 11:  60%|#####.....| 349/585 [00:05:49<00:03:56,  1.00it/s, loss=0.0251]
Epoch 11:  61%|######....| 355/585 [00:05:55<00:03:50,  1.00it/s, loss=0.0251]
Epoch 11:  62%|######....| 360/585 [00:06:01<00:03:45,  1.00it/s, loss=0.0250]
Epoch 11:  63%|######....| 366/585 [00:06:06<00:03:39,  1.00it/s, loss=0.0251]
Epoch 11:  64%|######....| 372/585 [00:06:12<00:03:33,  1.00it/s, loss=0.0251]
Epoch 11:  64%|######....| 377/585 [00:06:17<00:03:28,  1.00it/s, loss=0.0251]
Epoch 11:  65%|######....| 383/585 [00:06:23<00:03:22,  1.00it/s, loss=0.0251]
Epoch 11:  66%|######....| 389/585 [00:06:28<00:03:15,  1.00it/s, loss=0.0251]
Epoch 11:  68%|######....| 395/585 [00:06:34<00:03:09,  1.00it/s, loss=0.0251]
Epoch 11:  69%|######....| 401/585 [00:06:40<00:03:03,  1.00it/s, loss=0.0251]
Epoch 11:  70%|######....| 407/585 [00:06:45<00:02:57,  1.00it/s, loss=0.0251]
Epoch 11:  70%|#######...| 412/585 [00:06:51<00:02:52,  1.00it/s, loss=0.0251]
Epoch 11:  71%|#######...| 417/585 [00:06:56<00:02:47,  1.00it/s, loss=0.0251]
Epoch 11:  72%|#######...| 423/585 [00:07:02<00:02:41,  1.00it/s, loss=0.0251]
Epoch 11:  73%|#######...| 429/585 [00:07:08<00:02:35,  1.00it/s, loss=0.0251]
Epoch 11:  74%|#######...| 435/585 [00:07:14<00:02:29,  1.00it/s, loss=0.0250]
Epoch 11:  75%|#######...| 440/585 [00:07:19<00:02:24,  1.00it/s, loss=0.0250]
Epoch 11:  76%|#######...| 445/585 [00:07:25<00:02:20,  1.00it/s, loss=0.0250]
Epoch 11:  77%|#######...| 451/585 [00:07:30<00:02:13,  1.00it/s, loss=0.0250]
Epoch 11:  78%|#######...| 456/585 [00:07:35<00:02:08,  1.00it/s, loss=0.0251]
Epoch 11:  79%|#######...| 461/585 [00:07:40<00:02:03,  1.00it/s, loss=0.0251]
Epoch 11:  80%|#######...| 467/585 [00:07:45<00:01:57,  1.00it/s, loss=0.0251]
Epoch 11:  81%|########..| 472/585 [00:07:51<00:01:52,  1.00it/s, loss=0.0250]
Epoch 11:  82%|########..| 478/585 [00:07:56<00:01:46,  1.00it/s, loss=0.0250]
Epoch 11:  83%|########..| 484/585 [00:08:02<00:01:40,  1.00it/s, loss=0.0250]
Epoch 11:  84%|########..| 489/585 [00:08:07<00:01:35,  1.00it/s, loss=0.0250]
Epoch 11:  84%|########..| 494/585 [00:08:13<00:01:30,  1.00it/s, loss=0.0250]
Epoch 11:  85%|########..| 500/585 [00:08:19<00:01:24,  1.00it/s, loss=0.0250]
Epoch 11:  86%|########..| 505/585 [00:08:24<00:01:19,  1.00it/s, loss=0.0250]
Epoch 11:  87%|########..| 511/585 [00:08:30<00:01:13,  1.00it/s, loss=0.0250]
Epoch 11:  88%|########..| 516/585 [00:08:36<00:01:09,  1.00it/s, loss=0.0250]
Epoch 11:  89%|########..| 522/585 [00:08:41<00:01:02,  1.00it/s, loss=0.0249]
Epoch 11:  90%|#########.| 528/585 [00:08:47<00:00:56,  1.00it/s, loss=0.0250]
Epoch 11:  91%|#########.| 534/585 [00:08:53<00:00:50,  1.00it/s, loss=0.0250]
Epoch 11:  92%|#########.| 539/585 [00:08:58<00:00:45,  1.00it/s, loss=0.0249]
Epoch 11:  93%|#########.| 545/585 [00:09:04<00:00:39,  1.00it/s, loss=0.0249]
Epoch 11:  94%|#########.| 551/585 [00:09:09<00:00:33,  1.00it/s, loss=0.0249]
Epoch 11:  95%|#########.| 557/585 [00:09:15<00:00:27,  1.00it/s, loss=0.0249]
Epoch 11:  96%|#########.| 563/585 [00:09:20<00:00:21,  1.00it/s, loss=0.0249]
Epoch 11:  97%|#########.| 569/585 [00:09:26<00:00:15,  1.00it/s, loss=0.0249]
Epoch 11:  98%|#########.| 574/585 [00:09:31<00:00:10,  1.00it/s, loss=0.0249]
Epoch 11:  99%|#########.| 580/585 [00:09:37<00:00:04,  1.00it/s, loss=0.0249]
Epoch 11: 100%|##########| 585/585 [00:09:42<00:00:00,  1.00it/s, loss=0.0249]
Test loss: 0.0295, Test rmsae: 8.81deg
{"event": "epoch_complete", "epoch": 11, "phase": 1, "lr": 0.0001, "batch_size": 1, "micro_batch_size": 1, "train_loss": 0.02490302094568809, "val_loss": 0.029489177279174328, "val_rmsae_deg": 8.805460020899773, "epoch_time_s": 583.1652018220047}
Epoch 12/40:
Epoch 12:   1%|..........| 5/585 [00:00:05<00:09:45,  0.99it/s, loss=0.0241]
Epoch 12:   2%|..........| 11/585 [00:00:10<00:09:10,  1.04it/s, loss=0.0243]
Epoch 12:   3%|..........| 17/585 [00:00:16<00:08:56,  1.06it/s, loss=0.0234]
Epoch 12:   4%|..........| 23/585 [00:00:21<00:08:50,  1.06it/s, loss=0.0242]
Epoch 12:   5%|..........| 29/585 [00:00:27<00:08:42,  1.06it/s, loss=0.0234]
Epoch 12:   6%|..........| 34/585 [00:00:32<00:08:45,  1.05it/s, loss=0.0244]
Epoch 12:   7%|..........| 40/585 [00:00:37<00:08:36,  1.05it/s, loss=0.0244]
Epoch 12:   8%|..........| 46/585 [00:00:43<00:08:27,  1.06it/s, loss=0.0244]
Epoch 12:   9%|..........| 52/585 [00:00:49<00:08:24,  1.06it/s, loss=0.0244]
Epoch 12:  10%|..........| 57/585 [00:00:54<00:08:22,  1.05it/s, loss=0.0245]
Epoch 12:  11%|#.........| 63/585 [00:00:59<00:08:14,  1.05it/s, loss=0.0246]
Epoch 12:  12%|#.........| 68/585 [00:01:05<00:08:18,  1.04it/s, loss=0.0247]
Epoch 12:  13%|#.........| 74/585 [00:01:11<00:08:11,  1.04it/s, loss=0.0249]
Epoch 12:  14%|#.........| 80/585 [00:01:16<00:08:02,  1.05it/s, loss=0.0250]
Epoch 12:  15%|#.........| 86/585 [00:01:21<00:07:55,  1.05it/s, loss=0.0248]
Epoch 12:  16%|#.........| 92/585 [00:01:27<00:07:50,  1.05it/s, loss=0.0248]
Epoch 12:  17%|#.........| 97/585 [00:01:32<00:07:47,  1.04it/s, loss=0.0249]
Epoch 12:  18%|#.........| 103/585 [00:01:38<00:07:39,  1.05it/s, loss=0.0248]
Epoch 12:  18%|#.........| 108/585 [00:01:43<00:07:39,  1.04it/s, loss=0.0248]
Epoch 12:  19%|#.........| 114/585 [00:01:49<00:07:32,  1.04it/s, loss=0.0246]
Epoch 12:  20%|##........| 119/585 [00:01:54<00:07:29,  1.04it/s, loss=0.0246]
Epoch 12:  21%|##........| 124/585 [00:02:00<00:07:27,  1.03it/s, loss=0.0249]
Epoch 12:  22%|##........| 129/585 [00:02:05<00:07:23,  1.03it/s, loss=0.0250]
Epoch 12:  23%|##........| 134/585 [00:02:10<00:07:20,  1.02it/s, loss=0.0250]
Epoch 12:  24%|##........| 140/585 [00:02:16<00:07:14,  1.02it/s, loss=0.0252]
Epoch 12:  25%|##........| 145/585 [00:02:21<00:07:10,  1.02it/s, loss=0.0253]
Epoch 12:  26%|##........| 151/585 [00:02:27<00:07:03,  1.02it/s, loss=0.0255]
Epoch 12:  27%|##........| 156/585 [00:02:32<00:07:00,  1.02it/s, loss=0.0256]
Epoch 12:  28%|##........| 162/585 [00:02:38<00:06:54,  1.02it/s, loss=0.0256]
Epoch 12:  29%|##........| 168/585 [00:02:44<00:06:47,  1.02it/s, loss=0.0256]
Epoch 12:  30%|##........| 173/585 [00:02:49<00:06:43,  1.02it/s, loss=0.0258]
Epoch 12:  31%|###.......| 179/585 [00:02:55<00:06:36,  1.02it/s, loss=0.0261]
Epoch 12:  32%|###.......| 185/585 [00:03:00<00:06:30,  1.03it/s, loss=0.0260]
Epoch 12:  32%|###.......| 189/585 [00:03:05<00:06:28,  1.02it/s, loss=0.0262]
Epoch 12:  33%|###.......| 195/585 [00:03:11<00:06:22,  1.02it/s, loss=0.0262]
Epoch 12:  34%|###.......| 201/585 [00:03:16<00:06:15,  1.02it/s, loss=0.0262]
Epoch 12:  35%|###.......| 205/585 [00:03:21<00:06:14,  1.02it/s, loss=0.0263]
Epoch 12:  36%|###.......| 211/585 [00:03:27<00:06:08,  1.02it/s, loss=0.0263]
Epoch 12:  37%|###.......| 217/585 [00:03:33<00:06:01,  1.02it/s, loss=0.0262]
Epoch 12:  38%|###.......| 223/585 [00:03:39<00:05:56,  1.02it/s, loss=0.0262]
Epoch 12:  39%|###.......| 229/585 [00:03:44<00:05:49,  1.02it/s, loss=0.0263]
Epoch 12:  40%|###.......| 233/585 [00:03:49<00:05:47,  1.01it/s, loss=0.0265]
Epoch 12:  41%|####......| 238/585 [00:03:55<00:05:43,  1.01it/s, loss=0.0265]
Epoch 12:  42%|####......| 243/585 [00:04:00<00:05:38,  1.01it/s, loss=0.0267]
Epoch 12:  43%|####......| 249/585 [00:04:06<00:05:32,  1.01it/s, loss=0.0266]
Epoch 12:  43%|####......| 254/585 [00:04:11<00:05:28,  1.01it/s, loss=0.0267]
Epoch 12:  44%|####......| 260/585 [00:04:17<00:05:22,  1.01it/s, loss=0.0268]
Epoch 12:  45%|####......| 265/585 [00:04:23<00:05:17,  1.01it/s, loss=0.0269]
Epoch 12:  46%|####......| 270/585 [00:04:28<00:05:13,  1.00it/s, loss=0.0272]
Epoch 12:  47%|####......| 276/585 [00:04:34<00:05:07,  1.01it/s, loss=0.0272]
Epoch 12:  48%|####......| 282/585 [00:04:40<00:05:01,  1.00it/s, loss=0.0272]
Epoch 12:  49%|####......| 288/585 [00:04:46<00:04:55,  1.01it/s, loss=0.0271]
Epoch 12:  50%|#####.....| 293/585 [00:04:51<00:04:50,  1.00it/s, loss=0.0273]
Epoch 12:  51%|#####.....| 299/585 [00:04:56<00:04:44,  1.01it/s, loss=0.0274]
Epoch 12:  52%|#####.....| 305/585 [00:05:02<00:04:37,  1.01it/s, loss=0.0275]
Epoch 12:  53%|#####.....| 310/585 [00:05:08<00:04:33,  1.00it/s, loss=0.0278]
Epoch 12:  54%|#####.....| 316/585 [00:05:14<00:04:27,  1.01it/s, loss=0.0278]
Epoch 12:  55%|#####.....| 321/585 [00:05:19<00:04:22,  1.01it/s, loss=0.0279]
Epoch 12:  56%|#####.....| 327/585 [00:05:24<00:04:16,  1.01it/s, loss=0.0279]
Epoch 12:  57%|#####.....| 333/585 [00:05:30<00:04:10,  1.01it/s, loss=0.0279]
Epoch 12:  58%|#####.....| 338/585 [00:05:35<00:04:05,  1.01it/s, loss=0.0278]
Epoch 12:  59%|#####.....| 344/585 [00:05:41<00:03:59,  1.01it/s, loss=0.0278]
Epoch 12:  60%|#####.....| 349/585 [00:05:47<00:03:54,  1.01it/s, loss=0.0279]
Epoch 12:  61%|######....| 355/585 [00:05:52<00:03:48,  1.01it/s, loss=0.0278]
Epoch 12:  62%|######....| 360/585 [00:05:58<00:03:43,  1.01it/s, loss=0.0277]
Epoch 12:  63%|######....| 366/585 [00:06:03<00:03:37,  1.01it/s, loss=0.0277]
Epoch 12:  63%|######....| 371/585 [00:06:08<00:03:32,  1.01it/s, loss=0.0276]
Epoch 12:  64%|######....| 376/585 [00:06:14<00:03:28,  1.00it/s, loss=0.0276]
Epoch 12:  65%|######....| 382/585 [00:06:20<00:03:22,  1.00it/s, loss=0.0275]
Epoch 12:  66%|######....| 387/585 [00:06:25<00:03:17,  1.00it/s, loss=0.0275]
Epoch 12:  67%|######....| 393/585 [00:06:31<00:03:11,  1.00it/s, loss=0.0275]
Epoch 12:  68%|######....| 399/585 [00:06:37<00:03:05,  1.01it/s, loss=0.0275]
Epoch 12:  69%|######....| 405/585 [00:06:42<00:02:58,  1.01it/s, loss=0.0275]
Epoch 12:  70%|#######...| 411/585 [00:06:47<00:02:52,  1.01it/s, loss=0.0274]
Epoch 12:  71%|#######...| 416/585 [00:06:53<00:02:47,  1.01it/s, loss=0.0274]
Epoch 12:  72%|#######...| 422/585 [00:06:59<00:02:41,  1.01it/s, loss=0.0273]
Epoch 12:  73%|#######...| 427/585 [00:07:04<00:02:37,  1.00it/s, loss=0.0273]
Epoch 12:  74%|#######...| 433/585 [00:07:11<00:02:31,  1.00it/s, loss=0.0273]
Epoch 12:  75%|#######...| 438/585 [00:07:16<00:02:26,  1.00it/s, loss=0.0273]
Epoch 12:  76%|#######...| 443/585 [00:07:21<00:02:21,  1.00it/s, loss=0.0273]
Epoch 12:  77%|#######...| 449/585 [00:07:28<00:02:15,  1.00it/s, loss=0.0273]
Epoch 12:  78%|#######...| 455/585 [00:07:33<00:02:09,  1.00it/s, loss=0.0272]
Epoch 12:  79%|#######...| 460/585 [00:07:39<00:02:04,  1.00it/s, loss=0.0273]
Epoch 12:  79%|#######...| 465/585 [00:07:44<00:01:59,  1.00it/s, loss=0.0274]
Epoch 12:  80%|########..| 469/585 [00:07:49<00:01:56,  1.00it/s, loss=0.0273]
Epoch 12:  81%|########..| 474/585 [00:07:54<00:01:51,  1.00it/s, loss=0.0273]
Epoch 12:  82%|########..| 479/585 [00:08:00<00:01:46,  1.00it/s, loss=0.0273]
Epoch 12:  83%|########..| 485/585 [00:08:05<00:01:40,  1.00it/s, loss=0.0273]
Epoch 12:  84%|########..| 490/585 [00:08:10<00:01:35,  1.00it/s, loss=0.0272]
Epoch 12:  85%|########..| 496/585 [00:08:15<00:01:28,  1.00it/s, loss=0.0272]
Epoch 12:  86%|########..| 502/585 [00:08:21<00:01:22,  1.00it/s, loss=0.0271]
Epoch 12:  87%|########..| 507/585 [00:08:26<00:01:17,  1.00it/s, loss=0.0271]
Epoch 12:  88%|########..| 513/585 [00:08:31<00:01:11,  1.00it/s, loss=0.0270]
Epoch 12:  89%|########..| 518/585 [00:08:37<00:01:06,  1.00it/s, loss=0.0270]
Epoch 12:  90%|########..| 524/585 [00:08:43<00:01:00,  1.00it/s, loss=0.0270]
Epoch 12:  90%|#########.| 529/585 [00:08:48<00:00:55,  1.00it/s, loss=0.0270]
Epoch 12:  91%|#########.| 534/585 [00:08:53<00:00:50,  1.00it/s, loss=0.0270]
Epoch 12:  92%|#########.| 539/585 [00:08:59<00:00:46,  1.00it/s, loss=0.0269]
Epoch 12:  93%|#########.| 545/585 [00:09:05<00:00:40,  1.00it/s, loss=0.0269]
Epoch 12:  94%|#########.| 551/585 [00:09:11<00:00:34,  1.00it/s, loss=0.0268]
Epoch 12:  95%|#########.| 557/585 [00:09:17<00:00:28,  1.00it/s, loss=0.0268]
Epoch 12:  96%|#########.| 561/585 [00:09:22<00:00:24,  1.00it/s, loss=0.0268]
Epoch 12:  97%|#########.| 567/585 [00:09:28<00:00:18,  1.00it/s, loss=0.0267]
Epoch 12:  98%|#########.| 573/585 [00:09:34<00:00:12,  1.00it/s, loss=0.0268]
Epoch 12:  99%|#########.| 579/585 [00:09:39<00:00:06,  1.00it/s, loss=0.0267]
Epoch 12: 100%|##########| 585/585 [00:09:44<00:00:00,  1.00it/s, loss=0.0267]
Test loss: 0.0256, Test rmsae: 8.44deg
{"event": "epoch_complete", "epoch": 12, "phase": 1, "lr": 0.0001, "batch_size": 1, "micro_batch_size": 1, "train_loss": 0.026698384682337442, "val_loss": 0.025607243878766894, "val_rmsae_deg": 8.442413583397865, "epoch_time_s": 585.6484962200047}
Epoch 13/40:
Epoch 13:   1%|..........| 5/585 [00:00:05<00:10:37,  0.91it/s, loss=0.0255]
Epoch 13:   2%|..........| 11/585 [00:00:11<00:10:07,  0.95it/s, loss=0.0249]
Epoch 13:   3%|..........| 17/585 [00:00:16<00:09:23,  1.01it/s, loss=0.0248]
Epoch 13:   4%|..........| 22/585 [00:00:22<00:09:25,  1.00it/s, loss=0.0252]
Epoch 13:   5%|..........| 27/585 [00:00:27<00:09:21,  0.99it/s, loss=0.0253]
Epoch 13:   6%|..........| 33/585 [00:00:32<00:09:02,  1.02it/s, loss=0.0254]
Epoch 13:   7%|..........| 39/585 [00:00:38<00:08:58,  1.01it/s, loss=0.0257]
Epoch 13:   8%|..........| 44/585 [00:00:43<00:08:54,  1.01it/s, loss=0.0256]
Epoch 13:   8%|..........| 49/585 [00:00:48<00:08:50,  1.01it/s, loss=0.0254]
Epoch 13:   9%|..........| 54/585 [00:00:54<00:08:51,  1.00it/s, loss=0.0255]
Epoch 13:  10%|#.........| 59/585 [00:00:59<00:08:54,  0.98it/s, loss=0.0257]
Epoch 13:  11%|#.........| 65/585 [00:01:05<00:08:44,  0.99it/s, loss=0.0254]
Epoch 13:  12%|#.........| 71/585 [00:01:11<00:08:37,  0.99it/s, loss=0.0262]
Epoch 13:  13%|#.........| 77/585 [00:01:17<00:08:30,  0.99it/s, loss=0.0261]
Epoch 13:  14%|#.........| 82/585 [00:01:22<00:08:28,  0.99it/s, loss=0.0260]
Epoch 13:  15%|#.........| 87/585 [00:01:28<00:08:25,  0.98it/s, loss=0.0260]
Epoch 13:  16%|#.........| 93/585 [00:01:34<00:08:20,  0.98it/s, loss=0.0258]
Epoch 13:  17%|#.........| 99/585 [00:01:39<00:08:09,  0.99it/s, loss=0.0255]
Epoch 13:  18%|#.........| 104/585 [00:01:45<00:08:05,  0.99it/s, loss=0.0255]
Epoch 13:  19%|#.........| 110/585 [00:01:50<00:07:55,  1.00it/s, loss=0.0255]
Epoch 13:  20%|#.........| 116/585 [00:01:55<00:07:47,  1.00it/s, loss=0.0253]
Epoch 13:  21%|##........| 122/585 [00:02:01<00:07:39,  1.01it/s, loss=0.0252]
Epoch 13:  22%|##........| 127/585 [00:02:06<00:07:35,  1.01it/s, loss=0.0251]
Epoch 13:  23%|##........| 132/585 [00:02:12<00:07:34,  1.00it/s, loss=0.0251]
Epoch 13:  24%|##........| 138/585 [00:02:17<00:07:26,  1.00it/s, loss=0.0250]
Epoch 13:  24%|##........| 143/585 [00:02:23<00:07:22,  1.00it/s, loss=0.0250]
Epoch 13:  25%|##........| 149/585 [00:02:28<00:07:14,  1.00it/s, loss=0.0250]
Epoch 13:  26%|##........| 154/585 [00:02:33<00:07:10,  1.00it/s, loss=0.0249]
Epoch 13:  27%|##........| 159/585 [00:02:38<00:07:05,  1.00it/s, loss=0.0249]
Epoch 13:  28%|##........| 164/585 [00:02:43<00:07:00,  1.00it/s, loss=0.0248]
Epoch 13:  29%|##........| 168/585 [00:02:49<00:07:00,  0.99it/s, loss=0.0248]
Epoch 13:  30%|##........| 173/585 [00:02:54<00:06:55,  0.99it/s, loss=0.0247]
Epoch 13:  31%|###.......| 179/585 [00:02:59<00:06:48,  0.99it/s, loss=0.0247]
Epoch 13:  32%|###.......| 185/585 [00:03:05<00:06:40,  1.00it/s, loss=0.0247]
Epoch 13:  32%|###.......| 190/585 [00:03:10<00:06:36,  1.00it/s, loss=0.0248]
Epoch 13:  33%|###.......| 195/585 [00:03:16<00:06:32,  0.99it/s, loss=0.0247]
Epoch 13:  34%|###.......| 200/585 [00:03:21<00:06:28,  0.99it/s, loss=0.0247]
Epoch 13:  35%|###.......| 206/585 [00:03:27<00:06:21,  0.99it/s, loss=0.0245]
Epoch 13:  36%|###.......| 212/585 [00:03:33<00:06:14,  1.00it/s, loss=0.0246]
Epoch 13:  37%|###.......| 217/585 [00:03:38<00:06:10,  0.99it/s, loss=0.0246]
Epoch 13:  38%|###.......| 222/585 [00:03:44<00:06:06,  0.99it/s, loss=0.0245]
Epoch 13:  39%|###.......| 227/585 [00:03:49<00:06:02,  0.99it/s, loss=0.0245]
Epoch 13:  40%|###.......| 232/585 [00:03:54<00:05:57,  0.99it/s, loss=0.0245]
Epoch 13:  41%|####......| 238/585 [00:04:00<00:05:51,  0.99it/s, loss=0.0244]
Epoch 13:  42%|####......| 244/585 [00:04:06<00:05:44,  0.99it/s, loss=0.0245]
Epoch 13:  43%|####......| 250/585 [00:04:12<00:05:38,  0.99it/s, loss=0.0245]
Epoch 13:  44%|####......| 256/585 [00:04:17<00:05:31,  0.99it/s, loss=0.0244]
Epoch 13:  45%|####......| 261/585 [00:04:23<00:05:27,  0.99it/s, loss=0.0245]
Epoch 13:  45%|####......| 266/585 [00:04:29<00:05:22,  0.99it/s, loss=0.0245]
Epoch 13:  46%|####......| 272/585 [00:04:34<00:05:15,  0.99it/s, loss=0.0244]
Epoch 13:  47%|####......| 277/585 [00:04:39<00:05:10,  0.99it/s, loss=0.0244]
Epoch 13:  48%|####......| 282/585 [00:04:45<00:05:06,  0.99it/s, loss=0.0244]
Epoch 13:  49%|####......| 286/585 [00:04:50<00:05:03,  0.98it/s, loss=0.0244]
Epoch 13:  50%|####......| 291/585 [00:04:55<00:04:58,  0.98it/s, loss=0.0244]
Epoch 13:  51%|#####.....| 297/585 [00:05:01<00:04:51,  0.99it/s, loss=0.0244]
Epoch 13:  52%|#####.....| 302/585 [00:05:06<00:04:46,  0.99it/s, loss=0.0244]
Epoch 13:  52%|#####.....| 307/585 [00:05:11<00:04:42,  0.99it/s, loss=0.0244]
Epoch 13:  54%|#####.....| 313/585 [00:05:16<00:04:35,  0.99it/s, loss=0.0244]
Epoch 13:  55%|#####.....| 319/585 [00:05:22<00:04:29,  0.99it/s, loss=0.0244]
Epoch 13:  55%|#####.....| 324/585 [00:05:27<00:04:24,  0.99it/s, loss=0.0243]
Epoch 13:  56%|#####.....| 329/585 [00:05:33<00:04:19,  0.99it/s, loss=0.0245]
Epoch 13:  57%|#####.....| 335/585 [00:05:39<00:04:13,  0.99it/s, loss=0.0245]
Epoch 13:  58%|#####.....| 341/585 [00:05:44<00:04:06,  0.99it/s, loss=0.0245]
Epoch 13:  59%|#####.....| 346/585 [00:05:49<00:04:01,  0.99it/s, loss=0.0245]
Epoch 13:  60%|######....| 351/585 [00:05:55<00:03:56,  0.99it/s, loss=0.0246]
Epoch 13:  61%|######....| 356/585 [00:06:00<00:03:51,  0.99it/s, loss=0.0246]
Epoch 13:  62%|######....| 362/585 [00:06:05<00:03:45,  0.99it/s, loss=0.0246]
Epoch 13:  63%|######....| 368/585 [00:06:11<00:03:39,  0.99it/s, loss=0.0246]
Epoch 13:  64%|######....| 374/585 [00:06:16<00:03:32,  0.99it/s, loss=0.0246]
Epoch 13:  65%|######....| 379/585 [00:06:22<00:03:27,  0.99it/s, loss=0.0246]
Epoch 13:  66%|######....| 385/585 [00:06:27<00:03:21,  0.99it/s, loss=0.0246]
Epoch 13:  67%|######....| 391/585 [00:06:33<00:03:15,  0.99it/s, loss=0.0246]
Epoch 13:  68%|######....| 397/585 [00:06:39<00:03:09,  0.99it/s, loss=0.0245]
Epoch 13:  69%|######....| 403/585 [00:06:45<00:03:03,  0.99it/s, loss=0.0245]
Epoch 13:  70%|######....| 408/585 [00:06:50<00:02:58,  0.99it/s, loss=0.0245]
Epoch 13:  71%|#######...| 413/585 [00:06:55<00:02:53,  0.99it/s, loss=0.0244]
Epoch 13:  71%|#######...| 418/585 [00:07:01<00:02:48,  0.99it/s, loss=0.0245]
Epoch 13:  72%|#######...| 423/585 [00:07:06<00:02:43,  0.99it/s, loss=0.0245]
Epoch 13:  73%|#######...| 428/585 [00:07:12<00:02:38,  0.99it/s, loss=0.0245]
Epoch 13:  74%|#######...| 433/585 [00:07:17<00:02:33,  0.99it/s, loss=0.0245]
Epoch 13:  75%|#######...| 439/585 [00:07:22<00:02:27,  0.99it/s, loss=0.0245]
Epoch 13:  76%|#######...| 445/585 [00:07:29<00:02:21,  0.99it/s, loss=0.0245]
Epoch 13:  77%|#######...| 450/585 [00:07:34<00:02:16,  0.99it/s, loss=0.0244]
Epoch 13:  78%|#######...| 455/585 [00:07:40<00:02:11,  0.99it/s, loss=0.0245]
Epoch 13:  79%|#######...| 461/585 [00:07:46<00:02:05,  0.99it/s, loss=0.0245]
Epoch 13:  80%|#######...| 467/585 [00:07:51<00:01:59,  0.99it/s, loss=0.0246]
Epoch 13:  81%|########..| 472/585 [00:07:57<00:01:54,  0.99it/s, loss=0.0246]
Epoch 13:  82%|########..| 478/585 [00:08:02<00:01:48,  0.99it/s, loss=0.0246]
Epoch 13:  83%|########..| 484/585 [00:08:08<00:01:41,  0.99it/s, loss=0.0246]
Epoch 13:  84%|########..| 490/585 [00:08:13<00:01:35,  0.99it/s, loss=0.0246]
Epoch 13:  85%|########..| 496/585 [00:08:19<00:01:29,  0.99it/s, loss=0.0246]
Epoch 13:  86%|########..| 502/585 [00:08:24<00:01:23,  0.99it/s, loss=0.0246]
Epoch 13:  87%|########..| 507/585 [00:08:30<00:01:18,  0.99it/s, loss=0.0246]
Epoch 13:  88%|########..| 512/585 [00:08:35<00:01:13,  0.99it/s, loss=0.0246]
Epoch 13:  88%|########..| 517/585 [00:08:41<00:01:08,  0.99it/s, loss=0.0246]
Epoch 13:  89%|########..| 523/585 [00:08:46<00:01:02,  0.99it/s, loss=0.0246]
Epoch 13:  90%|#########.| 529/585 [00:08:51<00:00:56,  0.99it/s, loss=0.0246]
Epoch 13:  91%|#########.| 534/585 [00:08:56<00:00:51,  0.99it/s, loss=0.0247]
Epoch 13:  92%|#########.| 540/585 [00:09:02<00:00:45,  1.00it/s, loss=0.0246]
Epoch 13:  93%|#########.| 546/585 [00:09:08<00:00:39,  1.00it/s, loss=0.0246]
Epoch 13:  94%|#########.| 550/585 [00:09:13<00:00:35,  0.99it/s, loss=0.0247]
Epoch 13:  95%|#########.| 556/585 [00:09:19<00:00:29,  0.99it/s, loss=0.0247]
Epoch 13:  96%|#########.| 562/585 [00:09:25<00:00:23,  0.99it/s, loss=0.0247]
Epoch 13:  97%|#########.| 568/585 [00:09:30<00:00:17,  0.99it/s, loss=0.0247]
Epoch 13:  98%|#########.| 573/585 [00:09:36<00:00:12,  0.99it/s, loss=0.0247]
Epoch 13:  99%|#########.| 578/585 [00:09:41<00:00:07,  0.99it/s, loss=0.0247]
Epoch 13: 100%|#########.| 583/585 [00:09:46<00:00:02,  0.99it/s, loss=0.0247]
Epoch 13: 100%|##########| 585/585 [00:09:48<00:00:00,  0.99it/s, loss=0.0247]
Test loss: 0.0252, Test rmsae: 7.65deg
{"event": "epoch_complete", "epoch": 13, "phase": 1, "lr": 0.0001, "batch_size": 1, "micro_batch_size": 1, "train_loss": 0.024670895324367233, "val_loss": 0.025200011325068772, "val_rmsae_deg": 7.651910960674286, "epoch_time_s": 589.3982344850083}
{"event": "checkpoint_saved", "tag": "best_rmsae", "epoch": 13, "path": "IFAN_Edge/outputs/stage3/ifan_stage3_full40_lc_reference_hw2_20260428_102726/checkpoints/best_rmsae.pt", "val_rmsae_deg": 7.651910960674286}
Epoch 14/40:
Epoch 14:   1%|..........| 5/585 [00:00:05<00:10:09,  0.95it/s, loss=0.0275]
Epoch 14:   2%|..........| 10/585 [00:00:10<00:10:16,  0.93it/s, loss=0.0282]
Epoch 14:   3%|..........| 16/585 [00:00:16<00:09:32,  0.99it/s, loss=0.0270]
Epoch 14:   4%|..........| 22/585 [00:00:21<00:09:12,  1.02it/s, loss=0.0266]
Epoch 14:   5%|..........| 28/585 [00:00:27<00:09:02,  1.03it/s, loss=0.0260]
Epoch 14:   6%|..........| 34/585 [00:00:33<00:08:55,  1.03it/s, loss=0.0257]
Epoch 14:   7%|..........| 39/585 [00:00:38<00:08:53,  1.02it/s, loss=0.0258]
Epoch 14:   8%|..........| 44/585 [00:00:43<00:08:55,  1.01it/s, loss=0.0259]
Epoch 14:   8%|..........| 49/585 [00:00:48<00:08:53,  1.00it/s, loss=0.0259]
Epoch 14:   9%|..........| 55/585 [00:00:54<00:08:40,  1.02it/s, loss=0.0256]
Epoch 14:  10%|#.........| 61/585 [00:00:59<00:08:30,  1.03it/s, loss=0.0256]
Epoch 14:  11%|#.........| 66/585 [00:01:04<00:08:30,  1.02it/s, loss=0.0255]
Epoch 14:  12%|#.........| 71/585 [00:01:10<00:08:28,  1.01it/s, loss=0.0255]
Epoch 14:  13%|#.........| 77/585 [00:01:16<00:08:22,  1.01it/s, loss=0.0252]
Epoch 14:  14%|#.........| 82/585 [00:01:21<00:08:19,  1.01it/s, loss=0.0252]
Epoch 14:  15%|#.........| 87/585 [00:01:26<00:08:15,  1.01it/s, loss=0.0253]
Epoch 14:  16%|#.........| 92/585 [00:01:32<00:08:15,  0.99it/s, loss=0.0251]
Epoch 14:  17%|#.........| 98/585 [00:01:38<00:08:07,  1.00it/s, loss=0.0251]
Epoch 14:  18%|#.........| 103/585 [00:01:44<00:08:06,  0.99it/s, loss=0.0252]
Epoch 14:  18%|#.........| 107/585 [00:01:49<00:08:09,  0.98it/s, loss=0.0252]
Epoch 14:  19%|#.........| 113/585 [00:01:55<00:08:02,  0.98it/s, loss=0.0251]
Epoch 14:  20%|##........| 119/585 [00:02:01<00:07:54,  0.98it/s, loss=0.0252]
Epoch 14:  21%|##........| 125/585 [00:02:06<00:07:46,  0.99it/s, loss=0.0250]
Epoch 14:  22%|##........| 131/585 [00:02:12<00:07:38,  0.99it/s, loss=0.0249]
Epoch 14:  23%|##........| 137/585 [00:02:17<00:07:29,  1.00it/s, loss=0.0248]
Epoch 14:  24%|##........| 143/585 [00:02:22<00:07:21,  1.00it/s, loss=0.0246]
Epoch 14:  25%|##........| 149/585 [00:02:28<00:07:13,  1.01it/s, loss=0.0246]
Epoch 14:  26%|##........| 154/585 [00:02:34<00:07:11,  1.00it/s, loss=0.0245]
Epoch 14:  27%|##........| 160/585 [00:02:39<00:07:03,  1.00it/s, loss=0.0244]
Epoch 14:  28%|##........| 166/585 [00:02:44<00:06:55,  1.01it/s, loss=0.0242]
Epoch 14:  29%|##........| 172/585 [00:02:50<00:06:49,  1.01it/s, loss=0.0242]
Epoch 14:  30%|###.......| 178/585 [00:02:56<00:06:42,  1.01it/s, loss=0.0242]
Epoch 14:  31%|###.......| 183/585 [00:03:01<00:06:37,  1.01it/s, loss=0.0242]
Epoch 14:  32%|###.......| 188/585 [00:03:06<00:06:33,  1.01it/s, loss=0.0242]
Epoch 14:  33%|###.......| 194/585 [00:03:12<00:06:27,  1.01it/s, loss=0.0242]
Epoch 14:  34%|###.......| 200/585 [00:03:17<00:06:20,  1.01it/s, loss=0.0241]
Epoch 14:  35%|###.......| 206/585 [00:03:22<00:06:13,  1.02it/s, loss=0.0241]
Epoch 14:  36%|###.......| 211/585 [00:03:28<00:06:08,  1.01it/s, loss=0.0245]
Epoch 14:  37%|###.......| 217/585 [00:03:33<00:06:01,  1.02it/s, loss=0.0245]
Epoch 14:  38%|###.......| 222/585 [00:03:38<00:05:57,  1.02it/s, loss=0.0246]
Epoch 14:  39%|###.......| 227/585 [00:03:44<00:05:53,  1.01it/s, loss=0.0246]
Epoch 14:  40%|###.......| 233/585 [00:03:49<00:05:47,  1.01it/s, loss=0.0247]
Epoch 14:  41%|####......| 239/585 [00:03:55<00:05:40,  1.02it/s, loss=0.0248]
Epoch 14:  42%|####......| 244/585 [00:04:00<00:05:35,  1.02it/s, loss=0.0247]
Epoch 14:  43%|####......| 250/585 [00:04:05<00:05:29,  1.02it/s, loss=0.0247]
Epoch 14:  44%|####......| 256/585 [00:04:11<00:05:23,  1.02it/s, loss=0.0246]
Epoch 14:  45%|####......| 261/585 [00:04:16<00:05:18,  1.02it/s, loss=0.0247]
Epoch 14:  46%|####......| 267/585 [00:04:23<00:05:13,  1.01it/s, loss=0.0247]
Epoch 14:  46%|####......| 272/585 [00:04:29<00:05:09,  1.01it/s, loss=0.0246]
Epoch 14:  47%|####......| 277/585 [00:04:34<00:05:04,  1.01it/s, loss=0.0246]
Epoch 14:  48%|####......| 283/585 [00:04:39<00:04:58,  1.01it/s, loss=0.0246]
Epoch 14:  49%|####......| 289/585 [00:04:45<00:04:52,  1.01it/s, loss=0.0246]
Epoch 14:  50%|#####.....| 295/585 [00:04:51<00:04:46,  1.01it/s, loss=0.0246]
Epoch 14:  51%|#####.....| 300/585 [00:04:56<00:04:41,  1.01it/s, loss=0.0246]
Epoch 14:  52%|#####.....| 306/585 [00:05:02<00:04:35,  1.01it/s, loss=0.0246]
Epoch 14:  53%|#####.....| 311/585 [00:05:08<00:04:31,  1.01it/s, loss=0.0246]
Epoch 14:  54%|#####.....| 317/585 [00:05:13<00:04:25,  1.01it/s, loss=0.0247]
Epoch 14:  55%|#####.....| 323/585 [00:05:18<00:04:18,  1.01it/s, loss=0.0246]
Epoch 14:  56%|#####.....| 329/585 [00:05:24<00:04:12,  1.01it/s, loss=0.0245]
Epoch 14:  57%|#####.....| 335/585 [00:05:29<00:04:06,  1.02it/s, loss=0.0245]
Epoch 14:  58%|#####.....| 340/585 [00:05:35<00:04:01,  1.01it/s, loss=0.0245]
Epoch 14:  59%|#####.....| 345/585 [00:05:41<00:03:57,  1.01it/s, loss=0.0245]
Epoch 14:  60%|#####.....| 350/585 [00:05:46<00:03:52,  1.01it/s, loss=0.0245]
Epoch 14:  61%|######....| 355/585 [00:05:51<00:03:47,  1.01it/s, loss=0.0245]
Epoch 14:  62%|######....| 360/585 [00:05:57<00:03:43,  1.01it/s, loss=0.0245]
Epoch 14:  63%|######....| 366/585 [00:06:03<00:03:37,  1.01it/s, loss=0.0245]
Epoch 14:  64%|######....| 372/585 [00:06:08<00:03:31,  1.01it/s, loss=0.0244]
Epoch 14:  65%|######....| 378/585 [00:06:14<00:03:25,  1.01it/s, loss=0.0244]
Epoch 14:  65%|######....| 382/585 [00:06:19<00:03:21,  1.01it/s, loss=0.0244]
Epoch 14:  66%|######....| 387/585 [00:06:24<00:03:16,  1.01it/s, loss=0.0244]
Epoch 14:  67%|######....| 393/585 [00:06:30<00:03:10,  1.01it/s, loss=0.0244]
Epoch 14:  68%|######....| 398/585 [00:06:35<00:03:05,  1.01it/s, loss=0.0244]
Epoch 14:  69%|######....| 404/585 [00:06:41<00:02:59,  1.01it/s, loss=0.0244]
Epoch 14:  70%|#######...| 410/585 [00:06:46<00:02:53,  1.01it/s, loss=0.0243]
Epoch 14:  71%|#######...| 416/585 [00:06:52<00:02:47,  1.01it/s, loss=0.0243]
Epoch 14:  72%|#######...| 422/585 [00:06:57<00:02:41,  1.01it/s, loss=0.0244]
Epoch 14:  73%|#######...| 428/585 [00:07:03<00:02:35,  1.01it/s, loss=0.0244]
Epoch 14:  74%|#######...| 433/585 [00:07:09<00:02:30,  1.01it/s, loss=0.0244]
Epoch 14:  75%|#######...| 439/585 [00:07:14<00:02:24,  1.01it/s, loss=0.0244]
Epoch 14:  76%|#######...| 445/585 [00:07:19<00:02:18,  1.01it/s, loss=0.0244]
Epoch 14:  77%|#######...| 451/585 [00:07:25<00:02:12,  1.01it/s, loss=0.0244]
Epoch 14:  78%|#######...| 456/585 [00:07:31<00:02:07,  1.01it/s, loss=0.0244]
Epoch 14:  79%|#######...| 461/585 [00:07:36<00:02:02,  1.01it/s, loss=0.0244]
Epoch 14:  80%|#######...| 467/585 [00:07:42<00:01:56,  1.01it/s, loss=0.0243]
Epoch 14:  81%|########..| 473/585 [00:07:48<00:01:50,  1.01it/s, loss=0.0243]
Epoch 14:  82%|########..| 479/585 [00:07:53<00:01:44,  1.01it/s, loss=0.0243]
Epoch 14:  83%|########..| 485/585 [00:07:59<00:01:38,  1.01it/s, loss=0.0243]
Epoch 14:  84%|########..| 491/585 [00:08:05<00:01:32,  1.01it/s, loss=0.0243]
Epoch 14:  85%|########..| 496/585 [00:08:10<00:01:28,  1.01it/s, loss=0.0243]
Epoch 14:  86%|########..| 502/585 [00:08:16<00:01:22,  1.01it/s, loss=0.0243]
Epoch 14:  87%|########..| 508/585 [00:08:22<00:01:16,  1.01it/s, loss=0.0244]
Epoch 14:  88%|########..| 514/585 [00:08:27<00:01:10,  1.01it/s, loss=0.0244]
Epoch 14:  89%|########..| 519/585 [00:08:32<00:01:05,  1.01it/s, loss=0.0244]
Epoch 14:  90%|########..| 524/585 [00:08:37<00:01:00,  1.01it/s, loss=0.0243]
Epoch 14:  90%|#########.| 529/585 [00:08:43<00:00:55,  1.01it/s, loss=0.0244]
Epoch 14:  91%|#########.| 535/585 [00:08:49<00:00:49,  1.01it/s, loss=0.0244]
Epoch 14:  92%|#########.| 541/585 [00:08:55<00:00:43,  1.01it/s, loss=0.0244]
Epoch 14:  94%|#########.| 547/585 [00:09:00<00:00:37,  1.01it/s, loss=0.0244]
Epoch 14:  94%|#########.| 552/585 [00:09:05<00:00:32,  1.01it/s, loss=0.0244]
Epoch 14:  95%|#########.| 557/585 [00:09:10<00:00:27,  1.01it/s, loss=0.0244]
Epoch 14:  96%|#########.| 563/585 [00:09:17<00:00:21,  1.01it/s, loss=0.0244]
Epoch 14:  97%|#########.| 568/585 [00:09:22<00:00:16,  1.01it/s, loss=0.0244]
Epoch 14:  98%|#########.| 574/585 [00:09:27<00:00:10,  1.01it/s, loss=0.0244]
Epoch 14:  99%|#########.| 579/585 [00:09:33<00:00:05,  1.01it/s, loss=0.0244]
Epoch 14: 100%|#########.| 583/585 [00:09:38<00:00:01,  1.01it/s, loss=0.0244]
Epoch 14: 100%|##########| 585/585 [00:09:40<00:00:00,  1.01it/s, loss=0.0244]
Test loss: 0.0250, Test rmsae: 8.09deg
{"event": "epoch_complete", "epoch": 14, "phase": 1, "lr": 0.0001, "batch_size": 1, "micro_batch_size": 1, "train_loss": 0.02437749242839905, "val_loss": 0.025033699756022543, "val_rmsae_deg": 8.091427579522133, "epoch_time_s": 581.0037044789933}
Epoch 15/40:
Epoch 15:   1%|..........| 6/585 [00:00:05<00:09:35,  1.01it/s, loss=0.0251]
Epoch 15:   2%|..........| 12/585 [00:00:11<00:09:05,  1.05it/s, loss=0.0229]
Epoch 15:   3%|..........| 18/585 [00:00:17<00:09:00,  1.05it/s, loss=0.0236]
Epoch 15:   4%|..........| 23/585 [00:00:22<00:09:15,  1.01it/s, loss=0.0231]
Epoch 15:   5%|..........| 29/585 [00:00:28<00:08:59,  1.03it/s, loss=0.0229]
Epoch 15:   6%|..........| 35/585 [00:00:33<00:08:53,  1.03it/s, loss=0.0227]
Epoch 15:   7%|..........| 41/585 [00:00:39<00:08:41,  1.04it/s, loss=0.0226]
Epoch 15:   8%|..........| 47/585 [00:00:45<00:08:38,  1.04it/s, loss=0.0231]
Epoch 15:   9%|..........| 53/585 [00:00:51<00:08:32,  1.04it/s, loss=0.0236]
Epoch 15:  10%|..........| 57/585 [00:00:56<00:08:39,  1.02it/s, loss=0.0238]
Epoch 15:  11%|#.........| 63/585 [00:01:01<00:08:29,  1.03it/s, loss=0.0237]
Epoch 15:  12%|#.........| 69/585 [00:01:07<00:08:23,  1.02it/s, loss=0.0236]
Epoch 15:  13%|#.........| 75/585 [00:01:13<00:08:17,  1.03it/s, loss=0.0238]
Epoch 15:  14%|#.........| 81/585 [00:01:19<00:08:12,  1.02it/s, loss=0.0239]
Epoch 15:  15%|#.........| 87/585 [00:01:24<00:08:06,  1.02it/s, loss=0.0238]
Epoch 15:  16%|#.........| 92/585 [00:01:30<00:08:06,  1.01it/s, loss=0.0237]
Epoch 15:  17%|#.........| 98/585 [00:01:36<00:08:00,  1.01it/s, loss=0.0236]
Epoch 15:  18%|#.........| 103/585 [00:01:41<00:07:56,  1.01it/s, loss=0.0236]
Epoch 15:  18%|#.........| 108/585 [00:01:46<00:07:51,  1.01it/s, loss=0.0236]
Epoch 15:  19%|#.........| 114/585 [00:01:52<00:07:44,  1.01it/s, loss=0.0237]
Epoch 15:  20%|##........| 119/585 [00:01:58<00:07:42,  1.01it/s, loss=0.0239]
Epoch 15:  21%|##........| 124/585 [00:02:03<00:07:40,  1.00it/s, loss=0.0239]
Epoch 15:  22%|##........| 129/585 [00:02:09<00:07:38,  1.00it/s, loss=0.0239]
Epoch 15:  23%|##........| 135/585 [00:02:14<00:07:29,  1.00it/s, loss=0.0237]
Epoch 15:  24%|##........| 141/585 [00:02:20<00:07:22,  1.00it/s, loss=0.0237]
Epoch 15:  25%|##........| 147/585 [00:02:26<00:07:15,  1.00it/s, loss=0.0238]
Epoch 15:  26%|##........| 153/585 [00:02:31<00:07:08,  1.01it/s, loss=0.0238]
Epoch 15:  27%|##........| 159/585 [00:02:36<00:07:00,  1.01it/s, loss=0.0237]
Epoch 15:  28%|##........| 164/585 [00:02:41<00:06:55,  1.01it/s, loss=0.0238]
Epoch 15:  29%|##........| 170/585 [00:02:48<00:06:50,  1.01it/s, loss=0.0239]
Epoch 15:  30%|###.......| 176/585 [00:02:53<00:06:43,  1.01it/s, loss=0.0238]
Epoch 15:  31%|###.......| 182/585 [00:02:59<00:06:37,  1.01it/s, loss=0.0237]
Epoch 15:  32%|###.......| 187/585 [00:03:05<00:06:34,  1.01it/s, loss=0.0238]
Epoch 15:  33%|###.......| 192/585 [00:03:11<00:06:31,  1.00it/s, loss=0.0238]
Epoch 15:  34%|###.......| 197/585 [00:03:16<00:06:26,  1.00it/s, loss=0.0239]
Epoch 15:  34%|###.......| 201/585 [00:03:21<00:06:25,  1.00it/s, loss=0.0239]
Epoch 15:  35%|###.......| 207/585 [00:03:27<00:06:19,  1.00it/s, loss=0.0244]
Epoch 15:  36%|###.......| 213/585 [00:03:33<00:06:13,  1.00it/s, loss=0.0244]
Epoch 15:  37%|###.......| 218/585 [00:03:39<00:06:09,  0.99it/s, loss=0.0244]
Epoch 15:  38%|###.......| 224/585 [00:03:45<00:06:02,  0.99it/s, loss=0.0244]
Epoch 15:  39%|###.......| 229/585 [00:03:50<00:05:58,  0.99it/s, loss=0.0250]
Epoch 15:  40%|####......| 234/585 [00:03:55<00:05:53,  0.99it/s, loss=0.0252]
Epoch 15:  41%|####......| 240/585 [00:04:01<00:05:46,  0.99it/s, loss=0.0256]
Epoch 15:  42%|####......| 246/585 [00:04:06<00:05:39,  1.00it/s, loss=0.0256]
Epoch 15:  43%|####......| 251/585 [00:04:11<00:05:34,  1.00it/s, loss=0.0257]
Epoch 15:  44%|####......| 257/585 [00:04:16<00:05:27,  1.00it/s, loss=0.0257]
Epoch 15:  45%|####......| 262/585 [00:04:22<00:05:23,  1.00it/s, loss=0.0260]
Epoch 15:  46%|####......| 268/585 [00:04:27<00:05:16,  1.00it/s, loss=0.0261]
Epoch 15:  47%|####......| 274/585 [00:04:33<00:05:10,  1.00it/s, loss=0.0261]
Epoch 15:  48%|####......| 279/585 [00:04:38<00:05:05,  1.00it/s, loss=0.0261]
Epoch 15:  49%|####......| 284/585 [00:04:43<00:05:00,  1.00it/s, loss=0.0262]
Epoch 15:  50%|####......| 290/585 [00:04:49<00:04:54,  1.00it/s, loss=0.0262]
Epoch 15:  50%|#####.....| 295/585 [00:04:54<00:04:49,  1.00it/s, loss=0.0262]
Epoch 15:  51%|#####.....| 300/585 [00:05:00<00:04:45,  1.00it/s, loss=0.0262]
Epoch 15:  52%|#####.....| 306/585 [00:05:06<00:04:39,  1.00it/s, loss=0.0261]
Epoch 15:  53%|#####.....| 312/585 [00:05:11<00:04:32,  1.00it/s, loss=0.0261]
Epoch 15:  54%|#####.....| 318/585 [00:05:17<00:04:26,  1.00it/s, loss=0.0261]
Epoch 15:  55%|#####.....| 323/585 [00:05:22<00:04:21,  1.00it/s, loss=0.0261]
Epoch 15:  56%|#####.....| 329/585 [00:05:28<00:04:15,  1.00it/s, loss=0.0261]
Epoch 15:  57%|#####.....| 334/585 [00:05:33<00:04:10,  1.00it/s, loss=0.0262]
Epoch 15:  58%|#####.....| 340/585 [00:05:39<00:04:04,  1.00it/s, loss=0.0262]
Epoch 15:  59%|#####.....| 346/585 [00:05:44<00:03:58,  1.00it/s, loss=0.0262]
Epoch 15:  60%|######....| 351/585 [00:05:49<00:03:53,  1.00it/s, loss=0.0262]
Epoch 15:  61%|######....| 356/585 [00:05:54<00:03:48,  1.00it/s, loss=0.0262]
Epoch 15:  62%|######....| 362/585 [00:06:00<00:03:41,  1.00it/s, loss=0.0261]
Epoch 15:  63%|######....| 368/585 [00:06:05<00:03:35,  1.01it/s, loss=0.0262]
Epoch 15:  64%|######....| 374/585 [00:06:12<00:03:29,  1.01it/s, loss=0.0262]
Epoch 15:  65%|######....| 380/585 [00:06:17<00:03:23,  1.01it/s, loss=0.0262]
Epoch 15:  66%|######....| 385/585 [00:06:22<00:03:18,  1.01it/s, loss=0.0261]
Epoch 15:  67%|######....| 391/585 [00:06:28<00:03:12,  1.01it/s, loss=0.0261]
Epoch 15:  68%|######....| 396/585 [00:06:33<00:03:08,  1.01it/s, loss=0.0261]
Epoch 15:  69%|######....| 401/585 [00:06:38<00:03:03,  1.01it/s, loss=0.0261]
Epoch 15:  70%|######....| 407/585 [00:06:44<00:02:56,  1.01it/s, loss=0.0262]
Epoch 15:  70%|#######...| 412/585 [00:06:49<00:02:52,  1.01it/s, loss=0.0261]
Epoch 15:  71%|#######...| 418/585 [00:06:54<00:02:45,  1.01it/s, loss=0.0261]
Epoch 15:  72%|#######...| 423/585 [00:07:00<00:02:41,  1.01it/s, loss=0.0261]
Epoch 15:  73%|#######...| 428/585 [00:07:06<00:02:36,  1.00it/s, loss=0.0261]
Epoch 15:  74%|#######...| 434/585 [00:07:11<00:02:30,  1.00it/s, loss=0.0261]
Epoch 15:  75%|#######...| 440/585 [00:07:17<00:02:24,  1.01it/s, loss=0.0261]
Epoch 15:  76%|#######...| 446/585 [00:07:23<00:02:18,  1.01it/s, loss=0.0261]
Epoch 15:  77%|#######...| 452/585 [00:07:28<00:02:12,  1.01it/s, loss=0.0261]
Epoch 15:  78%|#######...| 458/585 [00:07:34<00:02:06,  1.01it/s, loss=0.0260]
Epoch 15:  79%|#######...| 464/585 [00:07:41<00:02:00,  1.01it/s, loss=0.0262]
Epoch 15:  80%|########..| 470/585 [00:07:46<00:01:54,  1.01it/s, loss=0.0261]
Epoch 15:  81%|########..| 475/585 [00:07:51<00:01:49,  1.01it/s, loss=0.0261]
Epoch 15:  82%|########..| 480/585 [00:07:56<00:01:44,  1.01it/s, loss=0.0261]
Epoch 15:  83%|########..| 486/585 [00:08:02<00:01:38,  1.01it/s, loss=0.0261]
Epoch 15:  84%|########..| 492/585 [00:08:08<00:01:32,  1.01it/s, loss=0.0261]
Epoch 15:  85%|########..| 498/585 [00:08:13<00:01:26,  1.01it/s, loss=0.0261]
Epoch 15:  86%|########..| 504/585 [00:08:19<00:01:20,  1.01it/s, loss=0.0261]
Epoch 15:  87%|########..| 510/585 [00:08:24<00:01:14,  1.01it/s, loss=0.0261]
Epoch 15:  88%|########..| 516/585 [00:08:30<00:01:08,  1.01it/s, loss=0.0260]
Epoch 15:  89%|########..| 522/585 [00:08:35<00:01:02,  1.01it/s, loss=0.0260]
Epoch 15:  90%|#########.| 528/585 [00:08:41<00:00:56,  1.01it/s, loss=0.0260]
Epoch 15:  91%|#########.| 534/585 [00:08:47<00:00:50,  1.01it/s, loss=0.0260]
Epoch 15:  92%|#########.| 539/585 [00:08:53<00:00:45,  1.01it/s, loss=0.0260]
Epoch 15:  93%|#########.| 545/585 [00:08:58<00:00:39,  1.01it/s, loss=0.0259]
Epoch 15:  94%|#########.| 550/585 [00:09:04<00:00:34,  1.01it/s, loss=0.0260]
Epoch 15:  95%|#########.| 555/585 [00:09:09<00:00:29,  1.01it/s, loss=0.0260]
Epoch 15:  96%|#########.| 560/585 [00:09:14<00:00:24,  1.01it/s, loss=0.0260]
Epoch 15:  97%|#########.| 566/585 [00:09:20<00:00:18,  1.01it/s, loss=0.0260]
Epoch 15:  98%|#########.| 571/585 [00:09:25<00:00:13,  1.01it/s, loss=0.0260]
Epoch 15:  98%|#########.| 576/585 [00:09:31<00:00:08,  1.01it/s, loss=0.0260]
Epoch 15:  99%|#########.| 581/585 [00:09:36<00:00:03,  1.01it/s, loss=0.0260]
Epoch 15: 100%|##########| 585/585 [00:09:40<00:00:00,  1.01it/s, loss=0.0260]
Test loss: 0.0252, Test rmsae: 7.42deg
{"event": "epoch_complete", "epoch": 15, "phase": 1, "lr": 0.0001, "batch_size": 1, "micro_batch_size": 1, "train_loss": 0.026015499788217055, "val_loss": 0.025199980940669775, "val_rmsae_deg": 7.421233966946602, "epoch_time_s": 581.7004866919888}
{"event": "checkpoint_saved", "tag": "best_rmsae", "epoch": 15, "path": "IFAN_Edge/outputs/stage3/ifan_stage3_full40_lc_reference_hw2_20260428_102726/checkpoints/best_rmsae.pt", "val_rmsae_deg": 7.421233966946602}
Epoch 16/40:
Epoch 16:   1%|..........| 6/585 [00:00:05<00:08:46,  1.10it/s, loss=0.0213]
Epoch 16:   2%|..........| 12/585 [00:00:11<00:08:49,  1.08it/s, loss=0.0214]
Epoch 16:   3%|..........| 18/585 [00:00:16<00:08:47,  1.07it/s, loss=0.0224]
Epoch 16:   4%|..........| 24/585 [00:00:22<00:08:44,  1.07it/s, loss=0.0228]
Epoch 16:   5%|..........| 29/585 [00:00:27<00:08:55,  1.04it/s, loss=0.0229]
Epoch 16:   6%|..........| 34/585 [00:00:33<00:08:56,  1.03it/s, loss=0.0231]
Epoch 16:   7%|..........| 40/585 [00:00:38<00:08:44,  1.04it/s, loss=0.0227]
Epoch 16:   8%|..........| 46/585 [00:00:44<00:08:38,  1.04it/s, loss=0.0232]
Epoch 16:   9%|..........| 52/585 [00:00:49<00:08:30,  1.04it/s, loss=0.0239]
Epoch 16:  10%|..........| 57/585 [00:00:55<00:08:31,  1.03it/s, loss=0.0241]
Epoch 16:  11%|#.........| 63/585 [00:01:00<00:08:25,  1.03it/s, loss=0.0243]
Epoch 16:  12%|#.........| 69/585 [00:01:06<00:08:21,  1.03it/s, loss=0.0244]
Epoch 16:  13%|#.........| 74/585 [00:01:12<00:08:18,  1.02it/s, loss=0.0243]
Epoch 16:  14%|#.........| 80/585 [00:01:17<00:08:12,  1.03it/s, loss=0.0241]
Epoch 16:  15%|#.........| 86/585 [00:01:23<00:08:02,  1.03it/s, loss=0.0239]
Epoch 16:  16%|#.........| 91/585 [00:01:28<00:07:59,  1.03it/s, loss=0.0237]
Epoch 16:  17%|#.........| 97/585 [00:01:34<00:07:53,  1.03it/s, loss=0.0236]
Epoch 16:  18%|#.........| 103/585 [00:01:39<00:07:47,  1.03it/s, loss=0.0236]
Epoch 16:  18%|#.........| 108/585 [00:01:45<00:07:46,  1.02it/s, loss=0.0237]
Epoch 16:  19%|#.........| 113/585 [00:01:50<00:07:43,  1.02it/s, loss=0.0239]
Epoch 16:  20%|##........| 119/585 [00:01:56<00:07:35,  1.02it/s, loss=0.0237]
Epoch 16:  21%|##........| 124/585 [00:02:01<00:07:31,  1.02it/s, loss=0.0237]
Epoch 16:  22%|##........| 130/585 [00:02:06<00:07:24,  1.02it/s, loss=0.0237]
Epoch 16:  23%|##........| 136/585 [00:02:12<00:07:16,  1.03it/s, loss=0.0236]
Epoch 16:  24%|##........| 142/585 [00:02:17<00:07:08,  1.03it/s, loss=0.0236]
Epoch 16:  25%|##........| 148/585 [00:02:23<00:07:02,  1.03it/s, loss=0.0235]
Epoch 16:  26%|##........| 151/585 [00:02:28<00:07:06,  1.02it/s, loss=0.0235]
Epoch 16:  27%|##........| 157/585 [00:02:34<00:07:00,  1.02it/s, loss=0.0236]
Epoch 16:  28%|##........| 163/585 [00:02:40<00:06:54,  1.02it/s, loss=0.0235]
Epoch 16:  29%|##........| 168/585 [00:02:45<00:06:50,  1.02it/s, loss=0.0237]
Epoch 16:  30%|##........| 173/585 [00:02:50<00:06:45,  1.02it/s, loss=0.0237]
Epoch 16:  31%|###.......| 179/585 [00:02:56<00:06:39,  1.02it/s, loss=0.0237]
Epoch 16:  32%|###.......| 185/585 [00:03:01<00:06:33,  1.02it/s, loss=0.0237]
Epoch 16:  33%|###.......| 191/585 [00:03:07<00:06:26,  1.02it/s, loss=0.0237]
Epoch 16:  34%|###.......| 196/585 [00:03:12<00:06:21,  1.02it/s, loss=0.0237]
Epoch 16:  34%|###.......| 201/585 [00:03:17<00:06:17,  1.02it/s, loss=0.0237]
Epoch 16:  35%|###.......| 207/585 [00:03:23<00:06:11,  1.02it/s, loss=0.0237]
Epoch 16:  36%|###.......| 212/585 [00:03:29<00:06:08,  1.01it/s, loss=0.0237]
Epoch 16:  37%|###.......| 218/585 [00:03:34<00:06:01,  1.02it/s, loss=0.0237]
Epoch 16:  38%|###.......| 223/585 [00:03:40<00:05:57,  1.01it/s, loss=0.0238]
Epoch 16:  39%|###.......| 229/585 [00:03:46<00:05:51,  1.01it/s, loss=0.0250]
Epoch 16:  40%|####......| 235/585 [00:03:51<00:05:44,  1.01it/s, loss=0.0250]
Epoch 16:  41%|####......| 240/585 [00:03:56<00:05:40,  1.01it/s, loss=0.0250]
Epoch 16:  42%|####......| 246/585 [00:04:02<00:05:34,  1.01it/s, loss=0.0251]
Epoch 16:  43%|####......| 251/585 [00:04:07<00:05:30,  1.01it/s, loss=0.0251]
Epoch 16:  44%|####......| 257/585 [00:04:13<00:05:23,  1.01it/s, loss=0.0250]
Epoch 16:  45%|####......| 263/585 [00:04:18<00:05:16,  1.02it/s, loss=0.0249]
Epoch 16:  46%|####......| 269/585 [00:04:24<00:05:10,  1.02it/s, loss=0.0250]
Epoch 16:  47%|####......| 275/585 [00:04:30<00:05:04,  1.02it/s, loss=0.0251]
Epoch 16:  48%|####......| 281/585 [00:04:35<00:04:58,  1.02it/s, loss=0.0250]
Epoch 16:  49%|####......| 286/585 [00:04:41<00:04:54,  1.02it/s, loss=0.0250]
Epoch 16:  50%|####......| 291/585 [00:04:46<00:04:49,  1.02it/s, loss=0.0251]
Epoch 16:  51%|#####.....| 297/585 [00:04:51<00:04:42,  1.02it/s, loss=0.0251]
Epoch 16:  51%|#####.....| 301/585 [00:04:57<00:04:40,  1.01it/s, loss=0.0252]
Epoch 16:  52%|#####.....| 306/585 [00:05:02<00:04:35,  1.01it/s, loss=0.0251]
Epoch 16:  53%|#####.....| 312/585 [00:05:07<00:04:29,  1.01it/s, loss=0.0251]
Epoch 16:  54%|#####.....| 318/585 [00:05:13<00:04:22,  1.02it/s, loss=0.0251]
Epoch 16:  55%|#####.....| 324/585 [00:05:19<00:04:17,  1.01it/s, loss=0.0251]
Epoch 16:  56%|#####.....| 329/585 [00:05:24<00:04:12,  1.01it/s, loss=0.0250]
Epoch 16:  57%|#####.....| 335/585 [00:05:30<00:04:06,  1.01it/s, loss=0.0250]
Epoch 16:  58%|#####.....| 341/585 [00:05:36<00:04:00,  1.01it/s, loss=0.0250]
Epoch 16:  59%|#####.....| 346/585 [00:05:42<00:03:56,  1.01it/s, loss=0.0250]
Epoch 16:  60%|######....| 352/585 [00:05:47<00:03:50,  1.01it/s, loss=0.0250]
Epoch 16:  61%|######....| 357/585 [00:05:52<00:03:45,  1.01it/s, loss=0.0251]
Epoch 16:  62%|######....| 362/585 [00:05:57<00:03:40,  1.01it/s, loss=0.0251]
Epoch 16:  63%|######....| 368/585 [00:06:03<00:03:34,  1.01it/s, loss=0.0251]
Epoch 16:  64%|######....| 374/585 [00:06:08<00:03:27,  1.01it/s, loss=0.0250]
Epoch 16:  65%|######....| 380/585 [00:06:14<00:03:21,  1.02it/s, loss=0.0250]
Epoch 16:  66%|######....| 385/585 [00:06:19<00:03:17,  1.01it/s, loss=0.0250]
Epoch 16:  67%|######....| 391/585 [00:06:25<00:03:11,  1.01it/s, loss=0.0250]
Epoch 16:  68%|######....| 396/585 [00:06:30<00:03:06,  1.01it/s, loss=0.0249]
Epoch 16:  69%|######....| 402/585 [00:06:36<00:03:00,  1.01it/s, loss=0.0249]
Epoch 16:  70%|######....| 408/585 [00:06:41<00:02:54,  1.02it/s, loss=0.0249]
Epoch 16:  71%|#######...| 413/585 [00:06:47<00:02:49,  1.01it/s, loss=0.0249]
Epoch 16:  72%|#######...| 419/585 [00:06:52<00:02:43,  1.02it/s, loss=0.0249]
Epoch 16:  72%|#######...| 424/585 [00:06:57<00:02:38,  1.02it/s, loss=0.0249]
Epoch 16:  73%|#######...| 429/585 [00:07:02<00:02:33,  1.01it/s, loss=0.0249]
Epoch 16:  74%|#######...| 434/585 [00:07:08<00:02:29,  1.01it/s, loss=0.0248]
Epoch 16:  75%|#######...| 439/585 [00:07:14<00:02:24,  1.01it/s, loss=0.0251]
Epoch 16:  76%|#######...| 444/585 [00:07:19<00:02:19,  1.01it/s, loss=0.0251]
Epoch 16:  77%|#######...| 450/585 [00:07:25<00:02:13,  1.01it/s, loss=0.0251]
Epoch 16:  78%|#######...| 456/585 [00:07:31<00:02:07,  1.01it/s, loss=0.0251]
Epoch 16:  79%|#######...| 462/585 [00:07:36<00:02:01,  1.01it/s, loss=0.0251]
Epoch 16:  80%|#######...| 467/585 [00:07:41<00:01:56,  1.01it/s, loss=0.0250]
Epoch 16:  81%|########..| 473/585 [00:07:47<00:01:50,  1.01it/s, loss=0.0250]
Epoch 16:  82%|########..| 479/585 [00:07:52<00:01:44,  1.01it/s, loss=0.0250]
Epoch 16:  83%|########..| 485/585 [00:07:58<00:01:38,  1.01it/s, loss=0.0250]
Epoch 16:  84%|########..| 491/585 [00:08:04<00:01:32,  1.01it/s, loss=0.0250]
Epoch 16:  85%|########..| 497/585 [00:08:09<00:01:26,  1.01it/s, loss=0.0250]
Epoch 16:  86%|########..| 503/585 [00:08:15<00:01:20,  1.02it/s, loss=0.0250]
Epoch 16:  87%|########..| 508/585 [00:08:21<00:01:15,  1.01it/s, loss=0.0250]
Epoch 16:  88%|########..| 514/585 [00:08:27<00:01:10,  1.01it/s, loss=0.0250]
Epoch 16:  89%|########..| 520/585 [00:08:32<00:01:04,  1.01it/s, loss=0.0249]
Epoch 16:  90%|########..| 525/585 [00:08:38<00:00:59,  1.01it/s, loss=0.0250]
Epoch 16:  91%|#########.| 531/585 [00:08:44<00:00:53,  1.01it/s, loss=0.0250]
Epoch 16:  92%|#########.| 536/585 [00:08:49<00:00:48,  1.01it/s, loss=0.0250]
Epoch 16:  92%|#########.| 541/585 [00:08:55<00:00:43,  1.01it/s, loss=0.0250]
Epoch 16:  94%|#########.| 547/585 [00:09:00<00:00:37,  1.01it/s, loss=0.0250]
Epoch 16:  95%|#########.| 553/585 [00:09:05<00:00:31,  1.01it/s, loss=0.0249]
Epoch 16:  96%|#########.| 559/585 [00:09:11<00:00:25,  1.01it/s, loss=0.0249]
Epoch 16:  96%|#########.| 564/585 [00:09:16<00:00:20,  1.01it/s, loss=0.0248]
Epoch 16:  97%|#########.| 568/585 [00:09:22<00:00:16,  1.01it/s, loss=0.0249]
Epoch 16:  98%|#########.| 573/585 [00:09:27<00:00:11,  1.01it/s, loss=0.0249]
Epoch 16:  99%|#########.| 579/585 [00:09:32<00:00:05,  1.01it/s, loss=0.0249]
Epoch 16: 100%|##########| 585/585 [00:09:38<00:00:00,  1.01it/s, loss=0.0248]
Test loss: 0.0264, Test rmsae: 8.20deg
{"event": "epoch_complete", "epoch": 16, "phase": 1, "lr": 0.0001, "batch_size": 1, "micro_batch_size": 1, "train_loss": 0.024833186300328144, "val_loss": 0.026426838943734765, "val_rmsae_deg": 8.199372589588165, "epoch_time_s": 579.0117172140162}
Epoch 17/40:
Epoch 17:   1%|..........| 5/585 [00:00:05<00:09:48,  0.99it/s, loss=0.0269]
Epoch 17:   2%|..........| 10/585 [00:00:11<00:10:34,  0.91it/s, loss=0.0270]
Epoch 17:   3%|..........| 16/585 [00:00:17<00:10:14,  0.93it/s, loss=0.0257]
Epoch 17:   4%|..........| 22/585 [00:00:22<00:09:44,  0.96it/s, loss=0.0253]
Epoch 17:   5%|..........| 28/585 [00:00:28<00:09:22,  0.99it/s, loss=0.0251]
Epoch 17:   6%|..........| 34/585 [00:00:34<00:09:15,  0.99it/s, loss=0.0273]
Epoch 17:   7%|..........| 40/585 [00:00:40<00:09:07,  1.00it/s, loss=0.0268]
Epoch 17:   8%|..........| 46/585 [00:00:45<00:08:56,  1.00it/s, loss=0.0262]
Epoch 17:   9%|..........| 52/585 [00:00:51<00:08:47,  1.01it/s, loss=0.0258]
Epoch 17:  10%|..........| 57/585 [00:00:56<00:08:44,  1.01it/s, loss=0.0258]
Epoch 17:  11%|#.........| 62/585 [00:01:02<00:08:46,  0.99it/s, loss=0.0275]
Epoch 17:  11%|#.........| 67/585 [00:01:07<00:08:45,  0.99it/s, loss=0.0278]
Epoch 17:  12%|#.........| 72/585 [00:01:13<00:08:41,  0.98it/s, loss=0.0280]
Epoch 17:  13%|#.........| 78/585 [00:01:18<00:08:32,  0.99it/s, loss=0.0280]
Epoch 17:  14%|#.........| 84/585 [00:01:24<00:08:25,  0.99it/s, loss=0.0278]
Epoch 17:  15%|#.........| 89/585 [00:01:30<00:08:23,  0.98it/s, loss=0.0278]
Epoch 17:  16%|#.........| 95/585 [00:01:35<00:08:14,  0.99it/s, loss=0.0277]
Epoch 17:  17%|#.........| 100/585 [00:01:40<00:08:09,  0.99it/s, loss=0.0276]
Epoch 17:  18%|#.........| 106/585 [00:01:46<00:08:00,  1.00it/s, loss=0.0274]
Epoch 17:  19%|#.........| 112/585 [00:01:52<00:07:56,  0.99it/s, loss=0.0272]
Epoch 17:  20%|##........| 118/585 [00:01:58<00:07:47,  1.00it/s, loss=0.0270]
Epoch 17:  21%|##........| 124/585 [00:02:04<00:07:42,  1.00it/s, loss=0.0268]
Epoch 17:  22%|##........| 130/585 [00:02:09<00:07:34,  1.00it/s, loss=0.0267]
Epoch 17:  23%|##........| 136/585 [00:02:15<00:07:28,  1.00it/s, loss=0.0266]
Epoch 17:  24%|##........| 142/585 [00:02:21<00:07:21,  1.00it/s, loss=0.0267]
Epoch 17:  25%|##........| 148/585 [00:02:26<00:07:13,  1.01it/s, loss=0.0265]
Epoch 17:  26%|##........| 154/585 [00:02:32<00:07:05,  1.01it/s, loss=0.0264]
Epoch 17:  27%|##........| 159/585 [00:02:37<00:07:03,  1.01it/s, loss=0.0264]
Epoch 17:  28%|##........| 165/585 [00:02:43<00:06:56,  1.01it/s, loss=0.0264]
Epoch 17:  29%|##........| 170/585 [00:02:49<00:06:53,  1.00it/s, loss=0.0265]
Epoch 17:  30%|###.......| 176/585 [00:02:54<00:06:45,  1.01it/s, loss=0.0264]
Epoch 17:  31%|###.......| 181/585 [00:03:00<00:06:42,  1.00it/s, loss=0.0264]
Epoch 17:  32%|###.......| 187/585 [00:03:05<00:06:35,  1.01it/s, loss=0.0262]
Epoch 17:  33%|###.......| 192/585 [00:03:11<00:06:32,  1.00it/s, loss=0.0263]
Epoch 17:  34%|###.......| 198/585 [00:03:17<00:06:26,  1.00it/s, loss=0.0263]
Epoch 17:  35%|###.......| 204/585 [00:03:23<00:06:19,  1.00it/s, loss=0.0262]
Epoch 17:  36%|###.......| 210/585 [00:03:28<00:06:12,  1.01it/s, loss=0.0261]
Epoch 17:  37%|###.......| 215/585 [00:03:33<00:06:07,  1.01it/s, loss=0.0261]
Epoch 17:  38%|###.......| 220/585 [00:03:39<00:06:03,  1.00it/s, loss=0.0261]
Epoch 17:  38%|###.......| 225/585 [00:03:44<00:05:59,  1.00it/s, loss=0.0261]
Epoch 17:  39%|###.......| 231/585 [00:03:50<00:05:52,  1.00it/s, loss=0.0261]
Epoch 17:  41%|####......| 237/585 [00:03:55<00:05:45,  1.01it/s, loss=0.0260]
Epoch 17:  41%|####......| 242/585 [00:04:00<00:05:41,  1.01it/s, loss=0.0260]
Epoch 17:  42%|####......| 248/585 [00:04:06<00:05:34,  1.01it/s, loss=0.0258]
Epoch 17:  43%|####......| 254/585 [00:04:11<00:05:28,  1.01it/s, loss=0.0257]
Epoch 17:  44%|####......| 260/585 [00:04:17<00:05:21,  1.01it/s, loss=0.0257]
Epoch 17:  45%|####......| 266/585 [00:04:23<00:05:15,  1.01it/s, loss=0.0257]
Epoch 17:  46%|####......| 272/585 [00:04:28<00:05:09,  1.01it/s, loss=0.0256]
Epoch 17:  48%|####......| 278/585 [00:04:34<00:05:03,  1.01it/s, loss=0.0256]
Epoch 17:  49%|####......| 284/585 [00:04:40<00:04:57,  1.01it/s, loss=0.0255]
Epoch 17:  50%|####......| 290/585 [00:04:46<00:04:51,  1.01it/s, loss=0.0255]
Epoch 17:  51%|#####.....| 296/585 [00:04:51<00:04:44,  1.01it/s, loss=0.0254]
Epoch 17:  52%|#####.....| 302/585 [00:04:57<00:04:38,  1.02it/s, loss=0.0254]
Epoch 17:  53%|#####.....| 308/585 [00:05:03<00:04:32,  1.02it/s, loss=0.0253]
Epoch 17:  54%|#####.....| 314/585 [00:05:08<00:04:26,  1.02it/s, loss=0.0253]
Epoch 17:  55%|#####.....| 320/585 [00:05:14<00:04:20,  1.02it/s, loss=0.0253]
Epoch 17:  56%|#####.....| 326/585 [00:05:20<00:04:14,  1.02it/s, loss=0.0252]
Epoch 17:  57%|#####.....| 332/585 [00:05:25<00:04:07,  1.02it/s, loss=0.0251]
Epoch 17:  58%|#####.....| 337/585 [00:05:31<00:04:03,  1.02it/s, loss=0.0251]
Epoch 17:  58%|#####.....| 341/585 [00:05:36<00:04:00,  1.01it/s, loss=0.0251]
Epoch 17:  59%|#####.....| 347/585 [00:05:42<00:03:55,  1.01it/s, loss=0.0251]
Epoch 17:  60%|######....| 352/585 [00:05:48<00:03:50,  1.01it/s, loss=0.0251]
Epoch 17:  61%|######....| 357/585 [00:05:53<00:03:45,  1.01it/s, loss=0.0251]
Epoch 17:  62%|######....| 363/585 [00:05:59<00:03:39,  1.01it/s, loss=0.0250]
Epoch 17:  63%|######....| 369/585 [00:06:05<00:03:33,  1.01it/s, loss=0.0251]
Epoch 17:  64%|######....| 375/585 [00:06:10<00:03:27,  1.01it/s, loss=0.0251]
Epoch 17:  65%|######....| 381/585 [00:06:16<00:03:21,  1.01it/s, loss=0.0251]
Epoch 17:  66%|######....| 386/585 [00:06:21<00:03:16,  1.01it/s, loss=0.0251]
Epoch 17:  67%|######....| 391/585 [00:06:26<00:03:11,  1.01it/s, loss=0.0250]
Epoch 17:  68%|######....| 397/585 [00:06:32<00:03:05,  1.01it/s, loss=0.0250]
Epoch 17:  69%|######....| 403/585 [00:06:38<00:02:59,  1.01it/s, loss=0.0250]
Epoch 17:  70%|######....| 408/585 [00:06:43<00:02:55,  1.01it/s, loss=0.0250]
Epoch 17:  71%|#######...| 413/585 [00:06:48<00:02:50,  1.01it/s, loss=0.0249]
Epoch 17:  72%|#######...| 419/585 [00:06:54<00:02:44,  1.01it/s, loss=0.0249]
Epoch 17:  73%|#######...| 425/585 [00:07:00<00:02:38,  1.01it/s, loss=0.0248]
Epoch 17:  74%|#######...| 431/585 [00:07:06<00:02:32,  1.01it/s, loss=0.0248]
Epoch 17:  75%|#######...| 436/585 [00:07:11<00:02:27,  1.01it/s, loss=0.0248]
Epoch 17:  76%|#######...| 442/585 [00:07:17<00:02:21,  1.01it/s, loss=0.0248]
Epoch 17:  76%|#######...| 447/585 [00:07:22<00:02:16,  1.01it/s, loss=0.0247]
Epoch 17:  77%|#######...| 452/585 [00:07:28<00:02:11,  1.01it/s, loss=0.0248]
Epoch 17:  78%|#######...| 458/585 [00:07:34<00:02:05,  1.01it/s, loss=0.0248]
Epoch 17:  79%|#######...| 463/585 [00:07:39<00:02:01,  1.01it/s, loss=0.0247]
Epoch 17:  80%|########..| 469/585 [00:07:44<00:01:54,  1.01it/s, loss=0.0247]
Epoch 17:  81%|########..| 474/585 [00:07:49<00:01:50,  1.01it/s, loss=0.0247]
Epoch 17:  82%|########..| 480/585 [00:07:55<00:01:43,  1.01it/s, loss=0.0246]
Epoch 17:  83%|########..| 485/585 [00:08:00<00:01:38,  1.01it/s, loss=0.0246]
Epoch 17:  84%|########..| 491/585 [00:08:05<00:01:32,  1.01it/s, loss=0.0245]
Epoch 17:  85%|########..| 496/585 [00:08:10<00:01:28,  1.01it/s, loss=0.0245]
Epoch 17:  86%|########..| 501/585 [00:08:16<00:01:23,  1.01it/s, loss=0.0245]
Epoch 17:  86%|########..| 505/585 [00:08:21<00:01:19,  1.01it/s, loss=0.0245]
Epoch 17:  87%|########..| 510/585 [00:08:26<00:01:14,  1.01it/s, loss=0.0245]
Epoch 17:  88%|########..| 516/585 [00:08:32<00:01:08,  1.01it/s, loss=0.0244]
Epoch 17:  89%|########..| 521/585 [00:08:38<00:01:03,  1.01it/s, loss=0.0244]
Epoch 17:  90%|#########.| 527/585 [00:08:43<00:00:57,  1.01it/s, loss=0.0244]
Epoch 17:  91%|#########.| 533/585 [00:08:49<00:00:51,  1.01it/s, loss=0.0244]
Epoch 17:  92%|#########.| 539/585 [00:08:54<00:00:45,  1.01it/s, loss=0.0244]
Epoch 17:  93%|#########.| 545/585 [00:09:00<00:00:39,  1.01it/s, loss=0.0244]
Epoch 17:  94%|#########.| 550/585 [00:09:05<00:00:34,  1.01it/s, loss=0.0244]
Epoch 17:  95%|#########.| 556/585 [00:09:11<00:00:28,  1.01it/s, loss=0.0244]
Epoch 17:  96%|#########.| 562/585 [00:09:16<00:00:22,  1.01it/s, loss=0.0244]
Epoch 17:  97%|#########.| 568/585 [00:09:22<00:00:16,  1.01it/s, loss=0.0244]
Epoch 17:  98%|#########.| 573/585 [00:09:27<00:00:11,  1.01it/s, loss=0.0243]
Epoch 17:  99%|#########.| 579/585 [00:09:33<00:00:05,  1.01it/s, loss=0.0243]
Epoch 17: 100%|##########| 585/585 [00:09:38<00:00:00,  1.01it/s, loss=0.0243]
Test loss: 0.0246, Test rmsae: 7.13deg
{"event": "epoch_complete", "epoch": 17, "phase": 1, "lr": 0.0001, "batch_size": 1, "micro_batch_size": 1, "train_loss": 0.024331824947944565, "val_loss": 0.024636487301904708, "val_rmsae_deg": 7.128970384597778, "epoch_time_s": 579.7604970529792}
{"event": "checkpoint_saved", "tag": "best_rmsae", "epoch": 17, "path": "IFAN_Edge/outputs/stage3/ifan_stage3_full40_lc_reference_hw2_20260428_102726/checkpoints/best_rmsae.pt", "val_rmsae_deg": 7.128970384597778}
Epoch 18/40:
Epoch 18:   1%|..........| 5/585 [00:00:05<00:09:49,  0.98it/s, loss=0.0254]
Epoch 18:   2%|..........| 10/585 [00:00:10<00:09:55,  0.97it/s, loss=0.0230]
Epoch 18:   3%|..........| 16/585 [00:00:16<00:09:31,  1.00it/s, loss=0.0227]
Epoch 18:   4%|..........| 21/585 [00:00:21<00:09:32,  0.99it/s, loss=0.0237]
Epoch 18:   5%|..........| 27/585 [00:00:26<00:09:17,  1.00it/s, loss=0.0233]
Epoch 18:   6%|..........| 33/585 [00:00:32<00:08:58,  1.03it/s, loss=0.0233]
Epoch 18:   6%|..........| 38/585 [00:00:37<00:09:05,  1.00it/s, loss=0.0238]
Epoch 18:   8%|..........| 44/585 [00:00:43<00:08:52,  1.02it/s, loss=0.0235]
Epoch 18:   9%|..........| 50/585 [00:00:48<00:08:39,  1.03it/s, loss=0.0232]
Epoch 18:  10%|..........| 56/585 [00:00:54<00:08:32,  1.03it/s, loss=0.0237]
Epoch 18:  11%|#.........| 62/585 [00:01:00<00:08:26,  1.03it/s, loss=0.0238]
Epoch 18:  12%|#.........| 68/585 [00:01:05<00:08:18,  1.04it/s, loss=0.0238]
Epoch 18:  12%|#.........| 73/585 [00:01:11<00:08:20,  1.02it/s, loss=0.0239]
Epoch 18:  14%|#.........| 79/585 [00:01:16<00:08:10,  1.03it/s, loss=0.0238]
Epoch 18:  15%|#.........| 85/585 [00:01:22<00:08:06,  1.03it/s, loss=0.0236]
Epoch 18:  16%|#.........| 91/585 [00:01:29<00:08:07,  1.01it/s, loss=0.0236]
Epoch 18:  17%|#.........| 97/585 [00:01:35<00:08:00,  1.02it/s, loss=0.0236]
Epoch 18:  17%|#.........| 102/585 [00:01:40<00:07:57,  1.01it/s, loss=0.0237]
Epoch 18:  18%|#.........| 108/585 [00:01:47<00:07:52,  1.01it/s, loss=0.0236]
Epoch 18:  19%|#.........| 113/585 [00:01:52<00:07:48,  1.01it/s, loss=0.0235]
Epoch 18:  20%|##........| 118/585 [00:01:57<00:07:44,  1.01it/s, loss=0.0235]
Epoch 18:  21%|##........| 124/585 [00:02:03<00:07:37,  1.01it/s, loss=0.0240]
Epoch 18:  22%|##........| 130/585 [00:02:08<00:07:30,  1.01it/s, loss=0.0239]
Epoch 18:  23%|##........| 136/585 [00:02:14<00:07:24,  1.01it/s, loss=0.0240]
Epoch 18:  24%|##........| 142/585 [00:02:20<00:07:18,  1.01it/s, loss=0.0238]
Epoch 18:  25%|##........| 148/585 [00:02:26<00:07:12,  1.01it/s, loss=0.0238]
Epoch 18:  26%|##........| 153/585 [00:02:31<00:07:07,  1.01it/s, loss=0.0237]
Epoch 18:  27%|##........| 158/585 [00:02:36<00:07:03,  1.01it/s, loss=0.0239]
Epoch 18:  28%|##........| 163/585 [00:02:42<00:07:00,  1.00it/s, loss=0.0239]
Epoch 18:  29%|##........| 169/585 [00:02:48<00:06:53,  1.01it/s, loss=0.0239]
Epoch 18:  30%|##........| 174/585 [00:02:53<00:06:49,  1.00it/s, loss=0.0238]
Epoch 18:  31%|###.......| 179/585 [00:02:58<00:06:44,  1.00it/s, loss=0.0239]
Epoch 18:  32%|###.......| 185/585 [00:03:04<00:06:38,  1.00it/s, loss=0.0237]
Epoch 18:  33%|###.......| 191/585 [00:03:10<00:06:33,  1.00it/s, loss=0.0237]
Epoch 18:  34%|###.......| 197/585 [00:03:16<00:06:27,  1.00it/s, loss=0.0239]
Epoch 18:  35%|###.......| 203/585 [00:03:22<00:06:20,  1.00it/s, loss=0.0240]
Epoch 18:  36%|###.......| 208/585 [00:03:27<00:06:15,  1.00it/s, loss=0.0240]
Epoch 18:  36%|###.......| 213/585 [00:03:32<00:06:11,  1.00it/s, loss=0.0240]
Epoch 18:  37%|###.......| 219/585 [00:03:38<00:06:04,  1.00it/s, loss=0.0241]
Epoch 18:  38%|###.......| 225/585 [00:03:43<00:05:58,  1.01it/s, loss=0.0241]
Epoch 18:  39%|###.......| 230/585 [00:03:49<00:05:53,  1.00it/s, loss=0.0243]
Epoch 18:  40%|####......| 235/585 [00:03:54<00:05:48,  1.00it/s, loss=0.0244]
Epoch 18:  41%|####......| 241/585 [00:03:59<00:05:41,  1.01it/s, loss=0.0244]
Epoch 18:  42%|####......| 246/585 [00:04:04<00:05:37,  1.00it/s, loss=0.0245]
Epoch 18:  43%|####......| 252/585 [00:04:10<00:05:31,  1.01it/s, loss=0.0245]
Epoch 18:  44%|####......| 257/585 [00:04:16<00:05:27,  1.00it/s, loss=0.0245]
Epoch 18:  45%|####......| 263/585 [00:04:22<00:05:20,  1.00it/s, loss=0.0245]
Epoch 18:  46%|####......| 269/585 [00:04:27<00:05:14,  1.00it/s, loss=0.0245]
Epoch 18:  47%|####......| 275/585 [00:04:34<00:05:09,  1.00it/s, loss=0.0245]
Epoch 18:  48%|####......| 280/585 [00:04:39<00:05:04,  1.00it/s, loss=0.0245]
Epoch 18:  49%|####......| 285/585 [00:04:44<00:04:59,  1.00it/s, loss=0.0245]
Epoch 18:  50%|####......| 291/585 [00:04:50<00:04:53,  1.00it/s, loss=0.0245]
Epoch 18:  51%|#####.....| 296/585 [00:04:55<00:04:48,  1.00it/s, loss=0.0245]
Epoch 18:  52%|#####.....| 302/585 [00:05:00<00:04:42,  1.00it/s, loss=0.0245]
Epoch 18:  53%|#####.....| 308/585 [00:05:06<00:04:35,  1.00it/s, loss=0.0245]
Epoch 18:  54%|#####.....| 313/585 [00:05:11<00:04:31,  1.00it/s, loss=0.0245]
Epoch 18:  54%|#####.....| 318/585 [00:05:17<00:04:26,  1.00it/s, loss=0.0244]
Epoch 18:  55%|#####.....| 324/585 [00:05:23<00:04:20,  1.00it/s, loss=0.0244]
Epoch 18:  56%|#####.....| 329/585 [00:05:28<00:04:15,  1.00it/s, loss=0.0244]
Epoch 18:  57%|#####.....| 334/585 [00:05:34<00:04:11,  1.00it/s, loss=0.0244]
Epoch 18:  58%|#####.....| 339/585 [00:05:39<00:04:06,  1.00it/s, loss=0.0243]
Epoch 18:  59%|#####.....| 345/585 [00:05:45<00:04:00,  1.00it/s, loss=0.0243]
Epoch 18:  60%|######....| 351/585 [00:05:50<00:03:53,  1.00it/s, loss=0.0243]
Epoch 18:  61%|######....| 357/585 [00:05:56<00:03:47,  1.00it/s, loss=0.0244]
Epoch 18:  62%|######....| 363/585 [00:06:02<00:03:41,  1.00it/s, loss=0.0244]
Epoch 18:  63%|######....| 369/585 [00:06:07<00:03:35,  1.00it/s, loss=0.0244]
Epoch 18:  64%|######....| 374/585 [00:06:13<00:03:30,  1.00it/s, loss=0.0244]
Epoch 18:  65%|######....| 380/585 [00:06:19<00:03:24,  1.00it/s, loss=0.0244]
Epoch 18:  66%|######....| 386/585 [00:06:24<00:03:18,  1.00it/s, loss=0.0243]
Epoch 18:  67%|######....| 391/585 [00:06:29<00:03:13,  1.00it/s, loss=0.0243]
Epoch 18:  68%|######....| 397/585 [00:06:34<00:03:06,  1.01it/s, loss=0.0242]
Epoch 18:  69%|######....| 403/585 [00:06:41<00:03:01,  1.00it/s, loss=0.0242]
Epoch 18:  70%|######....| 409/585 [00:06:47<00:02:55,  1.00it/s, loss=0.0241]
Epoch 18:  71%|#######...| 414/585 [00:06:53<00:02:50,  1.00it/s, loss=0.0241]
Epoch 18:  72%|#######...| 419/585 [00:06:58<00:02:45,  1.00it/s, loss=0.0241]
Epoch 18:  72%|#######...| 424/585 [00:07:04<00:02:41,  1.00it/s, loss=0.0241]
Epoch 18:  74%|#######...| 430/585 [00:07:11<00:02:35,  1.00it/s, loss=0.0241]
Epoch 18:  75%|#######...| 436/585 [00:07:16<00:02:29,  1.00it/s, loss=0.0241]
Epoch 18:  75%|#######...| 441/585 [00:07:21<00:02:24,  1.00it/s, loss=0.0241]
Epoch 18:  76%|#######...| 447/585 [00:07:26<00:02:17,  1.00it/s, loss=0.0241]
Epoch 18:  77%|#######...| 453/585 [00:07:32<00:02:11,  1.00it/s, loss=0.0241]
Epoch 18:  78%|#######...| 459/585 [00:07:38<00:02:05,  1.00it/s, loss=0.0241]
Epoch 18:  79%|#######...| 464/585 [00:07:43<00:02:00,  1.00it/s, loss=0.0241]
Epoch 18:  80%|########..| 469/585 [00:07:48<00:01:55,  1.00it/s, loss=0.0241]
Epoch 18:  81%|########..| 474/585 [00:07:53<00:01:50,  1.00it/s, loss=0.0241]
Epoch 18:  82%|########..| 479/585 [00:07:58<00:01:45,  1.00it/s, loss=0.0241]
Epoch 18:  83%|########..| 484/585 [00:08:04<00:01:41,  1.00it/s, loss=0.0241]
Epoch 18:  84%|########..| 490/585 [00:08:09<00:01:34,  1.00it/s, loss=0.0241]
Epoch 18:  85%|########..| 496/585 [00:08:16<00:01:29,  1.00it/s, loss=0.0241]
Epoch 18:  86%|########..| 502/585 [00:08:21<00:01:22,  1.00it/s, loss=0.0241]
Epoch 18:  87%|########..| 508/585 [00:08:27<00:01:16,  1.00it/s, loss=0.0241]
Epoch 18:  88%|########..| 514/585 [00:08:32<00:01:10,  1.00it/s, loss=0.0241]
Epoch 18:  89%|########..| 519/585 [00:08:38<00:01:05,  1.00it/s, loss=0.0240]
Epoch 18:  90%|########..| 525/585 [00:08:43<00:00:59,  1.00it/s, loss=0.0240]
Epoch 18:  91%|#########.| 531/585 [00:08:49<00:00:53,  1.00it/s, loss=0.0240]
Epoch 18:  92%|#########.| 537/585 [00:08:55<00:00:47,  1.00it/s, loss=0.0240]
Epoch 18:  93%|#########.| 543/585 [00:09:00<00:00:41,  1.00it/s, loss=0.0240]
Epoch 18:  94%|#########.| 548/585 [00:09:06<00:00:36,  1.00it/s, loss=0.0241]
Epoch 18:  95%|#########.| 554/585 [00:09:11<00:00:30,  1.00it/s, loss=0.0240]
Epoch 18:  96%|#########.| 560/585 [00:09:17<00:00:24,  1.00it/s, loss=0.0240]
Epoch 18:  97%|#########.| 565/585 [00:09:23<00:00:19,  1.00it/s, loss=0.0240]
Epoch 18:  97%|#########.| 570/585 [00:09:28<00:00:14,  1.00it/s, loss=0.0240]
Epoch 18:  98%|#########.| 575/585 [00:09:33<00:00:09,  1.00it/s, loss=0.0240]
Epoch 18:  99%|#########.| 581/585 [00:09:39<00:00:03,  1.00it/s, loss=0.0240]
Epoch 18: 100%|##########| 585/585 [00:09:42<00:00:00,  1.00it/s, loss=0.0240]
Test loss: 0.0243, Test rmsae: 6.60deg
{"event": "epoch_complete", "epoch": 18, "phase": 1, "lr": 0.0001, "batch_size": 1, "micro_batch_size": 1, "train_loss": 0.023960191226349428, "val_loss": 0.02433189726434648, "val_rmsae_deg": 6.597941800951958, "epoch_time_s": 583.694410488999}
{"event": "checkpoint_saved", "tag": "best_rmsae", "epoch": 18, "path": "IFAN_Edge/outputs/stage3/ifan_stage3_full40_lc_reference_hw2_20260428_102726/checkpoints/best_rmsae.pt", "val_rmsae_deg": 6.597941800951958}
Epoch 19/40:
Epoch 19:   1%|..........| 5/585 [00:00:05<00:10:52,  0.89it/s, loss=0.0322]
Epoch 19:   2%|..........| 11/585 [00:00:11<00:09:51,  0.97it/s, loss=0.0291]
Epoch 19:   3%|..........| 17/585 [00:00:17<00:09:34,  0.99it/s, loss=0.0265]
Epoch 19:   4%|..........| 22/585 [00:00:22<00:09:31,  0.99it/s, loss=0.0267]
Epoch 19:   5%|..........| 27/585 [00:00:28<00:09:50,  0.95it/s, loss=0.0259]
Epoch 19:   5%|..........| 32/585 [00:00:33<00:09:43,  0.95it/s, loss=0.0255]
Epoch 19:   6%|..........| 36/585 [00:00:38<00:09:52,  0.93it/s, loss=0.0263]
Epoch 19:   7%|..........| 42/585 [00:00:45<00:09:44,  0.93it/s, loss=0.0259]
Epoch 19:   8%|..........| 48/585 [00:00:50<00:09:21,  0.96it/s, loss=0.0253]
Epoch 19:   9%|..........| 54/585 [00:00:55<00:09:08,  0.97it/s, loss=0.0251]
Epoch 19:  10%|#.........| 59/585 [00:01:01<00:09:05,  0.96it/s, loss=0.0251]
Epoch 19:  11%|#.........| 64/585 [00:01:06<00:09:02,  0.96it/s, loss=0.0258]
Epoch 19:  12%|#.........| 70/585 [00:01:12<00:08:50,  0.97it/s, loss=0.0257]
Epoch 19:  13%|#.........| 76/585 [00:01:17<00:08:41,  0.98it/s, loss=0.0255]
Epoch 19:  14%|#.........| 81/585 [00:01:23<00:08:37,  0.97it/s, loss=0.0257]
Epoch 19:  15%|#.........| 86/585 [00:01:28<00:08:32,  0.97it/s, loss=0.0255]
Epoch 19:  16%|#.........| 92/585 [00:01:33<00:08:22,  0.98it/s, loss=0.0251]
Epoch 19:  17%|#.........| 98/585 [00:01:39<00:08:15,  0.98it/s, loss=0.0250]
Epoch 19:  18%|#.........| 104/585 [00:01:45<00:08:06,  0.99it/s, loss=0.0249]
Epoch 19:  19%|#.........| 109/585 [00:01:50<00:08:01,  0.99it/s, loss=0.0248]
Epoch 19:  20%|#.........| 115/585 [00:01:56<00:07:54,  0.99it/s, loss=0.0249]
Epoch 19:  21%|##........| 120/585 [00:02:01<00:07:49,  0.99it/s, loss=0.0247]
Epoch 19:  21%|##........| 125/585 [00:02:06<00:07:45,  0.99it/s, loss=0.0247]
Epoch 19:  22%|##........| 131/585 [00:02:13<00:07:41,  0.98it/s, loss=0.0247]
Epoch 19:  23%|##........| 137/585 [00:02:19<00:07:34,  0.99it/s, loss=0.0247]
Epoch 19:  24%|##........| 143/585 [00:02:24<00:07:26,  0.99it/s, loss=0.0245]
Epoch 19:  25%|##........| 148/585 [00:02:30<00:07:23,  0.99it/s, loss=0.0245]
Epoch 19:  26%|##........| 154/585 [00:02:36<00:07:16,  0.99it/s, loss=0.0243]
Epoch 19:  27%|##........| 160/585 [00:02:41<00:07:09,  0.99it/s, loss=0.0244]
Epoch 19:  28%|##........| 166/585 [00:02:47<00:07:03,  0.99it/s, loss=0.0244]
Epoch 19:  29%|##........| 172/585 [00:02:53<00:06:56,  0.99it/s, loss=0.0244]
Epoch 19:  30%|###.......| 178/585 [00:02:58<00:06:48,  1.00it/s, loss=0.0244]
Epoch 19:  31%|###.......| 184/585 [00:03:04<00:06:41,  1.00it/s, loss=0.0245]
Epoch 19:  32%|###.......| 190/585 [00:03:10<00:06:35,  1.00it/s, loss=0.0251]
Epoch 19:  34%|###.......| 196/585 [00:03:16<00:06:29,  1.00it/s, loss=0.0250]
Epoch 19:  34%|###.......| 201/585 [00:03:21<00:06:24,  1.00it/s, loss=0.0250]
Epoch 19:  35%|###.......| 207/585 [00:03:26<00:06:17,  1.00it/s, loss=0.0250]
Epoch 19:  36%|###.......| 213/585 [00:03:32<00:06:11,  1.00it/s, loss=0.0250]
Epoch 19:  37%|###.......| 218/585 [00:03:37<00:06:06,  1.00it/s, loss=0.0249]
Epoch 19:  38%|###.......| 223/585 [00:03:43<00:06:02,  1.00it/s, loss=0.0249]
Epoch 19:  39%|###.......| 229/585 [00:03:48<00:05:55,  1.00it/s, loss=0.0250]
Epoch 19:  40%|####......| 235/585 [00:03:54<00:05:49,  1.00it/s, loss=0.0249]
Epoch 19:  41%|####......| 240/585 [00:03:59<00:05:44,  1.00it/s, loss=0.0249]
Epoch 19:  42%|####......| 245/585 [00:04:04<00:05:39,  1.00it/s, loss=0.0248]
Epoch 19:  43%|####......| 250/585 [00:04:10<00:05:35,  1.00it/s, loss=0.0248]
Epoch 19:  44%|####......| 256/585 [00:04:16<00:05:29,  1.00it/s, loss=0.0248]
Epoch 19:  45%|####......| 261/585 [00:04:21<00:05:24,  1.00it/s, loss=0.0248]
Epoch 19:  46%|####......| 267/585 [00:04:27<00:05:18,  1.00it/s, loss=0.0248]
Epoch 19:  47%|####......| 273/585 [00:04:33<00:05:12,  1.00it/s, loss=0.0248]
Epoch 19:  48%|####......| 280/585 [00:04:39<00:05:04,  1.00it/s, loss=0.0248]
Epoch 19:  49%|####......| 286/585 [00:04:45<00:04:58,  1.00it/s, loss=0.0248]
Epoch 19:  50%|####......| 292/585 [00:04:50<00:04:51,  1.00it/s, loss=0.0248]
Epoch 19:  51%|#####.....| 298/585 [00:04:55<00:04:44,  1.01it/s, loss=0.0248]
Epoch 19:  52%|#####.....| 302/585 [00:05:01<00:04:42,  1.00it/s, loss=0.0248]
Epoch 19:  53%|#####.....| 308/585 [00:05:06<00:04:36,  1.00it/s, loss=0.0248]
Epoch 19:  54%|#####.....| 314/585 [00:05:12<00:04:29,  1.00it/s, loss=0.0248]
Epoch 19:  55%|#####.....| 320/585 [00:05:17<00:04:23,  1.01it/s, loss=0.0248]
Epoch 19:  56%|#####.....| 326/585 [00:05:23<00:04:16,  1.01it/s, loss=0.0247]
Epoch 19:  57%|#####.....| 332/585 [00:05:28<00:04:10,  1.01it/s, loss=0.0246]
Epoch 19:  57%|#####.....| 336/585 [00:05:33<00:04:07,  1.01it/s, loss=0.0247]
Epoch 19:  58%|#####.....| 341/585 [00:05:39<00:04:02,  1.01it/s, loss=0.0246]
Epoch 19:  59%|#####.....| 347/585 [00:05:44<00:03:56,  1.01it/s, loss=0.0245]
Epoch 19:  60%|######....| 352/585 [00:05:49<00:03:51,  1.01it/s, loss=0.0245]
Epoch 19:  61%|######....| 357/585 [00:05:55<00:03:46,  1.00it/s, loss=0.0245]
Epoch 19:  62%|######....| 362/585 [00:06:00<00:03:42,  1.00it/s, loss=0.0244]
Epoch 19:  63%|######....| 367/585 [00:06:05<00:03:37,  1.00it/s, loss=0.0244]
Epoch 19:  64%|######....| 373/585 [00:06:11<00:03:31,  1.00it/s, loss=0.0244]
Epoch 19:  65%|######....| 379/585 [00:06:17<00:03:25,  1.00it/s, loss=0.0243]
Epoch 19:  66%|######....| 385/585 [00:06:23<00:03:19,  1.00it/s, loss=0.0243]
Epoch 19:  67%|######....| 391/585 [00:06:28<00:03:12,  1.01it/s, loss=0.0243]
Epoch 19:  68%|######....| 396/585 [00:06:33<00:03:08,  1.01it/s, loss=0.0243]
Epoch 19:  69%|######....| 402/585 [00:06:39<00:03:01,  1.01it/s, loss=0.0243]
Epoch 19:  70%|######....| 408/585 [00:06:45<00:02:55,  1.01it/s, loss=0.0243]
Epoch 19:  71%|#######...| 414/585 [00:06:50<00:02:49,  1.01it/s, loss=0.0243]
Epoch 19:  72%|#######...| 420/585 [00:06:56<00:02:43,  1.01it/s, loss=0.0243]
Epoch 19:  73%|#######...| 426/585 [00:07:01<00:02:37,  1.01it/s, loss=0.0243]
Epoch 19:  74%|#######...| 431/585 [00:07:07<00:02:32,  1.01it/s, loss=0.0243]
Epoch 19:  75%|#######...| 436/585 [00:07:12<00:02:27,  1.01it/s, loss=0.0244]
Epoch 19:  76%|#######...| 442/585 [00:07:18<00:02:21,  1.01it/s, loss=0.0244]
Epoch 19:  76%|#######...| 447/585 [00:07:23<00:02:17,  1.01it/s, loss=0.0245]
Epoch 19:  77%|#######...| 452/585 [00:07:29<00:02:12,  1.01it/s, loss=0.0244]
Epoch 19:  78%|#######...| 458/585 [00:07:34<00:02:06,  1.01it/s, loss=0.0244]
Epoch 19:  79%|#######...| 464/585 [00:07:40<00:02:00,  1.01it/s, loss=0.0244]
Epoch 19:  80%|########..| 469/585 [00:07:46<00:01:55,  1.00it/s, loss=0.0244]
Epoch 19:  81%|########..| 475/585 [00:07:52<00:01:49,  1.01it/s, loss=0.0244]
Epoch 19:  82%|########..| 480/585 [00:07:57<00:01:44,  1.01it/s, loss=0.0244]
Epoch 19:  83%|########..| 486/585 [00:08:03<00:01:38,  1.01it/s, loss=0.0244]
Epoch 19:  84%|########..| 490/585 [00:08:08<00:01:34,  1.00it/s, loss=0.0244]
Epoch 19:  85%|########..| 495/585 [00:08:14<00:01:29,  1.00it/s, loss=0.0244]
Epoch 19:  85%|########..| 500/585 [00:08:19<00:01:24,  1.00it/s, loss=0.0244]
Epoch 19:  86%|########..| 506/585 [00:08:24<00:01:18,  1.00it/s, loss=0.0244]
Epoch 19:  88%|########..| 512/585 [00:08:30<00:01:12,  1.00it/s, loss=0.0244]
Epoch 19:  89%|########..| 518/585 [00:08:35<00:01:06,  1.00it/s, loss=0.0243]
Epoch 19:  89%|########..| 523/585 [00:08:41<00:01:01,  1.00it/s, loss=0.0243]
Epoch 19:  90%|#########.| 529/585 [00:08:47<00:00:55,  1.00it/s, loss=0.0242]
Epoch 19:  91%|#########.| 535/585 [00:08:52<00:00:49,  1.00it/s, loss=0.0242]
Epoch 19:  92%|#########.| 540/585 [00:08:57<00:00:44,  1.00it/s, loss=0.0242]
Epoch 19:  93%|#########.| 545/585 [00:09:03<00:00:39,  1.00it/s, loss=0.0242]
Epoch 19:  94%|#########.| 550/585 [00:09:08<00:00:34,  1.00it/s, loss=0.0242]
Epoch 19:  95%|#########.| 555/585 [00:09:14<00:00:29,  1.00it/s, loss=0.0242]
Epoch 19:  96%|#########.| 561/585 [00:09:20<00:00:23,  1.00it/s, loss=0.0242]
Epoch 19:  97%|#########.| 567/585 [00:09:26<00:00:17,  1.00it/s, loss=0.0242]
Epoch 19:  98%|#########.| 573/585 [00:09:31<00:00:11,  1.00it/s, loss=0.0242]
Epoch 19:  99%|#########.| 578/585 [00:09:36<00:00:06,  1.00it/s, loss=0.0242]
Epoch 19: 100%|#########.| 583/585 [00:09:41<00:00:01,  1.00it/s, loss=0.0242]
Epoch 19: 100%|##########| 585/585 [00:09:43<00:00:00,  1.00it/s, loss=0.0242]
Test loss: 0.0248, Test rmsae: 7.76deg
{"event": "epoch_complete", "epoch": 19, "phase": 1, "lr": 0.0001, "batch_size": 1, "micro_batch_size": 1, "train_loss": 0.024234192479306308, "val_loss": 0.024750048702117056, "val_rmsae_deg": 7.761545658111572, "epoch_time_s": 583.9907629040245}
Epoch 20/40:
Epoch 20:   1%|..........| 6/585 [00:00:05<00:09:03,  1.07it/s, loss=0.0238]
Epoch 20:   2%|..........| 11/585 [00:00:11<00:09:36,  1.00it/s, loss=0.0233]
Epoch 20:   3%|..........| 16/585 [00:00:16<00:09:48,  0.97it/s, loss=0.0233]
Epoch 20:   4%|..........| 22/585 [00:00:22<00:09:46,  0.96it/s, loss=0.0239]
Epoch 20:   5%|..........| 28/585 [00:00:28<00:09:19,  1.00it/s, loss=0.0238]
Epoch 20:   6%|..........| 33/585 [00:00:33<00:09:20,  0.98it/s, loss=0.0232]
Epoch 20:   6%|..........| 38/585 [00:00:38<00:09:19,  0.98it/s, loss=0.0232]
Epoch 20:   7%|..........| 43/585 [00:00:43<00:09:13,  0.98it/s, loss=0.0234]
Epoch 20:   8%|..........| 49/585 [00:00:49<00:09:04,  0.98it/s, loss=0.0232]
Epoch 20:   9%|..........| 55/585 [00:00:55<00:08:51,  1.00it/s, loss=0.0232]
Epoch 20:  10%|#.........| 61/585 [00:01:01<00:08:45,  1.00it/s, loss=0.0233]
Epoch 20:  11%|#.........| 67/585 [00:01:06<00:08:36,  1.00it/s, loss=0.0229]
Epoch 20:  12%|#.........| 73/585 [00:01:12<00:08:26,  1.01it/s, loss=0.0228]
Epoch 20:  13%|#.........| 78/585 [00:01:17<00:08:24,  1.01it/s, loss=0.0228]
Epoch 20:  14%|#.........| 84/585 [00:01:23<00:08:15,  1.01it/s, loss=0.0229]
Epoch 20:  15%|#.........| 89/585 [00:01:28<00:08:11,  1.01it/s, loss=0.0228]
Epoch 20:  16%|#.........| 95/585 [00:01:34<00:08:04,  1.01it/s, loss=0.0229]
Epoch 20:  17%|#.........| 100/585 [00:01:39<00:08:03,  1.00it/s, loss=0.0229]
Epoch 20:  18%|#.........| 106/585 [00:01:45<00:07:56,  1.01it/s, loss=0.0228]
Epoch 20:  19%|#.........| 112/585 [00:01:51<00:07:49,  1.01it/s, loss=0.0226]
Epoch 20:  20%|##........| 117/585 [00:01:56<00:07:45,  1.01it/s, loss=0.0227]
Epoch 20:  21%|##........| 123/585 [00:02:02<00:07:39,  1.00it/s, loss=0.0228]
Epoch 20:  22%|##........| 129/585 [00:02:08<00:07:32,  1.01it/s, loss=0.0228]
Epoch 20:  23%|##........| 135/585 [00:02:13<00:07:25,  1.01it/s, loss=0.0229]
Epoch 20:  24%|##........| 141/585 [00:02:19<00:07:17,  1.01it/s, loss=0.0229]
Epoch 20:  25%|##........| 147/585 [00:02:25<00:07:12,  1.01it/s, loss=0.0229]
Epoch 20:  26%|##........| 153/585 [00:02:31<00:07:06,  1.01it/s, loss=0.0229]
Epoch 20:  27%|##........| 159/585 [00:02:36<00:07:00,  1.01it/s, loss=0.0229]
Epoch 20:  28%|##........| 165/585 [00:02:42<00:06:53,  1.02it/s, loss=0.0230]
Epoch 20:  29%|##........| 170/585 [00:02:48<00:06:50,  1.01it/s, loss=0.0231]
Epoch 20:  30%|###.......| 176/585 [00:02:53<00:06:42,  1.01it/s, loss=0.0231]
Epoch 20:  31%|###.......| 182/585 [00:02:58<00:06:36,  1.02it/s, loss=0.0231]
Epoch 20:  32%|###.......| 187/585 [00:03:04<00:06:32,  1.02it/s, loss=0.0231]
Epoch 20:  33%|###.......| 193/585 [00:03:09<00:06:24,  1.02it/s, loss=0.0231]
Epoch 20:  34%|###.......| 198/585 [00:03:15<00:06:21,  1.01it/s, loss=0.0235]
Epoch 20:  35%|###.......| 203/585 [00:03:21<00:06:18,  1.01it/s, loss=0.0235]
Epoch 20:  36%|###.......| 209/585 [00:03:26<00:06:12,  1.01it/s, loss=0.0235]
Epoch 20:  37%|###.......| 215/585 [00:03:33<00:06:06,  1.01it/s, loss=0.0235]
Epoch 20:  38%|###.......| 221/585 [00:03:38<00:06:00,  1.01it/s, loss=0.0235]
Epoch 20:  39%|###.......| 227/585 [00:03:44<00:05:54,  1.01it/s, loss=0.0235]
Epoch 20:  40%|###.......| 233/585 [00:03:49<00:05:47,  1.01it/s, loss=0.0235]
Epoch 20:  41%|####......| 239/585 [00:03:55<00:05:40,  1.02it/s, loss=0.0234]
Epoch 20:  42%|####......| 244/585 [00:04:00<00:05:36,  1.01it/s, loss=0.0234]
Epoch 20:  43%|####......| 250/585 [00:04:06<00:05:30,  1.01it/s, loss=0.0234]
Epoch 20:  44%|####......| 256/585 [00:04:12<00:05:24,  1.01it/s, loss=0.0233]
Epoch 20:  45%|####......| 261/585 [00:04:17<00:05:19,  1.01it/s, loss=0.0233]
Epoch 20:  46%|####......| 267/585 [00:04:23<00:05:13,  1.01it/s, loss=0.0234]
Epoch 20:  47%|####......| 273/585 [00:04:29<00:05:08,  1.01it/s, loss=0.0233]
Epoch 20:  48%|####......| 278/585 [00:04:35<00:05:03,  1.01it/s, loss=0.0233]
Epoch 20:  48%|####......| 283/585 [00:04:41<00:04:59,  1.01it/s, loss=0.0233]
Epoch 20:  49%|####......| 288/585 [00:04:46<00:04:55,  1.01it/s, loss=0.0233]
Epoch 20:  50%|#####.....| 294/585 [00:04:51<00:04:48,  1.01it/s, loss=0.0233]
Epoch 20:  51%|#####.....| 300/585 [00:04:57<00:04:42,  1.01it/s, loss=0.0233]
Epoch 20:  52%|#####.....| 306/585 [00:05:02<00:04:35,  1.01it/s, loss=0.0233]
Epoch 20:  53%|#####.....| 311/585 [00:05:08<00:04:31,  1.01it/s, loss=0.0233]
Epoch 20:  54%|#####.....| 316/585 [00:05:13<00:04:26,  1.01it/s, loss=0.0234]
Epoch 20:  55%|#####.....| 321/585 [00:05:18<00:04:22,  1.01it/s, loss=0.0234]
Epoch 20:  56%|#####.....| 327/585 [00:05:24<00:04:16,  1.01it/s, loss=0.0234]
Epoch 20:  57%|#####.....| 333/585 [00:05:30<00:04:09,  1.01it/s, loss=0.0234]
Epoch 20:  58%|#####.....| 338/585 [00:05:35<00:04:04,  1.01it/s, loss=0.0235]
Epoch 20:  59%|#####.....| 343/585 [00:05:40<00:04:00,  1.01it/s, loss=0.0235]
Epoch 20:  60%|#####.....| 349/585 [00:05:45<00:03:53,  1.01it/s, loss=0.0235]
Epoch 20:  60%|######....| 353/585 [00:05:50<00:03:50,  1.01it/s, loss=0.0235]
Epoch 20:  61%|######....| 358/585 [00:05:56<00:03:46,  1.00it/s, loss=0.0235]
Epoch 20:  62%|######....| 364/585 [00:06:02<00:03:40,  1.00it/s, loss=0.0235]
Epoch 20:  63%|######....| 369/585 [00:06:07<00:03:35,  1.00it/s, loss=0.0235]
Epoch 20:  64%|######....| 374/585 [00:06:12<00:03:30,  1.00it/s, loss=0.0235]
Epoch 20:  65%|######....| 379/585 [00:06:18<00:03:25,  1.00it/s, loss=0.0235]
Epoch 20:  66%|######....| 384/585 [00:06:23<00:03:20,  1.00it/s, loss=0.0236]
Epoch 20:  67%|######....| 390/585 [00:06:29<00:03:14,  1.00it/s, loss=0.0237]
Epoch 20:  68%|######....| 395/585 [00:06:35<00:03:10,  1.00it/s, loss=0.0236]
Epoch 20:  68%|######....| 400/585 [00:06:40<00:03:05,  1.00it/s, loss=0.0237]
Epoch 20:  69%|######....| 406/585 [00:06:45<00:02:58,  1.00it/s, loss=0.0237]
Epoch 20:  70%|#######...| 412/585 [00:06:51<00:02:52,  1.00it/s, loss=0.0236]
Epoch 20:  71%|#######...| 418/585 [00:06:57<00:02:46,  1.00it/s, loss=0.0237]
Epoch 20:  72%|#######...| 424/585 [00:07:03<00:02:40,  1.00it/s, loss=0.0237]
Epoch 20:  73%|#######...| 429/585 [00:07:09<00:02:36,  1.00it/s, loss=0.0237]
Epoch 20:  74%|#######...| 434/585 [00:07:15<00:02:31,  1.00it/s, loss=0.0237]
Epoch 20:  75%|#######...| 440/585 [00:07:21<00:02:25,  1.00it/s, loss=0.0237]
Epoch 20:  76%|#######...| 445/585 [00:07:26<00:02:20,  1.00it/s, loss=0.0238]
Epoch 20:  77%|#######...| 451/585 [00:07:32<00:02:14,  1.00it/s, loss=0.0237]
Epoch 20:  78%|#######...| 456/585 [00:07:37<00:02:09,  1.00it/s, loss=0.0238]
Epoch 20:  79%|#######...| 462/585 [00:07:43<00:02:03,  1.00it/s, loss=0.0238]
Epoch 20:  80%|#######...| 466/585 [00:07:48<00:01:59,  0.99it/s, loss=0.0238]
Epoch 20:  81%|########..| 471/585 [00:07:54<00:01:54,  0.99it/s, loss=0.0238]
Epoch 20:  81%|########..| 476/585 [00:07:59<00:01:49,  0.99it/s, loss=0.0238]
Epoch 20:  82%|########..| 481/585 [00:08:05<00:01:44,  0.99it/s, loss=0.0239]
Epoch 20:  83%|########..| 486/585 [00:08:11<00:01:40,  0.99it/s, loss=0.0239]
Epoch 20:  84%|########..| 492/585 [00:08:16<00:01:33,  0.99it/s, loss=0.0238]
Epoch 20:  85%|########..| 497/585 [00:08:22<00:01:28,  0.99it/s, loss=0.0239]
Epoch 20:  86%|########..| 503/585 [00:08:27<00:01:22,  0.99it/s, loss=0.0239]
Epoch 20:  87%|########..| 508/585 [00:08:32<00:01:17,  0.99it/s, loss=0.0239]
Epoch 20:  88%|########..| 514/585 [00:08:38<00:01:11,  0.99it/s, loss=0.0239]
Epoch 20:  89%|########..| 520/585 [00:08:44<00:01:05,  0.99it/s, loss=0.0239]
Epoch 20:  90%|########..| 526/585 [00:08:50<00:00:59,  0.99it/s, loss=0.0238]
Epoch 20:  91%|#########.| 532/585 [00:08:57<00:00:53,  0.99it/s, loss=0.0238]
Epoch 20:  92%|#########.| 537/585 [00:09:02<00:00:48,  0.99it/s, loss=0.0238]
Epoch 20:  93%|#########.| 542/585 [00:09:07<00:00:43,  0.99it/s, loss=0.0239]
Epoch 20:  94%|#########.| 548/585 [00:09:13<00:00:37,  0.99it/s, loss=0.0238]
Epoch 20:  95%|#########.| 554/585 [00:09:18<00:00:31,  0.99it/s, loss=0.0238]
Epoch 20:  96%|#########.| 560/585 [00:09:23<00:00:25,  0.99it/s, loss=0.0238]
Epoch 20:  97%|#########.| 566/585 [00:09:29<00:00:19,  0.99it/s, loss=0.0239]
Epoch 20:  98%|#########.| 572/585 [00:09:34<00:00:13,  0.99it/s, loss=0.0239]
Epoch 20:  99%|#########.| 578/585 [00:09:40<00:00:07,  1.00it/s, loss=0.0239]
Epoch 20: 100%|#########.| 583/585 [00:09:46<00:00:02,  0.99it/s, loss=0.0238]
Epoch 20: 100%|##########| 585/585 [00:09:47<00:00:00,  0.99it/s, loss=0.0238]
Test loss: 0.0243, Test rmsae: 6.45deg
{"event": "epoch_complete", "epoch": 20, "phase": 1, "lr": 0.0001, "batch_size": 1, "micro_batch_size": 1, "train_loss": 0.02383719995044745, "val_loss": 0.024306159233674407, "val_rmsae_deg": 6.4509503319859505, "epoch_time_s": 588.7709636109939}
{"event": "checkpoint_saved", "tag": "best_rmsae", "epoch": 20, "path": "IFAN_Edge/outputs/stage3/ifan_stage3_full40_lc_reference_hw2_20260428_102726/checkpoints/best_rmsae.pt", "val_rmsae_deg": 6.4509503319859505}
{"event": "checkpoint_saved", "tag": "epoch_020", "epoch": 20, "path": "IFAN_Edge/outputs/stage3/ifan_stage3_full40_lc_reference_hw2_20260428_102726/checkpoints/epoch_020.pt"}
Epoch 21/40:
Epoch 21:   1%|..........| 6/585 [00:00:05<00:09:12,  1.05it/s, loss=0.0241]
Epoch 21:   2%|..........| 11/585 [00:00:10<00:09:26,  1.01it/s, loss=0.0243]
Epoch 21:   3%|..........| 16/585 [00:00:15<00:09:25,  1.01it/s, loss=0.0255]
Epoch 21:   4%|..........| 21/585 [00:00:20<00:09:21,  1.00it/s, loss=0.0257]
Epoch 21:   5%|..........| 27/585 [00:00:26<00:09:10,  1.01it/s, loss=0.0255]
Epoch 21:   6%|..........| 33/585 [00:00:32<00:08:57,  1.03it/s, loss=0.0254]
Epoch 21:   6%|..........| 38/585 [00:00:38<00:09:16,  0.98it/s, loss=0.0259]
Epoch 21:   8%|..........| 44/585 [00:00:44<00:09:01,  1.00it/s, loss=0.0255]
Epoch 21:   9%|..........| 50/585 [00:00:49<00:08:49,  1.01it/s, loss=0.0252]
Epoch 21:   9%|..........| 55/585 [00:00:54<00:08:49,  1.00it/s, loss=0.0252]
Epoch 21:  10%|#.........| 61/585 [00:01:01<00:08:49,  0.99it/s, loss=0.0252]
Epoch 21:  11%|#.........| 66/585 [00:01:06<00:08:44,  0.99it/s, loss=0.0250]
Epoch 21:  12%|#.........| 72/585 [00:01:12<00:08:34,  1.00it/s, loss=0.0248]
Epoch 21:  13%|#.........| 78/585 [00:01:17<00:08:23,  1.01it/s, loss=0.0248]
Epoch 21:  14%|#.........| 83/585 [00:01:22<00:08:20,  1.00it/s, loss=0.0248]
Epoch 21:  15%|#.........| 89/585 [00:01:28<00:08:12,  1.01it/s, loss=0.0246]
Epoch 21:  16%|#.........| 94/585 [00:01:33<00:08:08,  1.01it/s, loss=0.0246]
Epoch 21:  17%|#.........| 100/585 [00:01:39<00:08:01,  1.01it/s, loss=0.0245]
Epoch 21:  18%|#.........| 105/585 [00:01:44<00:07:57,  1.00it/s, loss=0.0244]
Epoch 21:  19%|#.........| 111/585 [00:01:49<00:07:48,  1.01it/s, loss=0.0244]
Epoch 21:  20%|##........| 117/585 [00:01:55<00:07:43,  1.01it/s, loss=0.0242]
Epoch 21:  21%|##........| 123/585 [00:02:01<00:07:36,  1.01it/s, loss=0.0243]
Epoch 21:  22%|##........| 128/585 [00:02:06<00:07:32,  1.01it/s, loss=0.0242]
Epoch 21:  23%|##........| 134/585 [00:02:12<00:07:25,  1.01it/s, loss=0.0241]
Epoch 21:  24%|##........| 139/585 [00:02:18<00:07:23,  1.01it/s, loss=0.0243]
Epoch 21:  25%|##........| 144/585 [00:02:23<00:07:20,  1.00it/s, loss=0.0242]
Epoch 21:  26%|##........| 150/585 [00:02:29<00:07:12,  1.01it/s, loss=0.0242]
Epoch 21:  27%|##........| 156/585 [00:02:34<00:07:06,  1.01it/s, loss=0.0241]
Epoch 21:  28%|##........| 161/585 [00:02:40<00:07:02,  1.00it/s, loss=0.0241]
Epoch 21:  28%|##........| 166/585 [00:02:45<00:06:57,  1.00it/s, loss=0.0242]
Epoch 21:  29%|##........| 172/585 [00:02:50<00:06:50,  1.01it/s, loss=0.0241]
Epoch 21:  30%|###.......| 178/585 [00:02:56<00:06:43,  1.01it/s, loss=0.0241]
Epoch 21:  31%|###.......| 184/585 [00:03:02<00:06:37,  1.01it/s, loss=0.0242]
Epoch 21:  32%|###.......| 189/585 [00:03:07<00:06:32,  1.01it/s, loss=0.0241]
Epoch 21:  33%|###.......| 195/585 [00:03:13<00:06:26,  1.01it/s, loss=0.0241]
Epoch 21:  34%|###.......| 201/585 [00:03:18<00:06:19,  1.01it/s, loss=0.0241]
Epoch 21:  35%|###.......| 206/585 [00:03:23<00:06:14,  1.01it/s, loss=0.0241]
Epoch 21:  36%|###.......| 211/585 [00:03:28<00:06:10,  1.01it/s, loss=0.0241]
Epoch 21:  37%|###.......| 217/585 [00:03:34<00:06:03,  1.01it/s, loss=0.0241]
Epoch 21:  38%|###.......| 222/585 [00:03:39<00:05:59,  1.01it/s, loss=0.0241]
Epoch 21:  39%|###.......| 227/585 [00:03:45<00:05:54,  1.01it/s, loss=0.0241]
Epoch 21:  40%|###.......| 232/585 [00:03:50<00:05:50,  1.01it/s, loss=0.0240]
Epoch 21:  41%|####......| 238/585 [00:03:55<00:05:43,  1.01it/s, loss=0.0244]
Epoch 21:  42%|####......| 243/585 [00:04:00<00:05:39,  1.01it/s, loss=0.0244]
Epoch 21:  42%|####......| 248/585 [00:04:06<00:05:34,  1.01it/s, loss=0.0244]
Epoch 21:  43%|####......| 254/585 [00:04:11<00:05:27,  1.01it/s, loss=0.0243]
Epoch 21:  44%|####......| 260/585 [00:04:16<00:05:21,  1.01it/s, loss=0.0243]
Epoch 21:  45%|####......| 266/585 [00:04:22<00:05:15,  1.01it/s, loss=0.0242]
Epoch 21:  46%|####......| 272/585 [00:04:29<00:05:09,  1.01it/s, loss=0.0242]
Epoch 21:  47%|####......| 277/585 [00:04:34<00:05:05,  1.01it/s, loss=0.0244]
Epoch 21:  48%|####......| 281/585 [00:04:39<00:05:02,  1.00it/s, loss=0.0245]
Epoch 21:  49%|####......| 286/585 [00:04:45<00:04:57,  1.00it/s, loss=0.0246]
Epoch 21:  50%|####......| 291/585 [00:04:50<00:04:53,  1.00it/s, loss=0.0246]
Epoch 21:  51%|#####.....| 297/585 [00:04:55<00:04:46,  1.00it/s, loss=0.0246]
Epoch 21:  51%|#####.....| 301/585 [00:05:01<00:04:44,  1.00it/s, loss=0.0246]
Epoch 21:  52%|#####.....| 306/585 [00:05:06<00:04:39,  1.00it/s, loss=0.0246]
Epoch 21:  53%|#####.....| 312/585 [00:05:12<00:04:33,  1.00it/s, loss=0.0246]
Epoch 21:  54%|#####.....| 317/585 [00:05:17<00:04:28,  1.00it/s, loss=0.0246]
Epoch 21:  55%|#####.....| 323/585 [00:05:23<00:04:22,  1.00it/s, loss=0.0245]
Epoch 21:  56%|#####.....| 329/585 [00:05:29<00:04:16,  1.00it/s, loss=0.0244]
Epoch 21:  57%|#####.....| 334/585 [00:05:35<00:04:11,  1.00it/s, loss=0.0244]
Epoch 21:  58%|#####.....| 339/585 [00:05:40<00:04:06,  1.00it/s, loss=0.0244]
Epoch 21:  59%|#####.....| 345/585 [00:05:45<00:04:00,  1.00it/s, loss=0.0245]
Epoch 21:  60%|######....| 351/585 [00:05:51<00:03:54,  1.00it/s, loss=0.0245]
Epoch 21:  61%|######....| 356/585 [00:05:57<00:03:49,  1.00it/s, loss=0.0245]
Epoch 21:  62%|######....| 361/585 [00:06:02<00:03:44,  1.00it/s, loss=0.0245]
Epoch 21:  63%|######....| 366/585 [00:06:07<00:03:39,  1.00it/s, loss=0.0245]
Epoch 21:  64%|######....| 372/585 [00:06:12<00:03:33,  1.00it/s, loss=0.0245]
Epoch 21:  65%|######....| 378/585 [00:06:18<00:03:27,  1.00it/s, loss=0.0245]
Epoch 21:  66%|######....| 384/585 [00:06:23<00:03:20,  1.00it/s, loss=0.0244]
Epoch 21:  67%|######....| 390/585 [00:06:29<00:03:14,  1.00it/s, loss=0.0244]
Epoch 21:  68%|######....| 396/585 [00:06:34<00:03:08,  1.00it/s, loss=0.0243]
Epoch 21:  69%|######....| 401/585 [00:06:40<00:03:03,  1.00it/s, loss=0.0243]
Epoch 21:  70%|######....| 407/585 [00:06:45<00:02:57,  1.00it/s, loss=0.0243]
Epoch 21:  71%|#######...| 413/585 [00:06:51<00:02:51,  1.00it/s, loss=0.0243]
Epoch 21:  72%|#######...| 419/585 [00:06:56<00:02:45,  1.01it/s, loss=0.0243]
Epoch 21:  73%|#######...| 425/585 [00:07:02<00:02:39,  1.01it/s, loss=0.0243]
Epoch 21:  74%|#######...| 431/585 [00:07:08<00:02:32,  1.01it/s, loss=0.0243]
Epoch 21:  75%|#######...| 436/585 [00:07:13<00:02:28,  1.00it/s, loss=0.0243]
Epoch 21:  76%|#######...| 442/585 [00:07:19<00:02:22,  1.01it/s, loss=0.0243]
Epoch 21:  77%|#######...| 448/585 [00:07:24<00:02:15,  1.01it/s, loss=0.0242]
Epoch 21:  77%|#######...| 453/585 [00:07:29<00:02:11,  1.01it/s, loss=0.0242]
Epoch 21:  78%|#######...| 459/585 [00:07:35<00:02:04,  1.01it/s, loss=0.0242]
Epoch 21:  79%|#######...| 463/585 [00:07:40<00:02:01,  1.00it/s, loss=0.0242]
Epoch 21:  80%|########..| 468/585 [00:07:46<00:01:56,  1.00it/s, loss=0.0243]
Epoch 21:  81%|########..| 474/585 [00:07:51<00:01:50,  1.00it/s, loss=0.0243]
Epoch 21:  82%|########..| 479/585 [00:07:57<00:01:45,  1.00it/s, loss=0.0242]
Epoch 21:  83%|########..| 485/585 [00:08:02<00:01:39,  1.00it/s, loss=0.0242]
Epoch 21:  84%|########..| 490/585 [00:08:08<00:01:34,  1.00it/s, loss=0.0243]
Epoch 21:  85%|########..| 496/585 [00:08:13<00:01:28,  1.00it/s, loss=0.0243]
Epoch 21:  86%|########..| 502/585 [00:08:19<00:01:22,  1.01it/s, loss=0.0243]
Epoch 21:  87%|########..| 507/585 [00:08:24<00:01:17,  1.00it/s, loss=0.0243]
Epoch 21:  88%|########..| 512/585 [00:08:30<00:01:12,  1.00it/s, loss=0.0243]
Epoch 21:  89%|########..| 518/585 [00:08:36<00:01:06,  1.00it/s, loss=0.0243]
Epoch 21:  90%|########..| 524/585 [00:08:42<00:01:00,  1.00it/s, loss=0.0243]
Epoch 21:  91%|#########.| 530/585 [00:08:47<00:00:54,  1.00it/s, loss=0.0243]
Epoch 21:  91%|#########.| 535/585 [00:08:53<00:00:49,  1.00it/s, loss=0.0243]
Epoch 21:  92%|#########.| 541/585 [00:08:58<00:00:43,  1.00it/s, loss=0.0242]
Epoch 21:  94%|#########.| 547/585 [00:09:04<00:00:37,  1.01it/s, loss=0.0242]
Epoch 21:  95%|#########.| 553/585 [00:09:09<00:00:31,  1.01it/s, loss=0.0242]
Epoch 21:  95%|#########.| 558/585 [00:09:15<00:00:26,  1.01it/s, loss=0.0242]
Epoch 21:  96%|#########.| 564/585 [00:09:20<00:00:20,  1.01it/s, loss=0.0242]
Epoch 21:  97%|#########.| 569/585 [00:09:26<00:00:15,  1.00it/s, loss=0.0242]
Epoch 21:  98%|#########.| 575/585 [00:09:32<00:00:09,  1.00it/s, loss=0.0242]
Epoch 21:  99%|#########.| 581/585 [00:09:37<00:00:03,  1.01it/s, loss=0.0242]
Epoch 21: 100%|##########| 585/585 [00:09:42<00:00:00,  1.00it/s, loss=0.0242]
Test loss: 0.0242, Test rmsae: 6.81deg
{"event": "epoch_complete", "epoch": 21, "phase": 2, "lr": 1e-05, "batch_size": 10, "micro_batch_size": 1, "train_loss": 0.02418998315707486, "val_loss": 0.024190501600969583, "val_rmsae_deg": 6.8070119470357895, "epoch_time_s": 583.1351522649929}
Epoch 22/40:
Epoch 22:   1%|..........| 6/585 [00:00:06<00:09:46,  0.99it/s, loss=0.0224]
Epoch 22:   2%|..........| 12/585 [00:00:11<00:09:12,  1.04it/s, loss=0.0225]
Epoch 22:   3%|..........| 17/585 [00:00:16<00:09:13,  1.03it/s, loss=0.0227]
Epoch 22:   4%|..........| 22/585 [00:00:22<00:09:27,  0.99it/s, loss=0.0230]
Epoch 22:   5%|..........| 28/585 [00:00:27<00:09:13,  1.01it/s, loss=0.0233]
Epoch 22:   6%|..........| 34/585 [00:00:33<00:09:10,  1.00it/s, loss=0.0235]
Epoch 22:   7%|..........| 40/585 [00:00:39<00:08:56,  1.02it/s, loss=0.0257]
Epoch 22:   8%|..........| 46/585 [00:00:45<00:08:48,  1.02it/s, loss=0.0253]
Epoch 22:   9%|..........| 52/585 [00:00:50<00:08:41,  1.02it/s, loss=0.0249]
Epoch 22:  10%|..........| 57/585 [00:00:56<00:08:39,  1.02it/s, loss=0.0251]
Epoch 22:  11%|#.........| 62/585 [00:01:01<00:08:40,  1.00it/s, loss=0.0252]
Epoch 22:  12%|#.........| 68/585 [00:01:07<00:08:31,  1.01it/s, loss=0.0252]
Epoch 22:  13%|#.........| 74/585 [00:01:12<00:08:22,  1.02it/s, loss=0.0252]
Epoch 22:  14%|#.........| 79/585 [00:01:18<00:08:23,  1.01it/s, loss=0.0255]
Epoch 22:  14%|#.........| 84/585 [00:01:23<00:08:19,  1.00it/s, loss=0.0253]
Epoch 22:  15%|#.........| 89/585 [00:01:28<00:08:15,  1.00it/s, loss=0.0253]
Epoch 22:  16%|#.........| 95/585 [00:01:34<00:08:08,  1.00it/s, loss=0.0250]
Epoch 22:  17%|#.........| 101/585 [00:01:40<00:07:59,  1.01it/s, loss=0.0248]
Epoch 22:  18%|#.........| 106/585 [00:01:45<00:07:56,  1.01it/s, loss=0.0247]
Epoch 22:  19%|#.........| 112/585 [00:01:51<00:07:48,  1.01it/s, loss=0.0247]
Epoch 22:  20%|##........| 118/585 [00:01:56<00:07:41,  1.01it/s, loss=0.0245]
Epoch 22:  21%|##........| 124/585 [00:02:02<00:07:34,  1.01it/s, loss=0.0246]
Epoch 22:  22%|##........| 130/585 [00:02:07<00:07:27,  1.02it/s, loss=0.0244]
Epoch 22:  23%|##........| 136/585 [00:02:13<00:07:20,  1.02it/s, loss=0.0243]
Epoch 22:  24%|##........| 142/585 [00:02:19<00:07:14,  1.02it/s, loss=0.0242]
Epoch 22:  25%|##........| 148/585 [00:02:25<00:07:08,  1.02it/s, loss=0.0242]
Epoch 22:  26%|##........| 154/585 [00:02:30<00:07:01,  1.02it/s, loss=0.0241]
Epoch 22:  27%|##........| 160/585 [00:02:36<00:06:55,  1.02it/s, loss=0.0241]
Epoch 22:  28%|##........| 166/585 [00:02:41<00:06:47,  1.03it/s, loss=0.0240]
Epoch 22:  29%|##........| 172/585 [00:02:46<00:06:40,  1.03it/s, loss=0.0241]
Epoch 22:  30%|###.......| 178/585 [00:02:52<00:06:34,  1.03it/s, loss=0.0242]
Epoch 22:  31%|###.......| 184/585 [00:02:58<00:06:28,  1.03it/s, loss=0.0240]
Epoch 22:  32%|###.......| 190/585 [00:03:03<00:06:22,  1.03it/s, loss=0.0239]
Epoch 22:  33%|###.......| 195/585 [00:03:09<00:06:18,  1.03it/s, loss=0.0239]
Epoch 22:  34%|###.......| 200/585 [00:03:14<00:06:14,  1.03it/s, loss=0.0238]
Epoch 22:  35%|###.......| 206/585 [00:03:20<00:06:08,  1.03it/s, loss=0.0239]
Epoch 22:  36%|###.......| 211/585 [00:03:25<00:06:03,  1.03it/s, loss=0.0239]
Epoch 22:  37%|###.......| 216/585 [00:03:30<00:05:59,  1.03it/s, loss=0.0241]
Epoch 22:  38%|###.......| 221/585 [00:03:35<00:05:55,  1.02it/s, loss=0.0242]
Epoch 22:  39%|###.......| 227/585 [00:03:41<00:05:49,  1.02it/s, loss=0.0240]
Epoch 22:  40%|###.......| 233/585 [00:03:47<00:05:43,  1.02it/s, loss=0.0242]
Epoch 22:  41%|####......| 238/585 [00:03:52<00:05:38,  1.02it/s, loss=0.0241]
Epoch 22:  42%|####......| 244/585 [00:03:57<00:05:32,  1.03it/s, loss=0.0241]
Epoch 22:  43%|####......| 250/585 [00:04:03<00:05:26,  1.03it/s, loss=0.0242]
Epoch 22:  44%|####......| 255/585 [00:04:09<00:05:22,  1.02it/s, loss=0.0242]
Epoch 22:  44%|####......| 259/585 [00:04:14<00:05:20,  1.02it/s, loss=0.0242]
Epoch 22:  45%|####......| 265/585 [00:04:20<00:05:14,  1.02it/s, loss=0.0241]
Epoch 22:  46%|####......| 271/585 [00:04:25<00:05:07,  1.02it/s, loss=0.0241]
Epoch 22:  47%|####......| 277/585 [00:04:31<00:05:01,  1.02it/s, loss=0.0241]
Epoch 22:  48%|####......| 282/585 [00:04:36<00:04:57,  1.02it/s, loss=0.0241]
Epoch 22:  49%|####......| 287/585 [00:04:41<00:04:52,  1.02it/s, loss=0.0241]
Epoch 22:  50%|####......| 292/585 [00:04:47<00:04:48,  1.02it/s, loss=0.0241]
Epoch 22:  51%|#####.....| 298/585 [00:04:52<00:04:42,  1.02it/s, loss=0.0242]
Epoch 22:  52%|#####.....| 304/585 [00:04:58<00:04:35,  1.02it/s, loss=0.0242]
Epoch 22:  53%|#####.....| 310/585 [00:05:04<00:04:29,  1.02it/s, loss=0.0241]
Epoch 22:  54%|#####.....| 315/585 [00:05:10<00:04:25,  1.02it/s, loss=0.0242]
Epoch 22:  55%|#####.....| 320/585 [00:05:15<00:04:21,  1.01it/s, loss=0.0242]
Epoch 22:  56%|#####.....| 326/585 [00:05:21<00:04:15,  1.01it/s, loss=0.0241]
Epoch 22:  57%|#####.....| 331/585 [00:05:26<00:04:10,  1.01it/s, loss=0.0242]
Epoch 22:  57%|#####.....| 336/585 [00:05:31<00:04:05,  1.01it/s, loss=0.0242]
Epoch 22:  58%|#####.....| 342/585 [00:05:37<00:03:59,  1.01it/s, loss=0.0242]
Epoch 22:  59%|#####.....| 348/585 [00:05:43<00:03:54,  1.01it/s, loss=0.0242]
Epoch 22:  61%|######....| 354/585 [00:05:49<00:03:48,  1.01it/s, loss=0.0242]
Epoch 22:  61%|######....| 359/585 [00:05:54<00:03:43,  1.01it/s, loss=0.0244]
Epoch 22:  62%|######....| 365/585 [00:06:00<00:03:37,  1.01it/s, loss=0.0244]
Epoch 22:  63%|######....| 371/585 [00:06:05<00:03:30,  1.02it/s, loss=0.0244]
Epoch 22:  64%|######....| 376/585 [00:06:10<00:03:25,  1.01it/s, loss=0.0244]
Epoch 22:  65%|######....| 381/585 [00:06:15<00:03:21,  1.01it/s, loss=0.0244]
Epoch 22:  66%|######....| 386/585 [00:06:20<00:03:16,  1.01it/s, loss=0.0244]
Epoch 22:  67%|######....| 392/585 [00:06:27<00:03:10,  1.01it/s, loss=0.0243]
Epoch 22:  68%|######....| 396/585 [00:06:32<00:03:07,  1.01it/s, loss=0.0243]
Epoch 22:  69%|######....| 401/585 [00:06:37<00:03:02,  1.01it/s, loss=0.0243]
Epoch 22:  69%|######....| 406/585 [00:06:42<00:02:57,  1.01it/s, loss=0.0243]
Epoch 22:  70%|#######...| 412/585 [00:06:48<00:02:51,  1.01it/s, loss=0.0243]
Epoch 22:  71%|#######...| 417/585 [00:06:54<00:02:46,  1.01it/s, loss=0.0243]
Epoch 22:  72%|#######...| 423/585 [00:06:59<00:02:40,  1.01it/s, loss=0.0242]
Epoch 22:  73%|#######...| 427/585 [00:07:04<00:02:37,  1.01it/s, loss=0.0242]
Epoch 22:  74%|#######...| 432/585 [00:07:10<00:02:32,  1.00it/s, loss=0.0242]
Epoch 22:  75%|#######...| 437/585 [00:07:16<00:02:27,  1.00it/s, loss=0.0244]
Epoch 22:  76%|#######...| 443/585 [00:07:21<00:02:21,  1.00it/s, loss=0.0244]
Epoch 22:  77%|#######...| 448/585 [00:07:27<00:02:16,  1.00it/s, loss=0.0243]
Epoch 22:  78%|#######...| 454/585 [00:07:33<00:02:10,  1.00it/s, loss=0.0244]
Epoch 22:  78%|#######...| 459/585 [00:07:38<00:02:05,  1.00it/s, loss=0.0243]
Epoch 22:  79%|#######...| 464/585 [00:07:43<00:02:00,  1.00it/s, loss=0.0243]
Epoch 22:  80%|########..| 470/585 [00:07:49<00:01:54,  1.00it/s, loss=0.0243]
Epoch 22:  81%|########..| 475/585 [00:07:55<00:01:50,  1.00it/s, loss=0.0243]
Epoch 22:  82%|########..| 480/585 [00:08:00<00:01:45,  1.00it/s, loss=0.0243]
Epoch 22:  83%|########..| 486/585 [00:08:06<00:01:39,  1.00it/s, loss=0.0243]
Epoch 22:  84%|########..| 491/585 [00:08:11<00:01:34,  1.00it/s, loss=0.0244]
Epoch 22:  85%|########..| 497/585 [00:08:16<00:01:27,  1.00it/s, loss=0.0244]
Epoch 22:  86%|########..| 503/585 [00:08:22<00:01:21,  1.00it/s, loss=0.0244]
Epoch 22:  87%|########..| 509/585 [00:08:27<00:01:15,  1.00it/s, loss=0.0244]
Epoch 22:  88%|########..| 515/585 [00:08:33<00:01:09,  1.00it/s, loss=0.0244]
Epoch 22:  89%|########..| 521/585 [00:08:39<00:01:03,  1.00it/s, loss=0.0244]
Epoch 22:  90%|#########.| 527/585 [00:08:44<00:00:57,  1.00it/s, loss=0.0244]
Epoch 22:  91%|#########.| 533/585 [00:08:50<00:00:51,  1.00it/s, loss=0.0243]
Epoch 22:  92%|#########.| 539/585 [00:08:56<00:00:45,  1.00it/s, loss=0.0243]
Epoch 22:  93%|#########.| 544/585 [00:09:01<00:00:40,  1.00it/s, loss=0.0243]
Epoch 22:  94%|#########.| 550/585 [00:09:06<00:00:34,  1.01it/s, loss=0.0243]
Epoch 22:  95%|#########.| 556/585 [00:09:12<00:00:28,  1.01it/s, loss=0.0242]
Epoch 22:  96%|#########.| 562/585 [00:09:17<00:00:22,  1.01it/s, loss=0.0242]
Epoch 22:  97%|#########.| 567/585 [00:09:22<00:00:17,  1.01it/s, loss=0.0242]
Epoch 22:  98%|#########.| 572/585 [00:09:28<00:00:12,  1.01it/s, loss=0.0242]
Epoch 22:  99%|#########.| 577/585 [00:09:33<00:00:07,  1.01it/s, loss=0.0242]
Epoch 22: 100%|#########.| 583/585 [00:09:38<00:00:01,  1.01it/s, loss=0.0242]
Epoch 22: 100%|##########| 585/585 [00:09:40<00:00:00,  1.01it/s, loss=0.0241]
Test loss: 0.0242, Test rmsae: 6.77deg
{"event": "epoch_complete", "epoch": 22, "phase": 2, "lr": 1e-05, "batch_size": 10, "micro_batch_size": 1, "train_loss": 0.024148647665468037, "val_loss": 0.02415626880247146, "val_rmsae_deg": 6.767407223582268, "epoch_time_s": 581.2976345680072}
Epoch 23/40:
Epoch 23:   1%|..........| 6/585 [00:00:05<00:09:05,  1.06it/s, loss=0.0252]
Epoch 23:   2%|..........| 12/585 [00:00:11<00:09:11,  1.04it/s, loss=0.0234]
Epoch 23:   3%|..........| 18/585 [00:00:17<00:09:02,  1.05it/s, loss=0.0237]
Epoch 23:   4%|..........| 23/585 [00:00:22<00:09:12,  1.02it/s, loss=0.0240]
Epoch 23:   5%|..........| 29/585 [00:00:27<00:08:51,  1.05it/s, loss=0.0236]
Epoch 23:   6%|..........| 33/585 [00:00:33<00:09:13,  1.00it/s, loss=0.0239]
Epoch 23:   6%|..........| 38/585 [00:00:38<00:09:16,  0.98it/s, loss=0.0239]
Epoch 23:   8%|..........| 44/585 [00:00:43<00:09:00,  1.00it/s, loss=0.0246]
Epoch 23:   9%|..........| 50/585 [00:00:49<00:08:45,  1.02it/s, loss=0.0248]
Epoch 23:   9%|..........| 55/585 [00:00:54<00:08:44,  1.01it/s, loss=0.0248]
Epoch 23:  10%|#.........| 59/585 [00:00:59<00:08:51,  0.99it/s, loss=0.0245]
Epoch 23:  11%|#.........| 65/585 [00:01:05<00:08:43,  0.99it/s, loss=0.0244]
Epoch 23:  12%|#.........| 70/585 [00:01:10<00:08:42,  0.99it/s, loss=0.0242]
Epoch 23:  13%|#.........| 75/585 [00:01:16<00:08:41,  0.98it/s, loss=0.0243]
Epoch 23:  14%|#.........| 80/585 [00:01:22<00:08:37,  0.98it/s, loss=0.0245]
Epoch 23:  15%|#.........| 86/585 [00:01:27<00:08:28,  0.98it/s, loss=0.0245]
Epoch 23:  16%|#.........| 91/585 [00:01:33<00:08:28,  0.97it/s, loss=0.0247]
Epoch 23:  16%|#.........| 96/585 [00:01:39<00:08:27,  0.96it/s, loss=0.0246]
Epoch 23:  17%|#.........| 101/585 [00:01:44<00:08:22,  0.96it/s, loss=0.0247]
Epoch 23:  18%|#.........| 106/585 [00:01:50<00:08:18,  0.96it/s, loss=0.0245]
Epoch 23:  19%|#.........| 111/585 [00:01:55<00:08:13,  0.96it/s, loss=0.0246]
Epoch 23:  20%|#.........| 116/585 [00:02:00<00:08:08,  0.96it/s, loss=0.0246]
Epoch 23:  21%|##........| 122/585 [00:02:06<00:08:00,  0.96it/s, loss=0.0245]
Epoch 23:  22%|##........| 127/585 [00:02:12<00:07:57,  0.96it/s, loss=0.0245]
Epoch 23:  23%|##........| 132/585 [00:02:17<00:07:53,  0.96it/s, loss=0.0245]
Epoch 23:  24%|##........| 138/585 [00:02:23<00:07:45,  0.96it/s, loss=0.0244]
Epoch 23:  25%|##........| 144/585 [00:02:29<00:07:36,  0.97it/s, loss=0.0244]
Epoch 23:  26%|##........| 150/585 [00:02:34<00:07:28,  0.97it/s, loss=0.0245]
Epoch 23:  26%|##........| 155/585 [00:02:39<00:07:23,  0.97it/s, loss=0.0243]
Epoch 23:  28%|##........| 161/585 [00:02:45<00:07:14,  0.98it/s, loss=0.0243]
Epoch 23:  29%|##........| 167/585 [00:02:50<00:07:07,  0.98it/s, loss=0.0242]
Epoch 23:  29%|##........| 172/585 [00:02:56<00:07:03,  0.98it/s, loss=0.0243]
Epoch 23:  30%|###.......| 178/585 [00:03:01<00:06:54,  0.98it/s, loss=0.0243]
Epoch 23:  31%|###.......| 184/585 [00:03:07<00:06:48,  0.98it/s, loss=0.0243]
Epoch 23:  32%|###.......| 190/585 [00:03:14<00:06:43,  0.98it/s, loss=0.0243]
Epoch 23:  34%|###.......| 196/585 [00:03:19<00:06:35,  0.98it/s, loss=0.0242]
Epoch 23:  35%|###.......| 202/585 [00:03:25<00:06:29,  0.98it/s, loss=0.0242]
Epoch 23:  35%|###.......| 206/585 [00:03:30<00:06:27,  0.98it/s, loss=0.0242]
Epoch 23:  36%|###.......| 211/585 [00:03:36<00:06:22,  0.98it/s, loss=0.0243]
Epoch 23:  37%|###.......| 216/585 [00:03:41<00:06:18,  0.97it/s, loss=0.0242]
Epoch 23:  38%|###.......| 222/585 [00:03:46<00:06:10,  0.98it/s, loss=0.0241]
Epoch 23:  39%|###.......| 228/585 [00:03:52<00:06:03,  0.98it/s, loss=0.0240]
Epoch 23:  40%|####......| 234/585 [00:03:57<00:05:56,  0.98it/s, loss=0.0239]
Epoch 23:  41%|####......| 239/585 [00:04:03<00:05:52,  0.98it/s, loss=0.0239]
Epoch 23:  42%|####......| 244/585 [00:04:09<00:05:48,  0.98it/s, loss=0.0239]
Epoch 23:  43%|####......| 250/585 [00:04:14<00:05:40,  0.98it/s, loss=0.0239]
Epoch 23:  44%|####......| 256/585 [00:04:19<00:05:34,  0.99it/s, loss=0.0239]
Epoch 23:  45%|####......| 262/585 [00:04:26<00:05:27,  0.98it/s, loss=0.0239]
Epoch 23:  46%|####......| 267/585 [00:04:31<00:05:23,  0.98it/s, loss=0.0239]
Epoch 23:  47%|####......| 273/585 [00:04:36<00:05:16,  0.99it/s, loss=0.0239]
Epoch 23:  48%|####......| 279/585 [00:04:41<00:05:09,  0.99it/s, loss=0.0238]
Epoch 23:  49%|####......| 285/585 [00:04:47<00:05:02,  0.99it/s, loss=0.0238]
Epoch 23:  50%|####......| 290/585 [00:04:52<00:04:57,  0.99it/s, loss=0.0239]
Epoch 23:  50%|#####.....| 295/585 [00:04:59<00:04:54,  0.99it/s, loss=0.0239]
Epoch 23:  51%|#####.....| 300/585 [00:05:04<00:04:49,  0.98it/s, loss=0.0240]
Epoch 23:  52%|#####.....| 305/585 [00:05:09<00:04:44,  0.98it/s, loss=0.0241]
Epoch 23:  53%|#####.....| 311/585 [00:05:15<00:04:37,  0.99it/s, loss=0.0240]
Epoch 23:  54%|#####.....| 315/585 [00:05:20<00:04:34,  0.98it/s, loss=0.0240]
Epoch 23:  55%|#####.....| 321/585 [00:05:25<00:04:28,  0.98it/s, loss=0.0240]
Epoch 23:  56%|#####.....| 327/585 [00:05:31<00:04:21,  0.99it/s, loss=0.0240]
Epoch 23:  57%|#####.....| 333/585 [00:05:37<00:04:15,  0.99it/s, loss=0.0240]
Epoch 23:  58%|#####.....| 339/585 [00:05:42<00:04:08,  0.99it/s, loss=0.0239]
Epoch 23:  59%|#####.....| 345/585 [00:05:48<00:04:02,  0.99it/s, loss=0.0239]
Epoch 23:  60%|######....| 351/585 [00:05:53<00:03:55,  0.99it/s, loss=0.0239]
Epoch 23:  61%|######....| 356/585 [00:05:59<00:03:51,  0.99it/s, loss=0.0239]
Epoch 23:  62%|######....| 362/585 [00:06:04<00:03:44,  0.99it/s, loss=0.0239]
Epoch 23:  63%|######....| 368/585 [00:06:10<00:03:38,  0.99it/s, loss=0.0242]
Epoch 23:  64%|######....| 374/585 [00:06:15<00:03:32,  0.99it/s, loss=0.0241]
Epoch 23:  65%|######....| 380/585 [00:06:21<00:03:25,  1.00it/s, loss=0.0241]
Epoch 23:  66%|######....| 385/585 [00:06:27<00:03:21,  0.99it/s, loss=0.0241]
Epoch 23:  67%|######....| 391/585 [00:06:32<00:03:14,  1.00it/s, loss=0.0241]
Epoch 23:  68%|######....| 395/585 [00:06:38<00:03:11,  0.99it/s, loss=0.0242]
Epoch 23:  69%|######....| 401/585 [00:06:44<00:03:05,  0.99it/s, loss=0.0242]
Epoch 23:  69%|######....| 406/585 [00:06:49<00:03:00,  0.99it/s, loss=0.0242]
Epoch 23:  70%|#######...| 411/585 [00:06:54<00:02:55,  0.99it/s, loss=0.0241]
Epoch 23:  71%|#######...| 416/585 [00:06:59<00:02:50,  0.99it/s, loss=0.0242]
Epoch 23:  72%|#######...| 422/585 [00:07:05<00:02:44,  0.99it/s, loss=0.0242]
Epoch 23:  73%|#######...| 426/585 [00:07:10<00:02:40,  0.99it/s, loss=0.0242]
Epoch 23:  74%|#######...| 432/585 [00:07:16<00:02:34,  0.99it/s, loss=0.0242]
Epoch 23:  75%|#######...| 437/585 [00:07:21<00:02:29,  0.99it/s, loss=0.0242]
Epoch 23:  76%|#######...| 443/585 [00:07:27<00:02:23,  0.99it/s, loss=0.0242]
Epoch 23:  77%|#######...| 449/585 [00:07:33<00:02:17,  0.99it/s, loss=0.0242]
Epoch 23:  78%|#######...| 454/585 [00:07:38<00:02:12,  0.99it/s, loss=0.0242]
Epoch 23:  78%|#######...| 459/585 [00:07:43<00:02:07,  0.99it/s, loss=0.0242]
Epoch 23:  79%|#######...| 464/585 [00:07:48<00:02:02,  0.99it/s, loss=0.0242]
Epoch 23:  80%|########..| 470/585 [00:07:54<00:01:56,  0.99it/s, loss=0.0242]
Epoch 23:  81%|########..| 476/585 [00:08:00<00:01:50,  0.99it/s, loss=0.0242]
Epoch 23:  82%|########..| 481/585 [00:08:05<00:01:44,  0.99it/s, loss=0.0242]
Epoch 23:  83%|########..| 486/585 [00:08:11<00:01:40,  0.99it/s, loss=0.0242]
Epoch 23:  84%|########..| 492/585 [00:08:17<00:01:33,  0.99it/s, loss=0.0242]
Epoch 23:  85%|########..| 498/585 [00:08:23<00:01:27,  0.99it/s, loss=0.0242]
Epoch 23:  86%|########..| 503/585 [00:08:28<00:01:22,  0.99it/s, loss=0.0242]
Epoch 23:  87%|########..| 509/585 [00:08:34<00:01:16,  0.99it/s, loss=0.0242]
Epoch 23:  88%|########..| 515/585 [00:08:39<00:01:10,  0.99it/s, loss=0.0242]
Epoch 23:  89%|########..| 521/585 [00:08:45<00:01:04,  0.99it/s, loss=0.0242]
Epoch 23:  90%|########..| 526/585 [00:08:50<00:00:59,  0.99it/s, loss=0.0248]
Epoch 23:  91%|#########.| 532/585 [00:08:56<00:00:53,  0.99it/s, loss=0.0248]
Epoch 23:  92%|#########.| 538/585 [00:09:02<00:00:47,  0.99it/s, loss=0.0248]
Epoch 23:  93%|#########.| 544/585 [00:09:07<00:00:41,  0.99it/s, loss=0.0248]
Epoch 23:  94%|#########.| 550/585 [00:09:13<00:00:35,  0.99it/s, loss=0.0248]
Epoch 23:  95%|#########.| 555/585 [00:09:18<00:00:30,  0.99it/s, loss=0.0248]
Epoch 23:  96%|#########.| 561/585 [00:09:24<00:00:24,  0.99it/s, loss=0.0248]
Epoch 23:  97%|#########.| 567/585 [00:09:30<00:00:18,  0.99it/s, loss=0.0248]
Epoch 23:  98%|#########.| 573/585 [00:09:36<00:00:12,  0.99it/s, loss=0.0247]
Epoch 23:  99%|#########.| 578/585 [00:09:41<00:00:07,  0.99it/s, loss=0.0247]
Epoch 23: 100%|#########.| 583/585 [00:09:47<00:00:02,  0.99it/s, loss=0.0248]
Epoch 23: 100%|##########| 585/585 [00:09:49<00:00:00,  0.99it/s, loss=0.0248]
Test loss: 0.0241, Test rmsae: 6.81deg
{"event": "epoch_complete", "epoch": 23, "phase": 2, "lr": 1e-05, "batch_size": 10, "micro_batch_size": 1, "train_loss": 0.024762867050420526, "val_loss": 0.02414139494067058, "val_rmsae_deg": 6.812735065817833, "epoch_time_s": 590.4128570320026}
Epoch 24/40:
Epoch 24:   1%|..........| 6/585 [00:00:06<00:10:27,  0.92it/s, loss=0.0271]
Epoch 24:   2%|..........| 12/585 [00:00:12<00:09:44,  0.98it/s, loss=0.0255]
Epoch 24:   3%|..........| 18/585 [00:00:17<00:09:24,  1.00it/s, loss=0.0250]
Epoch 24:   4%|..........| 24/585 [00:00:23<00:09:13,  1.01it/s, loss=0.0249]
Epoch 24:   5%|..........| 30/585 [00:00:28<00:08:55,  1.04it/s, loss=0.0248]
Epoch 24:   6%|..........| 36/585 [00:00:34<00:08:47,  1.04it/s, loss=0.0247]
Epoch 24:   7%|..........| 42/585 [00:00:40<00:08:41,  1.04it/s, loss=0.0244]
Epoch 24:   8%|..........| 48/585 [00:00:45<00:08:31,  1.05it/s, loss=0.0245]
Epoch 24:   9%|..........| 53/585 [00:00:51<00:08:35,  1.03it/s, loss=0.0245]
Epoch 24:  10%|..........| 58/585 [00:00:57<00:08:41,  1.01it/s, loss=0.0252]
Epoch 24:  11%|#.........| 64/585 [00:01:02<00:08:31,  1.02it/s, loss=0.0250]
Epoch 24:  12%|#.........| 69/585 [00:01:07<00:08:27,  1.02it/s, loss=0.0249]
Epoch 24:  13%|#.........| 74/585 [00:01:13<00:08:24,  1.01it/s, loss=0.0248]
Epoch 24:  14%|#.........| 80/585 [00:01:18<00:08:15,  1.02it/s, loss=0.0246]
Epoch 24:  15%|#.........| 85/585 [00:01:24<00:08:15,  1.01it/s, loss=0.0246]
Epoch 24:  16%|#.........| 91/585 [00:01:29<00:08:06,  1.02it/s, loss=0.0247]
Epoch 24:  17%|#.........| 97/585 [00:01:35<00:08:01,  1.01it/s, loss=0.0246]
Epoch 24:  17%|#.........| 102/585 [00:01:41<00:07:59,  1.01it/s, loss=0.0245]
Epoch 24:  18%|#.........| 107/585 [00:01:46<00:07:57,  1.00it/s, loss=0.0245]
Epoch 24:  19%|#.........| 112/585 [00:01:52<00:07:55,  0.99it/s, loss=0.0244]
Epoch 24:  20%|##........| 118/585 [00:01:58<00:07:48,  1.00it/s, loss=0.0243]
Epoch 24:  21%|##........| 123/585 [00:02:03<00:07:45,  0.99it/s, loss=0.0243]
Epoch 24:  22%|##........| 128/585 [00:02:09<00:07:40,  0.99it/s, loss=0.0244]
Epoch 24:  23%|##........| 134/585 [00:02:14<00:07:33,  0.99it/s, loss=0.0246]
Epoch 24:  24%|##........| 140/585 [00:02:20<00:07:27,  1.00it/s, loss=0.0245]
Epoch 24:  25%|##........| 145/585 [00:02:26<00:07:23,  0.99it/s, loss=0.0245]
Epoch 24:  26%|##........| 150/585 [00:02:31<00:07:19,  0.99it/s, loss=0.0245]
Epoch 24:  27%|##........| 156/585 [00:02:37<00:07:13,  0.99it/s, loss=0.0246]
Epoch 24:  28%|##........| 162/585 [00:02:42<00:07:04,  1.00it/s, loss=0.0245]
Epoch 24:  29%|##........| 168/585 [00:02:48<00:06:58,  1.00it/s, loss=0.0245]
Epoch 24:  30%|##........| 174/585 [00:02:53<00:06:50,  1.00it/s, loss=0.0245]
Epoch 24:  31%|###.......| 180/585 [00:02:59<00:06:44,  1.00it/s, loss=0.0244]
Epoch 24:  32%|###.......| 185/585 [00:03:05<00:06:41,  1.00it/s, loss=0.0243]
Epoch 24:  33%|###.......| 191/585 [00:03:11<00:06:34,  1.00it/s, loss=0.0243]
Epoch 24:  34%|###.......| 197/585 [00:03:16<00:06:27,  1.00it/s, loss=0.0243]
Epoch 24:  35%|###.......| 202/585 [00:03:22<00:06:23,  1.00it/s, loss=0.0243]
Epoch 24:  36%|###.......| 208/585 [00:03:28<00:06:17,  1.00it/s, loss=0.0242]
Epoch 24:  37%|###.......| 214/585 [00:03:33<00:06:10,  1.00it/s, loss=0.0241]
Epoch 24:  37%|###.......| 219/585 [00:03:39<00:06:06,  1.00it/s, loss=0.0241]
Epoch 24:  38%|###.......| 224/585 [00:03:45<00:06:02,  1.00it/s, loss=0.0242]
Epoch 24:  39%|###.......| 229/585 [00:03:50<00:05:58,  0.99it/s, loss=0.0241]
Epoch 24:  40%|###.......| 233/585 [00:03:55<00:05:56,  0.99it/s, loss=0.0241]
Epoch 24:  41%|####......| 238/585 [00:04:02<00:05:53,  0.98it/s, loss=0.0242]
Epoch 24:  42%|####......| 244/585 [00:04:07<00:05:45,  0.99it/s, loss=0.0242]
Epoch 24:  43%|####......| 250/585 [00:04:12<00:05:38,  0.99it/s, loss=0.0243]
Epoch 24:  44%|####......| 256/585 [00:04:18<00:05:32,  0.99it/s, loss=0.0243]
Epoch 24:  45%|####......| 262/585 [00:04:23<00:05:25,  0.99it/s, loss=0.0243]
Epoch 24:  46%|####......| 268/585 [00:04:29<00:05:18,  1.00it/s, loss=0.0243]
Epoch 24:  47%|####......| 274/585 [00:04:34<00:05:11,  1.00it/s, loss=0.0243]
Epoch 24:  48%|####......| 280/585 [00:04:40<00:05:05,  1.00it/s, loss=0.0243]
Epoch 24:  49%|####......| 285/585 [00:04:45<00:05:00,  1.00it/s, loss=0.0244]
Epoch 24:  50%|####......| 291/585 [00:04:51<00:04:54,  1.00it/s, loss=0.0244]
Epoch 24:  51%|#####.....| 297/585 [00:04:57<00:04:48,  1.00it/s, loss=0.0243]
Epoch 24:  52%|#####.....| 303/585 [00:05:03<00:04:42,  1.00it/s, loss=0.0242]
Epoch 24:  53%|#####.....| 309/585 [00:05:08<00:04:35,  1.00it/s, loss=0.0242]
Epoch 24:  54%|#####.....| 315/585 [00:05:13<00:04:29,  1.00it/s, loss=0.0242]
Epoch 24:  55%|#####.....| 320/585 [00:05:19<00:04:24,  1.00it/s, loss=0.0242]
Epoch 24:  56%|#####.....| 326/585 [00:05:25<00:04:18,  1.00it/s, loss=0.0241]
Epoch 24:  57%|#####.....| 331/585 [00:05:30<00:04:13,  1.00it/s, loss=0.0241]
Epoch 24:  57%|#####.....| 335/585 [00:05:36<00:04:10,  1.00it/s, loss=0.0241]
Epoch 24:  58%|#####.....| 341/585 [00:05:41<00:04:04,  1.00it/s, loss=0.0241]
Epoch 24:  59%|#####.....| 346/585 [00:05:47<00:03:59,  1.00it/s, loss=0.0241]
Epoch 24:  60%|######....| 352/585 [00:05:52<00:03:53,  1.00it/s, loss=0.0241]
Epoch 24:  61%|######....| 358/585 [00:05:58<00:03:47,  1.00it/s, loss=0.0240]
Epoch 24:  62%|######....| 364/585 [00:06:04<00:03:41,  1.00it/s, loss=0.0240]
Epoch 24:  63%|######....| 369/585 [00:06:09<00:03:36,  1.00it/s, loss=0.0240]
Epoch 24:  64%|######....| 374/585 [00:06:14<00:03:31,  1.00it/s, loss=0.0241]
Epoch 24:  65%|######....| 379/585 [00:06:19<00:03:26,  1.00it/s, loss=0.0240]
Epoch 24:  66%|######....| 384/585 [00:06:24<00:03:21,  1.00it/s, loss=0.0241]
Epoch 24:  67%|######....| 390/585 [00:06:30<00:03:15,  1.00it/s, loss=0.0243]
Epoch 24:  68%|######....| 395/585 [00:06:35<00:03:10,  1.00it/s, loss=0.0242]
Epoch 24:  68%|######....| 400/585 [00:06:40<00:03:05,  1.00it/s, loss=0.0242]
Epoch 24:  69%|######....| 406/585 [00:06:46<00:02:59,  1.00it/s, loss=0.0243]
Epoch 24:  70%|#######...| 412/585 [00:06:52<00:02:53,  1.00it/s, loss=0.0242]
Epoch 24:  71%|#######...| 417/585 [00:06:57<00:02:48,  1.00it/s, loss=0.0243]
Epoch 24:  72%|#######...| 423/585 [00:07:03<00:02:42,  1.00it/s, loss=0.0243]
Epoch 24:  73%|#######...| 428/585 [00:07:08<00:02:37,  1.00it/s, loss=0.0243]
Epoch 24:  74%|#######...| 434/585 [00:07:14<00:02:31,  1.00it/s, loss=0.0242]
Epoch 24:  75%|#######...| 440/585 [00:07:19<00:02:24,  1.00it/s, loss=0.0242]
Epoch 24:  76%|#######...| 445/585 [00:07:24<00:02:19,  1.00it/s, loss=0.0243]
Epoch 24:  77%|#######...| 451/585 [00:07:30<00:02:13,  1.00it/s, loss=0.0243]
Epoch 24:  78%|#######...| 457/585 [00:07:36<00:02:07,  1.00it/s, loss=0.0243]
Epoch 24:  79%|#######...| 463/585 [00:07:42<00:02:01,  1.00it/s, loss=0.0243]
Epoch 24:  80%|########..| 469/585 [00:07:47<00:01:55,  1.00it/s, loss=0.0243]
Epoch 24:  81%|########..| 475/585 [00:07:53<00:01:49,  1.00it/s, loss=0.0242]
Epoch 24:  82%|########..| 480/585 [00:07:59<00:01:44,  1.00it/s, loss=0.0243]
Epoch 24:  83%|########..| 485/585 [00:08:04<00:01:39,  1.00it/s, loss=0.0242]
Epoch 24:  84%|########..| 490/585 [00:08:09<00:01:34,  1.00it/s, loss=0.0243]
Epoch 24:  85%|########..| 496/585 [00:08:15<00:01:28,  1.00it/s, loss=0.0243]
Epoch 24:  86%|########..| 502/585 [00:08:21<00:01:22,  1.00it/s, loss=0.0243]
Epoch 24:  87%|########..| 508/585 [00:08:27<00:01:16,  1.00it/s, loss=0.0244]
Epoch 24:  88%|########..| 514/585 [00:08:33<00:01:10,  1.00it/s, loss=0.0243]
Epoch 24:  89%|########..| 519/585 [00:08:38<00:01:05,  1.00it/s, loss=0.0243]
Epoch 24:  90%|########..| 525/585 [00:08:43<00:00:59,  1.00it/s, loss=0.0243]
Epoch 24:  91%|#########.| 531/585 [00:08:50<00:00:53,  1.00it/s, loss=0.0243]
Epoch 24:  92%|#########.| 536/585 [00:08:55<00:00:48,  1.00it/s, loss=0.0243]
Epoch 24:  92%|#########.| 541/585 [00:09:00<00:00:43,  1.00it/s, loss=0.0243]
Epoch 24:  93%|#########.| 546/585 [00:09:05<00:00:38,  1.00it/s, loss=0.0243]
Epoch 24:  94%|#########.| 551/585 [00:09:11<00:00:34,  1.00it/s, loss=0.0243]
Epoch 24:  95%|#########.| 556/585 [00:09:16<00:00:29,  1.00it/s, loss=0.0243]
Epoch 24:  96%|#########.| 562/585 [00:09:22<00:00:23,  1.00it/s, loss=0.0243]
Epoch 24:  97%|#########.| 566/585 [00:09:27<00:00:19,  1.00it/s, loss=0.0243]
Epoch 24:  98%|#########.| 571/585 [00:09:32<00:00:14,  1.00it/s, loss=0.0243]
Epoch 24:  98%|#########.| 576/585 [00:09:38<00:00:09,  1.00it/s, loss=0.0244]
Epoch 24:  99%|#########.| 581/585 [00:09:43<00:00:04,  1.00it/s, loss=0.0244]
Epoch 24: 100%|##########| 585/585 [00:09:46<00:00:00,  1.00it/s, loss=0.0244]
Test loss: 0.0241, Test rmsae: 6.79deg
{"event": "epoch_complete", "epoch": 24, "phase": 2, "lr": 1e-05, "batch_size": 10, "micro_batch_size": 1, "train_loss": 0.02438163203943489, "val_loss": 0.024135709565598518, "val_rmsae_deg": 6.7949404418468475, "epoch_time_s": 587.7193370599998}
Epoch 25/40:
Epoch 25:   1%|..........| 6/585 [00:00:05<00:09:16,  1.04it/s, loss=0.0242]
Epoch 25:   2%|..........| 12/585 [00:00:11<00:08:53,  1.07it/s, loss=0.0235]
Epoch 25:   3%|..........| 18/585 [00:00:16<00:08:47,  1.07it/s, loss=0.0229]
Epoch 25:   4%|..........| 23/585 [00:00:22<00:09:04,  1.03it/s, loss=0.0225]
Epoch 25:   5%|..........| 29/585 [00:00:27<00:08:53,  1.04it/s, loss=0.0224]
Epoch 25:   6%|..........| 34/585 [00:00:32<00:08:53,  1.03it/s, loss=0.0229]
Epoch 25:   7%|..........| 40/585 [00:00:38<00:08:50,  1.03it/s, loss=0.0235]
Epoch 25:   8%|..........| 46/585 [00:00:44<00:08:41,  1.03it/s, loss=0.0236]
Epoch 25:   9%|..........| 51/585 [00:00:49<00:08:39,  1.03it/s, loss=0.0232]
Epoch 25:  10%|..........| 57/585 [00:00:55<00:08:30,  1.04it/s, loss=0.0232]
Epoch 25:  11%|#.........| 63/585 [00:01:01<00:08:26,  1.03it/s, loss=0.0230]
Epoch 25:  12%|#.........| 69/585 [00:01:06<00:08:18,  1.03it/s, loss=0.0228]
Epoch 25:  13%|#.........| 75/585 [00:01:12<00:08:13,  1.03it/s, loss=0.0230]
Epoch 25:  14%|#.........| 81/585 [00:01:17<00:08:04,  1.04it/s, loss=0.0233]
Epoch 25:  15%|#.........| 86/585 [00:01:23<00:08:03,  1.03it/s, loss=0.0239]
Epoch 25:  16%|#.........| 91/585 [00:01:29<00:08:03,  1.02it/s, loss=0.0241]
Epoch 25:  17%|#.........| 97/585 [00:01:34<00:07:53,  1.03it/s, loss=0.0239]
Epoch 25:  17%|#.........| 102/585 [00:01:39<00:07:50,  1.03it/s, loss=0.0243]
Epoch 25:  18%|#.........| 107/585 [00:01:45<00:07:49,  1.02it/s, loss=0.0243]
Epoch 25:  19%|#.........| 113/585 [00:01:50<00:07:43,  1.02it/s, loss=0.0243]
Epoch 25:  20%|##........| 119/585 [00:01:56<00:07:36,  1.02it/s, loss=0.0242]
Epoch 25:  21%|##........| 125/585 [00:02:02<00:07:29,  1.02it/s, loss=0.0241]
Epoch 25:  22%|##........| 131/585 [00:02:07<00:07:23,  1.02it/s, loss=0.0240]
Epoch 25:  23%|##........| 137/585 [00:02:13<00:07:16,  1.03it/s, loss=0.0239]
Epoch 25:  24%|##........| 143/585 [00:02:19<00:07:10,  1.03it/s, loss=0.0237]
Epoch 25:  25%|##........| 148/585 [00:02:25<00:07:08,  1.02it/s, loss=0.0237]
Epoch 25:  26%|##........| 153/585 [00:02:30<00:07:04,  1.02it/s, loss=0.0237]
Epoch 25:  27%|##........| 159/585 [00:02:36<00:06:58,  1.02it/s, loss=0.0238]
Epoch 25:  28%|##........| 165/585 [00:02:42<00:06:53,  1.02it/s, loss=0.0242]
Epoch 25:  29%|##........| 170/585 [00:02:47<00:06:48,  1.02it/s, loss=0.0242]
Epoch 25:  30%|##........| 175/585 [00:02:52<00:06:44,  1.01it/s, loss=0.0241]
Epoch 25:  31%|###.......| 181/585 [00:02:58<00:06:38,  1.01it/s, loss=0.0240]
Epoch 25:  32%|###.......| 187/585 [00:03:04<00:06:32,  1.01it/s, loss=0.0239]
Epoch 25:  33%|###.......| 192/585 [00:03:09<00:06:28,  1.01it/s, loss=0.0240]
Epoch 25:  34%|###.......| 197/585 [00:03:15<00:06:24,  1.01it/s, loss=0.0240]
Epoch 25:  35%|###.......| 203/585 [00:03:20<00:06:17,  1.01it/s, loss=0.0239]
Epoch 25:  36%|###.......| 208/585 [00:03:26<00:06:13,  1.01it/s, loss=0.0239]
Epoch 25:  37%|###.......| 214/585 [00:03:31<00:06:06,  1.01it/s, loss=0.0238]
Epoch 25:  38%|###.......| 220/585 [00:03:37<00:06:00,  1.01it/s, loss=0.0237]
Epoch 25:  38%|###.......| 225/585 [00:03:42<00:05:56,  1.01it/s, loss=0.0237]
Epoch 25:  39%|###.......| 230/585 [00:03:48<00:05:52,  1.01it/s, loss=0.0237]
Epoch 25:  40%|####......| 236/585 [00:03:53<00:05:45,  1.01it/s, loss=0.0236]
Epoch 25:  41%|####......| 242/585 [00:03:59<00:05:38,  1.01it/s, loss=0.0237]
Epoch 25:  42%|####......| 248/585 [00:04:04<00:05:32,  1.01it/s, loss=0.0237]
Epoch 25:  43%|####......| 253/585 [00:04:10<00:05:28,  1.01it/s, loss=0.0239]
Epoch 25:  44%|####......| 259/585 [00:04:15<00:05:22,  1.01it/s, loss=0.0239]
Epoch 25:  45%|####......| 265/585 [00:04:21<00:05:16,  1.01it/s, loss=0.0239]
Epoch 25:  46%|####......| 271/585 [00:04:27<00:05:10,  1.01it/s, loss=0.0240]
Epoch 25:  47%|####......| 277/585 [00:04:33<00:05:04,  1.01it/s, loss=0.0240]
Epoch 25:  48%|####......| 283/585 [00:04:39<00:04:57,  1.01it/s, loss=0.0239]
Epoch 25:  49%|####......| 288/585 [00:04:44<00:04:53,  1.01it/s, loss=0.0238]
Epoch 25:  50%|#####.....| 294/585 [00:04:50<00:04:47,  1.01it/s, loss=0.0239]
Epoch 25:  51%|#####.....| 299/585 [00:04:55<00:04:42,  1.01it/s, loss=0.0240]
Epoch 25:  52%|#####.....| 305/585 [00:05:00<00:04:36,  1.01it/s, loss=0.0239]
Epoch 25:  53%|#####.....| 311/585 [00:05:06<00:04:29,  1.02it/s, loss=0.0239]
Epoch 25:  54%|#####.....| 317/585 [00:05:11<00:04:23,  1.02it/s, loss=0.0238]
Epoch 25:  55%|#####.....| 323/585 [00:05:18<00:04:17,  1.02it/s, loss=0.0238]
Epoch 25:  56%|#####.....| 328/585 [00:05:23<00:04:13,  1.02it/s, loss=0.0238]
Epoch 25:  57%|#####.....| 334/585 [00:05:29<00:04:07,  1.01it/s, loss=0.0238]
Epoch 25:  58%|#####.....| 340/585 [00:05:34<00:04:01,  1.02it/s, loss=0.0238]
Epoch 25:  59%|#####.....| 346/585 [00:05:40<00:03:55,  1.02it/s, loss=0.0238]
Epoch 25:  60%|######....| 352/585 [00:05:46<00:03:49,  1.02it/s, loss=0.0238]
Epoch 25:  61%|######....| 357/585 [00:05:52<00:03:44,  1.01it/s, loss=0.0238]
Epoch 25:  62%|######....| 363/585 [00:05:58<00:03:39,  1.01it/s, loss=0.0239]
Epoch 25:  63%|######....| 369/585 [00:06:04<00:03:33,  1.01it/s, loss=0.0243]
Epoch 25:  64%|######....| 374/585 [00:06:09<00:03:28,  1.01it/s, loss=0.0244]
Epoch 25:  65%|######....| 380/585 [00:06:14<00:03:22,  1.01it/s, loss=0.0243]
Epoch 25:  66%|######....| 386/585 [00:06:20<00:03:16,  1.01it/s, loss=0.0245]
Epoch 25:  67%|######....| 392/585 [00:06:26<00:03:10,  1.02it/s, loss=0.0245]
Epoch 25:  68%|######....| 397/585 [00:06:31<00:03:05,  1.01it/s, loss=0.0244]
Epoch 25:  69%|######....| 403/585 [00:06:36<00:02:59,  1.02it/s, loss=0.0244]
Epoch 25:  70%|######....| 409/585 [00:06:42<00:02:53,  1.02it/s, loss=0.0244]
Epoch 25:  71%|#######...| 414/585 [00:06:47<00:02:48,  1.02it/s, loss=0.0244]
Epoch 25:  72%|#######...| 419/585 [00:06:53<00:02:43,  1.01it/s, loss=0.0244]
Epoch 25:  72%|#######...| 424/585 [00:06:58<00:02:38,  1.01it/s, loss=0.0244]
Epoch 25:  73%|#######...| 429/585 [00:07:03<00:02:34,  1.01it/s, loss=0.0244]
Epoch 25:  74%|#######...| 434/585 [00:07:09<00:02:29,  1.01it/s, loss=0.0247]
Epoch 25:  75%|#######...| 439/585 [00:07:14<00:02:24,  1.01it/s, loss=0.0247]
Epoch 25:  76%|#######...| 444/585 [00:07:19<00:02:19,  1.01it/s, loss=0.0247]
Epoch 25:  77%|#######...| 449/585 [00:07:25<00:02:14,  1.01it/s, loss=0.0247]
Epoch 25:  78%|#######...| 455/585 [00:07:30<00:02:08,  1.01it/s, loss=0.0247]
Epoch 25:  79%|#######...| 461/585 [00:07:36<00:02:02,  1.01it/s, loss=0.0246]
Epoch 25:  80%|#######...| 467/585 [00:07:42<00:01:56,  1.01it/s, loss=0.0246]
Epoch 25:  81%|########..| 472/585 [00:07:47<00:01:51,  1.01it/s, loss=0.0246]
Epoch 25:  82%|########..| 478/585 [00:07:53<00:01:45,  1.01it/s, loss=0.0246]
Epoch 25:  83%|########..| 483/585 [00:07:58<00:01:41,  1.01it/s, loss=0.0247]
Epoch 25:  83%|########..| 488/585 [00:08:03<00:01:36,  1.01it/s, loss=0.0247]
Epoch 25:  84%|########..| 494/585 [00:08:09<00:01:30,  1.01it/s, loss=0.0247]
Epoch 25:  85%|########..| 500/585 [00:08:14<00:01:24,  1.01it/s, loss=0.0246]
Epoch 25:  86%|########..| 506/585 [00:08:20<00:01:18,  1.01it/s, loss=0.0246]
Epoch 25:  87%|########..| 511/585 [00:08:25<00:01:13,  1.01it/s, loss=0.0246]
Epoch 25:  88%|########..| 516/585 [00:08:30<00:01:08,  1.01it/s, loss=0.0246]
Epoch 25:  89%|########..| 522/585 [00:08:35<00:01:02,  1.01it/s, loss=0.0246]
Epoch 25:  90%|#########.| 528/585 [00:08:41<00:00:56,  1.01it/s, loss=0.0246]
Epoch 25:  91%|#########.| 534/585 [00:08:47<00:00:50,  1.01it/s, loss=0.0246]
Epoch 25:  92%|#########.| 540/585 [00:08:53<00:00:44,  1.01it/s, loss=0.0245]
Epoch 25:  93%|#########.| 544/585 [00:08:58<00:00:40,  1.01it/s, loss=0.0245]
Epoch 25:  94%|#########.| 549/585 [00:09:03<00:00:35,  1.01it/s, loss=0.0245]
Epoch 25:  95%|#########.| 554/585 [00:09:08<00:00:30,  1.01it/s, loss=0.0245]
Epoch 25:  96%|#########.| 560/585 [00:09:13<00:00:24,  1.01it/s, loss=0.0245]
Epoch 25:  97%|#########.| 565/585 [00:09:19<00:00:19,  1.01it/s, loss=0.0245]
Epoch 25:  97%|#########.| 570/585 [00:09:24<00:00:14,  1.01it/s, loss=0.0245]
Epoch 25:  98%|#########.| 576/585 [00:09:29<00:00:08,  1.01it/s, loss=0.0245]
Epoch 25:  99%|#########.| 582/585 [00:09:35<00:00:02,  1.01it/s, loss=0.0244]
Epoch 25: 100%|##########| 585/585 [00:09:39<00:00:00,  1.01it/s, loss=0.0245]
Test loss: 0.0241, Test rmsae: 6.80deg
{"event": "epoch_complete", "epoch": 25, "phase": 2, "lr": 1e-05, "batch_size": 10, "micro_batch_size": 1, "train_loss": 0.024456619936176854, "val_loss": 0.024101637303829193, "val_rmsae_deg": 6.80076377093792, "epoch_time_s": 580.0705738640099}
Epoch 26/40:
Epoch 26:   1%|..........| 5/585 [00:00:05<00:10:04,  0.96it/s, loss=0.0258]
Epoch 26:   2%|..........| 10/585 [00:00:10<00:10:26,  0.92it/s, loss=0.0301]
Epoch 26:   3%|..........| 15/585 [00:00:16<00:10:08,  0.94it/s, loss=0.0285]
Epoch 26:   4%|..........| 21/585 [00:00:21<00:09:50,  0.95it/s, loss=0.0292]
Epoch 26:   4%|..........| 26/585 [00:00:27<00:09:47,  0.95it/s, loss=0.0283]
Epoch 26:   5%|..........| 32/585 [00:00:32<00:09:29,  0.97it/s, loss=0.0274]
Epoch 26:   6%|..........| 38/585 [00:00:38<00:09:15,  0.98it/s, loss=0.0269]
Epoch 26:   7%|..........| 43/585 [00:00:43<00:09:12,  0.98it/s, loss=0.0266]
Epoch 26:   8%|..........| 48/585 [00:00:49<00:09:14,  0.97it/s, loss=0.0261]
Epoch 26:   9%|..........| 54/585 [00:00:55<00:09:03,  0.98it/s, loss=0.0273]
Epoch 26:  10%|#.........| 59/585 [00:01:00<00:09:03,  0.97it/s, loss=0.0271]
Epoch 26:  11%|#.........| 64/585 [00:01:06<00:08:57,  0.97it/s, loss=0.0265]
Epoch 26:  12%|#.........| 69/585 [00:01:11<00:08:53,  0.97it/s, loss=0.0265]
Epoch 26:  13%|#.........| 75/585 [00:01:17<00:08:46,  0.97it/s, loss=0.0260]
Epoch 26:  14%|#.........| 80/585 [00:01:22<00:08:41,  0.97it/s, loss=0.0258]
Epoch 26:  15%|#.........| 85/585 [00:01:28<00:08:38,  0.96it/s, loss=0.0257]
Epoch 26:  16%|#.........| 91/585 [00:01:33<00:08:29,  0.97it/s, loss=0.0258]
Epoch 26:  17%|#.........| 97/585 [00:01:39<00:08:22,  0.97it/s, loss=0.0257]
Epoch 26:  17%|#.........| 102/585 [00:01:44<00:08:17,  0.97it/s, loss=0.0257]
Epoch 26:  18%|#.........| 108/585 [00:01:50<00:08:08,  0.98it/s, loss=0.0258]
Epoch 26:  19%|#.........| 114/585 [00:01:56<00:08:02,  0.98it/s, loss=0.0258]
Epoch 26:  21%|##........| 120/585 [00:02:02<00:07:54,  0.98it/s, loss=0.0256]
Epoch 26:  22%|##........| 126/585 [00:02:08<00:07:47,  0.98it/s, loss=0.0255]
Epoch 26:  23%|##........| 132/585 [00:02:13<00:07:37,  0.99it/s, loss=0.0253]
Epoch 26:  24%|##........| 138/585 [00:02:18<00:07:29,  0.99it/s, loss=0.0253]
Epoch 26:  25%|##........| 144/585 [00:02:24<00:07:21,  1.00it/s, loss=0.0252]
Epoch 26:  26%|##........| 150/585 [00:02:29<00:07:13,  1.00it/s, loss=0.0251]
Epoch 26:  27%|##........| 156/585 [00:02:35<00:07:06,  1.01it/s, loss=0.0250]
Epoch 26:  28%|##........| 161/585 [00:02:40<00:07:02,  1.00it/s, loss=0.0250]
Epoch 26:  28%|##........| 166/585 [00:02:45<00:06:57,  1.00it/s, loss=0.0251]
Epoch 26:  29%|##........| 171/585 [00:02:50<00:06:52,  1.00it/s, loss=0.0251]
Epoch 26:  30%|###.......| 177/585 [00:02:55<00:06:45,  1.01it/s, loss=0.0251]
Epoch 26:  31%|###.......| 182/585 [00:03:01<00:06:41,  1.00it/s, loss=0.0250]
Epoch 26:  32%|###.......| 186/585 [00:03:06<00:06:40,  1.00it/s, loss=0.0250]
Epoch 26:  33%|###.......| 191/585 [00:03:12<00:06:36,  0.99it/s, loss=0.0250]
Epoch 26:  34%|###.......| 197/585 [00:03:18<00:06:30,  0.99it/s, loss=0.0248]
Epoch 26:  35%|###.......| 203/585 [00:03:23<00:06:23,  1.00it/s, loss=0.0249]
Epoch 26:  36%|###.......| 208/585 [00:03:29<00:06:18,  0.99it/s, loss=0.0249]
Epoch 26:  37%|###.......| 214/585 [00:03:34<00:06:11,  1.00it/s, loss=0.0249]
Epoch 26:  37%|###.......| 219/585 [00:03:39<00:06:06,  1.00it/s, loss=0.0252]
Epoch 26:  38%|###.......| 225/585 [00:03:45<00:06:00,  1.00it/s, loss=0.0252]
Epoch 26:  39%|###.......| 230/585 [00:03:50<00:05:55,  1.00it/s, loss=0.0252]
Epoch 26:  40%|####......| 236/585 [00:03:56<00:05:49,  1.00it/s, loss=0.0252]
Epoch 26:  41%|####......| 242/585 [00:04:01<00:05:42,  1.00it/s, loss=0.0252]
Epoch 26:  42%|####......| 246/585 [00:04:06<00:05:40,  1.00it/s, loss=0.0253]
Epoch 26:  43%|####......| 252/585 [00:04:12<00:05:33,  1.00it/s, loss=0.0252]
Epoch 26:  44%|####......| 257/585 [00:04:17<00:05:28,  1.00it/s, loss=0.0252]
Epoch 26:  45%|####......| 263/585 [00:04:23<00:05:22,  1.00it/s, loss=0.0251]
Epoch 26:  46%|####......| 269/585 [00:04:28<00:05:15,  1.00it/s, loss=0.0250]
Epoch 26:  47%|####......| 275/585 [00:04:34<00:05:09,  1.00it/s, loss=0.0249]
Epoch 26:  48%|####......| 281/585 [00:04:39<00:05:02,  1.01it/s, loss=0.0249]
Epoch 26:  49%|####......| 287/585 [00:04:45<00:04:55,  1.01it/s, loss=0.0249]
Epoch 26:  50%|#####.....| 293/585 [00:04:50<00:04:49,  1.01it/s, loss=0.0248]
Epoch 26:  51%|#####.....| 299/585 [00:04:56<00:04:43,  1.01it/s, loss=0.0248]
Epoch 26:  52%|#####.....| 305/585 [00:05:01<00:04:36,  1.01it/s, loss=0.0248]
Epoch 26:  53%|#####.....| 311/585 [00:05:06<00:04:30,  1.01it/s, loss=0.0248]
Epoch 26:  54%|#####.....| 317/585 [00:05:12<00:04:23,  1.02it/s, loss=0.0248]
Epoch 26:  55%|#####.....| 321/585 [00:05:17<00:04:20,  1.01it/s, loss=0.0248]
Epoch 26:  56%|#####.....| 327/585 [00:05:22<00:04:14,  1.01it/s, loss=0.0248]
Epoch 26:  57%|#####.....| 333/585 [00:05:28<00:04:08,  1.01it/s, loss=0.0247]
Epoch 26:  58%|#####.....| 339/585 [00:05:33<00:04:02,  1.02it/s, loss=0.0247]
Epoch 26:  59%|#####.....| 345/585 [00:05:39<00:03:56,  1.02it/s, loss=0.0246]
Epoch 26:  60%|######....| 351/585 [00:05:44<00:03:49,  1.02it/s, loss=0.0245]
Epoch 26:  61%|######....| 357/585 [00:05:50<00:03:43,  1.02it/s, loss=0.0245]
Epoch 26:  62%|######....| 363/585 [00:05:55<00:03:37,  1.02it/s, loss=0.0246]
Epoch 26:  63%|######....| 369/585 [00:06:01<00:03:31,  1.02it/s, loss=0.0245]
Epoch 26:  64%|######....| 374/585 [00:06:06<00:03:26,  1.02it/s, loss=0.0245]
Epoch 26:  65%|######....| 379/585 [00:06:12<00:03:22,  1.02it/s, loss=0.0246]
Epoch 26:  66%|######....| 385/585 [00:06:17<00:03:16,  1.02it/s, loss=0.0245]
Epoch 26:  67%|######....| 390/585 [00:06:23<00:03:11,  1.02it/s, loss=0.0245]
Epoch 26:  68%|######....| 396/585 [00:06:29<00:03:05,  1.02it/s, loss=0.0245]
Epoch 26:  69%|######....| 402/585 [00:06:34<00:02:59,  1.02it/s, loss=0.0244]
Epoch 26:  70%|######....| 407/585 [00:06:39<00:02:54,  1.02it/s, loss=0.0244]
Epoch 26:  71%|#######...| 413/585 [00:06:45<00:02:48,  1.02it/s, loss=0.0244]
Epoch 26:  72%|#######...| 419/585 [00:06:51<00:02:43,  1.02it/s, loss=0.0244]
Epoch 26:  72%|#######...| 424/585 [00:06:56<00:02:38,  1.02it/s, loss=0.0244]
Epoch 26:  73%|#######...| 429/585 [00:07:02<00:02:33,  1.02it/s, loss=0.0245]
Epoch 26:  74%|#######...| 435/585 [00:07:08<00:02:27,  1.02it/s, loss=0.0245]
Epoch 26:  75%|#######...| 441/585 [00:07:14<00:02:21,  1.02it/s, loss=0.0245]
Epoch 26:  76%|#######...| 447/585 [00:07:19<00:02:15,  1.02it/s, loss=0.0244]
Epoch 26:  77%|#######...| 452/585 [00:07:25<00:02:10,  1.02it/s, loss=0.0245]
Epoch 26:  78%|#######...| 458/585 [00:07:30<00:02:05,  1.02it/s, loss=0.0245]
Epoch 26:  79%|#######...| 463/585 [00:07:37<00:02:00,  1.01it/s, loss=0.0245]
Epoch 26:  80%|########..| 469/585 [00:07:43<00:01:54,  1.01it/s, loss=0.0244]
Epoch 26:  81%|########..| 475/585 [00:07:49<00:01:48,  1.01it/s, loss=0.0244]
Epoch 26:  82%|########..| 481/585 [00:07:54<00:01:42,  1.01it/s, loss=0.0244]
Epoch 26:  83%|########..| 487/585 [00:08:00<00:01:36,  1.01it/s, loss=0.0245]
Epoch 26:  84%|########..| 493/585 [00:08:06<00:01:30,  1.01it/s, loss=0.0245]
Epoch 26:  85%|########..| 498/585 [00:08:11<00:01:25,  1.01it/s, loss=0.0245]
Epoch 26:  86%|########..| 503/585 [00:08:16<00:01:20,  1.01it/s, loss=0.0245]
Epoch 26:  87%|########..| 509/585 [00:08:22<00:01:14,  1.01it/s, loss=0.0245]
Epoch 26:  88%|########..| 514/585 [00:08:27<00:01:10,  1.01it/s, loss=0.0245]
Epoch 26:  89%|########..| 520/585 [00:08:33<00:01:04,  1.01it/s, loss=0.0245]
Epoch 26:  90%|########..| 526/585 [00:08:39<00:00:58,  1.01it/s, loss=0.0245]
Epoch 26:  91%|#########.| 532/585 [00:08:45<00:00:52,  1.01it/s, loss=0.0245]
Epoch 26:  92%|#########.| 537/585 [00:08:50<00:00:47,  1.01it/s, loss=0.0245]
Epoch 26:  93%|#########.| 543/585 [00:08:55<00:00:41,  1.01it/s, loss=0.0245]
Epoch 26:  94%|#########.| 548/585 [00:09:00<00:00:36,  1.01it/s, loss=0.0245]
Epoch 26:  95%|#########.| 553/585 [00:09:06<00:00:31,  1.01it/s, loss=0.0245]
Epoch 26:  96%|#########.| 559/585 [00:09:11<00:00:25,  1.01it/s, loss=0.0245]
Epoch 26:  97%|#########.| 565/585 [00:09:17<00:00:19,  1.01it/s, loss=0.0244]
Epoch 26:  98%|#########.| 571/585 [00:09:22<00:00:13,  1.01it/s, loss=0.0244]
Epoch 26:  99%|#########.| 577/585 [00:09:29<00:00:07,  1.01it/s, loss=0.0244]
Epoch 26: 100%|#########.| 583/585 [00:09:35<00:00:01,  1.01it/s, loss=0.0244]
Epoch 26: 100%|##########| 585/585 [00:09:38<00:00:00,  1.01it/s, loss=0.0244]
Test loss: 0.0241, Test rmsae: 6.72deg
{"event": "epoch_complete", "epoch": 26, "phase": 2, "lr": 1e-05, "batch_size": 10, "micro_batch_size": 1, "train_loss": 0.024419124405353498, "val_loss": 0.024068062484730035, "val_rmsae_deg": 6.716168388724327, "epoch_time_s": 579.1331759610039}
Epoch 27/40:
Epoch 27:   1%|..........| 6/585 [00:00:05<00:08:30,  1.13it/s, loss=0.0215]
Epoch 27:   2%|..........| 11/585 [00:00:10<00:09:08,  1.05it/s, loss=0.0232]
Epoch 27:   3%|..........| 17/585 [00:00:16<00:08:59,  1.05it/s, loss=0.0231]
Epoch 27:   4%|..........| 23/585 [00:00:21<00:08:54,  1.05it/s, loss=0.0237]
Epoch 27:   5%|..........| 29/585 [00:00:27<00:08:54,  1.04it/s, loss=0.0233]
Epoch 27:   6%|..........| 34/585 [00:00:34<00:09:21,  0.98it/s, loss=0.0234]
Epoch 27:   7%|..........| 40/585 [00:00:40<00:09:08,  0.99it/s, loss=0.0232]
Epoch 27:   8%|..........| 46/585 [00:00:46<00:09:00,  1.00it/s, loss=0.0230]
Epoch 27:   9%|..........| 51/585 [00:00:51<00:08:55,  1.00it/s, loss=0.0230]
Epoch 27:  10%|..........| 57/585 [00:00:56<00:08:46,  1.00it/s, loss=0.0245]
Epoch 27:  11%|#.........| 63/585 [00:01:02<00:08:37,  1.01it/s, loss=0.0242]
Epoch 27:  12%|#.........| 68/585 [00:01:07<00:08:34,  1.01it/s, loss=0.0244]
Epoch 27:  12%|#.........| 73/585 [00:01:13<00:08:32,  1.00it/s, loss=0.0246]
Epoch 27:  14%|#.........| 79/585 [00:01:18<00:08:22,  1.01it/s, loss=0.0246]
Epoch 27:  15%|#.........| 85/585 [00:01:24<00:08:14,  1.01it/s, loss=0.0246]
Epoch 27:  15%|#.........| 90/585 [00:01:29<00:08:11,  1.01it/s, loss=0.0247]
Epoch 27:  16%|#.........| 95/585 [00:01:34<00:08:07,  1.00it/s, loss=0.0248]
Epoch 27:  17%|#.........| 101/585 [00:01:40<00:08:00,  1.01it/s, loss=0.0250]
Epoch 27:  18%|#.........| 107/585 [00:01:45<00:07:52,  1.01it/s, loss=0.0248]
Epoch 27:  19%|#.........| 113/585 [00:01:51<00:07:44,  1.02it/s, loss=0.0246]
Epoch 27:  20%|##........| 119/585 [00:01:56<00:07:37,  1.02it/s, loss=0.0246]
Epoch 27:  21%|##........| 124/585 [00:02:01<00:07:32,  1.02it/s, loss=0.0244]
Epoch 27:  22%|##........| 130/585 [00:02:07<00:07:27,  1.02it/s, loss=0.0246]
Epoch 27:  23%|##........| 135/585 [00:02:13<00:07:24,  1.01it/s, loss=0.0246]
Epoch 27:  24%|##........| 141/585 [00:02:18<00:07:17,  1.02it/s, loss=0.0245]
Epoch 27:  25%|##........| 146/585 [00:02:24<00:07:13,  1.01it/s, loss=0.0245]
Epoch 27:  26%|##........| 152/585 [00:02:29<00:07:06,  1.01it/s, loss=0.0244]
Epoch 27:  27%|##........| 158/585 [00:02:35<00:07:01,  1.01it/s, loss=0.0244]
Epoch 27:  28%|##........| 163/585 [00:02:41<00:06:57,  1.01it/s, loss=0.0243]
Epoch 27:  29%|##........| 169/585 [00:02:46<00:06:50,  1.01it/s, loss=0.0242]
Epoch 27:  30%|##........| 175/585 [00:02:52<00:06:43,  1.02it/s, loss=0.0242]
Epoch 27:  31%|###.......| 181/585 [00:02:57<00:06:36,  1.02it/s, loss=0.0242]
Epoch 27:  32%|###.......| 187/585 [00:03:03<00:06:30,  1.02it/s, loss=0.0243]
Epoch 27:  33%|###.......| 193/585 [00:03:09<00:06:24,  1.02it/s, loss=0.0243]
Epoch 27:  34%|###.......| 199/585 [00:03:14<00:06:17,  1.02it/s, loss=0.0243]
Epoch 27:  35%|###.......| 204/585 [00:03:20<00:06:13,  1.02it/s, loss=0.0242]
Epoch 27:  36%|###.......| 210/585 [00:03:25<00:06:06,  1.02it/s, loss=0.0243]
Epoch 27:  37%|###.......| 215/585 [00:03:30<00:06:02,  1.02it/s, loss=0.0243]
Epoch 27:  38%|###.......| 221/585 [00:03:35<00:05:55,  1.02it/s, loss=0.0242]
Epoch 27:  39%|###.......| 227/585 [00:03:41<00:05:48,  1.03it/s, loss=0.0242]
Epoch 27:  39%|###.......| 231/585 [00:03:46<00:05:47,  1.02it/s, loss=0.0243]
Epoch 27:  41%|####......| 237/585 [00:03:52<00:05:41,  1.02it/s, loss=0.0243]
Epoch 27:  41%|####......| 242/585 [00:03:57<00:05:36,  1.02it/s, loss=0.0243]
Epoch 27:  42%|####......| 247/585 [00:04:02<00:05:32,  1.02it/s, loss=0.0243]
Epoch 27:  43%|####......| 253/585 [00:04:08<00:05:25,  1.02it/s, loss=0.0242]
Epoch 27:  44%|####......| 259/585 [00:04:13<00:05:19,  1.02it/s, loss=0.0241]
Epoch 27:  45%|####......| 265/585 [00:04:19<00:05:13,  1.02it/s, loss=0.0241]
Epoch 27:  46%|####......| 271/585 [00:04:25<00:05:07,  1.02it/s, loss=0.0240]
Epoch 27:  47%|####......| 277/585 [00:04:31<00:05:01,  1.02it/s, loss=0.0240]
Epoch 27:  48%|####......| 283/585 [00:04:36<00:04:55,  1.02it/s, loss=0.0240]
Epoch 27:  49%|####......| 289/585 [00:04:42<00:04:49,  1.02it/s, loss=0.0241]
Epoch 27:  50%|#####.....| 295/585 [00:04:47<00:04:42,  1.03it/s, loss=0.0240]
Epoch 27:  51%|#####.....| 301/585 [00:04:53<00:04:36,  1.03it/s, loss=0.0241]
Epoch 27:  52%|#####.....| 307/585 [00:04:59<00:04:30,  1.03it/s, loss=0.0241]
Epoch 27:  54%|#####.....| 313/585 [00:05:04<00:04:24,  1.03it/s, loss=0.0241]
Epoch 27:  55%|#####.....| 319/585 [00:05:10<00:04:19,  1.03it/s, loss=0.0241]
Epoch 27:  56%|#####.....| 325/585 [00:05:15<00:04:12,  1.03it/s, loss=0.0241]
Epoch 27:  56%|#####.....| 330/585 [00:05:21<00:04:08,  1.03it/s, loss=0.0241]
Epoch 27:  57%|#####.....| 336/585 [00:05:27<00:04:02,  1.03it/s, loss=0.0241]
Epoch 27:  58%|#####.....| 342/585 [00:05:32<00:03:56,  1.03it/s, loss=0.0240]
Epoch 27:  59%|#####.....| 346/585 [00:05:37<00:03:53,  1.03it/s, loss=0.0241]
Epoch 27:  60%|######....| 352/585 [00:05:43<00:03:47,  1.03it/s, loss=0.0240]
Epoch 27:  61%|######....| 358/585 [00:05:48<00:03:41,  1.03it/s, loss=0.0240]
Epoch 27:  62%|######....| 363/585 [00:05:53<00:03:36,  1.03it/s, loss=0.0240]
Epoch 27:  63%|######....| 369/585 [00:05:58<00:03:30,  1.03it/s, loss=0.0240]
Epoch 27:  64%|######....| 375/585 [00:06:04<00:03:24,  1.03it/s, loss=0.0240]
Epoch 27:  65%|######....| 381/585 [00:06:10<00:03:18,  1.03it/s, loss=0.0240]
Epoch 27:  66%|######....| 387/585 [00:06:16<00:03:12,  1.03it/s, loss=0.0240]
Epoch 27:  67%|######....| 392/585 [00:06:21<00:03:07,  1.03it/s, loss=0.0240]
Epoch 27:  68%|######....| 397/585 [00:06:27<00:03:03,  1.03it/s, loss=0.0240]
Epoch 27:  69%|######....| 403/585 [00:06:32<00:02:57,  1.03it/s, loss=0.0240]
Epoch 27:  70%|######....| 409/585 [00:06:38<00:02:51,  1.03it/s, loss=0.0240]
Epoch 27:  71%|#######...| 415/585 [00:06:44<00:02:45,  1.03it/s, loss=0.0240]
Epoch 27:  72%|#######...| 420/585 [00:06:50<00:02:41,  1.02it/s, loss=0.0240]
Epoch 27:  73%|#######...| 425/585 [00:06:55<00:02:36,  1.02it/s, loss=0.0240]
Epoch 27:  74%|#######...| 431/585 [00:07:01<00:02:30,  1.02it/s, loss=0.0240]
Epoch 27:  75%|#######...| 437/585 [00:07:06<00:02:24,  1.02it/s, loss=0.0239]
Epoch 27:  76%|#######...| 443/585 [00:07:12<00:02:18,  1.03it/s, loss=0.0239]
Epoch 27:  77%|#######...| 448/585 [00:07:17<00:02:13,  1.02it/s, loss=0.0239]
Epoch 27:  78%|#######...| 454/585 [00:07:23<00:02:07,  1.02it/s, loss=0.0239]
Epoch 27:  79%|#######...| 460/585 [00:07:28<00:02:01,  1.03it/s, loss=0.0239]
Epoch 27:  79%|#######...| 465/585 [00:07:33<00:01:57,  1.03it/s, loss=0.0238]
Epoch 27:  80%|########..| 470/585 [00:07:38<00:01:52,  1.02it/s, loss=0.0238]
Epoch 27:  81%|########..| 475/585 [00:07:43<00:01:47,  1.02it/s, loss=0.0238]
Epoch 27:  82%|########..| 480/585 [00:07:50<00:01:42,  1.02it/s, loss=0.0239]
Epoch 27:  83%|########..| 485/585 [00:07:55<00:01:38,  1.02it/s, loss=0.0239]
Epoch 27:  84%|########..| 490/585 [00:08:01<00:01:33,  1.02it/s, loss=0.0239]
Epoch 27:  85%|########..| 495/585 [00:08:06<00:01:28,  1.02it/s, loss=0.0239]
Epoch 27:  85%|########..| 500/585 [00:08:11<00:01:23,  1.02it/s, loss=0.0239]
Epoch 27:  86%|########..| 505/585 [00:08:16<00:01:18,  1.02it/s, loss=0.0239]
Epoch 27:  87%|########..| 511/585 [00:08:22<00:01:12,  1.02it/s, loss=0.0239]
Epoch 27:  88%|########..| 516/585 [00:08:27<00:01:07,  1.02it/s, loss=0.0239]
Epoch 27:  89%|########..| 522/585 [00:08:33<00:01:01,  1.02it/s, loss=0.0239]
Epoch 27:  90%|#########.| 527/585 [00:08:39<00:00:57,  1.02it/s, loss=0.0240]
Epoch 27:  91%|#########.| 532/585 [00:08:44<00:00:52,  1.01it/s, loss=0.0240]
Epoch 27:  92%|#########.| 538/585 [00:08:49<00:00:46,  1.02it/s, loss=0.0240]
Epoch 27:  93%|#########.| 544/585 [00:08:55<00:00:40,  1.02it/s, loss=0.0240]
Epoch 27:  94%|#########.| 550/585 [00:09:01<00:00:34,  1.02it/s, loss=0.0240]
Epoch 27:  95%|#########.| 556/585 [00:09:06<00:00:28,  1.02it/s, loss=0.0240]
Epoch 27:  96%|#########.| 562/585 [00:09:12<00:00:22,  1.02it/s, loss=0.0239]
Epoch 27:  97%|#########.| 567/585 [00:09:18<00:00:17,  1.02it/s, loss=0.0240]
Epoch 27:  98%|#########.| 572/585 [00:09:23<00:00:12,  1.02it/s, loss=0.0240]
Epoch 27:  99%|#########.| 578/585 [00:09:29<00:00:06,  1.01it/s, loss=0.0240]
Epoch 27: 100%|#########.| 584/585 [00:09:35<00:00:00,  1.01it/s, loss=0.0240]
Epoch 27: 100%|##########| 585/585 [00:09:36<00:00:00,  1.02it/s, loss=0.0240]
Test loss: 0.0241, Test rmsae: 6.68deg
{"event": "epoch_complete", "epoch": 27, "phase": 2, "lr": 1e-05, "batch_size": 10, "micro_batch_size": 1, "train_loss": 0.023980443058615058, "val_loss": 0.02406761539168656, "val_rmsae_deg": 6.682740241289139, "epoch_time_s": 577.1328892800084}
Epoch 28/40:
Epoch 28:   1%|..........| 6/585 [00:00:05<00:08:20,  1.16it/s, loss=0.0221]
Epoch 28:   2%|..........| 12/585 [00:00:10<00:08:39,  1.10it/s, loss=0.0224]
Epoch 28:   3%|..........| 17/585 [00:00:16<00:09:01,  1.05it/s, loss=0.0234]
Epoch 28:   4%|..........| 23/585 [00:00:21<00:08:55,  1.05it/s, loss=0.0237]
Epoch 28:   5%|..........| 29/585 [00:00:27<00:08:51,  1.05it/s, loss=0.0242]
Epoch 28:   6%|..........| 34/585 [00:00:33<00:09:02,  1.02it/s, loss=0.0243]
Epoch 28:   7%|..........| 39/585 [00:00:38<00:09:03,  1.00it/s, loss=0.0244]
Epoch 28:   8%|..........| 45/585 [00:00:44<00:08:57,  1.00it/s, loss=0.0243]
Epoch 28:   9%|..........| 51/585 [00:00:50<00:08:44,  1.02it/s, loss=0.0245]
Epoch 28:   9%|..........| 55/585 [00:00:55<00:08:52,  1.00it/s, loss=0.0247]
Epoch 28:  10%|#.........| 60/585 [00:01:01<00:08:55,  0.98it/s, loss=0.0246]
Epoch 28:  11%|#.........| 66/585 [00:01:06<00:08:44,  0.99it/s, loss=0.0243]
Epoch 28:  12%|#.........| 72/585 [00:01:12<00:08:36,  0.99it/s, loss=0.0241]
Epoch 28:  13%|#.........| 77/585 [00:01:17<00:08:34,  0.99it/s, loss=0.0239]
Epoch 28:  14%|#.........| 83/585 [00:01:23<00:08:25,  0.99it/s, loss=0.0240]
Epoch 28:  15%|#.........| 88/585 [00:01:28<00:08:20,  0.99it/s, loss=0.0239]
Epoch 28:  16%|#.........| 94/585 [00:01:34<00:08:11,  1.00it/s, loss=0.0241]
Epoch 28:  17%|#.........| 100/585 [00:01:39<00:08:03,  1.00it/s, loss=0.0240]
Epoch 28:  18%|#.........| 106/585 [00:01:45<00:07:57,  1.00it/s, loss=0.0240]
Epoch 28:  19%|#.........| 111/585 [00:01:51<00:07:54,  1.00it/s, loss=0.0243]
Epoch 28:  20%|#.........| 116/585 [00:01:56<00:07:50,  1.00it/s, loss=0.0243]
Epoch 28:  21%|##........| 122/585 [00:02:02<00:07:43,  1.00it/s, loss=0.0242]
Epoch 28:  22%|##........| 127/585 [00:02:07<00:07:41,  0.99it/s, loss=0.0244]
Epoch 28:  23%|##........| 132/585 [00:02:12<00:07:36,  0.99it/s, loss=0.0246]
Epoch 28:  24%|##........| 138/585 [00:02:18<00:07:27,  1.00it/s, loss=0.0245]
Epoch 28:  24%|##........| 143/585 [00:02:23<00:07:23,  1.00it/s, loss=0.0246]
Epoch 28:  25%|##........| 148/585 [00:02:29<00:07:20,  0.99it/s, loss=0.0248]
Epoch 28:  26%|##........| 153/585 [00:02:34<00:07:15,  0.99it/s, loss=0.0246]
Epoch 28:  27%|##........| 159/585 [00:02:39<00:07:07,  1.00it/s, loss=0.0247]
Epoch 28:  28%|##........| 165/585 [00:02:45<00:07:01,  1.00it/s, loss=0.0247]
Epoch 28:  29%|##........| 170/585 [00:02:50<00:06:56,  1.00it/s, loss=0.0246]
Epoch 28:  30%|###.......| 176/585 [00:02:56<00:06:49,  1.00it/s, loss=0.0246]
Epoch 28:  31%|###.......| 182/585 [00:03:02<00:06:43,  1.00it/s, loss=0.0245]
Epoch 28:  32%|###.......| 187/585 [00:03:07<00:06:39,  1.00it/s, loss=0.0245]
Epoch 28:  33%|###.......| 193/585 [00:03:13<00:06:33,  1.00it/s, loss=0.0245]
Epoch 28:  34%|###.......| 199/585 [00:03:19<00:06:26,  1.00it/s, loss=0.0248]
Epoch 28:  35%|###.......| 205/585 [00:03:24<00:06:19,  1.00it/s, loss=0.0246]
Epoch 28:  36%|###.......| 211/585 [00:03:29<00:06:11,  1.01it/s, loss=0.0245]
Epoch 28:  37%|###.......| 217/585 [00:03:35<00:06:05,  1.01it/s, loss=0.0245]
Epoch 28:  38%|###.......| 222/585 [00:03:40<00:06:00,  1.01it/s, loss=0.0244]
Epoch 28:  39%|###.......| 227/585 [00:03:45<00:05:55,  1.01it/s, loss=0.0246]
Epoch 28:  40%|###.......| 233/585 [00:03:51<00:05:49,  1.01it/s, loss=0.0245]
Epoch 28:  41%|####......| 239/585 [00:03:57<00:05:43,  1.01it/s, loss=0.0244]
Epoch 28:  42%|####......| 245/585 [00:04:03<00:05:38,  1.01it/s, loss=0.0245]
Epoch 28:  43%|####......| 250/585 [00:04:09<00:05:33,  1.00it/s, loss=0.0246]
Epoch 28:  44%|####......| 255/585 [00:04:14<00:05:29,  1.00it/s, loss=0.0247]
Epoch 28:  44%|####......| 260/585 [00:04:19<00:05:24,  1.00it/s, loss=0.0247]
Epoch 28:  45%|####......| 265/585 [00:04:24<00:05:19,  1.00it/s, loss=0.0246]
Epoch 28:  46%|####......| 271/585 [00:04:30<00:05:13,  1.00it/s, loss=0.0246]
Epoch 28:  47%|####......| 276/585 [00:04:35<00:05:08,  1.00it/s, loss=0.0246]
Epoch 28:  48%|####......| 281/585 [00:04:40<00:05:03,  1.00it/s, loss=0.0246]
Epoch 28:  49%|####......| 287/585 [00:04:46<00:04:57,  1.00it/s, loss=0.0245]
Epoch 28:  50%|#####.....| 293/585 [00:04:51<00:04:50,  1.00it/s, loss=0.0245]
Epoch 28:  51%|#####.....| 299/585 [00:04:57<00:04:44,  1.01it/s, loss=0.0245]
Epoch 28:  52%|#####.....| 305/585 [00:05:03<00:04:38,  1.01it/s, loss=0.0245]
Epoch 28:  53%|#####.....| 311/585 [00:05:08<00:04:31,  1.01it/s, loss=0.0245]
Epoch 28:  54%|#####.....| 316/585 [00:05:13<00:04:26,  1.01it/s, loss=0.0245]
Epoch 28:  55%|#####.....| 321/585 [00:05:18<00:04:22,  1.01it/s, loss=0.0245]
Epoch 28:  56%|#####.....| 326/585 [00:05:24<00:04:17,  1.00it/s, loss=0.0245]
Epoch 28:  57%|#####.....| 332/585 [00:05:29<00:04:11,  1.01it/s, loss=0.0245]
Epoch 28:  58%|#####.....| 337/585 [00:05:35<00:04:06,  1.01it/s, loss=0.0244]
Epoch 28:  59%|#####.....| 343/585 [00:05:40<00:04:00,  1.01it/s, loss=0.0244]
Epoch 28:  59%|#####.....| 348/585 [00:05:46<00:03:55,  1.01it/s, loss=0.0244]
Epoch 28:  61%|######....| 354/585 [00:05:51<00:03:49,  1.01it/s, loss=0.0244]
Epoch 28:  61%|######....| 359/585 [00:05:57<00:03:45,  1.00it/s, loss=0.0245]
Epoch 28:  62%|######....| 365/585 [00:06:03<00:03:38,  1.01it/s, loss=0.0245]
Epoch 28:  63%|######....| 371/585 [00:06:08<00:03:32,  1.01it/s, loss=0.0245]
Epoch 28:  64%|######....| 377/585 [00:06:14<00:03:26,  1.01it/s, loss=0.0245]
Epoch 28:  65%|######....| 383/585 [00:06:20<00:03:20,  1.01it/s, loss=0.0245]
Epoch 28:  66%|######....| 389/585 [00:06:25<00:03:14,  1.01it/s, loss=0.0245]
Epoch 28:  67%|######....| 393/585 [00:06:31<00:03:11,  1.00it/s, loss=0.0245]
Epoch 28:  68%|######....| 399/585 [00:06:36<00:03:04,  1.01it/s, loss=0.0245]
Epoch 28:  69%|######....| 404/585 [00:06:42<00:03:00,  1.00it/s, loss=0.0245]
Epoch 28:  70%|#######...| 410/585 [00:06:47<00:02:53,  1.01it/s, loss=0.0245]
Epoch 28:  71%|#######...| 416/585 [00:06:53<00:02:47,  1.01it/s, loss=0.0244]
Epoch 28:  72%|#######...| 422/585 [00:06:59<00:02:41,  1.01it/s, loss=0.0244]
Epoch 28:  73%|#######...| 427/585 [00:07:04<00:02:37,  1.01it/s, loss=0.0244]
Epoch 28:  74%|#######...| 432/585 [00:07:09<00:02:32,  1.00it/s, loss=0.0244]
Epoch 28:  75%|#######...| 438/585 [00:07:15<00:02:26,  1.01it/s, loss=0.0244]
Epoch 28:  76%|#######...| 443/585 [00:07:20<00:02:21,  1.00it/s, loss=0.0243]
Epoch 28:  77%|#######...| 448/585 [00:07:26<00:02:16,  1.00it/s, loss=0.0243]
Epoch 28:  77%|#######...| 453/585 [00:07:32<00:02:11,  1.00it/s, loss=0.0244]
Epoch 28:  78%|#######...| 459/585 [00:07:38<00:02:05,  1.00it/s, loss=0.0244]
Epoch 28:  79%|#######...| 464/585 [00:07:43<00:02:00,  1.00it/s, loss=0.0244]
Epoch 28:  80%|########..| 470/585 [00:07:49<00:01:54,  1.00it/s, loss=0.0244]
Epoch 28:  81%|########..| 476/585 [00:07:55<00:01:48,  1.00it/s, loss=0.0244]
Epoch 28:  82%|########..| 482/585 [00:08:00<00:01:42,  1.00it/s, loss=0.0244]
Epoch 28:  83%|########..| 487/585 [00:08:06<00:01:37,  1.00it/s, loss=0.0244]
Epoch 28:  84%|########..| 492/585 [00:08:12<00:01:33,  1.00it/s, loss=0.0245]
Epoch 28:  85%|########..| 498/585 [00:08:18<00:01:27,  1.00it/s, loss=0.0245]
Epoch 28:  86%|########..| 504/585 [00:08:23<00:01:20,  1.00it/s, loss=0.0245]
Epoch 28:  87%|########..| 510/585 [00:08:29<00:01:14,  1.00it/s, loss=0.0249]
Epoch 28:  88%|########..| 515/585 [00:08:34<00:01:09,  1.00it/s, loss=0.0249]
Epoch 28:  89%|########..| 521/585 [00:08:40<00:01:03,  1.00it/s, loss=0.0250]
Epoch 28:  90%|########..| 526/585 [00:08:46<00:00:59,  1.00it/s, loss=0.0249]
Epoch 28:  91%|#########.| 531/585 [00:08:51<00:00:54,  1.00it/s, loss=0.0249]
Epoch 28:  92%|#########.| 536/585 [00:08:57<00:00:49,  1.00it/s, loss=0.0249]
Epoch 28:  93%|#########.| 542/585 [00:09:03<00:00:43,  1.00it/s, loss=0.0249]
Epoch 28:  94%|#########.| 547/585 [00:09:08<00:00:38,  1.00it/s, loss=0.0249]
Epoch 28:  95%|#########.| 553/585 [00:09:14<00:00:32,  1.00it/s, loss=0.0249]
Epoch 28:  95%|#########.| 558/585 [00:09:19<00:00:27,  1.00it/s, loss=0.0249]
Epoch 28:  96%|#########.| 563/585 [00:09:25<00:00:22,  1.00it/s, loss=0.0249]
Epoch 28:  97%|#########.| 568/585 [00:09:30<00:00:17,  0.99it/s, loss=0.0249]
Epoch 28:  98%|#########.| 573/585 [00:09:36<00:00:12,  0.99it/s, loss=0.0249]
Epoch 28:  99%|#########.| 578/585 [00:09:41<00:00:07,  0.99it/s, loss=0.0249]
Epoch 28: 100%|#########.| 584/585 [00:09:47<00:00:01,  0.99it/s, loss=0.0249]
Epoch 28: 100%|##########| 585/585 [00:09:48<00:00:00,  0.99it/s, loss=0.0249]
Test loss: 0.0241, Test rmsae: 6.65deg
{"event": "epoch_complete", "epoch": 28, "phase": 2, "lr": 1e-05, "batch_size": 10, "micro_batch_size": 1, "train_loss": 0.024882942829758694, "val_loss": 0.0240955205517821, "val_rmsae_deg": 6.6507487669587135, "epoch_time_s": 589.2457866059849}
Epoch 29/40:
Epoch 29:   1%|..........| 6/585 [00:00:05<00:09:11,  1.05it/s, loss=0.0234]
Epoch 29:   2%|..........| 12/585 [00:00:10<00:08:39,  1.10it/s, loss=0.0229]
Epoch 29:   3%|..........| 17/585 [00:00:16<00:09:23,  1.01it/s, loss=0.0237]
Epoch 29:   4%|..........| 23/585 [00:00:22<00:09:12,  1.02it/s, loss=0.0229]
Epoch 29:   5%|..........| 28/585 [00:00:27<00:09:16,  1.00it/s, loss=0.0227]
Epoch 29:   6%|..........| 34/585 [00:00:34<00:09:12,  1.00it/s, loss=0.0230]
Epoch 29:   7%|..........| 40/585 [00:00:39<00:08:56,  1.02it/s, loss=0.0232]
Epoch 29:   8%|..........| 46/585 [00:00:44<00:08:44,  1.03it/s, loss=0.0231]
Epoch 29:   9%|..........| 52/585 [00:00:50<00:08:42,  1.02it/s, loss=0.0236]
Epoch 29:  10%|..........| 58/585 [00:00:56<00:08:33,  1.03it/s, loss=0.0237]
Epoch 29:  11%|#.........| 64/585 [00:01:01<00:08:23,  1.03it/s, loss=0.0237]
Epoch 29:  12%|#.........| 69/585 [00:01:07<00:08:24,  1.02it/s, loss=0.0244]
Epoch 29:  13%|#.........| 75/585 [00:01:13<00:08:20,  1.02it/s, loss=0.0241]
Epoch 29:  14%|#.........| 81/585 [00:01:19<00:08:15,  1.02it/s, loss=0.0240]
Epoch 29:  15%|#.........| 87/585 [00:01:25<00:08:08,  1.02it/s, loss=0.0239]
Epoch 29:  16%|#.........| 93/585 [00:01:30<00:08:00,  1.02it/s, loss=0.0240]
Epoch 29:  17%|#.........| 99/585 [00:01:37<00:07:58,  1.02it/s, loss=0.0239]
Epoch 29:  18%|#.........| 105/585 [00:01:43<00:07:50,  1.02it/s, loss=0.0239]
Epoch 29:  19%|#.........| 111/585 [00:01:48<00:07:44,  1.02it/s, loss=0.0239]
Epoch 29:  19%|#.........| 114/585 [00:01:53<00:07:50,  1.00it/s, loss=0.0239]
Epoch 29:  20%|##........| 119/585 [00:01:59<00:07:46,  1.00it/s, loss=0.0237]
Epoch 29:  21%|##........| 124/585 [00:02:04<00:07:41,  1.00it/s, loss=0.0237]
Epoch 29:  22%|##........| 130/585 [00:02:10<00:07:35,  1.00it/s, loss=0.0237]
Epoch 29:  23%|##........| 135/585 [00:02:15<00:07:31,  1.00it/s, loss=0.0236]
Epoch 29:  24%|##........| 141/585 [00:02:20<00:07:22,  1.00it/s, loss=0.0237]
Epoch 29:  25%|##........| 147/585 [00:02:25<00:07:14,  1.01it/s, loss=0.0239]
Epoch 29:  26%|##........| 152/585 [00:02:31<00:07:11,  1.00it/s, loss=0.0239]
Epoch 29:  27%|##........| 157/585 [00:02:36<00:07:07,  1.00it/s, loss=0.0240]
Epoch 29:  28%|##........| 162/585 [00:02:41<00:07:02,  1.00it/s, loss=0.0239]
Epoch 29:  29%|##........| 168/585 [00:02:48<00:06:57,  1.00it/s, loss=0.0239]
Epoch 29:  30%|##........| 173/585 [00:02:53<00:06:52,  1.00it/s, loss=0.0243]
Epoch 29:  31%|###.......| 179/585 [00:02:58<00:06:45,  1.00it/s, loss=0.0242]
Epoch 29:  32%|###.......| 185/585 [00:03:04<00:06:39,  1.00it/s, loss=0.0242]
Epoch 29:  33%|###.......| 191/585 [00:03:09<00:06:31,  1.01it/s, loss=0.0242]
Epoch 29:  34%|###.......| 196/585 [00:03:15<00:06:28,  1.00it/s, loss=0.0241]
Epoch 29:  35%|###.......| 202/585 [00:03:21<00:06:21,  1.00it/s, loss=0.0241]
Epoch 29:  35%|###.......| 207/585 [00:03:26<00:06:17,  1.00it/s, loss=0.0243]
Epoch 29:  36%|###.......| 213/585 [00:03:31<00:06:10,  1.00it/s, loss=0.0243]
Epoch 29:  37%|###.......| 218/585 [00:03:37<00:06:06,  1.00it/s, loss=0.0243]
Epoch 29:  38%|###.......| 224/585 [00:03:43<00:06:00,  1.00it/s, loss=0.0243]
Epoch 29:  39%|###.......| 229/585 [00:03:49<00:05:56,  1.00it/s, loss=0.0242]
Epoch 29:  40%|####......| 235/585 [00:03:54<00:05:49,  1.00it/s, loss=0.0242]
Epoch 29:  41%|####......| 240/585 [00:04:00<00:05:45,  1.00it/s, loss=0.0241]
Epoch 29:  42%|####......| 246/585 [00:04:05<00:05:37,  1.00it/s, loss=0.0242]
Epoch 29:  43%|####......| 252/585 [00:04:10<00:05:31,  1.00it/s, loss=0.0241]
Epoch 29:  44%|####......| 258/585 [00:04:16<00:05:25,  1.01it/s, loss=0.0241]
Epoch 29:  45%|####......| 264/585 [00:04:22<00:05:18,  1.01it/s, loss=0.0240]
Epoch 29:  46%|####......| 270/585 [00:04:27<00:05:12,  1.01it/s, loss=0.0241]
Epoch 29:  47%|####......| 276/585 [00:04:33<00:05:06,  1.01it/s, loss=0.0241]
Epoch 29:  48%|####......| 282/585 [00:04:39<00:05:00,  1.01it/s, loss=0.0241]
Epoch 29:  49%|####......| 287/585 [00:04:44<00:04:55,  1.01it/s, loss=0.0241]
Epoch 29:  50%|#####.....| 293/585 [00:04:50<00:04:49,  1.01it/s, loss=0.0241]
Epoch 29:  51%|#####.....| 299/585 [00:04:55<00:04:42,  1.01it/s, loss=0.0241]
Epoch 29:  52%|#####.....| 305/585 [00:05:01<00:04:37,  1.01it/s, loss=0.0241]
Epoch 29:  53%|#####.....| 311/585 [00:05:07<00:04:31,  1.01it/s, loss=0.0241]
Epoch 29:  54%|#####.....| 317/585 [00:05:13<00:04:25,  1.01it/s, loss=0.0240]
Epoch 29:  55%|#####.....| 323/585 [00:05:20<00:04:19,  1.01it/s, loss=0.0240]
Epoch 29:  56%|#####.....| 328/585 [00:05:25<00:04:14,  1.01it/s, loss=0.0240]
Epoch 29:  57%|#####.....| 333/585 [00:05:30<00:04:10,  1.01it/s, loss=0.0240]
Epoch 29:  58%|#####.....| 338/585 [00:05:36<00:04:05,  1.01it/s, loss=0.0239]
Epoch 29:  59%|#####.....| 344/585 [00:05:41<00:03:59,  1.01it/s, loss=0.0240]
Epoch 29:  60%|#####.....| 349/585 [00:05:47<00:03:54,  1.01it/s, loss=0.0240]
Epoch 29:  61%|######....| 355/585 [00:05:52<00:03:48,  1.01it/s, loss=0.0239]
Epoch 29:  62%|######....| 361/585 [00:05:58<00:03:42,  1.01it/s, loss=0.0239]
Epoch 29:  63%|######....| 367/585 [00:06:03<00:03:36,  1.01it/s, loss=0.0239]
Epoch 29:  64%|######....| 373/585 [00:06:09<00:03:30,  1.01it/s, loss=0.0239]
Epoch 29:  65%|######....| 378/585 [00:06:14<00:03:25,  1.01it/s, loss=0.0239]
Epoch 29:  66%|######....| 384/585 [00:06:20<00:03:19,  1.01it/s, loss=0.0239]
Epoch 29:  66%|######....| 388/585 [00:06:25<00:03:15,  1.01it/s, loss=0.0239]
Epoch 29:  67%|######....| 394/585 [00:06:31<00:03:09,  1.01it/s, loss=0.0239]
Epoch 29:  68%|######....| 400/585 [00:06:37<00:03:03,  1.01it/s, loss=0.0239]
Epoch 29:  69%|######....| 405/585 [00:06:42<00:02:58,  1.01it/s, loss=0.0240]
Epoch 29:  70%|######....| 409/585 [00:06:47<00:02:55,  1.00it/s, loss=0.0240]
Epoch 29:  71%|#######...| 414/585 [00:06:52<00:02:50,  1.00it/s, loss=0.0240]
Epoch 29:  72%|#######...| 419/585 [00:06:57<00:02:45,  1.00it/s, loss=0.0240]
Epoch 29:  73%|#######...| 425/585 [00:07:04<00:02:39,  1.00it/s, loss=0.0240]
Epoch 29:  74%|#######...| 431/585 [00:07:09<00:02:33,  1.00it/s, loss=0.0240]
Epoch 29:  75%|#######...| 436/585 [00:07:14<00:02:28,  1.00it/s, loss=0.0241]
Epoch 29:  76%|#######...| 442/585 [00:07:19<00:02:22,  1.00it/s, loss=0.0241]
Epoch 29:  76%|#######...| 447/585 [00:07:25<00:02:17,  1.00it/s, loss=0.0241]
Epoch 29:  77%|#######...| 453/585 [00:07:31<00:02:11,  1.00it/s, loss=0.0241]
Epoch 29:  78%|#######...| 459/585 [00:07:37<00:02:05,  1.00it/s, loss=0.0241]
Epoch 29:  79%|#######...| 465/585 [00:07:43<00:01:59,  1.00it/s, loss=0.0241]
Epoch 29:  81%|########..| 471/585 [00:07:49<00:01:53,  1.00it/s, loss=0.0241]
Epoch 29:  82%|########..| 477/585 [00:07:55<00:01:47,  1.00it/s, loss=0.0241]
Epoch 29:  83%|########..| 483/585 [00:08:01<00:01:41,  1.00it/s, loss=0.0241]
Epoch 29:  84%|########..| 489/585 [00:08:06<00:01:35,  1.01it/s, loss=0.0241]
Epoch 29:  85%|########..| 496/585 [00:08:12<00:01:28,  1.01it/s, loss=0.0240]
Epoch 29:  86%|########..| 502/585 [00:08:17<00:01:22,  1.01it/s, loss=0.0240]
Epoch 29:  86%|########..| 506/585 [00:08:23<00:01:18,  1.01it/s, loss=0.0241]
Epoch 29:  87%|########..| 511/585 [00:08:29<00:01:13,  1.00it/s, loss=0.0241]
Epoch 29:  88%|########..| 517/585 [00:08:34<00:01:07,  1.00it/s, loss=0.0241]
Epoch 29:  89%|########..| 523/585 [00:08:40<00:01:01,  1.00it/s, loss=0.0241]
Epoch 29:  90%|#########.| 529/585 [00:08:46<00:00:55,  1.01it/s, loss=0.0241]
Epoch 29:  91%|#########.| 535/585 [00:08:51<00:00:49,  1.01it/s, loss=0.0241]
Epoch 29:  92%|#########.| 540/585 [00:08:56<00:00:44,  1.01it/s, loss=0.0241]
Epoch 29:  94%|#########.| 547/585 [00:09:02<00:00:37,  1.01it/s, loss=0.0241]
Epoch 29:  94%|#########.| 552/585 [00:09:08<00:00:32,  1.01it/s, loss=0.0242]
Epoch 29:  95%|#########.| 558/585 [00:09:13<00:00:26,  1.01it/s, loss=0.0242]
Epoch 29:  96%|#########.| 563/585 [00:09:18<00:00:21,  1.01it/s, loss=0.0242]
Epoch 29:  97%|#########.| 569/585 [00:09:25<00:00:15,  1.01it/s, loss=0.0242]
Epoch 29:  98%|#########.| 575/585 [00:09:30<00:00:09,  1.01it/s, loss=0.0241]
Epoch 29:  99%|#########.| 579/585 [00:09:35<00:00:05,  1.01it/s, loss=0.0242]
Epoch 29: 100%|#########.| 584/585 [00:09:40<00:00:00,  1.01it/s, loss=0.0242]
Epoch 29: 100%|##########| 585/585 [00:09:41<00:00:00,  1.01it/s, loss=0.0242]
Test loss: 0.0241, Test rmsae: 6.71deg
{"event": "epoch_complete", "epoch": 29, "phase": 2, "lr": 1e-05, "batch_size": 10, "micro_batch_size": 1, "train_loss": 0.024162528751433914, "val_loss": 0.024087280908133835, "val_rmsae_deg": 6.710555627942085, "epoch_time_s": 582.6506299809844}
Epoch 30/40:
Epoch 30:   1%|..........| 5/585 [00:00:05<00:10:06,  0.96it/s, loss=0.0216]
Epoch 30:   2%|..........| 11/585 [00:00:10<00:09:12,  1.04it/s, loss=0.0229]
Epoch 30:   3%|..........| 17/585 [00:00:15<00:08:50,  1.07it/s, loss=0.0242]
Epoch 30:   4%|..........| 22/585 [00:00:21<00:09:12,  1.02it/s, loss=0.0250]
Epoch 30:   5%|..........| 28/585 [00:00:27<00:08:57,  1.04it/s, loss=0.0251]
Epoch 30:   6%|..........| 34/585 [00:00:32<00:08:50,  1.04it/s, loss=0.0250]
Epoch 30:   7%|..........| 40/585 [00:00:38<00:08:38,  1.05it/s, loss=0.0244]
Epoch 30:   8%|..........| 46/585 [00:00:43<00:08:32,  1.05it/s, loss=0.0243]
Epoch 30:   9%|..........| 52/585 [00:00:49<00:08:22,  1.06it/s, loss=0.0241]
Epoch 30:  10%|..........| 58/585 [00:00:54<00:08:15,  1.06it/s, loss=0.0237]
Epoch 30:  11%|#.........| 64/585 [00:01:00<00:08:09,  1.06it/s, loss=0.0237]
Epoch 30:  12%|#.........| 69/585 [00:01:05<00:08:08,  1.06it/s, loss=0.0235]
Epoch 30:  13%|#.........| 75/585 [00:01:10<00:08:02,  1.06it/s, loss=0.0235]
Epoch 30:  14%|#.........| 81/585 [00:01:16<00:07:55,  1.06it/s, loss=0.0236]
Epoch 30:  15%|#.........| 86/585 [00:01:21<00:07:52,  1.05it/s, loss=0.0235]
Epoch 30:  16%|#.........| 91/585 [00:01:27<00:07:53,  1.04it/s, loss=0.0236]
Epoch 30:  16%|#.........| 96/585 [00:01:32<00:07:50,  1.04it/s, loss=0.0235]
Epoch 30:  17%|#.........| 102/585 [00:01:37<00:07:43,  1.04it/s, loss=0.0235]
Epoch 30:  18%|#.........| 108/585 [00:01:43<00:07:36,  1.04it/s, loss=0.0237]
Epoch 30:  19%|#.........| 114/585 [00:01:49<00:07:30,  1.05it/s, loss=0.0237]
Epoch 30:  21%|##........| 120/585 [00:01:54<00:07:24,  1.05it/s, loss=0.0236]
Epoch 30:  21%|##........| 125/585 [00:01:59<00:07:20,  1.04it/s, loss=0.0237]
Epoch 30:  22%|##........| 131/585 [00:02:05<00:07:16,  1.04it/s, loss=0.0237]
Epoch 30:  23%|##........| 137/585 [00:02:11<00:07:09,  1.04it/s, loss=0.0238]
Epoch 30:  24%|##........| 142/585 [00:02:16<00:07:05,  1.04it/s, loss=0.0237]
Epoch 30:  25%|##........| 147/585 [00:02:21<00:07:01,  1.04it/s, loss=0.0237]
Epoch 30:  26%|##........| 152/585 [00:02:27<00:07:00,  1.03it/s, loss=0.0239]
Epoch 30:  27%|##........| 157/585 [00:02:32<00:06:55,  1.03it/s, loss=0.0238]
Epoch 30:  28%|##........| 163/585 [00:02:38<00:06:49,  1.03it/s, loss=0.0237]
Epoch 30:  29%|##........| 168/585 [00:02:43<00:06:45,  1.03it/s, loss=0.0238]
Epoch 30:  29%|##........| 172/585 [00:02:48<00:06:45,  1.02it/s, loss=0.0237]
Epoch 30:  30%|###.......| 178/585 [00:02:54<00:06:39,  1.02it/s, loss=0.0237]
Epoch 30:  31%|###.......| 183/585 [00:02:59<00:06:35,  1.02it/s, loss=0.0237]
Epoch 30:  32%|###.......| 189/585 [00:03:05<00:06:28,  1.02it/s, loss=0.0236]
Epoch 30:  33%|###.......| 194/585 [00:03:10<00:06:23,  1.02it/s, loss=0.0237]
Epoch 30:  34%|###.......| 200/585 [00:03:15<00:06:16,  1.02it/s, loss=0.0236]
Epoch 30:  35%|###.......| 205/585 [00:03:20<00:06:12,  1.02it/s, loss=0.0236]
Epoch 30:  36%|###.......| 211/585 [00:03:26<00:06:05,  1.02it/s, loss=0.0236]
Epoch 30:  37%|###.......| 216/585 [00:03:31<00:06:01,  1.02it/s, loss=0.0235]
Epoch 30:  38%|###.......| 222/585 [00:03:37<00:05:55,  1.02it/s, loss=0.0235]
Epoch 30:  39%|###.......| 227/585 [00:03:42<00:05:51,  1.02it/s, loss=0.0235]
Epoch 30:  40%|###.......| 233/585 [00:03:48<00:05:44,  1.02it/s, loss=0.0235]
Epoch 30:  41%|####......| 239/585 [00:03:53<00:05:38,  1.02it/s, loss=0.0234]
Epoch 30:  42%|####......| 244/585 [00:03:59<00:05:34,  1.02it/s, loss=0.0235]
Epoch 30:  43%|####......| 249/585 [00:04:04<00:05:29,  1.02it/s, loss=0.0235]
Epoch 30:  44%|####......| 255/585 [00:04:10<00:05:24,  1.02it/s, loss=0.0236]
Epoch 30:  45%|####......| 261/585 [00:04:15<00:05:17,  1.02it/s, loss=0.0236]
Epoch 30:  46%|####......| 267/585 [00:04:20<00:05:10,  1.02it/s, loss=0.0236]
Epoch 30:  46%|####......| 272/585 [00:04:26<00:05:06,  1.02it/s, loss=0.0235]
Epoch 30:  48%|####......| 278/585 [00:04:32<00:05:00,  1.02it/s, loss=0.0235]
Epoch 30:  48%|####......| 283/585 [00:04:37<00:04:56,  1.02it/s, loss=0.0235]
Epoch 30:  49%|####......| 289/585 [00:04:43<00:04:50,  1.02it/s, loss=0.0235]
Epoch 30:  50%|#####.....| 294/585 [00:04:48<00:04:45,  1.02it/s, loss=0.0235]
Epoch 30:  51%|#####.....| 298/585 [00:04:55<00:04:44,  1.01it/s, loss=0.0243]
Epoch 30:  52%|#####.....| 303/585 [00:05:00<00:04:39,  1.01it/s, loss=0.0244]
Epoch 30:  53%|#####.....| 308/585 [00:05:05<00:04:34,  1.01it/s, loss=0.0244]
Epoch 30:  54%|#####.....| 314/585 [00:05:11<00:04:28,  1.01it/s, loss=0.0243]
Epoch 30:  55%|#####.....| 319/585 [00:05:17<00:04:24,  1.00it/s, loss=0.0245]
Epoch 30:  55%|#####.....| 324/585 [00:05:22<00:04:19,  1.00it/s, loss=0.0244]
Epoch 30:  56%|#####.....| 330/585 [00:05:28<00:04:13,  1.00it/s, loss=0.0244]
Epoch 30:  57%|#####.....| 335/585 [00:05:33<00:04:09,  1.00it/s, loss=0.0245]
Epoch 30:  58%|#####.....| 340/585 [00:05:38<00:04:04,  1.00it/s, loss=0.0245]
Epoch 30:  59%|#####.....| 346/585 [00:05:44<00:03:58,  1.00it/s, loss=0.0245]
Epoch 30:  60%|######....| 352/585 [00:05:50<00:03:52,  1.00it/s, loss=0.0245]
Epoch 30:  61%|######....| 358/585 [00:05:56<00:03:45,  1.00it/s, loss=0.0246]
Epoch 30:  62%|######....| 363/585 [00:06:01<00:03:40,  1.00it/s, loss=0.0246]
Epoch 30:  63%|######....| 368/585 [00:06:06<00:03:36,  1.00it/s, loss=0.0246]
Epoch 30:  64%|######....| 374/585 [00:06:11<00:03:29,  1.01it/s, loss=0.0246]
Epoch 30:  65%|######....| 380/585 [00:06:17<00:03:23,  1.01it/s, loss=0.0245]
Epoch 30:  66%|######....| 386/585 [00:06:23<00:03:17,  1.01it/s, loss=0.0245]
Epoch 30:  67%|######....| 392/585 [00:06:28<00:03:11,  1.01it/s, loss=0.0245]
Epoch 30:  68%|######....| 398/585 [00:06:34<00:03:05,  1.01it/s, loss=0.0245]
Epoch 30:  69%|######....| 404/585 [00:06:39<00:02:59,  1.01it/s, loss=0.0245]
Epoch 30:  70%|#######...| 410/585 [00:06:45<00:02:53,  1.01it/s, loss=0.0244]
Epoch 30:  71%|#######...| 416/585 [00:06:51<00:02:47,  1.01it/s, loss=0.0244]
Epoch 30:  72%|#######...| 421/585 [00:06:56<00:02:42,  1.01it/s, loss=0.0244]
Epoch 30:  73%|#######...| 426/585 [00:07:02<00:02:37,  1.01it/s, loss=0.0245]
Epoch 30:  74%|#######...| 432/585 [00:07:07<00:02:31,  1.01it/s, loss=0.0245]
Epoch 30:  75%|#######...| 438/585 [00:07:13<00:02:25,  1.01it/s, loss=0.0245]
Epoch 30:  76%|#######...| 444/585 [00:07:18<00:02:19,  1.01it/s, loss=0.0244]
Epoch 30:  77%|#######...| 449/585 [00:07:23<00:02:14,  1.01it/s, loss=0.0244]
Epoch 30:  78%|#######...| 454/585 [00:07:30<00:02:09,  1.01it/s, loss=0.0244]
Epoch 30:  79%|#######...| 460/585 [00:07:36<00:02:03,  1.01it/s, loss=0.0244]
Epoch 30:  80%|#######...| 466/585 [00:07:41<00:01:57,  1.01it/s, loss=0.0244]
Epoch 30:  81%|########..| 472/585 [00:07:47<00:01:51,  1.01it/s, loss=0.0244]
Epoch 30:  82%|########..| 478/585 [00:07:53<00:01:45,  1.01it/s, loss=0.0244]
Epoch 30:  83%|########..| 484/585 [00:07:58<00:01:39,  1.01it/s, loss=0.0244]
Epoch 30:  84%|########..| 490/585 [00:08:04<00:01:33,  1.01it/s, loss=0.0244]
Epoch 30:  85%|########..| 496/585 [00:08:09<00:01:27,  1.01it/s, loss=0.0243]
Epoch 30:  86%|########..| 502/585 [00:08:15<00:01:21,  1.01it/s, loss=0.0243]
Epoch 30:  87%|########..| 508/585 [00:08:21<00:01:16,  1.01it/s, loss=0.0243]
Epoch 30:  88%|########..| 513/585 [00:08:26<00:01:11,  1.01it/s, loss=0.0243]
Epoch 30:  89%|########..| 519/585 [00:08:32<00:01:05,  1.01it/s, loss=0.0243]
Epoch 30:  90%|########..| 524/585 [00:08:37<00:01:00,  1.01it/s, loss=0.0243]
Epoch 30:  90%|#########.| 529/585 [00:08:42<00:00:55,  1.01it/s, loss=0.0243]
Epoch 30:  91%|#########.| 535/585 [00:08:47<00:00:49,  1.01it/s, loss=0.0243]
Epoch 30:  92%|#########.| 540/585 [00:08:53<00:00:44,  1.01it/s, loss=0.0243]
Epoch 30:  93%|#########.| 545/585 [00:08:58<00:00:39,  1.01it/s, loss=0.0243]
Epoch 30:  94%|#########.| 551/585 [00:09:04<00:00:33,  1.01it/s, loss=0.0243]
Epoch 30:  95%|#########.| 557/585 [00:09:09<00:00:27,  1.01it/s, loss=0.0243]
Epoch 30:  96%|#########.| 563/585 [00:09:15<00:00:21,  1.01it/s, loss=0.0243]
Epoch 30:  97%|#########.| 569/585 [00:09:21<00:00:15,  1.01it/s, loss=0.0242]
Epoch 30:  98%|#########.| 574/585 [00:09:26<00:00:10,  1.01it/s, loss=0.0243]
Epoch 30:  99%|#########.| 579/585 [00:09:31<00:00:05,  1.01it/s, loss=0.0243]
Epoch 30: 100%|#########.| 584/585 [00:09:36<00:00:00,  1.01it/s, loss=0.0243]
Epoch 30: 100%|##########| 585/585 [00:09:37<00:00:00,  1.01it/s, loss=0.0243]
Test loss: 0.0241, Test rmsae: 6.79deg
{"event": "epoch_complete", "epoch": 30, "phase": 2, "lr": 1e-05, "batch_size": 10, "micro_batch_size": 1, "train_loss": 0.024282114600969684, "val_loss": 0.024111493083182722, "val_rmsae_deg": 6.788859516382217, "epoch_time_s": 577.9635749010195}
{"event": "checkpoint_saved", "tag": "epoch_030", "epoch": 30, "path": "IFAN_Edge/outputs/stage3/ifan_stage3_full40_lc_reference_hw2_20260428_102726/checkpoints/epoch_030.pt"}
Epoch 31/40:
Epoch 31:   1%|..........| 6/585 [00:00:06<00:11:00,  0.88it/s, loss=0.0296]
Epoch 31:   2%|..........| 11/585 [00:00:12<00:10:42,  0.89it/s, loss=0.0266]
Epoch 31:   3%|..........| 16/585 [00:00:18<00:10:51,  0.87it/s, loss=0.0263]
Epoch 31:   4%|..........| 21/585 [00:00:23<00:10:37,  0.88it/s, loss=0.0261]
Epoch 31:   4%|..........| 26/585 [00:00:29<00:10:35,  0.88it/s, loss=0.0257]
Epoch 31:   5%|..........| 31/585 [00:00:34<00:10:22,  0.89it/s, loss=0.0255]
Epoch 31:   6%|..........| 37/585 [00:00:40<00:10:03,  0.91it/s, loss=0.0245]
Epoch 31:   7%|..........| 43/585 [00:00:46<00:09:44,  0.93it/s, loss=0.0244]
Epoch 31:   8%|..........| 49/585 [00:00:52<00:09:36,  0.93it/s, loss=0.0242]
Epoch 31:   9%|..........| 54/585 [00:00:58<00:09:30,  0.93it/s, loss=0.0243]
Epoch 31:  10%|#.........| 60/585 [00:01:03<00:09:16,  0.94it/s, loss=0.0240]
Epoch 31:  11%|#.........| 66/585 [00:01:09<00:09:05,  0.95it/s, loss=0.0238]
Epoch 31:  12%|#.........| 72/585 [00:01:14<00:08:54,  0.96it/s, loss=0.0238]
Epoch 31:  13%|#.........| 78/585 [00:01:20<00:08:41,  0.97it/s, loss=0.0236]
Epoch 31:  14%|#.........| 84/585 [00:01:25<00:08:32,  0.98it/s, loss=0.0237]
Epoch 31:  15%|#.........| 90/585 [00:01:31<00:08:22,  0.98it/s, loss=0.0236]
Epoch 31:  16%|#.........| 96/585 [00:01:36<00:08:13,  0.99it/s, loss=0.0236]
Epoch 31:  17%|#.........| 102/585 [00:01:42<00:08:06,  0.99it/s, loss=0.0235]
Epoch 31:  18%|#.........| 107/585 [00:01:48<00:08:02,  0.99it/s, loss=0.0238]
Epoch 31:  19%|#.........| 112/585 [00:01:53<00:08:00,  0.98it/s, loss=0.0240]
Epoch 31:  20%|##........| 118/585 [00:01:59<00:07:52,  0.99it/s, loss=0.0239]
Epoch 31:  21%|##........| 123/585 [00:02:04<00:07:47,  0.99it/s, loss=0.0238]
Epoch 31:  22%|##........| 128/585 [00:02:10<00:07:46,  0.98it/s, loss=0.0237]
Epoch 31:  23%|##........| 133/585 [00:02:15<00:07:41,  0.98it/s, loss=0.0238]
Epoch 31:  24%|##........| 139/585 [00:02:21<00:07:34,  0.98it/s, loss=0.0238]
Epoch 31:  25%|##........| 144/585 [00:02:26<00:07:29,  0.98it/s, loss=0.0238]
Epoch 31:  26%|##........| 150/585 [00:02:32<00:07:21,  0.98it/s, loss=0.0238]
Epoch 31:  27%|##........| 156/585 [00:02:38<00:07:14,  0.99it/s, loss=0.0238]
Epoch 31:  28%|##........| 162/585 [00:02:43<00:07:07,  0.99it/s, loss=0.0238]
Epoch 31:  29%|##........| 167/585 [00:02:48<00:07:02,  0.99it/s, loss=0.0239]
Epoch 31:  29%|##........| 172/585 [00:02:55<00:07:00,  0.98it/s, loss=0.0239]
Epoch 31:  30%|###.......| 177/585 [00:03:00<00:06:57,  0.98it/s, loss=0.0239]
Epoch 31:  31%|###.......| 183/585 [00:03:06<00:06:49,  0.98it/s, loss=0.0239]
Epoch 31:  32%|###.......| 188/585 [00:03:11<00:06:44,  0.98it/s, loss=0.0239]
Epoch 31:  33%|###.......| 194/585 [00:03:17<00:06:38,  0.98it/s, loss=0.0238]
Epoch 31:  34%|###.......| 199/585 [00:03:23<00:06:34,  0.98it/s, loss=0.0238]
Epoch 31:  35%|###.......| 204/585 [00:03:29<00:06:30,  0.98it/s, loss=0.0239]
Epoch 31:  36%|###.......| 210/585 [00:03:34<00:06:22,  0.98it/s, loss=0.0239]
Epoch 31:  37%|###.......| 216/585 [00:03:40<00:06:15,  0.98it/s, loss=0.0239]
Epoch 31:  38%|###.......| 220/585 [00:03:45<00:06:13,  0.98it/s, loss=0.0238]
Epoch 31:  38%|###.......| 225/585 [00:03:50<00:06:08,  0.98it/s, loss=0.0239]
Epoch 31:  39%|###.......| 230/585 [00:03:56<00:06:05,  0.97it/s, loss=0.0238]
Epoch 31:  40%|####......| 235/585 [00:04:01<00:06:00,  0.97it/s, loss=0.0238]
Epoch 31:  41%|####......| 240/585 [00:04:07<00:05:55,  0.97it/s, loss=0.0239]
Epoch 31:  42%|####......| 245/585 [00:04:12<00:05:50,  0.97it/s, loss=0.0239]
Epoch 31:  43%|####......| 251/585 [00:04:17<00:05:42,  0.97it/s, loss=0.0238]
Epoch 31:  44%|####......| 257/585 [00:04:23<00:05:35,  0.98it/s, loss=0.0238]
Epoch 31:  45%|####......| 263/585 [00:04:29<00:05:29,  0.98it/s, loss=0.0238]
Epoch 31:  46%|####......| 269/585 [00:04:35<00:05:23,  0.98it/s, loss=0.0237]
Epoch 31:  47%|####......| 275/585 [00:04:41<00:05:17,  0.98it/s, loss=0.0238]
Epoch 31:  48%|####......| 281/585 [00:04:47<00:05:10,  0.98it/s, loss=0.0238]
Epoch 31:  49%|####......| 285/585 [00:04:52<00:05:07,  0.97it/s, loss=0.0238]
Epoch 31:  50%|####......| 291/585 [00:04:58<00:05:01,  0.98it/s, loss=0.0238]
Epoch 31:  51%|#####.....| 297/585 [00:05:03<00:04:54,  0.98it/s, loss=0.0237]
Epoch 31:  51%|#####.....| 301/585 [00:05:08<00:04:51,  0.97it/s, loss=0.0237]
Epoch 31:  52%|#####.....| 307/585 [00:05:14<00:04:44,  0.98it/s, loss=0.0238]
Epoch 31:  53%|#####.....| 312/585 [00:05:20<00:04:40,  0.97it/s, loss=0.0238]
Epoch 31:  54%|#####.....| 317/585 [00:05:25<00:04:34,  0.97it/s, loss=0.0238]
Epoch 31:  55%|#####.....| 322/585 [00:05:30<00:04:29,  0.97it/s, loss=0.0238]
Epoch 31:  56%|#####.....| 327/585 [00:05:36<00:04:25,  0.97it/s, loss=0.0238]
Epoch 31:  57%|#####.....| 332/585 [00:05:41<00:04:20,  0.97it/s, loss=0.0238]
Epoch 31:  58%|#####.....| 338/585 [00:05:46<00:04:13,  0.98it/s, loss=0.0238]
Epoch 31:  59%|#####.....| 344/585 [00:05:52<00:04:07,  0.98it/s, loss=0.0238]
Epoch 31:  60%|#####.....| 350/585 [00:05:57<00:04:00,  0.98it/s, loss=0.0238]
Epoch 31:  61%|######....| 355/585 [00:06:03<00:03:55,  0.98it/s, loss=0.0238]
Epoch 31:  62%|######....| 361/585 [00:06:09<00:03:49,  0.98it/s, loss=0.0238]
Epoch 31:  63%|######....| 366/585 [00:06:14<00:03:43,  0.98it/s, loss=0.0238]
Epoch 31:  64%|######....| 372/585 [00:06:19<00:03:37,  0.98it/s, loss=0.0238]
Epoch 31:  64%|######....| 377/585 [00:06:24<00:03:32,  0.98it/s, loss=0.0238]
Epoch 31:  65%|######....| 383/585 [00:06:29<00:03:25,  0.98it/s, loss=0.0239]
Epoch 31:  66%|######....| 388/585 [00:06:35<00:03:20,  0.98it/s, loss=0.0239]
Epoch 31:  67%|######....| 394/585 [00:06:41<00:03:14,  0.98it/s, loss=0.0238]
Epoch 31:  68%|######....| 399/585 [00:06:46<00:03:09,  0.98it/s, loss=0.0238]
Epoch 31:  69%|######....| 404/585 [00:06:51<00:03:04,  0.98it/s, loss=0.0238]
Epoch 31:  70%|######....| 409/585 [00:06:57<00:02:59,  0.98it/s, loss=0.0238]
Epoch 31:  71%|#######...| 414/585 [00:07:02<00:02:54,  0.98it/s, loss=0.0238]
Epoch 31:  72%|#######...| 420/585 [00:07:08<00:02:48,  0.98it/s, loss=0.0238]
Epoch 31:  73%|#######...| 426/585 [00:07:13<00:02:41,  0.98it/s, loss=0.0237]
Epoch 31:  74%|#######...| 431/585 [00:07:18<00:02:36,  0.98it/s, loss=0.0237]
Epoch 31:  75%|#######...| 437/585 [00:07:24<00:02:30,  0.98it/s, loss=0.0237]
Epoch 31:  76%|#######...| 442/585 [00:07:29<00:02:25,  0.98it/s, loss=0.0236]
Epoch 31:  77%|#######...| 448/585 [00:07:35<00:02:19,  0.98it/s, loss=0.0236]
Epoch 31:  77%|#######...| 453/585 [00:07:41<00:02:14,  0.98it/s, loss=0.0236]
Epoch 31:  78%|#######...| 458/585 [00:07:46<00:02:09,  0.98it/s, loss=0.0236]
Epoch 31:  79%|#######...| 462/585 [00:07:51<00:02:05,  0.98it/s, loss=0.0236]
Epoch 31:  80%|#######...| 467/585 [00:07:57<00:02:00,  0.98it/s, loss=0.0236]
Epoch 31:  81%|########..| 472/585 [00:08:02<00:01:55,  0.98it/s, loss=0.0237]
Epoch 31:  82%|########..| 477/585 [00:08:08<00:01:50,  0.98it/s, loss=0.0236]
Epoch 31:  83%|########..| 483/585 [00:08:13<00:01:44,  0.98it/s, loss=0.0236]
Epoch 31:  84%|########..| 489/585 [00:08:19<00:01:37,  0.98it/s, loss=0.0236]
Epoch 31:  85%|########..| 495/585 [00:08:24<00:01:31,  0.98it/s, loss=0.0236]
Epoch 31:  86%|########..| 501/585 [00:08:30<00:01:25,  0.98it/s, loss=0.0237]
Epoch 31:  87%|########..| 507/585 [00:08:35<00:01:19,  0.98it/s, loss=0.0237]
Epoch 31:  88%|########..| 513/585 [00:08:41<00:01:13,  0.98it/s, loss=0.0237]
Epoch 31:  89%|########..| 518/585 [00:08:46<00:01:08,  0.98it/s, loss=0.0237]
Epoch 31:  89%|########..| 523/585 [00:08:51<00:01:02,  0.98it/s, loss=0.0237]
Epoch 31:  90%|#########.| 529/585 [00:08:56<00:00:56,  0.99it/s, loss=0.0236]
Epoch 31:  91%|#########.| 534/585 [00:09:01<00:00:51,  0.99it/s, loss=0.0236]
Epoch 31:  92%|#########.| 540/585 [00:09:07<00:00:45,  0.99it/s, loss=0.0237]
Epoch 31:  93%|#########.| 546/585 [00:09:13<00:00:39,  0.99it/s, loss=0.0237]
Epoch 31:  94%|#########.| 551/585 [00:09:19<00:00:34,  0.98it/s, loss=0.0237]
Epoch 31:  95%|#########.| 557/585 [00:09:25<00:00:28,  0.99it/s, loss=0.0237]
Epoch 31:  96%|#########.| 563/585 [00:09:31<00:00:22,  0.99it/s, loss=0.0237]
Epoch 31:  97%|#########.| 569/585 [00:09:37<00:00:16,  0.99it/s, loss=0.0237]
Epoch 31:  98%|#########.| 574/585 [00:09:42<00:00:11,  0.99it/s, loss=0.0237]
Epoch 31:  99%|#########.| 579/585 [00:09:48<00:00:06,  0.98it/s, loss=0.0237]
Epoch 31: 100%|##########| 585/585 [00:09:53<00:00:00,  0.99it/s, loss=0.0237]
Test loss: 0.0241, Test rmsae: 6.81deg
{"event": "epoch_complete", "epoch": 31, "phase": 2, "lr": 1e-05, "batch_size": 10, "micro_batch_size": 1, "train_loss": 0.02366073534815994, "val_loss": 0.02408671419834718, "val_rmsae_deg": 6.809929236769676, "epoch_time_s": 594.6017888089991}
Epoch 32/40:
Epoch 32:   1%|..........| 6/585 [00:00:05<00:08:57,  1.08it/s, loss=0.0233]
Epoch 32:   2%|..........| 12/585 [00:00:11<00:09:09,  1.04it/s, loss=0.0241]
Epoch 32:   3%|..........| 18/585 [00:00:17<00:09:09,  1.03it/s, loss=0.0236]
Epoch 32:   4%|..........| 23/585 [00:00:22<00:09:10,  1.02it/s, loss=0.0237]
Epoch 32:   5%|..........| 29/585 [00:00:28<00:09:01,  1.03it/s, loss=0.0245]
Epoch 32:   6%|..........| 35/585 [00:00:33<00:08:47,  1.04it/s, loss=0.0240]
Epoch 32:   7%|..........| 41/585 [00:00:39<00:08:42,  1.04it/s, loss=0.0240]
Epoch 32:   8%|..........| 47/585 [00:00:44<00:08:29,  1.06it/s, loss=0.0239]
Epoch 32:   9%|..........| 53/585 [00:00:50<00:08:25,  1.05it/s, loss=0.0238]
Epoch 32:  10%|..........| 58/585 [00:00:56<00:08:29,  1.03it/s, loss=0.0236]
Epoch 32:  11%|#.........| 64/585 [00:01:01<00:08:18,  1.04it/s, loss=0.0238]
Epoch 32:  12%|#.........| 70/585 [00:01:06<00:08:12,  1.05it/s, loss=0.0237]
Epoch 32:  13%|#.........| 76/585 [00:01:12<00:08:06,  1.05it/s, loss=0.0237]
Epoch 32:  14%|#.........| 82/585 [00:01:18<00:07:59,  1.05it/s, loss=0.0237]
Epoch 32:  15%|#.........| 88/585 [00:01:23<00:07:51,  1.05it/s, loss=0.0234]
Epoch 32:  16%|#.........| 94/585 [00:01:29<00:07:47,  1.05it/s, loss=0.0234]
Epoch 32:  17%|#.........| 100/585 [00:01:35<00:07:42,  1.05it/s, loss=0.0233]
Epoch 32:  18%|#.........| 105/585 [00:01:41<00:07:41,  1.04it/s, loss=0.0232]
Epoch 32:  19%|#.........| 111/585 [00:01:46<00:07:35,  1.04it/s, loss=0.0233]
Epoch 32:  20%|##........| 117/585 [00:01:52<00:07:29,  1.04it/s, loss=0.0233]
Epoch 32:  21%|##........| 123/585 [00:01:58<00:07:24,  1.04it/s, loss=0.0235]
Epoch 32:  22%|##........| 128/585 [00:02:03<00:07:20,  1.04it/s, loss=0.0236]
Epoch 32:  23%|##........| 134/585 [00:02:08<00:07:13,  1.04it/s, loss=0.0236]
Epoch 32:  24%|##........| 140/585 [00:02:14<00:07:07,  1.04it/s, loss=0.0236]
Epoch 32:  25%|##........| 146/585 [00:02:20<00:07:01,  1.04it/s, loss=0.0236]
Epoch 32:  26%|##........| 152/585 [00:02:26<00:06:58,  1.04it/s, loss=0.0235]
Epoch 32:  27%|##........| 158/585 [00:02:32<00:06:52,  1.04it/s, loss=0.0235]
Epoch 32:  28%|##........| 164/585 [00:02:38<00:06:47,  1.03it/s, loss=0.0235]
Epoch 32:  29%|##........| 169/585 [00:02:43<00:06:43,  1.03it/s, loss=0.0237]
Epoch 32:  30%|##........| 174/585 [00:02:48<00:06:39,  1.03it/s, loss=0.0236]
Epoch 32:  31%|###.......| 180/585 [00:02:54<00:06:32,  1.03it/s, loss=0.0236]
Epoch 32:  32%|###.......| 185/585 [00:02:59<00:06:28,  1.03it/s, loss=0.0235]
Epoch 32:  33%|###.......| 191/585 [00:03:05<00:06:22,  1.03it/s, loss=0.0235]
Epoch 32:  34%|###.......| 196/585 [00:03:10<00:06:18,  1.03it/s, loss=0.0236]
Epoch 32:  35%|###.......| 202/585 [00:03:16<00:06:12,  1.03it/s, loss=0.0236]
Epoch 32:  36%|###.......| 208/585 [00:03:21<00:06:05,  1.03it/s, loss=0.0235]
Epoch 32:  36%|###.......| 213/585 [00:03:27<00:06:03,  1.02it/s, loss=0.0236]
Epoch 32:  37%|###.......| 219/585 [00:03:33<00:05:57,  1.02it/s, loss=0.0236]
Epoch 32:  38%|###.......| 225/585 [00:03:38<00:05:50,  1.03it/s, loss=0.0236]
Epoch 32:  39%|###.......| 230/585 [00:03:44<00:05:46,  1.02it/s, loss=0.0236]
Epoch 32:  41%|####......| 237/585 [00:03:50<00:05:38,  1.03it/s, loss=0.0237]
Epoch 32:  41%|####......| 242/585 [00:03:55<00:05:33,  1.03it/s, loss=0.0236]
Epoch 32:  42%|####......| 248/585 [00:04:00<00:05:27,  1.03it/s, loss=0.0235]
Epoch 32:  43%|####......| 253/585 [00:04:06<00:05:22,  1.03it/s, loss=0.0235]
Epoch 32:  44%|####......| 258/585 [00:04:11<00:05:18,  1.03it/s, loss=0.0235]
Epoch 32:  45%|####......| 264/585 [00:04:16<00:05:12,  1.03it/s, loss=0.0235]
Epoch 32:  46%|####......| 269/585 [00:04:22<00:05:08,  1.02it/s, loss=0.0235]
Epoch 32:  47%|####......| 274/585 [00:04:27<00:05:03,  1.02it/s, loss=0.0234]
Epoch 32:  48%|####......| 280/585 [00:04:33<00:04:58,  1.02it/s, loss=0.0235]
Epoch 32:  49%|####......| 286/585 [00:04:39<00:04:52,  1.02it/s, loss=0.0235]
Epoch 32:  50%|####......| 292/585 [00:04:45<00:04:46,  1.02it/s, loss=0.0234]
Epoch 32:  51%|#####.....| 298/585 [00:04:51<00:04:40,  1.02it/s, loss=0.0235]
Epoch 32:  52%|#####.....| 303/585 [00:04:57<00:04:36,  1.02it/s, loss=0.0235]
Epoch 32:  53%|#####.....| 308/585 [00:05:02<00:04:31,  1.02it/s, loss=0.0235]
Epoch 32:  54%|#####.....| 314/585 [00:05:07<00:04:25,  1.02it/s, loss=0.0235]
Epoch 32:  55%|#####.....| 319/585 [00:05:12<00:04:20,  1.02it/s, loss=0.0235]
Epoch 32:  55%|#####.....| 324/585 [00:05:18<00:04:16,  1.02it/s, loss=0.0236]
Epoch 32:  56%|#####.....| 330/585 [00:05:24<00:04:10,  1.02it/s, loss=0.0236]
Epoch 32:  57%|#####.....| 336/585 [00:05:30<00:04:04,  1.02it/s, loss=0.0236]
Epoch 32:  58%|#####.....| 342/585 [00:05:36<00:03:59,  1.02it/s, loss=0.0236]
Epoch 32:  59%|#####.....| 347/585 [00:05:42<00:03:54,  1.01it/s, loss=0.0237]
Epoch 32:  60%|######....| 353/585 [00:05:47<00:03:48,  1.01it/s, loss=0.0238]
Epoch 32:  61%|######....| 358/585 [00:05:53<00:03:44,  1.01it/s, loss=0.0237]
Epoch 32:  62%|######....| 363/585 [00:05:58<00:03:39,  1.01it/s, loss=0.0237]
Epoch 32:  63%|######....| 369/585 [00:06:04<00:03:33,  1.01it/s, loss=0.0237]
Epoch 32:  64%|######....| 375/585 [00:06:10<00:03:27,  1.01it/s, loss=0.0237]
Epoch 32:  65%|######....| 381/585 [00:06:15<00:03:20,  1.02it/s, loss=0.0237]
Epoch 32:  66%|######....| 387/585 [00:06:21<00:03:14,  1.02it/s, loss=0.0237]
Epoch 32:  67%|######....| 393/585 [00:06:26<00:03:08,  1.02it/s, loss=0.0237]
Epoch 32:  68%|######....| 398/585 [00:06:31<00:03:03,  1.02it/s, loss=0.0237]
Epoch 32:  69%|######....| 404/585 [00:06:37<00:02:57,  1.02it/s, loss=0.0237]
Epoch 32:  70%|#######...| 410/585 [00:06:42<00:02:51,  1.02it/s, loss=0.0237]
Epoch 32:  71%|#######...| 417/585 [00:06:48<00:02:44,  1.02it/s, loss=0.0237]
Epoch 32:  72%|#######...| 423/585 [00:06:54<00:02:38,  1.02it/s, loss=0.0238]
Epoch 32:  73%|#######...| 429/585 [00:07:00<00:02:32,  1.02it/s, loss=0.0238]
Epoch 32:  74%|#######...| 435/585 [00:07:06<00:02:26,  1.02it/s, loss=0.0238]
Epoch 32:  75%|#######...| 441/585 [00:07:11<00:02:20,  1.02it/s, loss=0.0239]
Epoch 32:  76%|#######...| 447/585 [00:07:16<00:02:14,  1.02it/s, loss=0.0238]
Epoch 32:  77%|#######...| 453/585 [00:07:21<00:02:08,  1.02it/s, loss=0.0239]
Epoch 32:  78%|#######...| 459/585 [00:07:27<00:02:02,  1.03it/s, loss=0.0238]
Epoch 32:  79%|#######...| 465/585 [00:07:33<00:01:56,  1.03it/s, loss=0.0238]
Epoch 32:  81%|########..| 471/585 [00:07:38<00:01:51,  1.03it/s, loss=0.0239]
Epoch 32:  82%|########..| 477/585 [00:07:44<00:01:45,  1.03it/s, loss=0.0238]
Epoch 32:  83%|########..| 483/585 [00:07:49<00:01:39,  1.03it/s, loss=0.0239]
Epoch 32:  83%|########..| 488/585 [00:07:55<00:01:34,  1.03it/s, loss=0.0239]
Epoch 32:  84%|########..| 494/585 [00:08:01<00:01:28,  1.03it/s, loss=0.0239]
Epoch 32:  85%|########..| 499/585 [00:08:06<00:01:23,  1.03it/s, loss=0.0239]
Epoch 32:  86%|########..| 504/585 [00:08:11<00:01:19,  1.02it/s, loss=0.0239]
Epoch 32:  87%|########..| 509/585 [00:08:17<00:01:14,  1.02it/s, loss=0.0239]
Epoch 32:  88%|########..| 515/585 [00:08:23<00:01:08,  1.02it/s, loss=0.0238]
Epoch 32:  89%|########..| 521/585 [00:08:29<00:01:02,  1.02it/s, loss=0.0238]
Epoch 32:  90%|#########.| 527/585 [00:08:34<00:00:56,  1.02it/s, loss=0.0238]
Epoch 32:  91%|#########.| 533/585 [00:08:39<00:00:50,  1.03it/s, loss=0.0238]
Epoch 32:  92%|#########.| 537/585 [00:08:44<00:00:46,  1.02it/s, loss=0.0238]
Epoch 32:  93%|#########.| 542/585 [00:08:50<00:00:42,  1.02it/s, loss=0.0239]
Epoch 32:  93%|#########.| 546/585 [00:08:55<00:00:38,  1.02it/s, loss=0.0238]
Epoch 32:  94%|#########.| 552/585 [00:09:01<00:00:32,  1.02it/s, loss=0.0238]
Epoch 32:  95%|#########.| 557/585 [00:09:06<00:00:27,  1.02it/s, loss=0.0238]
Epoch 32:  96%|#########.| 563/585 [00:09:12<00:00:21,  1.02it/s, loss=0.0239]
Epoch 32:  97%|#########.| 569/585 [00:09:18<00:00:15,  1.02it/s, loss=0.0238]
Epoch 32:  98%|#########.| 575/585 [00:09:23<00:00:09,  1.02it/s, loss=0.0238]
Epoch 32:  99%|#########.| 580/585 [00:09:29<00:00:04,  1.02it/s, loss=0.0239]
Epoch 32: 100%|##########| 585/585 [00:09:34<00:00:00,  1.02it/s, loss=0.0239]
Test loss: 0.0241, Test rmsae: 6.75deg
{"event": "epoch_complete", "epoch": 32, "phase": 2, "lr": 1e-05, "batch_size": 10, "micro_batch_size": 1, "train_loss": 0.023895418476790956, "val_loss": 0.024074463755823672, "val_rmsae_deg": 6.752119138836861, "epoch_time_s": 574.9713141020038}
Epoch 33/40:
Epoch 33:   1%|..........| 6/585 [00:00:05<00:08:41,  1.11it/s, loss=0.0252]
Epoch 33:   2%|..........| 12/585 [00:00:11<00:08:55,  1.07it/s, loss=0.0233]
Epoch 33:   3%|..........| 17/585 [00:00:16<00:09:07,  1.04it/s, loss=0.0259]
Epoch 33:   4%|..........| 22/585 [00:00:21<00:09:10,  1.02it/s, loss=0.0254]
Epoch 33:   5%|..........| 28/585 [00:00:26<00:08:54,  1.04it/s, loss=0.0244]
Epoch 33:   6%|..........| 34/585 [00:00:32<00:08:52,  1.03it/s, loss=0.0243]
Epoch 33:   7%|..........| 39/585 [00:00:37<00:08:51,  1.03it/s, loss=0.0241]
Epoch 33:   8%|..........| 45/585 [00:00:43<00:08:44,  1.03it/s, loss=0.0237]
Epoch 33:   9%|..........| 51/585 [00:00:49<00:08:39,  1.03it/s, loss=0.0233]
Epoch 33:  10%|..........| 56/585 [00:00:54<00:08:36,  1.02it/s, loss=0.0230]
Epoch 33:  11%|#.........| 62/585 [00:01:00<00:08:27,  1.03it/s, loss=0.0230]
Epoch 33:  11%|#.........| 67/585 [00:01:05<00:08:27,  1.02it/s, loss=0.0227]
Epoch 33:  12%|#.........| 72/585 [00:01:11<00:08:31,  1.00it/s, loss=0.0230]
Epoch 33:  13%|#.........| 77/585 [00:01:17<00:08:28,  1.00it/s, loss=0.0230]
Epoch 33:  14%|#.........| 82/585 [00:01:22<00:08:27,  0.99it/s, loss=0.0235]
Epoch 33:  15%|#.........| 88/585 [00:01:28<00:08:18,  1.00it/s, loss=0.0234]
Epoch 33:  16%|#.........| 93/585 [00:01:33<00:08:13,  1.00it/s, loss=0.0234]
Epoch 33:  17%|#.........| 98/585 [00:01:39<00:08:12,  0.99it/s, loss=0.0238]
Epoch 33:  18%|#.........| 104/585 [00:01:45<00:08:06,  0.99it/s, loss=0.0237]
Epoch 33:  19%|#.........| 109/585 [00:01:50<00:08:04,  0.98it/s, loss=0.0241]
Epoch 33:  19%|#.........| 114/585 [00:01:56<00:07:59,  0.98it/s, loss=0.0242]
Epoch 33:  21%|##........| 120/585 [00:02:02<00:07:52,  0.98it/s, loss=0.0242]
Epoch 33:  22%|##........| 126/585 [00:02:07<00:07:45,  0.99it/s, loss=0.0239]
Epoch 33:  23%|##........| 132/585 [00:02:13<00:07:36,  0.99it/s, loss=0.0239]
Epoch 33:  24%|##........| 138/585 [00:02:18<00:07:28,  1.00it/s, loss=0.0241]
Epoch 33:  24%|##........| 143/585 [00:02:23<00:07:24,  0.99it/s, loss=0.0240]
Epoch 33:  25%|##........| 149/585 [00:02:29<00:07:17,  1.00it/s, loss=0.0239]
Epoch 33:  26%|##........| 155/585 [00:02:34<00:07:09,  1.00it/s, loss=0.0239]
Epoch 33:  28%|##........| 161/585 [00:02:41<00:07:04,  1.00it/s, loss=0.0239]
Epoch 33:  29%|##........| 167/585 [00:02:46<00:06:57,  1.00it/s, loss=0.0240]
Epoch 33:  30%|##........| 173/585 [00:02:52<00:06:50,  1.00it/s, loss=0.0240]
Epoch 33:  31%|###.......| 179/585 [00:02:57<00:06:42,  1.01it/s, loss=0.0239]
Epoch 33:  32%|###.......| 185/585 [00:03:03<00:06:35,  1.01it/s, loss=0.0239]
Epoch 33:  33%|###.......| 191/585 [00:03:08<00:06:29,  1.01it/s, loss=0.0239]
Epoch 33:  34%|###.......| 197/585 [00:03:14<00:06:22,  1.01it/s, loss=0.0239]
Epoch 33:  35%|###.......| 203/585 [00:03:19<00:06:16,  1.02it/s, loss=0.0238]
Epoch 33:  36%|###.......| 209/585 [00:03:25<00:06:10,  1.01it/s, loss=0.0239]
Epoch 33:  37%|###.......| 215/585 [00:03:31<00:06:04,  1.02it/s, loss=0.0240]
Epoch 33:  38%|###.......| 221/585 [00:03:36<00:05:57,  1.02it/s, loss=0.0240]
Epoch 33:  39%|###.......| 227/585 [00:03:42<00:05:51,  1.02it/s, loss=0.0239]
Epoch 33:  40%|###.......| 233/585 [00:03:47<00:05:44,  1.02it/s, loss=0.0239]
Epoch 33:  41%|####......| 239/585 [00:03:53<00:05:38,  1.02it/s, loss=0.0239]
Epoch 33:  42%|####......| 244/585 [00:03:59<00:05:34,  1.02it/s, loss=0.0239]
Epoch 33:  43%|####......| 250/585 [00:04:05<00:05:28,  1.02it/s, loss=0.0239]
Epoch 33:  44%|####......| 256/585 [00:04:10<00:05:22,  1.02it/s, loss=0.0239]
Epoch 33:  45%|####......| 261/585 [00:04:16<00:05:17,  1.02it/s, loss=0.0240]
Epoch 33:  46%|####......| 267/585 [00:04:21<00:05:12,  1.02it/s, loss=0.0239]
Epoch 33:  47%|####......| 273/585 [00:04:27<00:05:05,  1.02it/s, loss=0.0239]
Epoch 33:  48%|####......| 278/585 [00:04:32<00:05:01,  1.02it/s, loss=0.0239]
Epoch 33:  49%|####......| 284/585 [00:04:38<00:04:55,  1.02it/s, loss=0.0240]
Epoch 33:  49%|####......| 289/585 [00:04:44<00:04:50,  1.02it/s, loss=0.0239]
Epoch 33:  50%|#####.....| 293/585 [00:04:49<00:04:48,  1.01it/s, loss=0.0240]
Epoch 33:  51%|#####.....| 299/585 [00:04:54<00:04:41,  1.02it/s, loss=0.0240]
Epoch 33:  52%|#####.....| 305/585 [00:04:59<00:04:35,  1.02it/s, loss=0.0240]
Epoch 33:  53%|#####.....| 311/585 [00:05:05<00:04:29,  1.02it/s, loss=0.0239]
Epoch 33:  54%|#####.....| 317/585 [00:05:10<00:04:22,  1.02it/s, loss=0.0239]
Epoch 33:  55%|#####.....| 323/585 [00:05:16<00:04:16,  1.02it/s, loss=0.0239]
Epoch 33:  56%|#####.....| 329/585 [00:05:21<00:04:10,  1.02it/s, loss=0.0239]
Epoch 33:  57%|#####.....| 334/585 [00:05:28<00:04:06,  1.02it/s, loss=0.0239]
Epoch 33:  58%|#####.....| 340/585 [00:05:34<00:04:01,  1.02it/s, loss=0.0240]
Epoch 33:  59%|#####.....| 346/585 [00:05:40<00:03:54,  1.02it/s, loss=0.0239]
Epoch 33:  60%|######....| 351/585 [00:05:45<00:03:50,  1.02it/s, loss=0.0239]
Epoch 33:  61%|######....| 356/585 [00:05:50<00:03:45,  1.01it/s, loss=0.0239]
Epoch 33:  62%|######....| 362/585 [00:05:55<00:03:39,  1.02it/s, loss=0.0239]
Epoch 33:  63%|######....| 368/585 [00:06:01<00:03:33,  1.02it/s, loss=0.0239]
Epoch 33:  64%|######....| 374/585 [00:06:08<00:03:27,  1.02it/s, loss=0.0239]
Epoch 33:  65%|######....| 380/585 [00:06:13<00:03:21,  1.02it/s, loss=0.0239]
Epoch 33:  66%|######....| 386/585 [00:06:18<00:03:15,  1.02it/s, loss=0.0239]
Epoch 33:  67%|######....| 392/585 [00:06:24<00:03:09,  1.02it/s, loss=0.0239]
Epoch 33:  68%|######....| 398/585 [00:06:30<00:03:03,  1.02it/s, loss=0.0239]
Epoch 33:  69%|######....| 404/585 [00:06:35<00:02:57,  1.02it/s, loss=0.0239]
Epoch 33:  70%|#######...| 410/585 [00:06:41<00:02:51,  1.02it/s, loss=0.0240]
Epoch 33:  71%|#######...| 416/585 [00:06:46<00:02:45,  1.02it/s, loss=0.0240]
Epoch 33:  72%|#######...| 422/585 [00:06:52<00:02:39,  1.02it/s, loss=0.0240]
Epoch 33:  73%|#######...| 428/585 [00:06:58<00:02:33,  1.02it/s, loss=0.0240]
Epoch 33:  74%|#######...| 434/585 [00:07:03<00:02:27,  1.02it/s, loss=0.0240]
Epoch 33:  75%|#######...| 439/585 [00:07:09<00:02:22,  1.02it/s, loss=0.0240]
Epoch 33:  76%|#######...| 444/585 [00:07:14<00:02:18,  1.02it/s, loss=0.0240]
Epoch 33:  77%|#######...| 449/585 [00:07:20<00:02:13,  1.02it/s, loss=0.0240]
Epoch 33:  78%|#######...| 455/585 [00:07:26<00:02:07,  1.02it/s, loss=0.0240]
Epoch 33:  79%|#######...| 461/585 [00:07:31<00:02:01,  1.02it/s, loss=0.0240]
Epoch 33:  80%|#######...| 467/585 [00:07:37<00:01:55,  1.02it/s, loss=0.0240]
Epoch 33:  81%|########..| 473/585 [00:07:42<00:01:49,  1.02it/s, loss=0.0240]
Epoch 33:  82%|########..| 479/585 [00:07:47<00:01:43,  1.02it/s, loss=0.0240]
Epoch 33:  83%|########..| 485/585 [00:07:53<00:01:37,  1.02it/s, loss=0.0240]
Epoch 33:  84%|########..| 491/585 [00:07:59<00:01:31,  1.02it/s, loss=0.0240]
Epoch 33:  85%|########..| 496/585 [00:08:04<00:01:26,  1.02it/s, loss=0.0240]
Epoch 33:  86%|########..| 502/585 [00:08:10<00:01:21,  1.02it/s, loss=0.0240]
Epoch 33:  87%|########..| 508/585 [00:08:16<00:01:15,  1.02it/s, loss=0.0239]
Epoch 33:  88%|########..| 514/585 [00:08:21<00:01:09,  1.02it/s, loss=0.0239]
Epoch 33:  89%|########..| 519/585 [00:08:26<00:01:04,  1.02it/s, loss=0.0239]
Epoch 33:  90%|########..| 525/585 [00:08:31<00:00:58,  1.03it/s, loss=0.0239]
Epoch 33:  91%|#########.| 531/585 [00:08:38<00:00:52,  1.02it/s, loss=0.0239]
Epoch 33:  92%|#########.| 536/585 [00:08:43<00:00:47,  1.02it/s, loss=0.0239]
Epoch 33:  93%|#########.| 542/585 [00:08:49<00:00:42,  1.02it/s, loss=0.0240]
Epoch 33:  94%|#########.| 548/585 [00:08:54<00:00:36,  1.02it/s, loss=0.0239]
Epoch 33:  95%|#########.| 554/585 [00:08:59<00:00:30,  1.03it/s, loss=0.0239]
Epoch 33:  95%|#########.| 558/585 [00:09:05<00:00:26,  1.02it/s, loss=0.0240]
Epoch 33:  96%|#########.| 563/585 [00:09:10<00:00:21,  1.02it/s, loss=0.0239]
Epoch 33:  97%|#########.| 568/585 [00:09:16<00:00:16,  1.02it/s, loss=0.0240]
Epoch 33:  98%|#########.| 574/585 [00:09:21<00:00:10,  1.02it/s, loss=0.0240]
Epoch 33:  99%|#########.| 579/585 [00:09:27<00:00:05,  1.02it/s, loss=0.0241]
Epoch 33: 100%|#########.| 584/585 [00:09:32<00:00:00,  1.02it/s, loss=0.0241]
Epoch 33: 100%|##########| 585/585 [00:09:33<00:00:00,  1.02it/s, loss=0.0241]
Test loss: 0.0241, Test rmsae: 6.71deg
{"event": "epoch_complete", "epoch": 33, "phase": 2, "lr": 1e-05, "batch_size": 10, "micro_batch_size": 1, "train_loss": 0.024078493722929403, "val_loss": 0.024053643341176212, "val_rmsae_deg": 6.714361265301704, "epoch_time_s": 574.4002754389949}
Epoch 34/40:
Epoch 34:   1%|..........| 5/585 [00:00:05<00:09:57,  0.97it/s, loss=0.0294]
Epoch 34:   2%|..........| 11/585 [00:00:10<00:08:59,  1.06it/s, loss=0.0267]
Epoch 34:   3%|..........| 17/585 [00:00:15<00:08:50,  1.07it/s, loss=0.0265]
Epoch 34:   4%|..........| 23/585 [00:00:21<00:08:41,  1.08it/s, loss=0.0259]
Epoch 34:   5%|..........| 29/585 [00:00:27<00:08:42,  1.07it/s, loss=0.0247]
Epoch 34:   6%|..........| 34/585 [00:00:32<00:08:50,  1.04it/s, loss=0.0244]
Epoch 34:   7%|..........| 39/585 [00:00:37<00:08:49,  1.03it/s, loss=0.0248]
Epoch 34:   8%|..........| 44/585 [00:00:43<00:08:50,  1.02it/s, loss=0.0246]
Epoch 34:   9%|..........| 50/585 [00:00:48<00:08:42,  1.02it/s, loss=0.0247]
Epoch 34:   9%|..........| 55/585 [00:00:54<00:08:42,  1.01it/s, loss=0.0249]
Epoch 34:  10%|#.........| 60/585 [00:00:59<00:08:39,  1.01it/s, loss=0.0246]
Epoch 34:  11%|#.........| 65/585 [00:01:05<00:08:40,  1.00it/s, loss=0.0246]
Epoch 34:  12%|#.........| 70/585 [00:01:10<00:08:37,  1.00it/s, loss=0.0245]
Epoch 34:  13%|#.........| 75/585 [00:01:15<00:08:33,  0.99it/s, loss=0.0246]
Epoch 34:  14%|#.........| 81/585 [00:01:21<00:08:26,  1.00it/s, loss=0.0244]
Epoch 34:  15%|#.........| 87/585 [00:01:26<00:08:15,  1.00it/s, loss=0.0243]
Epoch 34:  16%|#.........| 93/585 [00:01:32<00:08:07,  1.01it/s, loss=0.0240]
Epoch 34:  17%|#.........| 99/585 [00:01:37<00:07:58,  1.01it/s, loss=0.0238]
Epoch 34:  18%|#.........| 105/585 [00:01:42<00:07:50,  1.02it/s, loss=0.0237]
Epoch 34:  19%|#.........| 110/585 [00:01:48<00:07:46,  1.02it/s, loss=0.0241]
Epoch 34:  19%|#.........| 114/585 [00:01:53<00:07:47,  1.01it/s, loss=0.0242]
Epoch 34:  21%|##........| 120/585 [00:01:58<00:07:40,  1.01it/s, loss=0.0242]
Epoch 34:  21%|##........| 125/585 [00:02:04<00:07:36,  1.01it/s, loss=0.0241]
Epoch 34:  22%|##........| 131/585 [00:02:09<00:07:27,  1.01it/s, loss=0.0240]
Epoch 34:  23%|##........| 137/585 [00:02:14<00:07:20,  1.02it/s, loss=0.0242]
Epoch 34:  24%|##........| 143/585 [00:02:20<00:07:14,  1.02it/s, loss=0.0242]
Epoch 34:  25%|##........| 148/585 [00:02:26<00:07:11,  1.01it/s, loss=0.0242]
Epoch 34:  26%|##........| 154/585 [00:02:31<00:07:04,  1.01it/s, loss=0.0243]
Epoch 34:  27%|##........| 159/585 [00:02:37<00:07:01,  1.01it/s, loss=0.0243]
Epoch 34:  28%|##........| 165/585 [00:02:42<00:06:54,  1.01it/s, loss=0.0242]
Epoch 34:  29%|##........| 171/585 [00:02:48<00:06:47,  1.02it/s, loss=0.0244]
Epoch 34:  30%|###.......| 177/585 [00:02:54<00:06:41,  1.02it/s, loss=0.0243]
Epoch 34:  31%|###.......| 182/585 [00:03:00<00:06:39,  1.01it/s, loss=0.0244]
Epoch 34:  32%|###.......| 188/585 [00:03:05<00:06:31,  1.01it/s, loss=0.0243]
Epoch 34:  33%|###.......| 193/585 [00:03:10<00:06:27,  1.01it/s, loss=0.0245]
Epoch 34:  34%|###.......| 199/585 [00:03:16<00:06:20,  1.01it/s, loss=0.0244]
Epoch 34:  35%|###.......| 204/585 [00:03:21<00:06:16,  1.01it/s, loss=0.0243]
Epoch 34:  36%|###.......| 209/585 [00:03:26<00:06:12,  1.01it/s, loss=0.0243]
Epoch 34:  37%|###.......| 215/585 [00:03:32<00:06:05,  1.01it/s, loss=0.0243]
Epoch 34:  38%|###.......| 221/585 [00:03:37<00:05:58,  1.01it/s, loss=0.0242]
Epoch 34:  39%|###.......| 226/585 [00:03:43<00:05:54,  1.01it/s, loss=0.0242]
Epoch 34:  40%|###.......| 232/585 [00:03:49<00:05:49,  1.01it/s, loss=0.0242]
Epoch 34:  41%|####......| 237/585 [00:03:56<00:05:46,  1.00it/s, loss=0.0243]
Epoch 34:  41%|####......| 242/585 [00:04:01<00:05:42,  1.00it/s, loss=0.0244]
Epoch 34:  42%|####......| 248/585 [00:04:07<00:05:35,  1.00it/s, loss=0.0243]
Epoch 34:  43%|####......| 254/585 [00:04:12<00:05:29,  1.00it/s, loss=0.0243]
Epoch 34:  44%|####......| 259/585 [00:04:18<00:05:24,  1.00it/s, loss=0.0243]
Epoch 34:  45%|####......| 264/585 [00:04:23<00:05:20,  1.00it/s, loss=0.0243]
Epoch 34:  46%|####......| 269/585 [00:04:29<00:05:16,  1.00it/s, loss=0.0243]
Epoch 34:  47%|####......| 274/585 [00:04:34<00:05:11,  1.00it/s, loss=0.0242]
Epoch 34:  48%|####......| 279/585 [00:04:39<00:05:06,  1.00it/s, loss=0.0242]
Epoch 34:  49%|####......| 285/585 [00:04:45<00:05:00,  1.00it/s, loss=0.0242]
Epoch 34:  50%|####......| 291/585 [00:04:51<00:04:54,  1.00it/s, loss=0.0242]
Epoch 34:  51%|#####.....| 297/585 [00:04:56<00:04:47,  1.00it/s, loss=0.0242]
Epoch 34:  52%|#####.....| 302/585 [00:05:02<00:04:43,  1.00it/s, loss=0.0242]
Epoch 34:  53%|#####.....| 308/585 [00:05:08<00:04:37,  1.00it/s, loss=0.0242]
Epoch 34:  54%|#####.....| 314/585 [00:05:13<00:04:30,  1.00it/s, loss=0.0242]
Epoch 34:  55%|#####.....| 319/585 [00:05:19<00:04:26,  1.00it/s, loss=0.0242]
Epoch 34:  55%|#####.....| 324/585 [00:05:25<00:04:21,  1.00it/s, loss=0.0242]
Epoch 34:  56%|#####.....| 330/585 [00:05:30<00:04:15,  1.00it/s, loss=0.0241]
Epoch 34:  57%|#####.....| 336/585 [00:05:36<00:04:09,  1.00it/s, loss=0.0241]
Epoch 34:  58%|#####.....| 341/585 [00:05:41<00:04:04,  1.00it/s, loss=0.0241]
Epoch 34:  59%|#####.....| 347/585 [00:05:47<00:03:58,  1.00it/s, loss=0.0241]
Epoch 34:  60%|######....| 353/585 [00:05:53<00:03:52,  1.00it/s, loss=0.0240]
Epoch 34:  61%|######....| 359/585 [00:05:58<00:03:45,  1.00it/s, loss=0.0240]
Epoch 34:  62%|######....| 365/585 [00:06:03<00:03:39,  1.00it/s, loss=0.0240]
Epoch 34:  63%|######....| 371/585 [00:06:09<00:03:32,  1.01it/s, loss=0.0240]
Epoch 34:  64%|######....| 377/585 [00:06:14<00:03:26,  1.01it/s, loss=0.0240]
Epoch 34:  65%|######....| 383/585 [00:06:20<00:03:20,  1.01it/s, loss=0.0240]
Epoch 34:  66%|######....| 389/585 [00:06:25<00:03:14,  1.01it/s, loss=0.0239]
Epoch 34:  67%|######....| 394/585 [00:06:31<00:03:09,  1.01it/s, loss=0.0239]
Epoch 34:  68%|######....| 400/585 [00:06:37<00:03:03,  1.01it/s, loss=0.0240]
Epoch 34:  69%|######....| 405/585 [00:06:42<00:02:59,  1.01it/s, loss=0.0241]
Epoch 34:  70%|#######...| 410/585 [00:06:48<00:02:54,  1.00it/s, loss=0.0241]
Epoch 34:  71%|#######...| 416/585 [00:06:54<00:02:48,  1.00it/s, loss=0.0241]
Epoch 34:  72%|#######...| 421/585 [00:06:59<00:02:43,  1.00it/s, loss=0.0240]
Epoch 34:  73%|#######...| 426/585 [00:07:04<00:02:38,  1.00it/s, loss=0.0240]
Epoch 34:  74%|#######...| 432/585 [00:07:10<00:02:32,  1.00it/s, loss=0.0240]
Epoch 34:  75%|#######...| 438/585 [00:07:16<00:02:26,  1.00it/s, loss=0.0240]
Epoch 34:  76%|#######...| 444/585 [00:07:21<00:02:20,  1.01it/s, loss=0.0240]
Epoch 34:  77%|#######...| 449/585 [00:07:26<00:02:15,  1.00it/s, loss=0.0240]
Epoch 34:  78%|#######...| 454/585 [00:07:32<00:02:10,  1.00it/s, loss=0.0240]
Epoch 34:  79%|#######...| 460/585 [00:07:37<00:02:04,  1.01it/s, loss=0.0240]
Epoch 34:  79%|#######...| 464/585 [00:07:42<00:02:00,  1.00it/s, loss=0.0241]
Epoch 34:  80%|########..| 470/585 [00:07:48<00:01:54,  1.00it/s, loss=0.0241]
Epoch 34:  81%|########..| 476/585 [00:07:55<00:01:48,  1.00it/s, loss=0.0241]
Epoch 34:  82%|########..| 482/585 [00:08:00<00:01:42,  1.00it/s, loss=0.0241]
Epoch 34:  83%|########..| 488/585 [00:08:06<00:01:36,  1.00it/s, loss=0.0241]
Epoch 34:  84%|########..| 493/585 [00:08:12<00:01:31,  1.00it/s, loss=0.0241]
Epoch 34:  85%|########..| 499/585 [00:08:17<00:01:25,  1.00it/s, loss=0.0241]
Epoch 34:  86%|########..| 505/585 [00:08:22<00:01:19,  1.00it/s, loss=0.0240]
Epoch 34:  87%|########..| 511/585 [00:08:28<00:01:13,  1.01it/s, loss=0.0241]
Epoch 34:  88%|########..| 516/585 [00:08:33<00:01:08,  1.00it/s, loss=0.0240]
Epoch 34:  89%|########..| 522/585 [00:08:39<00:01:02,  1.01it/s, loss=0.0240]
Epoch 34:  90%|#########.| 528/585 [00:08:44<00:00:56,  1.01it/s, loss=0.0240]
Epoch 34:  91%|#########.| 534/585 [00:08:50<00:00:50,  1.01it/s, loss=0.0241]
Epoch 34:  92%|#########.| 540/585 [00:08:56<00:00:44,  1.01it/s, loss=0.0240]
Epoch 34:  93%|#########.| 546/585 [00:09:02<00:00:38,  1.01it/s, loss=0.0241]
Epoch 34:  94%|#########.| 552/585 [00:09:07<00:00:32,  1.01it/s, loss=0.0241]
Epoch 34:  95%|#########.| 557/585 [00:09:12<00:00:27,  1.01it/s, loss=0.0241]
Epoch 34:  96%|#########.| 563/585 [00:09:18<00:00:21,  1.01it/s, loss=0.0241]
Epoch 34:  97%|#########.| 568/585 [00:09:23<00:00:16,  1.01it/s, loss=0.0241]
Epoch 34:  98%|#########.| 573/585 [00:09:29<00:00:11,  1.01it/s, loss=0.0241]
Epoch 34:  99%|#########.| 579/585 [00:09:34<00:00:05,  1.01it/s, loss=0.0241]
Epoch 34: 100%|#########.| 584/585 [00:09:39<00:00:00,  1.01it/s, loss=0.0241]
Epoch 34: 100%|##########| 585/585 [00:09:40<00:00:00,  1.01it/s, loss=0.0241]
Test loss: 0.0240, Test rmsae: 6.68deg
{"event": "epoch_complete", "epoch": 34, "phase": 2, "lr": 1e-05, "batch_size": 10, "micro_batch_size": 1, "train_loss": 0.024082618039578965, "val_loss": 0.02402954379795119, "val_rmsae_deg": 6.67551127076149, "epoch_time_s": 581.3483391999907}
Epoch 35/40:
Epoch 35:   1%|..........| 6/585 [00:00:06<00:09:56,  0.97it/s, loss=0.0220]
Epoch 35:   2%|..........| 12/585 [00:00:12<00:09:48,  0.97it/s, loss=0.0222]
Epoch 35:   3%|..........| 17/585 [00:00:17<00:09:48,  0.97it/s, loss=0.0338]
Epoch 35:   4%|..........| 23/585 [00:00:23<00:09:30,  0.99it/s, loss=0.0313]
Epoch 35:   5%|..........| 29/585 [00:00:29<00:09:20,  0.99it/s, loss=0.0301]
Epoch 35:   6%|..........| 34/585 [00:00:34<00:09:15,  0.99it/s, loss=0.0295]
Epoch 35:   7%|..........| 39/585 [00:00:39<00:09:14,  0.99it/s, loss=0.0289]
Epoch 35:   7%|..........| 43/585 [00:00:45<00:09:30,  0.95it/s, loss=0.0283]
Epoch 35:   8%|..........| 48/585 [00:00:50<00:09:25,  0.95it/s, loss=0.0279]
Epoch 35:   9%|..........| 54/585 [00:00:55<00:09:09,  0.97it/s, loss=0.0277]
Epoch 35:  10%|#.........| 60/585 [00:01:01<00:09:00,  0.97it/s, loss=0.0269]
Epoch 35:  11%|#.........| 66/585 [00:01:07<00:08:47,  0.98it/s, loss=0.0264]
Epoch 35:  12%|#.........| 71/585 [00:01:12<00:08:42,  0.98it/s, loss=0.0263]
Epoch 35:  13%|#.........| 77/585 [00:01:17<00:08:33,  0.99it/s, loss=0.0261]
Epoch 35:  14%|#.........| 83/585 [00:01:23<00:08:25,  0.99it/s, loss=0.0259]
Epoch 35:  15%|#.........| 89/585 [00:01:28<00:08:15,  1.00it/s, loss=0.0257]
Epoch 35:  16%|#.........| 95/585 [00:01:34<00:08:06,  1.01it/s, loss=0.0256]
Epoch 35:  17%|#.........| 101/585 [00:01:40<00:08:00,  1.01it/s, loss=0.0256]
Epoch 35:  18%|#.........| 107/585 [00:01:45<00:07:51,  1.01it/s, loss=0.0255]
Epoch 35:  19%|#.........| 112/585 [00:01:51<00:07:48,  1.01it/s, loss=0.0254]
Epoch 35:  20%|##........| 118/585 [00:01:56<00:07:42,  1.01it/s, loss=0.0255]
Epoch 35:  21%|##........| 123/585 [00:02:01<00:07:37,  1.01it/s, loss=0.0254]
Epoch 35:  22%|##........| 128/585 [00:02:06<00:07:32,  1.01it/s, loss=0.0252]
Epoch 35:  23%|##........| 134/585 [00:02:12<00:07:26,  1.01it/s, loss=0.0254]
Epoch 35:  24%|##........| 139/585 [00:02:17<00:07:22,  1.01it/s, loss=0.0252]
Epoch 35:  25%|##........| 145/585 [00:02:23<00:07:14,  1.01it/s, loss=0.0251]
Epoch 35:  26%|##........| 150/585 [00:02:28<00:07:09,  1.01it/s, loss=0.0250]
Epoch 35:  26%|##........| 155/585 [00:02:33<00:07:07,  1.01it/s, loss=0.0251]
Epoch 35:  28%|##........| 161/585 [00:02:39<00:06:59,  1.01it/s, loss=0.0250]
Epoch 35:  29%|##........| 167/585 [00:02:44<00:06:52,  1.01it/s, loss=0.0250]
Epoch 35:  30%|##........| 173/585 [00:02:50<00:06:46,  1.01it/s, loss=0.0249]
Epoch 35:  30%|###.......| 178/585 [00:02:55<00:06:41,  1.01it/s, loss=0.0249]
Epoch 35:  31%|###.......| 183/585 [00:03:00<00:06:37,  1.01it/s, loss=0.0250]
Epoch 35:  32%|###.......| 189/585 [00:03:06<00:06:30,  1.01it/s, loss=0.0250]
Epoch 35:  33%|###.......| 194/585 [00:03:11<00:06:26,  1.01it/s, loss=0.0249]
Epoch 35:  34%|###.......| 200/585 [00:03:17<00:06:19,  1.01it/s, loss=0.0248]
Epoch 35:  35%|###.......| 204/585 [00:03:22<00:06:18,  1.01it/s, loss=0.0248]
Epoch 35:  36%|###.......| 210/585 [00:03:28<00:06:11,  1.01it/s, loss=0.0248]
Epoch 35:  37%|###.......| 216/585 [00:03:33<00:06:05,  1.01it/s, loss=0.0247]
Epoch 35:  38%|###.......| 222/585 [00:03:39<00:05:58,  1.01it/s, loss=0.0246]
Epoch 35:  39%|###.......| 228/585 [00:03:45<00:05:52,  1.01it/s, loss=0.0246]
Epoch 35:  40%|###.......| 233/585 [00:03:50<00:05:48,  1.01it/s, loss=0.0247]
Epoch 35:  41%|####......| 239/585 [00:03:56<00:05:41,  1.01it/s, loss=0.0246]
Epoch 35:  42%|####......| 245/585 [00:04:01<00:05:35,  1.01it/s, loss=0.0245]
Epoch 35:  43%|####......| 251/585 [00:04:07<00:05:29,  1.01it/s, loss=0.0245]
Epoch 35:  44%|####......| 256/585 [00:04:13<00:05:25,  1.01it/s, loss=0.0245]
Epoch 35:  45%|####......| 261/585 [00:04:18<00:05:20,  1.01it/s, loss=0.0245]
Epoch 35:  46%|####......| 267/585 [00:04:23<00:05:13,  1.01it/s, loss=0.0245]
Epoch 35:  46%|####......| 272/585 [00:04:28<00:05:09,  1.01it/s, loss=0.0246]
Epoch 35:  47%|####......| 277/585 [00:04:33<00:05:04,  1.01it/s, loss=0.0246]
Epoch 35:  48%|####......| 282/585 [00:04:39<00:05:00,  1.01it/s, loss=0.0246]
Epoch 35:  49%|####......| 287/585 [00:04:45<00:04:56,  1.00it/s, loss=0.0246]
Epoch 35:  50%|####......| 292/585 [00:04:50<00:04:51,  1.00it/s, loss=0.0246]
Epoch 35:  51%|#####.....| 297/585 [00:04:56<00:04:47,  1.00it/s, loss=0.0246]
Epoch 35:  52%|#####.....| 303/585 [00:05:01<00:04:40,  1.00it/s, loss=0.0245]
Epoch 35:  53%|#####.....| 309/585 [00:05:07<00:04:35,  1.00it/s, loss=0.0245]
Epoch 35:  54%|#####.....| 314/585 [00:05:12<00:04:30,  1.00it/s, loss=0.0246]
Epoch 35:  55%|#####.....| 319/585 [00:05:18<00:04:25,  1.00it/s, loss=0.0246]
Epoch 35:  55%|#####.....| 324/585 [00:05:23<00:04:20,  1.00it/s, loss=0.0246]
Epoch 35:  56%|#####.....| 329/585 [00:05:28<00:04:15,  1.00it/s, loss=0.0246]
Epoch 35:  57%|#####.....| 335/585 [00:05:34<00:04:09,  1.00it/s, loss=0.0245]
Epoch 35:  58%|#####.....| 340/585 [00:05:39<00:04:04,  1.00it/s, loss=0.0245]
Epoch 35:  59%|#####.....| 345/585 [00:05:44<00:03:59,  1.00it/s, loss=0.0246]
Epoch 35:  60%|######....| 351/585 [00:05:50<00:03:53,  1.00it/s, loss=0.0245]
Epoch 35:  61%|######....| 357/585 [00:05:55<00:03:47,  1.00it/s, loss=0.0244]
Epoch 35:  62%|######....| 363/585 [00:06:01<00:03:41,  1.00it/s, loss=0.0244]
Epoch 35:  63%|######....| 369/585 [00:06:07<00:03:34,  1.01it/s, loss=0.0244]
Epoch 35:  64%|######....| 375/585 [00:06:12<00:03:28,  1.01it/s, loss=0.0245]
Epoch 35:  65%|######....| 380/585 [00:06:18<00:03:24,  1.00it/s, loss=0.0246]
Epoch 35:  66%|######....| 386/585 [00:06:23<00:03:17,  1.01it/s, loss=0.0245]
Epoch 35:  67%|######....| 391/585 [00:06:29<00:03:13,  1.01it/s, loss=0.0245]
Epoch 35:  68%|######....| 397/585 [00:06:34<00:03:06,  1.01it/s, loss=0.0245]
Epoch 35:  69%|######....| 403/585 [00:06:39<00:03:00,  1.01it/s, loss=0.0245]
Epoch 35:  70%|######....| 408/585 [00:06:45<00:02:55,  1.01it/s, loss=0.0245]
Epoch 35:  71%|#######...| 414/585 [00:06:51<00:02:49,  1.01it/s, loss=0.0245]
Epoch 35:  72%|#######...| 420/585 [00:06:56<00:02:43,  1.01it/s, loss=0.0252]
Epoch 35:  73%|#######...| 426/585 [00:07:02<00:02:37,  1.01it/s, loss=0.0252]
Epoch 35:  74%|#######...| 432/585 [00:07:07<00:02:31,  1.01it/s, loss=0.0252]
Epoch 35:  75%|#######...| 438/585 [00:07:13<00:02:25,  1.01it/s, loss=0.0251]
Epoch 35:  76%|#######...| 444/585 [00:07:19<00:02:19,  1.01it/s, loss=0.0251]
Epoch 35:  77%|#######...| 450/585 [00:07:24<00:02:13,  1.01it/s, loss=0.0251]
Epoch 35:  78%|#######...| 455/585 [00:07:30<00:02:08,  1.01it/s, loss=0.0250]
Epoch 35:  79%|#######...| 461/585 [00:07:36<00:02:02,  1.01it/s, loss=0.0250]
Epoch 35:  80%|#######...| 466/585 [00:07:41<00:01:57,  1.01it/s, loss=0.0250]
Epoch 35:  81%|########..| 471/585 [00:07:46<00:01:52,  1.01it/s, loss=0.0250]
Epoch 35:  81%|########..| 476/585 [00:07:52<00:01:48,  1.01it/s, loss=0.0249]
Epoch 35:  82%|########..| 480/585 [00:07:57<00:01:44,  1.01it/s, loss=0.0249]
Epoch 35:  83%|########..| 485/585 [00:08:02<00:01:39,  1.00it/s, loss=0.0249]
Epoch 35:  84%|########..| 491/585 [00:08:08<00:01:33,  1.01it/s, loss=0.0249]
Epoch 35:  85%|########..| 496/585 [00:08:13<00:01:28,  1.00it/s, loss=0.0249]
Epoch 35:  86%|########..| 501/585 [00:08:19<00:01:23,  1.00it/s, loss=0.0249]
Epoch 35:  87%|########..| 507/585 [00:08:24<00:01:17,  1.01it/s, loss=0.0249]
Epoch 35:  88%|########..| 512/585 [00:08:30<00:01:12,  1.00it/s, loss=0.0248]
Epoch 35:  88%|########..| 517/585 [00:08:35<00:01:07,  1.00it/s, loss=0.0248]
Epoch 35:  89%|########..| 522/585 [00:08:41<00:01:02,  1.00it/s, loss=0.0248]
Epoch 35:  90%|#########.| 527/585 [00:08:46<00:00:57,  1.00it/s, loss=0.0247]
Epoch 35:  91%|#########.| 533/585 [00:08:52<00:00:51,  1.00it/s, loss=0.0248]
Epoch 35:  92%|#########.| 539/585 [00:08:58<00:00:45,  1.00it/s, loss=0.0247]
Epoch 35:  93%|#########.| 545/585 [00:09:03<00:00:39,  1.00it/s, loss=0.0247]
Epoch 35:  94%|#########.| 549/585 [00:09:08<00:00:35,  1.00it/s, loss=0.0247]
Epoch 35:  95%|#########.| 554/585 [00:09:14<00:00:31,  1.00it/s, loss=0.0247]
Epoch 35:  96%|#########.| 559/585 [00:09:19<00:00:26,  1.00it/s, loss=0.0247]
Epoch 35:  97%|#########.| 565/585 [00:09:24<00:00:19,  1.00it/s, loss=0.0247]
Epoch 35:  98%|#########.| 571/585 [00:09:30<00:00:13,  1.00it/s, loss=0.0247]
Epoch 35:  99%|#########.| 577/585 [00:09:36<00:00:07,  1.00it/s, loss=0.0247]
Epoch 35: 100%|#########.| 583/585 [00:09:42<00:00:01,  1.00it/s, loss=0.0247]
Epoch 35: 100%|##########| 585/585 [00:09:44<00:00:00,  1.00it/s, loss=0.0247]
Test loss: 0.0241, Test rmsae: 6.73deg
{"event": "epoch_complete", "epoch": 35, "phase": 2, "lr": 1e-05, "batch_size": 10, "micro_batch_size": 1, "train_loss": 0.024687727411779072, "val_loss": 0.02405289502348751, "val_rmsae_deg": 6.7314227521419525, "epoch_time_s": 585.0356196410139}
Epoch 36/40:
Epoch 36:   1%|..........| 5/585 [00:00:05<00:10:08,  0.95it/s, loss=0.0226]
Epoch 36:   2%|..........| 11/585 [00:00:10<00:09:22,  1.02it/s, loss=0.0228]
Epoch 36:   3%|..........| 17/585 [00:00:15<00:08:49,  1.07it/s, loss=0.0224]
Epoch 36:   4%|..........| 22/585 [00:00:20<00:08:56,  1.05it/s, loss=0.0233]
Epoch 36:   5%|..........| 27/585 [00:00:26<00:09:00,  1.03it/s, loss=0.0235]
Epoch 36:   5%|..........| 32/585 [00:00:31<00:09:07,  1.01it/s, loss=0.0242]
Epoch 36:   6%|..........| 37/585 [00:00:37<00:09:11,  0.99it/s, loss=0.0241]
Epoch 36:   7%|..........| 42/585 [00:00:43<00:09:17,  0.97it/s, loss=0.0243]
Epoch 36:   8%|..........| 48/585 [00:00:48<00:09:06,  0.98it/s, loss=0.0243]
Epoch 36:   9%|..........| 54/585 [00:00:54<00:08:56,  0.99it/s, loss=0.0241]
Epoch 36:  10%|#.........| 60/585 [00:01:00<00:08:48,  0.99it/s, loss=0.0245]
Epoch 36:  11%|#.........| 65/585 [00:01:06<00:08:48,  0.98it/s, loss=0.0242]
Epoch 36:  12%|#.........| 71/585 [00:01:11<00:08:36,  0.99it/s, loss=0.0241]
Epoch 36:  13%|#.........| 77/585 [00:01:17<00:08:29,  1.00it/s, loss=0.0242]
Epoch 36:  14%|#.........| 83/585 [00:01:22<00:08:21,  1.00it/s, loss=0.0242]
Epoch 36:  15%|#.........| 89/585 [00:01:28<00:08:14,  1.00it/s, loss=0.0243]
Epoch 36:  16%|#.........| 94/585 [00:01:33<00:08:10,  1.00it/s, loss=0.0243]
Epoch 36:  17%|#.........| 100/585 [00:01:39<00:08:04,  1.00it/s, loss=0.0245]
Epoch 36:  18%|#.........| 106/585 [00:01:45<00:07:54,  1.01it/s, loss=0.0246]
Epoch 36:  19%|#.........| 112/585 [00:01:50<00:07:47,  1.01it/s, loss=0.0244]
Epoch 36:  20%|##........| 118/585 [00:01:56<00:07:39,  1.02it/s, loss=0.0243]
Epoch 36:  21%|##........| 124/585 [00:02:01<00:07:30,  1.02it/s, loss=0.0242]
Epoch 36:  22%|##........| 130/585 [00:02:06<00:07:23,  1.03it/s, loss=0.0242]
Epoch 36:  23%|##........| 136/585 [00:02:12<00:07:16,  1.03it/s, loss=0.0242]
Epoch 36:  24%|##........| 141/585 [00:02:17<00:07:13,  1.02it/s, loss=0.0242]
Epoch 36:  25%|##........| 146/585 [00:02:23<00:07:10,  1.02it/s, loss=0.0243]
Epoch 36:  26%|##........| 152/585 [00:02:28<00:07:04,  1.02it/s, loss=0.0243]
Epoch 36:  27%|##........| 157/585 [00:02:34<00:07:01,  1.02it/s, loss=0.0245]
Epoch 36:  28%|##........| 163/585 [00:02:40<00:06:54,  1.02it/s, loss=0.0246]
Epoch 36:  29%|##........| 168/585 [00:02:46<00:06:52,  1.01it/s, loss=0.0246]
Epoch 36:  30%|##........| 173/585 [00:02:51<00:06:47,  1.01it/s, loss=0.0247]
Epoch 36:  31%|###.......| 179/585 [00:02:56<00:06:40,  1.01it/s, loss=0.0246]
Epoch 36:  31%|###.......| 184/585 [00:03:01<00:06:36,  1.01it/s, loss=0.0246]
Epoch 36:  32%|###.......| 189/585 [00:03:07<00:06:33,  1.01it/s, loss=0.0248]
Epoch 36:  33%|###.......| 195/585 [00:03:13<00:06:26,  1.01it/s, loss=0.0248]
Epoch 36:  34%|###.......| 201/585 [00:03:18<00:06:19,  1.01it/s, loss=0.0248]
Epoch 36:  35%|###.......| 207/585 [00:03:24<00:06:13,  1.01it/s, loss=0.0247]
Epoch 36:  36%|###.......| 213/585 [00:03:30<00:06:07,  1.01it/s, loss=0.0247]
Epoch 36:  37%|###.......| 219/585 [00:03:36<00:06:01,  1.01it/s, loss=0.0246]
Epoch 36:  38%|###.......| 225/585 [00:03:41<00:05:54,  1.02it/s, loss=0.0246]
Epoch 36:  39%|###.......| 231/585 [00:03:46<00:05:47,  1.02it/s, loss=0.0246]
Epoch 36:  41%|####......| 237/585 [00:03:52<00:05:41,  1.02it/s, loss=0.0246]
Epoch 36:  42%|####......| 243/585 [00:03:58<00:05:35,  1.02it/s, loss=0.0250]
Epoch 36:  43%|####......| 249/585 [00:04:04<00:05:29,  1.02it/s, loss=0.0250]
Epoch 36:  43%|####......| 254/585 [00:04:09<00:05:25,  1.02it/s, loss=0.0251]
Epoch 36:  44%|####......| 259/585 [00:04:15<00:05:21,  1.02it/s, loss=0.0251]
Epoch 36:  45%|####......| 265/585 [00:04:20<00:05:14,  1.02it/s, loss=0.0251]
Epoch 36:  46%|####......| 270/585 [00:04:25<00:05:09,  1.02it/s, loss=0.0250]
Epoch 36:  47%|####......| 276/585 [00:04:30<00:05:03,  1.02it/s, loss=0.0249]
Epoch 36:  48%|####......| 281/585 [00:04:36<00:04:59,  1.02it/s, loss=0.0249]
Epoch 36:  49%|####......| 287/585 [00:04:42<00:04:53,  1.02it/s, loss=0.0248]
Epoch 36:  50%|#####.....| 293/585 [00:04:48<00:04:47,  1.02it/s, loss=0.0249]
Epoch 36:  51%|#####.....| 298/585 [00:04:53<00:04:42,  1.02it/s, loss=0.0249]
Epoch 36:  52%|#####.....| 304/585 [00:04:58<00:04:35,  1.02it/s, loss=0.0248]
Epoch 36:  53%|#####.....| 309/585 [00:05:04<00:04:31,  1.02it/s, loss=0.0247]
Epoch 36:  54%|#####.....| 315/585 [00:05:10<00:04:25,  1.02it/s, loss=0.0246]
Epoch 36:  55%|#####.....| 320/585 [00:05:15<00:04:21,  1.02it/s, loss=0.0246]
Epoch 36:  55%|#####.....| 324/585 [00:05:20<00:04:18,  1.01it/s, loss=0.0246]
Epoch 36:  56%|#####.....| 330/585 [00:05:25<00:04:11,  1.01it/s, loss=0.0247]
Epoch 36:  57%|#####.....| 335/585 [00:05:31<00:04:07,  1.01it/s, loss=0.0247]
Epoch 36:  58%|#####.....| 340/585 [00:05:36<00:04:02,  1.01it/s, loss=0.0247]
Epoch 36:  59%|#####.....| 345/585 [00:05:42<00:03:57,  1.01it/s, loss=0.0247]
Epoch 36:  60%|#####.....| 350/585 [00:05:47<00:03:53,  1.01it/s, loss=0.0247]
Epoch 36:  61%|######....| 355/585 [00:05:52<00:03:48,  1.01it/s, loss=0.0247]
Epoch 36:  62%|######....| 360/585 [00:05:57<00:03:43,  1.01it/s, loss=0.0247]
Epoch 36:  63%|######....| 366/585 [00:06:03<00:03:37,  1.01it/s, loss=0.0246]
Epoch 36:  63%|######....| 371/585 [00:06:08<00:03:32,  1.01it/s, loss=0.0246]
Epoch 36:  64%|######....| 377/585 [00:06:14<00:03:26,  1.01it/s, loss=0.0252]
Epoch 36:  65%|######....| 382/585 [00:06:19<00:03:21,  1.01it/s, loss=0.0251]
Epoch 36:  66%|######....| 387/585 [00:06:25<00:03:17,  1.00it/s, loss=0.0252]
Epoch 36:  67%|######....| 392/585 [00:06:30<00:03:12,  1.00it/s, loss=0.0251]
Epoch 36:  68%|######....| 397/585 [00:06:35<00:03:07,  1.00it/s, loss=0.0252]
Epoch 36:  69%|######....| 402/585 [00:06:40<00:03:02,  1.00it/s, loss=0.0252]
Epoch 36:  70%|######....| 408/585 [00:06:46<00:02:56,  1.00it/s, loss=0.0252]
Epoch 36:  71%|#######...| 414/585 [00:06:52<00:02:50,  1.00it/s, loss=0.0252]
Epoch 36:  72%|#######...| 420/585 [00:06:58<00:02:44,  1.00it/s, loss=0.0251]
Epoch 36:  73%|#######...| 426/585 [00:07:03<00:02:38,  1.01it/s, loss=0.0251]
Epoch 36:  74%|#######...| 431/585 [00:07:08<00:02:33,  1.01it/s, loss=0.0251]
Epoch 36:  75%|#######...| 436/585 [00:07:14<00:02:28,  1.00it/s, loss=0.0252]
Epoch 36:  75%|#######...| 441/585 [00:07:19<00:02:23,  1.00it/s, loss=0.0251]
Epoch 36:  76%|#######...| 447/585 [00:07:25<00:02:17,  1.00it/s, loss=0.0251]
Epoch 36:  77%|#######...| 453/585 [00:07:31<00:02:11,  1.00it/s, loss=0.0252]
Epoch 36:  78%|#######...| 459/585 [00:07:36<00:02:05,  1.01it/s, loss=0.0251]
Epoch 36:  79%|#######...| 464/585 [00:07:42<00:02:00,  1.00it/s, loss=0.0251]
Epoch 36:  80%|########..| 470/585 [00:07:48<00:01:54,  1.00it/s, loss=0.0251]
Epoch 36:  81%|########..| 476/585 [00:07:54<00:01:48,  1.00it/s, loss=0.0251]
Epoch 36:  82%|########..| 481/585 [00:07:59<00:01:43,  1.00it/s, loss=0.0250]
Epoch 36:  83%|########..| 486/585 [00:08:04<00:01:38,  1.00it/s, loss=0.0250]
Epoch 36:  84%|########..| 492/585 [00:08:10<00:01:32,  1.00it/s, loss=0.0249]
Epoch 36:  85%|########..| 497/585 [00:08:15<00:01:27,  1.00it/s, loss=0.0249]
Epoch 36:  86%|########..| 502/585 [00:08:20<00:01:22,  1.00it/s, loss=0.0249]
Epoch 36:  87%|########..| 507/585 [00:08:26<00:01:17,  1.00it/s, loss=0.0249]
Epoch 36:  88%|########..| 512/585 [00:08:32<00:01:13,  1.00it/s, loss=0.0249]
Epoch 36:  88%|########..| 517/585 [00:08:37<00:01:08,  1.00it/s, loss=0.0248]
Epoch 36:  89%|########..| 522/585 [00:08:43<00:01:03,  1.00it/s, loss=0.0248]
Epoch 36:  90%|#########.| 528/585 [00:08:48<00:00:57,  1.00it/s, loss=0.0248]
Epoch 36:  91%|#########.| 533/585 [00:08:53<00:00:52,  1.00it/s, loss=0.0247]
Epoch 36:  92%|#########.| 539/585 [00:08:58<00:00:45,  1.00it/s, loss=0.0247]
Epoch 36:  93%|#########.| 545/585 [00:09:04<00:00:39,  1.00it/s, loss=0.0247]
Epoch 36:  94%|#########.| 551/585 [00:09:09<00:00:33,  1.00it/s, loss=0.0247]
Epoch 36:  95%|#########.| 557/585 [00:09:15<00:00:27,  1.00it/s, loss=0.0247]
Epoch 36:  96%|#########.| 563/585 [00:09:21<00:00:21,  1.00it/s, loss=0.0247]
Epoch 36:  97%|#########.| 569/585 [00:09:27<00:00:15,  1.00it/s, loss=0.0247]
Epoch 36:  98%|#########.| 574/585 [00:09:33<00:00:10,  1.00it/s, loss=0.0247]
Epoch 36:  99%|#########.| 580/585 [00:09:38<00:00:04,  1.00it/s, loss=0.0247]
Epoch 36: 100%|##########| 585/585 [00:09:42<00:00:00,  1.00it/s, loss=0.0246]
Test loss: 0.0241, Test rmsae: 6.77deg
{"event": "epoch_complete", "epoch": 36, "phase": 2, "lr": 1e-05, "batch_size": 10, "micro_batch_size": 1, "train_loss": 0.0246255054194321, "val_loss": 0.024062388751190156, "val_rmsae_deg": 6.766152918338776, "epoch_time_s": 583.7737996499927}
Epoch 37/40:
Epoch 37:   1%|..........| 5/585 [00:00:05<00:10:18,  0.94it/s, loss=0.0279]
Epoch 37:   2%|..........| 11/585 [00:00:11<00:09:34,  1.00it/s, loss=0.0245]
Epoch 37:   3%|..........| 17/585 [00:00:16<00:09:27,  1.00it/s, loss=0.0236]
Epoch 37:   4%|..........| 23/585 [00:00:22<00:09:15,  1.01it/s, loss=0.0238]
Epoch 37:   5%|..........| 29/585 [00:00:29<00:09:18,  0.99it/s, loss=0.0234]
Epoch 37:   6%|..........| 35/585 [00:00:35<00:09:13,  0.99it/s, loss=0.0235]
Epoch 37:   7%|..........| 40/585 [00:00:41<00:09:23,  0.97it/s, loss=0.0236]
Epoch 37:   8%|..........| 46/585 [00:00:46<00:09:08,  0.98it/s, loss=0.0234]
Epoch 37:   9%|..........| 52/585 [00:00:52<00:08:56,  0.99it/s, loss=0.0230]
Epoch 37:  10%|..........| 58/585 [00:00:58<00:08:47,  1.00it/s, loss=0.0229]
Epoch 37:  11%|#.........| 63/585 [00:01:03<00:08:44,  0.99it/s, loss=0.0228]
Epoch 37:  12%|#.........| 68/585 [00:01:08<00:08:42,  0.99it/s, loss=0.0227]
Epoch 37:  12%|#.........| 73/585 [00:01:14<00:08:40,  0.98it/s, loss=0.0226]
Epoch 37:  13%|#.........| 78/585 [00:01:19<00:08:38,  0.98it/s, loss=0.0228]
Epoch 37:  14%|#.........| 84/585 [00:01:25<00:08:29,  0.98it/s, loss=0.0229]
Epoch 37:  15%|#.........| 88/585 [00:01:31<00:08:35,  0.96it/s, loss=0.0228]
Epoch 37:  16%|#.........| 94/585 [00:01:37<00:08:27,  0.97it/s, loss=0.0228]
Epoch 37:  17%|#.........| 100/585 [00:01:42<00:08:17,  0.98it/s, loss=0.0226]
Epoch 37:  18%|#.........| 106/585 [00:01:48<00:08:09,  0.98it/s, loss=0.0227]
Epoch 37:  19%|#.........| 111/585 [00:01:53<00:08:04,  0.98it/s, loss=0.0229]
Epoch 37:  20%|##........| 117/585 [00:01:59<00:07:56,  0.98it/s, loss=0.0230]
Epoch 37:  21%|##........| 123/585 [00:02:05<00:07:50,  0.98it/s, loss=0.0243]
Epoch 37:  22%|##........| 128/585 [00:02:10<00:07:45,  0.98it/s, loss=0.0242]
Epoch 37:  23%|##........| 133/585 [00:02:15<00:07:41,  0.98it/s, loss=0.0242]
Epoch 37:  24%|##........| 138/585 [00:02:21<00:07:37,  0.98it/s, loss=0.0244]
Epoch 37:  25%|##........| 144/585 [00:02:26<00:07:28,  0.98it/s, loss=0.0245]
Epoch 37:  26%|##........| 150/585 [00:02:31<00:07:20,  0.99it/s, loss=0.0246]
Epoch 37:  27%|##........| 156/585 [00:02:37<00:07:13,  0.99it/s, loss=0.0245]
Epoch 37:  28%|##........| 162/585 [00:02:42<00:07:05,  1.00it/s, loss=0.0245]
Epoch 37:  28%|##........| 166/585 [00:02:48<00:07:04,  0.99it/s, loss=0.0245]
Epoch 37:  29%|##........| 171/585 [00:02:53<00:06:59,  0.99it/s, loss=0.0246]
Epoch 37:  30%|###.......| 177/585 [00:02:58<00:06:51,  0.99it/s, loss=0.0245]
Epoch 37:  31%|###.......| 182/585 [00:03:03<00:06:47,  0.99it/s, loss=0.0244]
Epoch 37:  32%|###.......| 188/585 [00:03:10<00:06:41,  0.99it/s, loss=0.0246]
Epoch 37:  33%|###.......| 192/585 [00:03:15<00:06:40,  0.98it/s, loss=0.0247]
Epoch 37:  34%|###.......| 198/585 [00:03:20<00:06:32,  0.99it/s, loss=0.0246]
Epoch 37:  35%|###.......| 204/585 [00:03:26<00:06:25,  0.99it/s, loss=0.0245]
Epoch 37:  36%|###.......| 210/585 [00:03:32<00:06:19,  0.99it/s, loss=0.0245]
Epoch 37:  37%|###.......| 216/585 [00:03:38<00:06:13,  0.99it/s, loss=0.0245]
Epoch 37:  38%|###.......| 222/585 [00:03:43<00:06:06,  0.99it/s, loss=0.0244]
Epoch 37:  39%|###.......| 229/585 [00:03:50<00:05:57,  1.00it/s, loss=0.0244]
Epoch 37:  40%|####......| 234/585 [00:03:55<00:05:52,  1.00it/s, loss=0.0244]
Epoch 37:  41%|####......| 240/585 [00:04:00<00:05:45,  1.00it/s, loss=0.0243]
Epoch 37:  42%|####......| 245/585 [00:04:05<00:05:40,  1.00it/s, loss=0.0243]
Epoch 37:  43%|####......| 251/585 [00:04:11<00:05:34,  1.00it/s, loss=0.0243]
Epoch 37:  44%|####......| 257/585 [00:04:16<00:05:27,  1.00it/s, loss=0.0242]
Epoch 37:  45%|####......| 262/585 [00:04:22<00:05:23,  1.00it/s, loss=0.0243]
Epoch 37:  46%|####......| 267/585 [00:04:28<00:05:19,  1.00it/s, loss=0.0242]
Epoch 37:  47%|####......| 273/585 [00:04:33<00:05:12,  1.00it/s, loss=0.0242]
Epoch 37:  48%|####......| 279/585 [00:04:39<00:05:06,  1.00it/s, loss=0.0242]
Epoch 37:  49%|####......| 285/585 [00:04:44<00:04:59,  1.00it/s, loss=0.0243]
Epoch 37:  50%|####......| 291/585 [00:04:50<00:04:53,  1.00it/s, loss=0.0242]
Epoch 37:  51%|#####.....| 297/585 [00:04:55<00:04:46,  1.00it/s, loss=0.0241]
Epoch 37:  52%|#####.....| 303/585 [00:05:01<00:04:40,  1.01it/s, loss=0.0241]
Epoch 37:  53%|#####.....| 309/585 [00:05:07<00:04:34,  1.01it/s, loss=0.0241]
Epoch 37:  54%|#####.....| 314/585 [00:05:12<00:04:29,  1.00it/s, loss=0.0242]
Epoch 37:  55%|#####.....| 320/585 [00:05:17<00:04:23,  1.01it/s, loss=0.0242]
Epoch 37:  56%|#####.....| 326/585 [00:05:23<00:04:17,  1.01it/s, loss=0.0242]
Epoch 37:  57%|#####.....| 331/585 [00:05:28<00:04:12,  1.01it/s, loss=0.0241]
Epoch 37:  58%|#####.....| 337/585 [00:05:34<00:04:05,  1.01it/s, loss=0.0241]
Epoch 37:  59%|#####.....| 343/585 [00:05:39<00:03:59,  1.01it/s, loss=0.0241]
Epoch 37:  60%|#####.....| 349/585 [00:05:45<00:03:53,  1.01it/s, loss=0.0240]
Epoch 37:  61%|######....| 354/585 [00:05:50<00:03:49,  1.01it/s, loss=0.0241]
Epoch 37:  62%|######....| 360/585 [00:05:56<00:03:43,  1.01it/s, loss=0.0241]
Epoch 37:  62%|######....| 365/585 [00:06:02<00:03:38,  1.01it/s, loss=0.0241]
Epoch 37:  63%|######....| 371/585 [00:06:07<00:03:32,  1.01it/s, loss=0.0241]
Epoch 37:  64%|######....| 376/585 [00:06:13<00:03:27,  1.01it/s, loss=0.0241]
Epoch 37:  65%|######....| 382/585 [00:06:18<00:03:21,  1.01it/s, loss=0.0241]
Epoch 37:  66%|######....| 387/585 [00:06:23<00:03:16,  1.01it/s, loss=0.0241]
Epoch 37:  67%|######....| 392/585 [00:06:29<00:03:11,  1.01it/s, loss=0.0241]
Epoch 37:  68%|######....| 397/585 [00:06:34<00:03:06,  1.01it/s, loss=0.0241]
Epoch 37:  69%|######....| 403/585 [00:06:40<00:03:00,  1.01it/s, loss=0.0240]
Epoch 37:  70%|######....| 409/585 [00:06:46<00:02:54,  1.01it/s, loss=0.0240]
Epoch 37:  71%|#######...| 415/585 [00:06:51<00:02:48,  1.01it/s, loss=0.0240]
Epoch 37:  72%|#######...| 420/585 [00:06:56<00:02:43,  1.01it/s, loss=0.0239]
Epoch 37:  73%|#######...| 426/585 [00:07:02<00:02:37,  1.01it/s, loss=0.0239]
Epoch 37:  74%|#######...| 431/585 [00:07:07<00:02:32,  1.01it/s, loss=0.0240]
Epoch 37:  75%|#######...| 436/585 [00:07:13<00:02:28,  1.01it/s, loss=0.0240]
Epoch 37:  76%|#######...| 442/585 [00:07:19<00:02:22,  1.01it/s, loss=0.0239]
Epoch 37:  77%|#######...| 448/585 [00:07:24<00:02:15,  1.01it/s, loss=0.0239]
Epoch 37:  78%|#######...| 454/585 [00:07:29<00:02:09,  1.01it/s, loss=0.0238]
Epoch 37:  79%|#######...| 460/585 [00:07:35<00:02:03,  1.01it/s, loss=0.0238]
Epoch 37:  79%|#######...| 465/585 [00:07:40<00:01:58,  1.01it/s, loss=0.0238]
Epoch 37:  81%|########..| 471/585 [00:07:46<00:01:52,  1.01it/s, loss=0.0239]
Epoch 37:  82%|########..| 477/585 [00:07:51<00:01:46,  1.01it/s, loss=0.0240]
Epoch 37:  82%|########..| 482/585 [00:07:57<00:01:41,  1.01it/s, loss=0.0240]
Epoch 37:  83%|########..| 486/585 [00:08:03<00:01:38,  1.01it/s, loss=0.0240]
Epoch 37:  84%|########..| 492/585 [00:08:08<00:01:32,  1.01it/s, loss=0.0240]
Epoch 37:  85%|########..| 497/585 [00:08:13<00:01:27,  1.01it/s, loss=0.0240]
Epoch 37:  86%|########..| 502/585 [00:08:18<00:01:22,  1.01it/s, loss=0.0240]
Epoch 37:  87%|########..| 508/585 [00:08:24<00:01:16,  1.01it/s, loss=0.0240]
Epoch 37:  88%|########..| 514/585 [00:08:30<00:01:10,  1.01it/s, loss=0.0240]
Epoch 37:  89%|########..| 520/585 [00:08:35<00:01:04,  1.01it/s, loss=0.0240]
Epoch 37:  90%|########..| 526/585 [00:08:40<00:00:58,  1.01it/s, loss=0.0239]
Epoch 37:  91%|#########.| 532/585 [00:08:47<00:00:52,  1.01it/s, loss=0.0239]
Epoch 37:  92%|#########.| 537/585 [00:08:52<00:00:47,  1.01it/s, loss=0.0239]
Epoch 37:  93%|#########.| 543/585 [00:08:57<00:00:41,  1.01it/s, loss=0.0239]
Epoch 37:  94%|#########.| 548/585 [00:09:02<00:00:36,  1.01it/s, loss=0.0238]
Epoch 37:  95%|#########.| 553/585 [00:09:08<00:00:31,  1.01it/s, loss=0.0238]
Epoch 37:  96%|#########.| 559/585 [00:09:14<00:00:25,  1.01it/s, loss=0.0238]
Epoch 37:  97%|#########.| 565/585 [00:09:19<00:00:19,  1.01it/s, loss=0.0238]
Epoch 37:  98%|#########.| 571/585 [00:09:25<00:00:13,  1.01it/s, loss=0.0238]
Epoch 37:  98%|#########.| 576/585 [00:09:31<00:00:08,  1.01it/s, loss=0.0239]
Epoch 37:  99%|#########.| 582/585 [00:09:37<00:00:02,  1.01it/s, loss=0.0239]
Epoch 37: 100%|##########| 585/585 [00:09:40<00:00:00,  1.01it/s, loss=0.0239]
Test loss: 0.0240, Test rmsae: 6.64deg
{"event": "epoch_complete", "epoch": 37, "phase": 2, "lr": 1e-05, "batch_size": 10, "micro_batch_size": 1, "train_loss": 0.02386245999771815, "val_loss": 0.024032364250160754, "val_rmsae_deg": 6.6388359516859055, "epoch_time_s": 581.5304002909979}
Epoch 38/40:
Epoch 38:   1%|..........| 5/585 [00:00:05<00:09:51,  0.98it/s, loss=0.0218]
Epoch 38:   2%|..........| 10/585 [00:00:10<00:09:47,  0.98it/s, loss=0.0252]
Epoch 38:   3%|..........| 16/585 [00:00:16<00:09:35,  0.99it/s, loss=0.0244]
Epoch 38:   4%|..........| 22/585 [00:00:22<00:09:29,  0.99it/s, loss=0.0254]
Epoch 38:   5%|..........| 28/585 [00:00:27<00:09:16,  1.00it/s, loss=0.0259]
Epoch 38:   6%|..........| 34/585 [00:00:33<00:09:01,  1.02it/s, loss=0.0258]
Epoch 38:   7%|..........| 40/585 [00:00:39<00:08:53,  1.02it/s, loss=0.0249]
Epoch 38:   8%|..........| 45/585 [00:00:44<00:08:59,  1.00it/s, loss=0.0248]
Epoch 38:   9%|..........| 51/585 [00:00:50<00:08:47,  1.01it/s, loss=0.0247]
Epoch 38:  10%|..........| 57/585 [00:00:55<00:08:33,  1.03it/s, loss=0.0246]
Epoch 38:  11%|#.........| 63/585 [00:01:01<00:08:30,  1.02it/s, loss=0.0246]
Epoch 38:  12%|#.........| 68/585 [00:01:07<00:08:32,  1.01it/s, loss=0.0245]
Epoch 38:  12%|#.........| 73/585 [00:01:12<00:08:27,  1.01it/s, loss=0.0243]
Epoch 38:  14%|#.........| 79/585 [00:01:18<00:08:22,  1.01it/s, loss=0.0247]
Epoch 38:  14%|#.........| 84/585 [00:01:23<00:08:18,  1.01it/s, loss=0.0247]
Epoch 38:  15%|#.........| 90/585 [00:01:29<00:08:10,  1.01it/s, loss=0.0247]
Epoch 38:  16%|#.........| 96/585 [00:01:34<00:08:03,  1.01it/s, loss=0.0246]
Epoch 38:  17%|#.........| 101/585 [00:01:39<00:07:59,  1.01it/s, loss=0.0245]
Epoch 38:  18%|#.........| 107/585 [00:01:45<00:07:50,  1.01it/s, loss=0.0243]
Epoch 38:  19%|#.........| 113/585 [00:01:51<00:07:44,  1.02it/s, loss=0.0243]
Epoch 38:  20%|##........| 118/585 [00:01:56<00:07:42,  1.01it/s, loss=0.0242]
Epoch 38:  21%|##........| 124/585 [00:02:02<00:07:35,  1.01it/s, loss=0.0243]
Epoch 38:  22%|##........| 130/585 [00:02:08<00:07:28,  1.01it/s, loss=0.0241]
Epoch 38:  23%|##........| 136/585 [00:02:13<00:07:21,  1.02it/s, loss=0.0239]
Epoch 38:  24%|##........| 142/585 [00:02:20<00:07:16,  1.01it/s, loss=0.0240]
Epoch 38:  25%|##........| 147/585 [00:02:25<00:07:13,  1.01it/s, loss=0.0240]
Epoch 38:  26%|##........| 152/585 [00:02:31<00:07:10,  1.01it/s, loss=0.0241]
Epoch 38:  27%|##........| 158/585 [00:02:36<00:07:04,  1.01it/s, loss=0.0240]
Epoch 38:  28%|##........| 163/585 [00:02:42<00:06:59,  1.01it/s, loss=0.0242]
Epoch 38:  29%|##........| 169/585 [00:02:47<00:06:52,  1.01it/s, loss=0.0240]
Epoch 38:  30%|##........| 175/585 [00:02:53<00:06:45,  1.01it/s, loss=0.0239]
Epoch 38:  31%|###.......| 181/585 [00:02:58<00:06:38,  1.01it/s, loss=0.0239]
Epoch 38:  32%|###.......| 187/585 [00:03:04<00:06:31,  1.02it/s, loss=0.0238]
Epoch 38:  33%|###.......| 192/585 [00:03:09<00:06:27,  1.01it/s, loss=0.0239]
Epoch 38:  34%|###.......| 198/585 [00:03:14<00:06:20,  1.02it/s, loss=0.0238]
Epoch 38:  35%|###.......| 204/585 [00:03:20<00:06:14,  1.02it/s, loss=0.0236]
Epoch 38:  36%|###.......| 210/585 [00:03:26<00:06:08,  1.02it/s, loss=0.0236]
Epoch 38:  37%|###.......| 215/585 [00:03:31<00:06:04,  1.02it/s, loss=0.0236]
Epoch 38:  37%|###.......| 219/585 [00:03:37<00:06:02,  1.01it/s, loss=0.0238]
Epoch 38:  38%|###.......| 225/585 [00:03:42<00:05:56,  1.01it/s, loss=0.0238]
Epoch 38:  39%|###.......| 231/585 [00:03:47<00:05:49,  1.01it/s, loss=0.0238]
Epoch 38:  41%|####......| 237/585 [00:03:53<00:05:42,  1.02it/s, loss=0.0238]
Epoch 38:  42%|####......| 243/585 [00:03:58<00:05:35,  1.02it/s, loss=0.0238]
Epoch 38:  43%|####......| 249/585 [00:04:04<00:05:29,  1.02it/s, loss=0.0237]
Epoch 38:  44%|####......| 255/585 [00:04:09<00:05:23,  1.02it/s, loss=0.0237]
Epoch 38:  45%|####......| 261/585 [00:04:15<00:05:17,  1.02it/s, loss=0.0236]
Epoch 38:  46%|####......| 267/585 [00:04:21<00:05:11,  1.02it/s, loss=0.0236]
Epoch 38:  47%|####......| 273/585 [00:04:27<00:05:05,  1.02it/s, loss=0.0236]
Epoch 38:  48%|####......| 279/585 [00:04:33<00:04:59,  1.02it/s, loss=0.0235]
Epoch 38:  49%|####......| 285/585 [00:04:38<00:04:53,  1.02it/s, loss=0.0237]
Epoch 38:  50%|####......| 291/585 [00:04:43<00:04:46,  1.02it/s, loss=0.0237]
Epoch 38:  51%|#####.....| 297/585 [00:04:49<00:04:40,  1.03it/s, loss=0.0237]
Epoch 38:  52%|#####.....| 303/585 [00:04:54<00:04:34,  1.03it/s, loss=0.0237]
Epoch 38:  53%|#####.....| 309/585 [00:05:00<00:04:28,  1.03it/s, loss=0.0236]
Epoch 38:  54%|#####.....| 315/585 [00:05:06<00:04:22,  1.03it/s, loss=0.0237]
Epoch 38:  55%|#####.....| 320/585 [00:05:11<00:04:18,  1.03it/s, loss=0.0237]
Epoch 38:  56%|#####.....| 326/585 [00:05:17<00:04:12,  1.03it/s, loss=0.0237]
Epoch 38:  57%|#####.....| 331/585 [00:05:22<00:04:07,  1.03it/s, loss=0.0237]
Epoch 38:  57%|#####.....| 336/585 [00:05:28<00:04:03,  1.02it/s, loss=0.0237]
Epoch 38:  58%|#####.....| 341/585 [00:05:33<00:03:58,  1.02it/s, loss=0.0237]
Epoch 38:  59%|#####.....| 347/585 [00:05:39<00:03:52,  1.02it/s, loss=0.0239]
Epoch 38:  60%|######....| 353/585 [00:05:45<00:03:46,  1.02it/s, loss=0.0239]
Epoch 38:  61%|######....| 359/585 [00:05:50<00:03:40,  1.02it/s, loss=0.0239]
Epoch 38:  62%|######....| 365/585 [00:05:56<00:03:34,  1.02it/s, loss=0.0239]
Epoch 38:  63%|######....| 371/585 [00:06:01<00:03:28,  1.03it/s, loss=0.0239]
Epoch 38:  64%|######....| 377/585 [00:06:07<00:03:22,  1.03it/s, loss=0.0239]
Epoch 38:  65%|######....| 383/585 [00:06:13<00:03:17,  1.03it/s, loss=0.0239]
Epoch 38:  66%|######....| 388/585 [00:06:19<00:03:12,  1.02it/s, loss=0.0239]
Epoch 38:  67%|######....| 394/585 [00:06:25<00:03:06,  1.02it/s, loss=0.0239]
Epoch 38:  68%|######....| 400/585 [00:06:30<00:03:00,  1.02it/s, loss=0.0239]
Epoch 38:  69%|######....| 406/585 [00:06:36<00:02:54,  1.03it/s, loss=0.0239]
Epoch 38:  70%|#######...| 412/585 [00:06:41<00:02:48,  1.03it/s, loss=0.0240]
Epoch 38:  71%|#######...| 417/585 [00:06:47<00:02:43,  1.02it/s, loss=0.0240]
Epoch 38:  72%|#######...| 422/585 [00:06:52<00:02:39,  1.02it/s, loss=0.0240]
Epoch 38:  73%|#######...| 428/585 [00:06:58<00:02:33,  1.02it/s, loss=0.0240]
Epoch 38:  74%|#######...| 434/585 [00:07:04<00:02:27,  1.02it/s, loss=0.0240]
Epoch 38:  75%|#######...| 440/585 [00:07:09<00:02:21,  1.02it/s, loss=0.0240]
Epoch 38:  76%|#######...| 446/585 [00:07:15<00:02:15,  1.02it/s, loss=0.0240]
Epoch 38:  77%|#######...| 451/585 [00:07:20<00:02:10,  1.02it/s, loss=0.0240]
Epoch 38:  78%|#######...| 456/585 [00:07:25<00:02:06,  1.02it/s, loss=0.0240]
Epoch 38:  79%|#######...| 462/585 [00:07:31<00:02:00,  1.02it/s, loss=0.0240]
Epoch 38:  80%|#######...| 467/585 [00:07:36<00:01:55,  1.02it/s, loss=0.0240]
Epoch 38:  81%|########..| 473/585 [00:07:42<00:01:49,  1.02it/s, loss=0.0241]
Epoch 38:  82%|########..| 479/585 [00:07:47<00:01:43,  1.02it/s, loss=0.0240]
Epoch 38:  83%|########..| 485/585 [00:07:53<00:01:37,  1.03it/s, loss=0.0241]
Epoch 38:  84%|########..| 491/585 [00:07:58<00:01:31,  1.03it/s, loss=0.0240]
Epoch 38:  85%|########..| 496/585 [00:08:03<00:01:26,  1.03it/s, loss=0.0241]
Epoch 38:  86%|########..| 502/585 [00:08:09<00:01:20,  1.03it/s, loss=0.0241]
Epoch 38:  87%|########..| 507/585 [00:08:14<00:01:16,  1.02it/s, loss=0.0242]
Epoch 38:  88%|########..| 513/585 [00:08:20<00:01:10,  1.02it/s, loss=0.0242]
Epoch 38:  89%|########..| 519/585 [00:08:26<00:01:04,  1.03it/s, loss=0.0242]
Epoch 38:  90%|########..| 525/585 [00:08:32<00:00:58,  1.03it/s, loss=0.0241]
Epoch 38:  91%|#########.| 531/585 [00:08:37<00:00:52,  1.03it/s, loss=0.0241]
Epoch 38:  92%|#########.| 536/585 [00:08:42<00:00:47,  1.03it/s, loss=0.0242]
Epoch 38:  93%|#########.| 542/585 [00:08:48<00:00:41,  1.03it/s, loss=0.0242]
Epoch 38:  93%|#########.| 546/585 [00:08:53<00:00:38,  1.02it/s, loss=0.0242]
Epoch 38:  94%|#########.| 552/585 [00:08:58<00:00:32,  1.03it/s, loss=0.0242]
Epoch 38:  95%|#########.| 557/585 [00:09:04<00:00:27,  1.02it/s, loss=0.0242]
Epoch 38:  96%|#########.| 562/585 [00:09:09<00:00:22,  1.02it/s, loss=0.0241]
Epoch 38:  97%|#########.| 568/585 [00:09:14<00:00:16,  1.02it/s, loss=0.0242]
Epoch 38:  98%|#########.| 574/585 [00:09:20<00:00:10,  1.02it/s, loss=0.0241]
Epoch 38:  99%|#########.| 580/585 [00:09:25<00:00:04,  1.02it/s, loss=0.0242]
Epoch 38: 100%|##########| 585/585 [00:09:30<00:00:00,  1.03it/s, loss=0.0242]
Test loss: 0.0240, Test rmsae: 6.62deg
{"event": "epoch_complete", "epoch": 38, "phase": 2, "lr": 1e-05, "batch_size": 10, "micro_batch_size": 1, "train_loss": 0.024205845548238, "val_loss": 0.02402986353263259, "val_rmsae_deg": 6.621576055884361, "epoch_time_s": 571.4908263149846}
Epoch 39/40:
Epoch 39:   1%|..........| 6/585 [00:00:05<00:09:04,  1.06it/s, loss=0.0279]
Epoch 39:   2%|..........| 11/585 [00:00:11<00:09:36,  1.00it/s, loss=0.0249]
Epoch 39:   3%|..........| 17/585 [00:00:16<00:09:16,  1.02it/s, loss=0.0243]
Epoch 39:   4%|..........| 23/585 [00:00:22<00:09:00,  1.04it/s, loss=0.0237]
Epoch 39:   5%|..........| 29/585 [00:00:27<00:08:53,  1.04it/s, loss=0.0232]
Epoch 39:   6%|..........| 35/585 [00:00:33<00:08:46,  1.05it/s, loss=0.0236]
Epoch 39:   7%|..........| 41/585 [00:00:38<00:08:36,  1.05it/s, loss=0.0233]
Epoch 39:   8%|..........| 47/585 [00:00:44<00:08:30,  1.05it/s, loss=0.0233]
Epoch 39:   9%|..........| 52/585 [00:00:49<00:08:30,  1.04it/s, loss=0.0231]
Epoch 39:  10%|..........| 56/585 [00:00:55<00:08:40,  1.02it/s, loss=0.0233]
Epoch 39:  10%|#.........| 61/585 [00:01:00<00:08:38,  1.01it/s, loss=0.0233]
Epoch 39:  11%|#.........| 66/585 [00:01:05<00:08:36,  1.00it/s, loss=0.0233]
Epoch 39:  12%|#.........| 72/585 [00:01:11<00:08:28,  1.01it/s, loss=0.0232]
Epoch 39:  13%|#.........| 78/585 [00:01:16<00:08:19,  1.01it/s, loss=0.0238]
Epoch 39:  14%|#.........| 84/585 [00:01:22<00:08:09,  1.02it/s, loss=0.0239]
Epoch 39:  15%|#.........| 90/585 [00:01:27<00:08:01,  1.03it/s, loss=0.0238]
Epoch 39:  16%|#.........| 96/585 [00:01:32<00:07:53,  1.03it/s, loss=0.0239]
Epoch 39:  17%|#.........| 102/585 [00:01:38<00:07:45,  1.04it/s, loss=0.0238]
Epoch 39:  18%|#.........| 107/585 [00:01:43<00:07:42,  1.03it/s, loss=0.0237]
Epoch 39:  19%|#.........| 112/585 [00:01:49<00:07:40,  1.03it/s, loss=0.0236]
Epoch 39:  20%|##........| 118/585 [00:01:54<00:07:34,  1.03it/s, loss=0.0236]
Epoch 39:  21%|##........| 124/585 [00:02:00<00:07:27,  1.03it/s, loss=0.0236]
Epoch 39:  22%|##........| 129/585 [00:02:06<00:07:25,  1.02it/s, loss=0.0235]
Epoch 39:  23%|##........| 135/585 [00:02:11<00:07:19,  1.02it/s, loss=0.0236]
Epoch 39:  24%|##........| 141/585 [00:02:17<00:07:13,  1.02it/s, loss=0.0236]
Epoch 39:  25%|##........| 147/585 [00:02:23<00:07:06,  1.03it/s, loss=0.0236]
Epoch 39:  26%|##........| 153/585 [00:02:28<00:06:58,  1.03it/s, loss=0.0236]
Epoch 39:  27%|##........| 159/585 [00:02:33<00:06:51,  1.04it/s, loss=0.0237]
Epoch 39:  28%|##........| 165/585 [00:02:40<00:06:47,  1.03it/s, loss=0.0237]
Epoch 39:  29%|##........| 170/585 [00:02:45<00:06:42,  1.03it/s, loss=0.0237]
Epoch 39:  30%|##........| 175/585 [00:02:50<00:06:39,  1.03it/s, loss=0.0236]
Epoch 39:  31%|###.......| 180/585 [00:02:56<00:06:36,  1.02it/s, loss=0.0236]
Epoch 39:  32%|###.......| 186/585 [00:03:01<00:06:28,  1.03it/s, loss=0.0236]
Epoch 39:  33%|###.......| 191/585 [00:03:06<00:06:25,  1.02it/s, loss=0.0235]
Epoch 39:  34%|###.......| 197/585 [00:03:12<00:06:19,  1.02it/s, loss=0.0235]
Epoch 39:  35%|###.......| 203/585 [00:03:17<00:06:12,  1.03it/s, loss=0.0234]
Epoch 39:  36%|###.......| 209/585 [00:03:23<00:06:06,  1.03it/s, loss=0.0234]
Epoch 39:  37%|###.......| 214/585 [00:03:28<00:06:01,  1.03it/s, loss=0.0234]
Epoch 39:  38%|###.......| 220/585 [00:03:34<00:05:55,  1.03it/s, loss=0.0233]
Epoch 39:  39%|###.......| 226/585 [00:03:39<00:05:48,  1.03it/s, loss=0.0233]
Epoch 39:  40%|###.......| 232/585 [00:03:45<00:05:42,  1.03it/s, loss=0.0232]
Epoch 39:  41%|####......| 237/585 [00:03:50<00:05:38,  1.03it/s, loss=0.0232]
Epoch 39:  42%|####......| 243/585 [00:03:56<00:05:32,  1.03it/s, loss=0.0233]
Epoch 39:  43%|####......| 249/585 [00:04:01<00:05:26,  1.03it/s, loss=0.0232]
Epoch 39:  43%|####......| 253/585 [00:04:07<00:05:24,  1.02it/s, loss=0.0233]
Epoch 39:  44%|####......| 259/585 [00:04:13<00:05:18,  1.02it/s, loss=0.0232]
Epoch 39:  45%|####......| 263/585 [00:04:18<00:05:15,  1.02it/s, loss=0.0232]
Epoch 39:  46%|####......| 269/585 [00:04:23<00:05:09,  1.02it/s, loss=0.0232]
Epoch 39:  47%|####......| 275/585 [00:04:29<00:05:03,  1.02it/s, loss=0.0232]
Epoch 39:  48%|####......| 280/585 [00:04:35<00:04:59,  1.02it/s, loss=0.0232]
Epoch 39:  49%|####......| 286/585 [00:04:40<00:04:53,  1.02it/s, loss=0.0232]
Epoch 39:  50%|####......| 292/585 [00:04:45<00:04:46,  1.02it/s, loss=0.0232]
Epoch 39:  51%|#####.....| 298/585 [00:04:51<00:04:40,  1.02it/s, loss=0.0233]
Epoch 39:  52%|#####.....| 304/585 [00:04:57<00:04:34,  1.02it/s, loss=0.0233]
Epoch 39:  53%|#####.....| 310/585 [00:05:02<00:04:28,  1.02it/s, loss=0.0234]
Epoch 39:  54%|#####.....| 315/585 [00:05:08<00:04:24,  1.02it/s, loss=0.0234]
Epoch 39:  55%|#####.....| 321/585 [00:05:13<00:04:17,  1.02it/s, loss=0.0233]
Epoch 39:  56%|#####.....| 327/585 [00:05:18<00:04:11,  1.03it/s, loss=0.0234]
Epoch 39:  57%|#####.....| 333/585 [00:05:24<00:04:05,  1.03it/s, loss=0.0234]
Epoch 39:  58%|#####.....| 338/585 [00:05:29<00:04:01,  1.02it/s, loss=0.0235]
Epoch 39:  59%|#####.....| 345/585 [00:05:35<00:03:53,  1.03it/s, loss=0.0235]
Epoch 39:  60%|######....| 351/585 [00:05:41<00:03:47,  1.03it/s, loss=0.0235]
Epoch 39:  61%|######....| 356/585 [00:05:46<00:03:43,  1.03it/s, loss=0.0235]
Epoch 39:  62%|######....| 362/585 [00:05:53<00:03:37,  1.03it/s, loss=0.0234]
Epoch 39:  63%|######....| 367/585 [00:05:58<00:03:33,  1.02it/s, loss=0.0235]
Epoch 39:  64%|######....| 373/585 [00:06:04<00:03:27,  1.02it/s, loss=0.0235]
Epoch 39:  65%|######....| 378/585 [00:06:10<00:03:22,  1.02it/s, loss=0.0235]
Epoch 39:  65%|######....| 383/585 [00:06:15<00:03:18,  1.02it/s, loss=0.0235]
Epoch 39:  66%|######....| 389/585 [00:06:21<00:03:12,  1.02it/s, loss=0.0235]
Epoch 39:  67%|######....| 394/585 [00:06:26<00:03:07,  1.02it/s, loss=0.0235]
Epoch 39:  68%|######....| 399/585 [00:06:31<00:03:02,  1.02it/s, loss=0.0235]
Epoch 39:  69%|######....| 404/585 [00:06:37<00:02:58,  1.02it/s, loss=0.0236]
Epoch 39:  70%|######....| 409/585 [00:06:43<00:02:53,  1.01it/s, loss=0.0236]
Epoch 39:  71%|#######...| 414/585 [00:06:48<00:02:48,  1.01it/s, loss=0.0236]
Epoch 39:  72%|#######...| 420/585 [00:06:54<00:02:42,  1.01it/s, loss=0.0236]
Epoch 39:  73%|#######...| 425/585 [00:06:59<00:02:37,  1.01it/s, loss=0.0236]
Epoch 39:  74%|#######...| 431/585 [00:07:04<00:02:31,  1.01it/s, loss=0.0236]
Epoch 39:  75%|#######...| 437/585 [00:07:10<00:02:25,  1.02it/s, loss=0.0236]
Epoch 39:  76%|#######...| 443/585 [00:07:15<00:02:19,  1.02it/s, loss=0.0236]
Epoch 39:  77%|#######...| 449/585 [00:07:20<00:02:13,  1.02it/s, loss=0.0236]
Epoch 39:  78%|#######...| 455/585 [00:07:26<00:02:07,  1.02it/s, loss=0.0236]
Epoch 39:  79%|#######...| 461/585 [00:07:31<00:02:01,  1.02it/s, loss=0.0236]
Epoch 39:  80%|#######...| 466/585 [00:07:36<00:01:56,  1.02it/s, loss=0.0236]
Epoch 39:  81%|########..| 472/585 [00:07:42<00:01:50,  1.02it/s, loss=0.0236]
Epoch 39:  82%|########..| 478/585 [00:07:48<00:01:44,  1.02it/s, loss=0.0236]
Epoch 39:  83%|########..| 484/585 [00:07:53<00:01:38,  1.02it/s, loss=0.0237]
Epoch 39:  84%|########..| 490/585 [00:07:59<00:01:33,  1.02it/s, loss=0.0237]
Epoch 39:  85%|########..| 495/585 [00:08:05<00:01:28,  1.02it/s, loss=0.0236]
Epoch 39:  86%|########..| 501/585 [00:08:10<00:01:22,  1.02it/s, loss=0.0237]
Epoch 39:  87%|########..| 507/585 [00:08:16<00:01:16,  1.02it/s, loss=0.0237]
Epoch 39:  88%|########..| 512/585 [00:08:21<00:01:11,  1.02it/s, loss=0.0237]
Epoch 39:  88%|########..| 517/585 [00:08:26<00:01:06,  1.02it/s, loss=0.0237]
Epoch 39:  89%|########..| 523/585 [00:08:31<00:01:00,  1.02it/s, loss=0.0237]
Epoch 39:  90%|#########.| 528/585 [00:08:36<00:00:55,  1.02it/s, loss=0.0237]
Epoch 39:  91%|#########.| 534/585 [00:08:42<00:00:49,  1.02it/s, loss=0.0237]
Epoch 39:  92%|#########.| 540/585 [00:08:47<00:00:43,  1.02it/s, loss=0.0236]
Epoch 39:  93%|#########.| 545/585 [00:08:53<00:00:39,  1.02it/s, loss=0.0236]
Epoch 39:  94%|#########.| 551/585 [00:08:58<00:00:33,  1.02it/s, loss=0.0236]
Epoch 39:  95%|#########.| 557/585 [00:09:04<00:00:27,  1.02it/s, loss=0.0236]
Epoch 39:  96%|#########.| 563/585 [00:09:10<00:00:21,  1.02it/s, loss=0.0236]
Epoch 39:  97%|#########.| 569/585 [00:09:15<00:00:15,  1.02it/s, loss=0.0236]
Epoch 39:  98%|#########.| 575/585 [00:09:20<00:00:09,  1.03it/s, loss=0.0236]
Epoch 39:  99%|#########.| 580/585 [00:09:26<00:00:04,  1.02it/s, loss=0.0236]
Epoch 39: 100%|##########| 585/585 [00:09:30<00:00:00,  1.03it/s, loss=0.0236]
Test loss: 0.0240, Test rmsae: 6.69deg
{"event": "epoch_complete", "epoch": 39, "phase": 2, "lr": 1e-05, "batch_size": 10, "micro_batch_size": 1, "train_loss": 0.023633698592137577, "val_loss": 0.024027445062529296, "val_rmsae_deg": 6.6860300451517105, "epoch_time_s": 571.2736899699958}
Epoch 40/40:
Epoch 40:   1%|..........| 6/585 [00:00:05<00:08:54,  1.08it/s, loss=0.0240]
Epoch 40:   2%|..........| 12/585 [00:00:11<00:09:25,  1.01it/s, loss=0.0231]
Epoch 40:   3%|..........| 18/585 [00:00:18<00:09:33,  0.99it/s, loss=0.0233]
Epoch 40:   4%|..........| 24/585 [00:00:23<00:09:10,  1.02it/s, loss=0.0232]
Epoch 40:   5%|..........| 30/585 [00:00:30<00:09:23,  0.99it/s, loss=0.0245]
Epoch 40:   6%|..........| 36/585 [00:00:36<00:09:19,  0.98it/s, loss=0.0243]
Epoch 40:   7%|..........| 41/585 [00:00:42<00:09:18,  0.97it/s, loss=0.0243]
Epoch 40:   8%|..........| 47/585 [00:00:47<00:09:02,  0.99it/s, loss=0.0241]
Epoch 40:   9%|..........| 53/585 [00:00:52<00:08:50,  1.00it/s, loss=0.0241]
Epoch 40:  10%|..........| 58/585 [00:00:58<00:08:52,  0.99it/s, loss=0.0247]
Epoch 40:  11%|#.........| 63/585 [00:01:03<00:08:50,  0.98it/s, loss=0.0250]
Epoch 40:  12%|#.........| 69/585 [00:01:09<00:08:38,  1.00it/s, loss=0.0247]
Epoch 40:  13%|#.........| 75/585 [00:01:14<00:08:29,  1.00it/s, loss=0.0253]
Epoch 40:  14%|#.........| 80/585 [00:01:20<00:08:28,  0.99it/s, loss=0.0252]
Epoch 40:  15%|#.........| 86/585 [00:01:26<00:08:19,  1.00it/s, loss=0.0252]
Epoch 40:  16%|#.........| 92/585 [00:01:31<00:08:12,  1.00it/s, loss=0.0249]
Epoch 40:  17%|#.........| 97/585 [00:01:37<00:08:08,  1.00it/s, loss=0.0250]
Epoch 40:  17%|#.........| 102/585 [00:01:42<00:08:03,  1.00it/s, loss=0.0248]
Epoch 40:  18%|#.........| 108/585 [00:01:47<00:07:55,  1.00it/s, loss=0.0249]
Epoch 40:  19%|#.........| 113/585 [00:01:52<00:07:50,  1.00it/s, loss=0.0249]
Epoch 40:  20%|##........| 118/585 [00:01:58<00:07:47,  1.00it/s, loss=0.0248]
Epoch 40:  21%|##........| 124/585 [00:02:04<00:07:41,  1.00it/s, loss=0.0247]
Epoch 40:  22%|##........| 130/585 [00:02:09<00:07:33,  1.00it/s, loss=0.0246]
Epoch 40:  23%|##........| 136/585 [00:02:15<00:07:25,  1.01it/s, loss=0.0246]
Epoch 40:  24%|##........| 141/585 [00:02:20<00:07:23,  1.00it/s, loss=0.0246]
Epoch 40:  25%|##........| 146/585 [00:02:25<00:07:18,  1.00it/s, loss=0.0245]
Epoch 40:  26%|##........| 151/585 [00:02:30<00:07:13,  1.00it/s, loss=0.0245]
Epoch 40:  27%|##........| 156/585 [00:02:36<00:07:10,  1.00it/s, loss=0.0246]
Epoch 40:  28%|##........| 162/585 [00:02:42<00:07:03,  1.00it/s, loss=0.0245]
Epoch 40:  29%|##........| 168/585 [00:02:47<00:06:55,  1.00it/s, loss=0.0244]
Epoch 40:  30%|##........| 174/585 [00:02:52<00:06:48,  1.01it/s, loss=0.0242]
Epoch 40:  30%|###.......| 178/585 [00:02:57<00:06:46,  1.00it/s, loss=0.0242]
Epoch 40:  31%|###.......| 183/585 [00:03:03<00:06:42,  1.00it/s, loss=0.0242]
Epoch 40:  32%|###.......| 187/585 [00:03:08<00:06:41,  0.99it/s, loss=0.0242]
Epoch 40:  33%|###.......| 193/585 [00:03:14<00:06:34,  0.99it/s, loss=0.0241]
Epoch 40:  34%|###.......| 199/585 [00:03:19<00:06:27,  1.00it/s, loss=0.0240]
Epoch 40:  35%|###.......| 205/585 [00:03:25<00:06:20,  1.00it/s, loss=0.0245]
Epoch 40:  36%|###.......| 211/585 [00:03:31<00:06:14,  1.00it/s, loss=0.0244]
Epoch 40:  37%|###.......| 216/585 [00:03:36<00:06:09,  1.00it/s, loss=0.0244]
Epoch 40:  38%|###.......| 222/585 [00:03:42<00:06:03,  1.00it/s, loss=0.0245]
Epoch 40:  39%|###.......| 228/585 [00:03:48<00:05:57,  1.00it/s, loss=0.0244]
Epoch 40:  40%|###.......| 233/585 [00:03:53<00:05:52,  1.00it/s, loss=0.0245]
Epoch 40:  41%|####......| 238/585 [00:03:59<00:05:49,  0.99it/s, loss=0.0244]
Epoch 40:  42%|####......| 244/585 [00:04:05<00:05:42,  1.00it/s, loss=0.0243]
Epoch 40:  43%|####......| 250/585 [00:04:10<00:05:35,  1.00it/s, loss=0.0243]
Epoch 40:  44%|####......| 256/585 [00:04:16<00:05:29,  1.00it/s, loss=0.0243]
Epoch 40:  45%|####......| 262/585 [00:04:21<00:05:22,  1.00it/s, loss=0.0243]
Epoch 40:  46%|####......| 268/585 [00:04:27<00:05:16,  1.00it/s, loss=0.0243]
Epoch 40:  47%|####......| 274/585 [00:04:32<00:05:09,  1.00it/s, loss=0.0242]
Epoch 40:  48%|####......| 280/585 [00:04:38<00:05:03,  1.01it/s, loss=0.0242]
Epoch 40:  49%|####......| 284/585 [00:04:43<00:05:00,  1.00it/s, loss=0.0242]
Epoch 40:  49%|####......| 289/585 [00:04:48<00:04:55,  1.00it/s, loss=0.0243]
Epoch 40:  50%|#####.....| 293/585 [00:04:53<00:04:52,  1.00it/s, loss=0.0243]
Epoch 40:  51%|#####.....| 298/585 [00:04:58<00:04:47,  1.00it/s, loss=0.0243]
Epoch 40:  52%|#####.....| 303/585 [00:05:04<00:04:43,  0.99it/s, loss=0.0242]
Epoch 40:  53%|#####.....| 309/585 [00:05:10<00:04:37,  1.00it/s, loss=0.0241]
Epoch 40:  54%|#####.....| 315/585 [00:05:16<00:04:30,  1.00it/s, loss=0.0242]
Epoch 40:  55%|#####.....| 320/585 [00:05:21<00:04:25,  1.00it/s, loss=0.0242]
Epoch 40:  56%|#####.....| 325/585 [00:05:26<00:04:21,  0.99it/s, loss=0.0243]
Epoch 40:  56%|#####.....| 330/585 [00:05:31<00:04:16,  0.99it/s, loss=0.0243]
Epoch 40:  57%|#####.....| 336/585 [00:05:37<00:04:10,  0.99it/s, loss=0.0243]
Epoch 40:  58%|#####.....| 342/585 [00:05:43<00:04:04,  1.00it/s, loss=0.0243]
Epoch 40:  59%|#####.....| 347/585 [00:05:49<00:03:59,  0.99it/s, loss=0.0242]
Epoch 40:  60%|######....| 353/585 [00:05:54<00:03:52,  1.00it/s, loss=0.0242]
Epoch 40:  61%|######....| 359/585 [00:06:00<00:03:46,  1.00it/s, loss=0.0242]
Epoch 40:  62%|######....| 365/585 [00:06:05<00:03:40,  1.00it/s, loss=0.0242]
Epoch 40:  63%|######....| 371/585 [00:06:11<00:03:34,  1.00it/s, loss=0.0242]
Epoch 40:  64%|######....| 377/585 [00:06:17<00:03:28,  1.00it/s, loss=0.0242]
Epoch 40:  65%|######....| 383/585 [00:06:22<00:03:21,  1.00it/s, loss=0.0242]
Epoch 40:  66%|######....| 388/585 [00:06:27<00:03:16,  1.00it/s, loss=0.0241]
Epoch 40:  67%|######....| 393/585 [00:06:33<00:03:12,  1.00it/s, loss=0.0242]
Epoch 40:  68%|######....| 398/585 [00:06:38<00:03:07,  1.00it/s, loss=0.0241]
Epoch 40:  69%|######....| 403/585 [00:06:44<00:03:02,  1.00it/s, loss=0.0242]
Epoch 40:  70%|######....| 409/585 [00:06:49<00:02:56,  1.00it/s, loss=0.0242]
Epoch 40:  71%|#######...| 414/585 [00:06:54<00:02:51,  1.00it/s, loss=0.0242]
Epoch 40:  72%|#######...| 420/585 [00:07:00<00:02:45,  1.00it/s, loss=0.0242]
Epoch 40:  73%|#######...| 426/585 [00:07:05<00:02:38,  1.00it/s, loss=0.0242]
Epoch 40:  74%|#######...| 432/585 [00:07:10<00:02:32,  1.00it/s, loss=0.0241]
Epoch 40:  75%|#######...| 437/585 [00:07:16<00:02:27,  1.00it/s, loss=0.0241]
Epoch 40:  76%|#######...| 442/585 [00:07:22<00:02:23,  1.00it/s, loss=0.0241]
Epoch 40:  76%|#######...| 447/585 [00:07:27<00:02:18,  1.00it/s, loss=0.0241]
Epoch 40:  77%|#######...| 453/585 [00:07:33<00:02:12,  1.00it/s, loss=0.0241]
Epoch 40:  78%|#######...| 458/585 [00:07:38<00:02:07,  1.00it/s, loss=0.0241]
Epoch 40:  79%|#######...| 463/585 [00:07:43<00:02:02,  1.00it/s, loss=0.0241]
Epoch 40:  80%|########..| 469/585 [00:07:49<00:01:56,  1.00it/s, loss=0.0241]
Epoch 40:  81%|########..| 475/585 [00:07:55<00:01:50,  1.00it/s, loss=0.0241]
Epoch 40:  82%|########..| 481/585 [00:08:01<00:01:44,  1.00it/s, loss=0.0241]
Epoch 40:  83%|########..| 487/585 [00:08:07<00:01:38,  1.00it/s, loss=0.0241]
Epoch 40:  84%|########..| 492/585 [00:08:12<00:01:33,  1.00it/s, loss=0.0240]
Epoch 40:  85%|########..| 498/585 [00:08:17<00:01:26,  1.00it/s, loss=0.0240]
Epoch 40:  86%|########..| 503/585 [00:08:22<00:01:21,  1.00it/s, loss=0.0240]
Epoch 40:  87%|########..| 509/585 [00:08:28<00:01:15,  1.00it/s, loss=0.0241]
Epoch 40:  88%|########..| 515/585 [00:08:33<00:01:09,  1.00it/s, loss=0.0242]
Epoch 40:  89%|########..| 520/585 [00:08:38<00:01:04,  1.00it/s, loss=0.0242]
Epoch 40:  90%|########..| 525/585 [00:08:43<00:00:59,  1.00it/s, loss=0.0242]
Epoch 40:  91%|#########.| 531/585 [00:08:49<00:00:53,  1.00it/s, loss=0.0242]
Epoch 40:  92%|#########.| 536/585 [00:08:54<00:00:48,  1.00it/s, loss=0.0241]
Epoch 40:  93%|#########.| 542/585 [00:09:00<00:00:42,  1.00it/s, loss=0.0241]
Epoch 40:  94%|#########.| 548/585 [00:09:05<00:00:36,  1.00it/s, loss=0.0241]
Epoch 40:  94%|#########.| 552/585 [00:09:11<00:00:32,  1.00it/s, loss=0.0242]
Epoch 40:  95%|#########.| 558/585 [00:09:17<00:00:26,  1.00it/s, loss=0.0242]
Epoch 40:  96%|#########.| 563/585 [00:09:22<00:00:21,  1.00it/s, loss=0.0242]
Epoch 40:  97%|#########.| 569/585 [00:09:28<00:00:15,  1.00it/s, loss=0.0242]
Epoch 40:  98%|#########.| 575/585 [00:09:34<00:00:09,  1.00it/s, loss=0.0242]
Epoch 40:  99%|#########.| 580/585 [00:09:40<00:00:05,  1.00it/s, loss=0.0241]
Epoch 40: 100%|##########| 585/585 [00:09:45<00:00:00,  1.00it/s, loss=0.0242]
Test loss: 0.0240, Test rmsae: 6.72deg
{"event": "epoch_complete", "epoch": 40, "phase": 2, "lr": 1e-05, "batch_size": 10, "micro_batch_size": 1, "train_loss": 0.024168214927881192, "val_loss": 0.02404405939159915, "val_rmsae_deg": 6.72287429869175, "epoch_time_s": 586.5215819439909}
{"event": "checkpoint_saved", "tag": "epoch_040", "epoch": 40, "path": "IFAN_Edge/outputs/stage3/ifan_stage3_full40_lc_reference_hw2_20260428_102726/checkpoints/epoch_040.pt"}
{"event": "stage3_complete", "output_dir": "IFAN_Edge/outputs/stage3/ifan_stage3_full40_lc_reference_hw2_20260428_102726", "history_path": "IFAN_Edge/outputs/stage3/ifan_stage3_full40_lc_reference_hw2_20260428_102726/history.csv", "baseline_compare_path": "IFAN_Edge/outputs/stage3/ifan_stage3_full40_lc_reference_hw2_20260428_102726/baseline_compare.json", "best_checkpoint_path": "IFAN_Edge/outputs/stage3/ifan_stage3_full40_lc_reference_hw2_20260428_102726/checkpoints/best_rmsae.pt", "last_checkpoint_path": "IFAN_Edge/outputs/stage3/ifan_stage3_full40_lc_reference_hw2_20260428_102726/checkpoints/last.pt", "device": "cuda", "train_split_path": "/home/cmm/icocnn/datasets/LibriSpeech/LibriSpeech/train-clean-100", "validation_split_path": "/home/cmm/icocnn/datasets/LibriSpeech/LibriSpeech/test-clean", "epochs": 40, "model_topology": "paper_dual_mainline", "branch_channels": 16, "final_head_pooling": false, "input_ablation_mode": "none", "srp_variant": "lc_reference", "temporal_conv_variant": "standard_1d", "experiment_contract": {"stage": "stage_03", "experiment_role": "lc_reference_precision_eval", "model_topology": "paper_dual_mainline", "branch_channels": 16, "feature_pair": "phat+lms", "srp_variant": "lc_reference", "phat_sinc_half_width": 2, "lms_backend": "frequency_block", "temporal_conv_variant": "standard_1d", "temporal_module": "conv", "primary_benchmark_suite": "simulated_4scene+hard_scenes+locata_eval_benchmark2_task1_3_5", "baseline_anchor": {"run_dir": "IFAN_Edge/outputs/stage3/ifan_stage3_full20_freqblock_paper_original_20260419_005314", "locata_report": "IFAN_Edge/outputs/stage3/analysis/locata_eval_benchmark2_best.json", "baseline_checkpoint_path": "models/1sourceTracking_icoCNN_robot_K4096_r2_model.bin"}, "lightweight_gate": {"ready_delta_deg": 0.3, "requires_locata_overall_win": true, "requires_task3_task5_no_material_regression": true}}, "model_profile": {"trainable_params": 125457, "total_params": 125457, "parameter_breakdown": {"phat_stem": 128, "lms_stem": 128, "phat_residual": 21568, "lms_residual": 21568, "shared_attention": 21568, "fusion_blocks": 48384, "final_head": 12096, "channel_readout": 17, "total": 125457}, "mac_proxy_total": 459532800, "mac_proxy_breakdown": {"phat_stem": 645120, "lms_stem": 645120, "phat_residual": 123863040, "lms_residual": 123863040, "shared_attention_conv1": 61931520, "shared_attention_conv2": 61931520, "fusion_block_conv": 61931520, "fusion_block_temporal": 7372800, "final_head_conv": 15482880, "final_head_temporal": 1843200, "channel_readout": 23040}, "mac_proxy_input_shape": [1, 2, 6, 5, 4, 8]}, "frontend_profile": {"phat": {"srp_variant": "lc_reference", "pair_count": 144, "full_pair_count": 144, "diagonal_pair_count": 12, "interpolation_taps": 5, "grid_shape": [5, 4, 8], "unique_pairs_only": false, "symmetric_pair_factor": 1.0, "cache_table_bytes": 1478824, "cache_tables": {"grid_xyz": {"shape": [5, 4, 8, 3], "dtype": "torch.float32", "bytes": 1920}, "pair_i": {"shape": [144], "dtype": "torch.int64", "bytes": 1152}, "pair_j": {"shape": [144], "dtype": "torch.int64", "bytes": 1152}, "tdoa_lookup": {"shape": [144, 160], "dtype": "torch.float32", "bytes": 92160}, "tap_offsets": {"shape": [5], "dtype": "torch.int64", "bytes": 40}, "sample_index": {"shape": [144, 160, 5], "dtype": "torch.int64", "bytes": 921600}, "sample_weight": {"shape": [144, 160, 5], "dtype": "torch.float32", "bytes": 460800}}, "complexity_proxy": {"grid_points": 160, "sample_reads_per_grid_point": 720, "weight_multiplies_per_grid_point": 720, "pair_reduction_adds_per_grid_point": 576, "grid_accumulation_adds_per_grid_point": 143, "symmetry_multiplies_per_grid_point": 0, "total_arithmetic_ops_per_grid_point": 1439, "sample_reads_per_frame": 115200, "weight_multiplies_per_frame": 115200, "pair_reduction_adds_per_frame": 92160, "grid_accumulation_adds_per_frame": 22880, "symmetry_multiplies_per_frame": 0, "total_arithmetic_ops_per_frame": 230240}}, "lms": {"backend": "frequency_block", "include_self_pairs": true, "map_mode": "tau_sample", "update_mode": "trajectory_tracking", "block_size": 256, "fft_size": 512}}, "best_val_rmsae_deg": 6.4509503319859505, "final_epoch": {"epoch": 40, "phase": 2, "lr": 1e-05, "batch_size": 10, "micro_batch_size": 1, "train_loss": 0.024168214927881192, "val_loss": 0.02404405939159915, "val_rmsae_deg": 6.72287429869175, "epoch_time_s": 586.5215819439909}, "baseline_compare": {"baseline_checkpoint_path": "models/1sourceTracking_icoCNN_robot_K4096_r2_model.bin", "srp_variant": "lc_reference", "temporal_conv_variant": "standard_1d", "scenarios": [{"name": "scene_1", "snr_db": 30.0, "t60_s": 0.2, "ifan": {"loss": 0.020790110691450536, "rmsae_deg": 4.616892516613007}, "baseline": {"loss": 0.02075250365305692, "rmsae_deg": 4.905608534812927}, "rmsae_delta_deg": -0.28871601819992065}, {"name": "scene_2", "snr_db": 30.0, "t60_s": 0.8, "ifan": {"loss": 0.026226685848087072, "rmsae_deg": 6.92267233133316}, "baseline": {"loss": 0.02627151901833713, "rmsae_deg": 7.3839176297187805}, "rmsae_delta_deg": -0.4612452983856201}, {"name": "scene_3", "snr_db": 5.0, "t60_s": 0.8, "ifan": {"loss": 0.034009670140221715, "rmsae_deg": 10.591942429542542}, "baseline": {"loss": 0.03088831645436585, "rmsae_deg": 9.228352904319763}, "rmsae_delta_deg": 1.3635895252227783}, {"name": "scene_4", "snr_db": 5.0, "t60_s": 1.4, "ifan": {"loss": 0.027904787799343467, "rmsae_deg": 8.948000311851501}, "baseline": {"loss": 0.02963932417333126, "rmsae_deg": 9.709725320339203}, "rmsae_delta_deg": -0.7617250084877014}], "mean_rmsae_deg": {"ifan": 7.7698768973350525, "baseline": 7.8069010972976685, "delta": -0.03702419996261597}, "hard_scenarios_mean_rmsae_deg": {"ifan": 9.769971370697021, "baseline": 9.469039112329483, "delta": 0.30093225836753845}}}
{
  "output_dir": "IFAN_Edge/outputs/stage3/ifan_stage3_full40_lc_reference_hw2_20260428_102726",
  "history_path": "IFAN_Edge/outputs/stage3/ifan_stage3_full40_lc_reference_hw2_20260428_102726/history.csv",
  "baseline_compare_path": "IFAN_Edge/outputs/stage3/ifan_stage3_full40_lc_reference_hw2_20260428_102726/baseline_compare.json",
  "best_checkpoint_path": "IFAN_Edge/outputs/stage3/ifan_stage3_full40_lc_reference_hw2_20260428_102726/checkpoints/best_rmsae.pt",
  "last_checkpoint_path": "IFAN_Edge/outputs/stage3/ifan_stage3_full40_lc_reference_hw2_20260428_102726/checkpoints/last.pt",
  "device": "cuda",
  "train_split_path": "/home/cmm/icocnn/datasets/LibriSpeech/LibriSpeech/train-clean-100",
  "validation_split_path": "/home/cmm/icocnn/datasets/LibriSpeech/LibriSpeech/test-clean",
  "epochs": 40,
  "model_topology": "paper_dual_mainline",
  "branch_channels": 16,
  "final_head_pooling": false,
  "input_ablation_mode": "none",
  "srp_variant": "lc_reference",
  "temporal_conv_variant": "standard_1d",
  "experiment_contract": {
    "stage": "stage_03",
    "experiment_role": "lc_reference_precision_eval",
    "model_topology": "paper_dual_mainline",
    "branch_channels": 16,
    "feature_pair": "phat+lms",
    "srp_variant": "lc_reference",
    "phat_sinc_half_width": 2,
    "lms_backend": "frequency_block",
    "temporal_conv_variant": "standard_1d",
    "temporal_module": "conv",
    "primary_benchmark_suite": "simulated_4scene+hard_scenes+locata_eval_benchmark2_task1_3_5",
    "baseline_anchor": {
      "run_dir": "IFAN_Edge/outputs/stage3/ifan_stage3_full20_freqblock_paper_original_20260419_005314",
      "locata_report": "IFAN_Edge/outputs/stage3/analysis/locata_eval_benchmark2_best.json",
      "baseline_checkpoint_path": "models/1sourceTracking_icoCNN_robot_K4096_r2_model.bin"
    },
    "lightweight_gate": {
      "ready_delta_deg": 0.3,
      "requires_locata_overall_win": true,
      "requires_task3_task5_no_material_regression": true
    }
  },
  "model_profile": {
    "trainable_params": 125457,
    "total_params": 125457,
    "parameter_breakdown": {
      "phat_stem": 128,
      "lms_stem": 128,
      "phat_residual": 21568,
      "lms_residual": 21568,
      "shared_attention": 21568,
      "fusion_blocks": 48384,
      "final_head": 12096,
      "channel_readout": 17,
      "total": 125457
    },
    "mac_proxy_total": 459532800,
    "mac_proxy_breakdown": {
      "phat_stem": 645120,
      "lms_stem": 645120,
      "phat_residual": 123863040,
      "lms_residual": 123863040,
      "shared_attention_conv1": 61931520,
      "shared_attention_conv2": 61931520,
      "fusion_block_conv": 61931520,
      "fusion_block_temporal": 7372800,
      "final_head_conv": 15482880,
      "final_head_temporal": 1843200,
      "channel_readout": 23040
    },
    "mac_proxy_input_shape": [
      1,
      2,
      6,
      5,
      4,
      8
    ]
  },
  "frontend_profile": {
    "phat": {
      "srp_variant": "lc_reference",
      "pair_count": 144,
      "full_pair_count": 144,
      "diagonal_pair_count": 12,
      "interpolation_taps": 5,
      "grid_shape": [
        5,
        4,
        8
      ],
      "unique_pairs_only": false,
      "symmetric_pair_factor": 1.0,
      "cache_table_bytes": 1478824,
      "cache_tables": {
        "grid_xyz": {
          "shape": [
            5,
            4,
            8,
            3
          ],
          "dtype": "torch.float32",
          "bytes": 1920
        },
        "pair_i": {
          "shape": [
            144
          ],
          "dtype": "torch.int64",
          "bytes": 1152
        },
        "pair_j": {
          "shape": [
            144
          ],
          "dtype": "torch.int64",
          "bytes": 1152
        },
        "tdoa_lookup": {
          "shape": [
            144,
            160
          ],
          "dtype": "torch.float32",
          "bytes": 92160
        },
        "tap_offsets": {
          "shape": [
            5
          ],
          "dtype": "torch.int64",
          "bytes": 40
        },
        "sample_index": {
          "shape": [
            144,
            160,
            5
          ],
          "dtype": "torch.int64",
          "bytes": 921600
        },
        "sample_weight": {
          "shape": [
            144,
            160,
            5
          ],
          "dtype": "torch.float32",
          "bytes": 460800
        }
      },
      "complexity_proxy": {
        "grid_points": 160,
        "sample_reads_per_grid_point": 720,
        "weight_multiplies_per_grid_point": 720,
        "pair_reduction_adds_per_grid_point": 576,
        "grid_accumulation_adds_per_grid_point": 143,
        "symmetry_multiplies_per_grid_point": 0,
        "total_arithmetic_ops_per_grid_point": 1439,
        "sample_reads_per_frame": 115200,
        "weight_multiplies_per_frame": 115200,
        "pair_reduction_adds_per_frame": 92160,
        "grid_accumulation_adds_per_frame": 22880,
        "symmetry_multiplies_per_frame": 0,
        "total_arithmetic_ops_per_frame": 230240
      }
    },
    "lms": {
      "backend": "frequency_block",
      "include_self_pairs": true,
      "map_mode": "tau_sample",
      "update_mode": "trajectory_tracking",
      "block_size": 256,
      "fft_size": 512
    }
  },
  "best_val_rmsae_deg": 6.4509503319859505,
  "final_epoch": {
    "epoch": 40,
    "phase": 2,
    "lr": 1e-05,
    "batch_size": 10,
    "micro_batch_size": 1,
    "train_loss": 0.024168214927881192,
    "val_loss": 0.02404405939159915,
    "val_rmsae_deg": 6.72287429869175,
    "epoch_time_s": 586.5215819439909
  },
  "baseline_compare": {
    "baseline_checkpoint_path": "models/1sourceTracking_icoCNN_robot_K4096_r2_model.bin",
    "srp_variant": "lc_reference",
    "temporal_conv_variant": "standard_1d",
    "scenarios": [
      {
        "name": "scene_1",
        "snr_db": 30.0,
        "t60_s": 0.2,
        "ifan": {
          "loss": 0.020790110691450536,
          "rmsae_deg": 4.616892516613007
        },
        "baseline": {
          "loss": 0.02075250365305692,
          "rmsae_deg": 4.905608534812927
        },
        "rmsae_delta_deg": -0.28871601819992065
      },
      {
        "name": "scene_2",
        "snr_db": 30.0,
        "t60_s": 0.8,
        "ifan": {
          "loss": 0.026226685848087072,
          "rmsae_deg": 6.92267233133316
        },
        "baseline": {
          "loss": 0.02627151901833713,
          "rmsae_deg": 7.3839176297187805
        },
        "rmsae_delta_deg": -0.4612452983856201
      },
      {
        "name": "scene_3",
        "snr_db": 5.0,
        "t60_s": 0.8,
        "ifan": {
          "loss": 0.034009670140221715,
          "rmsae_deg": 10.591942429542542
        },
        "baseline": {
          "loss": 0.03088831645436585,
          "rmsae_deg": 9.228352904319763
        },
        "rmsae_delta_deg": 1.3635895252227783
      },
      {
        "name": "scene_4",
        "snr_db": 5.0,
        "t60_s": 1.4,
        "ifan": {
          "loss": 0.027904787799343467,
          "rmsae_deg": 8.948000311851501
        },
        "baseline": {
          "loss": 0.02963932417333126,
          "rmsae_deg": 9.709725320339203
        },
        "rmsae_delta_deg": -0.7617250084877014
      }
    ],
    "mean_rmsae_deg": {
      "ifan": 7.7698768973350525,
      "baseline": 7.8069010972976685,
      "delta": -0.03702419996261597
    },
    "hard_scenarios_mean_rmsae_deg": {
      "ifan": 9.769971370697021,
      "baseline": 9.469039112329483,
      "delta": 0.30093225836753845
    }
  }
}
{"event": "process_exit", "pid": 46711, "ts_utc": "2026-04-28T08:56:23+00:00"}
