{"event": "stage3_boot", "output_dir": "IFAN_Edge/outputs/stage3/ifan_stage3_full20_freqblock_paper_original_20260419_005314", "device_requested": "cuda", "device_resolved": "cuda", "epochs": 40, "model_topology": "paper_dual_mainline", "branch_channels": 16, "final_head_pooling": false, "input_ablation_mode": "none"}
{"event": "datasets_ready", "train_split_path": "/home/cmm/icocnn/datasets/LibriSpeech/LibriSpeech/train-clean-100", "validation_split_path": "/home/cmm/icocnn/datasets/LibriSpeech/LibriSpeech/test-clean", "train_source_size": 585, "validation_source_size": 87}
{"event": "preprocessors_ready"}
{"event": "validation_cache_build_start", "validation_dataset_size": 32, "validation_batch_size": 1}
{"event": "validation_cache_progress", "pid": 633471, "ts_utc": "2026-04-18T16:53:15+00:00", "stage": "before_get_batch", "batch_index": 1, "total_batches": 32, "sample_start": 0, "sample_stop": 1}
{"event": "validation_cache_progress", "pid": 633471, "ts_utc": "2026-04-18T16:53:16+00:00", "stage": "after_get_batch", "batch_index": 1, "total_batches": 32, "sample_start": 0, "sample_stop": 1}
{"event": "validation_cache_progress", "pid": 633471, "ts_utc": "2026-04-18T16:53:16+00:00", "stage": "after_preprocess", "batch_index": 1, "total_batches": 32, "sample_start": 0, "sample_stop": 1}
{"event": "validation_cache_progress", "pid": 633471, "ts_utc": "2026-04-18T16:53:16+00:00", "stage": "after_cache_append", "batch_index": 1, "total_batches": 32, "sample_start": 0, "sample_stop": 1}
{"event": "validation_cache_progress", "pid": 633471, "ts_utc": "2026-04-18T16:53:16+00:00", "stage": "before_get_batch", "batch_index": 2, "total_batches": 32, "sample_start": 1, "sample_stop": 2}
{"event": "validation_cache_progress", "pid": 633471, "ts_utc": "2026-04-18T16:53:17+00:00", "stage": "after_get_batch", "batch_index": 2, "total_batches": 32, "sample_start": 1, "sample_stop": 2}
{"event": "validation_cache_progress", "pid": 633471, "ts_utc": "2026-04-18T16:53:17+00:00", "stage": "after_preprocess", "batch_index": 2, "total_batches": 32, "sample_start": 1, "sample_stop": 2}
{"event": "validation_cache_progress", "pid": 633471, "ts_utc": "2026-04-18T16:53:17+00:00", "stage": "after_cache_append", "batch_index": 2, "total_batches": 32, "sample_start": 1, "sample_stop": 2}
{"event": "validation_cache_progress", "pid": 633471, "ts_utc": "2026-04-18T16:53:17+00:00", "stage": "before_get_batch", "batch_index": 3, "total_batches": 32, "sample_start": 2, "sample_stop": 3}
{"event": "validation_cache_progress", "pid": 633471, "ts_utc": "2026-04-18T16:53:18+00:00", "stage": "after_get_batch", "batch_index": 3, "total_batches": 32, "sample_start": 2, "sample_stop": 3}
{"event": "validation_cache_progress", "pid": 633471, "ts_utc": "2026-04-18T16:53:18+00:00", "stage": "after_preprocess", "batch_index": 3, "total_batches": 32, "sample_start": 2, "sample_stop": 3}
{"event": "validation_cache_progress", "pid": 633471, "ts_utc": "2026-04-18T16:53:18+00:00", "stage": "after_cache_append", "batch_index": 3, "total_batches": 32, "sample_start": 2, "sample_stop": 3}
{"event": "validation_cache_progress", "pid": 633471, "ts_utc": "2026-04-18T16:53:18+00:00", "stage": "before_get_batch", "batch_index": 4, "total_batches": 32, "sample_start": 3, "sample_stop": 4}
{"event": "validation_cache_progress", "pid": 633471, "ts_utc": "2026-04-18T16:53:18+00:00", "stage": "after_get_batch", "batch_index": 4, "total_batches": 32, "sample_start": 3, "sample_stop": 4}
{"event": "validation_cache_progress", "pid": 633471, "ts_utc": "2026-04-18T16:53:19+00:00", "stage": "after_preprocess", "batch_index": 4, "total_batches": 32, "sample_start": 3, "sample_stop": 4}
{"event": "validation_cache_progress", "pid": 633471, "ts_utc": "2026-04-18T16:53:19+00:00", "stage": "after_cache_append", "batch_index": 4, "total_batches": 32, "sample_start": 3, "sample_stop": 4}
{"event": "validation_cache_progress", "pid": 633471, "ts_utc": "2026-04-18T16:53:19+00:00", "stage": "before_get_batch", "batch_index": 5, "total_batches": 32, "sample_start": 4, "sample_stop": 5}
{"event": "validation_cache_progress", "pid": 633471, "ts_utc": "2026-04-18T16:53:19+00:00", "stage": "after_get_batch", "batch_index": 5, "total_batches": 32, "sample_start": 4, "sample_stop": 5}
{"event": "validation_cache_progress", "pid": 633471, "ts_utc": "2026-04-18T16:53:19+00:00", "stage": "after_preprocess", "batch_index": 5, "total_batches": 32, "sample_start": 4, "sample_stop": 5}
{"event": "validation_cache_progress", "pid": 633471, "ts_utc": "2026-04-18T16:53:19+00:00", "stage": "after_cache_append", "batch_index": 5, "total_batches": 32, "sample_start": 4, "sample_stop": 5}
{"event": "validation_cache_progress", "pid": 633471, "ts_utc": "2026-04-18T16:53:19+00:00", "stage": "before_get_batch", "batch_index": 6, "total_batches": 32, "sample_start": 5, "sample_stop": 6}
{"event": "validation_cache_progress", "pid": 633471, "ts_utc": "2026-04-18T16:53:20+00:00", "stage": "after_get_batch", "batch_index": 6, "total_batches": 32, "sample_start": 5, "sample_stop": 6}
{"event": "validation_cache_progress", "pid": 633471, "ts_utc": "2026-04-18T16:53:20+00:00", "stage": "after_preprocess", "batch_index": 6, "total_batches": 32, "sample_start": 5, "sample_stop": 6}
{"event": "validation_cache_progress", "pid": 633471, "ts_utc": "2026-04-18T16:53:20+00:00", "stage": "after_cache_append", "batch_index": 6, "total_batches": 32, "sample_start": 5, "sample_stop": 6}
{"event": "validation_cache_progress", "pid": 633471, "ts_utc": "2026-04-18T16:53:20+00:00", "stage": "before_get_batch", "batch_index": 7, "total_batches": 32, "sample_start": 6, "sample_stop": 7}
{"event": "validation_cache_progress", "pid": 633471, "ts_utc": "2026-04-18T16:53:21+00:00", "stage": "after_get_batch", "batch_index": 7, "total_batches": 32, "sample_start": 6, "sample_stop": 7}
{"event": "validation_cache_progress", "pid": 633471, "ts_utc": "2026-04-18T16:53:21+00:00", "stage": "after_preprocess", "batch_index": 7, "total_batches": 32, "sample_start": 6, "sample_stop": 7}
{"event": "validation_cache_progress", "pid": 633471, "ts_utc": "2026-04-18T16:53:21+00:00", "stage": "after_cache_append", "batch_index": 7, "total_batches": 32, "sample_start": 6, "sample_stop": 7}
{"event": "validation_cache_progress", "pid": 633471, "ts_utc": "2026-04-18T16:53:21+00:00", "stage": "before_get_batch", "batch_index": 8, "total_batches": 32, "sample_start": 7, "sample_stop": 8}
{"event": "validation_cache_progress", "pid": 633471, "ts_utc": "2026-04-18T16:53:22+00:00", "stage": "after_get_batch", "batch_index": 8, "total_batches": 32, "sample_start": 7, "sample_stop": 8}
{"event": "validation_cache_progress", "pid": 633471, "ts_utc": "2026-04-18T16:53:22+00:00", "stage": "after_preprocess", "batch_index": 8, "total_batches": 32, "sample_start": 7, "sample_stop": 8}
{"event": "validation_cache_progress", "pid": 633471, "ts_utc": "2026-04-18T16:53:22+00:00", "stage": "after_cache_append", "batch_index": 8, "total_batches": 32, "sample_start": 7, "sample_stop": 8}
{"event": "validation_cache_progress", "pid": 633471, "ts_utc": "2026-04-18T16:53:22+00:00", "stage": "before_get_batch", "batch_index": 9, "total_batches": 32, "sample_start": 8, "sample_stop": 9}
{"event": "validation_cache_progress", "pid": 633471, "ts_utc": "2026-04-18T16:53:22+00:00", "stage": "after_get_batch", "batch_index": 9, "total_batches": 32, "sample_start": 8, "sample_stop": 9}
{"event": "validation_cache_progress", "pid": 633471, "ts_utc": "2026-04-18T16:53:23+00:00", "stage": "after_preprocess", "batch_index": 9, "total_batches": 32, "sample_start": 8, "sample_stop": 9}
{"event": "validation_cache_progress", "pid": 633471, "ts_utc": "2026-04-18T16:53:23+00:00", "stage": "after_cache_append", "batch_index": 9, "total_batches": 32, "sample_start": 8, "sample_stop": 9}
{"event": "validation_cache_progress", "pid": 633471, "ts_utc": "2026-04-18T16:53:23+00:00", "stage": "before_get_batch", "batch_index": 10, "total_batches": 32, "sample_start": 9, "sample_stop": 10}
{"event": "validation_cache_progress", "pid": 633471, "ts_utc": "2026-04-18T16:53:23+00:00", "stage": "after_get_batch", "batch_index": 10, "total_batches": 32, "sample_start": 9, "sample_stop": 10}
{"event": "validation_cache_progress", "pid": 633471, "ts_utc": "2026-04-18T16:53:23+00:00", "stage": "after_preprocess", "batch_index": 10, "total_batches": 32, "sample_start": 9, "sample_stop": 10}
{"event": "validation_cache_progress", "pid": 633471, "ts_utc": "2026-04-18T16:53:23+00:00", "stage": "after_cache_append", "batch_index": 10, "total_batches": 32, "sample_start": 9, "sample_stop": 10}
{"event": "validation_cache_progress", "pid": 633471, "ts_utc": "2026-04-18T16:53:23+00:00", "stage": "before_get_batch", "batch_index": 11, "total_batches": 32, "sample_start": 10, "sample_stop": 11}
{"event": "validation_cache_progress", "pid": 633471, "ts_utc": "2026-04-18T16:53:24+00:00", "stage": "after_get_batch", "batch_index": 11, "total_batches": 32, "sample_start": 10, "sample_stop": 11}
{"event": "validation_cache_progress", "pid": 633471, "ts_utc": "2026-04-18T16:53:25+00:00", "stage": "after_preprocess", "batch_index": 11, "total_batches": 32, "sample_start": 10, "sample_stop": 11}
{"event": "validation_cache_progress", "pid": 633471, "ts_utc": "2026-04-18T16:53:25+00:00", "stage": "after_cache_append", "batch_index": 11, "total_batches": 32, "sample_start": 10, "sample_stop": 11}
{"event": "validation_cache_progress", "pid": 633471, "ts_utc": "2026-04-18T16:53:25+00:00", "stage": "before_get_batch", "batch_index": 12, "total_batches": 32, "sample_start": 11, "sample_stop": 12}
{"event": "validation_cache_progress", "pid": 633471, "ts_utc": "2026-04-18T16:53:25+00:00", "stage": "after_get_batch", "batch_index": 12, "total_batches": 32, "sample_start": 11, "sample_stop": 12}
{"event": "validation_cache_progress", "pid": 633471, "ts_utc": "2026-04-18T16:53:25+00:00", "stage": "after_preprocess", "batch_index": 12, "total_batches": 32, "sample_start": 11, "sample_stop": 12}
{"event": "validation_cache_progress", "pid": 633471, "ts_utc": "2026-04-18T16:53:25+00:00", "stage": "after_cache_append", "batch_index": 12, "total_batches": 32, "sample_start": 11, "sample_stop": 12}
{"event": "validation_cache_progress", "pid": 633471, "ts_utc": "2026-04-18T16:53:25+00:00", "stage": "before_get_batch", "batch_index": 13, "total_batches": 32, "sample_start": 12, "sample_stop": 13}
{"event": "validation_cache_progress", "pid": 633471, "ts_utc": "2026-04-18T16:53:26+00:00", "stage": "after_get_batch", "batch_index": 13, "total_batches": 32, "sample_start": 12, "sample_stop": 13}
{"event": "validation_cache_progress", "pid": 633471, "ts_utc": "2026-04-18T16:53:26+00:00", "stage": "after_preprocess", "batch_index": 13, "total_batches": 32, "sample_start": 12, "sample_stop": 13}
{"event": "validation_cache_progress", "pid": 633471, "ts_utc": "2026-04-18T16:53:26+00:00", "stage": "after_cache_append", "batch_index": 13, "total_batches": 32, "sample_start": 12, "sample_stop": 13}
{"event": "validation_cache_progress", "pid": 633471, "ts_utc": "2026-04-18T16:53:26+00:00", "stage": "before_get_batch", "batch_index": 14, "total_batches": 32, "sample_start": 13, "sample_stop": 14}
{"event": "validation_cache_progress", "pid": 633471, "ts_utc": "2026-04-18T16:53:27+00:00", "stage": "after_get_batch", "batch_index": 14, "total_batches": 32, "sample_start": 13, "sample_stop": 14}
{"event": "validation_cache_progress", "pid": 633471, "ts_utc": "2026-04-18T16:53:27+00:00", "stage": "after_preprocess", "batch_index": 14, "total_batches": 32, "sample_start": 13, "sample_stop": 14}
{"event": "validation_cache_progress", "pid": 633471, "ts_utc": "2026-04-18T16:53:27+00:00", "stage": "after_cache_append", "batch_index": 14, "total_batches": 32, "sample_start": 13, "sample_stop": 14}
{"event": "validation_cache_progress", "pid": 633471, "ts_utc": "2026-04-18T16:53:27+00:00", "stage": "before_get_batch", "batch_index": 15, "total_batches": 32, "sample_start": 14, "sample_stop": 15}
{"event": "validation_cache_progress", "pid": 633471, "ts_utc": "2026-04-18T16:53:27+00:00", "stage": "after_get_batch", "batch_index": 15, "total_batches": 32, "sample_start": 14, "sample_stop": 15}
{"event": "validation_cache_progress", "pid": 633471, "ts_utc": "2026-04-18T16:53:28+00:00", "stage": "after_preprocess", "batch_index": 15, "total_batches": 32, "sample_start": 14, "sample_stop": 15}
{"event": "validation_cache_progress", "pid": 633471, "ts_utc": "2026-04-18T16:53:28+00:00", "stage": "after_cache_append", "batch_index": 15, "total_batches": 32, "sample_start": 14, "sample_stop": 15}
{"event": "validation_cache_progress", "pid": 633471, "ts_utc": "2026-04-18T16:53:28+00:00", "stage": "before_get_batch", "batch_index": 16, "total_batches": 32, "sample_start": 15, "sample_stop": 16}
{"event": "validation_cache_progress", "pid": 633471, "ts_utc": "2026-04-18T16:53:28+00:00", "stage": "after_get_batch", "batch_index": 16, "total_batches": 32, "sample_start": 15, "sample_stop": 16}
{"event": "validation_cache_progress", "pid": 633471, "ts_utc": "2026-04-18T16:53:29+00:00", "stage": "after_preprocess", "batch_index": 16, "total_batches": 32, "sample_start": 15, "sample_stop": 16}
{"event": "validation_cache_progress", "pid": 633471, "ts_utc": "2026-04-18T16:53:29+00:00", "stage": "after_cache_append", "batch_index": 16, "total_batches": 32, "sample_start": 15, "sample_stop": 16}
{"event": "validation_cache_progress", "pid": 633471, "ts_utc": "2026-04-18T16:53:29+00:00", "stage": "before_get_batch", "batch_index": 17, "total_batches": 32, "sample_start": 16, "sample_stop": 17}
{"event": "validation_cache_progress", "pid": 633471, "ts_utc": "2026-04-18T16:53:29+00:00", "stage": "after_get_batch", "batch_index": 17, "total_batches": 32, "sample_start": 16, "sample_stop": 17}
{"event": "validation_cache_progress", "pid": 633471, "ts_utc": "2026-04-18T16:53:30+00:00", "stage": "after_preprocess", "batch_index": 17, "total_batches": 32, "sample_start": 16, "sample_stop": 17}
{"event": "validation_cache_progress", "pid": 633471, "ts_utc": "2026-04-18T16:53:30+00:00", "stage": "after_cache_append", "batch_index": 17, "total_batches": 32, "sample_start": 16, "sample_stop": 17}
{"event": "validation_cache_progress", "pid": 633471, "ts_utc": "2026-04-18T16:53:30+00:00", "stage": "before_get_batch", "batch_index": 18, "total_batches": 32, "sample_start": 17, "sample_stop": 18}
{"event": "validation_cache_progress", "pid": 633471, "ts_utc": "2026-04-18T16:53:30+00:00", "stage": "after_get_batch", "batch_index": 18, "total_batches": 32, "sample_start": 17, "sample_stop": 18}
{"event": "validation_cache_progress", "pid": 633471, "ts_utc": "2026-04-18T16:53:30+00:00", "stage": "after_preprocess", "batch_index": 18, "total_batches": 32, "sample_start": 17, "sample_stop": 18}
{"event": "validation_cache_progress", "pid": 633471, "ts_utc": "2026-04-18T16:53:30+00:00", "stage": "after_cache_append", "batch_index": 18, "total_batches": 32, "sample_start": 17, "sample_stop": 18}
{"event": "validation_cache_progress", "pid": 633471, "ts_utc": "2026-04-18T16:53:30+00:00", "stage": "before_get_batch", "batch_index": 19, "total_batches": 32, "sample_start": 18, "sample_stop": 19}
{"event": "validation_cache_progress", "pid": 633471, "ts_utc": "2026-04-18T16:53:31+00:00", "stage": "after_get_batch", "batch_index": 19, "total_batches": 32, "sample_start": 18, "sample_stop": 19}
{"event": "validation_cache_progress", "pid": 633471, "ts_utc": "2026-04-18T16:53:31+00:00", "stage": "after_preprocess", "batch_index": 19, "total_batches": 32, "sample_start": 18, "sample_stop": 19}
{"event": "validation_cache_progress", "pid": 633471, "ts_utc": "2026-04-18T16:53:31+00:00", "stage": "after_cache_append", "batch_index": 19, "total_batches": 32, "sample_start": 18, "sample_stop": 19}
{"event": "validation_cache_progress", "pid": 633471, "ts_utc": "2026-04-18T16:53:31+00:00", "stage": "before_get_batch", "batch_index": 20, "total_batches": 32, "sample_start": 19, "sample_stop": 20}
{"event": "validation_cache_progress", "pid": 633471, "ts_utc": "2026-04-18T16:53:32+00:00", "stage": "after_get_batch", "batch_index": 20, "total_batches": 32, "sample_start": 19, "sample_stop": 20}
{"event": "validation_cache_progress", "pid": 633471, "ts_utc": "2026-04-18T16:53:32+00:00", "stage": "after_preprocess", "batch_index": 20, "total_batches": 32, "sample_start": 19, "sample_stop": 20}
{"event": "validation_cache_progress", "pid": 633471, "ts_utc": "2026-04-18T16:53:32+00:00", "stage": "after_cache_append", "batch_index": 20, "total_batches": 32, "sample_start": 19, "sample_stop": 20}
{"event": "validation_cache_progress", "pid": 633471, "ts_utc": "2026-04-18T16:53:32+00:00", "stage": "before_get_batch", "batch_index": 21, "total_batches": 32, "sample_start": 20, "sample_stop": 21}
{"event": "validation_cache_progress", "pid": 633471, "ts_utc": "2026-04-18T16:53:33+00:00", "stage": "after_get_batch", "batch_index": 21, "total_batches": 32, "sample_start": 20, "sample_stop": 21}
{"event": "validation_cache_progress", "pid": 633471, "ts_utc": "2026-04-18T16:53:33+00:00", "stage": "after_preprocess", "batch_index": 21, "total_batches": 32, "sample_start": 20, "sample_stop": 21}
{"event": "validation_cache_progress", "pid": 633471, "ts_utc": "2026-04-18T16:53:33+00:00", "stage": "after_cache_append", "batch_index": 21, "total_batches": 32, "sample_start": 20, "sample_stop": 21}
{"event": "validation_cache_progress", "pid": 633471, "ts_utc": "2026-04-18T16:53:33+00:00", "stage": "before_get_batch", "batch_index": 22, "total_batches": 32, "sample_start": 21, "sample_stop": 22}
{"event": "validation_cache_progress", "pid": 633471, "ts_utc": "2026-04-18T16:53:34+00:00", "stage": "after_get_batch", "batch_index": 22, "total_batches": 32, "sample_start": 21, "sample_stop": 22}
{"event": "validation_cache_progress", "pid": 633471, "ts_utc": "2026-04-18T16:53:34+00:00", "stage": "after_preprocess", "batch_index": 22, "total_batches": 32, "sample_start": 21, "sample_stop": 22}
{"event": "validation_cache_progress", "pid": 633471, "ts_utc": "2026-04-18T16:53:34+00:00", "stage": "after_cache_append", "batch_index": 22, "total_batches": 32, "sample_start": 21, "sample_stop": 22}
{"event": "validation_cache_progress", "pid": 633471, "ts_utc": "2026-04-18T16:53:34+00:00", "stage": "before_get_batch", "batch_index": 23, "total_batches": 32, "sample_start": 22, "sample_stop": 23}
{"event": "validation_cache_progress", "pid": 633471, "ts_utc": "2026-04-18T16:53:35+00:00", "stage": "after_get_batch", "batch_index": 23, "total_batches": 32, "sample_start": 22, "sample_stop": 23}
{"event": "validation_cache_progress", "pid": 633471, "ts_utc": "2026-04-18T16:53:35+00:00", "stage": "after_preprocess", "batch_index": 23, "total_batches": 32, "sample_start": 22, "sample_stop": 23}
{"event": "validation_cache_progress", "pid": 633471, "ts_utc": "2026-04-18T16:53:35+00:00", "stage": "after_cache_append", "batch_index": 23, "total_batches": 32, "sample_start": 22, "sample_stop": 23}
{"event": "validation_cache_progress", "pid": 633471, "ts_utc": "2026-04-18T16:53:35+00:00", "stage": "before_get_batch", "batch_index": 24, "total_batches": 32, "sample_start": 23, "sample_stop": 24}
{"event": "validation_cache_progress", "pid": 633471, "ts_utc": "2026-04-18T16:53:36+00:00", "stage": "after_get_batch", "batch_index": 24, "total_batches": 32, "sample_start": 23, "sample_stop": 24}
{"event": "validation_cache_progress", "pid": 633471, "ts_utc": "2026-04-18T16:53:36+00:00", "stage": "after_preprocess", "batch_index": 24, "total_batches": 32, "sample_start": 23, "sample_stop": 24}
{"event": "validation_cache_progress", "pid": 633471, "ts_utc": "2026-04-18T16:53:36+00:00", "stage": "after_cache_append", "batch_index": 24, "total_batches": 32, "sample_start": 23, "sample_stop": 24}
{"event": "validation_cache_progress", "pid": 633471, "ts_utc": "2026-04-18T16:53:36+00:00", "stage": "before_get_batch", "batch_index": 25, "total_batches": 32, "sample_start": 24, "sample_stop": 25}
{"event": "validation_cache_progress", "pid": 633471, "ts_utc": "2026-04-18T16:53:36+00:00", "stage": "after_get_batch", "batch_index": 25, "total_batches": 32, "sample_start": 24, "sample_stop": 25}
{"event": "validation_cache_progress", "pid": 633471, "ts_utc": "2026-04-18T16:53:37+00:00", "stage": "after_preprocess", "batch_index": 25, "total_batches": 32, "sample_start": 24, "sample_stop": 25}
{"event": "validation_cache_progress", "pid": 633471, "ts_utc": "2026-04-18T16:53:37+00:00", "stage": "after_cache_append", "batch_index": 25, "total_batches": 32, "sample_start": 24, "sample_stop": 25}
{"event": "validation_cache_progress", "pid": 633471, "ts_utc": "2026-04-18T16:53:37+00:00", "stage": "before_get_batch", "batch_index": 26, "total_batches": 32, "sample_start": 25, "sample_stop": 26}
{"event": "validation_cache_progress", "pid": 633471, "ts_utc": "2026-04-18T16:53:38+00:00", "stage": "after_get_batch", "batch_index": 26, "total_batches": 32, "sample_start": 25, "sample_stop": 26}
{"event": "validation_cache_progress", "pid": 633471, "ts_utc": "2026-04-18T16:53:38+00:00", "stage": "after_preprocess", "batch_index": 26, "total_batches": 32, "sample_start": 25, "sample_stop": 26}
{"event": "validation_cache_progress", "pid": 633471, "ts_utc": "2026-04-18T16:53:38+00:00", "stage": "after_cache_append", "batch_index": 26, "total_batches": 32, "sample_start": 25, "sample_stop": 26}
{"event": "validation_cache_progress", "pid": 633471, "ts_utc": "2026-04-18T16:53:38+00:00", "stage": "before_get_batch", "batch_index": 27, "total_batches": 32, "sample_start": 26, "sample_stop": 27}
{"event": "validation_cache_progress", "pid": 633471, "ts_utc": "2026-04-18T16:53:39+00:00", "stage": "after_get_batch", "batch_index": 27, "total_batches": 32, "sample_start": 26, "sample_stop": 27}
{"event": "validation_cache_progress", "pid": 633471, "ts_utc": "2026-04-18T16:53:40+00:00", "stage": "after_preprocess", "batch_index": 27, "total_batches": 32, "sample_start": 26, "sample_stop": 27}
{"event": "validation_cache_progress", "pid": 633471, "ts_utc": "2026-04-18T16:53:40+00:00", "stage": "after_cache_append", "batch_index": 27, "total_batches": 32, "sample_start": 26, "sample_stop": 27}
{"event": "validation_cache_progress", "pid": 633471, "ts_utc": "2026-04-18T16:53:40+00:00", "stage": "before_get_batch", "batch_index": 28, "total_batches": 32, "sample_start": 27, "sample_stop": 28}
{"event": "validation_cache_progress", "pid": 633471, "ts_utc": "2026-04-18T16:53:41+00:00", "stage": "after_get_batch", "batch_index": 28, "total_batches": 32, "sample_start": 27, "sample_stop": 28}
{"event": "validation_cache_progress", "pid": 633471, "ts_utc": "2026-04-18T16:53:41+00:00", "stage": "after_preprocess", "batch_index": 28, "total_batches": 32, "sample_start": 27, "sample_stop": 28}
{"event": "validation_cache_progress", "pid": 633471, "ts_utc": "2026-04-18T16:53:41+00:00", "stage": "after_cache_append", "batch_index": 28, "total_batches": 32, "sample_start": 27, "sample_stop": 28}
{"event": "validation_cache_progress", "pid": 633471, "ts_utc": "2026-04-18T16:53:41+00:00", "stage": "before_get_batch", "batch_index": 29, "total_batches": 32, "sample_start": 28, "sample_stop": 29}
{"event": "validation_cache_progress", "pid": 633471, "ts_utc": "2026-04-18T16:53:42+00:00", "stage": "after_get_batch", "batch_index": 29, "total_batches": 32, "sample_start": 28, "sample_stop": 29}
{"event": "validation_cache_progress", "pid": 633471, "ts_utc": "2026-04-18T16:53:42+00:00", "stage": "after_preprocess", "batch_index": 29, "total_batches": 32, "sample_start": 28, "sample_stop": 29}
{"event": "validation_cache_progress", "pid": 633471, "ts_utc": "2026-04-18T16:53:42+00:00", "stage": "after_cache_append", "batch_index": 29, "total_batches": 32, "sample_start": 28, "sample_stop": 29}
{"event": "validation_cache_progress", "pid": 633471, "ts_utc": "2026-04-18T16:53:42+00:00", "stage": "before_get_batch", "batch_index": 30, "total_batches": 32, "sample_start": 29, "sample_stop": 30}
{"event": "validation_cache_progress", "pid": 633471, "ts_utc": "2026-04-18T16:53:43+00:00", "stage": "after_get_batch", "batch_index": 30, "total_batches": 32, "sample_start": 29, "sample_stop": 30}
{"event": "validation_cache_progress", "pid": 633471, "ts_utc": "2026-04-18T16:53:43+00:00", "stage": "after_preprocess", "batch_index": 30, "total_batches": 32, "sample_start": 29, "sample_stop": 30}
{"event": "validation_cache_progress", "pid": 633471, "ts_utc": "2026-04-18T16:53:43+00:00", "stage": "after_cache_append", "batch_index": 30, "total_batches": 32, "sample_start": 29, "sample_stop": 30}
{"event": "validation_cache_progress", "pid": 633471, "ts_utc": "2026-04-18T16:53:43+00:00", "stage": "before_get_batch", "batch_index": 31, "total_batches": 32, "sample_start": 30, "sample_stop": 31}
{"event": "validation_cache_progress", "pid": 633471, "ts_utc": "2026-04-18T16:53:43+00:00", "stage": "after_get_batch", "batch_index": 31, "total_batches": 32, "sample_start": 30, "sample_stop": 31}
{"event": "validation_cache_progress", "pid": 633471, "ts_utc": "2026-04-18T16:53:44+00:00", "stage": "after_preprocess", "batch_index": 31, "total_batches": 32, "sample_start": 30, "sample_stop": 31}
{"event": "validation_cache_progress", "pid": 633471, "ts_utc": "2026-04-18T16:53:44+00:00", "stage": "after_cache_append", "batch_index": 31, "total_batches": 32, "sample_start": 30, "sample_stop": 31}
{"event": "validation_cache_progress", "pid": 633471, "ts_utc": "2026-04-18T16:53:44+00:00", "stage": "before_get_batch", "batch_index": 32, "total_batches": 32, "sample_start": 31, "sample_stop": 32}
{"event": "validation_cache_progress", "pid": 633471, "ts_utc": "2026-04-18T16:53:45+00:00", "stage": "after_get_batch", "batch_index": 32, "total_batches": 32, "sample_start": 31, "sample_stop": 32}
{"event": "validation_cache_progress", "pid": 633471, "ts_utc": "2026-04-18T16:53:45+00:00", "stage": "after_preprocess", "batch_index": 32, "total_batches": 32, "sample_start": 31, "sample_stop": 32}
{"event": "validation_cache_progress", "pid": 633471, "ts_utc": "2026-04-18T16:53:45+00:00", "stage": "after_cache_append", "batch_index": 32, "total_batches": 32, "sample_start": 31, "sample_stop": 32}
{"event": "validation_cache_build_complete", "cached_batches": 32}
{"event": "scenario_cache_build_start", "scenario_eval_size": 8, "scenario_eval_batch_size": 1}
{"event": "scenario_cache_progress", "scenario_name": "scene_1", "scenario_index": 1, "total_scenarios": 4, "batch_index": 1, "total_batches": 8, "sample_start": 0, "sample_stop": 1}
{"event": "scenario_cache_progress", "scenario_name": "scene_1", "scenario_index": 1, "total_scenarios": 4, "batch_index": 2, "total_batches": 8, "sample_start": 1, "sample_stop": 2}
{"event": "scenario_cache_progress", "scenario_name": "scene_1", "scenario_index": 1, "total_scenarios": 4, "batch_index": 3, "total_batches": 8, "sample_start": 2, "sample_stop": 3}
{"event": "scenario_cache_progress", "scenario_name": "scene_1", "scenario_index": 1, "total_scenarios": 4, "batch_index": 4, "total_batches": 8, "sample_start": 3, "sample_stop": 4}
{"event": "scenario_cache_progress", "scenario_name": "scene_1", "scenario_index": 1, "total_scenarios": 4, "batch_index": 5, "total_batches": 8, "sample_start": 4, "sample_stop": 5}
{"event": "scenario_cache_progress", "scenario_name": "scene_1", "scenario_index": 1, "total_scenarios": 4, "batch_index": 6, "total_batches": 8, "sample_start": 5, "sample_stop": 6}
{"event": "scenario_cache_progress", "scenario_name": "scene_1", "scenario_index": 1, "total_scenarios": 4, "batch_index": 7, "total_batches": 8, "sample_start": 6, "sample_stop": 7}
{"event": "scenario_cache_progress", "scenario_name": "scene_1", "scenario_index": 1, "total_scenarios": 4, "batch_index": 8, "total_batches": 8, "sample_start": 7, "sample_stop": 8}
{"event": "scenario_cache_progress", "scenario_name": "scene_2", "scenario_index": 2, "total_scenarios": 4, "batch_index": 1, "total_batches": 8, "sample_start": 0, "sample_stop": 1}
{"event": "scenario_cache_progress", "scenario_name": "scene_2", "scenario_index": 2, "total_scenarios": 4, "batch_index": 2, "total_batches": 8, "sample_start": 1, "sample_stop": 2}
{"event": "scenario_cache_progress", "scenario_name": "scene_2", "scenario_index": 2, "total_scenarios": 4, "batch_index": 3, "total_batches": 8, "sample_start": 2, "sample_stop": 3}
{"event": "scenario_cache_progress", "scenario_name": "scene_2", "scenario_index": 2, "total_scenarios": 4, "batch_index": 4, "total_batches": 8, "sample_start": 3, "sample_stop": 4}
{"event": "scenario_cache_progress", "scenario_name": "scene_2", "scenario_index": 2, "total_scenarios": 4, "batch_index": 5, "total_batches": 8, "sample_start": 4, "sample_stop": 5}
{"event": "scenario_cache_progress", "scenario_name": "scene_2", "scenario_index": 2, "total_scenarios": 4, "batch_index": 6, "total_batches": 8, "sample_start": 5, "sample_stop": 6}
{"event": "scenario_cache_progress", "scenario_name": "scene_2", "scenario_index": 2, "total_scenarios": 4, "batch_index": 7, "total_batches": 8, "sample_start": 6, "sample_stop": 7}
{"event": "scenario_cache_progress", "scenario_name": "scene_2", "scenario_index": 2, "total_scenarios": 4, "batch_index": 8, "total_batches": 8, "sample_start": 7, "sample_stop": 8}
{"event": "scenario_cache_progress", "scenario_name": "scene_3", "scenario_index": 3, "total_scenarios": 4, "batch_index": 1, "total_batches": 8, "sample_start": 0, "sample_stop": 1}
{"event": "scenario_cache_progress", "scenario_name": "scene_3", "scenario_index": 3, "total_scenarios": 4, "batch_index": 2, "total_batches": 8, "sample_start": 1, "sample_stop": 2}
{"event": "scenario_cache_progress", "scenario_name": "scene_3", "scenario_index": 3, "total_scenarios": 4, "batch_index": 3, "total_batches": 8, "sample_start": 2, "sample_stop": 3}
{"event": "scenario_cache_progress", "scenario_name": "scene_3", "scenario_index": 3, "total_scenarios": 4, "batch_index": 4, "total_batches": 8, "sample_start": 3, "sample_stop": 4}
{"event": "scenario_cache_progress", "scenario_name": "scene_3", "scenario_index": 3, "total_scenarios": 4, "batch_index": 5, "total_batches": 8, "sample_start": 4, "sample_stop": 5}
{"event": "scenario_cache_progress", "scenario_name": "scene_3", "scenario_index": 3, "total_scenarios": 4, "batch_index": 6, "total_batches": 8, "sample_start": 5, "sample_stop": 6}
{"event": "scenario_cache_progress", "scenario_name": "scene_3", "scenario_index": 3, "total_scenarios": 4, "batch_index": 7, "total_batches": 8, "sample_start": 6, "sample_stop": 7}
{"event": "scenario_cache_progress", "scenario_name": "scene_3", "scenario_index": 3, "total_scenarios": 4, "batch_index": 8, "total_batches": 8, "sample_start": 7, "sample_stop": 8}
{"event": "scenario_cache_progress", "scenario_name": "scene_4", "scenario_index": 4, "total_scenarios": 4, "batch_index": 1, "total_batches": 8, "sample_start": 0, "sample_stop": 1}
{"event": "scenario_cache_progress", "scenario_name": "scene_4", "scenario_index": 4, "total_scenarios": 4, "batch_index": 2, "total_batches": 8, "sample_start": 1, "sample_stop": 2}
{"event": "scenario_cache_progress", "scenario_name": "scene_4", "scenario_index": 4, "total_scenarios": 4, "batch_index": 3, "total_batches": 8, "sample_start": 2, "sample_stop": 3}
{"event": "scenario_cache_progress", "scenario_name": "scene_4", "scenario_index": 4, "total_scenarios": 4, "batch_index": 4, "total_batches": 8, "sample_start": 3, "sample_stop": 4}
{"event": "scenario_cache_progress", "scenario_name": "scene_4", "scenario_index": 4, "total_scenarios": 4, "batch_index": 5, "total_batches": 8, "sample_start": 4, "sample_stop": 5}
{"event": "scenario_cache_progress", "scenario_name": "scene_4", "scenario_index": 4, "total_scenarios": 4, "batch_index": 6, "total_batches": 8, "sample_start": 5, "sample_stop": 6}
{"event": "scenario_cache_progress", "scenario_name": "scene_4", "scenario_index": 4, "total_scenarios": 4, "batch_index": 7, "total_batches": 8, "sample_start": 6, "sample_stop": 7}
{"event": "scenario_cache_progress", "scenario_name": "scene_4", "scenario_index": 4, "total_scenarios": 4, "batch_index": 8, "total_batches": 8, "sample_start": 7, "sample_stop": 8}
{"event": "scenario_cache_build_complete", "scenario_count": 4}
{"event": "optimizer_ready", "initial_lr": 0.0001, "trainable_params": 125457}
{"event": "stage3_start", "output_dir": "IFAN_Edge/outputs/stage3/ifan_stage3_full20_freqblock_paper_original_20260419_005314", "device": "cuda", "train_split_path": "/home/cmm/icocnn/datasets/LibriSpeech/LibriSpeech/train-clean-100", "validation_split_path": "/home/cmm/icocnn/datasets/LibriSpeech/LibriSpeech/test-clean", "model_topology": "paper_dual_mainline", "branch_channels": 16, "final_head_pooling": false, "input_ablation_mode": "none", "epochs": 40}
Epoch 1/40:
Epoch 1:   1%|..........| 6/585 [00:00:05<00:08:44,  1.10it/s, loss=0.3321]
Epoch 1:   2%|..........| 12/585 [00:00:11<00:09:01,  1.06it/s, loss=0.3305]
Epoch 1:   3%|..........| 18/585 [00:00:17<00:08:59,  1.05it/s, loss=0.3291]
Epoch 1:   4%|..........| 24/585 [00:00:22<00:08:47,  1.06it/s, loss=0.3277]
Epoch 1:   5%|..........| 30/585 [00:00:28<00:08:40,  1.07it/s, loss=0.3236]
Epoch 1:   6%|..........| 35/585 [00:00:33<00:08:50,  1.04it/s, loss=0.3179]
Epoch 1:   7%|..........| 41/585 [00:00:39<00:08:37,  1.05it/s, loss=0.3081]
Epoch 1:   8%|..........| 46/585 [00:00:44<00:08:38,  1.04it/s, loss=0.3019]
Epoch 1:   9%|..........| 51/585 [00:00:49<00:08:36,  1.03it/s, loss=0.2968]
Epoch 1:  10%|..........| 57/585 [00:00:55<00:08:31,  1.03it/s, loss=0.2885]
Epoch 1:  11%|#.........| 63/585 [00:01:01<00:08:27,  1.03it/s, loss=0.2759]
Epoch 1:  12%|#.........| 69/585 [00:01:06<00:08:21,  1.03it/s, loss=0.2640]
Epoch 1:  13%|#.........| 74/585 [00:01:12<00:08:23,  1.02it/s, loss=0.2555]
Epoch 1:  14%|#.........| 79/585 [00:01:18<00:08:20,  1.01it/s, loss=0.2492]
Epoch 1:  15%|#.........| 85/585 [00:01:23<00:08:13,  1.01it/s, loss=0.2412]
Epoch 1:  15%|#.........| 90/585 [00:01:28<00:08:09,  1.01it/s, loss=0.2345]
Epoch 1:  16%|#.........| 95/585 [00:01:34<00:08:09,  1.00it/s, loss=0.2296]
Epoch 1:  17%|#.........| 100/585 [00:01:39<00:08:04,  1.00it/s, loss=0.2251]
Epoch 1:  18%|#.........| 106/585 [00:01:45<00:07:57,  1.00it/s, loss=0.2185]
Epoch 1:  19%|#.........| 112/585 [00:01:51<00:07:52,  1.00it/s, loss=0.2129]
Epoch 1:  20%|##........| 118/585 [00:01:57<00:07:45,  1.00it/s, loss=0.2077]
Epoch 1:  21%|##........| 124/585 [00:02:03<00:07:38,  1.01it/s, loss=0.2035]
Epoch 1:  22%|##........| 130/585 [00:02:08<00:07:31,  1.01it/s, loss=0.1988]
Epoch 1:  23%|##........| 135/585 [00:02:14<00:07:27,  1.01it/s, loss=0.1952]
Epoch 1:  24%|##........| 140/585 [00:02:19<00:07:22,  1.00it/s, loss=0.1918]
Epoch 1:  25%|##........| 145/585 [00:02:24<00:07:18,  1.00it/s, loss=0.1885]
Epoch 1:  26%|##........| 150/585 [00:02:30<00:07:15,  1.00it/s, loss=0.1851]
Epoch 1:  27%|##........| 156/585 [00:02:35<00:07:08,  1.00it/s, loss=0.1813]
Epoch 1:  28%|##........| 161/585 [00:02:41<00:07:04,  1.00it/s, loss=0.1783]
Epoch 1:  28%|##........| 166/585 [00:02:46<00:06:59,  1.00it/s, loss=0.1754]
Epoch 1:  29%|##........| 171/585 [00:02:51<00:06:54,  1.00it/s, loss=0.1725]
Epoch 1:  30%|###.......| 176/585 [00:02:57<00:06:52,  0.99it/s, loss=0.1699]
Epoch 1:  31%|###.......| 181/585 [00:03:02<00:06:47,  0.99it/s, loss=0.1671]
Epoch 1:  32%|###.......| 186/585 [00:03:07<00:06:42,  0.99it/s, loss=0.1646]
Epoch 1:  33%|###.......| 191/585 [00:03:12<00:06:37,  0.99it/s, loss=0.1628]
Epoch 1:  34%|###.......| 197/585 [00:03:18<00:06:30,  0.99it/s, loss=0.1602]
Epoch 1:  34%|###.......| 201/585 [00:03:23<00:06:28,  0.99it/s, loss=0.1590]
Epoch 1:  35%|###.......| 207/585 [00:03:29<00:06:21,  0.99it/s, loss=0.1575]
Epoch 1:  36%|###.......| 213/585 [00:03:34<00:06:14,  0.99it/s, loss=0.1552]
Epoch 1:  37%|###.......| 219/585 [00:03:40<00:06:08,  0.99it/s, loss=0.1530]
Epoch 1:  38%|###.......| 225/585 [00:03:47<00:06:03,  0.99it/s, loss=0.1510]
Epoch 1:  39%|###.......| 230/585 [00:03:52<00:05:58,  0.99it/s, loss=0.1491]
Epoch 1:  40%|####......| 235/585 [00:03:57<00:05:54,  0.99it/s, loss=0.1479]
Epoch 1:  41%|####......| 241/585 [00:04:03<00:05:47,  0.99it/s, loss=0.1462]
Epoch 1:  42%|####......| 247/585 [00:04:08<00:05:40,  0.99it/s, loss=0.1439]
Epoch 1:  43%|####......| 253/585 [00:04:14<00:05:34,  0.99it/s, loss=0.1419]
Epoch 1:  44%|####......| 258/585 [00:04:19<00:05:29,  0.99it/s, loss=0.1405]
Epoch 1:  45%|####......| 263/585 [00:04:25<00:05:25,  0.99it/s, loss=0.1391]
Epoch 1:  46%|####......| 268/585 [00:04:30<00:05:20,  0.99it/s, loss=0.1374]
Epoch 1:  47%|####......| 274/585 [00:04:36<00:05:13,  0.99it/s, loss=0.1355]
Epoch 1:  48%|####......| 280/585 [00:04:42<00:05:07,  0.99it/s, loss=0.1337]
Epoch 1:  49%|####......| 285/585 [00:04:47<00:05:03,  0.99it/s, loss=0.1324]
Epoch 1:  50%|####......| 290/585 [00:04:53<00:04:58,  0.99it/s, loss=0.1310]
Epoch 1:  50%|#####.....| 295/585 [00:04:59<00:04:54,  0.99it/s, loss=0.1296]
Epoch 1:  51%|#####.....| 301/585 [00:05:04<00:04:47,  0.99it/s, loss=0.1280]
Epoch 1:  52%|#####.....| 306/585 [00:05:10<00:04:43,  0.99it/s, loss=0.1271]
Epoch 1:  53%|#####.....| 312/585 [00:05:16<00:04:36,  0.99it/s, loss=0.1255]
Epoch 1:  54%|#####.....| 317/585 [00:05:21<00:04:32,  0.99it/s, loss=0.1245]
Epoch 1:  55%|#####.....| 323/585 [00:05:27<00:04:25,  0.99it/s, loss=0.1231]
Epoch 1:  56%|#####.....| 328/585 [00:05:33<00:04:20,  0.98it/s, loss=0.1221]
Epoch 1:  57%|#####.....| 334/585 [00:05:38<00:04:14,  0.99it/s, loss=0.1208]
Epoch 1:  58%|#####.....| 340/585 [00:05:44<00:04:08,  0.99it/s, loss=0.1194]
Epoch 1:  59%|#####.....| 345/585 [00:05:49<00:04:03,  0.99it/s, loss=0.1185]
Epoch 1:  60%|######....| 351/585 [00:05:54<00:03:56,  0.99it/s, loss=0.1173]
Epoch 1:  61%|######....| 357/585 [00:06:00<00:03:50,  0.99it/s, loss=0.1161]
Epoch 1:  62%|######....| 362/585 [00:06:05<00:03:45,  0.99it/s, loss=0.1152]
Epoch 1:  63%|######....| 368/585 [00:06:11<00:03:39,  0.99it/s, loss=0.1141]
Epoch 1:  64%|######....| 374/585 [00:06:17<00:03:32,  0.99it/s, loss=0.1129]
Epoch 1:  65%|######....| 380/585 [00:06:22<00:03:26,  0.99it/s, loss=0.1118]
Epoch 1:  66%|######....| 386/585 [00:06:28<00:03:20,  0.99it/s, loss=0.1108]
Epoch 1:  67%|######....| 392/585 [00:06:34<00:03:14,  0.99it/s, loss=0.1099]
Epoch 1:  68%|######....| 397/585 [00:06:39<00:03:09,  0.99it/s, loss=0.1092]
Epoch 1:  69%|######....| 403/585 [00:06:44<00:03:02,  1.00it/s, loss=0.1082]
Epoch 1:  70%|######....| 409/585 [00:06:50<00:02:56,  1.00it/s, loss=0.1075]
Epoch 1:  71%|#######...| 415/585 [00:06:56<00:02:50,  1.00it/s, loss=0.1070]
Epoch 1:  72%|#######...| 420/585 [00:07:01<00:02:45,  1.00it/s, loss=0.1064]
Epoch 1:  73%|#######...| 426/585 [00:07:07<00:02:39,  1.00it/s, loss=0.1057]
Epoch 1:  74%|#######...| 431/585 [00:07:12<00:02:34,  1.00it/s, loss=0.1050]
Epoch 1:  75%|#######...| 436/585 [00:07:17<00:02:29,  1.00it/s, loss=0.1044]
Epoch 1:  75%|#######...| 441/585 [00:07:23<00:02:24,  1.00it/s, loss=0.1037]
Epoch 1:  76%|#######...| 447/585 [00:07:28<00:02:18,  1.00it/s, loss=0.1028]
Epoch 1:  77%|#######...| 453/585 [00:07:34<00:02:12,  1.00it/s, loss=0.1019]
Epoch 1:  78%|#######...| 459/585 [00:07:39<00:02:06,  1.00it/s, loss=0.1012]
Epoch 1:  79%|#######...| 465/585 [00:07:45<00:02:00,  1.00it/s, loss=0.1006]
Epoch 1:  81%|########..| 471/585 [00:07:51<00:01:54,  1.00it/s, loss=0.0998]
Epoch 1:  81%|########..| 476/585 [00:07:57<00:01:49,  1.00it/s, loss=0.0993]
Epoch 1:  82%|########..| 481/585 [00:08:02<00:01:44,  1.00it/s, loss=0.0988]
Epoch 1:  83%|########..| 487/585 [00:08:07<00:01:38,  1.00it/s, loss=0.0982]
Epoch 1:  84%|########..| 492/585 [00:08:12<00:01:33,  1.00it/s, loss=0.0977]
Epoch 1:  85%|########..| 498/585 [00:08:18<00:01:27,  1.00it/s, loss=0.0970]
Epoch 1:  86%|########..| 504/585 [00:08:24<00:01:21,  1.00it/s, loss=0.0964]
Epoch 1:  87%|########..| 510/585 [00:08:30<00:01:15,  1.00it/s, loss=0.0958]
Epoch 1:  88%|########..| 515/585 [00:08:35<00:01:10,  1.00it/s, loss=0.0953]
Epoch 1:  89%|########..| 520/585 [00:08:40<00:01:05,  1.00it/s, loss=0.0948]
Epoch 1:  90%|########..| 524/585 [00:08:45<00:01:01,  1.00it/s, loss=0.0945]
Epoch 1:  90%|#########.| 529/585 [00:08:51<00:00:56,  1.00it/s, loss=0.0942]
Epoch 1:  91%|#########.| 534/585 [00:08:56<00:00:51,  0.99it/s, loss=0.0939]
Epoch 1:  92%|#########.| 540/585 [00:09:02<00:00:45,  0.99it/s, loss=0.0937]
Epoch 1:  93%|#########.| 545/585 [00:09:08<00:00:40,  0.99it/s, loss=0.0934]
Epoch 1:  94%|#########.| 551/585 [00:09:14<00:00:34,  0.99it/s, loss=0.0929]
Epoch 1:  95%|#########.| 556/585 [00:09:19<00:00:29,  0.99it/s, loss=0.0925]
Epoch 1:  96%|#########.| 562/585 [00:09:24<00:00:23,  1.00it/s, loss=0.0921]
Epoch 1:  97%|#########.| 567/585 [00:09:29<00:00:18,  1.00it/s, loss=0.0917]
Epoch 1:  98%|#########.| 573/585 [00:09:35<00:00:12,  1.00it/s, loss=0.0913]
Epoch 1:  99%|#########.| 579/585 [00:09:40<00:00:06,  1.00it/s, loss=0.0909]
Epoch 1: 100%|#########.| 584/585 [00:09:45<00:00:01,  1.00it/s, loss=0.0905]
Epoch 1: 100%|##########| 585/585 [00:09:46<00:00:00,  1.00it/s, loss=0.0904]
Test loss: 0.0437, Test rmsae: 14.11deg
{"event": "epoch_complete", "epoch": 1, "phase": 1, "lr": 0.0001, "batch_size": 1, "micro_batch_size": 1, "train_loss": 0.09040361893737418, "val_loss": 0.04371221654582769, "val_rmsae_deg": 14.113436833024025, "epoch_time_s": 587.7297113479581}
{"event": "checkpoint_saved", "tag": "best_rmsae", "epoch": 1, "path": "IFAN_Edge/outputs/stage3/ifan_stage3_full20_freqblock_paper_original_20260419_005314/checkpoints/best_rmsae.pt", "val_rmsae_deg": 14.113436833024025}
Epoch 2/40:
Epoch 2:   1%|..........| 6/585 [00:00:05<00:09:14,  1.04it/s, loss=0.0444]
Epoch 2:   2%|..........| 11/585 [00:00:10<00:09:27,  1.01it/s, loss=0.0463]
Epoch 2:   3%|..........| 16/585 [00:00:16<00:09:31,  1.00it/s, loss=0.0441]
Epoch 2:   4%|..........| 22/585 [00:00:22<00:09:33,  0.98it/s, loss=0.0432]
Epoch 2:   5%|..........| 27/585 [00:00:27<00:09:34,  0.97it/s, loss=0.0445]
Epoch 2:   5%|..........| 32/585 [00:00:33<00:09:32,  0.97it/s, loss=0.0446]
Epoch 2:   6%|..........| 38/585 [00:00:38<00:09:20,  0.98it/s, loss=0.0451]
Epoch 2:   7%|..........| 43/585 [00:00:44<00:09:21,  0.97it/s, loss=0.0446]
Epoch 2:   8%|..........| 49/585 [00:00:50<00:09:07,  0.98it/s, loss=0.0442]
Epoch 2:   9%|..........| 55/585 [00:00:55<00:08:50,  1.00it/s, loss=0.0432]
Epoch 2:  10%|#.........| 61/585 [00:01:00<00:08:40,  1.01it/s, loss=0.0425]
Epoch 2:  11%|#.........| 66/585 [00:01:06<00:08:41,  1.00it/s, loss=0.0420]
Epoch 2:  12%|#.........| 72/585 [00:01:12<00:08:38,  0.99it/s, loss=0.0424]
Epoch 2:  13%|#.........| 78/585 [00:01:18<00:08:30,  0.99it/s, loss=0.0423]
Epoch 2:  14%|#.........| 84/585 [00:01:24<00:08:23,  1.00it/s, loss=0.0423]
Epoch 2:  15%|#.........| 90/585 [00:01:30<00:08:15,  1.00it/s, loss=0.0421]
Epoch 2:  16%|#.........| 96/585 [00:01:35<00:08:07,  1.00it/s, loss=0.0416]
Epoch 2:  17%|#.........| 101/585 [00:01:40<00:08:03,  1.00it/s, loss=0.0413]
Epoch 2:  18%|#.........| 107/585 [00:01:46<00:07:57,  1.00it/s, loss=0.0412]
Epoch 2:  19%|#.........| 112/585 [00:01:52<00:07:53,  1.00it/s, loss=0.0412]
Epoch 2:  20%|##........| 117/585 [00:01:57<00:07:48,  1.00it/s, loss=0.0411]
Epoch 2:  21%|##........| 122/585 [00:02:02<00:07:43,  1.00it/s, loss=0.0407]
Epoch 2:  22%|##........| 127/585 [00:02:07<00:07:40,  1.00it/s, loss=0.0406]
Epoch 2:  23%|##........| 133/585 [00:02:12<00:07:30,  1.00it/s, loss=0.0403]
Epoch 2:  24%|##........| 139/585 [00:02:18<00:07:24,  1.00it/s, loss=0.0402]
Epoch 2:  25%|##........| 145/585 [00:02:24<00:07:17,  1.01it/s, loss=0.0399]
Epoch 2:  25%|##........| 149/585 [00:02:29<00:07:16,  1.00it/s, loss=0.0401]
Epoch 2:  26%|##........| 155/585 [00:02:35<00:07:10,  1.00it/s, loss=0.0403]
Epoch 2:  28%|##........| 161/585 [00:02:40<00:07:03,  1.00it/s, loss=0.0405]
Epoch 2:  28%|##........| 166/585 [00:02:46<00:06:59,  1.00it/s, loss=0.0404]
Epoch 2:  29%|##........| 170/585 [00:02:51<00:06:58,  0.99it/s, loss=0.0407]
Epoch 2:  30%|##........| 175/585 [00:02:56<00:06:54,  0.99it/s, loss=0.0407]
Epoch 2:  31%|###.......| 181/585 [00:03:02<00:06:46,  0.99it/s, loss=0.0405]
Epoch 2:  32%|###.......| 186/585 [00:03:07<00:06:42,  0.99it/s, loss=0.0404]
Epoch 2:  33%|###.......| 191/585 [00:03:13<00:06:38,  0.99it/s, loss=0.0403]
Epoch 2:  34%|###.......| 196/585 [00:03:18<00:06:34,  0.99it/s, loss=0.0403]
Epoch 2:  35%|###.......| 202/585 [00:03:24<00:06:27,  0.99it/s, loss=0.0402]
Epoch 2:  36%|###.......| 208/585 [00:03:30<00:06:20,  0.99it/s, loss=0.0400]
Epoch 2:  37%|###.......| 214/585 [00:03:35<00:06:14,  0.99it/s, loss=0.0397]
Epoch 2:  37%|###.......| 219/585 [00:03:41<00:06:09,  0.99it/s, loss=0.0397]
Epoch 2:  38%|###.......| 224/585 [00:03:46<00:06:04,  0.99it/s, loss=0.0396]
Epoch 2:  39%|###.......| 230/585 [00:03:51<00:05:57,  0.99it/s, loss=0.0394]
Epoch 2:  40%|####......| 236/585 [00:03:57<00:05:50,  0.99it/s, loss=0.0393]
Epoch 2:  41%|####......| 242/585 [00:04:02<00:05:44,  1.00it/s, loss=0.0392]
Epoch 2:  42%|####......| 248/585 [00:04:08<00:05:37,  1.00it/s, loss=0.0390]
Epoch 2:  43%|####......| 254/585 [00:04:14<00:05:31,  1.00it/s, loss=0.0388]
Epoch 2:  44%|####......| 259/585 [00:04:19<00:05:26,  1.00it/s, loss=0.0388]
Epoch 2:  45%|####......| 264/585 [00:04:24<00:05:22,  1.00it/s, loss=0.0387]
Epoch 2:  46%|####......| 270/585 [00:04:30<00:05:15,  1.00it/s, loss=0.0385]
Epoch 2:  47%|####......| 275/585 [00:04:36<00:05:11,  1.00it/s, loss=0.0389]
Epoch 2:  48%|####......| 281/585 [00:04:41<00:05:04,  1.00it/s, loss=0.0390]
Epoch 2:  49%|####......| 287/585 [00:04:47<00:04:58,  1.00it/s, loss=0.0390]
Epoch 2:  50%|#####.....| 293/585 [00:04:53<00:04:52,  1.00it/s, loss=0.0392]
Epoch 2:  51%|#####.....| 299/585 [00:04:59<00:04:46,  1.00it/s, loss=0.0390]
Epoch 2:  52%|#####.....| 304/585 [00:05:04<00:04:41,  1.00it/s, loss=0.0391]
Epoch 2:  53%|#####.....| 310/585 [00:05:09<00:04:34,  1.00it/s, loss=0.0390]
Epoch 2:  54%|#####.....| 316/585 [00:05:15<00:04:28,  1.00it/s, loss=0.0390]
Epoch 2:  55%|#####.....| 322/585 [00:05:21<00:04:22,  1.00it/s, loss=0.0391]
Epoch 2:  56%|#####.....| 328/585 [00:05:26<00:04:16,  1.00it/s, loss=0.0392]
Epoch 2:  57%|#####.....| 334/585 [00:05:32<00:04:09,  1.00it/s, loss=0.0391]
Epoch 2:  58%|#####.....| 339/585 [00:05:38<00:04:05,  1.00it/s, loss=0.0391]
Epoch 2:  59%|#####.....| 344/585 [00:05:43<00:04:00,  1.00it/s, loss=0.0391]
Epoch 2:  60%|#####.....| 350/585 [00:05:48<00:03:54,  1.00it/s, loss=0.0390]
Epoch 2:  61%|######....| 356/585 [00:05:54<00:03:47,  1.00it/s, loss=0.0389]
Epoch 2:  62%|######....| 361/585 [00:05:59<00:03:43,  1.00it/s, loss=0.0387]
Epoch 2:  63%|######....| 367/585 [00:06:05<00:03:37,  1.00it/s, loss=0.0387]
Epoch 2:  64%|######....| 373/585 [00:06:11<00:03:31,  1.00it/s, loss=0.0385]
Epoch 2:  65%|######....| 379/585 [00:06:17<00:03:25,  1.00it/s, loss=0.0385]
Epoch 2:  66%|######....| 384/585 [00:06:22<00:03:20,  1.00it/s, loss=0.0386]
Epoch 2:  67%|######....| 390/585 [00:06:28<00:03:14,  1.00it/s, loss=0.0385]
Epoch 2:  68%|######....| 396/585 [00:06:34<00:03:08,  1.00it/s, loss=0.0385]
Epoch 2:  69%|######....| 402/585 [00:06:39<00:03:01,  1.01it/s, loss=0.0385]
Epoch 2:  70%|######....| 407/585 [00:06:45<00:02:57,  1.00it/s, loss=0.0385]
Epoch 2:  70%|#######...| 412/585 [00:06:51<00:02:52,  1.00it/s, loss=0.0386]
Epoch 2:  71%|#######...| 417/585 [00:06:56<00:02:47,  1.00it/s, loss=0.0385]
Epoch 2:  72%|#######...| 423/585 [00:07:02<00:02:41,  1.00it/s, loss=0.0384]
Epoch 2:  73%|#######...| 428/585 [00:07:07<00:02:36,  1.00it/s, loss=0.0383]
Epoch 2:  74%|#######...| 432/585 [00:07:12<00:02:33,  1.00it/s, loss=0.0385]
Epoch 2:  75%|#######...| 438/585 [00:07:17<00:02:26,  1.00it/s, loss=0.0384]
Epoch 2:  76%|#######...| 444/585 [00:07:24<00:02:21,  1.00it/s, loss=0.0383]
Epoch 2:  77%|#######...| 449/585 [00:07:29<00:02:16,  1.00it/s, loss=0.0382]
Epoch 2:  78%|#######...| 454/585 [00:07:34<00:02:11,  1.00it/s, loss=0.0382]
Epoch 2:  78%|#######...| 459/585 [00:07:40<00:02:06,  1.00it/s, loss=0.0381]
Epoch 2:  79%|#######...| 463/585 [00:07:45<00:02:02,  0.99it/s, loss=0.0381]
Epoch 2:  80%|########..| 469/585 [00:07:51<00:01:56,  0.99it/s, loss=0.0380]
Epoch 2:  81%|########..| 475/585 [00:07:56<00:01:50,  1.00it/s, loss=0.0379]
Epoch 2:  82%|########..| 481/585 [00:08:02<00:01:44,  1.00it/s, loss=0.0378]
Epoch 2:  83%|########..| 486/585 [00:08:07<00:01:39,  1.00it/s, loss=0.0378]
Epoch 2:  84%|########..| 491/585 [00:08:12<00:01:34,  1.00it/s, loss=0.0377]
Epoch 2:  85%|########..| 496/585 [00:08:17<00:01:29,  1.00it/s, loss=0.0376]
Epoch 2:  86%|########..| 502/585 [00:08:23<00:01:23,  1.00it/s, loss=0.0376]
Epoch 2:  87%|########..| 508/585 [00:08:29<00:01:17,  1.00it/s, loss=0.0375]
Epoch 2:  88%|########..| 513/585 [00:08:34<00:01:12,  1.00it/s, loss=0.0374]
Epoch 2:  89%|########..| 518/585 [00:08:40<00:01:07,  1.00it/s, loss=0.0374]
Epoch 2:  89%|########..| 523/585 [00:08:45<00:01:02,  1.00it/s, loss=0.0376]
Epoch 2:  90%|#########.| 529/585 [00:08:50<00:00:56,  1.00it/s, loss=0.0375]
Epoch 2:  91%|#########.| 534/585 [00:08:55<00:00:51,  1.00it/s, loss=0.0376]
Epoch 2:  92%|#########.| 540/585 [00:09:01<00:00:45,  1.00it/s, loss=0.0376]
Epoch 2:  93%|#########.| 546/585 [00:09:06<00:00:39,  1.00it/s, loss=0.0375]
Epoch 2:  94%|#########.| 552/585 [00:09:12<00:00:33,  1.00it/s, loss=0.0374]
Epoch 2:  95%|#########.| 558/585 [00:09:18<00:00:27,  1.00it/s, loss=0.0374]
Epoch 2:  96%|#########.| 564/585 [00:09:23<00:00:20,  1.00it/s, loss=0.0373]
Epoch 2:  97%|#########.| 570/585 [00:09:29<00:00:14,  1.00it/s, loss=0.0372]
Epoch 2:  98%|#########.| 576/585 [00:09:35<00:00:08,  1.00it/s, loss=0.0371]
Epoch 2:  99%|#########.| 581/585 [00:09:40<00:00:03,  1.00it/s, loss=0.0371]
Epoch 2: 100%|##########| 585/585 [00:09:45<00:00:00,  1.00it/s, loss=0.0372]
Test loss: 0.0333, Test rmsae: 11.71deg
{"event": "epoch_complete", "epoch": 2, "phase": 1, "lr": 0.0001, "batch_size": 1, "micro_batch_size": 1, "train_loss": 0.037186857131429205, "val_loss": 0.03334952727891505, "val_rmsae_deg": 11.712120592594147, "epoch_time_s": 586.2844811199466}
{"event": "checkpoint_saved", "tag": "best_rmsae", "epoch": 2, "path": "IFAN_Edge/outputs/stage3/ifan_stage3_full20_freqblock_paper_original_20260419_005314/checkpoints/best_rmsae.pt", "val_rmsae_deg": 11.712120592594147}
Epoch 3/40:
Epoch 3:   1%|..........| 5/585 [00:00:06<00:11:53,  0.81it/s, loss=0.0323]
Epoch 3:   2%|..........| 10/585 [00:00:11<00:11:14,  0.85it/s, loss=0.0364]
Epoch 3:   3%|..........| 15/585 [00:00:18<00:11:27,  0.83it/s, loss=0.0417]
Epoch 3:   4%|..........| 21/585 [00:00:23<00:10:38,  0.88it/s, loss=0.0422]
Epoch 3:   5%|..........| 27/585 [00:00:29<00:10:08,  0.92it/s, loss=0.0423]
Epoch 3:   5%|..........| 32/585 [00:00:34<00:09:57,  0.93it/s, loss=0.0402]
Epoch 3:   6%|..........| 38/585 [00:00:40<00:09:36,  0.95it/s, loss=0.0398]
Epoch 3:   8%|..........| 44/585 [00:00:45<00:09:18,  0.97it/s, loss=0.0394]
Epoch 3:   9%|..........| 50/585 [00:00:50<00:09:05,  0.98it/s, loss=0.0390]
Epoch 3:  10%|..........| 56/585 [00:00:57<00:09:00,  0.98it/s, loss=0.0379]
Epoch 3:  11%|#.........| 62/585 [00:01:02<00:08:47,  0.99it/s, loss=0.0371]
Epoch 3:  12%|#.........| 68/585 [00:01:08<00:08:38,  1.00it/s, loss=0.0368]
Epoch 3:  13%|#.........| 74/585 [00:01:13<00:08:30,  1.00it/s, loss=0.0363]
Epoch 3:  14%|#.........| 79/585 [00:01:19<00:08:26,  1.00it/s, loss=0.0358]
Epoch 3:  15%|#.........| 85/585 [00:01:24<00:08:15,  1.01it/s, loss=0.0354]
Epoch 3:  15%|#.........| 90/585 [00:01:29<00:08:10,  1.01it/s, loss=0.0348]
Epoch 3:  16%|#.........| 96/585 [00:01:34<00:08:03,  1.01it/s, loss=0.0345]
Epoch 3:  17%|#.........| 101/585 [00:01:40<00:08:00,  1.01it/s, loss=0.0342]
Epoch 3:  18%|#.........| 107/585 [00:01:46<00:07:56,  1.00it/s, loss=0.0338]
Epoch 3:  19%|#.........| 113/585 [00:01:52<00:07:49,  1.01it/s, loss=0.0334]
Epoch 3:  20%|##........| 118/585 [00:01:57<00:07:44,  1.01it/s, loss=0.0334]
Epoch 3:  21%|##........| 124/585 [00:02:02<00:07:36,  1.01it/s, loss=0.0332]
Epoch 3:  22%|##........| 129/585 [00:02:08<00:07:33,  1.01it/s, loss=0.0333]
Epoch 3:  23%|##........| 134/585 [00:02:13<00:07:29,  1.00it/s, loss=0.0332]
Epoch 3:  24%|##........| 139/585 [00:02:19<00:07:27,  1.00it/s, loss=0.0331]
Epoch 3:  25%|##........| 145/585 [00:02:24<00:07:19,  1.00it/s, loss=0.0329]
Epoch 3:  26%|##........| 151/585 [00:02:30<00:07:12,  1.00it/s, loss=0.0329]
Epoch 3:  27%|##........| 156/585 [00:02:36<00:07:09,  1.00it/s, loss=0.0332]
Epoch 3:  28%|##........| 162/585 [00:02:41<00:07:02,  1.00it/s, loss=0.0330]
Epoch 3:  29%|##........| 167/585 [00:02:46<00:06:57,  1.00it/s, loss=0.0330]
Epoch 3:  29%|##........| 172/585 [00:02:52<00:06:53,  1.00it/s, loss=0.0334]
Epoch 3:  30%|###.......| 177/585 [00:02:57<00:06:48,  1.00it/s, loss=0.0336]
Epoch 3:  31%|###.......| 183/585 [00:03:03<00:06:42,  1.00it/s, loss=0.0336]
Epoch 3:  32%|###.......| 189/585 [00:03:09<00:06:36,  1.00it/s, loss=0.0335]
Epoch 3:  33%|###.......| 194/585 [00:03:14<00:06:31,  1.00it/s, loss=0.0335]
Epoch 3:  34%|###.......| 198/585 [00:03:19<00:06:29,  0.99it/s, loss=0.0335]
Epoch 3:  35%|###.......| 204/585 [00:03:24<00:06:22,  1.00it/s, loss=0.0334]
Epoch 3:  36%|###.......| 210/585 [00:03:31<00:06:16,  1.00it/s, loss=0.0335]
Epoch 3:  37%|###.......| 215/585 [00:03:36<00:06:11,  0.99it/s, loss=0.0334]
Epoch 3:  38%|###.......| 220/585 [00:03:41<00:06:07,  0.99it/s, loss=0.0334]
Epoch 3:  39%|###.......| 226/585 [00:03:47<00:06:01,  0.99it/s, loss=0.0333]
Epoch 3:  39%|###.......| 231/585 [00:03:53<00:05:57,  0.99it/s, loss=0.0332]
Epoch 3:  41%|####......| 237/585 [00:03:59<00:05:51,  0.99it/s, loss=0.0330]
Epoch 3:  42%|####......| 243/585 [00:04:05<00:05:44,  0.99it/s, loss=0.0330]
Epoch 3:  43%|####......| 249/585 [00:04:10<00:05:38,  0.99it/s, loss=0.0330]
Epoch 3:  44%|####......| 255/585 [00:04:16<00:05:31,  1.00it/s, loss=0.0329]
Epoch 3:  45%|####......| 261/585 [00:04:21<00:05:24,  1.00it/s, loss=0.0328]
Epoch 3:  45%|####......| 266/585 [00:04:26<00:05:19,  1.00it/s, loss=0.0328]
Epoch 3:  46%|####......| 271/585 [00:04:31<00:05:15,  1.00it/s, loss=0.0329]
Epoch 3:  47%|####......| 277/585 [00:04:37<00:05:08,  1.00it/s, loss=0.0328]
Epoch 3:  48%|####......| 282/585 [00:04:42<00:05:03,  1.00it/s, loss=0.0327]
Epoch 3:  49%|####......| 288/585 [00:04:48<00:04:57,  1.00it/s, loss=0.0327]
Epoch 3:  50%|#####.....| 293/585 [00:04:53<00:04:52,  1.00it/s, loss=0.0327]
Epoch 3:  51%|#####.....| 299/585 [00:04:59<00:04:46,  1.00it/s, loss=0.0327]
Epoch 3:  52%|#####.....| 305/585 [00:05:04<00:04:39,  1.00it/s, loss=0.0326]
Epoch 3:  53%|#####.....| 310/585 [00:05:09<00:04:34,  1.00it/s, loss=0.0327]
Epoch 3:  54%|#####.....| 315/585 [00:05:15<00:04:30,  1.00it/s, loss=0.0329]
Epoch 3:  55%|#####.....| 320/585 [00:05:20<00:04:25,  1.00it/s, loss=0.0329]
Epoch 3:  56%|#####.....| 326/585 [00:05:26<00:04:19,  1.00it/s, loss=0.0328]
Epoch 3:  57%|#####.....| 331/585 [00:05:31<00:04:14,  1.00it/s, loss=0.0328]
Epoch 3:  58%|#####.....| 337/585 [00:05:36<00:04:07,  1.00it/s, loss=0.0327]
Epoch 3:  59%|#####.....| 343/585 [00:05:41<00:04:01,  1.00it/s, loss=0.0326]
Epoch 3:  59%|#####.....| 348/585 [00:05:47<00:03:56,  1.00it/s, loss=0.0328]
Epoch 3:  60%|######....| 353/585 [00:05:52<00:03:51,  1.00it/s, loss=0.0328]
Epoch 3:  61%|######....| 358/585 [00:05:57<00:03:46,  1.00it/s, loss=0.0328]
Epoch 3:  62%|######....| 364/585 [00:06:03<00:03:40,  1.00it/s, loss=0.0327]
Epoch 3:  63%|######....| 370/585 [00:06:08<00:03:34,  1.00it/s, loss=0.0326]
Epoch 3:  64%|######....| 375/585 [00:06:14<00:03:29,  1.00it/s, loss=0.0325]
Epoch 3:  65%|######....| 381/585 [00:06:20<00:03:23,  1.00it/s, loss=0.0324]
Epoch 3:  66%|######....| 386/585 [00:06:25<00:03:18,  1.00it/s, loss=0.0323]
Epoch 3:  67%|######....| 392/585 [00:06:31<00:03:12,  1.00it/s, loss=0.0324]
Epoch 3:  68%|######....| 398/585 [00:06:37<00:03:06,  1.00it/s, loss=0.0324]
Epoch 3:  69%|######....| 403/585 [00:06:43<00:03:02,  1.00it/s, loss=0.0324]
Epoch 3:  70%|######....| 409/585 [00:06:48<00:02:55,  1.00it/s, loss=0.0323]
Epoch 3:  71%|#######...| 415/585 [00:06:54<00:02:49,  1.00it/s, loss=0.0322]
Epoch 3:  72%|#######...| 420/585 [00:06:59<00:02:44,  1.00it/s, loss=0.0321]
Epoch 3:  73%|#######...| 425/585 [00:07:05<00:02:40,  1.00it/s, loss=0.0321]
Epoch 3:  74%|#######...| 431/585 [00:07:11<00:02:34,  1.00it/s, loss=0.0321]
Epoch 3:  75%|#######...| 436/585 [00:07:16<00:02:29,  1.00it/s, loss=0.0321]
Epoch 3:  75%|#######...| 441/585 [00:07:21<00:02:24,  1.00it/s, loss=0.0321]
Epoch 3:  76%|#######...| 447/585 [00:07:27<00:02:18,  1.00it/s, loss=0.0321]
Epoch 3:  77%|#######...| 453/585 [00:07:33<00:02:12,  1.00it/s, loss=0.0321]
Epoch 3:  78%|#######...| 459/585 [00:07:39<00:02:06,  1.00it/s, loss=0.0322]
Epoch 3:  79%|#######...| 464/585 [00:07:44<00:02:01,  1.00it/s, loss=0.0322]
Epoch 3:  80%|########..| 470/585 [00:07:50<00:01:55,  1.00it/s, loss=0.0322]
Epoch 3:  81%|########..| 476/585 [00:07:55<00:01:48,  1.00it/s, loss=0.0322]
Epoch 3:  82%|########..| 481/585 [00:08:01<00:01:44,  1.00it/s, loss=0.0323]
Epoch 3:  83%|########..| 486/585 [00:08:07<00:01:39,  1.00it/s, loss=0.0323]
Epoch 3:  84%|########..| 492/585 [00:08:12<00:01:33,  1.00it/s, loss=0.0323]
Epoch 3:  85%|########..| 498/585 [00:08:18<00:01:27,  1.00it/s, loss=0.0322]
Epoch 3:  86%|########..| 504/585 [00:08:23<00:01:20,  1.00it/s, loss=0.0322]
Epoch 3:  87%|########..| 510/585 [00:08:29<00:01:14,  1.00it/s, loss=0.0321]
Epoch 3:  88%|########..| 515/585 [00:08:34<00:01:09,  1.00it/s, loss=0.0321]
Epoch 3:  89%|########..| 521/585 [00:08:39<00:01:03,  1.00it/s, loss=0.0320]
Epoch 3:  90%|########..| 526/585 [00:08:45<00:00:58,  1.00it/s, loss=0.0321]
Epoch 3:  91%|#########.| 531/585 [00:08:50<00:00:53,  1.00it/s, loss=0.0320]
Epoch 3:  92%|#########.| 537/585 [00:08:55<00:00:47,  1.00it/s, loss=0.0320]
Epoch 3:  93%|#########.| 543/585 [00:09:01<00:00:41,  1.00it/s, loss=0.0320]
Epoch 3:  94%|#########.| 549/585 [00:09:06<00:00:35,  1.00it/s, loss=0.0320]
Epoch 3:  95%|#########.| 555/585 [00:09:12<00:00:29,  1.00it/s, loss=0.0320]
Epoch 3:  96%|#########.| 560/585 [00:09:18<00:00:24,  1.00it/s, loss=0.0320]
Epoch 3:  97%|#########.| 566/585 [00:09:23<00:00:18,  1.00it/s, loss=0.0319]
Epoch 3:  98%|#########.| 571/585 [00:09:29<00:00:13,  1.00it/s, loss=0.0320]
Epoch 3:  98%|#########.| 576/585 [00:09:34<00:00:08,  1.00it/s, loss=0.0319]
Epoch 3:  99%|#########.| 581/585 [00:09:39<00:00:03,  1.00it/s, loss=0.0319]
Epoch 3: 100%|##########| 585/585 [00:09:44<00:00:00,  1.00it/s, loss=0.0319]
Test loss: 0.0321, Test rmsae: 11.73deg
{"event": "epoch_complete", "epoch": 3, "phase": 1, "lr": 0.0001, "batch_size": 1, "micro_batch_size": 1, "train_loss": 0.0319265070793211, "val_loss": 0.03213378769578412, "val_rmsae_deg": 11.729597732424736, "epoch_time_s": 584.8433721339097}
Epoch 4/40:
Epoch 4:   1%|..........| 5/585 [00:00:05<00:10:28,  0.92it/s, loss=0.0352]
Epoch 4:   2%|..........| 11/585 [00:00:11<00:09:49,  0.97it/s, loss=0.0321]
Epoch 4:   3%|..........| 17/585 [00:00:17<00:09:37,  0.98it/s, loss=0.0312]
Epoch 4:   4%|..........| 22/585 [00:00:22<00:09:32,  0.98it/s, loss=0.0296]
Epoch 4:   5%|..........| 28/585 [00:00:28<00:09:21,  0.99it/s, loss=0.0301]
Epoch 4:   6%|..........| 34/585 [00:00:33<00:09:08,  1.01it/s, loss=0.0293]
Epoch 4:   7%|..........| 40/585 [00:00:39<00:09:01,  1.01it/s, loss=0.0286]
Epoch 4:   8%|..........| 45/585 [00:00:44<00:08:59,  1.00it/s, loss=0.0293]
Epoch 4:   8%|..........| 49/585 [00:00:50<00:09:11,  0.97it/s, loss=0.0298]
Epoch 4:   9%|..........| 54/585 [00:00:55<00:09:07,  0.97it/s, loss=0.0294]
Epoch 4:  10%|#.........| 59/585 [00:01:00<00:09:00,  0.97it/s, loss=0.0297]
Epoch 4:  11%|#.........| 64/585 [00:01:06<00:09:00,  0.96it/s, loss=0.0297]
Epoch 4:  12%|#.........| 70/585 [00:01:12<00:08:50,  0.97it/s, loss=0.0294]
Epoch 4:  13%|#.........| 76/585 [00:01:18<00:08:42,  0.97it/s, loss=0.0292]
Epoch 4:  14%|#.........| 82/585 [00:01:23<00:08:32,  0.98it/s, loss=0.0296]
Epoch 4:  15%|#.........| 87/585 [00:01:29<00:08:33,  0.97it/s, loss=0.0295]
Epoch 4:  16%|#.........| 93/585 [00:01:34<00:08:22,  0.98it/s, loss=0.0292]
Epoch 4:  17%|#.........| 99/585 [00:01:40<00:08:15,  0.98it/s, loss=0.0291]
Epoch 4:  18%|#.........| 104/585 [00:01:46<00:08:10,  0.98it/s, loss=0.0293]
Epoch 4:  19%|#.........| 110/585 [00:01:51<00:08:02,  0.98it/s, loss=0.0293]
Epoch 4:  20%|#.........| 115/585 [00:01:57<00:07:58,  0.98it/s, loss=0.0295]
Epoch 4:  21%|##........| 120/585 [00:02:02<00:07:54,  0.98it/s, loss=0.0297]
Epoch 4:  22%|##........| 126/585 [00:02:08<00:07:48,  0.98it/s, loss=0.0297]
Epoch 4:  23%|##........| 132/585 [00:02:14<00:07:42,  0.98it/s, loss=0.0297]
Epoch 4:  23%|##........| 137/585 [00:02:19<00:07:37,  0.98it/s, loss=0.0296]
Epoch 4:  24%|##........| 143/585 [00:02:25<00:07:29,  0.98it/s, loss=0.0295]
Epoch 4:  25%|##........| 149/585 [00:02:31<00:07:23,  0.98it/s, loss=0.0295]
Epoch 4:  26%|##........| 154/585 [00:02:37<00:07:19,  0.98it/s, loss=0.0295]
Epoch 4:  27%|##........| 159/585 [00:02:42<00:07:15,  0.98it/s, loss=0.0297]
Epoch 4:  28%|##........| 165/585 [00:02:48<00:07:08,  0.98it/s, loss=0.0294]
Epoch 4:  29%|##........| 171/585 [00:02:53<00:07:00,  0.98it/s, loss=0.0296]
Epoch 4:  30%|###.......| 177/585 [00:02:59<00:06:53,  0.99it/s, loss=0.0296]
Epoch 4:  31%|###.......| 183/585 [00:03:05<00:06:47,  0.99it/s, loss=0.0298]
Epoch 4:  32%|###.......| 188/585 [00:03:10<00:06:42,  0.99it/s, loss=0.0299]
Epoch 4:  33%|###.......| 194/585 [00:03:16<00:06:35,  0.99it/s, loss=0.0298]
Epoch 4:  34%|###.......| 200/585 [00:03:21<00:06:27,  0.99it/s, loss=0.0296]
Epoch 4:  35%|###.......| 206/585 [00:03:27<00:06:20,  0.99it/s, loss=0.0296]
Epoch 4:  36%|###.......| 211/585 [00:03:32<00:06:17,  0.99it/s, loss=0.0297]
Epoch 4:  37%|###.......| 216/585 [00:03:38<00:06:13,  0.99it/s, loss=0.0297]
Epoch 4:  38%|###.......| 222/585 [00:03:44<00:06:06,  0.99it/s, loss=0.0296]
Epoch 4:  39%|###.......| 227/585 [00:03:49<00:06:01,  0.99it/s, loss=0.0296]
Epoch 4:  40%|###.......| 232/585 [00:03:54<00:05:56,  0.99it/s, loss=0.0297]
Epoch 4:  41%|####......| 238/585 [00:04:00<00:05:50,  0.99it/s, loss=0.0296]
Epoch 4:  41%|####......| 242/585 [00:04:05<00:05:47,  0.99it/s, loss=0.0297]
Epoch 4:  42%|####......| 246/585 [00:04:11<00:05:45,  0.98it/s, loss=0.0297]
Epoch 4:  43%|####......| 251/585 [00:04:16<00:05:40,  0.98it/s, loss=0.0296]
Epoch 4:  44%|####......| 256/585 [00:04:21<00:05:35,  0.98it/s, loss=0.0296]
Epoch 4:  45%|####......| 262/585 [00:04:26<00:05:28,  0.98it/s, loss=0.0296]
Epoch 4:  46%|####......| 267/585 [00:04:32<00:05:24,  0.98it/s, loss=0.0296]
Epoch 4:  46%|####......| 271/585 [00:04:37<00:05:21,  0.98it/s, loss=0.0297]
Epoch 4:  47%|####......| 277/585 [00:04:43<00:05:15,  0.98it/s, loss=0.0296]
Epoch 4:  48%|####......| 283/585 [00:04:49<00:05:08,  0.98it/s, loss=0.0296]
Epoch 4:  49%|####......| 289/585 [00:04:54<00:05:01,  0.98it/s, loss=0.0296]
Epoch 4:  50%|#####.....| 295/585 [00:05:00<00:04:55,  0.98it/s, loss=0.0296]
Epoch 4:  51%|#####.....| 301/585 [00:05:05<00:04:48,  0.99it/s, loss=0.0295]
Epoch 4:  52%|#####.....| 307/585 [00:05:11<00:04:41,  0.99it/s, loss=0.0295]
Epoch 4:  54%|#####.....| 313/585 [00:05:16<00:04:35,  0.99it/s, loss=0.0295]
Epoch 4:  54%|#####.....| 318/585 [00:05:21<00:04:30,  0.99it/s, loss=0.0294]
Epoch 4:  55%|#####.....| 323/585 [00:05:27<00:04:25,  0.99it/s, loss=0.0295]
Epoch 4:  56%|#####.....| 328/585 [00:05:32<00:04:20,  0.99it/s, loss=0.0295]
Epoch 4:  57%|#####.....| 333/585 [00:05:37<00:04:15,  0.99it/s, loss=0.0295]
Epoch 4:  58%|#####.....| 338/585 [00:05:43<00:04:10,  0.98it/s, loss=0.0295]
Epoch 4:  59%|#####.....| 343/585 [00:05:48<00:04:05,  0.98it/s, loss=0.0296]
Epoch 4:  59%|#####.....| 348/585 [00:05:54<00:04:01,  0.98it/s, loss=0.0296]
Epoch 4:  61%|######....| 354/585 [00:06:00<00:03:55,  0.98it/s, loss=0.0295]
Epoch 4:  61%|######....| 359/585 [00:06:05<00:03:50,  0.98it/s, loss=0.0295]
Epoch 4:  62%|######....| 365/585 [00:06:11<00:03:43,  0.98it/s, loss=0.0295]
Epoch 4:  63%|######....| 371/585 [00:06:17<00:03:37,  0.98it/s, loss=0.0295]
Epoch 4:  64%|######....| 376/585 [00:06:22<00:03:32,  0.98it/s, loss=0.0296]
Epoch 4:  65%|######....| 382/585 [00:06:27<00:03:26,  0.99it/s, loss=0.0295]
Epoch 4:  66%|######....| 388/585 [00:06:33<00:03:19,  0.99it/s, loss=0.0295]
Epoch 4:  67%|######....| 394/585 [00:06:38<00:03:13,  0.99it/s, loss=0.0295]
Epoch 4:  68%|######....| 399/585 [00:06:44<00:03:08,  0.99it/s, loss=0.0297]
Epoch 4:  69%|######....| 404/585 [00:06:49<00:03:03,  0.99it/s, loss=0.0296]
Epoch 4:  70%|#######...| 410/585 [00:06:55<00:02:57,  0.99it/s, loss=0.0296]
Epoch 4:  71%|#######...| 416/585 [00:07:00<00:02:51,  0.99it/s, loss=0.0295]
Epoch 4:  72%|#######...| 422/585 [00:07:07<00:02:45,  0.99it/s, loss=0.0295]
Epoch 4:  73%|#######...| 428/585 [00:07:12<00:02:38,  0.99it/s, loss=0.0295]
Epoch 4:  74%|#######...| 433/585 [00:07:17<00:02:33,  0.99it/s, loss=0.0296]
Epoch 4:  75%|#######...| 439/585 [00:07:23<00:02:27,  0.99it/s, loss=0.0296]
Epoch 4:  76%|#######...| 444/585 [00:07:28<00:02:22,  0.99it/s, loss=0.0295]
Epoch 4:  77%|#######...| 449/585 [00:07:34<00:02:17,  0.99it/s, loss=0.0295]
Epoch 4:  78%|#######...| 454/585 [00:07:39<00:02:12,  0.99it/s, loss=0.0294]
Epoch 4:  78%|#######...| 459/585 [00:07:45<00:02:07,  0.99it/s, loss=0.0297]
Epoch 4:  79%|#######...| 464/585 [00:07:50<00:02:02,  0.99it/s, loss=0.0296]
Epoch 4:  80%|########..| 469/585 [00:07:55<00:01:57,  0.99it/s, loss=0.0296]
Epoch 4:  81%|########..| 475/585 [00:08:01<00:01:51,  0.99it/s, loss=0.0296]
Epoch 4:  82%|########..| 480/585 [00:08:06<00:01:46,  0.99it/s, loss=0.0296]
Epoch 4:  83%|########..| 486/585 [00:08:11<00:01:40,  0.99it/s, loss=0.0295]
Epoch 4:  84%|########..| 491/585 [00:08:17<00:01:35,  0.99it/s, loss=0.0296]
Epoch 4:  85%|########..| 497/585 [00:08:23<00:01:29,  0.99it/s, loss=0.0296]
Epoch 4:  86%|########..| 504/585 [00:08:29<00:01:21,  0.99it/s, loss=0.0295]
Epoch 4:  87%|########..| 509/585 [00:08:34<00:01:16,  0.99it/s, loss=0.0295]
Epoch 4:  88%|########..| 515/585 [00:08:39<00:01:10,  0.99it/s, loss=0.0295]
Epoch 4:  89%|########..| 519/585 [00:08:45<00:01:06,  0.99it/s, loss=0.0296]
Epoch 4:  90%|########..| 525/585 [00:08:51<00:01:00,  0.99it/s, loss=0.0296]
Epoch 4:  91%|#########.| 531/585 [00:08:56<00:00:54,  0.99it/s, loss=0.0296]
Epoch 4:  92%|#########.| 537/585 [00:09:02<00:00:48,  0.99it/s, loss=0.0296]
Epoch 4:  93%|#########.| 542/585 [00:09:07<00:00:43,  0.99it/s, loss=0.0297]
Epoch 4:  94%|#########.| 547/585 [00:09:13<00:00:38,  0.99it/s, loss=0.0297]
Epoch 4:  95%|#########.| 553/585 [00:09:18<00:00:32,  0.99it/s, loss=0.0299]
Epoch 4:  95%|#########.| 558/585 [00:09:23<00:00:27,  0.99it/s, loss=0.0300]
Epoch 4:  96%|#########.| 563/585 [00:09:29<00:00:22,  0.99it/s, loss=0.0302]
Epoch 4:  97%|#########.| 569/585 [00:09:34<00:00:16,  0.99it/s, loss=0.0304]
Epoch 4:  98%|#########.| 574/585 [00:09:40<00:00:11,  0.99it/s, loss=0.0304]
Epoch 4:  99%|#########.| 579/585 [00:09:45<00:00:06,  0.99it/s, loss=0.0305]
Epoch 4: 100%|##########| 585/585 [00:09:51<00:00:00,  0.99it/s, loss=0.0306]
Test loss: 0.0355, Test rmsae: 12.13deg
{"event": "epoch_complete", "epoch": 4, "phase": 1, "lr": 0.0001, "batch_size": 1, "micro_batch_size": 1, "train_loss": 0.030605751793417665, "val_loss": 0.035529969492927194, "val_rmsae_deg": 12.129660725593567, "epoch_time_s": 592.581452098093}
Epoch 5/40:
Epoch 5:   1%|..........| 5/585 [00:00:05<00:11:22,  0.85it/s, loss=0.0338]
Epoch 5:   2%|..........| 10/585 [00:00:11<00:10:54,  0.88it/s, loss=0.0328]
Epoch 5:   3%|..........| 15/585 [00:00:16<00:10:34,  0.90it/s, loss=0.0341]
Epoch 5:   4%|..........| 21/585 [00:00:22<00:10:04,  0.93it/s, loss=0.0337]
Epoch 5:   5%|..........| 27/585 [00:00:28<00:09:46,  0.95it/s, loss=0.0329]
Epoch 5:   5%|..........| 32/585 [00:00:33<00:09:39,  0.95it/s, loss=0.0327]
Epoch 5:   6%|..........| 37/585 [00:00:38<00:09:35,  0.95it/s, loss=0.0347]
Epoch 5:   7%|..........| 43/585 [00:00:44<00:09:15,  0.98it/s, loss=0.0334]
Epoch 5:   8%|..........| 48/585 [00:00:49<00:09:12,  0.97it/s, loss=0.0341]
Epoch 5:   9%|..........| 54/585 [00:00:54<00:09:00,  0.98it/s, loss=0.0333]
Epoch 5:  10%|#.........| 59/585 [00:01:01<00:09:06,  0.96it/s, loss=0.0344]
Epoch 5:  11%|#.........| 65/585 [00:01:06<00:08:54,  0.97it/s, loss=0.0339]
Epoch 5:  12%|#.........| 70/585 [00:01:11<00:08:48,  0.97it/s, loss=0.0349]
Epoch 5:  13%|#.........| 76/585 [00:01:17<00:08:40,  0.98it/s, loss=0.0344]
Epoch 5:  14%|#.........| 81/585 [00:01:22<00:08:35,  0.98it/s, loss=0.0342]
Epoch 5:  15%|#.........| 87/585 [00:01:28<00:08:24,  0.99it/s, loss=0.0337]
Epoch 5:  16%|#.........| 93/585 [00:01:34<00:08:17,  0.99it/s, loss=0.0333]
Epoch 5:  17%|#.........| 99/585 [00:01:39<00:08:09,  0.99it/s, loss=0.0329]
Epoch 5:  18%|#.........| 104/585 [00:01:45<00:08:09,  0.98it/s, loss=0.0333]
Epoch 5:  19%|#.........| 109/585 [00:01:51<00:08:05,  0.98it/s, loss=0.0330]
Epoch 5:  20%|#.........| 115/585 [00:01:56<00:07:57,  0.99it/s, loss=0.0327]
Epoch 5:  21%|##........| 121/585 [00:02:02<00:07:49,  0.99it/s, loss=0.0325]
Epoch 5:  22%|##........| 127/585 [00:02:08<00:07:42,  0.99it/s, loss=0.0322]
Epoch 5:  23%|##........| 133/585 [00:02:14<00:07:35,  0.99it/s, loss=0.0323]
Epoch 5:  24%|##........| 138/585 [00:02:19<00:07:31,  0.99it/s, loss=0.0325]
Epoch 5:  24%|##........| 143/585 [00:02:25<00:07:28,  0.99it/s, loss=0.0324]
Epoch 5:  25%|##........| 149/585 [00:02:30<00:07:20,  0.99it/s, loss=0.0324]
Epoch 5:  26%|##........| 153/585 [00:02:35<00:07:19,  0.98it/s, loss=0.0326]
Epoch 5:  27%|##........| 159/585 [00:02:41<00:07:13,  0.98it/s, loss=0.0324]
Epoch 5:  28%|##........| 164/585 [00:02:46<00:07:08,  0.98it/s, loss=0.0324]
Epoch 5:  29%|##........| 170/585 [00:02:52<00:07:00,  0.99it/s, loss=0.0322]
Epoch 5:  30%|##........| 175/585 [00:02:57<00:06:55,  0.99it/s, loss=0.0328]
Epoch 5:  31%|###.......| 181/585 [00:03:03<00:06:48,  0.99it/s, loss=0.0326]
Epoch 5:  32%|###.......| 187/585 [00:03:08<00:06:41,  0.99it/s, loss=0.0325]
Epoch 5:  33%|###.......| 192/585 [00:03:13<00:06:36,  0.99it/s, loss=0.0325]
Epoch 5:  34%|###.......| 198/585 [00:03:19<00:06:29,  0.99it/s, loss=0.0323]
Epoch 5:  35%|###.......| 203/585 [00:03:25<00:06:25,  0.99it/s, loss=0.0324]
Epoch 5:  36%|###.......| 209/585 [00:03:30<00:06:19,  0.99it/s, loss=0.0324]
Epoch 5:  37%|###.......| 214/585 [00:03:36<00:06:14,  0.99it/s, loss=0.0324]
Epoch 5:  38%|###.......| 220/585 [00:03:41<00:06:08,  0.99it/s, loss=0.0322]
Epoch 5:  38%|###.......| 225/585 [00:03:47<00:06:04,  0.99it/s, loss=0.0322]
Epoch 5:  39%|###.......| 230/585 [00:03:53<00:05:59,  0.99it/s, loss=0.0323]
Epoch 5:  40%|####......| 235/585 [00:03:58<00:05:55,  0.99it/s, loss=0.0323]
Epoch 5:  41%|####......| 241/585 [00:04:03<00:05:47,  0.99it/s, loss=0.0323]
Epoch 5:  42%|####......| 247/585 [00:04:09<00:05:41,  0.99it/s, loss=0.0321]
Epoch 5:  43%|####......| 253/585 [00:04:15<00:05:34,  0.99it/s, loss=0.0321]
Epoch 5:  44%|####......| 259/585 [00:04:20<00:05:27,  0.99it/s, loss=0.0320]
Epoch 5:  45%|####......| 264/585 [00:04:25<00:05:23,  0.99it/s, loss=0.0321]
Epoch 5:  46%|####......| 270/585 [00:04:32<00:05:17,  0.99it/s, loss=0.0321]
Epoch 5:  47%|####......| 276/585 [00:04:38<00:05:11,  0.99it/s, loss=0.0321]
Epoch 5:  48%|####......| 282/585 [00:04:43<00:05:04,  0.99it/s, loss=0.0320]
Epoch 5:  49%|####......| 288/585 [00:04:49<00:04:58,  1.00it/s, loss=0.0320]
Epoch 5:  50%|#####.....| 294/585 [00:04:54<00:04:51,  1.00it/s, loss=0.0319]
Epoch 5:  51%|#####.....| 299/585 [00:05:00<00:04:47,  0.99it/s, loss=0.0318]
Epoch 5:  52%|#####.....| 305/585 [00:05:06<00:04:40,  1.00it/s, loss=0.0318]
Epoch 5:  53%|#####.....| 310/585 [00:05:11<00:04:36,  1.00it/s, loss=0.0317]
Epoch 5:  54%|#####.....| 316/585 [00:05:16<00:04:29,  1.00it/s, loss=0.0316]
Epoch 5:  55%|#####.....| 322/585 [00:05:22<00:04:23,  1.00it/s, loss=0.0315]
Epoch 5:  56%|#####.....| 328/585 [00:05:27<00:04:16,  1.00it/s, loss=0.0315]
Epoch 5:  57%|#####.....| 333/585 [00:05:33<00:04:12,  1.00it/s, loss=0.0315]
Epoch 5:  58%|#####.....| 339/585 [00:05:39<00:04:06,  1.00it/s, loss=0.0314]
Epoch 5:  59%|#####.....| 344/585 [00:05:45<00:04:01,  1.00it/s, loss=0.0316]
Epoch 5:  60%|#####.....| 349/585 [00:05:50<00:03:57,  1.00it/s, loss=0.0315]
Epoch 5:  61%|######....| 354/585 [00:05:55<00:03:52,  0.99it/s, loss=0.0315]
Epoch 5:  62%|######....| 360/585 [00:06:01<00:03:45,  1.00it/s, loss=0.0314]
Epoch 5:  63%|######....| 366/585 [00:06:06<00:03:39,  1.00it/s, loss=0.0313]
Epoch 5:  63%|######....| 371/585 [00:06:11<00:03:34,  1.00it/s, loss=0.0312]
Epoch 5:  64%|######....| 376/585 [00:06:16<00:03:29,  1.00it/s, loss=0.0311]
Epoch 5:  65%|######....| 381/585 [00:06:22<00:03:24,  1.00it/s, loss=0.0311]
Epoch 5:  66%|######....| 387/585 [00:06:28<00:03:18,  1.00it/s, loss=0.0311]
Epoch 5:  67%|######....| 392/585 [00:06:33<00:03:13,  1.00it/s, loss=0.0311]
Epoch 5:  68%|######....| 398/585 [00:06:39<00:03:07,  1.00it/s, loss=0.0311]
Epoch 5:  69%|######....| 403/585 [00:06:44<00:03:02,  1.00it/s, loss=0.0311]
Epoch 5:  70%|######....| 408/585 [00:06:50<00:02:57,  1.00it/s, loss=0.0311]
Epoch 5:  71%|#######...| 414/585 [00:06:55<00:02:51,  1.00it/s, loss=0.0310]
Epoch 5:  72%|#######...| 419/585 [00:07:01<00:02:47,  0.99it/s, loss=0.0310]
Epoch 5:  72%|#######...| 424/585 [00:07:07<00:02:42,  0.99it/s, loss=0.0309]
Epoch 5:  73%|#######...| 429/585 [00:07:13<00:02:37,  0.99it/s, loss=0.0310]
Epoch 5:  74%|#######...| 435/585 [00:07:18<00:02:31,  0.99it/s, loss=0.0309]
Epoch 5:  75%|#######...| 440/585 [00:07:24<00:02:26,  0.99it/s, loss=0.0308]
Epoch 5:  76%|#######...| 446/585 [00:07:30<00:02:20,  0.99it/s, loss=0.0308]
Epoch 5:  77%|#######...| 451/585 [00:07:35<00:02:15,  0.99it/s, loss=0.0307]
Epoch 5:  78%|#######...| 457/585 [00:07:41<00:02:09,  0.99it/s, loss=0.0308]
Epoch 5:  79%|#######...| 463/585 [00:07:46<00:02:03,  0.99it/s, loss=0.0307]
Epoch 5:  80%|#######...| 467/585 [00:07:52<00:01:59,  0.99it/s, loss=0.0306]
Epoch 5:  81%|########..| 472/585 [00:07:57<00:01:54,  0.99it/s, loss=0.0308]
Epoch 5:  82%|########..| 478/585 [00:08:03<00:01:48,  0.99it/s, loss=0.0308]
Epoch 5:  83%|########..| 483/585 [00:08:08<00:01:43,  0.99it/s, loss=0.0309]
Epoch 5:  84%|########..| 489/585 [00:08:13<00:01:36,  0.99it/s, loss=0.0308]
Epoch 5:  84%|########..| 494/585 [00:08:19<00:01:31,  0.99it/s, loss=0.0308]
Epoch 5:  85%|########..| 499/585 [00:08:24<00:01:27,  0.99it/s, loss=0.0308]
Epoch 5:  86%|########..| 505/585 [00:08:30<00:01:20,  0.99it/s, loss=0.0308]
Epoch 5:  87%|########..| 511/585 [00:08:36<00:01:14,  0.99it/s, loss=0.0308]
Epoch 5:  88%|########..| 516/585 [00:08:41<00:01:09,  0.99it/s, loss=0.0307]
Epoch 5:  89%|########..| 521/585 [00:08:47<00:01:04,  0.99it/s, loss=0.0308]
Epoch 5:  90%|#########.| 527/585 [00:08:53<00:00:58,  0.99it/s, loss=0.0308]
Epoch 5:  91%|#########.| 533/585 [00:08:59<00:00:52,  0.99it/s, loss=0.0308]
Epoch 5:  92%|#########.| 539/585 [00:09:05<00:00:46,  0.99it/s, loss=0.0309]
Epoch 5:  93%|#########.| 545/585 [00:09:11<00:00:40,  0.99it/s, loss=0.0308]
Epoch 5:  94%|#########.| 551/585 [00:09:16<00:00:34,  0.99it/s, loss=0.0308]
Epoch 5:  95%|#########.| 557/585 [00:09:22<00:00:28,  0.99it/s, loss=0.0308]
Epoch 5:  96%|#########.| 563/585 [00:09:28<00:00:22,  0.99it/s, loss=0.0308]
Epoch 5:  97%|#########.| 569/585 [00:09:33<00:00:16,  0.99it/s, loss=0.0308]
Epoch 5:  98%|#########.| 574/585 [00:09:38<00:00:11,  0.99it/s, loss=0.0307]
Epoch 5:  99%|#########.| 578/585 [00:09:44<00:00:07,  0.99it/s, loss=0.0309]
Epoch 5: 100%|#########.| 583/585 [00:09:49<00:00:02,  0.99it/s, loss=0.0309]
Epoch 5: 100%|##########| 585/585 [00:09:51<00:00:00,  0.99it/s, loss=0.0309]
Test loss: 0.0285, Test rmsae: 9.88deg
{"event": "epoch_complete", "epoch": 5, "phase": 1, "lr": 0.0001, "batch_size": 1, "micro_batch_size": 1, "train_loss": 0.03087261628327716, "val_loss": 0.02850931679131463, "val_rmsae_deg": 9.877164229750633, "epoch_time_s": 592.2853842390468}
{"event": "checkpoint_saved", "tag": "best_rmsae", "epoch": 5, "path": "IFAN_Edge/outputs/stage3/ifan_stage3_full20_freqblock_paper_original_20260419_005314/checkpoints/best_rmsae.pt", "val_rmsae_deg": 9.877164229750633}
Epoch 6/40:
Epoch 6:   1%|..........| 6/585 [00:00:05<00:08:55,  1.08it/s, loss=0.0278]
Epoch 6:   2%|..........| 12/585 [00:00:11<00:08:56,  1.07it/s, loss=0.0271]
Epoch 6:   3%|..........| 18/585 [00:00:16<00:08:44,  1.08it/s, loss=0.0276]
Epoch 6:   4%|..........| 23/585 [00:00:21<00:08:53,  1.05it/s, loss=0.0281]
Epoch 6:   5%|..........| 29/585 [00:00:27<00:08:38,  1.07it/s, loss=0.0278]
Epoch 6:   6%|..........| 34/585 [00:00:32<00:08:49,  1.04it/s, loss=0.0280]
Epoch 6:   7%|..........| 39/585 [00:00:37<00:08:48,  1.03it/s, loss=0.0275]
Epoch 6:   8%|..........| 45/585 [00:00:43<00:08:38,  1.04it/s, loss=0.0271]
Epoch 6:   9%|..........| 51/585 [00:00:48<00:08:29,  1.05it/s, loss=0.0273]
Epoch 6:  10%|..........| 57/585 [00:00:54<00:08:24,  1.05it/s, loss=0.0271]
Epoch 6:  11%|#.........| 63/585 [00:00:59<00:08:15,  1.05it/s, loss=0.0269]
Epoch 6:  12%|#.........| 68/585 [00:01:05<00:08:15,  1.04it/s, loss=0.0270]
Epoch 6:  13%|#.........| 74/585 [00:01:10<00:08:08,  1.05it/s, loss=0.0272]
Epoch 6:  14%|#.........| 79/585 [00:01:15<00:08:05,  1.04it/s, loss=0.0270]
Epoch 6:  14%|#.........| 84/585 [00:01:20<00:08:02,  1.04it/s, loss=0.0267]
Epoch 6:  15%|#.........| 90/585 [00:01:26<00:07:57,  1.04it/s, loss=0.0265]
Epoch 6:  16%|#.........| 95/585 [00:01:32<00:07:55,  1.03it/s, loss=0.0267]
Epoch 6:  17%|#.........| 101/585 [00:01:38<00:07:50,  1.03it/s, loss=0.0266]
Epoch 6:  18%|#.........| 107/585 [00:01:43<00:07:44,  1.03it/s, loss=0.0269]
Epoch 6:  19%|#.........| 113/585 [00:01:49<00:07:35,  1.04it/s, loss=0.0269]
Epoch 6:  20%|##........| 118/585 [00:01:54<00:07:34,  1.03it/s, loss=0.0272]
Epoch 6:  21%|##........| 124/585 [00:02:00<00:07:27,  1.03it/s, loss=0.0274]
Epoch 6:  22%|##........| 129/585 [00:02:05<00:07:23,  1.03it/s, loss=0.0273]
Epoch 6:  23%|##........| 135/585 [00:02:10<00:07:16,  1.03it/s, loss=0.0273]
Epoch 6:  24%|##........| 141/585 [00:02:16<00:07:10,  1.03it/s, loss=0.0272]
Epoch 6:  25%|##........| 147/585 [00:02:22<00:07:03,  1.03it/s, loss=0.0272]
Epoch 6:  26%|##........| 153/585 [00:02:27<00:06:56,  1.04it/s, loss=0.0271]
Epoch 6:  27%|##........| 158/585 [00:02:33<00:06:54,  1.03it/s, loss=0.0271]
Epoch 6:  28%|##........| 163/585 [00:02:38<00:06:50,  1.03it/s, loss=0.0274]
Epoch 6:  29%|##........| 169/585 [00:02:44<00:06:43,  1.03it/s, loss=0.0274]
Epoch 6:  30%|##........| 175/585 [00:02:49<00:06:38,  1.03it/s, loss=0.0273]
Epoch 6:  31%|###.......| 180/585 [00:02:55<00:06:33,  1.03it/s, loss=0.0272]
Epoch 6:  31%|###.......| 184/585 [00:03:00<00:06:32,  1.02it/s, loss=0.0274]
Epoch 6:  32%|###.......| 190/585 [00:03:05<00:06:26,  1.02it/s, loss=0.0274]
Epoch 6:  34%|###.......| 196/585 [00:03:11<00:06:20,  1.02it/s, loss=0.0274]
Epoch 6:  35%|###.......| 202/585 [00:03:17<00:06:13,  1.03it/s, loss=0.0275]
Epoch 6:  35%|###.......| 207/585 [00:03:22<00:06:09,  1.02it/s, loss=0.0275]
Epoch 6:  36%|###.......| 213/585 [00:03:27<00:06:03,  1.02it/s, loss=0.0278]
Epoch 6:  37%|###.......| 219/585 [00:03:33<00:05:57,  1.03it/s, loss=0.0278]
Epoch 6:  38%|###.......| 224/585 [00:03:38<00:05:52,  1.02it/s, loss=0.0277]
Epoch 6:  39%|###.......| 230/585 [00:03:44<00:05:45,  1.03it/s, loss=0.0276]
Epoch 6:  40%|####......| 236/585 [00:03:49<00:05:39,  1.03it/s, loss=0.0277]
Epoch 6:  41%|####......| 242/585 [00:03:55<00:05:33,  1.03it/s, loss=0.0277]
Epoch 6:  42%|####......| 248/585 [00:04:00<00:05:27,  1.03it/s, loss=0.0277]
Epoch 6:  43%|####......| 253/585 [00:04:06<00:05:23,  1.03it/s, loss=0.0278]
Epoch 6:  44%|####......| 258/585 [00:04:11<00:05:18,  1.03it/s, loss=0.0278]
Epoch 6:  45%|####......| 264/585 [00:04:17<00:05:12,  1.03it/s, loss=0.0279]
Epoch 6:  46%|####......| 269/585 [00:04:22<00:05:08,  1.02it/s, loss=0.0278]
Epoch 6:  47%|####......| 275/585 [00:04:27<00:05:01,  1.03it/s, loss=0.0278]
Epoch 6:  48%|####......| 279/585 [00:04:32<00:04:59,  1.02it/s, loss=0.0279]
Epoch 6:  49%|####......| 285/585 [00:04:38<00:04:53,  1.02it/s, loss=0.0278]
Epoch 6:  50%|####......| 290/585 [00:04:43<00:04:48,  1.02it/s, loss=0.0279]
Epoch 6:  50%|#####.....| 295/585 [00:04:49<00:04:44,  1.02it/s, loss=0.0280]
Epoch 6:  51%|#####.....| 301/585 [00:04:55<00:04:38,  1.02it/s, loss=0.0280]
Epoch 6:  52%|#####.....| 307/585 [00:05:00<00:04:31,  1.02it/s, loss=0.0279]
Epoch 6:  53%|#####.....| 311/585 [00:05:05<00:04:29,  1.02it/s, loss=0.0283]
Epoch 6:  54%|#####.....| 316/585 [00:05:10<00:04:24,  1.02it/s, loss=0.0283]
Epoch 6:  55%|#####.....| 322/585 [00:05:16<00:04:18,  1.02it/s, loss=0.0283]
Epoch 6:  56%|#####.....| 328/585 [00:05:22<00:04:12,  1.02it/s, loss=0.0284]
Epoch 6:  57%|#####.....| 333/585 [00:05:27<00:04:08,  1.02it/s, loss=0.0283]
Epoch 6:  58%|#####.....| 337/585 [00:05:33<00:04:05,  1.01it/s, loss=0.0284]
Epoch 6:  59%|#####.....| 343/585 [00:05:38<00:03:58,  1.01it/s, loss=0.0283]
Epoch 6:  60%|#####.....| 349/585 [00:05:43<00:03:52,  1.02it/s, loss=0.0283]
Epoch 6:  61%|######....| 355/585 [00:05:49<00:03:46,  1.02it/s, loss=0.0283]
Epoch 6:  62%|######....| 360/585 [00:05:55<00:03:41,  1.01it/s, loss=0.0283]
Epoch 6:  62%|######....| 365/585 [00:06:00<00:03:37,  1.01it/s, loss=0.0284]
Epoch 6:  63%|######....| 370/585 [00:06:05<00:03:32,  1.01it/s, loss=0.0287]
Epoch 6:  64%|######....| 376/585 [00:06:11<00:03:26,  1.01it/s, loss=0.0287]
Epoch 6:  65%|######....| 380/585 [00:06:16<00:03:23,  1.01it/s, loss=0.0287]
Epoch 6:  66%|######....| 386/585 [00:06:22<00:03:17,  1.01it/s, loss=0.0287]
Epoch 6:  67%|######....| 391/585 [00:06:28<00:03:12,  1.01it/s, loss=0.0288]
Epoch 6:  68%|######....| 397/585 [00:06:34<00:03:06,  1.01it/s, loss=0.0288]
Epoch 6:  69%|######....| 403/585 [00:06:40<00:03:00,  1.01it/s, loss=0.0288]
Epoch 6:  70%|######....| 408/585 [00:06:45<00:02:55,  1.01it/s, loss=0.0288]
Epoch 6:  71%|#######...| 413/585 [00:06:51<00:02:51,  1.00it/s, loss=0.0289]
Epoch 6:  72%|#######...| 419/585 [00:06:56<00:02:45,  1.01it/s, loss=0.0289]
Epoch 6:  73%|#######...| 425/585 [00:07:02<00:02:38,  1.01it/s, loss=0.0288]
Epoch 6:  74%|#######...| 430/585 [00:07:07<00:02:33,  1.01it/s, loss=0.0288]
Epoch 6:  75%|#######...| 436/585 [00:07:12<00:02:27,  1.01it/s, loss=0.0288]
Epoch 6:  76%|#######...| 442/585 [00:07:19<00:02:22,  1.01it/s, loss=0.0287]
Epoch 6:  77%|#######...| 448/585 [00:07:24<00:02:16,  1.01it/s, loss=0.0287]
Epoch 6:  77%|#######...| 453/585 [00:07:30<00:02:11,  1.01it/s, loss=0.0287]
Epoch 6:  78%|#######...| 458/585 [00:07:35<00:02:06,  1.01it/s, loss=0.0287]
Epoch 6:  79%|#######...| 463/585 [00:07:40<00:02:01,  1.01it/s, loss=0.0287]
Epoch 6:  80%|########..| 469/585 [00:07:46<00:01:55,  1.01it/s, loss=0.0287]
Epoch 6:  81%|########..| 475/585 [00:07:52<00:01:49,  1.00it/s, loss=0.0287]
Epoch 6:  82%|########..| 481/585 [00:07:58<00:01:43,  1.01it/s, loss=0.0286]
Epoch 6:  83%|########..| 486/585 [00:08:03<00:01:38,  1.00it/s, loss=0.0287]
Epoch 6:  84%|########..| 492/585 [00:08:08<00:01:32,  1.01it/s, loss=0.0286]
Epoch 6:  85%|########..| 498/585 [00:08:14<00:01:26,  1.01it/s, loss=0.0286]
Epoch 6:  86%|########..| 504/585 [00:08:20<00:01:20,  1.01it/s, loss=0.0286]
Epoch 6:  87%|########..| 510/585 [00:08:25<00:01:14,  1.01it/s, loss=0.0285]
Epoch 6:  88%|########..| 516/585 [00:08:31<00:01:08,  1.01it/s, loss=0.0285]
Epoch 6:  89%|########..| 522/585 [00:08:36<00:01:02,  1.01it/s, loss=0.0285]
Epoch 6:  90%|#########.| 528/585 [00:08:42<00:00:56,  1.01it/s, loss=0.0285]
Epoch 6:  91%|#########.| 533/585 [00:08:47<00:00:51,  1.01it/s, loss=0.0285]
Epoch 6:  92%|#########.| 539/585 [00:08:53<00:00:45,  1.01it/s, loss=0.0284]
Epoch 6:  93%|#########.| 545/585 [00:08:58<00:00:39,  1.01it/s, loss=0.0284]
Epoch 6:  94%|#########.| 551/585 [00:09:04<00:00:33,  1.01it/s, loss=0.0284]
Epoch 6:  95%|#########.| 557/585 [00:09:09<00:00:27,  1.01it/s, loss=0.0283]
Epoch 6:  96%|#########.| 563/585 [00:09:15<00:00:21,  1.01it/s, loss=0.0283]
Epoch 6:  97%|#########.| 568/585 [00:09:20<00:00:16,  1.01it/s, loss=0.0282]
Epoch 6:  98%|#########.| 573/585 [00:09:25<00:00:11,  1.01it/s, loss=0.0282]
Epoch 6:  99%|#########.| 579/585 [00:09:31<00:00:05,  1.01it/s, loss=0.0281]
Epoch 6: 100%|#########.| 584/585 [00:09:37<00:00:00,  1.01it/s, loss=0.0282]
Epoch 6: 100%|##########| 585/585 [00:09:38<00:00:00,  1.01it/s, loss=0.0282]
Test loss: 0.0276, Test rmsae: 9.35deg
{"event": "epoch_complete", "epoch": 6, "phase": 1, "lr": 0.0001, "batch_size": 1, "micro_batch_size": 1, "train_loss": 0.028197058839484666, "val_loss": 0.027605946641415358, "val_rmsae_deg": 9.345409497618675, "epoch_time_s": 579.6195053899428}
{"event": "checkpoint_saved", "tag": "best_rmsae", "epoch": 6, "path": "IFAN_Edge/outputs/stage3/ifan_stage3_full20_freqblock_paper_original_20260419_005314/checkpoints/best_rmsae.pt", "val_rmsae_deg": 9.345409497618675}
Epoch 7/40:
Epoch 7:   1%|..........| 6/585 [00:00:05<00:09:05,  1.06it/s, loss=0.0246]
Epoch 7:   2%|..........| 11/585 [00:00:10<00:09:29,  1.01it/s, loss=0.0248]
Epoch 7:   3%|..........| 16/585 [00:00:16<00:09:35,  0.99it/s, loss=0.0239]
Epoch 7:   4%|..........| 22/585 [00:00:21<00:09:18,  1.01it/s, loss=0.0249]
Epoch 7:   5%|..........| 27/585 [00:00:27<00:09:18,  1.00it/s, loss=0.0252]
Epoch 7:   6%|..........| 33/585 [00:00:32<00:09:06,  1.01it/s, loss=0.0253]
Epoch 7:   7%|..........| 39/585 [00:00:38<00:08:54,  1.02it/s, loss=0.0258]
Epoch 7:   8%|..........| 45/585 [00:00:43<00:08:45,  1.03it/s, loss=0.0260]
Epoch 7:   9%|..........| 51/585 [00:00:49<00:08:36,  1.03it/s, loss=0.0267]
Epoch 7:  10%|..........| 57/585 [00:00:54<00:08:26,  1.04it/s, loss=0.0264]
Epoch 7:  11%|#.........| 62/585 [00:01:00<00:08:29,  1.03it/s, loss=0.0264]
Epoch 7:  12%|#.........| 68/585 [00:01:06<00:08:23,  1.03it/s, loss=0.0269]
Epoch 7:  13%|#.........| 74/585 [00:01:11<00:08:13,  1.04it/s, loss=0.0271]
Epoch 7:  14%|#.........| 79/585 [00:01:16<00:08:11,  1.03it/s, loss=0.0270]
Epoch 7:  14%|#.........| 84/585 [00:01:22<00:08:09,  1.02it/s, loss=0.0273]
Epoch 7:  15%|#.........| 89/585 [00:01:27<00:08:06,  1.02it/s, loss=0.0270]
Epoch 7:  16%|#.........| 94/585 [00:01:32<00:08:04,  1.01it/s, loss=0.0268]
Epoch 7:  17%|#.........| 100/585 [00:01:38<00:07:55,  1.02it/s, loss=0.0269]
Epoch 7:  18%|#.........| 106/585 [00:01:43<00:07:47,  1.03it/s, loss=0.0268]
Epoch 7:  19%|#.........| 111/585 [00:01:48<00:07:43,  1.02it/s, loss=0.0269]
Epoch 7:  20%|#.........| 116/585 [00:01:54<00:07:41,  1.02it/s, loss=0.0275]
Epoch 7:  21%|##........| 122/585 [00:02:00<00:07:35,  1.02it/s, loss=0.0275]
Epoch 7:  22%|##........| 127/585 [00:02:05<00:07:31,  1.01it/s, loss=0.0277]
Epoch 7:  23%|##........| 133/585 [00:02:10<00:07:24,  1.02it/s, loss=0.0278]
Epoch 7:  24%|##........| 138/585 [00:02:15<00:07:20,  1.01it/s, loss=0.0279]
Epoch 7:  25%|##........| 144/585 [00:02:22<00:07:15,  1.01it/s, loss=0.0279]
Epoch 7:  25%|##........| 149/585 [00:02:27<00:07:12,  1.01it/s, loss=0.0292]
Epoch 7:  26%|##........| 155/585 [00:02:32<00:07:04,  1.01it/s, loss=0.0292]
Epoch 7:  28%|##........| 161/585 [00:02:38<00:06:57,  1.01it/s, loss=0.0296]
Epoch 7:  29%|##........| 167/585 [00:02:43<00:06:50,  1.02it/s, loss=0.0296]
Epoch 7:  30%|##........| 173/585 [00:02:49<00:06:43,  1.02it/s, loss=0.0298]
Epoch 7:  31%|###.......| 179/585 [00:02:54<00:06:36,  1.02it/s, loss=0.0297]
Epoch 7:  32%|###.......| 185/585 [00:02:59<00:06:28,  1.03it/s, loss=0.0295]
Epoch 7:  33%|###.......| 191/585 [00:03:05<00:06:22,  1.03it/s, loss=0.0294]
Epoch 7:  34%|###.......| 197/585 [00:03:10<00:06:15,  1.03it/s, loss=0.0293]
Epoch 7:  35%|###.......| 203/585 [00:03:15<00:06:08,  1.04it/s, loss=0.0294]
Epoch 7:  36%|###.......| 209/585 [00:03:21<00:06:02,  1.04it/s, loss=0.0293]
Epoch 7:  37%|###.......| 214/585 [00:03:26<00:05:57,  1.04it/s, loss=0.0295]
Epoch 7:  37%|###.......| 219/585 [00:03:31<00:05:54,  1.03it/s, loss=0.0296]
Epoch 7:  38%|###.......| 225/585 [00:03:37<00:05:48,  1.03it/s, loss=0.0295]
Epoch 7:  39%|###.......| 230/585 [00:03:42<00:05:44,  1.03it/s, loss=0.0295]
Epoch 7:  40%|####......| 236/585 [00:03:48<00:05:38,  1.03it/s, loss=0.0294]
Epoch 7:  41%|####......| 241/585 [00:03:54<00:05:34,  1.03it/s, loss=0.0295]
Epoch 7:  42%|####......| 246/585 [00:03:59<00:05:29,  1.03it/s, loss=0.0295]
Epoch 7:  43%|####......| 251/585 [00:04:04<00:05:24,  1.03it/s, loss=0.0295]
Epoch 7:  44%|####......| 257/585 [00:04:09<00:05:18,  1.03it/s, loss=0.0294]
Epoch 7:  45%|####......| 263/585 [00:04:15<00:05:12,  1.03it/s, loss=0.0294]
Epoch 7:  46%|####......| 268/585 [00:04:20<00:05:08,  1.03it/s, loss=0.0294]
Epoch 7:  47%|####......| 273/585 [00:04:25<00:05:03,  1.03it/s, loss=0.0294]
Epoch 7:  48%|####......| 279/585 [00:04:30<00:04:57,  1.03it/s, loss=0.0293]
Epoch 7:  49%|####......| 285/585 [00:04:36<00:04:51,  1.03it/s, loss=0.0301]
Epoch 7:  50%|####......| 291/585 [00:04:42<00:04:45,  1.03it/s, loss=0.0301]
Epoch 7:  51%|#####.....| 297/585 [00:04:47<00:04:38,  1.03it/s, loss=0.0301]
Epoch 7:  52%|#####.....| 303/585 [00:04:53<00:04:33,  1.03it/s, loss=0.0300]
Epoch 7:  53%|#####.....| 309/585 [00:04:58<00:04:26,  1.03it/s, loss=0.0300]
Epoch 7:  54%|#####.....| 314/585 [00:05:04<00:04:22,  1.03it/s, loss=0.0299]
Epoch 7:  55%|#####.....| 320/585 [00:05:09<00:04:16,  1.03it/s, loss=0.0298]
Epoch 7:  56%|#####.....| 325/585 [00:05:14<00:04:11,  1.03it/s, loss=0.0298]
Epoch 7:  57%|#####.....| 331/585 [00:05:20<00:04:06,  1.03it/s, loss=0.0298]
Epoch 7:  58%|#####.....| 337/585 [00:05:26<00:04:00,  1.03it/s, loss=0.0297]
Epoch 7:  59%|#####.....| 343/585 [00:05:32<00:03:54,  1.03it/s, loss=0.0297]
Epoch 7:  60%|#####.....| 349/585 [00:05:37<00:03:48,  1.03it/s, loss=0.0296]
Epoch 7:  61%|######....| 355/585 [00:05:42<00:03:42,  1.04it/s, loss=0.0296]
Epoch 7:  62%|######....| 361/585 [00:05:48<00:03:35,  1.04it/s, loss=0.0296]
Epoch 7:  63%|######....| 367/585 [00:05:53<00:03:30,  1.04it/s, loss=0.0295]
Epoch 7:  64%|######....| 372/585 [00:05:59<00:03:25,  1.03it/s, loss=0.0295]
Epoch 7:  64%|######....| 377/585 [00:06:05<00:03:21,  1.03it/s, loss=0.0294]
Epoch 7:  65%|######....| 383/585 [00:06:11<00:03:16,  1.03it/s, loss=0.0293]
Epoch 7:  66%|######....| 389/585 [00:06:17<00:03:10,  1.03it/s, loss=0.0292]
Epoch 7:  68%|######....| 395/585 [00:06:23<00:03:04,  1.03it/s, loss=0.0291]
Epoch 7:  69%|######....| 401/585 [00:06:28<00:02:58,  1.03it/s, loss=0.0291]
Epoch 7:  69%|######....| 405/585 [00:06:33<00:02:54,  1.03it/s, loss=0.0291]
Epoch 7:  70%|#######...| 410/585 [00:06:39<00:02:50,  1.03it/s, loss=0.0291]
Epoch 7:  71%|#######...| 415/585 [00:06:44<00:02:45,  1.03it/s, loss=0.0291]
Epoch 7:  72%|#######...| 421/585 [00:06:50<00:02:40,  1.02it/s, loss=0.0292]
Epoch 7:  73%|#######...| 427/585 [00:06:56<00:02:34,  1.03it/s, loss=0.0292]
Epoch 7:  74%|#######...| 432/585 [00:07:01<00:02:29,  1.02it/s, loss=0.0291]
Epoch 7:  75%|#######...| 438/585 [00:07:07<00:02:23,  1.02it/s, loss=0.0290]
Epoch 7:  76%|#######...| 443/585 [00:07:12<00:02:18,  1.02it/s, loss=0.0290]
Epoch 7:  77%|#######...| 449/585 [00:07:18<00:02:12,  1.02it/s, loss=0.0289]
Epoch 7:  78%|#######...| 455/585 [00:07:23<00:02:06,  1.03it/s, loss=0.0290]
Epoch 7:  79%|#######...| 460/585 [00:07:29<00:02:02,  1.02it/s, loss=0.0289]
Epoch 7:  80%|#######...| 466/585 [00:07:34<00:01:56,  1.03it/s, loss=0.0289]
Epoch 7:  81%|########..| 472/585 [00:07:40<00:01:50,  1.03it/s, loss=0.0289]
Epoch 7:  82%|########..| 477/585 [00:07:45<00:01:45,  1.02it/s, loss=0.0290]
Epoch 7:  83%|########..| 483/585 [00:07:51<00:01:39,  1.02it/s, loss=0.0289]
Epoch 7:  84%|########..| 489/585 [00:07:56<00:01:33,  1.03it/s, loss=0.0290]
Epoch 7:  85%|########..| 495/585 [00:08:03<00:01:27,  1.02it/s, loss=0.0290]
Epoch 7:  86%|########..| 501/585 [00:08:08<00:01:21,  1.03it/s, loss=0.0290]
Epoch 7:  87%|########..| 507/585 [00:08:14<00:01:16,  1.03it/s, loss=0.0290]
Epoch 7:  88%|########..| 513/585 [00:08:20<00:01:10,  1.03it/s, loss=0.0289]
Epoch 7:  89%|########..| 518/585 [00:08:25<00:01:05,  1.02it/s, loss=0.0289]
Epoch 7:  89%|########..| 523/585 [00:08:30<00:01:00,  1.02it/s, loss=0.0289]
Epoch 7:  90%|#########.| 529/585 [00:08:36<00:00:54,  1.02it/s, loss=0.0288]
Epoch 7:  91%|#########.| 535/585 [00:08:42<00:00:48,  1.02it/s, loss=0.0288]
Epoch 7:  92%|#########.| 541/585 [00:08:47<00:00:42,  1.02it/s, loss=0.0288]
Epoch 7:  93%|#########.| 546/585 [00:08:52<00:00:38,  1.02it/s, loss=0.0288]
Epoch 7:  94%|#########.| 551/585 [00:08:58<00:00:33,  1.02it/s, loss=0.0288]
Epoch 7:  95%|#########.| 557/585 [00:09:04<00:00:27,  1.02it/s, loss=0.0288]
Epoch 7:  96%|#########.| 563/585 [00:09:10<00:00:21,  1.02it/s, loss=0.0287]
Epoch 7:  97%|#########.| 569/585 [00:09:16<00:00:15,  1.02it/s, loss=0.0287]
Epoch 7:  98%|#########.| 574/585 [00:09:21<00:00:10,  1.02it/s, loss=0.0287]
Epoch 7:  99%|#########.| 580/585 [00:09:27<00:00:04,  1.02it/s, loss=0.0287]
Epoch 7: 100%|##########| 585/585 [00:09:31<00:00:00,  1.02it/s, loss=0.0286]
Test loss: 0.0271, Test rmsae: 8.70deg
{"event": "epoch_complete", "epoch": 7, "phase": 1, "lr": 0.0001, "batch_size": 1, "micro_batch_size": 1, "train_loss": 0.028627829134273225, "val_loss": 0.027070031967014074, "val_rmsae_deg": 8.698498129844666, "epoch_time_s": 572.5357406350086}
{"event": "checkpoint_saved", "tag": "best_rmsae", "epoch": 7, "path": "IFAN_Edge/outputs/stage3/ifan_stage3_full20_freqblock_paper_original_20260419_005314/checkpoints/best_rmsae.pt", "val_rmsae_deg": 8.698498129844666}
Epoch 8/40:
Epoch 8:   1%|..........| 6/585 [00:00:05<00:09:09,  1.05it/s, loss=0.0280]
Epoch 8:   2%|..........| 12/585 [00:00:12<00:09:45,  0.98it/s, loss=0.0278]
Epoch 8:   3%|..........| 17/585 [00:00:17<00:09:46,  0.97it/s, loss=0.0274]
Epoch 8:   4%|..........| 23/585 [00:00:23<00:09:24,  1.00it/s, loss=0.0276]
Epoch 8:   5%|..........| 29/585 [00:00:28<00:09:10,  1.01it/s, loss=0.0278]
Epoch 8:   6%|..........| 34/585 [00:00:33<00:09:08,  1.01it/s, loss=0.0275]
Epoch 8:   7%|..........| 40/585 [00:00:38<00:08:50,  1.03it/s, loss=0.0269]
Epoch 8:   8%|..........| 46/585 [00:00:44<00:08:36,  1.04it/s, loss=0.0268]
Epoch 8:   9%|..........| 51/585 [00:00:49<00:08:40,  1.03it/s, loss=0.0276]
Epoch 8:  10%|..........| 57/585 [00:00:54<00:08:27,  1.04it/s, loss=0.0275]
Epoch 8:  11%|#.........| 63/585 [00:01:00<00:08:22,  1.04it/s, loss=0.0273]
Epoch 8:  12%|#.........| 69/585 [00:01:06<00:08:15,  1.04it/s, loss=0.0274]
Epoch 8:  13%|#.........| 75/585 [00:01:11<00:08:09,  1.04it/s, loss=0.0274]
Epoch 8:  14%|#.........| 81/585 [00:01:17<00:08:01,  1.05it/s, loss=0.0272]
Epoch 8:  15%|#.........| 86/585 [00:01:23<00:08:01,  1.04it/s, loss=0.0273]
Epoch 8:  16%|#.........| 92/585 [00:01:28<00:07:54,  1.04it/s, loss=0.0271]
Epoch 8:  17%|#.........| 98/585 [00:01:34<00:07:47,  1.04it/s, loss=0.0274]
Epoch 8:  18%|#.........| 103/585 [00:01:39<00:07:46,  1.03it/s, loss=0.0274]
Epoch 8:  18%|#.........| 108/585 [00:01:45<00:07:45,  1.02it/s, loss=0.0273]
Epoch 8:  19%|#.........| 113/585 [00:01:50<00:07:41,  1.02it/s, loss=0.0272]
Epoch 8:  20%|##........| 119/585 [00:01:57<00:07:38,  1.02it/s, loss=0.0271]
Epoch 8:  21%|##........| 125/585 [00:02:02<00:07:32,  1.02it/s, loss=0.0273]
Epoch 8:  22%|##........| 131/585 [00:02:08<00:07:25,  1.02it/s, loss=0.0271]
Epoch 8:  23%|##........| 137/585 [00:02:13<00:07:17,  1.02it/s, loss=0.0270]
Epoch 8:  24%|##........| 142/585 [00:02:19<00:07:13,  1.02it/s, loss=0.0272]
Epoch 8:  25%|##........| 148/585 [00:02:24<00:07:07,  1.02it/s, loss=0.0272]
Epoch 8:  26%|##........| 154/585 [00:02:30<00:07:00,  1.02it/s, loss=0.0273]
Epoch 8:  27%|##........| 160/585 [00:02:35<00:06:53,  1.03it/s, loss=0.0271]
Epoch 8:  28%|##........| 166/585 [00:02:41<00:06:47,  1.03it/s, loss=0.0272]
Epoch 8:  29%|##........| 172/585 [00:02:47<00:06:41,  1.03it/s, loss=0.0273]
Epoch 8:  30%|###.......| 178/585 [00:02:52<00:06:35,  1.03it/s, loss=0.0272]
Epoch 8:  31%|###.......| 184/585 [00:02:58<00:06:28,  1.03it/s, loss=0.0272]
Epoch 8:  32%|###.......| 190/585 [00:03:04<00:06:23,  1.03it/s, loss=0.0270]
Epoch 8:  33%|###.......| 195/585 [00:03:10<00:06:20,  1.02it/s, loss=0.0271]
Epoch 8:  34%|###.......| 201/585 [00:03:15<00:06:14,  1.03it/s, loss=0.0270]
Epoch 8:  35%|###.......| 207/585 [00:03:21<00:06:07,  1.03it/s, loss=0.0269]
Epoch 8:  36%|###.......| 212/585 [00:03:26<00:06:03,  1.03it/s, loss=0.0270]
Epoch 8:  37%|###.......| 218/585 [00:03:31<00:05:56,  1.03it/s, loss=0.0271]
Epoch 8:  38%|###.......| 224/585 [00:03:37<00:05:50,  1.03it/s, loss=0.0272]
Epoch 8:  39%|###.......| 230/585 [00:03:44<00:05:46,  1.03it/s, loss=0.0271]
Epoch 8:  40%|####......| 236/585 [00:03:49<00:05:40,  1.03it/s, loss=0.0270]
Epoch 8:  41%|####......| 242/585 [00:03:55<00:05:33,  1.03it/s, loss=0.0270]
Epoch 8:  42%|####......| 247/585 [00:04:00<00:05:29,  1.03it/s, loss=0.0269]
Epoch 8:  43%|####......| 253/585 [00:04:06<00:05:23,  1.03it/s, loss=0.0269]
Epoch 8:  44%|####......| 259/585 [00:04:11<00:05:16,  1.03it/s, loss=0.0269]
Epoch 8:  45%|####......| 264/585 [00:04:16<00:05:12,  1.03it/s, loss=0.0269]
Epoch 8:  46%|####......| 269/585 [00:04:22<00:05:08,  1.03it/s, loss=0.0269]
Epoch 8:  47%|####......| 275/585 [00:04:27<00:05:02,  1.03it/s, loss=0.0269]
Epoch 8:  48%|####......| 281/585 [00:04:33<00:04:55,  1.03it/s, loss=0.0268]
Epoch 8:  49%|####......| 286/585 [00:04:38<00:04:51,  1.03it/s, loss=0.0268]
Epoch 8:  50%|####......| 291/585 [00:04:44<00:04:47,  1.02it/s, loss=0.0269]
Epoch 8:  51%|#####.....| 297/585 [00:04:49<00:04:40,  1.03it/s, loss=0.0268]
Epoch 8:  52%|#####.....| 303/585 [00:04:55<00:04:35,  1.03it/s, loss=0.0268]
Epoch 8:  53%|#####.....| 308/585 [00:05:00<00:04:30,  1.02it/s, loss=0.0267]
Epoch 8:  54%|#####.....| 313/585 [00:05:05<00:04:25,  1.02it/s, loss=0.0266]
Epoch 8:  55%|#####.....| 319/585 [00:05:12<00:04:20,  1.02it/s, loss=0.0267]
Epoch 8:  56%|#####.....| 325/585 [00:05:17<00:04:14,  1.02it/s, loss=0.0267]
Epoch 8:  56%|#####.....| 330/585 [00:05:23<00:04:09,  1.02it/s, loss=0.0267]
Epoch 8:  57%|#####.....| 335/585 [00:05:28<00:04:05,  1.02it/s, loss=0.0266]
Epoch 8:  58%|#####.....| 341/585 [00:05:34<00:03:59,  1.02it/s, loss=0.0266]
Epoch 8:  59%|#####.....| 346/585 [00:05:39<00:03:54,  1.02it/s, loss=0.0266]
Epoch 8:  60%|######....| 352/585 [00:05:44<00:03:48,  1.02it/s, loss=0.0267]
Epoch 8:  61%|######....| 358/585 [00:05:50<00:03:42,  1.02it/s, loss=0.0267]
Epoch 8:  62%|######....| 364/585 [00:05:55<00:03:36,  1.02it/s, loss=0.0267]
Epoch 8:  63%|######....| 369/585 [00:06:00<00:03:31,  1.02it/s, loss=0.0267]
Epoch 8:  64%|######....| 374/585 [00:06:06<00:03:26,  1.02it/s, loss=0.0268]
Epoch 8:  65%|######....| 380/585 [00:06:11<00:03:20,  1.02it/s, loss=0.0268]
Epoch 8:  66%|######....| 385/585 [00:06:17<00:03:15,  1.02it/s, loss=0.0268]
Epoch 8:  67%|######....| 391/585 [00:06:23<00:03:10,  1.02it/s, loss=0.0268]
Epoch 8:  68%|######....| 396/585 [00:06:28<00:03:05,  1.02it/s, loss=0.0269]
Epoch 8:  69%|######....| 401/585 [00:06:33<00:03:00,  1.02it/s, loss=0.0269]
Epoch 8:  70%|######....| 407/585 [00:06:39<00:02:54,  1.02it/s, loss=0.0270]
Epoch 8:  70%|#######...| 412/585 [00:06:45<00:02:50,  1.02it/s, loss=0.0271]
Epoch 8:  71%|#######...| 418/585 [00:06:50<00:02:44,  1.02it/s, loss=0.0271]
Epoch 8:  72%|#######...| 423/585 [00:06:55<00:02:39,  1.02it/s, loss=0.0270]
Epoch 8:  73%|#######...| 428/585 [00:07:01<00:02:34,  1.02it/s, loss=0.0270]
Epoch 8:  74%|#######...| 432/585 [00:07:06<00:02:31,  1.01it/s, loss=0.0270]
Epoch 8:  75%|#######...| 437/585 [00:07:12<00:02:26,  1.01it/s, loss=0.0270]
Epoch 8:  76%|#######...| 443/585 [00:07:17<00:02:20,  1.01it/s, loss=0.0270]
Epoch 8:  77%|#######...| 449/585 [00:07:24<00:02:14,  1.01it/s, loss=0.0271]
Epoch 8:  78%|#######...| 455/585 [00:07:29<00:02:08,  1.01it/s, loss=0.0271]
Epoch 8:  79%|#######...| 461/585 [00:07:35<00:02:02,  1.01it/s, loss=0.0271]
Epoch 8:  80%|#######...| 467/585 [00:07:41<00:01:56,  1.01it/s, loss=0.0270]
Epoch 8:  81%|########..| 472/585 [00:07:46<00:01:51,  1.01it/s, loss=0.0270]
Epoch 8:  82%|########..| 477/585 [00:07:52<00:01:46,  1.01it/s, loss=0.0271]
Epoch 8:  83%|########..| 483/585 [00:07:57<00:01:40,  1.01it/s, loss=0.0271]
Epoch 8:  84%|########..| 489/585 [00:08:02<00:01:34,  1.01it/s, loss=0.0270]
Epoch 8:  84%|########..| 494/585 [00:08:08<00:01:29,  1.01it/s, loss=0.0272]
Epoch 8:  85%|########..| 500/585 [00:08:13<00:01:23,  1.01it/s, loss=0.0273]
Epoch 8:  86%|########..| 505/585 [00:08:19<00:01:19,  1.01it/s, loss=0.0272]
Epoch 8:  87%|########..| 511/585 [00:08:24<00:01:13,  1.01it/s, loss=0.0272]
Epoch 8:  88%|########..| 516/585 [00:08:29<00:01:08,  1.01it/s, loss=0.0272]
Epoch 8:  89%|########..| 521/585 [00:08:34<00:01:03,  1.01it/s, loss=0.0272]
Epoch 8:  90%|########..| 526/585 [00:08:40<00:00:58,  1.01it/s, loss=0.0272]
Epoch 8:  91%|#########.| 532/585 [00:08:46<00:00:52,  1.01it/s, loss=0.0271]
Epoch 8:  92%|#########.| 537/585 [00:08:51<00:00:47,  1.01it/s, loss=0.0271]
Epoch 8:  93%|#########.| 542/585 [00:08:56<00:00:42,  1.01it/s, loss=0.0271]
Epoch 8:  94%|#########.| 547/585 [00:09:02<00:00:37,  1.01it/s, loss=0.0271]
Epoch 8:  95%|#########.| 553/585 [00:09:08<00:00:31,  1.01it/s, loss=0.0271]
Epoch 8:  96%|#########.| 559/585 [00:09:13<00:00:25,  1.01it/s, loss=0.0271]
Epoch 8:  96%|#########.| 564/585 [00:09:18<00:00:20,  1.01it/s, loss=0.0271]
Epoch 8:  97%|#########.| 569/585 [00:09:23<00:00:15,  1.01it/s, loss=0.0271]
Epoch 8:  98%|#########.| 574/585 [00:09:29<00:00:10,  1.01it/s, loss=0.0271]
Epoch 8:  99%|#########.| 579/585 [00:09:34<00:00:05,  1.01it/s, loss=0.0271]
Epoch 8: 100%|#########.| 584/585 [00:09:39<00:00:00,  1.01it/s, loss=0.0271]
Epoch 8: 100%|##########| 585/585 [00:09:40<00:00:00,  1.01it/s, loss=0.0271]
Test loss: 0.0272, Test rmsae: 9.17deg
{"event": "epoch_complete", "epoch": 8, "phase": 1, "lr": 0.0001, "batch_size": 1, "micro_batch_size": 1, "train_loss": 0.027068002197222833, "val_loss": 0.02718504489166662, "val_rmsae_deg": 9.170547559857368, "epoch_time_s": 581.8110977991018}
Epoch 9/40:
Epoch 9:   1%|..........| 6/585 [00:00:05<00:09:11,  1.05it/s, loss=0.0269]
Epoch 9:   2%|..........| 12/585 [00:00:10<00:08:44,  1.09it/s, loss=0.0265]
Epoch 9:   3%|..........| 16/585 [00:00:16<00:09:51,  0.96it/s, loss=0.0272]
Epoch 9:   4%|..........| 21/585 [00:00:21<00:09:45,  0.96it/s, loss=0.0269]
Epoch 9:   4%|..........| 26/585 [00:00:26<00:09:36,  0.97it/s, loss=0.0262]
Epoch 9:   5%|..........| 31/585 [00:00:32<00:09:37,  0.96it/s, loss=0.0263]
Epoch 9:   6%|..........| 37/585 [00:00:37<00:09:21,  0.98it/s, loss=0.0260]
Epoch 9:   7%|..........| 43/585 [00:00:43<00:09:08,  0.99it/s, loss=0.0266]
Epoch 9:   8%|..........| 49/585 [00:00:50<00:09:16,  0.96it/s, loss=0.0266]
Epoch 9:   9%|..........| 55/585 [00:00:56<00:09:05,  0.97it/s, loss=0.0268]
Epoch 9:  10%|#.........| 61/585 [00:01:02<00:08:55,  0.98it/s, loss=0.0265]
Epoch 9:  11%|#.........| 67/585 [00:01:07<00:08:45,  0.99it/s, loss=0.0265]
Epoch 9:  12%|#.........| 72/585 [00:01:13<00:08:40,  0.99it/s, loss=0.0265]
Epoch 9:  13%|#.........| 78/585 [00:01:18<00:08:30,  0.99it/s, loss=0.0263]
Epoch 9:  14%|#.........| 84/585 [00:01:24<00:08:22,  1.00it/s, loss=0.0264]
Epoch 9:  15%|#.........| 90/585 [00:01:29<00:08:14,  1.00it/s, loss=0.0264]
Epoch 9:  16%|#.........| 96/585 [00:01:35<00:08:04,  1.01it/s, loss=0.0261]
Epoch 9:  17%|#.........| 101/585 [00:01:40<00:08:00,  1.01it/s, loss=0.0261]
Epoch 9:  18%|#.........| 106/585 [00:01:45<00:07:56,  1.01it/s, loss=0.0262]
Epoch 9:  19%|#.........| 112/585 [00:01:51<00:07:49,  1.01it/s, loss=0.0261]
Epoch 9:  20%|##........| 118/585 [00:01:56<00:07:41,  1.01it/s, loss=0.0262]
Epoch 9:  21%|##........| 124/585 [00:02:02<00:07:35,  1.01it/s, loss=0.0261]
Epoch 9:  22%|##........| 130/585 [00:02:08<00:07:29,  1.01it/s, loss=0.0260]
Epoch 9:  23%|##........| 135/585 [00:02:13<00:07:24,  1.01it/s, loss=0.0258]
Epoch 9:  24%|##........| 141/585 [00:02:18<00:07:17,  1.01it/s, loss=0.0259]
Epoch 9:  25%|##........| 147/585 [00:02:24<00:07:10,  1.02it/s, loss=0.0257]
Epoch 9:  26%|##........| 153/585 [00:02:30<00:07:03,  1.02it/s, loss=0.0255]
Epoch 9:  27%|##........| 159/585 [00:02:35<00:06:57,  1.02it/s, loss=0.0258]
Epoch 9:  28%|##........| 165/585 [00:02:41<00:06:51,  1.02it/s, loss=0.0258]
Epoch 9:  29%|##........| 168/585 [00:02:46<00:06:54,  1.01it/s, loss=0.0263]
Epoch 9:  30%|##........| 174/585 [00:02:52<00:06:46,  1.01it/s, loss=0.0263]
Epoch 9:  31%|###.......| 180/585 [00:02:57<00:06:40,  1.01it/s, loss=0.0265]
Epoch 9:  32%|###.......| 186/585 [00:03:03<00:06:33,  1.01it/s, loss=0.0265]
Epoch 9:  33%|###.......| 192/585 [00:03:08<00:06:26,  1.02it/s, loss=0.0264]
Epoch 9:  34%|###.......| 197/585 [00:03:14<00:06:23,  1.01it/s, loss=0.0263]
Epoch 9:  35%|###.......| 203/585 [00:03:19<00:06:15,  1.02it/s, loss=0.0263]
Epoch 9:  36%|###.......| 208/585 [00:03:24<00:06:11,  1.02it/s, loss=0.0266]
Epoch 9:  37%|###.......| 214/585 [00:03:30<00:06:05,  1.02it/s, loss=0.0265]
Epoch 9:  38%|###.......| 220/585 [00:03:36<00:05:59,  1.02it/s, loss=0.0265]
Epoch 9:  39%|###.......| 226/585 [00:03:42<00:05:53,  1.02it/s, loss=0.0265]
Epoch 9:  39%|###.......| 231/585 [00:03:48<00:05:49,  1.01it/s, loss=0.0265]
Epoch 9:  41%|####......| 237/585 [00:03:53<00:05:43,  1.01it/s, loss=0.0266]
Epoch 9:  42%|####......| 243/585 [00:03:59<00:05:36,  1.02it/s, loss=0.0266]
Epoch 9:  42%|####......| 248/585 [00:04:04<00:05:32,  1.01it/s, loss=0.0267]
Epoch 9:  43%|####......| 254/585 [00:04:10<00:05:26,  1.01it/s, loss=0.0267]
Epoch 9:  44%|####......| 259/585 [00:04:16<00:05:22,  1.01it/s, loss=0.0267]
Epoch 9:  45%|####......| 264/585 [00:04:21<00:05:17,  1.01it/s, loss=0.0267]
Epoch 9:  46%|####......| 270/585 [00:04:27<00:05:11,  1.01it/s, loss=0.0267]
Epoch 9:  47%|####......| 275/585 [00:04:32<00:05:06,  1.01it/s, loss=0.0266]
Epoch 9:  48%|####......| 281/585 [00:04:37<00:04:59,  1.01it/s, loss=0.0266]
Epoch 9:  49%|####......| 287/585 [00:04:42<00:04:53,  1.01it/s, loss=0.0266]
Epoch 9:  50%|#####.....| 293/585 [00:04:48<00:04:47,  1.02it/s, loss=0.0265]
Epoch 9:  51%|#####.....| 299/585 [00:04:54<00:04:41,  1.02it/s, loss=0.0266]
Epoch 9:  52%|#####.....| 304/585 [00:04:59<00:04:36,  1.02it/s, loss=0.0266]
Epoch 9:  53%|#####.....| 310/585 [00:05:05<00:04:30,  1.02it/s, loss=0.0267]
Epoch 9:  54%|#####.....| 315/585 [00:05:10<00:04:25,  1.02it/s, loss=0.0267]
Epoch 9:  55%|#####.....| 321/585 [00:05:16<00:04:20,  1.02it/s, loss=0.0268]
Epoch 9:  56%|#####.....| 327/585 [00:05:22<00:04:14,  1.02it/s, loss=0.0269]
Epoch 9:  57%|#####.....| 332/585 [00:05:27<00:04:09,  1.01it/s, loss=0.0269]
Epoch 9:  58%|#####.....| 338/585 [00:05:32<00:04:03,  1.02it/s, loss=0.0269]
Epoch 9:  59%|#####.....| 344/585 [00:05:38<00:03:56,  1.02it/s, loss=0.0270]
Epoch 9:  60%|#####.....| 350/585 [00:05:43<00:03:50,  1.02it/s, loss=0.0270]
Epoch 9:  61%|######....| 356/585 [00:05:49<00:03:44,  1.02it/s, loss=0.0269]
Epoch 9:  62%|######....| 362/585 [00:05:54<00:03:38,  1.02it/s, loss=0.0268]
Epoch 9:  63%|######....| 368/585 [00:05:59<00:03:32,  1.02it/s, loss=0.0268]
Epoch 9:  64%|######....| 372/585 [00:06:05<00:03:29,  1.02it/s, loss=0.0269]
Epoch 9:  64%|######....| 377/585 [00:06:10<00:03:24,  1.02it/s, loss=0.0269]
Epoch 9:  65%|######....| 382/585 [00:06:15<00:03:19,  1.02it/s, loss=0.0269]
Epoch 9:  66%|######....| 387/585 [00:06:21<00:03:15,  1.01it/s, loss=0.0269]
Epoch 9:  67%|######....| 393/585 [00:06:27<00:03:09,  1.01it/s, loss=0.0269]
Epoch 9:  68%|######....| 398/585 [00:06:32<00:03:04,  1.01it/s, loss=0.0269]
Epoch 9:  69%|######....| 404/585 [00:06:38<00:02:58,  1.01it/s, loss=0.0269]
Epoch 9:  70%|#######...| 410/585 [00:06:44<00:02:52,  1.01it/s, loss=0.0268]
Epoch 9:  71%|#######...| 415/585 [00:06:49<00:02:47,  1.01it/s, loss=0.0268]
Epoch 9:  72%|#######...| 421/585 [00:06:55<00:02:41,  1.01it/s, loss=0.0268]
Epoch 9:  73%|#######...| 426/585 [00:07:01<00:02:37,  1.01it/s, loss=0.0268]
Epoch 9:  74%|#######...| 431/585 [00:07:06<00:02:32,  1.01it/s, loss=0.0268]
Epoch 9:  75%|#######...| 437/585 [00:07:11<00:02:26,  1.01it/s, loss=0.0267]
Epoch 9:  76%|#######...| 443/585 [00:07:17<00:02:20,  1.01it/s, loss=0.0267]
Epoch 9:  77%|#######...| 448/585 [00:07:22<00:02:15,  1.01it/s, loss=0.0268]
Epoch 9:  77%|#######...| 453/585 [00:07:28<00:02:10,  1.01it/s, loss=0.0268]
Epoch 9:  78%|#######...| 459/585 [00:07:33<00:02:04,  1.01it/s, loss=0.0267]
Epoch 9:  79%|#######...| 465/585 [00:07:39<00:01:58,  1.01it/s, loss=0.0267]
Epoch 9:  81%|########..| 471/585 [00:07:45<00:01:52,  1.01it/s, loss=0.0266]
Epoch 9:  82%|########..| 477/585 [00:07:50<00:01:46,  1.01it/s, loss=0.0266]
Epoch 9:  83%|########..| 483/585 [00:07:56<00:01:40,  1.01it/s, loss=0.0266]
Epoch 9:  83%|########..| 488/585 [00:08:01<00:01:35,  1.01it/s, loss=0.0266]
Epoch 9:  84%|########..| 494/585 [00:08:07<00:01:29,  1.01it/s, loss=0.0266]
Epoch 9:  85%|########..| 500/585 [00:08:12<00:01:23,  1.01it/s, loss=0.0266]
Epoch 9:  86%|########..| 505/585 [00:08:18<00:01:18,  1.01it/s, loss=0.0266]
Epoch 9:  87%|########..| 511/585 [00:08:23<00:01:12,  1.01it/s, loss=0.0266]
Epoch 9:  88%|########..| 516/585 [00:08:29<00:01:08,  1.01it/s, loss=0.0266]
Epoch 9:  89%|########..| 522/585 [00:08:34<00:01:02,  1.01it/s, loss=0.0266]
Epoch 9:  90%|#########.| 528/585 [00:08:40<00:00:56,  1.01it/s, loss=0.0266]
Epoch 9:  91%|#########.| 534/585 [00:08:46<00:00:50,  1.01it/s, loss=0.0267]
Epoch 9:  92%|#########.| 540/585 [00:08:52<00:00:44,  1.01it/s, loss=0.0267]
Epoch 9:  93%|#########.| 546/585 [00:08:58<00:00:38,  1.01it/s, loss=0.0267]
Epoch 9:  94%|#########.| 551/585 [00:09:03<00:00:33,  1.01it/s, loss=0.0268]
Epoch 9:  95%|#########.| 556/585 [00:09:09<00:00:28,  1.01it/s, loss=0.0268]
Epoch 9:  96%|#########.| 561/585 [00:09:14<00:00:23,  1.01it/s, loss=0.0268]
Epoch 9:  97%|#########.| 567/585 [00:09:20<00:00:17,  1.01it/s, loss=0.0267]
Epoch 9:  98%|#########.| 572/585 [00:09:25<00:00:12,  1.01it/s, loss=0.0268]
Epoch 9:  99%|#########.| 577/585 [00:09:31<00:00:07,  1.01it/s, loss=0.0267]
Epoch 9: 100%|#########.| 583/585 [00:09:36<00:00:01,  1.01it/s, loss=0.0267]
Epoch 9: 100%|##########| 585/585 [00:09:38<00:00:00,  1.01it/s, loss=0.0267]
Test loss: 0.0266, Test rmsae: 8.96deg
{"event": "epoch_complete", "epoch": 9, "phase": 1, "lr": 0.0001, "batch_size": 1, "micro_batch_size": 1, "train_loss": 0.026680132035070504, "val_loss": 0.026590817724354565, "val_rmsae_deg": 8.955741345882416, "epoch_time_s": 579.1929022659315}
Epoch 10/40:
Epoch 10:   1%|..........| 5/585 [00:00:05<00:10:09,  0.95it/s, loss=0.0281]
Epoch 10:   2%|..........| 11/585 [00:00:10<00:09:21,  1.02it/s, loss=0.0280]
Epoch 10:   3%|..........| 17/585 [00:00:16<00:09:19,  1.02it/s, loss=0.0266]
Epoch 10:   4%|..........| 23/585 [00:00:22<00:09:09,  1.02it/s, loss=0.0270]
Epoch 10:   5%|..........| 29/585 [00:00:28<00:09:03,  1.02it/s, loss=0.0273]
Epoch 10:   6%|..........| 34/585 [00:00:33<00:09:08,  1.00it/s, loss=0.0270]
Epoch 10:   7%|..........| 40/585 [00:00:39<00:09:03,  1.00it/s, loss=0.0273]
Epoch 10:   8%|..........| 45/585 [00:00:45<00:09:01,  1.00it/s, loss=0.0272]
Epoch 10:   9%|..........| 51/585 [00:00:51<00:08:54,  1.00it/s, loss=0.0269]
Epoch 10:  10%|..........| 56/585 [00:00:56<00:08:49,  1.00it/s, loss=0.0267]
Epoch 10:  11%|#.........| 62/585 [00:01:02<00:08:43,  1.00it/s, loss=0.0266]
Epoch 10:  11%|#.........| 67/585 [00:01:07<00:08:39,  1.00it/s, loss=0.0265]
Epoch 10:  12%|#.........| 72/585 [00:01:12<00:08:38,  0.99it/s, loss=0.0275]
Epoch 10:  13%|#.........| 78/585 [00:01:18<00:08:28,  1.00it/s, loss=0.0273]
Epoch 10:  14%|#.........| 84/585 [00:01:23<00:08:20,  1.00it/s, loss=0.0272]
Epoch 10:  15%|#.........| 89/585 [00:01:29<00:08:16,  1.00it/s, loss=0.0270]
Epoch 10:  16%|#.........| 95/585 [00:01:34<00:08:07,  1.01it/s, loss=0.0268]
Epoch 10:  17%|#.........| 100/585 [00:01:39<00:08:04,  1.00it/s, loss=0.0270]
Epoch 10:  18%|#.........| 105/585 [00:01:45<00:08:01,  1.00it/s, loss=0.0269]
Epoch 10:  19%|#.........| 110/585 [00:01:50<00:07:57,  0.99it/s, loss=0.0268]
Epoch 10:  20%|#.........| 116/585 [00:01:56<00:07:50,  1.00it/s, loss=0.0267]
Epoch 10:  21%|##........| 122/585 [00:02:02<00:07:44,  1.00it/s, loss=0.0266]
Epoch 10:  22%|##........| 127/585 [00:02:08<00:07:41,  0.99it/s, loss=0.0266]
Epoch 10:  23%|##........| 133/585 [00:02:13<00:07:32,  1.00it/s, loss=0.0265]
Epoch 10:  24%|##........| 139/585 [00:02:18<00:07:24,  1.00it/s, loss=0.0264]
Epoch 10:  25%|##........| 145/585 [00:02:23<00:07:16,  1.01it/s, loss=0.0263]
Epoch 10:  26%|##........| 151/585 [00:02:29<00:07:10,  1.01it/s, loss=0.0265]
Epoch 10:  27%|##........| 157/585 [00:02:35<00:07:03,  1.01it/s, loss=0.0263]
Epoch 10:  28%|##........| 163/585 [00:02:41<00:06:57,  1.01it/s, loss=0.0265]
Epoch 10:  29%|##........| 168/585 [00:02:46<00:06:52,  1.01it/s, loss=0.0265]
Epoch 10:  30%|##........| 174/585 [00:02:51<00:06:45,  1.01it/s, loss=0.0264]
Epoch 10:  31%|###.......| 180/585 [00:02:57<00:06:40,  1.01it/s, loss=0.0264]
Epoch 10:  32%|###.......| 186/585 [00:03:03<00:06:34,  1.01it/s, loss=0.0263]
Epoch 10:  33%|###.......| 192/585 [00:03:09<00:06:27,  1.01it/s, loss=0.0263]
Epoch 10:  34%|###.......| 197/585 [00:03:14<00:06:23,  1.01it/s, loss=0.0264]
Epoch 10:  35%|###.......| 203/585 [00:03:20<00:06:17,  1.01it/s, loss=0.0265]
Epoch 10:  36%|###.......| 209/585 [00:03:26<00:06:10,  1.01it/s, loss=0.0264]
Epoch 10:  37%|###.......| 215/585 [00:03:31<00:06:04,  1.02it/s, loss=0.0263]
Epoch 10:  38%|###.......| 221/585 [00:03:37<00:05:58,  1.02it/s, loss=0.0262]
Epoch 10:  39%|###.......| 227/585 [00:03:43<00:05:52,  1.02it/s, loss=0.0262]
Epoch 10:  40%|###.......| 232/585 [00:03:48<00:05:48,  1.01it/s, loss=0.0261]
Epoch 10:  41%|####......| 238/585 [00:03:54<00:05:42,  1.01it/s, loss=0.0260]
Epoch 10:  42%|####......| 243/585 [00:04:00<00:05:37,  1.01it/s, loss=0.0260]
Epoch 10:  43%|####......| 249/585 [00:04:05<00:05:31,  1.01it/s, loss=0.0259]
Epoch 10:  44%|####......| 255/585 [00:04:11<00:05:25,  1.01it/s, loss=0.0259]
Epoch 10:  44%|####......| 260/585 [00:04:16<00:05:20,  1.01it/s, loss=0.0261]
Epoch 10:  45%|####......| 266/585 [00:04:22<00:05:14,  1.01it/s, loss=0.0263]
Epoch 10:  46%|####......| 272/585 [00:04:28<00:05:08,  1.01it/s, loss=0.0263]
Epoch 10:  47%|####......| 277/585 [00:04:33<00:05:04,  1.01it/s, loss=0.0264]
Epoch 10:  48%|####......| 282/585 [00:04:40<00:05:00,  1.01it/s, loss=0.0265]
Epoch 10:  49%|####......| 286/585 [00:04:45<00:04:58,  1.00it/s, loss=0.0269]
Epoch 10:  50%|####......| 292/585 [00:04:50<00:04:51,  1.00it/s, loss=0.0270]
Epoch 10:  51%|#####.....| 297/585 [00:04:56<00:04:47,  1.00it/s, loss=0.0270]
Epoch 10:  52%|#####.....| 302/585 [00:05:01<00:04:42,  1.00it/s, loss=0.0271]
Epoch 10:  53%|#####.....| 308/585 [00:05:06<00:04:35,  1.00it/s, loss=0.0271]
Epoch 10:  54%|#####.....| 313/585 [00:05:12<00:04:31,  1.00it/s, loss=0.0275]
Epoch 10:  55%|#####.....| 319/585 [00:05:18<00:04:25,  1.00it/s, loss=0.0274]
Epoch 10:  55%|#####.....| 324/585 [00:05:23<00:04:20,  1.00it/s, loss=0.0276]
Epoch 10:  56%|#####.....| 330/585 [00:05:29<00:04:14,  1.00it/s, loss=0.0276]
Epoch 10:  57%|#####.....| 335/585 [00:05:34<00:04:09,  1.00it/s, loss=0.0277]
Epoch 10:  58%|#####.....| 340/585 [00:05:39<00:04:04,  1.00it/s, loss=0.0277]
Epoch 10:  59%|#####.....| 345/585 [00:05:44<00:03:59,  1.00it/s, loss=0.0277]
Epoch 10:  60%|######....| 351/585 [00:05:49<00:03:53,  1.00it/s, loss=0.0276]
Epoch 10:  61%|######....| 356/585 [00:05:54<00:03:48,  1.00it/s, loss=0.0276]
Epoch 10:  62%|######....| 360/585 [00:06:00<00:03:45,  1.00it/s, loss=0.0277]
Epoch 10:  63%|######....| 366/585 [00:06:06<00:03:39,  1.00it/s, loss=0.0276]
Epoch 10:  64%|######....| 372/585 [00:06:12<00:03:33,  1.00it/s, loss=0.0275]
Epoch 10:  65%|######....| 378/585 [00:06:18<00:03:27,  1.00it/s, loss=0.0275]
Epoch 10:  66%|######....| 384/585 [00:06:24<00:03:21,  1.00it/s, loss=0.0274]
Epoch 10:  67%|######....| 390/585 [00:06:30<00:03:15,  1.00it/s, loss=0.0274]
Epoch 10:  68%|######....| 395/585 [00:06:35<00:03:10,  1.00it/s, loss=0.0274]
Epoch 10:  68%|######....| 399/585 [00:06:41<00:03:07,  0.99it/s, loss=0.0274]
Epoch 10:  69%|######....| 404/585 [00:06:47<00:03:02,  0.99it/s, loss=0.0274]
Epoch 10:  70%|#######...| 410/585 [00:06:52<00:02:56,  0.99it/s, loss=0.0274]
Epoch 10:  71%|#######...| 415/585 [00:06:57<00:02:51,  0.99it/s, loss=0.0274]
Epoch 10:  72%|#######...| 421/585 [00:07:03<00:02:45,  0.99it/s, loss=0.0274]
Epoch 10:  73%|#######...| 426/585 [00:07:09<00:02:40,  0.99it/s, loss=0.0274]
Epoch 10:  74%|#######...| 432/585 [00:07:14<00:02:33,  0.99it/s, loss=0.0274]
Epoch 10:  75%|#######...| 438/585 [00:07:20<00:02:27,  0.99it/s, loss=0.0274]
Epoch 10:  76%|#######...| 443/585 [00:07:25<00:02:22,  0.99it/s, loss=0.0274]
Epoch 10:  77%|#######...| 449/585 [00:07:31<00:02:16,  0.99it/s, loss=0.0275]
Epoch 10:  78%|#######...| 454/585 [00:07:37<00:02:11,  0.99it/s, loss=0.0275]
Epoch 10:  78%|#######...| 458/585 [00:07:42<00:02:08,  0.99it/s, loss=0.0275]
Epoch 10:  79%|#######...| 463/585 [00:07:47<00:02:03,  0.99it/s, loss=0.0275]
Epoch 10:  80%|########..| 468/585 [00:07:52<00:01:58,  0.99it/s, loss=0.0277]
Epoch 10:  81%|########..| 473/585 [00:07:57<00:01:53,  0.99it/s, loss=0.0277]
Epoch 10:  82%|########..| 478/585 [00:08:02<00:01:48,  0.99it/s, loss=0.0277]
Epoch 10:  83%|########..| 484/585 [00:08:08<00:01:41,  0.99it/s, loss=0.0277]
Epoch 10:  84%|########..| 489/585 [00:08:14<00:01:37,  0.99it/s, loss=0.0277]
Epoch 10:  84%|########..| 494/585 [00:08:20<00:01:32,  0.99it/s, loss=0.0277]
Epoch 10:  85%|########..| 500/585 [00:08:25<00:01:26,  0.99it/s, loss=0.0277]
Epoch 10:  86%|########..| 506/585 [00:08:31<00:01:19,  0.99it/s, loss=0.0277]
Epoch 10:  88%|########..| 512/585 [00:08:37<00:01:13,  0.99it/s, loss=0.0277]
Epoch 10:  88%|########..| 517/585 [00:08:42<00:01:08,  0.99it/s, loss=0.0277]
Epoch 10:  89%|########..| 523/585 [00:08:49<00:01:02,  0.99it/s, loss=0.0277]
Epoch 10:  90%|#########.| 527/585 [00:08:54<00:00:58,  0.99it/s, loss=0.0276]
Epoch 10:  91%|#########.| 532/585 [00:08:59<00:00:53,  0.99it/s, loss=0.0277]
Epoch 10:  92%|#########.| 538/585 [00:09:05<00:00:47,  0.99it/s, loss=0.0276]
Epoch 10:  93%|#########.| 542/585 [00:09:11<00:00:43,  0.98it/s, loss=0.0277]
Epoch 10:  94%|#########.| 547/585 [00:09:16<00:00:38,  0.98it/s, loss=0.0276]
Epoch 10:  95%|#########.| 553/585 [00:09:21<00:00:32,  0.98it/s, loss=0.0276]
Epoch 10:  96%|#########.| 559/585 [00:09:27<00:00:26,  0.99it/s, loss=0.0276]
Epoch 10:  97%|#########.| 565/585 [00:09:32<00:00:20,  0.99it/s, loss=0.0276]
Epoch 10:  97%|#########.| 570/585 [00:09:37<00:00:15,  0.99it/s, loss=0.0276]
Epoch 10:  98%|#########.| 575/585 [00:09:43<00:00:10,  0.99it/s, loss=0.0276]
Epoch 10:  99%|#########.| 580/585 [00:09:48<00:00:05,  0.99it/s, loss=0.0276]
Epoch 10: 100%|##########| 585/585 [00:09:53<00:00:00,  0.99it/s, loss=0.0276]
Test loss: 0.0260, Test rmsae: 8.11deg
{"event": "epoch_complete", "epoch": 10, "phase": 1, "lr": 0.0001, "batch_size": 1, "micro_batch_size": 1, "train_loss": 0.027627469099357597, "val_loss": 0.025960216880775988, "val_rmsae_deg": 8.113214254379272, "epoch_time_s": 594.1266536740586}
{"event": "checkpoint_saved", "tag": "best_rmsae", "epoch": 10, "path": "IFAN_Edge/outputs/stage3/ifan_stage3_full20_freqblock_paper_original_20260419_005314/checkpoints/best_rmsae.pt", "val_rmsae_deg": 8.113214254379272}
{"event": "checkpoint_saved", "tag": "epoch_010", "epoch": 10, "path": "IFAN_Edge/outputs/stage3/ifan_stage3_full20_freqblock_paper_original_20260419_005314/checkpoints/epoch_010.pt"}
Epoch 11/40:
Epoch 11:   1%|..........| 5/585 [00:00:05<00:10:21,  0.93it/s, loss=0.0265]
Epoch 11:   2%|..........| 10/585 [00:00:10<00:10:06,  0.95it/s, loss=0.0303]
Epoch 11:   3%|..........| 16/585 [00:00:16<00:09:38,  0.98it/s, loss=0.0289]
Epoch 11:   4%|..........| 21/585 [00:00:22<00:09:53,  0.95it/s, loss=0.0280]
Epoch 11:   4%|..........| 26/585 [00:00:27<00:09:49,  0.95it/s, loss=0.0281]
Epoch 11:   5%|..........| 31/585 [00:00:32<00:09:43,  0.95it/s, loss=0.0272]
Epoch 11:   6%|..........| 36/585 [00:00:37<00:09:35,  0.95it/s, loss=0.0270]
Epoch 11:   7%|..........| 42/585 [00:00:43<00:09:16,  0.98it/s, loss=0.0268]
Epoch 11:   8%|..........| 48/585 [00:00:48<00:09:07,  0.98it/s, loss=0.0269]
Epoch 11:   9%|..........| 53/585 [00:00:54<00:09:05,  0.97it/s, loss=0.0272]
Epoch 11:  10%|..........| 57/585 [00:00:59<00:09:10,  0.96it/s, loss=0.0282]
Epoch 11:  11%|#.........| 63/585 [00:01:04<00:08:56,  0.97it/s, loss=0.0283]
Epoch 11:  12%|#.........| 68/585 [00:01:09<00:08:50,  0.97it/s, loss=0.0281]
Epoch 11:  12%|#.........| 73/585 [00:01:15<00:08:46,  0.97it/s, loss=0.0278]
Epoch 11:  13%|#.........| 77/585 [00:01:20<00:08:54,  0.95it/s, loss=0.0277]
Epoch 11:  14%|#.........| 83/585 [00:01:26<00:08:44,  0.96it/s, loss=0.0274]
Epoch 11:  15%|#.........| 88/585 [00:01:31<00:08:38,  0.96it/s, loss=0.0279]
Epoch 11:  16%|#.........| 94/585 [00:01:38<00:08:33,  0.96it/s, loss=0.0280]
Epoch 11:  17%|#.........| 99/585 [00:01:43<00:08:28,  0.96it/s, loss=0.0277]
Epoch 11:  18%|#.........| 105/585 [00:01:49<00:08:19,  0.96it/s, loss=0.0276]
Epoch 11:  19%|#.........| 111/585 [00:01:54<00:08:09,  0.97it/s, loss=0.0273]
Epoch 11:  20%|##........| 117/585 [00:02:00<00:08:02,  0.97it/s, loss=0.0272]
Epoch 11:  21%|##........| 122/585 [00:02:05<00:07:58,  0.97it/s, loss=0.0270]
Epoch 11:  22%|##........| 128/585 [00:02:11<00:07:50,  0.97it/s, loss=0.0269]
Epoch 11:  23%|##........| 133/585 [00:02:16<00:07:45,  0.97it/s, loss=0.0269]
Epoch 11:  24%|##........| 139/585 [00:02:22<00:07:37,  0.97it/s, loss=0.0268]
Epoch 11:  25%|##........| 144/585 [00:02:27<00:07:33,  0.97it/s, loss=0.0270]
Epoch 11:  26%|##........| 150/585 [00:02:34<00:07:27,  0.97it/s, loss=0.0269]
Epoch 11:  26%|##........| 155/585 [00:02:39<00:07:22,  0.97it/s, loss=0.0269]
Epoch 11:  28%|##........| 161/585 [00:02:45<00:07:14,  0.97it/s, loss=0.0268]
Epoch 11:  28%|##........| 166/585 [00:02:50<00:07:09,  0.97it/s, loss=0.0266]
Epoch 11:  29%|##........| 172/585 [00:02:56<00:07:02,  0.98it/s, loss=0.0266]
Epoch 11:  30%|###.......| 177/585 [00:03:01<00:06:58,  0.98it/s, loss=0.0267]
Epoch 11:  31%|###.......| 183/585 [00:03:07<00:06:50,  0.98it/s, loss=0.0265]
Epoch 11:  32%|###.......| 189/585 [00:03:12<00:06:43,  0.98it/s, loss=0.0264]
Epoch 11:  33%|###.......| 194/585 [00:03:17<00:06:38,  0.98it/s, loss=0.0264]
Epoch 11:  34%|###.......| 199/585 [00:03:23<00:06:34,  0.98it/s, loss=0.0264]
Epoch 11:  35%|###.......| 205/585 [00:03:28<00:06:26,  0.98it/s, loss=0.0263]
Epoch 11:  36%|###.......| 210/585 [00:03:33<00:06:21,  0.98it/s, loss=0.0264]
Epoch 11:  37%|###.......| 216/585 [00:03:38<00:06:13,  0.99it/s, loss=0.0263]
Epoch 11:  38%|###.......| 222/585 [00:03:44<00:06:07,  0.99it/s, loss=0.0264]
Epoch 11:  39%|###.......| 227/585 [00:03:50<00:06:03,  0.99it/s, loss=0.0268]
Epoch 11:  40%|###.......| 232/585 [00:03:55<00:05:58,  0.99it/s, loss=0.0269]
Epoch 11:  41%|####......| 237/585 [00:04:00<00:05:53,  0.99it/s, loss=0.0269]
Epoch 11:  41%|####......| 242/585 [00:04:05<00:05:48,  0.98it/s, loss=0.0269]
Epoch 11:  42%|####......| 247/585 [00:04:11<00:05:44,  0.98it/s, loss=0.0273]
Epoch 11:  43%|####......| 253/585 [00:04:17<00:05:37,  0.98it/s, loss=0.0273]
Epoch 11:  44%|####......| 259/585 [00:04:22<00:05:30,  0.99it/s, loss=0.0273]
Epoch 11:  45%|####......| 265/585 [00:04:28<00:05:24,  0.99it/s, loss=0.0273]
Epoch 11:  46%|####......| 270/585 [00:04:34<00:05:19,  0.99it/s, loss=0.0273]
Epoch 11:  47%|####......| 276/585 [00:04:39<00:05:13,  0.99it/s, loss=0.0273]
Epoch 11:  48%|####......| 281/585 [00:04:45<00:05:08,  0.99it/s, loss=0.0274]
Epoch 11:  49%|####......| 286/585 [00:04:50<00:05:03,  0.99it/s, loss=0.0273]
Epoch 11:  50%|####......| 292/585 [00:04:56<00:04:57,  0.99it/s, loss=0.0274]
Epoch 11:  51%|#####.....| 298/585 [00:05:02<00:04:50,  0.99it/s, loss=0.0273]
Epoch 11:  52%|#####.....| 303/585 [00:05:07<00:04:46,  0.99it/s, loss=0.0272]
Epoch 11:  53%|#####.....| 308/585 [00:05:13<00:04:41,  0.98it/s, loss=0.0271]
Epoch 11:  54%|#####.....| 314/585 [00:05:18<00:04:34,  0.99it/s, loss=0.0271]
Epoch 11:  55%|#####.....| 319/585 [00:05:23<00:04:30,  0.98it/s, loss=0.0270]
Epoch 11:  56%|#####.....| 325/585 [00:05:29<00:04:23,  0.99it/s, loss=0.0270]
Epoch 11:  57%|#####.....| 331/585 [00:05:35<00:04:17,  0.99it/s, loss=0.0269]
Epoch 11:  58%|#####.....| 337/585 [00:05:40<00:04:10,  0.99it/s, loss=0.0268]
Epoch 11:  59%|#####.....| 343/585 [00:05:46<00:04:04,  0.99it/s, loss=0.0268]
Epoch 11:  60%|#####.....| 349/585 [00:05:51<00:03:57,  0.99it/s, loss=0.0267]
Epoch 11:  61%|######....| 355/585 [00:05:57<00:03:51,  0.99it/s, loss=0.0267]
Epoch 11:  62%|######....| 360/585 [00:06:02<00:03:46,  0.99it/s, loss=0.0267]
Epoch 11:  63%|######....| 366/585 [00:06:08<00:03:40,  0.99it/s, loss=0.0267]
Epoch 11:  64%|######....| 372/585 [00:06:13<00:03:33,  1.00it/s, loss=0.0266]
Epoch 11:  64%|######....| 377/585 [00:06:19<00:03:29,  0.99it/s, loss=0.0267]
Epoch 11:  65%|######....| 383/585 [00:06:24<00:03:23,  0.99it/s, loss=0.0266]
Epoch 11:  66%|######....| 389/585 [00:06:30<00:03:16,  1.00it/s, loss=0.0266]
Epoch 11:  68%|######....| 395/585 [00:06:35<00:03:10,  1.00it/s, loss=0.0266]
Epoch 11:  69%|######....| 401/585 [00:06:41<00:03:04,  1.00it/s, loss=0.0265]
Epoch 11:  70%|######....| 407/585 [00:06:47<00:02:58,  1.00it/s, loss=0.0265]
Epoch 11:  70%|#######...| 412/585 [00:06:53<00:02:53,  1.00it/s, loss=0.0266]
Epoch 11:  71%|#######...| 417/585 [00:06:58<00:02:48,  1.00it/s, loss=0.0265]
Epoch 11:  72%|#######...| 423/585 [00:07:04<00:02:42,  1.00it/s, loss=0.0265]
Epoch 11:  73%|#######...| 429/585 [00:07:10<00:02:36,  1.00it/s, loss=0.0265]
Epoch 11:  74%|#######...| 434/585 [00:07:15<00:02:31,  1.00it/s, loss=0.0264]
Epoch 11:  75%|#######...| 439/585 [00:07:20<00:02:26,  1.00it/s, loss=0.0264]
Epoch 11:  76%|#######...| 444/585 [00:07:26<00:02:21,  1.00it/s, loss=0.0264]
Epoch 11:  77%|#######...| 450/585 [00:07:31<00:02:15,  1.00it/s, loss=0.0265]
Epoch 11:  78%|#######...| 456/585 [00:07:37<00:02:09,  1.00it/s, loss=0.0265]
Epoch 11:  79%|#######...| 461/585 [00:07:42<00:02:04,  1.00it/s, loss=0.0265]
Epoch 11:  80%|#######...| 467/585 [00:07:47<00:01:58,  1.00it/s, loss=0.0264]
Epoch 11:  81%|########..| 472/585 [00:07:53<00:01:53,  1.00it/s, loss=0.0264]
Epoch 11:  82%|########..| 478/585 [00:07:59<00:01:47,  1.00it/s, loss=0.0264]
Epoch 11:  83%|########..| 484/585 [00:08:04<00:01:41,  1.00it/s, loss=0.0264]
Epoch 11:  84%|########..| 489/585 [00:08:09<00:01:36,  1.00it/s, loss=0.0264]
Epoch 11:  84%|########..| 494/585 [00:08:15<00:01:31,  1.00it/s, loss=0.0264]
Epoch 11:  85%|########..| 500/585 [00:08:21<00:01:25,  1.00it/s, loss=0.0264]
Epoch 11:  86%|########..| 505/585 [00:08:26<00:01:20,  1.00it/s, loss=0.0264]
Epoch 11:  87%|########..| 511/585 [00:08:32<00:01:14,  1.00it/s, loss=0.0263]
Epoch 11:  88%|########..| 516/585 [00:08:38<00:01:09,  1.00it/s, loss=0.0264]
Epoch 11:  89%|########..| 522/585 [00:08:43<00:01:03,  1.00it/s, loss=0.0263]
Epoch 11:  90%|#########.| 528/585 [00:08:49<00:00:57,  1.00it/s, loss=0.0264]
Epoch 11:  91%|#########.| 534/585 [00:08:55<00:00:51,  1.00it/s, loss=0.0263]
Epoch 11:  92%|#########.| 539/585 [00:09:00<00:00:46,  1.00it/s, loss=0.0263]
Epoch 11:  93%|#########.| 545/585 [00:09:06<00:00:40,  1.00it/s, loss=0.0263]
Epoch 11:  94%|#########.| 551/585 [00:09:12<00:00:34,  1.00it/s, loss=0.0263]
Epoch 11:  95%|#########.| 557/585 [00:09:17<00:00:28,  1.00it/s, loss=0.0263]
Epoch 11:  96%|#########.| 563/585 [00:09:23<00:00:22,  1.00it/s, loss=0.0263]
Epoch 11:  97%|#########.| 569/585 [00:09:28<00:00:15,  1.00it/s, loss=0.0262]
Epoch 11:  98%|#########.| 574/585 [00:09:34<00:00:11,  1.00it/s, loss=0.0263]
Epoch 11:  99%|#########.| 580/585 [00:09:39<00:00:04,  1.00it/s, loss=0.0262]
Epoch 11: 100%|##########| 585/585 [00:09:44<00:00:00,  1.00it/s, loss=0.0262]
Test loss: 0.0256, Test rmsae: 7.65deg
{"event": "epoch_complete", "epoch": 11, "phase": 1, "lr": 0.0001, "batch_size": 1, "micro_batch_size": 1, "train_loss": 0.02622607781464218, "val_loss": 0.025585186609532684, "val_rmsae_deg": 7.648869127035141, "epoch_time_s": 585.6990580729907}
{"event": "checkpoint_saved", "tag": "best_rmsae", "epoch": 11, "path": "IFAN_Edge/outputs/stage3/ifan_stage3_full20_freqblock_paper_original_20260419_005314/checkpoints/best_rmsae.pt", "val_rmsae_deg": 7.648869127035141}
Epoch 12/40:
Epoch 12:   1%|..........| 5/585 [00:00:05<00:09:46,  0.99it/s, loss=0.0228]
Epoch 12:   2%|..........| 11/585 [00:00:10<00:09:12,  1.04it/s, loss=0.0231]
Epoch 12:   3%|..........| 17/585 [00:00:16<00:08:56,  1.06it/s, loss=0.0228]
Epoch 12:   4%|..........| 23/585 [00:00:21<00:08:49,  1.06it/s, loss=0.0236]
Epoch 12:   5%|..........| 29/585 [00:00:27<00:08:40,  1.07it/s, loss=0.0230]
Epoch 12:   6%|..........| 34/585 [00:00:32<00:08:44,  1.05it/s, loss=0.0245]
Epoch 12:   7%|..........| 40/585 [00:00:37<00:08:36,  1.06it/s, loss=0.0246]
Epoch 12:   8%|..........| 46/585 [00:00:43<00:08:27,  1.06it/s, loss=0.0246]
Epoch 12:   9%|..........| 52/585 [00:00:49<00:08:24,  1.06it/s, loss=0.0247]
Epoch 12:  10%|..........| 57/585 [00:00:54<00:08:22,  1.05it/s, loss=0.0246]
Epoch 12:  11%|#.........| 63/585 [00:00:59<00:08:14,  1.05it/s, loss=0.0247]
Epoch 12:  12%|#.........| 68/585 [00:01:05<00:08:17,  1.04it/s, loss=0.0250]
Epoch 12:  13%|#.........| 74/585 [00:01:11<00:08:10,  1.04it/s, loss=0.0252]
Epoch 12:  14%|#.........| 80/585 [00:01:16<00:08:01,  1.05it/s, loss=0.0253]
Epoch 12:  15%|#.........| 86/585 [00:01:21<00:07:54,  1.05it/s, loss=0.0252]
Epoch 12:  16%|#.........| 92/585 [00:01:27<00:07:49,  1.05it/s, loss=0.0252]
Epoch 12:  17%|#.........| 97/585 [00:01:32<00:07:46,  1.05it/s, loss=0.0254]
Epoch 12:  18%|#.........| 103/585 [00:01:38<00:07:39,  1.05it/s, loss=0.0252]
Epoch 12:  18%|#.........| 108/585 [00:01:43<00:07:38,  1.04it/s, loss=0.0253]
Epoch 12:  19%|#.........| 114/585 [00:01:49<00:07:32,  1.04it/s, loss=0.0251]
Epoch 12:  20%|##........| 119/585 [00:01:54<00:07:28,  1.04it/s, loss=0.0250]
Epoch 12:  21%|##........| 124/585 [00:02:00<00:07:27,  1.03it/s, loss=0.0255]
Epoch 12:  22%|##........| 129/585 [00:02:05<00:07:23,  1.03it/s, loss=0.0255]
Epoch 12:  23%|##........| 134/585 [00:02:10<00:07:20,  1.02it/s, loss=0.0254]
Epoch 12:  24%|##........| 140/585 [00:02:16<00:07:14,  1.02it/s, loss=0.0254]
Epoch 12:  25%|##........| 145/585 [00:02:21<00:07:10,  1.02it/s, loss=0.0256]
Epoch 12:  26%|##........| 151/585 [00:02:27<00:07:03,  1.02it/s, loss=0.0258]
Epoch 12:  27%|##........| 156/585 [00:02:32<00:07:00,  1.02it/s, loss=0.0259]
Epoch 12:  28%|##........| 162/585 [00:02:38<00:06:53,  1.02it/s, loss=0.0259]
Epoch 12:  29%|##........| 168/585 [00:02:44<00:06:47,  1.02it/s, loss=0.0259]
Epoch 12:  30%|##........| 173/585 [00:02:49<00:06:43,  1.02it/s, loss=0.0260]
Epoch 12:  31%|###.......| 179/585 [00:02:54<00:06:36,  1.02it/s, loss=0.0261]
Epoch 12:  32%|###.......| 185/585 [00:03:00<00:06:29,  1.03it/s, loss=0.0260]
Epoch 12:  32%|###.......| 189/585 [00:03:05<00:06:28,  1.02it/s, loss=0.0260]
Epoch 12:  33%|###.......| 195/585 [00:03:10<00:06:21,  1.02it/s, loss=0.0259]
Epoch 12:  34%|###.......| 201/585 [00:03:16<00:06:15,  1.02it/s, loss=0.0259]
Epoch 12:  35%|###.......| 205/585 [00:03:21<00:06:14,  1.02it/s, loss=0.0260]
Epoch 12:  36%|###.......| 211/585 [00:03:27<00:06:08,  1.02it/s, loss=0.0259]
Epoch 12:  37%|###.......| 217/585 [00:03:33<00:06:01,  1.02it/s, loss=0.0259]
Epoch 12:  38%|###.......| 222/585 [00:03:38<00:05:57,  1.02it/s, loss=0.0258]
Epoch 12:  39%|###.......| 228/585 [00:03:43<00:05:50,  1.02it/s, loss=0.0258]
Epoch 12:  40%|###.......| 233/585 [00:03:50<00:05:47,  1.01it/s, loss=0.0260]
Epoch 12:  41%|####......| 238/585 [00:03:55<00:05:43,  1.01it/s, loss=0.0262]
Epoch 12:  42%|####......| 243/585 [00:04:00<00:05:38,  1.01it/s, loss=0.0264]
Epoch 12:  43%|####......| 249/585 [00:04:06<00:05:32,  1.01it/s, loss=0.0263]
Epoch 12:  43%|####......| 254/585 [00:04:11<00:05:28,  1.01it/s, loss=0.0263]
Epoch 12:  44%|####......| 260/585 [00:04:18<00:05:22,  1.01it/s, loss=0.0264]
Epoch 12:  45%|####......| 265/585 [00:04:23<00:05:17,  1.01it/s, loss=0.0266]
Epoch 12:  46%|####......| 270/585 [00:04:29<00:05:13,  1.00it/s, loss=0.0267]
Epoch 12:  47%|####......| 275/585 [00:04:34<00:05:08,  1.00it/s, loss=0.0267]
Epoch 12:  48%|####......| 281/585 [00:04:39<00:05:02,  1.01it/s, loss=0.0267]
Epoch 12:  49%|####......| 286/585 [00:04:44<00:04:57,  1.00it/s, loss=0.0269]
Epoch 12:  50%|####......| 291/585 [00:04:50<00:04:53,  1.00it/s, loss=0.0273]
Epoch 12:  51%|#####.....| 297/585 [00:04:55<00:04:46,  1.00it/s, loss=0.0287]
Epoch 12:  52%|#####.....| 303/585 [00:05:00<00:04:40,  1.01it/s, loss=0.0288]
Epoch 12:  53%|#####.....| 308/585 [00:05:06<00:04:35,  1.01it/s, loss=0.0292]
Epoch 12:  53%|#####.....| 312/585 [00:05:11<00:04:32,  1.00it/s, loss=0.0297]
Epoch 12:  54%|#####.....| 318/585 [00:05:16<00:04:25,  1.00it/s, loss=0.0297]
Epoch 12:  55%|#####.....| 323/585 [00:05:21<00:04:20,  1.00it/s, loss=0.0298]
Epoch 12:  56%|#####.....| 329/585 [00:05:27<00:04:14,  1.00it/s, loss=0.0297]
Epoch 12:  57%|#####.....| 335/585 [00:05:32<00:04:08,  1.01it/s, loss=0.0296]
Epoch 12:  58%|#####.....| 340/585 [00:05:38<00:04:03,  1.01it/s, loss=0.0295]
Epoch 12:  59%|#####.....| 346/585 [00:05:44<00:03:58,  1.00it/s, loss=0.0296]
Epoch 12:  60%|######....| 352/585 [00:05:50<00:03:51,  1.01it/s, loss=0.0295]
Epoch 12:  61%|######....| 358/585 [00:05:55<00:03:45,  1.01it/s, loss=0.0294]
Epoch 12:  62%|######....| 363/585 [00:06:01<00:03:41,  1.00it/s, loss=0.0294]
Epoch 12:  63%|######....| 369/585 [00:06:07<00:03:35,  1.00it/s, loss=0.0293]
Epoch 12:  64%|######....| 374/585 [00:06:13<00:03:30,  1.00it/s, loss=0.0292]
Epoch 12:  65%|######....| 380/585 [00:06:19<00:03:24,  1.00it/s, loss=0.0292]
Epoch 12:  66%|######....| 385/585 [00:06:24<00:03:19,  1.00it/s, loss=0.0292]
Epoch 12:  67%|######....| 390/585 [00:06:29<00:03:14,  1.00it/s, loss=0.0292]
Epoch 12:  68%|######....| 396/585 [00:06:35<00:03:08,  1.00it/s, loss=0.0291]
Epoch 12:  69%|######....| 402/585 [00:06:40<00:03:02,  1.00it/s, loss=0.0290]
Epoch 12:  70%|######....| 407/585 [00:06:45<00:02:57,  1.00it/s, loss=0.0290]
Epoch 12:  71%|#######...| 413/585 [00:06:50<00:02:51,  1.00it/s, loss=0.0290]
Epoch 12:  71%|#######...| 418/585 [00:06:56<00:02:46,  1.00it/s, loss=0.0289]
Epoch 12:  72%|#######...| 424/585 [00:07:02<00:02:40,  1.00it/s, loss=0.0289]
Epoch 12:  73%|#######...| 429/585 [00:07:07<00:02:35,  1.00it/s, loss=0.0289]
Epoch 12:  74%|#######...| 434/585 [00:07:12<00:02:30,  1.00it/s, loss=0.0289]
Epoch 12:  75%|#######...| 440/585 [00:07:19<00:02:24,  1.00it/s, loss=0.0289]
Epoch 12:  76%|#######...| 445/585 [00:07:24<00:02:19,  1.00it/s, loss=0.0289]
Epoch 12:  77%|#######...| 450/585 [00:07:29<00:02:14,  1.00it/s, loss=0.0289]
Epoch 12:  78%|#######...| 456/585 [00:07:35<00:02:08,  1.00it/s, loss=0.0289]
Epoch 12:  79%|#######...| 461/585 [00:07:40<00:02:03,  1.00it/s, loss=0.0289]
Epoch 12:  80%|#######...| 466/585 [00:07:46<00:01:59,  1.00it/s, loss=0.0289]
Epoch 12:  81%|########..| 471/585 [00:07:51<00:01:54,  1.00it/s, loss=0.0289]
Epoch 12:  81%|########..| 476/585 [00:07:57<00:01:49,  1.00it/s, loss=0.0288]
Epoch 12:  82%|########..| 481/585 [00:08:03<00:01:44,  1.00it/s, loss=0.0288]
Epoch 12:  83%|########..| 487/585 [00:08:08<00:01:38,  1.00it/s, loss=0.0287]
Epoch 12:  84%|########..| 493/585 [00:08:14<00:01:32,  1.00it/s, loss=0.0287]
Epoch 12:  85%|########..| 499/585 [00:08:19<00:01:26,  1.00it/s, loss=0.0286]
Epoch 12:  86%|########..| 504/585 [00:08:24<00:01:21,  1.00it/s, loss=0.0286]
Epoch 12:  87%|########..| 510/585 [00:08:29<00:01:14,  1.00it/s, loss=0.0285]
Epoch 12:  88%|########..| 516/585 [00:08:35<00:01:08,  1.00it/s, loss=0.0285]
Epoch 12:  89%|########..| 521/585 [00:08:41<00:01:04,  1.00it/s, loss=0.0284]
Epoch 12:  90%|########..| 526/585 [00:08:46<00:00:59,  1.00it/s, loss=0.0284]
Epoch 12:  91%|#########.| 532/585 [00:08:52<00:00:53,  1.00it/s, loss=0.0284]
Epoch 12:  92%|#########.| 537/585 [00:08:58<00:00:48,  1.00it/s, loss=0.0283]
Epoch 12:  93%|#########.| 542/585 [00:09:03<00:00:43,  1.00it/s, loss=0.0283]
Epoch 12:  94%|#########.| 547/585 [00:09:08<00:00:38,  1.00it/s, loss=0.0283]
Epoch 12:  95%|#########.| 553/585 [00:09:14<00:00:32,  1.00it/s, loss=0.0282]
Epoch 12:  96%|#########.| 559/585 [00:09:20<00:00:26,  1.00it/s, loss=0.0282]
Epoch 12:  96%|#########.| 564/585 [00:09:26<00:00:21,  1.00it/s, loss=0.0281]
Epoch 12:  97%|#########.| 569/585 [00:09:31<00:00:16,  1.00it/s, loss=0.0282]
Epoch 12:  98%|#########.| 575/585 [00:09:37<00:00:10,  1.00it/s, loss=0.0282]
Epoch 12:  99%|#########.| 581/585 [00:09:42<00:00:04,  1.00it/s, loss=0.0281]
Epoch 12: 100%|##########| 585/585 [00:09:45<00:00:00,  1.00it/s, loss=0.0281]
Test loss: 0.0259, Test rmsae: 8.48deg
{"event": "epoch_complete", "epoch": 12, "phase": 1, "lr": 0.0001, "batch_size": 1, "micro_batch_size": 1, "train_loss": 0.028076639106003647, "val_loss": 0.025914818630553782, "val_rmsae_deg": 8.480446189641953, "epoch_time_s": 586.623941391008}
Epoch 13/40:
Epoch 13:   1%|..........| 5/585 [00:00:05<00:10:41,  0.90it/s, loss=0.0276]
Epoch 13:   2%|..........| 11/585 [00:00:11<00:10:12,  0.94it/s, loss=0.0263]
Epoch 13:   3%|..........| 17/585 [00:00:17<00:09:28,  1.00it/s, loss=0.0258]
Epoch 13:   4%|..........| 22/585 [00:00:22<00:09:30,  0.99it/s, loss=0.0270]
Epoch 13:   5%|..........| 27/585 [00:00:27<00:09:25,  0.99it/s, loss=0.0266]
Epoch 13:   6%|..........| 33/585 [00:00:32<00:09:06,  1.01it/s, loss=0.0263]
Epoch 13:   6%|..........| 38/585 [00:00:37<00:09:02,  1.01it/s, loss=0.0265]
Epoch 13:   8%|..........| 44/585 [00:00:43<00:08:58,  1.00it/s, loss=0.0262]
Epoch 13:   8%|..........| 49/585 [00:00:48<00:08:55,  1.00it/s, loss=0.0258]
Epoch 13:   9%|..........| 54/585 [00:00:54<00:08:55,  0.99it/s, loss=0.0260]
Epoch 13:  10%|#.........| 59/585 [00:01:00<00:08:59,  0.98it/s, loss=0.0261]
Epoch 13:  11%|#.........| 65/585 [00:01:06<00:08:49,  0.98it/s, loss=0.0260]
Epoch 13:  12%|#.........| 71/585 [00:01:12<00:08:41,  0.99it/s, loss=0.0270]
Epoch 13:  13%|#.........| 77/585 [00:01:18<00:08:34,  0.99it/s, loss=0.0269]
Epoch 13:  14%|#.........| 82/585 [00:01:23<00:08:32,  0.98it/s, loss=0.0268]
Epoch 13:  15%|#.........| 87/585 [00:01:28<00:08:29,  0.98it/s, loss=0.0267]
Epoch 13:  16%|#.........| 93/585 [00:01:35<00:08:23,  0.98it/s, loss=0.0265]
Epoch 13:  17%|#.........| 99/585 [00:01:40<00:08:13,  0.99it/s, loss=0.0262]
Epoch 13:  18%|#.........| 104/585 [00:01:45<00:08:09,  0.98it/s, loss=0.0261]
Epoch 13:  19%|#.........| 110/585 [00:01:50<00:07:59,  0.99it/s, loss=0.0261]
Epoch 13:  20%|#.........| 116/585 [00:01:56<00:07:51,  1.00it/s, loss=0.0259]
Epoch 13:  21%|##........| 122/585 [00:02:02<00:07:43,  1.00it/s, loss=0.0258]
Epoch 13:  22%|##........| 127/585 [00:02:07<00:07:38,  1.00it/s, loss=0.0257]
Epoch 13:  23%|##........| 132/585 [00:02:13<00:07:37,  0.99it/s, loss=0.0257]
Epoch 13:  24%|##........| 138/585 [00:02:19<00:07:30,  0.99it/s, loss=0.0256]
Epoch 13:  24%|##........| 143/585 [00:02:24<00:07:25,  0.99it/s, loss=0.0257]
Epoch 13:  25%|##........| 149/585 [00:02:29<00:07:17,  1.00it/s, loss=0.0257]
Epoch 13:  26%|##........| 154/585 [00:02:34<00:07:13,  0.99it/s, loss=0.0256]
Epoch 13:  27%|##........| 160/585 [00:02:40<00:07:06,  1.00it/s, loss=0.0256]
Epoch 13:  28%|##........| 165/585 [00:02:45<00:07:02,  0.99it/s, loss=0.0256]
Epoch 13:  29%|##........| 169/585 [00:02:51<00:07:02,  0.98it/s, loss=0.0259]
Epoch 13:  30%|##........| 175/585 [00:02:57<00:06:55,  0.99it/s, loss=0.0259]
Epoch 13:  31%|###.......| 181/585 [00:03:02<00:06:47,  0.99it/s, loss=0.0258]
Epoch 13:  32%|###.......| 187/585 [00:03:08<00:06:40,  0.99it/s, loss=0.0259]
Epoch 13:  33%|###.......| 192/585 [00:03:14<00:06:37,  0.99it/s, loss=0.0259]
Epoch 13:  34%|###.......| 197/585 [00:03:19<00:06:32,  0.99it/s, loss=0.0259]
Epoch 13:  35%|###.......| 202/585 [00:03:25<00:06:28,  0.99it/s, loss=0.0259]
Epoch 13:  36%|###.......| 208/585 [00:03:30<00:06:21,  0.99it/s, loss=0.0258]
Epoch 13:  37%|###.......| 214/585 [00:03:36<00:06:14,  0.99it/s, loss=0.0259]
Epoch 13:  37%|###.......| 219/585 [00:03:41<00:06:09,  0.99it/s, loss=0.0259]
Epoch 13:  38%|###.......| 224/585 [00:03:47<00:06:06,  0.98it/s, loss=0.0258]
Epoch 13:  39%|###.......| 229/585 [00:03:52<00:06:01,  0.98it/s, loss=0.0259]
Epoch 13:  40%|####......| 235/585 [00:03:58<00:05:55,  0.98it/s, loss=0.0259]
Epoch 13:  41%|####......| 240/585 [00:04:04<00:05:51,  0.98it/s, loss=0.0259]
Epoch 13:  42%|####......| 245/585 [00:04:09<00:05:45,  0.98it/s, loss=0.0259]
Epoch 13:  43%|####......| 251/585 [00:04:14<00:05:39,  0.98it/s, loss=0.0259]
Epoch 13:  44%|####......| 257/585 [00:04:20<00:05:32,  0.99it/s, loss=0.0258]
Epoch 13:  45%|####......| 262/585 [00:04:26<00:05:28,  0.98it/s, loss=0.0259]
Epoch 13:  46%|####......| 268/585 [00:04:32<00:05:22,  0.98it/s, loss=0.0258]
Epoch 13:  47%|####......| 274/585 [00:04:38<00:05:15,  0.99it/s, loss=0.0257]
Epoch 13:  48%|####......| 279/585 [00:04:43<00:05:11,  0.98it/s, loss=0.0258]
Epoch 13:  49%|####......| 284/585 [00:04:49<00:05:07,  0.98it/s, loss=0.0257]
Epoch 13:  49%|####......| 289/585 [00:04:55<00:05:02,  0.98it/s, loss=0.0257]
Epoch 13:  50%|#####.....| 295/585 [00:05:00<00:04:55,  0.98it/s, loss=0.0257]
Epoch 13:  51%|#####.....| 301/585 [00:05:06<00:04:49,  0.98it/s, loss=0.0256]
Epoch 13:  52%|#####.....| 306/585 [00:05:11<00:04:44,  0.98it/s, loss=0.0257]
Epoch 13:  53%|#####.....| 312/585 [00:05:17<00:04:37,  0.98it/s, loss=0.0257]
Epoch 13:  54%|#####.....| 318/585 [00:05:23<00:04:31,  0.98it/s, loss=0.0260]
Epoch 13:  55%|#####.....| 323/585 [00:05:28<00:04:26,  0.98it/s, loss=0.0259]
Epoch 13:  56%|#####.....| 328/585 [00:05:34<00:04:22,  0.98it/s, loss=0.0262]
Epoch 13:  57%|#####.....| 334/585 [00:05:40<00:04:15,  0.98it/s, loss=0.0262]
Epoch 13:  58%|#####.....| 340/585 [00:05:45<00:04:09,  0.98it/s, loss=0.0262]
Epoch 13:  59%|#####.....| 345/585 [00:05:50<00:04:04,  0.98it/s, loss=0.0263]
Epoch 13:  60%|######....| 351/585 [00:05:57<00:03:58,  0.98it/s, loss=0.0263]
Epoch 13:  61%|######....| 356/585 [00:06:02<00:03:52,  0.98it/s, loss=0.0263]
Epoch 13:  62%|######....| 362/585 [00:06:07<00:03:46,  0.98it/s, loss=0.0263]
Epoch 13:  63%|######....| 368/585 [00:06:13<00:03:40,  0.98it/s, loss=0.0263]
Epoch 13:  64%|######....| 374/585 [00:06:19<00:03:33,  0.99it/s, loss=0.0264]
Epoch 13:  65%|######....| 379/585 [00:06:24<00:03:29,  0.99it/s, loss=0.0264]
Epoch 13:  66%|######....| 385/585 [00:06:30<00:03:22,  0.99it/s, loss=0.0263]
Epoch 13:  67%|######....| 391/585 [00:06:36<00:03:16,  0.99it/s, loss=0.0263]
Epoch 13:  68%|######....| 397/585 [00:06:42<00:03:10,  0.99it/s, loss=0.0263]
Epoch 13:  69%|######....| 403/585 [00:06:47<00:03:04,  0.99it/s, loss=0.0262]
Epoch 13:  70%|######....| 408/585 [00:06:53<00:02:59,  0.99it/s, loss=0.0262]
Epoch 13:  71%|#######...| 413/585 [00:06:58<00:02:54,  0.99it/s, loss=0.0261]
Epoch 13:  71%|#######...| 418/585 [00:07:03<00:02:49,  0.99it/s, loss=0.0261]
Epoch 13:  72%|#######...| 423/585 [00:07:09<00:02:44,  0.99it/s, loss=0.0262]
Epoch 13:  73%|#######...| 428/585 [00:07:15<00:02:39,  0.98it/s, loss=0.0262]
Epoch 13:  74%|#######...| 433/585 [00:07:20<00:02:34,  0.98it/s, loss=0.0262]
Epoch 13:  75%|#######...| 439/585 [00:07:25<00:02:28,  0.98it/s, loss=0.0261]
Epoch 13:  76%|#######...| 445/585 [00:07:32<00:02:22,  0.98it/s, loss=0.0261]
Epoch 13:  77%|#######...| 450/585 [00:07:37<00:02:17,  0.98it/s, loss=0.0261]
Epoch 13:  78%|#######...| 455/585 [00:07:43<00:02:12,  0.98it/s, loss=0.0261]
Epoch 13:  79%|#######...| 461/585 [00:07:49<00:02:06,  0.98it/s, loss=0.0262]
Epoch 13:  80%|#######...| 467/585 [00:07:55<00:02:00,  0.98it/s, loss=0.0262]
Epoch 13:  81%|########..| 472/585 [00:08:00<00:01:55,  0.98it/s, loss=0.0262]
Epoch 13:  82%|########..| 478/585 [00:08:06<00:01:48,  0.98it/s, loss=0.0262]
Epoch 13:  83%|########..| 483/585 [00:08:11<00:01:43,  0.98it/s, loss=0.0262]
Epoch 13:  84%|########..| 489/585 [00:08:16<00:01:37,  0.98it/s, loss=0.0262]
Epoch 13:  84%|########..| 494/585 [00:08:21<00:01:32,  0.98it/s, loss=0.0262]
Epoch 13:  85%|########..| 500/585 [00:08:26<00:01:26,  0.99it/s, loss=0.0262]
Epoch 13:  86%|########..| 506/585 [00:08:32<00:01:20,  0.99it/s, loss=0.0263]
Epoch 13:  87%|########..| 511/585 [00:08:37<00:01:15,  0.99it/s, loss=0.0263]
Epoch 13:  88%|########..| 516/585 [00:08:43<00:01:09,  0.99it/s, loss=0.0262]
Epoch 13:  89%|########..| 521/585 [00:08:48<00:01:04,  0.99it/s, loss=0.0263]
Epoch 13:  90%|#########.| 527/585 [00:08:54<00:00:58,  0.99it/s, loss=0.0262]
Epoch 13:  91%|#########.| 532/585 [00:08:59<00:00:53,  0.99it/s, loss=0.0263]
Epoch 13:  92%|#########.| 538/585 [00:09:04<00:00:47,  0.99it/s, loss=0.0262]
Epoch 13:  93%|#########.| 544/585 [00:09:10<00:00:41,  0.99it/s, loss=0.0262]
Epoch 13:  94%|#########.| 549/585 [00:09:17<00:00:36,  0.99it/s, loss=0.0263]
Epoch 13:  95%|#########.| 555/585 [00:09:22<00:00:30,  0.99it/s, loss=0.0262]
Epoch 13:  96%|#########.| 561/585 [00:09:28<00:00:24,  0.99it/s, loss=0.0262]
Epoch 13:  97%|#########.| 567/585 [00:09:33<00:00:18,  0.99it/s, loss=0.0262]
Epoch 13:  98%|#########.| 572/585 [00:09:39<00:00:13,  0.99it/s, loss=0.0262]
Epoch 13:  99%|#########.| 577/585 [00:09:44<00:00:08,  0.99it/s, loss=0.0262]
Epoch 13:  99%|#########.| 582/585 [00:09:49<00:00:03,  0.99it/s, loss=0.0262]
Epoch 13: 100%|##########| 585/585 [00:09:52<00:00:00,  0.99it/s, loss=0.0262]
Test loss: 0.0256, Test rmsae: 8.40deg
{"event": "epoch_complete", "epoch": 13, "phase": 1, "lr": 0.0001, "batch_size": 1, "micro_batch_size": 1, "train_loss": 0.02616426550393176, "val_loss": 0.025640387611929327, "val_rmsae_deg": 8.404816210269928, "epoch_time_s": 593.7213814009447}
Epoch 14/40:
Epoch 14:   1%|..........| 5/585 [00:00:05<00:10:15,  0.94it/s, loss=0.0308]
Epoch 14:   2%|..........| 10/585 [00:00:10<00:10:22,  0.92it/s, loss=0.0308]
Epoch 14:   3%|..........| 16/585 [00:00:16<00:09:38,  0.98it/s, loss=0.0297]
Epoch 14:   4%|..........| 22/585 [00:00:21<00:09:18,  1.01it/s, loss=0.0286]
Epoch 14:   5%|..........| 28/585 [00:00:27<00:09:06,  1.02it/s, loss=0.0277]
Epoch 14:   6%|..........| 34/585 [00:00:33<00:08:59,  1.02it/s, loss=0.0273]
Epoch 14:   7%|..........| 39/585 [00:00:38<00:08:56,  1.02it/s, loss=0.0273]
Epoch 14:   8%|..........| 44/585 [00:00:43<00:08:59,  1.00it/s, loss=0.0273]
Epoch 14:   8%|..........| 49/585 [00:00:49<00:08:57,  1.00it/s, loss=0.0272]
Epoch 14:   9%|..........| 55/585 [00:00:54<00:08:44,  1.01it/s, loss=0.0269]
Epoch 14:  10%|#.........| 61/585 [00:00:59<00:08:34,  1.02it/s, loss=0.0266]
Epoch 14:  11%|#.........| 66/585 [00:01:05<00:08:34,  1.01it/s, loss=0.0265]
Epoch 14:  12%|#.........| 71/585 [00:01:10<00:08:31,  1.00it/s, loss=0.0265]
Epoch 14:  13%|#.........| 77/585 [00:01:16<00:08:25,  1.00it/s, loss=0.0262]
Epoch 14:  14%|#.........| 82/585 [00:01:21<00:08:22,  1.00it/s, loss=0.0262]
Epoch 14:  15%|#.........| 87/585 [00:01:27<00:08:18,  1.00it/s, loss=0.0263]
Epoch 14:  16%|#.........| 92/585 [00:01:33<00:08:18,  0.99it/s, loss=0.0260]
Epoch 14:  17%|#.........| 98/585 [00:01:38<00:08:10,  0.99it/s, loss=0.0260]
Epoch 14:  18%|#.........| 103/585 [00:01:44<00:08:10,  0.98it/s, loss=0.0260]
Epoch 14:  18%|#.........| 107/585 [00:01:50<00:08:13,  0.97it/s, loss=0.0261]
Epoch 14:  19%|#.........| 112/585 [00:01:55<00:08:07,  0.97it/s, loss=0.0260]
Epoch 14:  20%|##........| 118/585 [00:02:01<00:08:00,  0.97it/s, loss=0.0260]
Epoch 14:  21%|##........| 124/585 [00:02:06<00:07:51,  0.98it/s, loss=0.0259]
Epoch 14:  22%|##........| 130/585 [00:02:12<00:07:42,  0.98it/s, loss=0.0257]
Epoch 14:  23%|##........| 136/585 [00:02:17<00:07:34,  0.99it/s, loss=0.0256]
Epoch 14:  24%|##........| 142/585 [00:02:22<00:07:25,  0.99it/s, loss=0.0254]
Epoch 14:  25%|##........| 148/585 [00:02:28<00:07:18,  1.00it/s, loss=0.0254]
Epoch 14:  26%|##........| 153/585 [00:02:33<00:07:14,  0.99it/s, loss=0.0253]
Epoch 14:  27%|##........| 159/585 [00:02:39<00:07:08,  0.99it/s, loss=0.0252]
Epoch 14:  28%|##........| 165/585 [00:02:45<00:07:00,  1.00it/s, loss=0.0250]
Epoch 14:  29%|##........| 171/585 [00:02:50<00:06:53,  1.00it/s, loss=0.0250]
Epoch 14:  30%|###.......| 176/585 [00:02:55<00:06:48,  1.00it/s, loss=0.0249]
Epoch 14:  31%|###.......| 181/585 [00:03:00<00:06:43,  1.00it/s, loss=0.0249]
Epoch 14:  32%|###.......| 186/585 [00:03:06<00:06:39,  1.00it/s, loss=0.0252]
Epoch 14:  33%|###.......| 191/585 [00:03:11<00:06:34,  1.00it/s, loss=0.0250]
Epoch 14:  34%|###.......| 197/585 [00:03:16<00:06:27,  1.00it/s, loss=0.0249]
Epoch 14:  35%|###.......| 203/585 [00:03:21<00:06:19,  1.01it/s, loss=0.0249]
Epoch 14:  36%|###.......| 209/585 [00:03:27<00:06:12,  1.01it/s, loss=0.0249]
Epoch 14:  37%|###.......| 214/585 [00:03:32<00:06:08,  1.01it/s, loss=0.0252]
Epoch 14:  38%|###.......| 220/585 [00:03:37<00:06:01,  1.01it/s, loss=0.0253]
Epoch 14:  38%|###.......| 225/585 [00:03:43<00:05:57,  1.01it/s, loss=0.0253]
Epoch 14:  39%|###.......| 230/585 [00:03:48<00:05:52,  1.01it/s, loss=0.0253]
Epoch 14:  40%|####......| 236/585 [00:03:54<00:05:46,  1.01it/s, loss=0.0253]
Epoch 14:  41%|####......| 242/585 [00:04:00<00:05:41,  1.01it/s, loss=0.0254]
Epoch 14:  42%|####......| 248/585 [00:04:06<00:05:34,  1.01it/s, loss=0.0253]
Epoch 14:  43%|####......| 254/585 [00:04:11<00:05:28,  1.01it/s, loss=0.0253]
Epoch 14:  44%|####......| 259/585 [00:04:16<00:05:23,  1.01it/s, loss=0.0253]
Epoch 14:  45%|####......| 265/585 [00:04:22<00:05:17,  1.01it/s, loss=0.0254]
Epoch 14:  46%|####......| 270/585 [00:04:28<00:05:13,  1.01it/s, loss=0.0253]
Epoch 14:  47%|####......| 275/585 [00:04:34<00:05:09,  1.00it/s, loss=0.0254]
Epoch 14:  48%|####......| 281/585 [00:04:39<00:05:02,  1.00it/s, loss=0.0253]
Epoch 14:  49%|####......| 287/585 [00:04:46<00:04:57,  1.00it/s, loss=0.0254]
Epoch 14:  50%|#####.....| 293/585 [00:04:51<00:04:50,  1.00it/s, loss=0.0254]
Epoch 14:  51%|#####.....| 298/585 [00:04:57<00:04:46,  1.00it/s, loss=0.0255]
Epoch 14:  52%|#####.....| 304/585 [00:05:02<00:04:40,  1.00it/s, loss=0.0254]
Epoch 14:  53%|#####.....| 309/585 [00:05:08<00:04:35,  1.00it/s, loss=0.0254]
Epoch 14:  54%|#####.....| 315/585 [00:05:14<00:04:29,  1.00it/s, loss=0.0255]
Epoch 14:  55%|#####.....| 321/585 [00:05:19<00:04:23,  1.00it/s, loss=0.0254]
Epoch 14:  56%|#####.....| 327/585 [00:05:25<00:04:16,  1.00it/s, loss=0.0254]
Epoch 14:  57%|#####.....| 333/585 [00:05:31<00:04:10,  1.01it/s, loss=0.0253]
Epoch 14:  58%|#####.....| 338/585 [00:05:36<00:04:06,  1.00it/s, loss=0.0253]
Epoch 14:  59%|#####.....| 343/585 [00:05:42<00:04:01,  1.00it/s, loss=0.0254]
Epoch 14:  59%|#####.....| 348/585 [00:05:47<00:03:56,  1.00it/s, loss=0.0253]
Epoch 14:  60%|######....| 353/585 [00:05:53<00:03:52,  1.00it/s, loss=0.0253]
Epoch 14:  61%|######....| 358/585 [00:05:58<00:03:47,  1.00it/s, loss=0.0254]
Epoch 14:  62%|######....| 362/585 [00:06:03<00:03:43,  1.00it/s, loss=0.0254]
Epoch 14:  63%|######....| 368/585 [00:06:08<00:03:37,  1.00it/s, loss=0.0253]
Epoch 14:  64%|######....| 374/585 [00:06:14<00:03:31,  1.00it/s, loss=0.0253]
Epoch 14:  65%|######....| 380/585 [00:06:20<00:03:25,  1.00it/s, loss=0.0252]
Epoch 14:  66%|######....| 385/585 [00:06:26<00:03:20,  1.00it/s, loss=0.0252]
Epoch 14:  67%|######....| 391/585 [00:06:31<00:03:14,  1.00it/s, loss=0.0252]
Epoch 14:  68%|######....| 397/585 [00:06:37<00:03:08,  1.00it/s, loss=0.0252]
Epoch 14:  69%|######....| 402/585 [00:06:42<00:03:03,  1.00it/s, loss=0.0251]
Epoch 14:  70%|######....| 408/585 [00:06:48<00:02:57,  1.00it/s, loss=0.0251]
Epoch 14:  71%|#######...| 414/585 [00:06:53<00:02:50,  1.00it/s, loss=0.0251]
Epoch 14:  72%|#######...| 420/585 [00:06:59<00:02:44,  1.00it/s, loss=0.0251]
Epoch 14:  73%|#######...| 426/585 [00:07:04<00:02:38,  1.00it/s, loss=0.0251]
Epoch 14:  74%|#######...| 431/585 [00:07:10<00:02:33,  1.00it/s, loss=0.0251]
Epoch 14:  75%|#######...| 436/585 [00:07:15<00:02:28,  1.00it/s, loss=0.0251]
Epoch 14:  76%|#######...| 442/585 [00:07:20<00:02:22,  1.00it/s, loss=0.0251]
Epoch 14:  77%|#######...| 448/585 [00:07:26<00:02:16,  1.00it/s, loss=0.0251]
Epoch 14:  78%|#######...| 454/585 [00:07:32<00:02:10,  1.00it/s, loss=0.0251]
Epoch 14:  78%|#######...| 459/585 [00:07:37<00:02:05,  1.00it/s, loss=0.0251]
Epoch 14:  79%|#######...| 465/585 [00:07:43<00:01:59,  1.00it/s, loss=0.0250]
Epoch 14:  80%|########..| 470/585 [00:07:48<00:01:54,  1.00it/s, loss=0.0250]
Epoch 14:  81%|########..| 475/585 [00:07:54<00:01:49,  1.00it/s, loss=0.0250]
Epoch 14:  82%|########..| 481/585 [00:07:59<00:01:43,  1.00it/s, loss=0.0250]
Epoch 14:  83%|########..| 486/585 [00:08:04<00:01:38,  1.00it/s, loss=0.0250]
Epoch 14:  84%|########..| 492/585 [00:08:10<00:01:32,  1.00it/s, loss=0.0250]
Epoch 14:  85%|########..| 497/585 [00:08:16<00:01:27,  1.00it/s, loss=0.0250]
Epoch 14:  86%|########..| 503/585 [00:08:21<00:01:21,  1.00it/s, loss=0.0250]
Epoch 14:  87%|########..| 509/585 [00:08:27<00:01:15,  1.00it/s, loss=0.0250]
Epoch 14:  88%|########..| 515/585 [00:08:33<00:01:09,  1.00it/s, loss=0.0250]
Epoch 14:  89%|########..| 521/585 [00:08:39<00:01:03,  1.00it/s, loss=0.0250]
Epoch 14:  90%|########..| 526/585 [00:08:44<00:00:58,  1.00it/s, loss=0.0250]
Epoch 14:  91%|#########.| 531/585 [00:08:50<00:00:53,  1.00it/s, loss=0.0250]
Epoch 14:  92%|#########.| 536/585 [00:08:55<00:00:48,  1.00it/s, loss=0.0250]
Epoch 14:  93%|#########.| 542/585 [00:09:00<00:00:42,  1.00it/s, loss=0.0250]
Epoch 14:  94%|#########.| 548/585 [00:09:05<00:00:36,  1.00it/s, loss=0.0250]
Epoch 14:  95%|#########.| 553/585 [00:09:11<00:00:31,  1.00it/s, loss=0.0250]
Epoch 14:  95%|#########.| 558/585 [00:09:16<00:00:26,  1.00it/s, loss=0.0250]
Epoch 14:  96%|#########.| 563/585 [00:09:22<00:00:21,  1.00it/s, loss=0.0251]
Epoch 14:  97%|#########.| 568/585 [00:09:27<00:00:16,  1.00it/s, loss=0.0250]
Epoch 14:  98%|#########.| 574/585 [00:09:32<00:00:10,  1.00it/s, loss=0.0250]
Epoch 14:  99%|#########.| 579/585 [00:09:38<00:00:05,  1.00it/s, loss=0.0250]
Epoch 14: 100%|#########.| 583/585 [00:09:43<00:00:02,  1.00it/s, loss=0.0250]
Epoch 14: 100%|##########| 585/585 [00:09:45<00:00:00,  1.00it/s, loss=0.0250]
Test loss: 0.0250, Test rmsae: 7.43deg
{"event": "epoch_complete", "epoch": 14, "phase": 1, "lr": 0.0001, "batch_size": 1, "micro_batch_size": 1, "train_loss": 0.025020892633141105, "val_loss": 0.02501655148807913, "val_rmsae_deg": 7.427893474698067, "epoch_time_s": 586.0828785549384}
{"event": "checkpoint_saved", "tag": "best_rmsae", "epoch": 14, "path": "IFAN_Edge/outputs/stage3/ifan_stage3_full20_freqblock_paper_original_20260419_005314/checkpoints/best_rmsae.pt", "val_rmsae_deg": 7.427893474698067}
Epoch 15/40:
Epoch 15:   1%|..........| 6/585 [00:00:05<00:09:36,  1.00it/s, loss=0.0258]
Epoch 15:   2%|..........| 12/585 [00:00:11<00:09:08,  1.05it/s, loss=0.0234]
Epoch 15:   3%|..........| 18/585 [00:00:17<00:09:05,  1.04it/s, loss=0.0242]
Epoch 15:   4%|..........| 23/585 [00:00:22<00:09:21,  1.00it/s, loss=0.0238]
Epoch 15:   5%|..........| 29/585 [00:00:28<00:09:04,  1.02it/s, loss=0.0235]
Epoch 15:   6%|..........| 35/585 [00:00:34<00:08:58,  1.02it/s, loss=0.0232]
Epoch 15:   7%|..........| 41/585 [00:00:39<00:08:47,  1.03it/s, loss=0.0230]
Epoch 15:   8%|..........| 47/585 [00:00:45<00:08:43,  1.03it/s, loss=0.0236]
Epoch 15:   9%|..........| 53/585 [00:00:51<00:08:36,  1.03it/s, loss=0.0240]
Epoch 15:  10%|..........| 57/585 [00:00:56<00:08:43,  1.01it/s, loss=0.0253]
Epoch 15:  11%|#.........| 63/585 [00:01:01<00:08:33,  1.02it/s, loss=0.0251]
Epoch 15:  12%|#.........| 69/585 [00:01:07<00:08:27,  1.02it/s, loss=0.0250]
Epoch 15:  13%|#.........| 75/585 [00:01:13<00:08:21,  1.02it/s, loss=0.0250]
Epoch 15:  14%|#.........| 81/585 [00:01:19<00:08:16,  1.01it/s, loss=0.0251]
Epoch 15:  15%|#.........| 87/585 [00:01:25<00:08:09,  1.02it/s, loss=0.0249]
Epoch 15:  16%|#.........| 92/585 [00:01:31<00:08:09,  1.01it/s, loss=0.0248]
Epoch 15:  17%|#.........| 98/585 [00:01:37<00:08:03,  1.01it/s, loss=0.0246]
Epoch 15:  18%|#.........| 103/585 [00:01:42<00:07:59,  1.01it/s, loss=0.0246]
Epoch 15:  18%|#.........| 108/585 [00:01:47<00:07:54,  1.00it/s, loss=0.0246]
Epoch 15:  19%|#.........| 114/585 [00:01:53<00:07:46,  1.01it/s, loss=0.0247]
Epoch 15:  20%|##........| 119/585 [00:01:58<00:07:45,  1.00it/s, loss=0.0250]
Epoch 15:  21%|##........| 124/585 [00:02:04<00:07:43,  0.99it/s, loss=0.0250]
Epoch 15:  22%|##........| 129/585 [00:02:10<00:07:41,  0.99it/s, loss=0.0250]
Epoch 15:  23%|##........| 135/585 [00:02:15<00:07:32,  0.99it/s, loss=0.0248]
Epoch 15:  24%|##........| 141/585 [00:02:21<00:07:25,  1.00it/s, loss=0.0248]
Epoch 15:  25%|##........| 147/585 [00:02:27<00:07:19,  1.00it/s, loss=0.0248]
Epoch 15:  26%|##........| 153/585 [00:02:32<00:07:11,  1.00it/s, loss=0.0248]
Epoch 15:  27%|##........| 159/585 [00:02:37<00:07:03,  1.01it/s, loss=0.0247]
Epoch 15:  28%|##........| 164/585 [00:02:43<00:06:58,  1.01it/s, loss=0.0248]
Epoch 15:  29%|##........| 170/585 [00:02:49<00:06:53,  1.00it/s, loss=0.0248]
Epoch 15:  30%|###.......| 176/585 [00:02:55<00:06:46,  1.00it/s, loss=0.0248]
Epoch 15:  31%|###.......| 182/585 [00:03:00<00:06:40,  1.01it/s, loss=0.0248]
Epoch 15:  32%|###.......| 187/585 [00:03:06<00:06:37,  1.00it/s, loss=0.0248]
Epoch 15:  33%|###.......| 192/585 [00:03:12<00:06:34,  1.00it/s, loss=0.0248]
Epoch 15:  34%|###.......| 197/585 [00:03:17<00:06:29,  1.00it/s, loss=0.0249]
Epoch 15:  34%|###.......| 201/585 [00:03:23<00:06:28,  0.99it/s, loss=0.0250]
Epoch 15:  35%|###.......| 207/585 [00:03:29<00:06:22,  0.99it/s, loss=0.0258]
Epoch 15:  36%|###.......| 213/585 [00:03:35<00:06:16,  0.99it/s, loss=0.0258]
Epoch 15:  37%|###.......| 218/585 [00:03:41<00:06:12,  0.99it/s, loss=0.0260]
Epoch 15:  38%|###.......| 224/585 [00:03:46<00:06:05,  0.99it/s, loss=0.0260]
Epoch 15:  39%|###.......| 229/585 [00:03:52<00:06:00,  0.99it/s, loss=0.0259]
Epoch 15:  40%|####......| 234/585 [00:03:57<00:05:56,  0.99it/s, loss=0.0261]
Epoch 15:  41%|####......| 240/585 [00:04:03<00:05:49,  0.99it/s, loss=0.0262]
Epoch 15:  42%|####......| 246/585 [00:04:08<00:05:42,  0.99it/s, loss=0.0262]
Epoch 15:  43%|####......| 251/585 [00:04:13<00:05:37,  0.99it/s, loss=0.0263]
Epoch 15:  44%|####......| 257/585 [00:04:18<00:05:30,  0.99it/s, loss=0.0263]
Epoch 15:  45%|####......| 262/585 [00:04:24<00:05:25,  0.99it/s, loss=0.0264]
Epoch 15:  46%|####......| 268/585 [00:04:29<00:05:19,  0.99it/s, loss=0.0264]
Epoch 15:  47%|####......| 274/585 [00:04:35<00:05:12,  1.00it/s, loss=0.0264]
Epoch 15:  48%|####......| 279/585 [00:04:40<00:05:07,  0.99it/s, loss=0.0264]
Epoch 15:  49%|####......| 284/585 [00:04:45<00:05:02,  0.99it/s, loss=0.0265]
Epoch 15:  50%|####......| 290/585 [00:04:51<00:04:56,  0.99it/s, loss=0.0264]
Epoch 15:  50%|#####.....| 295/585 [00:04:56<00:04:51,  0.99it/s, loss=0.0264]
Epoch 15:  51%|#####.....| 300/585 [00:05:02<00:04:46,  0.99it/s, loss=0.0264]
Epoch 15:  52%|#####.....| 306/585 [00:05:08<00:04:40,  0.99it/s, loss=0.0263]
Epoch 15:  53%|#####.....| 312/585 [00:05:13<00:04:34,  0.99it/s, loss=0.0263]
Epoch 15:  54%|#####.....| 318/585 [00:05:19<00:04:28,  1.00it/s, loss=0.0263]
Epoch 15:  55%|#####.....| 323/585 [00:05:24<00:04:23,  1.00it/s, loss=0.0263]
Epoch 15:  56%|#####.....| 329/585 [00:05:30<00:04:16,  1.00it/s, loss=0.0263]
Epoch 15:  57%|#####.....| 334/585 [00:05:35<00:04:12,  0.99it/s, loss=0.0264]
Epoch 15:  58%|#####.....| 340/585 [00:05:41<00:04:05,  1.00it/s, loss=0.0264]
Epoch 15:  59%|#####.....| 346/585 [00:05:46<00:03:59,  1.00it/s, loss=0.0265]
Epoch 15:  60%|######....| 351/585 [00:05:51<00:03:54,  1.00it/s, loss=0.0265]
Epoch 15:  61%|######....| 356/585 [00:05:56<00:03:49,  1.00it/s, loss=0.0266]
Epoch 15:  62%|######....| 362/585 [00:06:02<00:03:43,  1.00it/s, loss=0.0265]
Epoch 15:  63%|######....| 368/585 [00:06:07<00:03:36,  1.00it/s, loss=0.0265]
Epoch 15:  64%|######....| 374/585 [00:06:13<00:03:30,  1.00it/s, loss=0.0265]
Epoch 15:  65%|######....| 380/585 [00:06:19<00:03:24,  1.00it/s, loss=0.0265]
Epoch 15:  66%|######....| 385/585 [00:06:24<00:03:19,  1.00it/s, loss=0.0264]
Epoch 15:  67%|######....| 391/585 [00:06:30<00:03:13,  1.00it/s, loss=0.0264]
Epoch 15:  68%|######....| 396/585 [00:06:35<00:03:08,  1.00it/s, loss=0.0264]
Epoch 15:  69%|######....| 401/585 [00:06:41<00:03:04,  1.00it/s, loss=0.0264]
Epoch 15:  70%|######....| 407/585 [00:06:46<00:02:57,  1.00it/s, loss=0.0265]
Epoch 15:  70%|#######...| 412/585 [00:06:51<00:02:52,  1.00it/s, loss=0.0264]
Epoch 15:  71%|#######...| 418/585 [00:06:57<00:02:46,  1.00it/s, loss=0.0264]
Epoch 15:  72%|#######...| 423/585 [00:07:03<00:02:42,  1.00it/s, loss=0.0264]
Epoch 15:  73%|#######...| 428/585 [00:07:08<00:02:37,  1.00it/s, loss=0.0264]
Epoch 15:  74%|#######...| 434/585 [00:07:14<00:02:31,  1.00it/s, loss=0.0264]
Epoch 15:  75%|#######...| 440/585 [00:07:20<00:02:25,  1.00it/s, loss=0.0264]
Epoch 15:  76%|#######...| 446/585 [00:07:25<00:02:18,  1.00it/s, loss=0.0264]
Epoch 15:  77%|#######...| 452/585 [00:07:31<00:02:12,  1.00it/s, loss=0.0264]
Epoch 15:  78%|#######...| 458/585 [00:07:37<00:02:06,  1.00it/s, loss=0.0263]
Epoch 15:  79%|#######...| 464/585 [00:07:44<00:02:01,  1.00it/s, loss=0.0265]
Epoch 15:  80%|########..| 470/585 [00:07:49<00:01:54,  1.00it/s, loss=0.0265]
Epoch 15:  81%|########..| 475/585 [00:07:54<00:01:49,  1.00it/s, loss=0.0264]
Epoch 15:  82%|########..| 480/585 [00:08:00<00:01:45,  1.00it/s, loss=0.0264]
Epoch 15:  83%|########..| 486/585 [00:08:05<00:01:38,  1.00it/s, loss=0.0264]
Epoch 15:  84%|########..| 492/585 [00:08:11<00:01:32,  1.00it/s, loss=0.0264]
Epoch 15:  85%|########..| 497/585 [00:08:16<00:01:27,  1.00it/s, loss=0.0264]
Epoch 15:  86%|########..| 503/585 [00:08:21<00:01:21,  1.00it/s, loss=0.0264]
Epoch 15:  87%|########..| 509/585 [00:08:27<00:01:15,  1.00it/s, loss=0.0263]
Epoch 15:  88%|########..| 515/585 [00:08:32<00:01:09,  1.00it/s, loss=0.0263]
Epoch 15:  89%|########..| 521/585 [00:08:38<00:01:03,  1.01it/s, loss=0.0262]
Epoch 15:  90%|#########.| 527/585 [00:08:44<00:00:57,  1.01it/s, loss=0.0262]
Epoch 15:  91%|#########.| 532/585 [00:08:49<00:00:52,  1.01it/s, loss=0.0262]
Epoch 15:  92%|#########.| 538/585 [00:08:55<00:00:46,  1.00it/s, loss=0.0262]
Epoch 15:  93%|#########.| 543/585 [00:09:01<00:00:41,  1.00it/s, loss=0.0262]
Epoch 15:  94%|#########.| 548/585 [00:09:06<00:00:36,  1.00it/s, loss=0.0262]
Epoch 15:  95%|#########.| 553/585 [00:09:11<00:00:31,  1.00it/s, loss=0.0262]
Epoch 15:  96%|#########.| 559/585 [00:09:17<00:00:25,  1.00it/s, loss=0.0262]
Epoch 15:  97%|#########.| 565/585 [00:09:23<00:00:19,  1.00it/s, loss=0.0262]
Epoch 15:  98%|#########.| 571/585 [00:09:29<00:00:13,  1.00it/s, loss=0.0262]
Epoch 15:  98%|#########.| 576/585 [00:09:35<00:00:08,  1.00it/s, loss=0.0262]
Epoch 15:  99%|#########.| 581/585 [00:09:41<00:00:04,  1.00it/s, loss=0.0262]
Epoch 15: 100%|##########| 585/585 [00:09:45<00:00:00,  1.00it/s, loss=0.0262]
Test loss: 0.0260, Test rmsae: 8.03deg
{"event": "epoch_complete", "epoch": 15, "phase": 1, "lr": 0.0001, "batch_size": 1, "micro_batch_size": 1, "train_loss": 0.026230668048891757, "val_loss": 0.025962748331949115, "val_rmsae_deg": 8.029430329799652, "epoch_time_s": 586.0821519179735}
Epoch 16/40:
Epoch 16:   1%|..........| 6/585 [00:00:05<00:08:51,  1.09it/s, loss=0.0224]
Epoch 16:   2%|..........| 12/585 [00:00:11<00:08:55,  1.07it/s, loss=0.0221]
Epoch 16:   3%|..........| 18/585 [00:00:16<00:08:53,  1.06it/s, loss=0.0238]
Epoch 16:   4%|..........| 24/585 [00:00:22<00:08:49,  1.06it/s, loss=0.0241]
Epoch 16:   5%|..........| 29/585 [00:00:28<00:09:01,  1.03it/s, loss=0.0241]
Epoch 16:   6%|..........| 34/585 [00:00:33<00:09:01,  1.02it/s, loss=0.0242]
Epoch 16:   7%|..........| 40/585 [00:00:38<00:08:48,  1.03it/s, loss=0.0239]
Epoch 16:   8%|..........| 46/585 [00:00:44<00:08:42,  1.03it/s, loss=0.0242]
Epoch 16:   9%|..........| 52/585 [00:00:50<00:08:34,  1.04it/s, loss=0.0245]
Epoch 16:  10%|..........| 57/585 [00:00:55<00:08:35,  1.02it/s, loss=0.0245]
Epoch 16:  11%|#.........| 63/585 [00:01:01<00:08:28,  1.03it/s, loss=0.0246]
Epoch 16:  12%|#.........| 69/585 [00:01:07<00:08:25,  1.02it/s, loss=0.0248]
Epoch 16:  13%|#.........| 74/585 [00:01:12<00:08:22,  1.02it/s, loss=0.0247]
Epoch 16:  14%|#.........| 80/585 [00:01:18<00:08:16,  1.02it/s, loss=0.0245]
Epoch 16:  15%|#.........| 86/585 [00:01:23<00:08:06,  1.03it/s, loss=0.0243]
Epoch 16:  16%|#.........| 91/585 [00:01:29<00:08:03,  1.02it/s, loss=0.0243]
Epoch 16:  17%|#.........| 97/585 [00:01:34<00:07:56,  1.02it/s, loss=0.0242]
Epoch 16:  18%|#.........| 103/585 [00:01:40<00:07:50,  1.02it/s, loss=0.0243]
Epoch 16:  18%|#.........| 108/585 [00:01:46<00:07:49,  1.02it/s, loss=0.0244]
Epoch 16:  19%|#.........| 113/585 [00:01:51<00:07:47,  1.01it/s, loss=0.0246]
Epoch 16:  20%|##........| 119/585 [00:01:57<00:07:39,  1.02it/s, loss=0.0244]
Epoch 16:  21%|##........| 124/585 [00:02:02<00:07:34,  1.01it/s, loss=0.0244]
Epoch 16:  22%|##........| 130/585 [00:02:07<00:07:27,  1.02it/s, loss=0.0244]
Epoch 16:  23%|##........| 136/585 [00:02:13<00:07:19,  1.02it/s, loss=0.0243]
Epoch 16:  24%|##........| 142/585 [00:02:18<00:07:12,  1.03it/s, loss=0.0242]
Epoch 16:  25%|##........| 148/585 [00:02:24<00:07:05,  1.03it/s, loss=0.0242]
Epoch 16:  26%|##........| 151/585 [00:02:29<00:07:09,  1.01it/s, loss=0.0243]
Epoch 16:  27%|##........| 157/585 [00:02:35<00:07:03,  1.01it/s, loss=0.0244]
Epoch 16:  28%|##........| 163/585 [00:02:41<00:06:57,  1.01it/s, loss=0.0244]
Epoch 16:  29%|##........| 168/585 [00:02:46<00:06:53,  1.01it/s, loss=0.0245]
Epoch 16:  30%|##........| 173/585 [00:02:51<00:06:48,  1.01it/s, loss=0.0245]
Epoch 16:  31%|###.......| 179/585 [00:02:57<00:06:42,  1.01it/s, loss=0.0244]
Epoch 16:  32%|###.......| 185/585 [00:03:02<00:06:35,  1.01it/s, loss=0.0244]
Epoch 16:  33%|###.......| 191/585 [00:03:08<00:06:28,  1.01it/s, loss=0.0244]
Epoch 16:  34%|###.......| 196/585 [00:03:13<00:06:24,  1.01it/s, loss=0.0244]
Epoch 16:  34%|###.......| 201/585 [00:03:19<00:06:20,  1.01it/s, loss=0.0244]
Epoch 16:  35%|###.......| 207/585 [00:03:24<00:06:14,  1.01it/s, loss=0.0244]
Epoch 16:  36%|###.......| 212/585 [00:03:30<00:06:10,  1.01it/s, loss=0.0243]
Epoch 16:  37%|###.......| 218/585 [00:03:36<00:06:03,  1.01it/s, loss=0.0243]
Epoch 16:  38%|###.......| 223/585 [00:03:41<00:06:00,  1.01it/s, loss=0.0244]
Epoch 16:  39%|###.......| 229/585 [00:03:47<00:05:53,  1.01it/s, loss=0.0256]
Epoch 16:  40%|####......| 235/585 [00:03:53<00:05:47,  1.01it/s, loss=0.0256]
Epoch 16:  41%|####......| 240/585 [00:03:58<00:05:43,  1.01it/s, loss=0.0257]
Epoch 16:  42%|####......| 246/585 [00:04:04<00:05:36,  1.01it/s, loss=0.0257]
Epoch 16:  43%|####......| 251/585 [00:04:09<00:05:32,  1.00it/s, loss=0.0257]
Epoch 16:  44%|####......| 257/585 [00:04:15<00:05:26,  1.01it/s, loss=0.0257]
Epoch 16:  45%|####......| 263/585 [00:04:20<00:05:19,  1.01it/s, loss=0.0256]
Epoch 16:  46%|####......| 269/585 [00:04:26<00:05:13,  1.01it/s, loss=0.0257]
Epoch 16:  47%|####......| 275/585 [00:04:32<00:05:07,  1.01it/s, loss=0.0256]
Epoch 16:  48%|####......| 281/585 [00:04:37<00:05:00,  1.01it/s, loss=0.0256]
Epoch 16:  49%|####......| 286/585 [00:04:43<00:04:56,  1.01it/s, loss=0.0256]
Epoch 16:  50%|####......| 291/585 [00:04:48<00:04:51,  1.01it/s, loss=0.0257]
Epoch 16:  51%|#####.....| 297/585 [00:04:54<00:04:45,  1.01it/s, loss=0.0256]
Epoch 16:  51%|#####.....| 301/585 [00:04:59<00:04:42,  1.01it/s, loss=0.0257]
Epoch 16:  52%|#####.....| 306/585 [00:05:04<00:04:37,  1.00it/s, loss=0.0257]
Epoch 16:  53%|#####.....| 312/585 [00:05:10<00:04:31,  1.01it/s, loss=0.0257]
Epoch 16:  54%|#####.....| 318/585 [00:05:15<00:04:25,  1.01it/s, loss=0.0256]
Epoch 16:  55%|#####.....| 324/585 [00:05:21<00:04:19,  1.01it/s, loss=0.0256]
Epoch 16:  56%|#####.....| 329/585 [00:05:27<00:04:14,  1.01it/s, loss=0.0256]
Epoch 16:  57%|#####.....| 335/585 [00:05:32<00:04:08,  1.01it/s, loss=0.0256]
Epoch 16:  58%|#####.....| 341/585 [00:05:38<00:04:02,  1.01it/s, loss=0.0256]
Epoch 16:  59%|#####.....| 346/585 [00:05:44<00:03:58,  1.00it/s, loss=0.0257]
Epoch 16:  60%|######....| 352/585 [00:05:49<00:03:51,  1.01it/s, loss=0.0257]
Epoch 16:  61%|######....| 357/585 [00:05:55<00:03:46,  1.01it/s, loss=0.0258]
Epoch 16:  62%|######....| 362/585 [00:06:00<00:03:41,  1.00it/s, loss=0.0258]
Epoch 16:  63%|######....| 368/585 [00:06:05<00:03:35,  1.01it/s, loss=0.0258]
Epoch 16:  64%|######....| 374/585 [00:06:11<00:03:29,  1.01it/s, loss=0.0257]
Epoch 16:  65%|######....| 380/585 [00:06:16<00:03:23,  1.01it/s, loss=0.0257]
Epoch 16:  66%|######....| 385/585 [00:06:22<00:03:18,  1.01it/s, loss=0.0257]
Epoch 16:  67%|######....| 391/585 [00:06:27<00:03:12,  1.01it/s, loss=0.0257]
Epoch 16:  68%|######....| 396/585 [00:06:33<00:03:07,  1.01it/s, loss=0.0256]
Epoch 16:  69%|######....| 402/585 [00:06:38<00:03:01,  1.01it/s, loss=0.0256]
Epoch 16:  70%|######....| 408/585 [00:06:44<00:02:55,  1.01it/s, loss=0.0255]
Epoch 16:  71%|#######...| 413/585 [00:06:50<00:02:50,  1.01it/s, loss=0.0256]
Epoch 16:  72%|#######...| 419/585 [00:06:55<00:02:44,  1.01it/s, loss=0.0256]
Epoch 16:  72%|#######...| 424/585 [00:07:00<00:02:39,  1.01it/s, loss=0.0256]
Epoch 16:  73%|#######...| 429/585 [00:07:05<00:02:34,  1.01it/s, loss=0.0255]
Epoch 16:  74%|#######...| 434/585 [00:07:11<00:02:30,  1.01it/s, loss=0.0255]
Epoch 16:  75%|#######...| 439/585 [00:07:17<00:02:25,  1.00it/s, loss=0.0257]
Epoch 16:  76%|#######...| 444/585 [00:07:22<00:02:20,  1.00it/s, loss=0.0259]
Epoch 16:  77%|#######...| 450/585 [00:07:28<00:02:14,  1.00it/s, loss=0.0259]
Epoch 16:  78%|#######...| 455/585 [00:07:33<00:02:09,  1.00it/s, loss=0.0259]
Epoch 16:  79%|#######...| 461/585 [00:07:38<00:02:03,  1.00it/s, loss=0.0259]
Epoch 16:  80%|#######...| 466/585 [00:07:44<00:01:58,  1.00it/s, loss=0.0258]
Epoch 16:  81%|########..| 472/585 [00:07:49<00:01:52,  1.00it/s, loss=0.0258]
Epoch 16:  82%|########..| 478/585 [00:07:55<00:01:46,  1.01it/s, loss=0.0258]
Epoch 16:  83%|########..| 484/585 [00:08:01<00:01:40,  1.01it/s, loss=0.0258]
Epoch 16:  84%|########..| 490/585 [00:08:07<00:01:34,  1.01it/s, loss=0.0258]
Epoch 16:  85%|########..| 496/585 [00:08:12<00:01:28,  1.01it/s, loss=0.0259]
Epoch 16:  86%|########..| 502/585 [00:08:18<00:01:22,  1.01it/s, loss=0.0259]
Epoch 16:  87%|########..| 507/585 [00:08:23<00:01:17,  1.01it/s, loss=0.0259]
Epoch 16:  88%|########..| 512/585 [00:08:29<00:01:12,  1.01it/s, loss=0.0259]
Epoch 16:  89%|########..| 518/585 [00:08:35<00:01:06,  1.01it/s, loss=0.0259]
Epoch 16:  89%|########..| 523/585 [00:08:40<00:01:01,  1.00it/s, loss=0.0260]
Epoch 16:  90%|#########.| 529/585 [00:08:46<00:00:55,  1.00it/s, loss=0.0260]
Epoch 16:  91%|#########.| 534/585 [00:08:51<00:00:50,  1.00it/s, loss=0.0260]
Epoch 16:  92%|#########.| 538/585 [00:08:56<00:00:46,  1.00it/s, loss=0.0260]
Epoch 16:  93%|#########.| 544/585 [00:09:02<00:00:40,  1.00it/s, loss=0.0260]
Epoch 16:  94%|#########.| 550/585 [00:09:07<00:00:34,  1.00it/s, loss=0.0260]
Epoch 16:  95%|#########.| 556/585 [00:09:13<00:00:28,  1.01it/s, loss=0.0259]
Epoch 16:  96%|#########.| 561/585 [00:09:18<00:00:23,  1.00it/s, loss=0.0259]
Epoch 16:  97%|#########.| 566/585 [00:09:24<00:00:18,  1.00it/s, loss=0.0259]
Epoch 16:  98%|#########.| 571/585 [00:09:29<00:00:13,  1.00it/s, loss=0.0259]
Epoch 16:  99%|#########.| 577/585 [00:09:35<00:00:07,  1.00it/s, loss=0.0260]
Epoch 16: 100%|#########.| 583/585 [00:09:41<00:00:01,  1.00it/s, loss=0.0259]
Epoch 16: 100%|##########| 585/585 [00:09:43<00:00:00,  1.00it/s, loss=0.0259]
Test loss: 0.0264, Test rmsae: 9.10deg
{"event": "epoch_complete", "epoch": 16, "phase": 1, "lr": 0.0001, "batch_size": 1, "micro_batch_size": 1, "train_loss": 0.02594126571988703, "val_loss": 0.026372423977591097, "val_rmsae_deg": 9.097034007310867, "epoch_time_s": 583.9660517229931}
Epoch 17/40:
Epoch 17:   1%|..........| 5/585 [00:00:05<00:09:49,  0.98it/s, loss=0.0278]
Epoch 17:   2%|..........| 10/585 [00:00:11<00:10:34,  0.91it/s, loss=0.0275]
Epoch 17:   3%|..........| 16/585 [00:00:17<00:10:14,  0.93it/s, loss=0.0266]
Epoch 17:   4%|..........| 22/585 [00:00:22<00:09:45,  0.96it/s, loss=0.0259]
Epoch 17:   5%|..........| 28/585 [00:00:28<00:09:25,  0.98it/s, loss=0.0255]
Epoch 17:   6%|..........| 34/585 [00:00:34<00:09:17,  0.99it/s, loss=0.0282]
Epoch 17:   7%|..........| 40/585 [00:00:40<00:09:09,  0.99it/s, loss=0.0277]
Epoch 17:   8%|..........| 46/585 [00:00:46<00:08:59,  1.00it/s, loss=0.0270]
Epoch 17:   9%|..........| 52/585 [00:00:51<00:08:50,  1.00it/s, loss=0.0266]
Epoch 17:  10%|..........| 57/585 [00:00:56<00:08:47,  1.00it/s, loss=0.0263]
Epoch 17:  10%|#.........| 61/585 [00:01:01<00:08:52,  0.98it/s, loss=0.0285]
Epoch 17:  11%|#.........| 66/585 [00:01:07<00:08:49,  0.98it/s, loss=0.0279]
Epoch 17:  12%|#.........| 71/585 [00:01:12<00:08:44,  0.98it/s, loss=0.0277]
Epoch 17:  13%|#.........| 77/585 [00:01:18<00:08:37,  0.98it/s, loss=0.0277]
Epoch 17:  14%|#.........| 83/585 [00:01:24<00:08:30,  0.98it/s, loss=0.0273]
Epoch 17:  15%|#.........| 88/585 [00:01:30<00:08:29,  0.98it/s, loss=0.0272]
Epoch 17:  16%|#.........| 94/585 [00:01:35<00:08:18,  0.98it/s, loss=0.0271]
Epoch 17:  17%|#.........| 99/585 [00:01:40<00:08:14,  0.98it/s, loss=0.0271]
Epoch 17:  18%|#.........| 105/585 [00:01:46<00:08:06,  0.99it/s, loss=0.0269]
Epoch 17:  19%|#.........| 110/585 [00:01:51<00:08:00,  0.99it/s, loss=0.0267]
Epoch 17:  20%|#.........| 116/585 [00:01:57<00:07:53,  0.99it/s, loss=0.0268]
Epoch 17:  21%|##........| 121/585 [00:02:02<00:07:48,  0.99it/s, loss=0.0266]
Epoch 17:  22%|##........| 127/585 [00:02:07<00:07:40,  1.00it/s, loss=0.0265]
Epoch 17:  23%|##........| 133/585 [00:02:13<00:07:34,  1.00it/s, loss=0.0264]
Epoch 17:  24%|##........| 139/585 [00:02:19<00:07:28,  1.00it/s, loss=0.0267]
Epoch 17:  25%|##........| 145/585 [00:02:24<00:07:19,  1.00it/s, loss=0.0266]
Epoch 17:  26%|##........| 151/585 [00:02:30<00:07:12,  1.00it/s, loss=0.0265]
Epoch 17:  27%|##........| 157/585 [00:02:36<00:07:06,  1.00it/s, loss=0.0264]
Epoch 17:  28%|##........| 162/585 [00:02:41<00:07:02,  1.00it/s, loss=0.0264]
Epoch 17:  29%|##........| 168/585 [00:02:47<00:06:55,  1.00it/s, loss=0.0265]
Epoch 17:  30%|##........| 173/585 [00:02:53<00:06:52,  1.00it/s, loss=0.0267]
Epoch 17:  31%|###.......| 179/585 [00:02:58<00:06:45,  1.00it/s, loss=0.0266]
Epoch 17:  31%|###.......| 184/585 [00:03:04<00:06:41,  1.00it/s, loss=0.0266]
Epoch 17:  32%|###.......| 189/585 [00:03:09<00:06:37,  1.00it/s, loss=0.0265]
Epoch 17:  33%|###.......| 194/585 [00:03:14<00:06:32,  1.00it/s, loss=0.0265]
Epoch 17:  34%|###.......| 199/585 [00:03:20<00:06:28,  0.99it/s, loss=0.0268]
Epoch 17:  35%|###.......| 205/585 [00:03:25<00:06:20,  1.00it/s, loss=0.0267]
Epoch 17:  36%|###.......| 211/585 [00:03:31<00:06:15,  1.00it/s, loss=0.0270]
Epoch 17:  37%|###.......| 217/585 [00:03:37<00:06:08,  1.00it/s, loss=0.0270]
Epoch 17:  38%|###.......| 222/585 [00:03:43<00:06:04,  0.99it/s, loss=0.0269]
Epoch 17:  39%|###.......| 228/585 [00:03:48<00:05:58,  1.00it/s, loss=0.0269]
Epoch 17:  40%|####......| 234/585 [00:03:54<00:05:52,  1.00it/s, loss=0.0269]
Epoch 17:  41%|####......| 240/585 [00:04:00<00:05:45,  1.00it/s, loss=0.0270]
Epoch 17:  42%|####......| 246/585 [00:04:06<00:05:39,  1.00it/s, loss=0.0269]
Epoch 17:  43%|####......| 252/585 [00:04:11<00:05:32,  1.00it/s, loss=0.0269]
Epoch 17:  44%|####......| 258/585 [00:04:17<00:05:26,  1.00it/s, loss=0.0268]
Epoch 17:  45%|####......| 264/585 [00:04:23<00:05:20,  1.00it/s, loss=0.0268]
Epoch 17:  46%|####......| 270/585 [00:04:28<00:05:13,  1.00it/s, loss=0.0267]
Epoch 17:  47%|####......| 276/585 [00:04:34<00:05:07,  1.00it/s, loss=0.0267]
Epoch 17:  48%|####......| 282/585 [00:04:40<00:05:01,  1.01it/s, loss=0.0267]
Epoch 17:  49%|####......| 287/585 [00:04:45<00:04:56,  1.00it/s, loss=0.0266]
Epoch 17:  50%|#####.....| 293/585 [00:04:51<00:04:50,  1.01it/s, loss=0.0266]
Epoch 17:  51%|#####.....| 299/585 [00:04:56<00:04:43,  1.01it/s, loss=0.0265]
Epoch 17:  52%|#####.....| 305/585 [00:05:02<00:04:37,  1.01it/s, loss=0.0264]
Epoch 17:  53%|#####.....| 311/585 [00:05:08<00:04:31,  1.01it/s, loss=0.0263]
Epoch 17:  54%|#####.....| 317/585 [00:05:14<00:04:25,  1.01it/s, loss=0.0263]
Epoch 17:  55%|#####.....| 323/585 [00:05:19<00:04:19,  1.01it/s, loss=0.0263]
Epoch 17:  56%|#####.....| 329/585 [00:05:24<00:04:12,  1.01it/s, loss=0.0262]
Epoch 17:  57%|#####.....| 334/585 [00:05:30<00:04:08,  1.01it/s, loss=0.0261]
Epoch 17:  58%|#####.....| 339/585 [00:05:36<00:04:04,  1.01it/s, loss=0.0261]
Epoch 17:  59%|#####.....| 344/585 [00:05:41<00:03:59,  1.01it/s, loss=0.0261]
Epoch 17:  60%|#####.....| 349/585 [00:05:47<00:03:55,  1.00it/s, loss=0.0261]
Epoch 17:  61%|######....| 354/585 [00:05:52<00:03:50,  1.00it/s, loss=0.0261]
Epoch 17:  61%|######....| 359/585 [00:05:58<00:03:45,  1.00it/s, loss=0.0261]
Epoch 17:  62%|######....| 364/585 [00:06:03<00:03:40,  1.00it/s, loss=0.0260]
Epoch 17:  63%|######....| 369/585 [00:06:08<00:03:35,  1.00it/s, loss=0.0262]
Epoch 17:  64%|######....| 375/585 [00:06:13<00:03:29,  1.00it/s, loss=0.0262]
Epoch 17:  65%|######....| 381/585 [00:06:19<00:03:23,  1.00it/s, loss=0.0261]
Epoch 17:  66%|######....| 386/585 [00:06:24<00:03:18,  1.00it/s, loss=0.0261]
Epoch 17:  67%|######....| 391/585 [00:06:30<00:03:13,  1.00it/s, loss=0.0261]
Epoch 17:  68%|######....| 397/585 [00:06:35<00:03:07,  1.00it/s, loss=0.0261]
Epoch 17:  69%|######....| 403/585 [00:06:41<00:03:01,  1.00it/s, loss=0.0260]
Epoch 17:  70%|######....| 408/585 [00:06:46<00:02:56,  1.00it/s, loss=0.0260]
Epoch 17:  71%|#######...| 413/585 [00:06:51<00:02:51,  1.00it/s, loss=0.0260]
Epoch 17:  72%|#######...| 419/585 [00:06:58<00:02:45,  1.00it/s, loss=0.0259]
Epoch 17:  73%|#######...| 425/585 [00:07:03<00:02:39,  1.00it/s, loss=0.0259]
Epoch 17:  74%|#######...| 431/585 [00:07:09<00:02:33,  1.00it/s, loss=0.0258]
Epoch 17:  75%|#######...| 436/585 [00:07:14<00:02:28,  1.00it/s, loss=0.0258]
Epoch 17:  76%|#######...| 442/585 [00:07:20<00:02:22,  1.00it/s, loss=0.0258]
Epoch 17:  76%|#######...| 447/585 [00:07:25<00:02:17,  1.00it/s, loss=0.0257]
Epoch 17:  77%|#######...| 452/585 [00:07:31<00:02:12,  1.00it/s, loss=0.0258]
Epoch 17:  78%|#######...| 458/585 [00:07:37<00:02:06,  1.00it/s, loss=0.0258]
Epoch 17:  79%|#######...| 463/585 [00:07:43<00:02:02,  1.00it/s, loss=0.0257]
Epoch 17:  80%|########..| 469/585 [00:07:48<00:01:55,  1.00it/s, loss=0.0257]
Epoch 17:  81%|########..| 474/585 [00:07:53<00:01:50,  1.00it/s, loss=0.0256]
Epoch 17:  82%|########..| 480/585 [00:07:58<00:01:44,  1.00it/s, loss=0.0256]
Epoch 17:  83%|########..| 485/585 [00:08:03<00:01:39,  1.00it/s, loss=0.0255]
Epoch 17:  84%|########..| 491/585 [00:08:09<00:01:33,  1.00it/s, loss=0.0255]
Epoch 17:  85%|########..| 496/585 [00:08:14<00:01:28,  1.00it/s, loss=0.0255]
Epoch 17:  86%|########..| 501/585 [00:08:20<00:01:23,  1.00it/s, loss=0.0255]
Epoch 17:  86%|########..| 505/585 [00:08:25<00:01:20,  1.00it/s, loss=0.0255]
Epoch 17:  87%|########..| 510/585 [00:08:30<00:01:15,  1.00it/s, loss=0.0255]
Epoch 17:  88%|########..| 516/585 [00:08:36<00:01:09,  1.00it/s, loss=0.0254]
Epoch 17:  89%|########..| 521/585 [00:08:42<00:01:04,  1.00it/s, loss=0.0254]
Epoch 17:  90%|#########.| 527/585 [00:08:48<00:00:58,  1.00it/s, loss=0.0254]
Epoch 17:  91%|#########.| 533/585 [00:08:54<00:00:52,  1.00it/s, loss=0.0254]
Epoch 17:  92%|#########.| 539/585 [00:08:59<00:00:46,  1.00it/s, loss=0.0254]
Epoch 17:  93%|#########.| 544/585 [00:09:04<00:00:41,  1.00it/s, loss=0.0254]
Epoch 17:  94%|#########.| 550/585 [00:09:10<00:00:35,  1.00it/s, loss=0.0254]
Epoch 17:  95%|#########.| 556/585 [00:09:16<00:00:29,  1.00it/s, loss=0.0253]
Epoch 17:  96%|#########.| 562/585 [00:09:21<00:00:22,  1.00it/s, loss=0.0253]
Epoch 17:  97%|#########.| 567/585 [00:09:26<00:00:17,  1.00it/s, loss=0.0253]
Epoch 17:  98%|#########.| 572/585 [00:09:31<00:00:12,  1.00it/s, loss=0.0253]
Epoch 17:  99%|#########.| 577/585 [00:09:36<00:00:07,  1.00it/s, loss=0.0252]
Epoch 17: 100%|#########.| 583/585 [00:09:42<00:00:01,  1.00it/s, loss=0.0252]
Epoch 17: 100%|##########| 585/585 [00:09:44<00:00:00,  1.00it/s, loss=0.0252]
Test loss: 0.0253, Test rmsae: 8.00deg
{"event": "epoch_complete", "epoch": 17, "phase": 1, "lr": 0.0001, "batch_size": 1, "micro_batch_size": 1, "train_loss": 0.02524760153431159, "val_loss": 0.025276418717112392, "val_rmsae_deg": 8.004388600587845, "epoch_time_s": 585.2618486719439}
Epoch 18/40:
Epoch 18:   1%|..........| 5/585 [00:00:05<00:09:58,  0.97it/s, loss=0.0277]
Epoch 18:   2%|..........| 10/585 [00:00:10<00:10:03,  0.95it/s, loss=0.0246]
Epoch 18:   3%|..........| 16/585 [00:00:16<00:09:41,  0.98it/s, loss=0.0238]
Epoch 18:   4%|..........| 21/585 [00:00:21<00:09:42,  0.97it/s, loss=0.0251]
Epoch 18:   5%|..........| 27/585 [00:00:27<00:09:27,  0.98it/s, loss=0.0245]
Epoch 18:   6%|..........| 33/585 [00:00:32<00:09:07,  1.01it/s, loss=0.0244]
Epoch 18:   6%|..........| 38/585 [00:00:38<00:09:14,  0.99it/s, loss=0.0248]
Epoch 18:   8%|..........| 44/585 [00:00:43<00:09:00,  1.00it/s, loss=0.0244]
Epoch 18:   9%|..........| 50/585 [00:00:49<00:08:47,  1.01it/s, loss=0.0241]
Epoch 18:  10%|..........| 56/585 [00:00:55<00:08:40,  1.02it/s, loss=0.0245]
Epoch 18:  11%|#.........| 62/585 [00:01:00<00:08:34,  1.02it/s, loss=0.0245]
Epoch 18:  12%|#.........| 68/585 [00:01:06<00:08:25,  1.02it/s, loss=0.0246]
Epoch 18:  12%|#.........| 73/585 [00:01:12<00:08:27,  1.01it/s, loss=0.0247]
Epoch 18:  14%|#.........| 79/585 [00:01:17<00:08:17,  1.02it/s, loss=0.0245]
Epoch 18:  14%|#.........| 84/585 [00:01:22<00:08:13,  1.02it/s, loss=0.0243]
Epoch 18:  15%|#.........| 89/585 [00:01:27<00:08:10,  1.01it/s, loss=0.0246]
Epoch 18:  16%|#.........| 94/585 [00:01:33<00:08:09,  1.00it/s, loss=0.0250]
Epoch 18:  17%|#.........| 99/585 [00:01:38<00:08:05,  1.00it/s, loss=0.0250]
Epoch 18:  18%|#.........| 104/585 [00:01:44<00:08:01,  1.00it/s, loss=0.0256]
Epoch 18:  19%|#.........| 109/585 [00:01:49<00:07:58,  1.00it/s, loss=0.0254]
Epoch 18:  19%|#.........| 114/585 [00:01:54<00:07:53,  0.99it/s, loss=0.0255]
Epoch 18:  21%|##........| 120/585 [00:02:00<00:07:46,  1.00it/s, loss=0.0255]
Epoch 18:  21%|##........| 125/585 [00:02:05<00:07:41,  1.00it/s, loss=0.0258]
Epoch 18:  22%|##........| 131/585 [00:02:11<00:07:35,  1.00it/s, loss=0.0257]
Epoch 18:  23%|##........| 137/585 [00:02:17<00:07:28,  1.00it/s, loss=0.0256]
Epoch 18:  24%|##........| 143/585 [00:02:22<00:07:21,  1.00it/s, loss=0.0255]
Epoch 18:  25%|##........| 148/585 [00:02:28<00:07:17,  1.00it/s, loss=0.0255]
Epoch 18:  26%|##........| 153/585 [00:02:33<00:07:12,  1.00it/s, loss=0.0253]
Epoch 18:  27%|##........| 158/585 [00:02:38<00:07:08,  1.00it/s, loss=0.0254]
Epoch 18:  28%|##........| 163/585 [00:02:44<00:07:05,  0.99it/s, loss=0.0254]
Epoch 18:  29%|##........| 169/585 [00:02:50<00:06:58,  0.99it/s, loss=0.0254]
Epoch 18:  30%|##........| 174/585 [00:02:55<00:06:54,  0.99it/s, loss=0.0253]
Epoch 18:  31%|###.......| 179/585 [00:03:00<00:06:49,  0.99it/s, loss=0.0253]
Epoch 18:  31%|###.......| 184/585 [00:03:05<00:06:44,  0.99it/s, loss=0.0252]
Epoch 18:  32%|###.......| 190/585 [00:03:11<00:06:38,  0.99it/s, loss=0.0251]
Epoch 18:  33%|###.......| 195/585 [00:03:17<00:06:34,  0.99it/s, loss=0.0252]
Epoch 18:  34%|###.......| 201/585 [00:03:22<00:06:27,  0.99it/s, loss=0.0254]
Epoch 18:  35%|###.......| 207/585 [00:03:28<00:06:19,  0.99it/s, loss=0.0253]
Epoch 18:  36%|###.......| 212/585 [00:03:33<00:06:16,  0.99it/s, loss=0.0254]
Epoch 18:  37%|###.......| 217/585 [00:03:39<00:06:11,  0.99it/s, loss=0.0254]
Epoch 18:  38%|###.......| 223/585 [00:03:44<00:06:04,  0.99it/s, loss=0.0254]
Epoch 18:  39%|###.......| 228/585 [00:03:49<00:05:59,  0.99it/s, loss=0.0255]
Epoch 18:  40%|####......| 234/585 [00:03:55<00:05:53,  0.99it/s, loss=0.0256]
Epoch 18:  41%|####......| 239/585 [00:04:00<00:05:48,  0.99it/s, loss=0.0256]
Epoch 18:  42%|####......| 245/585 [00:04:06<00:05:42,  0.99it/s, loss=0.0257]
Epoch 18:  43%|####......| 250/585 [00:04:11<00:05:37,  0.99it/s, loss=0.0256]
Epoch 18:  44%|####......| 255/585 [00:04:16<00:05:32,  0.99it/s, loss=0.0255]
Epoch 18:  44%|####......| 260/585 [00:04:22<00:05:27,  0.99it/s, loss=0.0255]
Epoch 18:  45%|####......| 266/585 [00:04:28<00:05:21,  0.99it/s, loss=0.0255]
Epoch 18:  46%|####......| 272/585 [00:04:33<00:05:15,  0.99it/s, loss=0.0254]
Epoch 18:  47%|####......| 276/585 [00:04:39<00:05:12,  0.99it/s, loss=0.0254]
Epoch 18:  48%|####......| 282/585 [00:04:44<00:05:05,  0.99it/s, loss=0.0254]
Epoch 18:  49%|####......| 287/585 [00:04:49<00:05:01,  0.99it/s, loss=0.0254]
Epoch 18:  50%|#####.....| 293/585 [00:04:55<00:04:54,  0.99it/s, loss=0.0253]
Epoch 18:  51%|#####.....| 299/585 [00:05:01<00:04:48,  0.99it/s, loss=0.0253]
Epoch 18:  52%|#####.....| 305/585 [00:05:07<00:04:42,  0.99it/s, loss=0.0253]
Epoch 18:  53%|#####.....| 310/585 [00:05:12<00:04:37,  0.99it/s, loss=0.0253]
Epoch 18:  54%|#####.....| 315/585 [00:05:18<00:04:32,  0.99it/s, loss=0.0253]
Epoch 18:  55%|#####.....| 321/585 [00:05:23<00:04:26,  0.99it/s, loss=0.0253]
Epoch 18:  56%|#####.....| 327/585 [00:05:29<00:04:20,  0.99it/s, loss=0.0252]
Epoch 18:  57%|#####.....| 331/585 [00:05:35<00:04:17,  0.99it/s, loss=0.0253]
Epoch 18:  58%|#####.....| 337/585 [00:05:41<00:04:11,  0.99it/s, loss=0.0253]
Epoch 18:  59%|#####.....| 343/585 [00:05:47<00:04:04,  0.99it/s, loss=0.0253]
Epoch 18:  60%|#####.....| 349/585 [00:05:52<00:03:58,  0.99it/s, loss=0.0253]
Epoch 18:  61%|######....| 355/585 [00:05:58<00:03:52,  0.99it/s, loss=0.0253]
Epoch 18:  62%|######....| 361/585 [00:06:03<00:03:45,  0.99it/s, loss=0.0252]
Epoch 18:  63%|######....| 366/585 [00:06:09<00:03:40,  0.99it/s, loss=0.0253]
Epoch 18:  63%|######....| 371/585 [00:06:14<00:03:35,  0.99it/s, loss=0.0252]
Epoch 18:  64%|######....| 377/585 [00:06:20<00:03:29,  0.99it/s, loss=0.0252]
Epoch 18:  65%|######....| 383/585 [00:06:25<00:03:23,  0.99it/s, loss=0.0252]
Epoch 18:  66%|######....| 388/585 [00:06:30<00:03:18,  0.99it/s, loss=0.0252]
Epoch 18:  67%|######....| 394/585 [00:06:36<00:03:12,  0.99it/s, loss=0.0251]
Epoch 18:  68%|######....| 400/585 [00:06:41<00:03:05,  1.00it/s, loss=0.0250]
Epoch 18:  69%|######....| 404/585 [00:06:47<00:03:02,  0.99it/s, loss=0.0251]
Epoch 18:  70%|#######...| 410/585 [00:06:52<00:02:56,  0.99it/s, loss=0.0250]
Epoch 18:  71%|#######...| 414/585 [00:06:58<00:02:52,  0.99it/s, loss=0.0250]
Epoch 18:  72%|#######...| 419/585 [00:07:03<00:02:47,  0.99it/s, loss=0.0250]
Epoch 18:  72%|#######...| 424/585 [00:07:09<00:02:43,  0.99it/s, loss=0.0250]
Epoch 18:  73%|#######...| 429/585 [00:07:14<00:02:37,  0.99it/s, loss=0.0250]
Epoch 18:  74%|#######...| 435/585 [00:07:20<00:02:31,  0.99it/s, loss=0.0250]
Epoch 18:  75%|#######...| 440/585 [00:07:25<00:02:26,  0.99it/s, loss=0.0250]
Epoch 18:  76%|#######...| 446/585 [00:07:30<00:02:20,  0.99it/s, loss=0.0249]
Epoch 18:  77%|#######...| 452/585 [00:07:36<00:02:14,  0.99it/s, loss=0.0250]
Epoch 18:  78%|#######...| 458/585 [00:07:42<00:02:08,  0.99it/s, loss=0.0249]
Epoch 18:  79%|#######...| 463/585 [00:07:47<00:02:03,  0.99it/s, loss=0.0250]
Epoch 18:  80%|########..| 468/585 [00:07:52<00:01:58,  0.99it/s, loss=0.0250]
Epoch 18:  81%|########..| 474/585 [00:07:58<00:01:52,  0.99it/s, loss=0.0250]
Epoch 18:  82%|########..| 479/585 [00:08:03<00:01:47,  0.99it/s, loss=0.0250]
Epoch 18:  83%|########..| 484/585 [00:08:09<00:01:42,  0.99it/s, loss=0.0250]
Epoch 18:  84%|########..| 490/585 [00:08:15<00:01:36,  0.99it/s, loss=0.0250]
Epoch 18:  85%|########..| 495/585 [00:08:20<00:01:30,  0.99it/s, loss=0.0250]
Epoch 18:  86%|########..| 501/585 [00:08:26<00:01:24,  0.99it/s, loss=0.0249]
Epoch 18:  87%|########..| 507/585 [00:08:31<00:01:18,  0.99it/s, loss=0.0250]
Epoch 18:  88%|########..| 513/585 [00:08:37<00:01:12,  0.99it/s, loss=0.0250]
Epoch 18:  89%|########..| 519/585 [00:08:43<00:01:06,  0.99it/s, loss=0.0249]
Epoch 18:  90%|########..| 525/585 [00:08:49<00:01:00,  0.99it/s, loss=0.0249]
Epoch 18:  91%|#########.| 531/585 [00:08:55<00:00:54,  0.99it/s, loss=0.0249]
Epoch 18:  92%|#########.| 537/585 [00:09:01<00:00:48,  0.99it/s, loss=0.0249]
Epoch 18:  93%|#########.| 543/585 [00:09:06<00:00:42,  0.99it/s, loss=0.0249]
Epoch 18:  94%|#########.| 548/585 [00:09:12<00:00:37,  0.99it/s, loss=0.0249]
Epoch 18:  95%|#########.| 554/585 [00:09:17<00:00:31,  0.99it/s, loss=0.0249]
Epoch 18:  96%|#########.| 560/585 [00:09:23<00:00:25,  0.99it/s, loss=0.0248]
Epoch 18:  97%|#########.| 565/585 [00:09:29<00:00:20,  0.99it/s, loss=0.0248]
Epoch 18:  97%|#########.| 570/585 [00:09:34<00:00:15,  0.99it/s, loss=0.0248]
Epoch 18:  98%|#########.| 575/585 [00:09:39<00:00:10,  0.99it/s, loss=0.0248]
Epoch 18:  99%|#########.| 581/585 [00:09:45<00:00:04,  0.99it/s, loss=0.0248]
Epoch 18: 100%|##########| 585/585 [00:09:49<00:00:00,  0.99it/s, loss=0.0248]
Test loss: 0.0246, Test rmsae: 7.16deg
{"event": "epoch_complete", "epoch": 18, "phase": 1, "lr": 0.0001, "batch_size": 1, "micro_batch_size": 1, "train_loss": 0.024800096340795868, "val_loss": 0.02460509110824205, "val_rmsae_deg": 7.162793874740601, "epoch_time_s": 590.1773220549803}
{"event": "checkpoint_saved", "tag": "best_rmsae", "epoch": 18, "path": "IFAN_Edge/outputs/stage3/ifan_stage3_full20_freqblock_paper_original_20260419_005314/checkpoints/best_rmsae.pt", "val_rmsae_deg": 7.162793874740601}
Epoch 19/40:
Epoch 19:   1%|..........| 5/585 [00:00:05<00:11:03,  0.87it/s, loss=0.0326]
Epoch 19:   2%|..........| 11/585 [00:00:11<00:10:00,  0.96it/s, loss=0.0292]
Epoch 19:   3%|..........| 17/585 [00:00:17<00:09:42,  0.98it/s, loss=0.0262]
Epoch 19:   4%|..........| 22/585 [00:00:22<00:09:39,  0.97it/s, loss=0.0275]
Epoch 19:   5%|..........| 27/585 [00:00:28<00:09:57,  0.93it/s, loss=0.0267]
Epoch 19:   5%|..........| 32/585 [00:00:34<00:09:51,  0.93it/s, loss=0.0264]
Epoch 19:   6%|..........| 36/585 [00:00:39<00:10:00,  0.91it/s, loss=0.0272]
Epoch 19:   7%|..........| 41/585 [00:00:44<00:09:49,  0.92it/s, loss=0.0271]
Epoch 19:   8%|..........| 47/585 [00:00:50<00:09:33,  0.94it/s, loss=0.0269]
Epoch 19:   9%|..........| 53/585 [00:00:55<00:09:18,  0.95it/s, loss=0.0265]
Epoch 19:  10%|..........| 58/585 [00:01:01<00:09:14,  0.95it/s, loss=0.0266]
Epoch 19:  11%|#.........| 63/585 [00:01:06<00:09:12,  0.95it/s, loss=0.0292]
Epoch 19:  12%|#.........| 69/585 [00:01:12<00:09:00,  0.95it/s, loss=0.0289]
Epoch 19:  13%|#.........| 75/585 [00:01:17<00:08:49,  0.96it/s, loss=0.0283]
Epoch 19:  14%|#.........| 80/585 [00:01:23<00:08:46,  0.96it/s, loss=0.0285]
Epoch 19:  15%|#.........| 85/585 [00:01:28<00:08:41,  0.96it/s, loss=0.0283]
Epoch 19:  16%|#.........| 91/585 [00:01:34<00:08:30,  0.97it/s, loss=0.0278]
Epoch 19:  16%|#.........| 96/585 [00:01:39<00:08:25,  0.97it/s, loss=0.0277]
Epoch 19:  17%|#.........| 102/585 [00:01:44<00:08:16,  0.97it/s, loss=0.0274]
Epoch 19:  18%|#.........| 107/585 [00:01:50<00:08:11,  0.97it/s, loss=0.0274]
Epoch 19:  19%|#.........| 113/585 [00:01:55<00:08:03,  0.98it/s, loss=0.0273]
Epoch 19:  20%|##........| 119/585 [00:02:01<00:07:57,  0.98it/s, loss=0.0271]
Epoch 19:  21%|##........| 124/585 [00:02:07<00:07:53,  0.97it/s, loss=0.0269]
Epoch 19:  22%|##........| 129/585 [00:02:12<00:07:48,  0.97it/s, loss=0.0269]
Epoch 19:  23%|##........| 134/585 [00:02:18<00:07:44,  0.97it/s, loss=0.0269]
Epoch 19:  24%|##........| 140/585 [00:02:23<00:07:37,  0.97it/s, loss=0.0268]
Epoch 19:  25%|##........| 146/585 [00:02:29<00:07:29,  0.98it/s, loss=0.0267]
Epoch 19:  26%|##........| 151/585 [00:02:35<00:07:25,  0.97it/s, loss=0.0265]
Epoch 19:  27%|##........| 156/585 [00:02:40<00:07:20,  0.97it/s, loss=0.0264]
Epoch 19:  28%|##........| 162/585 [00:02:45<00:07:13,  0.98it/s, loss=0.0265]
Epoch 19:  29%|##........| 168/585 [00:02:51<00:07:06,  0.98it/s, loss=0.0266]
Epoch 19:  30%|##........| 174/585 [00:02:57<00:06:58,  0.98it/s, loss=0.0265]
Epoch 19:  31%|###.......| 180/585 [00:03:03<00:06:51,  0.98it/s, loss=0.0267]
Epoch 19:  32%|###.......| 186/585 [00:03:08<00:06:44,  0.99it/s, loss=0.0267]
Epoch 19:  33%|###.......| 191/585 [00:03:13<00:06:39,  0.99it/s, loss=0.0269]
Epoch 19:  34%|###.......| 197/585 [00:03:19<00:06:32,  0.99it/s, loss=0.0269]
Epoch 19:  35%|###.......| 202/585 [00:03:24<00:06:28,  0.99it/s, loss=0.0268]
Epoch 19:  36%|###.......| 208/585 [00:03:30<00:06:21,  0.99it/s, loss=0.0269]
Epoch 19:  37%|###.......| 214/585 [00:03:36<00:06:14,  0.99it/s, loss=0.0268]
Epoch 19:  37%|###.......| 219/585 [00:03:41<00:06:10,  0.99it/s, loss=0.0267]
Epoch 19:  38%|###.......| 224/585 [00:03:46<00:06:05,  0.99it/s, loss=0.0267]
Epoch 19:  39%|###.......| 230/585 [00:03:52<00:05:58,  0.99it/s, loss=0.0267]
Epoch 19:  40%|####......| 236/585 [00:03:58<00:05:52,  0.99it/s, loss=0.0266]
Epoch 19:  41%|####......| 241/585 [00:04:03<00:05:47,  0.99it/s, loss=0.0266]
Epoch 19:  42%|####......| 246/585 [00:04:08<00:05:42,  0.99it/s, loss=0.0265]
Epoch 19:  43%|####......| 251/585 [00:04:14<00:05:38,  0.99it/s, loss=0.0265]
Epoch 19:  44%|####......| 256/585 [00:04:19<00:05:33,  0.99it/s, loss=0.0264]
Epoch 19:  45%|####......| 261/585 [00:04:24<00:05:28,  0.99it/s, loss=0.0264]
Epoch 19:  46%|####......| 267/585 [00:04:30<00:05:22,  0.99it/s, loss=0.0265]
Epoch 19:  47%|####......| 273/585 [00:04:36<00:05:16,  0.99it/s, loss=0.0264]
Epoch 19:  48%|####......| 280/585 [00:04:42<00:05:07,  0.99it/s, loss=0.0264]
Epoch 19:  49%|####......| 286/585 [00:04:48<00:05:01,  0.99it/s, loss=0.0264]
Epoch 19:  50%|####......| 292/585 [00:04:53<00:04:54,  0.99it/s, loss=0.0263]
Epoch 19:  51%|#####.....| 298/585 [00:04:59<00:04:47,  1.00it/s, loss=0.0263]
Epoch 19:  52%|#####.....| 302/585 [00:05:04<00:04:45,  0.99it/s, loss=0.0263]
Epoch 19:  53%|#####.....| 308/585 [00:05:10<00:04:39,  0.99it/s, loss=0.0263]
Epoch 19:  54%|#####.....| 314/585 [00:05:16<00:04:32,  0.99it/s, loss=0.0263]
Epoch 19:  55%|#####.....| 320/585 [00:05:21<00:04:26,  1.00it/s, loss=0.0262]
Epoch 19:  56%|#####.....| 326/585 [00:05:26<00:04:19,  1.00it/s, loss=0.0261]
Epoch 19:  57%|#####.....| 332/585 [00:05:32<00:04:13,  1.00it/s, loss=0.0260]
Epoch 19:  57%|#####.....| 336/585 [00:05:37<00:04:10,  1.00it/s, loss=0.0260]
Epoch 19:  58%|#####.....| 341/585 [00:05:42<00:04:05,  0.99it/s, loss=0.0260]
Epoch 19:  59%|#####.....| 347/585 [00:05:48<00:03:58,  1.00it/s, loss=0.0259]
Epoch 19:  60%|######....| 352/585 [00:05:53<00:03:54,  0.99it/s, loss=0.0259]
Epoch 19:  61%|######....| 357/585 [00:05:59<00:03:49,  0.99it/s, loss=0.0259]
Epoch 19:  62%|######....| 362/585 [00:06:04<00:03:44,  0.99it/s, loss=0.0258]
Epoch 19:  63%|######....| 367/585 [00:06:09<00:03:39,  0.99it/s, loss=0.0258]
Epoch 19:  64%|######....| 373/585 [00:06:15<00:03:33,  0.99it/s, loss=0.0257]
Epoch 19:  65%|######....| 379/585 [00:06:21<00:03:27,  0.99it/s, loss=0.0257]
Epoch 19:  66%|######....| 385/585 [00:06:27<00:03:21,  0.99it/s, loss=0.0256]
Epoch 19:  67%|######....| 391/585 [00:06:32<00:03:14,  1.00it/s, loss=0.0256]
Epoch 19:  68%|######....| 396/585 [00:06:38<00:03:10,  0.99it/s, loss=0.0256]
Epoch 19:  69%|######....| 402/585 [00:06:43<00:03:03,  1.00it/s, loss=0.0256]
Epoch 19:  70%|######....| 408/585 [00:06:49<00:02:57,  1.00it/s, loss=0.0255]
Epoch 19:  71%|#######...| 414/585 [00:06:55<00:02:51,  1.00it/s, loss=0.0255]
Epoch 19:  72%|#######...| 420/585 [00:07:00<00:02:45,  1.00it/s, loss=0.0256]
Epoch 19:  73%|#######...| 426/585 [00:07:06<00:02:39,  1.00it/s, loss=0.0256]
Epoch 19:  74%|#######...| 431/585 [00:07:11<00:02:34,  1.00it/s, loss=0.0256]
Epoch 19:  75%|#######...| 436/585 [00:07:17<00:02:29,  1.00it/s, loss=0.0257]
Epoch 19:  76%|#######...| 442/585 [00:07:23<00:02:23,  1.00it/s, loss=0.0257]
Epoch 19:  76%|#######...| 447/585 [00:07:28<00:02:18,  1.00it/s, loss=0.0259]
Epoch 19:  77%|#######...| 452/585 [00:07:33<00:02:13,  1.00it/s, loss=0.0258]
Epoch 19:  78%|#######...| 458/585 [00:07:39<00:02:07,  1.00it/s, loss=0.0258]
Epoch 19:  79%|#######...| 464/585 [00:07:45<00:02:01,  1.00it/s, loss=0.0258]
Epoch 19:  80%|########..| 469/585 [00:07:51<00:01:56,  1.00it/s, loss=0.0258]
Epoch 19:  81%|########..| 475/585 [00:07:56<00:01:50,  1.00it/s, loss=0.0258]
Epoch 19:  82%|########..| 480/585 [00:08:02<00:01:45,  1.00it/s, loss=0.0257]
Epoch 19:  83%|########..| 486/585 [00:08:07<00:01:39,  1.00it/s, loss=0.0257]
Epoch 19:  84%|########..| 490/585 [00:08:13<00:01:35,  0.99it/s, loss=0.0258]
Epoch 19:  85%|########..| 495/585 [00:08:18<00:01:30,  0.99it/s, loss=0.0258]
Epoch 19:  85%|########..| 500/585 [00:08:23<00:01:25,  0.99it/s, loss=0.0258]
Epoch 19:  86%|########..| 506/585 [00:08:29<00:01:19,  0.99it/s, loss=0.0258]
Epoch 19:  88%|########..| 512/585 [00:08:35<00:01:13,  0.99it/s, loss=0.0258]
Epoch 19:  89%|########..| 518/585 [00:08:40<00:01:07,  1.00it/s, loss=0.0257]
Epoch 19:  89%|########..| 523/585 [00:08:46<00:01:02,  0.99it/s, loss=0.0257]
Epoch 19:  90%|#########.| 529/585 [00:08:51<00:00:56,  0.99it/s, loss=0.0257]
Epoch 19:  91%|#########.| 535/585 [00:08:57<00:00:50,  1.00it/s, loss=0.0256]
Epoch 19:  92%|#########.| 540/585 [00:09:02<00:00:45,  0.99it/s, loss=0.0256]
Epoch 19:  93%|#########.| 545/585 [00:09:08<00:00:40,  0.99it/s, loss=0.0256]
Epoch 19:  94%|#########.| 550/585 [00:09:13<00:00:35,  0.99it/s, loss=0.0256]
Epoch 19:  95%|#########.| 555/585 [00:09:19<00:00:30,  0.99it/s, loss=0.0256]
Epoch 19:  96%|#########.| 561/585 [00:09:25<00:00:24,  0.99it/s, loss=0.0256]
Epoch 19:  97%|#########.| 567/585 [00:09:31<00:00:18,  0.99it/s, loss=0.0256]
Epoch 19:  98%|#########.| 574/585 [00:09:37<00:00:11,  0.99it/s, loss=0.0256]
Epoch 19:  99%|#########.| 580/585 [00:09:43<00:00:05,  0.99it/s, loss=0.0255]
Epoch 19: 100%|##########| 585/585 [00:09:48<00:00:00,  0.99it/s, loss=0.0256]
Test loss: 0.0255, Test rmsae: 8.59deg
{"event": "epoch_complete", "epoch": 19, "phase": 1, "lr": 0.0001, "batch_size": 1, "micro_batch_size": 1, "train_loss": 0.025575998683388418, "val_loss": 0.025479718402493745, "val_rmsae_deg": 8.58842247724533, "epoch_time_s": 588.9987678539474}
Epoch 20/40:
Epoch 20:   1%|..........| 6/585 [00:00:05<00:09:07,  1.06it/s, loss=0.0249]
Epoch 20:   2%|..........| 11/585 [00:00:11<00:09:42,  0.98it/s, loss=0.0240]
Epoch 20:   3%|..........| 16/585 [00:00:16<00:09:54,  0.96it/s, loss=0.0241]
Epoch 20:   4%|..........| 21/585 [00:00:21<00:09:45,  0.96it/s, loss=0.0245]
Epoch 20:   5%|..........| 27/585 [00:00:27<00:09:26,  0.98it/s, loss=0.0245]
Epoch 20:   5%|..........| 32/585 [00:00:33<00:09:30,  0.97it/s, loss=0.0241]
Epoch 20:   6%|..........| 37/585 [00:00:38<00:09:28,  0.96it/s, loss=0.0239]
Epoch 20:   7%|..........| 42/585 [00:00:43<00:09:21,  0.97it/s, loss=0.0239]
Epoch 20:   8%|..........| 47/585 [00:00:48<00:09:15,  0.97it/s, loss=0.0240]
Epoch 20:   9%|..........| 53/585 [00:00:53<00:09:00,  0.98it/s, loss=0.0239]
Epoch 20:  10%|..........| 58/585 [00:00:59<00:08:56,  0.98it/s, loss=0.0241]
Epoch 20:  11%|#.........| 63/585 [00:01:04<00:08:50,  0.98it/s, loss=0.0240]
Epoch 20:  12%|#.........| 69/585 [00:01:09<00:08:37,  1.00it/s, loss=0.0237]
Epoch 20:  13%|#.........| 75/585 [00:01:14<00:08:28,  1.00it/s, loss=0.0237]
Epoch 20:  14%|#.........| 80/585 [00:01:20<00:08:27,  0.99it/s, loss=0.0236]
Epoch 20:  15%|#.........| 86/585 [00:01:25<00:08:17,  1.00it/s, loss=0.0236]
Epoch 20:  16%|#.........| 91/585 [00:01:30<00:08:13,  1.00it/s, loss=0.0239]
Epoch 20:  16%|#.........| 96/585 [00:01:36<00:08:09,  1.00it/s, loss=0.0239]
Epoch 20:  17%|#.........| 101/585 [00:01:41<00:08:06,  1.00it/s, loss=0.0238]
Epoch 20:  18%|#.........| 107/585 [00:01:47<00:07:59,  1.00it/s, loss=0.0237]
Epoch 20:  19%|#.........| 113/585 [00:01:53<00:07:52,  1.00it/s, loss=0.0235]
Epoch 20:  20%|##........| 118/585 [00:01:58<00:07:49,  1.00it/s, loss=0.0236]
Epoch 20:  21%|##........| 123/585 [00:02:03<00:07:44,  1.00it/s, loss=0.0238]
Epoch 20:  22%|##........| 129/585 [00:02:09<00:07:37,  1.00it/s, loss=0.0238]
Epoch 20:  23%|##........| 135/585 [00:02:14<00:07:29,  1.00it/s, loss=0.0238]
Epoch 20:  24%|##........| 141/585 [00:02:20<00:07:22,  1.00it/s, loss=0.0239]
Epoch 20:  25%|##........| 147/585 [00:02:26<00:07:17,  1.00it/s, loss=0.0239]
Epoch 20:  26%|##........| 153/585 [00:02:32<00:07:10,  1.00it/s, loss=0.0239]
Epoch 20:  27%|##........| 159/585 [00:02:38<00:07:04,  1.00it/s, loss=0.0239]
Epoch 20:  28%|##........| 165/585 [00:02:44<00:06:57,  1.01it/s, loss=0.0240]
Epoch 20:  29%|##........| 170/585 [00:02:49<00:06:54,  1.00it/s, loss=0.0241]
Epoch 20:  30%|###.......| 176/585 [00:02:55<00:06:46,  1.01it/s, loss=0.0241]
Epoch 20:  31%|###.......| 182/585 [00:03:00<00:06:39,  1.01it/s, loss=0.0241]
Epoch 20:  32%|###.......| 187/585 [00:03:05<00:06:35,  1.01it/s, loss=0.0242]
Epoch 20:  33%|###.......| 193/585 [00:03:11<00:06:28,  1.01it/s, loss=0.0242]
Epoch 20:  34%|###.......| 198/585 [00:03:17<00:06:25,  1.00it/s, loss=0.0245]
Epoch 20:  35%|###.......| 203/585 [00:03:22<00:06:21,  1.00it/s, loss=0.0246]
Epoch 20:  36%|###.......| 209/585 [00:03:28<00:06:15,  1.00it/s, loss=0.0245]
Epoch 20:  37%|###.......| 215/585 [00:03:34<00:06:09,  1.00it/s, loss=0.0245]
Epoch 20:  38%|###.......| 221/585 [00:03:40<00:06:03,  1.00it/s, loss=0.0245]
Epoch 20:  39%|###.......| 227/585 [00:03:46<00:05:57,  1.00it/s, loss=0.0245]
Epoch 20:  40%|###.......| 233/585 [00:03:51<00:05:50,  1.00it/s, loss=0.0244]
Epoch 20:  41%|####......| 239/585 [00:03:57<00:05:43,  1.01it/s, loss=0.0245]
Epoch 20:  42%|####......| 244/585 [00:04:02<00:05:39,  1.00it/s, loss=0.0245]
Epoch 20:  43%|####......| 250/585 [00:04:08<00:05:32,  1.01it/s, loss=0.0244]
Epoch 20:  44%|####......| 256/585 [00:04:14<00:05:26,  1.01it/s, loss=0.0244]
Epoch 20:  45%|####......| 261/585 [00:04:19<00:05:22,  1.01it/s, loss=0.0243]
Epoch 20:  46%|####......| 267/585 [00:04:25<00:05:16,  1.00it/s, loss=0.0244]
Epoch 20:  47%|####......| 273/585 [00:04:31<00:05:10,  1.00it/s, loss=0.0243]
Epoch 20:  48%|####......| 278/585 [00:04:37<00:05:06,  1.00it/s, loss=0.0243]
Epoch 20:  48%|####......| 283/585 [00:04:43<00:05:02,  1.00it/s, loss=0.0242]
Epoch 20:  49%|####......| 288/585 [00:04:48<00:04:57,  1.00it/s, loss=0.0242]
Epoch 20:  50%|#####.....| 294/585 [00:04:54<00:04:51,  1.00it/s, loss=0.0243]
Epoch 20:  51%|#####.....| 300/585 [00:04:59<00:04:44,  1.00it/s, loss=0.0243]
Epoch 20:  52%|#####.....| 306/585 [00:05:05<00:04:38,  1.00it/s, loss=0.0242]
Epoch 20:  53%|#####.....| 310/585 [00:05:10<00:04:35,  1.00it/s, loss=0.0243]
Epoch 20:  54%|#####.....| 316/585 [00:05:16<00:04:29,  1.00it/s, loss=0.0244]
Epoch 20:  55%|#####.....| 321/585 [00:05:21<00:04:24,  1.00it/s, loss=0.0244]
Epoch 20:  56%|#####.....| 327/585 [00:05:27<00:04:18,  1.00it/s, loss=0.0243]
Epoch 20:  57%|#####.....| 333/585 [00:05:33<00:04:12,  1.00it/s, loss=0.0243]
Epoch 20:  58%|#####.....| 338/585 [00:05:38<00:04:07,  1.00it/s, loss=0.0243]
Epoch 20:  59%|#####.....| 343/585 [00:05:43<00:04:02,  1.00it/s, loss=0.0243]
Epoch 20:  60%|#####.....| 349/585 [00:05:49<00:03:56,  1.00it/s, loss=0.0243]
Epoch 20:  60%|######....| 353/585 [00:05:54<00:03:52,  1.00it/s, loss=0.0244]
Epoch 20:  61%|######....| 358/585 [00:06:00<00:03:48,  0.99it/s, loss=0.0244]
Epoch 20:  62%|######....| 364/585 [00:06:05<00:03:42,  0.99it/s, loss=0.0244]
Epoch 20:  63%|######....| 369/585 [00:06:11<00:03:37,  0.99it/s, loss=0.0244]
Epoch 20:  64%|######....| 374/585 [00:06:16<00:03:32,  0.99it/s, loss=0.0245]
Epoch 20:  65%|######....| 379/585 [00:06:22<00:03:27,  0.99it/s, loss=0.0245]
Epoch 20:  66%|######....| 384/585 [00:06:27<00:03:22,  0.99it/s, loss=0.0245]
Epoch 20:  67%|######....| 390/585 [00:06:33<00:03:16,  0.99it/s, loss=0.0246]
Epoch 20:  68%|######....| 395/585 [00:06:38<00:03:11,  0.99it/s, loss=0.0246]
Epoch 20:  68%|######....| 400/585 [00:06:44<00:03:06,  0.99it/s, loss=0.0246]
Epoch 20:  69%|######....| 406/585 [00:06:49<00:03:00,  0.99it/s, loss=0.0246]
Epoch 20:  70%|#######...| 411/585 [00:06:54<00:02:55,  0.99it/s, loss=0.0245]
Epoch 20:  71%|#######...| 417/585 [00:07:00<00:02:49,  0.99it/s, loss=0.0245]
Epoch 20:  72%|#######...| 422/585 [00:07:05<00:02:44,  0.99it/s, loss=0.0246]
Epoch 20:  73%|#######...| 427/585 [00:07:11<00:02:39,  0.99it/s, loss=0.0246]
Epoch 20:  74%|#######...| 432/585 [00:07:17<00:02:34,  0.99it/s, loss=0.0247]
Epoch 20:  75%|#######...| 437/585 [00:07:22<00:02:29,  0.99it/s, loss=0.0247]
Epoch 20:  76%|#######...| 442/585 [00:07:27<00:02:24,  0.99it/s, loss=0.0247]
Epoch 20:  77%|#######...| 448/585 [00:07:33<00:02:18,  0.99it/s, loss=0.0247]
Epoch 20:  78%|#######...| 454/585 [00:07:39<00:02:12,  0.99it/s, loss=0.0247]
Epoch 20:  78%|#######...| 459/585 [00:07:45<00:02:07,  0.99it/s, loss=0.0246]
Epoch 20:  79%|#######...| 464/585 [00:07:51<00:02:02,  0.98it/s, loss=0.0247]
Epoch 20:  80%|########..| 469/585 [00:07:56<00:01:57,  0.98it/s, loss=0.0248]
Epoch 20:  81%|########..| 474/585 [00:08:02<00:01:52,  0.98it/s, loss=0.0248]
Epoch 20:  82%|########..| 479/585 [00:08:08<00:01:47,  0.98it/s, loss=0.0249]
Epoch 20:  83%|########..| 484/585 [00:08:13<00:01:42,  0.98it/s, loss=0.0249]
Epoch 20:  84%|########..| 489/585 [00:08:18<00:01:37,  0.98it/s, loss=0.0249]
Epoch 20:  84%|########..| 494/585 [00:08:24<00:01:32,  0.98it/s, loss=0.0250]
Epoch 20:  85%|########..| 500/585 [00:08:29<00:01:26,  0.98it/s, loss=0.0251]
Epoch 20:  86%|########..| 506/585 [00:08:35<00:01:20,  0.98it/s, loss=0.0251]
Epoch 20:  87%|########..| 511/585 [00:08:40<00:01:15,  0.98it/s, loss=0.0251]
Epoch 20:  88%|########..| 517/585 [00:08:46<00:01:09,  0.98it/s, loss=0.0251]
Epoch 20:  89%|########..| 522/585 [00:08:51<00:01:04,  0.98it/s, loss=0.0251]
Epoch 20:  90%|#########.| 528/585 [00:08:57<00:00:58,  0.98it/s, loss=0.0251]
Epoch 20:  91%|#########.| 532/585 [00:09:02<00:00:54,  0.98it/s, loss=0.0251]
Epoch 20:  92%|#########.| 537/585 [00:09:07<00:00:48,  0.98it/s, loss=0.0251]
Epoch 20:  93%|#########.| 542/585 [00:09:13<00:00:43,  0.98it/s, loss=0.0251]
Epoch 20:  94%|#########.| 548/585 [00:09:18<00:00:37,  0.98it/s, loss=0.0251]
Epoch 20:  95%|#########.| 554/585 [00:09:23<00:00:31,  0.98it/s, loss=0.0251]
Epoch 20:  96%|#########.| 560/585 [00:09:29<00:00:25,  0.98it/s, loss=0.0251]
Epoch 20:  97%|#########.| 566/585 [00:09:35<00:00:19,  0.98it/s, loss=0.0251]
Epoch 20:  98%|#########.| 572/585 [00:09:40<00:00:13,  0.99it/s, loss=0.0251]
Epoch 20:  99%|#########.| 578/585 [00:09:46<00:00:07,  0.99it/s, loss=0.0251]
Epoch 20: 100%|#########.| 583/585 [00:09:51<00:00:02,  0.99it/s, loss=0.0251]
Epoch 20: 100%|##########| 585/585 [00:09:53<00:00:00,  0.99it/s, loss=0.0251]
Test loss: 0.0247, Test rmsae: 6.67deg
{"event": "epoch_complete", "epoch": 20, "phase": 1, "lr": 0.0001, "batch_size": 1, "micro_batch_size": 1, "train_loss": 0.025066676719957947, "val_loss": 0.024734063539654016, "val_rmsae_deg": 6.6669847294688225, "epoch_time_s": 594.52846851293}
{"event": "checkpoint_saved", "tag": "best_rmsae", "epoch": 20, "path": "IFAN_Edge/outputs/stage3/ifan_stage3_full20_freqblock_paper_original_20260419_005314/checkpoints/best_rmsae.pt", "val_rmsae_deg": 6.6669847294688225}
{"event": "checkpoint_saved", "tag": "epoch_020", "epoch": 20, "path": "IFAN_Edge/outputs/stage3/ifan_stage3_full20_freqblock_paper_original_20260419_005314/checkpoints/epoch_020.pt"}
Epoch 21/40:
Epoch 21:   1%|..........| 6/585 [00:00:05<00:09:10,  1.05it/s, loss=0.0243]
Epoch 21:   2%|..........| 11/585 [00:00:10<00:09:27,  1.01it/s, loss=0.0247]
Epoch 21:   3%|..........| 16/585 [00:00:15<00:09:26,  1.01it/s, loss=0.0262]
Epoch 21:   4%|..........| 21/585 [00:00:20<00:09:23,  1.00it/s, loss=0.0261]
Epoch 21:   5%|..........| 27/585 [00:00:26<00:09:13,  1.01it/s, loss=0.0259]
Epoch 21:   6%|..........| 33/585 [00:00:32<00:09:01,  1.02it/s, loss=0.0260]
Epoch 21:   6%|..........| 38/585 [00:00:38<00:09:20,  0.98it/s, loss=0.0264]
Epoch 21:   8%|..........| 44/585 [00:00:44<00:09:06,  0.99it/s, loss=0.0262]
Epoch 21:   9%|..........| 50/585 [00:00:49<00:08:54,  1.00it/s, loss=0.0260]
Epoch 21:   9%|..........| 55/585 [00:00:55<00:08:54,  0.99it/s, loss=0.0260]
Epoch 21:  10%|#.........| 61/585 [00:01:02<00:08:54,  0.98it/s, loss=0.0260]
Epoch 21:  11%|#.........| 66/585 [00:01:07<00:08:48,  0.98it/s, loss=0.0258]
Epoch 21:  12%|#.........| 72/585 [00:01:12<00:08:38,  0.99it/s, loss=0.0256]
Epoch 21:  13%|#.........| 78/585 [00:01:18<00:08:28,  1.00it/s, loss=0.0256]
Epoch 21:  14%|#.........| 83/585 [00:01:23<00:08:25,  0.99it/s, loss=0.0257]
Epoch 21:  15%|#.........| 89/585 [00:01:29<00:08:16,  1.00it/s, loss=0.0254]
Epoch 21:  16%|#.........| 94/585 [00:01:34<00:08:12,  1.00it/s, loss=0.0257]
Epoch 21:  17%|#.........| 100/585 [00:01:40<00:08:06,  1.00it/s, loss=0.0256]
Epoch 21:  18%|#.........| 105/585 [00:01:45<00:08:02,  1.00it/s, loss=0.0255]
Epoch 21:  19%|#.........| 111/585 [00:01:50<00:07:52,  1.00it/s, loss=0.0254]
Epoch 21:  20%|##........| 117/585 [00:01:56<00:07:47,  1.00it/s, loss=0.0252]
Epoch 21:  21%|##........| 123/585 [00:02:02<00:07:40,  1.00it/s, loss=0.0253]
Epoch 21:  22%|##........| 128/585 [00:02:07<00:07:36,  1.00it/s, loss=0.0251]
Epoch 21:  23%|##........| 134/585 [00:02:13<00:07:29,  1.00it/s, loss=0.0250]
Epoch 21:  24%|##........| 139/585 [00:02:19<00:07:27,  1.00it/s, loss=0.0251]
Epoch 21:  25%|##........| 144/585 [00:02:25<00:07:24,  0.99it/s, loss=0.0251]
Epoch 21:  26%|##........| 150/585 [00:02:30<00:07:16,  1.00it/s, loss=0.0251]
Epoch 21:  27%|##........| 156/585 [00:02:36<00:07:10,  1.00it/s, loss=0.0250]
Epoch 21:  28%|##........| 161/585 [00:02:41<00:07:05,  1.00it/s, loss=0.0250]
Epoch 21:  28%|##........| 166/585 [00:02:46<00:07:00,  1.00it/s, loss=0.0251]
Epoch 21:  29%|##........| 172/585 [00:02:52<00:06:53,  1.00it/s, loss=0.0250]
Epoch 21:  30%|###.......| 178/585 [00:02:57<00:06:46,  1.00it/s, loss=0.0250]
Epoch 21:  31%|###.......| 184/585 [00:03:03<00:06:40,  1.00it/s, loss=0.0251]
Epoch 21:  32%|###.......| 189/585 [00:03:08<00:06:35,  1.00it/s, loss=0.0250]
Epoch 21:  33%|###.......| 195/585 [00:03:14<00:06:29,  1.00it/s, loss=0.0250]
Epoch 21:  34%|###.......| 201/585 [00:03:19<00:06:21,  1.01it/s, loss=0.0250]
Epoch 21:  35%|###.......| 206/585 [00:03:25<00:06:17,  1.00it/s, loss=0.0250]
Epoch 21:  36%|###.......| 211/585 [00:03:30<00:06:12,  1.00it/s, loss=0.0250]
Epoch 21:  37%|###.......| 217/585 [00:03:35<00:06:05,  1.01it/s, loss=0.0249]
Epoch 21:  38%|###.......| 222/585 [00:03:41<00:06:01,  1.00it/s, loss=0.0250]
Epoch 21:  39%|###.......| 227/585 [00:03:46<00:05:57,  1.00it/s, loss=0.0249]
Epoch 21:  40%|###.......| 232/585 [00:03:51<00:05:52,  1.00it/s, loss=0.0249]
Epoch 21:  41%|####......| 238/585 [00:03:57<00:05:45,  1.00it/s, loss=0.0252]
Epoch 21:  42%|####......| 243/585 [00:04:02<00:05:41,  1.00it/s, loss=0.0253]
Epoch 21:  42%|####......| 248/585 [00:04:07<00:05:36,  1.00it/s, loss=0.0253]
Epoch 21:  43%|####......| 254/585 [00:04:13<00:05:29,  1.00it/s, loss=0.0252]
Epoch 21:  44%|####......| 260/585 [00:04:18<00:05:23,  1.01it/s, loss=0.0252]
Epoch 21:  45%|####......| 266/585 [00:04:24<00:05:17,  1.01it/s, loss=0.0251]
Epoch 21:  46%|####......| 272/585 [00:04:30<00:05:11,  1.00it/s, loss=0.0251]
Epoch 21:  47%|####......| 277/585 [00:04:36<00:05:07,  1.00it/s, loss=0.0252]
Epoch 21:  48%|####......| 281/585 [00:04:41<00:05:04,  1.00it/s, loss=0.0253]
Epoch 21:  49%|####......| 286/585 [00:04:46<00:04:59,  1.00it/s, loss=0.0254]
Epoch 21:  50%|####......| 291/585 [00:04:52<00:04:55,  1.00it/s, loss=0.0254]
Epoch 21:  51%|#####.....| 297/585 [00:04:57<00:04:48,  1.00it/s, loss=0.0254]
Epoch 21:  51%|#####.....| 301/585 [00:05:03<00:04:45,  0.99it/s, loss=0.0255]
Epoch 21:  52%|#####.....| 306/585 [00:05:08<00:04:40,  0.99it/s, loss=0.0255]
Epoch 21:  53%|#####.....| 312/585 [00:05:14<00:04:35,  0.99it/s, loss=0.0255]
Epoch 21:  54%|#####.....| 317/585 [00:05:20<00:04:30,  0.99it/s, loss=0.0255]
Epoch 21:  55%|#####.....| 323/585 [00:05:25<00:04:24,  0.99it/s, loss=0.0254]
Epoch 21:  56%|#####.....| 329/585 [00:05:32<00:04:18,  0.99it/s, loss=0.0254]
Epoch 21:  57%|#####.....| 334/585 [00:05:37<00:04:13,  0.99it/s, loss=0.0253]
Epoch 21:  58%|#####.....| 339/585 [00:05:42<00:04:08,  0.99it/s, loss=0.0253]
Epoch 21:  59%|#####.....| 345/585 [00:05:48<00:04:02,  0.99it/s, loss=0.0254]
Epoch 21:  60%|######....| 351/585 [00:05:53<00:03:55,  0.99it/s, loss=0.0254]
Epoch 21:  61%|######....| 356/585 [00:05:59<00:03:51,  0.99it/s, loss=0.0254]
Epoch 21:  62%|######....| 361/585 [00:06:04<00:03:46,  0.99it/s, loss=0.0254]
Epoch 21:  63%|######....| 366/585 [00:06:09<00:03:41,  0.99it/s, loss=0.0254]
Epoch 21:  64%|######....| 372/585 [00:06:15<00:03:34,  0.99it/s, loss=0.0254]
Epoch 21:  65%|######....| 378/585 [00:06:20<00:03:28,  0.99it/s, loss=0.0253]
Epoch 21:  66%|######....| 384/585 [00:06:25<00:03:21,  1.00it/s, loss=0.0253]
Epoch 21:  67%|######....| 390/585 [00:06:31<00:03:15,  1.00it/s, loss=0.0252]
Epoch 21:  68%|######....| 396/585 [00:06:36<00:03:09,  1.00it/s, loss=0.0252]
Epoch 21:  69%|######....| 401/585 [00:06:42<00:03:04,  1.00it/s, loss=0.0252]
Epoch 21:  70%|######....| 407/585 [00:06:48<00:02:58,  1.00it/s, loss=0.0252]
Epoch 21:  71%|#######...| 413/585 [00:06:54<00:02:52,  1.00it/s, loss=0.0251]
Epoch 21:  72%|#######...| 419/585 [00:06:59<00:02:46,  1.00it/s, loss=0.0252]
Epoch 21:  73%|#######...| 425/585 [00:07:04<00:02:39,  1.00it/s, loss=0.0251]
Epoch 21:  74%|#######...| 431/585 [00:07:10<00:02:33,  1.00it/s, loss=0.0252]
Epoch 21:  75%|#######...| 436/585 [00:07:16<00:02:29,  1.00it/s, loss=0.0252]
Epoch 21:  76%|#######...| 442/585 [00:07:21<00:02:22,  1.00it/s, loss=0.0252]
Epoch 21:  77%|#######...| 448/585 [00:07:27<00:02:16,  1.00it/s, loss=0.0252]
Epoch 21:  77%|#######...| 453/585 [00:07:32<00:02:11,  1.00it/s, loss=0.0252]
Epoch 21:  78%|#######...| 459/585 [00:07:37<00:02:05,  1.00it/s, loss=0.0252]
Epoch 21:  79%|#######...| 463/585 [00:07:43<00:02:02,  1.00it/s, loss=0.0252]
Epoch 21:  80%|########..| 468/585 [00:07:48<00:01:57,  1.00it/s, loss=0.0252]
Epoch 21:  81%|########..| 474/585 [00:07:54<00:01:51,  1.00it/s, loss=0.0253]
Epoch 21:  82%|########..| 479/585 [00:07:59<00:01:46,  1.00it/s, loss=0.0252]
Epoch 21:  83%|########..| 485/585 [00:08:05<00:01:40,  1.00it/s, loss=0.0252]
Epoch 21:  84%|########..| 490/585 [00:08:10<00:01:35,  1.00it/s, loss=0.0253]
Epoch 21:  85%|########..| 496/585 [00:08:16<00:01:29,  1.00it/s, loss=0.0252]
Epoch 21:  86%|########..| 502/585 [00:08:22<00:01:23,  1.00it/s, loss=0.0253]
Epoch 21:  87%|########..| 507/585 [00:08:27<00:01:18,  1.00it/s, loss=0.0253]
Epoch 21:  88%|########..| 512/585 [00:08:33<00:01:13,  1.00it/s, loss=0.0253]
Epoch 21:  89%|########..| 518/585 [00:08:39<00:01:07,  1.00it/s, loss=0.0253]
Epoch 21:  90%|########..| 524/585 [00:08:44<00:01:01,  1.00it/s, loss=0.0253]
Epoch 21:  91%|#########.| 530/585 [00:08:50<00:00:55,  1.00it/s, loss=0.0253]
Epoch 21:  91%|#########.| 535/585 [00:08:56<00:00:50,  1.00it/s, loss=0.0253]
Epoch 21:  92%|#########.| 541/585 [00:09:01<00:00:44,  1.00it/s, loss=0.0252]
Epoch 21:  94%|#########.| 547/585 [00:09:07<00:00:38,  1.00it/s, loss=0.0252]
Epoch 21:  95%|#########.| 553/585 [00:09:13<00:00:32,  1.00it/s, loss=0.0252]
Epoch 21:  95%|#########.| 558/585 [00:09:18<00:00:27,  1.00it/s, loss=0.0252]
Epoch 21:  96%|#########.| 563/585 [00:09:23<00:00:22,  1.00it/s, loss=0.0252]
Epoch 21:  97%|#########.| 568/585 [00:09:28<00:00:17,  1.00it/s, loss=0.0252]
Epoch 21:  98%|#########.| 573/585 [00:09:33<00:00:12,  1.00it/s, loss=0.0252]
Epoch 21:  99%|#########.| 579/585 [00:09:39<00:00:06,  1.00it/s, loss=0.0252]
Epoch 21: 100%|##########| 585/585 [00:09:45<00:00:00,  1.00it/s, loss=0.0252]
Test loss: 0.0247, Test rmsae: 7.34deg
{"event": "epoch_complete", "epoch": 21, "phase": 2, "lr": 1e-05, "batch_size": 10, "micro_batch_size": 1, "train_loss": 0.025156700302265647, "val_loss": 0.02468616288388148, "val_rmsae_deg": 7.335105076432228, "epoch_time_s": 586.5684334720718}
Epoch 22/40:
Epoch 22:   1%|..........| 6/585 [00:00:06<00:09:52,  0.98it/s, loss=0.0234]
Epoch 22:   2%|..........| 12/585 [00:00:11<00:09:16,  1.03it/s, loss=0.0236]
Epoch 22:   3%|..........| 17/585 [00:00:16<00:09:17,  1.02it/s, loss=0.0238]
Epoch 22:   4%|..........| 22/585 [00:00:22<00:09:30,  0.99it/s, loss=0.0241]
Epoch 22:   5%|..........| 28/585 [00:00:28<00:09:17,  1.00it/s, loss=0.0243]
Epoch 22:   6%|..........| 34/585 [00:00:34<00:09:13,  1.00it/s, loss=0.0246]
Epoch 22:   7%|..........| 40/585 [00:00:39<00:09:00,  1.01it/s, loss=0.0267]
Epoch 22:   8%|..........| 46/585 [00:00:45<00:08:51,  1.01it/s, loss=0.0263]
Epoch 22:   9%|..........| 52/585 [00:00:51<00:08:44,  1.02it/s, loss=0.0258]
Epoch 22:  10%|..........| 57/585 [00:00:56<00:08:43,  1.01it/s, loss=0.0256]
Epoch 22:  11%|#.........| 62/585 [00:01:02<00:08:44,  1.00it/s, loss=0.0258]
Epoch 22:  12%|#.........| 68/585 [00:01:07<00:08:35,  1.00it/s, loss=0.0258]
Epoch 22:  13%|#.........| 74/585 [00:01:13<00:08:26,  1.01it/s, loss=0.0262]
Epoch 22:  14%|#.........| 79/585 [00:01:19<00:08:26,  1.00it/s, loss=0.0265]
Epoch 22:  14%|#.........| 84/585 [00:01:24<00:08:22,  1.00it/s, loss=0.0264]
Epoch 22:  15%|#.........| 89/585 [00:01:29<00:08:19,  0.99it/s, loss=0.0263]
Epoch 22:  16%|#.........| 95/585 [00:01:35<00:08:12,  1.00it/s, loss=0.0261]
Epoch 22:  17%|#.........| 101/585 [00:01:40<00:08:03,  1.00it/s, loss=0.0258]
Epoch 22:  18%|#.........| 106/585 [00:01:46<00:08:00,  1.00it/s, loss=0.0257]
Epoch 22:  19%|#.........| 112/585 [00:01:51<00:07:52,  1.00it/s, loss=0.0256]
Epoch 22:  20%|##........| 118/585 [00:01:57<00:07:44,  1.00it/s, loss=0.0254]
Epoch 22:  21%|##........| 124/585 [00:02:03<00:07:37,  1.01it/s, loss=0.0255]
Epoch 22:  22%|##........| 130/585 [00:02:08<00:07:30,  1.01it/s, loss=0.0254]
Epoch 22:  23%|##........| 136/585 [00:02:14<00:07:23,  1.01it/s, loss=0.0252]
Epoch 22:  24%|##........| 142/585 [00:02:20<00:07:17,  1.01it/s, loss=0.0251]
Epoch 22:  25%|##........| 148/585 [00:02:26<00:07:11,  1.01it/s, loss=0.0251]
Epoch 22:  26%|##........| 154/585 [00:02:31<00:07:04,  1.02it/s, loss=0.0250]
Epoch 22:  27%|##........| 160/585 [00:02:37<00:06:57,  1.02it/s, loss=0.0249]
Epoch 22:  29%|##........| 167/585 [00:02:42<00:06:47,  1.03it/s, loss=0.0248]
Epoch 22:  30%|##........| 173/585 [00:02:48<00:06:41,  1.03it/s, loss=0.0249]
Epoch 22:  31%|###.......| 179/585 [00:02:53<00:06:34,  1.03it/s, loss=0.0250]
Epoch 22:  32%|###.......| 185/585 [00:02:59<00:06:28,  1.03it/s, loss=0.0248]
Epoch 22:  33%|###.......| 191/585 [00:03:05<00:06:23,  1.03it/s, loss=0.0248]
Epoch 22:  34%|###.......| 196/585 [00:03:10<00:06:18,  1.03it/s, loss=0.0247]
Epoch 22:  34%|###.......| 201/585 [00:03:16<00:06:14,  1.03it/s, loss=0.0247]
Epoch 22:  35%|###.......| 207/585 [00:03:21<00:06:08,  1.03it/s, loss=0.0248]
Epoch 22:  36%|###.......| 213/585 [00:03:27<00:06:02,  1.03it/s, loss=0.0248]
Epoch 22:  37%|###.......| 217/585 [00:03:33<00:06:01,  1.02it/s, loss=0.0250]
Epoch 22:  38%|###.......| 223/585 [00:03:38<00:05:54,  1.02it/s, loss=0.0250]
Epoch 22:  39%|###.......| 229/585 [00:03:44<00:05:48,  1.02it/s, loss=0.0250]
Epoch 22:  40%|####......| 235/585 [00:03:49<00:05:42,  1.02it/s, loss=0.0251]
Epoch 22:  41%|####......| 240/585 [00:03:55<00:05:38,  1.02it/s, loss=0.0251]
Epoch 22:  42%|####......| 246/585 [00:04:01<00:05:32,  1.02it/s, loss=0.0251]
Epoch 22:  43%|####......| 251/585 [00:04:06<00:05:28,  1.02it/s, loss=0.0251]
Epoch 22:  44%|####......| 257/585 [00:04:12<00:05:21,  1.02it/s, loss=0.0251]
Epoch 22:  45%|####......| 261/585 [00:04:17<00:05:19,  1.01it/s, loss=0.0251]
Epoch 22:  46%|####......| 267/585 [00:04:22<00:05:13,  1.02it/s, loss=0.0251]
Epoch 22:  47%|####......| 273/585 [00:04:28<00:05:06,  1.02it/s, loss=0.0251]
Epoch 22:  48%|####......| 278/585 [00:04:33<00:05:02,  1.02it/s, loss=0.0251]
Epoch 22:  48%|####......| 283/585 [00:04:39<00:04:58,  1.01it/s, loss=0.0251]
Epoch 22:  49%|####......| 289/585 [00:04:45<00:04:51,  1.01it/s, loss=0.0251]
Epoch 22:  50%|#####.....| 294/585 [00:04:50<00:04:47,  1.01it/s, loss=0.0252]
Epoch 22:  51%|#####.....| 300/585 [00:04:55<00:04:41,  1.01it/s, loss=0.0252]
Epoch 22:  52%|#####.....| 306/585 [00:05:01<00:04:34,  1.02it/s, loss=0.0252]
Epoch 22:  53%|#####.....| 312/585 [00:05:07<00:04:29,  1.01it/s, loss=0.0252]
Epoch 22:  54%|#####.....| 317/585 [00:05:13<00:04:24,  1.01it/s, loss=0.0252]
Epoch 22:  55%|#####.....| 322/585 [00:05:18<00:04:20,  1.01it/s, loss=0.0251]
Epoch 22:  56%|#####.....| 327/585 [00:05:23<00:04:15,  1.01it/s, loss=0.0251]
Epoch 22:  57%|#####.....| 332/585 [00:05:28<00:04:10,  1.01it/s, loss=0.0252]
Epoch 22:  58%|#####.....| 338/585 [00:05:34<00:04:04,  1.01it/s, loss=0.0252]
Epoch 22:  59%|#####.....| 343/585 [00:05:40<00:03:59,  1.01it/s, loss=0.0252]
Epoch 22:  60%|#####.....| 349/585 [00:05:46<00:03:54,  1.01it/s, loss=0.0252]
Epoch 22:  61%|######....| 355/585 [00:05:51<00:03:48,  1.01it/s, loss=0.0252]
Epoch 22:  62%|######....| 361/585 [00:05:57<00:03:42,  1.01it/s, loss=0.0254]
Epoch 22:  63%|######....| 367/585 [00:06:03<00:03:35,  1.01it/s, loss=0.0254]
Epoch 22:  64%|######....| 373/585 [00:06:08<00:03:29,  1.01it/s, loss=0.0254]
Epoch 22:  65%|######....| 378/585 [00:06:14<00:03:24,  1.01it/s, loss=0.0255]
Epoch 22:  65%|######....| 383/585 [00:06:19<00:03:20,  1.01it/s, loss=0.0255]
Epoch 22:  66%|######....| 389/585 [00:06:25<00:03:14,  1.01it/s, loss=0.0254]
Epoch 22:  67%|######....| 394/585 [00:06:31<00:03:09,  1.01it/s, loss=0.0254]
Epoch 22:  68%|######....| 399/585 [00:06:37<00:03:05,  1.00it/s, loss=0.0254]
Epoch 22:  69%|######....| 404/585 [00:06:42<00:03:00,  1.00it/s, loss=0.0254]
Epoch 22:  70%|#######...| 410/585 [00:06:48<00:02:54,  1.00it/s, loss=0.0254]
Epoch 22:  71%|#######...| 415/585 [00:06:54<00:02:49,  1.00it/s, loss=0.0254]
Epoch 22:  72%|#######...| 421/585 [00:06:59<00:02:43,  1.00it/s, loss=0.0254]
Epoch 22:  73%|#######...| 426/585 [00:07:05<00:02:38,  1.00it/s, loss=0.0254]
Epoch 22:  74%|#######...| 430/585 [00:07:10<00:02:35,  1.00it/s, loss=0.0254]
Epoch 22:  74%|#######...| 435/585 [00:07:16<00:02:30,  1.00it/s, loss=0.0254]
Epoch 22:  75%|#######...| 440/585 [00:07:21<00:02:25,  1.00it/s, loss=0.0255]
Epoch 22:  76%|#######...| 445/585 [00:07:26<00:02:20,  1.00it/s, loss=0.0255]
Epoch 22:  77%|#######...| 450/585 [00:07:31<00:02:15,  1.00it/s, loss=0.0255]
Epoch 22:  78%|#######...| 455/585 [00:07:36<00:02:10,  1.00it/s, loss=0.0255]
Epoch 22:  79%|#######...| 461/585 [00:07:42<00:02:04,  1.00it/s, loss=0.0255]
Epoch 22:  80%|#######...| 466/585 [00:07:48<00:01:59,  1.00it/s, loss=0.0254]
Epoch 22:  81%|########..| 472/585 [00:07:53<00:01:53,  1.00it/s, loss=0.0254]
Epoch 22:  82%|########..| 477/585 [00:07:59<00:01:48,  0.99it/s, loss=0.0254]
Epoch 22:  82%|########..| 482/585 [00:08:04<00:01:43,  0.99it/s, loss=0.0255]
Epoch 22:  83%|########..| 488/585 [00:08:10<00:01:37,  0.99it/s, loss=0.0255]
Epoch 22:  84%|########..| 494/585 [00:08:16<00:01:31,  1.00it/s, loss=0.0255]
Epoch 22:  85%|########..| 500/585 [00:08:21<00:01:25,  1.00it/s, loss=0.0255]
Epoch 22:  86%|########..| 506/585 [00:08:27<00:01:19,  1.00it/s, loss=0.0255]
Epoch 22:  88%|########..| 512/585 [00:08:33<00:01:13,  1.00it/s, loss=0.0255]
Epoch 22:  89%|########..| 518/585 [00:08:38<00:01:07,  1.00it/s, loss=0.0255]
Epoch 22:  90%|########..| 524/585 [00:08:44<00:01:01,  1.00it/s, loss=0.0255]
Epoch 22:  90%|#########.| 529/585 [00:08:49<00:00:56,  1.00it/s, loss=0.0255]
Epoch 22:  91%|#########.| 535/585 [00:08:55<00:00:50,  1.00it/s, loss=0.0255]
Epoch 22:  92%|#########.| 541/585 [00:09:01<00:00:44,  1.00it/s, loss=0.0254]
Epoch 22:  94%|#########.| 547/585 [00:09:06<00:00:37,  1.00it/s, loss=0.0254]
Epoch 22:  95%|#########.| 553/585 [00:09:12<00:00:31,  1.00it/s, loss=0.0254]
Epoch 22:  96%|#########.| 559/585 [00:09:17<00:00:25,  1.00it/s, loss=0.0254]
Epoch 22:  97%|#########.| 565/585 [00:09:23<00:00:19,  1.00it/s, loss=0.0254]
Epoch 22:  97%|#########.| 570/585 [00:09:28<00:00:14,  1.00it/s, loss=0.0253]
Epoch 22:  98%|#########.| 575/585 [00:09:34<00:00:09,  1.00it/s, loss=0.0253]
Epoch 22:  99%|#########.| 581/585 [00:09:39<00:00:03,  1.00it/s, loss=0.0253]
Epoch 22: 100%|##########| 585/585 [00:09:43<00:00:00,  1.00it/s, loss=0.0253]
Test loss: 0.0247, Test rmsae: 7.32deg
{"event": "epoch_complete", "epoch": 22, "phase": 2, "lr": 1e-05, "batch_size": 10, "micro_batch_size": 1, "train_loss": 0.025270608092984582, "val_loss": 0.024665793520398438, "val_rmsae_deg": 7.319915786385536, "epoch_time_s": 583.8384001390077}
Epoch 23/40:
Epoch 23:   1%|..........| 6/585 [00:00:05<00:09:03,  1.07it/s, loss=0.0253]
Epoch 23:   2%|..........| 12/585 [00:00:11<00:09:09,  1.04it/s, loss=0.0233]
Epoch 23:   3%|..........| 18/585 [00:00:17<00:09:02,  1.05it/s, loss=0.0241]
Epoch 23:   4%|..........| 23/585 [00:00:22<00:09:12,  1.02it/s, loss=0.0246]
Epoch 23:   5%|..........| 29/585 [00:00:27<00:08:51,  1.05it/s, loss=0.0242]
Epoch 23:   6%|..........| 33/585 [00:00:33<00:09:13,  1.00it/s, loss=0.0252]
Epoch 23:   6%|..........| 38/585 [00:00:38<00:09:16,  0.98it/s, loss=0.0251]
Epoch 23:   8%|..........| 44/585 [00:00:44<00:09:01,  1.00it/s, loss=0.0260]
Epoch 23:   9%|..........| 50/585 [00:00:49<00:08:47,  1.02it/s, loss=0.0260]
Epoch 23:   9%|..........| 55/585 [00:00:54<00:08:45,  1.01it/s, loss=0.0260]
Epoch 23:  10%|#.........| 59/585 [00:00:59<00:08:52,  0.99it/s, loss=0.0259]
Epoch 23:  11%|#.........| 65/585 [00:01:05<00:08:43,  0.99it/s, loss=0.0257]
Epoch 23:  12%|#.........| 70/585 [00:01:11<00:08:43,  0.98it/s, loss=0.0255]
Epoch 23:  13%|#.........| 75/585 [00:01:16<00:08:42,  0.98it/s, loss=0.0255]
Epoch 23:  14%|#.........| 80/585 [00:01:22<00:08:38,  0.97it/s, loss=0.0259]
Epoch 23:  15%|#.........| 86/585 [00:01:27<00:08:29,  0.98it/s, loss=0.0258]
Epoch 23:  16%|#.........| 91/585 [00:01:33<00:08:29,  0.97it/s, loss=0.0258]
Epoch 23:  16%|#.........| 96/585 [00:01:39<00:08:28,  0.96it/s, loss=0.0260]
Epoch 23:  17%|#.........| 101/585 [00:01:45<00:08:23,  0.96it/s, loss=0.0260]
Epoch 23:  18%|#.........| 106/585 [00:01:50<00:08:19,  0.96it/s, loss=0.0260]
Epoch 23:  19%|#.........| 111/585 [00:01:55<00:08:14,  0.96it/s, loss=0.0260]
Epoch 23:  20%|#.........| 116/585 [00:02:01<00:08:09,  0.96it/s, loss=0.0261]
Epoch 23:  21%|##........| 122/585 [00:02:06<00:08:01,  0.96it/s, loss=0.0259]
Epoch 23:  22%|##........| 127/585 [00:02:12<00:07:58,  0.96it/s, loss=0.0259]
Epoch 23:  23%|##........| 132/585 [00:02:18<00:07:54,  0.96it/s, loss=0.0259]
Epoch 23:  24%|##........| 138/585 [00:02:24<00:07:46,  0.96it/s, loss=0.0259]
Epoch 23:  25%|##........| 144/585 [00:02:29<00:07:37,  0.96it/s, loss=0.0257]
Epoch 23:  26%|##........| 150/585 [00:02:35<00:07:30,  0.97it/s, loss=0.0258]
Epoch 23:  26%|##........| 155/585 [00:02:40<00:07:24,  0.97it/s, loss=0.0256]
Epoch 23:  28%|##........| 161/585 [00:02:45<00:07:15,  0.97it/s, loss=0.0255]
Epoch 23:  28%|##........| 166/585 [00:02:50<00:07:10,  0.97it/s, loss=0.0255]
Epoch 23:  29%|##........| 172/585 [00:02:56<00:07:04,  0.97it/s, loss=0.0255]
Epoch 23:  30%|###.......| 178/585 [00:03:01<00:06:56,  0.98it/s, loss=0.0255]
Epoch 23:  31%|###.......| 184/585 [00:03:08<00:06:50,  0.98it/s, loss=0.0256]
Epoch 23:  32%|###.......| 190/585 [00:03:14<00:06:44,  0.98it/s, loss=0.0255]
Epoch 23:  34%|###.......| 196/585 [00:03:19<00:06:36,  0.98it/s, loss=0.0254]
Epoch 23:  35%|###.......| 202/585 [00:03:26<00:06:30,  0.98it/s, loss=0.0254]
Epoch 23:  35%|###.......| 206/585 [00:03:31<00:06:29,  0.97it/s, loss=0.0256]
Epoch 23:  36%|###.......| 211/585 [00:03:36<00:06:24,  0.97it/s, loss=0.0256]
Epoch 23:  37%|###.......| 216/585 [00:03:42<00:06:19,  0.97it/s, loss=0.0255]
Epoch 23:  38%|###.......| 222/585 [00:03:47<00:06:12,  0.98it/s, loss=0.0254]
Epoch 23:  39%|###.......| 228/585 [00:03:53<00:06:05,  0.98it/s, loss=0.0254]
Epoch 23:  40%|####......| 234/585 [00:03:58<00:05:58,  0.98it/s, loss=0.0253]
Epoch 23:  41%|####......| 239/585 [00:04:04<00:05:54,  0.98it/s, loss=0.0253]
Epoch 23:  42%|####......| 244/585 [00:04:09<00:05:49,  0.98it/s, loss=0.0253]
Epoch 23:  43%|####......| 250/585 [00:04:15<00:05:41,  0.98it/s, loss=0.0252]
Epoch 23:  44%|####......| 256/585 [00:04:20<00:05:35,  0.98it/s, loss=0.0252]
Epoch 23:  45%|####......| 262/585 [00:04:27<00:05:29,  0.98it/s, loss=0.0252]
Epoch 23:  46%|####......| 267/585 [00:04:32<00:05:24,  0.98it/s, loss=0.0252]
Epoch 23:  47%|####......| 273/585 [00:04:37<00:05:17,  0.98it/s, loss=0.0251]
Epoch 23:  48%|####......| 279/585 [00:04:43<00:05:10,  0.99it/s, loss=0.0251]
Epoch 23:  49%|####......| 285/585 [00:04:48<00:05:03,  0.99it/s, loss=0.0251]
Epoch 23:  50%|####......| 290/585 [00:04:54<00:04:59,  0.99it/s, loss=0.0251]
Epoch 23:  50%|#####.....| 295/585 [00:05:00<00:04:55,  0.98it/s, loss=0.0252]
Epoch 23:  51%|#####.....| 300/585 [00:05:06<00:04:50,  0.98it/s, loss=0.0253]
Epoch 23:  52%|#####.....| 305/585 [00:05:11<00:04:45,  0.98it/s, loss=0.0254]
Epoch 23:  53%|#####.....| 311/585 [00:05:16<00:04:39,  0.98it/s, loss=0.0253]
Epoch 23:  54%|#####.....| 315/585 [00:05:22<00:04:36,  0.98it/s, loss=0.0253]
Epoch 23:  55%|#####.....| 321/585 [00:05:27<00:04:29,  0.98it/s, loss=0.0252]
Epoch 23:  56%|#####.....| 326/585 [00:05:32<00:04:24,  0.98it/s, loss=0.0252]
Epoch 23:  57%|#####.....| 332/585 [00:05:38<00:04:17,  0.98it/s, loss=0.0251]
Epoch 23:  58%|#####.....| 338/585 [00:05:43<00:04:11,  0.98it/s, loss=0.0251]
Epoch 23:  59%|#####.....| 344/585 [00:05:49<00:04:04,  0.98it/s, loss=0.0251]
Epoch 23:  60%|#####.....| 350/585 [00:05:54<00:03:58,  0.99it/s, loss=0.0250]
Epoch 23:  61%|######....| 355/585 [00:06:00<00:03:53,  0.99it/s, loss=0.0251]
Epoch 23:  62%|######....| 360/585 [00:06:05<00:03:48,  0.99it/s, loss=0.0251]
Epoch 23:  63%|######....| 366/585 [00:06:10<00:03:41,  0.99it/s, loss=0.0253]
Epoch 23:  64%|######....| 372/585 [00:06:16<00:03:35,  0.99it/s, loss=0.0252]
Epoch 23:  65%|######....| 378/585 [00:06:22<00:03:29,  0.99it/s, loss=0.0252]
Epoch 23:  65%|######....| 383/585 [00:06:27<00:03:24,  0.99it/s, loss=0.0252]
Epoch 23:  66%|######....| 389/585 [00:06:32<00:03:17,  0.99it/s, loss=0.0252]
Epoch 23:  67%|######....| 393/585 [00:06:38<00:03:14,  0.99it/s, loss=0.0254]
Epoch 23:  68%|######....| 398/585 [00:06:43<00:03:09,  0.99it/s, loss=0.0254]
Epoch 23:  69%|######....| 403/585 [00:06:48<00:03:04,  0.99it/s, loss=0.0254]
Epoch 23:  70%|######....| 409/585 [00:06:54<00:02:58,  0.99it/s, loss=0.0254]
Epoch 23:  71%|#######...| 414/585 [00:07:00<00:02:53,  0.99it/s, loss=0.0254]
Epoch 23:  72%|#######...| 420/585 [00:07:05<00:02:47,  0.99it/s, loss=0.0254]
Epoch 23:  73%|#######...| 425/585 [00:07:11<00:02:42,  0.98it/s, loss=0.0254]
Epoch 23:  74%|#######...| 431/585 [00:07:17<00:02:36,  0.99it/s, loss=0.0254]
Epoch 23:  75%|#######...| 436/585 [00:07:22<00:02:31,  0.98it/s, loss=0.0254]
Epoch 23:  76%|#######...| 442/585 [00:07:28<00:02:25,  0.98it/s, loss=0.0254]
Epoch 23:  77%|#######...| 448/585 [00:07:34<00:02:18,  0.99it/s, loss=0.0254]
Epoch 23:  77%|#######...| 453/585 [00:07:39<00:02:13,  0.99it/s, loss=0.0254]
Epoch 23:  78%|#######...| 458/585 [00:07:44<00:02:08,  0.99it/s, loss=0.0254]
Epoch 23:  79%|#######...| 463/585 [00:07:50<00:02:03,  0.98it/s, loss=0.0254]
Epoch 23:  80%|########..| 469/585 [00:07:55<00:01:57,  0.99it/s, loss=0.0254]
Epoch 23:  81%|########..| 475/585 [00:08:01<00:01:51,  0.99it/s, loss=0.0254]
Epoch 23:  82%|########..| 480/585 [00:08:06<00:01:46,  0.99it/s, loss=0.0254]
Epoch 23:  83%|########..| 485/585 [00:08:12<00:01:41,  0.98it/s, loss=0.0254]
Epoch 23:  84%|########..| 491/585 [00:08:18<00:01:35,  0.98it/s, loss=0.0254]
Epoch 23:  85%|########..| 497/585 [00:08:24<00:01:29,  0.98it/s, loss=0.0254]
Epoch 23:  86%|########..| 502/585 [00:08:30<00:01:24,  0.98it/s, loss=0.0254]
Epoch 23:  87%|########..| 508/585 [00:08:35<00:01:18,  0.99it/s, loss=0.0254]
Epoch 23:  88%|########..| 513/585 [00:08:40<00:01:13,  0.99it/s, loss=0.0255]
Epoch 23:  89%|########..| 519/585 [00:08:46<00:01:06,  0.99it/s, loss=0.0254]
Epoch 23:  90%|########..| 525/585 [00:08:52<00:01:00,  0.99it/s, loss=0.0260]
Epoch 23:  91%|#########.| 530/585 [00:08:57<00:00:55,  0.99it/s, loss=0.0260]
Epoch 23:  92%|#########.| 536/585 [00:09:02<00:00:49,  0.99it/s, loss=0.0261]
Epoch 23:  93%|#########.| 542/585 [00:09:08<00:00:43,  0.99it/s, loss=0.0260]
Epoch 23:  94%|#########.| 548/585 [00:09:14<00:00:37,  0.99it/s, loss=0.0260]
Epoch 23:  95%|#########.| 553/585 [00:09:19<00:00:32,  0.99it/s, loss=0.0261]
Epoch 23:  96%|#########.| 559/585 [00:09:25<00:00:26,  0.99it/s, loss=0.0260]
Epoch 23:  96%|#########.| 564/585 [00:09:30<00:00:21,  0.99it/s, loss=0.0260]
Epoch 23:  97%|#########.| 570/585 [00:09:36<00:00:15,  0.99it/s, loss=0.0260]
Epoch 23:  98%|#########.| 576/585 [00:09:42<00:00:09,  0.99it/s, loss=0.0260]
Epoch 23:  99%|#########.| 581/585 [00:09:47<00:00:04,  0.99it/s, loss=0.0260]
Epoch 23: 100%|##########| 585/585 [00:09:52<00:00:00,  0.99it/s, loss=0.0260]
Test loss: 0.0247, Test rmsae: 7.41deg
{"event": "epoch_complete", "epoch": 23, "phase": 2, "lr": 1e-05, "batch_size": 10, "micro_batch_size": 1, "train_loss": 0.02602411744972834, "val_loss": 0.024673785432241857, "val_rmsae_deg": 7.405068024992943, "epoch_time_s": 593.0387221259298}
Epoch 24/40:
Epoch 24:   1%|..........| 6/585 [00:00:06<00:10:27,  0.92it/s, loss=0.0306]
Epoch 24:   2%|..........| 12/585 [00:00:12<00:09:43,  0.98it/s, loss=0.0273]
Epoch 24:   3%|..........| 18/585 [00:00:17<00:09:25,  1.00it/s, loss=0.0264]
Epoch 24:   4%|..........| 24/585 [00:00:23<00:09:14,  1.01it/s, loss=0.0261]
Epoch 24:   5%|..........| 30/585 [00:00:28<00:08:56,  1.03it/s, loss=0.0257]
Epoch 24:   6%|..........| 36/585 [00:00:34<00:08:49,  1.04it/s, loss=0.0257]
Epoch 24:   7%|..........| 41/585 [00:00:39<00:08:47,  1.03it/s, loss=0.0259]
Epoch 24:   8%|..........| 47/585 [00:00:45<00:08:36,  1.04it/s, loss=0.0257]
Epoch 24:   9%|..........| 52/585 [00:00:50<00:08:39,  1.03it/s, loss=0.0256]
Epoch 24:  10%|..........| 57/585 [00:00:56<00:08:40,  1.01it/s, loss=0.0260]
Epoch 24:  11%|#.........| 62/585 [00:01:01<00:08:36,  1.01it/s, loss=0.0261]
Epoch 24:  11%|#.........| 67/585 [00:01:06<00:08:32,  1.01it/s, loss=0.0260]
Epoch 24:  12%|#.........| 73/585 [00:01:12<00:08:28,  1.01it/s, loss=0.0257]
Epoch 24:  14%|#.........| 79/585 [00:01:18<00:08:19,  1.01it/s, loss=0.0256]
Epoch 24:  14%|#.........| 84/585 [00:01:23<00:08:18,  1.00it/s, loss=0.0256]
Epoch 24:  15%|#.........| 90/585 [00:01:29<00:08:10,  1.01it/s, loss=0.0258]
Epoch 24:  16%|#.........| 96/585 [00:01:34<00:08:02,  1.01it/s, loss=0.0257]
Epoch 24:  17%|#.........| 100/585 [00:01:39<00:08:04,  1.00it/s, loss=0.0256]
Epoch 24:  18%|#.........| 105/585 [00:01:45<00:08:03,  0.99it/s, loss=0.0256]
Epoch 24:  19%|#.........| 111/585 [00:01:51<00:07:57,  0.99it/s, loss=0.0254]
Epoch 24:  20%|##........| 117/585 [00:01:57<00:07:51,  0.99it/s, loss=0.0253]
Epoch 24:  21%|##........| 122/585 [00:02:03<00:07:48,  0.99it/s, loss=0.0253]
Epoch 24:  22%|##........| 127/585 [00:02:08<00:07:44,  0.99it/s, loss=0.0254]
Epoch 24:  23%|##........| 133/585 [00:02:14<00:07:36,  0.99it/s, loss=0.0255]
Epoch 24:  24%|##........| 139/585 [00:02:19<00:07:29,  0.99it/s, loss=0.0254]
Epoch 24:  24%|##........| 143/585 [00:02:25<00:07:28,  0.99it/s, loss=0.0255]
Epoch 24:  25%|##........| 149/585 [00:02:31<00:07:23,  0.98it/s, loss=0.0255]
Epoch 24:  26%|##........| 155/585 [00:02:37<00:07:16,  0.99it/s, loss=0.0255]
Epoch 24:  28%|##........| 161/585 [00:02:42<00:07:08,  0.99it/s, loss=0.0255]
Epoch 24:  28%|##........| 166/585 [00:02:47<00:07:03,  0.99it/s, loss=0.0255]
Epoch 24:  29%|##........| 172/585 [00:02:53<00:06:55,  0.99it/s, loss=0.0255]
Epoch 24:  30%|###.......| 178/585 [00:02:58<00:06:48,  1.00it/s, loss=0.0254]
Epoch 24:  31%|###.......| 183/585 [00:03:04<00:06:44,  0.99it/s, loss=0.0253]
Epoch 24:  32%|###.......| 188/585 [00:03:09<00:06:39,  0.99it/s, loss=0.0253]
Epoch 24:  33%|###.......| 194/585 [00:03:15<00:06:33,  0.99it/s, loss=0.0252]
Epoch 24:  34%|###.......| 200/585 [00:03:21<00:06:27,  0.99it/s, loss=0.0252]
Epoch 24:  35%|###.......| 205/585 [00:03:26<00:06:22,  0.99it/s, loss=0.0252]
Epoch 24:  36%|###.......| 211/585 [00:03:32<00:06:16,  0.99it/s, loss=0.0251]
Epoch 24:  37%|###.......| 217/585 [00:03:38<00:06:10,  0.99it/s, loss=0.0251]
Epoch 24:  38%|###.......| 222/585 [00:03:43<00:06:06,  0.99it/s, loss=0.0250]
Epoch 24:  39%|###.......| 227/585 [00:03:49<00:06:01,  0.99it/s, loss=0.0251]
Epoch 24:  39%|###.......| 231/585 [00:03:55<00:06:00,  0.98it/s, loss=0.0250]
Epoch 24:  40%|####......| 236/585 [00:04:01<00:05:56,  0.98it/s, loss=0.0251]
Epoch 24:  41%|####......| 242/585 [00:04:06<00:05:49,  0.98it/s, loss=0.0252]
Epoch 24:  42%|####......| 248/585 [00:04:12<00:05:42,  0.98it/s, loss=0.0253]
Epoch 24:  43%|####......| 254/585 [00:04:17<00:05:35,  0.99it/s, loss=0.0252]
Epoch 24:  44%|####......| 260/585 [00:04:23<00:05:29,  0.99it/s, loss=0.0253]
Epoch 24:  45%|####......| 266/585 [00:04:28<00:05:22,  0.99it/s, loss=0.0252]
Epoch 24:  46%|####......| 272/585 [00:04:34<00:05:15,  0.99it/s, loss=0.0252]
Epoch 24:  48%|####......| 278/585 [00:04:39<00:05:08,  0.99it/s, loss=0.0252]
Epoch 24:  48%|####......| 283/585 [00:04:45<00:05:04,  0.99it/s, loss=0.0253]
Epoch 24:  49%|####......| 289/585 [00:04:50<00:04:57,  0.99it/s, loss=0.0253]
Epoch 24:  50%|#####.....| 295/585 [00:04:56<00:04:51,  0.99it/s, loss=0.0253]
Epoch 24:  51%|#####.....| 301/585 [00:05:02<00:04:45,  1.00it/s, loss=0.0252]
Epoch 24:  52%|#####.....| 307/585 [00:05:07<00:04:38,  1.00it/s, loss=0.0252]
Epoch 24:  54%|#####.....| 313/585 [00:05:13<00:04:32,  1.00it/s, loss=0.0252]
Epoch 24:  54%|#####.....| 318/585 [00:05:18<00:04:27,  1.00it/s, loss=0.0252]
Epoch 24:  55%|#####.....| 324/585 [00:05:24<00:04:21,  1.00it/s, loss=0.0251]
Epoch 24:  56%|#####.....| 329/585 [00:05:30<00:04:16,  1.00it/s, loss=0.0251]
Epoch 24:  57%|#####.....| 334/585 [00:05:35<00:04:12,  0.99it/s, loss=0.0251]
Epoch 24:  58%|#####.....| 339/585 [00:05:41<00:04:07,  0.99it/s, loss=0.0251]
Epoch 24:  59%|#####.....| 345/585 [00:05:47<00:04:01,  0.99it/s, loss=0.0251]
Epoch 24:  60%|######....| 351/585 [00:05:53<00:03:55,  0.99it/s, loss=0.0250]
Epoch 24:  61%|######....| 357/585 [00:05:58<00:03:49,  1.00it/s, loss=0.0250]
Epoch 24:  62%|######....| 363/585 [00:06:04<00:03:42,  1.00it/s, loss=0.0250]
Epoch 24:  63%|######....| 368/585 [00:06:09<00:03:38,  0.99it/s, loss=0.0250]
Epoch 24:  64%|######....| 373/585 [00:06:15<00:03:33,  0.99it/s, loss=0.0250]
Epoch 24:  65%|######....| 378/585 [00:06:20<00:03:28,  0.99it/s, loss=0.0250]
Epoch 24:  65%|######....| 383/585 [00:06:25<00:03:23,  0.99it/s, loss=0.0250]
Epoch 24:  66%|######....| 389/585 [00:06:31<00:03:17,  0.99it/s, loss=0.0252]
Epoch 24:  67%|######....| 394/585 [00:06:36<00:03:12,  0.99it/s, loss=0.0252]
Epoch 24:  68%|######....| 399/585 [00:06:41<00:03:07,  0.99it/s, loss=0.0252]
Epoch 24:  69%|######....| 405/585 [00:06:47<00:03:00,  0.99it/s, loss=0.0252]
Epoch 24:  70%|#######...| 411/585 [00:06:53<00:02:54,  1.00it/s, loss=0.0252]
Epoch 24:  71%|#######...| 416/585 [00:06:58<00:02:49,  0.99it/s, loss=0.0252]
Epoch 24:  72%|#######...| 421/585 [00:07:03<00:02:44,  0.99it/s, loss=0.0252]
Epoch 24:  73%|#######...| 426/585 [00:07:08<00:02:39,  0.99it/s, loss=0.0253]
Epoch 24:  74%|#######...| 432/585 [00:07:13<00:02:33,  1.00it/s, loss=0.0252]
Epoch 24:  75%|#######...| 438/585 [00:07:19<00:02:27,  1.00it/s, loss=0.0252]
Epoch 24:  76%|#######...| 444/585 [00:07:25<00:02:21,  1.00it/s, loss=0.0252]
Epoch 24:  77%|#######...| 449/585 [00:07:30<00:02:16,  1.00it/s, loss=0.0252]
Epoch 24:  78%|#######...| 455/585 [00:07:36<00:02:10,  1.00it/s, loss=0.0253]
Epoch 24:  79%|#######...| 460/585 [00:07:41<00:02:05,  1.00it/s, loss=0.0252]
Epoch 24:  80%|#######...| 466/585 [00:07:46<00:01:59,  1.00it/s, loss=0.0252]
Epoch 24:  81%|########..| 471/585 [00:07:52<00:01:54,  1.00it/s, loss=0.0252]
Epoch 24:  81%|########..| 476/585 [00:07:57<00:01:49,  1.00it/s, loss=0.0252]
Epoch 24:  82%|########..| 481/585 [00:08:02<00:01:44,  1.00it/s, loss=0.0252]
Epoch 24:  83%|########..| 486/585 [00:08:08<00:01:39,  1.00it/s, loss=0.0252]
Epoch 24:  84%|########..| 492/585 [00:08:13<00:01:33,  1.00it/s, loss=0.0252]
Epoch 24:  85%|########..| 497/585 [00:08:19<00:01:28,  1.00it/s, loss=0.0252]
Epoch 24:  86%|########..| 502/585 [00:08:24<00:01:23,  1.00it/s, loss=0.0253]
Epoch 24:  87%|########..| 508/585 [00:08:30<00:01:17,  1.00it/s, loss=0.0253]
Epoch 24:  88%|########..| 514/585 [00:08:35<00:01:11,  1.00it/s, loss=0.0253]
Epoch 24:  89%|########..| 519/585 [00:08:41<00:01:06,  1.00it/s, loss=0.0254]
Epoch 24:  90%|########..| 525/585 [00:08:46<00:01:00,  1.00it/s, loss=0.0253]
Epoch 24:  91%|#########.| 531/585 [00:08:53<00:00:54,  1.00it/s, loss=0.0253]
Epoch 24:  92%|#########.| 536/585 [00:08:58<00:00:49,  1.00it/s, loss=0.0253]
Epoch 24:  92%|#########.| 541/585 [00:09:03<00:00:44,  0.99it/s, loss=0.0253]
Epoch 24:  93%|#########.| 546/585 [00:09:09<00:00:39,  0.99it/s, loss=0.0253]
Epoch 24:  94%|#########.| 551/585 [00:09:14<00:00:34,  0.99it/s, loss=0.0254]
Epoch 24:  95%|#########.| 556/585 [00:09:19<00:00:29,  0.99it/s, loss=0.0254]
Epoch 24:  96%|#########.| 562/585 [00:09:25<00:00:23,  0.99it/s, loss=0.0254]
Epoch 24:  97%|#########.| 566/585 [00:09:30<00:00:19,  0.99it/s, loss=0.0254]
Epoch 24:  98%|#########.| 571/585 [00:09:36<00:00:14,  0.99it/s, loss=0.0254]
Epoch 24:  98%|#########.| 576/585 [00:09:41<00:00:09,  0.99it/s, loss=0.0254]
Epoch 24:  99%|#########.| 581/585 [00:09:46<00:00:04,  0.99it/s, loss=0.0254]
Epoch 24: 100%|##########| 585/585 [00:09:50<00:00:00,  0.99it/s, loss=0.0255]
Test loss: 0.0247, Test rmsae: 7.46deg
{"event": "epoch_complete", "epoch": 24, "phase": 2, "lr": 1e-05, "batch_size": 10, "micro_batch_size": 1, "train_loss": 0.025457012809367262, "val_loss": 0.024683896685019135, "val_rmsae_deg": 7.458753898739815, "epoch_time_s": 591.3029685979709}
Epoch 25/40:
Epoch 25:   1%|..........| 6/585 [00:00:05<00:09:22,  1.03it/s, loss=0.0251]
Epoch 25:   2%|..........| 12/585 [00:00:11<00:08:58,  1.06it/s, loss=0.0242]
Epoch 25:   3%|..........| 18/585 [00:00:16<00:08:52,  1.06it/s, loss=0.0235]
Epoch 25:   4%|..........| 23/585 [00:00:22<00:09:08,  1.02it/s, loss=0.0231]
Epoch 25:   5%|..........| 29/585 [00:00:28<00:08:58,  1.03it/s, loss=0.0231]
Epoch 25:   6%|..........| 34/585 [00:00:33<00:08:58,  1.02it/s, loss=0.0236]
Epoch 25:   7%|..........| 40/585 [00:00:39<00:08:55,  1.02it/s, loss=0.0241]
Epoch 25:   8%|..........| 46/585 [00:00:44<00:08:45,  1.03it/s, loss=0.0243]
Epoch 25:   9%|..........| 51/585 [00:00:50<00:08:43,  1.02it/s, loss=0.0240]
Epoch 25:  10%|..........| 57/585 [00:00:55<00:08:34,  1.03it/s, loss=0.0242]
Epoch 25:  11%|#.........| 63/585 [00:01:01<00:08:29,  1.02it/s, loss=0.0240]
Epoch 25:  12%|#.........| 69/585 [00:01:07<00:08:22,  1.03it/s, loss=0.0238]
Epoch 25:  13%|#.........| 75/585 [00:01:13<00:08:17,  1.03it/s, loss=0.0240]
Epoch 25:  14%|#.........| 81/585 [00:01:18<00:08:07,  1.03it/s, loss=0.0242]
Epoch 25:  15%|#.........| 86/585 [00:01:23<00:08:06,  1.02it/s, loss=0.0249]
Epoch 25:  16%|#.........| 91/585 [00:01:29<00:08:06,  1.01it/s, loss=0.0250]
Epoch 25:  17%|#.........| 97/585 [00:01:34<00:07:57,  1.02it/s, loss=0.0248]
Epoch 25:  17%|#.........| 102/585 [00:01:40<00:07:54,  1.02it/s, loss=0.0252]
Epoch 25:  18%|#.........| 107/585 [00:01:45<00:07:53,  1.01it/s, loss=0.0253]
Epoch 25:  19%|#.........| 113/585 [00:01:51<00:07:47,  1.01it/s, loss=0.0252]
Epoch 25:  20%|##........| 119/585 [00:01:57<00:07:39,  1.01it/s, loss=0.0251]
Epoch 25:  21%|##........| 125/585 [00:02:03<00:07:32,  1.02it/s, loss=0.0251]
Epoch 25:  22%|##........| 131/585 [00:02:08<00:07:26,  1.02it/s, loss=0.0249]
Epoch 25:  23%|##........| 137/585 [00:02:14<00:07:19,  1.02it/s, loss=0.0249]
Epoch 25:  24%|##........| 143/585 [00:02:20<00:07:13,  1.02it/s, loss=0.0246]
Epoch 25:  25%|##........| 148/585 [00:02:26<00:07:11,  1.01it/s, loss=0.0248]
Epoch 25:  26%|##........| 153/585 [00:02:31<00:07:07,  1.01it/s, loss=0.0248]
Epoch 25:  27%|##........| 159/585 [00:02:37<00:07:00,  1.01it/s, loss=0.0249]
Epoch 25:  28%|##........| 165/585 [00:02:43<00:06:55,  1.01it/s, loss=0.0253]
Epoch 25:  29%|##........| 170/585 [00:02:48<00:06:51,  1.01it/s, loss=0.0253]
Epoch 25:  30%|##........| 175/585 [00:02:53<00:06:47,  1.01it/s, loss=0.0251]
Epoch 25:  31%|###.......| 181/585 [00:02:59<00:06:40,  1.01it/s, loss=0.0251]
Epoch 25:  32%|###.......| 186/585 [00:03:04<00:06:36,  1.01it/s, loss=0.0250]
Epoch 25:  33%|###.......| 191/585 [00:03:10<00:06:32,  1.00it/s, loss=0.0250]
Epoch 25:  34%|###.......| 196/585 [00:03:15<00:06:27,  1.00it/s, loss=0.0250]
Epoch 25:  34%|###.......| 201/585 [00:03:20<00:06:23,  1.00it/s, loss=0.0250]
Epoch 25:  35%|###.......| 207/585 [00:03:26<00:06:17,  1.00it/s, loss=0.0249]
Epoch 25:  36%|###.......| 213/585 [00:03:32<00:06:10,  1.00it/s, loss=0.0248]
Epoch 25:  37%|###.......| 218/585 [00:03:37<00:06:05,  1.00it/s, loss=0.0248]
Epoch 25:  38%|###.......| 224/585 [00:03:43<00:05:59,  1.00it/s, loss=0.0248]
Epoch 25:  39%|###.......| 229/585 [00:03:48<00:05:55,  1.00it/s, loss=0.0247]
Epoch 25:  40%|####......| 235/585 [00:03:54<00:05:49,  1.00it/s, loss=0.0247]
Epoch 25:  41%|####......| 241/585 [00:03:59<00:05:42,  1.01it/s, loss=0.0247]
Epoch 25:  42%|####......| 247/585 [00:04:05<00:05:35,  1.01it/s, loss=0.0247]
Epoch 25:  43%|####......| 252/585 [00:04:10<00:05:31,  1.01it/s, loss=0.0247]
Epoch 25:  44%|####......| 258/585 [00:04:16<00:05:25,  1.01it/s, loss=0.0248]
Epoch 25:  45%|####......| 264/585 [00:04:22<00:05:18,  1.01it/s, loss=0.0248]
Epoch 25:  46%|####......| 269/585 [00:04:27<00:05:14,  1.01it/s, loss=0.0249]
Epoch 25:  47%|####......| 274/585 [00:04:32<00:05:09,  1.01it/s, loss=0.0249]
Epoch 25:  48%|####......| 280/585 [00:04:38<00:05:03,  1.01it/s, loss=0.0248]
Epoch 25:  49%|####......| 285/585 [00:04:43<00:04:58,  1.01it/s, loss=0.0248]
Epoch 25:  50%|####......| 291/585 [00:04:49<00:04:52,  1.00it/s, loss=0.0249]
Epoch 25:  51%|#####.....| 296/585 [00:04:54<00:04:47,  1.00it/s, loss=0.0249]
Epoch 25:  52%|#####.....| 302/585 [00:05:00<00:04:41,  1.01it/s, loss=0.0249]
Epoch 25:  53%|#####.....| 308/585 [00:05:05<00:04:35,  1.01it/s, loss=0.0248]
Epoch 25:  54%|#####.....| 314/585 [00:05:11<00:04:29,  1.01it/s, loss=0.0248]
Epoch 25:  55%|#####.....| 320/585 [00:05:16<00:04:22,  1.01it/s, loss=0.0248]
Epoch 25:  56%|#####.....| 325/585 [00:05:22<00:04:17,  1.01it/s, loss=0.0248]
Epoch 25:  56%|#####.....| 330/585 [00:05:27<00:04:13,  1.01it/s, loss=0.0248]
Epoch 25:  57%|#####.....| 336/585 [00:05:33<00:04:07,  1.01it/s, loss=0.0247]
Epoch 25:  58%|#####.....| 342/585 [00:05:39<00:04:00,  1.01it/s, loss=0.0247]
Epoch 25:  59%|#####.....| 347/585 [00:05:44<00:03:56,  1.01it/s, loss=0.0247]
Epoch 25:  60%|######....| 353/585 [00:05:49<00:03:49,  1.01it/s, loss=0.0248]
Epoch 25:  61%|######....| 358/585 [00:05:56<00:03:45,  1.01it/s, loss=0.0249]
Epoch 25:  62%|######....| 364/585 [00:06:01<00:03:39,  1.01it/s, loss=0.0249]
Epoch 25:  63%|######....| 369/585 [00:06:07<00:03:34,  1.01it/s, loss=0.0253]
Epoch 25:  64%|######....| 374/585 [00:06:12<00:03:30,  1.00it/s, loss=0.0254]
Epoch 25:  65%|######....| 380/585 [00:06:17<00:03:23,  1.01it/s, loss=0.0253]
Epoch 25:  66%|######....| 386/585 [00:06:23<00:03:17,  1.01it/s, loss=0.0255]
Epoch 25:  67%|######....| 392/585 [00:06:29<00:03:11,  1.01it/s, loss=0.0254]
Epoch 25:  68%|######....| 397/585 [00:06:34<00:03:06,  1.01it/s, loss=0.0254]
Epoch 25:  69%|######....| 403/585 [00:06:40<00:03:00,  1.01it/s, loss=0.0254]
Epoch 25:  70%|######....| 409/585 [00:06:45<00:02:54,  1.01it/s, loss=0.0254]
Epoch 25:  71%|#######...| 414/585 [00:06:51<00:02:49,  1.01it/s, loss=0.0254]
Epoch 25:  72%|#######...| 419/585 [00:06:56<00:02:45,  1.01it/s, loss=0.0253]
Epoch 25:  72%|#######...| 424/585 [00:07:01<00:02:40,  1.00it/s, loss=0.0254]
Epoch 25:  73%|#######...| 429/585 [00:07:07<00:02:35,  1.00it/s, loss=0.0254]
Epoch 25:  74%|#######...| 434/585 [00:07:12<00:02:30,  1.00it/s, loss=0.0258]
Epoch 25:  75%|#######...| 439/585 [00:07:18<00:02:25,  1.00it/s, loss=0.0259]
Epoch 25:  76%|#######...| 444/585 [00:07:23<00:02:20,  1.00it/s, loss=0.0259]
Epoch 25:  77%|#######...| 449/585 [00:07:28<00:02:15,  1.00it/s, loss=0.0259]
Epoch 25:  78%|#######...| 455/585 [00:07:34<00:02:09,  1.00it/s, loss=0.0259]
Epoch 25:  79%|#######...| 461/585 [00:07:40<00:02:03,  1.00it/s, loss=0.0258]
Epoch 25:  80%|#######...| 467/585 [00:07:46<00:01:57,  1.00it/s, loss=0.0258]
Epoch 25:  81%|########..| 472/585 [00:07:51<00:01:52,  1.00it/s, loss=0.0258]
Epoch 25:  82%|########..| 478/585 [00:07:57<00:01:46,  1.00it/s, loss=0.0258]
Epoch 25:  83%|########..| 483/585 [00:08:02<00:01:41,  1.00it/s, loss=0.0259]
Epoch 25:  83%|########..| 488/585 [00:08:07<00:01:36,  1.00it/s, loss=0.0259]
Epoch 25:  84%|########..| 494/585 [00:08:13<00:01:30,  1.00it/s, loss=0.0259]
Epoch 25:  85%|########..| 500/585 [00:08:18<00:01:24,  1.00it/s, loss=0.0258]
Epoch 25:  86%|########..| 506/585 [00:08:24<00:01:18,  1.00it/s, loss=0.0258]
Epoch 25:  87%|########..| 511/585 [00:08:29<00:01:13,  1.00it/s, loss=0.0257]
Epoch 25:  88%|########..| 516/585 [00:08:34<00:01:08,  1.00it/s, loss=0.0257]
Epoch 25:  89%|########..| 522/585 [00:08:40<00:01:02,  1.00it/s, loss=0.0257]
Epoch 25:  90%|#########.| 528/585 [00:08:45<00:00:56,  1.00it/s, loss=0.0257]
Epoch 25:  91%|#########.| 534/585 [00:08:51<00:00:50,  1.00it/s, loss=0.0257]
Epoch 25:  92%|#########.| 540/585 [00:08:57<00:00:44,  1.00it/s, loss=0.0257]
Epoch 25:  93%|#########.| 544/585 [00:09:03<00:00:40,  1.00it/s, loss=0.0257]
Epoch 25:  94%|#########.| 549/585 [00:09:08<00:00:35,  1.00it/s, loss=0.0256]
Epoch 25:  95%|#########.| 554/585 [00:09:13<00:00:30,  1.00it/s, loss=0.0257]
Epoch 25:  96%|#########.| 560/585 [00:09:18<00:00:24,  1.00it/s, loss=0.0256]
Epoch 25:  97%|#########.| 565/585 [00:09:23<00:00:19,  1.00it/s, loss=0.0256]
Epoch 25:  97%|#########.| 570/585 [00:09:28<00:00:14,  1.00it/s, loss=0.0256]
Epoch 25:  98%|#########.| 576/585 [00:09:34<00:00:08,  1.00it/s, loss=0.0256]
Epoch 25:  99%|#########.| 582/585 [00:09:40<00:00:02,  1.00it/s, loss=0.0256]
Epoch 25: 100%|##########| 585/585 [00:09:43<00:00:00,  1.00it/s, loss=0.0256]
Test loss: 0.0247, Test rmsae: 7.47deg
{"event": "epoch_complete", "epoch": 25, "phase": 2, "lr": 1e-05, "batch_size": 10, "micro_batch_size": 1, "train_loss": 0.02564812975211276, "val_loss": 0.02467378947767429, "val_rmsae_deg": 7.4668488800525665, "epoch_time_s": 584.6652977839112}
Epoch 26/40:
Epoch 26:   1%|..........| 5/585 [00:00:05<00:10:11,  0.95it/s, loss=0.0259]
Epoch 26:   2%|..........| 10/585 [00:00:10<00:10:31,  0.91it/s, loss=0.0311]
Epoch 26:   3%|..........| 15/585 [00:00:16<00:10:14,  0.93it/s, loss=0.0297]
Epoch 26:   4%|..........| 21/585 [00:00:22<00:09:55,  0.95it/s, loss=0.0294]
Epoch 26:   4%|..........| 26/585 [00:00:27<00:09:52,  0.94it/s, loss=0.0288]
Epoch 26:   5%|..........| 32/585 [00:00:33<00:09:34,  0.96it/s, loss=0.0280]
Epoch 26:   6%|..........| 38/585 [00:00:39<00:09:21,  0.97it/s, loss=0.0276]
Epoch 26:   7%|..........| 43/585 [00:00:44<00:09:18,  0.97it/s, loss=0.0284]
Epoch 26:   8%|..........| 48/585 [00:00:50<00:09:20,  0.96it/s, loss=0.0278]
Epoch 26:   9%|..........| 54/585 [00:00:55<00:09:09,  0.97it/s, loss=0.0286]
Epoch 26:  10%|#.........| 59/585 [00:01:01<00:09:09,  0.96it/s, loss=0.0283]
Epoch 26:  11%|#.........| 64/585 [00:01:06<00:09:03,  0.96it/s, loss=0.0278]
Epoch 26:  12%|#.........| 69/585 [00:01:12<00:08:59,  0.96it/s, loss=0.0278]
Epoch 26:  13%|#.........| 74/585 [00:01:17<00:08:52,  0.96it/s, loss=0.0274]
Epoch 26:  14%|#.........| 79/585 [00:01:22<00:08:48,  0.96it/s, loss=0.0272]
Epoch 26:  14%|#.........| 84/585 [00:01:28<00:08:45,  0.95it/s, loss=0.0269]
Epoch 26:  15%|#.........| 90/585 [00:01:33<00:08:36,  0.96it/s, loss=0.0270]
Epoch 26:  16%|#.........| 96/585 [00:01:39<00:08:25,  0.97it/s, loss=0.0269]
Epoch 26:  17%|#.........| 101/585 [00:01:45<00:08:24,  0.96it/s, loss=0.0268]
Epoch 26:  18%|#.........| 107/585 [00:01:50<00:08:14,  0.97it/s, loss=0.0270]
Epoch 26:  19%|#.........| 113/585 [00:01:56<00:08:06,  0.97it/s, loss=0.0270]
Epoch 26:  20%|##........| 118/585 [00:02:01<00:08:02,  0.97it/s, loss=0.0269]
Epoch 26:  21%|##........| 124/585 [00:02:07<00:07:52,  0.98it/s, loss=0.0266]
Epoch 26:  22%|##........| 130/585 [00:02:12<00:07:44,  0.98it/s, loss=0.0265]
Epoch 26:  23%|##........| 136/585 [00:02:18<00:07:35,  0.99it/s, loss=0.0263]
Epoch 26:  24%|##........| 142/585 [00:02:23<00:07:26,  0.99it/s, loss=0.0262]
Epoch 26:  25%|##........| 148/585 [00:02:28<00:07:18,  1.00it/s, loss=0.0261]
Epoch 26:  26%|##........| 154/585 [00:02:34<00:07:11,  1.00it/s, loss=0.0260]
Epoch 26:  27%|##........| 160/585 [00:02:39<00:07:04,  1.00it/s, loss=0.0259]
Epoch 26:  28%|##........| 165/585 [00:02:45<00:07:00,  1.00it/s, loss=0.0261]
Epoch 26:  29%|##........| 170/585 [00:02:50<00:06:56,  1.00it/s, loss=0.0260]
Epoch 26:  30%|###.......| 176/585 [00:02:55<00:06:48,  1.00it/s, loss=0.0260]
Epoch 26:  31%|###.......| 181/585 [00:03:00<00:06:43,  1.00it/s, loss=0.0259]
Epoch 26:  32%|###.......| 186/585 [00:03:07<00:06:42,  0.99it/s, loss=0.0259]
Epoch 26:  33%|###.......| 191/585 [00:03:13<00:06:38,  0.99it/s, loss=0.0258]
Epoch 26:  34%|###.......| 197/585 [00:03:19<00:06:32,  0.99it/s, loss=0.0257]
Epoch 26:  35%|###.......| 203/585 [00:03:24<00:06:25,  0.99it/s, loss=0.0258]
Epoch 26:  36%|###.......| 208/585 [00:03:30<00:06:20,  0.99it/s, loss=0.0258]
Epoch 26:  37%|###.......| 214/585 [00:03:35<00:06:12,  0.99it/s, loss=0.0258]
Epoch 26:  37%|###.......| 219/585 [00:03:40<00:06:08,  0.99it/s, loss=0.0261]
Epoch 26:  38%|###.......| 225/585 [00:03:46<00:06:01,  1.00it/s, loss=0.0261]
Epoch 26:  39%|###.......| 230/585 [00:03:51<00:05:57,  0.99it/s, loss=0.0261]
Epoch 26:  40%|####......| 236/585 [00:03:57<00:05:50,  1.00it/s, loss=0.0261]
Epoch 26:  41%|####......| 242/585 [00:04:02<00:05:43,  1.00it/s, loss=0.0261]
Epoch 26:  42%|####......| 246/585 [00:04:08<00:05:41,  0.99it/s, loss=0.0262]
Epoch 26:  43%|####......| 252/585 [00:04:13<00:05:35,  0.99it/s, loss=0.0261]
Epoch 26:  44%|####......| 257/585 [00:04:18<00:05:30,  0.99it/s, loss=0.0261]
Epoch 26:  45%|####......| 263/585 [00:04:24<00:05:23,  0.99it/s, loss=0.0260]
Epoch 26:  46%|####......| 269/585 [00:04:30<00:05:17,  1.00it/s, loss=0.0259]
Epoch 26:  47%|####......| 275/585 [00:04:35<00:05:10,  1.00it/s, loss=0.0258]
Epoch 26:  48%|####......| 281/585 [00:04:40<00:05:03,  1.00it/s, loss=0.0257]
Epoch 26:  49%|####......| 287/585 [00:04:46<00:04:57,  1.00it/s, loss=0.0257]
Epoch 26:  50%|#####.....| 293/585 [00:04:52<00:04:51,  1.00it/s, loss=0.0256]
Epoch 26:  51%|#####.....| 299/585 [00:04:57<00:04:44,  1.00it/s, loss=0.0256]
Epoch 26:  52%|#####.....| 305/585 [00:05:02<00:04:38,  1.01it/s, loss=0.0256]
Epoch 26:  53%|#####.....| 311/585 [00:05:08<00:04:31,  1.01it/s, loss=0.0257]
Epoch 26:  54%|#####.....| 317/585 [00:05:13<00:04:25,  1.01it/s, loss=0.0256]
Epoch 26:  55%|#####.....| 321/585 [00:05:18<00:04:22,  1.01it/s, loss=0.0256]
Epoch 26:  56%|#####.....| 327/585 [00:05:24<00:04:15,  1.01it/s, loss=0.0257]
Epoch 26:  57%|#####.....| 333/585 [00:05:29<00:04:09,  1.01it/s, loss=0.0256]
Epoch 26:  58%|#####.....| 339/585 [00:05:35<00:04:03,  1.01it/s, loss=0.0256]
Epoch 26:  59%|#####.....| 345/585 [00:05:40<00:03:57,  1.01it/s, loss=0.0255]
Epoch 26:  60%|######....| 351/585 [00:05:46<00:03:50,  1.01it/s, loss=0.0254]
Epoch 26:  61%|######....| 357/585 [00:05:51<00:03:44,  1.01it/s, loss=0.0254]
Epoch 26:  62%|######....| 363/585 [00:05:57<00:03:38,  1.02it/s, loss=0.0256]
Epoch 26:  63%|######....| 369/585 [00:06:02<00:03:32,  1.02it/s, loss=0.0255]
Epoch 26:  64%|######....| 374/585 [00:06:07<00:03:27,  1.02it/s, loss=0.0255]
Epoch 26:  65%|######....| 379/585 [00:06:13<00:03:22,  1.01it/s, loss=0.0255]
Epoch 26:  66%|######....| 385/585 [00:06:19<00:03:17,  1.02it/s, loss=0.0255]
Epoch 26:  67%|######....| 390/585 [00:06:24<00:03:12,  1.01it/s, loss=0.0256]
Epoch 26:  68%|######....| 396/585 [00:06:30<00:03:06,  1.01it/s, loss=0.0256]
Epoch 26:  69%|######....| 402/585 [00:06:35<00:03:00,  1.02it/s, loss=0.0255]
Epoch 26:  70%|######....| 407/585 [00:06:41<00:02:55,  1.01it/s, loss=0.0255]
Epoch 26:  71%|#######...| 413/585 [00:06:46<00:02:49,  1.02it/s, loss=0.0255]
Epoch 26:  72%|#######...| 419/585 [00:06:53<00:02:43,  1.01it/s, loss=0.0255]
Epoch 26:  72%|#######...| 424/585 [00:06:58<00:02:38,  1.01it/s, loss=0.0255]
Epoch 26:  73%|#######...| 429/585 [00:07:03<00:02:34,  1.01it/s, loss=0.0257]
Epoch 26:  74%|#######...| 435/585 [00:07:09<00:02:28,  1.01it/s, loss=0.0257]
Epoch 26:  75%|#######...| 441/585 [00:07:15<00:02:22,  1.01it/s, loss=0.0256]
Epoch 26:  76%|#######...| 447/585 [00:07:21<00:02:16,  1.01it/s, loss=0.0256]
Epoch 26:  77%|#######...| 452/585 [00:07:26<00:02:11,  1.01it/s, loss=0.0257]
Epoch 26:  78%|#######...| 458/585 [00:07:32<00:02:05,  1.01it/s, loss=0.0257]
Epoch 26:  79%|#######...| 463/585 [00:07:38<00:02:00,  1.01it/s, loss=0.0257]
Epoch 26:  80%|########..| 468/585 [00:07:43<00:01:55,  1.01it/s, loss=0.0256]
Epoch 26:  81%|########..| 474/585 [00:07:48<00:01:49,  1.01it/s, loss=0.0256]
Epoch 26:  82%|########..| 479/585 [00:07:54<00:01:44,  1.01it/s, loss=0.0256]
Epoch 26:  83%|########..| 485/585 [00:07:59<00:01:38,  1.01it/s, loss=0.0256]
Epoch 26:  84%|########..| 491/585 [00:08:05<00:01:32,  1.01it/s, loss=0.0256]
Epoch 26:  85%|########..| 496/585 [00:08:10<00:01:27,  1.01it/s, loss=0.0256]
Epoch 26:  86%|########..| 501/585 [00:08:16<00:01:23,  1.01it/s, loss=0.0256]
Epoch 26:  87%|########..| 507/585 [00:08:21<00:01:17,  1.01it/s, loss=0.0256]
Epoch 26:  88%|########..| 512/585 [00:08:26<00:01:12,  1.01it/s, loss=0.0257]
Epoch 26:  88%|########..| 517/585 [00:08:32<00:01:07,  1.01it/s, loss=0.0257]
Epoch 26:  89%|########..| 523/585 [00:08:38<00:01:01,  1.01it/s, loss=0.0257]
Epoch 26:  90%|#########.| 529/585 [00:08:43<00:00:55,  1.01it/s, loss=0.0256]
Epoch 26:  91%|#########.| 535/585 [00:08:49<00:00:49,  1.01it/s, loss=0.0256]
Epoch 26:  92%|#########.| 540/585 [00:08:54<00:00:44,  1.01it/s, loss=0.0256]
Epoch 26:  93%|#########.| 545/585 [00:08:59<00:00:39,  1.01it/s, loss=0.0256]
Epoch 26:  94%|#########.| 551/585 [00:09:05<00:00:33,  1.01it/s, loss=0.0256]
Epoch 26:  95%|#########.| 556/585 [00:09:10<00:00:28,  1.01it/s, loss=0.0256]
Epoch 26:  96%|#########.| 562/585 [00:09:16<00:00:22,  1.01it/s, loss=0.0255]
Epoch 26:  97%|#########.| 568/585 [00:09:22<00:00:16,  1.01it/s, loss=0.0256]
Epoch 26:  98%|#########.| 574/585 [00:09:27<00:00:10,  1.01it/s, loss=0.0255]
Epoch 26:  99%|#########.| 579/585 [00:09:33<00:00:05,  1.01it/s, loss=0.0255]
Epoch 26: 100%|#########.| 584/585 [00:09:39<00:00:00,  1.01it/s, loss=0.0255]
Epoch 26: 100%|##########| 585/585 [00:09:40<00:00:00,  1.01it/s, loss=0.0256]
Test loss: 0.0246, Test rmsae: 7.37deg
{"event": "epoch_complete", "epoch": 26, "phase": 2, "lr": 1e-05, "batch_size": 10, "micro_batch_size": 1, "train_loss": 0.025560516072835167, "val_loss": 0.024624808051157743, "val_rmsae_deg": 7.371871963143349, "epoch_time_s": 581.3157849349082}
Epoch 27/40:
Epoch 27:   1%|..........| 6/585 [00:00:05<00:08:32,  1.13it/s, loss=0.0218]
Epoch 27:   2%|..........| 11/585 [00:00:10<00:09:10,  1.04it/s, loss=0.0239]
Epoch 27:   3%|..........| 17/585 [00:00:16<00:09:02,  1.05it/s, loss=0.0239]
Epoch 27:   4%|..........| 23/585 [00:00:21<00:08:57,  1.05it/s, loss=0.0244]
Epoch 27:   5%|..........| 29/585 [00:00:28<00:08:57,  1.03it/s, loss=0.0240]
Epoch 27:   6%|..........| 33/585 [00:00:33<00:09:12,  1.00it/s, loss=0.0241]
Epoch 27:   6%|..........| 38/585 [00:00:38<00:09:15,  0.99it/s, loss=0.0242]
Epoch 27:   8%|..........| 44/585 [00:00:44<00:09:05,  0.99it/s, loss=0.0238]
Epoch 27:   8%|..........| 49/585 [00:00:49<00:08:59,  0.99it/s, loss=0.0239]
Epoch 27:   9%|..........| 55/585 [00:00:54<00:08:49,  1.00it/s, loss=0.0252]
Epoch 27:  10%|#.........| 60/585 [00:01:00<00:08:45,  1.00it/s, loss=0.0250]
Epoch 27:  11%|#.........| 65/585 [00:01:05<00:08:41,  1.00it/s, loss=0.0252]
Epoch 27:  12%|#.........| 71/585 [00:01:10<00:08:33,  1.00it/s, loss=0.0251]
Epoch 27:  13%|#.........| 76/585 [00:01:16<00:08:31,  0.99it/s, loss=0.0255]
Epoch 27:  14%|#.........| 82/585 [00:01:22<00:08:23,  1.00it/s, loss=0.0254]
Epoch 27:  15%|#.........| 88/585 [00:01:27<00:08:14,  1.00it/s, loss=0.0254]
Epoch 27:  16%|#.........| 93/585 [00:01:33<00:08:13,  1.00it/s, loss=0.0255]
Epoch 27:  17%|#.........| 99/585 [00:01:39<00:08:06,  1.00it/s, loss=0.0257]
Epoch 27:  18%|#.........| 105/585 [00:01:44<00:07:58,  1.00it/s, loss=0.0257]
Epoch 27:  19%|#.........| 111/585 [00:01:50<00:07:51,  1.01it/s, loss=0.0255]
Epoch 27:  20%|##........| 117/585 [00:01:55<00:07:42,  1.01it/s, loss=0.0254]
Epoch 27:  21%|##........| 123/585 [00:02:01<00:07:37,  1.01it/s, loss=0.0252]
Epoch 27:  22%|##........| 129/585 [00:02:07<00:07:29,  1.01it/s, loss=0.0253]
Epoch 27:  23%|##........| 134/585 [00:02:13<00:07:28,  1.00it/s, loss=0.0255]
Epoch 27:  24%|##........| 140/585 [00:02:19<00:07:22,  1.01it/s, loss=0.0254]
Epoch 27:  25%|##........| 145/585 [00:02:24<00:07:17,  1.01it/s, loss=0.0254]
Epoch 27:  26%|##........| 150/585 [00:02:29<00:07:12,  1.01it/s, loss=0.0253]
Epoch 27:  27%|##........| 156/585 [00:02:34<00:07:06,  1.01it/s, loss=0.0252]
Epoch 27:  28%|##........| 161/585 [00:02:40<00:07:01,  1.00it/s, loss=0.0252]
Epoch 27:  29%|##........| 167/585 [00:02:45<00:06:55,  1.01it/s, loss=0.0251]
Epoch 27:  30%|##........| 173/585 [00:02:51<00:06:48,  1.01it/s, loss=0.0250]
Epoch 27:  31%|###.......| 179/585 [00:02:56<00:06:41,  1.01it/s, loss=0.0248]
Epoch 27:  32%|###.......| 185/585 [00:03:02<00:06:34,  1.01it/s, loss=0.0249]
Epoch 27:  32%|###.......| 190/585 [00:03:07<00:06:30,  1.01it/s, loss=0.0250]
Epoch 27:  34%|###.......| 196/585 [00:03:13<00:06:24,  1.01it/s, loss=0.0249]
Epoch 27:  35%|###.......| 202/585 [00:03:19<00:06:17,  1.01it/s, loss=0.0249]
Epoch 27:  35%|###.......| 207/585 [00:03:24<00:06:12,  1.01it/s, loss=0.0249]
Epoch 27:  36%|###.......| 212/585 [00:03:29<00:06:08,  1.01it/s, loss=0.0250]
Epoch 27:  37%|###.......| 218/585 [00:03:34<00:06:01,  1.01it/s, loss=0.0249]
Epoch 27:  38%|###.......| 224/585 [00:03:39<00:05:54,  1.02it/s, loss=0.0249]
Epoch 27:  39%|###.......| 229/585 [00:03:45<00:05:51,  1.01it/s, loss=0.0250]
Epoch 27:  40%|####......| 235/585 [00:03:51<00:05:45,  1.01it/s, loss=0.0250]
Epoch 27:  41%|####......| 240/585 [00:03:57<00:05:41,  1.01it/s, loss=0.0251]
Epoch 27:  42%|####......| 246/585 [00:04:03<00:05:35,  1.01it/s, loss=0.0250]
Epoch 27:  43%|####......| 252/585 [00:04:09<00:05:29,  1.01it/s, loss=0.0249]
Epoch 27:  44%|####......| 258/585 [00:04:14<00:05:22,  1.01it/s, loss=0.0249]
Epoch 27:  45%|####......| 263/585 [00:04:19<00:05:17,  1.01it/s, loss=0.0249]
Epoch 27:  46%|####......| 269/585 [00:04:25<00:05:11,  1.01it/s, loss=0.0248]
Epoch 27:  47%|####......| 275/585 [00:04:30<00:05:04,  1.02it/s, loss=0.0248]
Epoch 27:  48%|####......| 280/585 [00:04:35<00:05:00,  1.02it/s, loss=0.0247]
Epoch 27:  49%|####......| 285/585 [00:04:40<00:04:55,  1.02it/s, loss=0.0248]
Epoch 27:  50%|####......| 291/585 [00:04:45<00:04:48,  1.02it/s, loss=0.0248]
Epoch 27:  51%|#####.....| 297/585 [00:04:51<00:04:42,  1.02it/s, loss=0.0249]
Epoch 27:  52%|#####.....| 303/585 [00:04:56<00:04:36,  1.02it/s, loss=0.0249]
Epoch 27:  53%|#####.....| 309/585 [00:05:02<00:04:30,  1.02it/s, loss=0.0249]
Epoch 27:  54%|#####.....| 314/585 [00:05:07<00:04:25,  1.02it/s, loss=0.0249]
Epoch 27:  55%|#####.....| 320/585 [00:05:13<00:04:19,  1.02it/s, loss=0.0249]
Epoch 27:  56%|#####.....| 326/585 [00:05:18<00:04:13,  1.02it/s, loss=0.0249]
Epoch 27:  57%|#####.....| 331/585 [00:05:24<00:04:08,  1.02it/s, loss=0.0249]
Epoch 27:  58%|#####.....| 337/585 [00:05:29<00:04:02,  1.02it/s, loss=0.0249]
Epoch 27:  59%|#####.....| 343/585 [00:05:35<00:03:56,  1.02it/s, loss=0.0248]
Epoch 27:  59%|#####.....| 348/585 [00:05:41<00:03:52,  1.02it/s, loss=0.0248]
Epoch 27:  61%|######....| 354/585 [00:05:46<00:03:46,  1.02it/s, loss=0.0248]
Epoch 27:  62%|######....| 360/585 [00:05:52<00:03:40,  1.02it/s, loss=0.0248]
Epoch 27:  63%|######....| 366/585 [00:05:58<00:03:34,  1.02it/s, loss=0.0248]
Epoch 27:  64%|######....| 372/585 [00:06:03<00:03:28,  1.02it/s, loss=0.0248]
Epoch 27:  64%|######....| 377/585 [00:06:08<00:03:23,  1.02it/s, loss=0.0248]
Epoch 27:  65%|######....| 383/585 [00:06:14<00:03:17,  1.02it/s, loss=0.0248]
Epoch 27:  66%|######....| 389/585 [00:06:20<00:03:11,  1.02it/s, loss=0.0249]
Epoch 27:  67%|######....| 394/585 [00:06:26<00:03:07,  1.02it/s, loss=0.0248]
Epoch 27:  68%|######....| 399/585 [00:06:31<00:03:02,  1.02it/s, loss=0.0248]
Epoch 27:  69%|######....| 405/585 [00:06:36<00:02:56,  1.02it/s, loss=0.0248]
Epoch 27:  70%|#######...| 410/585 [00:06:42<00:02:51,  1.02it/s, loss=0.0248]
Epoch 27:  71%|#######...| 415/585 [00:06:47<00:02:46,  1.02it/s, loss=0.0248]
Epoch 27:  72%|#######...| 420/585 [00:06:52<00:02:42,  1.02it/s, loss=0.0248]
Epoch 27:  73%|#######...| 425/585 [00:06:58<00:02:37,  1.02it/s, loss=0.0248]
Epoch 27:  74%|#######...| 431/585 [00:07:03<00:02:31,  1.02it/s, loss=0.0248]
Epoch 27:  75%|#######...| 437/585 [00:07:09<00:02:25,  1.02it/s, loss=0.0247]
Epoch 27:  76%|#######...| 443/585 [00:07:14<00:02:19,  1.02it/s, loss=0.0247]
Epoch 27:  77%|#######...| 448/585 [00:07:20<00:02:14,  1.02it/s, loss=0.0247]
Epoch 27:  78%|#######...| 454/585 [00:07:25<00:02:08,  1.02it/s, loss=0.0247]
Epoch 27:  79%|#######...| 460/585 [00:07:31<00:02:02,  1.02it/s, loss=0.0247]
Epoch 27:  79%|#######...| 465/585 [00:07:36<00:01:57,  1.02it/s, loss=0.0247]
Epoch 27:  80%|########..| 470/585 [00:07:41<00:01:52,  1.02it/s, loss=0.0247]
Epoch 27:  81%|########..| 475/585 [00:07:46<00:01:48,  1.02it/s, loss=0.0247]
Epoch 27:  82%|########..| 480/585 [00:07:52<00:01:43,  1.01it/s, loss=0.0249]
Epoch 27:  83%|########..| 485/585 [00:07:58<00:01:38,  1.01it/s, loss=0.0249]
Epoch 27:  84%|########..| 490/585 [00:08:04<00:01:33,  1.01it/s, loss=0.0249]
Epoch 27:  85%|########..| 495/585 [00:08:09<00:01:28,  1.01it/s, loss=0.0249]
Epoch 27:  85%|########..| 500/585 [00:08:14<00:01:24,  1.01it/s, loss=0.0249]
Epoch 27:  86%|########..| 505/585 [00:08:19<00:01:19,  1.01it/s, loss=0.0249]
Epoch 27:  87%|########..| 511/585 [00:08:25<00:01:13,  1.01it/s, loss=0.0249]
Epoch 27:  88%|########..| 516/585 [00:08:30<00:01:08,  1.01it/s, loss=0.0249]
Epoch 27:  89%|########..| 522/585 [00:08:36<00:01:02,  1.01it/s, loss=0.0248]
Epoch 27:  90%|#########.| 527/585 [00:08:41<00:00:57,  1.01it/s, loss=0.0250]
Epoch 27:  91%|#########.| 532/585 [00:08:47<00:00:52,  1.01it/s, loss=0.0250]
Epoch 27:  92%|#########.| 538/585 [00:08:52<00:00:46,  1.01it/s, loss=0.0249]
Epoch 27:  93%|#########.| 544/585 [00:08:58<00:00:40,  1.01it/s, loss=0.0249]
Epoch 27:  94%|#########.| 550/585 [00:09:04<00:00:34,  1.01it/s, loss=0.0249]
Epoch 27:  95%|#########.| 556/585 [00:09:09<00:00:28,  1.01it/s, loss=0.0249]
Epoch 27:  96%|#########.| 562/585 [00:09:15<00:00:22,  1.01it/s, loss=0.0249]
Epoch 27:  97%|#########.| 567/585 [00:09:20<00:00:17,  1.01it/s, loss=0.0249]
Epoch 27:  98%|#########.| 572/585 [00:09:25<00:00:12,  1.01it/s, loss=0.0249]
Epoch 27:  99%|#########.| 578/585 [00:09:32<00:00:06,  1.01it/s, loss=0.0249]
Epoch 27: 100%|#########.| 584/585 [00:09:37<00:00:00,  1.01it/s, loss=0.0249]
Epoch 27: 100%|##########| 585/585 [00:09:38<00:00:00,  1.01it/s, loss=0.0249]
Test loss: 0.0246, Test rmsae: 7.37deg
{"event": "epoch_complete", "epoch": 27, "phase": 2, "lr": 1e-05, "batch_size": 10, "micro_batch_size": 1, "train_loss": 0.024867755418213514, "val_loss": 0.02460970083484426, "val_rmsae_deg": 7.3701485097408295, "epoch_time_s": 579.5476032400038}
Epoch 28/40:
Epoch 28:   1%|..........| 6/585 [00:00:05<00:08:17,  1.16it/s, loss=0.0227]
Epoch 28:   2%|..........| 12/585 [00:00:10<00:08:33,  1.12it/s, loss=0.0227]
Epoch 28:   3%|..........| 17/585 [00:00:16<00:08:56,  1.06it/s, loss=0.0236]
Epoch 28:   4%|..........| 23/585 [00:00:21<00:08:52,  1.05it/s, loss=0.0239]
Epoch 28:   5%|..........| 29/585 [00:00:27<00:08:48,  1.05it/s, loss=0.0245]
Epoch 28:   6%|..........| 34/585 [00:00:33<00:08:59,  1.02it/s, loss=0.0245]
Epoch 28:   7%|..........| 39/585 [00:00:38<00:09:00,  1.01it/s, loss=0.0247]
Epoch 28:   8%|..........| 45/585 [00:00:44<00:08:55,  1.01it/s, loss=0.0249]
Epoch 28:   9%|..........| 51/585 [00:00:49<00:08:42,  1.02it/s, loss=0.0251]
Epoch 28:   9%|..........| 55/585 [00:00:55<00:08:50,  1.00it/s, loss=0.0252]
Epoch 28:  10%|#.........| 60/585 [00:01:00<00:08:53,  0.98it/s, loss=0.0252]
Epoch 28:  11%|#.........| 66/585 [00:01:06<00:08:43,  0.99it/s, loss=0.0249]
Epoch 28:  12%|#.........| 72/585 [00:01:12<00:08:35,  1.00it/s, loss=0.0248]
Epoch 28:  13%|#.........| 77/585 [00:01:17<00:08:32,  0.99it/s, loss=0.0246]
Epoch 28:  14%|#.........| 83/585 [00:01:23<00:08:24,  1.00it/s, loss=0.0247]
Epoch 28:  15%|#.........| 88/585 [00:01:28<00:08:19,  0.99it/s, loss=0.0246]
Epoch 28:  16%|#.........| 94/585 [00:01:33<00:08:10,  1.00it/s, loss=0.0248]
Epoch 28:  17%|#.........| 100/585 [00:01:39<00:08:02,  1.00it/s, loss=0.0247]
Epoch 28:  18%|#.........| 106/585 [00:01:45<00:07:56,  1.01it/s, loss=0.0247]
Epoch 28:  19%|#.........| 111/585 [00:01:50<00:07:53,  1.00it/s, loss=0.0251]
Epoch 28:  20%|#.........| 116/585 [00:01:56<00:07:50,  1.00it/s, loss=0.0252]
Epoch 28:  21%|##........| 122/585 [00:02:02<00:07:43,  1.00it/s, loss=0.0251]
Epoch 28:  22%|##........| 127/585 [00:02:07<00:07:40,  0.99it/s, loss=0.0253]
Epoch 28:  23%|##........| 132/585 [00:02:12<00:07:35,  0.99it/s, loss=0.0255]
Epoch 28:  24%|##........| 138/585 [00:02:18<00:07:27,  1.00it/s, loss=0.0254]
Epoch 28:  24%|##........| 143/585 [00:02:23<00:07:22,  1.00it/s, loss=0.0255]
Epoch 28:  25%|##........| 148/585 [00:02:28<00:07:19,  0.99it/s, loss=0.0256]
Epoch 28:  26%|##........| 153/585 [00:02:33<00:07:14,  0.99it/s, loss=0.0255]
Epoch 28:  27%|##........| 159/585 [00:02:39<00:07:06,  1.00it/s, loss=0.0255]
Epoch 28:  28%|##........| 165/585 [00:02:45<00:07:01,  1.00it/s, loss=0.0256]
Epoch 28:  29%|##........| 170/585 [00:02:50<00:06:56,  1.00it/s, loss=0.0255]
Epoch 28:  30%|###.......| 176/585 [00:02:56<00:06:49,  1.00it/s, loss=0.0255]
Epoch 28:  31%|###.......| 182/585 [00:03:02<00:06:43,  1.00it/s, loss=0.0253]
Epoch 28:  32%|###.......| 187/585 [00:03:07<00:06:39,  1.00it/s, loss=0.0253]
Epoch 28:  33%|###.......| 193/585 [00:03:13<00:06:33,  1.00it/s, loss=0.0254]
Epoch 28:  34%|###.......| 199/585 [00:03:19<00:06:26,  1.00it/s, loss=0.0256]
Epoch 28:  35%|###.......| 205/585 [00:03:24<00:06:18,  1.00it/s, loss=0.0255]
Epoch 28:  36%|###.......| 211/585 [00:03:29<00:06:11,  1.01it/s, loss=0.0254]
Epoch 28:  37%|###.......| 217/585 [00:03:35<00:06:04,  1.01it/s, loss=0.0253]
Epoch 28:  38%|###.......| 222/585 [00:03:40<00:06:00,  1.01it/s, loss=0.0253]
Epoch 28:  39%|###.......| 227/585 [00:03:45<00:05:55,  1.01it/s, loss=0.0255]
Epoch 28:  40%|###.......| 233/585 [00:03:51<00:05:49,  1.01it/s, loss=0.0254]
Epoch 28:  41%|####......| 239/585 [00:03:57<00:05:43,  1.01it/s, loss=0.0253]
Epoch 28:  42%|####......| 245/585 [00:04:03<00:05:37,  1.01it/s, loss=0.0255]
Epoch 28:  43%|####......| 250/585 [00:04:08<00:05:33,  1.00it/s, loss=0.0256]
Epoch 28:  44%|####......| 255/585 [00:04:14<00:05:29,  1.00it/s, loss=0.0256]
Epoch 28:  44%|####......| 260/585 [00:04:19<00:05:24,  1.00it/s, loss=0.0257]
Epoch 28:  45%|####......| 265/585 [00:04:24<00:05:19,  1.00it/s, loss=0.0257]
Epoch 28:  46%|####......| 271/585 [00:04:30<00:05:13,  1.00it/s, loss=0.0256]
Epoch 28:  47%|####......| 276/585 [00:04:35<00:05:08,  1.00it/s, loss=0.0257]
Epoch 28:  48%|####......| 281/585 [00:04:40<00:05:03,  1.00it/s, loss=0.0257]
Epoch 28:  49%|####......| 287/585 [00:04:46<00:04:57,  1.00it/s, loss=0.0256]
Epoch 28:  50%|#####.....| 293/585 [00:04:51<00:04:50,  1.00it/s, loss=0.0255]
Epoch 28:  51%|#####.....| 299/585 [00:04:57<00:04:44,  1.01it/s, loss=0.0256]
Epoch 28:  52%|#####.....| 305/585 [00:05:03<00:04:38,  1.01it/s, loss=0.0256]
Epoch 28:  53%|#####.....| 311/585 [00:05:08<00:04:31,  1.01it/s, loss=0.0256]
Epoch 28:  54%|#####.....| 316/585 [00:05:13<00:04:26,  1.01it/s, loss=0.0255]
Epoch 28:  55%|#####.....| 321/585 [00:05:18<00:04:22,  1.01it/s, loss=0.0256]
Epoch 28:  56%|#####.....| 326/585 [00:05:24<00:04:17,  1.00it/s, loss=0.0255]
Epoch 28:  57%|#####.....| 332/585 [00:05:29<00:04:11,  1.01it/s, loss=0.0255]
Epoch 28:  58%|#####.....| 337/585 [00:05:35<00:04:06,  1.01it/s, loss=0.0255]
Epoch 28:  59%|#####.....| 343/585 [00:05:40<00:04:00,  1.01it/s, loss=0.0255]
Epoch 28:  59%|#####.....| 348/585 [00:05:46<00:03:55,  1.01it/s, loss=0.0255]
Epoch 28:  61%|######....| 354/585 [00:05:52<00:03:49,  1.01it/s, loss=0.0255]
Epoch 28:  61%|######....| 359/585 [00:05:57<00:03:45,  1.00it/s, loss=0.0256]
Epoch 28:  62%|######....| 365/585 [00:06:03<00:03:39,  1.00it/s, loss=0.0256]
Epoch 28:  63%|######....| 371/585 [00:06:09<00:03:32,  1.00it/s, loss=0.0255]
Epoch 28:  64%|######....| 377/585 [00:06:14<00:03:26,  1.01it/s, loss=0.0255]
Epoch 28:  65%|######....| 383/585 [00:06:20<00:03:20,  1.01it/s, loss=0.0255]
Epoch 28:  66%|######....| 389/585 [00:06:26<00:03:14,  1.01it/s, loss=0.0255]
Epoch 28:  67%|######....| 393/585 [00:06:31<00:03:11,  1.00it/s, loss=0.0255]
Epoch 28:  68%|######....| 399/585 [00:06:37<00:03:05,  1.00it/s, loss=0.0255]
Epoch 28:  69%|######....| 404/585 [00:06:42<00:03:00,  1.00it/s, loss=0.0255]
Epoch 28:  70%|#######...| 410/585 [00:06:48<00:02:54,  1.00it/s, loss=0.0255]
Epoch 28:  71%|#######...| 416/585 [00:06:53<00:02:48,  1.01it/s, loss=0.0254]
Epoch 28:  72%|#######...| 422/585 [00:06:59<00:02:42,  1.01it/s, loss=0.0254]
Epoch 28:  73%|#######...| 427/585 [00:07:05<00:02:37,  1.00it/s, loss=0.0254]
Epoch 28:  74%|#######...| 432/585 [00:07:10<00:02:32,  1.00it/s, loss=0.0254]
Epoch 28:  75%|#######...| 438/585 [00:07:16<00:02:26,  1.00it/s, loss=0.0254]
Epoch 28:  76%|#######...| 443/585 [00:07:21<00:02:21,  1.00it/s, loss=0.0253]
Epoch 28:  77%|#######...| 448/585 [00:07:26<00:02:16,  1.00it/s, loss=0.0254]
Epoch 28:  77%|#######...| 453/585 [00:07:33<00:02:12,  1.00it/s, loss=0.0254]
Epoch 28:  78%|#######...| 458/585 [00:07:38<00:02:07,  1.00it/s, loss=0.0255]
Epoch 28:  79%|#######...| 463/585 [00:07:43<00:02:02,  1.00it/s, loss=0.0255]
Epoch 28:  80%|########..| 469/585 [00:07:49<00:01:56,  1.00it/s, loss=0.0254]
Epoch 28:  81%|########..| 475/585 [00:07:54<00:01:49,  1.00it/s, loss=0.0255]
Epoch 28:  82%|########..| 481/585 [00:08:00<00:01:43,  1.00it/s, loss=0.0255]
Epoch 28:  83%|########..| 487/585 [00:08:06<00:01:37,  1.00it/s, loss=0.0254]
Epoch 28:  84%|########..| 492/585 [00:08:13<00:01:33,  1.00it/s, loss=0.0257]
Epoch 28:  85%|########..| 498/585 [00:08:19<00:01:27,  1.00it/s, loss=0.0256]
Epoch 28:  86%|########..| 504/585 [00:08:24<00:01:21,  1.00it/s, loss=0.0256]
Epoch 28:  87%|########..| 510/585 [00:08:30<00:01:15,  1.00it/s, loss=0.0261]
Epoch 28:  88%|########..| 515/585 [00:08:35<00:01:10,  1.00it/s, loss=0.0260]
Epoch 28:  89%|########..| 521/585 [00:08:41<00:01:04,  1.00it/s, loss=0.0262]
Epoch 28:  90%|########..| 526/585 [00:08:47<00:00:59,  1.00it/s, loss=0.0261]
Epoch 28:  91%|#########.| 531/585 [00:08:52<00:00:54,  1.00it/s, loss=0.0261]
Epoch 28:  92%|#########.| 536/585 [00:08:58<00:00:49,  1.00it/s, loss=0.0261]
Epoch 28:  93%|#########.| 542/585 [00:09:04<00:00:43,  1.00it/s, loss=0.0260]
Epoch 28:  94%|#########.| 547/585 [00:09:09<00:00:38,  1.00it/s, loss=0.0260]
Epoch 28:  95%|#########.| 553/585 [00:09:15<00:00:32,  1.00it/s, loss=0.0260]
Epoch 28:  95%|#########.| 558/585 [00:09:20<00:00:27,  1.00it/s, loss=0.0260]
Epoch 28:  96%|#########.| 563/585 [00:09:25<00:00:22,  0.99it/s, loss=0.0261]
Epoch 28:  97%|#########.| 568/585 [00:09:31<00:00:17,  0.99it/s, loss=0.0261]
Epoch 28:  98%|#########.| 573/585 [00:09:37<00:00:12,  0.99it/s, loss=0.0260]
Epoch 28:  99%|#########.| 578/585 [00:09:42<00:00:07,  0.99it/s, loss=0.0260]
Epoch 28: 100%|#########.| 584/585 [00:09:48<00:00:01,  0.99it/s, loss=0.0260]
Epoch 28: 100%|##########| 585/585 [00:09:49<00:00:00,  0.99it/s, loss=0.0260]
Test loss: 0.0246, Test rmsae: 7.29deg
{"event": "epoch_complete", "epoch": 28, "phase": 2, "lr": 1e-05, "batch_size": 10, "micro_batch_size": 1, "train_loss": 0.026005612038330645, "val_loss": 0.024573622416937724, "val_rmsae_deg": 7.2888433039188385, "epoch_time_s": 590.3440281219082}
Epoch 29/40:
Epoch 29:   1%|..........| 6/585 [00:00:05<00:09:11,  1.05it/s, loss=0.0238]
Epoch 29:   2%|..........| 12/585 [00:00:10<00:08:40,  1.10it/s, loss=0.0236]
Epoch 29:   3%|..........| 17/585 [00:00:16<00:09:24,  1.01it/s, loss=0.0249]
Epoch 29:   4%|..........| 23/585 [00:00:22<00:09:14,  1.01it/s, loss=0.0239]
Epoch 29:   5%|..........| 28/585 [00:00:28<00:09:18,  1.00it/s, loss=0.0239]
Epoch 29:   6%|..........| 34/585 [00:00:34<00:09:14,  0.99it/s, loss=0.0244]
Epoch 29:   7%|..........| 40/585 [00:00:39<00:08:58,  1.01it/s, loss=0.0247]
Epoch 29:   8%|..........| 46/585 [00:00:44<00:08:45,  1.03it/s, loss=0.0244]
Epoch 29:   9%|..........| 52/585 [00:00:51<00:08:42,  1.02it/s, loss=0.0249]
Epoch 29:  10%|..........| 58/585 [00:00:56<00:08:33,  1.03it/s, loss=0.0249]
Epoch 29:  11%|#.........| 64/585 [00:01:01<00:08:23,  1.03it/s, loss=0.0248]
Epoch 29:  12%|#.........| 69/585 [00:01:07<00:08:24,  1.02it/s, loss=0.0252]
Epoch 29:  13%|#.........| 75/585 [00:01:13<00:08:20,  1.02it/s, loss=0.0249]
Epoch 29:  14%|#.........| 81/585 [00:01:19<00:08:15,  1.02it/s, loss=0.0249]
Epoch 29:  15%|#.........| 87/585 [00:01:25<00:08:08,  1.02it/s, loss=0.0248]
Epoch 29:  16%|#.........| 93/585 [00:01:30<00:08:00,  1.02it/s, loss=0.0247]
Epoch 29:  17%|#.........| 98/585 [00:01:35<00:07:56,  1.02it/s, loss=0.0246]
Epoch 29:  18%|#.........| 103/585 [00:01:41<00:07:53,  1.02it/s, loss=0.0248]
Epoch 29:  19%|#.........| 109/585 [00:01:46<00:07:45,  1.02it/s, loss=0.0247]
Epoch 29:  19%|#.........| 113/585 [00:01:52<00:07:50,  1.00it/s, loss=0.0248]
Epoch 29:  20%|##........| 118/585 [00:01:58<00:07:47,  1.00it/s, loss=0.0245]
Epoch 29:  21%|##........| 123/585 [00:02:03<00:07:43,  1.00it/s, loss=0.0246]
Epoch 29:  22%|##........| 129/585 [00:02:09<00:07:36,  1.00it/s, loss=0.0245]
Epoch 29:  23%|##........| 134/585 [00:02:14<00:07:32,  1.00it/s, loss=0.0245]
Epoch 29:  24%|##........| 141/585 [00:02:20<00:07:22,  1.00it/s, loss=0.0245]
Epoch 29:  25%|##........| 147/585 [00:02:25<00:07:14,  1.01it/s, loss=0.0246]
Epoch 29:  26%|##........| 152/585 [00:02:31<00:07:11,  1.00it/s, loss=0.0246]
Epoch 29:  27%|##........| 157/585 [00:02:36<00:07:07,  1.00it/s, loss=0.0247]
Epoch 29:  28%|##........| 162/585 [00:02:42<00:07:03,  1.00it/s, loss=0.0246]
Epoch 29:  29%|##........| 168/585 [00:02:48<00:06:57,  1.00it/s, loss=0.0246]
Epoch 29:  30%|##........| 173/585 [00:02:53<00:06:53,  1.00it/s, loss=0.0251]
Epoch 29:  31%|###.......| 179/585 [00:02:58<00:06:45,  1.00it/s, loss=0.0250]
Epoch 29:  32%|###.......| 185/585 [00:03:04<00:06:39,  1.00it/s, loss=0.0250]
Epoch 29:  33%|###.......| 191/585 [00:03:09<00:06:31,  1.01it/s, loss=0.0250]
Epoch 29:  34%|###.......| 196/585 [00:03:15<00:06:28,  1.00it/s, loss=0.0250]
Epoch 29:  35%|###.......| 202/585 [00:03:21<00:06:21,  1.00it/s, loss=0.0249]
Epoch 29:  35%|###.......| 207/585 [00:03:26<00:06:17,  1.00it/s, loss=0.0251]
Epoch 29:  36%|###.......| 213/585 [00:03:31<00:06:10,  1.01it/s, loss=0.0251]
Epoch 29:  37%|###.......| 218/585 [00:03:37<00:06:06,  1.00it/s, loss=0.0251]
Epoch 29:  38%|###.......| 224/585 [00:03:43<00:06:00,  1.00it/s, loss=0.0251]
Epoch 29:  39%|###.......| 229/585 [00:03:49<00:05:56,  1.00it/s, loss=0.0251]
Epoch 29:  40%|####......| 235/585 [00:03:54<00:05:49,  1.00it/s, loss=0.0250]
Epoch 29:  41%|####......| 240/585 [00:03:59<00:05:44,  1.00it/s, loss=0.0250]
Epoch 29:  42%|####......| 246/585 [00:04:04<00:05:37,  1.00it/s, loss=0.0250]
Epoch 29:  43%|####......| 252/585 [00:04:10<00:05:31,  1.01it/s, loss=0.0250]
Epoch 29:  44%|####......| 258/585 [00:04:16<00:05:24,  1.01it/s, loss=0.0250]
Epoch 29:  45%|####......| 264/585 [00:04:21<00:05:18,  1.01it/s, loss=0.0249]
Epoch 29:  46%|####......| 270/585 [00:04:27<00:05:12,  1.01it/s, loss=0.0249]
Epoch 29:  47%|####......| 276/585 [00:04:33<00:05:05,  1.01it/s, loss=0.0249]
Epoch 29:  48%|####......| 282/585 [00:04:38<00:04:59,  1.01it/s, loss=0.0250]
Epoch 29:  49%|####......| 287/585 [00:04:44<00:04:55,  1.01it/s, loss=0.0250]
Epoch 29:  50%|#####.....| 293/585 [00:04:49<00:04:48,  1.01it/s, loss=0.0250]
Epoch 29:  51%|#####.....| 299/585 [00:04:55<00:04:42,  1.01it/s, loss=0.0250]
Epoch 29:  52%|#####.....| 305/585 [00:05:01<00:04:36,  1.01it/s, loss=0.0250]
Epoch 29:  53%|#####.....| 311/585 [00:05:07<00:04:30,  1.01it/s, loss=0.0250]
Epoch 29:  54%|#####.....| 317/585 [00:05:13<00:04:24,  1.01it/s, loss=0.0249]
Epoch 29:  55%|#####.....| 323/585 [00:05:19<00:04:19,  1.01it/s, loss=0.0249]
Epoch 29:  56%|#####.....| 328/585 [00:05:24<00:04:14,  1.01it/s, loss=0.0249]
Epoch 29:  57%|#####.....| 333/585 [00:05:30<00:04:09,  1.01it/s, loss=0.0249]
Epoch 29:  58%|#####.....| 338/585 [00:05:35<00:04:05,  1.01it/s, loss=0.0249]
Epoch 29:  59%|#####.....| 344/585 [00:05:41<00:03:59,  1.01it/s, loss=0.0249]
Epoch 29:  60%|#####.....| 349/585 [00:05:46<00:03:54,  1.01it/s, loss=0.0249]
Epoch 29:  61%|######....| 355/585 [00:05:52<00:03:48,  1.01it/s, loss=0.0248]
Epoch 29:  62%|######....| 361/585 [00:05:58<00:03:42,  1.01it/s, loss=0.0248]
Epoch 29:  63%|######....| 367/585 [00:06:03<00:03:35,  1.01it/s, loss=0.0248]
Epoch 29:  64%|######....| 373/585 [00:06:09<00:03:29,  1.01it/s, loss=0.0248]
Epoch 29:  65%|######....| 378/585 [00:06:14<00:03:25,  1.01it/s, loss=0.0248]
Epoch 29:  66%|######....| 384/585 [00:06:20<00:03:19,  1.01it/s, loss=0.0248]
Epoch 29:  66%|######....| 388/585 [00:06:25<00:03:15,  1.01it/s, loss=0.0247]
Epoch 29:  67%|######....| 394/585 [00:06:31<00:03:09,  1.01it/s, loss=0.0247]
Epoch 29:  68%|######....| 400/585 [00:06:37<00:03:03,  1.01it/s, loss=0.0248]
Epoch 29:  69%|######....| 405/585 [00:06:42<00:02:58,  1.01it/s, loss=0.0248]
Epoch 29:  70%|######....| 409/585 [00:06:47<00:02:55,  1.00it/s, loss=0.0249]
Epoch 29:  71%|#######...| 414/585 [00:06:52<00:02:50,  1.00it/s, loss=0.0249]
Epoch 29:  72%|#######...| 419/585 [00:06:57<00:02:45,  1.00it/s, loss=0.0249]
Epoch 29:  73%|#######...| 425/585 [00:07:03<00:02:39,  1.00it/s, loss=0.0249]
Epoch 29:  74%|#######...| 431/585 [00:07:09<00:02:33,  1.00it/s, loss=0.0249]
Epoch 29:  75%|#######...| 436/585 [00:07:14<00:02:28,  1.00it/s, loss=0.0250]
Epoch 29:  76%|#######...| 442/585 [00:07:19<00:02:22,  1.01it/s, loss=0.0250]
Epoch 29:  76%|#######...| 447/585 [00:07:25<00:02:17,  1.00it/s, loss=0.0250]
Epoch 29:  77%|#######...| 453/585 [00:07:31<00:02:11,  1.00it/s, loss=0.0250]
Epoch 29:  78%|#######...| 459/585 [00:07:37<00:02:05,  1.00it/s, loss=0.0250]
Epoch 29:  79%|#######...| 465/585 [00:07:43<00:01:59,  1.00it/s, loss=0.0250]
Epoch 29:  81%|########..| 471/585 [00:07:49<00:01:53,  1.00it/s, loss=0.0250]
Epoch 29:  82%|########..| 477/585 [00:07:55<00:01:47,  1.00it/s, loss=0.0250]
Epoch 29:  83%|########..| 483/585 [00:08:01<00:01:41,  1.00it/s, loss=0.0250]
Epoch 29:  84%|########..| 489/585 [00:08:06<00:01:35,  1.00it/s, loss=0.0249]
Epoch 29:  85%|########..| 496/585 [00:08:12<00:01:28,  1.01it/s, loss=0.0249]
Epoch 29:  86%|########..| 502/585 [00:08:17<00:01:22,  1.01it/s, loss=0.0249]
Epoch 29:  86%|########..| 506/585 [00:08:23<00:01:18,  1.01it/s, loss=0.0249]
Epoch 29:  87%|########..| 511/585 [00:08:29<00:01:13,  1.00it/s, loss=0.0249]
Epoch 29:  88%|########..| 517/585 [00:08:34<00:01:07,  1.00it/s, loss=0.0249]
Epoch 29:  89%|########..| 523/585 [00:08:40<00:01:01,  1.00it/s, loss=0.0249]
Epoch 29:  90%|#########.| 529/585 [00:08:46<00:00:55,  1.01it/s, loss=0.0249]
Epoch 29:  91%|#########.| 535/585 [00:08:51<00:00:49,  1.01it/s, loss=0.0249]
Epoch 29:  92%|#########.| 540/585 [00:08:56<00:00:44,  1.01it/s, loss=0.0250]
Epoch 29:  94%|#########.| 547/585 [00:09:02<00:00:37,  1.01it/s, loss=0.0250]
Epoch 29:  94%|#########.| 552/585 [00:09:08<00:00:32,  1.01it/s, loss=0.0250]
Epoch 29:  95%|#########.| 558/585 [00:09:13<00:00:26,  1.01it/s, loss=0.0250]
Epoch 29:  96%|#########.| 563/585 [00:09:18<00:00:21,  1.01it/s, loss=0.0250]
Epoch 29:  97%|#########.| 569/585 [00:09:24<00:00:15,  1.01it/s, loss=0.0250]
Epoch 29:  98%|#########.| 575/585 [00:09:30<00:00:09,  1.01it/s, loss=0.0250]
Epoch 29:  99%|#########.| 579/585 [00:09:35<00:00:05,  1.01it/s, loss=0.0250]
Epoch 29: 100%|#########.| 584/585 [00:09:40<00:00:00,  1.01it/s, loss=0.0250]
Epoch 29: 100%|##########| 585/585 [00:09:41<00:00:00,  1.01it/s, loss=0.0250]
Test loss: 0.0246, Test rmsae: 7.35deg
{"event": "epoch_complete", "epoch": 29, "phase": 2, "lr": 1e-05, "batch_size": 10, "micro_batch_size": 1, "train_loss": 0.025017442843980258, "val_loss": 0.024567931075580418, "val_rmsae_deg": 7.3532939702272415, "epoch_time_s": 582.2154614019673}
Epoch 30/40:
Epoch 30:   1%|..........| 5/585 [00:00:05<00:09:58,  0.97it/s, loss=0.0229]
Epoch 30:   2%|..........| 11/585 [00:00:10<00:09:04,  1.05it/s, loss=0.0246]
Epoch 30:   3%|..........| 17/585 [00:00:15<00:08:44,  1.08it/s, loss=0.0253]
Epoch 30:   4%|..........| 22/585 [00:00:21<00:09:06,  1.03it/s, loss=0.0259]
Epoch 30:   5%|..........| 28/585 [00:00:26<00:08:52,  1.05it/s, loss=0.0258]
Epoch 30:   6%|..........| 34/585 [00:00:32<00:08:46,  1.05it/s, loss=0.0258]
Epoch 30:   7%|..........| 40/585 [00:00:37<00:08:34,  1.06it/s, loss=0.0252]
Epoch 30:   8%|..........| 46/585 [00:00:43<00:08:28,  1.06it/s, loss=0.0251]
Epoch 30:   9%|..........| 52/585 [00:00:48<00:08:19,  1.07it/s, loss=0.0249]
Epoch 30:  10%|..........| 58/585 [00:00:54<00:08:12,  1.07it/s, loss=0.0244]
Epoch 30:  11%|#.........| 64/585 [00:00:59<00:08:06,  1.07it/s, loss=0.0245]
Epoch 30:  12%|#.........| 69/585 [00:01:04<00:08:04,  1.06it/s, loss=0.0243]
Epoch 30:  13%|#.........| 75/585 [00:01:10<00:07:58,  1.07it/s, loss=0.0243]
Epoch 30:  14%|#.........| 81/585 [00:01:15<00:07:51,  1.07it/s, loss=0.0243]
Epoch 30:  15%|#.........| 86/585 [00:01:20<00:07:49,  1.06it/s, loss=0.0242]
Epoch 30:  16%|#.........| 91/585 [00:01:26<00:07:49,  1.05it/s, loss=0.0244]
Epoch 30:  16%|#.........| 96/585 [00:01:31<00:07:46,  1.05it/s, loss=0.0244]
Epoch 30:  17%|#.........| 102/585 [00:01:37<00:07:40,  1.05it/s, loss=0.0244]
Epoch 30:  18%|#.........| 108/585 [00:01:42<00:07:33,  1.05it/s, loss=0.0246]
Epoch 30:  19%|#.........| 114/585 [00:01:48<00:07:27,  1.05it/s, loss=0.0246]
Epoch 30:  21%|##........| 120/585 [00:01:53<00:07:21,  1.05it/s, loss=0.0246]
Epoch 30:  22%|##........| 126/585 [00:01:59<00:07:16,  1.05it/s, loss=0.0246]
Epoch 30:  22%|##........| 131/585 [00:02:05<00:07:13,  1.05it/s, loss=0.0246]
Epoch 30:  23%|##........| 137/585 [00:02:10<00:07:06,  1.05it/s, loss=0.0247]
Epoch 30:  24%|##........| 142/585 [00:02:15<00:07:02,  1.05it/s, loss=0.0246]
Epoch 30:  25%|##........| 147/585 [00:02:20<00:06:59,  1.04it/s, loss=0.0247]
Epoch 30:  26%|##........| 152/585 [00:02:26<00:06:57,  1.04it/s, loss=0.0249]
Epoch 30:  27%|##........| 158/585 [00:02:32<00:06:51,  1.04it/s, loss=0.0248]
Epoch 30:  28%|##........| 164/585 [00:02:38<00:06:46,  1.04it/s, loss=0.0247]
Epoch 30:  29%|##........| 169/585 [00:02:43<00:06:41,  1.04it/s, loss=0.0247]
Epoch 30:  30%|##........| 173/585 [00:02:48<00:06:42,  1.02it/s, loss=0.0247]
Epoch 30:  31%|###.......| 179/585 [00:02:54<00:06:36,  1.02it/s, loss=0.0246]
Epoch 30:  32%|###.......| 185/585 [00:03:00<00:06:30,  1.03it/s, loss=0.0246]
Epoch 30:  33%|###.......| 191/585 [00:03:05<00:06:23,  1.03it/s, loss=0.0245]
Epoch 30:  34%|###.......| 197/585 [00:03:11<00:06:17,  1.03it/s, loss=0.0245]
Epoch 30:  35%|###.......| 203/585 [00:03:17<00:06:11,  1.03it/s, loss=0.0246]
Epoch 30:  36%|###.......| 208/585 [00:03:22<00:06:06,  1.03it/s, loss=0.0245]
Epoch 30:  37%|###.......| 214/585 [00:03:28<00:06:01,  1.03it/s, loss=0.0245]
Epoch 30:  38%|###.......| 220/585 [00:03:34<00:05:55,  1.03it/s, loss=0.0244]
Epoch 30:  39%|###.......| 226/585 [00:03:40<00:05:49,  1.03it/s, loss=0.0245]
Epoch 30:  40%|###.......| 232/585 [00:03:46<00:05:43,  1.03it/s, loss=0.0245]
Epoch 30:  41%|####......| 238/585 [00:03:51<00:05:37,  1.03it/s, loss=0.0244]
Epoch 30:  42%|####......| 243/585 [00:03:56<00:05:33,  1.03it/s, loss=0.0245]
Epoch 30:  43%|####......| 249/585 [00:04:02<00:05:27,  1.03it/s, loss=0.0245]
Epoch 30:  44%|####......| 255/585 [00:04:08<00:05:22,  1.02it/s, loss=0.0245]
Epoch 30:  45%|####......| 261/585 [00:04:14<00:05:15,  1.03it/s, loss=0.0246]
Epoch 30:  46%|####......| 267/585 [00:04:19<00:05:08,  1.03it/s, loss=0.0245]
Epoch 30:  46%|####......| 272/585 [00:04:24<00:05:04,  1.03it/s, loss=0.0245]
Epoch 30:  48%|####......| 278/585 [00:04:30<00:04:59,  1.03it/s, loss=0.0245]
Epoch 30:  48%|####......| 283/585 [00:04:36<00:04:54,  1.02it/s, loss=0.0246]
Epoch 30:  49%|####......| 289/585 [00:04:41<00:04:48,  1.03it/s, loss=0.0246]
Epoch 30:  50%|#####.....| 294/585 [00:04:47<00:04:44,  1.02it/s, loss=0.0245]
Epoch 30:  51%|#####.....| 298/585 [00:04:53<00:04:42,  1.02it/s, loss=0.0254]
Epoch 30:  52%|#####.....| 303/585 [00:04:58<00:04:38,  1.01it/s, loss=0.0255]
Epoch 30:  53%|#####.....| 308/585 [00:05:04<00:04:33,  1.01it/s, loss=0.0255]
Epoch 30:  54%|#####.....| 314/585 [00:05:09<00:04:27,  1.01it/s, loss=0.0254]
Epoch 30:  55%|#####.....| 319/585 [00:05:16<00:04:23,  1.01it/s, loss=0.0256]
Epoch 30:  55%|#####.....| 324/585 [00:05:21<00:04:18,  1.01it/s, loss=0.0255]
Epoch 30:  56%|#####.....| 330/585 [00:05:27<00:04:12,  1.01it/s, loss=0.0255]
Epoch 30:  57%|#####.....| 335/585 [00:05:32<00:04:08,  1.01it/s, loss=0.0255]
Epoch 30:  58%|#####.....| 340/585 [00:05:37<00:04:03,  1.01it/s, loss=0.0256]
Epoch 30:  59%|#####.....| 346/585 [00:05:43<00:03:57,  1.01it/s, loss=0.0256]
Epoch 30:  60%|######....| 352/585 [00:05:49<00:03:51,  1.01it/s, loss=0.0255]
Epoch 30:  61%|######....| 358/585 [00:05:54<00:03:45,  1.01it/s, loss=0.0257]
Epoch 30:  62%|######....| 363/585 [00:05:59<00:03:40,  1.01it/s, loss=0.0257]
Epoch 30:  63%|######....| 368/585 [00:06:05<00:03:35,  1.01it/s, loss=0.0256]
Epoch 30:  64%|######....| 374/585 [00:06:10<00:03:29,  1.01it/s, loss=0.0256]
Epoch 30:  65%|######....| 380/585 [00:06:16<00:03:22,  1.01it/s, loss=0.0255]
Epoch 30:  66%|######....| 386/585 [00:06:21<00:03:16,  1.01it/s, loss=0.0255]
Epoch 30:  67%|######....| 392/585 [00:06:27<00:03:10,  1.01it/s, loss=0.0255]
Epoch 30:  68%|######....| 398/585 [00:06:32<00:03:04,  1.01it/s, loss=0.0254]
Epoch 30:  69%|######....| 404/585 [00:06:38<00:02:58,  1.01it/s, loss=0.0254]
Epoch 30:  70%|#######...| 410/585 [00:06:44<00:02:52,  1.01it/s, loss=0.0254]
Epoch 30:  71%|#######...| 416/585 [00:06:49<00:02:46,  1.01it/s, loss=0.0254]
Epoch 30:  72%|#######...| 421/585 [00:06:55<00:02:41,  1.01it/s, loss=0.0254]
Epoch 30:  73%|#######...| 426/585 [00:07:00<00:02:37,  1.01it/s, loss=0.0254]
Epoch 30:  74%|#######...| 432/585 [00:07:06<00:02:31,  1.01it/s, loss=0.0254]
Epoch 30:  75%|#######...| 438/585 [00:07:11<00:02:24,  1.01it/s, loss=0.0254]
Epoch 30:  76%|#######...| 444/585 [00:07:17<00:02:18,  1.02it/s, loss=0.0254]
Epoch 30:  77%|#######...| 449/585 [00:07:22<00:02:14,  1.01it/s, loss=0.0254]
Epoch 30:  78%|#######...| 454/585 [00:07:28<00:02:09,  1.01it/s, loss=0.0254]
Epoch 30:  79%|#######...| 460/585 [00:07:34<00:02:03,  1.01it/s, loss=0.0254]
Epoch 30:  80%|#######...| 466/585 [00:07:40<00:01:57,  1.01it/s, loss=0.0254]
Epoch 30:  81%|########..| 472/585 [00:07:45<00:01:51,  1.01it/s, loss=0.0254]
Epoch 30:  82%|########..| 478/585 [00:07:51<00:01:45,  1.01it/s, loss=0.0254]
Epoch 30:  83%|########..| 484/585 [00:07:57<00:01:39,  1.01it/s, loss=0.0254]
Epoch 30:  84%|########..| 490/585 [00:08:02<00:01:33,  1.01it/s, loss=0.0253]
Epoch 30:  85%|########..| 496/585 [00:08:08<00:01:27,  1.02it/s, loss=0.0253]
Epoch 30:  86%|########..| 502/585 [00:08:13<00:01:21,  1.02it/s, loss=0.0253]
Epoch 30:  87%|########..| 508/585 [00:08:19<00:01:15,  1.02it/s, loss=0.0253]
Epoch 30:  88%|########..| 513/585 [00:08:25<00:01:10,  1.02it/s, loss=0.0253]
Epoch 30:  89%|########..| 519/585 [00:08:30<00:01:04,  1.02it/s, loss=0.0253]
Epoch 30:  90%|########..| 524/585 [00:08:35<00:01:00,  1.02it/s, loss=0.0253]
Epoch 30:  90%|#########.| 529/585 [00:08:40<00:00:55,  1.02it/s, loss=0.0253]
Epoch 30:  91%|#########.| 535/585 [00:08:46<00:00:49,  1.02it/s, loss=0.0253]
Epoch 30:  92%|#########.| 540/585 [00:08:52<00:00:44,  1.01it/s, loss=0.0252]
Epoch 30:  93%|#########.| 545/585 [00:08:57<00:00:39,  1.01it/s, loss=0.0253]
Epoch 30:  94%|#########.| 551/585 [00:09:02<00:00:33,  1.02it/s, loss=0.0253]
Epoch 30:  95%|#########.| 557/585 [00:09:08<00:00:27,  1.02it/s, loss=0.0253]
Epoch 30:  96%|#########.| 563/585 [00:09:14<00:00:21,  1.02it/s, loss=0.0252]
Epoch 30:  97%|#########.| 569/585 [00:09:19<00:00:15,  1.02it/s, loss=0.0252]
Epoch 30:  98%|#########.| 574/585 [00:09:24<00:00:10,  1.02it/s, loss=0.0252]
Epoch 30:  99%|#########.| 579/585 [00:09:30<00:00:05,  1.02it/s, loss=0.0253]
Epoch 30: 100%|#########.| 584/585 [00:09:35<00:00:00,  1.02it/s, loss=0.0253]
Epoch 30: 100%|##########| 585/585 [00:09:36<00:00:00,  1.02it/s, loss=0.0253]
Test loss: 0.0246, Test rmsae: 7.37deg
{"event": "epoch_complete", "epoch": 30, "phase": 2, "lr": 1e-05, "batch_size": 10, "micro_batch_size": 1, "train_loss": 0.025268584926031592, "val_loss": 0.02457958916784264, "val_rmsae_deg": 7.373994216322899, "epoch_time_s": 576.853095053928}
{"event": "checkpoint_saved", "tag": "epoch_030", "epoch": 30, "path": "IFAN_Edge/outputs/stage3/ifan_stage3_full20_freqblock_paper_original_20260419_005314/checkpoints/epoch_030.pt"}
Epoch 31/40:
Epoch 31:   1%|..........| 6/585 [00:00:06<00:10:59,  0.88it/s, loss=0.0306]
Epoch 31:   2%|..........| 11/585 [00:00:12<00:10:42,  0.89it/s, loss=0.0270]
Epoch 31:   3%|..........| 16/585 [00:00:18<00:10:50,  0.87it/s, loss=0.0275]
Epoch 31:   4%|..........| 21/585 [00:00:23<00:10:37,  0.88it/s, loss=0.0275]
Epoch 31:   4%|..........| 26/585 [00:00:29<00:10:35,  0.88it/s, loss=0.0274]
Epoch 31:   5%|..........| 31/585 [00:00:34<00:10:22,  0.89it/s, loss=0.0269]
Epoch 31:   6%|..........| 37/585 [00:00:40<00:10:03,  0.91it/s, loss=0.0260]
Epoch 31:   7%|..........| 43/585 [00:00:46<00:09:45,  0.93it/s, loss=0.0256]
Epoch 31:   8%|..........| 48/585 [00:00:51<00:09:35,  0.93it/s, loss=0.0253]
Epoch 31:   9%|..........| 53/585 [00:00:57<00:09:36,  0.92it/s, loss=0.0257]
Epoch 31:  10%|#.........| 59/585 [00:01:03<00:09:21,  0.94it/s, loss=0.0254]
Epoch 31:  11%|#.........| 65/585 [00:01:08<00:09:10,  0.95it/s, loss=0.0251]
Epoch 31:  12%|#.........| 71/585 [00:01:14<00:08:58,  0.95it/s, loss=0.0250]
Epoch 31:  13%|#.........| 77/585 [00:01:19<00:08:46,  0.96it/s, loss=0.0248]
Epoch 31:  14%|#.........| 83/585 [00:01:25<00:08:36,  0.97it/s, loss=0.0250]
Epoch 31:  15%|#.........| 89/585 [00:01:30<00:08:27,  0.98it/s, loss=0.0250]
Epoch 31:  16%|#.........| 95/585 [00:01:36<00:08:17,  0.99it/s, loss=0.0249]
Epoch 31:  17%|#.........| 101/585 [00:01:42<00:08:09,  0.99it/s, loss=0.0247]
Epoch 31:  18%|#.........| 106/585 [00:01:47<00:08:04,  0.99it/s, loss=0.0252]
Epoch 31:  19%|#.........| 111/585 [00:01:53<00:08:02,  0.98it/s, loss=0.0254]
Epoch 31:  20%|##........| 117/585 [00:01:58<00:07:55,  0.98it/s, loss=0.0254]
Epoch 31:  21%|##........| 122/585 [00:02:04<00:07:50,  0.98it/s, loss=0.0252]
Epoch 31:  22%|##........| 127/585 [00:02:09<00:07:47,  0.98it/s, loss=0.0251]
Epoch 31:  23%|##........| 132/585 [00:02:15<00:07:43,  0.98it/s, loss=0.0251]
Epoch 31:  24%|##........| 138/585 [00:02:20<00:07:36,  0.98it/s, loss=0.0251]
Epoch 31:  24%|##........| 143/585 [00:02:25<00:07:31,  0.98it/s, loss=0.0252]
Epoch 31:  25%|##........| 149/585 [00:02:31<00:07:24,  0.98it/s, loss=0.0250]
Epoch 31:  26%|##........| 154/585 [00:02:36<00:07:19,  0.98it/s, loss=0.0250]
Epoch 31:  27%|##........| 160/585 [00:02:42<00:07:11,  0.99it/s, loss=0.0251]
Epoch 31:  28%|##........| 166/585 [00:02:48<00:07:05,  0.99it/s, loss=0.0250]
Epoch 31:  29%|##........| 171/585 [00:02:54<00:07:01,  0.98it/s, loss=0.0250]
Epoch 31:  30%|###.......| 176/585 [00:03:00<00:06:58,  0.98it/s, loss=0.0250]
Epoch 31:  31%|###.......| 182/585 [00:03:05<00:06:51,  0.98it/s, loss=0.0249]
Epoch 31:  32%|###.......| 187/585 [00:03:11<00:06:46,  0.98it/s, loss=0.0249]
Epoch 31:  33%|###.......| 193/585 [00:03:17<00:06:40,  0.98it/s, loss=0.0249]
Epoch 31:  34%|###.......| 197/585 [00:03:22<00:06:37,  0.98it/s, loss=0.0248]
Epoch 31:  35%|###.......| 203/585 [00:03:28<00:06:32,  0.97it/s, loss=0.0249]
Epoch 31:  36%|###.......| 209/585 [00:03:33<00:06:24,  0.98it/s, loss=0.0249]
Epoch 31:  37%|###.......| 215/585 [00:03:39<00:06:17,  0.98it/s, loss=0.0249]
Epoch 31:  38%|###.......| 220/585 [00:03:45<00:06:14,  0.98it/s, loss=0.0249]
Epoch 31:  38%|###.......| 225/585 [00:03:50<00:06:09,  0.97it/s, loss=0.0250]
Epoch 31:  39%|###.......| 230/585 [00:03:57<00:06:05,  0.97it/s, loss=0.0249]
Epoch 31:  40%|####......| 235/585 [00:04:02<00:06:00,  0.97it/s, loss=0.0249]
Epoch 31:  41%|####......| 240/585 [00:04:07<00:05:55,  0.97it/s, loss=0.0250]
Epoch 31:  42%|####......| 245/585 [00:04:12<00:05:50,  0.97it/s, loss=0.0250]
Epoch 31:  43%|####......| 251/585 [00:04:17<00:05:43,  0.97it/s, loss=0.0249]
Epoch 31:  44%|####......| 257/585 [00:04:23<00:05:36,  0.98it/s, loss=0.0249]
Epoch 31:  45%|####......| 263/585 [00:04:29<00:05:29,  0.98it/s, loss=0.0249]
Epoch 31:  46%|####......| 269/585 [00:04:36<00:05:24,  0.97it/s, loss=0.0250]
Epoch 31:  47%|####......| 275/585 [00:04:41<00:05:17,  0.98it/s, loss=0.0250]
Epoch 31:  48%|####......| 281/585 [00:04:47<00:05:11,  0.98it/s, loss=0.0250]
Epoch 31:  49%|####......| 285/585 [00:04:52<00:05:08,  0.97it/s, loss=0.0250]
Epoch 31:  50%|####......| 291/585 [00:04:58<00:05:01,  0.97it/s, loss=0.0250]
Epoch 31:  51%|#####.....| 297/585 [00:05:04<00:04:54,  0.98it/s, loss=0.0249]
Epoch 31:  51%|#####.....| 301/585 [00:05:09<00:04:51,  0.97it/s, loss=0.0249]
Epoch 31:  52%|#####.....| 307/585 [00:05:15<00:04:45,  0.97it/s, loss=0.0249]
Epoch 31:  53%|#####.....| 312/585 [00:05:20<00:04:40,  0.97it/s, loss=0.0249]
Epoch 31:  54%|#####.....| 317/585 [00:05:25<00:04:35,  0.97it/s, loss=0.0249]
Epoch 31:  55%|#####.....| 322/585 [00:05:31<00:04:30,  0.97it/s, loss=0.0250]
Epoch 31:  56%|#####.....| 327/585 [00:05:36<00:04:25,  0.97it/s, loss=0.0251]
Epoch 31:  57%|#####.....| 332/585 [00:05:41<00:04:20,  0.97it/s, loss=0.0251]
Epoch 31:  58%|#####.....| 338/585 [00:05:46<00:04:13,  0.97it/s, loss=0.0251]
Epoch 31:  59%|#####.....| 344/585 [00:05:52<00:04:07,  0.97it/s, loss=0.0251]
Epoch 31:  60%|#####.....| 350/585 [00:05:58<00:04:00,  0.98it/s, loss=0.0251]
Epoch 31:  61%|######....| 355/585 [00:06:03<00:03:55,  0.98it/s, loss=0.0251]
Epoch 31:  62%|######....| 361/585 [00:06:09<00:03:49,  0.98it/s, loss=0.0250]
Epoch 31:  63%|######....| 366/585 [00:06:14<00:03:44,  0.98it/s, loss=0.0250]
Epoch 31:  64%|######....| 372/585 [00:06:19<00:03:37,  0.98it/s, loss=0.0250]
Epoch 31:  64%|######....| 377/585 [00:06:24<00:03:32,  0.98it/s, loss=0.0251]
Epoch 31:  66%|######....| 384/585 [00:06:31<00:03:25,  0.98it/s, loss=0.0251]
Epoch 31:  67%|######....| 390/585 [00:06:37<00:03:18,  0.98it/s, loss=0.0251]
Epoch 31:  68%|######....| 396/585 [00:06:43<00:03:12,  0.98it/s, loss=0.0250]
Epoch 31:  69%|######....| 401/585 [00:06:48<00:03:07,  0.98it/s, loss=0.0250]
Epoch 31:  69%|######....| 406/585 [00:06:54<00:03:02,  0.98it/s, loss=0.0250]
Epoch 31:  70%|#######...| 411/585 [00:06:59<00:02:57,  0.98it/s, loss=0.0250]
Epoch 31:  71%|#######...| 416/585 [00:07:04<00:02:52,  0.98it/s, loss=0.0250]
Epoch 31:  72%|#######...| 422/585 [00:07:10<00:02:46,  0.98it/s, loss=0.0249]
Epoch 31:  73%|#######...| 428/585 [00:07:15<00:02:39,  0.98it/s, loss=0.0249]
Epoch 31:  74%|#######...| 434/585 [00:07:21<00:02:33,  0.98it/s, loss=0.0249]
Epoch 31:  75%|#######...| 440/585 [00:07:27<00:02:27,  0.98it/s, loss=0.0248]
Epoch 31:  76%|#######...| 446/585 [00:07:32<00:02:21,  0.98it/s, loss=0.0248]
Epoch 31:  77%|#######...| 450/585 [00:07:38<00:02:17,  0.98it/s, loss=0.0248]
Epoch 31:  78%|#######...| 456/585 [00:07:44<00:02:11,  0.98it/s, loss=0.0248]
Epoch 31:  79%|#######...| 461/585 [00:07:50<00:02:06,  0.98it/s, loss=0.0248]
Epoch 31:  80%|#######...| 466/585 [00:07:55<00:02:01,  0.98it/s, loss=0.0248]
Epoch 31:  81%|########..| 471/585 [00:08:01<00:01:56,  0.98it/s, loss=0.0248]
Epoch 31:  82%|########..| 477/585 [00:08:08<00:01:50,  0.98it/s, loss=0.0247]
Epoch 31:  83%|########..| 483/585 [00:08:13<00:01:44,  0.98it/s, loss=0.0247]
Epoch 31:  84%|########..| 489/585 [00:08:18<00:01:37,  0.98it/s, loss=0.0247]
Epoch 31:  85%|########..| 495/585 [00:08:24<00:01:31,  0.98it/s, loss=0.0247]
Epoch 31:  86%|########..| 501/585 [00:08:30<00:01:25,  0.98it/s, loss=0.0248]
Epoch 31:  87%|########..| 507/585 [00:08:35<00:01:19,  0.98it/s, loss=0.0248]
Epoch 31:  88%|########..| 513/585 [00:08:41<00:01:13,  0.98it/s, loss=0.0248]
Epoch 31:  89%|########..| 518/585 [00:08:46<00:01:08,  0.98it/s, loss=0.0248]
Epoch 31:  90%|########..| 524/585 [00:08:51<00:01:01,  0.99it/s, loss=0.0248]
Epoch 31:  91%|#########.| 530/585 [00:08:57<00:00:55,  0.99it/s, loss=0.0247]
Epoch 31:  92%|#########.| 536/585 [00:09:03<00:00:49,  0.99it/s, loss=0.0247]
Epoch 31:  93%|#########.| 542/585 [00:09:08<00:00:43,  0.99it/s, loss=0.0248]
Epoch 31:  94%|#########.| 547/585 [00:09:14<00:00:38,  0.99it/s, loss=0.0248]
Epoch 31:  94%|#########.| 552/585 [00:09:19<00:00:33,  0.99it/s, loss=0.0248]
Epoch 31:  95%|#########.| 558/585 [00:09:25<00:00:27,  0.99it/s, loss=0.0249]
Epoch 31:  96%|#########.| 564/585 [00:09:31<00:00:21,  0.99it/s, loss=0.0249]
Epoch 31:  97%|#########.| 569/585 [00:09:36<00:00:16,  0.99it/s, loss=0.0249]
Epoch 31:  98%|#########.| 574/585 [00:09:42<00:00:11,  0.99it/s, loss=0.0248]
Epoch 31:  99%|#########.| 579/585 [00:09:47<00:00:06,  0.99it/s, loss=0.0248]
Epoch 31: 100%|##########| 585/585 [00:09:53<00:00:00,  0.99it/s, loss=0.0248]
Test loss: 0.0246, Test rmsae: 7.40deg
{"event": "epoch_complete", "epoch": 31, "phase": 2, "lr": 1e-05, "batch_size": 10, "micro_batch_size": 1, "train_loss": 0.02478944333508993, "val_loss": 0.024562447186326608, "val_rmsae_deg": 7.397324278950691, "epoch_time_s": 594.270021289005}
Epoch 32/40:
Epoch 32:   1%|..........| 6/585 [00:00:05<00:08:56,  1.08it/s, loss=0.0243]
Epoch 32:   2%|..........| 12/585 [00:00:11<00:09:03,  1.05it/s, loss=0.0252]
Epoch 32:   3%|..........| 18/585 [00:00:17<00:09:03,  1.04it/s, loss=0.0254]
Epoch 32:   4%|..........| 23/585 [00:00:22<00:09:06,  1.03it/s, loss=0.0253]
Epoch 32:   5%|..........| 29/585 [00:00:28<00:08:58,  1.03it/s, loss=0.0262]
Epoch 32:   6%|..........| 35/585 [00:00:33<00:08:45,  1.05it/s, loss=0.0256]
Epoch 32:   7%|..........| 41/585 [00:00:39<00:08:40,  1.05it/s, loss=0.0254]
Epoch 32:   8%|..........| 47/585 [00:00:44<00:08:28,  1.06it/s, loss=0.0251]
Epoch 32:   9%|..........| 53/585 [00:00:50<00:08:24,  1.05it/s, loss=0.0251]
Epoch 32:  10%|..........| 58/585 [00:00:56<00:08:28,  1.04it/s, loss=0.0249]
Epoch 32:  11%|#.........| 64/585 [00:01:01<00:08:18,  1.04it/s, loss=0.0250]
Epoch 32:  12%|#.........| 70/585 [00:01:06<00:08:12,  1.05it/s, loss=0.0249]
Epoch 32:  13%|#.........| 76/585 [00:01:12<00:08:06,  1.05it/s, loss=0.0249]
Epoch 32:  14%|#.........| 82/585 [00:01:18<00:07:59,  1.05it/s, loss=0.0249]
Epoch 32:  15%|#.........| 88/585 [00:01:23<00:07:51,  1.05it/s, loss=0.0246]
Epoch 32:  16%|#.........| 94/585 [00:01:29<00:07:46,  1.05it/s, loss=0.0245]
Epoch 32:  17%|#.........| 100/585 [00:01:35<00:07:41,  1.05it/s, loss=0.0245]
Epoch 32:  18%|#.........| 105/585 [00:01:40<00:07:41,  1.04it/s, loss=0.0244]
Epoch 32:  19%|#.........| 111/585 [00:01:46<00:07:34,  1.04it/s, loss=0.0245]
Epoch 32:  20%|##........| 117/585 [00:01:52<00:07:28,  1.04it/s, loss=0.0245]
Epoch 32:  21%|##........| 123/585 [00:01:58<00:07:23,  1.04it/s, loss=0.0246]
Epoch 32:  22%|##........| 128/585 [00:02:03<00:07:20,  1.04it/s, loss=0.0246]
Epoch 32:  23%|##........| 134/585 [00:02:08<00:07:13,  1.04it/s, loss=0.0246]
Epoch 32:  24%|##........| 140/585 [00:02:14<00:07:07,  1.04it/s, loss=0.0247]
Epoch 32:  25%|##........| 146/585 [00:02:20<00:07:01,  1.04it/s, loss=0.0246]
Epoch 32:  26%|##........| 152/585 [00:02:26<00:06:57,  1.04it/s, loss=0.0246]
Epoch 32:  27%|##........| 158/585 [00:02:32<00:06:51,  1.04it/s, loss=0.0246]
Epoch 32:  28%|##........| 164/585 [00:02:38<00:06:46,  1.04it/s, loss=0.0246]
Epoch 32:  29%|##........| 169/585 [00:02:43<00:06:43,  1.03it/s, loss=0.0248]
Epoch 32:  30%|##........| 175/585 [00:02:49<00:06:37,  1.03it/s, loss=0.0246]
Epoch 32:  31%|###.......| 181/585 [00:02:54<00:06:30,  1.03it/s, loss=0.0246]
Epoch 32:  32%|###.......| 186/585 [00:03:00<00:06:26,  1.03it/s, loss=0.0246]
Epoch 32:  33%|###.......| 192/585 [00:03:05<00:06:20,  1.03it/s, loss=0.0246]
Epoch 32:  34%|###.......| 197/585 [00:03:11<00:06:17,  1.03it/s, loss=0.0246]
Epoch 32:  35%|###.......| 203/585 [00:03:16<00:06:10,  1.03it/s, loss=0.0246]
Epoch 32:  36%|###.......| 209/585 [00:03:22<00:06:04,  1.03it/s, loss=0.0245]
Epoch 32:  37%|###.......| 214/585 [00:03:28<00:06:00,  1.03it/s, loss=0.0246]
Epoch 32:  38%|###.......| 220/585 [00:03:33<00:05:54,  1.03it/s, loss=0.0246]
Epoch 32:  39%|###.......| 226/585 [00:03:39<00:05:48,  1.03it/s, loss=0.0246]
Epoch 32:  39%|###.......| 231/585 [00:03:44<00:05:44,  1.03it/s, loss=0.0246]
Epoch 32:  41%|####......| 237/585 [00:03:49<00:05:37,  1.03it/s, loss=0.0247]
Epoch 32:  41%|####......| 242/585 [00:03:54<00:05:32,  1.03it/s, loss=0.0246]
Epoch 32:  42%|####......| 248/585 [00:03:59<00:05:25,  1.03it/s, loss=0.0245]
Epoch 32:  43%|####......| 253/585 [00:04:05<00:05:21,  1.03it/s, loss=0.0244]
Epoch 32:  44%|####......| 258/585 [00:04:10<00:05:17,  1.03it/s, loss=0.0246]
Epoch 32:  45%|####......| 264/585 [00:04:15<00:05:11,  1.03it/s, loss=0.0245]
Epoch 32:  46%|####......| 269/585 [00:04:21<00:05:07,  1.03it/s, loss=0.0245]
Epoch 32:  47%|####......| 274/585 [00:04:26<00:05:03,  1.03it/s, loss=0.0245]
Epoch 32:  48%|####......| 280/585 [00:04:33<00:04:57,  1.03it/s, loss=0.0245]
Epoch 32:  49%|####......| 286/585 [00:04:38<00:04:51,  1.03it/s, loss=0.0246]
Epoch 32:  50%|####......| 292/585 [00:04:44<00:04:45,  1.03it/s, loss=0.0245]
Epoch 32:  51%|#####.....| 298/585 [00:04:50<00:04:39,  1.03it/s, loss=0.0244]
Epoch 32:  52%|#####.....| 303/585 [00:04:56<00:04:35,  1.02it/s, loss=0.0245]
Epoch 32:  53%|#####.....| 308/585 [00:05:01<00:04:31,  1.02it/s, loss=0.0245]
Epoch 32:  54%|#####.....| 314/585 [00:05:06<00:04:24,  1.02it/s, loss=0.0245]
Epoch 32:  55%|#####.....| 319/585 [00:05:11<00:04:20,  1.02it/s, loss=0.0246]
Epoch 32:  55%|#####.....| 324/585 [00:05:17<00:04:15,  1.02it/s, loss=0.0246]
Epoch 32:  56%|#####.....| 329/585 [00:05:22<00:04:10,  1.02it/s, loss=0.0246]
Epoch 32:  57%|#####.....| 334/585 [00:05:27<00:04:06,  1.02it/s, loss=0.0246]
Epoch 32:  58%|#####.....| 340/585 [00:05:33<00:04:00,  1.02it/s, loss=0.0246]
Epoch 32:  59%|#####.....| 345/585 [00:05:39<00:03:55,  1.02it/s, loss=0.0247]
Epoch 32:  60%|######....| 351/585 [00:05:45<00:03:50,  1.02it/s, loss=0.0247]
Epoch 32:  61%|######....| 356/585 [00:05:50<00:03:45,  1.02it/s, loss=0.0247]
Epoch 32:  62%|######....| 361/585 [00:05:55<00:03:40,  1.01it/s, loss=0.0247]
Epoch 32:  63%|######....| 367/585 [00:06:01<00:03:34,  1.01it/s, loss=0.0247]
Epoch 32:  64%|######....| 373/585 [00:06:07<00:03:28,  1.01it/s, loss=0.0247]
Epoch 32:  65%|######....| 380/585 [00:06:13<00:03:21,  1.02it/s, loss=0.0246]
Epoch 32:  66%|######....| 386/585 [00:06:18<00:03:15,  1.02it/s, loss=0.0246]
Epoch 32:  67%|######....| 392/585 [00:06:24<00:03:09,  1.02it/s, loss=0.0247]
Epoch 32:  68%|######....| 398/585 [00:06:30<00:03:03,  1.02it/s, loss=0.0247]
Epoch 32:  69%|######....| 404/585 [00:06:35<00:02:57,  1.02it/s, loss=0.0247]
Epoch 32:  70%|#######...| 410/585 [00:06:41<00:02:51,  1.02it/s, loss=0.0247]
Epoch 32:  71%|#######...| 417/585 [00:06:47<00:02:44,  1.02it/s, loss=0.0247]
Epoch 32:  72%|#######...| 423/585 [00:06:53<00:02:38,  1.02it/s, loss=0.0247]
Epoch 32:  73%|#######...| 429/585 [00:06:59<00:02:32,  1.02it/s, loss=0.0246]
Epoch 32:  74%|#######...| 435/585 [00:07:04<00:02:26,  1.02it/s, loss=0.0247]
Epoch 32:  75%|#######...| 441/585 [00:07:09<00:02:20,  1.03it/s, loss=0.0247]
Epoch 32:  76%|#######...| 447/585 [00:07:15<00:02:14,  1.03it/s, loss=0.0247]
Epoch 32:  77%|#######...| 453/585 [00:07:20<00:02:08,  1.03it/s, loss=0.0247]
Epoch 32:  78%|#######...| 459/585 [00:07:26<00:02:02,  1.03it/s, loss=0.0247]
Epoch 32:  79%|#######...| 465/585 [00:07:31<00:01:56,  1.03it/s, loss=0.0247]
Epoch 32:  81%|########..| 471/585 [00:07:37<00:01:50,  1.03it/s, loss=0.0247]
Epoch 32:  82%|########..| 477/585 [00:07:42<00:01:44,  1.03it/s, loss=0.0247]
Epoch 32:  83%|########..| 483/585 [00:07:48<00:01:38,  1.03it/s, loss=0.0248]
Epoch 32:  83%|########..| 488/585 [00:07:53<00:01:34,  1.03it/s, loss=0.0248]
Epoch 32:  84%|########..| 494/585 [00:07:59<00:01:28,  1.03it/s, loss=0.0248]
Epoch 32:  85%|########..| 499/585 [00:08:04<00:01:23,  1.03it/s, loss=0.0248]
Epoch 32:  86%|########..| 504/585 [00:08:10<00:01:18,  1.03it/s, loss=0.0248]
Epoch 32:  87%|########..| 509/585 [00:08:16<00:01:14,  1.03it/s, loss=0.0248]
Epoch 32:  88%|########..| 515/585 [00:08:22<00:01:08,  1.03it/s, loss=0.0248]
Epoch 32:  89%|########..| 521/585 [00:08:27<00:01:02,  1.03it/s, loss=0.0247]
Epoch 32:  90%|#########.| 527/585 [00:08:32<00:00:56,  1.03it/s, loss=0.0247]
Epoch 32:  91%|#########.| 533/585 [00:08:38<00:00:50,  1.03it/s, loss=0.0247]
Epoch 32:  92%|#########.| 537/585 [00:08:43<00:00:46,  1.03it/s, loss=0.0247]
Epoch 32:  93%|#########.| 542/585 [00:08:48<00:00:41,  1.02it/s, loss=0.0247]
Epoch 32:  93%|#########.| 546/585 [00:08:54<00:00:38,  1.02it/s, loss=0.0247]
Epoch 32:  94%|#########.| 552/585 [00:08:59<00:00:32,  1.02it/s, loss=0.0247]
Epoch 32:  95%|#########.| 557/585 [00:09:05<00:00:27,  1.02it/s, loss=0.0247]
Epoch 32:  96%|#########.| 563/585 [00:09:10<00:00:21,  1.02it/s, loss=0.0248]
Epoch 32:  97%|#########.| 569/585 [00:09:16<00:00:15,  1.02it/s, loss=0.0247]
Epoch 32:  98%|#########.| 575/585 [00:09:21<00:00:09,  1.02it/s, loss=0.0247]
Epoch 32:  99%|#########.| 580/585 [00:09:27<00:00:04,  1.02it/s, loss=0.0248]
Epoch 32: 100%|##########| 585/585 [00:09:32<00:00:00,  1.02it/s, loss=0.0248]
Test loss: 0.0245, Test rmsae: 7.27deg
{"event": "epoch_complete", "epoch": 32, "phase": 2, "lr": 1e-05, "batch_size": 10, "micro_batch_size": 1, "train_loss": 0.02483684156790503, "val_loss": 0.02450103231240064, "val_rmsae_deg": 7.274050876498222, "epoch_time_s": 573.4849352490855}
Epoch 33/40:
Epoch 33:   1%|..........| 6/585 [00:00:05<00:08:41,  1.11it/s, loss=0.0260]
Epoch 33:   2%|..........| 12/585 [00:00:11<00:08:55,  1.07it/s, loss=0.0242]
Epoch 33:   3%|..........| 17/585 [00:00:16<00:09:08,  1.04it/s, loss=0.0262]
Epoch 33:   4%|..........| 22/585 [00:00:21<00:09:09,  1.02it/s, loss=0.0259]
Epoch 33:   5%|..........| 28/585 [00:00:26<00:08:51,  1.05it/s, loss=0.0248]
Epoch 33:   6%|..........| 34/585 [00:00:32<00:08:49,  1.04it/s, loss=0.0249]
Epoch 33:   7%|..........| 39/585 [00:00:37<00:08:48,  1.03it/s, loss=0.0247]
Epoch 33:   8%|..........| 45/585 [00:00:43<00:08:41,  1.04it/s, loss=0.0243]
Epoch 33:   9%|..........| 51/585 [00:00:49<00:08:35,  1.04it/s, loss=0.0239]
Epoch 33:  10%|..........| 56/585 [00:00:54<00:08:32,  1.03it/s, loss=0.0236]
Epoch 33:  11%|#.........| 62/585 [00:00:59<00:08:24,  1.04it/s, loss=0.0241]
Epoch 33:  11%|#.........| 67/585 [00:01:05<00:08:24,  1.03it/s, loss=0.0238]
Epoch 33:  12%|#.........| 72/585 [00:01:11<00:08:28,  1.01it/s, loss=0.0240]
Epoch 33:  13%|#.........| 77/585 [00:01:16<00:08:25,  1.01it/s, loss=0.0239]
Epoch 33:  14%|#.........| 82/585 [00:01:22<00:08:23,  1.00it/s, loss=0.0249]
Epoch 33:  15%|#.........| 88/585 [00:01:27<00:08:15,  1.00it/s, loss=0.0247]
Epoch 33:  16%|#.........| 93/585 [00:01:32<00:08:10,  1.00it/s, loss=0.0246]
Epoch 33:  17%|#.........| 98/585 [00:01:38<00:08:09,  1.00it/s, loss=0.0254]
Epoch 33:  18%|#.........| 104/585 [00:01:44<00:08:02,  1.00it/s, loss=0.0252]
Epoch 33:  19%|#.........| 109/585 [00:01:50<00:08:00,  0.99it/s, loss=0.0253]
Epoch 33:  19%|#.........| 114/585 [00:01:55<00:07:56,  0.99it/s, loss=0.0254]
Epoch 33:  21%|##........| 120/585 [00:02:01<00:07:49,  0.99it/s, loss=0.0254]
Epoch 33:  22%|##........| 126/585 [00:02:06<00:07:42,  0.99it/s, loss=0.0251]
Epoch 33:  23%|##........| 132/585 [00:02:12<00:07:33,  1.00it/s, loss=0.0251]
Epoch 33:  24%|##........| 138/585 [00:02:17<00:07:25,  1.00it/s, loss=0.0252]
Epoch 33:  24%|##........| 143/585 [00:02:22<00:07:21,  1.00it/s, loss=0.0252]
Epoch 33:  25%|##........| 149/585 [00:02:28<00:07:14,  1.00it/s, loss=0.0251]
Epoch 33:  26%|##........| 155/585 [00:02:34<00:07:07,  1.01it/s, loss=0.0250]
Epoch 33:  28%|##........| 161/585 [00:02:40<00:07:01,  1.01it/s, loss=0.0250]
Epoch 33:  29%|##........| 167/585 [00:02:45<00:06:55,  1.01it/s, loss=0.0251]
Epoch 33:  30%|##........| 173/585 [00:02:51<00:06:48,  1.01it/s, loss=0.0250]
Epoch 33:  31%|###.......| 179/585 [00:02:56<00:06:40,  1.01it/s, loss=0.0250]
Epoch 33:  32%|###.......| 185/585 [00:03:02<00:06:33,  1.02it/s, loss=0.0250]
Epoch 33:  33%|###.......| 191/585 [00:03:08<00:06:28,  1.02it/s, loss=0.0250]
Epoch 33:  34%|###.......| 197/585 [00:03:13<00:06:20,  1.02it/s, loss=0.0252]
Epoch 33:  35%|###.......| 203/585 [00:03:18<00:06:14,  1.02it/s, loss=0.0251]
Epoch 33:  36%|###.......| 209/585 [00:03:25<00:06:08,  1.02it/s, loss=0.0253]
Epoch 33:  37%|###.......| 215/585 [00:03:30<00:06:02,  1.02it/s, loss=0.0253]
Epoch 33:  38%|###.......| 221/585 [00:03:36<00:05:55,  1.02it/s, loss=0.0252]
Epoch 33:  39%|###.......| 227/585 [00:03:41<00:05:49,  1.02it/s, loss=0.0252]
Epoch 33:  40%|###.......| 233/585 [00:03:46<00:05:42,  1.03it/s, loss=0.0251]
Epoch 33:  41%|####......| 239/585 [00:03:52<00:05:36,  1.03it/s, loss=0.0251]
Epoch 33:  42%|####......| 244/585 [00:03:58<00:05:33,  1.02it/s, loss=0.0252]
Epoch 33:  43%|####......| 250/585 [00:04:04<00:05:27,  1.02it/s, loss=0.0251]
Epoch 33:  44%|####......| 256/585 [00:04:10<00:05:21,  1.02it/s, loss=0.0251]
Epoch 33:  45%|####......| 261/585 [00:04:15<00:05:16,  1.02it/s, loss=0.0252]
Epoch 33:  46%|####......| 267/585 [00:04:21<00:05:11,  1.02it/s, loss=0.0251]
Epoch 33:  47%|####......| 273/585 [00:04:26<00:05:04,  1.02it/s, loss=0.0251]
Epoch 33:  48%|####......| 278/585 [00:04:32<00:05:00,  1.02it/s, loss=0.0250]
Epoch 33:  49%|####......| 284/585 [00:04:38<00:04:54,  1.02it/s, loss=0.0251]
Epoch 33:  49%|####......| 289/585 [00:04:43<00:04:50,  1.02it/s, loss=0.0251]
Epoch 33:  50%|#####.....| 293/585 [00:04:48<00:04:47,  1.02it/s, loss=0.0251]
Epoch 33:  51%|#####.....| 299/585 [00:04:53<00:04:41,  1.02it/s, loss=0.0251]
Epoch 33:  52%|#####.....| 305/585 [00:04:59<00:04:34,  1.02it/s, loss=0.0251]
Epoch 33:  53%|#####.....| 311/585 [00:05:04<00:04:28,  1.02it/s, loss=0.0250]
Epoch 33:  54%|#####.....| 317/585 [00:05:10<00:04:22,  1.02it/s, loss=0.0250]
Epoch 33:  55%|#####.....| 323/585 [00:05:15<00:04:15,  1.02it/s, loss=0.0250]
Epoch 33:  56%|#####.....| 329/585 [00:05:21<00:04:10,  1.02it/s, loss=0.0250]
Epoch 33:  57%|#####.....| 334/585 [00:05:27<00:04:06,  1.02it/s, loss=0.0250]
Epoch 33:  58%|#####.....| 340/585 [00:05:33<00:04:00,  1.02it/s, loss=0.0250]
Epoch 33:  59%|#####.....| 346/585 [00:05:39<00:03:54,  1.02it/s, loss=0.0250]
Epoch 33:  60%|######....| 351/585 [00:05:44<00:03:49,  1.02it/s, loss=0.0250]
Epoch 33:  61%|######....| 356/585 [00:05:50<00:03:45,  1.02it/s, loss=0.0250]
Epoch 33:  62%|######....| 362/585 [00:05:55<00:03:38,  1.02it/s, loss=0.0250]
Epoch 33:  63%|######....| 368/585 [00:06:01<00:03:32,  1.02it/s, loss=0.0250]
Epoch 33:  64%|######....| 374/585 [00:06:07<00:03:27,  1.02it/s, loss=0.0250]
Epoch 33:  65%|######....| 380/585 [00:06:12<00:03:21,  1.02it/s, loss=0.0250]
Epoch 33:  66%|######....| 386/585 [00:06:18<00:03:14,  1.02it/s, loss=0.0250]
Epoch 33:  67%|######....| 392/585 [00:06:23<00:03:08,  1.02it/s, loss=0.0250]
Epoch 33:  68%|######....| 398/585 [00:06:29<00:03:02,  1.02it/s, loss=0.0250]
Epoch 33:  69%|######....| 404/585 [00:06:34<00:02:56,  1.02it/s, loss=0.0250]
Epoch 33:  70%|#######...| 410/585 [00:06:40<00:02:50,  1.02it/s, loss=0.0250]
Epoch 33:  71%|#######...| 416/585 [00:06:46<00:02:45,  1.02it/s, loss=0.0250]
Epoch 33:  72%|#######...| 422/585 [00:06:51<00:02:39,  1.02it/s, loss=0.0250]
Epoch 33:  73%|#######...| 428/585 [00:06:57<00:02:33,  1.03it/s, loss=0.0250]
Epoch 33:  74%|#######...| 434/585 [00:07:03<00:02:27,  1.03it/s, loss=0.0250]
Epoch 33:  75%|#######...| 439/585 [00:07:08<00:02:22,  1.02it/s, loss=0.0250]
Epoch 33:  76%|#######...| 444/585 [00:07:13<00:02:17,  1.02it/s, loss=0.0250]
Epoch 33:  77%|#######...| 449/585 [00:07:19<00:02:13,  1.02it/s, loss=0.0251]
Epoch 33:  78%|#######...| 455/585 [00:07:25<00:02:07,  1.02it/s, loss=0.0251]
Epoch 33:  79%|#######...| 461/585 [00:07:31<00:02:01,  1.02it/s, loss=0.0251]
Epoch 33:  80%|#######...| 467/585 [00:07:36<00:01:55,  1.02it/s, loss=0.0250]
Epoch 33:  81%|########..| 473/585 [00:07:41<00:01:49,  1.02it/s, loss=0.0250]
Epoch 33:  82%|########..| 479/585 [00:07:46<00:01:43,  1.03it/s, loss=0.0251]
Epoch 33:  83%|########..| 485/585 [00:07:52<00:01:37,  1.03it/s, loss=0.0251]
Epoch 33:  84%|########..| 491/585 [00:07:58<00:01:31,  1.03it/s, loss=0.0251]
Epoch 33:  85%|########..| 496/585 [00:08:03<00:01:26,  1.03it/s, loss=0.0250]
Epoch 33:  86%|########..| 502/585 [00:08:09<00:01:20,  1.03it/s, loss=0.0250]
Epoch 33:  87%|########..| 508/585 [00:08:14<00:01:15,  1.03it/s, loss=0.0250]
Epoch 33:  88%|########..| 514/585 [00:08:20<00:01:09,  1.03it/s, loss=0.0250]
Epoch 33:  89%|########..| 519/585 [00:08:25<00:01:04,  1.03it/s, loss=0.0250]
Epoch 33:  90%|########..| 525/585 [00:08:30<00:00:58,  1.03it/s, loss=0.0249]
Epoch 33:  91%|#########.| 531/585 [00:08:36<00:00:52,  1.03it/s, loss=0.0250]
Epoch 33:  92%|#########.| 536/585 [00:08:42<00:00:47,  1.03it/s, loss=0.0250]
Epoch 33:  93%|#########.| 542/585 [00:08:48<00:00:41,  1.03it/s, loss=0.0250]
Epoch 33:  94%|#########.| 548/585 [00:08:53<00:00:36,  1.03it/s, loss=0.0250]
Epoch 33:  95%|#########.| 554/585 [00:08:58<00:00:30,  1.03it/s, loss=0.0250]
Epoch 33:  95%|#########.| 558/585 [00:09:03<00:00:26,  1.03it/s, loss=0.0250]
Epoch 33:  96%|#########.| 563/585 [00:09:09<00:00:21,  1.03it/s, loss=0.0250]
Epoch 33:  97%|#########.| 568/585 [00:09:14<00:00:16,  1.02it/s, loss=0.0250]
Epoch 33:  98%|#########.| 574/585 [00:09:20<00:00:10,  1.02it/s, loss=0.0250]
Epoch 33:  99%|#########.| 579/585 [00:09:25<00:00:05,  1.02it/s, loss=0.0251]
Epoch 33: 100%|#########.| 584/585 [00:09:31<00:00:00,  1.02it/s, loss=0.0251]
Epoch 33: 100%|##########| 585/585 [00:09:32<00:00:00,  1.02it/s, loss=0.0251]
Test loss: 0.0245, Test rmsae: 7.37deg
{"event": "epoch_complete", "epoch": 33, "phase": 2, "lr": 1e-05, "batch_size": 10, "micro_batch_size": 1, "train_loss": 0.025068169953221947, "val_loss": 0.024535523349186406, "val_rmsae_deg": 7.368446350097656, "epoch_time_s": 572.9622209710069}
Epoch 34/40:
Epoch 34:   1%|..........| 5/585 [00:00:05<00:09:53,  0.98it/s, loss=0.0303]
Epoch 34:   2%|..........| 11/585 [00:00:10<00:09:00,  1.06it/s, loss=0.0280]
Epoch 34:   3%|..........| 17/585 [00:00:15<00:08:50,  1.07it/s, loss=0.0276]
Epoch 34:   4%|..........| 23/585 [00:00:21<00:08:40,  1.08it/s, loss=0.0268]
Epoch 34:   5%|..........| 29/585 [00:00:27<00:08:41,  1.07it/s, loss=0.0257]
Epoch 34:   6%|..........| 34/585 [00:00:32<00:08:49,  1.04it/s, loss=0.0256]
Epoch 34:   7%|..........| 39/585 [00:00:37<00:08:47,  1.03it/s, loss=0.0262]
Epoch 34:   8%|..........| 44/585 [00:00:43<00:08:48,  1.02it/s, loss=0.0261]
Epoch 34:   9%|..........| 50/585 [00:00:48<00:08:41,  1.03it/s, loss=0.0260]
Epoch 34:   9%|..........| 55/585 [00:00:54<00:08:41,  1.02it/s, loss=0.0260]
Epoch 34:  10%|#.........| 60/585 [00:00:59<00:08:37,  1.01it/s, loss=0.0258]
Epoch 34:  11%|#.........| 65/585 [00:01:04<00:08:39,  1.00it/s, loss=0.0257]
Epoch 34:  12%|#.........| 70/585 [00:01:10<00:08:35,  1.00it/s, loss=0.0255]
Epoch 34:  13%|#.........| 75/585 [00:01:15<00:08:32,  1.00it/s, loss=0.0256]
Epoch 34:  14%|#.........| 81/585 [00:01:21<00:08:24,  1.00it/s, loss=0.0255]
Epoch 34:  15%|#.........| 87/585 [00:01:26<00:08:14,  1.01it/s, loss=0.0253]
Epoch 34:  16%|#.........| 93/585 [00:01:31<00:08:05,  1.01it/s, loss=0.0250]
Epoch 34:  17%|#.........| 99/585 [00:01:37<00:07:57,  1.02it/s, loss=0.0248]
Epoch 34:  18%|#.........| 105/585 [00:01:42<00:07:48,  1.02it/s, loss=0.0246]
Epoch 34:  19%|#.........| 110/585 [00:01:47<00:07:45,  1.02it/s, loss=0.0253]
Epoch 34:  19%|#.........| 114/585 [00:01:52<00:07:46,  1.01it/s, loss=0.0254]
Epoch 34:  21%|##........| 120/585 [00:01:58<00:07:39,  1.01it/s, loss=0.0253]
Epoch 34:  21%|##........| 125/585 [00:02:03<00:07:35,  1.01it/s, loss=0.0252]
Epoch 34:  22%|##........| 131/585 [00:02:09<00:07:27,  1.02it/s, loss=0.0251]
Epoch 34:  23%|##........| 137/585 [00:02:14<00:07:20,  1.02it/s, loss=0.0252]
Epoch 34:  24%|##........| 143/585 [00:02:20<00:07:14,  1.02it/s, loss=0.0255]
Epoch 34:  25%|##........| 148/585 [00:02:25<00:07:10,  1.01it/s, loss=0.0254]
Epoch 34:  26%|##........| 154/585 [00:02:31<00:07:04,  1.01it/s, loss=0.0254]
Epoch 34:  27%|##........| 159/585 [00:02:37<00:07:01,  1.01it/s, loss=0.0254]
Epoch 34:  28%|##........| 165/585 [00:02:42<00:06:53,  1.01it/s, loss=0.0253]
Epoch 34:  29%|##........| 171/585 [00:02:48<00:06:47,  1.02it/s, loss=0.0254]
Epoch 34:  30%|###.......| 177/585 [00:02:53<00:06:41,  1.02it/s, loss=0.0254]
Epoch 34:  31%|###.......| 182/585 [00:03:00<00:06:39,  1.01it/s, loss=0.0255]
Epoch 34:  32%|###.......| 188/585 [00:03:05<00:06:31,  1.01it/s, loss=0.0254]
Epoch 34:  33%|###.......| 193/585 [00:03:10<00:06:27,  1.01it/s, loss=0.0255]
Epoch 34:  34%|###.......| 199/585 [00:03:16<00:06:20,  1.01it/s, loss=0.0255]
Epoch 34:  35%|###.......| 204/585 [00:03:21<00:06:16,  1.01it/s, loss=0.0254]
Epoch 34:  36%|###.......| 209/585 [00:03:26<00:06:11,  1.01it/s, loss=0.0254]
Epoch 34:  37%|###.......| 215/585 [00:03:32<00:06:05,  1.01it/s, loss=0.0253]
Epoch 34:  38%|###.......| 221/585 [00:03:37<00:05:58,  1.02it/s, loss=0.0252]
Epoch 34:  39%|###.......| 226/585 [00:03:42<00:05:54,  1.01it/s, loss=0.0253]
Epoch 34:  40%|###.......| 232/585 [00:03:49<00:05:48,  1.01it/s, loss=0.0253]
Epoch 34:  41%|####......| 237/585 [00:03:55<00:05:46,  1.01it/s, loss=0.0254]
Epoch 34:  41%|####......| 242/585 [00:04:00<00:05:41,  1.00it/s, loss=0.0254]
Epoch 34:  42%|####......| 248/585 [00:04:06<00:05:35,  1.00it/s, loss=0.0253]
Epoch 34:  43%|####......| 254/585 [00:04:12<00:05:29,  1.01it/s, loss=0.0254]
Epoch 34:  44%|####......| 259/585 [00:04:17<00:05:24,  1.01it/s, loss=0.0254]
Epoch 34:  45%|####......| 264/585 [00:04:23<00:05:20,  1.00it/s, loss=0.0253]
Epoch 34:  46%|####......| 269/585 [00:04:28<00:05:15,  1.00it/s, loss=0.0254]
Epoch 34:  47%|####......| 274/585 [00:04:34<00:05:11,  1.00it/s, loss=0.0253]
Epoch 34:  48%|####......| 279/585 [00:04:39<00:05:06,  1.00it/s, loss=0.0253]
Epoch 34:  49%|####......| 285/585 [00:04:45<00:05:00,  1.00it/s, loss=0.0252]
Epoch 34:  50%|####......| 291/585 [00:04:50<00:04:53,  1.00it/s, loss=0.0252]
Epoch 34:  51%|#####.....| 297/585 [00:04:56<00:04:47,  1.00it/s, loss=0.0252]
Epoch 34:  52%|#####.....| 302/585 [00:05:01<00:04:42,  1.00it/s, loss=0.0252]
Epoch 34:  53%|#####.....| 308/585 [00:05:07<00:04:36,  1.00it/s, loss=0.0252]
Epoch 34:  54%|#####.....| 314/585 [00:05:13<00:04:30,  1.00it/s, loss=0.0253]
Epoch 34:  55%|#####.....| 319/585 [00:05:18<00:04:25,  1.00it/s, loss=0.0253]
Epoch 34:  55%|#####.....| 324/585 [00:05:24<00:04:21,  1.00it/s, loss=0.0252]
Epoch 34:  56%|#####.....| 330/585 [00:05:30<00:04:15,  1.00it/s, loss=0.0252]
Epoch 34:  57%|#####.....| 336/585 [00:05:36<00:04:09,  1.00it/s, loss=0.0251]
Epoch 34:  58%|#####.....| 341/585 [00:05:41<00:04:04,  1.00it/s, loss=0.0251]
Epoch 34:  59%|#####.....| 347/585 [00:05:46<00:03:57,  1.00it/s, loss=0.0251]
Epoch 34:  60%|######....| 353/585 [00:05:52<00:03:51,  1.00it/s, loss=0.0251]
Epoch 34:  61%|######....| 359/585 [00:05:57<00:03:45,  1.00it/s, loss=0.0250]
Epoch 34:  62%|######....| 365/585 [00:06:02<00:03:38,  1.01it/s, loss=0.0250]
Epoch 34:  63%|######....| 371/585 [00:06:07<00:03:32,  1.01it/s, loss=0.0250]
Epoch 34:  64%|######....| 377/585 [00:06:13<00:03:25,  1.01it/s, loss=0.0249]
Epoch 34:  65%|######....| 383/585 [00:06:19<00:03:19,  1.01it/s, loss=0.0249]
Epoch 34:  66%|######....| 389/585 [00:06:24<00:03:13,  1.01it/s, loss=0.0249]
Epoch 34:  67%|######....| 394/585 [00:06:30<00:03:09,  1.01it/s, loss=0.0249]
Epoch 34:  68%|######....| 400/585 [00:06:36<00:03:03,  1.01it/s, loss=0.0250]
Epoch 34:  69%|######....| 405/585 [00:06:41<00:02:58,  1.01it/s, loss=0.0250]
Epoch 34:  70%|#######...| 410/585 [00:06:46<00:02:53,  1.01it/s, loss=0.0251]
Epoch 34:  71%|#######...| 416/585 [00:06:52<00:02:47,  1.01it/s, loss=0.0251]
Epoch 34:  72%|#######...| 421/585 [00:06:57<00:02:42,  1.01it/s, loss=0.0251]
Epoch 34:  73%|#######...| 426/585 [00:07:03<00:02:37,  1.01it/s, loss=0.0250]
Epoch 34:  74%|#######...| 432/585 [00:07:08<00:02:31,  1.01it/s, loss=0.0250]
Epoch 34:  75%|#######...| 438/585 [00:07:14<00:02:25,  1.01it/s, loss=0.0250]
Epoch 34:  76%|#######...| 444/585 [00:07:19<00:02:19,  1.01it/s, loss=0.0250]
Epoch 34:  77%|#######...| 449/585 [00:07:25<00:02:14,  1.01it/s, loss=0.0250]
Epoch 34:  78%|#######...| 454/585 [00:07:30<00:02:09,  1.01it/s, loss=0.0250]
Epoch 34:  79%|#######...| 460/585 [00:07:35<00:02:03,  1.01it/s, loss=0.0250]
Epoch 34:  79%|#######...| 464/585 [00:07:40<00:02:00,  1.01it/s, loss=0.0251]
Epoch 34:  80%|########..| 470/585 [00:07:46<00:01:54,  1.01it/s, loss=0.0251]
Epoch 34:  81%|########..| 476/585 [00:07:52<00:01:48,  1.01it/s, loss=0.0251]
Epoch 34:  82%|########..| 482/585 [00:07:58<00:01:42,  1.01it/s, loss=0.0251]
Epoch 34:  83%|########..| 488/585 [00:08:04<00:01:36,  1.01it/s, loss=0.0250]
Epoch 34:  84%|########..| 493/585 [00:08:09<00:01:31,  1.01it/s, loss=0.0251]
Epoch 34:  85%|########..| 499/585 [00:08:15<00:01:25,  1.01it/s, loss=0.0250]
Epoch 34:  86%|########..| 505/585 [00:08:20<00:01:19,  1.01it/s, loss=0.0250]
Epoch 34:  87%|########..| 511/585 [00:08:25<00:01:13,  1.01it/s, loss=0.0250]
Epoch 34:  88%|########..| 516/585 [00:08:30<00:01:08,  1.01it/s, loss=0.0250]
Epoch 34:  89%|########..| 522/585 [00:08:36<00:01:02,  1.01it/s, loss=0.0250]
Epoch 34:  90%|#########.| 528/585 [00:08:42<00:00:56,  1.01it/s, loss=0.0250]
Epoch 34:  91%|#########.| 534/585 [00:08:48<00:00:50,  1.01it/s, loss=0.0250]
Epoch 34:  92%|#########.| 540/585 [00:08:53<00:00:44,  1.01it/s, loss=0.0250]
Epoch 34:  93%|#########.| 546/585 [00:08:59<00:00:38,  1.01it/s, loss=0.0250]
Epoch 34:  94%|#########.| 552/585 [00:09:04<00:00:32,  1.01it/s, loss=0.0250]
Epoch 34:  95%|#########.| 558/585 [00:09:10<00:00:26,  1.01it/s, loss=0.0250]
Epoch 34:  96%|#########.| 564/585 [00:09:16<00:00:20,  1.01it/s, loss=0.0250]
Epoch 34:  97%|#########.| 569/585 [00:09:21<00:00:15,  1.01it/s, loss=0.0251]
Epoch 34:  98%|#########.| 574/585 [00:09:26<00:00:10,  1.01it/s, loss=0.0251]
Epoch 34:  99%|#########.| 580/585 [00:09:32<00:00:04,  1.01it/s, loss=0.0250]
Epoch 34: 100%|##########| 585/585 [00:09:37<00:00:00,  1.01it/s, loss=0.0250]
Test loss: 0.0245, Test rmsae: 7.26deg
{"event": "epoch_complete", "epoch": 34, "phase": 2, "lr": 1e-05, "batch_size": 10, "micro_batch_size": 1, "train_loss": 0.025035689046813383, "val_loss": 0.024495478748576716, "val_rmsae_deg": 7.256026208400726, "epoch_time_s": 578.1541580139892}
Epoch 35/40:
Epoch 35:   1%|..........| 6/585 [00:00:06<00:09:57,  0.97it/s, loss=0.0227]
Epoch 35:   2%|..........| 12/585 [00:00:12<00:09:47,  0.98it/s, loss=0.0235]
Epoch 35:   3%|..........| 17/585 [00:00:17<00:09:47,  0.97it/s, loss=0.0399]
Epoch 35:   4%|..........| 23/585 [00:00:23<00:09:30,  0.99it/s, loss=0.0358]
Epoch 35:   5%|..........| 29/585 [00:00:29<00:09:22,  0.99it/s, loss=0.0338]
Epoch 35:   6%|..........| 34/585 [00:00:34<00:09:17,  0.99it/s, loss=0.0329]
Epoch 35:   7%|..........| 39/585 [00:00:39<00:09:15,  0.98it/s, loss=0.0318]
Epoch 35:   7%|..........| 43/585 [00:00:45<00:09:32,  0.95it/s, loss=0.0314]
Epoch 35:   8%|..........| 48/585 [00:00:50<00:09:26,  0.95it/s, loss=0.0309]
Epoch 35:   9%|..........| 54/585 [00:00:56<00:09:10,  0.96it/s, loss=0.0303]
Epoch 35:  10%|#.........| 60/585 [00:01:01<00:09:01,  0.97it/s, loss=0.0295]
Epoch 35:  11%|#.........| 66/585 [00:01:07<00:08:49,  0.98it/s, loss=0.0289]
Epoch 35:  12%|#.........| 71/585 [00:01:12<00:08:43,  0.98it/s, loss=0.0287]
Epoch 35:  13%|#.........| 77/585 [00:01:17<00:08:34,  0.99it/s, loss=0.0283]
Epoch 35:  14%|#.........| 83/585 [00:01:23<00:08:27,  0.99it/s, loss=0.0280]
Epoch 35:  15%|#.........| 89/585 [00:01:29<00:08:16,  1.00it/s, loss=0.0277]
Epoch 35:  16%|#.........| 95/585 [00:01:34<00:08:08,  1.00it/s, loss=0.0276]
Epoch 35:  17%|#.........| 101/585 [00:01:40<00:08:02,  1.00it/s, loss=0.0275]
Epoch 35:  18%|#.........| 107/585 [00:01:45<00:07:53,  1.01it/s, loss=0.0273]
Epoch 35:  19%|#.........| 112/585 [00:01:51<00:07:51,  1.00it/s, loss=0.0272]
Epoch 35:  20%|##........| 118/585 [00:01:57<00:07:44,  1.01it/s, loss=0.0272]
Epoch 35:  21%|##........| 123/585 [00:02:02<00:07:39,  1.00it/s, loss=0.0270]
Epoch 35:  22%|##........| 128/585 [00:02:07<00:07:35,  1.00it/s, loss=0.0269]
Epoch 35:  23%|##........| 134/585 [00:02:13<00:07:28,  1.01it/s, loss=0.0270]
Epoch 35:  24%|##........| 139/585 [00:02:18<00:07:24,  1.00it/s, loss=0.0268]
Epoch 35:  25%|##........| 145/585 [00:02:23<00:07:16,  1.01it/s, loss=0.0266]
Epoch 35:  26%|##........| 150/585 [00:02:28<00:07:11,  1.01it/s, loss=0.0265]
Epoch 35:  26%|##........| 155/585 [00:02:34<00:07:09,  1.00it/s, loss=0.0265]
Epoch 35:  28%|##........| 161/585 [00:02:40<00:07:01,  1.01it/s, loss=0.0264]
Epoch 35:  29%|##........| 167/585 [00:02:45<00:06:54,  1.01it/s, loss=0.0263]
Epoch 35:  29%|##........| 172/585 [00:02:50<00:06:49,  1.01it/s, loss=0.0262]
Epoch 35:  30%|###.......| 178/585 [00:02:56<00:06:43,  1.01it/s, loss=0.0261]
Epoch 35:  31%|###.......| 183/585 [00:03:01<00:06:39,  1.01it/s, loss=0.0262]
Epoch 35:  32%|###.......| 189/585 [00:03:07<00:06:32,  1.01it/s, loss=0.0262]
Epoch 35:  33%|###.......| 194/585 [00:03:12<00:06:28,  1.01it/s, loss=0.0261]
Epoch 35:  34%|###.......| 200/585 [00:03:18<00:06:21,  1.01it/s, loss=0.0261]
Epoch 35:  35%|###.......| 204/585 [00:03:23<00:06:20,  1.00it/s, loss=0.0261]
Epoch 35:  36%|###.......| 210/585 [00:03:29<00:06:13,  1.00it/s, loss=0.0260]
Epoch 35:  37%|###.......| 216/585 [00:03:34<00:06:06,  1.01it/s, loss=0.0259]
Epoch 35:  38%|###.......| 222/585 [00:03:40<00:06:00,  1.01it/s, loss=0.0258]
Epoch 35:  39%|###.......| 228/585 [00:03:46<00:05:54,  1.01it/s, loss=0.0259]
Epoch 35:  40%|###.......| 233/585 [00:03:51<00:05:49,  1.01it/s, loss=0.0259]
Epoch 35:  41%|####......| 239/585 [00:03:57<00:05:43,  1.01it/s, loss=0.0258]
Epoch 35:  42%|####......| 245/585 [00:04:02<00:05:37,  1.01it/s, loss=0.0257]
Epoch 35:  43%|####......| 251/585 [00:04:08<00:05:31,  1.01it/s, loss=0.0257]
Epoch 35:  44%|####......| 256/585 [00:04:14<00:05:26,  1.01it/s, loss=0.0257]
Epoch 35:  45%|####......| 261/585 [00:04:19<00:05:22,  1.01it/s, loss=0.0257]
Epoch 35:  46%|####......| 267/585 [00:04:24<00:05:15,  1.01it/s, loss=0.0256]
Epoch 35:  46%|####......| 272/585 [00:04:30<00:05:10,  1.01it/s, loss=0.0258]
Epoch 35:  47%|####......| 277/585 [00:04:35<00:05:06,  1.01it/s, loss=0.0258]
Epoch 35:  48%|####......| 282/585 [00:04:41<00:05:02,  1.00it/s, loss=0.0257]
Epoch 35:  49%|####......| 287/585 [00:04:47<00:04:58,  1.00it/s, loss=0.0257]
Epoch 35:  50%|####......| 292/585 [00:04:52<00:04:53,  1.00it/s, loss=0.0257]
Epoch 35:  51%|#####.....| 297/585 [00:04:57<00:04:48,  1.00it/s, loss=0.0258]
Epoch 35:  52%|#####.....| 303/585 [00:05:03<00:04:42,  1.00it/s, loss=0.0257]
Epoch 35:  53%|#####.....| 309/585 [00:05:09<00:04:36,  1.00it/s, loss=0.0257]
Epoch 35:  54%|#####.....| 314/585 [00:05:14<00:04:31,  1.00it/s, loss=0.0257]
Epoch 35:  55%|#####.....| 319/585 [00:05:19<00:04:26,  1.00it/s, loss=0.0258]
Epoch 35:  55%|#####.....| 324/585 [00:05:24<00:04:21,  1.00it/s, loss=0.0257]
Epoch 35:  56%|#####.....| 329/585 [00:05:29<00:04:16,  1.00it/s, loss=0.0257]
Epoch 35:  57%|#####.....| 335/585 [00:05:35<00:04:10,  1.00it/s, loss=0.0256]
Epoch 35:  58%|#####.....| 340/585 [00:05:40<00:04:05,  1.00it/s, loss=0.0257]
Epoch 35:  59%|#####.....| 345/585 [00:05:46<00:04:00,  1.00it/s, loss=0.0257]
Epoch 35:  60%|######....| 351/585 [00:05:51<00:03:54,  1.00it/s, loss=0.0257]
Epoch 35:  61%|######....| 357/585 [00:05:57<00:03:48,  1.00it/s, loss=0.0255]
Epoch 35:  62%|######....| 363/585 [00:06:03<00:03:42,  1.00it/s, loss=0.0256]
Epoch 35:  63%|######....| 369/585 [00:06:08<00:03:35,  1.00it/s, loss=0.0256]
Epoch 35:  64%|######....| 375/585 [00:06:14<00:03:29,  1.00it/s, loss=0.0256]
Epoch 35:  65%|######....| 380/585 [00:06:20<00:03:25,  1.00it/s, loss=0.0257]
Epoch 35:  66%|######....| 386/585 [00:06:25<00:03:18,  1.00it/s, loss=0.0257]
Epoch 35:  67%|######....| 391/585 [00:06:30<00:03:13,  1.00it/s, loss=0.0257]
Epoch 35:  68%|######....| 397/585 [00:06:36<00:03:07,  1.00it/s, loss=0.0257]
Epoch 35:  69%|######....| 403/585 [00:06:41<00:03:01,  1.00it/s, loss=0.0256]
Epoch 35:  70%|######....| 408/585 [00:06:47<00:02:56,  1.00it/s, loss=0.0256]
Epoch 35:  71%|#######...| 414/585 [00:06:52<00:02:50,  1.00it/s, loss=0.0256]
Epoch 35:  72%|#######...| 420/585 [00:06:58<00:02:44,  1.00it/s, loss=0.0261]
Epoch 35:  73%|#######...| 426/585 [00:07:04<00:02:38,  1.00it/s, loss=0.0260]
Epoch 35:  74%|#######...| 432/585 [00:07:09<00:02:32,  1.01it/s, loss=0.0260]
Epoch 35:  75%|#######...| 438/585 [00:07:15<00:02:26,  1.01it/s, loss=0.0259]
Epoch 35:  76%|#######...| 444/585 [00:07:21<00:02:20,  1.01it/s, loss=0.0259]
Epoch 35:  77%|#######...| 450/585 [00:07:26<00:02:13,  1.01it/s, loss=0.0259]
Epoch 35:  78%|#######...| 455/585 [00:07:32<00:02:09,  1.01it/s, loss=0.0258]
Epoch 35:  79%|#######...| 461/585 [00:07:38<00:02:03,  1.01it/s, loss=0.0258]
Epoch 35:  80%|#######...| 466/585 [00:07:43<00:01:58,  1.01it/s, loss=0.0257]
Epoch 35:  81%|########..| 471/585 [00:07:48<00:01:53,  1.00it/s, loss=0.0258]
Epoch 35:  81%|########..| 476/585 [00:07:54<00:01:48,  1.00it/s, loss=0.0257]
Epoch 35:  82%|########..| 480/585 [00:07:59<00:01:44,  1.00it/s, loss=0.0257]
Epoch 35:  83%|########..| 485/585 [00:08:04<00:01:39,  1.00it/s, loss=0.0257]
Epoch 35:  84%|########..| 491/585 [00:08:10<00:01:33,  1.00it/s, loss=0.0257]
Epoch 35:  85%|########..| 496/585 [00:08:15<00:01:28,  1.00it/s, loss=0.0257]
Epoch 35:  86%|########..| 501/585 [00:08:21<00:01:24,  1.00it/s, loss=0.0257]
Epoch 35:  87%|########..| 507/585 [00:08:26<00:01:17,  1.00it/s, loss=0.0257]
Epoch 35:  88%|########..| 512/585 [00:08:33<00:01:13,  1.00it/s, loss=0.0258]
Epoch 35:  88%|########..| 517/585 [00:08:38<00:01:08,  1.00it/s, loss=0.0257]
Epoch 35:  89%|########..| 522/585 [00:08:44<00:01:03,  1.00it/s, loss=0.0257]
Epoch 35:  90%|#########.| 527/585 [00:08:49<00:00:58,  1.00it/s, loss=0.0257]
Epoch 35:  91%|#########.| 533/585 [00:08:55<00:00:52,  1.00it/s, loss=0.0257]
Epoch 35:  92%|#########.| 539/585 [00:09:00<00:00:46,  1.00it/s, loss=0.0256]
Epoch 35:  93%|#########.| 545/585 [00:09:06<00:00:40,  1.00it/s, loss=0.0256]
Epoch 35:  94%|#########.| 549/585 [00:09:11<00:00:36,  1.00it/s, loss=0.0256]
Epoch 35:  95%|#########.| 554/585 [00:09:16<00:00:31,  0.99it/s, loss=0.0257]
Epoch 35:  96%|#########.| 559/585 [00:09:22<00:00:26,  0.99it/s, loss=0.0257]
Epoch 35:  97%|#########.| 565/585 [00:09:27<00:00:20,  1.00it/s, loss=0.0257]
Epoch 35:  98%|#########.| 571/585 [00:09:32<00:00:14,  1.00it/s, loss=0.0256]
Epoch 35:  99%|#########.| 577/585 [00:09:39<00:00:08,  1.00it/s, loss=0.0256]
Epoch 35:  99%|#########.| 582/585 [00:09:44<00:00:03,  1.00it/s, loss=0.0256]
Epoch 35: 100%|##########| 585/585 [00:09:47<00:00:00,  1.00it/s, loss=0.0256]
Test loss: 0.0245, Test rmsae: 7.31deg
{"event": "epoch_complete", "epoch": 35, "phase": 2, "lr": 1e-05, "batch_size": 10, "micro_batch_size": 1, "train_loss": 0.02561856129517158, "val_loss": 0.024480719497660175, "val_rmsae_deg": 7.311928078532219, "epoch_time_s": 588.0245265369304}
Epoch 36/40:
Epoch 36:   1%|..........| 5/585 [00:00:05<00:10:14,  0.94it/s, loss=0.0245]
Epoch 36:   2%|..........| 11/585 [00:00:10<00:09:28,  1.01it/s, loss=0.0240]
Epoch 36:   3%|..........| 17/585 [00:00:16<00:08:57,  1.06it/s, loss=0.0232]
Epoch 36:   4%|..........| 22/585 [00:00:21<00:09:05,  1.03it/s, loss=0.0252]
Epoch 36:   5%|..........| 27/585 [00:00:26<00:09:07,  1.02it/s, loss=0.0252]
Epoch 36:   5%|..........| 32/585 [00:00:32<00:09:14,  1.00it/s, loss=0.0257]
Epoch 36:   6%|..........| 37/585 [00:00:37<00:09:18,  0.98it/s, loss=0.0256]
Epoch 36:   7%|..........| 42/585 [00:00:43<00:09:24,  0.96it/s, loss=0.0257]
Epoch 36:   8%|..........| 48/585 [00:00:49<00:09:12,  0.97it/s, loss=0.0258]
Epoch 36:   9%|..........| 54/585 [00:00:55<00:09:02,  0.98it/s, loss=0.0254]
Epoch 36:  10%|#.........| 60/585 [00:01:01<00:08:54,  0.98it/s, loss=0.0259]
Epoch 36:  11%|#.........| 65/585 [00:01:06<00:08:53,  0.97it/s, loss=0.0254]
Epoch 36:  12%|#.........| 71/585 [00:01:12<00:08:42,  0.98it/s, loss=0.0252]
Epoch 36:  13%|#.........| 77/585 [00:01:17<00:08:34,  0.99it/s, loss=0.0253]
Epoch 36:  14%|#.........| 83/585 [00:01:23<00:08:26,  0.99it/s, loss=0.0253]
Epoch 36:  15%|#.........| 88/585 [00:01:28<00:08:21,  0.99it/s, loss=0.0252]
Epoch 36:  16%|#.........| 94/585 [00:01:34<00:08:14,  0.99it/s, loss=0.0254]
Epoch 36:  17%|#.........| 100/585 [00:01:40<00:08:08,  0.99it/s, loss=0.0256]
Epoch 36:  18%|#.........| 106/585 [00:01:45<00:07:58,  1.00it/s, loss=0.0257]
Epoch 36:  19%|#.........| 112/585 [00:01:51<00:07:51,  1.00it/s, loss=0.0254]
Epoch 36:  20%|##........| 118/585 [00:01:56<00:07:43,  1.01it/s, loss=0.0253]
Epoch 36:  21%|##........| 124/585 [00:02:02<00:07:33,  1.02it/s, loss=0.0252]
Epoch 36:  22%|##........| 130/585 [00:02:07<00:07:26,  1.02it/s, loss=0.0251]
Epoch 36:  23%|##........| 136/585 [00:02:13<00:07:20,  1.02it/s, loss=0.0251]
Epoch 36:  24%|##........| 141/585 [00:02:18<00:07:16,  1.02it/s, loss=0.0252]
Epoch 36:  25%|##........| 146/585 [00:02:24<00:07:13,  1.01it/s, loss=0.0255]
Epoch 36:  26%|##........| 152/585 [00:02:30<00:07:07,  1.01it/s, loss=0.0253]
Epoch 36:  27%|##........| 157/585 [00:02:35<00:07:04,  1.01it/s, loss=0.0256]
Epoch 36:  28%|##........| 163/585 [00:02:41<00:06:57,  1.01it/s, loss=0.0257]
Epoch 36:  29%|##........| 168/585 [00:02:47<00:06:55,  1.00it/s, loss=0.0257]
Epoch 36:  30%|##........| 173/585 [00:02:52<00:06:50,  1.00it/s, loss=0.0259]
Epoch 36:  31%|###.......| 179/585 [00:02:58<00:06:43,  1.01it/s, loss=0.0258]
Epoch 36:  31%|###.......| 184/585 [00:03:03<00:06:39,  1.00it/s, loss=0.0257]
Epoch 36:  32%|###.......| 189/585 [00:03:09<00:06:36,  1.00it/s, loss=0.0260]
Epoch 36:  33%|###.......| 195/585 [00:03:14<00:06:28,  1.00it/s, loss=0.0259]
Epoch 36:  34%|###.......| 201/585 [00:03:20<00:06:22,  1.00it/s, loss=0.0259]
Epoch 36:  35%|###.......| 207/585 [00:03:25<00:06:15,  1.01it/s, loss=0.0258]
Epoch 36:  36%|###.......| 213/585 [00:03:31<00:06:10,  1.00it/s, loss=0.0258]
Epoch 36:  37%|###.......| 219/585 [00:03:37<00:06:03,  1.01it/s, loss=0.0257]
Epoch 36:  38%|###.......| 225/585 [00:03:43<00:05:56,  1.01it/s, loss=0.0257]
Epoch 36:  39%|###.......| 231/585 [00:03:48<00:05:50,  1.01it/s, loss=0.0257]
Epoch 36:  41%|####......| 237/585 [00:03:54<00:05:44,  1.01it/s, loss=0.0257]
Epoch 36:  42%|####......| 243/585 [00:04:00<00:05:38,  1.01it/s, loss=0.0261]
Epoch 36:  43%|####......| 249/585 [00:04:06<00:05:31,  1.01it/s, loss=0.0261]
Epoch 36:  43%|####......| 254/585 [00:04:11<00:05:27,  1.01it/s, loss=0.0263]
Epoch 36:  44%|####......| 259/585 [00:04:16<00:05:23,  1.01it/s, loss=0.0263]
Epoch 36:  45%|####......| 265/585 [00:04:22<00:05:16,  1.01it/s, loss=0.0263]
Epoch 36:  46%|####......| 270/585 [00:04:27<00:05:12,  1.01it/s, loss=0.0262]
Epoch 36:  47%|####......| 276/585 [00:04:32<00:05:05,  1.01it/s, loss=0.0261]
Epoch 36:  48%|####......| 281/585 [00:04:38<00:05:01,  1.01it/s, loss=0.0261]
Epoch 36:  49%|####......| 287/585 [00:04:44<00:04:55,  1.01it/s, loss=0.0260]
Epoch 36:  50%|#####.....| 293/585 [00:04:49<00:04:48,  1.01it/s, loss=0.0260]
Epoch 36:  51%|#####.....| 299/585 [00:04:56<00:04:43,  1.01it/s, loss=0.0260]
Epoch 36:  52%|#####.....| 305/585 [00:05:01<00:04:36,  1.01it/s, loss=0.0258]
Epoch 36:  53%|#####.....| 310/585 [00:05:06<00:04:32,  1.01it/s, loss=0.0258]
Epoch 36:  54%|#####.....| 315/585 [00:05:12<00:04:27,  1.01it/s, loss=0.0257]
Epoch 36:  55%|#####.....| 320/585 [00:05:17<00:04:22,  1.01it/s, loss=0.0257]
Epoch 36:  55%|#####.....| 324/585 [00:05:22<00:04:19,  1.01it/s, loss=0.0257]
Epoch 36:  56%|#####.....| 330/585 [00:05:27<00:04:13,  1.01it/s, loss=0.0257]
Epoch 36:  57%|#####.....| 335/585 [00:05:32<00:04:08,  1.01it/s, loss=0.0257]
Epoch 36:  58%|#####.....| 340/585 [00:05:38<00:04:03,  1.00it/s, loss=0.0258]
Epoch 36:  59%|#####.....| 345/585 [00:05:43<00:03:59,  1.00it/s, loss=0.0258]
Epoch 36:  60%|#####.....| 350/585 [00:05:49<00:03:54,  1.00it/s, loss=0.0258]
Epoch 36:  61%|######....| 355/585 [00:05:54<00:03:49,  1.00it/s, loss=0.0258]
Epoch 36:  62%|######....| 360/585 [00:05:59<00:03:44,  1.00it/s, loss=0.0257]
Epoch 36:  63%|######....| 366/585 [00:06:05<00:03:38,  1.00it/s, loss=0.0257]
Epoch 36:  63%|######....| 371/585 [00:06:10<00:03:33,  1.00it/s, loss=0.0257]
Epoch 36:  64%|######....| 377/585 [00:06:16<00:03:27,  1.00it/s, loss=0.0263]
Epoch 36:  65%|######....| 382/585 [00:06:21<00:03:22,  1.00it/s, loss=0.0262]
Epoch 36:  66%|######....| 387/585 [00:06:27<00:03:18,  1.00it/s, loss=0.0262]
Epoch 36:  67%|######....| 392/585 [00:06:32<00:03:13,  1.00it/s, loss=0.0263]
Epoch 36:  68%|######....| 397/585 [00:06:37<00:03:08,  1.00it/s, loss=0.0263]
Epoch 36:  69%|######....| 402/585 [00:06:42<00:03:03,  1.00it/s, loss=0.0263]
Epoch 36:  70%|######....| 407/585 [00:06:48<00:02:58,  1.00it/s, loss=0.0263]
Epoch 36:  70%|#######...| 412/585 [00:06:53<00:02:53,  1.00it/s, loss=0.0263]
Epoch 36:  71%|#######...| 418/585 [00:06:58<00:02:47,  1.00it/s, loss=0.0262]
Epoch 36:  72%|#######...| 424/585 [00:07:04<00:02:41,  1.00it/s, loss=0.0262]
Epoch 36:  73%|#######...| 429/585 [00:07:09<00:02:36,  1.00it/s, loss=0.0262]
Epoch 36:  74%|#######...| 435/585 [00:07:15<00:02:30,  1.00it/s, loss=0.0263]
Epoch 36:  75%|#######...| 440/585 [00:07:20<00:02:25,  1.00it/s, loss=0.0263]
Epoch 36:  76%|#######...| 446/585 [00:07:26<00:02:19,  1.00it/s, loss=0.0263]
Epoch 36:  77%|#######...| 452/585 [00:07:32<00:02:13,  1.00it/s, loss=0.0262]
Epoch 36:  78%|#######...| 458/585 [00:07:38<00:02:07,  1.00it/s, loss=0.0262]
Epoch 36:  79%|#######...| 462/585 [00:07:43<00:02:03,  1.00it/s, loss=0.0262]
Epoch 36:  80%|########..| 468/585 [00:07:49<00:01:57,  1.00it/s, loss=0.0261]
Epoch 36:  81%|########..| 474/585 [00:07:54<00:01:51,  1.00it/s, loss=0.0261]
Epoch 36:  82%|########..| 480/585 [00:08:00<00:01:45,  1.00it/s, loss=0.0261]
Epoch 36:  83%|########..| 485/585 [00:08:06<00:01:40,  1.00it/s, loss=0.0261]
Epoch 36:  84%|########..| 491/585 [00:08:11<00:01:34,  1.00it/s, loss=0.0260]
Epoch 36:  85%|########..| 496/585 [00:08:16<00:01:29,  1.00it/s, loss=0.0260]
Epoch 36:  86%|########..| 501/585 [00:08:22<00:01:24,  1.00it/s, loss=0.0259]
Epoch 36:  87%|########..| 507/585 [00:08:28<00:01:18,  1.00it/s, loss=0.0259]
Epoch 36:  88%|########..| 512/585 [00:08:34<00:01:13,  1.00it/s, loss=0.0259]
Epoch 36:  88%|########..| 517/585 [00:08:40<00:01:08,  0.99it/s, loss=0.0259]
Epoch 36:  89%|########..| 522/585 [00:08:45<00:01:03,  0.99it/s, loss=0.0258]
Epoch 36:  90%|#########.| 528/585 [00:08:50<00:00:57,  1.00it/s, loss=0.0258]
Epoch 36:  91%|#########.| 533/585 [00:08:55<00:00:52,  1.00it/s, loss=0.0258]
Epoch 36:  92%|#########.| 539/585 [00:09:01<00:00:46,  1.00it/s, loss=0.0258]
Epoch 36:  93%|#########.| 545/585 [00:09:06<00:00:40,  1.00it/s, loss=0.0258]
Epoch 36:  94%|#########.| 551/585 [00:09:11<00:00:34,  1.00it/s, loss=0.0257]
Epoch 36:  95%|#########.| 557/585 [00:09:17<00:00:28,  1.00it/s, loss=0.0257]
Epoch 36:  96%|#########.| 563/585 [00:09:23<00:00:22,  1.00it/s, loss=0.0258]
Epoch 36:  97%|#########.| 569/585 [00:09:29<00:00:16,  1.00it/s, loss=0.0257]
Epoch 36:  98%|#########.| 574/585 [00:09:35<00:00:11,  1.00it/s, loss=0.0257]
Epoch 36:  99%|#########.| 580/585 [00:09:40<00:00:05,  1.00it/s, loss=0.0257]
Epoch 36: 100%|##########| 585/585 [00:09:45<00:00:00,  1.00it/s, loss=0.0256]
Test loss: 0.0245, Test rmsae: 7.32deg
{"event": "epoch_complete", "epoch": 36, "phase": 2, "lr": 1e-05, "batch_size": 10, "micro_batch_size": 1, "train_loss": 0.025630385259914602, "val_loss": 0.02450203339685686, "val_rmsae_deg": 7.316146552562714, "epoch_time_s": 585.8196746419417}
Epoch 37/40:
Epoch 37:   1%|..........| 5/585 [00:00:05<00:10:27,  0.92it/s, loss=0.0290]
Epoch 37:   2%|..........| 11/585 [00:00:11<00:09:43,  0.98it/s, loss=0.0254]
Epoch 37:   3%|..........| 16/585 [00:00:16<00:09:35,  0.99it/s, loss=0.0246]
Epoch 37:   4%|..........| 21/585 [00:00:21<00:09:29,  0.99it/s, loss=0.0246]
Epoch 37:   5%|..........| 27/585 [00:00:27<00:09:20,  0.99it/s, loss=0.0238]
Epoch 37:   5%|..........| 32/585 [00:00:32<00:09:24,  0.98it/s, loss=0.0240]
Epoch 37:   6%|..........| 37/585 [00:00:37<00:09:20,  0.98it/s, loss=0.0243]
Epoch 37:   7%|..........| 42/585 [00:00:43<00:09:26,  0.96it/s, loss=0.0241]
Epoch 37:   8%|..........| 48/585 [00:00:49<00:09:11,  0.97it/s, loss=0.0238]
Epoch 37:   9%|..........| 54/585 [00:00:54<00:08:59,  0.98it/s, loss=0.0236]
Epoch 37:  10%|#.........| 60/585 [00:01:00<00:08:50,  0.99it/s, loss=0.0235]
Epoch 37:  11%|#.........| 65/585 [00:01:06<00:08:48,  0.98it/s, loss=0.0236]
Epoch 37:  12%|#.........| 69/585 [00:01:11<00:08:52,  0.97it/s, loss=0.0234]
Epoch 37:  13%|#.........| 75/585 [00:01:16<00:08:40,  0.98it/s, loss=0.0233]
Epoch 37:  14%|#.........| 80/585 [00:01:22<00:08:38,  0.97it/s, loss=0.0234]
Epoch 37:  15%|#.........| 85/585 [00:01:28<00:08:39,  0.96it/s, loss=0.0236]
Epoch 37:  15%|#.........| 90/585 [00:01:33<00:08:33,  0.96it/s, loss=0.0236]
Epoch 37:  16%|#.........| 95/585 [00:01:38<00:08:27,  0.96it/s, loss=0.0235]
Epoch 37:  17%|#.........| 101/585 [00:01:44<00:08:18,  0.97it/s, loss=0.0233]
Epoch 37:  18%|#.........| 107/585 [00:01:49<00:08:10,  0.97it/s, loss=0.0234]
Epoch 37:  19%|#.........| 113/585 [00:01:56<00:08:05,  0.97it/s, loss=0.0240]
Epoch 37:  20%|##........| 119/585 [00:02:01<00:07:57,  0.98it/s, loss=0.0241]
Epoch 37:  21%|##........| 124/585 [00:02:06<00:07:52,  0.98it/s, loss=0.0254]
Epoch 37:  22%|##........| 130/585 [00:02:12<00:07:45,  0.98it/s, loss=0.0253]
Epoch 37:  23%|##........| 135/585 [00:02:18<00:07:41,  0.97it/s, loss=0.0254]
Epoch 37:  24%|##........| 141/585 [00:02:24<00:07:34,  0.98it/s, loss=0.0258]
Epoch 37:  25%|##........| 147/585 [00:02:29<00:07:26,  0.98it/s, loss=0.0256]
Epoch 37:  26%|##........| 153/585 [00:02:35<00:07:19,  0.98it/s, loss=0.0256]
Epoch 37:  27%|##........| 159/585 [00:02:41<00:07:11,  0.99it/s, loss=0.0255]
Epoch 37:  28%|##........| 165/585 [00:02:47<00:07:07,  0.98it/s, loss=0.0256]
Epoch 37:  29%|##........| 170/585 [00:02:53<00:07:02,  0.98it/s, loss=0.0257]
Epoch 37:  30%|###.......| 176/585 [00:02:58<00:06:53,  0.99it/s, loss=0.0256]
Epoch 37:  31%|###.......| 181/585 [00:03:03<00:06:49,  0.99it/s, loss=0.0255]
Epoch 37:  32%|###.......| 186/585 [00:03:08<00:06:44,  0.99it/s, loss=0.0257]
Epoch 37:  32%|###.......| 190/585 [00:03:14<00:06:44,  0.98it/s, loss=0.0258]
Epoch 37:  34%|###.......| 196/585 [00:03:19<00:06:36,  0.98it/s, loss=0.0257]
Epoch 37:  35%|###.......| 202/585 [00:03:25<00:06:29,  0.98it/s, loss=0.0256]
Epoch 37:  36%|###.......| 208/585 [00:03:31<00:06:22,  0.99it/s, loss=0.0256]
Epoch 37:  36%|###.......| 213/585 [00:03:36<00:06:18,  0.98it/s, loss=0.0257]
Epoch 37:  37%|###.......| 219/585 [00:03:41<00:06:10,  0.99it/s, loss=0.0256]
Epoch 37:  38%|###.......| 225/585 [00:03:47<00:06:03,  0.99it/s, loss=0.0254]
Epoch 37:  39%|###.......| 231/585 [00:03:53<00:05:57,  0.99it/s, loss=0.0254]
Epoch 37:  41%|####......| 237/585 [00:03:58<00:05:50,  0.99it/s, loss=0.0254]
Epoch 37:  41%|####......| 242/585 [00:04:03<00:05:45,  0.99it/s, loss=0.0254]
Epoch 37:  42%|####......| 248/585 [00:04:09<00:05:39,  0.99it/s, loss=0.0253]
Epoch 37:  43%|####......| 254/585 [00:04:15<00:05:32,  1.00it/s, loss=0.0253]
Epoch 37:  44%|####......| 259/585 [00:04:20<00:05:27,  0.99it/s, loss=0.0253]
Epoch 37:  45%|####......| 264/585 [00:04:25<00:05:22,  0.99it/s, loss=0.0253]
Epoch 37:  46%|####......| 269/585 [00:04:31<00:05:18,  0.99it/s, loss=0.0253]
Epoch 37:  47%|####......| 275/585 [00:04:37<00:05:12,  0.99it/s, loss=0.0253]
Epoch 37:  48%|####......| 281/585 [00:04:42<00:05:05,  1.00it/s, loss=0.0253]
Epoch 37:  49%|####......| 287/585 [00:04:48<00:04:59,  1.00it/s, loss=0.0253]
Epoch 37:  50%|#####.....| 293/585 [00:04:53<00:04:52,  1.00it/s, loss=0.0252]
Epoch 37:  51%|#####.....| 298/585 [00:04:58<00:04:47,  1.00it/s, loss=0.0252]
Epoch 37:  52%|#####.....| 304/585 [00:05:03<00:04:40,  1.00it/s, loss=0.0251]
Epoch 37:  53%|#####.....| 309/585 [00:05:08<00:04:35,  1.00it/s, loss=0.0251]
Epoch 37:  54%|#####.....| 314/585 [00:05:14<00:04:31,  1.00it/s, loss=0.0252]
Epoch 37:  55%|#####.....| 320/585 [00:05:19<00:04:24,  1.00it/s, loss=0.0252]
Epoch 37:  56%|#####.....| 326/585 [00:05:24<00:04:18,  1.00it/s, loss=0.0252]
Epoch 37:  57%|#####.....| 331/585 [00:05:30<00:04:13,  1.00it/s, loss=0.0252]
Epoch 37:  58%|#####.....| 337/585 [00:05:35<00:04:06,  1.00it/s, loss=0.0252]
Epoch 37:  59%|#####.....| 343/585 [00:05:41<00:04:00,  1.00it/s, loss=0.0251]
Epoch 37:  60%|#####.....| 349/585 [00:05:46<00:03:54,  1.01it/s, loss=0.0251]
Epoch 37:  61%|######....| 354/585 [00:05:52<00:03:49,  1.00it/s, loss=0.0252]
Epoch 37:  62%|######....| 360/585 [00:05:58<00:03:43,  1.00it/s, loss=0.0251]
Epoch 37:  62%|######....| 365/585 [00:06:03<00:03:39,  1.00it/s, loss=0.0252]
Epoch 37:  63%|######....| 371/585 [00:06:09<00:03:32,  1.00it/s, loss=0.0251]
Epoch 37:  64%|######....| 376/585 [00:06:14<00:03:28,  1.00it/s, loss=0.0252]
Epoch 37:  65%|######....| 382/585 [00:06:19<00:03:21,  1.01it/s, loss=0.0252]
Epoch 37:  66%|######....| 387/585 [00:06:25<00:03:17,  1.01it/s, loss=0.0252]
Epoch 37:  67%|######....| 392/585 [00:06:30<00:03:12,  1.00it/s, loss=0.0252]
Epoch 37:  68%|######....| 397/585 [00:06:36<00:03:07,  1.00it/s, loss=0.0251]
Epoch 37:  69%|######....| 403/585 [00:06:41<00:03:01,  1.00it/s, loss=0.0251]
Epoch 37:  70%|######....| 409/585 [00:06:47<00:02:55,  1.00it/s, loss=0.0250]
Epoch 37:  71%|#######...| 415/585 [00:06:53<00:02:49,  1.00it/s, loss=0.0250]
Epoch 37:  72%|#######...| 420/585 [00:06:58<00:02:44,  1.00it/s, loss=0.0250]
Epoch 37:  73%|#######...| 426/585 [00:07:03<00:02:38,  1.01it/s, loss=0.0249]
Epoch 37:  74%|#######...| 431/585 [00:07:09<00:02:33,  1.00it/s, loss=0.0250]
Epoch 37:  75%|#######...| 436/585 [00:07:15<00:02:28,  1.00it/s, loss=0.0250]
Epoch 37:  76%|#######...| 442/585 [00:07:20<00:02:22,  1.00it/s, loss=0.0249]
Epoch 37:  77%|#######...| 448/585 [00:07:26<00:02:16,  1.00it/s, loss=0.0249]
Epoch 37:  78%|#######...| 454/585 [00:07:31<00:02:10,  1.01it/s, loss=0.0249]
Epoch 37:  79%|#######...| 460/585 [00:07:37<00:02:04,  1.01it/s, loss=0.0249]
Epoch 37:  79%|#######...| 465/585 [00:07:42<00:01:59,  1.01it/s, loss=0.0248]
Epoch 37:  81%|########..| 471/585 [00:07:48<00:01:53,  1.01it/s, loss=0.0249]
Epoch 37:  82%|########..| 477/585 [00:07:53<00:01:47,  1.01it/s, loss=0.0250]
Epoch 37:  82%|########..| 482/585 [00:07:58<00:01:42,  1.01it/s, loss=0.0250]
Epoch 37:  83%|########..| 486/585 [00:08:05<00:01:38,  1.00it/s, loss=0.0250]
Epoch 37:  84%|########..| 492/585 [00:08:10<00:01:32,  1.00it/s, loss=0.0250]
Epoch 37:  85%|########..| 497/585 [00:08:15<00:01:27,  1.00it/s, loss=0.0250]
Epoch 37:  86%|########..| 502/585 [00:08:20<00:01:22,  1.00it/s, loss=0.0250]
Epoch 37:  87%|########..| 508/585 [00:08:26<00:01:16,  1.00it/s, loss=0.0250]
Epoch 37:  88%|########..| 514/585 [00:08:32<00:01:10,  1.00it/s, loss=0.0250]
Epoch 37:  89%|########..| 520/585 [00:08:37<00:01:04,  1.01it/s, loss=0.0250]
Epoch 37:  90%|########..| 526/585 [00:08:42<00:00:58,  1.01it/s, loss=0.0249]
Epoch 37:  91%|#########.| 532/585 [00:08:48<00:00:52,  1.01it/s, loss=0.0249]
Epoch 37:  92%|#########.| 537/585 [00:08:54<00:00:47,  1.01it/s, loss=0.0249]
Epoch 37:  93%|#########.| 543/585 [00:08:59<00:00:41,  1.01it/s, loss=0.0249]
Epoch 37:  94%|#########.| 548/585 [00:09:05<00:00:36,  1.01it/s, loss=0.0248]
Epoch 37:  95%|#########.| 553/585 [00:09:10<00:00:31,  1.01it/s, loss=0.0249]
Epoch 37:  96%|#########.| 559/585 [00:09:16<00:00:25,  1.01it/s, loss=0.0249]
Epoch 37:  97%|#########.| 565/585 [00:09:21<00:00:19,  1.01it/s, loss=0.0248]
Epoch 37:  98%|#########.| 571/585 [00:09:27<00:00:13,  1.01it/s, loss=0.0248]
Epoch 37:  98%|#########.| 576/585 [00:09:33<00:00:08,  1.00it/s, loss=0.0249]
Epoch 37:  99%|#########.| 581/585 [00:09:38<00:00:03,  1.00it/s, loss=0.0249]
Epoch 37: 100%|##########| 585/585 [00:09:42<00:00:00,  1.00it/s, loss=0.0249]
Test loss: 0.0245, Test rmsae: 7.26deg
{"event": "epoch_complete", "epoch": 37, "phase": 2, "lr": 1e-05, "batch_size": 10, "micro_batch_size": 1, "train_loss": 0.024893910923383684, "val_loss": 0.024475721293129027, "val_rmsae_deg": 7.262294456362724, "epoch_time_s": 583.7892171830172}
Epoch 38/40:
Epoch 38:   1%|..........| 5/585 [00:00:05<00:09:51,  0.98it/s, loss=0.0219]
Epoch 38:   2%|..........| 10/585 [00:00:10<00:09:50,  0.97it/s, loss=0.0251]
Epoch 38:   3%|..........| 16/585 [00:00:16<00:09:34,  0.99it/s, loss=0.0249]
Epoch 38:   4%|..........| 21/585 [00:00:21<00:09:29,  0.99it/s, loss=0.0255]
Epoch 38:   5%|..........| 27/585 [00:00:26<00:09:16,  1.00it/s, loss=0.0257]
Epoch 38:   6%|..........| 33/585 [00:00:32<00:09:02,  1.02it/s, loss=0.0265]
Epoch 38:   6%|..........| 38/585 [00:00:37<00:09:00,  1.01it/s, loss=0.0258]
Epoch 38:   7%|..........| 43/585 [00:00:42<00:08:59,  1.01it/s, loss=0.0257]
Epoch 38:   8%|..........| 48/585 [00:00:47<00:08:55,  1.00it/s, loss=0.0258]
Epoch 38:   9%|..........| 54/585 [00:00:52<00:08:40,  1.02it/s, loss=0.0254]
Epoch 38:  10%|#.........| 60/585 [00:00:58<00:08:31,  1.03it/s, loss=0.0254]
Epoch 38:  11%|#.........| 65/585 [00:01:04<00:08:33,  1.01it/s, loss=0.0254]
Epoch 38:  12%|#.........| 71/585 [00:01:10<00:08:27,  1.01it/s, loss=0.0252]
Epoch 38:  13%|#.........| 76/585 [00:01:15<00:08:25,  1.01it/s, loss=0.0256]
Epoch 38:  14%|#.........| 82/585 [00:01:21<00:08:20,  1.01it/s, loss=0.0256]
Epoch 38:  15%|#.........| 88/585 [00:01:27<00:08:14,  1.00it/s, loss=0.0256]
Epoch 38:  16%|#.........| 94/585 [00:01:33<00:08:07,  1.01it/s, loss=0.0255]
Epoch 38:  17%|#.........| 99/585 [00:01:38<00:08:03,  1.00it/s, loss=0.0254]
Epoch 38:  18%|#.........| 105/585 [00:01:43<00:07:53,  1.01it/s, loss=0.0252]
Epoch 38:  19%|#.........| 111/585 [00:01:49<00:07:47,  1.01it/s, loss=0.0251]
Epoch 38:  20%|#.........| 116/585 [00:01:55<00:07:45,  1.01it/s, loss=0.0250]
Epoch 38:  21%|##........| 122/585 [00:02:01<00:07:40,  1.01it/s, loss=0.0249]
Epoch 38:  22%|##........| 128/585 [00:02:06<00:07:32,  1.01it/s, loss=0.0248]
Epoch 38:  23%|##........| 134/585 [00:02:12<00:07:25,  1.01it/s, loss=0.0247]
Epoch 38:  24%|##........| 140/585 [00:02:18<00:07:19,  1.01it/s, loss=0.0247]
Epoch 38:  25%|##........| 145/585 [00:02:23<00:07:15,  1.01it/s, loss=0.0247]
Epoch 38:  25%|##........| 149/585 [00:02:28<00:07:14,  1.00it/s, loss=0.0249]
Epoch 38:  26%|##........| 155/585 [00:02:34<00:07:08,  1.00it/s, loss=0.0248]
Epoch 38:  28%|##........| 161/585 [00:02:40<00:07:02,  1.00it/s, loss=0.0248]
Epoch 38:  29%|##........| 167/585 [00:02:45<00:06:55,  1.01it/s, loss=0.0249]
Epoch 38:  30%|##........| 173/585 [00:02:51<00:06:49,  1.01it/s, loss=0.0247]
Epoch 38:  31%|###.......| 179/585 [00:02:57<00:06:41,  1.01it/s, loss=0.0246]
Epoch 38:  32%|###.......| 185/585 [00:03:02<00:06:35,  1.01it/s, loss=0.0245]
Epoch 38:  33%|###.......| 191/585 [00:03:08<00:06:29,  1.01it/s, loss=0.0246]
Epoch 38:  34%|###.......| 197/585 [00:03:14<00:06:22,  1.01it/s, loss=0.0245]
Epoch 38:  35%|###.......| 203/585 [00:03:19<00:06:16,  1.02it/s, loss=0.0243]
Epoch 38:  36%|###.......| 209/585 [00:03:25<00:06:09,  1.02it/s, loss=0.0243]
Epoch 38:  37%|###.......| 214/585 [00:03:31<00:06:06,  1.01it/s, loss=0.0243]
Epoch 38:  37%|###.......| 219/585 [00:03:37<00:06:03,  1.01it/s, loss=0.0245]
Epoch 38:  38%|###.......| 225/585 [00:03:43<00:05:56,  1.01it/s, loss=0.0245]
Epoch 38:  39%|###.......| 231/585 [00:03:48<00:05:49,  1.01it/s, loss=0.0245]
Epoch 38:  41%|####......| 237/585 [00:03:53<00:05:42,  1.01it/s, loss=0.0245]
Epoch 38:  42%|####......| 243/585 [00:03:59<00:05:36,  1.02it/s, loss=0.0245]
Epoch 38:  43%|####......| 249/585 [00:04:04<00:05:30,  1.02it/s, loss=0.0244]
Epoch 38:  44%|####......| 255/585 [00:04:10<00:05:24,  1.02it/s, loss=0.0244]
Epoch 38:  44%|####......| 260/585 [00:04:15<00:05:19,  1.02it/s, loss=0.0244]
Epoch 38:  45%|####......| 266/585 [00:04:21<00:05:13,  1.02it/s, loss=0.0244]
Epoch 38:  46%|####......| 271/585 [00:04:26<00:05:08,  1.02it/s, loss=0.0244]
Epoch 38:  47%|####......| 277/585 [00:04:32<00:05:02,  1.02it/s, loss=0.0244]
Epoch 38:  48%|####......| 283/585 [00:04:37<00:04:56,  1.02it/s, loss=0.0244]
Epoch 38:  49%|####......| 289/585 [00:04:42<00:04:49,  1.02it/s, loss=0.0243]
Epoch 38:  50%|#####.....| 295/585 [00:04:48<00:04:43,  1.02it/s, loss=0.0243]
Epoch 38:  51%|#####.....| 301/585 [00:04:53<00:04:36,  1.03it/s, loss=0.0243]
Epoch 38:  52%|#####.....| 306/585 [00:04:58<00:04:32,  1.03it/s, loss=0.0243]
Epoch 38:  53%|#####.....| 312/585 [00:05:03<00:04:25,  1.03it/s, loss=0.0243]
Epoch 38:  54%|#####.....| 317/585 [00:05:09<00:04:21,  1.02it/s, loss=0.0244]
Epoch 38:  55%|#####.....| 323/585 [00:05:15<00:04:15,  1.02it/s, loss=0.0244]
Epoch 38:  56%|#####.....| 329/585 [00:05:21<00:04:09,  1.02it/s, loss=0.0243]
Epoch 38:  57%|#####.....| 334/585 [00:05:26<00:04:05,  1.02it/s, loss=0.0243]
Epoch 38:  58%|#####.....| 340/585 [00:05:32<00:03:59,  1.02it/s, loss=0.0244]
Epoch 38:  59%|#####.....| 346/585 [00:05:38<00:03:53,  1.02it/s, loss=0.0245]
Epoch 38:  60%|######....| 352/585 [00:05:43<00:03:47,  1.02it/s, loss=0.0245]
Epoch 38:  61%|######....| 357/585 [00:05:48<00:03:42,  1.02it/s, loss=0.0245]
Epoch 38:  62%|######....| 363/585 [00:05:54<00:03:36,  1.02it/s, loss=0.0245]
Epoch 38:  63%|######....| 369/585 [00:05:59<00:03:30,  1.03it/s, loss=0.0245]
Epoch 38:  64%|######....| 374/585 [00:06:04<00:03:25,  1.03it/s, loss=0.0245]
Epoch 38:  65%|######....| 380/585 [00:06:10<00:03:19,  1.03it/s, loss=0.0245]
Epoch 38:  66%|######....| 385/585 [00:06:16<00:03:15,  1.02it/s, loss=0.0245]
Epoch 38:  67%|######....| 390/585 [00:06:21<00:03:10,  1.02it/s, loss=0.0246]
Epoch 38:  68%|######....| 396/585 [00:06:26<00:03:04,  1.02it/s, loss=0.0245]
Epoch 38:  69%|######....| 402/585 [00:06:32<00:02:58,  1.02it/s, loss=0.0245]
Epoch 38:  70%|######....| 408/585 [00:06:37<00:02:52,  1.03it/s, loss=0.0245]
Epoch 38:  71%|#######...| 413/585 [00:06:42<00:02:47,  1.03it/s, loss=0.0246]
Epoch 38:  71%|#######...| 418/585 [00:06:48<00:02:43,  1.02it/s, loss=0.0247]
Epoch 38:  72%|#######...| 424/585 [00:06:53<00:02:37,  1.02it/s, loss=0.0247]
Epoch 38:  73%|#######...| 429/585 [00:06:59<00:02:32,  1.02it/s, loss=0.0247]
Epoch 38:  74%|#######...| 435/585 [00:07:05<00:02:26,  1.02it/s, loss=0.0247]
Epoch 38:  75%|#######...| 441/585 [00:07:10<00:02:20,  1.02it/s, loss=0.0247]
Epoch 38:  76%|#######...| 447/585 [00:07:16<00:02:14,  1.02it/s, loss=0.0247]
Epoch 38:  77%|#######...| 453/585 [00:07:22<00:02:09,  1.02it/s, loss=0.0246]
Epoch 38:  78%|#######...| 459/585 [00:07:28<00:02:03,  1.02it/s, loss=0.0247]
Epoch 38:  79%|#######...| 464/585 [00:07:34<00:01:58,  1.02it/s, loss=0.0247]
Epoch 38:  80%|########..| 470/585 [00:07:39<00:01:52,  1.02it/s, loss=0.0247]
Epoch 38:  81%|########..| 476/585 [00:07:44<00:01:46,  1.02it/s, loss=0.0247]
Epoch 38:  82%|########..| 482/585 [00:07:50<00:01:40,  1.03it/s, loss=0.0247]
Epoch 38:  83%|########..| 488/585 [00:07:55<00:01:34,  1.03it/s, loss=0.0248]
Epoch 38:  84%|########..| 494/585 [00:08:01<00:01:28,  1.03it/s, loss=0.0249]
Epoch 38:  85%|########..| 500/585 [00:08:07<00:01:22,  1.03it/s, loss=0.0249]
Epoch 38:  86%|########..| 505/585 [00:08:12<00:01:18,  1.02it/s, loss=0.0249]
Epoch 38:  87%|########..| 511/585 [00:08:18<00:01:12,  1.03it/s, loss=0.0249]
Epoch 38:  88%|########..| 517/585 [00:08:23<00:01:06,  1.03it/s, loss=0.0249]
Epoch 38:  89%|########..| 523/585 [00:08:29<00:01:00,  1.03it/s, loss=0.0249]
Epoch 38:  90%|#########.| 529/585 [00:08:35<00:00:54,  1.03it/s, loss=0.0248]
Epoch 38:  91%|#########.| 535/585 [00:08:41<00:00:48,  1.03it/s, loss=0.0249]
Epoch 38:  92%|#########.| 541/585 [00:08:46<00:00:42,  1.03it/s, loss=0.0249]
Epoch 38:  93%|#########.| 545/585 [00:08:51<00:00:39,  1.02it/s, loss=0.0248]
Epoch 38:  94%|#########.| 551/585 [00:08:57<00:00:33,  1.03it/s, loss=0.0248]
Epoch 38:  95%|#########.| 556/585 [00:09:02<00:00:28,  1.02it/s, loss=0.0249]
Epoch 38:  96%|#########.| 561/585 [00:09:08<00:00:23,  1.02it/s, loss=0.0248]
Epoch 38:  97%|#########.| 567/585 [00:09:13<00:00:17,  1.02it/s, loss=0.0249]
Epoch 38:  98%|#########.| 573/585 [00:09:19<00:00:11,  1.02it/s, loss=0.0248]
Epoch 38:  99%|#########.| 579/585 [00:09:24<00:00:05,  1.03it/s, loss=0.0250]
Epoch 38: 100%|##########| 585/585 [00:09:30<00:00:00,  1.03it/s, loss=0.0249]
Test loss: 0.0245, Test rmsae: 7.25deg
{"event": "epoch_complete", "epoch": 38, "phase": 2, "lr": 1e-05, "batch_size": 10, "micro_batch_size": 1, "train_loss": 0.0249249908197512, "val_loss": 0.024455765495076776, "val_rmsae_deg": 7.253641560673714, "epoch_time_s": 571.1492595650489}
Epoch 39/40:
Epoch 39:   1%|..........| 6/585 [00:00:05<00:09:02,  1.07it/s, loss=0.0287]
Epoch 39:   2%|..........| 11/585 [00:00:11<00:09:38,  0.99it/s, loss=0.0258]
Epoch 39:   3%|..........| 17/585 [00:00:16<00:09:19,  1.02it/s, loss=0.0254]
Epoch 39:   4%|..........| 23/585 [00:00:22<00:09:02,  1.04it/s, loss=0.0247]
Epoch 39:   5%|..........| 29/585 [00:00:27<00:08:55,  1.04it/s, loss=0.0242]
Epoch 39:   6%|..........| 35/585 [00:00:33<00:08:47,  1.04it/s, loss=0.0245]
Epoch 39:   7%|..........| 41/585 [00:00:38<00:08:37,  1.05it/s, loss=0.0242]
Epoch 39:   8%|..........| 47/585 [00:00:44<00:08:30,  1.05it/s, loss=0.0241]
Epoch 39:   9%|..........| 52/585 [00:00:49<00:08:30,  1.04it/s, loss=0.0239]
Epoch 39:  10%|..........| 56/585 [00:00:55<00:08:39,  1.02it/s, loss=0.0242]
Epoch 39:  10%|#.........| 61/585 [00:01:00<00:08:37,  1.01it/s, loss=0.0242]
Epoch 39:  11%|#.........| 66/585 [00:01:05<00:08:36,  1.00it/s, loss=0.0241]
Epoch 39:  12%|#.........| 72/585 [00:01:11<00:08:27,  1.01it/s, loss=0.0240]
Epoch 39:  13%|#.........| 78/585 [00:01:16<00:08:19,  1.01it/s, loss=0.0247]
Epoch 39:  14%|#.........| 84/585 [00:01:22<00:08:09,  1.02it/s, loss=0.0247]
Epoch 39:  15%|#.........| 90/585 [00:01:27<00:08:00,  1.03it/s, loss=0.0249]
Epoch 39:  16%|#.........| 96/585 [00:01:32<00:07:52,  1.03it/s, loss=0.0249]
Epoch 39:  17%|#.........| 102/585 [00:01:38<00:07:45,  1.04it/s, loss=0.0248]
Epoch 39:  18%|#.........| 107/585 [00:01:43<00:07:42,  1.03it/s, loss=0.0246]
Epoch 39:  19%|#.........| 112/585 [00:01:49<00:07:40,  1.03it/s, loss=0.0245]
Epoch 39:  20%|##........| 118/585 [00:01:54<00:07:33,  1.03it/s, loss=0.0244]
Epoch 39:  21%|##........| 124/585 [00:02:00<00:07:27,  1.03it/s, loss=0.0245]
Epoch 39:  22%|##........| 129/585 [00:02:05<00:07:25,  1.02it/s, loss=0.0244]
Epoch 39:  23%|##........| 135/585 [00:02:11<00:07:19,  1.02it/s, loss=0.0246]
Epoch 39:  24%|##........| 141/585 [00:02:17<00:07:13,  1.03it/s, loss=0.0246]
Epoch 39:  25%|##........| 147/585 [00:02:23<00:07:06,  1.03it/s, loss=0.0246]
Epoch 39:  26%|##........| 153/585 [00:02:28<00:06:58,  1.03it/s, loss=0.0246]
Epoch 39:  27%|##........| 159/585 [00:02:33<00:06:51,  1.04it/s, loss=0.0247]
Epoch 39:  28%|##........| 165/585 [00:02:40<00:06:47,  1.03it/s, loss=0.0247]
Epoch 39:  29%|##........| 170/585 [00:02:45<00:06:42,  1.03it/s, loss=0.0246]
Epoch 39:  30%|##........| 175/585 [00:02:50<00:06:39,  1.03it/s, loss=0.0246]
Epoch 39:  31%|###.......| 180/585 [00:02:55<00:06:35,  1.02it/s, loss=0.0246]
Epoch 39:  32%|###.......| 186/585 [00:03:01<00:06:28,  1.03it/s, loss=0.0245]
Epoch 39:  33%|###.......| 191/585 [00:03:06<00:06:25,  1.02it/s, loss=0.0245]
Epoch 39:  34%|###.......| 197/585 [00:03:12<00:06:18,  1.02it/s, loss=0.0244]
Epoch 39:  35%|###.......| 203/585 [00:03:17<00:06:12,  1.03it/s, loss=0.0245]
Epoch 39:  36%|###.......| 209/585 [00:03:23<00:06:05,  1.03it/s, loss=0.0244]
Epoch 39:  37%|###.......| 214/585 [00:03:28<00:06:01,  1.03it/s, loss=0.0244]
Epoch 39:  38%|###.......| 220/585 [00:03:33<00:05:54,  1.03it/s, loss=0.0243]
Epoch 39:  39%|###.......| 226/585 [00:03:39<00:05:48,  1.03it/s, loss=0.0244]
Epoch 39:  40%|###.......| 232/585 [00:03:44<00:05:42,  1.03it/s, loss=0.0243]
Epoch 39:  41%|####......| 237/585 [00:03:50<00:05:38,  1.03it/s, loss=0.0243]
Epoch 39:  42%|####......| 243/585 [00:03:55<00:05:32,  1.03it/s, loss=0.0243]
Epoch 39:  43%|####......| 249/585 [00:04:01<00:05:25,  1.03it/s, loss=0.0242]
Epoch 39:  43%|####......| 253/585 [00:04:06<00:05:23,  1.02it/s, loss=0.0245]
Epoch 39:  44%|####......| 258/585 [00:04:11<00:05:19,  1.02it/s, loss=0.0244]
Epoch 39:  45%|####......| 263/585 [00:04:17<00:05:15,  1.02it/s, loss=0.0244]
Epoch 39:  46%|####......| 269/585 [00:04:23<00:05:09,  1.02it/s, loss=0.0244]
Epoch 39:  47%|####......| 275/585 [00:04:28<00:05:03,  1.02it/s, loss=0.0244]
Epoch 39:  48%|####......| 280/585 [00:04:35<00:04:59,  1.02it/s, loss=0.0244]
Epoch 39:  49%|####......| 286/585 [00:04:40<00:04:52,  1.02it/s, loss=0.0244]
Epoch 39:  50%|####......| 292/585 [00:04:45<00:04:46,  1.02it/s, loss=0.0244]
Epoch 39:  51%|#####.....| 298/585 [00:04:50<00:04:40,  1.02it/s, loss=0.0244]
Epoch 39:  52%|#####.....| 304/585 [00:04:56<00:04:34,  1.02it/s, loss=0.0244]
Epoch 39:  53%|#####.....| 310/585 [00:05:02<00:04:28,  1.03it/s, loss=0.0245]
Epoch 39:  54%|#####.....| 315/585 [00:05:07<00:04:23,  1.02it/s, loss=0.0246]
Epoch 39:  55%|#####.....| 321/585 [00:05:13<00:04:17,  1.03it/s, loss=0.0246]
Epoch 39:  56%|#####.....| 327/585 [00:05:18<00:04:11,  1.03it/s, loss=0.0246]
Epoch 39:  57%|#####.....| 333/585 [00:05:23<00:04:04,  1.03it/s, loss=0.0247]
Epoch 39:  58%|#####.....| 338/585 [00:05:29<00:04:00,  1.03it/s, loss=0.0248]
Epoch 39:  59%|#####.....| 345/585 [00:05:35<00:03:53,  1.03it/s, loss=0.0247]
Epoch 39:  60%|#####.....| 350/585 [00:05:40<00:03:48,  1.03it/s, loss=0.0247]
Epoch 39:  61%|######....| 356/585 [00:05:46<00:03:42,  1.03it/s, loss=0.0247]
Epoch 39:  62%|######....| 362/585 [00:05:52<00:03:37,  1.03it/s, loss=0.0247]
Epoch 39:  63%|######....| 367/585 [00:05:58<00:03:32,  1.02it/s, loss=0.0247]
Epoch 39:  64%|######....| 373/585 [00:06:04<00:03:26,  1.02it/s, loss=0.0247]
Epoch 39:  65%|######....| 378/585 [00:06:09<00:03:22,  1.02it/s, loss=0.0247]
Epoch 39:  65%|######....| 383/585 [00:06:15<00:03:17,  1.02it/s, loss=0.0246]
Epoch 39:  66%|######....| 389/585 [00:06:20<00:03:11,  1.02it/s, loss=0.0247]
Epoch 39:  67%|######....| 394/585 [00:06:26<00:03:07,  1.02it/s, loss=0.0246]
Epoch 39:  68%|######....| 399/585 [00:06:31<00:03:02,  1.02it/s, loss=0.0246]
Epoch 39:  69%|######....| 404/585 [00:06:36<00:02:57,  1.02it/s, loss=0.0247]
Epoch 39:  70%|######....| 409/585 [00:06:42<00:02:53,  1.02it/s, loss=0.0247]
Epoch 39:  71%|#######...| 414/585 [00:06:47<00:02:48,  1.01it/s, loss=0.0247]
Epoch 39:  72%|#######...| 420/585 [00:06:53<00:02:42,  1.01it/s, loss=0.0247]
Epoch 39:  73%|#######...| 425/585 [00:06:58<00:02:37,  1.01it/s, loss=0.0247]
Epoch 39:  74%|#######...| 431/585 [00:07:04<00:02:31,  1.02it/s, loss=0.0247]
Epoch 39:  75%|#######...| 437/585 [00:07:09<00:02:25,  1.02it/s, loss=0.0247]
Epoch 39:  76%|#######...| 443/585 [00:07:15<00:02:19,  1.02it/s, loss=0.0247]
Epoch 39:  77%|#######...| 449/585 [00:07:20<00:02:13,  1.02it/s, loss=0.0247]
Epoch 39:  78%|#######...| 455/585 [00:07:25<00:02:07,  1.02it/s, loss=0.0247]
Epoch 39:  79%|#######...| 461/585 [00:07:31<00:02:01,  1.02it/s, loss=0.0247]
Epoch 39:  80%|#######...| 466/585 [00:07:36<00:01:56,  1.02it/s, loss=0.0247]
Epoch 39:  81%|########..| 472/585 [00:07:42<00:01:50,  1.02it/s, loss=0.0247]
Epoch 39:  82%|########..| 478/585 [00:07:47<00:01:44,  1.02it/s, loss=0.0247]
Epoch 39:  83%|########..| 484/585 [00:07:53<00:01:38,  1.02it/s, loss=0.0247]
Epoch 39:  84%|########..| 489/585 [00:07:58<00:01:33,  1.02it/s, loss=0.0247]
Epoch 39:  84%|########..| 494/585 [00:08:03<00:01:29,  1.02it/s, loss=0.0247]
Epoch 39:  86%|########..| 501/585 [00:08:09<00:01:22,  1.02it/s, loss=0.0247]
Epoch 39:  87%|########..| 507/585 [00:08:15<00:01:16,  1.02it/s, loss=0.0247]
Epoch 39:  88%|########..| 513/585 [00:08:21<00:01:10,  1.02it/s, loss=0.0247]
Epoch 39:  89%|########..| 519/585 [00:08:27<00:01:04,  1.02it/s, loss=0.0247]
Epoch 39:  90%|########..| 525/585 [00:08:32<00:00:58,  1.02it/s, loss=0.0247]
Epoch 39:  91%|#########.| 530/585 [00:08:38<00:00:53,  1.02it/s, loss=0.0247]
Epoch 39:  92%|#########.| 536/585 [00:08:43<00:00:47,  1.02it/s, loss=0.0247]
Epoch 39:  93%|#########.| 542/585 [00:08:49<00:00:41,  1.02it/s, loss=0.0247]
Epoch 39:  94%|#########.| 547/585 [00:08:54<00:00:37,  1.02it/s, loss=0.0247]
Epoch 39:  95%|#########.| 553/585 [00:08:59<00:00:31,  1.02it/s, loss=0.0246]
Epoch 39:  96%|#########.| 559/585 [00:09:05<00:00:25,  1.02it/s, loss=0.0246]
Epoch 39:  97%|#########.| 565/585 [00:09:11<00:00:19,  1.03it/s, loss=0.0246]
Epoch 39:  98%|#########.| 571/585 [00:09:16<00:00:13,  1.03it/s, loss=0.0246]
Epoch 39:  99%|#########.| 577/585 [00:09:22<00:00:07,  1.03it/s, loss=0.0246]
Epoch 39: 100%|#########.| 583/585 [00:09:27<00:00:01,  1.03it/s, loss=0.0247]
Epoch 39: 100%|##########| 585/585 [00:09:29<00:00:00,  1.03it/s, loss=0.0247]
Test loss: 0.0245, Test rmsae: 7.34deg
{"event": "epoch_complete", "epoch": 39, "phase": 2, "lr": 1e-05, "batch_size": 10, "micro_batch_size": 1, "train_loss": 0.02465059369101993, "val_loss": 0.02448272643960081, "val_rmsae_deg": 7.342018499970436, "epoch_time_s": 570.3392645700369}
Epoch 40/40:
Epoch 40:   1%|..........| 6/585 [00:00:05<00:08:52,  1.09it/s, loss=0.0246]
Epoch 40:   2%|..........| 12/585 [00:00:11<00:09:24,  1.01it/s, loss=0.0239]
Epoch 40:   3%|..........| 18/585 [00:00:18<00:09:30,  0.99it/s, loss=0.0243]
Epoch 40:   4%|..........| 24/585 [00:00:23<00:09:08,  1.02it/s, loss=0.0241]
Epoch 40:   5%|..........| 30/585 [00:00:30<00:09:20,  0.99it/s, loss=0.0252]
Epoch 40:   6%|..........| 36/585 [00:00:36<00:09:17,  0.98it/s, loss=0.0254]
Epoch 40:   7%|..........| 41/585 [00:00:41<00:09:16,  0.98it/s, loss=0.0254]
Epoch 40:   8%|..........| 47/585 [00:00:47<00:09:00,  1.00it/s, loss=0.0251]
Epoch 40:   9%|..........| 53/585 [00:00:52<00:08:49,  1.01it/s, loss=0.0250]
Epoch 40:  10%|..........| 58/585 [00:00:58<00:08:51,  0.99it/s, loss=0.0258]
Epoch 40:  11%|#.........| 63/585 [00:01:03<00:08:49,  0.99it/s, loss=0.0261]
Epoch 40:  12%|#.........| 69/585 [00:01:09<00:08:37,  1.00it/s, loss=0.0258]
Epoch 40:  13%|#.........| 75/585 [00:01:14<00:08:28,  1.00it/s, loss=0.0263]
Epoch 40:  14%|#.........| 80/585 [00:01:20<00:08:27,  0.99it/s, loss=0.0262]
Epoch 40:  15%|#.........| 86/585 [00:01:26<00:08:19,  1.00it/s, loss=0.0263]
Epoch 40:  16%|#.........| 92/585 [00:01:31<00:08:12,  1.00it/s, loss=0.0260]
Epoch 40:  17%|#.........| 97/585 [00:01:37<00:08:08,  1.00it/s, loss=0.0260]
Epoch 40:  17%|#.........| 102/585 [00:01:42<00:08:03,  1.00it/s, loss=0.0259]
Epoch 40:  18%|#.........| 108/585 [00:01:47<00:07:54,  1.00it/s, loss=0.0259]
Epoch 40:  19%|#.........| 113/585 [00:01:52<00:07:50,  1.00it/s, loss=0.0260]
Epoch 40:  20%|##........| 118/585 [00:01:58<00:07:47,  1.00it/s, loss=0.0259]
Epoch 40:  21%|##........| 123/585 [00:02:03<00:07:42,  1.00it/s, loss=0.0259]
Epoch 40:  22%|##........| 129/585 [00:02:08<00:07:35,  1.00it/s, loss=0.0258]
Epoch 40:  23%|##........| 135/585 [00:02:14<00:07:27,  1.00it/s, loss=0.0257]
Epoch 40:  24%|##........| 140/585 [00:02:20<00:07:25,  1.00it/s, loss=0.0257]
Epoch 40:  25%|##........| 146/585 [00:02:25<00:07:18,  1.00it/s, loss=0.0257]
Epoch 40:  26%|##........| 151/585 [00:02:31<00:07:14,  1.00it/s, loss=0.0257]
Epoch 40:  27%|##........| 156/585 [00:02:36<00:07:10,  1.00it/s, loss=0.0257]
Epoch 40:  28%|##........| 162/585 [00:02:42<00:07:03,  1.00it/s, loss=0.0256]
Epoch 40:  29%|##........| 168/585 [00:02:47<00:06:56,  1.00it/s, loss=0.0254]
Epoch 40:  30%|##........| 174/585 [00:02:53<00:06:48,  1.01it/s, loss=0.0254]
Epoch 40:  30%|###.......| 178/585 [00:02:58<00:06:47,  1.00it/s, loss=0.0253]
Epoch 40:  31%|###.......| 183/585 [00:03:03<00:06:43,  1.00it/s, loss=0.0253]
Epoch 40:  32%|###.......| 187/585 [00:03:08<00:06:41,  0.99it/s, loss=0.0253]
Epoch 40:  33%|###.......| 193/585 [00:03:14<00:06:34,  0.99it/s, loss=0.0252]
Epoch 40:  34%|###.......| 199/585 [00:03:19<00:06:27,  1.00it/s, loss=0.0251]
Epoch 40:  35%|###.......| 205/585 [00:03:25<00:06:21,  1.00it/s, loss=0.0256]
Epoch 40:  36%|###.......| 211/585 [00:03:31<00:06:14,  1.00it/s, loss=0.0255]
Epoch 40:  37%|###.......| 216/585 [00:03:36<00:06:10,  1.00it/s, loss=0.0255]
Epoch 40:  38%|###.......| 222/585 [00:03:42<00:06:03,  1.00it/s, loss=0.0256]
Epoch 40:  39%|###.......| 228/585 [00:03:48<00:05:57,  1.00it/s, loss=0.0255]
Epoch 40:  40%|###.......| 233/585 [00:03:53<00:05:52,  1.00it/s, loss=0.0255]
Epoch 40:  41%|####......| 238/585 [00:03:59<00:05:49,  0.99it/s, loss=0.0255]
Epoch 40:  42%|####......| 244/585 [00:04:05<00:05:42,  0.99it/s, loss=0.0254]
Epoch 40:  43%|####......| 250/585 [00:04:10<00:05:35,  1.00it/s, loss=0.0253]
Epoch 40:  44%|####......| 256/585 [00:04:16<00:05:30,  1.00it/s, loss=0.0253]
Epoch 40:  45%|####......| 262/585 [00:04:22<00:05:23,  1.00it/s, loss=0.0253]
Epoch 40:  46%|####......| 268/585 [00:04:28<00:05:17,  1.00it/s, loss=0.0252]
Epoch 40:  47%|####......| 274/585 [00:04:33<00:05:10,  1.00it/s, loss=0.0252]
Epoch 40:  48%|####......| 280/585 [00:04:38<00:05:03,  1.00it/s, loss=0.0252]
Epoch 40:  49%|####......| 284/585 [00:04:43<00:05:00,  1.00it/s, loss=0.0252]
Epoch 40:  49%|####......| 289/585 [00:04:49<00:04:56,  1.00it/s, loss=0.0253]
Epoch 40:  50%|#####.....| 293/585 [00:04:54<00:04:53,  1.00it/s, loss=0.0254]
Epoch 40:  51%|#####.....| 298/585 [00:04:59<00:04:48,  1.00it/s, loss=0.0253]
Epoch 40:  52%|#####.....| 303/585 [00:05:05<00:04:44,  0.99it/s, loss=0.0252]
Epoch 40:  53%|#####.....| 309/585 [00:05:10<00:04:37,  0.99it/s, loss=0.0252]
Epoch 40:  54%|#####.....| 315/585 [00:05:16<00:04:31,  0.99it/s, loss=0.0252]
Epoch 40:  55%|#####.....| 320/585 [00:05:21<00:04:26,  0.99it/s, loss=0.0252]
Epoch 40:  56%|#####.....| 325/585 [00:05:27<00:04:21,  0.99it/s, loss=0.0253]
Epoch 40:  56%|#####.....| 330/585 [00:05:32<00:04:16,  0.99it/s, loss=0.0253]
Epoch 40:  57%|#####.....| 336/585 [00:05:38<00:04:10,  0.99it/s, loss=0.0253]
Epoch 40:  58%|#####.....| 342/585 [00:05:44<00:04:04,  0.99it/s, loss=0.0253]
Epoch 40:  59%|#####.....| 347/585 [00:05:49<00:03:59,  0.99it/s, loss=0.0252]
Epoch 40:  60%|######....| 353/585 [00:05:55<00:03:53,  0.99it/s, loss=0.0252]
Epoch 40:  61%|######....| 359/585 [00:06:00<00:03:47,  1.00it/s, loss=0.0252]
Epoch 40:  62%|######....| 365/585 [00:06:06<00:03:40,  1.00it/s, loss=0.0252]
Epoch 40:  63%|######....| 371/585 [00:06:12<00:03:34,  1.00it/s, loss=0.0252]
Epoch 40:  64%|######....| 377/585 [00:06:17<00:03:28,  1.00it/s, loss=0.0252]
Epoch 40:  65%|######....| 383/585 [00:06:23<00:03:22,  1.00it/s, loss=0.0252]
Epoch 40:  66%|######....| 388/585 [00:06:28<00:03:17,  1.00it/s, loss=0.0251]
Epoch 40:  67%|######....| 393/585 [00:06:33<00:03:12,  1.00it/s, loss=0.0252]
Epoch 40:  68%|######....| 398/585 [00:06:39<00:03:07,  1.00it/s, loss=0.0252]
Epoch 40:  69%|######....| 403/585 [00:06:44<00:03:02,  1.00it/s, loss=0.0253]
Epoch 40:  70%|######....| 409/585 [00:06:49<00:02:56,  1.00it/s, loss=0.0253]
Epoch 40:  71%|#######...| 414/585 [00:06:55<00:02:51,  1.00it/s, loss=0.0253]
Epoch 40:  72%|#######...| 420/585 [00:07:00<00:02:45,  1.00it/s, loss=0.0253]
Epoch 40:  73%|#######...| 426/585 [00:07:05<00:02:38,  1.00it/s, loss=0.0252]
Epoch 40:  74%|#######...| 432/585 [00:07:11<00:02:32,  1.00it/s, loss=0.0252]
Epoch 40:  75%|#######...| 437/585 [00:07:16<00:02:27,  1.00it/s, loss=0.0252]
Epoch 40:  76%|#######...| 442/585 [00:07:22<00:02:23,  1.00it/s, loss=0.0253]
Epoch 40:  76%|#######...| 447/585 [00:07:28<00:02:18,  1.00it/s, loss=0.0254]
Epoch 40:  77%|#######...| 453/585 [00:07:33<00:02:12,  1.00it/s, loss=0.0253]
Epoch 40:  78%|#######...| 458/585 [00:07:38<00:02:07,  1.00it/s, loss=0.0254]
Epoch 40:  79%|#######...| 463/585 [00:07:44<00:02:02,  1.00it/s, loss=0.0254]
Epoch 40:  80%|########..| 469/585 [00:07:49<00:01:56,  1.00it/s, loss=0.0253]
Epoch 40:  81%|########..| 475/585 [00:07:55<00:01:50,  1.00it/s, loss=0.0253]
Epoch 40:  82%|########..| 481/585 [00:08:01<00:01:44,  1.00it/s, loss=0.0252]
Epoch 40:  83%|########..| 487/585 [00:08:07<00:01:38,  1.00it/s, loss=0.0252]
Epoch 40:  84%|########..| 492/585 [00:08:12<00:01:33,  1.00it/s, loss=0.0252]
Epoch 40:  85%|########..| 498/585 [00:08:18<00:01:27,  1.00it/s, loss=0.0252]
Epoch 40:  86%|########..| 503/585 [00:08:23<00:01:22,  1.00it/s, loss=0.0252]
Epoch 40:  87%|########..| 509/585 [00:08:28<00:01:15,  1.00it/s, loss=0.0252]
Epoch 40:  88%|########..| 515/585 [00:08:34<00:01:09,  1.00it/s, loss=0.0253]
Epoch 40:  89%|########..| 520/585 [00:08:39<00:01:04,  1.00it/s, loss=0.0253]
Epoch 40:  90%|########..| 525/585 [00:08:44<00:00:59,  1.00it/s, loss=0.0253]
Epoch 40:  91%|#########.| 531/585 [00:08:49<00:00:53,  1.00it/s, loss=0.0253]
Epoch 40:  92%|#########.| 536/585 [00:08:55<00:00:48,  1.00it/s, loss=0.0253]
Epoch 40:  93%|#########.| 542/585 [00:09:01<00:00:42,  1.00it/s, loss=0.0252]
Epoch 40:  94%|#########.| 548/585 [00:09:06<00:00:36,  1.00it/s, loss=0.0252]
Epoch 40:  94%|#########.| 552/585 [00:09:11<00:00:32,  1.00it/s, loss=0.0255]
Epoch 40:  95%|#########.| 558/585 [00:09:17<00:00:26,  1.00it/s, loss=0.0255]
Epoch 40:  96%|#########.| 563/585 [00:09:23<00:00:22,  1.00it/s, loss=0.0254]
Epoch 40:  97%|#########.| 569/585 [00:09:28<00:00:15,  1.00it/s, loss=0.0254]
Epoch 40:  98%|#########.| 575/585 [00:09:34<00:00:09,  1.00it/s, loss=0.0254]
Epoch 40:  99%|#########.| 580/585 [00:09:41<00:00:05,  1.00it/s, loss=0.0254]
Epoch 40: 100%|##########| 585/585 [00:09:46<00:00:00,  1.00it/s, loss=0.0254]
Test loss: 0.0245, Test rmsae: 7.36deg
{"event": "epoch_complete", "epoch": 40, "phase": 2, "lr": 1e-05, "batch_size": 10, "micro_batch_size": 1, "train_loss": 0.025400243774374835, "val_loss": 0.02454297846998088, "val_rmsae_deg": 7.358573332428932, "epoch_time_s": 587.1865079880226}
{"event": "checkpoint_saved", "tag": "epoch_040", "epoch": 40, "path": "IFAN_Edge/outputs/stage3/ifan_stage3_full20_freqblock_paper_original_20260419_005314/checkpoints/epoch_040.pt"}
{"event": "stage3_complete", "output_dir": "IFAN_Edge/outputs/stage3/ifan_stage3_full20_freqblock_paper_original_20260419_005314", "history_path": "IFAN_Edge/outputs/stage3/ifan_stage3_full20_freqblock_paper_original_20260419_005314/history.csv", "baseline_compare_path": "IFAN_Edge/outputs/stage3/ifan_stage3_full20_freqblock_paper_original_20260419_005314/baseline_compare.json", "best_checkpoint_path": "IFAN_Edge/outputs/stage3/ifan_stage3_full20_freqblock_paper_original_20260419_005314/checkpoints/best_rmsae.pt", "last_checkpoint_path": "IFAN_Edge/outputs/stage3/ifan_stage3_full20_freqblock_paper_original_20260419_005314/checkpoints/last.pt", "device": "cuda", "train_split_path": "/home/cmm/icocnn/datasets/LibriSpeech/LibriSpeech/train-clean-100", "validation_split_path": "/home/cmm/icocnn/datasets/LibriSpeech/LibriSpeech/test-clean", "epochs": 40, "model_topology": "paper_dual_mainline", "branch_channels": 16, "final_head_pooling": false, "input_ablation_mode": "none", "best_val_rmsae_deg": 6.6669847294688225, "final_epoch": {"epoch": 40, "phase": 2, "lr": 1e-05, "batch_size": 10, "micro_batch_size": 1, "train_loss": 0.025400243774374835, "val_loss": 0.02454297846998088, "val_rmsae_deg": 7.358573332428932, "epoch_time_s": 587.1865079880226}, "baseline_compare": {"baseline_checkpoint_path": "models/1sourceTracking_icoCNN_robot_K4096_r2_model.bin", "scenarios": [{"name": "scene_1", "snr_db": 30.0, "t60_s": 0.2, "ifan": {"loss": 0.021365849301218987, "rmsae_deg": 4.198238372802734}, "baseline": {"loss": 0.02075250365305692, "rmsae_deg": 4.905608534812927}, "rmsae_delta_deg": -0.7073701620101929}, {"name": "scene_2", "snr_db": 30.0, "t60_s": 0.8, "ifan": {"loss": 0.02985918801277876, "rmsae_deg": 9.12326717376709}, "baseline": {"loss": 0.02627151901833713, "rmsae_deg": 7.3839176297187805}, "rmsae_delta_deg": 1.7393495440483093}, {"name": "scene_3", "snr_db": 5.0, "t60_s": 0.8, "ifan": {"loss": 0.03249985119327903, "rmsae_deg": 9.501166939735413}, "baseline": {"loss": 0.03088831645436585, "rmsae_deg": 9.228352904319763}, "rmsae_delta_deg": 0.2728140354156494}, {"name": "scene_4", "snr_db": 5.0, "t60_s": 1.4, "ifan": {"loss": 0.030086999526247382, "rmsae_deg": 9.858267426490784}, "baseline": {"loss": 0.02963932417333126, "rmsae_deg": 9.709725320339203}, "rmsae_delta_deg": 0.1485421061515808}], "mean_rmsae_deg": {"ifan": 8.170234978199005, "baseline": 7.8069010972976685, "delta": 0.36333388090133667}, "hard_scenarios_mean_rmsae_deg": {"ifan": 9.679717183113098, "baseline": 9.469039112329483, "delta": 0.2106780707836151}}}
{
  "output_dir": "IFAN_Edge/outputs/stage3/ifan_stage3_full20_freqblock_paper_original_20260419_005314",
  "history_path": "IFAN_Edge/outputs/stage3/ifan_stage3_full20_freqblock_paper_original_20260419_005314/history.csv",
  "baseline_compare_path": "IFAN_Edge/outputs/stage3/ifan_stage3_full20_freqblock_paper_original_20260419_005314/baseline_compare.json",
  "best_checkpoint_path": "IFAN_Edge/outputs/stage3/ifan_stage3_full20_freqblock_paper_original_20260419_005314/checkpoints/best_rmsae.pt",
  "last_checkpoint_path": "IFAN_Edge/outputs/stage3/ifan_stage3_full20_freqblock_paper_original_20260419_005314/checkpoints/last.pt",
  "device": "cuda",
  "train_split_path": "/home/cmm/icocnn/datasets/LibriSpeech/LibriSpeech/train-clean-100",
  "validation_split_path": "/home/cmm/icocnn/datasets/LibriSpeech/LibriSpeech/test-clean",
  "epochs": 40,
  "model_topology": "paper_dual_mainline",
  "branch_channels": 16,
  "final_head_pooling": false,
  "input_ablation_mode": "none",
  "best_val_rmsae_deg": 6.6669847294688225,
  "final_epoch": {
    "epoch": 40,
    "phase": 2,
    "lr": 1e-05,
    "batch_size": 10,
    "micro_batch_size": 1,
    "train_loss": 0.025400243774374835,
    "val_loss": 0.02454297846998088,
    "val_rmsae_deg": 7.358573332428932,
    "epoch_time_s": 587.1865079880226
  },
  "baseline_compare": {
    "baseline_checkpoint_path": "models/1sourceTracking_icoCNN_robot_K4096_r2_model.bin",
    "scenarios": [
      {
        "name": "scene_1",
        "snr_db": 30.0,
        "t60_s": 0.2,
        "ifan": {
          "loss": 0.021365849301218987,
          "rmsae_deg": 4.198238372802734
        },
        "baseline": {
          "loss": 0.02075250365305692,
          "rmsae_deg": 4.905608534812927
        },
        "rmsae_delta_deg": -0.7073701620101929
      },
      {
        "name": "scene_2",
        "snr_db": 30.0,
        "t60_s": 0.8,
        "ifan": {
          "loss": 0.02985918801277876,
          "rmsae_deg": 9.12326717376709
        },
        "baseline": {
          "loss": 0.02627151901833713,
          "rmsae_deg": 7.3839176297187805
        },
        "rmsae_delta_deg": 1.7393495440483093
      },
      {
        "name": "scene_3",
        "snr_db": 5.0,
        "t60_s": 0.8,
        "ifan": {
          "loss": 0.03249985119327903,
          "rmsae_deg": 9.501166939735413
        },
        "baseline": {
          "loss": 0.03088831645436585,
          "rmsae_deg": 9.228352904319763
        },
        "rmsae_delta_deg": 0.2728140354156494
      },
      {
        "name": "scene_4",
        "snr_db": 5.0,
        "t60_s": 1.4,
        "ifan": {
          "loss": 0.030086999526247382,
          "rmsae_deg": 9.858267426490784
        },
        "baseline": {
          "loss": 0.02963932417333126,
          "rmsae_deg": 9.709725320339203
        },
        "rmsae_delta_deg": 0.1485421061515808
      }
    ],
    "mean_rmsae_deg": {
      "ifan": 8.170234978199005,
      "baseline": 7.8069010972976685,
      "delta": 0.36333388090133667
    },
    "hard_scenarios_mean_rmsae_deg": {
      "ifan": 9.679717183113098,
      "baseline": 9.469039112329483,
      "delta": 0.2106780707836151
    }
  }
}
{"event": "process_exit", "pid": 633471, "ts_utc": "2026-04-18T23:24:05+00:00"}
