{"event": "stage3_boot", "output_dir": "IFAN_Edge/outputs/stage3/ifan_stage3_long80_freqblock_paper_original_20260426_155330", "device_requested": "cuda", "device_resolved": "cuda", "epochs": 80, "model_topology": "paper_dual_mainline", "branch_channels": 16, "final_head_pooling": false, "input_ablation_mode": "none"}
{"event": "datasets_ready", "train_split_path": "/home/cmm/icocnn/datasets/LibriSpeech/LibriSpeech/train-clean-100", "validation_split_path": "/home/cmm/icocnn/datasets/LibriSpeech/LibriSpeech/test-clean", "train_source_size": 585, "validation_source_size": 87}
{"event": "preprocessors_ready"}
{"event": "validation_cache_build_start", "validation_dataset_size": 32, "validation_batch_size": 1}
{"event": "validation_cache_progress", "pid": 6325, "ts_utc": "2026-04-26T07:53:31+00:00", "stage": "before_get_batch", "batch_index": 1, "total_batches": 32, "sample_start": 0, "sample_stop": 1}
{"event": "validation_cache_progress", "pid": 6325, "ts_utc": "2026-04-26T07:53:32+00:00", "stage": "after_get_batch", "batch_index": 1, "total_batches": 32, "sample_start": 0, "sample_stop": 1}
{"event": "validation_cache_progress", "pid": 6325, "ts_utc": "2026-04-26T07:53:32+00:00", "stage": "after_preprocess", "batch_index": 1, "total_batches": 32, "sample_start": 0, "sample_stop": 1}
{"event": "validation_cache_progress", "pid": 6325, "ts_utc": "2026-04-26T07:53:32+00:00", "stage": "after_cache_append", "batch_index": 1, "total_batches": 32, "sample_start": 0, "sample_stop": 1}
{"event": "validation_cache_progress", "pid": 6325, "ts_utc": "2026-04-26T07:53:32+00:00", "stage": "before_get_batch", "batch_index": 2, "total_batches": 32, "sample_start": 1, "sample_stop": 2}
{"event": "validation_cache_progress", "pid": 6325, "ts_utc": "2026-04-26T07:53:33+00:00", "stage": "after_get_batch", "batch_index": 2, "total_batches": 32, "sample_start": 1, "sample_stop": 2}
{"event": "validation_cache_progress", "pid": 6325, "ts_utc": "2026-04-26T07:53:33+00:00", "stage": "after_preprocess", "batch_index": 2, "total_batches": 32, "sample_start": 1, "sample_stop": 2}
{"event": "validation_cache_progress", "pid": 6325, "ts_utc": "2026-04-26T07:53:33+00:00", "stage": "after_cache_append", "batch_index": 2, "total_batches": 32, "sample_start": 1, "sample_stop": 2}
{"event": "validation_cache_progress", "pid": 6325, "ts_utc": "2026-04-26T07:53:33+00:00", "stage": "before_get_batch", "batch_index": 3, "total_batches": 32, "sample_start": 2, "sample_stop": 3}
{"event": "validation_cache_progress", "pid": 6325, "ts_utc": "2026-04-26T07:53:34+00:00", "stage": "after_get_batch", "batch_index": 3, "total_batches": 32, "sample_start": 2, "sample_stop": 3}
{"event": "validation_cache_progress", "pid": 6325, "ts_utc": "2026-04-26T07:53:34+00:00", "stage": "after_preprocess", "batch_index": 3, "total_batches": 32, "sample_start": 2, "sample_stop": 3}
{"event": "validation_cache_progress", "pid": 6325, "ts_utc": "2026-04-26T07:53:34+00:00", "stage": "after_cache_append", "batch_index": 3, "total_batches": 32, "sample_start": 2, "sample_stop": 3}
{"event": "validation_cache_progress", "pid": 6325, "ts_utc": "2026-04-26T07:53:34+00:00", "stage": "before_get_batch", "batch_index": 4, "total_batches": 32, "sample_start": 3, "sample_stop": 4}
{"event": "validation_cache_progress", "pid": 6325, "ts_utc": "2026-04-26T07:53:34+00:00", "stage": "after_get_batch", "batch_index": 4, "total_batches": 32, "sample_start": 3, "sample_stop": 4}
{"event": "validation_cache_progress", "pid": 6325, "ts_utc": "2026-04-26T07:53:35+00:00", "stage": "after_preprocess", "batch_index": 4, "total_batches": 32, "sample_start": 3, "sample_stop": 4}
{"event": "validation_cache_progress", "pid": 6325, "ts_utc": "2026-04-26T07:53:35+00:00", "stage": "after_cache_append", "batch_index": 4, "total_batches": 32, "sample_start": 3, "sample_stop": 4}
{"event": "validation_cache_progress", "pid": 6325, "ts_utc": "2026-04-26T07:53:35+00:00", "stage": "before_get_batch", "batch_index": 5, "total_batches": 32, "sample_start": 4, "sample_stop": 5}
{"event": "validation_cache_progress", "pid": 6325, "ts_utc": "2026-04-26T07:53:35+00:00", "stage": "after_get_batch", "batch_index": 5, "total_batches": 32, "sample_start": 4, "sample_stop": 5}
{"event": "validation_cache_progress", "pid": 6325, "ts_utc": "2026-04-26T07:53:36+00:00", "stage": "after_preprocess", "batch_index": 5, "total_batches": 32, "sample_start": 4, "sample_stop": 5}
{"event": "validation_cache_progress", "pid": 6325, "ts_utc": "2026-04-26T07:53:36+00:00", "stage": "after_cache_append", "batch_index": 5, "total_batches": 32, "sample_start": 4, "sample_stop": 5}
{"event": "validation_cache_progress", "pid": 6325, "ts_utc": "2026-04-26T07:53:36+00:00", "stage": "before_get_batch", "batch_index": 6, "total_batches": 32, "sample_start": 5, "sample_stop": 6}
{"event": "validation_cache_progress", "pid": 6325, "ts_utc": "2026-04-26T07:53:36+00:00", "stage": "after_get_batch", "batch_index": 6, "total_batches": 32, "sample_start": 5, "sample_stop": 6}
{"event": "validation_cache_progress", "pid": 6325, "ts_utc": "2026-04-26T07:53:37+00:00", "stage": "after_preprocess", "batch_index": 6, "total_batches": 32, "sample_start": 5, "sample_stop": 6}
{"event": "validation_cache_progress", "pid": 6325, "ts_utc": "2026-04-26T07:53:37+00:00", "stage": "after_cache_append", "batch_index": 6, "total_batches": 32, "sample_start": 5, "sample_stop": 6}
{"event": "validation_cache_progress", "pid": 6325, "ts_utc": "2026-04-26T07:53:37+00:00", "stage": "before_get_batch", "batch_index": 7, "total_batches": 32, "sample_start": 6, "sample_stop": 7}
{"event": "validation_cache_progress", "pid": 6325, "ts_utc": "2026-04-26T07:53:37+00:00", "stage": "after_get_batch", "batch_index": 7, "total_batches": 32, "sample_start": 6, "sample_stop": 7}
{"event": "validation_cache_progress", "pid": 6325, "ts_utc": "2026-04-26T07:53:38+00:00", "stage": "after_preprocess", "batch_index": 7, "total_batches": 32, "sample_start": 6, "sample_stop": 7}
{"event": "validation_cache_progress", "pid": 6325, "ts_utc": "2026-04-26T07:53:38+00:00", "stage": "after_cache_append", "batch_index": 7, "total_batches": 32, "sample_start": 6, "sample_stop": 7}
{"event": "validation_cache_progress", "pid": 6325, "ts_utc": "2026-04-26T07:53:38+00:00", "stage": "before_get_batch", "batch_index": 8, "total_batches": 32, "sample_start": 7, "sample_stop": 8}
{"event": "validation_cache_progress", "pid": 6325, "ts_utc": "2026-04-26T07:53:38+00:00", "stage": "after_get_batch", "batch_index": 8, "total_batches": 32, "sample_start": 7, "sample_stop": 8}
{"event": "validation_cache_progress", "pid": 6325, "ts_utc": "2026-04-26T07:53:38+00:00", "stage": "after_preprocess", "batch_index": 8, "total_batches": 32, "sample_start": 7, "sample_stop": 8}
{"event": "validation_cache_progress", "pid": 6325, "ts_utc": "2026-04-26T07:53:38+00:00", "stage": "after_cache_append", "batch_index": 8, "total_batches": 32, "sample_start": 7, "sample_stop": 8}
{"event": "validation_cache_progress", "pid": 6325, "ts_utc": "2026-04-26T07:53:38+00:00", "stage": "before_get_batch", "batch_index": 9, "total_batches": 32, "sample_start": 8, "sample_stop": 9}
{"event": "validation_cache_progress", "pid": 6325, "ts_utc": "2026-04-26T07:53:39+00:00", "stage": "after_get_batch", "batch_index": 9, "total_batches": 32, "sample_start": 8, "sample_stop": 9}
{"event": "validation_cache_progress", "pid": 6325, "ts_utc": "2026-04-26T07:53:39+00:00", "stage": "after_preprocess", "batch_index": 9, "total_batches": 32, "sample_start": 8, "sample_stop": 9}
{"event": "validation_cache_progress", "pid": 6325, "ts_utc": "2026-04-26T07:53:39+00:00", "stage": "after_cache_append", "batch_index": 9, "total_batches": 32, "sample_start": 8, "sample_stop": 9}
{"event": "validation_cache_progress", "pid": 6325, "ts_utc": "2026-04-26T07:53:39+00:00", "stage": "before_get_batch", "batch_index": 10, "total_batches": 32, "sample_start": 9, "sample_stop": 10}
{"event": "validation_cache_progress", "pid": 6325, "ts_utc": "2026-04-26T07:53:39+00:00", "stage": "after_get_batch", "batch_index": 10, "total_batches": 32, "sample_start": 9, "sample_stop": 10}
{"event": "validation_cache_progress", "pid": 6325, "ts_utc": "2026-04-26T07:53:40+00:00", "stage": "after_preprocess", "batch_index": 10, "total_batches": 32, "sample_start": 9, "sample_stop": 10}
{"event": "validation_cache_progress", "pid": 6325, "ts_utc": "2026-04-26T07:53:40+00:00", "stage": "after_cache_append", "batch_index": 10, "total_batches": 32, "sample_start": 9, "sample_stop": 10}
{"event": "validation_cache_progress", "pid": 6325, "ts_utc": "2026-04-26T07:53:40+00:00", "stage": "before_get_batch", "batch_index": 11, "total_batches": 32, "sample_start": 10, "sample_stop": 11}
{"event": "validation_cache_progress", "pid": 6325, "ts_utc": "2026-04-26T07:53:41+00:00", "stage": "after_get_batch", "batch_index": 11, "total_batches": 32, "sample_start": 10, "sample_stop": 11}
{"event": "validation_cache_progress", "pid": 6325, "ts_utc": "2026-04-26T07:53:41+00:00", "stage": "after_preprocess", "batch_index": 11, "total_batches": 32, "sample_start": 10, "sample_stop": 11}
{"event": "validation_cache_progress", "pid": 6325, "ts_utc": "2026-04-26T07:53:41+00:00", "stage": "after_cache_append", "batch_index": 11, "total_batches": 32, "sample_start": 10, "sample_stop": 11}
{"event": "validation_cache_progress", "pid": 6325, "ts_utc": "2026-04-26T07:53:41+00:00", "stage": "before_get_batch", "batch_index": 12, "total_batches": 32, "sample_start": 11, "sample_stop": 12}
{"event": "validation_cache_progress", "pid": 6325, "ts_utc": "2026-04-26T07:53:41+00:00", "stage": "after_get_batch", "batch_index": 12, "total_batches": 32, "sample_start": 11, "sample_stop": 12}
{"event": "validation_cache_progress", "pid": 6325, "ts_utc": "2026-04-26T07:53:42+00:00", "stage": "after_preprocess", "batch_index": 12, "total_batches": 32, "sample_start": 11, "sample_stop": 12}
{"event": "validation_cache_progress", "pid": 6325, "ts_utc": "2026-04-26T07:53:42+00:00", "stage": "after_cache_append", "batch_index": 12, "total_batches": 32, "sample_start": 11, "sample_stop": 12}
{"event": "validation_cache_progress", "pid": 6325, "ts_utc": "2026-04-26T07:53:42+00:00", "stage": "before_get_batch", "batch_index": 13, "total_batches": 32, "sample_start": 12, "sample_stop": 13}
{"event": "validation_cache_progress", "pid": 6325, "ts_utc": "2026-04-26T07:53:42+00:00", "stage": "after_get_batch", "batch_index": 13, "total_batches": 32, "sample_start": 12, "sample_stop": 13}
{"event": "validation_cache_progress", "pid": 6325, "ts_utc": "2026-04-26T07:53:42+00:00", "stage": "after_preprocess", "batch_index": 13, "total_batches": 32, "sample_start": 12, "sample_stop": 13}
{"event": "validation_cache_progress", "pid": 6325, "ts_utc": "2026-04-26T07:53:42+00:00", "stage": "after_cache_append", "batch_index": 13, "total_batches": 32, "sample_start": 12, "sample_stop": 13}
{"event": "validation_cache_progress", "pid": 6325, "ts_utc": "2026-04-26T07:53:42+00:00", "stage": "before_get_batch", "batch_index": 14, "total_batches": 32, "sample_start": 13, "sample_stop": 14}
{"event": "validation_cache_progress", "pid": 6325, "ts_utc": "2026-04-26T07:53:43+00:00", "stage": "after_get_batch", "batch_index": 14, "total_batches": 32, "sample_start": 13, "sample_stop": 14}
{"event": "validation_cache_progress", "pid": 6325, "ts_utc": "2026-04-26T07:53:44+00:00", "stage": "after_preprocess", "batch_index": 14, "total_batches": 32, "sample_start": 13, "sample_stop": 14}
{"event": "validation_cache_progress", "pid": 6325, "ts_utc": "2026-04-26T07:53:44+00:00", "stage": "after_cache_append", "batch_index": 14, "total_batches": 32, "sample_start": 13, "sample_stop": 14}
{"event": "validation_cache_progress", "pid": 6325, "ts_utc": "2026-04-26T07:53:44+00:00", "stage": "before_get_batch", "batch_index": 15, "total_batches": 32, "sample_start": 14, "sample_stop": 15}
{"event": "validation_cache_progress", "pid": 6325, "ts_utc": "2026-04-26T07:53:44+00:00", "stage": "after_get_batch", "batch_index": 15, "total_batches": 32, "sample_start": 14, "sample_stop": 15}
{"event": "validation_cache_progress", "pid": 6325, "ts_utc": "2026-04-26T07:53:44+00:00", "stage": "after_preprocess", "batch_index": 15, "total_batches": 32, "sample_start": 14, "sample_stop": 15}
{"event": "validation_cache_progress", "pid": 6325, "ts_utc": "2026-04-26T07:53:44+00:00", "stage": "after_cache_append", "batch_index": 15, "total_batches": 32, "sample_start": 14, "sample_stop": 15}
{"event": "validation_cache_progress", "pid": 6325, "ts_utc": "2026-04-26T07:53:44+00:00", "stage": "before_get_batch", "batch_index": 16, "total_batches": 32, "sample_start": 15, "sample_stop": 16}
{"event": "validation_cache_progress", "pid": 6325, "ts_utc": "2026-04-26T07:53:45+00:00", "stage": "after_get_batch", "batch_index": 16, "total_batches": 32, "sample_start": 15, "sample_stop": 16}
{"event": "validation_cache_progress", "pid": 6325, "ts_utc": "2026-04-26T07:53:45+00:00", "stage": "after_preprocess", "batch_index": 16, "total_batches": 32, "sample_start": 15, "sample_stop": 16}
{"event": "validation_cache_progress", "pid": 6325, "ts_utc": "2026-04-26T07:53:45+00:00", "stage": "after_cache_append", "batch_index": 16, "total_batches": 32, "sample_start": 15, "sample_stop": 16}
{"event": "validation_cache_progress", "pid": 6325, "ts_utc": "2026-04-26T07:53:45+00:00", "stage": "before_get_batch", "batch_index": 17, "total_batches": 32, "sample_start": 16, "sample_stop": 17}
{"event": "validation_cache_progress", "pid": 6325, "ts_utc": "2026-04-26T07:53:46+00:00", "stage": "after_get_batch", "batch_index": 17, "total_batches": 32, "sample_start": 16, "sample_stop": 17}
{"event": "validation_cache_progress", "pid": 6325, "ts_utc": "2026-04-26T07:53:46+00:00", "stage": "after_preprocess", "batch_index": 17, "total_batches": 32, "sample_start": 16, "sample_stop": 17}
{"event": "validation_cache_progress", "pid": 6325, "ts_utc": "2026-04-26T07:53:46+00:00", "stage": "after_cache_append", "batch_index": 17, "total_batches": 32, "sample_start": 16, "sample_stop": 17}
{"event": "validation_cache_progress", "pid": 6325, "ts_utc": "2026-04-26T07:53:46+00:00", "stage": "before_get_batch", "batch_index": 18, "total_batches": 32, "sample_start": 17, "sample_stop": 18}
{"event": "validation_cache_progress", "pid": 6325, "ts_utc": "2026-04-26T07:53:46+00:00", "stage": "after_get_batch", "batch_index": 18, "total_batches": 32, "sample_start": 17, "sample_stop": 18}
{"event": "validation_cache_progress", "pid": 6325, "ts_utc": "2026-04-26T07:53:47+00:00", "stage": "after_preprocess", "batch_index": 18, "total_batches": 32, "sample_start": 17, "sample_stop": 18}
{"event": "validation_cache_progress", "pid": 6325, "ts_utc": "2026-04-26T07:53:47+00:00", "stage": "after_cache_append", "batch_index": 18, "total_batches": 32, "sample_start": 17, "sample_stop": 18}
{"event": "validation_cache_progress", "pid": 6325, "ts_utc": "2026-04-26T07:53:47+00:00", "stage": "before_get_batch", "batch_index": 19, "total_batches": 32, "sample_start": 18, "sample_stop": 19}
{"event": "validation_cache_progress", "pid": 6325, "ts_utc": "2026-04-26T07:53:47+00:00", "stage": "after_get_batch", "batch_index": 19, "total_batches": 32, "sample_start": 18, "sample_stop": 19}
{"event": "validation_cache_progress", "pid": 6325, "ts_utc": "2026-04-26T07:53:48+00:00", "stage": "after_preprocess", "batch_index": 19, "total_batches": 32, "sample_start": 18, "sample_stop": 19}
{"event": "validation_cache_progress", "pid": 6325, "ts_utc": "2026-04-26T07:53:48+00:00", "stage": "after_cache_append", "batch_index": 19, "total_batches": 32, "sample_start": 18, "sample_stop": 19}
{"event": "validation_cache_progress", "pid": 6325, "ts_utc": "2026-04-26T07:53:48+00:00", "stage": "before_get_batch", "batch_index": 20, "total_batches": 32, "sample_start": 19, "sample_stop": 20}
{"event": "validation_cache_progress", "pid": 6325, "ts_utc": "2026-04-26T07:53:48+00:00", "stage": "after_get_batch", "batch_index": 20, "total_batches": 32, "sample_start": 19, "sample_stop": 20}
{"event": "validation_cache_progress", "pid": 6325, "ts_utc": "2026-04-26T07:53:49+00:00", "stage": "after_preprocess", "batch_index": 20, "total_batches": 32, "sample_start": 19, "sample_stop": 20}
{"event": "validation_cache_progress", "pid": 6325, "ts_utc": "2026-04-26T07:53:49+00:00", "stage": "after_cache_append", "batch_index": 20, "total_batches": 32, "sample_start": 19, "sample_stop": 20}
{"event": "validation_cache_progress", "pid": 6325, "ts_utc": "2026-04-26T07:53:49+00:00", "stage": "before_get_batch", "batch_index": 21, "total_batches": 32, "sample_start": 20, "sample_stop": 21}
{"event": "validation_cache_progress", "pid": 6325, "ts_utc": "2026-04-26T07:53:49+00:00", "stage": "after_get_batch", "batch_index": 21, "total_batches": 32, "sample_start": 20, "sample_stop": 21}
{"event": "validation_cache_progress", "pid": 6325, "ts_utc": "2026-04-26T07:53:50+00:00", "stage": "after_preprocess", "batch_index": 21, "total_batches": 32, "sample_start": 20, "sample_stop": 21}
{"event": "validation_cache_progress", "pid": 6325, "ts_utc": "2026-04-26T07:53:50+00:00", "stage": "after_cache_append", "batch_index": 21, "total_batches": 32, "sample_start": 20, "sample_stop": 21}
{"event": "validation_cache_progress", "pid": 6325, "ts_utc": "2026-04-26T07:53:50+00:00", "stage": "before_get_batch", "batch_index": 22, "total_batches": 32, "sample_start": 21, "sample_stop": 22}
{"event": "validation_cache_progress", "pid": 6325, "ts_utc": "2026-04-26T07:53:50+00:00", "stage": "after_get_batch", "batch_index": 22, "total_batches": 32, "sample_start": 21, "sample_stop": 22}
{"event": "validation_cache_progress", "pid": 6325, "ts_utc": "2026-04-26T07:53:51+00:00", "stage": "after_preprocess", "batch_index": 22, "total_batches": 32, "sample_start": 21, "sample_stop": 22}
{"event": "validation_cache_progress", "pid": 6325, "ts_utc": "2026-04-26T07:53:51+00:00", "stage": "after_cache_append", "batch_index": 22, "total_batches": 32, "sample_start": 21, "sample_stop": 22}
{"event": "validation_cache_progress", "pid": 6325, "ts_utc": "2026-04-26T07:53:51+00:00", "stage": "before_get_batch", "batch_index": 23, "total_batches": 32, "sample_start": 22, "sample_stop": 23}
{"event": "validation_cache_progress", "pid": 6325, "ts_utc": "2026-04-26T07:53:51+00:00", "stage": "after_get_batch", "batch_index": 23, "total_batches": 32, "sample_start": 22, "sample_stop": 23}
{"event": "validation_cache_progress", "pid": 6325, "ts_utc": "2026-04-26T07:53:52+00:00", "stage": "after_preprocess", "batch_index": 23, "total_batches": 32, "sample_start": 22, "sample_stop": 23}
{"event": "validation_cache_progress", "pid": 6325, "ts_utc": "2026-04-26T07:53:52+00:00", "stage": "after_cache_append", "batch_index": 23, "total_batches": 32, "sample_start": 22, "sample_stop": 23}
{"event": "validation_cache_progress", "pid": 6325, "ts_utc": "2026-04-26T07:53:52+00:00", "stage": "before_get_batch", "batch_index": 24, "total_batches": 32, "sample_start": 23, "sample_stop": 24}
{"event": "validation_cache_progress", "pid": 6325, "ts_utc": "2026-04-26T07:53:52+00:00", "stage": "after_get_batch", "batch_index": 24, "total_batches": 32, "sample_start": 23, "sample_stop": 24}
{"event": "validation_cache_progress", "pid": 6325, "ts_utc": "2026-04-26T07:53:53+00:00", "stage": "after_preprocess", "batch_index": 24, "total_batches": 32, "sample_start": 23, "sample_stop": 24}
{"event": "validation_cache_progress", "pid": 6325, "ts_utc": "2026-04-26T07:53:53+00:00", "stage": "after_cache_append", "batch_index": 24, "total_batches": 32, "sample_start": 23, "sample_stop": 24}
{"event": "validation_cache_progress", "pid": 6325, "ts_utc": "2026-04-26T07:53:53+00:00", "stage": "before_get_batch", "batch_index": 25, "total_batches": 32, "sample_start": 24, "sample_stop": 25}
{"event": "validation_cache_progress", "pid": 6325, "ts_utc": "2026-04-26T07:53:53+00:00", "stage": "after_get_batch", "batch_index": 25, "total_batches": 32, "sample_start": 24, "sample_stop": 25}
{"event": "validation_cache_progress", "pid": 6325, "ts_utc": "2026-04-26T07:53:53+00:00", "stage": "after_preprocess", "batch_index": 25, "total_batches": 32, "sample_start": 24, "sample_stop": 25}
{"event": "validation_cache_progress", "pid": 6325, "ts_utc": "2026-04-26T07:53:53+00:00", "stage": "after_cache_append", "batch_index": 25, "total_batches": 32, "sample_start": 24, "sample_stop": 25}
{"event": "validation_cache_progress", "pid": 6325, "ts_utc": "2026-04-26T07:53:53+00:00", "stage": "before_get_batch", "batch_index": 26, "total_batches": 32, "sample_start": 25, "sample_stop": 26}
{"event": "validation_cache_progress", "pid": 6325, "ts_utc": "2026-04-26T07:53:55+00:00", "stage": "after_get_batch", "batch_index": 26, "total_batches": 32, "sample_start": 25, "sample_stop": 26}
{"event": "validation_cache_progress", "pid": 6325, "ts_utc": "2026-04-26T07:53:55+00:00", "stage": "after_preprocess", "batch_index": 26, "total_batches": 32, "sample_start": 25, "sample_stop": 26}
{"event": "validation_cache_progress", "pid": 6325, "ts_utc": "2026-04-26T07:53:55+00:00", "stage": "after_cache_append", "batch_index": 26, "total_batches": 32, "sample_start": 25, "sample_stop": 26}
{"event": "validation_cache_progress", "pid": 6325, "ts_utc": "2026-04-26T07:53:55+00:00", "stage": "before_get_batch", "batch_index": 27, "total_batches": 32, "sample_start": 26, "sample_stop": 27}
{"event": "validation_cache_progress", "pid": 6325, "ts_utc": "2026-04-26T07:53:56+00:00", "stage": "after_get_batch", "batch_index": 27, "total_batches": 32, "sample_start": 26, "sample_stop": 27}
{"event": "validation_cache_progress", "pid": 6325, "ts_utc": "2026-04-26T07:53:56+00:00", "stage": "after_preprocess", "batch_index": 27, "total_batches": 32, "sample_start": 26, "sample_stop": 27}
{"event": "validation_cache_progress", "pid": 6325, "ts_utc": "2026-04-26T07:53:56+00:00", "stage": "after_cache_append", "batch_index": 27, "total_batches": 32, "sample_start": 26, "sample_stop": 27}
{"event": "validation_cache_progress", "pid": 6325, "ts_utc": "2026-04-26T07:53:56+00:00", "stage": "before_get_batch", "batch_index": 28, "total_batches": 32, "sample_start": 27, "sample_stop": 28}
{"event": "validation_cache_progress", "pid": 6325, "ts_utc": "2026-04-26T07:53:57+00:00", "stage": "after_get_batch", "batch_index": 28, "total_batches": 32, "sample_start": 27, "sample_stop": 28}
{"event": "validation_cache_progress", "pid": 6325, "ts_utc": "2026-04-26T07:53:58+00:00", "stage": "after_preprocess", "batch_index": 28, "total_batches": 32, "sample_start": 27, "sample_stop": 28}
{"event": "validation_cache_progress", "pid": 6325, "ts_utc": "2026-04-26T07:53:58+00:00", "stage": "after_cache_append", "batch_index": 28, "total_batches": 32, "sample_start": 27, "sample_stop": 28}
{"event": "validation_cache_progress", "pid": 6325, "ts_utc": "2026-04-26T07:53:58+00:00", "stage": "before_get_batch", "batch_index": 29, "total_batches": 32, "sample_start": 28, "sample_stop": 29}
{"event": "validation_cache_progress", "pid": 6325, "ts_utc": "2026-04-26T07:53:58+00:00", "stage": "after_get_batch", "batch_index": 29, "total_batches": 32, "sample_start": 28, "sample_stop": 29}
{"event": "validation_cache_progress", "pid": 6325, "ts_utc": "2026-04-26T07:53:59+00:00", "stage": "after_preprocess", "batch_index": 29, "total_batches": 32, "sample_start": 28, "sample_stop": 29}
{"event": "validation_cache_progress", "pid": 6325, "ts_utc": "2026-04-26T07:53:59+00:00", "stage": "after_cache_append", "batch_index": 29, "total_batches": 32, "sample_start": 28, "sample_stop": 29}
{"event": "validation_cache_progress", "pid": 6325, "ts_utc": "2026-04-26T07:53:59+00:00", "stage": "before_get_batch", "batch_index": 30, "total_batches": 32, "sample_start": 29, "sample_stop": 30}
{"event": "validation_cache_progress", "pid": 6325, "ts_utc": "2026-04-26T07:53:59+00:00", "stage": "after_get_batch", "batch_index": 30, "total_batches": 32, "sample_start": 29, "sample_stop": 30}
{"event": "validation_cache_progress", "pid": 6325, "ts_utc": "2026-04-26T07:54:00+00:00", "stage": "after_preprocess", "batch_index": 30, "total_batches": 32, "sample_start": 29, "sample_stop": 30}
{"event": "validation_cache_progress", "pid": 6325, "ts_utc": "2026-04-26T07:54:00+00:00", "stage": "after_cache_append", "batch_index": 30, "total_batches": 32, "sample_start": 29, "sample_stop": 30}
{"event": "validation_cache_progress", "pid": 6325, "ts_utc": "2026-04-26T07:54:00+00:00", "stage": "before_get_batch", "batch_index": 31, "total_batches": 32, "sample_start": 30, "sample_stop": 31}
{"event": "validation_cache_progress", "pid": 6325, "ts_utc": "2026-04-26T07:54:00+00:00", "stage": "after_get_batch", "batch_index": 31, "total_batches": 32, "sample_start": 30, "sample_stop": 31}
{"event": "validation_cache_progress", "pid": 6325, "ts_utc": "2026-04-26T07:54:00+00:00", "stage": "after_preprocess", "batch_index": 31, "total_batches": 32, "sample_start": 30, "sample_stop": 31}
{"event": "validation_cache_progress", "pid": 6325, "ts_utc": "2026-04-26T07:54:00+00:00", "stage": "after_cache_append", "batch_index": 31, "total_batches": 32, "sample_start": 30, "sample_stop": 31}
{"event": "validation_cache_progress", "pid": 6325, "ts_utc": "2026-04-26T07:54:00+00:00", "stage": "before_get_batch", "batch_index": 32, "total_batches": 32, "sample_start": 31, "sample_stop": 32}
{"event": "validation_cache_progress", "pid": 6325, "ts_utc": "2026-04-26T07:54:01+00:00", "stage": "after_get_batch", "batch_index": 32, "total_batches": 32, "sample_start": 31, "sample_stop": 32}
{"event": "validation_cache_progress", "pid": 6325, "ts_utc": "2026-04-26T07:54:02+00:00", "stage": "after_preprocess", "batch_index": 32, "total_batches": 32, "sample_start": 31, "sample_stop": 32}
{"event": "validation_cache_progress", "pid": 6325, "ts_utc": "2026-04-26T07:54:02+00:00", "stage": "after_cache_append", "batch_index": 32, "total_batches": 32, "sample_start": 31, "sample_stop": 32}
{"event": "validation_cache_build_complete", "cached_batches": 32}
{"event": "scenario_cache_build_start", "scenario_eval_size": 8, "scenario_eval_batch_size": 1}
{"event": "scenario_cache_progress", "scenario_name": "scene_1", "scenario_index": 1, "total_scenarios": 4, "batch_index": 1, "total_batches": 8, "sample_start": 0, "sample_stop": 1}
{"event": "scenario_cache_progress", "scenario_name": "scene_1", "scenario_index": 1, "total_scenarios": 4, "batch_index": 2, "total_batches": 8, "sample_start": 1, "sample_stop": 2}
{"event": "scenario_cache_progress", "scenario_name": "scene_1", "scenario_index": 1, "total_scenarios": 4, "batch_index": 3, "total_batches": 8, "sample_start": 2, "sample_stop": 3}
{"event": "scenario_cache_progress", "scenario_name": "scene_1", "scenario_index": 1, "total_scenarios": 4, "batch_index": 4, "total_batches": 8, "sample_start": 3, "sample_stop": 4}
{"event": "scenario_cache_progress", "scenario_name": "scene_1", "scenario_index": 1, "total_scenarios": 4, "batch_index": 5, "total_batches": 8, "sample_start": 4, "sample_stop": 5}
{"event": "scenario_cache_progress", "scenario_name": "scene_1", "scenario_index": 1, "total_scenarios": 4, "batch_index": 6, "total_batches": 8, "sample_start": 5, "sample_stop": 6}
{"event": "scenario_cache_progress", "scenario_name": "scene_1", "scenario_index": 1, "total_scenarios": 4, "batch_index": 7, "total_batches": 8, "sample_start": 6, "sample_stop": 7}
{"event": "scenario_cache_progress", "scenario_name": "scene_1", "scenario_index": 1, "total_scenarios": 4, "batch_index": 8, "total_batches": 8, "sample_start": 7, "sample_stop": 8}
{"event": "scenario_cache_progress", "scenario_name": "scene_2", "scenario_index": 2, "total_scenarios": 4, "batch_index": 1, "total_batches": 8, "sample_start": 0, "sample_stop": 1}
{"event": "scenario_cache_progress", "scenario_name": "scene_2", "scenario_index": 2, "total_scenarios": 4, "batch_index": 2, "total_batches": 8, "sample_start": 1, "sample_stop": 2}
{"event": "scenario_cache_progress", "scenario_name": "scene_2", "scenario_index": 2, "total_scenarios": 4, "batch_index": 3, "total_batches": 8, "sample_start": 2, "sample_stop": 3}
{"event": "scenario_cache_progress", "scenario_name": "scene_2", "scenario_index": 2, "total_scenarios": 4, "batch_index": 4, "total_batches": 8, "sample_start": 3, "sample_stop": 4}
{"event": "scenario_cache_progress", "scenario_name": "scene_2", "scenario_index": 2, "total_scenarios": 4, "batch_index": 5, "total_batches": 8, "sample_start": 4, "sample_stop": 5}
{"event": "scenario_cache_progress", "scenario_name": "scene_2", "scenario_index": 2, "total_scenarios": 4, "batch_index": 6, "total_batches": 8, "sample_start": 5, "sample_stop": 6}
{"event": "scenario_cache_progress", "scenario_name": "scene_2", "scenario_index": 2, "total_scenarios": 4, "batch_index": 7, "total_batches": 8, "sample_start": 6, "sample_stop": 7}
{"event": "scenario_cache_progress", "scenario_name": "scene_2", "scenario_index": 2, "total_scenarios": 4, "batch_index": 8, "total_batches": 8, "sample_start": 7, "sample_stop": 8}
{"event": "scenario_cache_progress", "scenario_name": "scene_3", "scenario_index": 3, "total_scenarios": 4, "batch_index": 1, "total_batches": 8, "sample_start": 0, "sample_stop": 1}
{"event": "scenario_cache_progress", "scenario_name": "scene_3", "scenario_index": 3, "total_scenarios": 4, "batch_index": 2, "total_batches": 8, "sample_start": 1, "sample_stop": 2}
{"event": "scenario_cache_progress", "scenario_name": "scene_3", "scenario_index": 3, "total_scenarios": 4, "batch_index": 3, "total_batches": 8, "sample_start": 2, "sample_stop": 3}
{"event": "scenario_cache_progress", "scenario_name": "scene_3", "scenario_index": 3, "total_scenarios": 4, "batch_index": 4, "total_batches": 8, "sample_start": 3, "sample_stop": 4}
{"event": "scenario_cache_progress", "scenario_name": "scene_3", "scenario_index": 3, "total_scenarios": 4, "batch_index": 5, "total_batches": 8, "sample_start": 4, "sample_stop": 5}
{"event": "scenario_cache_progress", "scenario_name": "scene_3", "scenario_index": 3, "total_scenarios": 4, "batch_index": 6, "total_batches": 8, "sample_start": 5, "sample_stop": 6}
{"event": "scenario_cache_progress", "scenario_name": "scene_3", "scenario_index": 3, "total_scenarios": 4, "batch_index": 7, "total_batches": 8, "sample_start": 6, "sample_stop": 7}
{"event": "scenario_cache_progress", "scenario_name": "scene_3", "scenario_index": 3, "total_scenarios": 4, "batch_index": 8, "total_batches": 8, "sample_start": 7, "sample_stop": 8}
{"event": "scenario_cache_progress", "scenario_name": "scene_4", "scenario_index": 4, "total_scenarios": 4, "batch_index": 1, "total_batches": 8, "sample_start": 0, "sample_stop": 1}
{"event": "scenario_cache_progress", "scenario_name": "scene_4", "scenario_index": 4, "total_scenarios": 4, "batch_index": 2, "total_batches": 8, "sample_start": 1, "sample_stop": 2}
{"event": "scenario_cache_progress", "scenario_name": "scene_4", "scenario_index": 4, "total_scenarios": 4, "batch_index": 3, "total_batches": 8, "sample_start": 2, "sample_stop": 3}
{"event": "scenario_cache_progress", "scenario_name": "scene_4", "scenario_index": 4, "total_scenarios": 4, "batch_index": 4, "total_batches": 8, "sample_start": 3, "sample_stop": 4}
{"event": "scenario_cache_progress", "scenario_name": "scene_4", "scenario_index": 4, "total_scenarios": 4, "batch_index": 5, "total_batches": 8, "sample_start": 4, "sample_stop": 5}
{"event": "scenario_cache_progress", "scenario_name": "scene_4", "scenario_index": 4, "total_scenarios": 4, "batch_index": 6, "total_batches": 8, "sample_start": 5, "sample_stop": 6}
{"event": "scenario_cache_progress", "scenario_name": "scene_4", "scenario_index": 4, "total_scenarios": 4, "batch_index": 7, "total_batches": 8, "sample_start": 6, "sample_stop": 7}
{"event": "scenario_cache_progress", "scenario_name": "scene_4", "scenario_index": 4, "total_scenarios": 4, "batch_index": 8, "total_batches": 8, "sample_start": 7, "sample_stop": 8}
{"event": "scenario_cache_build_complete", "scenario_count": 4}
{"event": "optimizer_ready", "initial_lr": 0.0001, "trainable_params": 125457, "mac_proxy_total": 459532800}
{"event": "stage3_start", "output_dir": "IFAN_Edge/outputs/stage3/ifan_stage3_long80_freqblock_paper_original_20260426_155330", "device": "cuda", "train_split_path": "/home/cmm/icocnn/datasets/LibriSpeech/LibriSpeech/train-clean-100", "validation_split_path": "/home/cmm/icocnn/datasets/LibriSpeech/LibriSpeech/test-clean", "model_topology": "paper_dual_mainline", "branch_channels": 16, "final_head_pooling": false, "input_ablation_mode": "none", "experiment_role": "training_upper_bound_check", "srp_variant": "paper_original", "temporal_module": "conv", "epochs": 80}
Epoch 1/80:
Epoch 1:   1%|..........| 6/585 [00:00:05<00:09:02,  1.07it/s, loss=0.3321]
Epoch 1:   2%|..........| 12/585 [00:00:11<00:09:13,  1.03it/s, loss=0.3306]
Epoch 1:   3%|..........| 18/585 [00:00:17<00:09:07,  1.04it/s, loss=0.3295]
Epoch 1:   4%|..........| 24/585 [00:00:22<00:08:54,  1.05it/s, loss=0.3268]
Epoch 1:   5%|..........| 30/585 [00:00:28<00:08:47,  1.05it/s, loss=0.3233]
Epoch 1:   6%|..........| 35/585 [00:00:34<00:08:54,  1.03it/s, loss=0.3186]
Epoch 1:   7%|..........| 41/585 [00:00:39<00:08:42,  1.04it/s, loss=0.3103]
Epoch 1:   8%|..........| 46/585 [00:00:44<00:08:42,  1.03it/s, loss=0.3045]
Epoch 1:   9%|..........| 51/585 [00:00:49<00:08:40,  1.03it/s, loss=0.2979]
Epoch 1:  10%|..........| 57/585 [00:00:55<00:08:34,  1.03it/s, loss=0.2889]
Epoch 1:  11%|#.........| 63/585 [00:01:01<00:08:29,  1.02it/s, loss=0.2756]
Epoch 1:  12%|#.........| 69/585 [00:01:07<00:08:23,  1.03it/s, loss=0.2632]
Epoch 1:  13%|#.........| 74/585 [00:01:13<00:08:25,  1.01it/s, loss=0.2547]
Epoch 1:  14%|#.........| 79/585 [00:01:18<00:08:21,  1.01it/s, loss=0.2479]
Epoch 1:  15%|#.........| 85/585 [00:01:24<00:08:15,  1.01it/s, loss=0.2403]
Epoch 1:  15%|#.........| 90/585 [00:01:29<00:08:10,  1.01it/s, loss=0.2345]
Epoch 1:  16%|#.........| 95/585 [00:01:35<00:08:10,  1.00it/s, loss=0.2294]
Epoch 1:  17%|#.........| 100/585 [00:01:40<00:08:05,  1.00it/s, loss=0.2247]
Epoch 1:  18%|#.........| 106/585 [00:01:45<00:07:58,  1.00it/s, loss=0.2180]
Epoch 1:  19%|#.........| 112/585 [00:01:52<00:07:53,  1.00it/s, loss=0.2126]
Epoch 1:  20%|##........| 118/585 [00:01:57<00:07:45,  1.00it/s, loss=0.2076]
Epoch 1:  21%|##........| 124/585 [00:02:03<00:07:38,  1.00it/s, loss=0.2031]
Epoch 1:  22%|##........| 130/585 [00:02:08<00:07:31,  1.01it/s, loss=0.1979]
Epoch 1:  23%|##........| 135/585 [00:02:14<00:07:27,  1.01it/s, loss=0.1938]
Epoch 1:  24%|##........| 140/585 [00:02:19<00:07:22,  1.00it/s, loss=0.1900]
Epoch 1:  25%|##........| 145/585 [00:02:24<00:07:18,  1.00it/s, loss=0.1866]
Epoch 1:  26%|##........| 150/585 [00:02:30<00:07:15,  1.00it/s, loss=0.1830]
Epoch 1:  27%|##........| 156/585 [00:02:35<00:07:08,  1.00it/s, loss=0.1789]
Epoch 1:  28%|##........| 161/585 [00:02:40<00:07:03,  1.00it/s, loss=0.1757]
Epoch 1:  28%|##........| 166/585 [00:02:45<00:06:58,  1.00it/s, loss=0.1727]
Epoch 1:  29%|##........| 171/585 [00:02:50<00:06:53,  1.00it/s, loss=0.1698]
Epoch 1:  30%|###.......| 176/585 [00:02:57<00:06:51,  0.99it/s, loss=0.1674]
Epoch 1:  31%|###.......| 181/585 [00:03:02<00:06:47,  0.99it/s, loss=0.1647]
Epoch 1:  32%|###.......| 186/585 [00:03:07<00:06:42,  0.99it/s, loss=0.1624]
Epoch 1:  33%|###.......| 191/585 [00:03:12<00:06:36,  0.99it/s, loss=0.1603]
Epoch 1:  34%|###.......| 197/585 [00:03:17<00:06:29,  1.00it/s, loss=0.1576]
Epoch 1:  34%|###.......| 201/585 [00:03:23<00:06:27,  0.99it/s, loss=0.1559]
Epoch 1:  35%|###.......| 207/585 [00:03:28<00:06:21,  0.99it/s, loss=0.1543]
Epoch 1:  36%|###.......| 213/585 [00:03:34<00:06:14,  0.99it/s, loss=0.1519]
Epoch 1:  37%|###.......| 219/585 [00:03:40<00:06:07,  1.00it/s, loss=0.1497]
Epoch 1:  38%|###.......| 225/585 [00:03:46<00:06:02,  0.99it/s, loss=0.1478]
Epoch 1:  39%|###.......| 230/585 [00:03:51<00:05:57,  0.99it/s, loss=0.1461]
Epoch 1:  40%|####......| 235/585 [00:03:57<00:05:53,  0.99it/s, loss=0.1447]
Epoch 1:  41%|####......| 241/585 [00:04:02<00:05:46,  0.99it/s, loss=0.1433]
Epoch 1:  42%|####......| 247/585 [00:04:08<00:05:39,  0.99it/s, loss=0.1414]
Epoch 1:  43%|####......| 253/585 [00:04:14<00:05:33,  1.00it/s, loss=0.1397]
Epoch 1:  44%|####......| 258/585 [00:04:19<00:05:28,  0.99it/s, loss=0.1386]
Epoch 1:  45%|####......| 263/585 [00:04:25<00:05:24,  0.99it/s, loss=0.1373]
Epoch 1:  46%|####......| 268/585 [00:04:30<00:05:19,  0.99it/s, loss=0.1358]
Epoch 1:  47%|####......| 274/585 [00:04:35<00:05:13,  0.99it/s, loss=0.1340]
Epoch 1:  48%|####......| 280/585 [00:04:41<00:05:06,  0.99it/s, loss=0.1322]
Epoch 1:  49%|####......| 285/585 [00:04:47<00:05:02,  0.99it/s, loss=0.1310]
Epoch 1:  50%|####......| 290/585 [00:04:53<00:04:58,  0.99it/s, loss=0.1297]
Epoch 1:  50%|#####.....| 295/585 [00:04:58<00:04:53,  0.99it/s, loss=0.1285]
Epoch 1:  51%|#####.....| 301/585 [00:05:04<00:04:46,  0.99it/s, loss=0.1269]
Epoch 1:  52%|#####.....| 306/585 [00:05:09<00:04:42,  0.99it/s, loss=0.1261]
Epoch 1:  53%|#####.....| 312/585 [00:05:15<00:04:35,  0.99it/s, loss=0.1245]
Epoch 1:  54%|#####.....| 317/585 [00:05:20<00:04:31,  0.99it/s, loss=0.1235]
Epoch 1:  55%|#####.....| 323/585 [00:05:26<00:04:24,  0.99it/s, loss=0.1222]
Epoch 1:  56%|#####.....| 328/585 [00:05:32<00:04:20,  0.99it/s, loss=0.1211]
Epoch 1:  57%|#####.....| 334/585 [00:05:37<00:04:13,  0.99it/s, loss=0.1198]
Epoch 1:  58%|#####.....| 340/585 [00:05:43<00:04:07,  0.99it/s, loss=0.1185]
Epoch 1:  59%|#####.....| 345/585 [00:05:48<00:04:02,  0.99it/s, loss=0.1176]
Epoch 1:  60%|######....| 351/585 [00:05:54<00:03:56,  0.99it/s, loss=0.1164]
Epoch 1:  61%|######....| 357/585 [00:05:59<00:03:49,  0.99it/s, loss=0.1152]
Epoch 1:  62%|######....| 362/585 [00:06:04<00:03:44,  0.99it/s, loss=0.1143]
Epoch 1:  63%|######....| 368/585 [00:06:10<00:03:38,  0.99it/s, loss=0.1133]
Epoch 1:  64%|######....| 374/585 [00:06:16<00:03:32,  0.99it/s, loss=0.1122]
Epoch 1:  65%|######....| 380/585 [00:06:22<00:03:26,  0.99it/s, loss=0.1111]
Epoch 1:  66%|######....| 386/585 [00:06:27<00:03:19,  1.00it/s, loss=0.1101]
Epoch 1:  67%|######....| 392/585 [00:06:33<00:03:13,  1.00it/s, loss=0.1092]
Epoch 1:  68%|######....| 397/585 [00:06:38<00:03:08,  1.00it/s, loss=0.1085]
Epoch 1:  69%|######....| 403/585 [00:06:43<00:03:02,  1.00it/s, loss=0.1076]
Epoch 1:  70%|######....| 409/585 [00:06:49<00:02:56,  1.00it/s, loss=0.1066]
Epoch 1:  71%|#######...| 415/585 [00:06:55<00:02:50,  1.00it/s, loss=0.1062]
Epoch 1:  72%|#######...| 420/585 [00:07:00<00:02:45,  1.00it/s, loss=0.1057]
Epoch 1:  73%|#######...| 426/585 [00:07:06<00:02:39,  1.00it/s, loss=0.1051]
Epoch 1:  74%|#######...| 431/585 [00:07:11<00:02:34,  1.00it/s, loss=0.1045]
Epoch 1:  75%|#######...| 436/585 [00:07:16<00:02:29,  1.00it/s, loss=0.1039]
Epoch 1:  75%|#######...| 441/585 [00:07:22<00:02:24,  1.00it/s, loss=0.1032]
Epoch 1:  76%|#######...| 447/585 [00:07:27<00:02:18,  1.00it/s, loss=0.1023]
Epoch 1:  77%|#######...| 453/585 [00:07:32<00:02:11,  1.00it/s, loss=0.1015]
Epoch 1:  78%|#######...| 459/585 [00:07:38<00:02:05,  1.00it/s, loss=0.1008]
Epoch 1:  79%|#######...| 465/585 [00:07:44<00:01:59,  1.00it/s, loss=0.1002]
Epoch 1:  81%|########..| 471/585 [00:07:50<00:01:53,  1.00it/s, loss=0.0995]
Epoch 1:  81%|########..| 476/585 [00:07:56<00:01:49,  1.00it/s, loss=0.0990]
Epoch 1:  82%|########..| 481/585 [00:08:01<00:01:44,  1.00it/s, loss=0.0986]
Epoch 1:  83%|########..| 487/585 [00:08:06<00:01:37,  1.00it/s, loss=0.0979]
Epoch 1:  84%|########..| 492/585 [00:08:11<00:01:32,  1.00it/s, loss=0.0975]
Epoch 1:  85%|########..| 498/585 [00:08:17<00:01:26,  1.00it/s, loss=0.0968]
Epoch 1:  86%|########..| 504/585 [00:08:23<00:01:20,  1.00it/s, loss=0.0962]
Epoch 1:  87%|########..| 510/585 [00:08:29<00:01:14,  1.00it/s, loss=0.0956]
Epoch 1:  88%|########..| 515/585 [00:08:34<00:01:09,  1.00it/s, loss=0.0951]
Epoch 1:  89%|########..| 521/585 [00:08:40<00:01:03,  1.00it/s, loss=0.0945]
Epoch 1:  90%|########..| 526/585 [00:08:46<00:00:59,  1.00it/s, loss=0.0940]
Epoch 1:  91%|#########.| 531/585 [00:08:52<00:00:54,  1.00it/s, loss=0.0937]
Epoch 1:  92%|#########.| 536/585 [00:08:57<00:00:49,  1.00it/s, loss=0.0934]
Epoch 1:  93%|#########.| 542/585 [00:09:03<00:00:43,  1.00it/s, loss=0.0929]
Epoch 1:  94%|#########.| 547/585 [00:09:08<00:00:38,  1.00it/s, loss=0.0924]
Epoch 1:  95%|#########.| 553/585 [00:09:14<00:00:32,  1.00it/s, loss=0.0919]
Epoch 1:  96%|#########.| 559/585 [00:09:20<00:00:26,  1.00it/s, loss=0.0913]
Epoch 1:  97%|#########.| 565/585 [00:09:26<00:00:20,  1.00it/s, loss=0.0908]
Epoch 1:  98%|#########.| 571/585 [00:09:31<00:00:14,  1.00it/s, loss=0.0903]
Epoch 1:  99%|#########.| 577/585 [00:09:37<00:00:08,  1.00it/s, loss=0.0898]
Epoch 1: 100%|#########.| 583/585 [00:09:42<00:00:01,  1.00it/s, loss=0.0893]
Epoch 1: 100%|##########| 585/585 [00:09:44<00:00:00,  1.00it/s, loss=0.0892]
Test loss: 0.0400, Test rmsae: 12.69deg
{"event": "epoch_complete", "epoch": 1, "phase": 1, "lr": 0.0001, "batch_size": 1, "micro_batch_size": 1, "train_loss": 0.08915406576015501, "val_loss": 0.04002506221877411, "val_rmsae_deg": 12.69399243593216, "epoch_time_s": 585.753234561}
{"event": "checkpoint_saved", "tag": "best_rmsae", "epoch": 1, "path": "IFAN_Edge/outputs/stage3/ifan_stage3_long80_freqblock_paper_original_20260426_155330/checkpoints/best_rmsae.pt", "val_rmsae_deg": 12.69399243593216}
Epoch 2/80:
Epoch 2:   1%|..........| 6/585 [00:00:05<00:09:07,  1.06it/s, loss=0.0396]
Epoch 2:   2%|..........| 11/585 [00:00:10<00:09:21,  1.02it/s, loss=0.0428]
Epoch 2:   3%|..........| 16/585 [00:00:15<00:09:26,  1.00it/s, loss=0.0416]
Epoch 2:   4%|..........| 22/585 [00:00:22<00:09:29,  0.99it/s, loss=0.0406]
Epoch 2:   5%|..........| 27/585 [00:00:27<00:09:31,  0.98it/s, loss=0.0414]
Epoch 2:   5%|..........| 32/585 [00:00:32<00:09:29,  0.97it/s, loss=0.0422]
Epoch 2:   6%|..........| 38/585 [00:00:38<00:09:18,  0.98it/s, loss=0.0428]
Epoch 2:   7%|..........| 43/585 [00:00:44<00:09:19,  0.97it/s, loss=0.0423]
Epoch 2:   8%|..........| 49/585 [00:00:49<00:09:06,  0.98it/s, loss=0.0421]
Epoch 2:   9%|..........| 55/585 [00:00:54<00:08:49,  1.00it/s, loss=0.0414]
Epoch 2:  10%|#.........| 61/585 [00:01:00<00:08:39,  1.01it/s, loss=0.0408]
Epoch 2:  11%|#.........| 66/585 [00:01:06<00:08:40,  1.00it/s, loss=0.0404]
Epoch 2:  12%|#.........| 72/585 [00:01:12<00:08:37,  0.99it/s, loss=0.0406]
Epoch 2:  13%|#.........| 78/585 [00:01:18<00:08:29,  0.99it/s, loss=0.0404]
Epoch 2:  14%|#.........| 84/585 [00:01:24<00:08:22,  1.00it/s, loss=0.0404]
Epoch 2:  15%|#.........| 90/585 [00:01:29<00:08:14,  1.00it/s, loss=0.0402]
Epoch 2:  16%|#.........| 96/585 [00:01:35<00:08:06,  1.00it/s, loss=0.0397]
Epoch 2:  17%|#.........| 101/585 [00:01:40<00:08:03,  1.00it/s, loss=0.0395]
Epoch 2:  18%|#.........| 107/585 [00:01:46<00:07:56,  1.00it/s, loss=0.0393]
Epoch 2:  19%|#.........| 112/585 [00:01:51<00:07:52,  1.00it/s, loss=0.0393]
Epoch 2:  20%|##........| 117/585 [00:01:57<00:07:48,  1.00it/s, loss=0.0394]
Epoch 2:  21%|##........| 122/585 [00:02:02<00:07:43,  1.00it/s, loss=0.0390]
Epoch 2:  22%|##........| 127/585 [00:02:07<00:07:39,  1.00it/s, loss=0.0390]
Epoch 2:  23%|##........| 133/585 [00:02:12<00:07:30,  1.00it/s, loss=0.0387]
Epoch 2:  24%|##........| 139/585 [00:02:18<00:07:24,  1.00it/s, loss=0.0385]
Epoch 2:  25%|##........| 145/585 [00:02:23<00:07:16,  1.01it/s, loss=0.0383]
Epoch 2:  26%|##........| 150/585 [00:02:30<00:07:15,  1.00it/s, loss=0.0384]
Epoch 2:  27%|##........| 156/585 [00:02:35<00:07:08,  1.00it/s, loss=0.0386]
Epoch 2:  28%|##........| 162/585 [00:02:41<00:07:02,  1.00it/s, loss=0.0387]
Epoch 2:  29%|##........| 167/585 [00:02:48<00:07:01,  0.99it/s, loss=0.0391]
Epoch 2:  30%|##........| 173/585 [00:02:54<00:06:55,  0.99it/s, loss=0.0391]
Epoch 2:  31%|###.......| 179/585 [00:02:59<00:06:47,  1.00it/s, loss=0.0389]
Epoch 2:  31%|###.......| 184/585 [00:03:05<00:06:44,  0.99it/s, loss=0.0390]
Epoch 2:  32%|###.......| 189/585 [00:03:11<00:06:40,  0.99it/s, loss=0.0389]
Epoch 2:  33%|###.......| 195/585 [00:03:17<00:06:34,  0.99it/s, loss=0.0389]
Epoch 2:  34%|###.......| 200/585 [00:03:22<00:06:29,  0.99it/s, loss=0.0388]
Epoch 2:  35%|###.......| 206/585 [00:03:27<00:06:22,  0.99it/s, loss=0.0386]
Epoch 2:  36%|###.......| 212/585 [00:03:33<00:06:15,  0.99it/s, loss=0.0384]
Epoch 2:  37%|###.......| 217/585 [00:03:38<00:06:11,  0.99it/s, loss=0.0384]
Epoch 2:  38%|###.......| 223/585 [00:03:44<00:06:04,  0.99it/s, loss=0.0383]
Epoch 2:  39%|###.......| 228/585 [00:03:49<00:05:59,  0.99it/s, loss=0.0382]
Epoch 2:  40%|####......| 234/585 [00:03:54<00:05:52,  1.00it/s, loss=0.0380]
Epoch 2:  41%|####......| 240/585 [00:04:00<00:05:45,  1.00it/s, loss=0.0379]
Epoch 2:  42%|####......| 246/585 [00:04:06<00:05:39,  1.00it/s, loss=0.0378]
Epoch 2:  43%|####......| 252/585 [00:04:11<00:05:32,  1.00it/s, loss=0.0376]
Epoch 2:  44%|####......| 258/585 [00:04:17<00:05:26,  1.00it/s, loss=0.0376]
Epoch 2:  45%|####......| 263/585 [00:04:23<00:05:22,  1.00it/s, loss=0.0375]
Epoch 2:  46%|####......| 269/585 [00:04:28<00:05:15,  1.00it/s, loss=0.0374]
Epoch 2:  47%|####......| 274/585 [00:04:34<00:05:11,  1.00it/s, loss=0.0376]
Epoch 2:  48%|####......| 280/585 [00:04:40<00:05:05,  1.00it/s, loss=0.0377]
Epoch 2:  49%|####......| 286/585 [00:04:45<00:04:58,  1.00it/s, loss=0.0377]
Epoch 2:  50%|####......| 292/585 [00:04:51<00:04:52,  1.00it/s, loss=0.0379]
Epoch 2:  51%|#####.....| 298/585 [00:04:57<00:04:46,  1.00it/s, loss=0.0377]
Epoch 2:  52%|#####.....| 304/585 [00:05:03<00:04:40,  1.00it/s, loss=0.0378]
Epoch 2:  53%|#####.....| 310/585 [00:05:09<00:04:34,  1.00it/s, loss=0.0377]
Epoch 2:  54%|#####.....| 316/585 [00:05:14<00:04:27,  1.00it/s, loss=0.0378]
Epoch 2:  55%|#####.....| 322/585 [00:05:20<00:04:21,  1.00it/s, loss=0.0380]
Epoch 2:  56%|#####.....| 328/585 [00:05:26<00:04:15,  1.01it/s, loss=0.0380]
Epoch 2:  57%|#####.....| 334/585 [00:05:31<00:04:09,  1.01it/s, loss=0.0380]
Epoch 2:  58%|#####.....| 339/585 [00:05:37<00:04:04,  1.01it/s, loss=0.0382]
Epoch 2:  59%|#####.....| 344/585 [00:05:42<00:04:00,  1.00it/s, loss=0.0382]
Epoch 2:  60%|#####.....| 350/585 [00:05:48<00:03:53,  1.01it/s, loss=0.0383]
Epoch 2:  61%|######....| 356/585 [00:05:53<00:03:47,  1.01it/s, loss=0.0383]
Epoch 2:  62%|######....| 361/585 [00:05:58<00:03:42,  1.01it/s, loss=0.0383]
Epoch 2:  63%|######....| 367/585 [00:06:04<00:03:36,  1.01it/s, loss=0.0385]
Epoch 2:  64%|######....| 373/585 [00:06:10<00:03:30,  1.01it/s, loss=0.0386]
Epoch 2:  65%|######....| 379/585 [00:06:16<00:03:24,  1.01it/s, loss=0.0387]
Epoch 2:  66%|######....| 384/585 [00:06:21<00:03:19,  1.01it/s, loss=0.0391]
Epoch 2:  67%|######....| 390/585 [00:06:27<00:03:13,  1.01it/s, loss=0.0390]
Epoch 2:  68%|######....| 396/585 [00:06:33<00:03:07,  1.01it/s, loss=0.0390]
Epoch 2:  69%|######....| 402/585 [00:06:38<00:03:01,  1.01it/s, loss=0.0391]
Epoch 2:  70%|######....| 407/585 [00:06:44<00:02:56,  1.01it/s, loss=0.0390]
Epoch 2:  70%|#######...| 412/585 [00:06:50<00:02:52,  1.00it/s, loss=0.0392]
Epoch 2:  71%|#######...| 417/585 [00:06:55<00:02:47,  1.00it/s, loss=0.0392]
Epoch 2:  72%|#######...| 423/585 [00:07:01<00:02:41,  1.00it/s, loss=0.0392]
Epoch 2:  73%|#######...| 429/585 [00:07:06<00:02:35,  1.01it/s, loss=0.0390]
Epoch 2:  74%|#######...| 433/585 [00:07:11<00:02:31,  1.00it/s, loss=0.0393]
Epoch 2:  75%|#######...| 439/585 [00:07:17<00:02:25,  1.00it/s, loss=0.0392]
Epoch 2:  76%|#######...| 444/585 [00:07:22<00:02:20,  1.00it/s, loss=0.0392]
Epoch 2:  77%|#######...| 449/585 [00:07:27<00:02:15,  1.00it/s, loss=0.0391]
Epoch 2:  78%|#######...| 454/585 [00:07:33<00:02:10,  1.00it/s, loss=0.0391]
Epoch 2:  78%|#######...| 459/585 [00:07:39<00:02:06,  1.00it/s, loss=0.0391]
Epoch 2:  79%|#######...| 463/585 [00:07:44<00:02:02,  1.00it/s, loss=0.0390]
Epoch 2:  80%|########..| 469/585 [00:07:50<00:01:56,  1.00it/s, loss=0.0389]
Epoch 2:  81%|########..| 475/585 [00:07:55<00:01:50,  1.00it/s, loss=0.0388]
Epoch 2:  82%|########..| 481/585 [00:08:01<00:01:44,  1.00it/s, loss=0.0387]
Epoch 2:  83%|########..| 486/585 [00:08:06<00:01:39,  1.00it/s, loss=0.0387]
Epoch 2:  84%|########..| 491/585 [00:08:11<00:01:34,  1.00it/s, loss=0.0386]
Epoch 2:  85%|########..| 496/585 [00:08:16<00:01:29,  1.00it/s, loss=0.0385]
Epoch 2:  86%|########..| 502/585 [00:08:21<00:01:22,  1.00it/s, loss=0.0385]
Epoch 2:  87%|########..| 508/585 [00:08:27<00:01:16,  1.00it/s, loss=0.0384]
Epoch 2:  88%|########..| 513/585 [00:08:32<00:01:11,  1.00it/s, loss=0.0383]
Epoch 2:  89%|########..| 518/585 [00:08:38<00:01:07,  1.00it/s, loss=0.0383]
Epoch 2:  89%|########..| 523/585 [00:08:43<00:01:02,  1.00it/s, loss=0.0385]
Epoch 2:  90%|#########.| 529/585 [00:08:48<00:00:55,  1.00it/s, loss=0.0384]
Epoch 2:  91%|#########.| 534/585 [00:08:54<00:00:51,  1.00it/s, loss=0.0386]
Epoch 2:  92%|#########.| 540/585 [00:08:59<00:00:44,  1.00it/s, loss=0.0386]
Epoch 2:  93%|#########.| 546/585 [00:09:04<00:00:38,  1.00it/s, loss=0.0386]
Epoch 2:  94%|#########.| 552/585 [00:09:10<00:00:32,  1.00it/s, loss=0.0385]
Epoch 2:  95%|#########.| 558/585 [00:09:16<00:00:26,  1.00it/s, loss=0.0384]
Epoch 2:  96%|#########.| 564/585 [00:09:22<00:00:20,  1.00it/s, loss=0.0383]
Epoch 2:  97%|#########.| 570/585 [00:09:27<00:00:14,  1.00it/s, loss=0.0382]
Epoch 2:  98%|#########.| 576/585 [00:09:33<00:00:08,  1.00it/s, loss=0.0381]
Epoch 2:  99%|#########.| 582/585 [00:09:39<00:00:02,  1.01it/s, loss=0.0381]
Epoch 2: 100%|##########| 585/585 [00:09:43<00:00:00,  1.00it/s, loss=0.0383]
Test loss: 0.0340, Test rmsae: 11.98deg
{"event": "epoch_complete", "epoch": 2, "phase": 1, "lr": 0.0001, "batch_size": 1, "micro_batch_size": 1, "train_loss": 0.038252945126503964, "val_loss": 0.03397682710783556, "val_rmsae_deg": 11.981795340776443, "epoch_time_s": 584.292274204}
{"event": "checkpoint_saved", "tag": "best_rmsae", "epoch": 2, "path": "IFAN_Edge/outputs/stage3/ifan_stage3_long80_freqblock_paper_original_20260426_155330/checkpoints/best_rmsae.pt", "val_rmsae_deg": 11.981795340776443}
Epoch 3/80:
Epoch 3:   1%|..........| 5/585 [00:00:06<00:11:47,  0.82it/s, loss=0.0283]
Epoch 3:   2%|..........| 10/585 [00:00:11<00:11:10,  0.86it/s, loss=0.0330]
Epoch 3:   3%|..........| 15/585 [00:00:17<00:11:22,  0.84it/s, loss=0.0374]
Epoch 3:   4%|..........| 21/585 [00:00:23<00:10:34,  0.89it/s, loss=0.0385]
Epoch 3:   5%|..........| 27/585 [00:00:29<00:10:05,  0.92it/s, loss=0.0384]
Epoch 3:   5%|..........| 32/585 [00:00:34<00:09:54,  0.93it/s, loss=0.0372]
Epoch 3:   6%|..........| 38/585 [00:00:39<00:09:34,  0.95it/s, loss=0.0371]
Epoch 3:   8%|..........| 44/585 [00:00:45<00:09:16,  0.97it/s, loss=0.0371]
Epoch 3:   9%|..........| 50/585 [00:00:50<00:09:03,  0.98it/s, loss=0.0369]
Epoch 3:   9%|..........| 55/585 [00:00:55<00:08:57,  0.99it/s, loss=0.0365]
Epoch 3:  10%|#.........| 61/585 [00:01:01<00:08:49,  0.99it/s, loss=0.0354]
Epoch 3:  11%|#.........| 67/585 [00:01:07<00:08:39,  1.00it/s, loss=0.0356]
Epoch 3:  12%|#.........| 73/585 [00:01:12<00:08:29,  1.00it/s, loss=0.0350]
Epoch 3:  13%|#.........| 78/585 [00:01:17<00:08:26,  1.00it/s, loss=0.0348]
Epoch 3:  14%|#.........| 84/585 [00:01:23<00:08:15,  1.01it/s, loss=0.0345]
Epoch 3:  15%|#.........| 90/585 [00:01:29<00:08:09,  1.01it/s, loss=0.0339]
Epoch 3:  16%|#.........| 96/585 [00:01:34<00:08:02,  1.01it/s, loss=0.0337]
Epoch 3:  17%|#.........| 101/585 [00:01:39<00:07:59,  1.01it/s, loss=0.0334]
Epoch 3:  18%|#.........| 107/585 [00:01:46<00:07:55,  1.01it/s, loss=0.0331]
Epoch 3:  19%|#.........| 113/585 [00:01:52<00:07:47,  1.01it/s, loss=0.0327]
Epoch 3:  20%|##........| 119/585 [00:01:57<00:07:41,  1.01it/s, loss=0.0327]
Epoch 3:  21%|##........| 125/585 [00:02:03<00:07:35,  1.01it/s, loss=0.0327]
Epoch 3:  22%|##........| 130/585 [00:02:09<00:07:32,  1.00it/s, loss=0.0327]
Epoch 3:  23%|##........| 136/585 [00:02:15<00:07:28,  1.00it/s, loss=0.0326]
Epoch 3:  24%|##........| 142/585 [00:02:21<00:07:22,  1.00it/s, loss=0.0324]
Epoch 3:  25%|##........| 148/585 [00:02:27<00:07:15,  1.00it/s, loss=0.0324]
Epoch 3:  26%|##........| 153/585 [00:02:33<00:07:12,  1.00it/s, loss=0.0327]
Epoch 3:  27%|##........| 159/585 [00:02:38<00:07:04,  1.00it/s, loss=0.0327]
Epoch 3:  28%|##........| 164/585 [00:02:43<00:07:00,  1.00it/s, loss=0.0328]
Epoch 3:  29%|##........| 170/585 [00:02:49<00:06:54,  1.00it/s, loss=0.0331]
Epoch 3:  30%|##........| 175/585 [00:02:55<00:06:50,  1.00it/s, loss=0.0335]
Epoch 3:  31%|###.......| 181/585 [00:03:00<00:06:43,  1.00it/s, loss=0.0333]
Epoch 3:  32%|###.......| 186/585 [00:03:06<00:06:39,  1.00it/s, loss=0.0333]
Epoch 3:  33%|###.......| 192/585 [00:03:11<00:06:31,  1.00it/s, loss=0.0334]
Epoch 3:  34%|###.......| 196/585 [00:03:16<00:06:30,  1.00it/s, loss=0.0335]
Epoch 3:  35%|###.......| 202/585 [00:03:22<00:06:23,  1.00it/s, loss=0.0335]
Epoch 3:  36%|###.......| 208/585 [00:03:28<00:06:17,  1.00it/s, loss=0.0337]
Epoch 3:  36%|###.......| 213/585 [00:03:33<00:06:13,  1.00it/s, loss=0.0336]
Epoch 3:  37%|###.......| 219/585 [00:03:39<00:06:06,  1.00it/s, loss=0.0336]
Epoch 3:  38%|###.......| 224/585 [00:03:44<00:06:02,  1.00it/s, loss=0.0335]
Epoch 3:  39%|###.......| 228/585 [00:03:49<00:05:59,  0.99it/s, loss=0.0334]
Epoch 3:  40%|####......| 234/585 [00:03:55<00:05:53,  0.99it/s, loss=0.0333]
Epoch 3:  41%|####......| 239/585 [00:04:00<00:05:48,  0.99it/s, loss=0.0331]
Epoch 3:  42%|####......| 245/585 [00:04:06<00:05:41,  1.00it/s, loss=0.0333]
Epoch 3:  43%|####......| 251/585 [00:04:11<00:05:34,  1.00it/s, loss=0.0332]
Epoch 3:  44%|####......| 257/585 [00:04:16<00:05:27,  1.00it/s, loss=0.0331]
Epoch 3:  45%|####......| 263/585 [00:04:22<00:05:20,  1.00it/s, loss=0.0330]
Epoch 3:  46%|####......| 268/585 [00:04:27<00:05:16,  1.00it/s, loss=0.0330]
Epoch 3:  47%|####......| 273/585 [00:04:32<00:05:11,  1.00it/s, loss=0.0332]
Epoch 3:  48%|####......| 279/585 [00:04:38<00:05:05,  1.00it/s, loss=0.0331]
Epoch 3:  49%|####......| 284/585 [00:04:43<00:05:00,  1.00it/s, loss=0.0331]
Epoch 3:  50%|####......| 290/585 [00:04:49<00:04:54,  1.00it/s, loss=0.0332]
Epoch 3:  50%|#####.....| 295/585 [00:04:54<00:04:49,  1.00it/s, loss=0.0334]
Epoch 3:  51%|#####.....| 301/585 [00:04:59<00:04:42,  1.00it/s, loss=0.0334]
Epoch 3:  52%|#####.....| 307/585 [00:05:05<00:04:36,  1.01it/s, loss=0.0334]
Epoch 3:  53%|#####.....| 312/585 [00:05:10<00:04:31,  1.01it/s, loss=0.0336]
Epoch 3:  54%|#####.....| 316/585 [00:05:15<00:04:28,  1.00it/s, loss=0.0339]
Epoch 3:  55%|#####.....| 322/585 [00:05:21<00:04:22,  1.00it/s, loss=0.0340]
Epoch 3:  56%|#####.....| 328/585 [00:05:27<00:04:16,  1.00it/s, loss=0.0340]
Epoch 3:  57%|#####.....| 333/585 [00:05:32<00:04:11,  1.00it/s, loss=0.0340]
Epoch 3:  58%|#####.....| 339/585 [00:05:37<00:04:04,  1.00it/s, loss=0.0339]
Epoch 3:  59%|#####.....| 345/585 [00:05:43<00:03:58,  1.01it/s, loss=0.0341]
Epoch 3:  60%|######....| 351/585 [00:05:49<00:03:52,  1.01it/s, loss=0.0340]
Epoch 3:  61%|######....| 356/585 [00:05:54<00:03:48,  1.00it/s, loss=0.0341]
Epoch 3:  62%|######....| 362/585 [00:06:00<00:03:41,  1.00it/s, loss=0.0340]
Epoch 3:  63%|######....| 368/585 [00:06:06<00:03:35,  1.01it/s, loss=0.0339]
Epoch 3:  64%|######....| 374/585 [00:06:11<00:03:29,  1.01it/s, loss=0.0338]
Epoch 3:  65%|######....| 378/585 [00:06:16<00:03:26,  1.00it/s, loss=0.0338]
Epoch 3:  66%|######....| 384/585 [00:06:22<00:03:20,  1.00it/s, loss=0.0337]
Epoch 3:  67%|######....| 390/585 [00:06:28<00:03:14,  1.00it/s, loss=0.0336]
Epoch 3:  68%|######....| 395/585 [00:06:33<00:03:09,  1.00it/s, loss=0.0336]
Epoch 3:  69%|######....| 401/585 [00:06:39<00:03:03,  1.00it/s, loss=0.0336]
Epoch 3:  69%|######....| 406/585 [00:06:44<00:02:58,  1.00it/s, loss=0.0336]
Epoch 3:  70%|#######...| 412/585 [00:06:50<00:02:52,  1.00it/s, loss=0.0335]
Epoch 3:  71%|#######...| 418/585 [00:06:55<00:02:46,  1.00it/s, loss=0.0335]
Epoch 3:  72%|#######...| 423/585 [00:07:01<00:02:41,  1.00it/s, loss=0.0335]
Epoch 3:  73%|#######...| 428/585 [00:07:07<00:02:36,  1.00it/s, loss=0.0335]
Epoch 3:  74%|#######...| 434/585 [00:07:12<00:02:30,  1.00it/s, loss=0.0336]
Epoch 3:  75%|#######...| 440/585 [00:07:19<00:02:24,  1.00it/s, loss=0.0336]
Epoch 3:  76%|#######...| 446/585 [00:07:24<00:02:18,  1.00it/s, loss=0.0336]
Epoch 3:  77%|#######...| 452/585 [00:07:30<00:02:12,  1.00it/s, loss=0.0336]
Epoch 3:  78%|#######...| 457/585 [00:07:35<00:02:07,  1.00it/s, loss=0.0336]
Epoch 3:  79%|#######...| 462/585 [00:07:41<00:02:02,  1.00it/s, loss=0.0337]
Epoch 3:  80%|########..| 468/585 [00:07:46<00:01:56,  1.00it/s, loss=0.0337]
Epoch 3:  81%|########..| 473/585 [00:07:51<00:01:51,  1.00it/s, loss=0.0337]
Epoch 3:  82%|########..| 479/585 [00:07:58<00:01:45,  1.00it/s, loss=0.0338]
Epoch 3:  83%|########..| 484/585 [00:08:03<00:01:40,  1.00it/s, loss=0.0338]
Epoch 3:  84%|########..| 490/585 [00:08:09<00:01:34,  1.00it/s, loss=0.0338]
Epoch 3:  85%|########..| 496/585 [00:08:14<00:01:28,  1.00it/s, loss=0.0338]
Epoch 3:  86%|########..| 502/585 [00:08:20<00:01:22,  1.00it/s, loss=0.0337]
Epoch 3:  87%|########..| 508/585 [00:08:26<00:01:16,  1.00it/s, loss=0.0337]
Epoch 3:  88%|########..| 514/585 [00:08:31<00:01:10,  1.00it/s, loss=0.0336]
Epoch 3:  89%|########..| 520/585 [00:08:37<00:01:04,  1.01it/s, loss=0.0335]
Epoch 3:  90%|########..| 526/585 [00:08:43<00:00:58,  1.00it/s, loss=0.0335]
Epoch 3:  91%|#########.| 531/585 [00:08:48<00:00:53,  1.00it/s, loss=0.0335]
Epoch 3:  92%|#########.| 537/585 [00:08:53<00:00:47,  1.01it/s, loss=0.0334]
Epoch 3:  93%|#########.| 543/585 [00:08:59<00:00:41,  1.01it/s, loss=0.0334]
Epoch 3:  94%|#########.| 549/585 [00:09:04<00:00:35,  1.01it/s, loss=0.0334]
Epoch 3:  95%|#########.| 555/585 [00:09:11<00:00:29,  1.01it/s, loss=0.0333]
Epoch 3:  96%|#########.| 560/585 [00:09:16<00:00:24,  1.01it/s, loss=0.0333]
Epoch 3:  97%|#########.| 566/585 [00:09:21<00:00:18,  1.01it/s, loss=0.0333]
Epoch 3:  98%|#########.| 571/585 [00:09:27<00:00:13,  1.01it/s, loss=0.0333]
Epoch 3:  98%|#########.| 576/585 [00:09:32<00:00:08,  1.01it/s, loss=0.0333]
Epoch 3:  99%|#########.| 581/585 [00:09:37<00:00:03,  1.01it/s, loss=0.0333]
Epoch 3: 100%|##########| 585/585 [00:09:41<00:00:00,  1.01it/s, loss=0.0333]
Test loss: 0.0354, Test rmsae: 12.96deg
{"event": "epoch_complete", "epoch": 3, "phase": 1, "lr": 0.0001, "batch_size": 1, "micro_batch_size": 1, "train_loss": 0.03329583336400171, "val_loss": 0.03539747168542817, "val_rmsae_deg": 12.962271556258202, "epoch_time_s": 582.7907492600002}
Epoch 4/80:
Epoch 4:   1%|..........| 5/585 [00:00:05<00:10:24,  0.93it/s, loss=0.0336]
Epoch 4:   2%|..........| 11/585 [00:00:11<00:09:46,  0.98it/s, loss=0.0334]
Epoch 4:   3%|..........| 17/585 [00:00:17<00:09:35,  0.99it/s, loss=0.0330]
Epoch 4:   4%|..........| 22/585 [00:00:22<00:09:30,  0.99it/s, loss=0.0313]
Epoch 4:   5%|..........| 28/585 [00:00:28<00:09:19,  1.00it/s, loss=0.0315]
Epoch 4:   6%|..........| 34/585 [00:00:33<00:09:06,  1.01it/s, loss=0.0304]
Epoch 4:   7%|..........| 40/585 [00:00:39<00:08:59,  1.01it/s, loss=0.0296]
Epoch 4:   8%|..........| 45/585 [00:00:44<00:08:57,  1.01it/s, loss=0.0302]
Epoch 4:   8%|..........| 49/585 [00:00:50<00:09:08,  0.98it/s, loss=0.0307]
Epoch 4:   9%|..........| 54/585 [00:00:55<00:09:04,  0.98it/s, loss=0.0304]
Epoch 4:  10%|#.........| 60/585 [00:01:01<00:08:59,  0.97it/s, loss=0.0309]
Epoch 4:  11%|#.........| 65/585 [00:01:06<00:08:54,  0.97it/s, loss=0.0308]
Epoch 4:  12%|#.........| 71/585 [00:01:12<00:08:46,  0.98it/s, loss=0.0302]
Epoch 4:  13%|#.........| 77/585 [00:01:18<00:08:37,  0.98it/s, loss=0.0300]
Epoch 4:  14%|#.........| 83/585 [00:01:24<00:08:31,  0.98it/s, loss=0.0305]
Epoch 4:  15%|#.........| 88/585 [00:01:29<00:08:28,  0.98it/s, loss=0.0304]
Epoch 4:  16%|#.........| 94/585 [00:01:35<00:08:18,  0.99it/s, loss=0.0301]
Epoch 4:  17%|#.........| 100/585 [00:01:41<00:08:10,  0.99it/s, loss=0.0302]
Epoch 4:  18%|#.........| 105/585 [00:01:46<00:08:07,  0.99it/s, loss=0.0302]
Epoch 4:  19%|#.........| 111/585 [00:01:52<00:07:59,  0.99it/s, loss=0.0303]
Epoch 4:  20%|#.........| 116/585 [00:01:57<00:07:54,  0.99it/s, loss=0.0304]
Epoch 4:  21%|##........| 121/585 [00:02:02<00:07:49,  0.99it/s, loss=0.0305]
Epoch 4:  22%|##........| 126/585 [00:02:07<00:07:45,  0.99it/s, loss=0.0305]
Epoch 4:  23%|##........| 132/585 [00:02:13<00:07:38,  0.99it/s, loss=0.0306]
Epoch 4:  23%|##........| 137/585 [00:02:18<00:07:33,  0.99it/s, loss=0.0304]
Epoch 4:  24%|##........| 143/585 [00:02:24<00:07:26,  0.99it/s, loss=0.0303]
Epoch 4:  25%|##........| 149/585 [00:02:30<00:07:19,  0.99it/s, loss=0.0304]
Epoch 4:  26%|##........| 154/585 [00:02:35<00:07:16,  0.99it/s, loss=0.0304]
Epoch 4:  27%|##........| 159/585 [00:02:41<00:07:11,  0.99it/s, loss=0.0305]
Epoch 4:  28%|##........| 165/585 [00:02:46<00:07:04,  0.99it/s, loss=0.0303]
Epoch 4:  29%|##........| 171/585 [00:02:52<00:06:57,  0.99it/s, loss=0.0304]
Epoch 4:  30%|###.......| 177/585 [00:02:58<00:06:50,  0.99it/s, loss=0.0304]
Epoch 4:  31%|###.......| 183/585 [00:03:03<00:06:44,  0.99it/s, loss=0.0306]
Epoch 4:  32%|###.......| 188/585 [00:03:09<00:06:39,  0.99it/s, loss=0.0307]
Epoch 4:  33%|###.......| 194/585 [00:03:14<00:06:32,  1.00it/s, loss=0.0306]
Epoch 4:  34%|###.......| 200/585 [00:03:19<00:06:24,  1.00it/s, loss=0.0304]
Epoch 4:  35%|###.......| 206/585 [00:03:25<00:06:17,  1.00it/s, loss=0.0305]
Epoch 4:  36%|###.......| 211/585 [00:03:31<00:06:14,  1.00it/s, loss=0.0306]
Epoch 4:  37%|###.......| 216/585 [00:03:36<00:06:10,  1.00it/s, loss=0.0306]
Epoch 4:  38%|###.......| 222/585 [00:03:42<00:06:03,  1.00it/s, loss=0.0304]
Epoch 4:  39%|###.......| 227/585 [00:03:47<00:05:58,  1.00it/s, loss=0.0304]
Epoch 4:  40%|###.......| 233/585 [00:03:53<00:05:52,  1.00it/s, loss=0.0305]
Epoch 4:  41%|####......| 239/585 [00:03:59<00:05:46,  1.00it/s, loss=0.0303]
Epoch 4:  42%|####......| 244/585 [00:04:05<00:05:42,  0.99it/s, loss=0.0305]
Epoch 4:  42%|####......| 248/585 [00:04:10<00:05:40,  0.99it/s, loss=0.0304]
Epoch 4:  43%|####......| 253/585 [00:04:15<00:05:35,  0.99it/s, loss=0.0303]
Epoch 4:  44%|####......| 259/585 [00:04:21<00:05:29,  0.99it/s, loss=0.0304]
Epoch 4:  45%|####......| 265/585 [00:04:26<00:05:22,  0.99it/s, loss=0.0303]
Epoch 4:  46%|####......| 269/585 [00:04:33<00:05:20,  0.99it/s, loss=0.0304]
Epoch 4:  47%|####......| 275/585 [00:04:38<00:05:13,  0.99it/s, loss=0.0303]
Epoch 4:  48%|####......| 280/585 [00:04:43<00:05:08,  0.99it/s, loss=0.0303]
Epoch 4:  49%|####......| 285/585 [00:04:48<00:05:03,  0.99it/s, loss=0.0303]
Epoch 4:  50%|####......| 291/585 [00:04:53<00:04:56,  0.99it/s, loss=0.0302]
Epoch 4:  51%|#####.....| 297/585 [00:04:59<00:04:50,  0.99it/s, loss=0.0302]
Epoch 4:  52%|#####.....| 304/585 [00:05:05<00:04:42,  1.00it/s, loss=0.0301]
Epoch 4:  53%|#####.....| 310/585 [00:05:10<00:04:35,  1.00it/s, loss=0.0301]
Epoch 4:  54%|#####.....| 316/585 [00:05:17<00:04:29,  1.00it/s, loss=0.0300]
Epoch 4:  55%|#####.....| 321/585 [00:05:22<00:04:25,  1.00it/s, loss=0.0301]
Epoch 4:  56%|#####.....| 326/585 [00:05:28<00:04:20,  0.99it/s, loss=0.0301]
Epoch 4:  57%|#####.....| 332/585 [00:05:34<00:04:14,  0.99it/s, loss=0.0301]
Epoch 4:  57%|#####.....| 336/585 [00:05:39<00:04:11,  0.99it/s, loss=0.0302]
Epoch 4:  58%|#####.....| 341/585 [00:05:44<00:04:06,  0.99it/s, loss=0.0302]
Epoch 4:  59%|#####.....| 346/585 [00:05:49<00:04:01,  0.99it/s, loss=0.0303]
Epoch 4:  60%|######....| 351/585 [00:05:55<00:03:56,  0.99it/s, loss=0.0302]
Epoch 4:  61%|######....| 357/585 [00:06:00<00:03:50,  0.99it/s, loss=0.0303]
Epoch 4:  62%|######....| 362/585 [00:06:06<00:03:45,  0.99it/s, loss=0.0303]
Epoch 4:  63%|######....| 368/585 [00:06:11<00:03:39,  0.99it/s, loss=0.0303]
Epoch 4:  64%|######....| 373/585 [00:06:16<00:03:34,  0.99it/s, loss=0.0304]
Epoch 4:  65%|######....| 379/585 [00:06:22<00:03:27,  0.99it/s, loss=0.0304]
Epoch 4:  66%|######....| 385/585 [00:06:27<00:03:21,  0.99it/s, loss=0.0303]
Epoch 4:  67%|######....| 391/585 [00:06:33<00:03:15,  0.99it/s, loss=0.0303]
Epoch 4:  68%|######....| 396/585 [00:06:38<00:03:10,  0.99it/s, loss=0.0305]
Epoch 4:  69%|######....| 402/585 [00:06:44<00:03:04,  0.99it/s, loss=0.0304]
Epoch 4:  70%|######....| 407/585 [00:06:50<00:02:59,  0.99it/s, loss=0.0303]
Epoch 4:  71%|#######...| 413/585 [00:06:55<00:02:53,  0.99it/s, loss=0.0302]
Epoch 4:  72%|#######...| 419/585 [00:07:00<00:02:46,  1.00it/s, loss=0.0302]
Epoch 4:  72%|#######...| 424/585 [00:07:06<00:02:41,  1.00it/s, loss=0.0302]
Epoch 4:  74%|#######...| 430/585 [00:07:12<00:02:35,  1.00it/s, loss=0.0302]
Epoch 4:  75%|#######...| 436/585 [00:07:17<00:02:29,  1.00it/s, loss=0.0302]
Epoch 4:  76%|#######...| 442/585 [00:07:24<00:02:23,  1.00it/s, loss=0.0301]
Epoch 4:  76%|#######...| 447/585 [00:07:29<00:02:18,  1.00it/s, loss=0.0301]
Epoch 4:  77%|#######...| 452/585 [00:07:34<00:02:13,  0.99it/s, loss=0.0300]
Epoch 4:  78%|#######...| 457/585 [00:07:40<00:02:08,  0.99it/s, loss=0.0302]
Epoch 4:  79%|#######...| 463/585 [00:07:46<00:02:02,  0.99it/s, loss=0.0302]
Epoch 4:  80%|########..| 468/585 [00:07:51<00:01:57,  0.99it/s, loss=0.0302]
Epoch 4:  81%|########..| 474/585 [00:07:57<00:01:51,  0.99it/s, loss=0.0302]
Epoch 4:  82%|########..| 479/585 [00:08:02<00:01:46,  0.99it/s, loss=0.0302]
Epoch 4:  83%|########..| 485/585 [00:08:07<00:01:40,  0.99it/s, loss=0.0302]
Epoch 4:  84%|########..| 490/585 [00:08:13<00:01:35,  0.99it/s, loss=0.0302]
Epoch 4:  85%|########..| 496/585 [00:08:19<00:01:29,  0.99it/s, loss=0.0302]
Epoch 4:  86%|########..| 503/585 [00:08:25<00:01:22,  1.00it/s, loss=0.0301]
Epoch 4:  87%|########..| 508/585 [00:08:30<00:01:17,  1.00it/s, loss=0.0301]
Epoch 4:  88%|########..| 514/585 [00:08:35<00:01:11,  1.00it/s, loss=0.0302]
Epoch 4:  89%|########..| 518/585 [00:08:40<00:01:07,  0.99it/s, loss=0.0303]
Epoch 4:  90%|########..| 524/585 [00:08:46<00:01:01,  1.00it/s, loss=0.0303]
Epoch 4:  91%|#########.| 530/585 [00:08:51<00:00:55,  1.00it/s, loss=0.0302]
Epoch 4:  92%|#########.| 536/585 [00:08:57<00:00:49,  1.00it/s, loss=0.0302]
Epoch 4:  92%|#########.| 541/585 [00:09:03<00:00:44,  1.00it/s, loss=0.0303]
Epoch 4:  93%|#########.| 546/585 [00:09:08<00:00:39,  1.00it/s, loss=0.0303]
Epoch 4:  94%|#########.| 552/585 [00:09:13<00:00:33,  1.00it/s, loss=0.0303]
Epoch 4:  95%|#########.| 558/585 [00:09:19<00:00:27,  1.00it/s, loss=0.0304]
Epoch 4:  96%|#########.| 563/585 [00:09:25<00:00:22,  1.00it/s, loss=0.0304]
Epoch 4:  97%|#########.| 569/585 [00:09:30<00:00:16,  1.00it/s, loss=0.0305]
Epoch 4:  98%|#########.| 574/585 [00:09:36<00:00:11,  1.00it/s, loss=0.0305]
Epoch 4:  99%|#########.| 579/585 [00:09:41<00:00:06,  1.00it/s, loss=0.0304]
Epoch 4: 100%|##########| 585/585 [00:09:47<00:00:00,  1.00it/s, loss=0.0304]
Test loss: 0.0303, Test rmsae: 9.83deg
{"event": "epoch_complete", "epoch": 4, "phase": 1, "lr": 0.0001, "batch_size": 1, "micro_batch_size": 1, "train_loss": 0.030394171996631174, "val_loss": 0.030331892310641706, "val_rmsae_deg": 9.832538336515427, "epoch_time_s": 588.5204710429998}
{"event": "checkpoint_saved", "tag": "best_rmsae", "epoch": 4, "path": "IFAN_Edge/outputs/stage3/ifan_stage3_long80_freqblock_paper_original_20260426_155330/checkpoints/best_rmsae.pt", "val_rmsae_deg": 9.832538336515427}
Epoch 5/80:
Epoch 5:   1%|..........| 5/585 [00:00:05<00:11:15,  0.86it/s, loss=0.0286]
Epoch 5:   2%|..........| 10/585 [00:00:11<00:10:49,  0.89it/s, loss=0.0280]
Epoch 5:   3%|..........| 15/585 [00:00:16<00:10:30,  0.90it/s, loss=0.0295]
Epoch 5:   4%|..........| 21/585 [00:00:22<00:10:00,  0.94it/s, loss=0.0291]
Epoch 5:   5%|..........| 27/585 [00:00:28<00:09:43,  0.96it/s, loss=0.0291]
Epoch 5:   5%|..........| 32/585 [00:00:33<00:09:37,  0.96it/s, loss=0.0292]
Epoch 5:   6%|..........| 37/585 [00:00:38<00:09:34,  0.95it/s, loss=0.0306]
Epoch 5:   7%|..........| 43/585 [00:00:44<00:09:15,  0.98it/s, loss=0.0298]
Epoch 5:   8%|..........| 48/585 [00:00:49<00:09:12,  0.97it/s, loss=0.0301]
Epoch 5:   9%|..........| 54/585 [00:00:54<00:08:59,  0.99it/s, loss=0.0296]
Epoch 5:  10%|#.........| 59/585 [00:01:01<00:09:04,  0.97it/s, loss=0.0311]
Epoch 5:  11%|#.........| 65/585 [00:01:06<00:08:53,  0.97it/s, loss=0.0307]
Epoch 5:  12%|#.........| 70/585 [00:01:11<00:08:47,  0.98it/s, loss=0.0315]
Epoch 5:  13%|#.........| 76/585 [00:01:17<00:08:39,  0.98it/s, loss=0.0312]
Epoch 5:  14%|#.........| 81/585 [00:01:22<00:08:35,  0.98it/s, loss=0.0313]
Epoch 5:  15%|#.........| 87/585 [00:01:28<00:08:23,  0.99it/s, loss=0.0309]
Epoch 5:  16%|#.........| 93/585 [00:01:33<00:08:16,  0.99it/s, loss=0.0308]
Epoch 5:  17%|#.........| 99/585 [00:01:39<00:08:08,  0.99it/s, loss=0.0304]
Epoch 5:  18%|#.........| 104/585 [00:01:45<00:08:09,  0.98it/s, loss=0.0310]
Epoch 5:  19%|#.........| 109/585 [00:01:50<00:08:04,  0.98it/s, loss=0.0308]
Epoch 5:  20%|#.........| 115/585 [00:01:56<00:07:56,  0.99it/s, loss=0.0306]
Epoch 5:  21%|##........| 121/585 [00:02:02<00:07:49,  0.99it/s, loss=0.0305]
Epoch 5:  22%|##........| 127/585 [00:02:08<00:07:41,  0.99it/s, loss=0.0302]
Epoch 5:  23%|##........| 133/585 [00:02:14<00:07:35,  0.99it/s, loss=0.0303]
Epoch 5:  24%|##........| 138/585 [00:02:19<00:07:31,  0.99it/s, loss=0.0304]
Epoch 5:  24%|##........| 143/585 [00:02:24<00:07:27,  0.99it/s, loss=0.0303]
Epoch 5:  25%|##........| 149/585 [00:02:30<00:07:20,  0.99it/s, loss=0.0304]
Epoch 5:  26%|##........| 153/585 [00:02:35<00:07:19,  0.98it/s, loss=0.0307]
Epoch 5:  27%|##........| 159/585 [00:02:41<00:07:12,  0.98it/s, loss=0.0305]
Epoch 5:  28%|##........| 164/585 [00:02:46<00:07:07,  0.98it/s, loss=0.0306]
Epoch 5:  29%|##........| 170/585 [00:02:52<00:07:00,  0.99it/s, loss=0.0304]
Epoch 5:  30%|##........| 175/585 [00:02:57<00:06:55,  0.99it/s, loss=0.0309]
Epoch 5:  31%|###.......| 181/585 [00:03:02<00:06:47,  0.99it/s, loss=0.0309]
Epoch 5:  32%|###.......| 187/585 [00:03:08<00:06:40,  0.99it/s, loss=0.0308]
Epoch 5:  33%|###.......| 192/585 [00:03:13<00:06:36,  0.99it/s, loss=0.0309]
Epoch 5:  34%|###.......| 198/585 [00:03:18<00:06:28,  1.00it/s, loss=0.0307]
Epoch 5:  35%|###.......| 203/585 [00:03:24<00:06:25,  0.99it/s, loss=0.0309]
Epoch 5:  36%|###.......| 209/585 [00:03:30<00:06:18,  0.99it/s, loss=0.0309]
Epoch 5:  37%|###.......| 214/585 [00:03:35<00:06:13,  0.99it/s, loss=0.0309]
Epoch 5:  38%|###.......| 220/585 [00:03:41<00:06:07,  0.99it/s, loss=0.0308]
Epoch 5:  38%|###.......| 225/585 [00:03:47<00:06:03,  0.99it/s, loss=0.0308]
Epoch 5:  39%|###.......| 230/585 [00:03:52<00:05:58,  0.99it/s, loss=0.0308]
Epoch 5:  40%|####......| 235/585 [00:03:57<00:05:54,  0.99it/s, loss=0.0310]
Epoch 5:  41%|####......| 241/585 [00:04:03<00:05:46,  0.99it/s, loss=0.0310]
Epoch 5:  42%|####......| 247/585 [00:04:08<00:05:40,  0.99it/s, loss=0.0308]
Epoch 5:  43%|####......| 253/585 [00:04:14<00:05:33,  0.99it/s, loss=0.0309]
Epoch 5:  44%|####......| 259/585 [00:04:19<00:05:27,  1.00it/s, loss=0.0308]
Epoch 5:  45%|####......| 264/585 [00:04:25<00:05:22,  1.00it/s, loss=0.0308]
Epoch 5:  46%|####......| 270/585 [00:04:31<00:05:16,  0.99it/s, loss=0.0308]
Epoch 5:  47%|####......| 276/585 [00:04:37<00:05:10,  0.99it/s, loss=0.0307]
Epoch 5:  48%|####......| 282/585 [00:04:43<00:05:04,  1.00it/s, loss=0.0307]
Epoch 5:  49%|####......| 288/585 [00:04:48<00:04:57,  1.00it/s, loss=0.0307]
Epoch 5:  50%|#####.....| 294/585 [00:04:54<00:04:51,  1.00it/s, loss=0.0306]
Epoch 5:  51%|#####.....| 299/585 [00:04:59<00:04:46,  1.00it/s, loss=0.0306]
Epoch 5:  52%|#####.....| 305/585 [00:05:05<00:04:40,  1.00it/s, loss=0.0305]
Epoch 5:  53%|#####.....| 310/585 [00:05:10<00:04:35,  1.00it/s, loss=0.0305]
Epoch 5:  54%|#####.....| 316/585 [00:05:15<00:04:28,  1.00it/s, loss=0.0305]
Epoch 5:  55%|#####.....| 322/585 [00:05:21<00:04:22,  1.00it/s, loss=0.0304]
Epoch 5:  56%|#####.....| 328/585 [00:05:27<00:04:16,  1.00it/s, loss=0.0304]
Epoch 5:  57%|#####.....| 333/585 [00:05:32<00:04:11,  1.00it/s, loss=0.0304]
Epoch 5:  58%|#####.....| 339/585 [00:05:39<00:04:06,  1.00it/s, loss=0.0303]
Epoch 5:  59%|#####.....| 344/585 [00:05:44<00:04:01,  1.00it/s, loss=0.0305]
Epoch 5:  60%|#####.....| 349/585 [00:05:50<00:03:56,  1.00it/s, loss=0.0305]
Epoch 5:  61%|######....| 354/585 [00:05:55<00:03:51,  1.00it/s, loss=0.0305]
Epoch 5:  62%|######....| 360/585 [00:06:00<00:03:45,  1.00it/s, loss=0.0305]
Epoch 5:  63%|######....| 366/585 [00:06:06<00:03:39,  1.00it/s, loss=0.0304]
Epoch 5:  63%|######....| 371/585 [00:06:11<00:03:34,  1.00it/s, loss=0.0303]
Epoch 5:  64%|######....| 376/585 [00:06:16<00:03:29,  1.00it/s, loss=0.0302]
Epoch 5:  65%|######....| 381/585 [00:06:22<00:03:24,  1.00it/s, loss=0.0302]
Epoch 5:  66%|######....| 387/585 [00:06:27<00:03:18,  1.00it/s, loss=0.0302]
Epoch 5:  67%|######....| 392/585 [00:06:32<00:03:13,  1.00it/s, loss=0.0302]
Epoch 5:  68%|######....| 398/585 [00:06:38<00:03:07,  1.00it/s, loss=0.0302]
Epoch 5:  69%|######....| 403/585 [00:06:43<00:03:02,  1.00it/s, loss=0.0302]
Epoch 5:  70%|######....| 408/585 [00:06:49<00:02:57,  1.00it/s, loss=0.0303]
Epoch 5:  71%|#######...| 414/585 [00:06:55<00:02:51,  1.00it/s, loss=0.0303]
Epoch 5:  72%|#######...| 419/585 [00:07:01<00:02:46,  0.99it/s, loss=0.0302]
Epoch 5:  72%|#######...| 424/585 [00:07:06<00:02:41,  0.99it/s, loss=0.0302]
Epoch 5:  73%|#######...| 429/585 [00:07:12<00:02:37,  0.99it/s, loss=0.0303]
Epoch 5:  74%|#######...| 435/585 [00:07:18<00:02:31,  0.99it/s, loss=0.0302]
Epoch 5:  75%|#######...| 440/585 [00:07:23<00:02:26,  0.99it/s, loss=0.0302]
Epoch 5:  76%|#######...| 446/585 [00:07:29<00:02:20,  0.99it/s, loss=0.0301]
Epoch 5:  77%|#######...| 451/585 [00:07:35<00:02:15,  0.99it/s, loss=0.0301]
Epoch 5:  78%|#######...| 457/585 [00:07:40<00:02:09,  0.99it/s, loss=0.0301]
Epoch 5:  79%|#######...| 463/585 [00:07:46<00:02:02,  0.99it/s, loss=0.0301]
Epoch 5:  80%|#######...| 467/585 [00:07:51<00:01:59,  0.99it/s, loss=0.0300]
Epoch 5:  81%|########..| 472/585 [00:07:57<00:01:54,  0.99it/s, loss=0.0301]
Epoch 5:  82%|########..| 478/585 [00:08:03<00:01:48,  0.99it/s, loss=0.0302]
Epoch 5:  83%|########..| 483/585 [00:08:08<00:01:43,  0.99it/s, loss=0.0302]
Epoch 5:  84%|########..| 489/585 [00:08:13<00:01:36,  0.99it/s, loss=0.0302]
Epoch 5:  84%|########..| 494/585 [00:08:18<00:01:31,  0.99it/s, loss=0.0302]
Epoch 5:  85%|########..| 499/585 [00:08:24<00:01:26,  0.99it/s, loss=0.0302]
Epoch 5:  86%|########..| 505/585 [00:08:30<00:01:20,  0.99it/s, loss=0.0302]
Epoch 5:  87%|########..| 511/585 [00:08:35<00:01:14,  0.99it/s, loss=0.0301]
Epoch 5:  88%|########..| 516/585 [00:08:41<00:01:09,  0.99it/s, loss=0.0301]
Epoch 5:  89%|########..| 521/585 [00:08:47<00:01:04,  0.99it/s, loss=0.0302]
Epoch 5:  90%|#########.| 527/585 [00:08:52<00:00:58,  0.99it/s, loss=0.0302]
Epoch 5:  91%|#########.| 533/585 [00:08:59<00:00:52,  0.99it/s, loss=0.0302]
Epoch 5:  92%|#########.| 539/585 [00:09:05<00:00:46,  0.99it/s, loss=0.0302]
Epoch 5:  93%|#########.| 545/585 [00:09:11<00:00:40,  0.99it/s, loss=0.0302]
Epoch 5:  94%|#########.| 551/585 [00:09:16<00:00:34,  0.99it/s, loss=0.0301]
Epoch 5:  95%|#########.| 557/585 [00:09:22<00:00:28,  0.99it/s, loss=0.0301]
Epoch 5:  96%|#########.| 563/585 [00:09:27<00:00:22,  0.99it/s, loss=0.0301]
Epoch 5:  97%|#########.| 569/585 [00:09:33<00:00:16,  0.99it/s, loss=0.0301]
Epoch 5:  98%|#########.| 574/585 [00:09:38<00:00:11,  0.99it/s, loss=0.0300]
Epoch 5:  99%|#########.| 578/585 [00:09:43<00:00:07,  0.99it/s, loss=0.0302]
Epoch 5: 100%|#########.| 583/585 [00:09:49<00:00:02,  0.99it/s, loss=0.0302]
Epoch 5: 100%|##########| 585/585 [00:09:51<00:00:00,  0.99it/s, loss=0.0302]
Test loss: 0.0284, Test rmsae: 9.57deg
{"event": "epoch_complete", "epoch": 5, "phase": 1, "lr": 0.0001, "batch_size": 1, "micro_batch_size": 1, "train_loss": 0.03017537718654698, "val_loss": 0.028363186458591372, "val_rmsae_deg": 9.572313144803047, "epoch_time_s": 591.8327825300003}
{"event": "checkpoint_saved", "tag": "best_rmsae", "epoch": 5, "path": "IFAN_Edge/outputs/stage3/ifan_stage3_long80_freqblock_paper_original_20260426_155330/checkpoints/best_rmsae.pt", "val_rmsae_deg": 9.572313144803047}
Epoch 6/80:
Epoch 6:   1%|..........| 6/585 [00:00:05<00:08:54,  1.08it/s, loss=0.0265]
Epoch 6:   2%|..........| 12/585 [00:00:11<00:08:56,  1.07it/s, loss=0.0257]
Epoch 6:   3%|..........| 18/585 [00:00:16<00:08:45,  1.08it/s, loss=0.0264]
Epoch 6:   4%|..........| 23/585 [00:00:21<00:08:55,  1.05it/s, loss=0.0269]
Epoch 6:   5%|..........| 29/585 [00:00:27<00:08:39,  1.07it/s, loss=0.0267]
Epoch 6:   6%|..........| 34/585 [00:00:32<00:08:50,  1.04it/s, loss=0.0271]
Epoch 6:   7%|..........| 39/585 [00:00:37<00:08:49,  1.03it/s, loss=0.0267]
Epoch 6:   8%|..........| 45/585 [00:00:43<00:08:39,  1.04it/s, loss=0.0264]
Epoch 6:   9%|..........| 51/585 [00:00:48<00:08:30,  1.05it/s, loss=0.0266]
Epoch 6:  10%|..........| 57/585 [00:00:54<00:08:25,  1.04it/s, loss=0.0265]
Epoch 6:  11%|#.........| 63/585 [00:00:59<00:08:15,  1.05it/s, loss=0.0263]
Epoch 6:  12%|#.........| 68/585 [00:01:05<00:08:15,  1.04it/s, loss=0.0264]
Epoch 6:  13%|#.........| 74/585 [00:01:10<00:08:08,  1.05it/s, loss=0.0267]
Epoch 6:  14%|#.........| 79/585 [00:01:15<00:08:05,  1.04it/s, loss=0.0265]
Epoch 6:  14%|#.........| 84/585 [00:01:20<00:08:02,  1.04it/s, loss=0.0263]
Epoch 6:  15%|#.........| 90/585 [00:01:26<00:07:57,  1.04it/s, loss=0.0261]
Epoch 6:  16%|#.........| 95/585 [00:01:32<00:07:55,  1.03it/s, loss=0.0262]
Epoch 6:  17%|#.........| 101/585 [00:01:37<00:07:49,  1.03it/s, loss=0.0261]
Epoch 6:  18%|#.........| 107/585 [00:01:43<00:07:43,  1.03it/s, loss=0.0265]
Epoch 6:  19%|#.........| 113/585 [00:01:48<00:07:34,  1.04it/s, loss=0.0264]
Epoch 6:  20%|##........| 118/585 [00:01:54<00:07:33,  1.03it/s, loss=0.0267]
Epoch 6:  21%|##........| 124/585 [00:02:00<00:07:26,  1.03it/s, loss=0.0268]
Epoch 6:  22%|##........| 129/585 [00:02:05<00:07:22,  1.03it/s, loss=0.0268]
Epoch 6:  23%|##........| 135/585 [00:02:10<00:07:15,  1.03it/s, loss=0.0267]
Epoch 6:  24%|##........| 141/585 [00:02:16<00:07:09,  1.03it/s, loss=0.0267]
Epoch 6:  25%|##........| 147/585 [00:02:21<00:07:02,  1.04it/s, loss=0.0266]
Epoch 6:  26%|##........| 153/585 [00:02:27<00:06:55,  1.04it/s, loss=0.0265]
Epoch 6:  27%|##........| 158/585 [00:02:32<00:06:52,  1.03it/s, loss=0.0265]
Epoch 6:  28%|##........| 163/585 [00:02:38<00:06:49,  1.03it/s, loss=0.0268]
Epoch 6:  29%|##........| 169/585 [00:02:43<00:06:42,  1.03it/s, loss=0.0268]
Epoch 6:  30%|##........| 175/585 [00:02:49<00:06:37,  1.03it/s, loss=0.0268]
Epoch 6:  31%|###.......| 180/585 [00:02:54<00:06:32,  1.03it/s, loss=0.0267]
Epoch 6:  31%|###.......| 184/585 [00:02:59<00:06:31,  1.02it/s, loss=0.0269]
Epoch 6:  32%|###.......| 190/585 [00:03:05<00:06:25,  1.03it/s, loss=0.0269]
Epoch 6:  34%|###.......| 196/585 [00:03:11<00:06:19,  1.03it/s, loss=0.0269]
Epoch 6:  35%|###.......| 202/585 [00:03:16<00:06:12,  1.03it/s, loss=0.0269]
Epoch 6:  35%|###.......| 207/585 [00:03:21<00:06:08,  1.03it/s, loss=0.0269]
Epoch 6:  36%|###.......| 213/585 [00:03:27<00:06:02,  1.03it/s, loss=0.0272]
Epoch 6:  37%|###.......| 219/585 [00:03:33<00:05:56,  1.03it/s, loss=0.0272]
Epoch 6:  38%|###.......| 224/585 [00:03:38<00:05:51,  1.03it/s, loss=0.0271]
Epoch 6:  39%|###.......| 230/585 [00:03:43<00:05:44,  1.03it/s, loss=0.0270]
Epoch 6:  40%|####......| 236/585 [00:03:48<00:05:38,  1.03it/s, loss=0.0271]
Epoch 6:  41%|####......| 242/585 [00:03:54<00:05:31,  1.03it/s, loss=0.0270]
Epoch 6:  42%|####......| 248/585 [00:03:59<00:05:25,  1.03it/s, loss=0.0270]
Epoch 6:  43%|####......| 253/585 [00:04:05<00:05:22,  1.03it/s, loss=0.0271]
Epoch 6:  44%|####......| 258/585 [00:04:10<00:05:17,  1.03it/s, loss=0.0272]
Epoch 6:  45%|####......| 264/585 [00:04:16<00:05:11,  1.03it/s, loss=0.0272]
Epoch 6:  46%|####......| 269/585 [00:04:21<00:05:07,  1.03it/s, loss=0.0273]
Epoch 6:  47%|####......| 275/585 [00:04:26<00:05:00,  1.03it/s, loss=0.0272]
Epoch 6:  48%|####......| 279/585 [00:04:31<00:04:58,  1.03it/s, loss=0.0273]
Epoch 6:  49%|####......| 285/585 [00:04:37<00:04:52,  1.03it/s, loss=0.0273]
Epoch 6:  50%|####......| 290/585 [00:04:42<00:04:47,  1.03it/s, loss=0.0273]
Epoch 6:  50%|#####.....| 295/585 [00:04:48<00:04:43,  1.02it/s, loss=0.0274]
Epoch 6:  51%|#####.....| 301/585 [00:04:53<00:04:37,  1.02it/s, loss=0.0274]
Epoch 6:  52%|#####.....| 307/585 [00:04:59<00:04:30,  1.03it/s, loss=0.0273]
Epoch 6:  53%|#####.....| 311/585 [00:05:04<00:04:28,  1.02it/s, loss=0.0276]
Epoch 6:  54%|#####.....| 316/585 [00:05:09<00:04:23,  1.02it/s, loss=0.0277]
Epoch 6:  55%|#####.....| 322/585 [00:05:14<00:04:17,  1.02it/s, loss=0.0278]
Epoch 6:  56%|#####.....| 328/585 [00:05:21<00:04:11,  1.02it/s, loss=0.0279]
Epoch 6:  57%|#####.....| 333/585 [00:05:26<00:04:07,  1.02it/s, loss=0.0280]
Epoch 6:  58%|#####.....| 337/585 [00:05:31<00:04:04,  1.02it/s, loss=0.0281]
Epoch 6:  59%|#####.....| 343/585 [00:05:36<00:03:57,  1.02it/s, loss=0.0282]
Epoch 6:  60%|#####.....| 349/585 [00:05:42<00:03:51,  1.02it/s, loss=0.0281]
Epoch 6:  61%|######....| 355/585 [00:05:47<00:03:45,  1.02it/s, loss=0.0282]
Epoch 6:  62%|######....| 360/585 [00:05:53<00:03:40,  1.02it/s, loss=0.0283]
Epoch 6:  62%|######....| 365/585 [00:05:58<00:03:36,  1.02it/s, loss=0.0284]
Epoch 6:  63%|######....| 370/585 [00:06:04<00:03:31,  1.02it/s, loss=0.0287]
Epoch 6:  64%|######....| 376/585 [00:06:09<00:03:25,  1.02it/s, loss=0.0288]
Epoch 6:  65%|######....| 380/585 [00:06:15<00:03:22,  1.01it/s, loss=0.0290]
Epoch 6:  66%|######....| 386/585 [00:06:21<00:03:16,  1.01it/s, loss=0.0290]
Epoch 6:  67%|######....| 391/585 [00:06:26<00:03:11,  1.01it/s, loss=0.0291]
Epoch 6:  68%|######....| 397/585 [00:06:32<00:03:06,  1.01it/s, loss=0.0291]
Epoch 6:  69%|######....| 403/585 [00:06:38<00:03:00,  1.01it/s, loss=0.0291]
Epoch 6:  70%|######....| 408/585 [00:06:43<00:02:55,  1.01it/s, loss=0.0291]
Epoch 6:  71%|#######...| 413/585 [00:06:49<00:02:50,  1.01it/s, loss=0.0292]
Epoch 6:  72%|#######...| 419/585 [00:06:54<00:02:44,  1.01it/s, loss=0.0292]
Epoch 6:  73%|#######...| 425/585 [00:07:00<00:02:38,  1.01it/s, loss=0.0291]
Epoch 6:  74%|#######...| 430/585 [00:07:05<00:02:33,  1.01it/s, loss=0.0291]
Epoch 6:  75%|#######...| 436/585 [00:07:10<00:02:27,  1.01it/s, loss=0.0291]
Epoch 6:  76%|#######...| 442/585 [00:07:17<00:02:21,  1.01it/s, loss=0.0290]
Epoch 6:  77%|#######...| 448/585 [00:07:22<00:02:15,  1.01it/s, loss=0.0290]
Epoch 6:  77%|#######...| 453/585 [00:07:27<00:02:10,  1.01it/s, loss=0.0290]
Epoch 6:  78%|#######...| 458/585 [00:07:33<00:02:05,  1.01it/s, loss=0.0291]
Epoch 6:  79%|#######...| 463/585 [00:07:38<00:02:00,  1.01it/s, loss=0.0290]
Epoch 6:  80%|########..| 469/585 [00:07:44<00:01:54,  1.01it/s, loss=0.0290]
Epoch 6:  81%|########..| 475/585 [00:07:50<00:01:48,  1.01it/s, loss=0.0290]
Epoch 6:  82%|########..| 481/585 [00:07:55<00:01:42,  1.01it/s, loss=0.0290]
Epoch 6:  83%|########..| 486/585 [00:08:01<00:01:38,  1.01it/s, loss=0.0290]
Epoch 6:  84%|########..| 492/585 [00:08:06<00:01:32,  1.01it/s, loss=0.0289]
Epoch 6:  85%|########..| 498/585 [00:08:12<00:01:26,  1.01it/s, loss=0.0289]
Epoch 6:  86%|########..| 504/585 [00:08:18<00:01:20,  1.01it/s, loss=0.0289]
Epoch 6:  87%|########..| 510/585 [00:08:23<00:01:14,  1.01it/s, loss=0.0288]
Epoch 6:  88%|########..| 516/585 [00:08:29<00:01:08,  1.01it/s, loss=0.0288]
Epoch 6:  89%|########..| 522/585 [00:08:35<00:01:02,  1.01it/s, loss=0.0288]
Epoch 6:  90%|#########.| 528/585 [00:08:40<00:00:56,  1.01it/s, loss=0.0288]
Epoch 6:  91%|#########.| 533/585 [00:08:45<00:00:51,  1.01it/s, loss=0.0287]
Epoch 6:  92%|#########.| 539/585 [00:08:51<00:00:45,  1.01it/s, loss=0.0287]
Epoch 6:  93%|#########.| 545/585 [00:08:56<00:00:39,  1.02it/s, loss=0.0287]
Epoch 6:  94%|#########.| 551/585 [00:09:02<00:00:33,  1.02it/s, loss=0.0286]
Epoch 6:  95%|#########.| 557/585 [00:09:07<00:00:27,  1.02it/s, loss=0.0286]
Epoch 6:  96%|#########.| 563/585 [00:09:13<00:00:21,  1.02it/s, loss=0.0285]
Epoch 6:  97%|#########.| 568/585 [00:09:18<00:00:16,  1.02it/s, loss=0.0285]
Epoch 6:  98%|#########.| 573/585 [00:09:23<00:00:11,  1.02it/s, loss=0.0284]
Epoch 6:  99%|#########.| 579/585 [00:09:29<00:00:05,  1.02it/s, loss=0.0284]
Epoch 6: 100%|#########.| 584/585 [00:09:35<00:00:00,  1.01it/s, loss=0.0284]
Epoch 6: 100%|##########| 585/585 [00:09:36<00:00:00,  1.01it/s, loss=0.0284]
Test loss: 0.0274, Test rmsae: 9.11deg
{"event": "epoch_complete", "epoch": 6, "phase": 1, "lr": 0.0001, "batch_size": 1, "micro_batch_size": 1, "train_loss": 0.02842635511396787, "val_loss": 0.027402965642977506, "val_rmsae_deg": 9.108354851603508, "epoch_time_s": 577.6814261069994}
{"event": "checkpoint_saved", "tag": "best_rmsae", "epoch": 6, "path": "IFAN_Edge/outputs/stage3/ifan_stage3_long80_freqblock_paper_original_20260426_155330/checkpoints/best_rmsae.pt", "val_rmsae_deg": 9.108354851603508}
Epoch 7/80:
Epoch 7:   1%|..........| 6/585 [00:00:05<00:09:03,  1.06it/s, loss=0.0247]
Epoch 7:   2%|..........| 11/585 [00:00:10<00:09:28,  1.01it/s, loss=0.0247]
Epoch 7:   3%|..........| 16/585 [00:00:16<00:09:33,  0.99it/s, loss=0.0238]
Epoch 7:   4%|..........| 22/585 [00:00:21<00:09:16,  1.01it/s, loss=0.0248]
Epoch 7:   5%|..........| 27/585 [00:00:26<00:09:15,  1.00it/s, loss=0.0251]
Epoch 7:   6%|..........| 33/585 [00:00:32<00:09:03,  1.02it/s, loss=0.0252]
Epoch 7:   7%|..........| 39/585 [00:00:37<00:08:51,  1.03it/s, loss=0.0256]
Epoch 7:   8%|..........| 45/585 [00:00:43<00:08:43,  1.03it/s, loss=0.0257]
Epoch 7:   9%|..........| 51/585 [00:00:49<00:08:34,  1.04it/s, loss=0.0263]
Epoch 7:  10%|..........| 57/585 [00:00:54<00:08:26,  1.04it/s, loss=0.0260]
Epoch 7:  11%|#.........| 62/585 [00:01:00<00:08:29,  1.03it/s, loss=0.0261]
Epoch 7:  12%|#.........| 68/585 [00:01:06<00:08:22,  1.03it/s, loss=0.0266]
Epoch 7:  13%|#.........| 74/585 [00:01:11<00:08:13,  1.04it/s, loss=0.0268]
Epoch 7:  14%|#.........| 79/585 [00:01:16<00:08:11,  1.03it/s, loss=0.0267]
Epoch 7:  14%|#.........| 84/585 [00:01:22<00:08:09,  1.02it/s, loss=0.0270]
Epoch 7:  15%|#.........| 89/585 [00:01:27<00:08:06,  1.02it/s, loss=0.0267]
Epoch 7:  16%|#.........| 94/585 [00:01:32<00:08:03,  1.01it/s, loss=0.0267]
Epoch 7:  17%|#.........| 100/585 [00:01:37<00:07:54,  1.02it/s, loss=0.0267]
Epoch 7:  18%|#.........| 106/585 [00:01:43<00:07:46,  1.03it/s, loss=0.0266]
Epoch 7:  19%|#.........| 111/585 [00:01:48<00:07:43,  1.02it/s, loss=0.0269]
Epoch 7:  20%|#.........| 116/585 [00:01:53<00:07:40,  1.02it/s, loss=0.0274]
Epoch 7:  21%|##........| 122/585 [00:01:59<00:07:34,  1.02it/s, loss=0.0274]
Epoch 7:  22%|##........| 127/585 [00:02:05<00:07:30,  1.02it/s, loss=0.0275]
Epoch 7:  23%|##........| 133/585 [00:02:10<00:07:23,  1.02it/s, loss=0.0276]
Epoch 7:  24%|##........| 138/585 [00:02:15<00:07:19,  1.02it/s, loss=0.0278]
Epoch 7:  25%|##........| 144/585 [00:02:21<00:07:14,  1.01it/s, loss=0.0278]
Epoch 7:  25%|##........| 149/585 [00:02:27<00:07:11,  1.01it/s, loss=0.0289]
Epoch 7:  26%|##........| 155/585 [00:02:32<00:07:03,  1.02it/s, loss=0.0289]
Epoch 7:  28%|##........| 161/585 [00:02:38<00:06:57,  1.02it/s, loss=0.0291]
Epoch 7:  29%|##........| 167/585 [00:02:43<00:06:49,  1.02it/s, loss=0.0291]
Epoch 7:  30%|##........| 173/585 [00:02:49<00:06:42,  1.02it/s, loss=0.0291]
Epoch 7:  31%|###.......| 179/585 [00:02:54<00:06:35,  1.03it/s, loss=0.0290]
Epoch 7:  32%|###.......| 185/585 [00:02:59<00:06:28,  1.03it/s, loss=0.0288]
Epoch 7:  33%|###.......| 191/585 [00:03:05<00:06:21,  1.03it/s, loss=0.0286]
Epoch 7:  34%|###.......| 197/585 [00:03:10<00:06:15,  1.03it/s, loss=0.0285]
Epoch 7:  35%|###.......| 203/585 [00:03:15<00:06:08,  1.04it/s, loss=0.0285]
Epoch 7:  36%|###.......| 209/585 [00:03:21<00:06:01,  1.04it/s, loss=0.0284]
Epoch 7:  37%|###.......| 214/585 [00:03:26<00:05:57,  1.04it/s, loss=0.0285]
Epoch 7:  37%|###.......| 219/585 [00:03:31<00:05:53,  1.03it/s, loss=0.0287]
Epoch 7:  38%|###.......| 225/585 [00:03:37<00:05:47,  1.04it/s, loss=0.0286]
Epoch 7:  39%|###.......| 230/585 [00:03:42<00:05:43,  1.03it/s, loss=0.0287]
Epoch 7:  40%|####......| 236/585 [00:03:48<00:05:38,  1.03it/s, loss=0.0286]
Epoch 7:  41%|####......| 241/585 [00:03:53<00:05:33,  1.03it/s, loss=0.0288]
Epoch 7:  42%|####......| 247/585 [00:03:59<00:05:27,  1.03it/s, loss=0.0288]
Epoch 7:  43%|####......| 252/585 [00:04:04<00:05:23,  1.03it/s, loss=0.0287]
Epoch 7:  44%|####......| 258/585 [00:04:09<00:05:16,  1.03it/s, loss=0.0287]
Epoch 7:  45%|####......| 264/585 [00:04:15<00:05:10,  1.03it/s, loss=0.0286]
Epoch 7:  46%|####......| 269/585 [00:04:20<00:05:06,  1.03it/s, loss=0.0286]
Epoch 7:  47%|####......| 274/585 [00:04:25<00:05:01,  1.03it/s, loss=0.0286]
Epoch 7:  48%|####......| 280/585 [00:04:31<00:04:55,  1.03it/s, loss=0.0286]
Epoch 7:  49%|####......| 286/585 [00:04:37<00:04:49,  1.03it/s, loss=0.0294]
Epoch 7:  50%|####......| 292/585 [00:04:42<00:04:43,  1.03it/s, loss=0.0294]
Epoch 7:  51%|#####.....| 298/585 [00:04:48<00:04:37,  1.03it/s, loss=0.0293]
Epoch 7:  52%|#####.....| 303/585 [00:04:53<00:04:32,  1.03it/s, loss=0.0292]
Epoch 7:  53%|#####.....| 309/585 [00:04:58<00:04:26,  1.04it/s, loss=0.0292]
Epoch 7:  54%|#####.....| 314/585 [00:05:03<00:04:22,  1.03it/s, loss=0.0291]
Epoch 7:  55%|#####.....| 320/585 [00:05:09<00:04:16,  1.03it/s, loss=0.0291]
Epoch 7:  56%|#####.....| 325/585 [00:05:14<00:04:11,  1.03it/s, loss=0.0291]
Epoch 7:  57%|#####.....| 331/585 [00:05:20<00:04:05,  1.03it/s, loss=0.0290]
Epoch 7:  58%|#####.....| 337/585 [00:05:26<00:03:59,  1.03it/s, loss=0.0290]
Epoch 7:  59%|#####.....| 343/585 [00:05:32<00:03:54,  1.03it/s, loss=0.0290]
Epoch 7:  60%|#####.....| 349/585 [00:05:37<00:03:48,  1.03it/s, loss=0.0289]
Epoch 7:  61%|######....| 355/585 [00:05:42<00:03:42,  1.04it/s, loss=0.0289]
Epoch 7:  62%|######....| 361/585 [00:05:48<00:03:36,  1.04it/s, loss=0.0289]
Epoch 7:  63%|######....| 367/585 [00:05:53<00:03:30,  1.04it/s, loss=0.0289]
Epoch 7:  64%|######....| 372/585 [00:05:59<00:03:25,  1.03it/s, loss=0.0288]
Epoch 7:  64%|######....| 377/585 [00:06:05<00:03:21,  1.03it/s, loss=0.0288]
Epoch 7:  65%|######....| 383/585 [00:06:11<00:03:16,  1.03it/s, loss=0.0287]
Epoch 7:  66%|######....| 389/585 [00:06:17<00:03:10,  1.03it/s, loss=0.0286]
Epoch 7:  68%|######....| 395/585 [00:06:23<00:03:04,  1.03it/s, loss=0.0285]
Epoch 7:  69%|######....| 401/585 [00:06:28<00:02:58,  1.03it/s, loss=0.0285]
Epoch 7:  69%|######....| 405/585 [00:06:33<00:02:54,  1.03it/s, loss=0.0285]
Epoch 7:  70%|#######...| 410/585 [00:06:39<00:02:50,  1.03it/s, loss=0.0285]
Epoch 7:  71%|#######...| 415/585 [00:06:44<00:02:45,  1.03it/s, loss=0.0286]
Epoch 7:  72%|#######...| 421/585 [00:06:50<00:02:40,  1.02it/s, loss=0.0287]
Epoch 7:  73%|#######...| 427/585 [00:06:56<00:02:34,  1.03it/s, loss=0.0286]
Epoch 7:  74%|#######...| 432/585 [00:07:01<00:02:29,  1.02it/s, loss=0.0285]
Epoch 7:  75%|#######...| 438/585 [00:07:07<00:02:23,  1.02it/s, loss=0.0284]
Epoch 7:  76%|#######...| 443/585 [00:07:12<00:02:18,  1.02it/s, loss=0.0284]
Epoch 7:  77%|#######...| 449/585 [00:07:18<00:02:12,  1.02it/s, loss=0.0283]
Epoch 7:  78%|#######...| 455/585 [00:07:23<00:02:06,  1.03it/s, loss=0.0283]
Epoch 7:  79%|#######...| 460/585 [00:07:29<00:02:02,  1.02it/s, loss=0.0283]
Epoch 7:  80%|#######...| 466/585 [00:07:34<00:01:56,  1.03it/s, loss=0.0283]
Epoch 7:  81%|########..| 472/585 [00:07:40<00:01:50,  1.03it/s, loss=0.0282]
Epoch 7:  82%|########..| 477/585 [00:07:45<00:01:45,  1.02it/s, loss=0.0283]
Epoch 7:  83%|########..| 483/585 [00:07:51<00:01:39,  1.02it/s, loss=0.0283]
Epoch 7:  84%|########..| 489/585 [00:07:56<00:01:33,  1.03it/s, loss=0.0283]
Epoch 7:  85%|########..| 495/585 [00:08:03<00:01:27,  1.02it/s, loss=0.0284]
Epoch 7:  86%|########..| 501/585 [00:08:08<00:01:21,  1.03it/s, loss=0.0283]
Epoch 7:  87%|########..| 507/585 [00:08:14<00:01:16,  1.03it/s, loss=0.0283]
Epoch 7:  88%|########..| 513/585 [00:08:20<00:01:10,  1.03it/s, loss=0.0283]
Epoch 7:  89%|########..| 518/585 [00:08:25<00:01:05,  1.02it/s, loss=0.0283]
Epoch 7:  89%|########..| 523/585 [00:08:30<00:01:00,  1.02it/s, loss=0.0282]
Epoch 7:  90%|#########.| 529/585 [00:08:36<00:00:54,  1.02it/s, loss=0.0282]
Epoch 7:  91%|#########.| 535/585 [00:08:41<00:00:48,  1.03it/s, loss=0.0282]
Epoch 7:  92%|#########.| 541/585 [00:08:47<00:00:42,  1.03it/s, loss=0.0282]
Epoch 7:  94%|#########.| 547/585 [00:08:54<00:00:37,  1.02it/s, loss=0.0283]
Epoch 7:  94%|#########.| 552/585 [00:08:59<00:00:32,  1.02it/s, loss=0.0282]
Epoch 7:  95%|#########.| 557/585 [00:09:04<00:00:27,  1.02it/s, loss=0.0282]
Epoch 7:  96%|#########.| 563/585 [00:09:10<00:00:21,  1.02it/s, loss=0.0282]
Epoch 7:  97%|#########.| 569/585 [00:09:15<00:00:15,  1.02it/s, loss=0.0282]
Epoch 7:  98%|#########.| 574/585 [00:09:21<00:00:10,  1.02it/s, loss=0.0281]
Epoch 7:  99%|#########.| 580/585 [00:09:27<00:00:04,  1.02it/s, loss=0.0281]
Epoch 7: 100%|##########| 585/585 [00:09:31<00:00:00,  1.02it/s, loss=0.0281]
Test loss: 0.0270, Test rmsae: 8.39deg
{"event": "epoch_complete", "epoch": 7, "phase": 1, "lr": 0.0001, "batch_size": 1, "micro_batch_size": 1, "train_loss": 0.02810308606737954, "val_loss": 0.026977837609592825, "val_rmsae_deg": 8.392726436257362, "epoch_time_s": 571.9218059499999}
{"event": "checkpoint_saved", "tag": "best_rmsae", "epoch": 7, "path": "IFAN_Edge/outputs/stage3/ifan_stage3_long80_freqblock_paper_original_20260426_155330/checkpoints/best_rmsae.pt", "val_rmsae_deg": 8.392726436257362}
Epoch 8/80:
Epoch 8:   1%|..........| 6/585 [00:00:05<00:09:03,  1.06it/s, loss=0.0278]
Epoch 8:   2%|..........| 12/585 [00:00:12<00:09:38,  0.99it/s, loss=0.0278]
Epoch 8:   3%|..........| 17/585 [00:00:17<00:09:40,  0.98it/s, loss=0.0271]
Epoch 8:   4%|..........| 23/585 [00:00:22<00:09:20,  1.00it/s, loss=0.0272]
Epoch 8:   5%|..........| 29/585 [00:00:28<00:09:06,  1.02it/s, loss=0.0276]
Epoch 8:   6%|..........| 34/585 [00:00:33<00:09:04,  1.01it/s, loss=0.0274]
Epoch 8:   7%|..........| 40/585 [00:00:38<00:08:47,  1.03it/s, loss=0.0270]
Epoch 8:   8%|..........| 46/585 [00:00:43<00:08:32,  1.05it/s, loss=0.0269]
Epoch 8:   9%|..........| 51/585 [00:00:49<00:08:37,  1.03it/s, loss=0.0275]
Epoch 8:  10%|..........| 57/585 [00:00:54<00:08:25,  1.05it/s, loss=0.0274]
Epoch 8:  11%|#.........| 63/585 [00:01:00<00:08:19,  1.04it/s, loss=0.0273]
Epoch 8:  12%|#.........| 69/585 [00:01:05<00:08:13,  1.05it/s, loss=0.0273]
Epoch 8:  13%|#.........| 75/585 [00:01:11<00:08:07,  1.05it/s, loss=0.0275]
Epoch 8:  14%|#.........| 81/585 [00:01:17<00:07:59,  1.05it/s, loss=0.0273]
Epoch 8:  15%|#.........| 86/585 [00:01:22<00:07:59,  1.04it/s, loss=0.0274]
Epoch 8:  16%|#.........| 92/585 [00:01:28<00:07:52,  1.04it/s, loss=0.0273]
Epoch 8:  17%|#.........| 98/585 [00:01:33<00:07:45,  1.05it/s, loss=0.0275]
Epoch 8:  18%|#.........| 103/585 [00:01:39<00:07:45,  1.04it/s, loss=0.0275]
Epoch 8:  18%|#.........| 108/585 [00:01:45<00:07:44,  1.03it/s, loss=0.0274]
Epoch 8:  19%|#.........| 113/585 [00:01:50<00:07:40,  1.03it/s, loss=0.0274]
Epoch 8:  20%|##........| 119/585 [00:01:56<00:07:36,  1.02it/s, loss=0.0273]
Epoch 8:  21%|##........| 125/585 [00:02:02<00:07:30,  1.02it/s, loss=0.0276]
Epoch 8:  22%|##........| 131/585 [00:02:08<00:07:24,  1.02it/s, loss=0.0274]
Epoch 8:  23%|##........| 137/585 [00:02:13<00:07:16,  1.03it/s, loss=0.0273]
Epoch 8:  24%|##........| 142/585 [00:02:18<00:07:12,  1.02it/s, loss=0.0273]
Epoch 8:  25%|##........| 148/585 [00:02:24<00:07:06,  1.02it/s, loss=0.0273]
Epoch 8:  26%|##........| 154/585 [00:02:29<00:06:59,  1.03it/s, loss=0.0274]
Epoch 8:  27%|##........| 160/585 [00:02:35<00:06:51,  1.03it/s, loss=0.0274]
Epoch 8:  28%|##........| 166/585 [00:02:40<00:06:45,  1.03it/s, loss=0.0274]
Epoch 8:  29%|##........| 172/585 [00:02:46<00:06:40,  1.03it/s, loss=0.0275]
Epoch 8:  30%|###.......| 178/585 [00:02:52<00:06:34,  1.03it/s, loss=0.0274]
Epoch 8:  31%|###.......| 184/585 [00:02:57<00:06:27,  1.03it/s, loss=0.0274]
Epoch 8:  32%|###.......| 190/585 [00:03:03<00:06:22,  1.03it/s, loss=0.0272]
Epoch 8:  33%|###.......| 195/585 [00:03:09<00:06:19,  1.03it/s, loss=0.0273]
Epoch 8:  34%|###.......| 201/585 [00:03:15<00:06:13,  1.03it/s, loss=0.0271]
Epoch 8:  35%|###.......| 207/585 [00:03:20<00:06:06,  1.03it/s, loss=0.0270]
Epoch 8:  36%|###.......| 212/585 [00:03:25<00:06:02,  1.03it/s, loss=0.0271]
Epoch 8:  37%|###.......| 218/585 [00:03:31<00:05:55,  1.03it/s, loss=0.0271]
Epoch 8:  38%|###.......| 224/585 [00:03:37<00:05:49,  1.03it/s, loss=0.0272]
Epoch 8:  39%|###.......| 230/585 [00:03:43<00:05:45,  1.03it/s, loss=0.0271]
Epoch 8:  40%|####......| 236/585 [00:03:49<00:05:39,  1.03it/s, loss=0.0270]
Epoch 8:  41%|####......| 242/585 [00:03:54<00:05:32,  1.03it/s, loss=0.0270]
Epoch 8:  42%|####......| 248/585 [00:04:00<00:05:27,  1.03it/s, loss=0.0270]
Epoch 8:  43%|####......| 254/585 [00:04:06<00:05:21,  1.03it/s, loss=0.0269]
Epoch 8:  44%|####......| 260/585 [00:04:12<00:05:15,  1.03it/s, loss=0.0269]
Epoch 8:  45%|####......| 265/585 [00:04:17<00:05:11,  1.03it/s, loss=0.0269]
Epoch 8:  46%|####......| 271/585 [00:04:23<00:05:05,  1.03it/s, loss=0.0269]
Epoch 8:  47%|####......| 277/585 [00:04:28<00:04:58,  1.03it/s, loss=0.0268]
Epoch 8:  48%|####......| 283/585 [00:04:34<00:04:53,  1.03it/s, loss=0.0268]
Epoch 8:  49%|####......| 288/585 [00:04:40<00:04:49,  1.03it/s, loss=0.0269]
Epoch 8:  50%|#####.....| 293/585 [00:04:45<00:04:44,  1.03it/s, loss=0.0269]
Epoch 8:  51%|#####.....| 299/585 [00:04:51<00:04:38,  1.03it/s, loss=0.0269]
Epoch 8:  52%|#####.....| 305/585 [00:04:56<00:04:32,  1.03it/s, loss=0.0268]
Epoch 8:  53%|#####.....| 310/585 [00:05:01<00:04:27,  1.03it/s, loss=0.0267]
Epoch 8:  54%|#####.....| 315/585 [00:05:06<00:04:22,  1.03it/s, loss=0.0267]
Epoch 8:  55%|#####.....| 320/585 [00:05:11<00:04:18,  1.03it/s, loss=0.0267]
Epoch 8:  56%|#####.....| 325/585 [00:05:16<00:04:13,  1.03it/s, loss=0.0267]
Epoch 8:  56%|#####.....| 330/585 [00:05:22<00:04:08,  1.02it/s, loss=0.0267]
Epoch 8:  57%|#####.....| 335/585 [00:05:27<00:04:04,  1.02it/s, loss=0.0266]
Epoch 8:  58%|#####.....| 341/585 [00:05:33<00:03:58,  1.02it/s, loss=0.0266]
Epoch 8:  59%|#####.....| 346/585 [00:05:38<00:03:53,  1.02it/s, loss=0.0266]
Epoch 8:  60%|######....| 352/585 [00:05:43<00:03:47,  1.02it/s, loss=0.0267]
Epoch 8:  61%|######....| 358/585 [00:05:49<00:03:41,  1.03it/s, loss=0.0266]
Epoch 8:  62%|######....| 364/585 [00:05:54<00:03:35,  1.03it/s, loss=0.0266]
Epoch 8:  63%|######....| 369/585 [00:05:59<00:03:30,  1.03it/s, loss=0.0266]
Epoch 8:  64%|######....| 374/585 [00:06:05<00:03:26,  1.02it/s, loss=0.0267]
Epoch 8:  65%|######....| 380/585 [00:06:10<00:03:20,  1.02it/s, loss=0.0268]
Epoch 8:  66%|######....| 385/585 [00:06:16<00:03:15,  1.02it/s, loss=0.0267]
Epoch 8:  67%|######....| 391/585 [00:06:22<00:03:09,  1.02it/s, loss=0.0267]
Epoch 8:  68%|######....| 396/585 [00:06:27<00:03:04,  1.02it/s, loss=0.0268]
Epoch 8:  69%|######....| 401/585 [00:06:32<00:03:00,  1.02it/s, loss=0.0268]
Epoch 8:  70%|######....| 407/585 [00:06:38<00:02:54,  1.02it/s, loss=0.0269]
Epoch 8:  70%|#######...| 412/585 [00:06:43<00:02:49,  1.02it/s, loss=0.0270]
Epoch 8:  71%|#######...| 418/585 [00:06:49<00:02:43,  1.02it/s, loss=0.0270]
Epoch 8:  72%|#######...| 423/585 [00:06:54<00:02:38,  1.02it/s, loss=0.0269]
Epoch 8:  73%|#######...| 428/585 [00:07:00<00:02:34,  1.02it/s, loss=0.0269]
Epoch 8:  74%|#######...| 432/585 [00:07:05<00:02:30,  1.02it/s, loss=0.0269]
Epoch 8:  75%|#######...| 437/585 [00:07:10<00:02:25,  1.01it/s, loss=0.0269]
Epoch 8:  76%|#######...| 443/585 [00:07:16<00:02:19,  1.01it/s, loss=0.0269]
Epoch 8:  77%|#######...| 449/585 [00:07:22<00:02:14,  1.01it/s, loss=0.0270]
Epoch 8:  78%|#######...| 455/585 [00:07:28<00:02:08,  1.01it/s, loss=0.0270]
Epoch 8:  79%|#######...| 461/585 [00:07:33<00:02:02,  1.02it/s, loss=0.0269]
Epoch 8:  80%|#######...| 467/585 [00:07:39<00:01:56,  1.02it/s, loss=0.0269]
Epoch 8:  81%|########..| 472/585 [00:07:44<00:01:51,  1.02it/s, loss=0.0269]
Epoch 8:  82%|########..| 477/585 [00:07:50<00:01:46,  1.01it/s, loss=0.0270]
Epoch 8:  83%|########..| 483/585 [00:07:56<00:01:40,  1.01it/s, loss=0.0270]
Epoch 8:  84%|########..| 489/585 [00:08:01<00:01:34,  1.02it/s, loss=0.0270]
Epoch 8:  84%|########..| 494/585 [00:08:06<00:01:29,  1.01it/s, loss=0.0271]
Epoch 8:  85%|########..| 500/585 [00:08:12<00:01:23,  1.02it/s, loss=0.0272]
Epoch 8:  86%|########..| 505/585 [00:08:17<00:01:18,  1.01it/s, loss=0.0272]
Epoch 8:  87%|########..| 511/585 [00:08:22<00:01:12,  1.02it/s, loss=0.0272]
Epoch 8:  88%|########..| 516/585 [00:08:28<00:01:07,  1.02it/s, loss=0.0271]
Epoch 8:  89%|########..| 521/585 [00:08:33<00:01:03,  1.02it/s, loss=0.0271]
Epoch 8:  90%|########..| 526/585 [00:08:39<00:00:58,  1.01it/s, loss=0.0271]
Epoch 8:  91%|#########.| 532/585 [00:08:44<00:00:52,  1.01it/s, loss=0.0271]
Epoch 8:  92%|#########.| 537/585 [00:08:50<00:00:47,  1.01it/s, loss=0.0271]
Epoch 8:  93%|#########.| 542/585 [00:08:55<00:00:42,  1.01it/s, loss=0.0270]
Epoch 8:  94%|#########.| 547/585 [00:09:00<00:00:37,  1.01it/s, loss=0.0270]
Epoch 8:  95%|#########.| 553/585 [00:09:06<00:00:31,  1.01it/s, loss=0.0270]
Epoch 8:  96%|#########.| 559/585 [00:09:12<00:00:25,  1.01it/s, loss=0.0270]
Epoch 8:  96%|#########.| 564/585 [00:09:17<00:00:20,  1.01it/s, loss=0.0270]
Epoch 8:  97%|#########.| 569/585 [00:09:22<00:00:15,  1.01it/s, loss=0.0271]
Epoch 8:  98%|#########.| 574/585 [00:09:27<00:00:10,  1.01it/s, loss=0.0270]
Epoch 8:  99%|#########.| 579/585 [00:09:33<00:00:05,  1.01it/s, loss=0.0270]
Epoch 8: 100%|#########.| 584/585 [00:09:38<00:00:00,  1.01it/s, loss=0.0270]
Epoch 8: 100%|##########| 585/585 [00:09:39<00:00:00,  1.01it/s, loss=0.0270]
Test loss: 0.0274, Test rmsae: 9.27deg
{"event": "epoch_complete", "epoch": 8, "phase": 1, "lr": 0.0001, "batch_size": 1, "micro_batch_size": 1, "train_loss": 0.02702395668428423, "val_loss": 0.027369414980057627, "val_rmsae_deg": 9.26926040649414, "epoch_time_s": 580.3873335050002}
Epoch 9/80:
Epoch 9:   1%|..........| 6/585 [00:00:05<00:09:10,  1.05it/s, loss=0.0268]
Epoch 9:   2%|..........| 12/585 [00:00:10<00:08:42,  1.10it/s, loss=0.0264]
Epoch 9:   3%|..........| 16/585 [00:00:16<00:09:49,  0.96it/s, loss=0.0281]
Epoch 9:   4%|..........| 21/585 [00:00:21<00:09:44,  0.97it/s, loss=0.0277]
Epoch 9:   4%|..........| 26/585 [00:00:26<00:09:35,  0.97it/s, loss=0.0267]
Epoch 9:   5%|..........| 31/585 [00:00:32<00:09:36,  0.96it/s, loss=0.0268]
Epoch 9:   6%|..........| 37/585 [00:00:37<00:09:19,  0.98it/s, loss=0.0264]
Epoch 9:   7%|..........| 43/585 [00:00:43<00:09:06,  0.99it/s, loss=0.0269]
Epoch 9:   8%|..........| 49/585 [00:00:50<00:09:14,  0.97it/s, loss=0.0272]
Epoch 9:   9%|..........| 55/585 [00:00:56<00:09:04,  0.97it/s, loss=0.0272]
Epoch 9:  10%|#.........| 61/585 [00:01:02<00:08:55,  0.98it/s, loss=0.0269]
Epoch 9:  11%|#.........| 67/585 [00:01:07<00:08:45,  0.99it/s, loss=0.0269]
Epoch 9:  12%|#.........| 72/585 [00:01:13<00:08:40,  0.99it/s, loss=0.0269]
Epoch 9:  13%|#.........| 78/585 [00:01:18<00:08:31,  0.99it/s, loss=0.0267]
Epoch 9:  14%|#.........| 84/585 [00:01:24<00:08:22,  1.00it/s, loss=0.0267]
Epoch 9:  15%|#.........| 90/585 [00:01:30<00:08:15,  1.00it/s, loss=0.0268]
Epoch 9:  16%|#.........| 96/585 [00:01:35<00:08:04,  1.01it/s, loss=0.0265]
Epoch 9:  17%|#.........| 101/585 [00:01:40<00:08:01,  1.01it/s, loss=0.0265]
Epoch 9:  18%|#.........| 106/585 [00:01:45<00:07:56,  1.00it/s, loss=0.0265]
Epoch 9:  19%|#.........| 112/585 [00:01:51<00:07:50,  1.01it/s, loss=0.0265]
Epoch 9:  20%|##........| 118/585 [00:01:56<00:07:41,  1.01it/s, loss=0.0266]
Epoch 9:  21%|##........| 124/585 [00:02:02<00:07:35,  1.01it/s, loss=0.0264]
Epoch 9:  22%|##........| 130/585 [00:02:08<00:07:28,  1.01it/s, loss=0.0264]
Epoch 9:  23%|##........| 135/585 [00:02:13<00:07:24,  1.01it/s, loss=0.0262]
Epoch 9:  24%|##........| 141/585 [00:02:18<00:07:17,  1.02it/s, loss=0.0263]
Epoch 9:  25%|##........| 147/585 [00:02:24<00:07:09,  1.02it/s, loss=0.0261]
Epoch 9:  26%|##........| 153/585 [00:02:29<00:07:03,  1.02it/s, loss=0.0259]
Epoch 9:  27%|##........| 159/585 [00:02:35<00:06:57,  1.02it/s, loss=0.0263]
Epoch 9:  28%|##........| 165/585 [00:02:41<00:06:51,  1.02it/s, loss=0.0263]
Epoch 9:  29%|##........| 168/585 [00:02:46<00:06:53,  1.01it/s, loss=0.0268]
Epoch 9:  30%|##........| 174/585 [00:02:52<00:06:46,  1.01it/s, loss=0.0268]
Epoch 9:  31%|###.......| 180/585 [00:02:57<00:06:40,  1.01it/s, loss=0.0269]
Epoch 9:  32%|###.......| 186/585 [00:03:03<00:06:32,  1.02it/s, loss=0.0268]
Epoch 9:  33%|###.......| 192/585 [00:03:08<00:06:26,  1.02it/s, loss=0.0267]
Epoch 9:  34%|###.......| 197/585 [00:03:14<00:06:22,  1.01it/s, loss=0.0266]
Epoch 9:  35%|###.......| 203/585 [00:03:19<00:06:15,  1.02it/s, loss=0.0265]
Epoch 9:  36%|###.......| 208/585 [00:03:24<00:06:11,  1.01it/s, loss=0.0269]
Epoch 9:  37%|###.......| 214/585 [00:03:30<00:06:05,  1.02it/s, loss=0.0267]
Epoch 9:  38%|###.......| 220/585 [00:03:36<00:05:59,  1.01it/s, loss=0.0267]
Epoch 9:  39%|###.......| 226/585 [00:03:42<00:05:53,  1.02it/s, loss=0.0266]
Epoch 9:  39%|###.......| 231/585 [00:03:48<00:05:49,  1.01it/s, loss=0.0265]
Epoch 9:  41%|####......| 237/585 [00:03:53<00:05:43,  1.01it/s, loss=0.0265]
Epoch 9:  42%|####......| 243/585 [00:03:59<00:05:36,  1.02it/s, loss=0.0265]
Epoch 9:  42%|####......| 248/585 [00:04:04<00:05:31,  1.02it/s, loss=0.0265]
Epoch 9:  43%|####......| 254/585 [00:04:10<00:05:26,  1.01it/s, loss=0.0266]
Epoch 9:  44%|####......| 259/585 [00:04:16<00:05:22,  1.01it/s, loss=0.0266]
Epoch 9:  45%|####......| 264/585 [00:04:21<00:05:17,  1.01it/s, loss=0.0266]
Epoch 9:  46%|####......| 270/585 [00:04:26<00:05:11,  1.01it/s, loss=0.0266]
Epoch 9:  47%|####......| 276/585 [00:04:32<00:05:05,  1.01it/s, loss=0.0265]
Epoch 9:  48%|####......| 282/585 [00:04:37<00:04:58,  1.01it/s, loss=0.0264]
Epoch 9:  49%|####......| 288/585 [00:04:43<00:04:52,  1.01it/s, loss=0.0264]
Epoch 9:  50%|#####.....| 294/585 [00:04:49<00:04:46,  1.02it/s, loss=0.0264]
Epoch 9:  51%|#####.....| 300/585 [00:04:54<00:04:40,  1.02it/s, loss=0.0264]
Epoch 9:  52%|#####.....| 305/585 [00:04:59<00:04:35,  1.02it/s, loss=0.0264]
Epoch 9:  53%|#####.....| 311/585 [00:05:06<00:04:29,  1.02it/s, loss=0.0266]
Epoch 9:  54%|#####.....| 317/585 [00:05:11<00:04:23,  1.02it/s, loss=0.0265]
Epoch 9:  55%|#####.....| 322/585 [00:05:17<00:04:19,  1.02it/s, loss=0.0266]
Epoch 9:  56%|#####.....| 328/585 [00:05:22<00:04:12,  1.02it/s, loss=0.0268]
Epoch 9:  57%|#####.....| 333/585 [00:05:27<00:04:08,  1.02it/s, loss=0.0267]
Epoch 9:  58%|#####.....| 339/585 [00:05:33<00:04:01,  1.02it/s, loss=0.0268]
Epoch 9:  59%|#####.....| 345/585 [00:05:38<00:03:55,  1.02it/s, loss=0.0269]
Epoch 9:  60%|######....| 351/585 [00:05:44<00:03:49,  1.02it/s, loss=0.0268]
Epoch 9:  61%|######....| 357/585 [00:05:49<00:03:43,  1.02it/s, loss=0.0268]
Epoch 9:  62%|######....| 363/585 [00:05:54<00:03:36,  1.02it/s, loss=0.0267]
Epoch 9:  63%|######....| 369/585 [00:06:00<00:03:30,  1.02it/s, loss=0.0267]
Epoch 9:  64%|######....| 373/585 [00:06:05<00:03:27,  1.02it/s, loss=0.0267]
Epoch 9:  65%|######....| 378/585 [00:06:11<00:03:23,  1.02it/s, loss=0.0267]
Epoch 9:  65%|######....| 383/585 [00:06:16<00:03:18,  1.02it/s, loss=0.0267]
Epoch 9:  66%|######....| 388/585 [00:06:21<00:03:13,  1.02it/s, loss=0.0268]
Epoch 9:  67%|######....| 394/585 [00:06:27<00:03:08,  1.02it/s, loss=0.0268]
Epoch 9:  68%|######....| 399/585 [00:06:32<00:03:03,  1.02it/s, loss=0.0268]
Epoch 9:  69%|######....| 404/585 [00:06:38<00:02:58,  1.01it/s, loss=0.0268]
Epoch 9:  70%|#######...| 410/585 [00:06:43<00:02:52,  1.02it/s, loss=0.0267]
Epoch 9:  71%|#######...| 415/585 [00:06:48<00:02:47,  1.01it/s, loss=0.0267]
Epoch 9:  72%|#######...| 421/585 [00:06:54<00:02:41,  1.02it/s, loss=0.0267]
Epoch 9:  73%|#######...| 426/585 [00:07:00<00:02:37,  1.01it/s, loss=0.0267]
Epoch 9:  74%|#######...| 431/585 [00:07:05<00:02:32,  1.01it/s, loss=0.0267]
Epoch 9:  75%|#######...| 437/585 [00:07:11<00:02:25,  1.01it/s, loss=0.0267]
Epoch 9:  76%|#######...| 443/585 [00:07:16<00:02:19,  1.01it/s, loss=0.0266]
Epoch 9:  77%|#######...| 448/585 [00:07:22<00:02:15,  1.01it/s, loss=0.0267]
Epoch 9:  77%|#######...| 453/585 [00:07:27<00:02:10,  1.01it/s, loss=0.0267]
Epoch 9:  78%|#######...| 459/585 [00:07:33<00:02:04,  1.01it/s, loss=0.0267]
Epoch 9:  79%|#######...| 465/585 [00:07:39<00:01:58,  1.01it/s, loss=0.0266]
Epoch 9:  81%|########..| 471/585 [00:07:44<00:01:52,  1.01it/s, loss=0.0266]
Epoch 9:  82%|########..| 477/585 [00:07:50<00:01:46,  1.01it/s, loss=0.0266]
Epoch 9:  83%|########..| 483/585 [00:07:55<00:01:40,  1.01it/s, loss=0.0265]
Epoch 9:  83%|########..| 488/585 [00:08:01<00:01:35,  1.01it/s, loss=0.0265]
Epoch 9:  84%|########..| 494/585 [00:08:06<00:01:29,  1.02it/s, loss=0.0266]
Epoch 9:  85%|########..| 500/585 [00:08:12<00:01:23,  1.02it/s, loss=0.0265]
Epoch 9:  86%|########..| 505/585 [00:08:17<00:01:18,  1.01it/s, loss=0.0265]
Epoch 9:  87%|########..| 511/585 [00:08:23<00:01:12,  1.02it/s, loss=0.0265]
Epoch 9:  88%|########..| 516/585 [00:08:28<00:01:08,  1.01it/s, loss=0.0266]
Epoch 9:  89%|########..| 522/585 [00:08:34<00:01:02,  1.01it/s, loss=0.0266]
Epoch 9:  90%|#########.| 528/585 [00:08:40<00:00:56,  1.01it/s, loss=0.0266]
Epoch 9:  91%|#########.| 534/585 [00:08:46<00:00:50,  1.02it/s, loss=0.0266]
Epoch 9:  92%|#########.| 540/585 [00:08:51<00:00:44,  1.02it/s, loss=0.0266]
Epoch 9:  93%|#########.| 546/585 [00:08:57<00:00:38,  1.02it/s, loss=0.0266]
Epoch 9:  94%|#########.| 551/585 [00:09:03<00:00:33,  1.01it/s, loss=0.0266]
Epoch 9:  95%|#########.| 556/585 [00:09:08<00:00:28,  1.01it/s, loss=0.0266]
Epoch 9:  96%|#########.| 561/585 [00:09:14<00:00:23,  1.01it/s, loss=0.0266]
Epoch 9:  97%|#########.| 567/585 [00:09:19<00:00:17,  1.01it/s, loss=0.0266]
Epoch 9:  98%|#########.| 572/585 [00:09:25<00:00:12,  1.01it/s, loss=0.0266]
Epoch 9:  99%|#########.| 577/585 [00:09:30<00:00:07,  1.01it/s, loss=0.0265]
Epoch 9: 100%|#########.| 583/585 [00:09:36<00:00:01,  1.01it/s, loss=0.0265]
Epoch 9: 100%|##########| 585/585 [00:09:38<00:00:00,  1.01it/s, loss=0.0265]
Test loss: 0.0267, Test rmsae: 9.05deg
{"event": "epoch_complete", "epoch": 9, "phase": 1, "lr": 0.0001, "batch_size": 1, "micro_batch_size": 1, "train_loss": 0.026494131544525297, "val_loss": 0.02667106851004064, "val_rmsae_deg": 9.050157368183136, "epoch_time_s": 578.8422053659997}
Epoch 10/80:
Epoch 10:   1%|..........| 5/585 [00:00:05<00:10:14,  0.94it/s, loss=0.0287]
Epoch 10:   2%|..........| 11/585 [00:00:10<00:09:23,  1.02it/s, loss=0.0280]
Epoch 10:   3%|..........| 17/585 [00:00:16<00:09:23,  1.01it/s, loss=0.0265]
Epoch 10:   4%|..........| 23/585 [00:00:22<00:09:11,  1.02it/s, loss=0.0266]
Epoch 10:   5%|..........| 29/585 [00:00:28<00:09:04,  1.02it/s, loss=0.0266]
Epoch 10:   6%|..........| 34/585 [00:00:33<00:09:09,  1.00it/s, loss=0.0261]
Epoch 10:   7%|..........| 40/585 [00:00:39<00:09:03,  1.00it/s, loss=0.0263]
Epoch 10:   8%|..........| 45/585 [00:00:45<00:09:01,  1.00it/s, loss=0.0262]
Epoch 10:   9%|..........| 51/585 [00:00:51<00:08:54,  1.00it/s, loss=0.0261]
Epoch 10:  10%|..........| 56/585 [00:00:56<00:08:50,  1.00it/s, loss=0.0260]
Epoch 10:  11%|#.........| 62/585 [00:01:02<00:08:44,  1.00it/s, loss=0.0259]
Epoch 10:  11%|#.........| 67/585 [00:01:07<00:08:40,  1.00it/s, loss=0.0259]
Epoch 10:  12%|#.........| 72/585 [00:01:12<00:08:39,  0.99it/s, loss=0.0269]
Epoch 10:  13%|#.........| 78/585 [00:01:18<00:08:29,  0.99it/s, loss=0.0267]
Epoch 10:  14%|#.........| 84/585 [00:01:24<00:08:22,  1.00it/s, loss=0.0265]
Epoch 10:  15%|#.........| 89/585 [00:01:29<00:08:18,  0.99it/s, loss=0.0263]
Epoch 10:  16%|#.........| 95/585 [00:01:34<00:08:09,  1.00it/s, loss=0.0260]
Epoch 10:  17%|#.........| 100/585 [00:01:40<00:08:05,  1.00it/s, loss=0.0263]
Epoch 10:  18%|#.........| 105/585 [00:01:45<00:08:02,  0.99it/s, loss=0.0261]
Epoch 10:  19%|#.........| 110/585 [00:01:51<00:07:59,  0.99it/s, loss=0.0260]
Epoch 10:  20%|#.........| 116/585 [00:01:56<00:07:51,  0.99it/s, loss=0.0260]
Epoch 10:  21%|##........| 122/585 [00:02:02<00:07:45,  1.00it/s, loss=0.0259]
Epoch 10:  22%|##........| 127/585 [00:02:08<00:07:42,  0.99it/s, loss=0.0260]
Epoch 10:  23%|##........| 133/585 [00:02:13<00:07:33,  1.00it/s, loss=0.0259]
Epoch 10:  24%|##........| 139/585 [00:02:18<00:07:25,  1.00it/s, loss=0.0258]
Epoch 10:  25%|##........| 145/585 [00:02:24<00:07:17,  1.00it/s, loss=0.0258]
Epoch 10:  26%|##........| 151/585 [00:02:30<00:07:11,  1.01it/s, loss=0.0260]
Epoch 10:  27%|##........| 157/585 [00:02:35<00:07:04,  1.01it/s, loss=0.0259]
Epoch 10:  28%|##........| 163/585 [00:02:41<00:06:57,  1.01it/s, loss=0.0260]
Epoch 10:  29%|##........| 168/585 [00:02:46<00:06:53,  1.01it/s, loss=0.0260]
Epoch 10:  30%|##........| 174/585 [00:02:52<00:06:46,  1.01it/s, loss=0.0260]
Epoch 10:  31%|###.......| 179/585 [00:02:57<00:06:42,  1.01it/s, loss=0.0260]
Epoch 10:  31%|###.......| 184/585 [00:03:02<00:06:37,  1.01it/s, loss=0.0260]
Epoch 10:  32%|###.......| 190/585 [00:03:08<00:06:31,  1.01it/s, loss=0.0260]
Epoch 10:  33%|###.......| 195/585 [00:03:13<00:06:26,  1.01it/s, loss=0.0260]
Epoch 10:  34%|###.......| 201/585 [00:03:18<00:06:20,  1.01it/s, loss=0.0261]
Epoch 10:  35%|###.......| 207/585 [00:03:24<00:06:13,  1.01it/s, loss=0.0261]
Epoch 10:  36%|###.......| 213/585 [00:03:30<00:06:07,  1.01it/s, loss=0.0260]
Epoch 10:  37%|###.......| 219/585 [00:03:36<00:06:01,  1.01it/s, loss=0.0259]
Epoch 10:  38%|###.......| 225/585 [00:03:41<00:05:55,  1.01it/s, loss=0.0258]
Epoch 10:  39%|###.......| 230/585 [00:03:47<00:05:50,  1.01it/s, loss=0.0258]
Epoch 10:  40%|####......| 236/585 [00:03:53<00:05:45,  1.01it/s, loss=0.0257]
Epoch 10:  41%|####......| 242/585 [00:03:59<00:05:39,  1.01it/s, loss=0.0257]
Epoch 10:  42%|####......| 247/585 [00:04:04<00:05:34,  1.01it/s, loss=0.0256]
Epoch 10:  43%|####......| 253/585 [00:04:10<00:05:28,  1.01it/s, loss=0.0256]
Epoch 10:  44%|####......| 259/585 [00:04:15<00:05:21,  1.01it/s, loss=0.0258]
Epoch 10:  45%|####......| 265/585 [00:04:21<00:05:16,  1.01it/s, loss=0.0260]
Epoch 10:  46%|####......| 271/585 [00:04:27<00:05:10,  1.01it/s, loss=0.0259]
Epoch 10:  47%|####......| 276/585 [00:04:33<00:05:05,  1.01it/s, loss=0.0260]
Epoch 10:  48%|####......| 281/585 [00:04:38<00:05:01,  1.01it/s, loss=0.0260]
Epoch 10:  49%|####......| 285/585 [00:04:43<00:04:58,  1.00it/s, loss=0.0263]
Epoch 10:  50%|####......| 290/585 [00:04:49<00:04:54,  1.00it/s, loss=0.0265]
Epoch 10:  51%|#####.....| 296/585 [00:04:55<00:04:48,  1.00it/s, loss=0.0265]
Epoch 10:  52%|#####.....| 302/585 [00:05:01<00:04:42,  1.00it/s, loss=0.0266]
Epoch 10:  53%|#####.....| 308/585 [00:05:07<00:04:36,  1.00it/s, loss=0.0266]
Epoch 10:  54%|#####.....| 313/585 [00:05:12<00:04:31,  1.00it/s, loss=0.0269]
Epoch 10:  55%|#####.....| 319/585 [00:05:18<00:04:25,  1.00it/s, loss=0.0269]
Epoch 10:  55%|#####.....| 324/585 [00:05:23<00:04:20,  1.00it/s, loss=0.0270]
Epoch 10:  56%|#####.....| 330/585 [00:05:29<00:04:14,  1.00it/s, loss=0.0269]
Epoch 10:  57%|#####.....| 335/585 [00:05:34<00:04:09,  1.00it/s, loss=0.0271]
Epoch 10:  58%|#####.....| 340/585 [00:05:39<00:04:04,  1.00it/s, loss=0.0271]
Epoch 10:  59%|#####.....| 345/585 [00:05:44<00:03:59,  1.00it/s, loss=0.0271]
Epoch 10:  60%|######....| 351/585 [00:05:50<00:03:53,  1.00it/s, loss=0.0270]
Epoch 10:  61%|######....| 356/585 [00:05:55<00:03:48,  1.00it/s, loss=0.0270]
Epoch 10:  62%|######....| 360/585 [00:06:00<00:03:45,  1.00it/s, loss=0.0271]
Epoch 10:  63%|######....| 366/585 [00:06:07<00:03:39,  1.00it/s, loss=0.0270]
Epoch 10:  64%|######....| 372/585 [00:06:13<00:03:33,  1.00it/s, loss=0.0270]
Epoch 10:  65%|######....| 378/585 [00:06:19<00:03:27,  1.00it/s, loss=0.0270]
Epoch 10:  65%|######....| 383/585 [00:06:24<00:03:22,  1.00it/s, loss=0.0270]
Epoch 10:  66%|######....| 389/585 [00:06:30<00:03:16,  1.00it/s, loss=0.0269]
Epoch 10:  67%|######....| 394/585 [00:06:35<00:03:11,  1.00it/s, loss=0.0269]
Epoch 10:  68%|######....| 398/585 [00:06:40<00:03:08,  0.99it/s, loss=0.0269]
Epoch 10:  69%|######....| 403/585 [00:06:46<00:03:03,  0.99it/s, loss=0.0269]
Epoch 10:  70%|######....| 409/585 [00:06:52<00:02:57,  0.99it/s, loss=0.0269]
Epoch 10:  71%|#######...| 415/585 [00:06:58<00:02:51,  0.99it/s, loss=0.0269]
Epoch 10:  72%|#######...| 421/585 [00:07:04<00:02:45,  0.99it/s, loss=0.0269]
Epoch 10:  73%|#######...| 426/585 [00:07:09<00:02:40,  0.99it/s, loss=0.0268]
Epoch 10:  74%|#######...| 432/585 [00:07:15<00:02:34,  0.99it/s, loss=0.0268]
Epoch 10:  75%|#######...| 438/585 [00:07:21<00:02:28,  0.99it/s, loss=0.0268]
Epoch 10:  76%|#######...| 443/585 [00:07:26<00:02:23,  0.99it/s, loss=0.0268]
Epoch 10:  77%|#######...| 449/585 [00:07:32<00:02:17,  0.99it/s, loss=0.0268]
Epoch 10:  78%|#######...| 454/585 [00:07:37<00:02:12,  0.99it/s, loss=0.0268]
Epoch 10:  78%|#######...| 458/585 [00:07:42<00:02:08,  0.99it/s, loss=0.0269]
Epoch 10:  79%|#######...| 463/585 [00:07:47<00:02:03,  0.99it/s, loss=0.0269]
Epoch 10:  80%|########..| 468/585 [00:07:52<00:01:58,  0.99it/s, loss=0.0271]
Epoch 10:  81%|########..| 473/585 [00:07:58<00:01:53,  0.99it/s, loss=0.0271]
Epoch 10:  82%|########..| 478/585 [00:08:03<00:01:48,  0.99it/s, loss=0.0271]
Epoch 10:  83%|########..| 484/585 [00:08:08<00:01:42,  0.99it/s, loss=0.0271]
Epoch 10:  84%|########..| 489/585 [00:08:14<00:01:37,  0.99it/s, loss=0.0271]
Epoch 10:  84%|########..| 494/585 [00:08:20<00:01:32,  0.99it/s, loss=0.0271]
Epoch 10:  85%|########..| 500/585 [00:08:26<00:01:26,  0.99it/s, loss=0.0271]
Epoch 10:  86%|########..| 506/585 [00:08:31<00:01:19,  0.99it/s, loss=0.0271]
Epoch 10:  88%|########..| 512/585 [00:08:37<00:01:13,  0.99it/s, loss=0.0271]
Epoch 10:  88%|########..| 517/585 [00:08:43<00:01:08,  0.99it/s, loss=0.0271]
Epoch 10:  89%|########..| 523/585 [00:08:49<00:01:02,  0.99it/s, loss=0.0271]
Epoch 10:  90%|#########.| 527/585 [00:08:54<00:00:58,  0.99it/s, loss=0.0270]
Epoch 10:  91%|#########.| 532/585 [00:09:00<00:00:53,  0.98it/s, loss=0.0271]
Epoch 10:  92%|#########.| 538/585 [00:09:06<00:00:47,  0.98it/s, loss=0.0270]
Epoch 10:  93%|#########.| 542/585 [00:09:11<00:00:43,  0.98it/s, loss=0.0271]
Epoch 10:  94%|#########.| 547/585 [00:09:16<00:00:38,  0.98it/s, loss=0.0270]
Epoch 10:  95%|#########.| 553/585 [00:09:21<00:00:32,  0.98it/s, loss=0.0270]
Epoch 10:  96%|#########.| 559/585 [00:09:27<00:00:26,  0.98it/s, loss=0.0270]
Epoch 10:  97%|#########.| 565/585 [00:09:33<00:00:20,  0.99it/s, loss=0.0270]
Epoch 10:  97%|#########.| 570/585 [00:09:38<00:00:15,  0.99it/s, loss=0.0271]
Epoch 10:  98%|#########.| 575/585 [00:09:43<00:00:10,  0.99it/s, loss=0.0271]
Epoch 10:  99%|#########.| 580/585 [00:09:48<00:00:05,  0.98it/s, loss=0.0272]
Epoch 10: 100%|##########| 585/585 [00:09:53<00:00:00,  0.99it/s, loss=0.0272]
Test loss: 0.0277, Test rmsae: 9.42deg
{"event": "epoch_complete", "epoch": 10, "phase": 1, "lr": 0.0001, "batch_size": 1, "micro_batch_size": 1, "train_loss": 0.027174351880183585, "val_loss": 0.02774197340477258, "val_rmsae_deg": 9.415124461054802, "epoch_time_s": 594.6802848990001}
{"event": "checkpoint_saved", "tag": "epoch_010", "epoch": 10, "path": "IFAN_Edge/outputs/stage3/ifan_stage3_long80_freqblock_paper_original_20260426_155330/checkpoints/epoch_010.pt"}
Epoch 11/80:
Epoch 11:   1%|..........| 5/585 [00:00:05<00:10:26,  0.93it/s, loss=0.0256]
Epoch 11:   2%|..........| 10/585 [00:00:10<00:10:08,  0.94it/s, loss=0.0318]
Epoch 11:   3%|..........| 16/585 [00:00:16<00:09:43,  0.98it/s, loss=0.0299]
Epoch 11:   4%|..........| 21/585 [00:00:22<00:09:58,  0.94it/s, loss=0.0288]
Epoch 11:   4%|..........| 26/585 [00:00:27<00:09:54,  0.94it/s, loss=0.0290]
Epoch 11:   5%|..........| 31/585 [00:00:32<00:09:47,  0.94it/s, loss=0.0281]
Epoch 11:   6%|..........| 36/585 [00:00:37<00:09:37,  0.95it/s, loss=0.0279]
Epoch 11:   7%|..........| 42/585 [00:00:43<00:09:19,  0.97it/s, loss=0.0274]
Epoch 11:   8%|..........| 48/585 [00:00:49<00:09:08,  0.98it/s, loss=0.0275]
Epoch 11:   9%|..........| 53/585 [00:00:54<00:09:06,  0.97it/s, loss=0.0278]
Epoch 11:  10%|..........| 57/585 [00:00:59<00:09:11,  0.96it/s, loss=0.0284]
Epoch 11:  11%|#.........| 63/585 [00:01:04<00:08:56,  0.97it/s, loss=0.0283]
Epoch 11:  12%|#.........| 68/585 [00:01:09<00:08:50,  0.97it/s, loss=0.0280]
Epoch 11:  12%|#.........| 73/585 [00:01:15<00:08:46,  0.97it/s, loss=0.0277]
Epoch 11:  13%|#.........| 77/585 [00:01:20<00:08:53,  0.95it/s, loss=0.0277]
Epoch 11:  14%|#.........| 83/585 [00:01:26<00:08:43,  0.96it/s, loss=0.0274]
Epoch 11:  15%|#.........| 88/585 [00:01:31<00:08:37,  0.96it/s, loss=0.0278]
Epoch 11:  16%|#.........| 94/585 [00:01:38<00:08:32,  0.96it/s, loss=0.0279]
Epoch 11:  17%|#.........| 99/585 [00:01:43<00:08:27,  0.96it/s, loss=0.0276]
Epoch 11:  18%|#.........| 105/585 [00:01:48<00:08:18,  0.96it/s, loss=0.0275]
Epoch 11:  19%|#.........| 111/585 [00:01:54<00:08:08,  0.97it/s, loss=0.0272]
Epoch 11:  20%|##........| 117/585 [00:02:00<00:08:01,  0.97it/s, loss=0.0271]
Epoch 11:  21%|##........| 122/585 [00:02:05<00:07:56,  0.97it/s, loss=0.0270]
Epoch 11:  22%|##........| 128/585 [00:02:11<00:07:49,  0.97it/s, loss=0.0268]
Epoch 11:  23%|##........| 133/585 [00:02:16<00:07:44,  0.97it/s, loss=0.0268]
Epoch 11:  24%|##........| 139/585 [00:02:22<00:07:36,  0.98it/s, loss=0.0267]
Epoch 11:  25%|##........| 144/585 [00:02:27<00:07:31,  0.98it/s, loss=0.0269]
Epoch 11:  26%|##........| 150/585 [00:02:33<00:07:25,  0.98it/s, loss=0.0268]
Epoch 11:  26%|##........| 155/585 [00:02:38<00:07:20,  0.98it/s, loss=0.0268]
Epoch 11:  28%|##........| 161/585 [00:02:44<00:07:13,  0.98it/s, loss=0.0267]
Epoch 11:  28%|##........| 166/585 [00:02:49<00:07:08,  0.98it/s, loss=0.0266]
Epoch 11:  29%|##........| 172/585 [00:02:55<00:07:01,  0.98it/s, loss=0.0265]
Epoch 11:  30%|###.......| 177/585 [00:03:00<00:06:56,  0.98it/s, loss=0.0266]
Epoch 11:  31%|###.......| 183/585 [00:03:06<00:06:49,  0.98it/s, loss=0.0264]
Epoch 11:  32%|###.......| 189/585 [00:03:11<00:06:41,  0.99it/s, loss=0.0263]
Epoch 11:  33%|###.......| 195/585 [00:03:17<00:06:35,  0.99it/s, loss=0.0263]
Epoch 11:  34%|###.......| 200/585 [00:03:23<00:06:30,  0.98it/s, loss=0.0263]
Epoch 11:  35%|###.......| 206/585 [00:03:28<00:06:23,  0.99it/s, loss=0.0262]
Epoch 11:  36%|###.......| 212/585 [00:03:34<00:06:16,  0.99it/s, loss=0.0263]
Epoch 11:  37%|###.......| 218/585 [00:03:39<00:06:09,  0.99it/s, loss=0.0262]
Epoch 11:  38%|###.......| 224/585 [00:03:45<00:06:03,  0.99it/s, loss=0.0263]
Epoch 11:  39%|###.......| 229/585 [00:03:51<00:05:59,  0.99it/s, loss=0.0267]
Epoch 11:  40%|####......| 235/585 [00:03:57<00:05:53,  0.99it/s, loss=0.0267]
Epoch 11:  41%|####......| 240/585 [00:04:02<00:05:48,  0.99it/s, loss=0.0266]
Epoch 11:  42%|####......| 245/585 [00:04:08<00:05:44,  0.99it/s, loss=0.0270]
Epoch 11:  43%|####......| 250/585 [00:04:13<00:05:39,  0.99it/s, loss=0.0270]
Epoch 11:  44%|####......| 256/585 [00:04:18<00:05:32,  0.99it/s, loss=0.0270]
Epoch 11:  45%|####......| 261/585 [00:04:23<00:05:27,  0.99it/s, loss=0.0270]
Epoch 11:  46%|####......| 267/585 [00:04:29<00:05:21,  0.99it/s, loss=0.0270]
Epoch 11:  46%|####......| 272/585 [00:04:34<00:05:16,  0.99it/s, loss=0.0270]
Epoch 11:  48%|####......| 278/585 [00:04:40<00:05:09,  0.99it/s, loss=0.0271]
Epoch 11:  48%|####......| 283/585 [00:04:46<00:05:05,  0.99it/s, loss=0.0271]
Epoch 11:  49%|####......| 288/585 [00:04:51<00:05:00,  0.99it/s, loss=0.0270]
Epoch 11:  50%|#####.....| 294/585 [00:04:57<00:04:54,  0.99it/s, loss=0.0270]
Epoch 11:  51%|#####.....| 299/585 [00:05:02<00:04:49,  0.99it/s, loss=0.0269]
Epoch 11:  52%|#####.....| 305/585 [00:05:08<00:04:43,  0.99it/s, loss=0.0269]
Epoch 11:  53%|#####.....| 311/585 [00:05:14<00:04:37,  0.99it/s, loss=0.0267]
Epoch 11:  54%|#####.....| 317/585 [00:05:20<00:04:30,  0.99it/s, loss=0.0267]
Epoch 11:  55%|#####.....| 322/585 [00:05:26<00:04:26,  0.99it/s, loss=0.0267]
Epoch 11:  56%|#####.....| 328/585 [00:05:31<00:04:19,  0.99it/s, loss=0.0266]
Epoch 11:  57%|#####.....| 334/585 [00:05:36<00:04:12,  0.99it/s, loss=0.0266]
Epoch 11:  58%|#####.....| 340/585 [00:05:41<00:04:06,  0.99it/s, loss=0.0265]
Epoch 11:  59%|#####.....| 346/585 [00:05:47<00:04:00,  1.00it/s, loss=0.0265]
Epoch 11:  60%|######....| 352/585 [00:05:52<00:03:53,  1.00it/s, loss=0.0265]
Epoch 11:  61%|######....| 357/585 [00:05:58<00:03:48,  1.00it/s, loss=0.0264]
Epoch 11:  62%|######....| 363/585 [00:06:04<00:03:42,  1.00it/s, loss=0.0264]
Epoch 11:  63%|######....| 369/585 [00:06:09<00:03:36,  1.00it/s, loss=0.0264]
Epoch 11:  64%|######....| 375/585 [00:06:15<00:03:30,  1.00it/s, loss=0.0264]
Epoch 11:  65%|######....| 381/585 [00:06:21<00:03:24,  1.00it/s, loss=0.0264]
Epoch 11:  66%|######....| 387/585 [00:06:26<00:03:17,  1.00it/s, loss=0.0264]
Epoch 11:  67%|######....| 393/585 [00:06:32<00:03:11,  1.00it/s, loss=0.0263]
Epoch 11:  68%|######....| 399/585 [00:06:38<00:03:05,  1.00it/s, loss=0.0263]
Epoch 11:  69%|######....| 405/585 [00:06:43<00:02:59,  1.00it/s, loss=0.0263]
Epoch 11:  70%|#######...| 410/585 [00:06:49<00:02:54,  1.00it/s, loss=0.0264]
Epoch 11:  71%|#######...| 414/585 [00:06:54<00:02:51,  1.00it/s, loss=0.0264]
Epoch 11:  72%|#######...| 420/585 [00:06:59<00:02:44,  1.00it/s, loss=0.0263]
Epoch 11:  73%|#######...| 426/585 [00:07:05<00:02:38,  1.00it/s, loss=0.0263]
Epoch 11:  74%|#######...| 432/585 [00:07:11<00:02:32,  1.00it/s, loss=0.0263]
Epoch 11:  75%|#######...| 438/585 [00:07:17<00:02:26,  1.00it/s, loss=0.0262]
Epoch 11:  76%|#######...| 443/585 [00:07:23<00:02:22,  1.00it/s, loss=0.0262]
Epoch 11:  77%|#######...| 449/585 [00:07:28<00:02:15,  1.00it/s, loss=0.0263]
Epoch 11:  78%|#######...| 455/585 [00:07:34<00:02:09,  1.00it/s, loss=0.0263]
Epoch 11:  79%|#######...| 460/585 [00:07:39<00:02:04,  1.00it/s, loss=0.0263]
Epoch 11:  80%|#######...| 466/585 [00:07:44<00:01:58,  1.00it/s, loss=0.0263]
Epoch 11:  81%|########..| 471/585 [00:07:50<00:01:53,  1.00it/s, loss=0.0263]
Epoch 11:  82%|########..| 477/585 [00:07:55<00:01:47,  1.00it/s, loss=0.0263]
Epoch 11:  83%|########..| 483/585 [00:08:01<00:01:41,  1.00it/s, loss=0.0262]
Epoch 11:  84%|########..| 489/585 [00:08:07<00:01:35,  1.00it/s, loss=0.0262]
Epoch 11:  84%|########..| 494/585 [00:08:13<00:01:30,  1.00it/s, loss=0.0262]
Epoch 11:  85%|########..| 500/585 [00:08:19<00:01:24,  1.00it/s, loss=0.0262]
Epoch 11:  86%|########..| 505/585 [00:08:24<00:01:19,  1.00it/s, loss=0.0262]
Epoch 11:  87%|########..| 511/585 [00:08:30<00:01:13,  1.00it/s, loss=0.0262]
Epoch 11:  88%|########..| 516/585 [00:08:36<00:01:09,  1.00it/s, loss=0.0262]
Epoch 11:  89%|########..| 522/585 [00:08:41<00:01:02,  1.00it/s, loss=0.0261]
Epoch 11:  90%|#########.| 528/585 [00:08:47<00:00:56,  1.00it/s, loss=0.0262]
Epoch 11:  91%|#########.| 534/585 [00:08:53<00:00:50,  1.00it/s, loss=0.0261]
Epoch 11:  92%|#########.| 539/585 [00:08:58<00:00:45,  1.00it/s, loss=0.0261]
Epoch 11:  93%|#########.| 545/585 [00:09:04<00:00:39,  1.00it/s, loss=0.0261]
Epoch 11:  94%|#########.| 551/585 [00:09:10<00:00:33,  1.00it/s, loss=0.0261]
Epoch 11:  95%|#########.| 557/585 [00:09:15<00:00:27,  1.00it/s, loss=0.0261]
Epoch 11:  96%|#########.| 563/585 [00:09:21<00:00:21,  1.00it/s, loss=0.0261]
Epoch 11:  97%|#########.| 569/585 [00:09:26<00:00:15,  1.00it/s, loss=0.0260]
Epoch 11:  98%|#########.| 574/585 [00:09:32<00:00:10,  1.00it/s, loss=0.0261]
Epoch 11:  99%|#########.| 580/585 [00:09:37<00:00:04,  1.00it/s, loss=0.0260]
Epoch 11: 100%|##########| 585/585 [00:09:42<00:00:00,  1.00it/s, loss=0.0260]
Test loss: 0.0267, Test rmsae: 8.28deg
{"event": "epoch_complete", "epoch": 11, "phase": 1, "lr": 0.0001, "batch_size": 1, "micro_batch_size": 1, "train_loss": 0.026028820826138697, "val_loss": 0.026651501888409257, "val_rmsae_deg": 8.280263751745224, "epoch_time_s": 583.5181188550005}
{"event": "checkpoint_saved", "tag": "best_rmsae", "epoch": 11, "path": "IFAN_Edge/outputs/stage3/ifan_stage3_long80_freqblock_paper_original_20260426_155330/checkpoints/best_rmsae.pt", "val_rmsae_deg": 8.280263751745224}
Epoch 12/80:
Epoch 12:   1%|..........| 5/585 [00:00:05<00:09:51,  0.98it/s, loss=0.0235]
Epoch 12:   2%|..........| 11/585 [00:00:10<00:09:16,  1.03it/s, loss=0.0234]
Epoch 12:   3%|..........| 17/585 [00:00:16<00:09:00,  1.05it/s, loss=0.0227]
Epoch 12:   4%|..........| 23/585 [00:00:21<00:08:53,  1.05it/s, loss=0.0237]
Epoch 12:   5%|..........| 29/585 [00:00:27<00:08:44,  1.06it/s, loss=0.0231]
Epoch 12:   6%|..........| 34/585 [00:00:32<00:08:47,  1.04it/s, loss=0.0245]
Epoch 12:   7%|..........| 40/585 [00:00:38<00:08:38,  1.05it/s, loss=0.0246]
Epoch 12:   8%|..........| 46/585 [00:00:43<00:08:28,  1.06it/s, loss=0.0246]
Epoch 12:   9%|..........| 52/585 [00:00:49<00:08:25,  1.05it/s, loss=0.0247]
Epoch 12:  10%|..........| 57/585 [00:00:54<00:08:23,  1.05it/s, loss=0.0246]
Epoch 12:  11%|#.........| 63/585 [00:00:59<00:08:15,  1.05it/s, loss=0.0247]
Epoch 12:  12%|#.........| 68/585 [00:01:05<00:08:19,  1.04it/s, loss=0.0249]
Epoch 12:  13%|#.........| 74/585 [00:01:11<00:08:12,  1.04it/s, loss=0.0251]
Epoch 12:  14%|#.........| 80/585 [00:01:16<00:08:03,  1.04it/s, loss=0.0253]
Epoch 12:  15%|#.........| 86/585 [00:01:22<00:07:56,  1.05it/s, loss=0.0251]
Epoch 12:  16%|#.........| 92/585 [00:01:27<00:07:51,  1.05it/s, loss=0.0250]
Epoch 12:  17%|#.........| 97/585 [00:01:33<00:07:48,  1.04it/s, loss=0.0253]
Epoch 12:  18%|#.........| 103/585 [00:01:38<00:07:40,  1.05it/s, loss=0.0252]
Epoch 12:  18%|#.........| 108/585 [00:01:44<00:07:39,  1.04it/s, loss=0.0252]
Epoch 12:  19%|#.........| 114/585 [00:01:49<00:07:33,  1.04it/s, loss=0.0250]
Epoch 12:  20%|##........| 119/585 [00:01:54<00:07:29,  1.04it/s, loss=0.0250]
Epoch 12:  21%|##........| 124/585 [00:02:00<00:07:28,  1.03it/s, loss=0.0255]
Epoch 12:  22%|##........| 129/585 [00:02:05<00:07:24,  1.03it/s, loss=0.0254]
Epoch 12:  23%|##........| 134/585 [00:02:11<00:07:21,  1.02it/s, loss=0.0253]
Epoch 12:  24%|##........| 140/585 [00:02:16<00:07:15,  1.02it/s, loss=0.0253]
Epoch 12:  25%|##........| 145/585 [00:02:22<00:07:11,  1.02it/s, loss=0.0255]
Epoch 12:  26%|##........| 151/585 [00:02:27<00:07:04,  1.02it/s, loss=0.0257]
Epoch 12:  27%|##........| 156/585 [00:02:33<00:07:00,  1.02it/s, loss=0.0258]
Epoch 12:  28%|##........| 162/585 [00:02:38<00:06:54,  1.02it/s, loss=0.0258]
Epoch 12:  29%|##........| 168/585 [00:02:44<00:06:47,  1.02it/s, loss=0.0258]
Epoch 12:  30%|##........| 173/585 [00:02:49<00:06:43,  1.02it/s, loss=0.0259]
Epoch 12:  31%|###.......| 179/585 [00:02:55<00:06:37,  1.02it/s, loss=0.0259]
Epoch 12:  32%|###.......| 185/585 [00:03:00<00:06:30,  1.02it/s, loss=0.0258]
Epoch 12:  32%|###.......| 189/585 [00:03:05<00:06:28,  1.02it/s, loss=0.0258]
Epoch 12:  33%|###.......| 195/585 [00:03:11<00:06:22,  1.02it/s, loss=0.0258]
Epoch 12:  34%|###.......| 201/585 [00:03:16<00:06:16,  1.02it/s, loss=0.0258]
Epoch 12:  35%|###.......| 205/585 [00:03:22<00:06:14,  1.01it/s, loss=0.0258]
Epoch 12:  36%|###.......| 211/585 [00:03:27<00:06:08,  1.02it/s, loss=0.0257]
Epoch 12:  37%|###.......| 217/585 [00:03:33<00:06:02,  1.02it/s, loss=0.0257]
Epoch 12:  38%|###.......| 222/585 [00:03:38<00:05:57,  1.02it/s, loss=0.0257]
Epoch 12:  39%|###.......| 228/585 [00:03:44<00:05:50,  1.02it/s, loss=0.0257]
Epoch 12:  40%|###.......| 233/585 [00:03:50<00:05:47,  1.01it/s, loss=0.0258]
Epoch 12:  41%|####......| 238/585 [00:03:55<00:05:43,  1.01it/s, loss=0.0260]
Epoch 12:  42%|####......| 243/585 [00:04:00<00:05:38,  1.01it/s, loss=0.0262]
Epoch 12:  43%|####......| 249/585 [00:04:06<00:05:32,  1.01it/s, loss=0.0261]
Epoch 12:  43%|####......| 254/585 [00:04:11<00:05:28,  1.01it/s, loss=0.0262]
Epoch 12:  44%|####......| 260/585 [00:04:18<00:05:22,  1.01it/s, loss=0.0262]
Epoch 12:  45%|####......| 265/585 [00:04:23<00:05:17,  1.01it/s, loss=0.0264]
Epoch 12:  46%|####......| 270/585 [00:04:29<00:05:13,  1.00it/s, loss=0.0267]
Epoch 12:  47%|####......| 275/585 [00:04:34<00:05:08,  1.00it/s, loss=0.0267]
Epoch 12:  48%|####......| 281/585 [00:04:39<00:05:02,  1.01it/s, loss=0.0266]
Epoch 12:  49%|####......| 286/585 [00:04:44<00:04:57,  1.00it/s, loss=0.0266]
Epoch 12:  50%|####......| 291/585 [00:04:50<00:04:53,  1.00it/s, loss=0.0266]
Epoch 12:  51%|#####.....| 297/585 [00:04:55<00:04:46,  1.00it/s, loss=0.0266]
Epoch 12:  52%|#####.....| 303/585 [00:05:00<00:04:40,  1.01it/s, loss=0.0266]
Epoch 12:  53%|#####.....| 308/585 [00:05:05<00:04:35,  1.01it/s, loss=0.0266]
Epoch 12:  53%|#####.....| 312/585 [00:05:11<00:04:32,  1.00it/s, loss=0.0267]
Epoch 12:  54%|#####.....| 318/585 [00:05:16<00:04:25,  1.01it/s, loss=0.0266]
Epoch 12:  55%|#####.....| 323/585 [00:05:21<00:04:20,  1.00it/s, loss=0.0266]
Epoch 12:  56%|#####.....| 329/585 [00:05:27<00:04:14,  1.01it/s, loss=0.0265]
Epoch 12:  57%|#####.....| 335/585 [00:05:32<00:04:08,  1.01it/s, loss=0.0264]
Epoch 12:  58%|#####.....| 340/585 [00:05:38<00:04:03,  1.01it/s, loss=0.0264]
Epoch 12:  59%|#####.....| 346/585 [00:05:44<00:03:57,  1.00it/s, loss=0.0264]
Epoch 12:  60%|######....| 352/585 [00:05:49<00:03:51,  1.01it/s, loss=0.0264]
Epoch 12:  61%|######....| 358/585 [00:05:55<00:03:45,  1.01it/s, loss=0.0263]
Epoch 12:  62%|######....| 363/585 [00:06:01<00:03:41,  1.00it/s, loss=0.0263]
Epoch 12:  63%|######....| 369/585 [00:06:07<00:03:34,  1.01it/s, loss=0.0263]
Epoch 12:  64%|######....| 374/585 [00:06:13<00:03:30,  1.00it/s, loss=0.0262]
Epoch 12:  65%|######....| 380/585 [00:06:18<00:03:24,  1.00it/s, loss=0.0262]
Epoch 12:  66%|######....| 385/585 [00:06:23<00:03:19,  1.00it/s, loss=0.0262]
Epoch 12:  67%|######....| 390/585 [00:06:28<00:03:14,  1.00it/s, loss=0.0263]
Epoch 12:  68%|######....| 396/585 [00:06:34<00:03:08,  1.00it/s, loss=0.0263]
Epoch 12:  69%|######....| 402/585 [00:06:40<00:03:02,  1.00it/s, loss=0.0262]
Epoch 12:  70%|######....| 407/585 [00:06:45<00:02:57,  1.00it/s, loss=0.0263]
Epoch 12:  71%|#######...| 413/585 [00:06:50<00:02:51,  1.01it/s, loss=0.0263]
Epoch 12:  71%|#######...| 418/585 [00:06:55<00:02:46,  1.01it/s, loss=0.0263]
Epoch 12:  72%|#######...| 424/585 [00:07:02<00:02:40,  1.00it/s, loss=0.0263]
Epoch 12:  73%|#######...| 429/585 [00:07:07<00:02:35,  1.00it/s, loss=0.0263]
Epoch 12:  74%|#######...| 434/585 [00:07:12<00:02:30,  1.00it/s, loss=0.0263]
Epoch 12:  75%|#######...| 440/585 [00:07:18<00:02:24,  1.00it/s, loss=0.0263]
Epoch 12:  76%|#######...| 445/585 [00:07:24<00:02:19,  1.00it/s, loss=0.0263]
Epoch 12:  77%|#######...| 450/585 [00:07:29<00:02:14,  1.00it/s, loss=0.0264]
Epoch 12:  78%|#######...| 456/585 [00:07:34<00:02:08,  1.00it/s, loss=0.0264]
Epoch 12:  79%|#######...| 461/585 [00:07:40<00:02:03,  1.00it/s, loss=0.0264]
Epoch 12:  80%|#######...| 466/585 [00:07:46<00:01:59,  1.00it/s, loss=0.0264]
Epoch 12:  81%|########..| 471/585 [00:07:51<00:01:54,  1.00it/s, loss=0.0264]
Epoch 12:  81%|########..| 476/585 [00:07:57<00:01:49,  1.00it/s, loss=0.0264]
Epoch 12:  82%|########..| 481/585 [00:08:02<00:01:44,  1.00it/s, loss=0.0263]
Epoch 12:  83%|########..| 487/585 [00:08:08<00:01:38,  1.00it/s, loss=0.0263]
Epoch 12:  84%|########..| 493/585 [00:08:13<00:01:32,  1.00it/s, loss=0.0263]
Epoch 12:  85%|########..| 499/585 [00:08:18<00:01:25,  1.00it/s, loss=0.0262]
Epoch 12:  86%|########..| 504/585 [00:08:23<00:01:20,  1.00it/s, loss=0.0262]
Epoch 12:  87%|########..| 510/585 [00:08:29<00:01:14,  1.00it/s, loss=0.0262]
Epoch 12:  88%|########..| 516/585 [00:08:35<00:01:08,  1.00it/s, loss=0.0262]
Epoch 12:  89%|########..| 521/585 [00:08:40<00:01:03,  1.00it/s, loss=0.0261]
Epoch 12:  90%|########..| 526/585 [00:08:45<00:00:58,  1.00it/s, loss=0.0262]
Epoch 12:  91%|#########.| 532/585 [00:08:51<00:00:52,  1.00it/s, loss=0.0261]
Epoch 12:  92%|#########.| 537/585 [00:08:57<00:00:48,  1.00it/s, loss=0.0261]
Epoch 12:  93%|#########.| 542/585 [00:09:03<00:00:43,  1.00it/s, loss=0.0261]
Epoch 12:  94%|#########.| 547/585 [00:09:08<00:00:38,  1.00it/s, loss=0.0261]
Epoch 12:  95%|#########.| 553/585 [00:09:13<00:00:32,  1.00it/s, loss=0.0261]
Epoch 12:  96%|#########.| 559/585 [00:09:19<00:00:26,  1.00it/s, loss=0.0263]
Epoch 12:  96%|#########.| 564/585 [00:09:25<00:00:21,  1.00it/s, loss=0.0262]
Epoch 12:  97%|#########.| 569/585 [00:09:31<00:00:16,  1.00it/s, loss=0.0263]
Epoch 12:  98%|#########.| 575/585 [00:09:36<00:00:10,  1.00it/s, loss=0.0263]
Epoch 12:  99%|#########.| 581/585 [00:09:42<00:00:04,  1.00it/s, loss=0.0263]
Epoch 12: 100%|##########| 585/585 [00:09:45<00:00:00,  1.00it/s, loss=0.0263]
Test loss: 0.0280, Test rmsae: 10.15deg
{"event": "epoch_complete", "epoch": 12, "phase": 1, "lr": 0.0001, "batch_size": 1, "micro_batch_size": 1, "train_loss": 0.02629909944266845, "val_loss": 0.028042033431120217, "val_rmsae_deg": 10.14746579527855, "epoch_time_s": 586.1905609570003}
Epoch 13/80:
Epoch 13:   1%|..........| 5/585 [00:00:05<00:10:43,  0.90it/s, loss=0.0292]
Epoch 13:   2%|..........| 11/585 [00:00:11<00:10:13,  0.94it/s, loss=0.0290]
Epoch 13:   3%|..........| 17/585 [00:00:17<00:09:29,  1.00it/s, loss=0.0281]
Epoch 13:   4%|..........| 22/585 [00:00:22<00:09:31,  0.98it/s, loss=0.0288]
Epoch 13:   5%|..........| 27/585 [00:00:27<00:09:26,  0.98it/s, loss=0.0284]
Epoch 13:   6%|..........| 33/585 [00:00:32<00:09:08,  1.01it/s, loss=0.0278]
Epoch 13:   7%|..........| 39/585 [00:00:38<00:09:03,  1.00it/s, loss=0.0278]
Epoch 13:   8%|..........| 44/585 [00:00:43<00:08:59,  1.00it/s, loss=0.0275]
Epoch 13:   8%|..........| 49/585 [00:00:48<00:08:55,  1.00it/s, loss=0.0270]
Epoch 13:   9%|..........| 54/585 [00:00:54<00:08:55,  0.99it/s, loss=0.0271]
Epoch 13:  10%|#.........| 59/585 [00:01:00<00:08:59,  0.98it/s, loss=0.0271]
Epoch 13:  11%|#.........| 65/585 [00:01:06<00:08:49,  0.98it/s, loss=0.0268]
Epoch 13:  12%|#.........| 71/585 [00:01:12<00:08:41,  0.99it/s, loss=0.0277]
Epoch 13:  13%|#.........| 77/585 [00:01:18<00:08:35,  0.99it/s, loss=0.0276]
Epoch 13:  14%|#.........| 82/585 [00:01:23<00:08:32,  0.98it/s, loss=0.0274]
Epoch 13:  15%|#.........| 87/585 [00:01:28<00:08:29,  0.98it/s, loss=0.0274]
Epoch 13:  16%|#.........| 93/585 [00:01:35<00:08:23,  0.98it/s, loss=0.0272]
Epoch 13:  17%|#.........| 99/585 [00:01:40<00:08:13,  0.99it/s, loss=0.0269]
Epoch 13:  18%|#.........| 104/585 [00:01:45<00:08:09,  0.98it/s, loss=0.0270]
Epoch 13:  19%|#.........| 110/585 [00:01:50<00:07:59,  0.99it/s, loss=0.0269]
Epoch 13:  20%|#.........| 116/585 [00:01:56<00:07:50,  1.00it/s, loss=0.0268]
Epoch 13:  21%|##........| 122/585 [00:02:02<00:07:43,  1.00it/s, loss=0.0266]
Epoch 13:  22%|##........| 127/585 [00:02:07<00:07:38,  1.00it/s, loss=0.0266]
Epoch 13:  23%|##........| 132/585 [00:02:13<00:07:37,  0.99it/s, loss=0.0265]
Epoch 13:  24%|##........| 138/585 [00:02:19<00:07:30,  0.99it/s, loss=0.0264]
Epoch 13:  24%|##........| 143/585 [00:02:24<00:07:26,  0.99it/s, loss=0.0265]
Epoch 13:  25%|##........| 149/585 [00:02:29<00:07:18,  0.99it/s, loss=0.0264]
Epoch 13:  26%|##........| 154/585 [00:02:35<00:07:14,  0.99it/s, loss=0.0264]
Epoch 13:  27%|##........| 159/585 [00:02:40<00:07:09,  0.99it/s, loss=0.0264]
Epoch 13:  28%|##........| 164/585 [00:02:45<00:07:04,  0.99it/s, loss=0.0263]
Epoch 13:  29%|##........| 168/585 [00:02:50<00:07:04,  0.98it/s, loss=0.0266]
Epoch 13:  30%|##........| 173/585 [00:02:55<00:06:59,  0.98it/s, loss=0.0266]
Epoch 13:  31%|###.......| 179/585 [00:03:01<00:06:51,  0.99it/s, loss=0.0265]
Epoch 13:  32%|###.......| 185/585 [00:03:06<00:06:43,  0.99it/s, loss=0.0267]
Epoch 13:  32%|###.......| 190/585 [00:03:12<00:06:40,  0.99it/s, loss=0.0268]
Epoch 13:  33%|###.......| 195/585 [00:03:17<00:06:35,  0.99it/s, loss=0.0267]
Epoch 13:  34%|###.......| 200/585 [00:03:23<00:06:31,  0.98it/s, loss=0.0267]
Epoch 13:  35%|###.......| 206/585 [00:03:29<00:06:24,  0.99it/s, loss=0.0265]
Epoch 13:  36%|###.......| 212/585 [00:03:34<00:06:17,  0.99it/s, loss=0.0265]
Epoch 13:  37%|###.......| 217/585 [00:03:39<00:06:13,  0.99it/s, loss=0.0265]
Epoch 13:  38%|###.......| 222/585 [00:03:45<00:06:09,  0.98it/s, loss=0.0265]
Epoch 13:  39%|###.......| 227/585 [00:03:51<00:06:04,  0.98it/s, loss=0.0264]
Epoch 13:  40%|###.......| 232/585 [00:03:56<00:06:00,  0.98it/s, loss=0.0266]
Epoch 13:  41%|####......| 238/585 [00:04:02<00:05:53,  0.98it/s, loss=0.0265]
Epoch 13:  42%|####......| 244/585 [00:04:08<00:05:47,  0.98it/s, loss=0.0265]
Epoch 13:  43%|####......| 250/585 [00:04:14<00:05:41,  0.98it/s, loss=0.0265]
Epoch 13:  44%|####......| 256/585 [00:04:19<00:05:33,  0.99it/s, loss=0.0264]
Epoch 13:  45%|####......| 261/585 [00:04:26<00:05:30,  0.98it/s, loss=0.0264]
Epoch 13:  45%|####......| 266/585 [00:04:31<00:05:25,  0.98it/s, loss=0.0264]
Epoch 13:  46%|####......| 272/585 [00:04:36<00:05:18,  0.98it/s, loss=0.0263]
Epoch 13:  47%|####......| 277/585 [00:04:41<00:05:13,  0.98it/s, loss=0.0262]
Epoch 13:  48%|####......| 282/585 [00:04:47<00:05:09,  0.98it/s, loss=0.0263]
Epoch 13:  49%|####......| 286/585 [00:04:52<00:05:06,  0.98it/s, loss=0.0262]
Epoch 13:  50%|####......| 291/585 [00:04:57<00:05:00,  0.98it/s, loss=0.0263]
Epoch 13:  51%|#####.....| 297/585 [00:05:03<00:04:54,  0.98it/s, loss=0.0262]
Epoch 13:  52%|#####.....| 302/585 [00:05:08<00:04:49,  0.98it/s, loss=0.0262]
Epoch 13:  52%|#####.....| 307/585 [00:05:14<00:04:44,  0.98it/s, loss=0.0262]
Epoch 13:  54%|#####.....| 313/585 [00:05:19<00:04:37,  0.98it/s, loss=0.0261]
Epoch 13:  55%|#####.....| 319/585 [00:05:25<00:04:31,  0.98it/s, loss=0.0263]
Epoch 13:  55%|#####.....| 324/585 [00:05:30<00:04:26,  0.98it/s, loss=0.0263]
Epoch 13:  56%|#####.....| 329/585 [00:05:36<00:04:21,  0.98it/s, loss=0.0267]
Epoch 13:  57%|#####.....| 335/585 [00:05:42<00:04:15,  0.98it/s, loss=0.0266]
Epoch 13:  58%|#####.....| 341/585 [00:05:47<00:04:08,  0.98it/s, loss=0.0267]
Epoch 13:  59%|#####.....| 346/585 [00:05:52<00:04:03,  0.98it/s, loss=0.0267]
Epoch 13:  60%|######....| 351/585 [00:05:57<00:03:58,  0.98it/s, loss=0.0269]
Epoch 13:  61%|######....| 356/585 [00:06:02<00:03:53,  0.98it/s, loss=0.0269]
Epoch 13:  62%|######....| 362/585 [00:06:08<00:03:47,  0.98it/s, loss=0.0270]
Epoch 13:  63%|######....| 368/585 [00:06:14<00:03:40,  0.98it/s, loss=0.0271]
Epoch 13:  64%|######....| 374/585 [00:06:19<00:03:34,  0.98it/s, loss=0.0271]
Epoch 13:  65%|######....| 379/585 [00:06:25<00:03:29,  0.98it/s, loss=0.0271]
Epoch 13:  66%|######....| 385/585 [00:06:31<00:03:23,  0.98it/s, loss=0.0270]
Epoch 13:  67%|######....| 391/585 [00:06:36<00:03:16,  0.98it/s, loss=0.0270]
Epoch 13:  68%|######....| 397/585 [00:06:42<00:03:10,  0.99it/s, loss=0.0270]
Epoch 13:  69%|######....| 403/585 [00:06:48<00:03:04,  0.99it/s, loss=0.0269]
Epoch 13:  70%|######....| 408/585 [00:06:54<00:02:59,  0.99it/s, loss=0.0269]
Epoch 13:  71%|#######...| 413/585 [00:06:59<00:02:54,  0.99it/s, loss=0.0268]
Epoch 13:  71%|#######...| 418/585 [00:07:04<00:02:49,  0.98it/s, loss=0.0269]
Epoch 13:  72%|#######...| 423/585 [00:07:09<00:02:44,  0.98it/s, loss=0.0269]
Epoch 13:  73%|#######...| 428/585 [00:07:15<00:02:39,  0.98it/s, loss=0.0269]
Epoch 13:  74%|#######...| 433/585 [00:07:20<00:02:34,  0.98it/s, loss=0.0269]
Epoch 13:  75%|#######...| 439/585 [00:07:26<00:02:28,  0.98it/s, loss=0.0268]
Epoch 13:  76%|#######...| 445/585 [00:07:33<00:02:22,  0.98it/s, loss=0.0268]
Epoch 13:  77%|#######...| 450/585 [00:07:38<00:02:17,  0.98it/s, loss=0.0268]
Epoch 13:  78%|#######...| 455/585 [00:07:44<00:02:12,  0.98it/s, loss=0.0268]
Epoch 13:  79%|#######...| 461/585 [00:07:50<00:02:06,  0.98it/s, loss=0.0269]
Epoch 13:  80%|#######...| 467/585 [00:07:55<00:02:00,  0.98it/s, loss=0.0269]
Epoch 13:  81%|########..| 472/585 [00:08:01<00:01:55,  0.98it/s, loss=0.0269]
Epoch 13:  82%|########..| 478/585 [00:08:06<00:01:48,  0.98it/s, loss=0.0269]
Epoch 13:  83%|########..| 483/585 [00:08:11<00:01:43,  0.98it/s, loss=0.0269]
Epoch 13:  84%|########..| 489/585 [00:08:16<00:01:37,  0.98it/s, loss=0.0268]
Epoch 13:  84%|########..| 494/585 [00:08:21<00:01:32,  0.98it/s, loss=0.0268]
Epoch 13:  85%|########..| 500/585 [00:08:27<00:01:26,  0.99it/s, loss=0.0268]
Epoch 13:  86%|########..| 506/585 [00:08:33<00:01:20,  0.99it/s, loss=0.0269]
Epoch 13:  87%|########..| 511/585 [00:08:38<00:01:15,  0.99it/s, loss=0.0269]
Epoch 13:  88%|########..| 516/585 [00:08:43<00:01:09,  0.99it/s, loss=0.0268]
Epoch 13:  89%|########..| 521/585 [00:08:48<00:01:04,  0.99it/s, loss=0.0268]
Epoch 13:  90%|#########.| 527/585 [00:08:54<00:00:58,  0.99it/s, loss=0.0268]
Epoch 13:  91%|#########.| 532/585 [00:08:59<00:00:53,  0.99it/s, loss=0.0268]
Epoch 13:  92%|#########.| 538/585 [00:09:04<00:00:47,  0.99it/s, loss=0.0268]
Epoch 13:  93%|#########.| 544/585 [00:09:10<00:00:41,  0.99it/s, loss=0.0268]
Epoch 13:  94%|#########.| 549/585 [00:09:17<00:00:36,  0.99it/s, loss=0.0268]
Epoch 13:  95%|#########.| 555/585 [00:09:22<00:00:30,  0.99it/s, loss=0.0268]
Epoch 13:  96%|#########.| 561/585 [00:09:28<00:00:24,  0.99it/s, loss=0.0267]
Epoch 13:  97%|#########.| 567/585 [00:09:33<00:00:18,  0.99it/s, loss=0.0267]
Epoch 13:  98%|#########.| 572/585 [00:09:39<00:00:13,  0.99it/s, loss=0.0267]
Epoch 13:  99%|#########.| 577/585 [00:09:44<00:00:08,  0.99it/s, loss=0.0267]
Epoch 13:  99%|#########.| 582/585 [00:09:49<00:00:03,  0.99it/s, loss=0.0267]
Epoch 13: 100%|##########| 585/585 [00:09:53<00:00:00,  0.99it/s, loss=0.0267]
Test loss: 0.0256, Test rmsae: 8.32deg
{"event": "epoch_complete", "epoch": 13, "phase": 1, "lr": 0.0001, "batch_size": 1, "micro_batch_size": 1, "train_loss": 0.026665362666368993, "val_loss": 0.02557579067070037, "val_rmsae_deg": 8.324327275156975, "epoch_time_s": 593.8455092740005}
Epoch 14/80:
Epoch 14:   1%|..........| 5/585 [00:00:05<00:10:14,  0.94it/s, loss=0.0283]
Epoch 14:   2%|..........| 10/585 [00:00:10<00:10:21,  0.93it/s, loss=0.0288]
Epoch 14:   3%|..........| 16/585 [00:00:16<00:09:36,  0.99it/s, loss=0.0275]
Epoch 14:   4%|..........| 22/585 [00:00:21<00:09:16,  1.01it/s, loss=0.0267]
Epoch 14:   5%|..........| 28/585 [00:00:27<00:09:05,  1.02it/s, loss=0.0259]
Epoch 14:   6%|..........| 34/585 [00:00:33<00:08:58,  1.02it/s, loss=0.0257]
Epoch 14:   7%|..........| 39/585 [00:00:38<00:08:56,  1.02it/s, loss=0.0259]
Epoch 14:   8%|..........| 44/585 [00:00:43<00:08:58,  1.01it/s, loss=0.0259]
Epoch 14:   8%|..........| 49/585 [00:00:49<00:08:56,  1.00it/s, loss=0.0260]
Epoch 14:   9%|..........| 55/585 [00:00:54<00:08:42,  1.01it/s, loss=0.0258]
Epoch 14:  10%|#.........| 61/585 [00:00:59<00:08:32,  1.02it/s, loss=0.0258]
Epoch 14:  11%|#.........| 66/585 [00:01:05<00:08:33,  1.01it/s, loss=0.0257]
Epoch 14:  12%|#.........| 71/585 [00:01:10<00:08:30,  1.01it/s, loss=0.0258]
Epoch 14:  13%|#.........| 77/585 [00:01:16<00:08:25,  1.01it/s, loss=0.0255]
Epoch 14:  14%|#.........| 82/585 [00:01:21<00:08:22,  1.00it/s, loss=0.0255]
Epoch 14:  15%|#.........| 87/585 [00:01:27<00:08:18,  1.00it/s, loss=0.0256]
Epoch 14:  16%|#.........| 92/585 [00:01:33<00:08:18,  0.99it/s, loss=0.0253]
Epoch 14:  17%|#.........| 98/585 [00:01:38<00:08:10,  0.99it/s, loss=0.0253]
Epoch 14:  18%|#.........| 103/585 [00:01:44<00:08:09,  0.98it/s, loss=0.0253]
Epoch 14:  18%|#.........| 107/585 [00:01:50<00:08:12,  0.97it/s, loss=0.0254]
Epoch 14:  19%|#.........| 112/585 [00:01:55<00:08:06,  0.97it/s, loss=0.0253]
Epoch 14:  20%|##........| 118/585 [00:02:01<00:07:59,  0.97it/s, loss=0.0254]
Epoch 14:  21%|##........| 124/585 [00:02:06<00:07:50,  0.98it/s, loss=0.0252]
Epoch 14:  22%|##........| 130/585 [00:02:12<00:07:42,  0.98it/s, loss=0.0251]
Epoch 14:  23%|##........| 136/585 [00:02:17<00:07:33,  0.99it/s, loss=0.0250]
Epoch 14:  24%|##........| 142/585 [00:02:22<00:07:24,  1.00it/s, loss=0.0249]
Epoch 14:  25%|##........| 148/585 [00:02:28<00:07:17,  1.00it/s, loss=0.0248]
Epoch 14:  26%|##........| 153/585 [00:02:33<00:07:13,  1.00it/s, loss=0.0247]
Epoch 14:  27%|##........| 159/585 [00:02:39<00:07:07,  1.00it/s, loss=0.0247]
Epoch 14:  28%|##........| 165/585 [00:02:44<00:06:59,  1.00it/s, loss=0.0245]
Epoch 14:  29%|##........| 171/585 [00:02:50<00:06:52,  1.00it/s, loss=0.0245]
Epoch 14:  30%|###.......| 176/585 [00:02:55<00:06:47,  1.00it/s, loss=0.0245]
Epoch 14:  31%|###.......| 181/585 [00:03:00<00:06:43,  1.00it/s, loss=0.0245]
Epoch 14:  32%|###.......| 186/585 [00:03:05<00:06:38,  1.00it/s, loss=0.0247]
Epoch 14:  33%|###.......| 191/585 [00:03:10<00:06:33,  1.00it/s, loss=0.0246]
Epoch 14:  34%|###.......| 197/585 [00:03:16<00:06:26,  1.00it/s, loss=0.0244]
Epoch 14:  35%|###.......| 203/585 [00:03:21<00:06:19,  1.01it/s, loss=0.0244]
Epoch 14:  36%|###.......| 209/585 [00:03:26<00:06:12,  1.01it/s, loss=0.0244]
Epoch 14:  37%|###.......| 214/585 [00:03:32<00:06:07,  1.01it/s, loss=0.0248]
Epoch 14:  38%|###.......| 220/585 [00:03:37<00:06:01,  1.01it/s, loss=0.0248]
Epoch 14:  38%|###.......| 225/585 [00:03:42<00:05:56,  1.01it/s, loss=0.0248]
Epoch 14:  39%|###.......| 230/585 [00:03:48<00:05:52,  1.01it/s, loss=0.0249]
Epoch 14:  40%|####......| 236/585 [00:03:54<00:05:46,  1.01it/s, loss=0.0250]
Epoch 14:  41%|####......| 242/585 [00:04:00<00:05:40,  1.01it/s, loss=0.0250]
Epoch 14:  42%|####......| 248/585 [00:04:05<00:05:34,  1.01it/s, loss=0.0250]
Epoch 14:  43%|####......| 254/585 [00:04:11<00:05:27,  1.01it/s, loss=0.0251]
Epoch 14:  44%|####......| 259/585 [00:04:16<00:05:23,  1.01it/s, loss=0.0251]
Epoch 14:  45%|####......| 265/585 [00:04:22<00:05:16,  1.01it/s, loss=0.0251]
Epoch 14:  46%|####......| 270/585 [00:04:28<00:05:12,  1.01it/s, loss=0.0251]
Epoch 14:  47%|####......| 275/585 [00:04:34<00:05:09,  1.00it/s, loss=0.0251]
Epoch 14:  48%|####......| 281/585 [00:04:39<00:05:02,  1.00it/s, loss=0.0251]
Epoch 14:  49%|####......| 287/585 [00:04:45<00:04:56,  1.00it/s, loss=0.0252]
Epoch 14:  50%|#####.....| 293/585 [00:04:51<00:04:50,  1.01it/s, loss=0.0252]
Epoch 14:  51%|#####.....| 298/585 [00:04:56<00:04:45,  1.00it/s, loss=0.0252]
Epoch 14:  52%|#####.....| 304/585 [00:05:02<00:04:39,  1.00it/s, loss=0.0252]
Epoch 14:  53%|#####.....| 309/585 [00:05:08<00:04:35,  1.00it/s, loss=0.0252]
Epoch 14:  54%|#####.....| 315/585 [00:05:14<00:04:29,  1.00it/s, loss=0.0253]
Epoch 14:  55%|#####.....| 321/585 [00:05:19<00:04:22,  1.01it/s, loss=0.0252]
Epoch 14:  56%|#####.....| 327/585 [00:05:24<00:04:16,  1.01it/s, loss=0.0251]
Epoch 14:  57%|#####.....| 333/585 [00:05:30<00:04:10,  1.01it/s, loss=0.0251]
Epoch 14:  58%|#####.....| 338/585 [00:05:36<00:04:05,  1.01it/s, loss=0.0251]
Epoch 14:  59%|#####.....| 343/585 [00:05:41<00:04:01,  1.00it/s, loss=0.0252]
Epoch 14:  59%|#####.....| 348/585 [00:05:46<00:03:56,  1.00it/s, loss=0.0251]
Epoch 14:  60%|######....| 353/585 [00:05:52<00:03:51,  1.00it/s, loss=0.0252]
Epoch 14:  61%|######....| 358/585 [00:05:57<00:03:46,  1.00it/s, loss=0.0252]
Epoch 14:  62%|######....| 362/585 [00:06:02<00:03:43,  1.00it/s, loss=0.0252]
Epoch 14:  63%|######....| 368/585 [00:06:07<00:03:36,  1.00it/s, loss=0.0251]
Epoch 14:  64%|######....| 374/585 [00:06:13<00:03:30,  1.00it/s, loss=0.0251]
Epoch 14:  65%|######....| 380/585 [00:06:19<00:03:24,  1.00it/s, loss=0.0251]
Epoch 14:  66%|######....| 385/585 [00:06:25<00:03:20,  1.00it/s, loss=0.0251]
Epoch 14:  67%|######....| 391/585 [00:06:30<00:03:13,  1.00it/s, loss=0.0251]
Epoch 14:  68%|######....| 396/585 [00:06:35<00:03:08,  1.00it/s, loss=0.0251]
Epoch 14:  69%|######....| 401/585 [00:06:41<00:03:04,  1.00it/s, loss=0.0250]
Epoch 14:  70%|######....| 407/585 [00:06:47<00:02:58,  1.00it/s, loss=0.0250]
Epoch 14:  71%|#######...| 413/585 [00:06:52<00:02:51,  1.00it/s, loss=0.0249]
Epoch 14:  72%|#######...| 419/585 [00:06:58<00:02:45,  1.00it/s, loss=0.0249]
Epoch 14:  73%|#######...| 425/585 [00:07:03<00:02:39,  1.00it/s, loss=0.0249]
Epoch 14:  74%|#######...| 431/585 [00:07:09<00:02:33,  1.00it/s, loss=0.0249]
Epoch 14:  75%|#######...| 436/585 [00:07:14<00:02:28,  1.00it/s, loss=0.0250]
Epoch 14:  76%|#######...| 442/585 [00:07:20<00:02:22,  1.00it/s, loss=0.0249]
Epoch 14:  77%|#######...| 448/585 [00:07:25<00:02:16,  1.00it/s, loss=0.0249]
Epoch 14:  78%|#######...| 454/585 [00:07:31<00:02:10,  1.01it/s, loss=0.0249]
Epoch 14:  78%|#######...| 459/585 [00:07:37<00:02:05,  1.00it/s, loss=0.0249]
Epoch 14:  79%|#######...| 465/585 [00:07:43<00:01:59,  1.00it/s, loss=0.0249]
Epoch 14:  80%|########..| 470/585 [00:07:48<00:01:54,  1.00it/s, loss=0.0249]
Epoch 14:  81%|########..| 475/585 [00:07:53<00:01:49,  1.00it/s, loss=0.0248]
Epoch 14:  82%|########..| 481/585 [00:07:58<00:01:43,  1.00it/s, loss=0.0248]
Epoch 14:  83%|########..| 486/585 [00:08:04<00:01:38,  1.00it/s, loss=0.0248]
Epoch 14:  84%|########..| 492/585 [00:08:09<00:01:32,  1.01it/s, loss=0.0248]
Epoch 14:  85%|########..| 497/585 [00:08:15<00:01:27,  1.00it/s, loss=0.0249]
Epoch 14:  86%|########..| 503/585 [00:08:20<00:01:21,  1.00it/s, loss=0.0249]
Epoch 14:  87%|########..| 509/585 [00:08:26<00:01:15,  1.00it/s, loss=0.0249]
Epoch 14:  88%|########..| 515/585 [00:08:32<00:01:09,  1.01it/s, loss=0.0248]
Epoch 14:  89%|########..| 521/585 [00:08:38<00:01:03,  1.00it/s, loss=0.0248]
Epoch 14:  90%|########..| 526/585 [00:08:43<00:00:58,  1.00it/s, loss=0.0248]
Epoch 14:  91%|#########.| 531/585 [00:08:48<00:00:53,  1.00it/s, loss=0.0248]
Epoch 14:  92%|#########.| 536/585 [00:08:54<00:00:48,  1.00it/s, loss=0.0248]
Epoch 14:  93%|#########.| 542/585 [00:08:59<00:00:42,  1.00it/s, loss=0.0248]
Epoch 14:  94%|#########.| 548/585 [00:09:04<00:00:36,  1.01it/s, loss=0.0248]
Epoch 14:  95%|#########.| 553/585 [00:09:10<00:00:31,  1.01it/s, loss=0.0248]
Epoch 14:  95%|#########.| 558/585 [00:09:15<00:00:26,  1.00it/s, loss=0.0248]
Epoch 14:  96%|#########.| 563/585 [00:09:20<00:00:21,  1.00it/s, loss=0.0249]
Epoch 14:  97%|#########.| 568/585 [00:09:26<00:00:16,  1.00it/s, loss=0.0248]
Epoch 14:  98%|#########.| 574/585 [00:09:31<00:00:10,  1.00it/s, loss=0.0248]
Epoch 14:  99%|#########.| 579/585 [00:09:37<00:00:05,  1.00it/s, loss=0.0248]
Epoch 14: 100%|#########.| 583/585 [00:09:42<00:00:01,  1.00it/s, loss=0.0248]
Epoch 14: 100%|##########| 585/585 [00:09:44<00:00:00,  1.00it/s, loss=0.0248]
Test loss: 0.0253, Test rmsae: 7.71deg
{"event": "epoch_complete", "epoch": 14, "phase": 1, "lr": 0.0001, "batch_size": 1, "micro_batch_size": 1, "train_loss": 0.024834182356985715, "val_loss": 0.02534897072473541, "val_rmsae_deg": 7.708104848861694, "epoch_time_s": 584.8623171689997}
{"event": "checkpoint_saved", "tag": "best_rmsae", "epoch": 14, "path": "IFAN_Edge/outputs/stage3/ifan_stage3_long80_freqblock_paper_original_20260426_155330/checkpoints/best_rmsae.pt", "val_rmsae_deg": 7.708104848861694}
Epoch 15/80:
Epoch 15:   1%|..........| 5/585 [00:00:05<00:09:40,  1.00it/s, loss=0.0263]
Epoch 15:   2%|..........| 11/585 [00:00:10<00:09:15,  1.03it/s, loss=0.0241]
Epoch 15:   3%|..........| 17/585 [00:00:16<00:09:07,  1.04it/s, loss=0.0239]
Epoch 15:   4%|..........| 22/585 [00:00:21<00:09:21,  1.00it/s, loss=0.0236]
Epoch 15:   5%|..........| 28/585 [00:00:27<00:09:04,  1.02it/s, loss=0.0236]
Epoch 15:   6%|..........| 33/585 [00:00:32<00:09:04,  1.01it/s, loss=0.0233]
Epoch 15:   7%|..........| 39/585 [00:00:38<00:08:53,  1.02it/s, loss=0.0231]
Epoch 15:   8%|..........| 45/585 [00:00:43<00:08:39,  1.04it/s, loss=0.0232]
Epoch 15:   9%|..........| 50/585 [00:00:48<00:08:41,  1.03it/s, loss=0.0240]
Epoch 15:   9%|..........| 55/585 [00:00:54<00:08:44,  1.01it/s, loss=0.0253]
Epoch 15:  10%|#.........| 60/585 [00:00:59<00:08:40,  1.01it/s, loss=0.0251]
Epoch 15:  11%|#.........| 66/585 [00:01:05<00:08:32,  1.01it/s, loss=0.0250]
Epoch 15:  12%|#.........| 72/585 [00:01:10<00:08:24,  1.02it/s, loss=0.0250]
Epoch 15:  13%|#.........| 77/585 [00:01:15<00:08:20,  1.02it/s, loss=0.0250]
Epoch 15:  14%|#.........| 82/585 [00:01:20<00:08:16,  1.01it/s, loss=0.0250]
Epoch 15:  15%|#.........| 88/585 [00:01:26<00:08:09,  1.01it/s, loss=0.0248]
Epoch 15:  16%|#.........| 93/585 [00:01:32<00:08:09,  1.01it/s, loss=0.0247]
Epoch 15:  17%|#.........| 99/585 [00:01:38<00:08:04,  1.00it/s, loss=0.0245]
Epoch 15:  18%|#.........| 105/585 [00:01:44<00:07:57,  1.00it/s, loss=0.0246]
Epoch 15:  19%|#.........| 110/585 [00:01:49<00:07:53,  1.00it/s, loss=0.0245]
Epoch 15:  20%|#.........| 116/585 [00:01:55<00:07:46,  1.01it/s, loss=0.0247]
Epoch 15:  21%|##........| 120/585 [00:02:00<00:07:46,  1.00it/s, loss=0.0249]
Epoch 15:  21%|##........| 125/585 [00:02:05<00:07:43,  0.99it/s, loss=0.0249]
Epoch 15:  22%|##........| 130/585 [00:02:11<00:07:40,  0.99it/s, loss=0.0248]
Epoch 15:  23%|##........| 136/585 [00:02:17<00:07:33,  0.99it/s, loss=0.0246]
Epoch 15:  24%|##........| 142/585 [00:02:22<00:07:24,  1.00it/s, loss=0.0246]
Epoch 15:  25%|##........| 148/585 [00:02:28<00:07:18,  1.00it/s, loss=0.0246]
Epoch 15:  26%|##........| 154/585 [00:02:33<00:07:10,  1.00it/s, loss=0.0247]
Epoch 15:  28%|##........| 161/585 [00:02:40<00:07:01,  1.01it/s, loss=0.0246]
Epoch 15:  29%|##........| 167/585 [00:02:46<00:06:55,  1.01it/s, loss=0.0246]
Epoch 15:  29%|##........| 172/585 [00:02:51<00:06:50,  1.01it/s, loss=0.0246]
Epoch 15:  30%|###.......| 178/585 [00:02:57<00:06:44,  1.01it/s, loss=0.0247]
Epoch 15:  31%|###.......| 184/585 [00:03:02<00:06:38,  1.01it/s, loss=0.0246]
Epoch 15:  32%|###.......| 188/585 [00:03:08<00:06:37,  1.00it/s, loss=0.0246]
Epoch 15:  33%|###.......| 193/585 [00:03:13<00:06:33,  1.00it/s, loss=0.0246]
Epoch 15:  34%|###.......| 198/585 [00:03:19<00:06:29,  0.99it/s, loss=0.0248]
Epoch 15:  35%|###.......| 202/585 [00:03:24<00:06:27,  0.99it/s, loss=0.0248]
Epoch 15:  35%|###.......| 207/585 [00:03:29<00:06:22,  0.99it/s, loss=0.0255]
Epoch 15:  36%|###.......| 213/585 [00:03:35<00:06:16,  0.99it/s, loss=0.0256]
Epoch 15:  37%|###.......| 218/585 [00:03:40<00:06:11,  0.99it/s, loss=0.0259]
Epoch 15:  38%|###.......| 224/585 [00:03:46<00:06:05,  0.99it/s, loss=0.0258]
Epoch 15:  39%|###.......| 229/585 [00:03:51<00:06:00,  0.99it/s, loss=0.0258]
Epoch 15:  40%|####......| 234/585 [00:03:57<00:05:55,  0.99it/s, loss=0.0258]
Epoch 15:  41%|####......| 240/585 [00:04:02<00:05:48,  0.99it/s, loss=0.0259]
Epoch 15:  42%|####......| 246/585 [00:04:07<00:05:41,  0.99it/s, loss=0.0259]
Epoch 15:  43%|####......| 251/585 [00:04:13<00:05:36,  0.99it/s, loss=0.0260]
Epoch 15:  44%|####......| 257/585 [00:04:18<00:05:29,  0.99it/s, loss=0.0259]
Epoch 15:  45%|####......| 262/585 [00:04:23<00:05:25,  0.99it/s, loss=0.0260]
Epoch 15:  46%|####......| 268/585 [00:04:29<00:05:18,  0.99it/s, loss=0.0260]
Epoch 15:  47%|####......| 274/585 [00:04:34<00:05:11,  1.00it/s, loss=0.0260]
Epoch 15:  48%|####......| 279/585 [00:04:40<00:05:07,  1.00it/s, loss=0.0260]
Epoch 15:  49%|####......| 284/585 [00:04:45<00:05:02,  1.00it/s, loss=0.0263]
Epoch 15:  50%|####......| 290/585 [00:04:51<00:04:56,  1.00it/s, loss=0.0262]
Epoch 15:  50%|#####.....| 295/585 [00:04:56<00:04:51,  0.99it/s, loss=0.0262]
Epoch 15:  51%|#####.....| 300/585 [00:05:01<00:04:46,  0.99it/s, loss=0.0262]
Epoch 15:  52%|#####.....| 306/585 [00:05:07<00:04:40,  0.99it/s, loss=0.0261]
Epoch 15:  53%|#####.....| 312/585 [00:05:13<00:04:34,  0.99it/s, loss=0.0262]
Epoch 15:  54%|#####.....| 318/585 [00:05:19<00:04:27,  1.00it/s, loss=0.0262]
Epoch 15:  55%|#####.....| 323/585 [00:05:24<00:04:23,  1.00it/s, loss=0.0262]
Epoch 15:  56%|#####.....| 329/585 [00:05:30<00:04:16,  1.00it/s, loss=0.0262]
Epoch 15:  57%|#####.....| 334/585 [00:05:35<00:04:12,  0.99it/s, loss=0.0262]
Epoch 15:  58%|#####.....| 340/585 [00:05:41<00:04:05,  1.00it/s, loss=0.0262]
Epoch 15:  59%|#####.....| 346/585 [00:05:46<00:03:59,  1.00it/s, loss=0.0262]
Epoch 15:  60%|######....| 351/585 [00:05:51<00:03:54,  1.00it/s, loss=0.0263]
Epoch 15:  61%|######....| 356/585 [00:05:57<00:03:49,  1.00it/s, loss=0.0263]
Epoch 15:  62%|######....| 362/585 [00:06:02<00:03:43,  1.00it/s, loss=0.0263]
Epoch 15:  63%|######....| 368/585 [00:06:08<00:03:37,  1.00it/s, loss=0.0263]
Epoch 15:  64%|######....| 374/585 [00:06:14<00:03:31,  1.00it/s, loss=0.0264]
Epoch 15:  65%|######....| 380/585 [00:06:19<00:03:24,  1.00it/s, loss=0.0264]
Epoch 15:  66%|######....| 385/585 [00:06:25<00:03:20,  1.00it/s, loss=0.0264]
Epoch 15:  67%|######....| 391/585 [00:06:30<00:03:13,  1.00it/s, loss=0.0263]
Epoch 15:  68%|######....| 396/585 [00:06:36<00:03:09,  1.00it/s, loss=0.0263]
Epoch 15:  69%|######....| 401/585 [00:06:41<00:03:04,  1.00it/s, loss=0.0263]
Epoch 15:  70%|######....| 407/585 [00:06:47<00:02:58,  1.00it/s, loss=0.0264]
Epoch 15:  70%|#######...| 412/585 [00:06:52<00:02:53,  1.00it/s, loss=0.0263]
Epoch 15:  71%|#######...| 418/585 [00:06:57<00:02:46,  1.00it/s, loss=0.0263]
Epoch 15:  72%|#######...| 423/585 [00:07:03<00:02:42,  1.00it/s, loss=0.0263]
Epoch 15:  73%|#######...| 428/585 [00:07:08<00:02:37,  1.00it/s, loss=0.0263]
Epoch 15:  74%|#######...| 434/585 [00:07:14<00:02:31,  1.00it/s, loss=0.0263]
Epoch 15:  75%|#######...| 440/585 [00:07:20<00:02:25,  1.00it/s, loss=0.0263]
Epoch 15:  76%|#######...| 446/585 [00:07:25<00:02:18,  1.00it/s, loss=0.0262]
Epoch 15:  77%|#######...| 452/585 [00:07:31<00:02:12,  1.00it/s, loss=0.0262]
Epoch 15:  78%|#######...| 458/585 [00:07:37<00:02:06,  1.00it/s, loss=0.0262]
Epoch 15:  79%|#######...| 464/585 [00:07:44<00:02:01,  1.00it/s, loss=0.0263]
Epoch 15:  80%|########..| 470/585 [00:07:49<00:01:54,  1.00it/s, loss=0.0263]
Epoch 15:  81%|########..| 475/585 [00:07:54<00:01:49,  1.00it/s, loss=0.0263]
Epoch 15:  82%|########..| 480/585 [00:07:59<00:01:44,  1.00it/s, loss=0.0263]
Epoch 15:  83%|########..| 486/585 [00:08:05<00:01:38,  1.00it/s, loss=0.0263]
Epoch 15:  84%|########..| 492/585 [00:08:11<00:01:32,  1.00it/s, loss=0.0262]
Epoch 15:  85%|########..| 497/585 [00:08:16<00:01:27,  1.00it/s, loss=0.0262]
Epoch 15:  86%|########..| 503/585 [00:08:21<00:01:21,  1.00it/s, loss=0.0262]
Epoch 15:  87%|########..| 509/585 [00:08:27<00:01:15,  1.00it/s, loss=0.0262]
Epoch 15:  88%|########..| 515/585 [00:08:32<00:01:09,  1.00it/s, loss=0.0261]
Epoch 15:  89%|########..| 521/585 [00:08:38<00:01:03,  1.01it/s, loss=0.0261]
Epoch 15:  90%|#########.| 527/585 [00:08:43<00:00:57,  1.01it/s, loss=0.0260]
Epoch 15:  91%|#########.| 532/585 [00:08:49<00:00:52,  1.01it/s, loss=0.0260]
Epoch 15:  92%|#########.| 538/585 [00:08:55<00:00:46,  1.00it/s, loss=0.0260]
Epoch 15:  93%|#########.| 543/585 [00:09:00<00:00:41,  1.00it/s, loss=0.0260]
Epoch 15:  94%|#########.| 548/585 [00:09:06<00:00:36,  1.00it/s, loss=0.0260]
Epoch 15:  95%|#########.| 553/585 [00:09:11<00:00:31,  1.00it/s, loss=0.0260]
Epoch 15:  96%|#########.| 559/585 [00:09:17<00:00:25,  1.00it/s, loss=0.0260]
Epoch 15:  97%|#########.| 565/585 [00:09:23<00:00:19,  1.00it/s, loss=0.0260]
Epoch 15:  98%|#########.| 571/585 [00:09:29<00:00:13,  1.00it/s, loss=0.0260]
Epoch 15:  98%|#########.| 576/585 [00:09:35<00:00:08,  1.00it/s, loss=0.0260]
Epoch 15:  99%|#########.| 581/585 [00:09:40<00:00:03,  1.00it/s, loss=0.0260]
Epoch 15: 100%|##########| 585/585 [00:09:44<00:00:00,  1.00it/s, loss=0.0260]
Test loss: 0.0256, Test rmsae: 7.76deg
{"event": "epoch_complete", "epoch": 15, "phase": 1, "lr": 0.0001, "batch_size": 1, "micro_batch_size": 1, "train_loss": 0.026040348897759732, "val_loss": 0.025580866262316704, "val_rmsae_deg": 7.7593774646520615, "epoch_time_s": 585.7736548060002}
Epoch 16/80:
Epoch 16:   1%|..........| 6/585 [00:00:05<00:08:48,  1.10it/s, loss=0.0228]
Epoch 16:   2%|..........| 12/585 [00:00:11<00:08:55,  1.07it/s, loss=0.0224]
Epoch 16:   3%|..........| 18/585 [00:00:16<00:08:53,  1.06it/s, loss=0.0240]
Epoch 16:   4%|..........| 24/585 [00:00:22<00:08:49,  1.06it/s, loss=0.0241]
Epoch 16:   5%|..........| 29/585 [00:00:28<00:09:00,  1.03it/s, loss=0.0241]
Epoch 16:   6%|..........| 34/585 [00:00:33<00:09:01,  1.02it/s, loss=0.0243]
Epoch 16:   7%|..........| 40/585 [00:00:38<00:08:48,  1.03it/s, loss=0.0240]
Epoch 16:   8%|..........| 46/585 [00:00:44<00:08:42,  1.03it/s, loss=0.0242]
Epoch 16:   9%|..........| 52/585 [00:00:50<00:08:34,  1.04it/s, loss=0.0244]
Epoch 16:  10%|..........| 57/585 [00:00:55<00:08:35,  1.02it/s, loss=0.0244]
Epoch 16:  11%|#.........| 63/585 [00:01:01<00:08:28,  1.03it/s, loss=0.0245]
Epoch 16:  12%|#.........| 69/585 [00:01:07<00:08:24,  1.02it/s, loss=0.0246]
Epoch 16:  13%|#.........| 74/585 [00:01:12<00:08:22,  1.02it/s, loss=0.0245]
Epoch 16:  14%|#.........| 80/585 [00:01:18<00:08:15,  1.02it/s, loss=0.0243]
Epoch 16:  15%|#.........| 86/585 [00:01:23<00:08:06,  1.03it/s, loss=0.0241]
Epoch 16:  16%|#.........| 91/585 [00:01:28<00:08:03,  1.02it/s, loss=0.0239]
Epoch 16:  17%|#.........| 97/585 [00:01:34<00:07:56,  1.02it/s, loss=0.0238]
Epoch 16:  18%|#.........| 103/585 [00:01:40<00:07:50,  1.02it/s, loss=0.0239]
Epoch 16:  18%|#.........| 108/585 [00:01:46<00:07:49,  1.02it/s, loss=0.0240]
Epoch 16:  19%|#.........| 113/585 [00:01:51<00:07:46,  1.01it/s, loss=0.0241]
Epoch 16:  20%|##........| 119/585 [00:01:57<00:07:38,  1.02it/s, loss=0.0240]
Epoch 16:  21%|##........| 124/585 [00:02:02<00:07:34,  1.02it/s, loss=0.0240]
Epoch 16:  22%|##........| 130/585 [00:02:07<00:07:26,  1.02it/s, loss=0.0239]
Epoch 16:  23%|##........| 136/585 [00:02:12<00:07:18,  1.02it/s, loss=0.0238]
Epoch 16:  24%|##........| 142/585 [00:02:18<00:07:11,  1.03it/s, loss=0.0238]
Epoch 16:  25%|##........| 148/585 [00:02:23<00:07:04,  1.03it/s, loss=0.0237]
Epoch 16:  26%|##........| 151/585 [00:02:29<00:07:08,  1.01it/s, loss=0.0238]
Epoch 16:  27%|##........| 157/585 [00:02:34<00:07:02,  1.01it/s, loss=0.0239]
Epoch 16:  28%|##........| 163/585 [00:02:41<00:06:56,  1.01it/s, loss=0.0239]
Epoch 16:  29%|##........| 168/585 [00:02:46<00:06:52,  1.01it/s, loss=0.0240]
Epoch 16:  30%|##........| 173/585 [00:02:51<00:06:48,  1.01it/s, loss=0.0240]
Epoch 16:  31%|###.......| 179/585 [00:02:57<00:06:42,  1.01it/s, loss=0.0240]
Epoch 16:  32%|###.......| 185/585 [00:03:02<00:06:35,  1.01it/s, loss=0.0240]
Epoch 16:  33%|###.......| 191/585 [00:03:08<00:06:28,  1.01it/s, loss=0.0239]
Epoch 16:  34%|###.......| 196/585 [00:03:13<00:06:23,  1.01it/s, loss=0.0240]
Epoch 16:  34%|###.......| 201/585 [00:03:18<00:06:20,  1.01it/s, loss=0.0240]
Epoch 16:  35%|###.......| 207/585 [00:03:24<00:06:13,  1.01it/s, loss=0.0240]
Epoch 16:  36%|###.......| 212/585 [00:03:30<00:06:10,  1.01it/s, loss=0.0240]
Epoch 16:  37%|###.......| 218/585 [00:03:36<00:06:03,  1.01it/s, loss=0.0240]
Epoch 16:  38%|###.......| 223/585 [00:03:41<00:06:00,  1.01it/s, loss=0.0241]
Epoch 16:  39%|###.......| 229/585 [00:03:47<00:05:53,  1.01it/s, loss=0.0252]
Epoch 16:  40%|####......| 235/585 [00:03:53<00:05:47,  1.01it/s, loss=0.0252]
Epoch 16:  41%|####......| 240/585 [00:03:58<00:05:42,  1.01it/s, loss=0.0254]
Epoch 16:  42%|####......| 246/585 [00:04:04<00:05:36,  1.01it/s, loss=0.0254]
Epoch 16:  43%|####......| 251/585 [00:04:09<00:05:32,  1.01it/s, loss=0.0254]
Epoch 16:  44%|####......| 257/585 [00:04:15<00:05:25,  1.01it/s, loss=0.0253]
Epoch 16:  45%|####......| 263/585 [00:04:20<00:05:19,  1.01it/s, loss=0.0253]
Epoch 16:  46%|####......| 269/585 [00:04:26<00:05:13,  1.01it/s, loss=0.0253]
Epoch 16:  47%|####......| 275/585 [00:04:32<00:05:06,  1.01it/s, loss=0.0253]
Epoch 16:  48%|####......| 281/585 [00:04:37<00:05:00,  1.01it/s, loss=0.0253]
Epoch 16:  49%|####......| 286/585 [00:04:43<00:04:56,  1.01it/s, loss=0.0253]
Epoch 16:  50%|####......| 291/585 [00:04:48<00:04:51,  1.01it/s, loss=0.0253]
Epoch 16:  51%|#####.....| 297/585 [00:04:53<00:04:44,  1.01it/s, loss=0.0253]
Epoch 16:  51%|#####.....| 301/585 [00:04:59<00:04:42,  1.01it/s, loss=0.0255]
Epoch 16:  52%|#####.....| 306/585 [00:05:04<00:04:37,  1.01it/s, loss=0.0255]
Epoch 16:  53%|#####.....| 312/585 [00:05:10<00:04:31,  1.01it/s, loss=0.0254]
Epoch 16:  54%|#####.....| 318/585 [00:05:15<00:04:24,  1.01it/s, loss=0.0254]
Epoch 16:  55%|#####.....| 324/585 [00:05:21<00:04:19,  1.01it/s, loss=0.0254]
Epoch 16:  56%|#####.....| 329/585 [00:05:27<00:04:14,  1.01it/s, loss=0.0254]
Epoch 16:  57%|#####.....| 335/585 [00:05:32<00:04:08,  1.01it/s, loss=0.0254]
Epoch 16:  58%|#####.....| 340/585 [00:05:37<00:04:03,  1.01it/s, loss=0.0254]
Epoch 16:  59%|#####.....| 346/585 [00:05:44<00:03:58,  1.00it/s, loss=0.0255]
Epoch 16:  60%|######....| 352/585 [00:05:50<00:03:51,  1.01it/s, loss=0.0254]
Epoch 16:  61%|######....| 357/585 [00:05:55<00:03:46,  1.00it/s, loss=0.0255]
Epoch 16:  62%|######....| 362/585 [00:06:00<00:03:42,  1.00it/s, loss=0.0255]
Epoch 16:  63%|######....| 368/585 [00:06:06<00:03:35,  1.01it/s, loss=0.0255]
Epoch 16:  64%|######....| 374/585 [00:06:11<00:03:29,  1.01it/s, loss=0.0255]
Epoch 16:  65%|######....| 380/585 [00:06:17<00:03:23,  1.01it/s, loss=0.0255]
Epoch 16:  66%|######....| 385/585 [00:06:22<00:03:18,  1.01it/s, loss=0.0255]
Epoch 16:  67%|######....| 391/585 [00:06:28<00:03:12,  1.01it/s, loss=0.0255]
Epoch 16:  68%|######....| 396/585 [00:06:33<00:03:07,  1.01it/s, loss=0.0254]
Epoch 16:  69%|######....| 402/585 [00:06:39<00:03:01,  1.01it/s, loss=0.0254]
Epoch 16:  70%|######....| 408/585 [00:06:44<00:02:55,  1.01it/s, loss=0.0254]
Epoch 16:  71%|#######...| 413/585 [00:06:50<00:02:50,  1.01it/s, loss=0.0254]
Epoch 16:  72%|#######...| 419/585 [00:06:55<00:02:44,  1.01it/s, loss=0.0254]
Epoch 16:  72%|#######...| 424/585 [00:07:00<00:02:39,  1.01it/s, loss=0.0254]
Epoch 16:  73%|#######...| 429/585 [00:07:06<00:02:34,  1.01it/s, loss=0.0254]
Epoch 16:  74%|#######...| 434/585 [00:07:11<00:02:30,  1.01it/s, loss=0.0253]
Epoch 16:  75%|#######...| 439/585 [00:07:17<00:02:25,  1.00it/s, loss=0.0256]
Epoch 16:  76%|#######...| 444/585 [00:07:23<00:02:20,  1.00it/s, loss=0.0257]
Epoch 16:  77%|#######...| 450/585 [00:07:28<00:02:14,  1.00it/s, loss=0.0257]
Epoch 16:  78%|#######...| 455/585 [00:07:33<00:02:09,  1.00it/s, loss=0.0257]
Epoch 16:  79%|#######...| 461/585 [00:07:39<00:02:03,  1.00it/s, loss=0.0257]
Epoch 16:  80%|#######...| 466/585 [00:07:44<00:01:58,  1.00it/s, loss=0.0257]
Epoch 16:  81%|########..| 472/585 [00:07:49<00:01:52,  1.00it/s, loss=0.0256]
Epoch 16:  82%|########..| 478/585 [00:07:55<00:01:46,  1.01it/s, loss=0.0256]
Epoch 16:  83%|########..| 484/585 [00:08:01<00:01:40,  1.01it/s, loss=0.0256]
Epoch 16:  84%|########..| 490/585 [00:08:07<00:01:34,  1.01it/s, loss=0.0256]
Epoch 16:  85%|########..| 496/585 [00:08:12<00:01:28,  1.01it/s, loss=0.0256]
Epoch 16:  86%|########..| 502/585 [00:08:18<00:01:22,  1.01it/s, loss=0.0256]
Epoch 16:  87%|########..| 507/585 [00:08:23<00:01:17,  1.01it/s, loss=0.0256]
Epoch 16:  88%|########..| 512/585 [00:08:29<00:01:12,  1.00it/s, loss=0.0256]
Epoch 16:  89%|########..| 518/585 [00:08:35<00:01:06,  1.01it/s, loss=0.0256]
Epoch 16:  89%|########..| 523/585 [00:08:40<00:01:01,  1.00it/s, loss=0.0256]
Epoch 16:  90%|#########.| 529/585 [00:08:46<00:00:55,  1.00it/s, loss=0.0256]
Epoch 16:  91%|#########.| 534/585 [00:08:51<00:00:50,  1.00it/s, loss=0.0256]
Epoch 16:  92%|#########.| 538/585 [00:08:56<00:00:46,  1.00it/s, loss=0.0256]
Epoch 16:  93%|#########.| 544/585 [00:09:02<00:00:40,  1.00it/s, loss=0.0256]
Epoch 16:  94%|#########.| 550/585 [00:09:07<00:00:34,  1.00it/s, loss=0.0256]
Epoch 16:  95%|#########.| 556/585 [00:09:12<00:00:28,  1.01it/s, loss=0.0255]
Epoch 16:  96%|#########.| 561/585 [00:09:18<00:00:23,  1.00it/s, loss=0.0255]
Epoch 16:  97%|#########.| 566/585 [00:09:24<00:00:18,  1.00it/s, loss=0.0255]
Epoch 16:  98%|#########.| 571/585 [00:09:29<00:00:13,  1.00it/s, loss=0.0255]
Epoch 16:  99%|#########.| 577/585 [00:09:35<00:00:07,  1.00it/s, loss=0.0255]
Epoch 16: 100%|#########.| 583/585 [00:09:41<00:00:01,  1.00it/s, loss=0.0255]
Epoch 16: 100%|##########| 585/585 [00:09:42<00:00:00,  1.00it/s, loss=0.0255]
Test loss: 0.0257, Test rmsae: 8.52deg
{"event": "epoch_complete", "epoch": 16, "phase": 1, "lr": 0.0001, "batch_size": 1, "micro_batch_size": 1, "train_loss": 0.02549145681799477, "val_loss": 0.0257063785684295, "val_rmsae_deg": 8.521504074335098, "epoch_time_s": 583.7803046629997}
Epoch 17/80:
Epoch 17:   1%|..........| 5/585 [00:00:05<00:09:55,  0.97it/s, loss=0.0260]
Epoch 17:   2%|..........| 9/585 [00:00:10<00:10:49,  0.89it/s, loss=0.0273]
Epoch 17:   3%|..........| 15/585 [00:00:15<00:10:01,  0.95it/s, loss=0.0254]
Epoch 17:   3%|..........| 20/585 [00:00:21<00:09:59,  0.94it/s, loss=0.0251]
Epoch 17:   4%|..........| 26/585 [00:00:26<00:09:33,  0.97it/s, loss=0.0245]
Epoch 17:   5%|..........| 32/585 [00:00:32<00:09:16,  0.99it/s, loss=0.0251]
Epoch 17:   6%|..........| 37/585 [00:00:37<00:09:15,  0.99it/s, loss=0.0262]
Epoch 17:   7%|..........| 42/585 [00:00:42<00:09:10,  0.99it/s, loss=0.0260]
Epoch 17:   8%|..........| 48/585 [00:00:48<00:09:02,  0.99it/s, loss=0.0255]
Epoch 17:   9%|..........| 54/585 [00:00:54<00:08:56,  0.99it/s, loss=0.0252]
Epoch 17:  10%|#.........| 60/585 [00:01:01<00:08:57,  0.98it/s, loss=0.0276]
Epoch 17:  11%|#.........| 65/585 [00:01:06<00:08:53,  0.97it/s, loss=0.0285]
Epoch 17:  12%|#.........| 70/585 [00:01:11<00:08:48,  0.97it/s, loss=0.0284]
Epoch 17:  13%|#.........| 76/585 [00:01:17<00:08:40,  0.98it/s, loss=0.0289]
Epoch 17:  14%|#.........| 82/585 [00:01:23<00:08:31,  0.98it/s, loss=0.0287]
Epoch 17:  15%|#.........| 87/585 [00:01:29<00:08:32,  0.97it/s, loss=0.0287]
Epoch 17:  16%|#.........| 93/585 [00:01:34<00:08:22,  0.98it/s, loss=0.0286]
Epoch 17:  17%|#.........| 99/585 [00:01:41<00:08:16,  0.98it/s, loss=0.0284]
Epoch 17:  18%|#.........| 105/585 [00:01:46<00:08:07,  0.98it/s, loss=0.0282]
Epoch 17:  19%|#.........| 110/585 [00:01:51<00:08:02,  0.98it/s, loss=0.0280]
Epoch 17:  20%|#.........| 116/585 [00:01:57<00:07:54,  0.99it/s, loss=0.0281]
Epoch 17:  21%|##........| 121/585 [00:02:02<00:07:50,  0.99it/s, loss=0.0279]
Epoch 17:  22%|##........| 127/585 [00:02:08<00:07:42,  0.99it/s, loss=0.0277]
Epoch 17:  23%|##........| 133/585 [00:02:14<00:07:36,  0.99it/s, loss=0.0276]
Epoch 17:  24%|##........| 139/585 [00:02:20<00:07:29,  0.99it/s, loss=0.0277]
Epoch 17:  25%|##........| 145/585 [00:02:25<00:07:21,  1.00it/s, loss=0.0276]
Epoch 17:  26%|##........| 151/585 [00:02:30<00:07:13,  1.00it/s, loss=0.0275]
Epoch 17:  27%|##........| 157/585 [00:02:36<00:07:07,  1.00it/s, loss=0.0275]
Epoch 17:  28%|##........| 162/585 [00:02:42<00:07:03,  1.00it/s, loss=0.0274]
Epoch 17:  29%|##........| 168/585 [00:02:47<00:06:56,  1.00it/s, loss=0.0275]
Epoch 17:  30%|##........| 173/585 [00:02:53<00:06:53,  1.00it/s, loss=0.0277]
Epoch 17:  31%|###.......| 179/585 [00:02:59<00:06:46,  1.00it/s, loss=0.0275]
Epoch 17:  31%|###.......| 184/585 [00:03:04<00:06:42,  1.00it/s, loss=0.0275]
Epoch 17:  32%|###.......| 189/585 [00:03:10<00:06:38,  0.99it/s, loss=0.0274]
Epoch 17:  33%|###.......| 194/585 [00:03:15<00:06:33,  0.99it/s, loss=0.0274]
Epoch 17:  34%|###.......| 199/585 [00:03:20<00:06:28,  0.99it/s, loss=0.0275]
Epoch 17:  35%|###.......| 205/585 [00:03:25<00:06:21,  1.00it/s, loss=0.0274]
Epoch 17:  36%|###.......| 211/585 [00:03:31<00:06:15,  1.00it/s, loss=0.0276]
Epoch 17:  37%|###.......| 217/585 [00:03:37<00:06:08,  1.00it/s, loss=0.0276]
Epoch 17:  38%|###.......| 222/585 [00:03:43<00:06:04,  0.99it/s, loss=0.0275]
Epoch 17:  39%|###.......| 228/585 [00:03:49<00:05:58,  1.00it/s, loss=0.0275]
Epoch 17:  40%|####......| 234/585 [00:03:54<00:05:52,  1.00it/s, loss=0.0275]
Epoch 17:  41%|####......| 240/585 [00:04:00<00:05:45,  1.00it/s, loss=0.0275]
Epoch 17:  42%|####......| 246/585 [00:04:06<00:05:39,  1.00it/s, loss=0.0274]
Epoch 17:  43%|####......| 252/585 [00:04:12<00:05:33,  1.00it/s, loss=0.0273]
Epoch 17:  44%|####......| 258/585 [00:04:17<00:05:26,  1.00it/s, loss=0.0272]
Epoch 17:  45%|####......| 264/585 [00:04:23<00:05:20,  1.00it/s, loss=0.0272]
Epoch 17:  46%|####......| 270/585 [00:04:29<00:05:13,  1.00it/s, loss=0.0271]
Epoch 17:  47%|####......| 275/585 [00:04:34<00:05:08,  1.00it/s, loss=0.0271]
Epoch 17:  48%|####......| 281/585 [00:04:39<00:05:02,  1.01it/s, loss=0.0271]
Epoch 17:  49%|####......| 286/585 [00:04:44<00:04:57,  1.00it/s, loss=0.0270]
Epoch 17:  50%|####......| 292/585 [00:04:50<00:04:51,  1.01it/s, loss=0.0270]
Epoch 17:  51%|#####.....| 298/585 [00:04:55<00:04:44,  1.01it/s, loss=0.0269]
Epoch 17:  52%|#####.....| 304/585 [00:05:01<00:04:38,  1.01it/s, loss=0.0268]
Epoch 17:  53%|#####.....| 309/585 [00:05:06<00:04:33,  1.01it/s, loss=0.0267]
Epoch 17:  54%|#####.....| 315/585 [00:05:12<00:04:27,  1.01it/s, loss=0.0267]
Epoch 17:  55%|#####.....| 321/585 [00:05:17<00:04:21,  1.01it/s, loss=0.0266]
Epoch 17:  56%|#####.....| 327/585 [00:05:23<00:04:15,  1.01it/s, loss=0.0265]
Epoch 17:  57%|#####.....| 333/585 [00:05:29<00:04:09,  1.01it/s, loss=0.0265]
Epoch 17:  58%|#####.....| 338/585 [00:05:34<00:04:04,  1.01it/s, loss=0.0265]
Epoch 17:  59%|#####.....| 343/585 [00:05:40<00:04:00,  1.01it/s, loss=0.0265]
Epoch 17:  59%|#####.....| 348/585 [00:05:46<00:03:56,  1.00it/s, loss=0.0264]
Epoch 17:  60%|######....| 353/585 [00:05:52<00:03:51,  1.00it/s, loss=0.0264]
Epoch 17:  61%|######....| 358/585 [00:05:57<00:03:46,  1.00it/s, loss=0.0264]
Epoch 17:  62%|######....| 363/585 [00:06:02<00:03:41,  1.00it/s, loss=0.0263]
Epoch 17:  63%|######....| 368/585 [00:06:07<00:03:36,  1.00it/s, loss=0.0265]
Epoch 17:  64%|######....| 374/585 [00:06:12<00:03:30,  1.00it/s, loss=0.0264]
Epoch 17:  65%|######....| 380/585 [00:06:18<00:03:24,  1.00it/s, loss=0.0263]
Epoch 17:  66%|######....| 385/585 [00:06:23<00:03:19,  1.00it/s, loss=0.0263]
Epoch 17:  67%|######....| 390/585 [00:06:29<00:03:14,  1.00it/s, loss=0.0263]
Epoch 17:  68%|######....| 396/585 [00:06:34<00:03:08,  1.00it/s, loss=0.0262]
Epoch 17:  69%|######....| 402/585 [00:06:40<00:03:02,  1.00it/s, loss=0.0262]
Epoch 17:  70%|######....| 407/585 [00:06:45<00:02:57,  1.00it/s, loss=0.0262]
Epoch 17:  70%|#######...| 412/585 [00:06:50<00:02:52,  1.00it/s, loss=0.0261]
Epoch 17:  71%|#######...| 418/585 [00:06:56<00:02:46,  1.00it/s, loss=0.0261]
Epoch 17:  72%|#######...| 423/585 [00:07:01<00:02:41,  1.00it/s, loss=0.0261]
Epoch 17:  73%|#######...| 429/585 [00:07:07<00:02:35,  1.00it/s, loss=0.0260]
Epoch 17:  74%|#######...| 434/585 [00:07:12<00:02:30,  1.00it/s, loss=0.0260]
Epoch 17:  75%|#######...| 439/585 [00:07:17<00:02:25,  1.00it/s, loss=0.0260]
Epoch 17:  76%|#######...| 444/585 [00:07:23<00:02:20,  1.00it/s, loss=0.0260]
Epoch 17:  77%|#######...| 449/585 [00:07:28<00:02:15,  1.00it/s, loss=0.0260]
Epoch 17:  78%|#######...| 454/585 [00:07:34<00:02:11,  1.00it/s, loss=0.0259]
Epoch 17:  79%|#######...| 460/585 [00:07:40<00:02:05,  1.00it/s, loss=0.0259]
Epoch 17:  80%|#######...| 466/585 [00:07:45<00:01:58,  1.00it/s, loss=0.0259]
Epoch 17:  81%|########..| 472/585 [00:07:50<00:01:52,  1.00it/s, loss=0.0258]
Epoch 17:  82%|########..| 477/585 [00:07:55<00:01:47,  1.00it/s, loss=0.0258]
Epoch 17:  83%|########..| 483/585 [00:08:01<00:01:41,  1.00it/s, loss=0.0257]
Epoch 17:  84%|########..| 489/585 [00:08:07<00:01:35,  1.00it/s, loss=0.0256]
Epoch 17:  84%|########..| 494/585 [00:08:12<00:01:30,  1.00it/s, loss=0.0256]
Epoch 17:  85%|########..| 500/585 [00:08:18<00:01:24,  1.00it/s, loss=0.0256]
Epoch 17:  86%|########..| 504/585 [00:08:23<00:01:20,  1.00it/s, loss=0.0256]
Epoch 17:  87%|########..| 509/585 [00:08:29<00:01:16,  1.00it/s, loss=0.0256]
Epoch 17:  88%|########..| 515/585 [00:08:35<00:01:10,  1.00it/s, loss=0.0255]
Epoch 17:  89%|########..| 520/585 [00:08:40<00:01:05,  1.00it/s, loss=0.0255]
Epoch 17:  90%|########..| 526/585 [00:08:46<00:00:59,  1.00it/s, loss=0.0255]
Epoch 17:  91%|#########.| 531/585 [00:08:51<00:00:54,  1.00it/s, loss=0.0255]
Epoch 17:  92%|#########.| 537/585 [00:08:56<00:00:47,  1.00it/s, loss=0.0255]
Epoch 17:  93%|#########.| 542/585 [00:09:02<00:00:43,  1.00it/s, loss=0.0255]
Epoch 17:  94%|#########.| 548/585 [00:09:07<00:00:36,  1.00it/s, loss=0.0255]
Epoch 17:  95%|#########.| 554/585 [00:09:13<00:00:30,  1.00it/s, loss=0.0254]
Epoch 17:  96%|#########.| 560/585 [00:09:19<00:00:24,  1.00it/s, loss=0.0254]
Epoch 17:  97%|#########.| 566/585 [00:09:24<00:00:18,  1.00it/s, loss=0.0254]
Epoch 17:  98%|#########.| 571/585 [00:09:29<00:00:13,  1.00it/s, loss=0.0254]
Epoch 17:  98%|#########.| 576/585 [00:09:35<00:00:08,  1.00it/s, loss=0.0253]
Epoch 17:  99%|#########.| 582/585 [00:09:40<00:00:02,  1.00it/s, loss=0.0253]
Epoch 17: 100%|##########| 585/585 [00:09:43<00:00:00,  1.00it/s, loss=0.0253]
Test loss: 0.0251, Test rmsae: 7.79deg
{"event": "epoch_complete", "epoch": 17, "phase": 1, "lr": 0.0001, "batch_size": 1, "micro_batch_size": 1, "train_loss": 0.025339977072281205, "val_loss": 0.025127573288045824, "val_rmsae_deg": 7.786522820591927, "epoch_time_s": 584.2237653069988}
Epoch 18/80:
Epoch 18:   1%|..........| 5/585 [00:00:05<00:09:55,  0.97it/s, loss=0.0275]
Epoch 18:   2%|..........| 10/585 [00:00:10<00:10:00,  0.96it/s, loss=0.0243]
Epoch 18:   3%|..........| 16/585 [00:00:16<00:09:36,  0.99it/s, loss=0.0235]
Epoch 18:   4%|..........| 21/585 [00:00:21<00:09:37,  0.98it/s, loss=0.0248]
Epoch 18:   5%|..........| 27/585 [00:00:27<00:09:22,  0.99it/s, loss=0.0243]
Epoch 18:   6%|..........| 33/585 [00:00:32<00:09:03,  1.02it/s, loss=0.0241]
Epoch 18:   6%|..........| 38/585 [00:00:38<00:09:10,  0.99it/s, loss=0.0245]
Epoch 18:   8%|..........| 44/585 [00:00:43<00:08:57,  1.01it/s, loss=0.0242]
Epoch 18:   9%|..........| 50/585 [00:00:48<00:08:44,  1.02it/s, loss=0.0239]
Epoch 18:  10%|..........| 56/585 [00:00:54<00:08:37,  1.02it/s, loss=0.0243]
Epoch 18:  11%|#.........| 62/585 [00:01:00<00:08:31,  1.02it/s, loss=0.0244]
Epoch 18:  12%|#.........| 68/585 [00:01:06<00:08:22,  1.03it/s, loss=0.0244]
Epoch 18:  12%|#.........| 73/585 [00:01:11<00:08:24,  1.01it/s, loss=0.0245]
Epoch 18:  14%|#.........| 79/585 [00:01:17<00:08:14,  1.02it/s, loss=0.0244]
Epoch 18:  15%|#.........| 85/585 [00:01:23<00:08:10,  1.02it/s, loss=0.0244]
Epoch 18:  16%|#.........| 91/585 [00:01:30<00:08:11,  1.00it/s, loss=0.0246]
Epoch 18:  17%|#.........| 97/585 [00:01:36<00:08:04,  1.01it/s, loss=0.0246]
Epoch 18:  17%|#.........| 102/585 [00:01:41<00:08:01,  1.00it/s, loss=0.0249]
Epoch 18:  18%|#.........| 108/585 [00:01:47<00:07:56,  1.00it/s, loss=0.0249]
Epoch 18:  19%|#.........| 113/585 [00:01:52<00:07:51,  1.00it/s, loss=0.0248]
Epoch 18:  20%|##........| 118/585 [00:01:58<00:07:47,  1.00it/s, loss=0.0248]
Epoch 18:  21%|##........| 124/585 [00:02:03<00:07:40,  1.00it/s, loss=0.0253]
Epoch 18:  22%|##........| 130/585 [00:02:09<00:07:33,  1.00it/s, loss=0.0251]
Epoch 18:  23%|##........| 136/585 [00:02:15<00:07:27,  1.00it/s, loss=0.0251]
Epoch 18:  24%|##........| 142/585 [00:02:21<00:07:20,  1.00it/s, loss=0.0250]
Epoch 18:  25%|##........| 148/585 [00:02:27<00:07:14,  1.01it/s, loss=0.0250]
Epoch 18:  26%|##........| 153/585 [00:02:32<00:07:10,  1.00it/s, loss=0.0248]
Epoch 18:  27%|##........| 158/585 [00:02:37<00:07:06,  1.00it/s, loss=0.0249]
Epoch 18:  28%|##........| 163/585 [00:02:43<00:07:02,  1.00it/s, loss=0.0248]
Epoch 18:  29%|##........| 169/585 [00:02:49<00:06:56,  1.00it/s, loss=0.0248]
Epoch 18:  30%|##........| 174/585 [00:02:54<00:06:51,  1.00it/s, loss=0.0248]
Epoch 18:  31%|###.......| 179/585 [00:02:59<00:06:47,  1.00it/s, loss=0.0248]
Epoch 18:  31%|###.......| 184/585 [00:03:04<00:06:42,  1.00it/s, loss=0.0247]
Epoch 18:  32%|###.......| 190/585 [00:03:10<00:06:35,  1.00it/s, loss=0.0247]
Epoch 18:  33%|###.......| 195/585 [00:03:15<00:06:31,  1.00it/s, loss=0.0248]
Epoch 18:  34%|###.......| 201/585 [00:03:21<00:06:25,  1.00it/s, loss=0.0249]
Epoch 18:  35%|###.......| 207/585 [00:03:26<00:06:17,  1.00it/s, loss=0.0249]
Epoch 18:  36%|###.......| 212/585 [00:03:32<00:06:13,  1.00it/s, loss=0.0249]
Epoch 18:  37%|###.......| 217/585 [00:03:37<00:06:09,  1.00it/s, loss=0.0250]
Epoch 18:  38%|###.......| 223/585 [00:03:43<00:06:02,  1.00it/s, loss=0.0249]
Epoch 18:  39%|###.......| 228/585 [00:03:48<00:05:57,  1.00it/s, loss=0.0251]
Epoch 18:  40%|####......| 234/585 [00:03:53<00:05:50,  1.00it/s, loss=0.0251]
Epoch 18:  41%|####......| 239/585 [00:03:59<00:05:46,  1.00it/s, loss=0.0251]
Epoch 18:  42%|####......| 245/585 [00:04:05<00:05:40,  1.00it/s, loss=0.0252]
Epoch 18:  43%|####......| 250/585 [00:04:10<00:05:35,  1.00it/s, loss=0.0252]
Epoch 18:  44%|####......| 256/585 [00:04:16<00:05:29,  1.00it/s, loss=0.0251]
Epoch 18:  45%|####......| 262/585 [00:04:22<00:05:23,  1.00it/s, loss=0.0251]
Epoch 18:  46%|####......| 267/585 [00:04:27<00:05:18,  1.00it/s, loss=0.0251]
Epoch 18:  47%|####......| 273/585 [00:04:33<00:05:12,  1.00it/s, loss=0.0251]
Epoch 18:  47%|####......| 277/585 [00:04:38<00:05:09,  0.99it/s, loss=0.0251]
Epoch 18:  48%|####......| 283/585 [00:04:44<00:05:03,  1.00it/s, loss=0.0251]
Epoch 18:  49%|####......| 288/585 [00:04:49<00:04:58,  1.00it/s, loss=0.0250]
Epoch 18:  50%|#####.....| 293/585 [00:04:54<00:04:53,  1.00it/s, loss=0.0250]
Epoch 18:  51%|#####.....| 299/585 [00:04:59<00:04:46,  1.00it/s, loss=0.0250]
Epoch 18:  52%|#####.....| 305/585 [00:05:05<00:04:40,  1.00it/s, loss=0.0250]
Epoch 18:  53%|#####.....| 311/585 [00:05:11<00:04:34,  1.00it/s, loss=0.0251]
Epoch 18:  54%|#####.....| 316/585 [00:05:17<00:04:29,  1.00it/s, loss=0.0250]
Epoch 18:  55%|#####.....| 322/585 [00:05:23<00:04:23,  1.00it/s, loss=0.0250]
Epoch 18:  56%|#####.....| 328/585 [00:05:28<00:04:17,  1.00it/s, loss=0.0250]
Epoch 18:  57%|#####.....| 332/585 [00:05:34<00:04:14,  0.99it/s, loss=0.0250]
Epoch 18:  58%|#####.....| 337/585 [00:05:39<00:04:09,  0.99it/s, loss=0.0250]
Epoch 18:  59%|#####.....| 343/585 [00:05:45<00:04:03,  0.99it/s, loss=0.0250]
Epoch 18:  60%|#####.....| 349/585 [00:05:50<00:03:57,  1.00it/s, loss=0.0250]
Epoch 18:  61%|######....| 355/585 [00:05:56<00:03:50,  1.00it/s, loss=0.0250]
Epoch 18:  62%|######....| 361/585 [00:06:01<00:03:44,  1.00it/s, loss=0.0250]
Epoch 18:  63%|######....| 366/585 [00:06:06<00:03:39,  1.00it/s, loss=0.0250]
Epoch 18:  63%|######....| 371/585 [00:06:11<00:03:34,  1.00it/s, loss=0.0249]
Epoch 18:  64%|######....| 377/585 [00:06:17<00:03:28,  1.00it/s, loss=0.0250]
Epoch 18:  65%|######....| 383/585 [00:06:23<00:03:22,  1.00it/s, loss=0.0249]
Epoch 18:  66%|######....| 388/585 [00:06:28<00:03:17,  1.00it/s, loss=0.0249]
Epoch 18:  67%|######....| 394/585 [00:06:33<00:03:10,  1.00it/s, loss=0.0248]
Epoch 18:  68%|######....| 400/585 [00:06:38<00:03:04,  1.00it/s, loss=0.0248]
Epoch 18:  69%|######....| 404/585 [00:06:44<00:03:01,  1.00it/s, loss=0.0248]
Epoch 18:  70%|#######...| 410/585 [00:06:50<00:02:55,  1.00it/s, loss=0.0248]
Epoch 18:  71%|#######...| 414/585 [00:06:55<00:02:51,  1.00it/s, loss=0.0248]
Epoch 18:  72%|#######...| 419/585 [00:07:00<00:02:46,  1.00it/s, loss=0.0247]
Epoch 18:  72%|#######...| 424/585 [00:07:06<00:02:41,  0.99it/s, loss=0.0247]
Epoch 18:  73%|#######...| 429/585 [00:07:11<00:02:36,  0.99it/s, loss=0.0248]
Epoch 18:  74%|#######...| 435/585 [00:07:17<00:02:30,  1.00it/s, loss=0.0248]
Epoch 18:  75%|#######...| 440/585 [00:07:22<00:02:25,  0.99it/s, loss=0.0248]
Epoch 18:  76%|#######...| 446/585 [00:07:27<00:02:19,  1.00it/s, loss=0.0247]
Epoch 18:  77%|#######...| 452/585 [00:07:33<00:02:13,  1.00it/s, loss=0.0248]
Epoch 18:  78%|#######...| 458/585 [00:07:38<00:02:07,  1.00it/s, loss=0.0247]
Epoch 18:  79%|#######...| 463/585 [00:07:43<00:02:02,  1.00it/s, loss=0.0247]
Epoch 18:  80%|########..| 468/585 [00:07:49<00:01:57,  1.00it/s, loss=0.0248]
Epoch 18:  81%|########..| 474/585 [00:07:55<00:01:51,  1.00it/s, loss=0.0248]
Epoch 18:  82%|########..| 479/585 [00:08:00<00:01:46,  1.00it/s, loss=0.0248]
Epoch 18:  83%|########..| 484/585 [00:08:05<00:01:41,  1.00it/s, loss=0.0248]
Epoch 18:  84%|########..| 490/585 [00:08:11<00:01:35,  1.00it/s, loss=0.0248]
Epoch 18:  85%|########..| 496/585 [00:08:18<00:01:29,  1.00it/s, loss=0.0247]
Epoch 18:  86%|########..| 502/585 [00:08:23<00:01:23,  1.00it/s, loss=0.0247]
Epoch 18:  87%|########..| 508/585 [00:08:28<00:01:17,  1.00it/s, loss=0.0247]
Epoch 18:  88%|########..| 514/585 [00:08:34<00:01:11,  1.00it/s, loss=0.0247]
Epoch 18:  89%|########..| 519/585 [00:08:39<00:01:06,  1.00it/s, loss=0.0247]
Epoch 18:  90%|########..| 525/585 [00:08:45<00:01:00,  1.00it/s, loss=0.0247]
Epoch 18:  91%|#########.| 531/585 [00:08:51<00:00:54,  1.00it/s, loss=0.0247]
Epoch 18:  92%|#########.| 537/585 [00:08:56<00:00:47,  1.00it/s, loss=0.0246]
Epoch 18:  93%|#########.| 543/585 [00:09:02<00:00:41,  1.00it/s, loss=0.0246]
Epoch 18:  94%|#########.| 548/585 [00:09:08<00:00:37,  1.00it/s, loss=0.0247]
Epoch 18:  95%|#########.| 554/585 [00:09:13<00:00:30,  1.00it/s, loss=0.0246]
Epoch 18:  96%|#########.| 560/585 [00:09:19<00:00:24,  1.00it/s, loss=0.0246]
Epoch 18:  97%|#########.| 565/585 [00:09:25<00:00:20,  1.00it/s, loss=0.0246]
Epoch 18:  97%|#########.| 570/585 [00:09:30<00:00:15,  1.00it/s, loss=0.0246]
Epoch 18:  98%|#########.| 575/585 [00:09:35<00:00:10,  1.00it/s, loss=0.0246]
Epoch 18:  99%|#########.| 581/585 [00:09:41<00:00:04,  1.00it/s, loss=0.0246]
Epoch 18: 100%|##########| 585/585 [00:09:45<00:00:00,  1.00it/s, loss=0.0246]
Test loss: 0.0246, Test rmsae: 7.18deg
{"event": "epoch_complete", "epoch": 18, "phase": 1, "lr": 0.0001, "batch_size": 1, "micro_batch_size": 1, "train_loss": 0.02458162191363736, "val_loss": 0.024612205335870385, "val_rmsae_deg": 7.183139652013779, "epoch_time_s": 585.873557889001}
{"event": "checkpoint_saved", "tag": "best_rmsae", "epoch": 18, "path": "IFAN_Edge/outputs/stage3/ifan_stage3_long80_freqblock_paper_original_20260426_155330/checkpoints/best_rmsae.pt", "val_rmsae_deg": 7.183139652013779}
Epoch 19/80:
Epoch 19:   1%|..........| 5/585 [00:00:05<00:11:01,  0.88it/s, loss=0.0325]
Epoch 19:   2%|..........| 11/585 [00:00:11<00:09:59,  0.96it/s, loss=0.0296]
Epoch 19:   3%|..........| 17/585 [00:00:17<00:09:40,  0.98it/s, loss=0.0266]
Epoch 19:   4%|..........| 22/585 [00:00:22<00:09:37,  0.98it/s, loss=0.0273]
Epoch 19:   5%|..........| 27/585 [00:00:28<00:09:55,  0.94it/s, loss=0.0263]
Epoch 19:   5%|..........| 32/585 [00:00:34<00:09:49,  0.94it/s, loss=0.0260]
Epoch 19:   6%|..........| 36/585 [00:00:39<00:09:58,  0.92it/s, loss=0.0271]
Epoch 19:   7%|..........| 42/585 [00:00:45<00:09:49,  0.92it/s, loss=0.0275]
Epoch 19:   8%|..........| 48/585 [00:00:50<00:09:27,  0.95it/s, loss=0.0269]
Epoch 19:   9%|..........| 54/585 [00:00:56<00:09:13,  0.96it/s, loss=0.0266]
Epoch 19:  10%|#.........| 59/585 [00:01:01<00:09:09,  0.96it/s, loss=0.0266]
Epoch 19:  11%|#.........| 64/585 [00:01:07<00:09:06,  0.95it/s, loss=0.0278]
Epoch 19:  12%|#.........| 70/585 [00:01:12<00:08:54,  0.96it/s, loss=0.0276]
Epoch 19:  13%|#.........| 76/585 [00:01:18<00:08:45,  0.97it/s, loss=0.0272]
Epoch 19:  14%|#.........| 81/585 [00:01:23<00:08:41,  0.97it/s, loss=0.0273]
Epoch 19:  15%|#.........| 86/585 [00:01:29<00:08:36,  0.97it/s, loss=0.0271]
Epoch 19:  16%|#.........| 92/585 [00:01:34<00:08:26,  0.97it/s, loss=0.0267]
Epoch 19:  17%|#.........| 97/585 [00:01:39<00:08:20,  0.97it/s, loss=0.0265]
Epoch 19:  18%|#.........| 103/585 [00:01:45<00:08:12,  0.98it/s, loss=0.0263]
Epoch 19:  18%|#.........| 108/585 [00:01:50<00:08:07,  0.98it/s, loss=0.0263]
Epoch 19:  19%|#.........| 114/585 [00:01:56<00:07:59,  0.98it/s, loss=0.0263]
Epoch 19:  20%|##........| 119/585 [00:02:01<00:07:54,  0.98it/s, loss=0.0261]
Epoch 19:  21%|##........| 124/585 [00:02:06<00:07:51,  0.98it/s, loss=0.0260]
Epoch 19:  22%|##........| 129/585 [00:02:11<00:07:46,  0.98it/s, loss=0.0260]
Epoch 19:  23%|##........| 134/585 [00:02:17<00:07:42,  0.97it/s, loss=0.0260]
Epoch 19:  24%|##........| 140/585 [00:02:23<00:07:35,  0.98it/s, loss=0.0259]
Epoch 19:  25%|##........| 146/585 [00:02:28<00:07:27,  0.98it/s, loss=0.0258]
Epoch 19:  26%|##........| 151/585 [00:02:34<00:07:24,  0.98it/s, loss=0.0256]
Epoch 19:  27%|##........| 156/585 [00:02:39<00:07:18,  0.98it/s, loss=0.0255]
Epoch 19:  28%|##........| 162/585 [00:02:45<00:07:11,  0.98it/s, loss=0.0257]
Epoch 19:  29%|##........| 168/585 [00:02:51<00:07:04,  0.98it/s, loss=0.0257]
Epoch 19:  30%|##........| 174/585 [00:02:56<00:06:57,  0.99it/s, loss=0.0256]
Epoch 19:  31%|###.......| 180/585 [00:03:02<00:06:50,  0.99it/s, loss=0.0258]
Epoch 19:  32%|###.......| 186/585 [00:03:07<00:06:43,  0.99it/s, loss=0.0258]
Epoch 19:  33%|###.......| 191/585 [00:03:12<00:06:38,  0.99it/s, loss=0.0261]
Epoch 19:  34%|###.......| 197/585 [00:03:18<00:06:31,  0.99it/s, loss=0.0261]
Epoch 19:  35%|###.......| 202/585 [00:03:24<00:06:26,  0.99it/s, loss=0.0260]
Epoch 19:  36%|###.......| 208/585 [00:03:29<00:06:20,  0.99it/s, loss=0.0260]
Epoch 19:  37%|###.......| 214/585 [00:03:35<00:06:13,  0.99it/s, loss=0.0260]
Epoch 19:  37%|###.......| 219/585 [00:03:40<00:06:08,  0.99it/s, loss=0.0259]
Epoch 19:  38%|###.......| 224/585 [00:03:46<00:06:04,  0.99it/s, loss=0.0260]
Epoch 19:  39%|###.......| 230/585 [00:03:51<00:05:57,  0.99it/s, loss=0.0260]
Epoch 19:  40%|####......| 236/585 [00:03:57<00:05:51,  0.99it/s, loss=0.0259]
Epoch 19:  41%|####......| 241/585 [00:04:02<00:05:46,  0.99it/s, loss=0.0259]
Epoch 19:  42%|####......| 246/585 [00:04:08<00:05:41,  0.99it/s, loss=0.0258]
Epoch 19:  43%|####......| 251/585 [00:04:13<00:05:37,  0.99it/s, loss=0.0258]
Epoch 19:  44%|####......| 256/585 [00:04:18<00:05:32,  0.99it/s, loss=0.0257]
Epoch 19:  45%|####......| 261/585 [00:04:24<00:05:27,  0.99it/s, loss=0.0257]
Epoch 19:  46%|####......| 267/585 [00:04:29<00:05:21,  0.99it/s, loss=0.0258]
Epoch 19:  47%|####......| 273/585 [00:04:35<00:05:15,  0.99it/s, loss=0.0258]
Epoch 19:  48%|####......| 279/585 [00:04:40<00:05:08,  0.99it/s, loss=0.0258]
Epoch 19:  49%|####......| 285/585 [00:04:46<00:05:01,  0.99it/s, loss=0.0258]
Epoch 19:  50%|####......| 291/585 [00:04:52<00:04:55,  1.00it/s, loss=0.0258]
Epoch 19:  51%|#####.....| 297/585 [00:04:57<00:04:48,  1.00it/s, loss=0.0258]
Epoch 19:  51%|#####.....| 301/585 [00:05:02<00:04:45,  0.99it/s, loss=0.0258]
Epoch 19:  52%|#####.....| 306/585 [00:05:07<00:04:40,  0.99it/s, loss=0.0258]
Epoch 19:  53%|#####.....| 312/585 [00:05:13<00:04:34,  1.00it/s, loss=0.0258]
Epoch 19:  54%|#####.....| 318/585 [00:05:19<00:04:27,  1.00it/s, loss=0.0258]
Epoch 19:  55%|#####.....| 324/585 [00:05:24<00:04:21,  1.00it/s, loss=0.0257]
Epoch 19:  56%|#####.....| 330/585 [00:05:29<00:04:14,  1.00it/s, loss=0.0256]
Epoch 19:  57%|#####.....| 334/585 [00:05:35<00:04:11,  1.00it/s, loss=0.0256]
Epoch 19:  58%|#####.....| 339/585 [00:05:40<00:04:06,  1.00it/s, loss=0.0255]
Epoch 19:  59%|#####.....| 345/585 [00:05:45<00:04:00,  1.00it/s, loss=0.0255]
Epoch 19:  60%|######....| 351/585 [00:05:51<00:03:54,  1.00it/s, loss=0.0254]
Epoch 19:  61%|######....| 356/585 [00:05:57<00:03:49,  1.00it/s, loss=0.0254]
Epoch 19:  62%|######....| 361/585 [00:06:02<00:03:45,  0.99it/s, loss=0.0253]
Epoch 19:  63%|######....| 366/585 [00:06:07<00:03:40,  0.99it/s, loss=0.0253]
Epoch 19:  64%|######....| 372/585 [00:06:13<00:03:33,  1.00it/s, loss=0.0252]
Epoch 19:  65%|######....| 378/585 [00:06:19<00:03:27,  1.00it/s, loss=0.0252]
Epoch 19:  65%|######....| 383/585 [00:06:24<00:03:22,  1.00it/s, loss=0.0252]
Epoch 19:  66%|######....| 389/585 [00:06:30<00:03:16,  1.00it/s, loss=0.0251]
Epoch 19:  68%|######....| 395/585 [00:06:36<00:03:10,  1.00it/s, loss=0.0251]
Epoch 19:  69%|######....| 401/585 [00:06:41<00:03:04,  1.00it/s, loss=0.0251]
Epoch 19:  69%|######....| 406/585 [00:06:46<00:02:59,  1.00it/s, loss=0.0251]
Epoch 19:  70%|#######...| 412/585 [00:06:52<00:02:53,  1.00it/s, loss=0.0251]
Epoch 19:  72%|#######...| 419/585 [00:06:58<00:02:45,  1.00it/s, loss=0.0251]
Epoch 19:  73%|#######...| 425/585 [00:07:04<00:02:39,  1.00it/s, loss=0.0251]
Epoch 19:  74%|#######...| 430/585 [00:07:09<00:02:34,  1.00it/s, loss=0.0251]
Epoch 19:  75%|#######...| 436/585 [00:07:16<00:02:29,  1.00it/s, loss=0.0253]
Epoch 19:  76%|#######...| 442/585 [00:07:22<00:02:23,  1.00it/s, loss=0.0253]
Epoch 19:  76%|#######...| 447/585 [00:07:27<00:02:18,  1.00it/s, loss=0.0254]
Epoch 19:  77%|#######...| 452/585 [00:07:33<00:02:13,  1.00it/s, loss=0.0254]
Epoch 19:  78%|#######...| 458/585 [00:07:38<00:02:07,  1.00it/s, loss=0.0253]
Epoch 19:  79%|#######...| 464/585 [00:07:44<00:02:01,  1.00it/s, loss=0.0253]
Epoch 19:  80%|########..| 469/585 [00:07:50<00:01:56,  1.00it/s, loss=0.0253]
Epoch 19:  81%|########..| 475/585 [00:07:56<00:01:50,  1.00it/s, loss=0.0253]
Epoch 19:  82%|########..| 480/585 [00:08:01<00:01:45,  1.00it/s, loss=0.0252]
Epoch 19:  83%|########..| 485/585 [00:08:06<00:01:40,  1.00it/s, loss=0.0252]
Epoch 19:  84%|########..| 489/585 [00:08:11<00:01:36,  0.99it/s, loss=0.0253]
Epoch 19:  84%|########..| 494/585 [00:08:17<00:01:31,  0.99it/s, loss=0.0253]
Epoch 19:  85%|########..| 499/585 [00:08:22<00:01:26,  0.99it/s, loss=0.0254]
Epoch 19:  86%|########..| 505/585 [00:08:27<00:01:20,  0.99it/s, loss=0.0253]
Epoch 19:  87%|########..| 511/585 [00:08:33<00:01:14,  1.00it/s, loss=0.0253]
Epoch 19:  88%|########..| 516/585 [00:08:38<00:01:09,  1.00it/s, loss=0.0253]
Epoch 19:  89%|########..| 521/585 [00:08:44<00:01:04,  0.99it/s, loss=0.0252]
Epoch 19:  90%|#########.| 527/585 [00:08:49<00:00:58,  0.99it/s, loss=0.0252]
Epoch 19:  91%|#########.| 533/585 [00:08:55<00:00:52,  1.00it/s, loss=0.0252]
Epoch 19:  92%|#########.| 538/585 [00:09:00<00:00:47,  1.00it/s, loss=0.0251]
Epoch 19:  93%|#########.| 544/585 [00:09:07<00:00:41,  0.99it/s, loss=0.0251]
Epoch 19:  94%|#########.| 549/585 [00:09:12<00:00:36,  0.99it/s, loss=0.0251]
Epoch 19:  95%|#########.| 554/585 [00:09:18<00:00:31,  0.99it/s, loss=0.0251]
Epoch 19:  96%|#########.| 560/585 [00:09:23<00:00:25,  0.99it/s, loss=0.0251]
Epoch 19:  97%|#########.| 565/585 [00:09:28<00:00:20,  0.99it/s, loss=0.0251]
Epoch 19:  98%|#########.| 571/585 [00:09:34<00:00:14,  0.99it/s, loss=0.0251]
Epoch 19:  99%|#########.| 577/585 [00:09:40<00:00:08,  0.99it/s, loss=0.0251]
Epoch 19: 100%|#########.| 583/585 [00:09:46<00:00:02,  0.99it/s, loss=0.0251]
Epoch 19: 100%|##########| 585/585 [00:09:48<00:00:00,  0.99it/s, loss=0.0251]
Test loss: 0.0249, Test rmsae: 7.82deg
{"event": "epoch_complete", "epoch": 19, "phase": 1, "lr": 0.0001, "batch_size": 1, "micro_batch_size": 1, "train_loss": 0.025123948134227185, "val_loss": 0.02490304154343903, "val_rmsae_deg": 7.819212719798088, "epoch_time_s": 589.015912506}
Epoch 20/80:
Epoch 20:   1%|..........| 6/585 [00:00:05<00:09:07,  1.06it/s, loss=0.0243]
Epoch 20:   2%|..........| 11/585 [00:00:11<00:09:42,  0.99it/s, loss=0.0243]
Epoch 20:   3%|..........| 16/585 [00:00:16<00:09:53,  0.96it/s, loss=0.0241]
Epoch 20:   4%|..........| 21/585 [00:00:21<00:09:43,  0.97it/s, loss=0.0245]
Epoch 20:   5%|..........| 27/585 [00:00:27<00:09:25,  0.99it/s, loss=0.0244]
Epoch 20:   5%|..........| 32/585 [00:00:32<00:09:29,  0.97it/s, loss=0.0240]
Epoch 20:   6%|..........| 37/585 [00:00:38<00:09:27,  0.97it/s, loss=0.0237]
Epoch 20:   7%|..........| 42/585 [00:00:43<00:09:20,  0.97it/s, loss=0.0238]
Epoch 20:   8%|..........| 47/585 [00:00:48<00:09:13,  0.97it/s, loss=0.0239]
Epoch 20:   9%|..........| 53/585 [00:00:53<00:08:59,  0.99it/s, loss=0.0237]
Epoch 20:  10%|..........| 58/585 [00:00:58<00:08:54,  0.99it/s, loss=0.0239]
Epoch 20:  11%|#.........| 63/585 [00:01:03<00:08:49,  0.99it/s, loss=0.0239]
Epoch 20:  12%|#.........| 69/585 [00:01:09<00:08:36,  1.00it/s, loss=0.0236]
Epoch 20:  13%|#.........| 75/585 [00:01:14<00:08:27,  1.00it/s, loss=0.0235]
Epoch 20:  14%|#.........| 80/585 [00:01:20<00:08:26,  1.00it/s, loss=0.0233]
Epoch 20:  15%|#.........| 86/585 [00:01:25<00:08:15,  1.01it/s, loss=0.0234]
Epoch 20:  16%|#.........| 91/585 [00:01:30<00:08:11,  1.00it/s, loss=0.0235]
Epoch 20:  16%|#.........| 96/585 [00:01:35<00:08:08,  1.00it/s, loss=0.0235]
Epoch 20:  17%|#.........| 101/585 [00:01:41<00:08:05,  1.00it/s, loss=0.0234]
Epoch 20:  18%|#.........| 107/585 [00:01:47<00:07:58,  1.00it/s, loss=0.0233]
Epoch 20:  19%|#.........| 113/585 [00:01:53<00:07:52,  1.00it/s, loss=0.0232]
Epoch 20:  20%|##........| 118/585 [00:01:58<00:07:48,  1.00it/s, loss=0.0233]
Epoch 20:  21%|##........| 123/585 [00:02:03<00:07:43,  1.00it/s, loss=0.0235]
Epoch 20:  22%|##........| 129/585 [00:02:09<00:07:36,  1.00it/s, loss=0.0235]
Epoch 20:  23%|##........| 135/585 [00:02:14<00:07:29,  1.00it/s, loss=0.0235]
Epoch 20:  24%|##........| 141/585 [00:02:20<00:07:21,  1.01it/s, loss=0.0235]
Epoch 20:  25%|##........| 147/585 [00:02:26<00:07:16,  1.00it/s, loss=0.0236]
Epoch 20:  26%|##........| 153/585 [00:02:32<00:07:09,  1.01it/s, loss=0.0236]
Epoch 20:  27%|##........| 159/585 [00:02:38<00:07:03,  1.01it/s, loss=0.0236]
Epoch 20:  28%|##........| 165/585 [00:02:43<00:06:56,  1.01it/s, loss=0.0237]
Epoch 20:  29%|##........| 170/585 [00:02:49<00:06:53,  1.00it/s, loss=0.0238]
Epoch 20:  30%|###.......| 176/585 [00:02:54<00:06:46,  1.01it/s, loss=0.0238]
Epoch 20:  31%|###.......| 182/585 [00:03:00<00:06:39,  1.01it/s, loss=0.0238]
Epoch 20:  32%|###.......| 187/585 [00:03:05<00:06:35,  1.01it/s, loss=0.0239]
Epoch 20:  33%|###.......| 193/585 [00:03:11<00:06:28,  1.01it/s, loss=0.0238]
Epoch 20:  34%|###.......| 198/585 [00:03:16<00:06:24,  1.01it/s, loss=0.0241]
Epoch 20:  35%|###.......| 203/585 [00:03:22<00:06:21,  1.00it/s, loss=0.0242]
Epoch 20:  36%|###.......| 209/585 [00:03:28<00:06:15,  1.00it/s, loss=0.0241]
Epoch 20:  37%|###.......| 215/585 [00:03:34<00:06:09,  1.00it/s, loss=0.0241]
Epoch 20:  38%|###.......| 221/585 [00:03:40<00:06:02,  1.00it/s, loss=0.0241]
Epoch 20:  39%|###.......| 227/585 [00:03:46<00:05:56,  1.00it/s, loss=0.0242]
Epoch 20:  40%|###.......| 233/585 [00:03:51<00:05:50,  1.01it/s, loss=0.0241]
Epoch 20:  41%|####......| 239/585 [00:03:57<00:05:43,  1.01it/s, loss=0.0241]
Epoch 20:  42%|####......| 244/585 [00:04:02<00:05:39,  1.00it/s, loss=0.0241]
Epoch 20:  43%|####......| 250/585 [00:04:08<00:05:32,  1.01it/s, loss=0.0241]
Epoch 20:  44%|####......| 256/585 [00:04:14<00:05:26,  1.01it/s, loss=0.0240]
Epoch 20:  45%|####......| 261/585 [00:04:19<00:05:21,  1.01it/s, loss=0.0240]
Epoch 20:  46%|####......| 267/585 [00:04:25<00:05:16,  1.01it/s, loss=0.0240]
Epoch 20:  47%|####......| 273/585 [00:04:31<00:05:10,  1.00it/s, loss=0.0239]
Epoch 20:  48%|####......| 278/585 [00:04:37<00:05:06,  1.00it/s, loss=0.0240]
Epoch 20:  48%|####......| 283/585 [00:04:43<00:05:02,  1.00it/s, loss=0.0239]
Epoch 20:  49%|####......| 288/585 [00:04:48<00:04:57,  1.00it/s, loss=0.0239]
Epoch 20:  50%|#####.....| 294/585 [00:04:54<00:04:51,  1.00it/s, loss=0.0239]
Epoch 20:  51%|#####.....| 300/585 [00:04:59<00:04:44,  1.00it/s, loss=0.0239]
Epoch 20:  52%|#####.....| 306/585 [00:05:05<00:04:38,  1.00it/s, loss=0.0239]
Epoch 20:  53%|#####.....| 311/585 [00:05:10<00:04:33,  1.00it/s, loss=0.0239]
Epoch 20:  54%|#####.....| 316/585 [00:05:15<00:04:28,  1.00it/s, loss=0.0240]
Epoch 20:  55%|#####.....| 321/585 [00:05:21<00:04:24,  1.00it/s, loss=0.0240]
Epoch 20:  56%|#####.....| 327/585 [00:05:27<00:04:18,  1.00it/s, loss=0.0240]
Epoch 20:  57%|#####.....| 333/585 [00:05:32<00:04:11,  1.00it/s, loss=0.0240]
Epoch 20:  58%|#####.....| 338/585 [00:05:37<00:04:06,  1.00it/s, loss=0.0240]
Epoch 20:  59%|#####.....| 343/585 [00:05:42<00:04:01,  1.00it/s, loss=0.0240]
Epoch 20:  60%|#####.....| 349/585 [00:05:48<00:03:55,  1.00it/s, loss=0.0239]
Epoch 20:  60%|######....| 353/585 [00:05:53<00:03:52,  1.00it/s, loss=0.0241]
Epoch 20:  61%|######....| 358/585 [00:05:59<00:03:47,  1.00it/s, loss=0.0241]
Epoch 20:  62%|######....| 364/585 [00:06:05<00:03:41,  1.00it/s, loss=0.0241]
Epoch 20:  63%|######....| 369/585 [00:06:10<00:03:36,  1.00it/s, loss=0.0241]
Epoch 20:  64%|######....| 374/585 [00:06:15<00:03:32,  1.00it/s, loss=0.0241]
Epoch 20:  65%|######....| 379/585 [00:06:21<00:03:27,  0.99it/s, loss=0.0241]
Epoch 20:  66%|######....| 384/585 [00:06:26<00:03:22,  0.99it/s, loss=0.0241]
Epoch 20:  67%|######....| 390/585 [00:06:32<00:03:16,  0.99it/s, loss=0.0242]
Epoch 20:  68%|######....| 395/585 [00:06:38<00:03:11,  0.99it/s, loss=0.0242]
Epoch 20:  68%|######....| 400/585 [00:06:43<00:03:06,  0.99it/s, loss=0.0242]
Epoch 20:  69%|######....| 406/585 [00:06:48<00:03:00,  0.99it/s, loss=0.0242]
Epoch 20:  70%|#######...| 412/585 [00:06:55<00:02:54,  0.99it/s, loss=0.0242]
Epoch 20:  71%|#######...| 418/585 [00:07:00<00:02:48,  0.99it/s, loss=0.0242]
Epoch 20:  72%|#######...| 424/585 [00:07:07<00:02:42,  0.99it/s, loss=0.0242]
Epoch 20:  73%|#######...| 429/585 [00:07:13<00:02:37,  0.99it/s, loss=0.0243]
Epoch 20:  74%|#######...| 434/585 [00:07:18<00:02:32,  0.99it/s, loss=0.0243]
Epoch 20:  75%|#######...| 440/585 [00:07:24<00:02:26,  0.99it/s, loss=0.0243]
Epoch 20:  76%|#######...| 445/585 [00:07:29<00:02:21,  0.99it/s, loss=0.0244]
Epoch 20:  77%|#######...| 451/585 [00:07:35<00:02:15,  0.99it/s, loss=0.0244]
Epoch 20:  78%|#######...| 456/585 [00:07:41<00:02:10,  0.99it/s, loss=0.0244]
Epoch 20:  79%|#######...| 462/585 [00:07:47<00:02:04,  0.99it/s, loss=0.0244]
Epoch 20:  80%|#######...| 466/585 [00:07:52<00:02:00,  0.99it/s, loss=0.0244]
Epoch 20:  81%|########..| 471/585 [00:07:58<00:01:55,  0.98it/s, loss=0.0245]
Epoch 20:  81%|########..| 476/585 [00:08:03<00:01:50,  0.98it/s, loss=0.0246]
Epoch 20:  82%|########..| 481/585 [00:08:09<00:01:45,  0.98it/s, loss=0.0248]
Epoch 20:  83%|########..| 486/585 [00:08:14<00:01:40,  0.98it/s, loss=0.0248]
Epoch 20:  84%|########..| 492/585 [00:08:20<00:01:34,  0.98it/s, loss=0.0249]
Epoch 20:  85%|########..| 497/585 [00:08:25<00:01:29,  0.98it/s, loss=0.0251]
Epoch 20:  86%|########..| 503/585 [00:08:31<00:01:23,  0.98it/s, loss=0.0251]
Epoch 20:  87%|########..| 508/585 [00:08:36<00:01:18,  0.98it/s, loss=0.0251]
Epoch 20:  88%|########..| 514/585 [00:08:42<00:01:12,  0.98it/s, loss=0.0251]
Epoch 20:  89%|########..| 520/585 [00:08:48<00:01:06,  0.98it/s, loss=0.0251]
Epoch 20:  90%|########..| 526/585 [00:08:53<00:00:59,  0.99it/s, loss=0.0250]
Epoch 20:  91%|#########.| 531/585 [00:08:58<00:00:54,  0.99it/s, loss=0.0250]
Epoch 20:  92%|#########.| 536/585 [00:09:04<00:00:49,  0.98it/s, loss=0.0250]
Epoch 20:  92%|#########.| 541/585 [00:09:10<00:00:44,  0.98it/s, loss=0.0251]
Epoch 20:  94%|#########.| 547/585 [00:09:15<00:00:38,  0.98it/s, loss=0.0250]
Epoch 20:  95%|#########.| 554/585 [00:09:21<00:00:31,  0.99it/s, loss=0.0250]
Epoch 20:  96%|#########.| 560/585 [00:09:27<00:00:25,  0.99it/s, loss=0.0250]
Epoch 20:  97%|#########.| 566/585 [00:09:33<00:00:19,  0.99it/s, loss=0.0250]
Epoch 20:  98%|#########.| 572/585 [00:09:38<00:00:13,  0.99it/s, loss=0.0250]
Epoch 20:  99%|#########.| 578/585 [00:09:44<00:00:07,  0.99it/s, loss=0.0250]
Epoch 20: 100%|#########.| 583/585 [00:09:49<00:00:02,  0.99it/s, loss=0.0250]
Epoch 20: 100%|##########| 585/585 [00:09:51<00:00:00,  0.99it/s, loss=0.0250]
Test loss: 0.0250, Test rmsae: 7.44deg
{"event": "epoch_complete", "epoch": 20, "phase": 1, "lr": 0.0001, "batch_size": 1, "micro_batch_size": 1, "train_loss": 0.024982694138446424, "val_loss": 0.024953022715635598, "val_rmsae_deg": 7.442793428897858, "epoch_time_s": 592.5854194580006}
{"event": "checkpoint_saved", "tag": "epoch_020", "epoch": 20, "path": "IFAN_Edge/outputs/stage3/ifan_stage3_long80_freqblock_paper_original_20260426_155330/checkpoints/epoch_020.pt"}
Epoch 21/80:
Epoch 21:   1%|..........| 6/585 [00:00:05<00:09:12,  1.05it/s, loss=0.0246]
Epoch 21:   2%|..........| 11/585 [00:00:10<00:09:28,  1.01it/s, loss=0.0248]
Epoch 21:   3%|..........| 16/585 [00:00:15<00:09:27,  1.00it/s, loss=0.0260]
Epoch 21:   4%|..........| 21/585 [00:00:21<00:09:24,  1.00it/s, loss=0.0266]
Epoch 21:   5%|..........| 27/585 [00:00:26<00:09:14,  1.01it/s, loss=0.0262]
Epoch 21:   6%|..........| 33/585 [00:00:32<00:09:01,  1.02it/s, loss=0.0261]
Epoch 21:   6%|..........| 38/585 [00:00:38<00:09:19,  0.98it/s, loss=0.0265]
Epoch 21:   8%|..........| 44/585 [00:00:44<00:09:05,  0.99it/s, loss=0.0262]
Epoch 21:   9%|..........| 50/585 [00:00:49<00:08:53,  1.00it/s, loss=0.0259]
Epoch 21:   9%|..........| 55/585 [00:00:55<00:08:53,  0.99it/s, loss=0.0259]
Epoch 21:  10%|#.........| 61/585 [00:01:02<00:08:53,  0.98it/s, loss=0.0259]
Epoch 21:  11%|#.........| 66/585 [00:01:07<00:08:47,  0.98it/s, loss=0.0257]
Epoch 21:  12%|#.........| 72/585 [00:01:12<00:08:37,  0.99it/s, loss=0.0255]
Epoch 21:  13%|#.........| 78/585 [00:01:17<00:08:26,  1.00it/s, loss=0.0256]
Epoch 21:  14%|#.........| 83/585 [00:01:23<00:08:23,  1.00it/s, loss=0.0256]
Epoch 21:  15%|#.........| 89/585 [00:01:28<00:08:15,  1.00it/s, loss=0.0254]
Epoch 21:  16%|#.........| 94/585 [00:01:34<00:08:11,  1.00it/s, loss=0.0256]
Epoch 21:  17%|#.........| 100/585 [00:01:39<00:08:04,  1.00it/s, loss=0.0254]
Epoch 21:  18%|#.........| 105/585 [00:01:45<00:08:00,  1.00it/s, loss=0.0253]
Epoch 21:  19%|#.........| 111/585 [00:01:50<00:07:51,  1.01it/s, loss=0.0252]
Epoch 21:  20%|##........| 117/585 [00:01:56<00:07:45,  1.01it/s, loss=0.0251]
Epoch 21:  21%|##........| 123/585 [00:02:02<00:07:39,  1.01it/s, loss=0.0251]
Epoch 21:  22%|##........| 128/585 [00:02:07<00:07:34,  1.01it/s, loss=0.0250]
Epoch 21:  23%|##........| 134/585 [00:02:13<00:07:28,  1.01it/s, loss=0.0249]
Epoch 21:  24%|##........| 139/585 [00:02:19<00:07:26,  1.00it/s, loss=0.0250]
Epoch 21:  25%|##........| 144/585 [00:02:24<00:07:22,  1.00it/s, loss=0.0249]
Epoch 21:  26%|##........| 150/585 [00:02:29<00:07:14,  1.00it/s, loss=0.0249]
Epoch 21:  27%|##........| 156/585 [00:02:35<00:07:08,  1.00it/s, loss=0.0247]
Epoch 21:  28%|##........| 161/585 [00:02:41<00:07:04,  1.00it/s, loss=0.0248]
Epoch 21:  28%|##........| 166/585 [00:02:46<00:06:59,  1.00it/s, loss=0.0249]
Epoch 21:  29%|##........| 172/585 [00:02:51<00:06:52,  1.00it/s, loss=0.0249]
Epoch 21:  30%|###.......| 178/585 [00:02:57<00:06:45,  1.00it/s, loss=0.0248]
Epoch 21:  31%|###.......| 184/585 [00:03:03<00:06:39,  1.00it/s, loss=0.0249]
Epoch 21:  32%|###.......| 189/585 [00:03:08<00:06:34,  1.00it/s, loss=0.0248]
Epoch 21:  33%|###.......| 195/585 [00:03:14<00:06:28,  1.00it/s, loss=0.0248]
Epoch 21:  34%|###.......| 201/585 [00:03:19<00:06:21,  1.01it/s, loss=0.0248]
Epoch 21:  35%|###.......| 206/585 [00:03:24<00:06:16,  1.01it/s, loss=0.0248]
Epoch 21:  36%|###.......| 211/585 [00:03:30<00:06:12,  1.00it/s, loss=0.0248]
Epoch 21:  37%|###.......| 217/585 [00:03:35<00:06:05,  1.01it/s, loss=0.0248]
Epoch 21:  38%|###.......| 222/585 [00:03:40<00:06:01,  1.01it/s, loss=0.0248]
Epoch 21:  39%|###.......| 227/585 [00:03:46<00:05:56,  1.00it/s, loss=0.0248]
Epoch 21:  40%|###.......| 232/585 [00:03:51<00:05:52,  1.00it/s, loss=0.0247]
Epoch 21:  41%|####......| 238/585 [00:03:56<00:05:45,  1.00it/s, loss=0.0250]
Epoch 21:  42%|####......| 243/585 [00:04:02<00:05:41,  1.00it/s, loss=0.0250]
Epoch 21:  42%|####......| 248/585 [00:04:07<00:05:36,  1.00it/s, loss=0.0250]
Epoch 21:  43%|####......| 254/585 [00:04:13<00:05:29,  1.00it/s, loss=0.0250]
Epoch 21:  44%|####......| 260/585 [00:04:18<00:05:23,  1.01it/s, loss=0.0250]
Epoch 21:  45%|####......| 266/585 [00:04:24<00:05:16,  1.01it/s, loss=0.0249]
Epoch 21:  46%|####......| 272/585 [00:04:30<00:05:11,  1.01it/s, loss=0.0249]
Epoch 21:  47%|####......| 277/585 [00:04:36<00:05:07,  1.00it/s, loss=0.0250]
Epoch 21:  48%|####......| 281/585 [00:04:41<00:05:04,  1.00it/s, loss=0.0251]
Epoch 21:  49%|####......| 286/585 [00:04:46<00:04:59,  1.00it/s, loss=0.0252]
Epoch 21:  50%|####......| 291/585 [00:04:51<00:04:54,  1.00it/s, loss=0.0252]
Epoch 21:  51%|#####.....| 297/585 [00:04:57<00:04:48,  1.00it/s, loss=0.0252]
Epoch 21:  51%|#####.....| 301/585 [00:05:02<00:04:45,  0.99it/s, loss=0.0253]
Epoch 21:  52%|#####.....| 306/585 [00:05:07<00:04:40,  0.99it/s, loss=0.0253]
Epoch 21:  53%|#####.....| 312/585 [00:05:14<00:04:34,  0.99it/s, loss=0.0253]
Epoch 21:  54%|#####.....| 317/585 [00:05:19<00:04:29,  0.99it/s, loss=0.0253]
Epoch 21:  55%|#####.....| 323/585 [00:05:24<00:04:23,  0.99it/s, loss=0.0252]
Epoch 21:  56%|#####.....| 329/585 [00:05:31<00:04:17,  0.99it/s, loss=0.0252]
Epoch 21:  57%|#####.....| 334/585 [00:05:36<00:04:12,  0.99it/s, loss=0.0252]
Epoch 21:  58%|#####.....| 339/585 [00:05:41<00:04:08,  0.99it/s, loss=0.0252]
Epoch 21:  59%|#####.....| 345/585 [00:05:47<00:04:01,  0.99it/s, loss=0.0252]
Epoch 21:  60%|######....| 351/585 [00:05:53<00:03:55,  0.99it/s, loss=0.0253]
Epoch 21:  61%|######....| 356/585 [00:05:59<00:03:50,  0.99it/s, loss=0.0252]
Epoch 21:  62%|######....| 361/585 [00:06:04<00:03:45,  0.99it/s, loss=0.0252]
Epoch 21:  63%|######....| 366/585 [00:06:09<00:03:40,  0.99it/s, loss=0.0253]
Epoch 21:  64%|######....| 372/585 [00:06:14<00:03:34,  0.99it/s, loss=0.0253]
Epoch 21:  65%|######....| 378/585 [00:06:19<00:03:27,  1.00it/s, loss=0.0253]
Epoch 21:  66%|######....| 384/585 [00:06:25<00:03:21,  1.00it/s, loss=0.0252]
Epoch 21:  67%|######....| 390/585 [00:06:30<00:03:15,  1.00it/s, loss=0.0251]
Epoch 21:  68%|######....| 396/585 [00:06:36<00:03:09,  1.00it/s, loss=0.0251]
Epoch 21:  69%|######....| 401/585 [00:06:42<00:03:04,  1.00it/s, loss=0.0251]
Epoch 21:  70%|######....| 407/585 [00:06:47<00:02:58,  1.00it/s, loss=0.0251]
Epoch 21:  71%|#######...| 413/585 [00:06:53<00:02:52,  1.00it/s, loss=0.0250]
Epoch 21:  72%|#######...| 419/585 [00:06:58<00:02:45,  1.00it/s, loss=0.0251]
Epoch 21:  73%|#######...| 425/585 [00:07:04<00:02:39,  1.00it/s, loss=0.0251]
Epoch 21:  74%|#######...| 431/585 [00:07:09<00:02:33,  1.00it/s, loss=0.0251]
Epoch 21:  75%|#######...| 436/585 [00:07:15<00:02:28,  1.00it/s, loss=0.0251]
Epoch 21:  76%|#######...| 442/585 [00:07:20<00:02:22,  1.00it/s, loss=0.0251]
Epoch 21:  77%|#######...| 448/585 [00:07:26<00:02:16,  1.00it/s, loss=0.0250]
Epoch 21:  77%|#######...| 453/585 [00:07:31<00:02:11,  1.00it/s, loss=0.0251]
Epoch 21:  78%|#######...| 459/585 [00:07:36<00:02:05,  1.00it/s, loss=0.0250]
Epoch 21:  79%|#######...| 463/585 [00:07:42<00:02:01,  1.00it/s, loss=0.0251]
Epoch 21:  80%|########..| 468/585 [00:07:47<00:01:56,  1.00it/s, loss=0.0251]
Epoch 21:  81%|########..| 474/585 [00:07:53<00:01:50,  1.00it/s, loss=0.0251]
Epoch 21:  82%|########..| 479/585 [00:07:58<00:01:45,  1.00it/s, loss=0.0251]
Epoch 21:  83%|########..| 485/585 [00:08:04<00:01:39,  1.00it/s, loss=0.0251]
Epoch 21:  84%|########..| 490/585 [00:08:09<00:01:34,  1.00it/s, loss=0.0251]
Epoch 21:  85%|########..| 496/585 [00:08:15<00:01:28,  1.00it/s, loss=0.0251]
Epoch 21:  86%|########..| 502/585 [00:08:21<00:01:22,  1.00it/s, loss=0.0252]
Epoch 21:  87%|########..| 507/585 [00:08:26<00:01:17,  1.00it/s, loss=0.0251]
Epoch 21:  88%|########..| 512/585 [00:08:32<00:01:13,  1.00it/s, loss=0.0252]
Epoch 21:  89%|########..| 518/585 [00:08:38<00:01:07,  1.00it/s, loss=0.0252]
Epoch 21:  90%|########..| 524/585 [00:08:43<00:01:00,  1.00it/s, loss=0.0252]
Epoch 21:  91%|#########.| 530/585 [00:08:49<00:00:54,  1.00it/s, loss=0.0252]
Epoch 21:  91%|#########.| 535/585 [00:08:54<00:00:49,  1.00it/s, loss=0.0252]
Epoch 21:  92%|#########.| 541/585 [00:09:00<00:00:43,  1.00it/s, loss=0.0251]
Epoch 21:  94%|#########.| 547/585 [00:09:06<00:00:37,  1.00it/s, loss=0.0251]
Epoch 21:  95%|#########.| 553/585 [00:09:11<00:00:31,  1.00it/s, loss=0.0251]
Epoch 21:  95%|#########.| 558/585 [00:09:16<00:00:26,  1.00it/s, loss=0.0251]
Epoch 21:  96%|#########.| 564/585 [00:09:22<00:00:20,  1.00it/s, loss=0.0251]
Epoch 21:  97%|#########.| 569/585 [00:09:28<00:00:15,  1.00it/s, loss=0.0251]
Epoch 21:  98%|#########.| 575/585 [00:09:34<00:00:09,  1.00it/s, loss=0.0251]
Epoch 21:  99%|#########.| 581/585 [00:09:39<00:00:03,  1.00it/s, loss=0.0250]
Epoch 21: 100%|##########| 585/585 [00:09:44<00:00:00,  1.00it/s, loss=0.0251]
Test loss: 0.0249, Test rmsae: 7.69deg
{"event": "epoch_complete", "epoch": 21, "phase": 2, "lr": 1e-05, "batch_size": 10, "micro_batch_size": 1, "train_loss": 0.02505170374026156, "val_loss": 0.02488290297333151, "val_rmsae_deg": 7.686919555068016, "epoch_time_s": 585.0709266989998}
Epoch 22/80:
Epoch 22:   1%|..........| 6/585 [00:00:06<00:09:42,  0.99it/s, loss=0.0231]
Epoch 22:   2%|..........| 12/585 [00:00:11<00:09:09,  1.04it/s, loss=0.0235]
Epoch 22:   3%|..........| 17/585 [00:00:16<00:09:12,  1.03it/s, loss=0.0238]
Epoch 22:   4%|..........| 22/585 [00:00:22<00:09:25,  1.00it/s, loss=0.0241]
Epoch 22:   5%|..........| 28/585 [00:00:27<00:09:12,  1.01it/s, loss=0.0242]
Epoch 22:   6%|..........| 34/585 [00:00:33<00:09:09,  1.00it/s, loss=0.0247]
Epoch 22:   7%|..........| 40/585 [00:00:39<00:08:56,  1.02it/s, loss=0.0262]
Epoch 22:   8%|..........| 46/585 [00:00:45<00:08:48,  1.02it/s, loss=0.0258]
Epoch 22:   9%|..........| 52/585 [00:00:50<00:08:41,  1.02it/s, loss=0.0254]
Epoch 22:  10%|..........| 57/585 [00:00:56<00:08:40,  1.02it/s, loss=0.0254]
Epoch 22:  11%|#.........| 62/585 [00:01:01<00:08:41,  1.00it/s, loss=0.0256]
Epoch 22:  12%|#.........| 68/585 [00:01:07<00:08:32,  1.01it/s, loss=0.0256]
Epoch 22:  13%|#.........| 74/585 [00:01:12<00:08:24,  1.01it/s, loss=0.0258]
Epoch 22:  14%|#.........| 79/585 [00:01:18<00:08:24,  1.00it/s, loss=0.0260]
Epoch 22:  14%|#.........| 84/585 [00:01:23<00:08:20,  1.00it/s, loss=0.0260]
Epoch 22:  15%|#.........| 89/585 [00:01:29<00:08:16,  1.00it/s, loss=0.0259]
Epoch 22:  16%|#.........| 95/585 [00:01:34<00:08:09,  1.00it/s, loss=0.0256]
Epoch 22:  17%|#.........| 101/585 [00:01:40<00:08:00,  1.01it/s, loss=0.0254]
Epoch 22:  18%|#.........| 106/585 [00:01:45<00:07:57,  1.00it/s, loss=0.0254]
Epoch 22:  19%|#.........| 112/585 [00:01:51<00:07:50,  1.01it/s, loss=0.0253]
Epoch 22:  20%|##........| 118/585 [00:01:57<00:07:43,  1.01it/s, loss=0.0251]
Epoch 22:  21%|##........| 124/585 [00:02:02<00:07:36,  1.01it/s, loss=0.0252]
Epoch 22:  22%|##........| 130/585 [00:02:08<00:07:29,  1.01it/s, loss=0.0251]
Epoch 22:  23%|##........| 136/585 [00:02:14<00:07:22,  1.01it/s, loss=0.0250]
Epoch 22:  24%|##........| 142/585 [00:02:19<00:07:16,  1.01it/s, loss=0.0248]
Epoch 22:  25%|##........| 148/585 [00:02:25<00:07:10,  1.01it/s, loss=0.0248]
Epoch 22:  26%|##........| 154/585 [00:02:31<00:07:03,  1.02it/s, loss=0.0247]
Epoch 22:  27%|##........| 160/585 [00:02:37<00:06:57,  1.02it/s, loss=0.0247]
Epoch 22:  28%|##........| 166/585 [00:02:42<00:06:49,  1.02it/s, loss=0.0246]
Epoch 22:  29%|##........| 172/585 [00:02:47<00:06:42,  1.03it/s, loss=0.0247]
Epoch 22:  30%|###.......| 178/585 [00:02:53<00:06:36,  1.03it/s, loss=0.0248]
Epoch 22:  31%|###.......| 184/585 [00:02:58<00:06:29,  1.03it/s, loss=0.0247]
Epoch 22:  32%|###.......| 190/585 [00:03:04<00:06:24,  1.03it/s, loss=0.0246]
Epoch 22:  33%|###.......| 195/585 [00:03:10<00:06:20,  1.03it/s, loss=0.0245]
Epoch 22:  34%|###.......| 200/585 [00:03:15<00:06:16,  1.02it/s, loss=0.0246]
Epoch 22:  35%|###.......| 206/585 [00:03:21<00:06:10,  1.02it/s, loss=0.0246]
Epoch 22:  36%|###.......| 211/585 [00:03:26<00:06:05,  1.02it/s, loss=0.0245]
Epoch 22:  37%|###.......| 216/585 [00:03:31<00:06:01,  1.02it/s, loss=0.0248]
Epoch 22:  38%|###.......| 221/585 [00:03:36<00:05:57,  1.02it/s, loss=0.0249]
Epoch 22:  39%|###.......| 227/585 [00:03:42<00:05:50,  1.02it/s, loss=0.0247]
Epoch 22:  40%|###.......| 233/585 [00:03:48<00:05:45,  1.02it/s, loss=0.0249]
Epoch 22:  41%|####......| 238/585 [00:03:53<00:05:40,  1.02it/s, loss=0.0248]
Epoch 22:  42%|####......| 244/585 [00:03:58<00:05:34,  1.02it/s, loss=0.0249]
Epoch 22:  43%|####......| 250/585 [00:04:04<00:05:28,  1.02it/s, loss=0.0249]
Epoch 22:  44%|####......| 255/585 [00:04:10<00:05:24,  1.02it/s, loss=0.0249]
Epoch 22:  44%|####......| 259/585 [00:04:15<00:05:22,  1.01it/s, loss=0.0249]
Epoch 22:  45%|####......| 265/585 [00:04:21<00:05:15,  1.01it/s, loss=0.0249]
Epoch 22:  46%|####......| 271/585 [00:04:26<00:05:09,  1.02it/s, loss=0.0249]
Epoch 22:  47%|####......| 277/585 [00:04:32<00:05:03,  1.02it/s, loss=0.0249]
Epoch 22:  48%|####......| 282/585 [00:04:37<00:04:58,  1.02it/s, loss=0.0249]
Epoch 22:  49%|####......| 287/585 [00:04:43<00:04:53,  1.01it/s, loss=0.0249]
Epoch 22:  50%|####......| 292/585 [00:04:48<00:04:49,  1.01it/s, loss=0.0249]
Epoch 22:  51%|#####.....| 298/585 [00:04:53<00:04:43,  1.01it/s, loss=0.0250]
Epoch 22:  52%|#####.....| 304/585 [00:04:59<00:04:36,  1.02it/s, loss=0.0249]
Epoch 22:  53%|#####.....| 310/585 [00:05:05<00:04:30,  1.02it/s, loss=0.0250]
Epoch 22:  54%|#####.....| 315/585 [00:05:11<00:04:26,  1.01it/s, loss=0.0250]
Epoch 22:  55%|#####.....| 320/585 [00:05:17<00:04:22,  1.01it/s, loss=0.0250]
Epoch 22:  56%|#####.....| 326/585 [00:05:22<00:04:16,  1.01it/s, loss=0.0249]
Epoch 22:  57%|#####.....| 331/585 [00:05:28<00:04:11,  1.01it/s, loss=0.0250]
Epoch 22:  57%|#####.....| 336/585 [00:05:33<00:04:06,  1.01it/s, loss=0.0250]
Epoch 22:  58%|#####.....| 342/585 [00:05:38<00:04:00,  1.01it/s, loss=0.0250]
Epoch 22:  59%|#####.....| 348/585 [00:05:44<00:03:54,  1.01it/s, loss=0.0250]
Epoch 22:  61%|######....| 354/585 [00:05:50<00:03:48,  1.01it/s, loss=0.0250]
Epoch 22:  61%|######....| 359/585 [00:05:55<00:03:43,  1.01it/s, loss=0.0252]
Epoch 22:  62%|######....| 365/585 [00:06:01<00:03:37,  1.01it/s, loss=0.0252]
Epoch 22:  63%|######....| 371/585 [00:06:06<00:03:31,  1.01it/s, loss=0.0252]
Epoch 22:  64%|######....| 376/585 [00:06:11<00:03:26,  1.01it/s, loss=0.0252]
Epoch 22:  65%|######....| 381/585 [00:06:17<00:03:21,  1.01it/s, loss=0.0253]
Epoch 22:  66%|######....| 386/585 [00:06:22<00:03:16,  1.01it/s, loss=0.0252]
Epoch 22:  67%|######....| 392/585 [00:06:28<00:03:11,  1.01it/s, loss=0.0252]
Epoch 22:  68%|######....| 396/585 [00:06:33<00:03:07,  1.01it/s, loss=0.0252]
Epoch 22:  69%|######....| 401/585 [00:06:38<00:03:02,  1.01it/s, loss=0.0252]
Epoch 22:  69%|######....| 406/585 [00:06:44<00:02:58,  1.00it/s, loss=0.0252]
Epoch 22:  70%|#######...| 412/585 [00:06:49<00:02:52,  1.00it/s, loss=0.0252]
Epoch 22:  71%|#######...| 417/585 [00:06:55<00:02:47,  1.00it/s, loss=0.0252]
Epoch 22:  72%|#######...| 423/585 [00:07:01<00:02:41,  1.00it/s, loss=0.0252]
Epoch 22:  73%|#######...| 428/585 [00:07:07<00:02:36,  1.00it/s, loss=0.0252]
Epoch 22:  74%|#######...| 433/585 [00:07:13<00:02:32,  1.00it/s, loss=0.0252]
Epoch 22:  75%|#######...| 438/585 [00:07:19<00:02:27,  1.00it/s, loss=0.0253]
Epoch 22:  76%|#######...| 444/585 [00:07:24<00:02:21,  1.00it/s, loss=0.0253]
Epoch 22:  77%|#######...| 449/585 [00:07:30<00:02:16,  1.00it/s, loss=0.0253]
Epoch 22:  78%|#######...| 454/585 [00:07:35<00:02:11,  1.00it/s, loss=0.0253]
Epoch 22:  78%|#######...| 459/585 [00:07:40<00:02:06,  1.00it/s, loss=0.0253]
Epoch 22:  79%|#######...| 464/585 [00:07:45<00:02:01,  1.00it/s, loss=0.0253]
Epoch 22:  80%|########..| 469/585 [00:07:50<00:01:56,  1.00it/s, loss=0.0252]
Epoch 22:  81%|########..| 474/585 [00:07:55<00:01:51,  1.00it/s, loss=0.0253]
Epoch 22:  82%|########..| 479/585 [00:08:01<00:01:46,  1.00it/s, loss=0.0253]
Epoch 22:  83%|########..| 485/585 [00:08:07<00:01:40,  1.00it/s, loss=0.0253]
Epoch 22:  84%|########..| 490/585 [00:08:12<00:01:35,  1.00it/s, loss=0.0253]
Epoch 22:  85%|########..| 496/585 [00:08:17<00:01:29,  1.00it/s, loss=0.0253]
Epoch 22:  86%|########..| 502/585 [00:08:23<00:01:23,  1.00it/s, loss=0.0253]
Epoch 22:  87%|########..| 508/585 [00:08:28<00:01:17,  1.00it/s, loss=0.0254]
Epoch 22:  88%|########..| 513/585 [00:08:33<00:01:12,  1.00it/s, loss=0.0254]
Epoch 22:  89%|########..| 519/585 [00:08:39<00:01:06,  1.00it/s, loss=0.0253]
Epoch 22:  90%|########..| 525/585 [00:08:44<00:00:59,  1.00it/s, loss=0.0253]
Epoch 22:  91%|#########.| 530/585 [00:08:50<00:00:55,  1.00it/s, loss=0.0253]
Epoch 22:  92%|#########.| 536/585 [00:08:56<00:00:49,  1.00it/s, loss=0.0253]
Epoch 22:  93%|#########.| 542/585 [00:09:01<00:00:42,  1.00it/s, loss=0.0253]
Epoch 22:  94%|#########.| 548/585 [00:09:07<00:00:36,  1.00it/s, loss=0.0253]
Epoch 22:  95%|#########.| 554/585 [00:09:12<00:00:30,  1.00it/s, loss=0.0252]
Epoch 22:  96%|#########.| 560/585 [00:09:18<00:00:24,  1.00it/s, loss=0.0252]
Epoch 22:  97%|#########.| 566/585 [00:09:24<00:00:18,  1.00it/s, loss=0.0252]
Epoch 22:  98%|#########.| 572/585 [00:09:30<00:00:12,  1.00it/s, loss=0.0252]
Epoch 22:  99%|#########.| 577/585 [00:09:36<00:00:07,  1.00it/s, loss=0.0252]
Epoch 22: 100%|#########.| 583/585 [00:09:41<00:00:01,  1.00it/s, loss=0.0251]
Epoch 22: 100%|##########| 585/585 [00:09:42<00:00:00,  1.00it/s, loss=0.0251]
Test loss: 0.0249, Test rmsae: 7.66deg
{"event": "epoch_complete", "epoch": 22, "phase": 2, "lr": 1e-05, "batch_size": 10, "micro_batch_size": 1, "train_loss": 0.02511106858937404, "val_loss": 0.024858210468664765, "val_rmsae_deg": 7.6609788835048676, "epoch_time_s": 583.788135277}
Epoch 23/80:
Epoch 23:   1%|..........| 6/585 [00:00:05<00:09:09,  1.05it/s, loss=0.0255]
Epoch 23:   2%|..........| 12/585 [00:00:11<00:09:17,  1.03it/s, loss=0.0239]
Epoch 23:   3%|..........| 18/585 [00:00:17<00:09:07,  1.04it/s, loss=0.0244]
Epoch 23:   4%|..........| 23/585 [00:00:22<00:09:17,  1.01it/s, loss=0.0247]
Epoch 23:   5%|..........| 29/585 [00:00:27<00:08:55,  1.04it/s, loss=0.0243]
Epoch 23:   6%|..........| 33/585 [00:00:33<00:09:17,  0.99it/s, loss=0.0254]
Epoch 23:   6%|..........| 38/585 [00:00:38<00:09:20,  0.98it/s, loss=0.0251]
Epoch 23:   8%|..........| 44/585 [00:00:44<00:09:04,  0.99it/s, loss=0.0260]
Epoch 23:   9%|..........| 50/585 [00:00:49<00:08:49,  1.01it/s, loss=0.0260]
Epoch 23:   9%|..........| 55/585 [00:00:54<00:08:48,  1.00it/s, loss=0.0260]
Epoch 23:  10%|#.........| 59/585 [00:01:00<00:08:55,  0.98it/s, loss=0.0259]
Epoch 23:  11%|#.........| 65/585 [00:01:05<00:08:46,  0.99it/s, loss=0.0257]
Epoch 23:  12%|#.........| 70/585 [00:01:11<00:08:45,  0.98it/s, loss=0.0255]
Epoch 23:  13%|#.........| 75/585 [00:01:17<00:08:44,  0.97it/s, loss=0.0255]
Epoch 23:  14%|#.........| 80/585 [00:01:22<00:08:40,  0.97it/s, loss=0.0257]
Epoch 23:  15%|#.........| 86/585 [00:01:28<00:08:31,  0.98it/s, loss=0.0256]
Epoch 23:  16%|#.........| 91/585 [00:01:34<00:08:30,  0.97it/s, loss=0.0257]
Epoch 23:  16%|#.........| 96/585 [00:01:40<00:08:30,  0.96it/s, loss=0.0259]
Epoch 23:  17%|#.........| 101/585 [00:01:45<00:08:24,  0.96it/s, loss=0.0258]
Epoch 23:  18%|#.........| 106/585 [00:01:50<00:08:20,  0.96it/s, loss=0.0257]
Epoch 23:  19%|#.........| 111/585 [00:01:56<00:08:16,  0.96it/s, loss=0.0257]
Epoch 23:  20%|#.........| 116/585 [00:02:01<00:08:10,  0.96it/s, loss=0.0259]
Epoch 23:  21%|##........| 122/585 [00:02:07<00:08:02,  0.96it/s, loss=0.0257]
Epoch 23:  22%|##........| 127/585 [00:02:12<00:07:59,  0.96it/s, loss=0.0256]
Epoch 23:  23%|##........| 132/585 [00:02:18<00:07:54,  0.95it/s, loss=0.0257]
Epoch 23:  24%|##........| 138/585 [00:02:24<00:07:47,  0.96it/s, loss=0.0256]
Epoch 23:  25%|##........| 144/585 [00:02:29<00:07:38,  0.96it/s, loss=0.0255]
Epoch 23:  26%|##........| 150/585 [00:02:35<00:07:30,  0.97it/s, loss=0.0255]
Epoch 23:  26%|##........| 155/585 [00:02:40<00:07:24,  0.97it/s, loss=0.0254]
Epoch 23:  28%|##........| 161/585 [00:02:45<00:07:16,  0.97it/s, loss=0.0253]
Epoch 23:  28%|##........| 166/585 [00:02:50<00:07:10,  0.97it/s, loss=0.0253]
Epoch 23:  29%|##........| 172/585 [00:02:56<00:07:04,  0.97it/s, loss=0.0253]
Epoch 23:  30%|###.......| 178/585 [00:03:02<00:06:56,  0.98it/s, loss=0.0253]
Epoch 23:  31%|###.......| 184/585 [00:03:08<00:06:50,  0.98it/s, loss=0.0253]
Epoch 23:  32%|###.......| 190/585 [00:03:14<00:06:44,  0.98it/s, loss=0.0253]
Epoch 23:  34%|###.......| 196/585 [00:03:20<00:06:37,  0.98it/s, loss=0.0252]
Epoch 23:  35%|###.......| 202/585 [00:03:26<00:06:31,  0.98it/s, loss=0.0252]
Epoch 23:  35%|###.......| 206/585 [00:03:31<00:06:29,  0.97it/s, loss=0.0253]
Epoch 23:  36%|###.......| 211/585 [00:03:36<00:06:24,  0.97it/s, loss=0.0254]
Epoch 23:  37%|###.......| 216/585 [00:03:42<00:06:19,  0.97it/s, loss=0.0253]
Epoch 23:  38%|###.......| 222/585 [00:03:47<00:06:12,  0.98it/s, loss=0.0252]
Epoch 23:  39%|###.......| 228/585 [00:03:53<00:06:05,  0.98it/s, loss=0.0252]
Epoch 23:  40%|####......| 234/585 [00:03:58<00:05:58,  0.98it/s, loss=0.0251]
Epoch 23:  41%|####......| 239/585 [00:04:04<00:05:54,  0.98it/s, loss=0.0252]
Epoch 23:  42%|####......| 244/585 [00:04:09<00:05:49,  0.98it/s, loss=0.0252]
Epoch 23:  43%|####......| 250/585 [00:04:14<00:05:41,  0.98it/s, loss=0.0251]
Epoch 23:  44%|####......| 256/585 [00:04:20<00:05:35,  0.98it/s, loss=0.0251]
Epoch 23:  45%|####......| 262/585 [00:04:26<00:05:29,  0.98it/s, loss=0.0251]
Epoch 23:  46%|####......| 267/585 [00:04:32<00:05:24,  0.98it/s, loss=0.0251]
Epoch 23:  47%|####......| 273/585 [00:04:37<00:05:17,  0.98it/s, loss=0.0251]
Epoch 23:  48%|####......| 279/585 [00:04:42<00:05:10,  0.99it/s, loss=0.0250]
Epoch 23:  49%|####......| 285/585 [00:04:48<00:05:03,  0.99it/s, loss=0.0250]
Epoch 23:  50%|####......| 290/585 [00:04:53<00:04:58,  0.99it/s, loss=0.0250]
Epoch 23:  50%|#####.....| 295/585 [00:05:00<00:04:55,  0.98it/s, loss=0.0251]
Epoch 23:  51%|#####.....| 300/585 [00:05:05<00:04:50,  0.98it/s, loss=0.0252]
Epoch 23:  52%|#####.....| 305/585 [00:05:10<00:04:45,  0.98it/s, loss=0.0252]
Epoch 23:  53%|#####.....| 311/585 [00:05:16<00:04:38,  0.98it/s, loss=0.0252]
Epoch 23:  54%|#####.....| 315/585 [00:05:21<00:04:35,  0.98it/s, loss=0.0252]
Epoch 23:  55%|#####.....| 321/585 [00:05:27<00:04:29,  0.98it/s, loss=0.0251]
Epoch 23:  56%|#####.....| 326/585 [00:05:32<00:04:23,  0.98it/s, loss=0.0251]
Epoch 23:  57%|#####.....| 332/585 [00:05:37<00:04:17,  0.98it/s, loss=0.0251]
Epoch 23:  58%|#####.....| 338/585 [00:05:43<00:04:10,  0.98it/s, loss=0.0250]
Epoch 23:  59%|#####.....| 344/585 [00:05:48<00:04:04,  0.99it/s, loss=0.0251]
Epoch 23:  60%|#####.....| 350/585 [00:05:54<00:03:57,  0.99it/s, loss=0.0250]
Epoch 23:  61%|######....| 355/585 [00:05:59<00:03:52,  0.99it/s, loss=0.0250]
Epoch 23:  62%|######....| 361/585 [00:06:05<00:03:46,  0.99it/s, loss=0.0250]
Epoch 23:  63%|######....| 367/585 [00:06:10<00:03:40,  0.99it/s, loss=0.0252]
Epoch 23:  64%|######....| 373/585 [00:06:16<00:03:33,  0.99it/s, loss=0.0251]
Epoch 23:  65%|######....| 379/585 [00:06:22<00:03:27,  0.99it/s, loss=0.0251]
Epoch 23:  66%|######....| 384/585 [00:06:27<00:03:22,  0.99it/s, loss=0.0251]
Epoch 23:  67%|######....| 390/585 [00:06:32<00:03:16,  0.99it/s, loss=0.0251]
Epoch 23:  67%|######....| 394/585 [00:06:38<00:03:13,  0.99it/s, loss=0.0252]
Epoch 23:  68%|######....| 400/585 [00:06:44<00:03:07,  0.99it/s, loss=0.0252]
Epoch 23:  69%|######....| 405/585 [00:06:49<00:03:02,  0.99it/s, loss=0.0252]
Epoch 23:  70%|#######...| 410/585 [00:06:54<00:02:57,  0.99it/s, loss=0.0252]
Epoch 23:  71%|#######...| 415/585 [00:07:00<00:02:52,  0.99it/s, loss=0.0252]
Epoch 23:  72%|#######...| 421/585 [00:07:06<00:02:45,  0.99it/s, loss=0.0252]
Epoch 23:  73%|#######...| 426/585 [00:07:12<00:02:41,  0.99it/s, loss=0.0252]
Epoch 23:  74%|#######...| 432/585 [00:07:17<00:02:35,  0.99it/s, loss=0.0252]
Epoch 23:  75%|#######...| 437/585 [00:07:23<00:02:30,  0.99it/s, loss=0.0253]
Epoch 23:  76%|#######...| 443/585 [00:07:28<00:02:23,  0.99it/s, loss=0.0253]
Epoch 23:  77%|#######...| 449/585 [00:07:34<00:02:17,  0.99it/s, loss=0.0253]
Epoch 23:  78%|#######...| 454/585 [00:07:39<00:02:12,  0.99it/s, loss=0.0252]
Epoch 23:  78%|#######...| 459/585 [00:07:45<00:02:07,  0.99it/s, loss=0.0253]
Epoch 23:  79%|#######...| 464/585 [00:07:50<00:02:02,  0.99it/s, loss=0.0253]
Epoch 23:  80%|########..| 470/585 [00:07:56<00:01:56,  0.99it/s, loss=0.0252]
Epoch 23:  81%|########..| 476/585 [00:08:01<00:01:50,  0.99it/s, loss=0.0252]
Epoch 23:  82%|########..| 481/585 [00:08:07<00:01:45,  0.99it/s, loss=0.0252]
Epoch 23:  83%|########..| 486/585 [00:08:13<00:01:40,  0.99it/s, loss=0.0253]
Epoch 23:  84%|########..| 492/585 [00:08:18<00:01:34,  0.99it/s, loss=0.0253]
Epoch 23:  85%|########..| 498/585 [00:08:24<00:01:28,  0.99it/s, loss=0.0253]
Epoch 23:  86%|########..| 503/585 [00:08:30<00:01:23,  0.99it/s, loss=0.0253]
Epoch 23:  87%|########..| 509/585 [00:08:35<00:01:17,  0.99it/s, loss=0.0253]
Epoch 23:  88%|########..| 515/585 [00:08:41<00:01:10,  0.99it/s, loss=0.0253]
Epoch 23:  89%|########..| 521/585 [00:08:47<00:01:04,  0.99it/s, loss=0.0253]
Epoch 23:  90%|########..| 526/585 [00:08:52<00:00:59,  0.99it/s, loss=0.0260]
Epoch 23:  91%|#########.| 532/585 [00:08:58<00:00:53,  0.99it/s, loss=0.0260]
Epoch 23:  92%|#########.| 538/585 [00:09:03<00:00:47,  0.99it/s, loss=0.0260]
Epoch 23:  93%|#########.| 544/585 [00:09:09<00:00:41,  0.99it/s, loss=0.0260]
Epoch 23:  94%|#########.| 550/585 [00:09:15<00:00:35,  0.99it/s, loss=0.0260]
Epoch 23:  95%|#########.| 555/585 [00:09:20<00:00:30,  0.99it/s, loss=0.0260]
Epoch 23:  96%|#########.| 561/585 [00:09:26<00:00:24,  0.99it/s, loss=0.0260]
Epoch 23:  97%|#########.| 567/585 [00:09:32<00:00:18,  0.99it/s, loss=0.0260]
Epoch 23:  98%|#########.| 573/585 [00:09:37<00:00:12,  0.99it/s, loss=0.0259]
Epoch 23:  99%|#########.| 578/585 [00:09:43<00:00:07,  0.99it/s, loss=0.0260]
Epoch 23: 100%|#########.| 583/585 [00:09:49<00:00:02,  0.99it/s, loss=0.0260]
Epoch 23: 100%|##########| 585/585 [00:09:51<00:00:00,  0.99it/s, loss=0.0260]
Test loss: 0.0248, Test rmsae: 7.62deg
{"event": "epoch_complete", "epoch": 23, "phase": 2, "lr": 1e-05, "batch_size": 10, "micro_batch_size": 1, "train_loss": 0.025998002155405334, "val_loss": 0.02480199100682512, "val_rmsae_deg": 7.617233827710152, "epoch_time_s": 592.1288180629999}
Epoch 24/80:
Epoch 24:   1%|..........| 6/585 [00:00:06<00:10:28,  0.92it/s, loss=0.0283]
Epoch 24:   2%|..........| 12/585 [00:00:12<00:09:44,  0.98it/s, loss=0.0263]
Epoch 24:   3%|..........| 18/585 [00:00:17<00:09:24,  1.00it/s, loss=0.0256]
Epoch 24:   4%|..........| 24/585 [00:00:23<00:09:13,  1.01it/s, loss=0.0254]
Epoch 24:   5%|..........| 30/585 [00:00:28<00:08:55,  1.04it/s, loss=0.0252]
Epoch 24:   6%|..........| 36/585 [00:00:34<00:08:48,  1.04it/s, loss=0.0252]
Epoch 24:   7%|..........| 41/585 [00:00:39<00:08:46,  1.03it/s, loss=0.0253]
Epoch 24:   8%|..........| 47/585 [00:00:45<00:08:35,  1.04it/s, loss=0.0251]
Epoch 24:   9%|..........| 52/585 [00:00:50<00:08:38,  1.03it/s, loss=0.0251]
Epoch 24:  10%|..........| 57/585 [00:00:56<00:08:39,  1.02it/s, loss=0.0256]
Epoch 24:  11%|#.........| 62/585 [00:01:01<00:08:35,  1.01it/s, loss=0.0257]
Epoch 24:  11%|#.........| 67/585 [00:01:06<00:08:31,  1.01it/s, loss=0.0257]
Epoch 24:  12%|#.........| 73/585 [00:01:12<00:08:27,  1.01it/s, loss=0.0255]
Epoch 24:  14%|#.........| 79/585 [00:01:17<00:08:18,  1.01it/s, loss=0.0253]
Epoch 24:  14%|#.........| 84/585 [00:01:23<00:08:18,  1.01it/s, loss=0.0254]
Epoch 24:  15%|#.........| 90/585 [00:01:29<00:08:09,  1.01it/s, loss=0.0256]
Epoch 24:  16%|#.........| 96/585 [00:01:34<00:08:02,  1.01it/s, loss=0.0255]
Epoch 24:  17%|#.........| 100/585 [00:01:39<00:08:04,  1.00it/s, loss=0.0254]
Epoch 24:  18%|#.........| 105/585 [00:01:45<00:08:02,  1.00it/s, loss=0.0254]
Epoch 24:  19%|#.........| 111/585 [00:01:51<00:07:57,  0.99it/s, loss=0.0253]
Epoch 24:  20%|##........| 117/585 [00:01:57<00:07:50,  0.99it/s, loss=0.0252]
Epoch 24:  21%|##........| 122/585 [00:02:03<00:07:47,  0.99it/s, loss=0.0251]
Epoch 24:  22%|##........| 127/585 [00:02:08<00:07:43,  0.99it/s, loss=0.0253]
Epoch 24:  23%|##........| 133/585 [00:02:14<00:07:35,  0.99it/s, loss=0.0254]
Epoch 24:  24%|##........| 139/585 [00:02:19<00:07:28,  0.99it/s, loss=0.0253]
Epoch 24:  24%|##........| 143/585 [00:02:25<00:07:28,  0.99it/s, loss=0.0254]
Epoch 24:  25%|##........| 149/585 [00:02:31<00:07:22,  0.98it/s, loss=0.0254]
Epoch 24:  26%|##........| 155/585 [00:02:37<00:07:15,  0.99it/s, loss=0.0254]
Epoch 24:  28%|##........| 161/585 [00:02:42<00:07:07,  0.99it/s, loss=0.0254]
Epoch 24:  28%|##........| 166/585 [00:02:47<00:07:02,  0.99it/s, loss=0.0254]
Epoch 24:  29%|##........| 172/585 [00:02:52<00:06:54,  1.00it/s, loss=0.0254]
Epoch 24:  30%|###.......| 178/585 [00:02:58<00:06:48,  1.00it/s, loss=0.0254]
Epoch 24:  31%|###.......| 183/585 [00:03:03<00:06:43,  1.00it/s, loss=0.0252]
Epoch 24:  32%|###.......| 188/585 [00:03:08<00:06:39,  0.99it/s, loss=0.0252]
Epoch 24:  33%|###.......| 194/585 [00:03:14<00:06:32,  1.00it/s, loss=0.0252]
Epoch 24:  34%|###.......| 200/585 [00:03:21<00:06:26,  1.00it/s, loss=0.0252]
Epoch 24:  35%|###.......| 205/585 [00:03:26<00:06:22,  0.99it/s, loss=0.0252]
Epoch 24:  36%|###.......| 211/585 [00:03:31<00:06:15,  1.00it/s, loss=0.0251]
Epoch 24:  37%|###.......| 217/585 [00:03:37<00:06:09,  1.00it/s, loss=0.0251]
Epoch 24:  38%|###.......| 222/585 [00:03:43<00:06:05,  0.99it/s, loss=0.0250]
Epoch 24:  39%|###.......| 227/585 [00:03:49<00:06:01,  0.99it/s, loss=0.0251]
Epoch 24:  39%|###.......| 231/585 [00:03:54<00:05:59,  0.98it/s, loss=0.0251]
Epoch 24:  40%|####......| 236/585 [00:04:00<00:05:55,  0.98it/s, loss=0.0252]
Epoch 24:  41%|####......| 242/585 [00:04:06<00:05:48,  0.98it/s, loss=0.0252]
Epoch 24:  42%|####......| 248/585 [00:04:11<00:05:42,  0.98it/s, loss=0.0253]
Epoch 24:  43%|####......| 254/585 [00:04:17<00:05:35,  0.99it/s, loss=0.0252]
Epoch 24:  44%|####......| 260/585 [00:04:22<00:05:28,  0.99it/s, loss=0.0253]
Epoch 24:  45%|####......| 266/585 [00:04:28<00:05:21,  0.99it/s, loss=0.0252]
Epoch 24:  46%|####......| 272/585 [00:04:33<00:05:14,  0.99it/s, loss=0.0252]
Epoch 24:  48%|####......| 278/585 [00:04:39<00:05:08,  1.00it/s, loss=0.0252]
Epoch 24:  48%|####......| 283/585 [00:04:44<00:05:03,  0.99it/s, loss=0.0253]
Epoch 24:  49%|####......| 289/585 [00:04:50<00:04:57,  1.00it/s, loss=0.0253]
Epoch 24:  50%|#####.....| 295/585 [00:04:55<00:04:50,  1.00it/s, loss=0.0253]
Epoch 24:  51%|#####.....| 301/585 [00:05:01<00:04:44,  1.00it/s, loss=0.0252]
Epoch 24:  52%|#####.....| 307/585 [00:05:07<00:04:38,  1.00it/s, loss=0.0252]
Epoch 24:  54%|#####.....| 313/585 [00:05:13<00:04:32,  1.00it/s, loss=0.0252]
Epoch 24:  54%|#####.....| 318/585 [00:05:18<00:04:27,  1.00it/s, loss=0.0252]
Epoch 24:  55%|#####.....| 323/585 [00:05:23<00:04:22,  1.00it/s, loss=0.0251]
Epoch 24:  56%|#####.....| 328/585 [00:05:28<00:04:17,  1.00it/s, loss=0.0251]
Epoch 24:  57%|#####.....| 333/585 [00:05:34<00:04:13,  1.00it/s, loss=0.0251]
Epoch 24:  58%|#####.....| 337/585 [00:05:39<00:04:09,  0.99it/s, loss=0.0251]
Epoch 24:  59%|#####.....| 343/585 [00:05:45<00:04:03,  0.99it/s, loss=0.0251]
Epoch 24:  60%|#####.....| 349/585 [00:05:50<00:03:57,  0.99it/s, loss=0.0250]
Epoch 24:  61%|######....| 355/585 [00:05:56<00:03:50,  1.00it/s, loss=0.0251]
Epoch 24:  62%|######....| 361/585 [00:06:02<00:03:44,  1.00it/s, loss=0.0250]
Epoch 24:  63%|######....| 367/585 [00:06:08<00:03:38,  1.00it/s, loss=0.0250]
Epoch 24:  64%|######....| 372/585 [00:06:13<00:03:33,  1.00it/s, loss=0.0250]
Epoch 24:  64%|######....| 377/585 [00:06:18<00:03:29,  1.00it/s, loss=0.0250]
Epoch 24:  65%|######....| 382/585 [00:06:24<00:03:24,  0.99it/s, loss=0.0250]
Epoch 24:  66%|######....| 388/585 [00:06:29<00:03:17,  1.00it/s, loss=0.0252]
Epoch 24:  67%|######....| 393/585 [00:06:34<00:03:12,  1.00it/s, loss=0.0252]
Epoch 24:  68%|######....| 398/585 [00:06:39<00:03:07,  1.00it/s, loss=0.0252]
Epoch 24:  69%|######....| 404/585 [00:06:45<00:03:01,  1.00it/s, loss=0.0252]
Epoch 24:  70%|######....| 409/585 [00:06:50<00:02:56,  1.00it/s, loss=0.0252]
Epoch 24:  71%|#######...| 415/585 [00:06:56<00:02:50,  1.00it/s, loss=0.0252]
Epoch 24:  72%|#######...| 420/585 [00:07:01<00:02:45,  1.00it/s, loss=0.0252]
Epoch 24:  73%|#######...| 426/585 [00:07:07<00:02:39,  1.00it/s, loss=0.0253]
Epoch 24:  74%|#######...| 432/585 [00:07:13<00:02:33,  1.00it/s, loss=0.0252]
Epoch 24:  75%|#######...| 438/585 [00:07:19<00:02:27,  1.00it/s, loss=0.0252]
Epoch 24:  76%|#######...| 444/585 [00:07:24<00:02:21,  1.00it/s, loss=0.0252]
Epoch 24:  77%|#######...| 449/585 [00:07:30<00:02:16,  1.00it/s, loss=0.0253]
Epoch 24:  78%|#######...| 455/585 [00:07:35<00:02:10,  1.00it/s, loss=0.0253]
Epoch 24:  79%|#######...| 460/585 [00:07:40<00:02:05,  1.00it/s, loss=0.0253]
Epoch 24:  80%|#######...| 466/585 [00:07:46<00:01:59,  1.00it/s, loss=0.0253]
Epoch 24:  81%|########..| 471/585 [00:07:51<00:01:54,  1.00it/s, loss=0.0252]
Epoch 24:  81%|########..| 476/585 [00:07:56<00:01:49,  1.00it/s, loss=0.0252]
Epoch 24:  82%|########..| 481/585 [00:08:01<00:01:44,  1.00it/s, loss=0.0253]
Epoch 24:  83%|########..| 486/585 [00:08:07<00:01:39,  1.00it/s, loss=0.0253]
Epoch 24:  84%|########..| 492/585 [00:08:13<00:01:33,  1.00it/s, loss=0.0252]
Epoch 24:  85%|########..| 497/585 [00:08:18<00:01:28,  1.00it/s, loss=0.0253]
Epoch 24:  86%|########..| 502/585 [00:08:23<00:01:23,  1.00it/s, loss=0.0253]
Epoch 24:  87%|########..| 508/585 [00:08:29<00:01:17,  1.00it/s, loss=0.0254]
Epoch 24:  88%|########..| 514/585 [00:08:35<00:01:11,  1.00it/s, loss=0.0254]
Epoch 24:  89%|########..| 519/585 [00:08:40<00:01:06,  1.00it/s, loss=0.0254]
Epoch 24:  90%|########..| 525/585 [00:08:46<00:01:00,  1.00it/s, loss=0.0254]
Epoch 24:  91%|#########.| 531/585 [00:08:52<00:00:54,  1.00it/s, loss=0.0254]
Epoch 24:  92%|#########.| 536/585 [00:08:57<00:00:49,  1.00it/s, loss=0.0254]
Epoch 24:  92%|#########.| 541/585 [00:09:02<00:00:44,  1.00it/s, loss=0.0254]
Epoch 24:  93%|#########.| 546/585 [00:09:07<00:00:39,  1.00it/s, loss=0.0254]
Epoch 24:  94%|#########.| 551/585 [00:09:13<00:00:34,  1.00it/s, loss=0.0254]
Epoch 24:  95%|#########.| 556/585 [00:09:18<00:00:29,  1.00it/s, loss=0.0254]
Epoch 24:  96%|#########.| 562/585 [00:09:24<00:00:23,  1.00it/s, loss=0.0254]
Epoch 24:  97%|#########.| 566/585 [00:09:29<00:00:19,  0.99it/s, loss=0.0254]
Epoch 24:  98%|#########.| 571/585 [00:09:34<00:00:14,  0.99it/s, loss=0.0254]
Epoch 24:  98%|#########.| 576/585 [00:09:40<00:00:09,  0.99it/s, loss=0.0255]
Epoch 24:  99%|#########.| 581/585 [00:09:45<00:00:04,  0.99it/s, loss=0.0255]
Epoch 24: 100%|##########| 585/585 [00:09:49<00:00:00,  0.99it/s, loss=0.0255]
Test loss: 0.0248, Test rmsae: 7.59deg
{"event": "epoch_complete", "epoch": 24, "phase": 2, "lr": 1e-05, "batch_size": 10, "micro_batch_size": 1, "train_loss": 0.02549627571661248, "val_loss": 0.024789710121694952, "val_rmsae_deg": 7.591304898262024, "epoch_time_s": 589.874292986}
Epoch 25/80:
Epoch 25:   1%|..........| 6/585 [00:00:05<00:09:17,  1.04it/s, loss=0.0249]
Epoch 25:   2%|..........| 12/585 [00:00:11<00:08:55,  1.07it/s, loss=0.0240]
Epoch 25:   3%|..........| 18/585 [00:00:16<00:08:48,  1.07it/s, loss=0.0234]
Epoch 25:   4%|..........| 23/585 [00:00:22<00:09:04,  1.03it/s, loss=0.0230]
Epoch 25:   5%|..........| 29/585 [00:00:27<00:08:53,  1.04it/s, loss=0.0230]
Epoch 25:   6%|..........| 34/585 [00:00:32<00:08:53,  1.03it/s, loss=0.0235]
Epoch 25:   7%|..........| 40/585 [00:00:38<00:08:50,  1.03it/s, loss=0.0241]
Epoch 25:   8%|..........| 46/585 [00:00:44<00:08:40,  1.03it/s, loss=0.0244]
Epoch 25:   9%|..........| 51/585 [00:00:49<00:08:39,  1.03it/s, loss=0.0242]
Epoch 25:  10%|..........| 57/585 [00:00:55<00:08:30,  1.04it/s, loss=0.0244]
Epoch 25:  11%|#.........| 63/585 [00:01:01<00:08:25,  1.03it/s, loss=0.0241]
Epoch 25:  12%|#.........| 69/585 [00:01:06<00:08:18,  1.03it/s, loss=0.0239]
Epoch 25:  13%|#.........| 75/585 [00:01:12<00:08:13,  1.03it/s, loss=0.0241]
Epoch 25:  14%|#.........| 81/585 [00:01:17<00:08:04,  1.04it/s, loss=0.0243]
Epoch 25:  15%|#.........| 86/585 [00:01:23<00:08:03,  1.03it/s, loss=0.0249]
Epoch 25:  16%|#.........| 91/585 [00:01:29<00:08:03,  1.02it/s, loss=0.0250]
Epoch 25:  17%|#.........| 97/585 [00:01:34<00:07:53,  1.03it/s, loss=0.0248]
Epoch 25:  17%|#.........| 102/585 [00:01:39<00:07:51,  1.03it/s, loss=0.0251]
Epoch 25:  18%|#.........| 107/585 [00:01:45<00:07:50,  1.02it/s, loss=0.0252]
Epoch 25:  19%|#.........| 113/585 [00:01:51<00:07:43,  1.02it/s, loss=0.0251]
Epoch 25:  20%|##........| 119/585 [00:01:56<00:07:36,  1.02it/s, loss=0.0250]
Epoch 25:  21%|##........| 125/585 [00:02:02<00:07:29,  1.02it/s, loss=0.0250]
Epoch 25:  22%|##........| 131/585 [00:02:07<00:07:23,  1.02it/s, loss=0.0249]
Epoch 25:  23%|##........| 137/585 [00:02:13<00:07:16,  1.03it/s, loss=0.0248]
Epoch 25:  24%|##........| 143/585 [00:02:19<00:07:10,  1.03it/s, loss=0.0246]
Epoch 25:  25%|##........| 148/585 [00:02:25<00:07:08,  1.02it/s, loss=0.0246]
Epoch 25:  26%|##........| 153/585 [00:02:30<00:07:04,  1.02it/s, loss=0.0247]
Epoch 25:  27%|##........| 159/585 [00:02:36<00:06:58,  1.02it/s, loss=0.0249]
Epoch 25:  28%|##........| 165/585 [00:02:42<00:06:53,  1.02it/s, loss=0.0252]
Epoch 25:  29%|##........| 171/585 [00:02:48<00:06:47,  1.02it/s, loss=0.0251]
Epoch 25:  30%|###.......| 176/585 [00:02:53<00:06:44,  1.01it/s, loss=0.0250]
Epoch 25:  31%|###.......| 182/585 [00:02:59<00:06:37,  1.01it/s, loss=0.0249]
Epoch 25:  32%|###.......| 187/585 [00:03:04<00:06:32,  1.01it/s, loss=0.0248]
Epoch 25:  33%|###.......| 192/585 [00:03:09<00:06:28,  1.01it/s, loss=0.0249]
Epoch 25:  34%|###.......| 197/585 [00:03:15<00:06:24,  1.01it/s, loss=0.0249]
Epoch 25:  35%|###.......| 203/585 [00:03:20<00:06:18,  1.01it/s, loss=0.0249]
Epoch 25:  36%|###.......| 208/585 [00:03:26<00:06:13,  1.01it/s, loss=0.0248]
Epoch 25:  37%|###.......| 214/585 [00:03:31<00:06:06,  1.01it/s, loss=0.0247]
Epoch 25:  38%|###.......| 220/585 [00:03:37<00:06:00,  1.01it/s, loss=0.0246]
Epoch 25:  38%|###.......| 225/585 [00:03:42<00:05:56,  1.01it/s, loss=0.0247]
Epoch 25:  39%|###.......| 230/585 [00:03:48<00:05:52,  1.01it/s, loss=0.0247]
Epoch 25:  40%|####......| 236/585 [00:03:53<00:05:45,  1.01it/s, loss=0.0246]
Epoch 25:  41%|####......| 242/585 [00:03:59<00:05:39,  1.01it/s, loss=0.0246]
Epoch 25:  42%|####......| 248/585 [00:04:05<00:05:33,  1.01it/s, loss=0.0246]
Epoch 25:  43%|####......| 253/585 [00:04:10<00:05:28,  1.01it/s, loss=0.0247]
Epoch 25:  44%|####......| 259/585 [00:04:16<00:05:22,  1.01it/s, loss=0.0247]
Epoch 25:  45%|####......| 265/585 [00:04:22<00:05:16,  1.01it/s, loss=0.0247]
Epoch 25:  46%|####......| 271/585 [00:04:27<00:05:10,  1.01it/s, loss=0.0248]
Epoch 25:  47%|####......| 277/585 [00:04:33<00:05:04,  1.01it/s, loss=0.0248]
Epoch 25:  48%|####......| 283/585 [00:04:39<00:04:58,  1.01it/s, loss=0.0247]
Epoch 25:  49%|####......| 288/585 [00:04:44<00:04:53,  1.01it/s, loss=0.0246]
Epoch 25:  50%|#####.....| 294/585 [00:04:50<00:04:47,  1.01it/s, loss=0.0247]
Epoch 25:  51%|#####.....| 299/585 [00:04:55<00:04:43,  1.01it/s, loss=0.0247]
Epoch 25:  52%|#####.....| 305/585 [00:05:01<00:04:36,  1.01it/s, loss=0.0247]
Epoch 25:  53%|#####.....| 311/585 [00:05:06<00:04:30,  1.01it/s, loss=0.0246]
Epoch 25:  54%|#####.....| 317/585 [00:05:12<00:04:24,  1.01it/s, loss=0.0246]
Epoch 25:  55%|#####.....| 323/585 [00:05:18<00:04:18,  1.01it/s, loss=0.0246]
Epoch 25:  56%|#####.....| 328/585 [00:05:23<00:04:13,  1.01it/s, loss=0.0246]
Epoch 25:  57%|#####.....| 334/585 [00:05:29<00:04:07,  1.01it/s, loss=0.0246]
Epoch 25:  58%|#####.....| 340/585 [00:05:35<00:04:01,  1.01it/s, loss=0.0246]
Epoch 25:  59%|#####.....| 346/585 [00:05:41<00:03:55,  1.01it/s, loss=0.0246]
Epoch 25:  60%|######....| 352/585 [00:05:46<00:03:49,  1.02it/s, loss=0.0246]
Epoch 25:  61%|######....| 357/585 [00:05:52<00:03:45,  1.01it/s, loss=0.0247]
Epoch 25:  62%|######....| 363/585 [00:05:58<00:03:39,  1.01it/s, loss=0.0247]
Epoch 25:  63%|######....| 368/585 [00:06:03<00:03:34,  1.01it/s, loss=0.0250]
Epoch 25:  64%|######....| 373/585 [00:06:09<00:03:29,  1.01it/s, loss=0.0250]
Epoch 25:  65%|######....| 379/585 [00:06:14<00:03:23,  1.01it/s, loss=0.0251]
Epoch 25:  66%|######....| 385/585 [00:06:19<00:03:17,  1.01it/s, loss=0.0250]
Epoch 25:  67%|######....| 390/585 [00:06:25<00:03:12,  1.01it/s, loss=0.0251]
Epoch 25:  68%|######....| 396/585 [00:06:30<00:03:06,  1.01it/s, loss=0.0251]
Epoch 25:  69%|######....| 402/585 [00:06:36<00:03:00,  1.01it/s, loss=0.0251]
Epoch 25:  70%|######....| 408/585 [00:06:42<00:02:54,  1.01it/s, loss=0.0251]
Epoch 25:  71%|#######...| 413/585 [00:06:47<00:02:49,  1.01it/s, loss=0.0251]
Epoch 25:  71%|#######...| 418/585 [00:06:53<00:02:45,  1.01it/s, loss=0.0251]
Epoch 25:  72%|#######...| 423/585 [00:06:58<00:02:40,  1.01it/s, loss=0.0251]
Epoch 25:  73%|#######...| 428/585 [00:07:03<00:02:35,  1.01it/s, loss=0.0251]
Epoch 25:  74%|#######...| 434/585 [00:07:10<00:02:29,  1.01it/s, loss=0.0255]
Epoch 25:  75%|#######...| 439/585 [00:07:15<00:02:24,  1.01it/s, loss=0.0255]
Epoch 25:  76%|#######...| 444/585 [00:07:20<00:02:19,  1.01it/s, loss=0.0255]
Epoch 25:  77%|#######...| 449/585 [00:07:26<00:02:15,  1.01it/s, loss=0.0256]
Epoch 25:  78%|#######...| 455/585 [00:07:31<00:02:09,  1.01it/s, loss=0.0255]
Epoch 25:  79%|#######...| 461/585 [00:07:37<00:02:03,  1.01it/s, loss=0.0255]
Epoch 25:  80%|#######...| 467/585 [00:07:43<00:01:57,  1.01it/s, loss=0.0255]
Epoch 25:  81%|########..| 472/585 [00:07:48<00:01:52,  1.01it/s, loss=0.0255]
Epoch 25:  82%|########..| 478/585 [00:07:54<00:01:46,  1.01it/s, loss=0.0255]
Epoch 25:  83%|########..| 483/585 [00:07:59<00:01:41,  1.01it/s, loss=0.0256]
Epoch 25:  84%|########..| 489/585 [00:08:05<00:01:35,  1.01it/s, loss=0.0256]
Epoch 25:  85%|########..| 495/585 [00:08:11<00:01:29,  1.01it/s, loss=0.0255]
Epoch 25:  86%|########..| 501/585 [00:08:16<00:01:23,  1.01it/s, loss=0.0255]
Epoch 25:  87%|########..| 507/585 [00:08:22<00:01:17,  1.01it/s, loss=0.0255]
Epoch 25:  88%|########..| 512/585 [00:08:27<00:01:12,  1.01it/s, loss=0.0254]
Epoch 25:  88%|########..| 517/585 [00:08:32<00:01:07,  1.01it/s, loss=0.0255]
Epoch 25:  89%|########..| 523/585 [00:08:37<00:01:01,  1.01it/s, loss=0.0254]
Epoch 25:  90%|#########.| 529/585 [00:08:43<00:00:55,  1.01it/s, loss=0.0254]
Epoch 25:  91%|#########.| 535/585 [00:08:49<00:00:49,  1.01it/s, loss=0.0255]
Epoch 25:  92%|#########.| 540/585 [00:08:54<00:00:44,  1.01it/s, loss=0.0254]
Epoch 25:  93%|#########.| 544/585 [00:08:59<00:00:40,  1.01it/s, loss=0.0254]
Epoch 25:  94%|#########.| 549/585 [00:09:04<00:00:35,  1.01it/s, loss=0.0254]
Epoch 25:  95%|#########.| 554/585 [00:09:09<00:00:30,  1.01it/s, loss=0.0254]
Epoch 25:  96%|#########.| 560/585 [00:09:15<00:00:24,  1.01it/s, loss=0.0254]
Epoch 25:  97%|#########.| 565/585 [00:09:20<00:00:19,  1.01it/s, loss=0.0254]
Epoch 25:  97%|#########.| 570/585 [00:09:25<00:00:14,  1.01it/s, loss=0.0254]
Epoch 25:  98%|#########.| 576/585 [00:09:30<00:00:08,  1.01it/s, loss=0.0254]
Epoch 25:  99%|#########.| 582/585 [00:09:36<00:00:02,  1.01it/s, loss=0.0254]
Epoch 25: 100%|##########| 585/585 [00:09:40<00:00:00,  1.01it/s, loss=0.0254]
Test loss: 0.0248, Test rmsae: 7.64deg
{"event": "epoch_complete", "epoch": 25, "phase": 2, "lr": 1e-05, "batch_size": 10, "micro_batch_size": 1, "train_loss": 0.02543776093257798, "val_loss": 0.02480314130662009, "val_rmsae_deg": 7.639811083674431, "epoch_time_s": 581.2531262949997}
Epoch 26/80:
Epoch 26:   1%|..........| 5/585 [00:00:05<00:10:09,  0.95it/s, loss=0.0265]
Epoch 26:   2%|..........| 10/585 [00:00:10<00:10:28,  0.91it/s, loss=0.0301]
Epoch 26:   3%|..........| 15/585 [00:00:16<00:10:11,  0.93it/s, loss=0.0291]
Epoch 26:   4%|..........| 21/585 [00:00:22<00:09:53,  0.95it/s, loss=0.0291]
Epoch 26:   4%|..........| 26/585 [00:00:27<00:09:50,  0.95it/s, loss=0.0285]
Epoch 26:   5%|..........| 32/585 [00:00:33<00:09:32,  0.97it/s, loss=0.0278]
Epoch 26:   6%|..........| 38/585 [00:00:38<00:09:18,  0.98it/s, loss=0.0274]
Epoch 26:   7%|..........| 43/585 [00:00:44<00:09:16,  0.97it/s, loss=0.0280]
Epoch 26:   8%|..........| 48/585 [00:00:49<00:09:17,  0.96it/s, loss=0.0274]
Epoch 26:   9%|..........| 54/585 [00:00:55<00:09:07,  0.97it/s, loss=0.0278]
Epoch 26:  10%|#.........| 59/585 [00:01:01<00:09:06,  0.96it/s, loss=0.0276]
Epoch 26:  11%|#.........| 64/585 [00:01:06<00:09:00,  0.96it/s, loss=0.0271]
Epoch 26:  12%|#.........| 69/585 [00:01:11<00:08:56,  0.96it/s, loss=0.0271]
Epoch 26:  13%|#.........| 75/585 [00:01:17<00:08:49,  0.96it/s, loss=0.0266]
Epoch 26:  14%|#.........| 80/585 [00:01:22<00:08:43,  0.96it/s, loss=0.0264]
Epoch 26:  15%|#.........| 85/585 [00:01:28<00:08:41,  0.96it/s, loss=0.0264]
Epoch 26:  16%|#.........| 91/585 [00:01:34<00:08:31,  0.97it/s, loss=0.0264]
Epoch 26:  17%|#.........| 97/585 [00:01:40<00:08:24,  0.97it/s, loss=0.0263]
Epoch 26:  17%|#.........| 102/585 [00:01:45<00:08:19,  0.97it/s, loss=0.0263]
Epoch 26:  18%|#.........| 108/585 [00:01:51<00:08:10,  0.97it/s, loss=0.0264]
Epoch 26:  19%|#.........| 114/585 [00:01:57<00:08:04,  0.97it/s, loss=0.0263]
Epoch 26:  21%|##........| 120/585 [00:02:02<00:07:56,  0.98it/s, loss=0.0262]
Epoch 26:  22%|##........| 126/585 [00:02:08<00:07:48,  0.98it/s, loss=0.0259]
Epoch 26:  23%|##........| 132/585 [00:02:13<00:07:39,  0.99it/s, loss=0.0258]
Epoch 26:  24%|##........| 138/585 [00:02:19<00:07:31,  0.99it/s, loss=0.0258]
Epoch 26:  25%|##........| 144/585 [00:02:24<00:07:23,  1.00it/s, loss=0.0257]
Epoch 26:  26%|##........| 150/585 [00:02:29<00:07:14,  1.00it/s, loss=0.0256]
Epoch 26:  27%|##........| 156/585 [00:02:35<00:07:07,  1.00it/s, loss=0.0255]
Epoch 26:  28%|##........| 161/585 [00:02:40<00:07:03,  1.00it/s, loss=0.0255]
Epoch 26:  28%|##........| 166/585 [00:02:45<00:06:58,  1.00it/s, loss=0.0256]
Epoch 26:  29%|##........| 171/585 [00:02:51<00:06:54,  1.00it/s, loss=0.0256]
Epoch 26:  30%|###.......| 177/585 [00:02:56<00:06:46,  1.00it/s, loss=0.0256]
Epoch 26:  31%|###.......| 182/585 [00:03:01<00:06:42,  1.00it/s, loss=0.0255]
Epoch 26:  32%|###.......| 186/585 [00:03:07<00:06:41,  0.99it/s, loss=0.0256]
Epoch 26:  33%|###.......| 191/585 [00:03:12<00:06:37,  0.99it/s, loss=0.0255]
Epoch 26:  34%|###.......| 197/585 [00:03:18<00:06:31,  0.99it/s, loss=0.0254]
Epoch 26:  35%|###.......| 203/585 [00:03:24<00:06:24,  0.99it/s, loss=0.0254]
Epoch 26:  36%|###.......| 208/585 [00:03:29<00:06:20,  0.99it/s, loss=0.0255]
Epoch 26:  37%|###.......| 214/585 [00:03:34<00:06:12,  1.00it/s, loss=0.0255]
Epoch 26:  37%|###.......| 219/585 [00:03:40<00:06:07,  0.99it/s, loss=0.0258]
Epoch 26:  38%|###.......| 225/585 [00:03:45<00:06:01,  1.00it/s, loss=0.0258]
Epoch 26:  39%|###.......| 230/585 [00:03:51<00:05:56,  1.00it/s, loss=0.0258]
Epoch 26:  40%|####......| 236/585 [00:03:56<00:05:50,  1.00it/s, loss=0.0258]
Epoch 26:  41%|####......| 242/585 [00:04:02<00:05:43,  1.00it/s, loss=0.0258]
Epoch 26:  42%|####......| 246/585 [00:04:07<00:05:41,  0.99it/s, loss=0.0259]
Epoch 26:  43%|####......| 252/585 [00:04:13<00:05:34,  0.99it/s, loss=0.0258]
Epoch 26:  44%|####......| 257/585 [00:04:18<00:05:29,  0.99it/s, loss=0.0258]
Epoch 26:  45%|####......| 263/585 [00:04:24<00:05:23,  1.00it/s, loss=0.0257]
Epoch 26:  46%|####......| 269/585 [00:04:29<00:05:16,  1.00it/s, loss=0.0256]
Epoch 26:  47%|####......| 275/585 [00:04:35<00:05:10,  1.00it/s, loss=0.0255]
Epoch 26:  48%|####......| 281/585 [00:04:40<00:05:03,  1.00it/s, loss=0.0255]
Epoch 26:  49%|####......| 287/585 [00:04:45<00:04:56,  1.00it/s, loss=0.0255]
Epoch 26:  50%|#####.....| 293/585 [00:04:51<00:04:50,  1.01it/s, loss=0.0254]
Epoch 26:  51%|#####.....| 299/585 [00:04:57<00:04:44,  1.01it/s, loss=0.0254]
Epoch 26:  52%|#####.....| 305/585 [00:05:02<00:04:37,  1.01it/s, loss=0.0254]
Epoch 26:  53%|#####.....| 311/585 [00:05:07<00:04:31,  1.01it/s, loss=0.0254]
Epoch 26:  54%|#####.....| 317/585 [00:05:13<00:04:24,  1.01it/s, loss=0.0254]
Epoch 26:  55%|#####.....| 321/585 [00:05:18<00:04:21,  1.01it/s, loss=0.0254]
Epoch 26:  56%|#####.....| 327/585 [00:05:23<00:04:15,  1.01it/s, loss=0.0254]
Epoch 26:  57%|#####.....| 333/585 [00:05:29<00:04:09,  1.01it/s, loss=0.0254]
Epoch 26:  58%|#####.....| 339/585 [00:05:34<00:04:02,  1.01it/s, loss=0.0253]
Epoch 26:  59%|#####.....| 345/585 [00:05:40<00:03:56,  1.01it/s, loss=0.0252]
Epoch 26:  60%|######....| 351/585 [00:05:45<00:03:50,  1.01it/s, loss=0.0252]
Epoch 26:  61%|######....| 357/585 [00:05:51<00:03:44,  1.02it/s, loss=0.0252]
Epoch 26:  62%|######....| 363/585 [00:05:56<00:03:38,  1.02it/s, loss=0.0253]
Epoch 26:  63%|######....| 369/585 [00:06:02<00:03:32,  1.02it/s, loss=0.0253]
Epoch 26:  64%|######....| 374/585 [00:06:07<00:03:27,  1.02it/s, loss=0.0253]
Epoch 26:  65%|######....| 379/585 [00:06:13<00:03:22,  1.02it/s, loss=0.0253]
Epoch 26:  66%|######....| 385/585 [00:06:19<00:03:16,  1.02it/s, loss=0.0253]
Epoch 26:  67%|######....| 390/585 [00:06:24<00:03:12,  1.01it/s, loss=0.0253]
Epoch 26:  68%|######....| 396/585 [00:06:30<00:03:06,  1.01it/s, loss=0.0253]
Epoch 26:  69%|######....| 402/585 [00:06:35<00:03:00,  1.02it/s, loss=0.0252]
Epoch 26:  70%|######....| 407/585 [00:06:41<00:02:55,  1.01it/s, loss=0.0252]
Epoch 26:  71%|#######...| 413/585 [00:06:46<00:02:49,  1.02it/s, loss=0.0253]
Epoch 26:  72%|#######...| 419/585 [00:06:53<00:02:43,  1.01it/s, loss=0.0252]
Epoch 26:  72%|#######...| 424/585 [00:06:58<00:02:38,  1.01it/s, loss=0.0252]
Epoch 26:  73%|#######...| 429/585 [00:07:03<00:02:34,  1.01it/s, loss=0.0254]
Epoch 26:  74%|#######...| 435/585 [00:07:09<00:02:28,  1.01it/s, loss=0.0254]
Epoch 26:  75%|#######...| 441/585 [00:07:15<00:02:22,  1.01it/s, loss=0.0253]
Epoch 26:  76%|#######...| 447/585 [00:07:21<00:02:16,  1.01it/s, loss=0.0253]
Epoch 26:  77%|#######...| 452/585 [00:07:26<00:02:11,  1.01it/s, loss=0.0254]
Epoch 26:  78%|#######...| 458/585 [00:07:32<00:02:05,  1.01it/s, loss=0.0253]
Epoch 26:  79%|#######...| 463/585 [00:07:38<00:02:00,  1.01it/s, loss=0.0253]
Epoch 26:  80%|########..| 468/585 [00:07:43<00:01:55,  1.01it/s, loss=0.0253]
Epoch 26:  81%|########..| 474/585 [00:07:48<00:01:49,  1.01it/s, loss=0.0252]
Epoch 26:  82%|########..| 479/585 [00:07:54<00:01:44,  1.01it/s, loss=0.0253]
Epoch 26:  83%|########..| 485/585 [00:07:59<00:01:38,  1.01it/s, loss=0.0253]
Epoch 26:  84%|########..| 491/585 [00:08:05<00:01:32,  1.01it/s, loss=0.0253]
Epoch 26:  85%|########..| 496/585 [00:08:10<00:01:28,  1.01it/s, loss=0.0253]
Epoch 26:  86%|########..| 501/585 [00:08:16<00:01:23,  1.01it/s, loss=0.0253]
Epoch 26:  87%|########..| 507/585 [00:08:21<00:01:17,  1.01it/s, loss=0.0253]
Epoch 26:  88%|########..| 513/585 [00:08:28<00:01:11,  1.01it/s, loss=0.0254]
Epoch 26:  89%|########..| 519/585 [00:08:34<00:01:05,  1.01it/s, loss=0.0254]
Epoch 26:  90%|########..| 524/585 [00:08:39<00:01:00,  1.01it/s, loss=0.0253]
Epoch 26:  91%|#########.| 530/585 [00:08:44<00:00:54,  1.01it/s, loss=0.0254]
Epoch 26:  92%|#########.| 536/585 [00:08:50<00:00:48,  1.01it/s, loss=0.0254]
Epoch 26:  93%|#########.| 542/585 [00:08:56<00:00:42,  1.01it/s, loss=0.0253]
Epoch 26:  94%|#########.| 547/585 [00:09:01<00:00:37,  1.01it/s, loss=0.0253]
Epoch 26:  95%|#########.| 553/585 [00:09:08<00:00:31,  1.01it/s, loss=0.0253]
Epoch 26:  96%|#########.| 559/585 [00:09:13<00:00:25,  1.01it/s, loss=0.0253]
Epoch 26:  97%|#########.| 565/585 [00:09:19<00:00:19,  1.01it/s, loss=0.0253]
Epoch 26:  98%|#########.| 571/585 [00:09:24<00:00:13,  1.01it/s, loss=0.0253]
Epoch 26:  99%|#########.| 577/585 [00:09:31<00:00:07,  1.01it/s, loss=0.0253]
Epoch 26: 100%|#########.| 583/585 [00:09:37<00:00:01,  1.01it/s, loss=0.0252]
Epoch 26: 100%|##########| 585/585 [00:09:40<00:00:00,  1.01it/s, loss=0.0253]
Test loss: 0.0248, Test rmsae: 7.54deg
{"event": "epoch_complete", "epoch": 26, "phase": 2, "lr": 1e-05, "batch_size": 10, "micro_batch_size": 1, "train_loss": 0.025293708470068937, "val_loss": 0.02476137812482193, "val_rmsae_deg": 7.536888346076012, "epoch_time_s": 580.8728278099989}
Epoch 27/80:
Epoch 27:   1%|..........| 6/585 [00:00:05<00:08:33,  1.13it/s, loss=0.0217]
Epoch 27:   2%|..........| 11/585 [00:00:10<00:09:10,  1.04it/s, loss=0.0241]
Epoch 27:   3%|..........| 17/585 [00:00:16<00:09:01,  1.05it/s, loss=0.0240]
Epoch 27:   4%|..........| 23/585 [00:00:21<00:08:57,  1.05it/s, loss=0.0245]
Epoch 27:   5%|..........| 29/585 [00:00:28<00:08:57,  1.04it/s, loss=0.0241]
Epoch 27:   6%|..........| 33/585 [00:00:33<00:09:12,  1.00it/s, loss=0.0241]
Epoch 27:   6%|..........| 38/585 [00:00:38<00:09:15,  0.99it/s, loss=0.0241]
Epoch 27:   8%|..........| 44/585 [00:00:44<00:09:05,  0.99it/s, loss=0.0238]
Epoch 27:   8%|..........| 49/585 [00:00:49<00:08:59,  0.99it/s, loss=0.0238]
Epoch 27:   9%|..........| 55/585 [00:00:54<00:08:48,  1.00it/s, loss=0.0251]
Epoch 27:  10%|#.........| 60/585 [00:00:59<00:08:44,  1.00it/s, loss=0.0249]
Epoch 27:  11%|#.........| 65/585 [00:01:05<00:08:40,  1.00it/s, loss=0.0250]
Epoch 27:  12%|#.........| 71/585 [00:01:10<00:08:32,  1.00it/s, loss=0.0249]
Epoch 27:  13%|#.........| 76/585 [00:01:16<00:08:29,  1.00it/s, loss=0.0253]
Epoch 27:  14%|#.........| 82/585 [00:01:21<00:08:21,  1.00it/s, loss=0.0252]
Epoch 27:  15%|#.........| 88/585 [00:01:27<00:08:12,  1.01it/s, loss=0.0252]
Epoch 27:  16%|#.........| 93/585 [00:01:32<00:08:11,  1.00it/s, loss=0.0254]
Epoch 27:  17%|#.........| 99/585 [00:01:38<00:08:04,  1.00it/s, loss=0.0255]
Epoch 27:  18%|#.........| 105/585 [00:01:44<00:07:55,  1.01it/s, loss=0.0255]
Epoch 27:  19%|#.........| 111/585 [00:01:49<00:07:48,  1.01it/s, loss=0.0253]
Epoch 27:  20%|##........| 117/585 [00:01:55<00:07:40,  1.02it/s, loss=0.0252]
Epoch 27:  21%|##........| 123/585 [00:02:01<00:07:35,  1.01it/s, loss=0.0250]
Epoch 27:  22%|##........| 129/585 [00:02:06<00:07:27,  1.02it/s, loss=0.0251]
Epoch 27:  23%|##........| 134/585 [00:02:12<00:07:26,  1.01it/s, loss=0.0253]
Epoch 27:  24%|##........| 140/585 [00:02:18<00:07:19,  1.01it/s, loss=0.0252]
Epoch 27:  25%|##........| 145/585 [00:02:23<00:07:15,  1.01it/s, loss=0.0252]
Epoch 27:  26%|##........| 151/585 [00:02:29<00:07:08,  1.01it/s, loss=0.0251]
Epoch 27:  27%|##........| 157/585 [00:02:35<00:07:02,  1.01it/s, loss=0.0251]
Epoch 27:  28%|##........| 162/585 [00:02:40<00:06:58,  1.01it/s, loss=0.0251]
Epoch 27:  29%|##........| 168/585 [00:02:45<00:06:51,  1.01it/s, loss=0.0249]
Epoch 27:  30%|##........| 174/585 [00:02:51<00:06:45,  1.01it/s, loss=0.0249]
Epoch 27:  31%|###.......| 180/585 [00:02:56<00:06:37,  1.02it/s, loss=0.0248]
Epoch 27:  32%|###.......| 186/585 [00:03:02<00:06:31,  1.02it/s, loss=0.0250]
Epoch 27:  33%|###.......| 191/585 [00:03:07<00:06:26,  1.02it/s, loss=0.0249]
Epoch 27:  34%|###.......| 197/585 [00:03:13<00:06:20,  1.02it/s, loss=0.0248]
Epoch 27:  35%|###.......| 203/585 [00:03:18<00:06:13,  1.02it/s, loss=0.0248]
Epoch 27:  36%|###.......| 208/585 [00:03:23<00:06:09,  1.02it/s, loss=0.0248]
Epoch 27:  36%|###.......| 213/585 [00:03:28<00:06:04,  1.02it/s, loss=0.0249]
Epoch 27:  37%|###.......| 219/585 [00:03:34<00:05:58,  1.02it/s, loss=0.0249]
Epoch 27:  38%|###.......| 225/585 [00:03:39<00:05:51,  1.02it/s, loss=0.0248]
Epoch 27:  39%|###.......| 230/585 [00:03:45<00:05:47,  1.02it/s, loss=0.0249]
Epoch 27:  40%|####......| 236/585 [00:03:51<00:05:42,  1.02it/s, loss=0.0249]
Epoch 27:  41%|####......| 241/585 [00:03:56<00:05:38,  1.02it/s, loss=0.0250]
Epoch 27:  42%|####......| 247/585 [00:04:02<00:05:32,  1.02it/s, loss=0.0249]
Epoch 27:  43%|####......| 253/585 [00:04:08<00:05:25,  1.02it/s, loss=0.0248]
Epoch 27:  44%|####......| 259/585 [00:04:14<00:05:19,  1.02it/s, loss=0.0248]
Epoch 27:  45%|####......| 265/585 [00:04:19<00:05:13,  1.02it/s, loss=0.0247]
Epoch 27:  46%|####......| 271/585 [00:04:25<00:05:07,  1.02it/s, loss=0.0247]
Epoch 27:  47%|####......| 277/585 [00:04:31<00:05:01,  1.02it/s, loss=0.0247]
Epoch 27:  48%|####......| 283/585 [00:04:37<00:04:55,  1.02it/s, loss=0.0247]
Epoch 27:  49%|####......| 289/585 [00:04:42<00:04:49,  1.02it/s, loss=0.0248]
Epoch 27:  50%|#####.....| 295/585 [00:04:48<00:04:43,  1.02it/s, loss=0.0248]
Epoch 27:  51%|#####.....| 301/585 [00:04:53<00:04:37,  1.02it/s, loss=0.0248]
Epoch 27:  52%|#####.....| 307/585 [00:04:59<00:04:31,  1.03it/s, loss=0.0248]
Epoch 27:  54%|#####.....| 313/585 [00:05:05<00:04:25,  1.03it/s, loss=0.0248]
Epoch 27:  55%|#####.....| 319/585 [00:05:10<00:04:19,  1.03it/s, loss=0.0248]
Epoch 27:  56%|#####.....| 325/585 [00:05:16<00:04:12,  1.03it/s, loss=0.0248]
Epoch 27:  56%|#####.....| 330/585 [00:05:21<00:04:08,  1.03it/s, loss=0.0249]
Epoch 27:  57%|#####.....| 336/585 [00:05:27<00:04:02,  1.03it/s, loss=0.0248]
Epoch 27:  58%|#####.....| 342/585 [00:05:32<00:03:56,  1.03it/s, loss=0.0248]
Epoch 27:  59%|#####.....| 346/585 [00:05:37<00:03:53,  1.02it/s, loss=0.0248]
Epoch 27:  60%|######....| 352/585 [00:05:43<00:03:47,  1.02it/s, loss=0.0247]
Epoch 27:  61%|######....| 358/585 [00:05:48<00:03:41,  1.03it/s, loss=0.0247]
Epoch 27:  62%|######....| 363/585 [00:05:54<00:03:36,  1.03it/s, loss=0.0248]
Epoch 27:  63%|######....| 369/585 [00:05:59<00:03:30,  1.03it/s, loss=0.0248]
Epoch 27:  64%|######....| 375/585 [00:06:05<00:03:24,  1.03it/s, loss=0.0247]
Epoch 27:  65%|######....| 381/585 [00:06:10<00:03:18,  1.03it/s, loss=0.0247]
Epoch 27:  66%|######....| 387/585 [00:06:16<00:03:12,  1.03it/s, loss=0.0247]
Epoch 27:  67%|######....| 392/585 [00:06:22<00:03:08,  1.03it/s, loss=0.0248]
Epoch 27:  68%|######....| 397/585 [00:06:27<00:03:03,  1.02it/s, loss=0.0247]
Epoch 27:  69%|######....| 403/585 [00:06:32<00:02:57,  1.03it/s, loss=0.0247]
Epoch 27:  70%|######....| 409/585 [00:06:39<00:02:51,  1.02it/s, loss=0.0248]
Epoch 27:  71%|#######...| 415/585 [00:06:45<00:02:46,  1.02it/s, loss=0.0247]
Epoch 27:  72%|#######...| 420/585 [00:06:50<00:02:41,  1.02it/s, loss=0.0247]
Epoch 27:  73%|#######...| 425/585 [00:06:56<00:02:36,  1.02it/s, loss=0.0247]
Epoch 27:  74%|#######...| 431/585 [00:07:01<00:02:30,  1.02it/s, loss=0.0247]
Epoch 27:  75%|#######...| 437/585 [00:07:07<00:02:24,  1.02it/s, loss=0.0246]
Epoch 27:  76%|#######...| 443/585 [00:07:12<00:02:18,  1.02it/s, loss=0.0246]
Epoch 27:  77%|#######...| 448/585 [00:07:18<00:02:13,  1.02it/s, loss=0.0246]
Epoch 27:  78%|#######...| 454/585 [00:07:23<00:02:08,  1.02it/s, loss=0.0246]
Epoch 27:  79%|#######...| 460/585 [00:07:29<00:02:02,  1.02it/s, loss=0.0246]
Epoch 27:  79%|#######...| 465/585 [00:07:34<00:01:57,  1.02it/s, loss=0.0246]
Epoch 27:  80%|########..| 470/585 [00:07:39<00:01:52,  1.02it/s, loss=0.0246]
Epoch 27:  81%|########..| 475/585 [00:07:44<00:01:47,  1.02it/s, loss=0.0246]
Epoch 27:  82%|########..| 480/585 [00:07:50<00:01:42,  1.02it/s, loss=0.0247]
Epoch 27:  83%|########..| 485/585 [00:07:56<00:01:38,  1.02it/s, loss=0.0248]
Epoch 27:  84%|########..| 490/585 [00:08:02<00:01:33,  1.02it/s, loss=0.0248]
Epoch 27:  85%|########..| 495/585 [00:08:07<00:01:28,  1.02it/s, loss=0.0247]
Epoch 27:  85%|########..| 500/585 [00:08:12<00:01:23,  1.02it/s, loss=0.0247]
Epoch 27:  86%|########..| 505/585 [00:08:17<00:01:18,  1.02it/s, loss=0.0247]
Epoch 27:  87%|########..| 511/585 [00:08:23<00:01:12,  1.02it/s, loss=0.0247]
Epoch 27:  88%|########..| 516/585 [00:08:28<00:01:08,  1.01it/s, loss=0.0247]
Epoch 27:  89%|########..| 522/585 [00:08:34<00:01:02,  1.02it/s, loss=0.0247]
Epoch 27:  90%|#########.| 527/585 [00:08:39<00:00:57,  1.01it/s, loss=0.0248]
Epoch 27:  91%|#########.| 532/585 [00:08:44<00:00:52,  1.01it/s, loss=0.0248]
Epoch 27:  92%|#########.| 538/585 [00:08:50<00:00:46,  1.01it/s, loss=0.0248]
Epoch 27:  93%|#########.| 544/585 [00:08:56<00:00:40,  1.01it/s, loss=0.0248]
Epoch 27:  94%|#########.| 550/585 [00:09:01<00:00:34,  1.02it/s, loss=0.0248]
Epoch 27:  95%|#########.| 556/585 [00:09:07<00:00:28,  1.02it/s, loss=0.0248]
Epoch 27:  96%|#########.| 562/585 [00:09:13<00:00:22,  1.02it/s, loss=0.0247]
Epoch 27:  97%|#########.| 567/585 [00:09:18<00:00:17,  1.02it/s, loss=0.0247]
Epoch 27:  98%|#########.| 572/585 [00:09:23<00:00:12,  1.01it/s, loss=0.0247]
Epoch 27:  99%|#########.| 578/585 [00:09:30<00:00:06,  1.01it/s, loss=0.0248]
Epoch 27: 100%|#########.| 584/585 [00:09:35<00:00:00,  1.01it/s, loss=0.0247]
Epoch 27: 100%|##########| 585/585 [00:09:36<00:00:00,  1.01it/s, loss=0.0247]
Test loss: 0.0248, Test rmsae: 7.55deg
{"event": "epoch_complete", "epoch": 27, "phase": 2, "lr": 1e-05, "batch_size": 10, "micro_batch_size": 1, "train_loss": 0.024728309595559397, "val_loss": 0.02475731010781601, "val_rmsae_deg": 7.549878731369972, "epoch_time_s": 577.5534691559988}
Epoch 28/80:
Epoch 28:   1%|..........| 6/585 [00:00:05<00:08:22,  1.15it/s, loss=0.0227]
Epoch 28:   2%|..........| 12/585 [00:00:10<00:08:39,  1.10it/s, loss=0.0230]
Epoch 28:   3%|..........| 17/585 [00:00:16<00:09:00,  1.05it/s, loss=0.0237]
Epoch 28:   4%|..........| 23/585 [00:00:21<00:08:54,  1.05it/s, loss=0.0239]
Epoch 28:   5%|..........| 29/585 [00:00:27<00:08:49,  1.05it/s, loss=0.0245]
Epoch 28:   6%|..........| 34/585 [00:00:33<00:08:59,  1.02it/s, loss=0.0246]
Epoch 28:   7%|..........| 39/585 [00:00:38<00:09:00,  1.01it/s, loss=0.0249]
Epoch 28:   8%|..........| 45/585 [00:00:44<00:08:54,  1.01it/s, loss=0.0250]
Epoch 28:   9%|..........| 51/585 [00:00:49<00:08:40,  1.03it/s, loss=0.0251]
Epoch 28:   9%|..........| 55/585 [00:00:54<00:08:49,  1.00it/s, loss=0.0253]
Epoch 28:  10%|#.........| 60/585 [00:01:00<00:08:51,  0.99it/s, loss=0.0252]
Epoch 28:  11%|#.........| 66/585 [00:01:06<00:08:42,  0.99it/s, loss=0.0249]
Epoch 28:  12%|#.........| 72/585 [00:01:12<00:08:33,  1.00it/s, loss=0.0248]
Epoch 28:  13%|#.........| 77/585 [00:01:17<00:08:30,  0.99it/s, loss=0.0246]
Epoch 28:  14%|#.........| 83/585 [00:01:22<00:08:21,  1.00it/s, loss=0.0247]
Epoch 28:  15%|#.........| 88/585 [00:01:28<00:08:17,  1.00it/s, loss=0.0247]
Epoch 28:  16%|#.........| 94/585 [00:01:33<00:08:08,  1.00it/s, loss=0.0248]
Epoch 28:  17%|#.........| 100/585 [00:01:39<00:08:00,  1.01it/s, loss=0.0247]
Epoch 28:  18%|#.........| 106/585 [00:01:44<00:07:54,  1.01it/s, loss=0.0247]
Epoch 28:  19%|#.........| 111/585 [00:01:50<00:07:51,  1.01it/s, loss=0.0250]
Epoch 28:  20%|#.........| 116/585 [00:01:55<00:07:48,  1.00it/s, loss=0.0250]
Epoch 28:  21%|##........| 122/585 [00:02:01<00:07:41,  1.00it/s, loss=0.0250]
Epoch 28:  22%|##........| 127/585 [00:02:07<00:07:38,  1.00it/s, loss=0.0252]
Epoch 28:  23%|##........| 132/585 [00:02:12<00:07:33,  1.00it/s, loss=0.0253]
Epoch 28:  24%|##........| 138/585 [00:02:17<00:07:25,  1.00it/s, loss=0.0253]
Epoch 28:  24%|##........| 143/585 [00:02:22<00:07:20,  1.00it/s, loss=0.0254]
Epoch 28:  25%|##........| 148/585 [00:02:28<00:07:17,  1.00it/s, loss=0.0255]
Epoch 28:  26%|##........| 153/585 [00:02:33<00:07:12,  1.00it/s, loss=0.0254]
Epoch 28:  27%|##........| 159/585 [00:02:38<00:07:05,  1.00it/s, loss=0.0254]
Epoch 28:  28%|##........| 165/585 [00:02:44<00:06:59,  1.00it/s, loss=0.0255]
Epoch 28:  29%|##........| 170/585 [00:02:49<00:06:54,  1.00it/s, loss=0.0255]
Epoch 28:  30%|###.......| 176/585 [00:02:55<00:06:47,  1.00it/s, loss=0.0254]
Epoch 28:  31%|###.......| 182/585 [00:03:01<00:06:41,  1.00it/s, loss=0.0253]
Epoch 28:  32%|###.......| 187/585 [00:03:06<00:06:37,  1.00it/s, loss=0.0253]
Epoch 28:  33%|###.......| 193/585 [00:03:12<00:06:31,  1.00it/s, loss=0.0253]
Epoch 28:  34%|###.......| 199/585 [00:03:18<00:06:25,  1.00it/s, loss=0.0255]
Epoch 28:  35%|###.......| 205/585 [00:03:23<00:06:17,  1.01it/s, loss=0.0254]
Epoch 28:  36%|###.......| 211/585 [00:03:28<00:06:10,  1.01it/s, loss=0.0253]
Epoch 28:  37%|###.......| 217/585 [00:03:34<00:06:03,  1.01it/s, loss=0.0253]
Epoch 28:  38%|###.......| 222/585 [00:03:39<00:05:59,  1.01it/s, loss=0.0253]
Epoch 28:  39%|###.......| 227/585 [00:03:44<00:05:54,  1.01it/s, loss=0.0255]
Epoch 28:  40%|###.......| 233/585 [00:03:50<00:05:48,  1.01it/s, loss=0.0254]
Epoch 28:  41%|####......| 239/585 [00:03:56<00:05:42,  1.01it/s, loss=0.0253]
Epoch 28:  42%|####......| 245/585 [00:04:02<00:05:36,  1.01it/s, loss=0.0255]
Epoch 28:  43%|####......| 250/585 [00:04:08<00:05:32,  1.01it/s, loss=0.0256]
Epoch 28:  44%|####......| 255/585 [00:04:13<00:05:28,  1.01it/s, loss=0.0256]
Epoch 28:  44%|####......| 260/585 [00:04:18<00:05:23,  1.01it/s, loss=0.0257]
Epoch 28:  45%|####......| 265/585 [00:04:23<00:05:18,  1.00it/s, loss=0.0256]
Epoch 28:  46%|####......| 271/585 [00:04:29<00:05:12,  1.01it/s, loss=0.0256]
Epoch 28:  47%|####......| 276/585 [00:04:34<00:05:07,  1.01it/s, loss=0.0257]
Epoch 28:  48%|####......| 281/585 [00:04:39<00:05:02,  1.00it/s, loss=0.0257]
Epoch 28:  49%|####......| 287/585 [00:04:45<00:04:56,  1.01it/s, loss=0.0256]
Epoch 28:  50%|#####.....| 293/585 [00:04:50<00:04:49,  1.01it/s, loss=0.0255]
Epoch 28:  51%|#####.....| 299/585 [00:04:56<00:04:43,  1.01it/s, loss=0.0256]
Epoch 28:  52%|#####.....| 305/585 [00:05:02<00:04:37,  1.01it/s, loss=0.0256]
Epoch 28:  53%|#####.....| 311/585 [00:05:07<00:04:30,  1.01it/s, loss=0.0256]
Epoch 28:  54%|#####.....| 316/585 [00:05:12<00:04:26,  1.01it/s, loss=0.0255]
Epoch 28:  55%|#####.....| 321/585 [00:05:17<00:04:21,  1.01it/s, loss=0.0255]
Epoch 28:  56%|#####.....| 326/585 [00:05:23<00:04:16,  1.01it/s, loss=0.0255]
Epoch 28:  57%|#####.....| 332/585 [00:05:28<00:04:10,  1.01it/s, loss=0.0255]
Epoch 28:  58%|#####.....| 337/585 [00:05:33<00:04:05,  1.01it/s, loss=0.0254]
Epoch 28:  59%|#####.....| 343/585 [00:05:39<00:03:59,  1.01it/s, loss=0.0255]
Epoch 28:  59%|#####.....| 348/585 [00:05:44<00:03:54,  1.01it/s, loss=0.0255]
Epoch 28:  61%|######....| 354/585 [00:05:50<00:03:48,  1.01it/s, loss=0.0255]
Epoch 28:  61%|######....| 359/585 [00:05:56<00:03:44,  1.01it/s, loss=0.0256]
Epoch 28:  62%|######....| 365/585 [00:06:01<00:03:38,  1.01it/s, loss=0.0256]
Epoch 28:  63%|######....| 371/585 [00:06:07<00:03:32,  1.01it/s, loss=0.0255]
Epoch 28:  64%|######....| 377/585 [00:06:13<00:03:25,  1.01it/s, loss=0.0255]
Epoch 28:  65%|######....| 383/585 [00:06:18<00:03:19,  1.01it/s, loss=0.0255]
Epoch 28:  66%|######....| 389/585 [00:06:24<00:03:13,  1.01it/s, loss=0.0255]
Epoch 28:  67%|######....| 393/585 [00:06:30<00:03:10,  1.01it/s, loss=0.0255]
Epoch 28:  68%|######....| 399/585 [00:06:35<00:03:04,  1.01it/s, loss=0.0255]
Epoch 28:  69%|######....| 404/585 [00:06:41<00:02:59,  1.01it/s, loss=0.0255]
Epoch 28:  70%|#######...| 410/585 [00:06:46<00:02:53,  1.01it/s, loss=0.0255]
Epoch 28:  71%|#######...| 416/585 [00:06:52<00:02:47,  1.01it/s, loss=0.0254]
Epoch 28:  72%|#######...| 422/585 [00:06:58<00:02:41,  1.01it/s, loss=0.0254]
Epoch 28:  73%|#######...| 427/585 [00:07:04<00:02:36,  1.01it/s, loss=0.0254]
Epoch 28:  74%|#######...| 432/585 [00:07:09<00:02:32,  1.01it/s, loss=0.0254]
Epoch 28:  75%|#######...| 438/585 [00:07:15<00:02:25,  1.01it/s, loss=0.0253]
Epoch 28:  76%|#######...| 443/585 [00:07:20<00:02:21,  1.01it/s, loss=0.0253]
Epoch 28:  77%|#######...| 448/585 [00:07:25<00:02:16,  1.01it/s, loss=0.0254]
Epoch 28:  77%|#######...| 453/585 [00:07:31<00:02:11,  1.00it/s, loss=0.0254]
Epoch 28:  78%|#######...| 458/585 [00:07:36<00:02:06,  1.00it/s, loss=0.0254]
Epoch 28:  79%|#######...| 463/585 [00:07:42<00:02:01,  1.00it/s, loss=0.0254]
Epoch 28:  80%|########..| 469/585 [00:07:47<00:01:55,  1.00it/s, loss=0.0254]
Epoch 28:  81%|########..| 475/585 [00:07:53<00:01:49,  1.00it/s, loss=0.0254]
Epoch 28:  82%|########..| 481/585 [00:07:59<00:01:43,  1.00it/s, loss=0.0254]
Epoch 28:  83%|########..| 487/585 [00:08:05<00:01:37,  1.00it/s, loss=0.0254]
Epoch 28:  84%|########..| 492/585 [00:08:11<00:01:32,  1.00it/s, loss=0.0257]
Epoch 28:  85%|########..| 498/585 [00:08:17<00:01:26,  1.00it/s, loss=0.0256]
Epoch 28:  86%|########..| 504/585 [00:08:23<00:01:20,  1.00it/s, loss=0.0256]
Epoch 28:  87%|########..| 510/585 [00:08:28<00:01:14,  1.00it/s, loss=0.0261]
Epoch 28:  88%|########..| 515/585 [00:08:34<00:01:09,  1.00it/s, loss=0.0261]
Epoch 28:  89%|########..| 521/585 [00:08:40<00:01:03,  1.00it/s, loss=0.0262]
Epoch 28:  90%|########..| 526/585 [00:08:45<00:00:58,  1.00it/s, loss=0.0261]
Epoch 28:  91%|#########.| 531/585 [00:08:50<00:00:53,  1.00it/s, loss=0.0261]
Epoch 28:  92%|#########.| 536/585 [00:08:56<00:00:49,  1.00it/s, loss=0.0261]
Epoch 28:  93%|#########.| 542/585 [00:09:02<00:00:43,  1.00it/s, loss=0.0261]
Epoch 28:  94%|#########.| 547/585 [00:09:08<00:00:38,  1.00it/s, loss=0.0261]
Epoch 28:  95%|#########.| 553/585 [00:09:14<00:00:32,  1.00it/s, loss=0.0260]
Epoch 28:  95%|#########.| 558/585 [00:09:19<00:00:27,  1.00it/s, loss=0.0261]
Epoch 28:  96%|#########.| 563/585 [00:09:24<00:00:22,  1.00it/s, loss=0.0261]
Epoch 28:  97%|#########.| 568/585 [00:09:30<00:00:17,  1.00it/s, loss=0.0261]
Epoch 28:  98%|#########.| 573/585 [00:09:35<00:00:12,  1.00it/s, loss=0.0260]
Epoch 28:  99%|#########.| 578/585 [00:09:41<00:00:07,  0.99it/s, loss=0.0260]
Epoch 28: 100%|#########.| 584/585 [00:09:46<00:00:01,  1.00it/s, loss=0.0260]
Epoch 28: 100%|##########| 585/585 [00:09:47<00:00:00,  1.00it/s, loss=0.0260]
Test loss: 0.0247, Test rmsae: 7.47deg
{"event": "epoch_complete", "epoch": 28, "phase": 2, "lr": 1e-05, "batch_size": 10, "micro_batch_size": 1, "train_loss": 0.02600581833662895, "val_loss": 0.024724929709918797, "val_rmsae_deg": 7.468077450990677, "epoch_time_s": 588.6879527950005}
Epoch 29/80:
Epoch 29:   1%|..........| 6/585 [00:00:05<00:09:10,  1.05it/s, loss=0.0239]
Epoch 29:   2%|..........| 12/585 [00:00:10<00:08:40,  1.10it/s, loss=0.0237]
Epoch 29:   3%|..........| 17/585 [00:00:16<00:09:23,  1.01it/s, loss=0.0248]
Epoch 29:   4%|..........| 23/585 [00:00:22<00:09:13,  1.01it/s, loss=0.0239]
Epoch 29:   5%|..........| 28/585 [00:00:28<00:09:17,  1.00it/s, loss=0.0239]
Epoch 29:   6%|..........| 34/585 [00:00:34<00:09:12,  1.00it/s, loss=0.0242]
Epoch 29:   7%|..........| 40/585 [00:00:39<00:08:56,  1.01it/s, loss=0.0244]
Epoch 29:   8%|..........| 46/585 [00:00:44<00:08:44,  1.03it/s, loss=0.0242]
Epoch 29:   9%|..........| 52/585 [00:00:50<00:08:41,  1.02it/s, loss=0.0248]
Epoch 29:  10%|..........| 58/585 [00:00:56<00:08:33,  1.03it/s, loss=0.0248]
Epoch 29:  11%|#.........| 64/585 [00:01:01<00:08:23,  1.04it/s, loss=0.0247]
Epoch 29:  12%|#.........| 69/585 [00:01:07<00:08:24,  1.02it/s, loss=0.0255]
Epoch 29:  13%|#.........| 74/585 [00:01:12<00:08:20,  1.02it/s, loss=0.0253]
Epoch 29:  14%|#.........| 80/585 [00:01:18<00:08:14,  1.02it/s, loss=0.0250]
Epoch 29:  15%|#.........| 85/585 [00:01:23<00:08:11,  1.02it/s, loss=0.0250]
Epoch 29:  16%|#.........| 91/585 [00:01:29<00:08:03,  1.02it/s, loss=0.0250]
Epoch 29:  17%|#.........| 97/585 [00:01:35<00:07:57,  1.02it/s, loss=0.0249]
Epoch 29:  17%|#.........| 102/585 [00:01:40<00:07:54,  1.02it/s, loss=0.0250]
Epoch 29:  18%|#.........| 108/585 [00:01:45<00:07:47,  1.02it/s, loss=0.0249]
Epoch 29:  19%|#.........| 112/585 [00:01:51<00:07:49,  1.01it/s, loss=0.0250]
Epoch 29:  20%|##........| 117/585 [00:01:56<00:07:47,  1.00it/s, loss=0.0247]
Epoch 29:  21%|##........| 122/585 [00:02:02<00:07:44,  1.00it/s, loss=0.0247]
Epoch 29:  22%|##........| 128/585 [00:02:08<00:07:37,  1.00it/s, loss=0.0247]
Epoch 29:  23%|##........| 133/585 [00:02:13<00:07:34,  0.99it/s, loss=0.0246]
Epoch 29:  24%|##........| 139/585 [00:02:18<00:07:24,  1.00it/s, loss=0.0246]
Epoch 29:  25%|##........| 145/585 [00:02:23<00:07:16,  1.01it/s, loss=0.0247]
Epoch 29:  26%|##........| 150/585 [00:02:29<00:07:13,  1.00it/s, loss=0.0247]
Epoch 29:  26%|##........| 155/585 [00:02:35<00:07:10,  1.00it/s, loss=0.0248]
Epoch 29:  28%|##........| 161/585 [00:02:41<00:07:04,  1.00it/s, loss=0.0248]
Epoch 29:  29%|##........| 167/585 [00:02:46<00:06:57,  1.00it/s, loss=0.0247]
Epoch 29:  29%|##........| 172/585 [00:02:52<00:06:53,  1.00it/s, loss=0.0250]
Epoch 29:  30%|###.......| 178/585 [00:02:57<00:06:46,  1.00it/s, loss=0.0251]
Epoch 29:  31%|###.......| 184/585 [00:03:03<00:06:40,  1.00it/s, loss=0.0250]
Epoch 29:  32%|###.......| 190/585 [00:03:09<00:06:33,  1.00it/s, loss=0.0250]
Epoch 29:  33%|###.......| 195/585 [00:03:14<00:06:29,  1.00it/s, loss=0.0250]
Epoch 29:  34%|###.......| 201/585 [00:03:20<00:06:22,  1.00it/s, loss=0.0250]
Epoch 29:  35%|###.......| 206/585 [00:03:25<00:06:18,  1.00it/s, loss=0.0252]
Epoch 29:  36%|###.......| 212/585 [00:03:31<00:06:11,  1.00it/s, loss=0.0251]
Epoch 29:  37%|###.......| 217/585 [00:03:36<00:06:07,  1.00it/s, loss=0.0251]
Epoch 29:  38%|###.......| 223/585 [00:03:42<00:06:00,  1.00it/s, loss=0.0251]
Epoch 29:  39%|###.......| 228/585 [00:03:48<00:05:57,  1.00it/s, loss=0.0251]
Epoch 29:  40%|####......| 234/585 [00:03:53<00:05:50,  1.00it/s, loss=0.0250]
Epoch 29:  41%|####......| 240/585 [00:04:00<00:05:45,  1.00it/s, loss=0.0250]
Epoch 29:  42%|####......| 246/585 [00:04:05<00:05:38,  1.00it/s, loss=0.0251]
Epoch 29:  43%|####......| 252/585 [00:04:10<00:05:31,  1.00it/s, loss=0.0250]
Epoch 29:  44%|####......| 258/585 [00:04:16<00:05:25,  1.01it/s, loss=0.0250]
Epoch 29:  45%|####......| 264/585 [00:04:22<00:05:18,  1.01it/s, loss=0.0249]
Epoch 29:  46%|####......| 270/585 [00:04:27<00:05:12,  1.01it/s, loss=0.0250]
Epoch 29:  47%|####......| 276/585 [00:04:33<00:05:06,  1.01it/s, loss=0.0249]
Epoch 29:  48%|####......| 282/585 [00:04:39<00:05:00,  1.01it/s, loss=0.0250]
Epoch 29:  49%|####......| 287/585 [00:04:44<00:04:55,  1.01it/s, loss=0.0251]
Epoch 29:  50%|#####.....| 293/585 [00:04:50<00:04:49,  1.01it/s, loss=0.0251]
Epoch 29:  51%|#####.....| 299/585 [00:04:55<00:04:43,  1.01it/s, loss=0.0250]
Epoch 29:  52%|#####.....| 305/585 [00:05:02<00:04:37,  1.01it/s, loss=0.0250]
Epoch 29:  53%|#####.....| 311/585 [00:05:07<00:04:31,  1.01it/s, loss=0.0250]
Epoch 29:  54%|#####.....| 317/585 [00:05:13<00:04:25,  1.01it/s, loss=0.0250]
Epoch 29:  55%|#####.....| 323/585 [00:05:20<00:04:19,  1.01it/s, loss=0.0249]
Epoch 29:  56%|#####.....| 328/585 [00:05:25<00:04:14,  1.01it/s, loss=0.0249]
Epoch 29:  57%|#####.....| 333/585 [00:05:30<00:04:10,  1.01it/s, loss=0.0249]
Epoch 29:  58%|#####.....| 338/585 [00:05:36<00:04:05,  1.00it/s, loss=0.0249]
Epoch 29:  59%|#####.....| 344/585 [00:05:42<00:03:59,  1.01it/s, loss=0.0249]
Epoch 29:  60%|#####.....| 349/585 [00:05:47<00:03:54,  1.00it/s, loss=0.0249]
Epoch 29:  61%|######....| 355/585 [00:05:52<00:03:48,  1.01it/s, loss=0.0249]
Epoch 29:  62%|######....| 361/585 [00:05:58<00:03:42,  1.01it/s, loss=0.0249]
Epoch 29:  63%|######....| 367/585 [00:06:04<00:03:36,  1.01it/s, loss=0.0249]
Epoch 29:  64%|######....| 373/585 [00:06:09<00:03:30,  1.01it/s, loss=0.0248]
Epoch 29:  65%|######....| 378/585 [00:06:14<00:03:25,  1.01it/s, loss=0.0249]
Epoch 29:  66%|######....| 384/585 [00:06:20<00:03:19,  1.01it/s, loss=0.0248]
Epoch 29:  66%|######....| 388/585 [00:06:26<00:03:16,  1.00it/s, loss=0.0248]
Epoch 29:  67%|######....| 394/585 [00:06:32<00:03:10,  1.00it/s, loss=0.0248]
Epoch 29:  68%|######....| 400/585 [00:06:37<00:03:03,  1.01it/s, loss=0.0248]
Epoch 29:  69%|######....| 405/585 [00:06:42<00:02:59,  1.01it/s, loss=0.0249]
Epoch 29:  70%|######....| 409/585 [00:06:48<00:02:55,  1.00it/s, loss=0.0249]
Epoch 29:  71%|#######...| 414/585 [00:06:53<00:02:50,  1.00it/s, loss=0.0249]
Epoch 29:  72%|#######...| 419/585 [00:06:58<00:02:45,  1.00it/s, loss=0.0249]
Epoch 29:  73%|#######...| 425/585 [00:07:04<00:02:39,  1.00it/s, loss=0.0249]
Epoch 29:  74%|#######...| 431/585 [00:07:09<00:02:33,  1.00it/s, loss=0.0250]
Epoch 29:  75%|#######...| 437/585 [00:07:15<00:02:27,  1.00it/s, loss=0.0250]
Epoch 29:  76%|#######...| 443/585 [00:07:21<00:02:21,  1.00it/s, loss=0.0251]
Epoch 29:  77%|#######...| 448/585 [00:07:26<00:02:16,  1.00it/s, loss=0.0251]
Epoch 29:  77%|#######...| 453/585 [00:07:32<00:02:11,  1.00it/s, loss=0.0251]
Epoch 29:  78%|#######...| 459/585 [00:07:37<00:02:05,  1.00it/s, loss=0.0251]
Epoch 29:  79%|#######...| 465/585 [00:07:43<00:01:59,  1.00it/s, loss=0.0251]
Epoch 29:  81%|########..| 471/585 [00:07:49<00:01:53,  1.00it/s, loss=0.0251]
Epoch 29:  82%|########..| 477/585 [00:07:55<00:01:47,  1.00it/s, loss=0.0251]
Epoch 29:  83%|########..| 483/585 [00:08:01<00:01:41,  1.00it/s, loss=0.0251]
Epoch 29:  84%|########..| 489/585 [00:08:06<00:01:35,  1.00it/s, loss=0.0250]
Epoch 29:  85%|########..| 496/585 [00:08:12<00:01:28,  1.01it/s, loss=0.0250]
Epoch 29:  86%|########..| 502/585 [00:08:18<00:01:22,  1.01it/s, loss=0.0250]
Epoch 29:  86%|########..| 506/585 [00:08:23<00:01:18,  1.00it/s, loss=0.0250]
Epoch 29:  87%|########..| 511/585 [00:08:29<00:01:13,  1.00it/s, loss=0.0250]
Epoch 29:  88%|########..| 517/585 [00:08:35<00:01:07,  1.00it/s, loss=0.0250]
Epoch 29:  89%|########..| 523/585 [00:08:40<00:01:01,  1.00it/s, loss=0.0250]
Epoch 29:  90%|#########.| 529/585 [00:08:46<00:00:55,  1.01it/s, loss=0.0250]
Epoch 29:  91%|#########.| 535/585 [00:08:51<00:00:49,  1.01it/s, loss=0.0250]
Epoch 29:  92%|#########.| 540/585 [00:08:56<00:00:44,  1.01it/s, loss=0.0250]
Epoch 29:  93%|#########.| 546/585 [00:09:01<00:00:38,  1.01it/s, loss=0.0251]
Epoch 29:  94%|#########.| 551/585 [00:09:07<00:00:33,  1.01it/s, loss=0.0251]
Epoch 29:  95%|#########.| 557/585 [00:09:13<00:00:27,  1.01it/s, loss=0.0251]
Epoch 29:  96%|#########.| 562/585 [00:09:18<00:00:22,  1.01it/s, loss=0.0251]
Epoch 29:  97%|#########.| 568/585 [00:09:23<00:00:16,  1.01it/s, loss=0.0251]
Epoch 29:  98%|#########.| 573/585 [00:09:29<00:00:11,  1.01it/s, loss=0.0251]
Epoch 29:  99%|#########.| 578/585 [00:09:34<00:00:06,  1.01it/s, loss=0.0251]
Epoch 29: 100%|#########.| 583/585 [00:09:40<00:00:01,  1.00it/s, loss=0.0251]
Epoch 29: 100%|##########| 585/585 [00:09:42<00:00:00,  1.01it/s, loss=0.0251]
Test loss: 0.0247, Test rmsae: 7.53deg
{"event": "epoch_complete", "epoch": 29, "phase": 2, "lr": 1e-05, "batch_size": 10, "micro_batch_size": 1, "train_loss": 0.025077467104499665, "val_loss": 0.024717170745134354, "val_rmsae_deg": 7.5260409116744995, "epoch_time_s": 582.871907271001}
Epoch 30/80:
Epoch 30:   1%|..........| 5/585 [00:00:05<00:10:04,  0.96it/s, loss=0.0226]
Epoch 30:   2%|..........| 11/585 [00:00:10<00:09:10,  1.04it/s, loss=0.0257]
Epoch 30:   3%|..........| 17/585 [00:00:15<00:08:49,  1.07it/s, loss=0.0258]
Epoch 30:   4%|..........| 22/585 [00:00:21<00:09:10,  1.02it/s, loss=0.0269]
Epoch 30:   5%|..........| 28/585 [00:00:26<00:08:55,  1.04it/s, loss=0.0266]
Epoch 30:   6%|..........| 34/585 [00:00:32<00:08:47,  1.05it/s, loss=0.0264]
Epoch 30:   7%|..........| 40/585 [00:00:37<00:08:35,  1.06it/s, loss=0.0258]
Epoch 30:   8%|..........| 46/585 [00:00:43<00:08:29,  1.06it/s, loss=0.0256]
Epoch 30:   9%|..........| 52/585 [00:00:48<00:08:19,  1.07it/s, loss=0.0253]
Epoch 30:  10%|..........| 58/585 [00:00:54<00:08:13,  1.07it/s, loss=0.0249]
Epoch 30:  11%|#.........| 64/585 [00:00:59<00:08:06,  1.07it/s, loss=0.0248]
Epoch 30:  12%|#.........| 69/585 [00:01:04<00:08:05,  1.06it/s, loss=0.0246]
Epoch 30:  13%|#.........| 75/585 [00:01:10<00:07:59,  1.06it/s, loss=0.0246]
Epoch 30:  14%|#.........| 81/585 [00:01:15<00:07:52,  1.07it/s, loss=0.0247]
Epoch 30:  15%|#.........| 86/585 [00:01:21<00:07:50,  1.06it/s, loss=0.0245]
Epoch 30:  16%|#.........| 91/585 [00:01:26<00:07:50,  1.05it/s, loss=0.0247]
Epoch 30:  16%|#.........| 96/585 [00:01:31<00:07:47,  1.05it/s, loss=0.0247]
Epoch 30:  17%|#.........| 102/585 [00:01:37<00:07:41,  1.05it/s, loss=0.0247]
Epoch 30:  18%|#.........| 108/585 [00:01:42<00:07:34,  1.05it/s, loss=0.0248]
Epoch 30:  19%|#.........| 114/585 [00:01:48<00:07:28,  1.05it/s, loss=0.0248]
Epoch 30:  21%|##........| 120/585 [00:01:54<00:07:22,  1.05it/s, loss=0.0248]
Epoch 30:  21%|##........| 125/585 [00:01:59<00:07:18,  1.05it/s, loss=0.0248]
Epoch 30:  22%|##........| 131/585 [00:02:05<00:07:14,  1.04it/s, loss=0.0248]
Epoch 30:  23%|##........| 137/585 [00:02:10<00:07:08,  1.05it/s, loss=0.0248]
Epoch 30:  24%|##........| 142/585 [00:02:15<00:07:03,  1.04it/s, loss=0.0247]
Epoch 30:  25%|##........| 147/585 [00:02:21<00:07:00,  1.04it/s, loss=0.0248]
Epoch 30:  26%|##........| 152/585 [00:02:26<00:06:58,  1.03it/s, loss=0.0250]
Epoch 30:  27%|##........| 157/585 [00:02:31<00:06:54,  1.03it/s, loss=0.0249]
Epoch 30:  28%|##........| 163/585 [00:02:37<00:06:47,  1.03it/s, loss=0.0248]
Epoch 30:  29%|##........| 168/585 [00:02:42<00:06:44,  1.03it/s, loss=0.0248]
Epoch 30:  29%|##........| 172/585 [00:02:48<00:06:44,  1.02it/s, loss=0.0248]
Epoch 30:  30%|###.......| 178/585 [00:02:54<00:06:38,  1.02it/s, loss=0.0248]
Epoch 30:  31%|###.......| 183/585 [00:02:59<00:06:33,  1.02it/s, loss=0.0247]
Epoch 30:  32%|###.......| 189/585 [00:03:04<00:06:26,  1.02it/s, loss=0.0246]
Epoch 30:  33%|###.......| 194/585 [00:03:09<00:06:22,  1.02it/s, loss=0.0247]
Epoch 30:  34%|###.......| 200/585 [00:03:14<00:06:15,  1.03it/s, loss=0.0246]
Epoch 30:  35%|###.......| 205/585 [00:03:20<00:06:11,  1.02it/s, loss=0.0246]
Epoch 30:  36%|###.......| 211/585 [00:03:25<00:06:04,  1.03it/s, loss=0.0246]
Epoch 30:  37%|###.......| 216/585 [00:03:30<00:06:00,  1.02it/s, loss=0.0245]
Epoch 30:  38%|###.......| 222/585 [00:03:36<00:05:54,  1.02it/s, loss=0.0245]
Epoch 30:  39%|###.......| 227/585 [00:03:42<00:05:50,  1.02it/s, loss=0.0245]
Epoch 30:  40%|###.......| 233/585 [00:03:47<00:05:43,  1.02it/s, loss=0.0245]
Epoch 30:  41%|####......| 239/585 [00:03:52<00:05:37,  1.03it/s, loss=0.0244]
Epoch 30:  42%|####......| 244/585 [00:03:58<00:05:32,  1.02it/s, loss=0.0244]
Epoch 30:  43%|####......| 249/585 [00:04:03<00:05:28,  1.02it/s, loss=0.0245]
Epoch 30:  44%|####......| 255/585 [00:04:09<00:05:22,  1.02it/s, loss=0.0245]
Epoch 30:  45%|####......| 261/585 [00:04:14<00:05:16,  1.02it/s, loss=0.0245]
Epoch 30:  46%|####......| 267/585 [00:04:20<00:05:09,  1.03it/s, loss=0.0245]
Epoch 30:  46%|####......| 272/585 [00:04:25<00:05:05,  1.02it/s, loss=0.0245]
Epoch 30:  48%|####......| 278/585 [00:04:31<00:04:59,  1.02it/s, loss=0.0245]
Epoch 30:  48%|####......| 283/585 [00:04:36<00:04:55,  1.02it/s, loss=0.0246]
Epoch 30:  49%|####......| 289/585 [00:04:42<00:04:49,  1.02it/s, loss=0.0246]
Epoch 30:  50%|#####.....| 294/585 [00:04:47<00:04:44,  1.02it/s, loss=0.0245]
Epoch 30:  51%|#####.....| 298/585 [00:04:54<00:04:43,  1.01it/s, loss=0.0254]
Epoch 30:  52%|#####.....| 303/585 [00:04:59<00:04:38,  1.01it/s, loss=0.0255]
Epoch 30:  53%|#####.....| 308/585 [00:05:04<00:04:34,  1.01it/s, loss=0.0255]
Epoch 30:  54%|#####.....| 314/585 [00:05:10<00:04:27,  1.01it/s, loss=0.0254]
Epoch 30:  55%|#####.....| 319/585 [00:05:16<00:04:23,  1.01it/s, loss=0.0256]
Epoch 30:  55%|#####.....| 324/585 [00:05:21<00:04:19,  1.01it/s, loss=0.0256]
Epoch 30:  56%|#####.....| 330/585 [00:05:27<00:04:13,  1.01it/s, loss=0.0255]
Epoch 30:  57%|#####.....| 335/585 [00:05:32<00:04:08,  1.01it/s, loss=0.0256]
Epoch 30:  58%|#####.....| 340/585 [00:05:37<00:04:03,  1.01it/s, loss=0.0256]
Epoch 30:  59%|#####.....| 346/585 [00:05:43<00:03:57,  1.01it/s, loss=0.0256]
Epoch 30:  60%|######....| 352/585 [00:05:49<00:03:51,  1.01it/s, loss=0.0255]
Epoch 30:  61%|######....| 358/585 [00:05:55<00:03:45,  1.01it/s, loss=0.0257]
Epoch 30:  62%|######....| 363/585 [00:06:00<00:03:40,  1.01it/s, loss=0.0257]
Epoch 30:  63%|######....| 368/585 [00:06:05<00:03:35,  1.01it/s, loss=0.0257]
Epoch 30:  64%|######....| 374/585 [00:06:10<00:03:29,  1.01it/s, loss=0.0256]
Epoch 30:  65%|######....| 380/585 [00:06:16<00:03:23,  1.01it/s, loss=0.0256]
Epoch 30:  66%|######....| 386/585 [00:06:22<00:03:17,  1.01it/s, loss=0.0255]
Epoch 30:  67%|######....| 392/585 [00:06:27<00:03:10,  1.01it/s, loss=0.0255]
Epoch 30:  68%|######....| 398/585 [00:06:33<00:03:04,  1.01it/s, loss=0.0255]
Epoch 30:  69%|######....| 404/585 [00:06:38<00:02:58,  1.01it/s, loss=0.0255]
Epoch 30:  70%|#######...| 410/585 [00:06:44<00:02:52,  1.01it/s, loss=0.0254]
Epoch 30:  71%|#######...| 416/585 [00:06:50<00:02:46,  1.01it/s, loss=0.0254]
Epoch 30:  72%|#######...| 421/585 [00:06:55<00:02:41,  1.01it/s, loss=0.0254]
Epoch 30:  73%|#######...| 426/585 [00:07:01<00:02:37,  1.01it/s, loss=0.0255]
Epoch 30:  74%|#######...| 432/585 [00:07:06<00:02:31,  1.01it/s, loss=0.0255]
Epoch 30:  75%|#######...| 438/585 [00:07:12<00:02:25,  1.01it/s, loss=0.0255]
Epoch 30:  76%|#######...| 444/585 [00:07:17<00:02:18,  1.02it/s, loss=0.0254]
Epoch 30:  77%|#######...| 449/585 [00:07:22<00:02:14,  1.01it/s, loss=0.0254]
Epoch 30:  78%|#######...| 454/585 [00:07:29<00:02:09,  1.01it/s, loss=0.0255]
Epoch 30:  79%|#######...| 460/585 [00:07:34<00:02:03,  1.01it/s, loss=0.0254]
Epoch 30:  80%|#######...| 466/585 [00:07:40<00:01:57,  1.01it/s, loss=0.0254]
Epoch 30:  81%|########..| 472/585 [00:07:45<00:01:51,  1.01it/s, loss=0.0255]
Epoch 30:  82%|########..| 478/585 [00:07:51<00:01:45,  1.01it/s, loss=0.0255]
Epoch 30:  83%|########..| 484/585 [00:07:57<00:01:39,  1.01it/s, loss=0.0254]
Epoch 30:  84%|########..| 490/585 [00:08:03<00:01:33,  1.01it/s, loss=0.0254]
Epoch 30:  85%|########..| 496/585 [00:08:08<00:01:27,  1.02it/s, loss=0.0253]
Epoch 30:  86%|########..| 502/585 [00:08:14<00:01:21,  1.02it/s, loss=0.0253]
Epoch 30:  87%|########..| 508/585 [00:08:20<00:01:15,  1.02it/s, loss=0.0253]
Epoch 30:  88%|########..| 513/585 [00:08:25<00:01:10,  1.02it/s, loss=0.0253]
Epoch 30:  89%|########..| 519/585 [00:08:30<00:01:04,  1.02it/s, loss=0.0253]
Epoch 30:  90%|########..| 524/585 [00:08:35<00:01:00,  1.02it/s, loss=0.0253]
Epoch 30:  90%|#########.| 529/585 [00:08:41<00:00:55,  1.02it/s, loss=0.0253]
Epoch 30:  91%|#########.| 535/585 [00:08:46<00:00:49,  1.02it/s, loss=0.0253]
Epoch 30:  92%|#########.| 540/585 [00:08:52<00:00:44,  1.01it/s, loss=0.0253]
Epoch 30:  93%|#########.| 545/585 [00:08:57<00:00:39,  1.01it/s, loss=0.0254]
Epoch 30:  94%|#########.| 551/585 [00:09:02<00:00:33,  1.01it/s, loss=0.0253]
Epoch 30:  95%|#########.| 557/585 [00:09:08<00:00:27,  1.02it/s, loss=0.0253]
Epoch 30:  96%|#########.| 563/585 [00:09:14<00:00:21,  1.02it/s, loss=0.0253]
Epoch 30:  97%|#########.| 569/585 [00:09:19<00:00:15,  1.02it/s, loss=0.0253]
Epoch 30:  98%|#########.| 574/585 [00:09:24<00:00:10,  1.02it/s, loss=0.0253]
Epoch 30:  99%|#########.| 579/585 [00:09:30<00:00:05,  1.02it/s, loss=0.0253]
Epoch 30: 100%|#########.| 584/585 [00:09:35<00:00:00,  1.02it/s, loss=0.0253]
Epoch 30: 100%|##########| 585/585 [00:09:35<00:00:00,  1.02it/s, loss=0.0253]
Test loss: 0.0247, Test rmsae: 7.54deg
{"event": "epoch_complete", "epoch": 30, "phase": 2, "lr": 1e-05, "batch_size": 10, "micro_batch_size": 1, "train_loss": 0.02532275849714493, "val_loss": 0.02473445812938735, "val_rmsae_deg": 7.536359906196594, "epoch_time_s": 576.7550646590025}
{"event": "checkpoint_saved", "tag": "epoch_030", "epoch": 30, "path": "IFAN_Edge/outputs/stage3/ifan_stage3_long80_freqblock_paper_original_20260426_155330/checkpoints/epoch_030.pt"}
Epoch 31/80:
Epoch 31:   1%|..........| 6/585 [00:00:06<00:10:53,  0.89it/s, loss=0.0310]
Epoch 31:   2%|..........| 11/585 [00:00:12<00:10:39,  0.90it/s, loss=0.0277]
Epoch 31:   3%|..........| 16/585 [00:00:18<00:10:49,  0.88it/s, loss=0.0280]
Epoch 31:   4%|..........| 21/585 [00:00:23<00:10:35,  0.89it/s, loss=0.0278]
Epoch 31:   4%|..........| 26/585 [00:00:29<00:10:32,  0.88it/s, loss=0.0276]
Epoch 31:   5%|..........| 31/585 [00:00:34<00:10:20,  0.89it/s, loss=0.0271]
Epoch 31:   6%|..........| 37/585 [00:00:40<00:10:01,  0.91it/s, loss=0.0261]
Epoch 31:   7%|..........| 43/585 [00:00:46<00:09:42,  0.93it/s, loss=0.0258]
Epoch 31:   8%|..........| 48/585 [00:00:51<00:09:33,  0.94it/s, loss=0.0255]
Epoch 31:   9%|..........| 53/585 [00:00:57<00:09:33,  0.93it/s, loss=0.0257]
Epoch 31:  10%|#.........| 59/585 [00:01:02<00:09:19,  0.94it/s, loss=0.0254]
Epoch 31:  11%|#.........| 65/585 [00:01:08<00:09:08,  0.95it/s, loss=0.0250]
Epoch 31:  12%|#.........| 71/585 [00:01:14<00:08:56,  0.96it/s, loss=0.0249]
Epoch 31:  13%|#.........| 77/585 [00:01:19<00:08:44,  0.97it/s, loss=0.0248]
Epoch 31:  14%|#.........| 83/585 [00:01:25<00:08:34,  0.98it/s, loss=0.0250]
Epoch 31:  15%|#.........| 89/585 [00:01:30<00:08:25,  0.98it/s, loss=0.0250]
Epoch 31:  16%|#.........| 95/585 [00:01:36<00:08:15,  0.99it/s, loss=0.0249]
Epoch 31:  17%|#.........| 101/585 [00:01:41<00:08:07,  0.99it/s, loss=0.0247]
Epoch 31:  18%|#.........| 106/585 [00:01:46<00:08:02,  0.99it/s, loss=0.0252]
Epoch 31:  19%|#.........| 111/585 [00:01:52<00:08:01,  0.99it/s, loss=0.0254]
Epoch 31:  20%|##........| 117/585 [00:01:58<00:07:53,  0.99it/s, loss=0.0253]
Epoch 31:  21%|##........| 122/585 [00:02:03<00:07:49,  0.99it/s, loss=0.0251]
Epoch 31:  22%|##........| 127/585 [00:02:09<00:07:45,  0.98it/s, loss=0.0250]
Epoch 31:  23%|##........| 132/585 [00:02:14<00:07:42,  0.98it/s, loss=0.0250]
Epoch 31:  24%|##........| 138/585 [00:02:20<00:07:34,  0.98it/s, loss=0.0250]
Epoch 31:  24%|##........| 143/585 [00:02:25<00:07:29,  0.98it/s, loss=0.0250]
Epoch 31:  25%|##........| 149/585 [00:02:31<00:07:22,  0.98it/s, loss=0.0249]
Epoch 31:  26%|##........| 154/585 [00:02:36<00:07:17,  0.98it/s, loss=0.0249]
Epoch 31:  27%|##........| 160/585 [00:02:41<00:07:09,  0.99it/s, loss=0.0250]
Epoch 31:  28%|##........| 166/585 [00:02:47<00:07:03,  0.99it/s, loss=0.0250]
Epoch 31:  29%|##........| 171/585 [00:02:53<00:07:00,  0.99it/s, loss=0.0249]
Epoch 31:  30%|###.......| 176/585 [00:02:59<00:06:57,  0.98it/s, loss=0.0249]
Epoch 31:  31%|###.......| 182/585 [00:03:05<00:06:50,  0.98it/s, loss=0.0249]
Epoch 31:  32%|###.......| 187/585 [00:03:10<00:06:45,  0.98it/s, loss=0.0249]
Epoch 31:  33%|###.......| 193/585 [00:03:16<00:06:39,  0.98it/s, loss=0.0249]
Epoch 31:  34%|###.......| 197/585 [00:03:21<00:06:37,  0.98it/s, loss=0.0248]
Epoch 31:  35%|###.......| 203/585 [00:03:27<00:06:31,  0.98it/s, loss=0.0249]
Epoch 31:  36%|###.......| 209/585 [00:03:33<00:06:24,  0.98it/s, loss=0.0249]
Epoch 31:  37%|###.......| 215/585 [00:03:39<00:06:16,  0.98it/s, loss=0.0249]
Epoch 31:  38%|###.......| 220/585 [00:03:45<00:06:13,  0.98it/s, loss=0.0249]
Epoch 31:  38%|###.......| 225/585 [00:03:50<00:06:08,  0.98it/s, loss=0.0249]
Epoch 31:  39%|###.......| 230/585 [00:03:56<00:06:05,  0.97it/s, loss=0.0249]
Epoch 31:  40%|####......| 235/585 [00:04:01<00:06:00,  0.97it/s, loss=0.0248]
Epoch 31:  41%|####......| 240/585 [00:04:07<00:05:55,  0.97it/s, loss=0.0249]
Epoch 31:  42%|####......| 245/585 [00:04:12<00:05:50,  0.97it/s, loss=0.0250]
Epoch 31:  43%|####......| 251/585 [00:04:17<00:05:42,  0.98it/s, loss=0.0249]
Epoch 31:  44%|####......| 257/585 [00:04:23<00:05:35,  0.98it/s, loss=0.0249]
Epoch 31:  45%|####......| 263/585 [00:04:29<00:05:29,  0.98it/s, loss=0.0249]
Epoch 31:  46%|####......| 269/585 [00:04:35<00:05:23,  0.98it/s, loss=0.0249]
Epoch 31:  47%|####......| 275/585 [00:04:41<00:05:17,  0.98it/s, loss=0.0250]
Epoch 31:  48%|####......| 281/585 [00:04:46<00:05:10,  0.98it/s, loss=0.0249]
Epoch 31:  49%|####......| 285/585 [00:04:52<00:05:07,  0.98it/s, loss=0.0249]
Epoch 31:  50%|####......| 291/585 [00:04:58<00:05:01,  0.98it/s, loss=0.0250]
Epoch 31:  51%|#####.....| 297/585 [00:05:03<00:04:54,  0.98it/s, loss=0.0249]
Epoch 31:  51%|#####.....| 301/585 [00:05:08<00:04:51,  0.97it/s, loss=0.0249]
Epoch 31:  52%|#####.....| 307/585 [00:05:14<00:04:44,  0.98it/s, loss=0.0249]
Epoch 31:  53%|#####.....| 312/585 [00:05:20<00:04:40,  0.97it/s, loss=0.0249]
Epoch 31:  54%|#####.....| 318/585 [00:05:25<00:04:33,  0.98it/s, loss=0.0249]
Epoch 31:  55%|#####.....| 323/585 [00:05:31<00:04:28,  0.98it/s, loss=0.0250]
Epoch 31:  56%|#####.....| 328/585 [00:05:36<00:04:23,  0.97it/s, loss=0.0251]
Epoch 31:  57%|#####.....| 333/585 [00:05:42<00:04:18,  0.97it/s, loss=0.0251]
Epoch 31:  58%|#####.....| 339/585 [00:05:47<00:04:11,  0.98it/s, loss=0.0250]
Epoch 31:  59%|#####.....| 344/585 [00:05:52<00:04:06,  0.98it/s, loss=0.0250]
Epoch 31:  60%|#####.....| 350/585 [00:05:57<00:04:00,  0.98it/s, loss=0.0250]
Epoch 31:  61%|######....| 355/585 [00:06:03<00:03:55,  0.98it/s, loss=0.0250]
Epoch 31:  62%|######....| 361/585 [00:06:08<00:03:48,  0.98it/s, loss=0.0250]
Epoch 31:  63%|######....| 366/585 [00:06:13<00:03:43,  0.98it/s, loss=0.0250]
Epoch 31:  64%|######....| 372/585 [00:06:19<00:03:37,  0.98it/s, loss=0.0250]
Epoch 31:  64%|######....| 377/585 [00:06:24<00:03:32,  0.98it/s, loss=0.0250]
Epoch 31:  66%|######....| 384/585 [00:06:31<00:03:24,  0.98it/s, loss=0.0250]
Epoch 31:  67%|######....| 390/585 [00:06:36<00:03:18,  0.98it/s, loss=0.0250]
Epoch 31:  68%|######....| 396/585 [00:06:42<00:03:12,  0.98it/s, loss=0.0250]
Epoch 31:  69%|######....| 401/585 [00:06:48<00:03:07,  0.98it/s, loss=0.0250]
Epoch 31:  69%|######....| 406/585 [00:06:53<00:03:02,  0.98it/s, loss=0.0250]
Epoch 31:  70%|#######...| 411/585 [00:06:58<00:02:57,  0.98it/s, loss=0.0250]
Epoch 31:  71%|#######...| 416/585 [00:07:03<00:02:52,  0.98it/s, loss=0.0249]
Epoch 31:  72%|#######...| 422/585 [00:07:09<00:02:45,  0.98it/s, loss=0.0249]
Epoch 31:  73%|#######...| 428/585 [00:07:15<00:02:39,  0.98it/s, loss=0.0249]
Epoch 31:  74%|#######...| 434/585 [00:07:20<00:02:33,  0.98it/s, loss=0.0248]
Epoch 31:  75%|#######...| 440/585 [00:07:26<00:02:27,  0.99it/s, loss=0.0248]
Epoch 31:  76%|#######...| 446/585 [00:07:32<00:02:20,  0.99it/s, loss=0.0247]
Epoch 31:  77%|#######...| 450/585 [00:07:37<00:02:17,  0.98it/s, loss=0.0247]
Epoch 31:  78%|#######...| 456/585 [00:07:44<00:02:11,  0.98it/s, loss=0.0247]
Epoch 31:  79%|#######...| 461/585 [00:07:49<00:02:06,  0.98it/s, loss=0.0248]
Epoch 31:  80%|#######...| 466/585 [00:07:55<00:02:01,  0.98it/s, loss=0.0248]
Epoch 31:  81%|########..| 471/585 [00:08:01<00:01:56,  0.98it/s, loss=0.0248]
Epoch 31:  82%|########..| 477/585 [00:08:07<00:01:50,  0.98it/s, loss=0.0247]
Epoch 31:  83%|########..| 483/585 [00:08:12<00:01:44,  0.98it/s, loss=0.0247]
Epoch 31:  84%|########..| 489/585 [00:08:18<00:01:37,  0.98it/s, loss=0.0247]
Epoch 31:  85%|########..| 495/585 [00:08:23<00:01:31,  0.98it/s, loss=0.0247]
Epoch 31:  86%|########..| 501/585 [00:08:29<00:01:25,  0.98it/s, loss=0.0248]
Epoch 31:  87%|########..| 507/585 [00:08:34<00:01:19,  0.98it/s, loss=0.0248]
Epoch 31:  88%|########..| 513/585 [00:08:40<00:01:13,  0.99it/s, loss=0.0248]
Epoch 31:  89%|########..| 518/585 [00:08:45<00:01:08,  0.99it/s, loss=0.0248]
Epoch 31:  89%|########..| 523/585 [00:08:50<00:01:02,  0.99it/s, loss=0.0248]
Epoch 31:  90%|#########.| 529/585 [00:08:56<00:00:56,  0.99it/s, loss=0.0248]
Epoch 31:  91%|#########.| 534/585 [00:09:01<00:00:51,  0.99it/s, loss=0.0247]
Epoch 31:  92%|#########.| 540/585 [00:09:06<00:00:45,  0.99it/s, loss=0.0248]
Epoch 31:  93%|#########.| 546/585 [00:09:13<00:00:39,  0.99it/s, loss=0.0248]
Epoch 31:  94%|#########.| 551/585 [00:09:19<00:00:34,  0.99it/s, loss=0.0248]
Epoch 31:  95%|#########.| 557/585 [00:09:24<00:00:28,  0.99it/s, loss=0.0248]
Epoch 31:  96%|#########.| 563/585 [00:09:30<00:00:22,  0.99it/s, loss=0.0248]
Epoch 31:  97%|#########.| 569/585 [00:09:36<00:00:16,  0.99it/s, loss=0.0248]
Epoch 31:  98%|#########.| 574/585 [00:09:42<00:00:11,  0.99it/s, loss=0.0248]
Epoch 31:  99%|#########.| 579/585 [00:09:47<00:00:06,  0.99it/s, loss=0.0248]
Epoch 31: 100%|##########| 585/585 [00:09:53<00:00:00,  0.99it/s, loss=0.0248]
Test loss: 0.0247, Test rmsae: 7.59deg
{"event": "epoch_complete", "epoch": 31, "phase": 2, "lr": 1e-05, "batch_size": 10, "micro_batch_size": 1, "train_loss": 0.024776648540591074, "val_loss": 0.02474474295740947, "val_rmsae_deg": 7.591371953487396, "epoch_time_s": 594.2554667999975}
Epoch 32/80:
Epoch 32:   1%|..........| 6/585 [00:00:05<00:08:56,  1.08it/s, loss=0.0244]
Epoch 32:   2%|..........| 12/585 [00:00:11<00:09:06,  1.05it/s, loss=0.0253]
Epoch 32:   3%|..........| 18/585 [00:00:17<00:09:07,  1.04it/s, loss=0.0252]
Epoch 32:   4%|..........| 23/585 [00:00:22<00:09:09,  1.02it/s, loss=0.0250]
Epoch 32:   5%|..........| 29/585 [00:00:28<00:09:01,  1.03it/s, loss=0.0258]
Epoch 32:   6%|..........| 35/585 [00:00:33<00:08:47,  1.04it/s, loss=0.0253]
Epoch 32:   7%|..........| 41/585 [00:00:39<00:08:42,  1.04it/s, loss=0.0251]
Epoch 32:   8%|..........| 47/585 [00:00:44<00:08:30,  1.05it/s, loss=0.0249]
Epoch 32:   9%|..........| 53/585 [00:00:50<00:08:26,  1.05it/s, loss=0.0249]
Epoch 32:  10%|..........| 58/585 [00:00:56<00:08:30,  1.03it/s, loss=0.0247]
Epoch 32:  11%|#.........| 64/585 [00:01:01<00:08:20,  1.04it/s, loss=0.0247]
Epoch 32:  12%|#.........| 70/585 [00:01:07<00:08:14,  1.04it/s, loss=0.0246]
Epoch 32:  13%|#.........| 76/585 [00:01:12<00:08:08,  1.04it/s, loss=0.0247]
Epoch 32:  14%|#.........| 82/585 [00:01:18<00:08:00,  1.05it/s, loss=0.0246]
Epoch 32:  15%|#.........| 88/585 [00:01:23<00:07:52,  1.05it/s, loss=0.0243]
Epoch 32:  16%|#.........| 94/585 [00:01:29<00:07:47,  1.05it/s, loss=0.0243]
Epoch 32:  17%|#.........| 100/585 [00:01:35<00:07:42,  1.05it/s, loss=0.0242]
Epoch 32:  18%|#.........| 105/585 [00:01:41<00:07:42,  1.04it/s, loss=0.0242]
Epoch 32:  19%|#.........| 111/585 [00:01:46<00:07:35,  1.04it/s, loss=0.0243]
Epoch 32:  20%|##........| 117/585 [00:01:52<00:07:29,  1.04it/s, loss=0.0243]
Epoch 32:  21%|##........| 123/585 [00:01:58<00:07:24,  1.04it/s, loss=0.0244]
Epoch 32:  22%|##........| 128/585 [00:02:03<00:07:20,  1.04it/s, loss=0.0245]
Epoch 32:  23%|##........| 134/585 [00:02:08<00:07:13,  1.04it/s, loss=0.0245]
Epoch 32:  24%|##........| 140/585 [00:02:14<00:07:07,  1.04it/s, loss=0.0245]
Epoch 32:  25%|##........| 146/585 [00:02:20<00:07:01,  1.04it/s, loss=0.0245]
Epoch 32:  26%|##........| 152/585 [00:02:26<00:06:57,  1.04it/s, loss=0.0245]
Epoch 32:  27%|##........| 158/585 [00:02:32<00:06:51,  1.04it/s, loss=0.0245]
Epoch 32:  28%|##........| 164/585 [00:02:38<00:06:46,  1.04it/s, loss=0.0245]
Epoch 32:  29%|##........| 169/585 [00:02:43<00:06:43,  1.03it/s, loss=0.0247]
Epoch 32:  30%|##........| 175/585 [00:02:49<00:06:37,  1.03it/s, loss=0.0245]
Epoch 32:  31%|###.......| 181/585 [00:02:54<00:06:30,  1.03it/s, loss=0.0246]
Epoch 32:  32%|###.......| 186/585 [00:03:00<00:06:27,  1.03it/s, loss=0.0245]
Epoch 32:  33%|###.......| 192/585 [00:03:06<00:06:20,  1.03it/s, loss=0.0245]
Epoch 32:  34%|###.......| 197/585 [00:03:11<00:06:17,  1.03it/s, loss=0.0246]
Epoch 32:  35%|###.......| 203/585 [00:03:17<00:06:10,  1.03it/s, loss=0.0246]
Epoch 32:  36%|###.......| 209/585 [00:03:22<00:06:05,  1.03it/s, loss=0.0245]
Epoch 32:  37%|###.......| 214/585 [00:03:28<00:06:01,  1.03it/s, loss=0.0246]
Epoch 32:  37%|###.......| 219/585 [00:03:33<00:05:56,  1.03it/s, loss=0.0246]
Epoch 32:  38%|###.......| 225/585 [00:03:38<00:05:49,  1.03it/s, loss=0.0246]
Epoch 32:  39%|###.......| 230/585 [00:03:44<00:05:46,  1.02it/s, loss=0.0246]
Epoch 32:  41%|####......| 237/585 [00:03:50<00:05:38,  1.03it/s, loss=0.0246]
Epoch 32:  42%|####......| 243/585 [00:03:56<00:05:32,  1.03it/s, loss=0.0246]
Epoch 32:  43%|####......| 249/585 [00:04:01<00:05:25,  1.03it/s, loss=0.0244]
Epoch 32:  43%|####......| 254/585 [00:04:07<00:05:22,  1.03it/s, loss=0.0245]
Epoch 32:  44%|####......| 260/585 [00:04:12<00:05:16,  1.03it/s, loss=0.0245]
Epoch 32:  45%|####......| 266/585 [00:04:18<00:05:09,  1.03it/s, loss=0.0245]
Epoch 32:  46%|####......| 271/585 [00:04:24<00:05:06,  1.03it/s, loss=0.0245]
Epoch 32:  47%|####......| 276/585 [00:04:29<00:05:01,  1.02it/s, loss=0.0245]
Epoch 32:  48%|####......| 281/585 [00:04:34<00:04:57,  1.02it/s, loss=0.0245]
Epoch 32:  49%|####......| 287/585 [00:04:40<00:04:51,  1.02it/s, loss=0.0246]
Epoch 32:  50%|#####.....| 293/585 [00:04:46<00:04:45,  1.02it/s, loss=0.0245]
Epoch 32:  51%|#####.....| 299/585 [00:04:52<00:04:39,  1.02it/s, loss=0.0245]
Epoch 32:  52%|#####.....| 304/585 [00:04:57<00:04:35,  1.02it/s, loss=0.0245]
Epoch 32:  53%|#####.....| 309/585 [00:05:02<00:04:30,  1.02it/s, loss=0.0246]
Epoch 32:  54%|#####.....| 315/585 [00:05:08<00:04:24,  1.02it/s, loss=0.0246]
Epoch 32:  55%|#####.....| 320/585 [00:05:13<00:04:19,  1.02it/s, loss=0.0246]
Epoch 32:  56%|#####.....| 325/585 [00:05:19<00:04:15,  1.02it/s, loss=0.0246]
Epoch 32:  57%|#####.....| 331/585 [00:05:24<00:04:09,  1.02it/s, loss=0.0246]
Epoch 32:  58%|#####.....| 337/585 [00:05:30<00:04:03,  1.02it/s, loss=0.0246]
Epoch 32:  58%|#####.....| 342/585 [00:05:36<00:03:58,  1.02it/s, loss=0.0246]
Epoch 32:  59%|#####.....| 347/585 [00:05:41<00:03:54,  1.01it/s, loss=0.0247]
Epoch 32:  60%|######....| 353/585 [00:05:47<00:03:48,  1.02it/s, loss=0.0248]
Epoch 32:  61%|######....| 358/585 [00:05:53<00:03:43,  1.01it/s, loss=0.0248]
Epoch 32:  62%|######....| 363/585 [00:05:58<00:03:39,  1.01it/s, loss=0.0247]
Epoch 32:  63%|######....| 369/585 [00:06:04<00:03:33,  1.01it/s, loss=0.0247]
Epoch 32:  64%|######....| 375/585 [00:06:09<00:03:27,  1.01it/s, loss=0.0247]
Epoch 32:  65%|######....| 381/585 [00:06:15<00:03:20,  1.02it/s, loss=0.0247]
Epoch 32:  66%|######....| 387/585 [00:06:20<00:03:14,  1.02it/s, loss=0.0247]
Epoch 32:  67%|######....| 393/585 [00:06:26<00:03:08,  1.02it/s, loss=0.0247]
Epoch 32:  68%|######....| 398/585 [00:06:31<00:03:03,  1.02it/s, loss=0.0247]
Epoch 32:  69%|######....| 404/585 [00:06:36<00:02:57,  1.02it/s, loss=0.0247]
Epoch 32:  70%|#######...| 410/585 [00:06:42<00:02:51,  1.02it/s, loss=0.0247]
Epoch 32:  71%|#######...| 417/585 [00:06:48<00:02:44,  1.02it/s, loss=0.0247]
Epoch 32:  72%|#######...| 423/585 [00:06:54<00:02:38,  1.02it/s, loss=0.0247]
Epoch 32:  73%|#######...| 429/585 [00:07:00<00:02:32,  1.02it/s, loss=0.0246]
Epoch 32:  74%|#######...| 435/585 [00:07:05<00:02:26,  1.02it/s, loss=0.0247]
Epoch 32:  75%|#######...| 441/585 [00:07:10<00:02:20,  1.02it/s, loss=0.0247]
Epoch 32:  76%|#######...| 447/585 [00:07:16<00:02:14,  1.02it/s, loss=0.0247]
Epoch 32:  77%|#######...| 453/585 [00:07:21<00:02:08,  1.03it/s, loss=0.0247]
Epoch 32:  78%|#######...| 459/585 [00:07:26<00:02:02,  1.03it/s, loss=0.0247]
Epoch 32:  79%|#######...| 465/585 [00:07:32<00:01:56,  1.03it/s, loss=0.0247]
Epoch 32:  81%|########..| 471/585 [00:07:38<00:01:50,  1.03it/s, loss=0.0247]
Epoch 32:  82%|########..| 477/585 [00:07:43<00:01:45,  1.03it/s, loss=0.0247]
Epoch 32:  83%|########..| 483/585 [00:07:49<00:01:39,  1.03it/s, loss=0.0248]
Epoch 32:  83%|########..| 488/585 [00:07:54<00:01:34,  1.03it/s, loss=0.0248]
Epoch 32:  84%|########..| 494/585 [00:08:00<00:01:28,  1.03it/s, loss=0.0248]
Epoch 32:  85%|########..| 499/585 [00:08:05<00:01:23,  1.03it/s, loss=0.0248]
Epoch 32:  86%|########..| 504/585 [00:08:11<00:01:18,  1.03it/s, loss=0.0248]
Epoch 32:  87%|########..| 509/585 [00:08:17<00:01:14,  1.02it/s, loss=0.0248]
Epoch 32:  88%|########..| 515/585 [00:08:23<00:01:08,  1.02it/s, loss=0.0248]
Epoch 32:  89%|########..| 521/585 [00:08:28<00:01:02,  1.02it/s, loss=0.0247]
Epoch 32:  90%|#########.| 527/585 [00:08:33<00:00:56,  1.03it/s, loss=0.0247]
Epoch 32:  91%|#########.| 533/585 [00:08:39<00:00:50,  1.03it/s, loss=0.0247]
Epoch 32:  92%|#########.| 537/585 [00:08:44<00:00:46,  1.02it/s, loss=0.0247]
Epoch 32:  93%|#########.| 542/585 [00:08:49<00:00:42,  1.02it/s, loss=0.0247]
Epoch 32:  93%|#########.| 546/585 [00:08:55<00:00:38,  1.02it/s, loss=0.0247]
Epoch 32:  94%|#########.| 552/585 [00:09:00<00:00:32,  1.02it/s, loss=0.0247]
Epoch 32:  95%|#########.| 557/585 [00:09:05<00:00:27,  1.02it/s, loss=0.0247]
Epoch 32:  96%|#########.| 563/585 [00:09:11<00:00:21,  1.02it/s, loss=0.0247]
Epoch 32:  97%|#########.| 569/585 [00:09:17<00:00:15,  1.02it/s, loss=0.0247]
Epoch 32:  98%|#########.| 575/585 [00:09:22<00:00:09,  1.02it/s, loss=0.0247]
Epoch 32:  99%|#########.| 580/585 [00:09:28<00:00:04,  1.02it/s, loss=0.0248]
Epoch 32: 100%|##########| 585/585 [00:09:33<00:00:00,  1.02it/s, loss=0.0248]
Test loss: 0.0247, Test rmsae: 7.46deg
{"event": "epoch_complete", "epoch": 32, "phase": 2, "lr": 1e-05, "batch_size": 10, "micro_batch_size": 1, "train_loss": 0.024792427456595448, "val_loss": 0.024677934998180717, "val_rmsae_deg": 7.458200171589851, "epoch_time_s": 574.3803330919982}
Epoch 33/80:
Epoch 33:   1%|..........| 6/585 [00:00:05<00:08:36,  1.12it/s, loss=0.0261]
Epoch 33:   2%|..........| 12/585 [00:00:11<00:08:52,  1.08it/s, loss=0.0244]
Epoch 33:   3%|..........| 17/585 [00:00:16<00:09:05,  1.04it/s, loss=0.0269]
Epoch 33:   4%|..........| 22/585 [00:00:21<00:09:09,  1.02it/s, loss=0.0262]
Epoch 33:   5%|..........| 28/585 [00:00:26<00:08:54,  1.04it/s, loss=0.0251]
Epoch 33:   6%|..........| 34/585 [00:00:32<00:08:52,  1.04it/s, loss=0.0251]
Epoch 33:   7%|..........| 39/585 [00:00:37<00:08:51,  1.03it/s, loss=0.0249]
Epoch 33:   8%|..........| 45/585 [00:00:43<00:08:44,  1.03it/s, loss=0.0245]
Epoch 33:   9%|..........| 51/585 [00:00:49<00:08:38,  1.03it/s, loss=0.0240]
Epoch 33:  10%|..........| 56/585 [00:00:54<00:08:35,  1.03it/s, loss=0.0237]
Epoch 33:  11%|#.........| 62/585 [00:01:00<00:08:27,  1.03it/s, loss=0.0241]
Epoch 33:  11%|#.........| 67/585 [00:01:05<00:08:26,  1.02it/s, loss=0.0238]
Epoch 33:  12%|#.........| 72/585 [00:01:11<00:08:31,  1.00it/s, loss=0.0239]
Epoch 33:  13%|#.........| 77/585 [00:01:17<00:08:28,  1.00it/s, loss=0.0239]
Epoch 33:  14%|#.........| 82/585 [00:01:22<00:08:26,  0.99it/s, loss=0.0246]
Epoch 33:  15%|#.........| 88/585 [00:01:28<00:08:17,  1.00it/s, loss=0.0245]
Epoch 33:  16%|#.........| 93/585 [00:01:33<00:08:12,  1.00it/s, loss=0.0244]
Epoch 33:  17%|#.........| 98/585 [00:01:39<00:08:11,  0.99it/s, loss=0.0251]
Epoch 33:  18%|#.........| 104/585 [00:01:45<00:08:05,  0.99it/s, loss=0.0249]
Epoch 33:  19%|#.........| 109/585 [00:01:50<00:08:03,  0.98it/s, loss=0.0250]
Epoch 33:  19%|#.........| 114/585 [00:01:55<00:07:59,  0.98it/s, loss=0.0251]
Epoch 33:  21%|##........| 120/585 [00:02:01<00:07:51,  0.99it/s, loss=0.0251]
Epoch 33:  22%|##........| 126/585 [00:02:07<00:07:44,  0.99it/s, loss=0.0249]
Epoch 33:  23%|##........| 132/585 [00:02:12<00:07:35,  0.99it/s, loss=0.0248]
Epoch 33:  24%|##........| 138/585 [00:02:18<00:07:28,  1.00it/s, loss=0.0250]
Epoch 33:  24%|##........| 143/585 [00:02:23<00:07:23,  1.00it/s, loss=0.0250]
Epoch 33:  25%|##........| 149/585 [00:02:29<00:07:16,  1.00it/s, loss=0.0248]
Epoch 33:  26%|##........| 155/585 [00:02:34<00:07:08,  1.00it/s, loss=0.0248]
Epoch 33:  28%|##........| 161/585 [00:02:40<00:07:03,  1.00it/s, loss=0.0248]
Epoch 33:  29%|##........| 167/585 [00:02:46<00:06:56,  1.00it/s, loss=0.0249]
Epoch 33:  30%|##........| 173/585 [00:02:51<00:06:49,  1.01it/s, loss=0.0248]
Epoch 33:  31%|###.......| 179/585 [00:02:57<00:06:41,  1.01it/s, loss=0.0248]
Epoch 33:  32%|###.......| 185/585 [00:03:02<00:06:34,  1.01it/s, loss=0.0248]
Epoch 33:  33%|###.......| 191/585 [00:03:08<00:06:28,  1.01it/s, loss=0.0248]
Epoch 33:  34%|###.......| 197/585 [00:03:13<00:06:21,  1.02it/s, loss=0.0249]
Epoch 33:  35%|###.......| 203/585 [00:03:19<00:06:14,  1.02it/s, loss=0.0248]
Epoch 33:  36%|###.......| 209/585 [00:03:25<00:06:09,  1.02it/s, loss=0.0250]
Epoch 33:  37%|###.......| 215/585 [00:03:30<00:06:03,  1.02it/s, loss=0.0250]
Epoch 33:  38%|###.......| 221/585 [00:03:36<00:05:56,  1.02it/s, loss=0.0250]
Epoch 33:  39%|###.......| 227/585 [00:03:42<00:05:50,  1.02it/s, loss=0.0250]
Epoch 33:  40%|###.......| 233/585 [00:03:47<00:05:43,  1.03it/s, loss=0.0249]
Epoch 33:  41%|####......| 239/585 [00:03:52<00:05:37,  1.03it/s, loss=0.0249]
Epoch 33:  42%|####......| 244/585 [00:03:58<00:05:33,  1.02it/s, loss=0.0250]
Epoch 33:  43%|####......| 250/585 [00:04:04<00:05:27,  1.02it/s, loss=0.0249]
Epoch 33:  44%|####......| 256/585 [00:04:10<00:05:21,  1.02it/s, loss=0.0249]
Epoch 33:  45%|####......| 261/585 [00:04:15<00:05:17,  1.02it/s, loss=0.0250]
Epoch 33:  46%|####......| 267/585 [00:04:21<00:05:11,  1.02it/s, loss=0.0250]
Epoch 33:  47%|####......| 273/585 [00:04:26<00:05:05,  1.02it/s, loss=0.0249]
Epoch 33:  48%|####......| 278/585 [00:04:32<00:05:00,  1.02it/s, loss=0.0249]
Epoch 33:  49%|####......| 284/585 [00:04:38<00:04:54,  1.02it/s, loss=0.0249]
Epoch 33:  49%|####......| 289/585 [00:04:43<00:04:50,  1.02it/s, loss=0.0249]
Epoch 33:  50%|#####.....| 293/585 [00:04:48<00:04:47,  1.02it/s, loss=0.0249]
Epoch 33:  51%|#####.....| 299/585 [00:04:53<00:04:40,  1.02it/s, loss=0.0249]
Epoch 33:  52%|#####.....| 305/585 [00:04:59<00:04:34,  1.02it/s, loss=0.0249]
Epoch 33:  53%|#####.....| 311/585 [00:05:04<00:04:28,  1.02it/s, loss=0.0249]
Epoch 33:  54%|#####.....| 317/585 [00:05:09<00:04:22,  1.02it/s, loss=0.0249]
Epoch 33:  55%|#####.....| 323/585 [00:05:15<00:04:15,  1.02it/s, loss=0.0248]
Epoch 33:  56%|#####.....| 329/585 [00:05:20<00:04:09,  1.03it/s, loss=0.0248]
Epoch 33:  57%|#####.....| 334/585 [00:05:27<00:04:06,  1.02it/s, loss=0.0248]
Epoch 33:  58%|#####.....| 340/585 [00:05:33<00:04:00,  1.02it/s, loss=0.0249]
Epoch 33:  59%|#####.....| 346/585 [00:05:39<00:03:54,  1.02it/s, loss=0.0248]
Epoch 33:  60%|######....| 351/585 [00:05:44<00:03:49,  1.02it/s, loss=0.0249]
Epoch 33:  61%|######....| 356/585 [00:05:49<00:03:44,  1.02it/s, loss=0.0249]
Epoch 33:  62%|######....| 362/585 [00:05:54<00:03:38,  1.02it/s, loss=0.0248]
Epoch 33:  63%|######....| 368/585 [00:06:00<00:03:32,  1.02it/s, loss=0.0249]
Epoch 33:  64%|######....| 374/585 [00:06:06<00:03:26,  1.02it/s, loss=0.0249]
Epoch 33:  65%|######....| 380/585 [00:06:12<00:03:20,  1.02it/s, loss=0.0249]
Epoch 33:  66%|######....| 386/585 [00:06:17<00:03:14,  1.02it/s, loss=0.0249]
Epoch 33:  67%|######....| 392/585 [00:06:23<00:03:08,  1.02it/s, loss=0.0249]
Epoch 33:  68%|######....| 398/585 [00:06:29<00:03:02,  1.02it/s, loss=0.0249]
Epoch 33:  69%|######....| 404/585 [00:06:34<00:02:56,  1.02it/s, loss=0.0249]
Epoch 33:  70%|#######...| 410/585 [00:06:40<00:02:50,  1.02it/s, loss=0.0249]
Epoch 33:  71%|#######...| 416/585 [00:06:45<00:02:44,  1.02it/s, loss=0.0249]
Epoch 33:  72%|#######...| 422/585 [00:06:51<00:02:38,  1.03it/s, loss=0.0249]
Epoch 33:  73%|#######...| 428/585 [00:06:56<00:02:32,  1.03it/s, loss=0.0250]
Epoch 33:  74%|#######...| 434/585 [00:07:02<00:02:27,  1.03it/s, loss=0.0249]
Epoch 33:  75%|#######...| 439/585 [00:07:08<00:02:22,  1.02it/s, loss=0.0249]
Epoch 33:  76%|#######...| 444/585 [00:07:13<00:02:17,  1.02it/s, loss=0.0249]
Epoch 33:  77%|#######...| 449/585 [00:07:19<00:02:13,  1.02it/s, loss=0.0250]
Epoch 33:  78%|#######...| 455/585 [00:07:25<00:02:07,  1.02it/s, loss=0.0250]
Epoch 33:  79%|#######...| 461/585 [00:07:30<00:02:01,  1.02it/s, loss=0.0250]
Epoch 33:  80%|#######...| 467/585 [00:07:36<00:01:55,  1.02it/s, loss=0.0250]
Epoch 33:  81%|########..| 473/585 [00:07:41<00:01:49,  1.03it/s, loss=0.0249]
Epoch 33:  82%|########..| 479/585 [00:07:46<00:01:43,  1.03it/s, loss=0.0250]
Epoch 33:  83%|########..| 485/585 [00:07:52<00:01:37,  1.03it/s, loss=0.0250]
Epoch 33:  84%|########..| 491/585 [00:07:58<00:01:31,  1.03it/s, loss=0.0250]
Epoch 33:  85%|########..| 496/585 [00:08:03<00:01:26,  1.03it/s, loss=0.0249]
Epoch 33:  86%|########..| 502/585 [00:08:09<00:01:20,  1.03it/s, loss=0.0249]
Epoch 33:  87%|########..| 508/585 [00:08:15<00:01:15,  1.03it/s, loss=0.0249]
Epoch 33:  88%|########..| 514/585 [00:08:20<00:01:09,  1.03it/s, loss=0.0249]
Epoch 33:  89%|########..| 519/585 [00:08:25<00:01:04,  1.03it/s, loss=0.0249]
Epoch 33:  90%|########..| 525/585 [00:08:30<00:00:58,  1.03it/s, loss=0.0248]
Epoch 33:  91%|#########.| 531/585 [00:08:37<00:00:52,  1.03it/s, loss=0.0249]
Epoch 33:  92%|#########.| 536/585 [00:08:42<00:00:47,  1.03it/s, loss=0.0249]
Epoch 33:  93%|#########.| 542/585 [00:08:48<00:00:41,  1.03it/s, loss=0.0249]
Epoch 33:  94%|#########.| 548/585 [00:08:53<00:00:36,  1.03it/s, loss=0.0249]
Epoch 33:  95%|#########.| 554/585 [00:08:58<00:00:30,  1.03it/s, loss=0.0249]
Epoch 33:  95%|#########.| 558/585 [00:09:03<00:00:26,  1.03it/s, loss=0.0249]
Epoch 33:  96%|#########.| 563/585 [00:09:09<00:00:21,  1.02it/s, loss=0.0249]
Epoch 33:  97%|#########.| 568/585 [00:09:15<00:00:16,  1.02it/s, loss=0.0249]
Epoch 33:  98%|#########.| 574/585 [00:09:20<00:00:10,  1.02it/s, loss=0.0249]
Epoch 33:  99%|#########.| 579/585 [00:09:25<00:00:05,  1.02it/s, loss=0.0249]
Epoch 33: 100%|#########.| 584/585 [00:09:31<00:00:00,  1.02it/s, loss=0.0249]
Epoch 33: 100%|##########| 585/585 [00:09:32<00:00:00,  1.02it/s, loss=0.0249]
Test loss: 0.0247, Test rmsae: 7.54deg
{"event": "epoch_complete", "epoch": 33, "phase": 2, "lr": 1e-05, "batch_size": 10, "micro_batch_size": 1, "train_loss": 0.024919223576847813, "val_loss": 0.024703998875338584, "val_rmsae_deg": 7.542993322014809, "epoch_time_s": 573.1222292470011}
Epoch 34/80:
Epoch 34:   1%|..........| 5/585 [00:00:05<00:09:55,  0.97it/s, loss=0.0297]
Epoch 34:   2%|..........| 11/585 [00:00:10<00:09:03,  1.06it/s, loss=0.0275]
Epoch 34:   3%|..........| 17/585 [00:00:15<00:08:52,  1.07it/s, loss=0.0272]
Epoch 34:   4%|..........| 23/585 [00:00:21<00:08:43,  1.07it/s, loss=0.0265]
Epoch 34:   5%|..........| 29/585 [00:00:27<00:08:44,  1.06it/s, loss=0.0255]
Epoch 34:   6%|..........| 34/585 [00:00:32<00:08:51,  1.04it/s, loss=0.0252]
Epoch 34:   7%|..........| 39/585 [00:00:37<00:08:50,  1.03it/s, loss=0.0258]
Epoch 34:   8%|..........| 44/585 [00:00:43<00:08:51,  1.02it/s, loss=0.0257]
Epoch 34:   9%|..........| 50/585 [00:00:48<00:08:43,  1.02it/s, loss=0.0257]
Epoch 34:   9%|..........| 55/585 [00:00:54<00:08:43,  1.01it/s, loss=0.0257]
Epoch 34:  10%|#.........| 60/585 [00:00:59<00:08:39,  1.01it/s, loss=0.0254]
Epoch 34:  11%|#.........| 65/585 [00:01:05<00:08:41,  1.00it/s, loss=0.0254]
Epoch 34:  12%|#.........| 70/585 [00:01:10<00:08:37,  1.00it/s, loss=0.0253]
Epoch 34:  13%|#.........| 75/585 [00:01:15<00:08:34,  0.99it/s, loss=0.0254]
Epoch 34:  14%|#.........| 81/585 [00:01:21<00:08:26,  1.00it/s, loss=0.0252]
Epoch 34:  15%|#.........| 87/585 [00:01:26<00:08:15,  1.00it/s, loss=0.0251]
Epoch 34:  16%|#.........| 93/585 [00:01:32<00:08:07,  1.01it/s, loss=0.0248]
Epoch 34:  17%|#.........| 99/585 [00:01:37<00:07:58,  1.02it/s, loss=0.0246]
Epoch 34:  18%|#.........| 105/585 [00:01:42<00:07:50,  1.02it/s, loss=0.0244]
Epoch 34:  19%|#.........| 110/585 [00:01:48<00:07:46,  1.02it/s, loss=0.0251]
Epoch 34:  19%|#.........| 114/585 [00:01:53<00:07:48,  1.01it/s, loss=0.0253]
Epoch 34:  20%|##........| 119/585 [00:01:58<00:07:43,  1.01it/s, loss=0.0253]
Epoch 34:  21%|##........| 124/585 [00:02:03<00:07:39,  1.00it/s, loss=0.0252]
Epoch 34:  22%|##........| 130/585 [00:02:08<00:07:30,  1.01it/s, loss=0.0251]
Epoch 34:  23%|##........| 136/585 [00:02:14<00:07:23,  1.01it/s, loss=0.0252]
Epoch 34:  24%|##........| 142/585 [00:02:20<00:07:16,  1.01it/s, loss=0.0252]
Epoch 34:  25%|##........| 147/585 [00:02:25<00:07:13,  1.01it/s, loss=0.0254]
Epoch 34:  26%|##........| 153/585 [00:02:30<00:07:06,  1.01it/s, loss=0.0254]
Epoch 34:  27%|##........| 157/585 [00:02:35<00:07:05,  1.01it/s, loss=0.0254]
Epoch 34:  28%|##........| 163/585 [00:02:41<00:06:58,  1.01it/s, loss=0.0253]
Epoch 34:  29%|##........| 169/585 [00:02:47<00:06:51,  1.01it/s, loss=0.0253]
Epoch 34:  30%|##........| 175/585 [00:02:52<00:06:43,  1.02it/s, loss=0.0252]
Epoch 34:  31%|###.......| 180/585 [00:02:57<00:06:39,  1.01it/s, loss=0.0254]
Epoch 34:  32%|###.......| 185/585 [00:03:03<00:06:36,  1.01it/s, loss=0.0253]
Epoch 34:  33%|###.......| 191/585 [00:03:09<00:06:30,  1.01it/s, loss=0.0255]
Epoch 34:  34%|###.......| 197/585 [00:03:14<00:06:23,  1.01it/s, loss=0.0254]
Epoch 34:  35%|###.......| 202/585 [00:03:19<00:06:19,  1.01it/s, loss=0.0254]
Epoch 34:  35%|###.......| 207/585 [00:03:25<00:06:14,  1.01it/s, loss=0.0253]
Epoch 34:  36%|###.......| 213/585 [00:03:30<00:06:08,  1.01it/s, loss=0.0253]
Epoch 34:  37%|###.......| 219/585 [00:03:36<00:06:01,  1.01it/s, loss=0.0252]
Epoch 34:  38%|###.......| 224/585 [00:03:41<00:05:56,  1.01it/s, loss=0.0252]
Epoch 34:  39%|###.......| 230/585 [00:03:47<00:05:50,  1.01it/s, loss=0.0252]
Epoch 34:  40%|####......| 235/585 [00:03:52<00:05:46,  1.01it/s, loss=0.0253]
Epoch 34:  41%|####......| 239/585 [00:03:58<00:05:44,  1.00it/s, loss=0.0253]
Epoch 34:  42%|####......| 244/585 [00:04:03<00:05:40,  1.00it/s, loss=0.0253]
Epoch 34:  43%|####......| 249/585 [00:04:08<00:05:35,  1.00it/s, loss=0.0253]
Epoch 34:  44%|####......| 255/585 [00:04:13<00:05:28,  1.00it/s, loss=0.0253]
Epoch 34:  44%|####......| 260/585 [00:04:19<00:05:24,  1.00it/s, loss=0.0253]
Epoch 34:  45%|####......| 265/585 [00:04:24<00:05:19,  1.00it/s, loss=0.0253]
Epoch 34:  46%|####......| 270/585 [00:04:30<00:05:15,  1.00it/s, loss=0.0253]
Epoch 34:  47%|####......| 275/585 [00:04:35<00:05:10,  1.00it/s, loss=0.0253]
Epoch 34:  48%|####......| 280/585 [00:04:40<00:05:05,  1.00it/s, loss=0.0252]
Epoch 34:  49%|####......| 285/585 [00:04:45<00:05:00,  1.00it/s, loss=0.0252]
Epoch 34:  50%|####......| 291/585 [00:04:51<00:04:54,  1.00it/s, loss=0.0252]
Epoch 34:  51%|#####.....| 297/585 [00:04:56<00:04:47,  1.00it/s, loss=0.0252]
Epoch 34:  52%|#####.....| 302/585 [00:05:02<00:04:43,  1.00it/s, loss=0.0252]
Epoch 34:  53%|#####.....| 308/585 [00:05:08<00:04:37,  1.00it/s, loss=0.0252]
Epoch 34:  54%|#####.....| 314/585 [00:05:13<00:04:30,  1.00it/s, loss=0.0252]
Epoch 34:  55%|#####.....| 319/585 [00:05:19<00:04:26,  1.00it/s, loss=0.0252]
Epoch 34:  55%|#####.....| 324/585 [00:05:25<00:04:21,  1.00it/s, loss=0.0251]
Epoch 34:  56%|#####.....| 330/585 [00:05:30<00:04:15,  1.00it/s, loss=0.0251]
Epoch 34:  57%|#####.....| 336/585 [00:05:36<00:04:09,  1.00it/s, loss=0.0250]
Epoch 34:  58%|#####.....| 341/585 [00:05:41<00:04:04,  1.00it/s, loss=0.0250]
Epoch 34:  59%|#####.....| 347/585 [00:05:47<00:03:58,  1.00it/s, loss=0.0250]
Epoch 34:  60%|######....| 353/585 [00:05:52<00:03:51,  1.00it/s, loss=0.0250]
Epoch 34:  61%|######....| 359/585 [00:05:58<00:03:45,  1.00it/s, loss=0.0250]
Epoch 34:  62%|######....| 365/585 [00:06:03<00:03:38,  1.00it/s, loss=0.0249]
Epoch 34:  63%|######....| 371/585 [00:06:08<00:03:32,  1.01it/s, loss=0.0249]
Epoch 34:  64%|######....| 377/585 [00:06:14<00:03:26,  1.01it/s, loss=0.0249]
Epoch 34:  65%|######....| 383/585 [00:06:20<00:03:20,  1.01it/s, loss=0.0249]
Epoch 34:  66%|######....| 389/585 [00:06:25<00:03:14,  1.01it/s, loss=0.0248]
Epoch 34:  67%|######....| 394/585 [00:06:31<00:03:09,  1.01it/s, loss=0.0249]
Epoch 34:  68%|######....| 400/585 [00:06:37<00:03:03,  1.01it/s, loss=0.0249]
Epoch 34:  69%|######....| 405/585 [00:06:42<00:02:58,  1.01it/s, loss=0.0250]
Epoch 34:  70%|#######...| 410/585 [00:06:48<00:02:54,  1.00it/s, loss=0.0251]
Epoch 34:  71%|#######...| 416/585 [00:06:53<00:02:48,  1.01it/s, loss=0.0251]
Epoch 34:  72%|#######...| 421/585 [00:06:58<00:02:43,  1.01it/s, loss=0.0250]
Epoch 34:  73%|#######...| 426/585 [00:07:04<00:02:38,  1.00it/s, loss=0.0250]
Epoch 34:  74%|#######...| 432/585 [00:07:10<00:02:32,  1.00it/s, loss=0.0250]
Epoch 34:  75%|#######...| 438/585 [00:07:15<00:02:26,  1.01it/s, loss=0.0250]
Epoch 34:  76%|#######...| 444/585 [00:07:20<00:02:20,  1.01it/s, loss=0.0250]
Epoch 34:  77%|#######...| 449/585 [00:07:26<00:02:15,  1.01it/s, loss=0.0250]
Epoch 34:  78%|#######...| 454/585 [00:07:31<00:02:10,  1.01it/s, loss=0.0250]
Epoch 34:  79%|#######...| 460/585 [00:07:37<00:02:04,  1.01it/s, loss=0.0250]
Epoch 34:  79%|#######...| 464/585 [00:07:42<00:02:00,  1.00it/s, loss=0.0251]
Epoch 34:  80%|########..| 470/585 [00:07:48<00:01:54,  1.00it/s, loss=0.0251]
Epoch 34:  81%|########..| 476/585 [00:07:54<00:01:48,  1.00it/s, loss=0.0251]
Epoch 34:  82%|########..| 482/585 [00:08:00<00:01:42,  1.00it/s, loss=0.0250]
Epoch 34:  83%|########..| 488/585 [00:08:06<00:01:36,  1.00it/s, loss=0.0250]
Epoch 34:  84%|########..| 493/585 [00:08:11<00:01:31,  1.00it/s, loss=0.0250]
Epoch 34:  85%|########..| 499/585 [00:08:16<00:01:25,  1.00it/s, loss=0.0250]
Epoch 34:  86%|########..| 505/585 [00:08:22<00:01:19,  1.01it/s, loss=0.0249]
Epoch 34:  87%|########..| 511/585 [00:08:27<00:01:13,  1.01it/s, loss=0.0250]
Epoch 34:  88%|########..| 516/585 [00:08:32<00:01:08,  1.01it/s, loss=0.0249]
Epoch 34:  89%|########..| 522/585 [00:08:38<00:01:02,  1.01it/s, loss=0.0249]
Epoch 34:  90%|#########.| 528/585 [00:08:44<00:00:56,  1.01it/s, loss=0.0249]
Epoch 34:  91%|#########.| 534/585 [00:08:49<00:00:50,  1.01it/s, loss=0.0249]
Epoch 34:  92%|#########.| 540/585 [00:08:55<00:00:44,  1.01it/s, loss=0.0249]
Epoch 34:  93%|#########.| 546/585 [00:09:01<00:00:38,  1.01it/s, loss=0.0250]
Epoch 34:  94%|#########.| 552/585 [00:09:06<00:00:32,  1.01it/s, loss=0.0249]
Epoch 34:  95%|#########.| 557/585 [00:09:11<00:00:27,  1.01it/s, loss=0.0249]
Epoch 34:  96%|#########.| 563/585 [00:09:17<00:00:21,  1.01it/s, loss=0.0250]
Epoch 34:  97%|#########.| 568/585 [00:09:22<00:00:16,  1.01it/s, loss=0.0250]
Epoch 34:  98%|#########.| 573/585 [00:09:28<00:00:11,  1.01it/s, loss=0.0250]
Epoch 34:  99%|#########.| 579/585 [00:09:33<00:00:05,  1.01it/s, loss=0.0250]
Epoch 34: 100%|##########| 585/585 [00:09:39<00:00:00,  1.01it/s, loss=0.0250]
Test loss: 0.0247, Test rmsae: 7.46deg
{"event": "epoch_complete", "epoch": 34, "phase": 2, "lr": 1e-05, "batch_size": 10, "micro_batch_size": 1, "train_loss": 0.0249729561770701, "val_loss": 0.024651210464071482, "val_rmsae_deg": 7.455698221921921, "epoch_time_s": 580.1847107719987}
Epoch 35/80:
Epoch 35:   1%|..........| 6/585 [00:00:06<00:09:57,  0.97it/s, loss=0.0231]
Epoch 35:   2%|..........| 12/585 [00:00:12<00:09:43,  0.98it/s, loss=0.0235]
Epoch 35:   3%|..........| 17/585 [00:00:17<00:09:44,  0.97it/s, loss=0.0380]
Epoch 35:   4%|..........| 23/585 [00:00:23<00:09:28,  0.99it/s, loss=0.0343]
Epoch 35:   5%|..........| 29/585 [00:00:29<00:09:19,  0.99it/s, loss=0.0326]
Epoch 35:   6%|..........| 35/585 [00:00:35<00:09:14,  0.99it/s, loss=0.0315]
Epoch 35:   7%|..........| 40/585 [00:00:41<00:09:26,  0.96it/s, loss=0.0308]
Epoch 35:   8%|..........| 45/585 [00:00:47<00:09:27,  0.95it/s, loss=0.0304]
Epoch 35:   9%|..........| 51/585 [00:00:53<00:09:15,  0.96it/s, loss=0.0298]
Epoch 35:  10%|..........| 57/585 [00:00:59<00:09:07,  0.96it/s, loss=0.0293]
Epoch 35:  11%|#.........| 63/585 [00:01:04<00:08:52,  0.98it/s, loss=0.0286]
Epoch 35:  12%|#.........| 68/585 [00:01:09<00:08:47,  0.98it/s, loss=0.0284]
Epoch 35:  13%|#.........| 74/585 [00:01:15<00:08:38,  0.99it/s, loss=0.0280]
Epoch 35:  14%|#.........| 80/585 [00:01:20<00:08:26,  1.00it/s, loss=0.0276]
Epoch 35:  15%|#.........| 85/585 [00:01:25<00:08:21,  1.00it/s, loss=0.0274]
Epoch 35:  16%|#.........| 91/585 [00:01:30<00:08:13,  1.00it/s, loss=0.0272]
Epoch 35:  17%|#.........| 97/585 [00:01:36<00:08:05,  1.01it/s, loss=0.0271]
Epoch 35:  18%|#.........| 103/585 [00:01:42<00:07:57,  1.01it/s, loss=0.0270]
Epoch 35:  19%|#.........| 109/585 [00:01:47<00:07:50,  1.01it/s, loss=0.0268]
Epoch 35:  19%|#.........| 114/585 [00:01:53<00:07:48,  1.01it/s, loss=0.0268]
Epoch 35:  21%|##........| 120/585 [00:01:59<00:07:41,  1.01it/s, loss=0.0267]
Epoch 35:  21%|##........| 125/585 [00:02:04<00:07:37,  1.01it/s, loss=0.0266]
Epoch 35:  22%|##........| 130/585 [00:02:09<00:07:33,  1.00it/s, loss=0.0264]
Epoch 35:  23%|##........| 136/585 [00:02:15<00:07:25,  1.01it/s, loss=0.0265]
Epoch 35:  24%|##........| 141/585 [00:02:20<00:07:21,  1.01it/s, loss=0.0264]
Epoch 35:  25%|##........| 148/585 [00:02:26<00:07:11,  1.01it/s, loss=0.0261]
Epoch 35:  26%|##........| 153/585 [00:02:31<00:07:07,  1.01it/s, loss=0.0261]
Epoch 35:  27%|##........| 158/585 [00:02:37<00:07:04,  1.01it/s, loss=0.0260]
Epoch 35:  28%|##........| 164/585 [00:02:42<00:06:56,  1.01it/s, loss=0.0261]
Epoch 35:  29%|##........| 169/585 [00:02:47<00:06:52,  1.01it/s, loss=0.0260]
Epoch 35:  30%|##........| 175/585 [00:02:53<00:06:46,  1.01it/s, loss=0.0258]
Epoch 35:  31%|###.......| 180/585 [00:02:58<00:06:41,  1.01it/s, loss=0.0259]
Epoch 35:  32%|###.......| 185/585 [00:03:03<00:06:37,  1.01it/s, loss=0.0260]
Epoch 35:  33%|###.......| 191/585 [00:03:09<00:06:30,  1.01it/s, loss=0.0259]
Epoch 35:  34%|###.......| 196/585 [00:03:14<00:06:26,  1.01it/s, loss=0.0258]
Epoch 35:  35%|###.......| 202/585 [00:03:21<00:06:22,  1.00it/s, loss=0.0259]
Epoch 35:  36%|###.......| 208/585 [00:03:27<00:06:15,  1.00it/s, loss=0.0258]
Epoch 35:  37%|###.......| 214/585 [00:03:32<00:06:09,  1.01it/s, loss=0.0257]
Epoch 35:  38%|###.......| 220/585 [00:03:38<00:06:02,  1.01it/s, loss=0.0256]
Epoch 35:  39%|###.......| 226/585 [00:03:44<00:05:56,  1.01it/s, loss=0.0256]
Epoch 35:  40%|###.......| 232/585 [00:03:50<00:05:50,  1.01it/s, loss=0.0256]
Epoch 35:  41%|####......| 238/585 [00:03:55<00:05:43,  1.01it/s, loss=0.0255]
Epoch 35:  42%|####......| 243/585 [00:04:01<00:05:39,  1.01it/s, loss=0.0255]
Epoch 35:  43%|####......| 249/585 [00:04:06<00:05:32,  1.01it/s, loss=0.0254]
Epoch 35:  43%|####......| 253/585 [00:04:11<00:05:30,  1.01it/s, loss=0.0254]
Epoch 35:  44%|####......| 259/585 [00:04:17<00:05:24,  1.01it/s, loss=0.0254]
Epoch 35:  45%|####......| 265/585 [00:04:23<00:05:17,  1.01it/s, loss=0.0254]
Epoch 35:  46%|####......| 270/585 [00:04:28<00:05:12,  1.01it/s, loss=0.0255]
Epoch 35:  47%|####......| 275/585 [00:04:33<00:05:08,  1.01it/s, loss=0.0254]
Epoch 35:  48%|####......| 280/585 [00:04:38<00:05:03,  1.00it/s, loss=0.0254]
Epoch 35:  49%|####......| 285/585 [00:04:44<00:04:59,  1.00it/s, loss=0.0253]
Epoch 35:  50%|####......| 290/585 [00:04:50<00:04:55,  1.00it/s, loss=0.0254]
Epoch 35:  50%|#####.....| 295/585 [00:04:55<00:04:50,  1.00it/s, loss=0.0254]
Epoch 35:  51%|#####.....| 301/585 [00:05:01<00:04:44,  1.00it/s, loss=0.0254]
Epoch 35:  52%|#####.....| 307/585 [00:05:06<00:04:37,  1.00it/s, loss=0.0253]
Epoch 35:  53%|#####.....| 312/585 [00:05:12<00:04:33,  1.00it/s, loss=0.0254]
Epoch 35:  54%|#####.....| 317/585 [00:05:17<00:04:28,  1.00it/s, loss=0.0254]
Epoch 35:  55%|#####.....| 322/585 [00:05:22<00:04:23,  1.00it/s, loss=0.0254]
Epoch 35:  56%|#####.....| 327/585 [00:05:27<00:04:18,  1.00it/s, loss=0.0254]
Epoch 35:  57%|#####.....| 333/585 [00:05:33<00:04:12,  1.00it/s, loss=0.0253]
Epoch 35:  58%|#####.....| 338/585 [00:05:38<00:04:07,  1.00it/s, loss=0.0254]
Epoch 35:  59%|#####.....| 344/585 [00:05:44<00:04:01,  1.00it/s, loss=0.0254]
Epoch 35:  60%|#####.....| 350/585 [00:05:50<00:03:55,  1.00it/s, loss=0.0254]
Epoch 35:  61%|######....| 356/585 [00:05:55<00:03:48,  1.00it/s, loss=0.0253]
Epoch 35:  62%|######....| 361/585 [00:06:00<00:03:43,  1.00it/s, loss=0.0252]
Epoch 35:  63%|######....| 367/585 [00:06:06<00:03:37,  1.00it/s, loss=0.0253]
Epoch 35:  64%|######....| 373/585 [00:06:12<00:03:31,  1.00it/s, loss=0.0252]
Epoch 35:  65%|######....| 379/585 [00:06:18<00:03:25,  1.00it/s, loss=0.0253]
Epoch 35:  66%|######....| 384/585 [00:06:23<00:03:20,  1.00it/s, loss=0.0254]
Epoch 35:  67%|######....| 390/585 [00:06:29<00:03:14,  1.00it/s, loss=0.0254]
Epoch 35:  68%|######....| 396/585 [00:06:35<00:03:08,  1.00it/s, loss=0.0254]
Epoch 35:  69%|######....| 402/585 [00:06:40<00:03:02,  1.00it/s, loss=0.0254]
Epoch 35:  70%|######....| 407/585 [00:06:46<00:02:57,  1.00it/s, loss=0.0254]
Epoch 35:  71%|#######...| 413/585 [00:06:51<00:02:51,  1.00it/s, loss=0.0254]
Epoch 35:  72%|#######...| 419/585 [00:06:57<00:02:45,  1.00it/s, loss=0.0253]
Epoch 35:  73%|#######...| 425/585 [00:07:02<00:02:39,  1.00it/s, loss=0.0259]
Epoch 35:  74%|#######...| 431/585 [00:07:08<00:02:33,  1.01it/s, loss=0.0259]
Epoch 35:  75%|#######...| 437/585 [00:07:13<00:02:26,  1.01it/s, loss=0.0259]
Epoch 35:  76%|#######...| 443/585 [00:07:19<00:02:21,  1.01it/s, loss=0.0258]
Epoch 35:  77%|#######...| 449/585 [00:07:25<00:02:14,  1.01it/s, loss=0.0258]
Epoch 35:  78%|#######...| 454/585 [00:07:31<00:02:10,  1.01it/s, loss=0.0257]
Epoch 35:  79%|#######...| 460/585 [00:07:37<00:02:04,  1.01it/s, loss=0.0257]
Epoch 35:  79%|#######...| 465/585 [00:07:42<00:01:59,  1.01it/s, loss=0.0256]
Epoch 35:  81%|########..| 471/585 [00:07:48<00:01:53,  1.00it/s, loss=0.0257]
Epoch 35:  81%|########..| 476/585 [00:07:54<00:01:48,  1.00it/s, loss=0.0256]
Epoch 35:  82%|########..| 480/585 [00:07:59<00:01:44,  1.00it/s, loss=0.0256]
Epoch 35:  83%|########..| 485/585 [00:08:04<00:01:39,  1.00it/s, loss=0.0256]
Epoch 35:  84%|########..| 491/585 [00:08:10<00:01:33,  1.00it/s, loss=0.0256]
Epoch 35:  85%|########..| 496/585 [00:08:15<00:01:28,  1.00it/s, loss=0.0256]
Epoch 35:  86%|########..| 501/585 [00:08:21<00:01:24,  1.00it/s, loss=0.0257]
Epoch 35:  87%|########..| 507/585 [00:08:26<00:01:17,  1.00it/s, loss=0.0256]
Epoch 35:  88%|########..| 512/585 [00:08:32<00:01:13,  1.00it/s, loss=0.0256]
Epoch 35:  88%|########..| 517/585 [00:08:38<00:01:08,  1.00it/s, loss=0.0256]
Epoch 35:  89%|########..| 522/585 [00:08:44<00:01:03,  1.00it/s, loss=0.0256]
Epoch 35:  90%|#########.| 527/585 [00:08:49<00:00:58,  1.00it/s, loss=0.0256]
Epoch 35:  91%|#########.| 533/585 [00:08:55<00:00:52,  1.00it/s, loss=0.0256]
Epoch 35:  92%|#########.| 539/585 [00:09:00<00:00:46,  1.00it/s, loss=0.0255]
Epoch 35:  93%|#########.| 545/585 [00:09:06<00:00:40,  1.00it/s, loss=0.0255]
Epoch 35:  94%|#########.| 549/585 [00:09:11<00:00:36,  1.00it/s, loss=0.0255]
Epoch 35:  95%|#########.| 554/585 [00:09:16<00:00:31,  1.00it/s, loss=0.0256]
Epoch 35:  96%|#########.| 559/585 [00:09:22<00:00:26,  0.99it/s, loss=0.0256]
Epoch 35:  97%|#########.| 565/585 [00:09:27<00:00:20,  1.00it/s, loss=0.0256]
Epoch 35:  98%|#########.| 571/585 [00:09:32<00:00:14,  1.00it/s, loss=0.0255]
Epoch 35:  99%|#########.| 577/585 [00:09:39<00:00:08,  1.00it/s, loss=0.0255]
Epoch 35:  99%|#########.| 582/585 [00:09:44<00:00:03,  1.00it/s, loss=0.0255]
Epoch 35: 100%|##########| 585/585 [00:09:47<00:00:00,  1.00it/s, loss=0.0255]
Test loss: 0.0246, Test rmsae: 7.51deg
{"event": "epoch_complete", "epoch": 35, "phase": 2, "lr": 1e-05, "batch_size": 10, "micro_batch_size": 1, "train_loss": 0.02552787255272906, "val_loss": 0.024645238823723048, "val_rmsae_deg": 7.51319707930088, "epoch_time_s": 587.9591820710011}
Epoch 36/80:
Epoch 36:   1%|..........| 5/585 [00:00:05<00:10:14,  0.94it/s, loss=0.0245]
Epoch 36:   2%|..........| 11/585 [00:00:10<00:09:30,  1.01it/s, loss=0.0240]
Epoch 36:   3%|..........| 17/585 [00:00:16<00:08:59,  1.05it/s, loss=0.0232]
Epoch 36:   4%|..........| 22/585 [00:00:21<00:09:06,  1.03it/s, loss=0.0249]
Epoch 36:   5%|..........| 27/585 [00:00:26<00:09:09,  1.02it/s, loss=0.0249]
Epoch 36:   5%|..........| 32/585 [00:00:32<00:09:16,  0.99it/s, loss=0.0254]
Epoch 36:   6%|..........| 37/585 [00:00:37<00:09:20,  0.98it/s, loss=0.0253]
Epoch 36:   7%|..........| 42/585 [00:00:43<00:09:26,  0.96it/s, loss=0.0254]
Epoch 36:   8%|..........| 48/585 [00:00:49<00:09:14,  0.97it/s, loss=0.0254]
Epoch 36:   9%|..........| 54/585 [00:00:55<00:09:03,  0.98it/s, loss=0.0251]
Epoch 36:  10%|#.........| 60/585 [00:01:01<00:08:55,  0.98it/s, loss=0.0255]
Epoch 36:  11%|#.........| 65/585 [00:01:06<00:08:54,  0.97it/s, loss=0.0251]
Epoch 36:  12%|#.........| 71/585 [00:01:12<00:08:42,  0.98it/s, loss=0.0250]
Epoch 36:  13%|#.........| 77/585 [00:01:18<00:08:34,  0.99it/s, loss=0.0251]
Epoch 36:  14%|#.........| 83/585 [00:01:23<00:08:26,  0.99it/s, loss=0.0251]
Epoch 36:  15%|#.........| 88/585 [00:01:28<00:08:21,  0.99it/s, loss=0.0251]
Epoch 36:  16%|#.........| 94/585 [00:01:34<00:08:15,  0.99it/s, loss=0.0252]
Epoch 36:  17%|#.........| 100/585 [00:01:40<00:08:08,  0.99it/s, loss=0.0254]
Epoch 36:  18%|#.........| 106/585 [00:01:46<00:07:59,  1.00it/s, loss=0.0255]
Epoch 36:  19%|#.........| 112/585 [00:01:51<00:07:52,  1.00it/s, loss=0.0253]
Epoch 36:  20%|##........| 118/585 [00:01:57<00:07:43,  1.01it/s, loss=0.0252]
Epoch 36:  21%|##........| 124/585 [00:02:02<00:07:33,  1.02it/s, loss=0.0251]
Epoch 36:  22%|##........| 130/585 [00:02:07<00:07:26,  1.02it/s, loss=0.0250]
Epoch 36:  23%|##........| 136/585 [00:02:13<00:07:20,  1.02it/s, loss=0.0250]
Epoch 36:  24%|##........| 141/585 [00:02:18<00:07:17,  1.02it/s, loss=0.0251]
Epoch 36:  25%|##........| 146/585 [00:02:24<00:07:13,  1.01it/s, loss=0.0253]
Epoch 36:  26%|##........| 152/585 [00:02:30<00:07:07,  1.01it/s, loss=0.0252]
Epoch 36:  27%|##........| 157/585 [00:02:35<00:07:04,  1.01it/s, loss=0.0255]
Epoch 36:  28%|##........| 163/585 [00:02:41<00:06:58,  1.01it/s, loss=0.0256]
Epoch 36:  29%|##........| 168/585 [00:02:47<00:06:55,  1.00it/s, loss=0.0256]
Epoch 36:  30%|##........| 173/585 [00:02:52<00:06:50,  1.00it/s, loss=0.0257]
Epoch 36:  31%|###.......| 179/585 [00:02:58<00:06:44,  1.00it/s, loss=0.0256]
Epoch 36:  31%|###.......| 184/585 [00:03:03<00:06:39,  1.00it/s, loss=0.0256]
Epoch 36:  32%|###.......| 189/585 [00:03:09<00:06:36,  1.00it/s, loss=0.0258]
Epoch 36:  33%|###.......| 195/585 [00:03:14<00:06:29,  1.00it/s, loss=0.0257]
Epoch 36:  34%|###.......| 201/585 [00:03:20<00:06:22,  1.00it/s, loss=0.0257]
Epoch 36:  35%|###.......| 207/585 [00:03:26<00:06:16,  1.00it/s, loss=0.0257]
Epoch 36:  36%|###.......| 213/585 [00:03:32<00:06:10,  1.00it/s, loss=0.0256]
Epoch 36:  37%|###.......| 219/585 [00:03:38<00:06:04,  1.00it/s, loss=0.0256]
Epoch 36:  38%|###.......| 225/585 [00:03:43<00:05:57,  1.01it/s, loss=0.0256]
Epoch 36:  39%|###.......| 231/585 [00:03:49<00:05:50,  1.01it/s, loss=0.0255]
Epoch 36:  41%|####......| 237/585 [00:03:54<00:05:44,  1.01it/s, loss=0.0256]
Epoch 36:  42%|####......| 243/585 [00:04:00<00:05:38,  1.01it/s, loss=0.0259]
Epoch 36:  43%|####......| 249/585 [00:04:06<00:05:32,  1.01it/s, loss=0.0259]
Epoch 36:  43%|####......| 254/585 [00:04:11<00:05:28,  1.01it/s, loss=0.0260]
Epoch 36:  44%|####......| 259/585 [00:04:17<00:05:24,  1.01it/s, loss=0.0260]
Epoch 36:  45%|####......| 265/585 [00:04:22<00:05:17,  1.01it/s, loss=0.0260]
Epoch 36:  46%|####......| 270/585 [00:04:28<00:05:12,  1.01it/s, loss=0.0260]
Epoch 36:  47%|####......| 276/585 [00:04:33<00:05:06,  1.01it/s, loss=0.0259]
Epoch 36:  48%|####......| 281/585 [00:04:39<00:05:02,  1.01it/s, loss=0.0258]
Epoch 36:  49%|####......| 287/585 [00:04:44<00:04:55,  1.01it/s, loss=0.0257]
Epoch 36:  50%|#####.....| 293/585 [00:04:50<00:04:49,  1.01it/s, loss=0.0257]
Epoch 36:  51%|#####.....| 298/585 [00:04:55<00:04:44,  1.01it/s, loss=0.0257]
Epoch 36:  52%|#####.....| 304/585 [00:05:01<00:04:38,  1.01it/s, loss=0.0256]
Epoch 36:  53%|#####.....| 309/585 [00:05:06<00:04:34,  1.01it/s, loss=0.0255]
Epoch 36:  54%|#####.....| 315/585 [00:05:13<00:04:28,  1.01it/s, loss=0.0255]
Epoch 36:  55%|#####.....| 320/585 [00:05:18<00:04:23,  1.01it/s, loss=0.0254]
Epoch 36:  55%|#####.....| 324/585 [00:05:23<00:04:20,  1.00it/s, loss=0.0254]
Epoch 36:  56%|#####.....| 330/585 [00:05:28<00:04:13,  1.00it/s, loss=0.0255]
Epoch 36:  57%|#####.....| 335/585 [00:05:34<00:04:09,  1.00it/s, loss=0.0255]
Epoch 36:  58%|#####.....| 340/585 [00:05:39<00:04:04,  1.00it/s, loss=0.0255]
Epoch 36:  59%|#####.....| 345/585 [00:05:44<00:03:59,  1.00it/s, loss=0.0255]
Epoch 36:  60%|#####.....| 350/585 [00:05:50<00:03:55,  1.00it/s, loss=0.0255]
Epoch 36:  61%|######....| 355/585 [00:05:55<00:03:50,  1.00it/s, loss=0.0256]
Epoch 36:  62%|######....| 360/585 [00:06:00<00:03:45,  1.00it/s, loss=0.0255]
Epoch 36:  63%|######....| 366/585 [00:06:06<00:03:39,  1.00it/s, loss=0.0255]
Epoch 36:  63%|######....| 371/585 [00:06:11<00:03:34,  1.00it/s, loss=0.0255]
Epoch 36:  64%|######....| 377/585 [00:06:17<00:03:28,  1.00it/s, loss=0.0260]
Epoch 36:  65%|######....| 382/585 [00:06:22<00:03:23,  1.00it/s, loss=0.0259]
Epoch 36:  66%|######....| 387/585 [00:06:28<00:03:18,  1.00it/s, loss=0.0260]
Epoch 36:  67%|######....| 392/585 [00:06:33<00:03:13,  1.00it/s, loss=0.0260]
Epoch 36:  68%|######....| 397/585 [00:06:38<00:03:08,  1.00it/s, loss=0.0260]
Epoch 36:  69%|######....| 402/585 [00:06:44<00:03:04,  0.99it/s, loss=0.0260]
Epoch 36:  70%|######....| 407/585 [00:06:49<00:02:59,  0.99it/s, loss=0.0260]
Epoch 36:  70%|#######...| 412/585 [00:06:54<00:02:54,  0.99it/s, loss=0.0260]
Epoch 36:  71%|#######...| 418/585 [00:07:00<00:02:47,  0.99it/s, loss=0.0260]
Epoch 36:  72%|#######...| 424/585 [00:07:05<00:02:41,  1.00it/s, loss=0.0260]
Epoch 36:  73%|#######...| 429/585 [00:07:10<00:02:36,  1.00it/s, loss=0.0259]
Epoch 36:  74%|#######...| 435/585 [00:07:17<00:02:30,  1.00it/s, loss=0.0261]
Epoch 36:  75%|#######...| 440/585 [00:07:22<00:02:25,  0.99it/s, loss=0.0261]
Epoch 36:  76%|#######...| 445/585 [00:07:27<00:02:20,  0.99it/s, loss=0.0261]
Epoch 36:  77%|#######...| 450/585 [00:07:32<00:02:15,  0.99it/s, loss=0.0261]
Epoch 36:  78%|#######...| 456/585 [00:07:37<00:02:09,  1.00it/s, loss=0.0261]
Epoch 36:  79%|#######...| 462/585 [00:07:44<00:02:03,  0.99it/s, loss=0.0260]
Epoch 36:  80%|########..| 468/585 [00:07:50<00:01:57,  0.99it/s, loss=0.0260]
Epoch 36:  81%|########..| 474/585 [00:07:56<00:01:51,  1.00it/s, loss=0.0260]
Epoch 36:  82%|########..| 480/585 [00:08:02<00:01:45,  0.99it/s, loss=0.0259]
Epoch 36:  83%|########..| 485/585 [00:08:07<00:01:40,  0.99it/s, loss=0.0259]
Epoch 36:  84%|########..| 491/585 [00:08:13<00:01:34,  1.00it/s, loss=0.0258]
Epoch 36:  85%|########..| 496/585 [00:08:18<00:01:29,  0.99it/s, loss=0.0258]
Epoch 36:  86%|########..| 501/585 [00:08:24<00:01:24,  0.99it/s, loss=0.0258]
Epoch 36:  86%|########..| 506/585 [00:08:29<00:01:19,  0.99it/s, loss=0.0257]
Epoch 36:  87%|########..| 510/585 [00:08:34<00:01:15,  0.99it/s, loss=0.0257]
Epoch 36:  88%|########..| 515/585 [00:08:39<00:01:10,  0.99it/s, loss=0.0257]
Epoch 36:  89%|########..| 520/585 [00:08:45<00:01:05,  0.99it/s, loss=0.0257]
Epoch 36:  90%|########..| 526/585 [00:08:51<00:00:59,  0.99it/s, loss=0.0257]
Epoch 36:  91%|#########.| 532/585 [00:08:57<00:00:53,  0.99it/s, loss=0.0256]
Epoch 36:  92%|#########.| 538/585 [00:09:02<00:00:47,  0.99it/s, loss=0.0256]
Epoch 36:  93%|#########.| 544/585 [00:09:07<00:00:41,  0.99it/s, loss=0.0256]
Epoch 36:  94%|#########.| 550/585 [00:09:13<00:00:35,  0.99it/s, loss=0.0256]
Epoch 36:  95%|#########.| 556/585 [00:09:19<00:00:29,  0.99it/s, loss=0.0255]
Epoch 36:  96%|#########.| 562/585 [00:09:24<00:00:23,  0.99it/s, loss=0.0256]
Epoch 36:  97%|#########.| 568/585 [00:09:30<00:00:17,  0.99it/s, loss=0.0255]
Epoch 36:  98%|#########.| 572/585 [00:09:36<00:00:13,  0.99it/s, loss=0.0255]
Epoch 36:  99%|#########.| 578/585 [00:09:42<00:00:07,  0.99it/s, loss=0.0255]
Epoch 36: 100%|#########.| 584/585 [00:09:47<00:00:01,  0.99it/s, loss=0.0255]
Epoch 36: 100%|##########| 585/585 [00:09:48<00:00:00,  0.99it/s, loss=0.0254]
Test loss: 0.0247, Test rmsae: 7.46deg
{"event": "epoch_complete", "epoch": 36, "phase": 2, "lr": 1e-05, "batch_size": 10, "micro_batch_size": 1, "train_loss": 0.025448561856188837, "val_loss": 0.024703015049453825, "val_rmsae_deg": 7.458782404661179, "epoch_time_s": 589.0166995750005}
Epoch 37/80:
Epoch 37:   1%|..........| 5/585 [00:00:05<00:10:24,  0.93it/s, loss=0.0276]
Epoch 37:   2%|..........| 11/585 [00:00:11<00:09:41,  0.99it/s, loss=0.0250]
Epoch 37:   3%|..........| 16/585 [00:00:16<00:09:34,  0.99it/s, loss=0.0243]
Epoch 37:   4%|..........| 21/585 [00:00:21<00:09:28,  0.99it/s, loss=0.0243]
Epoch 37:   5%|..........| 27/585 [00:00:27<00:09:19,  1.00it/s, loss=0.0238]
Epoch 37:   5%|..........| 32/585 [00:00:32<00:09:23,  0.98it/s, loss=0.0239]
Epoch 37:   6%|..........| 37/585 [00:00:37<00:09:19,  0.98it/s, loss=0.0241]
Epoch 37:   7%|..........| 42/585 [00:00:43<00:09:26,  0.96it/s, loss=0.0240]
Epoch 37:   8%|..........| 48/585 [00:00:49<00:09:11,  0.97it/s, loss=0.0237]
Epoch 37:   9%|..........| 54/585 [00:00:54<00:08:59,  0.98it/s, loss=0.0235]
Epoch 37:  10%|#.........| 60/585 [00:01:00<00:08:51,  0.99it/s, loss=0.0235]
Epoch 37:  11%|#.........| 65/585 [00:01:06<00:08:49,  0.98it/s, loss=0.0236]
Epoch 37:  12%|#.........| 69/585 [00:01:11<00:08:54,  0.97it/s, loss=0.0234]
Epoch 37:  13%|#.........| 75/585 [00:01:16<00:08:41,  0.98it/s, loss=0.0233]
Epoch 37:  14%|#.........| 80/585 [00:01:22<00:08:40,  0.97it/s, loss=0.0234]
Epoch 37:  15%|#.........| 85/585 [00:01:28<00:08:40,  0.96it/s, loss=0.0236]
Epoch 37:  15%|#.........| 90/585 [00:01:33<00:08:34,  0.96it/s, loss=0.0236]
Epoch 37:  16%|#.........| 95/585 [00:01:38<00:08:28,  0.96it/s, loss=0.0235]
Epoch 37:  17%|#.........| 101/585 [00:01:44<00:08:19,  0.97it/s, loss=0.0233]
Epoch 37:  18%|#.........| 107/585 [00:01:50<00:08:11,  0.97it/s, loss=0.0234]
Epoch 37:  19%|#.........| 113/585 [00:01:56<00:08:06,  0.97it/s, loss=0.0237]
Epoch 37:  20%|##........| 119/585 [00:02:02<00:07:58,  0.97it/s, loss=0.0238]
Epoch 37:  21%|##........| 124/585 [00:02:07<00:07:52,  0.98it/s, loss=0.0250]
Epoch 37:  22%|##........| 129/585 [00:02:12<00:07:47,  0.98it/s, loss=0.0249]
Epoch 37:  23%|##........| 134/585 [00:02:17<00:07:43,  0.97it/s, loss=0.0250]
Epoch 37:  24%|##........| 139/585 [00:02:22<00:07:38,  0.97it/s, loss=0.0254]
Epoch 37:  25%|##........| 145/585 [00:02:28<00:07:30,  0.98it/s, loss=0.0253]
Epoch 37:  26%|##........| 151/585 [00:02:33<00:07:21,  0.98it/s, loss=0.0253]
Epoch 37:  27%|##........| 157/585 [00:02:39<00:07:15,  0.98it/s, loss=0.0253]
Epoch 37:  28%|##........| 163/585 [00:02:45<00:07:07,  0.99it/s, loss=0.0253]
Epoch 37:  29%|##........| 167/585 [00:02:50<00:07:07,  0.98it/s, loss=0.0253]
Epoch 37:  30%|##........| 173/585 [00:02:56<00:06:59,  0.98it/s, loss=0.0254]
Epoch 37:  31%|###.......| 179/585 [00:03:01<00:06:52,  0.98it/s, loss=0.0253]
Epoch 37:  31%|###.......| 184/585 [00:03:07<00:06:47,  0.98it/s, loss=0.0253]
Epoch 37:  32%|###.......| 189/585 [00:03:13<00:06:44,  0.98it/s, loss=0.0255]
Epoch 37:  33%|###.......| 194/585 [00:03:18<00:06:40,  0.98it/s, loss=0.0255]
Epoch 37:  34%|###.......| 200/585 [00:03:23<00:06:32,  0.98it/s, loss=0.0255]
Epoch 37:  35%|###.......| 205/585 [00:03:29<00:06:27,  0.98it/s, loss=0.0254]
Epoch 37:  36%|###.......| 211/585 [00:03:34<00:06:20,  0.98it/s, loss=0.0254]
Epoch 37:  37%|###.......| 217/585 [00:03:40<00:06:14,  0.98it/s, loss=0.0254]
Epoch 37:  38%|###.......| 223/585 [00:03:46<00:06:07,  0.99it/s, loss=0.0252]
Epoch 37:  39%|###.......| 229/585 [00:03:51<00:06:00,  0.99it/s, loss=0.0252]
Epoch 37:  40%|####......| 234/585 [00:03:56<00:05:54,  0.99it/s, loss=0.0252]
Epoch 37:  41%|####......| 240/585 [00:04:02<00:05:47,  0.99it/s, loss=0.0251]
Epoch 37:  42%|####......| 245/585 [00:04:07<00:05:42,  0.99it/s, loss=0.0251]
Epoch 37:  43%|####......| 251/585 [00:04:12<00:05:36,  0.99it/s, loss=0.0251]
Epoch 37:  44%|####......| 257/585 [00:04:18<00:05:30,  0.99it/s, loss=0.0251]
Epoch 37:  45%|####......| 262/585 [00:04:24<00:05:25,  0.99it/s, loss=0.0251]
Epoch 37:  46%|####......| 267/585 [00:04:29<00:05:21,  0.99it/s, loss=0.0251]
Epoch 37:  47%|####......| 273/585 [00:04:35<00:05:14,  0.99it/s, loss=0.0251]
Epoch 37:  48%|####......| 279/585 [00:04:40<00:05:07,  0.99it/s, loss=0.0251]
Epoch 37:  49%|####......| 285/585 [00:04:46<00:05:01,  0.99it/s, loss=0.0251]
Epoch 37:  50%|####......| 291/585 [00:04:51<00:04:55,  1.00it/s, loss=0.0251]
Epoch 37:  51%|#####.....| 297/585 [00:04:57<00:04:48,  1.00it/s, loss=0.0250]
Epoch 37:  52%|#####.....| 303/585 [00:05:03<00:04:42,  1.00it/s, loss=0.0250]
Epoch 37:  53%|#####.....| 309/585 [00:05:09<00:04:36,  1.00it/s, loss=0.0250]
Epoch 37:  54%|#####.....| 314/585 [00:05:14<00:04:31,  1.00it/s, loss=0.0250]
Epoch 37:  55%|#####.....| 320/585 [00:05:19<00:04:24,  1.00it/s, loss=0.0250]
Epoch 37:  56%|#####.....| 326/585 [00:05:25<00:04:18,  1.00it/s, loss=0.0250]
Epoch 37:  57%|#####.....| 331/585 [00:05:30<00:04:13,  1.00it/s, loss=0.0250]
Epoch 37:  58%|#####.....| 337/585 [00:05:36<00:04:07,  1.00it/s, loss=0.0250]
Epoch 37:  59%|#####.....| 343/585 [00:05:41<00:04:01,  1.00it/s, loss=0.0249]
Epoch 37:  60%|#####.....| 349/585 [00:05:47<00:03:55,  1.00it/s, loss=0.0249]
Epoch 37:  61%|######....| 354/585 [00:05:53<00:03:50,  1.00it/s, loss=0.0249]
Epoch 37:  62%|######....| 360/585 [00:05:58<00:03:44,  1.00it/s, loss=0.0249]
Epoch 37:  62%|######....| 365/585 [00:06:04<00:03:39,  1.00it/s, loss=0.0250]
Epoch 37:  63%|######....| 371/585 [00:06:10<00:03:33,  1.00it/s, loss=0.0249]
Epoch 37:  64%|######....| 376/585 [00:06:15<00:03:28,  1.00it/s, loss=0.0250]
Epoch 37:  65%|######....| 382/585 [00:06:20<00:03:22,  1.00it/s, loss=0.0250]
Epoch 37:  66%|######....| 387/585 [00:06:25<00:03:17,  1.00it/s, loss=0.0250]
Epoch 37:  67%|######....| 392/585 [00:06:31<00:03:12,  1.00it/s, loss=0.0250]
Epoch 37:  68%|######....| 397/585 [00:06:37<00:03:08,  1.00it/s, loss=0.0249]
Epoch 37:  69%|######....| 403/585 [00:06:42<00:03:01,  1.00it/s, loss=0.0249]
Epoch 37:  70%|######....| 409/585 [00:06:48<00:02:55,  1.00it/s, loss=0.0248]
Epoch 37:  71%|#######...| 415/585 [00:06:54<00:02:49,  1.00it/s, loss=0.0248]
Epoch 37:  72%|#######...| 420/585 [00:06:59<00:02:44,  1.00it/s, loss=0.0248]
Epoch 37:  73%|#######...| 426/585 [00:07:04<00:02:38,  1.00it/s, loss=0.0247]
Epoch 37:  74%|#######...| 431/585 [00:07:10<00:02:33,  1.00it/s, loss=0.0248]
Epoch 37:  75%|#######...| 436/585 [00:07:16<00:02:29,  1.00it/s, loss=0.0247]
Epoch 37:  76%|#######...| 442/585 [00:07:21<00:02:22,  1.00it/s, loss=0.0247]
Epoch 37:  77%|#######...| 448/585 [00:07:27<00:02:16,  1.00it/s, loss=0.0247]
Epoch 37:  78%|#######...| 454/585 [00:07:32<00:02:10,  1.00it/s, loss=0.0246]
Epoch 37:  79%|#######...| 460/585 [00:07:38<00:02:04,  1.00it/s, loss=0.0246]
Epoch 37:  79%|#######...| 465/585 [00:07:43<00:01:59,  1.00it/s, loss=0.0246]
Epoch 37:  81%|########..| 471/585 [00:07:49<00:01:53,  1.00it/s, loss=0.0247]
Epoch 37:  82%|########..| 477/585 [00:07:54<00:01:47,  1.00it/s, loss=0.0248]
Epoch 37:  82%|########..| 482/585 [00:07:59<00:01:42,  1.00it/s, loss=0.0248]
Epoch 37:  83%|########..| 486/585 [00:08:06<00:01:39,  1.00it/s, loss=0.0248]
Epoch 37:  84%|########..| 492/585 [00:08:11<00:01:32,  1.00it/s, loss=0.0248]
Epoch 37:  85%|########..| 497/585 [00:08:16<00:01:27,  1.00it/s, loss=0.0248]
Epoch 37:  86%|########..| 502/585 [00:08:21<00:01:22,  1.00it/s, loss=0.0248]
Epoch 37:  87%|########..| 508/585 [00:08:27<00:01:16,  1.00it/s, loss=0.0248]
Epoch 37:  88%|########..| 514/585 [00:08:33<00:01:10,  1.00it/s, loss=0.0248]
Epoch 37:  89%|########..| 520/585 [00:08:38<00:01:04,  1.00it/s, loss=0.0248]
Epoch 37:  90%|########..| 526/585 [00:08:43<00:00:58,  1.00it/s, loss=0.0247]
Epoch 37:  91%|#########.| 532/585 [00:08:50<00:00:52,  1.00it/s, loss=0.0247]
Epoch 37:  92%|#########.| 537/585 [00:08:55<00:00:47,  1.00it/s, loss=0.0247]
Epoch 37:  93%|#########.| 543/585 [00:09:00<00:00:41,  1.00it/s, loss=0.0247]
Epoch 37:  94%|#########.| 548/585 [00:09:06<00:00:36,  1.00it/s, loss=0.0247]
Epoch 37:  95%|#########.| 553/585 [00:09:11<00:00:31,  1.00it/s, loss=0.0247]
Epoch 37:  96%|#########.| 559/585 [00:09:17<00:00:25,  1.00it/s, loss=0.0247]
Epoch 37:  97%|#########.| 565/585 [00:09:22<00:00:19,  1.00it/s, loss=0.0247]
Epoch 37:  98%|#########.| 571/585 [00:09:28<00:00:13,  1.00it/s, loss=0.0247]
Epoch 37:  98%|#########.| 576/585 [00:09:34<00:00:08,  1.00it/s, loss=0.0247]
Epoch 37:  99%|#########.| 581/585 [00:09:39<00:00:03,  1.00it/s, loss=0.0248]
Epoch 37: 100%|##########| 585/585 [00:09:44<00:00:00,  1.00it/s, loss=0.0248]
Test loss: 0.0247, Test rmsae: 7.49deg
{"event": "epoch_complete", "epoch": 37, "phase": 2, "lr": 1e-05, "batch_size": 10, "micro_batch_size": 1, "train_loss": 0.02475829111555448, "val_loss": 0.024716961255762726, "val_rmsae_deg": 7.494062781333923, "epoch_time_s": 584.9864942590029}
Epoch 38/80:
Epoch 38:   1%|..........| 5/585 [00:00:05<00:09:54,  0.97it/s, loss=0.0221]
Epoch 38:   2%|..........| 10/585 [00:00:10<00:09:52,  0.97it/s, loss=0.0256]
Epoch 38:   3%|..........| 16/585 [00:00:16<00:09:36,  0.99it/s, loss=0.0252]
Epoch 38:   4%|..........| 21/585 [00:00:21<00:09:31,  0.99it/s, loss=0.0257]
Epoch 38:   5%|..........| 27/585 [00:00:27<00:09:18,  1.00it/s, loss=0.0256]
Epoch 38:   6%|..........| 33/585 [00:00:32<00:09:04,  1.01it/s, loss=0.0263]
Epoch 38:   6%|..........| 38/585 [00:00:37<00:09:02,  1.01it/s, loss=0.0257]
Epoch 38:   7%|..........| 43/585 [00:00:42<00:09:01,  1.00it/s, loss=0.0255]
Epoch 38:   8%|..........| 48/585 [00:00:48<00:08:58,  1.00it/s, loss=0.0256]
Epoch 38:   9%|..........| 54/585 [00:00:53<00:08:43,  1.01it/s, loss=0.0253]
Epoch 38:  10%|#.........| 60/585 [00:00:58<00:08:34,  1.02it/s, loss=0.0253]
Epoch 38:  11%|#.........| 65/585 [00:01:04<00:08:36,  1.01it/s, loss=0.0253]
Epoch 38:  12%|#.........| 70/585 [00:01:09<00:08:31,  1.01it/s, loss=0.0251]
Epoch 38:  13%|#.........| 75/585 [00:01:14<00:08:27,  1.00it/s, loss=0.0252]
Epoch 38:  14%|#.........| 80/585 [00:01:20<00:08:25,  1.00it/s, loss=0.0254]
Epoch 38:  15%|#.........| 86/585 [00:01:25<00:08:17,  1.00it/s, loss=0.0255]
Epoch 38:  16%|#.........| 92/585 [00:01:31<00:08:10,  1.01it/s, loss=0.0254]
Epoch 38:  17%|#.........| 97/585 [00:01:37<00:08:09,  1.00it/s, loss=0.0254]
Epoch 38:  18%|#.........| 103/585 [00:01:42<00:07:59,  1.01it/s, loss=0.0252]
Epoch 38:  19%|#.........| 109/585 [00:01:48<00:07:52,  1.01it/s, loss=0.0250]
Epoch 38:  19%|#.........| 114/585 [00:01:53<00:07:49,  1.00it/s, loss=0.0249]
Epoch 38:  20%|##........| 119/585 [00:01:58<00:07:45,  1.00it/s, loss=0.0248]
Epoch 38:  21%|##........| 125/585 [00:02:04<00:07:38,  1.00it/s, loss=0.0249]
Epoch 38:  22%|##........| 131/585 [00:02:10<00:07:30,  1.01it/s, loss=0.0247]
Epoch 38:  23%|##........| 137/585 [00:02:15<00:07:24,  1.01it/s, loss=0.0246]
Epoch 38:  24%|##........| 142/585 [00:02:21<00:07:20,  1.01it/s, loss=0.0246]
Epoch 38:  25%|##........| 147/585 [00:02:26<00:07:16,  1.00it/s, loss=0.0246]
Epoch 38:  26%|##........| 152/585 [00:02:32<00:07:13,  1.00it/s, loss=0.0248]
Epoch 38:  27%|##........| 158/585 [00:02:38<00:07:07,  1.00it/s, loss=0.0247]
Epoch 38:  28%|##........| 163/585 [00:02:43<00:07:02,  1.00it/s, loss=0.0249]
Epoch 38:  29%|##........| 169/585 [00:02:48<00:06:55,  1.00it/s, loss=0.0247]
Epoch 38:  30%|##........| 175/585 [00:02:54<00:06:48,  1.00it/s, loss=0.0246]
Epoch 38:  31%|###.......| 181/585 [00:02:59<00:06:40,  1.01it/s, loss=0.0246]
Epoch 38:  32%|###.......| 187/585 [00:03:05<00:06:34,  1.01it/s, loss=0.0245]
Epoch 38:  33%|###.......| 192/585 [00:03:10<00:06:30,  1.01it/s, loss=0.0246]
Epoch 38:  34%|###.......| 198/585 [00:03:15<00:06:22,  1.01it/s, loss=0.0245]
Epoch 38:  35%|###.......| 204/585 [00:03:21<00:06:16,  1.01it/s, loss=0.0243]
Epoch 38:  36%|###.......| 210/585 [00:03:27<00:06:10,  1.01it/s, loss=0.0243]
Epoch 38:  37%|###.......| 215/585 [00:03:33<00:06:06,  1.01it/s, loss=0.0243]
Epoch 38:  37%|###.......| 219/585 [00:03:38<00:06:05,  1.00it/s, loss=0.0245]
Epoch 38:  38%|###.......| 225/585 [00:03:44<00:05:58,  1.00it/s, loss=0.0245]
Epoch 38:  39%|###.......| 231/585 [00:03:49<00:05:51,  1.01it/s, loss=0.0245]
Epoch 38:  41%|####......| 237/585 [00:03:54<00:05:44,  1.01it/s, loss=0.0245]
Epoch 38:  42%|####......| 243/585 [00:04:00<00:05:38,  1.01it/s, loss=0.0245]
Epoch 38:  43%|####......| 249/585 [00:04:06<00:05:31,  1.01it/s, loss=0.0244]
Epoch 38:  44%|####......| 255/585 [00:04:11<00:05:25,  1.01it/s, loss=0.0244]
Epoch 38:  44%|####......| 260/585 [00:04:16<00:05:20,  1.01it/s, loss=0.0244]
Epoch 38:  45%|####......| 266/585 [00:04:22<00:05:14,  1.01it/s, loss=0.0244]
Epoch 38:  46%|####......| 271/585 [00:04:27<00:05:09,  1.01it/s, loss=0.0244]
Epoch 38:  47%|####......| 277/585 [00:04:33<00:05:03,  1.01it/s, loss=0.0243]
Epoch 38:  48%|####......| 283/585 [00:04:38<00:04:57,  1.01it/s, loss=0.0243]
Epoch 38:  49%|####......| 289/585 [00:04:44<00:04:50,  1.02it/s, loss=0.0243]
Epoch 38:  50%|#####.....| 295/585 [00:04:49<00:04:44,  1.02it/s, loss=0.0243]
Epoch 38:  51%|#####.....| 301/585 [00:04:54<00:04:38,  1.02it/s, loss=0.0243]
Epoch 38:  52%|#####.....| 306/585 [00:04:59<00:04:33,  1.02it/s, loss=0.0243]
Epoch 38:  53%|#####.....| 312/585 [00:05:05<00:04:26,  1.02it/s, loss=0.0243]
Epoch 38:  54%|#####.....| 317/585 [00:05:11<00:04:22,  1.02it/s, loss=0.0243]
Epoch 38:  55%|#####.....| 323/585 [00:05:17<00:04:17,  1.02it/s, loss=0.0243]
Epoch 38:  56%|#####.....| 329/585 [00:05:22<00:04:11,  1.02it/s, loss=0.0243]
Epoch 38:  57%|#####.....| 334/585 [00:05:28<00:04:06,  1.02it/s, loss=0.0243]
Epoch 38:  58%|#####.....| 340/585 [00:05:34<00:04:01,  1.02it/s, loss=0.0244]
Epoch 38:  59%|#####.....| 346/585 [00:05:40<00:03:54,  1.02it/s, loss=0.0244]
Epoch 38:  60%|######....| 352/585 [00:05:45<00:03:48,  1.02it/s, loss=0.0244]
Epoch 38:  61%|######....| 357/585 [00:05:50<00:03:44,  1.02it/s, loss=0.0244]
Epoch 38:  62%|######....| 363/585 [00:05:56<00:03:38,  1.02it/s, loss=0.0245]
Epoch 38:  63%|######....| 369/585 [00:06:02<00:03:31,  1.02it/s, loss=0.0245]
Epoch 38:  64%|######....| 374/585 [00:06:07<00:03:27,  1.02it/s, loss=0.0245]
Epoch 38:  65%|######....| 380/585 [00:06:12<00:03:21,  1.02it/s, loss=0.0245]
Epoch 38:  66%|######....| 385/585 [00:06:18<00:03:16,  1.02it/s, loss=0.0245]
Epoch 38:  67%|######....| 390/585 [00:06:23<00:03:11,  1.02it/s, loss=0.0245]
Epoch 38:  68%|######....| 396/585 [00:06:29<00:03:05,  1.02it/s, loss=0.0245]
Epoch 38:  69%|######....| 402/585 [00:06:34<00:02:59,  1.02it/s, loss=0.0245]
Epoch 38:  70%|######....| 408/585 [00:06:39<00:02:53,  1.02it/s, loss=0.0245]
Epoch 38:  71%|#######...| 413/585 [00:06:45<00:02:48,  1.02it/s, loss=0.0246]
Epoch 38:  71%|#######...| 418/585 [00:06:50<00:02:44,  1.02it/s, loss=0.0246]
Epoch 38:  72%|#######...| 424/585 [00:06:56<00:02:38,  1.02it/s, loss=0.0246]
Epoch 38:  73%|#######...| 429/585 [00:07:01<00:02:33,  1.02it/s, loss=0.0246]
Epoch 38:  74%|#######...| 435/585 [00:07:07<00:02:27,  1.02it/s, loss=0.0247]
Epoch 38:  75%|#######...| 441/585 [00:07:13<00:02:21,  1.02it/s, loss=0.0246]
Epoch 38:  76%|#######...| 447/585 [00:07:19<00:02:15,  1.02it/s, loss=0.0246]
Epoch 38:  77%|#######...| 453/585 [00:07:25<00:02:09,  1.02it/s, loss=0.0246]
Epoch 38:  78%|#######...| 459/585 [00:07:30<00:02:03,  1.02it/s, loss=0.0246]
Epoch 38:  79%|#######...| 464/585 [00:07:36<00:01:59,  1.02it/s, loss=0.0247]
Epoch 38:  80%|########..| 470/585 [00:07:42<00:01:53,  1.02it/s, loss=0.0247]
Epoch 38:  81%|########..| 476/585 [00:07:47<00:01:47,  1.02it/s, loss=0.0247]
Epoch 38:  82%|########..| 482/585 [00:07:52<00:01:41,  1.02it/s, loss=0.0247]
Epoch 38:  83%|########..| 488/585 [00:07:58<00:01:35,  1.02it/s, loss=0.0247]
Epoch 38:  84%|########..| 494/585 [00:08:04<00:01:29,  1.02it/s, loss=0.0248]
Epoch 38:  85%|########..| 500/585 [00:08:10<00:01:23,  1.02it/s, loss=0.0248]
Epoch 38:  86%|########..| 505/585 [00:08:15<00:01:18,  1.02it/s, loss=0.0248]
Epoch 38:  87%|########..| 511/585 [00:08:21<00:01:12,  1.02it/s, loss=0.0248]
Epoch 38:  88%|########..| 517/585 [00:08:26<00:01:06,  1.02it/s, loss=0.0248]
Epoch 38:  89%|########..| 522/585 [00:08:31<00:01:01,  1.02it/s, loss=0.0248]
Epoch 38:  90%|#########.| 528/585 [00:08:37<00:00:55,  1.02it/s, loss=0.0248]
Epoch 38:  91%|#########.| 534/585 [00:08:43<00:00:49,  1.02it/s, loss=0.0248]
Epoch 38:  92%|#########.| 540/585 [00:08:48<00:00:44,  1.02it/s, loss=0.0248]
Epoch 38:  93%|#########.| 544/585 [00:08:54<00:00:40,  1.02it/s, loss=0.0248]
Epoch 38:  94%|#########.| 550/585 [00:08:59<00:00:34,  1.02it/s, loss=0.0248]
Epoch 38:  95%|#########.| 555/585 [00:09:04<00:00:29,  1.02it/s, loss=0.0248]
Epoch 38:  96%|#########.| 560/585 [00:09:10<00:00:24,  1.02it/s, loss=0.0248]
Epoch 38:  97%|#########.| 566/585 [00:09:15<00:00:18,  1.02it/s, loss=0.0248]
Epoch 38:  98%|#########.| 572/585 [00:09:21<00:00:12,  1.02it/s, loss=0.0248]
Epoch 38:  99%|#########.| 578/585 [00:09:26<00:00:06,  1.02it/s, loss=0.0248]
Epoch 38: 100%|#########.| 584/585 [00:09:32<00:00:00,  1.02it/s, loss=0.0248]
Epoch 38: 100%|##########| 585/585 [00:09:33<00:00:00,  1.02it/s, loss=0.0248]
Test loss: 0.0247, Test rmsae: 7.46deg
{"event": "epoch_complete", "epoch": 38, "phase": 2, "lr": 1e-05, "batch_size": 10, "micro_batch_size": 1, "train_loss": 0.02481897118795886, "val_loss": 0.024668911180924624, "val_rmsae_deg": 7.457894414663315, "epoch_time_s": 574.3705268229969}
Epoch 39/80:
Epoch 39:   1%|..........| 6/585 [00:00:05<00:09:06,  1.06it/s, loss=0.0289]
Epoch 39:   2%|..........| 11/585 [00:00:11<00:09:41,  0.99it/s, loss=0.0260]
Epoch 39:   3%|..........| 17/585 [00:00:16<00:09:22,  1.01it/s, loss=0.0254]
Epoch 39:   4%|..........| 23/585 [00:00:22<00:09:05,  1.03it/s, loss=0.0248]
Epoch 39:   5%|..........| 29/585 [00:00:28<00:08:59,  1.03it/s, loss=0.0244]
Epoch 39:   6%|..........| 35/585 [00:00:33<00:08:50,  1.04it/s, loss=0.0246]
Epoch 39:   7%|..........| 41/585 [00:00:39<00:08:40,  1.05it/s, loss=0.0244]
Epoch 39:   8%|..........| 47/585 [00:00:44<00:08:33,  1.05it/s, loss=0.0242]
Epoch 39:   9%|..........| 52/585 [00:00:50<00:08:33,  1.04it/s, loss=0.0240]
Epoch 39:  10%|..........| 56/585 [00:00:55<00:08:43,  1.01it/s, loss=0.0243]
Epoch 39:  10%|#.........| 61/585 [00:01:00<00:08:40,  1.01it/s, loss=0.0243]
Epoch 39:  11%|#.........| 66/585 [00:01:06<00:08:39,  1.00it/s, loss=0.0242]
Epoch 39:  12%|#.........| 72/585 [00:01:11<00:08:30,  1.01it/s, loss=0.0241]
Epoch 39:  13%|#.........| 78/585 [00:01:17<00:08:21,  1.01it/s, loss=0.0247]
Epoch 39:  14%|#.........| 84/585 [00:01:22<00:08:11,  1.02it/s, loss=0.0247]
Epoch 39:  15%|#.........| 90/585 [00:01:27<00:08:02,  1.02it/s, loss=0.0248]
Epoch 39:  16%|#.........| 96/585 [00:01:33<00:07:55,  1.03it/s, loss=0.0248]
Epoch 39:  17%|#.........| 102/585 [00:01:38<00:07:47,  1.03it/s, loss=0.0247]
Epoch 39:  18%|#.........| 107/585 [00:01:43<00:07:44,  1.03it/s, loss=0.0246]
Epoch 39:  19%|#.........| 112/585 [00:01:49<00:07:42,  1.02it/s, loss=0.0245]
Epoch 39:  20%|##........| 118/585 [00:01:55<00:07:35,  1.02it/s, loss=0.0244]
Epoch 39:  21%|##........| 124/585 [00:02:00<00:07:29,  1.03it/s, loss=0.0245]
Epoch 39:  22%|##........| 129/585 [00:02:06<00:07:27,  1.02it/s, loss=0.0244]
Epoch 39:  23%|##........| 135/585 [00:02:12<00:07:21,  1.02it/s, loss=0.0246]
Epoch 39:  24%|##........| 141/585 [00:02:17<00:07:14,  1.02it/s, loss=0.0246]
Epoch 39:  25%|##........| 147/585 [00:02:23<00:07:07,  1.02it/s, loss=0.0246]
Epoch 39:  26%|##........| 153/585 [00:02:28<00:07:00,  1.03it/s, loss=0.0247]
Epoch 39:  27%|##........| 159/585 [00:02:33<00:06:52,  1.03it/s, loss=0.0247]
Epoch 39:  28%|##........| 165/585 [00:02:40<00:06:48,  1.03it/s, loss=0.0247]
Epoch 39:  29%|##........| 170/585 [00:02:45<00:06:44,  1.03it/s, loss=0.0246]
Epoch 39:  30%|##........| 175/585 [00:02:50<00:06:40,  1.02it/s, loss=0.0246]
Epoch 39:  31%|###.......| 180/585 [00:02:56<00:06:37,  1.02it/s, loss=0.0246]
Epoch 39:  32%|###.......| 186/585 [00:03:01<00:06:30,  1.02it/s, loss=0.0245]
Epoch 39:  33%|###.......| 191/585 [00:03:07<00:06:26,  1.02it/s, loss=0.0245]
Epoch 39:  34%|###.......| 197/585 [00:03:13<00:06:20,  1.02it/s, loss=0.0244]
Epoch 39:  35%|###.......| 203/585 [00:03:18<00:06:13,  1.02it/s, loss=0.0245]
Epoch 39:  36%|###.......| 209/585 [00:03:24<00:06:07,  1.02it/s, loss=0.0244]
Epoch 39:  37%|###.......| 214/585 [00:03:29<00:06:03,  1.02it/s, loss=0.0244]
Epoch 39:  38%|###.......| 220/585 [00:03:34<00:05:56,  1.02it/s, loss=0.0243]
Epoch 39:  39%|###.......| 226/585 [00:03:40<00:05:50,  1.02it/s, loss=0.0244]
Epoch 39:  40%|###.......| 232/585 [00:03:46<00:05:43,  1.03it/s, loss=0.0242]
Epoch 39:  41%|####......| 237/585 [00:03:51<00:05:40,  1.02it/s, loss=0.0242]
Epoch 39:  42%|####......| 243/585 [00:03:57<00:05:33,  1.02it/s, loss=0.0242]
Epoch 39:  43%|####......| 249/585 [00:04:02<00:05:27,  1.03it/s, loss=0.0242]
Epoch 39:  43%|####......| 253/585 [00:04:08<00:05:25,  1.02it/s, loss=0.0245]
Epoch 39:  44%|####......| 258/585 [00:04:13<00:05:21,  1.02it/s, loss=0.0244]
Epoch 39:  45%|####......| 263/585 [00:04:19<00:05:17,  1.01it/s, loss=0.0244]
Epoch 39:  46%|####......| 269/585 [00:04:24<00:05:11,  1.02it/s, loss=0.0244]
Epoch 39:  47%|####......| 275/585 [00:04:30<00:05:04,  1.02it/s, loss=0.0244]
Epoch 39:  48%|####......| 280/585 [00:04:36<00:05:01,  1.01it/s, loss=0.0244]
Epoch 39:  49%|####......| 286/585 [00:04:41<00:04:54,  1.01it/s, loss=0.0244]
Epoch 39:  50%|####......| 292/585 [00:04:47<00:04:48,  1.02it/s, loss=0.0244]
Epoch 39:  51%|#####.....| 298/585 [00:04:52<00:04:41,  1.02it/s, loss=0.0244]
Epoch 39:  52%|#####.....| 304/585 [00:04:58<00:04:35,  1.02it/s, loss=0.0244]
Epoch 39:  53%|#####.....| 310/585 [00:05:04<00:04:29,  1.02it/s, loss=0.0246]
Epoch 39:  54%|#####.....| 315/585 [00:05:09<00:04:25,  1.02it/s, loss=0.0246]
Epoch 39:  55%|#####.....| 321/585 [00:05:15<00:04:19,  1.02it/s, loss=0.0245]
Epoch 39:  56%|#####.....| 327/585 [00:05:20<00:04:12,  1.02it/s, loss=0.0246]
Epoch 39:  57%|#####.....| 333/585 [00:05:25<00:04:06,  1.02it/s, loss=0.0246]
Epoch 39:  58%|#####.....| 338/585 [00:05:31<00:04:02,  1.02it/s, loss=0.0247]
Epoch 39:  59%|#####.....| 345/585 [00:05:37<00:03:54,  1.02it/s, loss=0.0247]
Epoch 39:  60%|#####.....| 350/585 [00:05:42<00:03:50,  1.02it/s, loss=0.0247]
Epoch 39:  61%|######....| 356/585 [00:05:48<00:03:44,  1.02it/s, loss=0.0247]
Epoch 39:  62%|######....| 362/585 [00:05:55<00:03:38,  1.02it/s, loss=0.0246]
Epoch 39:  63%|######....| 367/585 [00:06:00<00:03:34,  1.02it/s, loss=0.0246]
Epoch 39:  64%|######....| 372/585 [00:06:05<00:03:29,  1.02it/s, loss=0.0246]
Epoch 39:  64%|######....| 377/585 [00:06:11<00:03:24,  1.02it/s, loss=0.0246]
Epoch 39:  65%|######....| 382/585 [00:06:16<00:03:20,  1.01it/s, loss=0.0246]
Epoch 39:  66%|######....| 388/585 [00:06:22<00:03:14,  1.01it/s, loss=0.0246]
Epoch 39:  67%|######....| 393/585 [00:06:27<00:03:09,  1.01it/s, loss=0.0246]
Epoch 39:  68%|######....| 399/585 [00:06:33<00:03:03,  1.01it/s, loss=0.0246]
Epoch 39:  69%|######....| 404/585 [00:06:39<00:02:58,  1.01it/s, loss=0.0247]
Epoch 39:  70%|######....| 409/585 [00:06:45<00:02:54,  1.01it/s, loss=0.0247]
Epoch 39:  71%|#######...| 414/585 [00:06:50<00:02:49,  1.01it/s, loss=0.0247]
Epoch 39:  72%|#######...| 420/585 [00:06:56<00:02:43,  1.01it/s, loss=0.0247]
Epoch 39:  73%|#######...| 425/585 [00:07:01<00:02:38,  1.01it/s, loss=0.0247]
Epoch 39:  74%|#######...| 431/585 [00:07:06<00:02:32,  1.01it/s, loss=0.0246]
Epoch 39:  75%|#######...| 437/585 [00:07:12<00:02:26,  1.01it/s, loss=0.0247]
Epoch 39:  76%|#######...| 443/585 [00:07:17<00:02:20,  1.01it/s, loss=0.0246]
Epoch 39:  77%|#######...| 449/585 [00:07:23<00:02:14,  1.01it/s, loss=0.0246]
Epoch 39:  78%|#######...| 455/585 [00:07:28<00:02:08,  1.01it/s, loss=0.0246]
Epoch 39:  79%|#######...| 461/585 [00:07:34<00:02:02,  1.02it/s, loss=0.0246]
Epoch 39:  80%|#######...| 466/585 [00:07:39<00:01:57,  1.01it/s, loss=0.0246]
Epoch 39:  81%|########..| 472/585 [00:07:44<00:01:51,  1.02it/s, loss=0.0246]
Epoch 39:  82%|########..| 478/585 [00:07:50<00:01:45,  1.02it/s, loss=0.0247]
Epoch 39:  83%|########..| 484/585 [00:07:56<00:01:39,  1.02it/s, loss=0.0247]
Epoch 39:  84%|########..| 490/585 [00:08:02<00:01:33,  1.02it/s, loss=0.0247]
Epoch 39:  85%|########..| 495/585 [00:08:07<00:01:28,  1.02it/s, loss=0.0247]
Epoch 39:  86%|########..| 501/585 [00:08:12<00:01:22,  1.02it/s, loss=0.0247]
Epoch 39:  87%|########..| 507/585 [00:08:18<00:01:16,  1.02it/s, loss=0.0247]
Epoch 39:  88%|########..| 512/585 [00:08:23<00:01:11,  1.02it/s, loss=0.0247]
Epoch 39:  88%|########..| 517/585 [00:08:28<00:01:06,  1.02it/s, loss=0.0247]
Epoch 39:  89%|########..| 523/585 [00:08:33<00:01:00,  1.02it/s, loss=0.0247]
Epoch 39:  90%|#########.| 528/585 [00:08:39<00:00:56,  1.02it/s, loss=0.0247]
Epoch 39:  91%|#########.| 534/585 [00:08:44<00:00:50,  1.02it/s, loss=0.0247]
Epoch 39:  92%|#########.| 540/585 [00:08:50<00:00:44,  1.02it/s, loss=0.0246]
Epoch 39:  93%|#########.| 545/585 [00:08:55<00:00:39,  1.02it/s, loss=0.0247]
Epoch 39:  94%|#########.| 551/585 [00:09:00<00:00:33,  1.02it/s, loss=0.0246]
Epoch 39:  95%|#########.| 557/585 [00:09:06<00:00:27,  1.02it/s, loss=0.0246]
Epoch 39:  96%|#########.| 563/585 [00:09:12<00:00:21,  1.02it/s, loss=0.0246]
Epoch 39:  97%|#########.| 569/585 [00:09:17<00:00:15,  1.02it/s, loss=0.0246]
Epoch 39:  98%|#########.| 575/585 [00:09:23<00:00:09,  1.02it/s, loss=0.0246]
Epoch 39:  99%|#########.| 580/585 [00:09:28<00:00:04,  1.02it/s, loss=0.0246]
Epoch 39: 100%|##########| 585/585 [00:09:32<00:00:00,  1.02it/s, loss=0.0246]
Test loss: 0.0246, Test rmsae: 7.48deg
{"event": "epoch_complete", "epoch": 39, "phase": 2, "lr": 1e-05, "batch_size": 10, "micro_batch_size": 1, "train_loss": 0.024622866831337794, "val_loss": 0.024642624950502068, "val_rmsae_deg": 7.475392147898674, "epoch_time_s": 573.602669863998}
Epoch 40/80:
Epoch 40:   1%|..........| 6/585 [00:00:05<00:08:54,  1.08it/s, loss=0.0245]
Epoch 40:   2%|..........| 12/585 [00:00:11<00:09:27,  1.01it/s, loss=0.0237]
Epoch 40:   3%|..........| 18/585 [00:00:18<00:09:33,  0.99it/s, loss=0.0242]
Epoch 40:   4%|..........| 24/585 [00:00:23<00:09:10,  1.02it/s, loss=0.0239]
Epoch 40:   5%|..........| 30/585 [00:00:30<00:09:22,  0.99it/s, loss=0.0251]
Epoch 40:   6%|..........| 36/585 [00:00:36<00:09:19,  0.98it/s, loss=0.0253]
Epoch 40:   7%|..........| 41/585 [00:00:42<00:09:18,  0.97it/s, loss=0.0253]
Epoch 40:   8%|..........| 47/585 [00:00:47<00:09:03,  0.99it/s, loss=0.0250]
Epoch 40:   9%|..........| 53/585 [00:00:52<00:08:51,  1.00it/s, loss=0.0249]
Epoch 40:  10%|..........| 58/585 [00:00:58<00:08:53,  0.99it/s, loss=0.0256]
Epoch 40:  11%|#.........| 63/585 [00:01:04<00:08:51,  0.98it/s, loss=0.0259]
Epoch 40:  12%|#.........| 69/585 [00:01:09<00:08:39,  0.99it/s, loss=0.0257]
Epoch 40:  13%|#.........| 75/585 [00:01:15<00:08:30,  1.00it/s, loss=0.0262]
Epoch 40:  14%|#.........| 80/585 [00:01:20<00:08:29,  0.99it/s, loss=0.0261]
Epoch 40:  15%|#.........| 86/585 [00:01:26<00:08:21,  1.00it/s, loss=0.0262]
Epoch 40:  16%|#.........| 92/585 [00:01:32<00:08:14,  1.00it/s, loss=0.0259]
Epoch 40:  17%|#.........| 97/585 [00:01:37<00:08:10,  1.00it/s, loss=0.0259]
Epoch 40:  17%|#.........| 102/585 [00:01:42<00:08:05,  1.00it/s, loss=0.0258]
Epoch 40:  18%|#.........| 108/585 [00:01:47<00:07:56,  1.00it/s, loss=0.0258]
Epoch 40:  19%|#.........| 113/585 [00:01:53<00:07:52,  1.00it/s, loss=0.0258]
Epoch 40:  20%|##........| 118/585 [00:01:58<00:07:49,  0.99it/s, loss=0.0258]
Epoch 40:  21%|##........| 123/585 [00:02:03<00:07:44,  0.99it/s, loss=0.0257]
Epoch 40:  22%|##........| 129/585 [00:02:09<00:07:36,  1.00it/s, loss=0.0256]
Epoch 40:  23%|##........| 135/585 [00:02:14<00:07:29,  1.00it/s, loss=0.0255]
Epoch 40:  24%|##........| 140/585 [00:02:20<00:07:26,  1.00it/s, loss=0.0255]
Epoch 40:  25%|##........| 146/585 [00:02:26<00:07:20,  1.00it/s, loss=0.0255]
Epoch 40:  26%|##........| 151/585 [00:02:31<00:07:15,  1.00it/s, loss=0.0255]
Epoch 40:  27%|##........| 156/585 [00:02:37<00:07:12,  0.99it/s, loss=0.0255]
Epoch 40:  28%|##........| 162/585 [00:02:42<00:07:04,  1.00it/s, loss=0.0255]
Epoch 40:  29%|##........| 168/585 [00:02:48<00:06:57,  1.00it/s, loss=0.0253]
Epoch 40:  30%|##........| 174/585 [00:02:53<00:06:49,  1.00it/s, loss=0.0252]
Epoch 40:  30%|###.......| 178/585 [00:02:58<00:06:48,  1.00it/s, loss=0.0251]
Epoch 40:  31%|###.......| 183/585 [00:03:03<00:06:44,  0.99it/s, loss=0.0251]
Epoch 40:  32%|###.......| 187/585 [00:03:09<00:06:42,  0.99it/s, loss=0.0252]
Epoch 40:  33%|###.......| 193/585 [00:03:14<00:06:35,  0.99it/s, loss=0.0250]
Epoch 40:  34%|###.......| 199/585 [00:03:20<00:06:28,  0.99it/s, loss=0.0249]
Epoch 40:  35%|###.......| 205/585 [00:03:25<00:06:21,  1.00it/s, loss=0.0254]
Epoch 40:  36%|###.......| 211/585 [00:03:31<00:06:15,  1.00it/s, loss=0.0253]
Epoch 40:  37%|###.......| 216/585 [00:03:37<00:06:10,  0.99it/s, loss=0.0253]
Epoch 40:  38%|###.......| 222/585 [00:03:42<00:06:04,  1.00it/s, loss=0.0254]
Epoch 40:  39%|###.......| 228/585 [00:03:48<00:05:57,  1.00it/s, loss=0.0253]
Epoch 40:  40%|###.......| 233/585 [00:03:53<00:05:53,  1.00it/s, loss=0.0253]
Epoch 40:  41%|####......| 238/585 [00:04:00<00:05:50,  0.99it/s, loss=0.0252]
Epoch 40:  42%|####......| 244/585 [00:04:05<00:05:43,  0.99it/s, loss=0.0252]
Epoch 40:  43%|####......| 250/585 [00:04:10<00:05:36,  1.00it/s, loss=0.0251]
Epoch 40:  44%|####......| 256/585 [00:04:17<00:05:30,  0.99it/s, loss=0.0251]
Epoch 40:  45%|####......| 262/585 [00:04:22<00:05:23,  1.00it/s, loss=0.0251]
Epoch 40:  46%|####......| 268/585 [00:04:28<00:05:17,  1.00it/s, loss=0.0251]
Epoch 40:  47%|####......| 274/585 [00:04:33<00:05:10,  1.00it/s, loss=0.0250]
Epoch 40:  48%|####......| 280/585 [00:04:39<00:05:03,  1.00it/s, loss=0.0250]
Epoch 40:  49%|####......| 284/585 [00:04:44<00:05:01,  1.00it/s, loss=0.0250]
Epoch 40:  49%|####......| 289/585 [00:04:49<00:04:56,  1.00it/s, loss=0.0251]
Epoch 40:  50%|#####.....| 293/585 [00:04:54<00:04:53,  1.00it/s, loss=0.0251]
Epoch 40:  51%|#####.....| 298/585 [00:04:59<00:04:48,  0.99it/s, loss=0.0251]
Epoch 40:  52%|#####.....| 303/585 [00:05:05<00:04:44,  0.99it/s, loss=0.0250]
Epoch 40:  53%|#####.....| 309/585 [00:05:11<00:04:37,  0.99it/s, loss=0.0250]
Epoch 40:  54%|#####.....| 315/585 [00:05:17<00:04:31,  0.99it/s, loss=0.0250]
Epoch 40:  55%|#####.....| 320/585 [00:05:22<00:04:26,  0.99it/s, loss=0.0250]
Epoch 40:  56%|#####.....| 325/585 [00:05:27<00:04:22,  0.99it/s, loss=0.0251]
Epoch 40:  56%|#####.....| 330/585 [00:05:32<00:04:17,  0.99it/s, loss=0.0251]
Epoch 40:  57%|#####.....| 335/585 [00:05:37<00:04:12,  0.99it/s, loss=0.0251]
Epoch 40:  58%|#####.....| 341/585 [00:05:43<00:04:05,  0.99it/s, loss=0.0251]
Epoch 40:  59%|#####.....| 346/585 [00:05:49<00:04:01,  0.99it/s, loss=0.0251]
Epoch 40:  60%|######....| 352/585 [00:05:54<00:03:54,  0.99it/s, loss=0.0250]
Epoch 40:  61%|######....| 358/585 [00:06:00<00:03:48,  0.99it/s, loss=0.0250]
Epoch 40:  62%|######....| 364/585 [00:06:05<00:03:42,  0.99it/s, loss=0.0250]
Epoch 40:  63%|######....| 369/585 [00:06:11<00:03:37,  0.99it/s, loss=0.0250]
Epoch 40:  64%|######....| 375/585 [00:06:16<00:03:30,  1.00it/s, loss=0.0250]
Epoch 40:  65%|######....| 381/585 [00:06:22<00:03:24,  1.00it/s, loss=0.0250]
Epoch 40:  66%|######....| 387/585 [00:06:28<00:03:18,  1.00it/s, loss=0.0249]
Epoch 40:  67%|######....| 392/585 [00:06:33<00:03:13,  1.00it/s, loss=0.0250]
Epoch 40:  68%|######....| 397/585 [00:06:38<00:03:08,  1.00it/s, loss=0.0249]
Epoch 40:  69%|######....| 402/585 [00:06:44<00:03:04,  0.99it/s, loss=0.0251]
Epoch 40:  70%|######....| 408/585 [00:06:50<00:02:57,  1.00it/s, loss=0.0250]
Epoch 40:  71%|#######...| 413/585 [00:06:55<00:02:52,  0.99it/s, loss=0.0250]
Epoch 40:  72%|#######...| 419/585 [00:07:00<00:02:46,  1.00it/s, loss=0.0250]
Epoch 40:  73%|#######...| 425/585 [00:07:05<00:02:40,  1.00it/s, loss=0.0250]
Epoch 40:  74%|#######...| 431/585 [00:07:11<00:02:34,  1.00it/s, loss=0.0249]
Epoch 40:  75%|#######...| 436/585 [00:07:16<00:02:29,  1.00it/s, loss=0.0249]
Epoch 40:  75%|#######...| 441/585 [00:07:21<00:02:24,  1.00it/s, loss=0.0250]
Epoch 40:  76%|#######...| 446/585 [00:07:28<00:02:19,  0.99it/s, loss=0.0250]
Epoch 40:  77%|#######...| 452/585 [00:07:33<00:02:13,  1.00it/s, loss=0.0250]
Epoch 40:  78%|#######...| 457/585 [00:07:39<00:02:08,  1.00it/s, loss=0.0250]
Epoch 40:  79%|#######...| 462/585 [00:07:44<00:02:03,  1.00it/s, loss=0.0250]
Epoch 40:  80%|########..| 468/585 [00:07:49<00:01:57,  1.00it/s, loss=0.0250]
Epoch 40:  81%|########..| 474/585 [00:07:55<00:01:51,  1.00it/s, loss=0.0250]
Epoch 40:  82%|########..| 480/585 [00:08:01<00:01:45,  1.00it/s, loss=0.0249]
Epoch 40:  83%|########..| 486/585 [00:08:07<00:01:39,  1.00it/s, loss=0.0249]
Epoch 40:  84%|########..| 491/585 [00:08:13<00:01:34,  1.00it/s, loss=0.0249]
Epoch 40:  85%|########..| 497/585 [00:08:18<00:01:28,  1.00it/s, loss=0.0249]
Epoch 40:  86%|########..| 502/585 [00:08:23<00:01:23,  1.00it/s, loss=0.0249]
Epoch 40:  87%|########..| 508/585 [00:08:29<00:01:17,  1.00it/s, loss=0.0249]
Epoch 40:  88%|########..| 514/585 [00:08:34<00:01:11,  1.00it/s, loss=0.0250]
Epoch 40:  89%|########..| 519/585 [00:08:39<00:01:06,  1.00it/s, loss=0.0250]
Epoch 40:  90%|########..| 525/585 [00:08:45<00:01:00,  1.00it/s, loss=0.0250]
Epoch 40:  91%|#########.| 531/585 [00:08:51<00:00:54,  1.00it/s, loss=0.0250]
Epoch 40:  92%|#########.| 536/585 [00:08:56<00:00:49,  1.00it/s, loss=0.0250]
Epoch 40:  93%|#########.| 542/585 [00:09:02<00:00:43,  1.00it/s, loss=0.0249]
Epoch 40:  94%|#########.| 548/585 [00:09:07<00:00:36,  1.00it/s, loss=0.0249]
Epoch 40:  94%|#########.| 552/585 [00:09:13<00:00:33,  1.00it/s, loss=0.0251]
Epoch 40:  95%|#########.| 558/585 [00:09:19<00:00:27,  1.00it/s, loss=0.0251]
Epoch 40:  96%|#########.| 563/585 [00:09:24<00:00:22,  1.00it/s, loss=0.0251]
Epoch 40:  97%|#########.| 569/585 [00:09:30<00:00:16,  1.00it/s, loss=0.0251]
Epoch 40:  98%|#########.| 575/585 [00:09:36<00:00:10,  1.00it/s, loss=0.0250]
Epoch 40:  99%|#########.| 580/585 [00:09:42<00:00:05,  1.00it/s, loss=0.0250]
Epoch 40: 100%|##########| 585/585 [00:09:47<00:00:00,  1.00it/s, loss=0.0250]
Test loss: 0.0247, Test rmsae: 7.53deg
{"event": "epoch_complete", "epoch": 40, "phase": 2, "lr": 1e-05, "batch_size": 10, "micro_batch_size": 1, "train_loss": 0.02502215405146026, "val_loss": 0.024682906339876354, "val_rmsae_deg": 7.533673971891403, "epoch_time_s": 588.2699597520004}
{"event": "checkpoint_saved", "tag": "epoch_040", "epoch": 40, "path": "IFAN_Edge/outputs/stage3/ifan_stage3_long80_freqblock_paper_original_20260426_155330/checkpoints/epoch_040.pt"}
Epoch 41/80:
Epoch 41:   1%|..........| 5/585 [00:00:05<00:10:31,  0.92it/s, loss=0.0245]
Epoch 41:   2%|..........| 10/585 [00:00:10<00:10:05,  0.95it/s, loss=0.0251]
Epoch 41:   3%|..........| 15/585 [00:00:15<00:09:51,  0.96it/s, loss=0.0275]
Epoch 41:   3%|..........| 20/585 [00:00:20<00:09:45,  0.97it/s, loss=0.0279]
Epoch 41:   4%|..........| 26/585 [00:00:26<00:09:26,  0.99it/s, loss=0.0347]
Epoch 41:   5%|..........| 32/585 [00:00:32<00:09:16,  0.99it/s, loss=0.0322]
Epoch 41:   6%|..........| 38/585 [00:00:37<00:09:01,  1.01it/s, loss=0.0314]
Epoch 41:   8%|..........| 44/585 [00:00:43<00:08:50,  1.02it/s, loss=0.0302]
Epoch 41:   9%|..........| 50/585 [00:00:48<00:08:43,  1.02it/s, loss=0.0295]
Epoch 41:   9%|..........| 55/585 [00:00:54<00:08:42,  1.01it/s, loss=0.0290]
Epoch 41:  10%|#.........| 61/585 [00:01:00<00:08:37,  1.01it/s, loss=0.0287]
Epoch 41:  11%|#.........| 67/585 [00:01:05<00:08:30,  1.02it/s, loss=0.0283]
Epoch 41:  12%|#.........| 73/585 [00:01:11<00:08:21,  1.02it/s, loss=0.0280]
Epoch 41:  14%|#.........| 79/585 [00:01:16<00:08:10,  1.03it/s, loss=0.0277]
Epoch 41:  15%|#.........| 85/585 [00:01:22<00:08:04,  1.03it/s, loss=0.0274]
Epoch 41:  16%|#.........| 91/585 [00:01:28<00:07:57,  1.03it/s, loss=0.0272]
Epoch 41:  17%|#.........| 97/585 [00:01:33<00:07:49,  1.04it/s, loss=0.0269]
Epoch 41:  18%|#.........| 103/585 [00:01:39<00:07:43,  1.04it/s, loss=0.0267]
Epoch 41:  18%|#.........| 108/585 [00:01:44<00:07:41,  1.03it/s, loss=0.0268]
Epoch 41:  19%|#.........| 112/585 [00:01:49<00:07:43,  1.02it/s, loss=0.0267]
Epoch 41:  20%|##........| 117/585 [00:01:55<00:07:40,  1.02it/s, loss=0.0268]
Epoch 41:  21%|##........| 123/585 [00:02:00<00:07:33,  1.02it/s, loss=0.0267]
Epoch 41:  22%|##........| 129/585 [00:02:06<00:07:26,  1.02it/s, loss=0.0264]
Epoch 41:  23%|##........| 134/585 [00:02:11<00:07:23,  1.02it/s, loss=0.0263]
Epoch 41:  24%|##........| 140/585 [00:02:17<00:07:17,  1.02it/s, loss=0.0262]
Epoch 41:  25%|##........| 146/585 [00:02:22<00:07:09,  1.02it/s, loss=0.0259]
Epoch 41:  26%|##........| 152/585 [00:02:28<00:07:03,  1.02it/s, loss=0.0259]
Epoch 41:  27%|##........| 158/585 [00:02:34<00:06:57,  1.02it/s, loss=0.0260]
Epoch 41:  28%|##........| 164/585 [00:02:40<00:06:51,  1.02it/s, loss=0.0259]
Epoch 41:  29%|##........| 170/585 [00:02:46<00:06:45,  1.02it/s, loss=0.0259]
Epoch 41:  30%|##........| 174/585 [00:02:51<00:06:45,  1.01it/s, loss=0.0260]
Epoch 41:  30%|###.......| 178/585 [00:02:56<00:06:44,  1.01it/s, loss=0.0259]
Epoch 41:  31%|###.......| 183/585 [00:03:01<00:06:39,  1.01it/s, loss=0.0261]
Epoch 41:  32%|###.......| 188/585 [00:03:07<00:06:35,  1.01it/s, loss=0.0261]
Epoch 41:  33%|###.......| 193/585 [00:03:12<00:06:31,  1.00it/s, loss=0.0261]
Epoch 41:  34%|###.......| 199/585 [00:03:18<00:06:25,  1.00it/s, loss=0.0260]
Epoch 41:  35%|###.......| 205/585 [00:03:24<00:06:19,  1.00it/s, loss=0.0260]
Epoch 41:  36%|###.......| 211/585 [00:03:30<00:06:13,  1.00it/s, loss=0.0259]
Epoch 41:  37%|###.......| 216/585 [00:03:36<00:06:10,  1.00it/s, loss=0.0259]
Epoch 41:  38%|###.......| 222/585 [00:03:42<00:06:03,  1.00it/s, loss=0.0259]
Epoch 41:  39%|###.......| 228/585 [00:03:47<00:05:56,  1.00it/s, loss=0.0259]
Epoch 41:  40%|####......| 234/585 [00:03:53<00:05:50,  1.00it/s, loss=0.0259]
Epoch 41:  41%|####......| 240/585 [00:03:59<00:05:44,  1.00it/s, loss=0.0259]
Epoch 41:  42%|####......| 245/585 [00:04:04<00:05:39,  1.00it/s, loss=0.0258]
Epoch 41:  43%|####......| 250/585 [00:04:10<00:05:35,  1.00it/s, loss=0.0258]
Epoch 41:  44%|####......| 255/585 [00:04:15<00:05:30,  1.00it/s, loss=0.0259]
Epoch 41:  45%|####......| 261/585 [00:04:21<00:05:24,  1.00it/s, loss=0.0258]
Epoch 41:  46%|####......| 267/585 [00:04:27<00:05:18,  1.00it/s, loss=0.0257]
Epoch 41:  47%|####......| 273/585 [00:04:32<00:05:11,  1.00it/s, loss=0.0256]
Epoch 41:  47%|####......| 277/585 [00:04:38<00:05:09,  1.00it/s, loss=0.0256]
Epoch 41:  48%|####......| 283/585 [00:04:43<00:05:02,  1.00it/s, loss=0.0256]
Epoch 41:  49%|####......| 288/585 [00:04:48<00:04:57,  1.00it/s, loss=0.0255]
Epoch 41:  50%|#####.....| 293/585 [00:04:53<00:04:52,  1.00it/s, loss=0.0255]
Epoch 41:  51%|#####.....| 299/585 [00:04:59<00:04:46,  1.00it/s, loss=0.0254]
Epoch 41:  52%|#####.....| 304/585 [00:05:05<00:04:42,  0.99it/s, loss=0.0255]
Epoch 41:  53%|#####.....| 310/585 [00:05:11<00:04:36,  0.99it/s, loss=0.0254]
Epoch 41:  54%|#####.....| 315/585 [00:05:17<00:04:31,  0.99it/s, loss=0.0255]
Epoch 41:  55%|#####.....| 320/585 [00:05:22<00:04:27,  0.99it/s, loss=0.0255]
Epoch 41:  56%|#####.....| 325/585 [00:05:28<00:04:22,  0.99it/s, loss=0.0256]
Epoch 41:  57%|#####.....| 331/585 [00:05:34<00:04:16,  0.99it/s, loss=0.0255]
Epoch 41:  57%|#####.....| 336/585 [00:05:39<00:04:11,  0.99it/s, loss=0.0254]
Epoch 41:  58%|#####.....| 342/585 [00:05:44<00:04:05,  0.99it/s, loss=0.0254]
Epoch 41:  59%|#####.....| 347/585 [00:05:50<00:04:00,  0.99it/s, loss=0.0254]
Epoch 41:  60%|######....| 353/585 [00:05:55<00:03:53,  0.99it/s, loss=0.0254]
Epoch 41:  61%|######....| 359/585 [00:06:00<00:03:47,  0.99it/s, loss=0.0254]
Epoch 41:  62%|######....| 365/585 [00:06:06<00:03:41,  1.00it/s, loss=0.0253]
Epoch 41:  63%|######....| 371/585 [00:06:12<00:03:34,  1.00it/s, loss=0.0253]
Epoch 41:  64%|######....| 376/585 [00:06:18<00:03:30,  0.99it/s, loss=0.0252]
Epoch 41:  65%|######....| 381/585 [00:06:23<00:03:25,  0.99it/s, loss=0.0253]
Epoch 41:  66%|######....| 387/585 [00:06:29<00:03:19,  0.99it/s, loss=0.0252]
Epoch 41:  67%|######....| 392/585 [00:06:35<00:03:14,  0.99it/s, loss=0.0252]
Epoch 41:  68%|######....| 398/585 [00:06:41<00:03:08,  0.99it/s, loss=0.0253]
Epoch 41:  69%|######....| 404/585 [00:06:46<00:03:02,  0.99it/s, loss=0.0252]
Epoch 41:  70%|######....| 409/585 [00:06:52<00:02:57,  0.99it/s, loss=0.0252]
Epoch 41:  71%|#######...| 415/585 [00:06:57<00:02:51,  0.99it/s, loss=0.0252]
Epoch 41:  72%|#######...| 421/585 [00:07:03<00:02:44,  0.99it/s, loss=0.0252]
Epoch 41:  73%|#######...| 427/585 [00:07:09<00:02:38,  1.00it/s, loss=0.0252]
Epoch 41:  74%|#######...| 433/585 [00:07:14<00:02:32,  1.00it/s, loss=0.0252]
Epoch 41:  75%|#######...| 439/585 [00:07:19<00:02:26,  1.00it/s, loss=0.0252]
Epoch 41:  76%|#######...| 445/585 [00:07:25<00:02:20,  1.00it/s, loss=0.0251]
Epoch 41:  77%|#######...| 451/585 [00:07:31<00:02:14,  1.00it/s, loss=0.0251]
Epoch 41:  78%|#######...| 456/585 [00:07:36<00:02:09,  1.00it/s, loss=0.0250]
Epoch 41:  79%|#######...| 462/585 [00:07:42<00:02:03,  1.00it/s, loss=0.0250]
Epoch 41:  80%|########..| 468/585 [00:07:47<00:01:56,  1.00it/s, loss=0.0250]
Epoch 41:  81%|########..| 474/585 [00:07:53<00:01:50,  1.00it/s, loss=0.0250]
Epoch 41:  82%|########..| 479/585 [00:07:58<00:01:45,  1.00it/s, loss=0.0249]
Epoch 41:  83%|########..| 485/585 [00:08:04<00:01:39,  1.00it/s, loss=0.0249]
Epoch 41:  84%|########..| 491/585 [00:08:09<00:01:33,  1.00it/s, loss=0.0249]
Epoch 41:  85%|########..| 497/585 [00:08:15<00:01:27,  1.00it/s, loss=0.0249]
Epoch 41:  86%|########..| 503/585 [00:08:20<00:01:21,  1.00it/s, loss=0.0248]
Epoch 41:  87%|########..| 509/585 [00:08:26<00:01:15,  1.01it/s, loss=0.0248]
Epoch 41:  88%|########..| 515/585 [00:08:31<00:01:09,  1.01it/s, loss=0.0248]
Epoch 41:  89%|########..| 520/585 [00:08:37<00:01:04,  1.01it/s, loss=0.0248]
Epoch 41:  90%|########..| 526/585 [00:08:42<00:00:58,  1.01it/s, loss=0.0248]
Epoch 41:  91%|#########.| 531/585 [00:08:48<00:00:53,  1.01it/s, loss=0.0248]
Epoch 41:  92%|#########.| 537/585 [00:08:53<00:00:47,  1.01it/s, loss=0.0249]
Epoch 41:  93%|#########.| 543/585 [00:08:59<00:00:41,  1.01it/s, loss=0.0249]
Epoch 41:  94%|#########.| 548/585 [00:09:04<00:00:36,  1.01it/s, loss=0.0249]
Epoch 41:  95%|#########.| 553/585 [00:09:09<00:00:31,  1.01it/s, loss=0.0249]
Epoch 41:  96%|#########.| 559/585 [00:09:15<00:00:25,  1.01it/s, loss=0.0249]
Epoch 41:  97%|#########.| 565/585 [00:09:21<00:00:19,  1.01it/s, loss=0.0249]
Epoch 41:  98%|#########.| 571/585 [00:09:27<00:00:13,  1.01it/s, loss=0.0249]
Epoch 41:  98%|#########.| 576/585 [00:09:32<00:00:08,  1.01it/s, loss=0.0249]
Epoch 41: 100%|#########.| 583/585 [00:09:38<00:00:01,  1.01it/s, loss=0.0249]
Epoch 41: 100%|##########| 585/585 [00:09:40<00:00:00,  1.01it/s, loss=0.0249]
Test loss: 0.0246, Test rmsae: 7.49deg
{"event": "epoch_complete", "epoch": 41, "phase": 2, "lr": 1e-05, "batch_size": 10, "micro_batch_size": 1, "train_loss": 0.02485050189221262, "val_loss": 0.02464973006863147, "val_rmsae_deg": 7.488582506775856, "epoch_time_s": 581.1038986450003}
Epoch 42/80:
Epoch 42:   1%|..........| 5/585 [00:00:05<00:10:27,  0.92it/s, loss=0.0250]
Epoch 42:   2%|..........| 9/585 [00:00:10<00:11:28,  0.84it/s, loss=0.0231]
Epoch 42:   3%|..........| 15/585 [00:00:15<00:10:05,  0.94it/s, loss=0.0228]
Epoch 42:   4%|..........| 21/585 [00:00:22<00:09:53,  0.95it/s, loss=0.0258]
Epoch 42:   4%|..........| 26/585 [00:00:27<00:09:49,  0.95it/s, loss=0.0260]
Epoch 42:   5%|..........| 32/585 [00:00:33<00:09:30,  0.97it/s, loss=0.0255]
Epoch 42:   6%|..........| 37/585 [00:00:38<00:09:34,  0.95it/s, loss=0.0248]
Epoch 42:   7%|..........| 43/585 [00:00:44<00:09:25,  0.96it/s, loss=0.0247]
Epoch 42:   8%|..........| 47/585 [00:00:50<00:09:33,  0.94it/s, loss=0.0252]
Epoch 42:   9%|..........| 53/585 [00:00:55<00:09:16,  0.96it/s, loss=0.0249]
Epoch 42:  10%|..........| 58/585 [00:01:01<00:09:14,  0.95it/s, loss=0.0250]
Epoch 42:  11%|#.........| 63/585 [00:01:06<00:09:08,  0.95it/s, loss=0.0250]
Epoch 42:  12%|#.........| 68/585 [00:01:11<00:09:03,  0.95it/s, loss=0.0249]
Epoch 42:  12%|#.........| 73/585 [00:01:16<00:08:58,  0.95it/s, loss=0.0247]
Epoch 42:  14%|#.........| 79/585 [00:01:22<00:08:45,  0.96it/s, loss=0.0245]
Epoch 42:  14%|#.........| 84/585 [00:01:27<00:08:42,  0.96it/s, loss=0.0243]
Epoch 42:  15%|#.........| 89/585 [00:01:33<00:08:41,  0.95it/s, loss=0.0245]
Epoch 42:  16%|#.........| 93/585 [00:01:38<00:08:41,  0.94it/s, loss=0.0248]
Epoch 42:  17%|#.........| 98/585 [00:01:43<00:08:36,  0.94it/s, loss=0.0247]
Epoch 42:  18%|#.........| 103/585 [00:01:49<00:08:30,  0.94it/s, loss=0.0247]
Epoch 42:  19%|#.........| 109/585 [00:01:54<00:08:20,  0.95it/s, loss=0.0247]
Epoch 42:  20%|#.........| 115/585 [00:02:00<00:08:12,  0.95it/s, loss=0.0246]
Epoch 42:  21%|##........| 121/585 [00:02:06<00:08:03,  0.96it/s, loss=0.0247]
Epoch 42:  22%|##........| 127/585 [00:02:11<00:07:55,  0.96it/s, loss=0.0246]
Epoch 42:  23%|##........| 132/585 [00:02:16<00:07:49,  0.96it/s, loss=0.0245]
Epoch 42:  24%|##........| 138/585 [00:02:22<00:07:41,  0.97it/s, loss=0.0245]
Epoch 42:  25%|##........| 144/585 [00:02:27<00:07:33,  0.97it/s, loss=0.0244]
Epoch 42:  26%|##........| 150/585 [00:02:33<00:07:25,  0.98it/s, loss=0.0243]
Epoch 42:  26%|##........| 154/585 [00:02:38<00:07:24,  0.97it/s, loss=0.0244]
Epoch 42:  27%|##........| 160/585 [00:02:44<00:07:17,  0.97it/s, loss=0.0244]
Epoch 42:  28%|##........| 166/585 [00:02:49<00:07:08,  0.98it/s, loss=0.0245]
Epoch 42:  29%|##........| 172/585 [00:02:55<00:07:01,  0.98it/s, loss=0.0245]
Epoch 42:  30%|###.......| 178/585 [00:03:01<00:06:56,  0.98it/s, loss=0.0246]
Epoch 42:  31%|###.......| 184/585 [00:03:07<00:06:47,  0.98it/s, loss=0.0245]
Epoch 42:  32%|###.......| 189/585 [00:03:12<00:06:43,  0.98it/s, loss=0.0246]
Epoch 42:  33%|###.......| 195/585 [00:03:18<00:06:36,  0.98it/s, loss=0.0245]
Epoch 42:  34%|###.......| 200/585 [00:03:23<00:06:32,  0.98it/s, loss=0.0245]
Epoch 42:  35%|###.......| 205/585 [00:03:28<00:06:27,  0.98it/s, loss=0.0245]
Epoch 42:  36%|###.......| 211/585 [00:03:34<00:06:20,  0.98it/s, loss=0.0245]
Epoch 42:  37%|###.......| 217/585 [00:03:40<00:06:13,  0.99it/s, loss=0.0245]
Epoch 42:  38%|###.......| 223/585 [00:03:45<00:06:06,  0.99it/s, loss=0.0245]
Epoch 42:  39%|###.......| 228/585 [00:03:51<00:06:01,  0.99it/s, loss=0.0245]
Epoch 42:  40%|###.......| 233/585 [00:03:56<00:05:57,  0.99it/s, loss=0.0245]
Epoch 42:  41%|####......| 238/585 [00:04:01<00:05:52,  0.98it/s, loss=0.0245]
Epoch 42:  42%|####......| 243/585 [00:04:07<00:05:47,  0.98it/s, loss=0.0245]
Epoch 42:  42%|####......| 248/585 [00:04:12<00:05:43,  0.98it/s, loss=0.0245]
Epoch 42:  43%|####......| 254/585 [00:04:18<00:05:36,  0.98it/s, loss=0.0244]
Epoch 42:  44%|####......| 259/585 [00:04:23<00:05:31,  0.98it/s, loss=0.0244]
Epoch 42:  45%|####......| 265/585 [00:04:29<00:05:24,  0.98it/s, loss=0.0244]
Epoch 42:  46%|####......| 271/585 [00:04:34<00:05:17,  0.99it/s, loss=0.0244]
Epoch 42:  47%|####......| 277/585 [00:04:40<00:05:11,  0.99it/s, loss=0.0245]
Epoch 42:  48%|####......| 283/585 [00:04:45<00:05:05,  0.99it/s, loss=0.0245]
Epoch 42:  49%|####......| 288/585 [00:04:50<00:04:59,  0.99it/s, loss=0.0245]
Epoch 42:  50%|#####.....| 294/585 [00:04:56<00:04:53,  0.99it/s, loss=0.0245]
Epoch 42:  51%|#####.....| 300/585 [00:05:02<00:04:46,  0.99it/s, loss=0.0245]
Epoch 42:  52%|#####.....| 306/585 [00:05:07<00:04:40,  0.99it/s, loss=0.0246]
Epoch 42:  53%|#####.....| 312/585 [00:05:13<00:04:34,  0.99it/s, loss=0.0246]
Epoch 42:  54%|#####.....| 317/585 [00:05:19<00:04:29,  0.99it/s, loss=0.0247]
Epoch 42:  55%|#####.....| 323/585 [00:05:24<00:04:23,  0.99it/s, loss=0.0247]
Epoch 42:  56%|#####.....| 329/585 [00:05:30<00:04:17,  1.00it/s, loss=0.0246]
Epoch 42:  57%|#####.....| 335/585 [00:05:36<00:04:11,  0.99it/s, loss=0.0246]
Epoch 42:  58%|#####.....| 341/585 [00:05:42<00:04:04,  1.00it/s, loss=0.0245]
Epoch 42:  59%|#####.....| 347/585 [00:05:47<00:03:58,  1.00it/s, loss=0.0245]
Epoch 42:  60%|######....| 353/585 [00:05:53<00:03:52,  1.00it/s, loss=0.0245]
Epoch 42:  61%|######....| 359/585 [00:05:59<00:03:46,  1.00it/s, loss=0.0245]
Epoch 42:  62%|######....| 365/585 [00:06:05<00:03:40,  1.00it/s, loss=0.0244]
Epoch 42:  63%|######....| 370/585 [00:06:10<00:03:35,  1.00it/s, loss=0.0244]
Epoch 42:  64%|######....| 375/585 [00:06:15<00:03:30,  1.00it/s, loss=0.0244]
Epoch 42:  65%|######....| 381/585 [00:06:21<00:03:24,  1.00it/s, loss=0.0244]
Epoch 42:  66%|######....| 387/585 [00:06:27<00:03:18,  1.00it/s, loss=0.0244]
Epoch 42:  67%|######....| 393/585 [00:06:33<00:03:12,  1.00it/s, loss=0.0244]
Epoch 42:  68%|######....| 398/585 [00:06:38<00:03:07,  1.00it/s, loss=0.0244]
Epoch 42:  69%|######....| 402/585 [00:06:43<00:03:03,  1.00it/s, loss=0.0244]
Epoch 42:  70%|######....| 407/585 [00:06:48<00:02:58,  1.00it/s, loss=0.0244]
Epoch 42:  71%|#######...| 413/585 [00:06:55<00:02:52,  1.00it/s, loss=0.0243]
Epoch 42:  71%|#######...| 418/585 [00:07:00<00:02:47,  0.99it/s, loss=0.0243]
Epoch 42:  72%|#######...| 424/585 [00:07:05<00:02:41,  1.00it/s, loss=0.0243]
Epoch 42:  73%|#######...| 429/585 [00:07:11<00:02:37,  0.99it/s, loss=0.0243]
Epoch 42:  74%|#######...| 435/585 [00:07:18<00:02:31,  0.99it/s, loss=0.0244]
Epoch 42:  75%|#######...| 441/585 [00:07:23<00:02:24,  0.99it/s, loss=0.0243]
Epoch 42:  76%|#######...| 446/585 [00:07:29<00:02:20,  0.99it/s, loss=0.0244]
Epoch 42:  77%|#######...| 452/585 [00:07:35<00:02:13,  0.99it/s, loss=0.0244]
Epoch 42:  78%|#######...| 457/585 [00:07:41<00:02:09,  0.99it/s, loss=0.0244]
Epoch 42:  79%|#######...| 463/585 [00:07:47<00:02:03,  0.99it/s, loss=0.0243]
Epoch 42:  80%|########..| 468/585 [00:07:52<00:01:58,  0.99it/s, loss=0.0244]
Epoch 42:  81%|########..| 473/585 [00:07:57<00:01:53,  0.99it/s, loss=0.0243]
Epoch 42:  82%|########..| 479/585 [00:08:03<00:01:46,  0.99it/s, loss=0.0243]
Epoch 42:  83%|########..| 485/585 [00:08:09<00:01:40,  0.99it/s, loss=0.0244]
Epoch 42:  84%|########..| 491/585 [00:08:14<00:01:34,  0.99it/s, loss=0.0244]
Epoch 42:  85%|########..| 496/585 [00:08:19<00:01:29,  0.99it/s, loss=0.0244]
Epoch 42:  86%|########..| 502/585 [00:08:25<00:01:23,  0.99it/s, loss=0.0244]
Epoch 42:  87%|########..| 507/585 [00:08:31<00:01:18,  0.99it/s, loss=0.0244]
Epoch 42:  88%|########..| 513/585 [00:08:37<00:01:12,  0.99it/s, loss=0.0244]
Epoch 42:  89%|########..| 519/585 [00:08:43<00:01:06,  0.99it/s, loss=0.0244]
Epoch 42:  90%|########..| 524/585 [00:08:48<00:01:01,  0.99it/s, loss=0.0244]
Epoch 42:  90%|#########.| 529/585 [00:08:53<00:00:56,  0.99it/s, loss=0.0243]
Epoch 42:  91%|#########.| 535/585 [00:08:59<00:00:50,  0.99it/s, loss=0.0243]
Epoch 42:  92%|#########.| 541/585 [00:09:05<00:00:44,  0.99it/s, loss=0.0243]
Epoch 42:  94%|#########.| 547/585 [00:09:10<00:00:38,  0.99it/s, loss=0.0243]
Epoch 42:  95%|#########.| 553/585 [00:09:16<00:00:32,  0.99it/s, loss=0.0244]
Epoch 42:  96%|#########.| 559/585 [00:09:22<00:00:26,  0.99it/s, loss=0.0243]
Epoch 42:  96%|#########.| 564/585 [00:09:27<00:00:21,  0.99it/s, loss=0.0243]
Epoch 42:  97%|#########.| 570/585 [00:09:33<00:00:15,  0.99it/s, loss=0.0243]
Epoch 42:  98%|#########.| 575/585 [00:09:38<00:00:10,  0.99it/s, loss=0.0243]
Epoch 42:  99%|#########.| 581/585 [00:09:44<00:00:04,  0.99it/s, loss=0.0243]
Epoch 42: 100%|##########| 585/585 [00:09:48<00:00:00,  0.99it/s, loss=0.0243]
Test loss: 0.0247, Test rmsae: 7.52deg
{"event": "epoch_complete", "epoch": 42, "phase": 2, "lr": 1e-05, "batch_size": 10, "micro_batch_size": 1, "train_loss": 0.024294392772528352, "val_loss": 0.024678025278262794, "val_rmsae_deg": 7.519483000040054, "epoch_time_s": 588.964068584999}
Epoch 43/80:
Epoch 43:   1%|..........| 6/585 [00:00:05<00:08:05,  1.19it/s, loss=0.0215]
Epoch 43:   2%|..........| 12/585 [00:00:10<00:08:15,  1.16it/s, loss=0.0236]
Epoch 43:   3%|..........| 18/585 [00:00:15<00:08:15,  1.15it/s, loss=0.0250]
Epoch 43:   4%|..........| 24/585 [00:00:20<00:08:09,  1.15it/s, loss=0.0243]
Epoch 43:   5%|..........| 30/585 [00:00:26<00:08:16,  1.12it/s, loss=0.0238]
Epoch 43:   6%|..........| 36/585 [00:00:32<00:08:13,  1.11it/s, loss=0.0238]
Epoch 43:   7%|..........| 42/585 [00:00:38<00:08:11,  1.10it/s, loss=0.0237]
Epoch 43:   8%|..........| 48/585 [00:00:43<00:08:08,  1.10it/s, loss=0.0243]
Epoch 43:   9%|..........| 54/585 [00:00:49<00:08:06,  1.09it/s, loss=0.0244]
Epoch 43:  10%|#.........| 60/585 [00:00:55<00:08:01,  1.09it/s, loss=0.0243]
Epoch 43:  11%|#.........| 65/585 [00:01:00<00:08:02,  1.08it/s, loss=0.0243]
Epoch 43:  12%|#.........| 71/585 [00:01:06<00:08:00,  1.07it/s, loss=0.0251]
Epoch 43:  13%|#.........| 75/585 [00:01:11<00:08:05,  1.05it/s, loss=0.0258]
Epoch 43:  14%|#.........| 80/585 [00:01:16<00:08:04,  1.04it/s, loss=0.0259]
Epoch 43:  15%|#.........| 86/585 [00:01:22<00:07:59,  1.04it/s, loss=0.0255]
Epoch 43:  16%|#.........| 92/585 [00:01:28<00:07:54,  1.04it/s, loss=0.0255]
Epoch 43:  17%|#.........| 98/585 [00:01:34<00:07:47,  1.04it/s, loss=0.0256]
Epoch 43:  18%|#.........| 104/585 [00:01:39<00:07:42,  1.04it/s, loss=0.0254]
Epoch 43:  19%|#.........| 110/585 [00:01:45<00:07:35,  1.04it/s, loss=0.0253]
Epoch 43:  20%|#.........| 116/585 [00:01:51<00:07:31,  1.04it/s, loss=0.0255]
Epoch 43:  21%|##........| 121/585 [00:01:56<00:07:27,  1.04it/s, loss=0.0258]
Epoch 43:  22%|##........| 126/585 [00:02:02<00:07:26,  1.03it/s, loss=0.0257]
Epoch 43:  22%|##........| 131/585 [00:02:08<00:07:24,  1.02it/s, loss=0.0257]
Epoch 43:  23%|##........| 136/585 [00:02:13<00:07:20,  1.02it/s, loss=0.0257]
Epoch 43:  24%|##........| 140/585 [00:02:18<00:07:21,  1.01it/s, loss=0.0259]
Epoch 43:  25%|##........| 145/585 [00:02:24<00:07:17,  1.01it/s, loss=0.0258]
Epoch 43:  26%|##........| 151/585 [00:02:29<00:07:09,  1.01it/s, loss=0.0257]
Epoch 43:  27%|##........| 157/585 [00:02:34<00:07:01,  1.02it/s, loss=0.0255]
Epoch 43:  28%|##........| 163/585 [00:02:40<00:06:55,  1.02it/s, loss=0.0255]
Epoch 43:  29%|##........| 168/585 [00:02:45<00:06:50,  1.02it/s, loss=0.0254]
Epoch 43:  30%|##........| 173/585 [00:02:50<00:06:46,  1.01it/s, loss=0.0254]
Epoch 43:  31%|###.......| 179/585 [00:02:56<00:06:39,  1.02it/s, loss=0.0253]
Epoch 43:  31%|###.......| 184/585 [00:03:01<00:06:35,  1.02it/s, loss=0.0252]
Epoch 43:  32%|###.......| 190/585 [00:03:06<00:06:28,  1.02it/s, loss=0.0251]
Epoch 43:  33%|###.......| 195/585 [00:03:12<00:06:24,  1.02it/s, loss=0.0252]
Epoch 43:  34%|###.......| 200/585 [00:03:17<00:06:19,  1.01it/s, loss=0.0252]
Epoch 43:  35%|###.......| 206/585 [00:03:22<00:06:12,  1.02it/s, loss=0.0252]
Epoch 43:  36%|###.......| 212/585 [00:03:28<00:06:06,  1.02it/s, loss=0.0251]
Epoch 43:  37%|###.......| 217/585 [00:03:34<00:06:03,  1.01it/s, loss=0.0251]
Epoch 43:  38%|###.......| 223/585 [00:03:40<00:05:57,  1.01it/s, loss=0.0251]
Epoch 43:  39%|###.......| 229/585 [00:03:45<00:05:50,  1.02it/s, loss=0.0250]
Epoch 43:  40%|####......| 235/585 [00:03:51<00:05:44,  1.02it/s, loss=0.0250]
Epoch 43:  41%|####......| 240/585 [00:03:56<00:05:40,  1.01it/s, loss=0.0251]
Epoch 43:  42%|####......| 246/585 [00:04:02<00:05:33,  1.02it/s, loss=0.0251]
Epoch 43:  43%|####......| 251/585 [00:04:07<00:05:29,  1.02it/s, loss=0.0250]
Epoch 43:  44%|####......| 257/585 [00:04:12<00:05:22,  1.02it/s, loss=0.0250]
Epoch 43:  45%|####......| 263/585 [00:04:18<00:05:16,  1.02it/s, loss=0.0251]
Epoch 43:  46%|####......| 268/585 [00:04:23<00:05:11,  1.02it/s, loss=0.0251]
Epoch 43:  47%|####......| 274/585 [00:04:29<00:05:05,  1.02it/s, loss=0.0253]
Epoch 43:  48%|####......| 280/585 [00:04:34<00:04:59,  1.02it/s, loss=0.0252]
Epoch 43:  49%|####......| 285/585 [00:04:39<00:04:54,  1.02it/s, loss=0.0252]
Epoch 43:  50%|####......| 291/585 [00:04:45<00:04:48,  1.02it/s, loss=0.0252]
Epoch 43:  51%|#####.....| 296/585 [00:04:51<00:04:44,  1.02it/s, loss=0.0252]
Epoch 43:  51%|#####.....| 301/585 [00:04:56<00:04:40,  1.01it/s, loss=0.0253]
Epoch 43:  52%|#####.....| 306/585 [00:05:02<00:04:35,  1.01it/s, loss=0.0255]
Epoch 43:  53%|#####.....| 311/585 [00:05:08<00:04:31,  1.01it/s, loss=0.0255]
Epoch 43:  54%|#####.....| 317/585 [00:05:13<00:04:25,  1.01it/s, loss=0.0255]
Epoch 43:  55%|#####.....| 323/585 [00:05:19<00:04:18,  1.01it/s, loss=0.0256]
Epoch 43:  56%|#####.....| 329/585 [00:05:26<00:04:13,  1.01it/s, loss=0.0255]
Epoch 43:  57%|#####.....| 335/585 [00:05:31<00:04:07,  1.01it/s, loss=0.0255]
Epoch 43:  58%|#####.....| 340/585 [00:05:37<00:04:03,  1.01it/s, loss=0.0255]
Epoch 43:  59%|#####.....| 346/585 [00:05:42<00:03:56,  1.01it/s, loss=0.0254]
Epoch 43:  60%|######....| 352/585 [00:05:48<00:03:50,  1.01it/s, loss=0.0255]
Epoch 43:  61%|######....| 358/585 [00:05:53<00:03:44,  1.01it/s, loss=0.0254]
Epoch 43:  62%|######....| 364/585 [00:05:59<00:03:38,  1.01it/s, loss=0.0254]
Epoch 43:  63%|######....| 369/585 [00:06:04<00:03:33,  1.01it/s, loss=0.0253]
Epoch 43:  64%|######....| 375/585 [00:06:09<00:03:26,  1.02it/s, loss=0.0253]
Epoch 43:  65%|######....| 381/585 [00:06:15<00:03:20,  1.02it/s, loss=0.0252]
Epoch 43:  66%|######....| 387/585 [00:06:20<00:03:14,  1.02it/s, loss=0.0253]
Epoch 43:  67%|######....| 393/585 [00:06:27<00:03:09,  1.02it/s, loss=0.0252]
Epoch 43:  68%|######....| 399/585 [00:06:32<00:03:02,  1.02it/s, loss=0.0252]
Epoch 43:  69%|######....| 404/585 [00:06:38<00:02:58,  1.01it/s, loss=0.0252]
Epoch 43:  70%|######....| 409/585 [00:06:43<00:02:53,  1.01it/s, loss=0.0253]
Epoch 43:  71%|#######...| 414/585 [00:06:48<00:02:48,  1.01it/s, loss=0.0253]
Epoch 43:  72%|#######...| 419/585 [00:06:54<00:02:44,  1.01it/s, loss=0.0253]
Epoch 43:  73%|#######...| 425/585 [00:06:59<00:02:38,  1.01it/s, loss=0.0254]
Epoch 43:  74%|#######...| 430/585 [00:07:04<00:02:33,  1.01it/s, loss=0.0254]
Epoch 43:  74%|#######...| 435/585 [00:07:10<00:02:28,  1.01it/s, loss=0.0254]
Epoch 43:  75%|#######...| 441/585 [00:07:15<00:02:22,  1.01it/s, loss=0.0253]
Epoch 43:  76%|#######...| 446/585 [00:07:20<00:02:17,  1.01it/s, loss=0.0254]
Epoch 43:  77%|#######...| 451/585 [00:07:26<00:02:12,  1.01it/s, loss=0.0254]
Epoch 43:  78%|#######...| 456/585 [00:07:31<00:02:07,  1.01it/s, loss=0.0254]
Epoch 43:  79%|#######...| 462/585 [00:07:37<00:02:01,  1.01it/s, loss=0.0254]
Epoch 43:  80%|#######...| 467/585 [00:07:42<00:01:56,  1.01it/s, loss=0.0253]
Epoch 43:  81%|########..| 473/585 [00:07:48<00:01:50,  1.01it/s, loss=0.0254]
Epoch 43:  82%|########..| 479/585 [00:07:54<00:01:44,  1.01it/s, loss=0.0254]
Epoch 43:  83%|########..| 485/585 [00:07:59<00:01:38,  1.01it/s, loss=0.0253]
Epoch 43:  84%|########..| 490/585 [00:08:05<00:01:34,  1.01it/s, loss=0.0253]
Epoch 43:  85%|########..| 496/585 [00:08:10<00:01:27,  1.01it/s, loss=0.0253]
Epoch 43:  86%|########..| 502/585 [00:08:15<00:01:21,  1.01it/s, loss=0.0252]
Epoch 43:  87%|########..| 508/585 [00:08:21<00:01:16,  1.01it/s, loss=0.0252]
Epoch 43:  88%|########..| 513/585 [00:08:27<00:01:11,  1.01it/s, loss=0.0252]
Epoch 43:  89%|########..| 519/585 [00:08:32<00:01:05,  1.01it/s, loss=0.0252]
Epoch 43:  90%|########..| 525/585 [00:08:37<00:00:59,  1.01it/s, loss=0.0251]
Epoch 43:  91%|#########.| 530/585 [00:08:43<00:00:54,  1.01it/s, loss=0.0251]
Epoch 43:  92%|#########.| 536/585 [00:08:49<00:00:48,  1.01it/s, loss=0.0251]
Epoch 43:  92%|#########.| 541/585 [00:08:54<00:00:43,  1.01it/s, loss=0.0251]
Epoch 43:  93%|#########.| 546/585 [00:09:00<00:00:38,  1.01it/s, loss=0.0251]
Epoch 43:  94%|#########.| 551/585 [00:09:05<00:00:33,  1.01it/s, loss=0.0251]
Epoch 43:  95%|#########.| 557/585 [00:09:11<00:00:27,  1.01it/s, loss=0.0251]
Epoch 43:  96%|#########.| 563/585 [00:09:17<00:00:21,  1.01it/s, loss=0.0251]
Epoch 43:  97%|#########.| 569/585 [00:09:22<00:00:15,  1.01it/s, loss=0.0251]
Epoch 43:  98%|#########.| 575/585 [00:09:28<00:00:09,  1.01it/s, loss=0.0251]
Epoch 43:  99%|#########.| 580/585 [00:09:33<00:00:04,  1.01it/s, loss=0.0251]
Epoch 43: 100%|##########| 585/585 [00:09:38<00:00:00,  1.01it/s, loss=0.0251]
Test loss: 0.0246, Test rmsae: 7.42deg
{"event": "epoch_complete", "epoch": 43, "phase": 2, "lr": 1e-05, "batch_size": 10, "micro_batch_size": 1, "train_loss": 0.025056362144139588, "val_loss": 0.02464938285993412, "val_rmsae_deg": 7.41689296066761, "epoch_time_s": 579.693780395999}
Epoch 44/80:
Epoch 44:   1%|..........| 5/585 [00:00:06<00:11:37,  0.83it/s, loss=0.0284]
Epoch 44:   2%|..........| 11/585 [00:00:11<00:10:14,  0.93it/s, loss=0.0258]
Epoch 44:   3%|..........| 17/585 [00:00:17<00:09:45,  0.97it/s, loss=0.0255]
Epoch 44:   4%|..........| 23/585 [00:00:23<00:09:38,  0.97it/s, loss=0.0241]
Epoch 44:   5%|..........| 29/585 [00:00:29<00:09:22,  0.99it/s, loss=0.0234]
Epoch 44:   6%|..........| 35/585 [00:00:34<00:09:08,  1.00it/s, loss=0.0229]
Epoch 44:   7%|..........| 41/585 [00:00:40<00:08:59,  1.01it/s, loss=0.0230]
Epoch 44:   8%|..........| 46/585 [00:00:45<00:08:56,  1.00it/s, loss=0.0232]
Epoch 44:   9%|..........| 52/585 [00:00:51<00:08:49,  1.01it/s, loss=0.0229]
Epoch 44:  10%|..........| 58/585 [00:00:58<00:08:51,  0.99it/s, loss=0.0234]
Epoch 44:  11%|#.........| 63/585 [00:01:04<00:08:53,  0.98it/s, loss=0.0235]
Epoch 44:  12%|#.........| 69/585 [00:01:09<00:08:42,  0.99it/s, loss=0.0235]
Epoch 44:  13%|#.........| 75/585 [00:01:15<00:08:32,  1.00it/s, loss=0.0235]
Epoch 44:  14%|#.........| 79/585 [00:01:20<00:08:36,  0.98it/s, loss=0.0235]
Epoch 44:  15%|#.........| 85/585 [00:01:26<00:08:26,  0.99it/s, loss=0.0234]
Epoch 44:  16%|#.........| 91/585 [00:01:31<00:08:16,  0.99it/s, loss=0.0237]
Epoch 44:  17%|#.........| 97/585 [00:01:36<00:08:06,  1.00it/s, loss=0.0236]
Epoch 44:  17%|#.........| 102/585 [00:01:42<00:08:05,  1.00it/s, loss=0.0236]
Epoch 44:  18%|#.........| 107/585 [00:01:47<00:08:01,  0.99it/s, loss=0.0236]
Epoch 44:  19%|#.........| 113/585 [00:01:53<00:07:55,  0.99it/s, loss=0.0235]
Epoch 44:  20%|##........| 119/585 [00:01:59<00:07:47,  1.00it/s, loss=0.0237]
Epoch 44:  21%|##........| 124/585 [00:02:05<00:07:46,  0.99it/s, loss=0.0240]
Epoch 44:  22%|##........| 129/585 [00:02:10<00:07:42,  0.99it/s, loss=0.0241]
Epoch 44:  23%|##........| 135/585 [00:02:16<00:07:35,  0.99it/s, loss=0.0241]
Epoch 44:  24%|##........| 141/585 [00:02:21<00:07:26,  1.00it/s, loss=0.0241]
Epoch 44:  25%|##........| 146/585 [00:02:26<00:07:21,  0.99it/s, loss=0.0240]
Epoch 44:  26%|##........| 152/585 [00:02:32<00:07:14,  1.00it/s, loss=0.0242]
Epoch 44:  27%|##........| 157/585 [00:02:37<00:07:09,  1.00it/s, loss=0.0242]
Epoch 44:  28%|##........| 163/585 [00:02:42<00:07:01,  1.00it/s, loss=0.0241]
Epoch 44:  29%|##........| 167/585 [00:02:48<00:07:00,  0.99it/s, loss=0.0241]
Epoch 44:  30%|##........| 173/585 [00:02:53<00:06:52,  1.00it/s, loss=0.0242]
Epoch 44:  30%|###.......| 178/585 [00:02:58<00:06:47,  1.00it/s, loss=0.0243]
Epoch 44:  31%|###.......| 184/585 [00:03:04<00:06:41,  1.00it/s, loss=0.0244]
Epoch 44:  32%|###.......| 189/585 [00:03:09<00:06:37,  1.00it/s, loss=0.0244]
Epoch 44:  33%|###.......| 194/585 [00:03:14<00:06:32,  1.00it/s, loss=0.0244]
Epoch 44:  34%|###.......| 200/585 [00:03:20<00:06:25,  1.00it/s, loss=0.0244]
Epoch 44:  35%|###.......| 206/585 [00:03:26<00:06:19,  1.00it/s, loss=0.0244]
Epoch 44:  36%|###.......| 212/585 [00:03:32<00:06:13,  1.00it/s, loss=0.0243]
Epoch 44:  37%|###.......| 217/585 [00:03:37<00:06:08,  1.00it/s, loss=0.0244]
Epoch 44:  38%|###.......| 223/585 [00:03:43<00:06:02,  1.00it/s, loss=0.0244]
Epoch 44:  39%|###.......| 228/585 [00:03:48<00:05:57,  1.00it/s, loss=0.0245]
Epoch 44:  40%|###.......| 233/585 [00:03:53<00:05:53,  1.00it/s, loss=0.0245]
Epoch 44:  41%|####......| 239/585 [00:03:58<00:05:45,  1.00it/s, loss=0.0244]
Epoch 44:  42%|####......| 245/585 [00:04:04<00:05:39,  1.00it/s, loss=0.0248]
Epoch 44:  43%|####......| 251/585 [00:04:10<00:05:33,  1.00it/s, loss=0.0249]
Epoch 44:  44%|####......| 257/585 [00:04:16<00:05:27,  1.00it/s, loss=0.0249]
Epoch 44:  45%|####......| 262/585 [00:04:22<00:05:23,  1.00it/s, loss=0.0248]
Epoch 44:  46%|####......| 268/585 [00:04:28<00:05:17,  1.00it/s, loss=0.0250]
Epoch 44:  47%|####......| 273/585 [00:04:33<00:05:12,  1.00it/s, loss=0.0250]
Epoch 44:  48%|####......| 278/585 [00:04:39<00:05:08,  1.00it/s, loss=0.0251]
Epoch 44:  48%|####......| 283/585 [00:04:44<00:05:04,  0.99it/s, loss=0.0251]
Epoch 44:  49%|####......| 288/585 [00:04:50<00:04:59,  0.99it/s, loss=0.0252]
Epoch 44:  50%|#####.....| 294/585 [00:04:56<00:04:53,  0.99it/s, loss=0.0252]
Epoch 44:  51%|#####.....| 300/585 [00:05:02<00:04:47,  0.99it/s, loss=0.0252]
Epoch 44:  52%|#####.....| 305/585 [00:05:07<00:04:42,  0.99it/s, loss=0.0252]
Epoch 44:  53%|#####.....| 310/585 [00:05:12<00:04:37,  0.99it/s, loss=0.0252]
Epoch 44:  54%|#####.....| 316/585 [00:05:18<00:04:31,  0.99it/s, loss=0.0252]
Epoch 44:  55%|#####.....| 322/585 [00:05:24<00:04:25,  0.99it/s, loss=0.0251]
Epoch 44:  56%|#####.....| 327/585 [00:05:30<00:04:20,  0.99it/s, loss=0.0251]
Epoch 44:  57%|#####.....| 333/585 [00:05:35<00:04:14,  0.99it/s, loss=0.0250]
Epoch 44:  58%|#####.....| 339/585 [00:05:41<00:04:07,  0.99it/s, loss=0.0250]
Epoch 44:  59%|#####.....| 345/585 [00:05:47<00:04:01,  0.99it/s, loss=0.0250]
Epoch 44:  60%|######....| 351/585 [00:05:53<00:03:55,  0.99it/s, loss=0.0250]
Epoch 44:  61%|######....| 355/585 [00:05:58<00:03:52,  0.99it/s, loss=0.0249]
Epoch 44:  62%|######....| 360/585 [00:06:03<00:03:47,  0.99it/s, loss=0.0250]
Epoch 44:  63%|######....| 366/585 [00:06:09<00:03:40,  0.99it/s, loss=0.0250]
Epoch 44:  63%|######....| 371/585 [00:06:14<00:03:36,  0.99it/s, loss=0.0250]
Epoch 44:  64%|######....| 376/585 [00:06:19<00:03:31,  0.99it/s, loss=0.0250]
Epoch 44:  65%|######....| 381/585 [00:06:25<00:03:26,  0.99it/s, loss=0.0250]
Epoch 44:  66%|######....| 387/585 [00:06:30<00:03:19,  0.99it/s, loss=0.0250]
Epoch 44:  67%|######....| 393/585 [00:06:36<00:03:13,  0.99it/s, loss=0.0249]
Epoch 44:  68%|######....| 398/585 [00:06:41<00:03:08,  0.99it/s, loss=0.0249]
Epoch 44:  69%|######....| 403/585 [00:06:47<00:03:03,  0.99it/s, loss=0.0249]
Epoch 44:  70%|######....| 408/585 [00:06:52<00:02:58,  0.99it/s, loss=0.0249]
Epoch 44:  71%|#######...| 414/585 [00:06:57<00:02:52,  0.99it/s, loss=0.0249]
Epoch 44:  72%|#######...| 420/585 [00:07:02<00:02:46,  0.99it/s, loss=0.0249]
Epoch 44:  73%|#######...| 426/585 [00:07:07<00:02:39,  1.00it/s, loss=0.0249]
Epoch 44:  74%|#######...| 432/585 [00:07:13<00:02:33,  1.00it/s, loss=0.0249]
Epoch 44:  75%|#######...| 438/585 [00:07:19<00:02:27,  1.00it/s, loss=0.0249]
Epoch 44:  76%|#######...| 444/585 [00:07:25<00:02:21,  1.00it/s, loss=0.0248]
Epoch 44:  77%|#######...| 449/585 [00:07:30<00:02:16,  1.00it/s, loss=0.0249]
Epoch 44:  78%|#######...| 454/585 [00:07:36<00:02:11,  0.99it/s, loss=0.0249]
Epoch 44:  78%|#######...| 458/585 [00:07:41<00:02:07,  0.99it/s, loss=0.0249]
Epoch 44:  79%|#######...| 464/585 [00:07:46<00:02:01,  0.99it/s, loss=0.0249]
Epoch 44:  80%|########..| 469/585 [00:07:52<00:01:56,  0.99it/s, loss=0.0249]
Epoch 44:  81%|########..| 475/585 [00:07:57<00:01:50,  0.99it/s, loss=0.0249]
Epoch 44:  82%|########..| 481/585 [00:08:03<00:01:44,  0.99it/s, loss=0.0249]
Epoch 44:  83%|########..| 487/585 [00:08:09<00:01:38,  1.00it/s, loss=0.0250]
Epoch 44:  84%|########..| 493/585 [00:08:15<00:01:32,  1.00it/s, loss=0.0250]
Epoch 44:  85%|########..| 498/585 [00:08:20<00:01:27,  1.00it/s, loss=0.0250]
Epoch 44:  86%|########..| 504/585 [00:08:25<00:01:21,  1.00it/s, loss=0.0249]
Epoch 44:  87%|########..| 509/585 [00:08:31<00:01:16,  1.00it/s, loss=0.0249]
Epoch 44:  88%|########..| 515/585 [00:08:36<00:01:10,  1.00it/s, loss=0.0249]
Epoch 44:  89%|########..| 521/585 [00:08:42<00:01:04,  1.00it/s, loss=0.0249]
Epoch 44:  90%|#########.| 527/585 [00:08:48<00:00:58,  1.00it/s, loss=0.0249]
Epoch 44:  91%|#########.| 533/585 [00:08:53<00:00:52,  1.00it/s, loss=0.0248]
Epoch 44:  92%|#########.| 539/585 [00:08:59<00:00:46,  1.00it/s, loss=0.0248]
Epoch 44:  93%|#########.| 544/585 [00:09:05<00:00:41,  1.00it/s, loss=0.0248]
Epoch 44:  94%|#########.| 549/585 [00:09:10<00:00:36,  1.00it/s, loss=0.0249]
Epoch 44:  95%|#########.| 554/585 [00:09:15<00:00:31,  1.00it/s, loss=0.0249]
Epoch 44:  96%|#########.| 559/585 [00:09:20<00:00:26,  1.00it/s, loss=0.0250]
Epoch 44:  96%|#########.| 564/585 [00:09:26<00:00:21,  1.00it/s, loss=0.0250]
Epoch 44:  97%|#########.| 570/585 [00:09:32<00:00:15,  1.00it/s, loss=0.0250]
Epoch 44:  98%|#########.| 575/585 [00:09:37<00:00:10,  1.00it/s, loss=0.0250]
Epoch 44:  99%|#########.| 581/585 [00:09:43<00:00:04,  1.00it/s, loss=0.0249]
Epoch 44: 100%|##########| 585/585 [00:09:47<00:00:00,  1.00it/s, loss=0.0249]
Test loss: 0.0246, Test rmsae: 7.35deg
{"event": "epoch_complete", "epoch": 44, "phase": 2, "lr": 1e-05, "batch_size": 10, "micro_batch_size": 1, "train_loss": 0.02491799585807782, "val_loss": 0.02459438645746559, "val_rmsae_deg": 7.349673718214035, "epoch_time_s": 588.2082957970015}
Epoch 45/80:
Epoch 45:   1%|..........| 5/585 [00:00:05<00:09:56,  0.97it/s, loss=0.0251]
Epoch 45:   2%|..........| 10/585 [00:00:10<00:10:07,  0.95it/s, loss=0.0237]
Epoch 45:   3%|..........| 15/585 [00:00:16<00:10:26,  0.91it/s, loss=0.0244]
Epoch 45:   3%|..........| 20/585 [00:00:21<00:10:12,  0.92it/s, loss=0.0254]
Epoch 45:   4%|..........| 25/585 [00:00:26<00:09:57,  0.94it/s, loss=0.0255]
Epoch 45:   5%|..........| 31/585 [00:00:32<00:09:38,  0.96it/s, loss=0.0246]
Epoch 45:   6%|..........| 37/585 [00:00:38<00:09:26,  0.97it/s, loss=0.0244]
Epoch 45:   7%|..........| 43/585 [00:00:43<00:09:11,  0.98it/s, loss=0.0243]
Epoch 45:   8%|..........| 49/585 [00:00:49<00:09:03,  0.99it/s, loss=0.0244]
Epoch 45:   9%|..........| 55/585 [00:00:54<00:08:49,  1.00it/s, loss=0.0246]
Epoch 45:  10%|#.........| 60/585 [00:00:59<00:08:44,  1.00it/s, loss=0.0246]
Epoch 45:  11%|#.........| 65/585 [00:01:04<00:08:39,  1.00it/s, loss=0.0247]
Epoch 45:  12%|#.........| 71/585 [00:01:10<00:08:31,  1.01it/s, loss=0.0248]
Epoch 45:  13%|#.........| 77/585 [00:01:15<00:08:21,  1.01it/s, loss=0.0245]
Epoch 45:  14%|#.........| 83/585 [00:01:21<00:08:13,  1.02it/s, loss=0.0250]
Epoch 45:  15%|#.........| 89/585 [00:01:27<00:08:06,  1.02it/s, loss=0.0250]
Epoch 45:  16%|#.........| 95/585 [00:01:33<00:08:00,  1.02it/s, loss=0.0275]
Epoch 45:  17%|#.........| 101/585 [00:01:38<00:07:53,  1.02it/s, loss=0.0273]
Epoch 45:  18%|#.........| 107/585 [00:01:44<00:07:46,  1.03it/s, loss=0.0271]
Epoch 45:  19%|#.........| 112/585 [00:01:49<00:07:42,  1.02it/s, loss=0.0269]
Epoch 45:  20%|##........| 118/585 [00:01:55<00:07:35,  1.03it/s, loss=0.0269]
Epoch 45:  21%|##........| 124/585 [00:02:00<00:07:29,  1.03it/s, loss=0.0266]
Epoch 45:  22%|##........| 129/585 [00:02:05<00:07:24,  1.03it/s, loss=0.0265]
Epoch 45:  23%|##........| 134/585 [00:02:11<00:07:21,  1.02it/s, loss=0.0263]
Epoch 45:  24%|##........| 140/585 [00:02:16<00:07:13,  1.03it/s, loss=0.0262]
Epoch 45:  25%|##........| 145/585 [00:02:21<00:07:10,  1.02it/s, loss=0.0263]
Epoch 45:  26%|##........| 150/585 [00:02:27<00:07:06,  1.02it/s, loss=0.0265]
Epoch 45:  26%|##........| 155/585 [00:02:32<00:07:03,  1.02it/s, loss=0.0264]
Epoch 45:  27%|##........| 160/585 [00:02:38<00:07:01,  1.01it/s, loss=0.0267]
Epoch 45:  28%|##........| 165/585 [00:02:43<00:06:57,  1.01it/s, loss=0.0266]
Epoch 45:  29%|##........| 169/585 [00:02:48<00:06:55,  1.00it/s, loss=0.0267]
Epoch 45:  30%|##........| 174/585 [00:02:54<00:06:52,  1.00it/s, loss=0.0266]
Epoch 45:  31%|###.......| 180/585 [00:03:00<00:06:45,  1.00it/s, loss=0.0265]
Epoch 45:  32%|###.......| 186/585 [00:03:05<00:06:38,  1.00it/s, loss=0.0265]
Epoch 45:  33%|###.......| 191/585 [00:03:11<00:06:34,  1.00it/s, loss=0.0264]
Epoch 45:  34%|###.......| 197/585 [00:03:16<00:06:27,  1.00it/s, loss=0.0263]
Epoch 45:  35%|###.......| 202/585 [00:03:22<00:06:23,  1.00it/s, loss=0.0263]
Epoch 45:  35%|###.......| 207/585 [00:03:27<00:06:19,  1.00it/s, loss=0.0263]
Epoch 45:  36%|###.......| 211/585 [00:03:32<00:06:17,  0.99it/s, loss=0.0262]
Epoch 45:  37%|###.......| 216/585 [00:03:38<00:06:12,  0.99it/s, loss=0.0262]
Epoch 45:  38%|###.......| 221/585 [00:03:44<00:06:10,  0.98it/s, loss=0.0261]
Epoch 45:  39%|###.......| 227/585 [00:03:50<00:06:03,  0.98it/s, loss=0.0261]
Epoch 45:  40%|###.......| 232/585 [00:03:55<00:05:58,  0.98it/s, loss=0.0260]
Epoch 45:  41%|####......| 238/585 [00:04:01<00:05:52,  0.99it/s, loss=0.0259]
Epoch 45:  42%|####......| 243/585 [00:04:07<00:05:48,  0.98it/s, loss=0.0260]
Epoch 45:  43%|####......| 249/585 [00:04:13<00:05:42,  0.98it/s, loss=0.0259]
Epoch 45:  43%|####......| 254/585 [00:04:18<00:05:37,  0.98it/s, loss=0.0259]
Epoch 45:  44%|####......| 259/585 [00:04:24<00:05:32,  0.98it/s, loss=0.0259]
Epoch 45:  45%|####......| 264/585 [00:04:30<00:05:28,  0.98it/s, loss=0.0259]
Epoch 45:  46%|####......| 269/585 [00:04:36<00:05:24,  0.97it/s, loss=0.0259]
Epoch 45:  47%|####......| 274/585 [00:04:41<00:05:19,  0.97it/s, loss=0.0259]
Epoch 45:  48%|####......| 279/585 [00:04:46<00:05:14,  0.97it/s, loss=0.0260]
Epoch 45:  49%|####......| 284/585 [00:04:52<00:05:10,  0.97it/s, loss=0.0260]
Epoch 45:  49%|####......| 289/585 [00:04:58<00:05:05,  0.97it/s, loss=0.0260]
Epoch 45:  50%|#####.....| 295/585 [00:05:03<00:04:58,  0.97it/s, loss=0.0260]
Epoch 45:  51%|#####.....| 301/585 [00:05:09<00:04:51,  0.97it/s, loss=0.0260]
Epoch 45:  52%|#####.....| 307/585 [00:05:14<00:04:45,  0.98it/s, loss=0.0259]
Epoch 45:  53%|#####.....| 312/585 [00:05:20<00:04:40,  0.97it/s, loss=0.0258]
Epoch 45:  54%|#####.....| 316/585 [00:05:25<00:04:36,  0.97it/s, loss=0.0258]
Epoch 45:  55%|#####.....| 322/585 [00:05:31<00:04:30,  0.97it/s, loss=0.0258]
Epoch 45:  56%|#####.....| 327/585 [00:05:36<00:04:25,  0.97it/s, loss=0.0257]
Epoch 45:  57%|#####.....| 333/585 [00:05:42<00:04:18,  0.97it/s, loss=0.0256]
Epoch 45:  58%|#####.....| 339/585 [00:05:47<00:04:12,  0.98it/s, loss=0.0256]
Epoch 45:  59%|#####.....| 344/585 [00:05:52<00:04:06,  0.98it/s, loss=0.0256]
Epoch 45:  60%|#####.....| 350/585 [00:05:59<00:04:01,  0.97it/s, loss=0.0256]
Epoch 45:  61%|######....| 356/585 [00:06:04<00:03:54,  0.98it/s, loss=0.0256]
Epoch 45:  62%|######....| 362/585 [00:06:10<00:03:48,  0.98it/s, loss=0.0256]
Epoch 45:  63%|######....| 368/585 [00:06:15<00:03:41,  0.98it/s, loss=0.0256]
Epoch 45:  64%|######....| 374/585 [00:06:21<00:03:35,  0.98it/s, loss=0.0255]
Epoch 45:  65%|######....| 380/585 [00:06:27<00:03:28,  0.98it/s, loss=0.0255]
Epoch 45:  66%|######....| 385/585 [00:06:32<00:03:23,  0.98it/s, loss=0.0255]
Epoch 45:  67%|######....| 390/585 [00:06:37<00:03:18,  0.98it/s, loss=0.0254]
Epoch 45:  68%|######....| 396/585 [00:06:43<00:03:12,  0.98it/s, loss=0.0254]
Epoch 45:  68%|######....| 400/585 [00:06:48<00:03:08,  0.98it/s, loss=0.0255]
Epoch 45:  69%|######....| 405/585 [00:06:53<00:03:03,  0.98it/s, loss=0.0254]
Epoch 45:  70%|#######...| 411/585 [00:06:58<00:02:57,  0.98it/s, loss=0.0254]
Epoch 45:  71%|#######...| 417/585 [00:07:04<00:02:51,  0.98it/s, loss=0.0254]
Epoch 45:  72%|#######...| 422/585 [00:07:09<00:02:45,  0.98it/s, loss=0.0254]
Epoch 45:  73%|#######...| 427/585 [00:07:14<00:02:40,  0.98it/s, loss=0.0254]
Epoch 45:  74%|#######...| 433/585 [00:07:20<00:02:34,  0.98it/s, loss=0.0253]
Epoch 45:  75%|#######...| 439/585 [00:07:25<00:02:28,  0.99it/s, loss=0.0253]
Epoch 45:  76%|#######...| 444/585 [00:07:31<00:02:23,  0.98it/s, loss=0.0254]
Epoch 45:  77%|#######...| 450/585 [00:07:37<00:02:17,  0.98it/s, loss=0.0254]
Epoch 45:  78%|#######...| 456/585 [00:07:42<00:02:10,  0.99it/s, loss=0.0254]
Epoch 45:  79%|#######...| 462/585 [00:07:48<00:02:04,  0.99it/s, loss=0.0254]
Epoch 45:  80%|#######...| 467/585 [00:07:53<00:01:59,  0.99it/s, loss=0.0254]
Epoch 45:  81%|########..| 471/585 [00:07:58<00:01:55,  0.98it/s, loss=0.0254]
Epoch 45:  82%|########..| 477/585 [00:08:04<00:01:49,  0.98it/s, loss=0.0254]
Epoch 45:  83%|########..| 483/585 [00:08:10<00:01:43,  0.99it/s, loss=0.0254]
Epoch 45:  84%|########..| 489/585 [00:08:15<00:01:37,  0.99it/s, loss=0.0254]
Epoch 45:  84%|########..| 494/585 [00:08:21<00:01:32,  0.99it/s, loss=0.0254]
Epoch 45:  85%|########..| 499/585 [00:08:26<00:01:27,  0.98it/s, loss=0.0254]
Epoch 45:  86%|########..| 505/585 [00:08:32<00:01:21,  0.99it/s, loss=0.0254]
Epoch 45:  87%|########..| 511/585 [00:08:38<00:01:15,  0.99it/s, loss=0.0254]
Epoch 45:  88%|########..| 516/585 [00:08:43<00:01:10,  0.98it/s, loss=0.0254]
Epoch 45:  89%|########..| 522/585 [00:08:49<00:01:03,  0.99it/s, loss=0.0254]
Epoch 45:  90%|#########.| 528/585 [00:08:54<00:00:57,  0.99it/s, loss=0.0254]
Epoch 45:  91%|#########.| 534/585 [00:09:00<00:00:51,  0.99it/s, loss=0.0254]
Epoch 45:  92%|#########.| 540/585 [00:09:06<00:00:45,  0.99it/s, loss=0.0255]
Epoch 45:  93%|#########.| 545/585 [00:09:12<00:00:40,  0.99it/s, loss=0.0257]
Epoch 45:  94%|#########.| 550/585 [00:09:17<00:00:35,  0.99it/s, loss=0.0257]
Epoch 45:  95%|#########.| 555/585 [00:09:23<00:00:30,  0.99it/s, loss=0.0257]
Epoch 45:  96%|#########.| 561/585 [00:09:28<00:00:24,  0.99it/s, loss=0.0256]
Epoch 45:  97%|#########.| 567/585 [00:09:34<00:00:18,  0.99it/s, loss=0.0256]
Epoch 45:  98%|#########.| 573/585 [00:09:40<00:00:12,  0.99it/s, loss=0.0256]
Epoch 45:  99%|#########.| 579/585 [00:09:45<00:00:06,  0.99it/s, loss=0.0256]
Epoch 45: 100%|##########| 585/585 [00:09:51<00:00:00,  0.99it/s, loss=0.0256]
Test loss: 0.0247, Test rmsae: 7.49deg
{"event": "epoch_complete", "epoch": 45, "phase": 2, "lr": 1e-05, "batch_size": 10, "micro_batch_size": 1, "train_loss": 0.025575931484882648, "val_loss": 0.02466450846986845, "val_rmsae_deg": 7.487824663519859, "epoch_time_s": 592.4105255249997}
Epoch 46/80:
Epoch 46:   1%|..........| 6/585 [00:00:05<00:09:21,  1.03it/s, loss=0.0242]
Epoch 46:   2%|..........| 12/585 [00:00:11<00:09:15,  1.03it/s, loss=0.0229]
Epoch 46:   3%|..........| 17/585 [00:00:16<00:09:19,  1.01it/s, loss=0.0237]
Epoch 46:   4%|..........| 22/585 [00:00:21<00:09:18,  1.01it/s, loss=0.0241]
Epoch 46:   5%|..........| 28/585 [00:00:27<00:09:10,  1.01it/s, loss=0.0242]
Epoch 46:   6%|..........| 34/585 [00:00:33<00:08:56,  1.03it/s, loss=0.0249]
Epoch 46:   7%|..........| 40/585 [00:00:38<00:08:48,  1.03it/s, loss=0.0247]
Epoch 46:   8%|..........| 46/585 [00:00:44<00:08:38,  1.04it/s, loss=0.0246]
Epoch 46:   9%|..........| 52/585 [00:00:50<00:08:35,  1.03it/s, loss=0.0246]
Epoch 46:  10%|..........| 57/585 [00:00:56<00:08:40,  1.01it/s, loss=0.0248]
Epoch 46:  11%|#.........| 63/585 [00:01:02<00:08:36,  1.01it/s, loss=0.0248]
Epoch 46:  12%|#.........| 68/585 [00:01:07<00:08:35,  1.00it/s, loss=0.0250]
Epoch 46:  12%|#.........| 73/585 [00:01:13<00:08:34,  1.00it/s, loss=0.0249]
Epoch 46:  14%|#.........| 79/585 [00:01:18<00:08:25,  1.00it/s, loss=0.0252]
Epoch 46:  15%|#.........| 85/585 [00:01:24<00:08:16,  1.01it/s, loss=0.0251]
Epoch 46:  15%|#.........| 90/585 [00:01:29<00:08:12,  1.01it/s, loss=0.0249]
Epoch 46:  16%|#.........| 94/585 [00:01:34<00:08:15,  0.99it/s, loss=0.0252]
Epoch 46:  17%|#.........| 100/585 [00:01:40<00:08:07,  1.00it/s, loss=0.0251]
Epoch 46:  18%|#.........| 105/585 [00:01:45<00:08:04,  0.99it/s, loss=0.0252]
Epoch 46:  19%|#.........| 111/585 [00:01:51<00:07:57,  0.99it/s, loss=0.0254]
Epoch 46:  20%|#.........| 116/585 [00:01:57<00:07:53,  0.99it/s, loss=0.0257]
Epoch 46:  21%|##........| 121/585 [00:02:02<00:07:50,  0.99it/s, loss=0.0263]
Epoch 46:  22%|##........| 127/585 [00:02:07<00:07:40,  0.99it/s, loss=0.0261]
Epoch 46:  23%|##........| 132/585 [00:02:14<00:07:42,  0.98it/s, loss=0.0262]
Epoch 46:  23%|##........| 137/585 [00:02:20<00:07:38,  0.98it/s, loss=0.0263]
Epoch 46:  24%|##........| 142/585 [00:02:25<00:07:33,  0.98it/s, loss=0.0264]
Epoch 46:  25%|##........| 147/585 [00:02:30<00:07:28,  0.98it/s, loss=0.0264]
Epoch 46:  26%|##........| 152/585 [00:02:36<00:07:25,  0.97it/s, loss=0.0264]
Epoch 46:  27%|##........| 158/585 [00:02:41<00:07:16,  0.98it/s, loss=0.0262]
Epoch 46:  28%|##........| 163/585 [00:02:46<00:07:11,  0.98it/s, loss=0.0261]
Epoch 46:  29%|##........| 169/585 [00:02:52<00:07:04,  0.98it/s, loss=0.0264]
Epoch 46:  30%|##........| 175/585 [00:02:57<00:06:56,  0.98it/s, loss=0.0265]
Epoch 46:  31%|###.......| 181/585 [00:03:04<00:06:50,  0.98it/s, loss=0.0265]
Epoch 46:  32%|###.......| 187/585 [00:03:09<00:06:43,  0.99it/s, loss=0.0278]
Epoch 46:  33%|###.......| 193/585 [00:03:15<00:06:36,  0.99it/s, loss=0.0278]
Epoch 46:  34%|###.......| 199/585 [00:03:20<00:06:29,  0.99it/s, loss=0.0279]
Epoch 46:  35%|###.......| 204/585 [00:03:26<00:06:25,  0.99it/s, loss=0.0279]
Epoch 46:  36%|###.......| 210/585 [00:03:31<00:06:17,  0.99it/s, loss=0.0278]
Epoch 46:  37%|###.......| 216/585 [00:03:36<00:06:10,  1.00it/s, loss=0.0277]
Epoch 46:  38%|###.......| 221/585 [00:03:42<00:06:06,  0.99it/s, loss=0.0277]
Epoch 46:  39%|###.......| 227/585 [00:03:48<00:05:59,  1.00it/s, loss=0.0275]
Epoch 46:  40%|###.......| 233/585 [00:03:53<00:05:53,  1.00it/s, loss=0.0274]
Epoch 46:  41%|####......| 238/585 [00:03:59<00:05:48,  1.00it/s, loss=0.0273]
Epoch 46:  42%|####......| 243/585 [00:04:04<00:05:43,  0.99it/s, loss=0.0272]
Epoch 46:  43%|####......| 249/585 [00:04:09<00:05:37,  1.00it/s, loss=0.0271]
Epoch 46:  44%|####......| 255/585 [00:04:14<00:05:29,  1.00it/s, loss=0.0270]
Epoch 46:  44%|####......| 260/585 [00:04:20<00:05:25,  1.00it/s, loss=0.0271]
Epoch 46:  45%|####......| 266/585 [00:04:26<00:05:19,  1.00it/s, loss=0.0270]
Epoch 46:  46%|####......| 272/585 [00:04:31<00:05:11,  1.00it/s, loss=0.0269]
Epoch 46:  48%|####......| 278/585 [00:04:36<00:05:05,  1.01it/s, loss=0.0268]
Epoch 46:  48%|####......| 283/585 [00:04:41<00:05:00,  1.01it/s, loss=0.0268]
Epoch 46:  49%|####......| 288/585 [00:04:46<00:04:55,  1.00it/s, loss=0.0268]
Epoch 46:  50%|#####.....| 294/585 [00:04:52<00:04:49,  1.00it/s, loss=0.0267]
Epoch 46:  51%|#####.....| 300/585 [00:04:58<00:04:43,  1.01it/s, loss=0.0268]
Epoch 46:  52%|#####.....| 306/585 [00:05:03<00:04:36,  1.01it/s, loss=0.0267]
Epoch 46:  53%|#####.....| 312/585 [00:05:08<00:04:30,  1.01it/s, loss=0.0266]
Epoch 46:  54%|#####.....| 318/585 [00:05:14<00:04:23,  1.01it/s, loss=0.0266]
Epoch 46:  55%|#####.....| 323/585 [00:05:19<00:04:19,  1.01it/s, loss=0.0266]
Epoch 46:  56%|#####.....| 329/585 [00:05:25<00:04:12,  1.01it/s, loss=0.0265]
Epoch 46:  57%|#####.....| 335/585 [00:05:31<00:04:07,  1.01it/s, loss=0.0265]
Epoch 46:  58%|#####.....| 341/585 [00:05:37<00:04:01,  1.01it/s, loss=0.0265]
Epoch 46:  59%|#####.....| 347/585 [00:05:43<00:03:55,  1.01it/s, loss=0.0266]
Epoch 46:  60%|######....| 352/585 [00:05:48<00:03:50,  1.01it/s, loss=0.0266]
Epoch 46:  61%|######....| 357/585 [00:05:53<00:03:45,  1.01it/s, loss=0.0265]
Epoch 46:  62%|######....| 363/585 [00:05:59<00:03:39,  1.01it/s, loss=0.0264]
Epoch 46:  63%|######....| 368/585 [00:06:04<00:03:34,  1.01it/s, loss=0.0265]
Epoch 46:  64%|######....| 373/585 [00:06:09<00:03:29,  1.01it/s, loss=0.0268]
Epoch 46:  65%|######....| 378/585 [00:06:15<00:03:25,  1.01it/s, loss=0.0268]
Epoch 46:  65%|######....| 383/585 [00:06:20<00:03:20,  1.01it/s, loss=0.0268]
Epoch 46:  66%|######....| 388/585 [00:06:25<00:03:15,  1.01it/s, loss=0.0268]
Epoch 46:  67%|######....| 394/585 [00:06:30<00:03:09,  1.01it/s, loss=0.0268]
Epoch 46:  68%|######....| 400/585 [00:06:36<00:03:03,  1.01it/s, loss=0.0267]
Epoch 46:  69%|######....| 406/585 [00:06:42<00:02:57,  1.01it/s, loss=0.0267]
Epoch 46:  70%|#######...| 412/585 [00:06:48<00:02:51,  1.01it/s, loss=0.0267]
Epoch 46:  71%|#######...| 417/585 [00:06:53<00:02:46,  1.01it/s, loss=0.0267]
Epoch 46:  72%|#######...| 423/585 [00:06:58<00:02:40,  1.01it/s, loss=0.0267]
Epoch 46:  73%|#######...| 428/585 [00:07:03<00:02:35,  1.01it/s, loss=0.0267]
Epoch 46:  74%|#######...| 434/585 [00:07:09<00:02:29,  1.01it/s, loss=0.0266]
Epoch 46:  75%|#######...| 439/585 [00:07:14<00:02:24,  1.01it/s, loss=0.0266]
Epoch 46:  76%|#######...| 445/585 [00:07:20<00:02:18,  1.01it/s, loss=0.0265]
Epoch 46:  77%|#######...| 450/585 [00:07:25<00:02:13,  1.01it/s, loss=0.0265]
Epoch 46:  78%|#######...| 454/585 [00:07:31<00:02:10,  1.00it/s, loss=0.0265]
Epoch 46:  78%|#######...| 459/585 [00:07:37<00:02:05,  1.00it/s, loss=0.0265]
Epoch 46:  79%|#######...| 462/585 [00:07:42<00:02:03,  1.00it/s, loss=0.0265]
Epoch 46:  80%|########..| 468/585 [00:07:48<00:01:57,  1.00it/s, loss=0.0265]
Epoch 46:  81%|########..| 472/585 [00:07:53<00:01:53,  1.00it/s, loss=0.0267]
Epoch 46:  82%|########..| 477/585 [00:07:58<00:01:48,  1.00it/s, loss=0.0267]
Epoch 46:  82%|########..| 482/585 [00:08:03<00:01:43,  1.00it/s, loss=0.0267]
Epoch 46:  83%|########..| 488/585 [00:08:09<00:01:37,  1.00it/s, loss=0.0267]
Epoch 46:  84%|########..| 494/585 [00:08:16<00:01:31,  1.00it/s, loss=0.0267]
Epoch 46:  85%|########..| 500/585 [00:08:21<00:01:25,  1.00it/s, loss=0.0267]
Epoch 46:  86%|########..| 506/585 [00:08:27<00:01:19,  1.00it/s, loss=0.0267]
Epoch 46:  88%|########..| 512/585 [00:08:33<00:01:13,  1.00it/s, loss=0.0266]
Epoch 46:  89%|########..| 518/585 [00:08:38<00:01:07,  1.00it/s, loss=0.0266]
Epoch 46:  89%|########..| 523/585 [00:08:43<00:01:02,  1.00it/s, loss=0.0266]
Epoch 46:  90%|#########.| 528/585 [00:08:49<00:00:57,  1.00it/s, loss=0.0267]
Epoch 46:  91%|#########.| 534/585 [00:08:54<00:00:51,  1.00it/s, loss=0.0266]
Epoch 46:  92%|#########.| 539/585 [00:08:59<00:00:46,  1.00it/s, loss=0.0266]
Epoch 46:  93%|#########.| 545/585 [00:09:05<00:00:40,  1.00it/s, loss=0.0266]
Epoch 46:  94%|#########.| 551/585 [00:09:10<00:00:33,  1.00it/s, loss=0.0266]
Epoch 46:  95%|#########.| 555/585 [00:09:16<00:00:30,  1.00it/s, loss=0.0265]
Epoch 46:  96%|#########.| 561/585 [00:09:22<00:00:24,  1.00it/s, loss=0.0265]
Epoch 46:  97%|#########.| 566/585 [00:09:27<00:00:19,  1.00it/s, loss=0.0265]
Epoch 46:  98%|#########.| 571/585 [00:09:32<00:00:14,  1.00it/s, loss=0.0265]
Epoch 46:  98%|#########.| 576/585 [00:09:38<00:00:09,  1.00it/s, loss=0.0265]
Epoch 46:  99%|#########.| 582/585 [00:09:44<00:00:03,  1.00it/s, loss=0.0265]
Epoch 46: 100%|##########| 585/585 [00:09:47<00:00:00,  1.00it/s, loss=0.0264]
Test loss: 0.0247, Test rmsae: 7.42deg
{"event": "epoch_complete", "epoch": 46, "phase": 2, "lr": 1e-05, "batch_size": 10, "micro_batch_size": 1, "train_loss": 0.026434768605818098, "val_loss": 0.024650447303429246, "val_rmsae_deg": 7.417904287576675, "epoch_time_s": 588.0254337609986}
Epoch 47/80:
Epoch 47:   1%|..........| 5/585 [00:00:05<00:09:43,  0.99it/s, loss=0.0249]
Epoch 47:   2%|..........| 10/585 [00:00:10<00:10:18,  0.93it/s, loss=0.0397]
Epoch 47:   3%|..........| 15/585 [00:00:15<00:10:05,  0.94it/s, loss=0.0344]
Epoch 47:   4%|..........| 21/585 [00:00:21<00:09:44,  0.96it/s, loss=0.0314]
Epoch 47:   4%|..........| 26/585 [00:00:26<00:09:36,  0.97it/s, loss=0.0299]
Epoch 47:   5%|..........| 31/585 [00:00:32<00:09:32,  0.97it/s, loss=0.0291]
Epoch 47:   6%|..........| 37/585 [00:00:37<00:09:15,  0.99it/s, loss=0.0281]
Epoch 47:   7%|..........| 43/585 [00:00:43<00:09:07,  0.99it/s, loss=0.0275]
Epoch 47:   8%|..........| 48/585 [00:00:48<00:09:04,  0.99it/s, loss=0.0271]
Epoch 47:   9%|..........| 54/585 [00:00:54<00:08:57,  0.99it/s, loss=0.0266]
Epoch 47:  10%|#.........| 59/585 [00:00:59<00:08:52,  0.99it/s, loss=0.0272]
Epoch 47:  11%|#.........| 65/585 [00:01:04<00:08:38,  1.00it/s, loss=0.0269]
Epoch 47:  12%|#.........| 70/585 [00:01:10<00:08:35,  1.00it/s, loss=0.0267]
Epoch 47:  13%|#.........| 76/585 [00:01:15<00:08:26,  1.00it/s, loss=0.0267]
Epoch 47:  14%|#.........| 81/585 [00:01:21<00:08:26,  0.99it/s, loss=0.0270]
Epoch 47:  15%|#.........| 87/585 [00:01:26<00:08:16,  1.00it/s, loss=0.0269]
Epoch 47:  16%|#.........| 92/585 [00:01:32<00:08:13,  1.00it/s, loss=0.0268]
Epoch 47:  17%|#.........| 97/585 [00:01:37<00:08:09,  1.00it/s, loss=0.0267]
Epoch 47:  18%|#.........| 103/585 [00:01:42<00:08:00,  1.00it/s, loss=0.0264]
Epoch 47:  19%|#.........| 109/585 [00:01:47<00:07:51,  1.01it/s, loss=0.0261]
Epoch 47:  20%|#.........| 115/585 [00:01:53<00:07:45,  1.01it/s, loss=0.0261]
Epoch 47:  21%|##........| 120/585 [00:02:00<00:07:47,  1.00it/s, loss=0.0262]
Epoch 47:  22%|##........| 126/585 [00:02:06<00:07:40,  1.00it/s, loss=0.0262]
Epoch 47:  22%|##........| 131/585 [00:02:11<00:07:36,  0.99it/s, loss=0.0263]
Epoch 47:  23%|##........| 137/585 [00:02:17<00:07:28,  1.00it/s, loss=0.0262]
Epoch 47:  24%|##........| 143/585 [00:02:23<00:07:22,  1.00it/s, loss=0.0260]
Epoch 47:  25%|##........| 149/585 [00:02:28<00:07:14,  1.00it/s, loss=0.0258]
Epoch 47:  26%|##........| 154/585 [00:02:33<00:07:09,  1.00it/s, loss=0.0258]
Epoch 47:  27%|##........| 160/585 [00:02:39<00:07:02,  1.00it/s, loss=0.0257]
Epoch 47:  28%|##........| 166/585 [00:02:44<00:06:55,  1.01it/s, loss=0.0256]
Epoch 47:  29%|##........| 171/585 [00:02:49<00:06:51,  1.01it/s, loss=0.0256]
Epoch 47:  30%|###.......| 177/585 [00:02:56<00:06:46,  1.00it/s, loss=0.0256]
Epoch 47:  31%|###.......| 183/585 [00:03:02<00:06:40,  1.00it/s, loss=0.0257]
Epoch 47:  32%|###.......| 188/585 [00:03:07<00:06:36,  1.00it/s, loss=0.0256]
Epoch 47:  33%|###.......| 193/585 [00:03:12<00:06:31,  1.00it/s, loss=0.0255]
Epoch 47:  34%|###.......| 198/585 [00:03:17<00:06:26,  1.00it/s, loss=0.0254]
Epoch 47:  35%|###.......| 204/585 [00:03:23<00:06:19,  1.00it/s, loss=0.0255]
Epoch 47:  36%|###.......| 210/585 [00:03:28<00:06:12,  1.01it/s, loss=0.0254]
Epoch 47:  37%|###.......| 216/585 [00:03:33<00:06:05,  1.01it/s, loss=0.0254]
Epoch 47:  38%|###.......| 222/585 [00:03:39<00:05:58,  1.01it/s, loss=0.0255]
Epoch 47:  39%|###.......| 227/585 [00:03:44<00:05:53,  1.01it/s, loss=0.0255]
Epoch 47:  40%|###.......| 233/585 [00:03:50<00:05:47,  1.01it/s, loss=0.0256]
Epoch 47:  41%|####......| 239/585 [00:03:55<00:05:40,  1.02it/s, loss=0.0255]
Epoch 47:  42%|####......| 244/585 [00:04:00<00:05:36,  1.01it/s, loss=0.0255]
Epoch 47:  43%|####......| 250/585 [00:04:06<00:05:30,  1.01it/s, loss=0.0255]
Epoch 47:  44%|####......| 256/585 [00:04:12<00:05:24,  1.02it/s, loss=0.0254]
Epoch 47:  45%|####......| 262/585 [00:04:17<00:05:18,  1.02it/s, loss=0.0254]
Epoch 47:  46%|####......| 268/585 [00:04:23<00:05:11,  1.02it/s, loss=0.0253]
Epoch 47:  47%|####......| 274/585 [00:04:29<00:05:05,  1.02it/s, loss=0.0252]
Epoch 47:  48%|####......| 279/585 [00:04:34<00:05:01,  1.02it/s, loss=0.0253]
Epoch 47:  49%|####......| 285/585 [00:04:40<00:04:55,  1.02it/s, loss=0.0253]
Epoch 47:  50%|####......| 291/585 [00:04:45<00:04:48,  1.02it/s, loss=0.0253]
Epoch 47:  51%|#####.....| 297/585 [00:04:51<00:04:43,  1.02it/s, loss=0.0252]
Epoch 47:  52%|#####.....| 302/585 [00:04:57<00:04:38,  1.02it/s, loss=0.0252]
Epoch 47:  53%|#####.....| 308/585 [00:05:02<00:04:32,  1.02it/s, loss=0.0252]
Epoch 47:  54%|#####.....| 313/585 [00:05:07<00:04:27,  1.02it/s, loss=0.0254]
Epoch 47:  54%|#####.....| 318/585 [00:05:13<00:04:22,  1.02it/s, loss=0.0254]
Epoch 47:  55%|#####.....| 324/585 [00:05:18<00:04:16,  1.02it/s, loss=0.0253]
Epoch 47:  56%|#####.....| 329/585 [00:05:23<00:04:12,  1.02it/s, loss=0.0254]
Epoch 47:  57%|#####.....| 334/585 [00:05:29<00:04:07,  1.01it/s, loss=0.0254]
Epoch 47:  58%|#####.....| 340/585 [00:05:34<00:04:01,  1.02it/s, loss=0.0253]
Epoch 47:  59%|#####.....| 346/585 [00:05:40<00:03:54,  1.02it/s, loss=0.0252]
Epoch 47:  60%|######....| 351/585 [00:05:45<00:03:50,  1.02it/s, loss=0.0253]
Epoch 47:  61%|######....| 357/585 [00:05:51<00:03:44,  1.02it/s, loss=0.0253]
Epoch 47:  62%|######....| 362/585 [00:05:56<00:03:39,  1.02it/s, loss=0.0253]
Epoch 47:  63%|######....| 367/585 [00:06:01<00:03:34,  1.02it/s, loss=0.0252]
Epoch 47:  64%|######....| 372/585 [00:06:06<00:03:29,  1.01it/s, loss=0.0252]
Epoch 47:  65%|######....| 378/585 [00:06:12<00:03:24,  1.01it/s, loss=0.0252]
Epoch 47:  65%|######....| 383/585 [00:06:17<00:03:19,  1.01it/s, loss=0.0252]
Epoch 47:  66%|######....| 388/585 [00:06:23<00:03:14,  1.01it/s, loss=0.0252]
Epoch 47:  67%|######....| 393/585 [00:06:28<00:03:09,  1.01it/s, loss=0.0252]
Epoch 47:  68%|######....| 399/585 [00:06:34<00:03:03,  1.01it/s, loss=0.0251]
Epoch 47:  69%|######....| 404/585 [00:06:39<00:02:59,  1.01it/s, loss=0.0252]
Epoch 47:  70%|#######...| 410/585 [00:06:45<00:02:52,  1.01it/s, loss=0.0252]
Epoch 47:  71%|#######...| 415/585 [00:06:50<00:02:48,  1.01it/s, loss=0.0251]
Epoch 47:  72%|#######...| 420/585 [00:06:55<00:02:43,  1.01it/s, loss=0.0251]
Epoch 47:  73%|#######...| 426/585 [00:07:01<00:02:37,  1.01it/s, loss=0.0251]
Epoch 47:  74%|#######...| 432/585 [00:07:07<00:02:31,  1.01it/s, loss=0.0251]
Epoch 47:  75%|#######...| 437/585 [00:07:12<00:02:26,  1.01it/s, loss=0.0251]
Epoch 47:  76%|#######...| 442/585 [00:07:18<00:02:21,  1.01it/s, loss=0.0250]
Epoch 47:  76%|#######...| 447/585 [00:07:23<00:02:16,  1.01it/s, loss=0.0250]
Epoch 47:  77%|#######...| 453/585 [00:07:29<00:02:11,  1.01it/s, loss=0.0251]
Epoch 47:  78%|#######...| 458/585 [00:07:35<00:02:06,  1.01it/s, loss=0.0251]
Epoch 47:  79%|#######...| 462/585 [00:07:40<00:02:02,  1.00it/s, loss=0.0251]
Epoch 47:  80%|#######...| 467/585 [00:07:45<00:01:57,  1.00it/s, loss=0.0251]
Epoch 47:  81%|########..| 472/585 [00:07:50<00:01:52,  1.00it/s, loss=0.0253]
Epoch 47:  82%|########..| 477/585 [00:07:56<00:01:47,  1.00it/s, loss=0.0253]
Epoch 47:  83%|########..| 483/585 [00:08:02<00:01:41,  1.00it/s, loss=0.0252]
Epoch 47:  84%|########..| 489/585 [00:08:07<00:01:35,  1.00it/s, loss=0.0252]
Epoch 47:  85%|########..| 495/585 [00:08:13<00:01:29,  1.00it/s, loss=0.0252]
Epoch 47:  86%|########..| 501/585 [00:08:19<00:01:23,  1.00it/s, loss=0.0252]
Epoch 47:  87%|########..| 507/585 [00:08:25<00:01:17,  1.00it/s, loss=0.0251]
Epoch 47:  88%|########..| 513/585 [00:08:30<00:01:11,  1.00it/s, loss=0.0252]
Epoch 47:  89%|########..| 519/585 [00:08:36<00:01:05,  1.00it/s, loss=0.0252]
Epoch 47:  90%|########..| 524/585 [00:08:41<00:01:00,  1.00it/s, loss=0.0252]
Epoch 47:  91%|#########.| 530/585 [00:08:48<00:00:54,  1.00it/s, loss=0.0251]
Epoch 47:  91%|#########.| 534/585 [00:08:53<00:00:50,  1.00it/s, loss=0.0253]
Epoch 47:  92%|#########.| 540/585 [00:08:59<00:00:44,  1.00it/s, loss=0.0253]
Epoch 47:  93%|#########.| 546/585 [00:09:05<00:00:38,  1.00it/s, loss=0.0252]
Epoch 47:  94%|#########.| 551/585 [00:09:10<00:00:33,  1.00it/s, loss=0.0252]
Epoch 47:  95%|#########.| 557/585 [00:09:16<00:00:27,  1.00it/s, loss=0.0252]
Epoch 47:  96%|#########.| 562/585 [00:09:21<00:00:22,  1.00it/s, loss=0.0252]
Epoch 47:  97%|#########.| 568/585 [00:09:27<00:00:16,  1.00it/s, loss=0.0252]
Epoch 47:  98%|#########.| 574/585 [00:09:32<00:00:10,  1.00it/s, loss=0.0252]
Epoch 47:  99%|#########.| 580/585 [00:09:38<00:00:04,  1.00it/s, loss=0.0252]
Epoch 47: 100%|##########| 585/585 [00:09:43<00:00:00,  1.00it/s, loss=0.0252]
Test loss: 0.0247, Test rmsae: 7.43deg
{"event": "epoch_complete", "epoch": 47, "phase": 2, "lr": 1e-05, "batch_size": 10, "micro_batch_size": 1, "train_loss": 0.025223946017332566, "val_loss": 0.02465938322711736, "val_rmsae_deg": 7.433186590671539, "epoch_time_s": 584.2567616199995}
Epoch 48/80:
Epoch 48:   1%|..........| 6/585 [00:00:05<00:08:30,  1.13it/s, loss=0.0240]
Epoch 48:   2%|..........| 12/585 [00:00:11<00:08:55,  1.07it/s, loss=0.0234]
Epoch 48:   3%|..........| 18/585 [00:00:16<00:08:39,  1.09it/s, loss=0.0241]
Epoch 48:   4%|..........| 24/585 [00:00:22<00:08:49,  1.06it/s, loss=0.0255]
Epoch 48:   5%|..........| 29/585 [00:00:27<00:08:50,  1.05it/s, loss=0.0259]
Epoch 48:   6%|..........| 35/585 [00:00:33<00:08:50,  1.04it/s, loss=0.0256]
Epoch 48:   7%|..........| 40/585 [00:00:39<00:08:54,  1.02it/s, loss=0.0253]
Epoch 48:   8%|..........| 45/585 [00:00:45<00:09:01,  1.00it/s, loss=0.0251]
Epoch 48:   9%|..........| 51/585 [00:00:51<00:08:54,  1.00it/s, loss=0.0249]
Epoch 48:  10%|..........| 57/585 [00:00:56<00:08:43,  1.01it/s, loss=0.0250]
Epoch 48:  11%|#.........| 62/585 [00:01:01<00:08:41,  1.00it/s, loss=0.0250]
Epoch 48:  11%|#.........| 67/585 [00:01:06<00:08:37,  1.00it/s, loss=0.0252]
Epoch 48:  12%|#.........| 73/585 [00:01:12<00:08:29,  1.00it/s, loss=0.0253]
Epoch 48:  13%|#.........| 78/585 [00:01:18<00:08:30,  0.99it/s, loss=0.0254]
Epoch 48:  14%|#.........| 84/585 [00:01:23<00:08:19,  1.00it/s, loss=0.0250]
Epoch 48:  15%|#.........| 90/585 [00:01:29<00:08:12,  1.00it/s, loss=0.0250]
Epoch 48:  16%|#.........| 96/585 [00:01:34<00:08:03,  1.01it/s, loss=0.0250]
Epoch 48:  17%|#.........| 101/585 [00:01:39<00:07:59,  1.01it/s, loss=0.0250]
Epoch 48:  18%|#.........| 107/585 [00:01:45<00:07:52,  1.01it/s, loss=0.0250]
Epoch 48:  19%|#.........| 113/585 [00:01:51<00:07:44,  1.02it/s, loss=0.0249]
Epoch 48:  20%|##........| 119/585 [00:01:56<00:07:37,  1.02it/s, loss=0.0249]
Epoch 48:  21%|##........| 124/585 [00:02:02<00:07:35,  1.01it/s, loss=0.0252]
Epoch 48:  22%|##........| 129/585 [00:02:07<00:07:32,  1.01it/s, loss=0.0251]
Epoch 48:  23%|##........| 135/585 [00:02:13<00:07:24,  1.01it/s, loss=0.0253]
Epoch 48:  24%|##........| 141/585 [00:02:18<00:07:16,  1.02it/s, loss=0.0251]
Epoch 48:  25%|##........| 147/585 [00:02:24<00:07:10,  1.02it/s, loss=0.0250]
Epoch 48:  26%|##........| 153/585 [00:02:30<00:07:05,  1.02it/s, loss=0.0252]
Epoch 48:  27%|##........| 159/585 [00:02:36<00:06:58,  1.02it/s, loss=0.0252]
Epoch 48:  28%|##........| 165/585 [00:02:41<00:06:52,  1.02it/s, loss=0.0251]
Epoch 48:  29%|##........| 171/585 [00:02:47<00:06:44,  1.02it/s, loss=0.0250]
Epoch 48:  30%|###.......| 177/585 [00:02:53<00:06:38,  1.02it/s, loss=0.0249]
Epoch 48:  31%|###.......| 183/585 [00:02:58<00:06:32,  1.02it/s, loss=0.0248]
Epoch 48:  32%|###.......| 189/585 [00:03:04<00:06:26,  1.03it/s, loss=0.0247]
Epoch 48:  33%|###.......| 195/585 [00:03:10<00:06:20,  1.03it/s, loss=0.0247]
Epoch 48:  34%|###.......| 201/585 [00:03:16<00:06:14,  1.02it/s, loss=0.0247]
Epoch 48:  35%|###.......| 207/585 [00:03:21<00:06:07,  1.03it/s, loss=0.0247]
Epoch 48:  36%|###.......| 213/585 [00:03:27<00:06:02,  1.03it/s, loss=0.0246]
Epoch 48:  37%|###.......| 219/585 [00:03:33<00:05:56,  1.03it/s, loss=0.0245]
Epoch 48:  38%|###.......| 225/585 [00:03:38<00:05:49,  1.03it/s, loss=0.0244]
Epoch 48:  39%|###.......| 231/585 [00:03:44<00:05:43,  1.03it/s, loss=0.0244]
Epoch 48:  40%|####......| 236/585 [00:03:49<00:05:39,  1.03it/s, loss=0.0244]
Epoch 48:  41%|####......| 242/585 [00:03:55<00:05:33,  1.03it/s, loss=0.0244]
Epoch 48:  42%|####......| 247/585 [00:04:00<00:05:29,  1.03it/s, loss=0.0244]
Epoch 48:  43%|####......| 253/585 [00:04:06<00:05:23,  1.03it/s, loss=0.0244]
Epoch 48:  44%|####......| 258/585 [00:04:11<00:05:18,  1.03it/s, loss=0.0244]
Epoch 48:  45%|####......| 264/585 [00:04:17<00:05:12,  1.03it/s, loss=0.0245]
Epoch 48:  46%|####......| 270/585 [00:04:22<00:05:06,  1.03it/s, loss=0.0244]
Epoch 48:  47%|####......| 276/585 [00:04:28<00:05:00,  1.03it/s, loss=0.0244]
Epoch 48:  48%|####......| 281/585 [00:04:33<00:04:56,  1.03it/s, loss=0.0244]
Epoch 48:  49%|####......| 287/585 [00:04:39<00:04:49,  1.03it/s, loss=0.0244]
Epoch 48:  50%|#####.....| 293/585 [00:04:44<00:04:43,  1.03it/s, loss=0.0243]
Epoch 48:  51%|#####.....| 299/585 [00:04:50<00:04:38,  1.03it/s, loss=0.0242]
Epoch 48:  52%|#####.....| 304/585 [00:04:56<00:04:34,  1.02it/s, loss=0.0243]
Epoch 48:  53%|#####.....| 308/585 [00:05:02<00:04:32,  1.02it/s, loss=0.0243]
Epoch 48:  54%|#####.....| 314/585 [00:05:07<00:04:25,  1.02it/s, loss=0.0243]
Epoch 48:  54%|#####.....| 318/585 [00:05:13<00:04:22,  1.02it/s, loss=0.0243]
Epoch 48:  55%|#####.....| 323/585 [00:05:18<00:04:18,  1.02it/s, loss=0.0243]
Epoch 48:  56%|#####.....| 329/585 [00:05:23<00:04:11,  1.02it/s, loss=0.0243]
Epoch 48:  57%|#####.....| 335/585 [00:05:29<00:04:05,  1.02it/s, loss=0.0243]
Epoch 48:  58%|#####.....| 341/585 [00:05:34<00:03:59,  1.02it/s, loss=0.0243]
Epoch 48:  59%|#####.....| 347/585 [00:05:40<00:03:53,  1.02it/s, loss=0.0244]
Epoch 48:  60%|######....| 353/585 [00:05:46<00:03:47,  1.02it/s, loss=0.0244]
Epoch 48:  61%|######....| 359/585 [00:05:51<00:03:41,  1.02it/s, loss=0.0244]
Epoch 48:  62%|######....| 364/585 [00:05:58<00:03:37,  1.02it/s, loss=0.0244]
Epoch 48:  63%|######....| 369/585 [00:06:03<00:03:32,  1.02it/s, loss=0.0244]
Epoch 48:  64%|######....| 375/585 [00:06:08<00:03:26,  1.02it/s, loss=0.0244]
Epoch 48:  65%|######....| 381/585 [00:06:14<00:03:20,  1.02it/s, loss=0.0244]
Epoch 48:  66%|######....| 387/585 [00:06:20<00:03:14,  1.02it/s, loss=0.0244]
Epoch 48:  67%|######....| 393/585 [00:06:25<00:03:08,  1.02it/s, loss=0.0247]
Epoch 48:  68%|######....| 399/585 [00:06:31<00:03:02,  1.02it/s, loss=0.0246]
Epoch 48:  69%|######....| 405/585 [00:06:37<00:02:56,  1.02it/s, loss=0.0246]
Epoch 48:  70%|#######...| 411/585 [00:06:43<00:02:50,  1.02it/s, loss=0.0246]
Epoch 48:  71%|#######...| 416/585 [00:06:48<00:02:45,  1.02it/s, loss=0.0246]
Epoch 48:  72%|#######...| 421/585 [00:06:53<00:02:41,  1.02it/s, loss=0.0246]
Epoch 48:  73%|#######...| 427/585 [00:06:59<00:02:35,  1.02it/s, loss=0.0246]
Epoch 48:  74%|#######...| 432/585 [00:07:04<00:02:30,  1.02it/s, loss=0.0246]
Epoch 48:  75%|#######...| 438/585 [00:07:10<00:02:24,  1.02it/s, loss=0.0246]
Epoch 48:  76%|#######...| 443/585 [00:07:17<00:02:20,  1.01it/s, loss=0.0247]
Epoch 48:  77%|#######...| 449/585 [00:07:22<00:02:14,  1.01it/s, loss=0.0247]
Epoch 48:  78%|#######...| 455/585 [00:07:28<00:02:08,  1.02it/s, loss=0.0247]
Epoch 48:  79%|#######...| 460/585 [00:07:33<00:02:03,  1.01it/s, loss=0.0247]
Epoch 48:  79%|#######...| 465/585 [00:07:38<00:01:58,  1.01it/s, loss=0.0248]
Epoch 48:  81%|########..| 471/585 [00:07:43<00:01:52,  1.02it/s, loss=0.0248]
Epoch 48:  82%|########..| 477/585 [00:07:50<00:01:46,  1.01it/s, loss=0.0247]
Epoch 48:  83%|########..| 483/585 [00:07:55<00:01:40,  1.02it/s, loss=0.0247]
Epoch 48:  84%|########..| 489/585 [00:08:00<00:01:34,  1.02it/s, loss=0.0247]
Epoch 48:  84%|########..| 494/585 [00:08:06<00:01:29,  1.02it/s, loss=0.0247]
Epoch 48:  85%|########..| 499/585 [00:08:11<00:01:24,  1.02it/s, loss=0.0248]
Epoch 48:  86%|########..| 505/585 [00:08:18<00:01:18,  1.01it/s, loss=0.0248]
Epoch 48:  87%|########..| 509/585 [00:08:23<00:01:15,  1.01it/s, loss=0.0247]
Epoch 48:  88%|########..| 515/585 [00:08:28<00:01:09,  1.01it/s, loss=0.0247]
Epoch 48:  89%|########..| 520/585 [00:08:34<00:01:04,  1.01it/s, loss=0.0247]
Epoch 48:  90%|########..| 525/585 [00:08:39<00:00:59,  1.01it/s, loss=0.0247]
Epoch 48:  91%|#########.| 530/585 [00:08:44<00:00:54,  1.01it/s, loss=0.0247]
Epoch 48:  91%|#########.| 535/585 [00:08:50<00:00:49,  1.01it/s, loss=0.0247]
Epoch 48:  92%|#########.| 541/585 [00:08:55<00:00:43,  1.01it/s, loss=0.0247]
Epoch 48:  94%|#########.| 547/585 [00:09:01<00:00:37,  1.01it/s, loss=0.0246]
Epoch 48:  95%|#########.| 553/585 [00:09:06<00:00:31,  1.01it/s, loss=0.0247]
Epoch 48:  96%|#########.| 559/585 [00:09:12<00:00:25,  1.01it/s, loss=0.0246]
Epoch 48:  96%|#########.| 564/585 [00:09:18<00:00:20,  1.01it/s, loss=0.0246]
Epoch 48:  97%|#########.| 569/585 [00:09:23<00:00:15,  1.01it/s, loss=0.0246]
Epoch 48:  98%|#########.| 574/585 [00:09:29<00:00:10,  1.01it/s, loss=0.0246]
Epoch 48:  99%|#########.| 580/585 [00:09:34<00:00:04,  1.01it/s, loss=0.0246]
Epoch 48: 100%|##########| 585/585 [00:09:39<00:00:00,  1.01it/s, loss=0.0246]
Test loss: 0.0247, Test rmsae: 7.52deg
{"event": "epoch_complete", "epoch": 48, "phase": 2, "lr": 1e-05, "batch_size": 10, "micro_batch_size": 1, "train_loss": 0.024568492772742215, "val_loss": 0.024656583729665726, "val_rmsae_deg": 7.520273208618164, "epoch_time_s": 580.2303218229972}
Epoch 49/80:
Epoch 49:   1%|..........| 6/585 [00:00:05<00:08:04,  1.19it/s, loss=0.0247]
Epoch 49:   2%|..........| 12/585 [00:00:10<00:08:30,  1.12it/s, loss=0.0262]
Epoch 49:   3%|..........| 17/585 [00:00:16<00:09:04,  1.04it/s, loss=0.0264]
Epoch 49:   4%|..........| 21/585 [00:00:21<00:09:35,  0.98it/s, loss=0.0258]
Epoch 49:   5%|..........| 27/585 [00:00:27<00:09:19,  1.00it/s, loss=0.0249]
Epoch 49:   6%|..........| 33/585 [00:00:32<00:09:03,  1.02it/s, loss=0.0242]
Epoch 49:   6%|..........| 38/585 [00:00:37<00:09:06,  1.00it/s, loss=0.0240]
Epoch 49:   7%|..........| 43/585 [00:00:43<00:09:04,  1.00it/s, loss=0.0243]
Epoch 49:   8%|..........| 49/585 [00:00:49<00:08:58,  1.00it/s, loss=0.0245]
Epoch 49:   9%|..........| 55/585 [00:00:54<00:08:46,  1.01it/s, loss=0.0243]
Epoch 49:  10%|#.........| 61/585 [00:01:00<00:08:39,  1.01it/s, loss=0.0242]
Epoch 49:  11%|#.........| 67/585 [00:01:06<00:08:31,  1.01it/s, loss=0.0240]
Epoch 49:  12%|#.........| 73/585 [00:01:11<00:08:20,  1.02it/s, loss=0.0240]
Epoch 49:  13%|#.........| 77/585 [00:01:16<00:08:27,  1.00it/s, loss=0.0241]
Epoch 49:  14%|#.........| 81/585 [00:01:22<00:08:35,  0.98it/s, loss=0.0247]
Epoch 49:  15%|#.........| 87/585 [00:01:29<00:08:31,  0.97it/s, loss=0.0248]
Epoch 49:  16%|#.........| 93/585 [00:01:35<00:08:23,  0.98it/s, loss=0.0248]
Epoch 49:  17%|#.........| 98/585 [00:01:40<00:08:19,  0.98it/s, loss=0.0248]
Epoch 49:  18%|#.........| 104/585 [00:01:46<00:08:12,  0.98it/s, loss=0.0247]
Epoch 49:  19%|#.........| 110/585 [00:01:51<00:08:01,  0.99it/s, loss=0.0246]
Epoch 49:  20%|#.........| 116/585 [00:01:56<00:07:52,  0.99it/s, loss=0.0244]
Epoch 49:  21%|##........| 121/585 [00:02:02<00:07:48,  0.99it/s, loss=0.0243]
Epoch 49:  22%|##........| 127/585 [00:02:07<00:07:40,  0.99it/s, loss=0.0243]
Epoch 49:  23%|##........| 133/585 [00:02:13<00:07:33,  1.00it/s, loss=0.0243]
Epoch 49:  24%|##........| 139/585 [00:02:19<00:07:26,  1.00it/s, loss=0.0243]
Epoch 49:  25%|##........| 145/585 [00:02:24<00:07:19,  1.00it/s, loss=0.0242]
Epoch 49:  26%|##........| 150/585 [00:02:30<00:07:15,  1.00it/s, loss=0.0242]
Epoch 49:  27%|##........| 156/585 [00:02:35<00:07:07,  1.00it/s, loss=0.0241]
Epoch 49:  28%|##........| 161/585 [00:02:40<00:07:02,  1.00it/s, loss=0.0240]
Epoch 49:  28%|##........| 166/585 [00:02:45<00:06:58,  1.00it/s, loss=0.0239]
Epoch 49:  29%|##........| 172/585 [00:02:52<00:06:53,  1.00it/s, loss=0.0239]
Epoch 49:  30%|###.......| 177/585 [00:02:57<00:06:48,  1.00it/s, loss=0.0240]
Epoch 49:  31%|###.......| 183/585 [00:03:02<00:06:41,  1.00it/s, loss=0.0240]
Epoch 49:  32%|###.......| 189/585 [00:03:08<00:06:35,  1.00it/s, loss=0.0241]
Epoch 49:  33%|###.......| 195/585 [00:03:14<00:06:28,  1.00it/s, loss=0.0240]
Epoch 49:  34%|###.......| 201/585 [00:03:19<00:06:21,  1.01it/s, loss=0.0240]
Epoch 49:  35%|###.......| 207/585 [00:03:25<00:06:14,  1.01it/s, loss=0.0239]
Epoch 49:  36%|###.......| 212/585 [00:03:30<00:06:10,  1.01it/s, loss=0.0239]
Epoch 49:  37%|###.......| 218/585 [00:03:35<00:06:03,  1.01it/s, loss=0.0240]
Epoch 49:  38%|###.......| 224/585 [00:03:41<00:05:56,  1.01it/s, loss=0.0239]
Epoch 49:  39%|###.......| 230/585 [00:03:47<00:05:50,  1.01it/s, loss=0.0239]
Epoch 49:  40%|####......| 235/585 [00:03:52<00:05:46,  1.01it/s, loss=0.0240]
Epoch 49:  41%|####......| 240/585 [00:03:58<00:05:42,  1.01it/s, loss=0.0240]
Epoch 49:  42%|####......| 245/585 [00:04:03<00:05:37,  1.01it/s, loss=0.0244]
Epoch 49:  43%|####......| 251/585 [00:04:08<00:05:31,  1.01it/s, loss=0.0245]
Epoch 49:  44%|####......| 256/585 [00:04:13<00:05:26,  1.01it/s, loss=0.0244]
Epoch 49:  45%|####......| 262/585 [00:04:19<00:05:19,  1.01it/s, loss=0.0245]
Epoch 49:  46%|####......| 267/585 [00:04:24<00:05:15,  1.01it/s, loss=0.0245]
Epoch 49:  47%|####......| 273/585 [00:04:30<00:05:09,  1.01it/s, loss=0.0245]
Epoch 49:  48%|####......| 279/585 [00:04:36<00:05:02,  1.01it/s, loss=0.0244]
Epoch 49:  49%|####......| 284/585 [00:04:41<00:04:58,  1.01it/s, loss=0.0244]
Epoch 49:  49%|####......| 289/585 [00:04:46<00:04:53,  1.01it/s, loss=0.0244]
Epoch 49:  50%|#####.....| 295/585 [00:04:52<00:04:47,  1.01it/s, loss=0.0243]
Epoch 49:  51%|#####.....| 300/585 [00:04:57<00:04:42,  1.01it/s, loss=0.0243]
Epoch 49:  52%|#####.....| 306/585 [00:05:03<00:04:36,  1.01it/s, loss=0.0243]
Epoch 49:  53%|#####.....| 312/585 [00:05:08<00:04:30,  1.01it/s, loss=0.0245]
Epoch 49:  54%|#####.....| 317/585 [00:05:14<00:04:25,  1.01it/s, loss=0.0245]
Epoch 49:  55%|#####.....| 322/585 [00:05:19<00:04:21,  1.01it/s, loss=0.0245]
Epoch 49:  56%|#####.....| 327/585 [00:05:24<00:04:16,  1.01it/s, loss=0.0245]
Epoch 49:  57%|#####.....| 333/585 [00:05:29<00:04:09,  1.01it/s, loss=0.0244]
Epoch 49:  58%|#####.....| 338/585 [00:05:35<00:04:04,  1.01it/s, loss=0.0244]
Epoch 49:  59%|#####.....| 343/585 [00:05:40<00:03:59,  1.01it/s, loss=0.0244]
Epoch 49:  60%|#####.....| 349/585 [00:05:45<00:03:53,  1.01it/s, loss=0.0244]
Epoch 49:  61%|######....| 355/585 [00:05:51<00:03:47,  1.01it/s, loss=0.0244]
Epoch 49:  62%|######....| 360/585 [00:05:56<00:03:43,  1.01it/s, loss=0.0245]
Epoch 49:  63%|######....| 366/585 [00:06:02<00:03:36,  1.01it/s, loss=0.0245]
Epoch 49:  64%|######....| 372/585 [00:06:07<00:03:30,  1.01it/s, loss=0.0244]
Epoch 49:  65%|######....| 378/585 [00:06:13<00:03:24,  1.01it/s, loss=0.0244]
Epoch 49:  66%|######....| 384/585 [00:06:19<00:03:18,  1.01it/s, loss=0.0244]
Epoch 49:  66%|######....| 389/585 [00:06:24<00:03:13,  1.01it/s, loss=0.0244]
Epoch 49:  68%|######....| 395/585 [00:06:30<00:03:07,  1.01it/s, loss=0.0244]
Epoch 49:  68%|######....| 400/585 [00:06:35<00:03:03,  1.01it/s, loss=0.0244]
Epoch 49:  69%|######....| 406/585 [00:06:41<00:02:56,  1.01it/s, loss=0.0244]
Epoch 49:  70%|#######...| 412/585 [00:06:46<00:02:50,  1.01it/s, loss=0.0244]
Epoch 49:  71%|#######...| 417/585 [00:06:51<00:02:45,  1.01it/s, loss=0.0244]
Epoch 49:  72%|#######...| 421/585 [00:06:57<00:02:42,  1.01it/s, loss=0.0244]
Epoch 49:  73%|#######...| 427/585 [00:07:02<00:02:36,  1.01it/s, loss=0.0244]
Epoch 49:  74%|#######...| 433/585 [00:07:07<00:02:30,  1.01it/s, loss=0.0243]
Epoch 49:  75%|#######...| 439/585 [00:07:13<00:02:24,  1.01it/s, loss=0.0244]
Epoch 49:  76%|#######...| 445/585 [00:07:19<00:02:18,  1.01it/s, loss=0.0243]
Epoch 49:  77%|#######...| 451/585 [00:07:24<00:02:12,  1.01it/s, loss=0.0243]
Epoch 49:  78%|#######...| 456/585 [00:07:29<00:02:07,  1.01it/s, loss=0.0243]
Epoch 49:  79%|#######...| 461/585 [00:07:35<00:02:02,  1.01it/s, loss=0.0243]
Epoch 49:  80%|#######...| 466/585 [00:07:40<00:01:57,  1.01it/s, loss=0.0243]
Epoch 49:  81%|########..| 471/585 [00:07:46<00:01:52,  1.01it/s, loss=0.0243]
Epoch 49:  81%|########..| 476/585 [00:07:51<00:01:48,  1.01it/s, loss=0.0243]
Epoch 49:  82%|########..| 482/585 [00:07:57<00:01:42,  1.01it/s, loss=0.0243]
Epoch 49:  83%|########..| 488/585 [00:08:03<00:01:36,  1.01it/s, loss=0.0243]
Epoch 49:  84%|########..| 493/585 [00:08:08<00:01:31,  1.01it/s, loss=0.0243]
Epoch 49:  85%|########..| 499/585 [00:08:14<00:01:25,  1.01it/s, loss=0.0242]
Epoch 49:  86%|########..| 504/585 [00:08:19<00:01:20,  1.01it/s, loss=0.0242]
Epoch 49:  87%|########..| 509/585 [00:08:25<00:01:15,  1.01it/s, loss=0.0242]
Epoch 49:  88%|########..| 514/585 [00:08:30<00:01:10,  1.01it/s, loss=0.0242]
Epoch 49:  89%|########..| 520/585 [00:08:36<00:01:04,  1.01it/s, loss=0.0242]
Epoch 49:  90%|########..| 525/585 [00:08:41<00:00:59,  1.01it/s, loss=0.0243]
Epoch 49:  91%|#########.| 531/585 [00:08:47<00:00:53,  1.01it/s, loss=0.0243]
Epoch 49:  92%|#########.| 537/585 [00:08:53<00:00:47,  1.01it/s, loss=0.0243]
Epoch 49:  93%|#########.| 543/585 [00:08:59<00:00:41,  1.01it/s, loss=0.0243]
Epoch 49:  94%|#########.| 549/585 [00:09:04<00:00:35,  1.01it/s, loss=0.0243]
Epoch 49:  95%|#########.| 554/585 [00:09:10<00:00:30,  1.01it/s, loss=0.0243]
Epoch 49:  96%|#########.| 559/585 [00:09:15<00:00:25,  1.01it/s, loss=0.0243]
Epoch 49:  96%|#########.| 564/585 [00:09:20<00:00:20,  1.01it/s, loss=0.0243]
Epoch 49:  97%|#########.| 569/585 [00:09:25<00:00:15,  1.01it/s, loss=0.0243]
Epoch 49:  98%|#########.| 574/585 [00:09:31<00:00:10,  1.00it/s, loss=0.0244]
Epoch 49:  99%|#########.| 579/585 [00:09:36<00:00:05,  1.00it/s, loss=0.0244]
Epoch 49: 100%|#########.| 584/585 [00:09:42<00:00:00,  1.00it/s, loss=0.0244]
Epoch 49: 100%|##########| 585/585 [00:09:43<00:00:00,  1.00it/s, loss=0.0244]
Test loss: 0.0246, Test rmsae: 7.38deg
{"event": "epoch_complete", "epoch": 49, "phase": 2, "lr": 1e-05, "batch_size": 10, "micro_batch_size": 1, "train_loss": 0.024414723844100268, "val_loss": 0.024618412426207215, "val_rmsae_deg": 7.377010464668274, "epoch_time_s": 584.358868067}
Epoch 50/80:
Epoch 50:   1%|..........| 5/585 [00:00:05<00:10:25,  0.93it/s, loss=0.0241]
Epoch 50:   2%|..........| 11/585 [00:00:10<00:09:05,  1.05it/s, loss=0.0243]
Epoch 50:   3%|..........| 17/585 [00:00:15<00:08:49,  1.07it/s, loss=0.0243]
Epoch 50:   4%|..........| 23/585 [00:00:20<00:08:32,  1.10it/s, loss=0.0237]
Epoch 50:   5%|..........| 29/585 [00:00:26<00:08:32,  1.09it/s, loss=0.0239]
Epoch 50:   6%|..........| 35/585 [00:00:32<00:08:30,  1.08it/s, loss=0.0235]
Epoch 50:   7%|..........| 41/585 [00:00:37<00:08:23,  1.08it/s, loss=0.0235]
Epoch 50:   8%|..........| 47/585 [00:00:43<00:08:21,  1.07it/s, loss=0.0234]
Epoch 50:   9%|..........| 52/585 [00:00:49<00:08:23,  1.06it/s, loss=0.0233]
Epoch 50:  10%|..........| 58/585 [00:00:54<00:08:17,  1.06it/s, loss=0.0233]
Epoch 50:  11%|#.........| 63/585 [00:01:00<00:08:18,  1.05it/s, loss=0.0234]
Epoch 50:  12%|#.........| 68/585 [00:01:05<00:08:16,  1.04it/s, loss=0.0232]
Epoch 50:  13%|#.........| 74/585 [00:01:10<00:08:09,  1.04it/s, loss=0.0232]
Epoch 50:  14%|#.........| 80/585 [00:01:16<00:08:04,  1.04it/s, loss=0.0232]
Epoch 50:  15%|#.........| 85/585 [00:01:22<00:08:04,  1.03it/s, loss=0.0232]
Epoch 50:  15%|#.........| 90/585 [00:01:28<00:08:06,  1.02it/s, loss=0.0232]
Epoch 50:  16%|#.........| 95/585 [00:01:34<00:08:05,  1.01it/s, loss=0.0233]
Epoch 50:  17%|#.........| 101/585 [00:01:39<00:07:57,  1.01it/s, loss=0.0233]
Epoch 50:  18%|#.........| 107/585 [00:01:45<00:07:49,  1.02it/s, loss=0.0233]
Epoch 50:  19%|#.........| 112/585 [00:01:50<00:07:45,  1.02it/s, loss=0.0235]
Epoch 50:  20%|##........| 118/585 [00:01:55<00:07:37,  1.02it/s, loss=0.0234]
Epoch 50:  21%|##........| 123/585 [00:02:01<00:07:35,  1.01it/s, loss=0.0234]
Epoch 50:  22%|##........| 128/585 [00:02:07<00:07:34,  1.00it/s, loss=0.0238]
Epoch 50:  23%|##........| 134/585 [00:02:13<00:07:27,  1.01it/s, loss=0.0239]
Epoch 50:  24%|##........| 138/585 [00:02:18<00:07:29,  0.99it/s, loss=0.0240]
Epoch 50:  25%|##........| 144/585 [00:02:24<00:07:21,  1.00it/s, loss=0.0244]
Epoch 50:  25%|##........| 149/585 [00:02:29<00:07:18,  1.00it/s, loss=0.0243]
Epoch 50:  26%|##........| 155/585 [00:02:34<00:07:09,  1.00it/s, loss=0.0243]
Epoch 50:  28%|##........| 161/585 [00:02:40<00:07:02,  1.00it/s, loss=0.0242]
Epoch 50:  28%|##........| 166/585 [00:02:45<00:06:58,  1.00it/s, loss=0.0243]
Epoch 50:  29%|##........| 172/585 [00:02:51<00:06:52,  1.00it/s, loss=0.0244]
Epoch 50:  30%|###.......| 176/585 [00:02:58<00:06:54,  0.99it/s, loss=0.0245]
Epoch 50:  31%|###.......| 180/585 [00:03:03<00:06:53,  0.98it/s, loss=0.0246]
Epoch 50:  32%|###.......| 186/585 [00:03:09<00:06:46,  0.98it/s, loss=0.0245]
Epoch 50:  33%|###.......| 191/585 [00:03:14<00:06:41,  0.98it/s, loss=0.0245]
Epoch 50:  34%|###.......| 197/585 [00:03:20<00:06:34,  0.98it/s, loss=0.0244]
Epoch 50:  35%|###.......| 203/585 [00:03:25<00:06:27,  0.99it/s, loss=0.0244]
Epoch 50:  36%|###.......| 209/585 [00:03:31<00:06:20,  0.99it/s, loss=0.0243]
Epoch 50:  37%|###.......| 215/585 [00:03:36<00:06:13,  0.99it/s, loss=0.0243]
Epoch 50:  38%|###.......| 220/585 [00:03:42<00:06:08,  0.99it/s, loss=0.0244]
Epoch 50:  39%|###.......| 226/585 [00:03:47<00:06:01,  0.99it/s, loss=0.0244]
Epoch 50:  39%|###.......| 231/585 [00:03:52<00:05:56,  0.99it/s, loss=0.0244]
Epoch 50:  40%|####......| 236/585 [00:03:58<00:05:52,  0.99it/s, loss=0.0244]
Epoch 50:  41%|####......| 242/585 [00:04:03<00:05:45,  0.99it/s, loss=0.0243]
Epoch 50:  42%|####......| 248/585 [00:04:09<00:05:38,  0.99it/s, loss=0.0243]
Epoch 50:  43%|####......| 254/585 [00:04:15<00:05:32,  1.00it/s, loss=0.0243]
Epoch 50:  44%|####......| 259/585 [00:04:20<00:05:28,  0.99it/s, loss=0.0243]
Epoch 50:  45%|####......| 265/585 [00:04:26<00:05:22,  0.99it/s, loss=0.0243]
Epoch 50:  46%|####......| 271/585 [00:04:32<00:05:15,  1.00it/s, loss=0.0243]
Epoch 50:  47%|####......| 277/585 [00:04:37<00:05:08,  1.00it/s, loss=0.0242]
Epoch 50:  48%|####......| 282/585 [00:04:42<00:05:03,  1.00it/s, loss=0.0242]
Epoch 50:  49%|####......| 288/585 [00:04:48<00:04:57,  1.00it/s, loss=0.0242]
Epoch 50:  50%|#####.....| 293/585 [00:04:53<00:04:52,  1.00it/s, loss=0.0242]
Epoch 50:  51%|#####.....| 298/585 [00:04:58<00:04:47,  1.00it/s, loss=0.0242]
Epoch 50:  52%|#####.....| 304/585 [00:05:04<00:04:41,  1.00it/s, loss=0.0242]
Epoch 50:  53%|#####.....| 310/585 [00:05:09<00:04:34,  1.00it/s, loss=0.0241]
Epoch 50:  54%|#####.....| 316/585 [00:05:15<00:04:28,  1.00it/s, loss=0.0244]
Epoch 50:  55%|#####.....| 322/585 [00:05:20<00:04:22,  1.00it/s, loss=0.0244]
Epoch 50:  56%|#####.....| 327/585 [00:05:27<00:04:18,  1.00it/s, loss=0.0246]
Epoch 50:  57%|#####.....| 333/585 [00:05:32<00:04:11,  1.00it/s, loss=0.0246]
Epoch 50:  58%|#####.....| 338/585 [00:05:37<00:04:06,  1.00it/s, loss=0.0245]
Epoch 50:  59%|#####.....| 344/585 [00:05:43<00:04:00,  1.00it/s, loss=0.0245]
Epoch 50:  60%|#####.....| 349/585 [00:05:48<00:03:55,  1.00it/s, loss=0.0245]
Epoch 50:  61%|######....| 354/585 [00:05:54<00:03:51,  1.00it/s, loss=0.0245]
Epoch 50:  62%|######....| 360/585 [00:05:59<00:03:44,  1.00it/s, loss=0.0245]
Epoch 50:  63%|######....| 366/585 [00:06:05<00:03:38,  1.00it/s, loss=0.0244]
Epoch 50:  64%|######....| 372/585 [00:06:10<00:03:32,  1.00it/s, loss=0.0245]
Epoch 50:  64%|######....| 377/585 [00:06:16<00:03:27,  1.00it/s, loss=0.0245]
Epoch 50:  65%|######....| 382/585 [00:06:22<00:03:23,  1.00it/s, loss=0.0245]
Epoch 50:  66%|######....| 387/585 [00:06:27<00:03:18,  1.00it/s, loss=0.0245]
Epoch 50:  67%|######....| 392/585 [00:06:32<00:03:13,  1.00it/s, loss=0.0246]
Epoch 50:  68%|######....| 398/585 [00:06:38<00:03:07,  1.00it/s, loss=0.0246]
Epoch 50:  69%|######....| 403/585 [00:06:43<00:03:02,  1.00it/s, loss=0.0246]
Epoch 50:  70%|######....| 408/585 [00:06:49<00:02:57,  1.00it/s, loss=0.0246]
Epoch 50:  71%|#######...| 414/585 [00:06:55<00:02:51,  1.00it/s, loss=0.0246]
Epoch 50:  72%|#######...| 420/585 [00:07:01<00:02:45,  1.00it/s, loss=0.0246]
Epoch 50:  73%|#######...| 425/585 [00:07:06<00:02:40,  1.00it/s, loss=0.0246]
Epoch 50:  74%|#######...| 431/585 [00:07:11<00:02:34,  1.00it/s, loss=0.0246]
Epoch 50:  75%|#######...| 437/585 [00:07:16<00:02:27,  1.00it/s, loss=0.0245]
Epoch 50:  76%|#######...| 442/585 [00:07:21<00:02:22,  1.00it/s, loss=0.0247]
Epoch 50:  77%|#######...| 448/585 [00:07:27<00:02:16,  1.00it/s, loss=0.0246]
Epoch 50:  77%|#######...| 453/585 [00:07:32<00:02:11,  1.00it/s, loss=0.0248]
Epoch 50:  78%|#######...| 459/585 [00:07:38<00:02:05,  1.00it/s, loss=0.0248]
Epoch 50:  79%|#######...| 465/585 [00:07:43<00:01:59,  1.00it/s, loss=0.0248]
Epoch 50:  81%|########..| 471/585 [00:07:49<00:01:53,  1.00it/s, loss=0.0247]
Epoch 50:  82%|########..| 477/585 [00:07:54<00:01:47,  1.01it/s, loss=0.0247]
Epoch 50:  82%|########..| 482/585 [00:07:59<00:01:42,  1.00it/s, loss=0.0247]
Epoch 50:  83%|########..| 488/585 [00:08:05<00:01:36,  1.01it/s, loss=0.0247]
Epoch 50:  84%|########..| 493/585 [00:08:10<00:01:31,  1.01it/s, loss=0.0247]
Epoch 50:  85%|########..| 499/585 [00:08:15<00:01:25,  1.01it/s, loss=0.0247]
Epoch 50:  86%|########..| 505/585 [00:08:21<00:01:19,  1.01it/s, loss=0.0246]
Epoch 50:  87%|########..| 511/585 [00:08:27<00:01:13,  1.01it/s, loss=0.0246]
Epoch 50:  88%|########..| 517/585 [00:08:32<00:01:07,  1.01it/s, loss=0.0246]
Epoch 50:  89%|########..| 522/585 [00:08:38<00:01:02,  1.01it/s, loss=0.0246]
Epoch 50:  90%|#########.| 527/585 [00:08:43<00:00:57,  1.01it/s, loss=0.0247]
Epoch 50:  91%|#########.| 533/585 [00:08:49<00:00:51,  1.01it/s, loss=0.0247]
Epoch 50:  92%|#########.| 539/585 [00:08:54<00:00:45,  1.01it/s, loss=0.0247]
Epoch 50:  93%|#########.| 545/585 [00:09:00<00:00:39,  1.01it/s, loss=0.0247]
Epoch 50:  94%|#########.| 550/585 [00:09:06<00:00:34,  1.01it/s, loss=0.0247]
Epoch 50:  95%|#########.| 556/585 [00:09:11<00:00:28,  1.01it/s, loss=0.0247]
Epoch 50:  96%|#########.| 562/585 [00:09:17<00:00:22,  1.01it/s, loss=0.0247]
Epoch 50:  97%|#########.| 568/585 [00:09:23<00:00:16,  1.01it/s, loss=0.0246]
Epoch 50:  98%|#########.| 574/585 [00:09:28<00:00:10,  1.01it/s, loss=0.0246]
Epoch 50:  99%|#########.| 579/585 [00:09:33<00:00:05,  1.01it/s, loss=0.0246]
Epoch 50: 100%|##########| 585/585 [00:09:39<00:00:00,  1.01it/s, loss=0.0245]
Test loss: 0.0246, Test rmsae: 7.44deg
{"event": "epoch_complete", "epoch": 50, "phase": 2, "lr": 1e-05, "batch_size": 10, "micro_batch_size": 1, "train_loss": 0.024542931736343438, "val_loss": 0.02462399931391701, "val_rmsae_deg": 7.440147548913956, "epoch_time_s": 580.1638129679995}
{"event": "checkpoint_saved", "tag": "epoch_050", "epoch": 50, "path": "IFAN_Edge/outputs/stage3/ifan_stage3_long80_freqblock_paper_original_20260426_155330/checkpoints/epoch_050.pt"}
Epoch 51/80:
Epoch 51:   1%|..........| 5/585 [00:00:05<00:09:57,  0.97it/s, loss=0.0289]
Epoch 51:   2%|..........| 11/585 [00:00:10<00:08:59,  1.06it/s, loss=0.0247]
Epoch 51:   3%|..........| 17/585 [00:00:16<00:09:01,  1.05it/s, loss=0.0242]
Epoch 51:   4%|..........| 22/585 [00:00:21<00:09:19,  1.01it/s, loss=0.0239]
Epoch 51:   5%|..........| 27/585 [00:00:27<00:09:21,  0.99it/s, loss=0.0232]
Epoch 51:   6%|..........| 33/585 [00:00:32<00:09:07,  1.01it/s, loss=0.0230]
Epoch 51:   7%|..........| 39/585 [00:00:38<00:08:56,  1.02it/s, loss=0.0228]
Epoch 51:   8%|..........| 45/585 [00:00:43<00:08:46,  1.03it/s, loss=0.0232]
Epoch 51:   9%|..........| 51/585 [00:00:49<00:08:35,  1.04it/s, loss=0.0233]
Epoch 51:  10%|..........| 57/585 [00:00:54<00:08:23,  1.05it/s, loss=0.0233]
Epoch 51:  11%|#.........| 62/585 [00:00:59<00:08:22,  1.04it/s, loss=0.0232]
Epoch 51:  12%|#.........| 68/585 [00:01:05<00:08:19,  1.03it/s, loss=0.0235]
Epoch 51:  12%|#.........| 72/585 [00:01:11<00:08:26,  1.01it/s, loss=0.0235]
Epoch 51:  13%|#.........| 78/585 [00:01:16<00:08:19,  1.02it/s, loss=0.0236]
Epoch 51:  14%|#.........| 83/585 [00:01:22<00:08:19,  1.00it/s, loss=0.0237]
Epoch 51:  15%|#.........| 88/585 [00:01:28<00:08:20,  0.99it/s, loss=0.0237]
Epoch 51:  16%|#.........| 94/585 [00:01:34<00:08:11,  1.00it/s, loss=0.0237]
Epoch 51:  17%|#.........| 99/585 [00:01:39<00:08:07,  1.00it/s, loss=0.0242]
Epoch 51:  18%|#.........| 105/585 [00:01:45<00:08:01,  1.00it/s, loss=0.0242]
Epoch 51:  19%|#.........| 111/585 [00:01:50<00:07:53,  1.00it/s, loss=0.0241]
Epoch 51:  20%|##........| 117/585 [00:01:56<00:07:47,  1.00it/s, loss=0.0239]
Epoch 51:  21%|##........| 123/585 [00:02:02<00:07:40,  1.00it/s, loss=0.0237]
Epoch 51:  22%|##........| 129/585 [00:02:07<00:07:31,  1.01it/s, loss=0.0236]
Epoch 51:  23%|##........| 134/585 [00:02:13<00:07:30,  1.00it/s, loss=0.0236]
Epoch 51:  24%|##........| 140/585 [00:02:19<00:07:22,  1.00it/s, loss=0.0236]
Epoch 51:  25%|##........| 146/585 [00:02:24<00:07:14,  1.01it/s, loss=0.0236]
Epoch 51:  26%|##........| 152/585 [00:02:30<00:07:08,  1.01it/s, loss=0.0236]
Epoch 51:  27%|##........| 156/585 [00:02:35<00:07:07,  1.00it/s, loss=0.0236]
Epoch 51:  28%|##........| 162/585 [00:02:40<00:06:59,  1.01it/s, loss=0.0235]
Epoch 51:  29%|##........| 168/585 [00:02:46<00:06:53,  1.01it/s, loss=0.0235]
Epoch 51:  30%|##........| 173/585 [00:02:51<00:06:49,  1.01it/s, loss=0.0235]
Epoch 51:  31%|###.......| 179/585 [00:02:57<00:06:43,  1.01it/s, loss=0.0235]
Epoch 51:  32%|###.......| 185/585 [00:03:04<00:06:38,  1.00it/s, loss=0.0235]
Epoch 51:  32%|###.......| 190/585 [00:03:09<00:06:33,  1.00it/s, loss=0.0236]
Epoch 51:  34%|###.......| 196/585 [00:03:14<00:06:26,  1.01it/s, loss=0.0235]
Epoch 51:  35%|###.......| 202/585 [00:03:20<00:06:19,  1.01it/s, loss=0.0235]
Epoch 51:  35%|###.......| 207/585 [00:03:26<00:06:17,  1.00it/s, loss=0.0245]
Epoch 51:  36%|###.......| 212/585 [00:03:31<00:06:12,  1.00it/s, loss=0.0245]
Epoch 51:  37%|###.......| 217/585 [00:03:36<00:06:07,  1.00it/s, loss=0.0245]
Epoch 51:  38%|###.......| 223/585 [00:03:42<00:06:00,  1.00it/s, loss=0.0245]
Epoch 51:  39%|###.......| 228/585 [00:03:47<00:05:56,  1.00it/s, loss=0.0245]
Epoch 51:  40%|####......| 234/585 [00:03:52<00:05:49,  1.01it/s, loss=0.0244]
Epoch 51:  41%|####......| 239/585 [00:03:57<00:05:44,  1.00it/s, loss=0.0243]
Epoch 51:  42%|####......| 245/585 [00:04:03<00:05:38,  1.01it/s, loss=0.0244]
Epoch 51:  43%|####......| 251/585 [00:04:08<00:05:31,  1.01it/s, loss=0.0243]
Epoch 51:  44%|####......| 256/585 [00:04:14<00:05:27,  1.01it/s, loss=0.0243]
Epoch 51:  45%|####......| 262/585 [00:04:20<00:05:20,  1.01it/s, loss=0.0242]
Epoch 51:  46%|####......| 267/585 [00:04:25<00:05:16,  1.00it/s, loss=0.0242]
Epoch 51:  47%|####......| 273/585 [00:04:31<00:05:10,  1.00it/s, loss=0.0242]
Epoch 51:  48%|####......| 279/585 [00:04:37<00:05:04,  1.01it/s, loss=0.0242]
Epoch 51:  49%|####......| 285/585 [00:04:42<00:04:57,  1.01it/s, loss=0.0248]
Epoch 51:  50%|####......| 291/585 [00:04:48<00:04:51,  1.01it/s, loss=0.0248]
Epoch 51:  51%|#####.....| 297/585 [00:04:54<00:04:45,  1.01it/s, loss=0.0248]
Epoch 51:  52%|#####.....| 303/585 [00:05:00<00:04:40,  1.01it/s, loss=0.0248]
Epoch 51:  53%|#####.....| 309/585 [00:05:06<00:04:33,  1.01it/s, loss=0.0247]
Epoch 51:  54%|#####.....| 315/585 [00:05:12<00:04:27,  1.01it/s, loss=0.0247]
Epoch 51:  55%|#####.....| 321/585 [00:05:17<00:04:21,  1.01it/s, loss=0.0246]
Epoch 51:  56%|#####.....| 325/585 [00:05:22<00:04:18,  1.01it/s, loss=0.0250]
Epoch 51:  57%|#####.....| 331/585 [00:05:28<00:04:12,  1.01it/s, loss=0.0250]
Epoch 51:  58%|#####.....| 337/585 [00:05:34<00:04:05,  1.01it/s, loss=0.0250]
Epoch 51:  59%|#####.....| 343/585 [00:05:39<00:03:59,  1.01it/s, loss=0.0251]
Epoch 51:  60%|#####.....| 349/585 [00:05:45<00:03:53,  1.01it/s, loss=0.0251]
Epoch 51:  61%|######....| 355/585 [00:05:50<00:03:47,  1.01it/s, loss=0.0250]
Epoch 51:  62%|######....| 361/585 [00:05:57<00:03:41,  1.01it/s, loss=0.0250]
Epoch 51:  63%|######....| 367/585 [00:06:02<00:03:35,  1.01it/s, loss=0.0250]
Epoch 51:  64%|######....| 373/585 [00:06:08<00:03:29,  1.01it/s, loss=0.0250]
Epoch 51:  65%|######....| 379/585 [00:06:14<00:03:23,  1.01it/s, loss=0.0250]
Epoch 51:  66%|######....| 385/585 [00:06:22<00:03:18,  1.01it/s, loss=0.0252]
Epoch 51:  67%|######....| 390/585 [00:06:27<00:03:13,  1.01it/s, loss=0.0252]
Epoch 51:  68%|######....| 396/585 [00:06:32<00:03:07,  1.01it/s, loss=0.0252]
Epoch 51:  69%|######....| 402/585 [00:06:39<00:03:01,  1.01it/s, loss=0.0252]
Epoch 51:  70%|######....| 408/585 [00:06:44<00:02:55,  1.01it/s, loss=0.0252]
Epoch 51:  71%|#######...| 413/585 [00:06:49<00:02:50,  1.01it/s, loss=0.0252]
Epoch 51:  72%|#######...| 419/585 [00:06:55<00:02:44,  1.01it/s, loss=0.0252]
Epoch 51:  73%|#######...| 425/585 [00:07:01<00:02:38,  1.01it/s, loss=0.0251]
Epoch 51:  74%|#######...| 431/585 [00:07:06<00:02:32,  1.01it/s, loss=0.0251]
Epoch 51:  75%|#######...| 436/585 [00:07:12<00:02:27,  1.01it/s, loss=0.0252]
Epoch 51:  76%|#######...| 442/585 [00:07:18<00:02:21,  1.01it/s, loss=0.0252]
Epoch 51:  76%|#######...| 447/585 [00:07:23<00:02:16,  1.01it/s, loss=0.0252]
Epoch 51:  77%|#######...| 453/585 [00:07:28<00:02:10,  1.01it/s, loss=0.0252]
Epoch 51:  78%|#######...| 458/585 [00:07:34<00:02:06,  1.01it/s, loss=0.0252]
Epoch 51:  79%|#######...| 464/585 [00:07:40<00:02:00,  1.01it/s, loss=0.0252]
Epoch 51:  80%|########..| 470/585 [00:07:46<00:01:54,  1.01it/s, loss=0.0251]
Epoch 51:  81%|########..| 476/585 [00:07:51<00:01:48,  1.01it/s, loss=0.0251]
Epoch 51:  82%|########..| 482/585 [00:07:56<00:01:41,  1.01it/s, loss=0.0251]
Epoch 51:  83%|########..| 487/585 [00:08:02<00:01:37,  1.01it/s, loss=0.0251]
Epoch 51:  84%|########..| 493/585 [00:08:07<00:01:31,  1.01it/s, loss=0.0251]
Epoch 51:  85%|########..| 498/585 [00:08:13<00:01:26,  1.01it/s, loss=0.0251]
Epoch 51:  86%|########..| 503/585 [00:08:19<00:01:21,  1.01it/s, loss=0.0252]
Epoch 51:  87%|########..| 509/585 [00:08:24<00:01:15,  1.01it/s, loss=0.0252]
Epoch 51:  88%|########..| 515/585 [00:08:31<00:01:09,  1.01it/s, loss=0.0252]
Epoch 51:  89%|########..| 521/585 [00:08:36<00:01:03,  1.01it/s, loss=0.0251]
Epoch 51:  90%|#########.| 527/585 [00:08:42<00:00:57,  1.01it/s, loss=0.0251]
Epoch 51:  91%|#########.| 533/585 [00:08:48<00:00:51,  1.01it/s, loss=0.0251]
Epoch 51:  92%|#########.| 537/585 [00:08:53<00:00:47,  1.01it/s, loss=0.0251]
Epoch 51:  93%|#########.| 542/585 [00:08:59<00:00:42,  1.01it/s, loss=0.0252]
Epoch 51:  93%|#########.| 546/585 [00:09:04<00:00:38,  1.00it/s, loss=0.0252]
Epoch 51:  94%|#########.| 552/585 [00:09:10<00:00:32,  1.00it/s, loss=0.0252]
Epoch 51:  95%|#########.| 558/585 [00:09:16<00:00:26,  1.00it/s, loss=0.0252]
Epoch 51:  96%|#########.| 563/585 [00:09:21<00:00:21,  1.00it/s, loss=0.0252]
Epoch 51:  97%|#########.| 569/585 [00:09:28<00:00:15,  1.00it/s, loss=0.0253]
Epoch 51:  98%|#########.| 575/585 [00:09:34<00:00:09,  1.00it/s, loss=0.0253]
Epoch 51:  99%|#########.| 581/585 [00:09:40<00:00:03,  1.00it/s, loss=0.0253]
Epoch 51: 100%|##########| 585/585 [00:09:44<00:00:00,  1.00it/s, loss=0.0253]
Test loss: 0.0247, Test rmsae: 7.45deg
{"event": "epoch_complete", "epoch": 51, "phase": 2, "lr": 1e-05, "batch_size": 10, "micro_batch_size": 1, "train_loss": 0.025331067660043383, "val_loss": 0.024676585162524134, "val_rmsae_deg": 7.445740059018135, "epoch_time_s": 585.2444285430029}
Epoch 52/80:
Epoch 52:   1%|..........| 6/585 [00:00:05<00:08:39,  1.11it/s, loss=0.0208]
Epoch 52:   2%|..........| 12/585 [00:00:11<00:08:56,  1.07it/s, loss=0.0217]
Epoch 52:   3%|..........| 17/585 [00:00:16<00:09:20,  1.01it/s, loss=0.0225]
Epoch 52:   4%|..........| 22/585 [00:00:22<00:09:35,  0.98it/s, loss=0.0232]
Epoch 52:   5%|..........| 28/585 [00:00:28<00:09:21,  0.99it/s, loss=0.0238]
Epoch 52:   6%|..........| 34/585 [00:00:34<00:09:22,  0.98it/s, loss=0.0241]
Epoch 52:   7%|..........| 40/585 [00:00:40<00:09:08,  0.99it/s, loss=0.0238]
Epoch 52:   8%|..........| 46/585 [00:00:46<00:09:00,  1.00it/s, loss=0.0248]
Epoch 52:   9%|..........| 52/585 [00:00:51<00:08:47,  1.01it/s, loss=0.0245]
Epoch 52:  10%|..........| 58/585 [00:00:57<00:08:38,  1.02it/s, loss=0.0252]
Epoch 52:  11%|#.........| 64/585 [00:01:02<00:08:32,  1.02it/s, loss=0.0253]
Epoch 52:  12%|#.........| 70/585 [00:01:08<00:08:23,  1.02it/s, loss=0.0258]
Epoch 52:  13%|#.........| 75/585 [00:01:13<00:08:21,  1.02it/s, loss=0.0260]
Epoch 52:  14%|#.........| 81/585 [00:01:19<00:08:14,  1.02it/s, loss=0.0260]
Epoch 52:  15%|#.........| 86/585 [00:01:24<00:08:12,  1.01it/s, loss=0.0259]
Epoch 52:  16%|#.........| 92/585 [00:01:29<00:08:02,  1.02it/s, loss=0.0256]
Epoch 52:  17%|#.........| 98/585 [00:01:35<00:07:55,  1.02it/s, loss=0.0255]
Epoch 52:  18%|#.........| 104/585 [00:01:41<00:07:50,  1.02it/s, loss=0.0253]
Epoch 52:  19%|#.........| 110/585 [00:01:47<00:07:42,  1.03it/s, loss=0.0252]
Epoch 52:  20%|#.........| 115/585 [00:01:52<00:07:39,  1.02it/s, loss=0.0252]
Epoch 52:  21%|##........| 121/585 [00:01:57<00:07:31,  1.03it/s, loss=0.0250]
Epoch 52:  22%|##........| 126/585 [00:02:03<00:07:28,  1.02it/s, loss=0.0249]
Epoch 52:  22%|##........| 131/585 [00:02:08<00:07:25,  1.02it/s, loss=0.0251]
Epoch 52:  23%|##........| 137/585 [00:02:13<00:07:17,  1.02it/s, loss=0.0249]
Epoch 52:  24%|##........| 142/585 [00:02:19<00:07:13,  1.02it/s, loss=0.0249]
Epoch 52:  25%|##........| 147/585 [00:02:24<00:07:09,  1.02it/s, loss=0.0250]
Epoch 52:  26%|##........| 153/585 [00:02:29<00:07:02,  1.02it/s, loss=0.0250]
Epoch 52:  27%|##........| 158/585 [00:02:34<00:06:58,  1.02it/s, loss=0.0249]
Epoch 52:  28%|##........| 164/585 [00:02:40<00:06:51,  1.02it/s, loss=0.0249]
Epoch 52:  29%|##........| 169/585 [00:02:45<00:06:47,  1.02it/s, loss=0.0249]
Epoch 52:  30%|##........| 175/585 [00:02:51<00:06:41,  1.02it/s, loss=0.0250]
Epoch 52:  31%|###.......| 181/585 [00:02:57<00:06:35,  1.02it/s, loss=0.0249]
Epoch 52:  32%|###.......| 187/585 [00:03:02<00:06:28,  1.02it/s, loss=0.0249]
Epoch 52:  33%|###.......| 193/585 [00:03:08<00:06:22,  1.03it/s, loss=0.0249]
Epoch 52:  34%|###.......| 198/585 [00:03:13<00:06:18,  1.02it/s, loss=0.0249]
Epoch 52:  35%|###.......| 204/585 [00:03:19<00:06:12,  1.02it/s, loss=0.0249]
Epoch 52:  36%|###.......| 210/585 [00:03:25<00:06:07,  1.02it/s, loss=0.0249]
Epoch 52:  37%|###.......| 216/585 [00:03:31<00:06:01,  1.02it/s, loss=0.0249]
Epoch 52:  38%|###.......| 222/585 [00:03:37<00:05:55,  1.02it/s, loss=0.0250]
Epoch 52:  39%|###.......| 228/585 [00:03:43<00:05:49,  1.02it/s, loss=0.0250]
Epoch 52:  40%|###.......| 232/585 [00:03:48<00:05:48,  1.01it/s, loss=0.0252]
Epoch 52:  41%|####......| 237/585 [00:03:53<00:05:43,  1.01it/s, loss=0.0252]
Epoch 52:  42%|####......| 243/585 [00:03:59<00:05:37,  1.01it/s, loss=0.0251]
Epoch 52:  43%|####......| 249/585 [00:04:04<00:05:30,  1.02it/s, loss=0.0250]
Epoch 52:  44%|####......| 255/585 [00:04:10<00:05:23,  1.02it/s, loss=0.0250]
Epoch 52:  45%|####......| 261/585 [00:04:15<00:05:17,  1.02it/s, loss=0.0250]
Epoch 52:  45%|####......| 266/585 [00:04:21<00:05:13,  1.02it/s, loss=0.0250]
Epoch 52:  46%|####......| 271/585 [00:04:26<00:05:09,  1.02it/s, loss=0.0250]
Epoch 52:  47%|####......| 277/585 [00:04:32<00:05:03,  1.02it/s, loss=0.0249]
Epoch 52:  48%|####......| 283/585 [00:04:38<00:04:57,  1.02it/s, loss=0.0249]
Epoch 52:  49%|####......| 288/585 [00:04:43<00:04:52,  1.01it/s, loss=0.0249]
Epoch 52:  50%|#####.....| 294/585 [00:04:49<00:04:46,  1.02it/s, loss=0.0249]
Epoch 52:  51%|#####.....| 300/585 [00:04:54<00:04:39,  1.02it/s, loss=0.0249]
Epoch 52:  52%|#####.....| 306/585 [00:05:00<00:04:33,  1.02it/s, loss=0.0248]
Epoch 52:  53%|#####.....| 312/585 [00:05:06<00:04:28,  1.02it/s, loss=0.0248]
Epoch 52:  54%|#####.....| 318/585 [00:05:12<00:04:22,  1.02it/s, loss=0.0247]
Epoch 52:  55%|#####.....| 323/585 [00:05:17<00:04:17,  1.02it/s, loss=0.0247]
Epoch 52:  56%|#####.....| 328/585 [00:05:23<00:04:13,  1.01it/s, loss=0.0247]
Epoch 52:  57%|#####.....| 333/585 [00:05:28<00:04:08,  1.01it/s, loss=0.0247]
Epoch 52:  58%|#####.....| 338/585 [00:05:34<00:04:04,  1.01it/s, loss=0.0247]
Epoch 52:  59%|#####.....| 344/585 [00:05:39<00:03:57,  1.01it/s, loss=0.0247]
Epoch 52:  60%|#####.....| 350/585 [00:05:45<00:03:51,  1.01it/s, loss=0.0247]
Epoch 52:  61%|######....| 356/585 [00:05:50<00:03:45,  1.01it/s, loss=0.0247]
Epoch 52:  62%|######....| 362/585 [00:05:56<00:03:39,  1.02it/s, loss=0.0247]
Epoch 52:  63%|######....| 367/585 [00:06:02<00:03:35,  1.01it/s, loss=0.0247]
Epoch 52:  64%|######....| 372/585 [00:06:07<00:03:30,  1.01it/s, loss=0.0250]
Epoch 52:  65%|######....| 378/585 [00:06:12<00:03:24,  1.01it/s, loss=0.0249]
Epoch 52:  66%|######....| 384/585 [00:06:18<00:03:18,  1.01it/s, loss=0.0249]
Epoch 52:  66%|######....| 389/585 [00:06:24<00:03:13,  1.01it/s, loss=0.0251]
Epoch 52:  67%|######....| 393/585 [00:06:29<00:03:10,  1.01it/s, loss=0.0250]
Epoch 52:  68%|######....| 399/585 [00:06:35<00:03:04,  1.01it/s, loss=0.0250]
Epoch 52:  69%|######....| 404/585 [00:06:41<00:02:59,  1.01it/s, loss=0.0251]
Epoch 52:  70%|#######...| 410/585 [00:06:47<00:02:53,  1.01it/s, loss=0.0251]
Epoch 52:  71%|#######...| 416/585 [00:06:53<00:02:47,  1.01it/s, loss=0.0250]
Epoch 52:  72%|#######...| 422/585 [00:06:59<00:02:41,  1.01it/s, loss=0.0250]
Epoch 52:  73%|#######...| 427/585 [00:07:04<00:02:36,  1.01it/s, loss=0.0250]
Epoch 52:  74%|#######...| 433/585 [00:07:10<00:02:31,  1.01it/s, loss=0.0251]
Epoch 52:  75%|#######...| 439/585 [00:07:15<00:02:24,  1.01it/s, loss=0.0251]
Epoch 52:  76%|#######...| 444/585 [00:07:20<00:02:19,  1.01it/s, loss=0.0251]
Epoch 52:  77%|#######...| 450/585 [00:07:26<00:02:14,  1.01it/s, loss=0.0251]
Epoch 52:  78%|#######...| 456/585 [00:07:31<00:02:07,  1.01it/s, loss=0.0251]
Epoch 52:  79%|#######...| 462/585 [00:07:37<00:02:01,  1.01it/s, loss=0.0250]
Epoch 52:  80%|########..| 468/585 [00:07:43<00:01:55,  1.01it/s, loss=0.0250]
Epoch 52:  81%|########..| 473/585 [00:07:48<00:01:50,  1.01it/s, loss=0.0250]
Epoch 52:  82%|########..| 479/585 [00:07:54<00:01:44,  1.01it/s, loss=0.0250]
Epoch 52:  83%|########..| 485/585 [00:07:59<00:01:38,  1.01it/s, loss=0.0249]
Epoch 52:  84%|########..| 491/585 [00:08:05<00:01:32,  1.01it/s, loss=0.0250]
Epoch 52:  85%|########..| 497/585 [00:08:11<00:01:27,  1.01it/s, loss=0.0250]
Epoch 52:  86%|########..| 503/585 [00:08:17<00:01:21,  1.01it/s, loss=0.0250]
Epoch 52:  87%|########..| 509/585 [00:08:22<00:01:14,  1.01it/s, loss=0.0250]
Epoch 52:  88%|########..| 515/585 [00:08:27<00:01:09,  1.01it/s, loss=0.0250]
Epoch 52:  89%|########..| 520/585 [00:08:33<00:01:04,  1.01it/s, loss=0.0249]
Epoch 52:  90%|########..| 526/585 [00:08:39<00:00:58,  1.01it/s, loss=0.0249]
Epoch 52:  91%|#########.| 532/585 [00:08:45<00:00:52,  1.01it/s, loss=0.0249]
Epoch 52:  92%|#########.| 538/585 [00:08:51<00:00:46,  1.01it/s, loss=0.0249]
Epoch 52:  93%|#########.| 543/585 [00:08:56<00:00:41,  1.01it/s, loss=0.0249]
Epoch 52:  94%|#########.| 549/585 [00:09:02<00:00:35,  1.01it/s, loss=0.0249]
Epoch 52:  95%|#########.| 553/585 [00:09:07<00:00:31,  1.01it/s, loss=0.0250]
Epoch 52:  95%|#########.| 558/585 [00:09:12<00:00:26,  1.01it/s, loss=0.0250]
Epoch 52:  96%|#########.| 564/585 [00:09:18<00:00:20,  1.01it/s, loss=0.0250]
Epoch 52:  97%|#########.| 569/585 [00:09:23<00:00:15,  1.01it/s, loss=0.0250]
Epoch 52:  98%|#########.| 575/585 [00:09:29<00:00:09,  1.01it/s, loss=0.0251]
Epoch 52:  99%|#########.| 581/585 [00:09:35<00:00:03,  1.01it/s, loss=0.0251]
Epoch 52: 100%|##########| 585/585 [00:09:38<00:00:00,  1.01it/s, loss=0.0250]
Test loss: 0.0246, Test rmsae: 7.49deg
{"event": "epoch_complete", "epoch": 52, "phase": 2, "lr": 1e-05, "batch_size": 10, "micro_batch_size": 1, "train_loss": 0.025029027661006165, "val_loss": 0.02463065052870661, "val_rmsae_deg": 7.494234263896942, "epoch_time_s": 579.3728453500007}
Epoch 53/80:
Epoch 53:   1%|..........| 5/585 [00:00:05<00:10:20,  0.93it/s, loss=0.0253]
Epoch 53:   2%|..........| 11/585 [00:00:11<00:10:17,  0.93it/s, loss=0.0283]
Epoch 53:   3%|..........| 17/585 [00:00:17<00:09:43,  0.97it/s, loss=0.0268]
Epoch 53:   4%|..........| 23/585 [00:00:23<00:09:30,  0.99it/s, loss=0.0260]
Epoch 53:   5%|..........| 28/585 [00:00:28<00:09:25,  0.98it/s, loss=0.0254]
Epoch 53:   6%|..........| 33/585 [00:00:34<00:09:32,  0.96it/s, loss=0.0253]
Epoch 53:   6%|..........| 38/585 [00:00:39<00:09:25,  0.97it/s, loss=0.0251]
Epoch 53:   7%|..........| 43/585 [00:00:44<00:09:26,  0.96it/s, loss=0.0247]
Epoch 53:   8%|..........| 49/585 [00:00:50<00:09:12,  0.97it/s, loss=0.0243]
Epoch 53:   9%|..........| 54/585 [00:00:56<00:09:12,  0.96it/s, loss=0.0263]
Epoch 53:  10%|#.........| 60/585 [00:01:01<00:09:01,  0.97it/s, loss=0.0260]
Epoch 53:  11%|#.........| 65/585 [00:01:07<00:08:57,  0.97it/s, loss=0.0257]
Epoch 53:  12%|#.........| 71/585 [00:01:12<00:08:43,  0.98it/s, loss=0.0256]
Epoch 53:  13%|#.........| 76/585 [00:01:17<00:08:41,  0.98it/s, loss=0.0257]
Epoch 53:  14%|#.........| 82/585 [00:01:23<00:08:32,  0.98it/s, loss=0.0255]
Epoch 53:  15%|#.........| 87/585 [00:01:28<00:08:28,  0.98it/s, loss=0.0254]
Epoch 53:  16%|#.........| 93/585 [00:01:34<00:08:19,  0.98it/s, loss=0.0255]
Epoch 53:  17%|#.........| 98/585 [00:01:39<00:08:15,  0.98it/s, loss=0.0254]
Epoch 53:  18%|#.........| 103/585 [00:01:44<00:08:10,  0.98it/s, loss=0.0253]
Epoch 53:  19%|#.........| 109/585 [00:01:50<00:08:04,  0.98it/s, loss=0.0251]
Epoch 53:  19%|#.........| 114/585 [00:01:56<00:07:59,  0.98it/s, loss=0.0251]
Epoch 53:  21%|##........| 120/585 [00:02:02<00:07:54,  0.98it/s, loss=0.0250]
Epoch 53:  22%|##........| 126/585 [00:02:08<00:07:46,  0.98it/s, loss=0.0249]
Epoch 53:  22%|##........| 131/585 [00:02:13<00:07:41,  0.98it/s, loss=0.0248]
Epoch 53:  23%|##........| 136/585 [00:02:18<00:07:37,  0.98it/s, loss=0.0251]
Epoch 53:  24%|##........| 141/585 [00:02:23<00:07:32,  0.98it/s, loss=0.0251]
Epoch 53:  25%|##........| 146/585 [00:02:28<00:07:27,  0.98it/s, loss=0.0252]
Epoch 53:  26%|##........| 152/585 [00:02:34<00:07:20,  0.98it/s, loss=0.0255]
Epoch 53:  27%|##........| 157/585 [00:02:40<00:07:17,  0.98it/s, loss=0.0255]
Epoch 53:  28%|##........| 162/585 [00:02:46<00:07:13,  0.98it/s, loss=0.0255]
Epoch 53:  29%|##........| 168/585 [00:02:51<00:07:05,  0.98it/s, loss=0.0255]
Epoch 53:  30%|##........| 174/585 [00:02:57<00:06:58,  0.98it/s, loss=0.0255]
Epoch 53:  31%|###.......| 180/585 [00:03:02<00:06:50,  0.99it/s, loss=0.0255]
Epoch 53:  32%|###.......| 186/585 [00:03:08<00:06:43,  0.99it/s, loss=0.0254]
Epoch 53:  33%|###.......| 191/585 [00:03:13<00:06:38,  0.99it/s, loss=0.0256]
Epoch 53:  34%|###.......| 198/585 [00:03:19<00:06:29,  0.99it/s, loss=0.0255]
Epoch 53:  35%|###.......| 203/585 [00:03:25<00:06:25,  0.99it/s, loss=0.0254]
Epoch 53:  36%|###.......| 209/585 [00:03:31<00:06:19,  0.99it/s, loss=0.0255]
Epoch 53:  37%|###.......| 215/585 [00:03:36<00:06:12,  0.99it/s, loss=0.0255]
Epoch 53:  38%|###.......| 221/585 [00:03:41<00:06:05,  1.00it/s, loss=0.0253]
Epoch 53:  39%|###.......| 227/585 [00:03:47<00:05:58,  1.00it/s, loss=0.0253]
Epoch 53:  40%|###.......| 232/585 [00:03:52<00:05:54,  1.00it/s, loss=0.0252]
Epoch 53:  41%|####......| 237/585 [00:03:58<00:05:49,  0.99it/s, loss=0.0252]
Epoch 53:  41%|####......| 242/585 [00:04:03<00:05:45,  0.99it/s, loss=0.0252]
Epoch 53:  42%|####......| 248/585 [00:04:08<00:05:38,  1.00it/s, loss=0.0251]
Epoch 53:  43%|####......| 254/585 [00:04:15<00:05:32,  1.00it/s, loss=0.0251]
Epoch 53:  44%|####......| 260/585 [00:04:21<00:05:26,  0.99it/s, loss=0.0250]
Epoch 53:  45%|####......| 265/585 [00:04:27<00:05:22,  0.99it/s, loss=0.0250]
Epoch 53:  46%|####......| 271/585 [00:04:32<00:05:15,  0.99it/s, loss=0.0250]
Epoch 53:  47%|####......| 277/585 [00:04:38<00:05:09,  1.00it/s, loss=0.0250]
Epoch 53:  48%|####......| 283/585 [00:04:43<00:05:02,  1.00it/s, loss=0.0249]
Epoch 53:  49%|####......| 288/585 [00:04:48<00:04:57,  1.00it/s, loss=0.0249]
Epoch 53:  50%|#####.....| 294/585 [00:04:54<00:04:51,  1.00it/s, loss=0.0249]
Epoch 53:  51%|#####.....| 300/585 [00:04:59<00:04:44,  1.00it/s, loss=0.0248]
Epoch 53:  52%|#####.....| 305/585 [00:05:05<00:04:40,  1.00it/s, loss=0.0248]
Epoch 53:  53%|#####.....| 311/585 [00:05:10<00:04:33,  1.00it/s, loss=0.0247]
Epoch 53:  54%|#####.....| 315/585 [00:05:15<00:04:30,  1.00it/s, loss=0.0247]
Epoch 53:  55%|#####.....| 321/585 [00:05:21<00:04:24,  1.00it/s, loss=0.0247]
Epoch 53:  56%|#####.....| 327/585 [00:05:27<00:04:18,  1.00it/s, loss=0.0246]
Epoch 53:  57%|#####.....| 332/585 [00:05:32<00:04:13,  1.00it/s, loss=0.0247]
Epoch 53:  58%|#####.....| 338/585 [00:05:38<00:04:07,  1.00it/s, loss=0.0248]
Epoch 53:  59%|#####.....| 343/585 [00:05:43<00:04:02,  1.00it/s, loss=0.0247]
Epoch 53:  60%|#####.....| 349/585 [00:05:49<00:03:56,  1.00it/s, loss=0.0247]
Epoch 53:  61%|######....| 354/585 [00:05:54<00:03:51,  1.00it/s, loss=0.0247]
Epoch 53:  61%|######....| 359/585 [00:06:00<00:03:46,  1.00it/s, loss=0.0247]
Epoch 53:  62%|######....| 365/585 [00:06:05<00:03:40,  1.00it/s, loss=0.0247]
Epoch 53:  63%|######....| 371/585 [00:06:11<00:03:34,  1.00it/s, loss=0.0247]
Epoch 53:  64%|######....| 377/585 [00:06:16<00:03:27,  1.00it/s, loss=0.0247]
Epoch 53:  65%|######....| 383/585 [00:06:22<00:03:21,  1.00it/s, loss=0.0249]
Epoch 53:  66%|######....| 388/585 [00:06:27<00:03:16,  1.00it/s, loss=0.0255]
Epoch 53:  67%|######....| 394/585 [00:06:33<00:03:10,  1.00it/s, loss=0.0254]
Epoch 53:  68%|######....| 400/585 [00:06:39<00:03:04,  1.00it/s, loss=0.0254]
Epoch 53:  69%|######....| 405/585 [00:06:44<00:02:59,  1.00it/s, loss=0.0254]
Epoch 53:  70%|#######...| 410/585 [00:06:49<00:02:54,  1.00it/s, loss=0.0254]
Epoch 53:  71%|#######...| 416/585 [00:06:54<00:02:48,  1.00it/s, loss=0.0254]
Epoch 53:  72%|#######...| 421/585 [00:06:59<00:02:43,  1.00it/s, loss=0.0253]
Epoch 53:  73%|#######...| 426/585 [00:07:04<00:02:38,  1.00it/s, loss=0.0253]
Epoch 53:  74%|#######...| 431/585 [00:07:10<00:02:33,  1.00it/s, loss=0.0253]
Epoch 53:  75%|#######...| 437/585 [00:07:15<00:02:27,  1.00it/s, loss=0.0253]
Epoch 53:  76%|#######...| 443/585 [00:07:21<00:02:21,  1.00it/s, loss=0.0253]
Epoch 53:  77%|#######...| 448/585 [00:07:26<00:02:16,  1.00it/s, loss=0.0252]
Epoch 53:  78%|#######...| 454/585 [00:07:32<00:02:10,  1.00it/s, loss=0.0252]
Epoch 53:  78%|#######...| 459/585 [00:07:38<00:02:05,  1.00it/s, loss=0.0252]
Epoch 53:  79%|#######...| 465/585 [00:07:44<00:01:59,  1.00it/s, loss=0.0252]
Epoch 53:  80%|########..| 470/585 [00:07:50<00:01:55,  1.00it/s, loss=0.0252]
Epoch 53:  81%|########..| 476/585 [00:07:55<00:01:48,  1.00it/s, loss=0.0252]
Epoch 53:  82%|########..| 481/585 [00:08:01<00:01:44,  1.00it/s, loss=0.0253]
Epoch 53:  83%|########..| 487/585 [00:08:07<00:01:38,  1.00it/s, loss=0.0253]
Epoch 53:  84%|########..| 492/585 [00:08:12<00:01:33,  1.00it/s, loss=0.0252]
Epoch 53:  85%|########..| 498/585 [00:08:18<00:01:27,  1.00it/s, loss=0.0252]
Epoch 53:  86%|########..| 503/585 [00:08:23<00:01:22,  1.00it/s, loss=0.0252]
Epoch 53:  87%|########..| 508/585 [00:08:29<00:01:17,  1.00it/s, loss=0.0252]
Epoch 53:  88%|########..| 514/585 [00:08:34<00:01:11,  1.00it/s, loss=0.0252]
Epoch 53:  89%|########..| 519/585 [00:08:40<00:01:06,  1.00it/s, loss=0.0252]
Epoch 53:  90%|########..| 525/585 [00:08:46<00:01:00,  1.00it/s, loss=0.0252]
Epoch 53:  91%|#########.| 531/585 [00:08:52<00:00:54,  1.00it/s, loss=0.0252]
Epoch 53:  92%|#########.| 537/585 [00:08:57<00:00:48,  1.00it/s, loss=0.0252]
Epoch 53:  93%|#########.| 543/585 [00:09:03<00:00:42,  1.00it/s, loss=0.0252]
Epoch 53:  94%|#########.| 549/585 [00:09:08<00:00:35,  1.00it/s, loss=0.0252]
Epoch 53:  95%|#########.| 553/585 [00:09:14<00:00:32,  1.00it/s, loss=0.0252]
Epoch 53:  96%|#########.| 559/585 [00:09:20<00:00:26,  1.00it/s, loss=0.0252]
Epoch 53:  96%|#########.| 564/585 [00:09:26<00:00:21,  1.00it/s, loss=0.0252]
Epoch 53:  97%|#########.| 569/585 [00:09:31<00:00:16,  1.00it/s, loss=0.0252]
Epoch 53:  98%|#########.| 575/585 [00:09:36<00:00:10,  1.00it/s, loss=0.0252]
Epoch 53:  99%|#########.| 580/585 [00:09:41<00:00:05,  1.00it/s, loss=0.0252]
Epoch 53: 100%|##########| 585/585 [00:09:45<00:00:00,  1.00it/s, loss=0.0252]
Test loss: 0.0246, Test rmsae: 7.37deg
{"event": "epoch_complete", "epoch": 53, "phase": 2, "lr": 1e-05, "batch_size": 10, "micro_batch_size": 1, "train_loss": 0.02520399841073996, "val_loss": 0.024557662254665047, "val_rmsae_deg": 7.374633267521858, "epoch_time_s": 586.7048704549998}
Epoch 54/80:
Epoch 54:   1%|..........| 7/585 [00:00:06<00:08:33,  1.13it/s, loss=0.0257]
Epoch 54:   2%|..........| 12/585 [00:00:11<00:09:18,  1.03it/s, loss=0.0238]
Epoch 54:   3%|..........| 18/585 [00:00:17<00:08:55,  1.06it/s, loss=0.0230]
Epoch 54:   4%|..........| 24/585 [00:00:22<00:08:47,  1.06it/s, loss=0.0233]
Epoch 54:   5%|..........| 30/585 [00:00:27<00:08:31,  1.09it/s, loss=0.0226]
Epoch 54:   6%|..........| 36/585 [00:00:32<00:08:21,  1.09it/s, loss=0.0220]
Epoch 54:   7%|..........| 42/585 [00:00:38<00:08:22,  1.08it/s, loss=0.0233]
Epoch 54:   8%|..........| 48/585 [00:00:44<00:08:15,  1.08it/s, loss=0.0234]
Epoch 54:   9%|..........| 54/585 [00:00:50<00:08:14,  1.07it/s, loss=0.0235]
Epoch 54:  10%|#.........| 60/585 [00:00:55<00:08:08,  1.08it/s, loss=0.0234]
Epoch 54:  11%|#.........| 66/585 [00:01:00<00:07:58,  1.09it/s, loss=0.0233]
Epoch 54:  12%|#.........| 72/585 [00:01:06<00:07:50,  1.09it/s, loss=0.0231]
Epoch 54:  13%|#.........| 77/585 [00:01:11<00:07:49,  1.08it/s, loss=0.0231]
Epoch 54:  14%|#.........| 82/585 [00:01:16<00:07:47,  1.07it/s, loss=0.0233]
Epoch 54:  15%|#.........| 88/585 [00:01:22<00:07:47,  1.06it/s, loss=0.0234]
Epoch 54:  16%|#.........| 94/585 [00:01:28<00:07:40,  1.07it/s, loss=0.0231]
Epoch 54:  17%|#.........| 99/585 [00:01:33<00:07:38,  1.06it/s, loss=0.0233]
Epoch 54:  18%|#.........| 105/585 [00:01:39<00:07:32,  1.06it/s, loss=0.0234]
Epoch 54:  19%|#.........| 110/585 [00:01:44<00:07:29,  1.06it/s, loss=0.0234]
Epoch 54:  20%|#.........| 115/585 [00:01:49<00:07:26,  1.05it/s, loss=0.0233]
Epoch 54:  21%|##........| 120/585 [00:01:54<00:07:23,  1.05it/s, loss=0.0233]
Epoch 54:  21%|##........| 125/585 [00:01:59<00:07:19,  1.05it/s, loss=0.0232]
Epoch 54:  22%|##........| 131/585 [00:02:05<00:07:13,  1.05it/s, loss=0.0232]
Epoch 54:  23%|##........| 136/585 [00:02:10<00:07:10,  1.04it/s, loss=0.0232]
Epoch 54:  24%|##........| 141/585 [00:02:16<00:07:08,  1.04it/s, loss=0.0235]
Epoch 54:  25%|##........| 147/585 [00:02:22<00:07:03,  1.03it/s, loss=0.0237]
Epoch 54:  26%|##........| 153/585 [00:02:27<00:06:55,  1.04it/s, loss=0.0237]
Epoch 54:  27%|##........| 159/585 [00:02:32<00:06:49,  1.04it/s, loss=0.0237]
Epoch 54:  28%|##........| 165/585 [00:02:38<00:06:44,  1.04it/s, loss=0.0238]
Epoch 54:  29%|##........| 171/585 [00:02:44<00:06:37,  1.04it/s, loss=0.0238]
Epoch 54:  30%|###.......| 177/585 [00:02:49<00:06:31,  1.04it/s, loss=0.0239]
Epoch 54:  31%|###.......| 183/585 [00:02:55<00:06:24,  1.04it/s, loss=0.0238]
Epoch 54:  32%|###.......| 188/585 [00:03:00<00:06:20,  1.04it/s, loss=0.0237]
Epoch 54:  33%|###.......| 193/585 [00:03:05<00:06:16,  1.04it/s, loss=0.0237]
Epoch 54:  34%|###.......| 198/585 [00:03:10<00:06:12,  1.04it/s, loss=0.0237]
Epoch 54:  35%|###.......| 203/585 [00:03:15<00:06:08,  1.04it/s, loss=0.0237]
Epoch 54:  36%|###.......| 209/585 [00:03:21<00:06:03,  1.04it/s, loss=0.0237]
Epoch 54:  37%|###.......| 215/585 [00:03:27<00:05:56,  1.04it/s, loss=0.0237]
Epoch 54:  38%|###.......| 220/585 [00:03:32<00:05:52,  1.04it/s, loss=0.0237]
Epoch 54:  38%|###.......| 225/585 [00:03:38<00:05:49,  1.03it/s, loss=0.0238]
Epoch 54:  39%|###.......| 231/585 [00:03:43<00:05:42,  1.03it/s, loss=0.0238]
Epoch 54:  40%|####......| 236/585 [00:03:48<00:05:38,  1.03it/s, loss=0.0238]
Epoch 54:  41%|####......| 242/585 [00:03:54<00:05:31,  1.03it/s, loss=0.0238]
Epoch 54:  42%|####......| 247/585 [00:03:59<00:05:27,  1.03it/s, loss=0.0239]
Epoch 54:  43%|####......| 253/585 [00:04:05<00:05:21,  1.03it/s, loss=0.0239]
Epoch 54:  44%|####......| 258/585 [00:04:10<00:05:17,  1.03it/s, loss=0.0239]
Epoch 54:  45%|####......| 264/585 [00:04:17<00:05:12,  1.03it/s, loss=0.0240]
Epoch 54:  46%|####......| 269/585 [00:04:22<00:05:08,  1.02it/s, loss=0.0241]
Epoch 54:  47%|####......| 275/585 [00:04:28<00:05:02,  1.02it/s, loss=0.0241]
Epoch 54:  48%|####......| 280/585 [00:04:34<00:04:58,  1.02it/s, loss=0.0241]
Epoch 54:  49%|####......| 286/585 [00:04:39<00:04:52,  1.02it/s, loss=0.0241]
Epoch 54:  50%|####......| 291/585 [00:04:45<00:04:48,  1.02it/s, loss=0.0241]
Epoch 54:  51%|#####.....| 297/585 [00:04:51<00:04:42,  1.02it/s, loss=0.0241]
Epoch 54:  52%|#####.....| 302/585 [00:04:56<00:04:37,  1.02it/s, loss=0.0242]
Epoch 54:  53%|#####.....| 308/585 [00:05:01<00:04:31,  1.02it/s, loss=0.0242]
Epoch 54:  54%|#####.....| 314/585 [00:05:07<00:04:25,  1.02it/s, loss=0.0242]
Epoch 54:  55%|#####.....| 320/585 [00:05:13<00:04:19,  1.02it/s, loss=0.0241]
Epoch 54:  56%|#####.....| 326/585 [00:05:19<00:04:13,  1.02it/s, loss=0.0241]
Epoch 54:  57%|#####.....| 331/585 [00:05:25<00:04:09,  1.02it/s, loss=0.0241]
Epoch 54:  58%|#####.....| 337/585 [00:05:30<00:04:03,  1.02it/s, loss=0.0242]
Epoch 54:  58%|#####.....| 342/585 [00:05:35<00:03:58,  1.02it/s, loss=0.0242]
Epoch 54:  59%|#####.....| 348/585 [00:05:41<00:03:52,  1.02it/s, loss=0.0242]
Epoch 54:  60%|######....| 353/585 [00:05:46<00:03:47,  1.02it/s, loss=0.0242]
Epoch 54:  61%|######....| 359/585 [00:05:52<00:03:41,  1.02it/s, loss=0.0241]
Epoch 54:  62%|######....| 364/585 [00:05:57<00:03:36,  1.02it/s, loss=0.0242]
Epoch 54:  63%|######....| 369/585 [00:06:02<00:03:32,  1.02it/s, loss=0.0243]
Epoch 54:  64%|######....| 374/585 [00:06:07<00:03:27,  1.02it/s, loss=0.0245]
Epoch 54:  65%|######....| 380/585 [00:06:13<00:03:21,  1.02it/s, loss=0.0244]
Epoch 54:  66%|######....| 386/585 [00:06:19<00:03:15,  1.02it/s, loss=0.0246]
Epoch 54:  67%|######....| 391/585 [00:06:24<00:03:10,  1.02it/s, loss=0.0245]
Epoch 54:  68%|######....| 397/585 [00:06:30<00:03:04,  1.02it/s, loss=0.0245]
Epoch 54:  69%|######....| 403/585 [00:06:35<00:02:58,  1.02it/s, loss=0.0245]
Epoch 54:  70%|######....| 409/585 [00:06:41<00:02:52,  1.02it/s, loss=0.0248]
Epoch 54:  71%|#######...| 413/585 [00:06:46<00:02:49,  1.02it/s, loss=0.0248]
Epoch 54:  72%|#######...| 419/585 [00:06:52<00:02:43,  1.02it/s, loss=0.0248]
Epoch 54:  73%|#######...| 425/585 [00:06:57<00:02:37,  1.02it/s, loss=0.0248]
Epoch 54:  74%|#######...| 431/585 [00:07:03<00:02:31,  1.02it/s, loss=0.0249]
Epoch 54:  75%|#######...| 436/585 [00:07:08<00:02:26,  1.02it/s, loss=0.0249]
Epoch 54:  76%|#######...| 442/585 [00:07:13<00:02:20,  1.02it/s, loss=0.0248]
Epoch 54:  76%|#######...| 447/585 [00:07:19<00:02:15,  1.02it/s, loss=0.0248]
Epoch 54:  77%|#######...| 453/585 [00:07:24<00:02:09,  1.02it/s, loss=0.0248]
Epoch 54:  78%|#######...| 459/585 [00:07:30<00:02:03,  1.02it/s, loss=0.0248]
Epoch 54:  79%|#######...| 464/585 [00:07:35<00:01:58,  1.02it/s, loss=0.0248]
Epoch 54:  80%|########..| 470/585 [00:07:41<00:01:52,  1.02it/s, loss=0.0248]
Epoch 54:  81%|########..| 476/585 [00:07:46<00:01:46,  1.02it/s, loss=0.0247]
Epoch 54:  82%|########..| 481/585 [00:07:51<00:01:42,  1.02it/s, loss=0.0247]
Epoch 54:  83%|########..| 486/585 [00:07:57<00:01:37,  1.02it/s, loss=0.0247]
Epoch 54:  84%|########..| 492/585 [00:08:02<00:01:31,  1.02it/s, loss=0.0248]
Epoch 54:  85%|########..| 498/585 [00:08:08<00:01:25,  1.02it/s, loss=0.0247]
Epoch 54:  86%|########..| 504/585 [00:08:13<00:01:19,  1.02it/s, loss=0.0247]
Epoch 54:  87%|########..| 510/585 [00:08:19<00:01:13,  1.02it/s, loss=0.0247]
Epoch 54:  88%|########..| 515/585 [00:08:24<00:01:08,  1.02it/s, loss=0.0247]
Epoch 54:  89%|########..| 521/585 [00:08:29<00:01:02,  1.02it/s, loss=0.0247]
Epoch 54:  90%|#########.| 527/585 [00:08:35<00:00:56,  1.02it/s, loss=0.0246]
Epoch 54:  91%|#########.| 533/585 [00:08:40<00:00:50,  1.02it/s, loss=0.0246]
Epoch 54:  92%|#########.| 539/585 [00:08:47<00:00:45,  1.02it/s, loss=0.0247]
Epoch 54:  93%|#########.| 545/585 [00:08:52<00:00:39,  1.02it/s, loss=0.0247]
Epoch 54:  94%|#########.| 551/585 [00:08:58<00:00:33,  1.02it/s, loss=0.0247]
Epoch 54:  95%|#########.| 557/585 [00:09:03<00:00:27,  1.02it/s, loss=0.0247]
Epoch 54:  96%|#########.| 562/585 [00:09:08<00:00:22,  1.02it/s, loss=0.0246]
Epoch 54:  97%|#########.| 568/585 [00:09:13<00:00:16,  1.03it/s, loss=0.0247]
Epoch 54:  98%|#########.| 574/585 [00:09:19<00:00:10,  1.03it/s, loss=0.0247]
Epoch 54:  99%|#########.| 580/585 [00:09:25<00:00:04,  1.03it/s, loss=0.0247]
Epoch 54: 100%|#########.| 584/585 [00:09:30<00:00:00,  1.02it/s, loss=0.0247]
Epoch 54: 100%|##########| 585/585 [00:09:31<00:00:00,  1.02it/s, loss=0.0247]
Test loss: 0.0246, Test rmsae: 7.40deg
{"event": "epoch_complete", "epoch": 54, "phase": 2, "lr": 1e-05, "batch_size": 10, "micro_batch_size": 1, "train_loss": 0.024680193653728207, "val_loss": 0.024615464673843235, "val_rmsae_deg": 7.400243982672691, "epoch_time_s": 571.9121595960023}
Epoch 55/80:
Epoch 55:   1%|..........| 6/585 [00:00:05<00:08:43,  1.11it/s, loss=0.0245]
Epoch 55:   2%|..........| 11/585 [00:00:10<00:09:14,  1.04it/s, loss=0.0252]
Epoch 55:   3%|..........| 17/585 [00:00:16<00:09:00,  1.05it/s, loss=0.0262]
Epoch 55:   4%|..........| 23/585 [00:00:21<00:08:52,  1.06it/s, loss=0.0261]
Epoch 55:   5%|..........| 28/585 [00:00:27<00:08:57,  1.04it/s, loss=0.0259]
Epoch 55:   6%|..........| 34/585 [00:00:32<00:08:50,  1.04it/s, loss=0.0251]
Epoch 55:   7%|..........| 40/585 [00:00:38<00:08:37,  1.05it/s, loss=0.0246]
Epoch 55:   8%|..........| 45/585 [00:00:43<00:08:45,  1.03it/s, loss=0.0246]
Epoch 55:   9%|..........| 50/585 [00:00:48<00:08:44,  1.02it/s, loss=0.0249]
Epoch 55:  10%|..........| 56/585 [00:00:54<00:08:35,  1.03it/s, loss=0.0249]
Epoch 55:  11%|#.........| 62/585 [00:01:00<00:08:29,  1.03it/s, loss=0.0249]
Epoch 55:  12%|#.........| 68/585 [00:01:05<00:08:19,  1.03it/s, loss=0.0248]
Epoch 55:  12%|#.........| 73/585 [00:01:11<00:08:19,  1.02it/s, loss=0.0249]
Epoch 55:  13%|#.........| 78/585 [00:01:16<00:08:18,  1.02it/s, loss=0.0251]
Epoch 55:  14%|#.........| 83/585 [00:01:21<00:08:14,  1.01it/s, loss=0.0252]
Epoch 55:  15%|#.........| 89/585 [00:01:27<00:08:05,  1.02it/s, loss=0.0251]
Epoch 55:  16%|#.........| 95/585 [00:01:33<00:08:00,  1.02it/s, loss=0.0251]
Epoch 55:  17%|#.........| 101/585 [00:01:39<00:07:55,  1.02it/s, loss=0.0249]
Epoch 55:  18%|#.........| 106/585 [00:01:44<00:07:50,  1.02it/s, loss=0.0251]
Epoch 55:  19%|#.........| 112/585 [00:01:49<00:07:44,  1.02it/s, loss=0.0254]
Epoch 55:  20%|#.........| 116/585 [00:01:55<00:07:46,  1.01it/s, loss=0.0254]
Epoch 55:  21%|##........| 121/585 [00:02:00<00:07:41,  1.00it/s, loss=0.0253]
Epoch 55:  22%|##........| 127/585 [00:02:05<00:07:33,  1.01it/s, loss=0.0252]
Epoch 55:  23%|##........| 133/585 [00:02:11<00:07:26,  1.01it/s, loss=0.0251]
Epoch 55:  24%|##........| 139/585 [00:02:16<00:07:18,  1.02it/s, loss=0.0251]
Epoch 55:  25%|##........| 145/585 [00:02:22<00:07:12,  1.02it/s, loss=0.0251]
Epoch 55:  26%|##........| 151/585 [00:02:27<00:07:04,  1.02it/s, loss=0.0252]
Epoch 55:  27%|##........| 157/585 [00:02:33<00:06:58,  1.02it/s, loss=0.0252]
Epoch 55:  28%|##........| 163/585 [00:02:38<00:06:51,  1.03it/s, loss=0.0251]
Epoch 55:  29%|##........| 168/585 [00:02:44<00:06:48,  1.02it/s, loss=0.0252]
Epoch 55:  30%|##........| 174/585 [00:02:49<00:06:41,  1.02it/s, loss=0.0250]
Epoch 55:  31%|###.......| 179/585 [00:02:54<00:06:36,  1.02it/s, loss=0.0250]
Epoch 55:  31%|###.......| 184/585 [00:02:59<00:06:32,  1.02it/s, loss=0.0251]
Epoch 55:  32%|###.......| 190/585 [00:03:05<00:06:25,  1.02it/s, loss=0.0251]
Epoch 55:  33%|###.......| 195/585 [00:03:10<00:06:21,  1.02it/s, loss=0.0250]
Epoch 55:  34%|###.......| 200/585 [00:03:15<00:06:17,  1.02it/s, loss=0.0250]
Epoch 55:  35%|###.......| 206/585 [00:03:21<00:06:10,  1.02it/s, loss=0.0250]
Epoch 55:  36%|###.......| 212/585 [00:03:27<00:06:04,  1.02it/s, loss=0.0249]
Epoch 55:  37%|###.......| 218/585 [00:03:33<00:05:58,  1.02it/s, loss=0.0250]
Epoch 55:  38%|###.......| 223/585 [00:03:38<00:05:54,  1.02it/s, loss=0.0249]
Epoch 55:  39%|###.......| 228/585 [00:03:43<00:05:50,  1.02it/s, loss=0.0250]
Epoch 55:  40%|####......| 234/585 [00:03:49<00:05:43,  1.02it/s, loss=0.0249]
Epoch 55:  41%|####......| 239/585 [00:03:54<00:05:39,  1.02it/s, loss=0.0249]
Epoch 55:  42%|####......| 245/585 [00:03:59<00:05:32,  1.02it/s, loss=0.0249]
Epoch 55:  43%|####......| 251/585 [00:04:05<00:05:26,  1.02it/s, loss=0.0249]
Epoch 55:  44%|####......| 257/585 [00:04:10<00:05:20,  1.02it/s, loss=0.0249]
Epoch 55:  45%|####......| 263/585 [00:04:17<00:05:15,  1.02it/s, loss=0.0248]
Epoch 55:  46%|####......| 269/585 [00:04:22<00:05:08,  1.02it/s, loss=0.0247]
Epoch 55:  47%|####......| 274/585 [00:04:28<00:05:04,  1.02it/s, loss=0.0247]
Epoch 55:  48%|####......| 280/585 [00:04:34<00:04:58,  1.02it/s, loss=0.0247]
Epoch 55:  49%|####......| 286/585 [00:04:39<00:04:52,  1.02it/s, loss=0.0247]
Epoch 55:  50%|####......| 291/585 [00:04:44<00:04:47,  1.02it/s, loss=0.0247]
Epoch 55:  51%|#####.....| 297/585 [00:04:50<00:04:41,  1.02it/s, loss=0.0247]
Epoch 55:  52%|#####.....| 303/585 [00:04:56<00:04:35,  1.02it/s, loss=0.0246]
Epoch 55:  53%|#####.....| 309/585 [00:05:01<00:04:29,  1.02it/s, loss=0.0246]
Epoch 55:  54%|#####.....| 314/585 [00:05:07<00:04:25,  1.02it/s, loss=0.0246]
Epoch 55:  55%|#####.....| 320/585 [00:05:13<00:04:19,  1.02it/s, loss=0.0246]
Epoch 55:  56%|#####.....| 326/585 [00:05:19<00:04:13,  1.02it/s, loss=0.0246]
Epoch 55:  57%|#####.....| 332/585 [00:05:24<00:04:07,  1.02it/s, loss=0.0246]
Epoch 55:  58%|#####.....| 338/585 [00:05:30<00:04:01,  1.02it/s, loss=0.0246]
Epoch 55:  59%|#####.....| 344/585 [00:05:35<00:03:55,  1.03it/s, loss=0.0245]
Epoch 55:  60%|#####.....| 349/585 [00:05:40<00:03:50,  1.02it/s, loss=0.0245]
Epoch 55:  61%|######....| 355/585 [00:05:46<00:03:44,  1.03it/s, loss=0.0245]
Epoch 55:  62%|######....| 361/585 [00:05:52<00:03:38,  1.02it/s, loss=0.0244]
Epoch 55:  63%|######....| 366/585 [00:05:57<00:03:34,  1.02it/s, loss=0.0245]
Epoch 55:  63%|######....| 371/585 [00:06:02<00:03:29,  1.02it/s, loss=0.0245]
Epoch 55:  64%|######....| 377/585 [00:06:08<00:03:23,  1.02it/s, loss=0.0245]
Epoch 55:  65%|######....| 383/585 [00:06:14<00:03:17,  1.02it/s, loss=0.0245]
Epoch 55:  66%|######....| 388/585 [00:06:19<00:03:12,  1.02it/s, loss=0.0245]
Epoch 55:  67%|######....| 393/585 [00:06:24<00:03:08,  1.02it/s, loss=0.0245]
Epoch 55:  68%|######....| 398/585 [00:06:29<00:03:03,  1.02it/s, loss=0.0246]
Epoch 55:  69%|######....| 404/585 [00:06:35<00:02:57,  1.02it/s, loss=0.0246]
Epoch 55:  70%|######....| 409/585 [00:06:40<00:02:52,  1.02it/s, loss=0.0246]
Epoch 55:  71%|#######...| 414/585 [00:06:46<00:02:47,  1.02it/s, loss=0.0246]
Epoch 55:  72%|#######...| 420/585 [00:06:52<00:02:41,  1.02it/s, loss=0.0246]
Epoch 55:  73%|#######...| 426/585 [00:06:57<00:02:35,  1.02it/s, loss=0.0246]
Epoch 55:  74%|#######...| 432/585 [00:07:03<00:02:30,  1.02it/s, loss=0.0246]
Epoch 55:  75%|#######...| 438/585 [00:07:09<00:02:24,  1.02it/s, loss=0.0246]
Epoch 55:  76%|#######...| 443/585 [00:07:15<00:02:19,  1.02it/s, loss=0.0246]
Epoch 55:  77%|#######...| 449/585 [00:07:20<00:02:13,  1.02it/s, loss=0.0246]
Epoch 55:  78%|#######...| 455/585 [00:07:26<00:02:07,  1.02it/s, loss=0.0246]
Epoch 55:  79%|#######...| 460/585 [00:07:31<00:02:02,  1.02it/s, loss=0.0246]
Epoch 55:  80%|#######...| 466/585 [00:07:37<00:01:56,  1.02it/s, loss=0.0246]
Epoch 55:  81%|########..| 471/585 [00:07:42<00:01:51,  1.02it/s, loss=0.0246]
Epoch 55:  82%|########..| 477/585 [00:07:47<00:01:45,  1.02it/s, loss=0.0246]
Epoch 55:  83%|########..| 483/585 [00:07:53<00:01:39,  1.02it/s, loss=0.0246]
Epoch 55:  84%|########..| 489/585 [00:07:59<00:01:34,  1.02it/s, loss=0.0246]
Epoch 55:  84%|########..| 494/585 [00:08:04<00:01:29,  1.02it/s, loss=0.0245]
Epoch 55:  85%|########..| 500/585 [00:08:09<00:01:23,  1.02it/s, loss=0.0246]
Epoch 55:  86%|########..| 505/585 [00:08:15<00:01:18,  1.02it/s, loss=0.0247]
Epoch 55:  87%|########..| 511/585 [00:08:20<00:01:12,  1.02it/s, loss=0.0246]
Epoch 55:  88%|########..| 517/585 [00:08:26<00:01:06,  1.02it/s, loss=0.0246]
Epoch 55:  89%|########..| 522/585 [00:08:31<00:01:01,  1.02it/s, loss=0.0246]
Epoch 55:  90%|#########.| 528/585 [00:08:36<00:00:55,  1.02it/s, loss=0.0246]
Epoch 55:  91%|#########.| 534/585 [00:08:41<00:00:49,  1.02it/s, loss=0.0246]
Epoch 55:  92%|#########.| 540/585 [00:08:47<00:00:43,  1.02it/s, loss=0.0245]
Epoch 55:  93%|#########.| 545/585 [00:08:52<00:00:39,  1.02it/s, loss=0.0245]
Epoch 55:  94%|#########.| 551/585 [00:08:58<00:00:33,  1.02it/s, loss=0.0245]
Epoch 55:  95%|#########.| 557/585 [00:09:04<00:00:27,  1.02it/s, loss=0.0245]
Epoch 55:  96%|#########.| 562/585 [00:09:09<00:00:22,  1.02it/s, loss=0.0245]
Epoch 55:  97%|#########.| 568/585 [00:09:14<00:00:16,  1.02it/s, loss=0.0245]
Epoch 55:  98%|#########.| 572/585 [00:09:20<00:00:12,  1.02it/s, loss=0.0246]
Epoch 55:  99%|#########.| 577/585 [00:09:25<00:00:07,  1.02it/s, loss=0.0246]
Epoch 55:  99%|#########.| 582/585 [00:09:30<00:00:02,  1.02it/s, loss=0.0246]
Epoch 55: 100%|##########| 585/585 [00:09:34<00:00:00,  1.02it/s, loss=0.0246]
Test loss: 0.0246, Test rmsae: 7.44deg
{"event": "epoch_complete", "epoch": 55, "phase": 2, "lr": 1e-05, "batch_size": 10, "micro_batch_size": 1, "train_loss": 0.02461718253345571, "val_loss": 0.024610683729406446, "val_rmsae_deg": 7.438618451356888, "epoch_time_s": 574.9097635090002}
Epoch 56/80:
Epoch 56:   1%|..........| 6/585 [00:00:05<00:09:07,  1.06it/s, loss=0.0222]
Epoch 56:   2%|..........| 12/585 [00:00:10<00:08:37,  1.11it/s, loss=0.0237]
Epoch 56:   3%|..........| 18/585 [00:00:16<00:08:36,  1.10it/s, loss=0.0235]
Epoch 56:   4%|..........| 23/585 [00:00:21<00:08:43,  1.07it/s, loss=0.0245]
Epoch 56:   5%|..........| 29/585 [00:00:27<00:08:50,  1.05it/s, loss=0.0254]
Epoch 56:   6%|..........| 33/585 [00:00:32<00:09:08,  1.01it/s, loss=0.0262]
Epoch 56:   6%|..........| 38/585 [00:00:37<00:09:04,  1.01it/s, loss=0.0265]
Epoch 56:   8%|..........| 44/585 [00:00:43<00:08:55,  1.01it/s, loss=0.0262]
Epoch 56:   9%|..........| 50/585 [00:00:49<00:08:45,  1.02it/s, loss=0.0258]
Epoch 56:  10%|..........| 56/585 [00:00:54<00:08:39,  1.02it/s, loss=0.0256]
Epoch 56:  10%|#.........| 61/585 [00:01:00<00:08:35,  1.02it/s, loss=0.0256]
Epoch 56:  11%|#.........| 66/585 [00:01:05<00:08:32,  1.01it/s, loss=0.0255]
Epoch 56:  12%|#.........| 72/585 [00:01:10<00:08:25,  1.02it/s, loss=0.0260]
Epoch 56:  13%|#.........| 78/585 [00:01:16<00:08:16,  1.02it/s, loss=0.0257]
Epoch 56:  14%|#.........| 82/585 [00:01:21<00:08:20,  1.00it/s, loss=0.0256]
Epoch 56:  15%|#.........| 88/585 [00:01:27<00:08:11,  1.01it/s, loss=0.0258]
Epoch 56:  16%|#.........| 94/585 [00:01:32<00:08:02,  1.02it/s, loss=0.0257]
Epoch 56:  17%|#.........| 99/585 [00:01:37<00:07:58,  1.02it/s, loss=0.0256]
Epoch 56:  18%|#.........| 105/585 [00:01:43<00:07:51,  1.02it/s, loss=0.0256]
Epoch 56:  19%|#.........| 111/585 [00:01:49<00:07:45,  1.02it/s, loss=0.0255]
Epoch 56:  20%|#.........| 115/585 [00:01:54<00:07:46,  1.01it/s, loss=0.0259]
Epoch 56:  21%|##........| 121/585 [00:02:00<00:07:41,  1.01it/s, loss=0.0257]
Epoch 56:  22%|##........| 127/585 [00:02:06<00:07:36,  1.00it/s, loss=0.0258]
Epoch 56:  23%|##........| 133/585 [00:02:12<00:07:30,  1.00it/s, loss=0.0256]
Epoch 56:  24%|##........| 139/585 [00:02:18<00:07:24,  1.00it/s, loss=0.0256]
Epoch 56:  25%|##........| 145/585 [00:02:23<00:07:16,  1.01it/s, loss=0.0256]
Epoch 56:  26%|##........| 150/585 [00:02:29<00:07:13,  1.00it/s, loss=0.0258]
Epoch 56:  27%|##........| 156/585 [00:02:34<00:07:05,  1.01it/s, loss=0.0256]
Epoch 56:  28%|##........| 161/585 [00:02:40<00:07:02,  1.00it/s, loss=0.0258]
Epoch 56:  29%|##........| 167/585 [00:02:45<00:06:54,  1.01it/s, loss=0.0257]
Epoch 56:  29%|##........| 172/585 [00:02:50<00:06:49,  1.01it/s, loss=0.0256]
Epoch 56:  30%|###.......| 178/585 [00:02:56<00:06:43,  1.01it/s, loss=0.0255]
Epoch 56:  31%|###.......| 184/585 [00:03:01<00:06:36,  1.01it/s, loss=0.0254]
Epoch 56:  32%|###.......| 188/585 [00:03:07<00:06:35,  1.00it/s, loss=0.0254]
Epoch 56:  33%|###.......| 194/585 [00:03:12<00:06:28,  1.01it/s, loss=0.0253]
Epoch 56:  34%|###.......| 199/585 [00:03:18<00:06:24,  1.01it/s, loss=0.0254]
Epoch 56:  35%|###.......| 205/585 [00:03:23<00:06:17,  1.01it/s, loss=0.0253]
Epoch 56:  36%|###.......| 211/585 [00:03:28<00:06:09,  1.01it/s, loss=0.0252]
Epoch 56:  37%|###.......| 217/585 [00:03:34<00:06:03,  1.01it/s, loss=0.0252]
Epoch 56:  38%|###.......| 223/585 [00:03:40<00:05:57,  1.01it/s, loss=0.0252]
Epoch 56:  39%|###.......| 229/585 [00:03:45<00:05:51,  1.01it/s, loss=0.0252]
Epoch 56:  40%|####......| 234/585 [00:03:52<00:05:48,  1.01it/s, loss=0.0253]
Epoch 56:  41%|####......| 240/585 [00:03:57<00:05:41,  1.01it/s, loss=0.0252]
Epoch 56:  42%|####......| 246/585 [00:04:03<00:05:35,  1.01it/s, loss=0.0252]
Epoch 56:  43%|####......| 252/585 [00:04:09<00:05:29,  1.01it/s, loss=0.0251]
Epoch 56:  44%|####......| 258/585 [00:04:15<00:05:23,  1.01it/s, loss=0.0252]
Epoch 56:  45%|####......| 263/585 [00:04:20<00:05:19,  1.01it/s, loss=0.0252]
Epoch 56:  46%|####......| 267/585 [00:04:25<00:05:16,  1.00it/s, loss=0.0253]
Epoch 56:  47%|####......| 273/585 [00:04:31<00:05:10,  1.01it/s, loss=0.0253]
Epoch 56:  48%|####......| 278/585 [00:04:36<00:05:05,  1.01it/s, loss=0.0252]
Epoch 56:  49%|####......| 284/585 [00:04:42<00:04:59,  1.01it/s, loss=0.0252]
Epoch 56:  50%|####......| 290/585 [00:04:47<00:04:52,  1.01it/s, loss=0.0251]
Epoch 56:  50%|#####.....| 295/585 [00:04:53<00:04:48,  1.01it/s, loss=0.0251]
Epoch 56:  51%|#####.....| 300/585 [00:04:58<00:04:43,  1.00it/s, loss=0.0252]
Epoch 56:  52%|#####.....| 305/585 [00:05:04<00:04:39,  1.00it/s, loss=0.0252]
Epoch 56:  53%|#####.....| 311/585 [00:05:09<00:04:32,  1.01it/s, loss=0.0252]
Epoch 56:  54%|#####.....| 317/585 [00:05:14<00:04:26,  1.01it/s, loss=0.0252]
Epoch 56:  55%|#####.....| 323/585 [00:05:20<00:04:19,  1.01it/s, loss=0.0251]
Epoch 56:  56%|#####.....| 329/585 [00:05:25<00:04:13,  1.01it/s, loss=0.0252]
Epoch 56:  57%|#####.....| 334/585 [00:05:30<00:04:08,  1.01it/s, loss=0.0252]
Epoch 56:  58%|#####.....| 339/585 [00:05:36<00:04:03,  1.01it/s, loss=0.0252]
Epoch 56:  59%|#####.....| 344/585 [00:05:42<00:03:59,  1.01it/s, loss=0.0252]
Epoch 56:  60%|#####.....| 350/585 [00:05:47<00:03:53,  1.01it/s, loss=0.0252]
Epoch 56:  61%|######....| 356/585 [00:05:53<00:03:47,  1.01it/s, loss=0.0252]
Epoch 56:  62%|######....| 362/585 [00:05:58<00:03:41,  1.01it/s, loss=0.0253]
Epoch 56:  63%|######....| 368/585 [00:06:04<00:03:35,  1.01it/s, loss=0.0252]
Epoch 56:  64%|######....| 373/585 [00:06:09<00:03:30,  1.01it/s, loss=0.0252]
Epoch 56:  65%|######....| 379/585 [00:06:15<00:03:24,  1.01it/s, loss=0.0252]
Epoch 56:  66%|######....| 384/585 [00:06:20<00:03:19,  1.01it/s, loss=0.0252]
Epoch 56:  67%|######....| 390/585 [00:06:25<00:03:12,  1.01it/s, loss=0.0252]
Epoch 56:  68%|######....| 395/585 [00:06:30<00:03:08,  1.01it/s, loss=0.0252]
Epoch 56:  68%|######....| 400/585 [00:06:36<00:03:03,  1.01it/s, loss=0.0252]
Epoch 56:  69%|######....| 406/585 [00:06:42<00:02:57,  1.01it/s, loss=0.0253]
Epoch 56:  70%|#######...| 412/585 [00:06:48<00:02:51,  1.01it/s, loss=0.0253]
Epoch 56:  71%|#######...| 418/585 [00:06:54<00:02:45,  1.01it/s, loss=0.0253]
Epoch 56:  72%|#######...| 423/585 [00:06:59<00:02:40,  1.01it/s, loss=0.0252]
Epoch 56:  73%|#######...| 428/585 [00:07:04<00:02:35,  1.01it/s, loss=0.0253]
Epoch 56:  74%|#######...| 433/585 [00:07:09<00:02:30,  1.01it/s, loss=0.0253]
Epoch 56:  75%|#######...| 438/585 [00:07:15<00:02:26,  1.01it/s, loss=0.0253]
Epoch 56:  76%|#######...| 443/585 [00:07:20<00:02:21,  1.01it/s, loss=0.0253]
Epoch 56:  77%|#######...| 448/585 [00:07:26<00:02:16,  1.00it/s, loss=0.0253]
Epoch 56:  77%|#######...| 453/585 [00:07:31<00:02:11,  1.00it/s, loss=0.0253]
Epoch 56:  78%|#######...| 459/585 [00:07:36<00:02:05,  1.00it/s, loss=0.0252]
Epoch 56:  79%|#######...| 464/585 [00:07:42<00:02:00,  1.00it/s, loss=0.0253]
Epoch 56:  80%|########..| 469/585 [00:07:47<00:01:55,  1.00it/s, loss=0.0253]
Epoch 56:  81%|########..| 475/585 [00:07:53<00:01:49,  1.00it/s, loss=0.0254]
Epoch 56:  82%|########..| 480/585 [00:07:58<00:01:44,  1.00it/s, loss=0.0254]
Epoch 56:  83%|########..| 486/585 [00:08:03<00:01:38,  1.00it/s, loss=0.0254]
Epoch 56:  84%|########..| 492/585 [00:08:09<00:01:32,  1.00it/s, loss=0.0254]
Epoch 56:  85%|########..| 498/585 [00:08:16<00:01:26,  1.00it/s, loss=0.0254]
Epoch 56:  86%|########..| 503/585 [00:08:22<00:01:21,  1.00it/s, loss=0.0254]
Epoch 56:  87%|########..| 509/585 [00:08:27<00:01:15,  1.00it/s, loss=0.0254]
Epoch 56:  88%|########..| 514/585 [00:08:32<00:01:10,  1.00it/s, loss=0.0254]
Epoch 56:  89%|########..| 519/585 [00:08:38<00:01:05,  1.00it/s, loss=0.0253]
Epoch 56:  90%|########..| 524/585 [00:08:43<00:01:00,  1.00it/s, loss=0.0253]
Epoch 56:  91%|#########.| 530/585 [00:08:48<00:00:54,  1.00it/s, loss=0.0253]
Epoch 56:  91%|#########.| 535/585 [00:08:54<00:00:49,  1.00it/s, loss=0.0254]
Epoch 56:  92%|#########.| 540/585 [00:08:59<00:00:44,  1.00it/s, loss=0.0254]
Epoch 56:  93%|#########.| 546/585 [00:09:05<00:00:38,  1.00it/s, loss=0.0254]
Epoch 56:  94%|#########.| 552/585 [00:09:11<00:00:32,  1.00it/s, loss=0.0254]
Epoch 56:  95%|#########.| 558/585 [00:09:16<00:00:26,  1.00it/s, loss=0.0254]
Epoch 56:  96%|#########.| 564/585 [00:09:22<00:00:20,  1.00it/s, loss=0.0253]
Epoch 56:  97%|#########.| 570/585 [00:09:27<00:00:14,  1.00it/s, loss=0.0253]
Epoch 56:  98%|#########.| 576/585 [00:09:33<00:00:08,  1.01it/s, loss=0.0253]
Epoch 56:  99%|#########.| 582/585 [00:09:38<00:00:02,  1.01it/s, loss=0.0253]
Epoch 56: 100%|##########| 585/585 [00:09:41<00:00:00,  1.01it/s, loss=0.0253]
Test loss: 0.0246, Test rmsae: 7.34deg
{"event": "epoch_complete", "epoch": 56, "phase": 2, "lr": 1e-05, "batch_size": 10, "micro_batch_size": 1, "train_loss": 0.025264179999502295, "val_loss": 0.02463489305227995, "val_rmsae_deg": 7.342722848057747, "epoch_time_s": 582.595496777998}
Epoch 57/80:
Epoch 57:   1%|..........| 6/585 [00:00:05<00:08:51,  1.09it/s, loss=0.0262]
Epoch 57:   2%|..........| 11/585 [00:00:10<00:09:20,  1.02it/s, loss=0.0311]
Epoch 57:   3%|..........| 17/585 [00:00:16<00:08:57,  1.06it/s, loss=0.0287]
Epoch 57:   4%|..........| 22/585 [00:00:21<00:09:21,  1.00it/s, loss=0.0290]
Epoch 57:   5%|..........| 27/585 [00:00:27<00:09:32,  0.97it/s, loss=0.0277]
Epoch 57:   5%|..........| 32/585 [00:00:33<00:09:32,  0.97it/s, loss=0.0274]
Epoch 57:   6%|..........| 38/585 [00:00:38<00:09:17,  0.98it/s, loss=0.0270]
Epoch 57:   7%|..........| 43/585 [00:00:43<00:09:11,  0.98it/s, loss=0.0266]
Epoch 57:   8%|..........| 49/585 [00:00:49<00:09:00,  0.99it/s, loss=0.0266]
Epoch 57:   9%|..........| 54/585 [00:00:54<00:08:56,  0.99it/s, loss=0.0265]
Epoch 57:  10%|#.........| 59/585 [00:00:59<00:08:51,  0.99it/s, loss=0.0262]
Epoch 57:  11%|#.........| 65/585 [00:01:05<00:08:42,  1.00it/s, loss=0.0264]
Epoch 57:  12%|#.........| 69/585 [00:01:10<00:08:47,  0.98it/s, loss=0.0264]
Epoch 57:  13%|#.........| 75/585 [00:01:16<00:08:37,  0.99it/s, loss=0.0264]
Epoch 57:  14%|#.........| 81/585 [00:01:21<00:08:28,  0.99it/s, loss=0.0264]
Epoch 57:  15%|#.........| 87/585 [00:01:27<00:08:19,  1.00it/s, loss=0.0261]
Epoch 57:  16%|#.........| 93/585 [00:01:33<00:08:12,  1.00it/s, loss=0.0259]
Epoch 57:  17%|#.........| 99/585 [00:01:38<00:08:05,  1.00it/s, loss=0.0258]
Epoch 57:  18%|#.........| 105/585 [00:01:44<00:07:58,  1.00it/s, loss=0.0258]
Epoch 57:  19%|#.........| 111/585 [00:01:50<00:07:53,  1.00it/s, loss=0.0258]
Epoch 57:  20%|##........| 117/585 [00:01:56<00:07:44,  1.01it/s, loss=0.0258]
Epoch 57:  21%|##........| 123/585 [00:02:01<00:07:37,  1.01it/s, loss=0.0257]
Epoch 57:  22%|##........| 128/585 [00:02:07<00:07:35,  1.00it/s, loss=0.0258]
Epoch 57:  23%|##........| 134/585 [00:02:13<00:07:29,  1.00it/s, loss=0.0257]
Epoch 57:  24%|##........| 139/585 [00:02:19<00:07:27,  1.00it/s, loss=0.0257]
Epoch 57:  25%|##........| 144/585 [00:02:24<00:07:22,  1.00it/s, loss=0.0255]
Epoch 57:  25%|##........| 149/585 [00:02:29<00:07:17,  1.00it/s, loss=0.0254]
Epoch 57:  26%|##........| 155/585 [00:02:35<00:07:10,  1.00it/s, loss=0.0254]
Epoch 57:  28%|##........| 161/585 [00:02:40<00:07:03,  1.00it/s, loss=0.0254]
Epoch 57:  29%|##........| 167/585 [00:02:46<00:06:57,  1.00it/s, loss=0.0253]
Epoch 57:  30%|##........| 173/585 [00:02:52<00:06:50,  1.00it/s, loss=0.0252]
Epoch 57:  30%|###.......| 178/585 [00:02:57<00:06:46,  1.00it/s, loss=0.0253]
Epoch 57:  31%|###.......| 183/585 [00:03:03<00:06:42,  1.00it/s, loss=0.0252]
Epoch 57:  32%|###.......| 188/585 [00:03:08<00:06:37,  1.00it/s, loss=0.0252]
Epoch 57:  33%|###.......| 193/585 [00:03:13<00:06:33,  1.00it/s, loss=0.0252]
Epoch 57:  34%|###.......| 199/585 [00:03:18<00:06:25,  1.00it/s, loss=0.0251]
Epoch 57:  35%|###.......| 205/585 [00:03:24<00:06:18,  1.00it/s, loss=0.0251]
Epoch 57:  36%|###.......| 211/585 [00:03:29<00:06:11,  1.01it/s, loss=0.0251]
Epoch 57:  37%|###.......| 217/585 [00:03:35<00:06:04,  1.01it/s, loss=0.0251]
Epoch 57:  38%|###.......| 223/585 [00:03:40<00:05:57,  1.01it/s, loss=0.0250]
Epoch 57:  39%|###.......| 228/585 [00:03:45<00:05:53,  1.01it/s, loss=0.0249]
Epoch 57:  40%|###.......| 233/585 [00:03:50<00:05:48,  1.01it/s, loss=0.0249]
Epoch 57:  41%|####......| 239/585 [00:03:56<00:05:42,  1.01it/s, loss=0.0249]
Epoch 57:  42%|####......| 245/585 [00:04:02<00:05:36,  1.01it/s, loss=0.0251]
Epoch 57:  43%|####......| 251/585 [00:04:07<00:05:29,  1.01it/s, loss=0.0252]
Epoch 57:  44%|####......| 256/585 [00:04:13<00:05:25,  1.01it/s, loss=0.0252]
Epoch 57:  45%|####......| 261/585 [00:04:18<00:05:20,  1.01it/s, loss=0.0251]
Epoch 57:  46%|####......| 267/585 [00:04:23<00:05:14,  1.01it/s, loss=0.0252]
Epoch 57:  47%|####......| 273/585 [00:04:29<00:05:07,  1.01it/s, loss=0.0252]
Epoch 57:  48%|####......| 279/585 [00:04:34<00:05:01,  1.02it/s, loss=0.0251]
Epoch 57:  49%|####......| 285/585 [00:04:40<00:04:55,  1.02it/s, loss=0.0251]
Epoch 57:  50%|####......| 290/585 [00:04:45<00:04:50,  1.02it/s, loss=0.0250]
Epoch 57:  50%|#####.....| 295/585 [00:04:50<00:04:46,  1.01it/s, loss=0.0250]
Epoch 57:  51%|#####.....| 301/585 [00:04:56<00:04:39,  1.02it/s, loss=0.0249]
Epoch 57:  52%|#####.....| 307/585 [00:05:02<00:04:33,  1.02it/s, loss=0.0249]
Epoch 57:  54%|#####.....| 313/585 [00:05:08<00:04:27,  1.02it/s, loss=0.0249]
Epoch 57:  55%|#####.....| 319/585 [00:05:13<00:04:21,  1.02it/s, loss=0.0249]
Epoch 57:  56%|#####.....| 325/585 [00:05:19<00:04:15,  1.02it/s, loss=0.0248]
Epoch 57:  57%|#####.....| 331/585 [00:05:25<00:04:09,  1.02it/s, loss=0.0248]
Epoch 57:  58%|#####.....| 337/585 [00:05:31<00:04:03,  1.02it/s, loss=0.0248]
Epoch 57:  58%|#####.....| 342/585 [00:05:37<00:03:59,  1.01it/s, loss=0.0248]
Epoch 57:  59%|#####.....| 348/585 [00:05:42<00:03:53,  1.02it/s, loss=0.0248]
Epoch 57:  61%|######....| 354/585 [00:05:48<00:03:47,  1.02it/s, loss=0.0248]
Epoch 57:  62%|######....| 360/585 [00:05:54<00:03:41,  1.02it/s, loss=0.0249]
Epoch 57:  62%|######....| 365/585 [00:05:59<00:03:36,  1.01it/s, loss=0.0248]
Epoch 57:  63%|######....| 371/585 [00:06:05<00:03:30,  1.02it/s, loss=0.0249]
Epoch 57:  64%|######....| 377/585 [00:06:10<00:03:24,  1.02it/s, loss=0.0249]
Epoch 57:  65%|######....| 383/585 [00:06:15<00:03:18,  1.02it/s, loss=0.0249]
Epoch 57:  66%|######....| 388/585 [00:06:21<00:03:13,  1.02it/s, loss=0.0249]
Epoch 57:  67%|######....| 392/585 [00:06:27<00:03:10,  1.01it/s, loss=0.0249]
Epoch 57:  68%|######....| 397/585 [00:06:32<00:03:05,  1.01it/s, loss=0.0249]
Epoch 57:  69%|######....| 403/585 [00:06:38<00:02:59,  1.01it/s, loss=0.0248]
Epoch 57:  70%|######....| 408/585 [00:06:44<00:02:55,  1.01it/s, loss=0.0249]
Epoch 57:  71%|#######...| 413/585 [00:06:50<00:02:50,  1.01it/s, loss=0.0249]
Epoch 57:  72%|#######...| 419/585 [00:06:55<00:02:44,  1.01it/s, loss=0.0248]
Epoch 57:  72%|#######...| 424/585 [00:07:00<00:02:39,  1.01it/s, loss=0.0248]
Epoch 57:  74%|#######...| 430/585 [00:07:06<00:02:33,  1.01it/s, loss=0.0249]
Epoch 57:  75%|#######...| 436/585 [00:07:11<00:02:27,  1.01it/s, loss=0.0248]
Epoch 57:  76%|#######...| 442/585 [00:07:17<00:02:21,  1.01it/s, loss=0.0248]
Epoch 57:  77%|#######...| 448/585 [00:07:22<00:02:15,  1.01it/s, loss=0.0248]
Epoch 57:  77%|#######...| 453/585 [00:07:28<00:02:10,  1.01it/s, loss=0.0248]
Epoch 57:  78%|#######...| 459/585 [00:07:33<00:02:04,  1.01it/s, loss=0.0248]
Epoch 57:  79%|#######...| 465/585 [00:07:39<00:01:58,  1.01it/s, loss=0.0247]
Epoch 57:  81%|########..| 471/585 [00:07:44<00:01:52,  1.01it/s, loss=0.0247]
Epoch 57:  82%|########..| 477/585 [00:07:50<00:01:46,  1.01it/s, loss=0.0247]
Epoch 57:  83%|########..| 483/585 [00:07:56<00:01:40,  1.01it/s, loss=0.0247]
Epoch 57:  84%|########..| 489/585 [00:08:01<00:01:34,  1.01it/s, loss=0.0247]
Epoch 57:  84%|########..| 494/585 [00:08:07<00:01:29,  1.01it/s, loss=0.0247]
Epoch 57:  85%|########..| 500/585 [00:08:13<00:01:23,  1.01it/s, loss=0.0247]
Epoch 57:  86%|########..| 506/585 [00:08:18<00:01:17,  1.01it/s, loss=0.0247]
Epoch 57:  88%|########..| 512/585 [00:08:24<00:01:11,  1.02it/s, loss=0.0246]
Epoch 57:  88%|########..| 517/585 [00:08:29<00:01:07,  1.01it/s, loss=0.0246]
Epoch 57:  89%|########..| 523/585 [00:08:35<00:01:01,  1.01it/s, loss=0.0246]
Epoch 57:  90%|#########.| 528/585 [00:08:40<00:00:56,  1.01it/s, loss=0.0246]
Epoch 57:  91%|#########.| 534/585 [00:08:46<00:00:50,  1.01it/s, loss=0.0246]
Epoch 57:  92%|#########.| 540/585 [00:08:52<00:00:44,  1.02it/s, loss=0.0246]
Epoch 57:  93%|#########.| 545/585 [00:08:57<00:00:39,  1.01it/s, loss=0.0246]
Epoch 57:  94%|#########.| 551/585 [00:09:02<00:00:33,  1.02it/s, loss=0.0246]
Epoch 57:  95%|#########.| 557/585 [00:09:09<00:00:27,  1.01it/s, loss=0.0245]
Epoch 57:  96%|#########.| 563/585 [00:09:14<00:00:21,  1.02it/s, loss=0.0245]
Epoch 57:  97%|#########.| 569/585 [00:09:20<00:00:15,  1.01it/s, loss=0.0245]
Epoch 57:  98%|#########.| 574/585 [00:09:26<00:00:10,  1.01it/s, loss=0.0245]
Epoch 57:  99%|#########.| 579/585 [00:09:32<00:00:05,  1.01it/s, loss=0.0245]
Epoch 57: 100%|#########.| 584/585 [00:09:37<00:00:00,  1.01it/s, loss=0.0245]
Epoch 57: 100%|##########| 585/585 [00:09:38<00:00:00,  1.01it/s, loss=0.0245]
Test loss: 0.0246, Test rmsae: 7.39deg
{"event": "epoch_complete", "epoch": 57, "phase": 2, "lr": 1e-05, "batch_size": 10, "micro_batch_size": 1, "train_loss": 0.02447589088836287, "val_loss": 0.02455549984006211, "val_rmsae_deg": 7.38557842373848, "epoch_time_s": 579.664286524996}
Epoch 58/80:
Epoch 58:   1%|..........| 6/585 [00:00:05<00:08:29,  1.14it/s, loss=0.0233]
Epoch 58:   2%|..........| 12/585 [00:00:11<00:08:51,  1.08it/s, loss=0.0237]
Epoch 58:   3%|..........| 18/585 [00:00:17<00:08:57,  1.06it/s, loss=0.0237]
Epoch 58:   4%|..........| 24/585 [00:00:22<00:08:56,  1.05it/s, loss=0.0235]
Epoch 58:   5%|..........| 30/585 [00:00:29<00:08:58,  1.03it/s, loss=0.0235]
Epoch 58:   6%|..........| 35/585 [00:00:34<00:08:57,  1.02it/s, loss=0.0234]
Epoch 58:   7%|..........| 40/585 [00:00:39<00:09:04,  1.00it/s, loss=0.0239]
Epoch 58:   8%|..........| 45/585 [00:00:45<00:09:00,  1.00it/s, loss=0.0237]
Epoch 58:   9%|..........| 51/585 [00:00:50<00:08:48,  1.01it/s, loss=0.0243]
Epoch 58:  10%|..........| 56/585 [00:00:55<00:08:44,  1.01it/s, loss=0.0240]
Epoch 58:  10%|#.........| 61/585 [00:01:00<00:08:42,  1.00it/s, loss=0.0248]
Epoch 58:  11%|#.........| 67/585 [00:01:06<00:08:32,  1.01it/s, loss=0.0249]
Epoch 58:  12%|#.........| 73/585 [00:01:12<00:08:25,  1.01it/s, loss=0.0247]
Epoch 58:  14%|#.........| 79/585 [00:01:17<00:08:14,  1.02it/s, loss=0.0247]
Epoch 58:  15%|#.........| 85/585 [00:01:22<00:08:07,  1.03it/s, loss=0.0247]
Epoch 58:  15%|#.........| 90/585 [00:01:27<00:08:03,  1.02it/s, loss=0.0244]
Epoch 58:  16%|#.........| 96/585 [00:01:33<00:07:56,  1.03it/s, loss=0.0242]
Epoch 58:  17%|#.........| 101/585 [00:01:38<00:07:52,  1.02it/s, loss=0.0244]
Epoch 58:  18%|#.........| 107/585 [00:01:44<00:07:49,  1.02it/s, loss=0.0244]
Epoch 58:  19%|#.........| 112/585 [00:01:50<00:07:44,  1.02it/s, loss=0.0246]
Epoch 58:  20%|##........| 118/585 [00:01:55<00:07:38,  1.02it/s, loss=0.0246]
Epoch 58:  21%|##........| 123/585 [00:02:01<00:07:34,  1.02it/s, loss=0.0247]
Epoch 58:  22%|##........| 129/585 [00:02:06<00:07:27,  1.02it/s, loss=0.0247]
Epoch 58:  23%|##........| 135/585 [00:02:12<00:07:20,  1.02it/s, loss=0.0247]
Epoch 58:  24%|##........| 140/585 [00:02:17<00:07:17,  1.02it/s, loss=0.0247]
Epoch 58:  25%|##........| 145/585 [00:02:22<00:07:13,  1.02it/s, loss=0.0246]
Epoch 58:  26%|##........| 151/585 [00:02:28<00:07:05,  1.02it/s, loss=0.0248]
Epoch 58:  27%|##........| 157/585 [00:02:33<00:06:58,  1.02it/s, loss=0.0246]
Epoch 58:  28%|##........| 162/585 [00:02:38<00:06:54,  1.02it/s, loss=0.0247]
Epoch 58:  29%|##........| 167/585 [00:02:44<00:06:51,  1.02it/s, loss=0.0248]
Epoch 58:  30%|##........| 173/585 [00:02:50<00:06:45,  1.02it/s, loss=0.0248]
Epoch 58:  30%|###.......| 178/585 [00:02:56<00:06:44,  1.01it/s, loss=0.0253]
Epoch 58:  31%|###.......| 184/585 [00:03:01<00:06:36,  1.01it/s, loss=0.0252]
Epoch 58:  32%|###.......| 190/585 [00:03:07<00:06:29,  1.02it/s, loss=0.0251]
Epoch 58:  34%|###.......| 196/585 [00:03:12<00:06:22,  1.02it/s, loss=0.0250]
Epoch 58:  35%|###.......| 202/585 [00:03:18<00:06:16,  1.02it/s, loss=0.0251]
Epoch 58:  35%|###.......| 207/585 [00:03:23<00:06:11,  1.02it/s, loss=0.0251]
Epoch 58:  36%|###.......| 213/585 [00:03:30<00:06:06,  1.01it/s, loss=0.0251]
Epoch 58:  37%|###.......| 219/585 [00:03:35<00:06:00,  1.02it/s, loss=0.0251]
Epoch 58:  38%|###.......| 225/585 [00:03:41<00:05:54,  1.02it/s, loss=0.0251]
Epoch 58:  39%|###.......| 230/585 [00:03:46<00:05:49,  1.01it/s, loss=0.0251]
Epoch 58:  40%|####......| 236/585 [00:03:52<00:05:43,  1.02it/s, loss=0.0251]
Epoch 58:  41%|####......| 241/585 [00:03:57<00:05:39,  1.01it/s, loss=0.0251]
Epoch 58:  42%|####......| 245/585 [00:04:02<00:05:36,  1.01it/s, loss=0.0250]
Epoch 58:  43%|####......| 250/585 [00:04:07<00:05:32,  1.01it/s, loss=0.0252]
Epoch 58:  44%|####......| 255/585 [00:04:13<00:05:28,  1.01it/s, loss=0.0251]
Epoch 58:  44%|####......| 260/585 [00:04:18<00:05:23,  1.01it/s, loss=0.0250]
Epoch 58:  45%|####......| 264/585 [00:04:23<00:05:20,  1.00it/s, loss=0.0251]
Epoch 58:  46%|####......| 270/585 [00:04:28<00:05:13,  1.00it/s, loss=0.0250]
Epoch 58:  47%|####......| 275/585 [00:04:34<00:05:09,  1.00it/s, loss=0.0250]
Epoch 58:  48%|####......| 281/585 [00:04:40<00:05:03,  1.00it/s, loss=0.0249]
Epoch 58:  49%|####......| 287/585 [00:04:46<00:04:57,  1.00it/s, loss=0.0249]
Epoch 58:  50%|#####.....| 293/585 [00:04:51<00:04:50,  1.00it/s, loss=0.0248]
Epoch 58:  51%|#####.....| 299/585 [00:04:57<00:04:44,  1.01it/s, loss=0.0248]
Epoch 58:  52%|#####.....| 305/585 [00:05:03<00:04:38,  1.01it/s, loss=0.0248]
Epoch 58:  53%|#####.....| 310/585 [00:05:08<00:04:33,  1.01it/s, loss=0.0248]
Epoch 58:  54%|#####.....| 316/585 [00:05:14<00:04:27,  1.01it/s, loss=0.0247]
Epoch 58:  55%|#####.....| 320/585 [00:05:19<00:04:24,  1.00it/s, loss=0.0248]
Epoch 58:  56%|#####.....| 326/585 [00:05:25<00:04:18,  1.00it/s, loss=0.0248]
Epoch 58:  57%|#####.....| 331/585 [00:05:30<00:04:13,  1.00it/s, loss=0.0248]
Epoch 58:  58%|#####.....| 337/585 [00:05:36<00:04:07,  1.00it/s, loss=0.0248]
Epoch 58:  58%|#####.....| 342/585 [00:05:41<00:04:02,  1.00it/s, loss=0.0248]
Epoch 58:  59%|#####.....| 346/585 [00:05:47<00:04:00,  0.99it/s, loss=0.0248]
Epoch 58:  60%|######....| 351/585 [00:05:53<00:03:55,  0.99it/s, loss=0.0248]
Epoch 58:  61%|######....| 356/585 [00:05:58<00:03:50,  0.99it/s, loss=0.0248]
Epoch 58:  62%|######....| 362/585 [00:06:04<00:03:44,  0.99it/s, loss=0.0248]
Epoch 58:  63%|######....| 367/585 [00:06:09<00:03:39,  0.99it/s, loss=0.0248]
Epoch 58:  64%|######....| 372/585 [00:06:14<00:03:34,  0.99it/s, loss=0.0249]
Epoch 58:  65%|######....| 378/585 [00:06:19<00:03:27,  1.00it/s, loss=0.0250]
Epoch 58:  66%|######....| 384/585 [00:06:25<00:03:21,  1.00it/s, loss=0.0250]
Epoch 58:  67%|######....| 390/585 [00:06:30<00:03:15,  1.00it/s, loss=0.0250]
Epoch 58:  68%|######....| 396/585 [00:06:36<00:03:09,  1.00it/s, loss=0.0249]
Epoch 58:  69%|######....| 402/585 [00:06:41<00:03:02,  1.00it/s, loss=0.0248]
Epoch 58:  70%|######....| 408/585 [00:06:47<00:02:56,  1.00it/s, loss=0.0248]
Epoch 58:  71%|#######...| 413/585 [00:06:52<00:02:51,  1.00it/s, loss=0.0248]
Epoch 58:  71%|#######...| 418/585 [00:06:57<00:02:46,  1.00it/s, loss=0.0248]
Epoch 58:  72%|#######...| 424/585 [00:07:03<00:02:40,  1.00it/s, loss=0.0248]
Epoch 58:  74%|#######...| 430/585 [00:07:08<00:02:34,  1.00it/s, loss=0.0248]
Epoch 58:  74%|#######...| 435/585 [00:07:14<00:02:29,  1.00it/s, loss=0.0250]
Epoch 58:  75%|#######...| 441/585 [00:07:20<00:02:23,  1.00it/s, loss=0.0250]
Epoch 58:  76%|#######...| 447/585 [00:07:25<00:02:17,  1.00it/s, loss=0.0250]
Epoch 58:  77%|#######...| 453/585 [00:07:31<00:02:11,  1.00it/s, loss=0.0249]
Epoch 58:  78%|#######...| 459/585 [00:07:37<00:02:05,  1.00it/s, loss=0.0249]
Epoch 58:  79%|#######...| 465/585 [00:07:43<00:01:59,  1.00it/s, loss=0.0249]
Epoch 58:  81%|########..| 471/585 [00:07:49<00:01:53,  1.00it/s, loss=0.0249]
Epoch 58:  82%|########..| 477/585 [00:07:54<00:01:47,  1.00it/s, loss=0.0249]
Epoch 58:  82%|########..| 482/585 [00:07:59<00:01:42,  1.00it/s, loss=0.0249]
Epoch 58:  83%|########..| 487/585 [00:08:05<00:01:37,  1.00it/s, loss=0.0248]
Epoch 58:  84%|########..| 493/585 [00:08:11<00:01:31,  1.00it/s, loss=0.0249]
Epoch 58:  85%|########..| 499/585 [00:08:16<00:01:25,  1.00it/s, loss=0.0249]
Epoch 58:  86%|########..| 505/585 [00:08:22<00:01:19,  1.00it/s, loss=0.0249]
Epoch 58:  87%|########..| 511/585 [00:08:28<00:01:13,  1.00it/s, loss=0.0249]
Epoch 58:  88%|########..| 517/585 [00:08:34<00:01:07,  1.00it/s, loss=0.0249]
Epoch 58:  89%|########..| 522/585 [00:08:39<00:01:02,  1.00it/s, loss=0.0249]
Epoch 58:  90%|#########.| 527/585 [00:08:45<00:00:57,  1.00it/s, loss=0.0249]
Epoch 58:  91%|#########.| 533/585 [00:08:50<00:00:51,  1.00it/s, loss=0.0249]
Epoch 58:  92%|#########.| 539/585 [00:08:56<00:00:45,  1.00it/s, loss=0.0249]
Epoch 58:  93%|#########.| 545/585 [00:09:02<00:00:39,  1.01it/s, loss=0.0249]
Epoch 58:  94%|#########.| 550/585 [00:09:07<00:00:34,  1.00it/s, loss=0.0250]
Epoch 58:  95%|#########.| 555/585 [00:09:12<00:00:29,  1.00it/s, loss=0.0250]
Epoch 58:  96%|#########.| 560/585 [00:09:18<00:00:24,  1.00it/s, loss=0.0250]
Epoch 58:  97%|#########.| 566/585 [00:09:23<00:00:18,  1.00it/s, loss=0.0250]
Epoch 58:  97%|#########.| 570/585 [00:09:29<00:00:14,  1.00it/s, loss=0.0250]
Epoch 58:  98%|#########.| 575/585 [00:09:34<00:00:09,  1.00it/s, loss=0.0250]
Epoch 58:  99%|#########.| 580/585 [00:09:40<00:00:05,  1.00it/s, loss=0.0249]
Epoch 58: 100%|##########| 585/585 [00:09:45<00:00:00,  1.00it/s, loss=0.0249]
Test loss: 0.0246, Test rmsae: 7.40deg
{"event": "epoch_complete", "epoch": 58, "phase": 2, "lr": 1e-05, "batch_size": 10, "micro_batch_size": 1, "train_loss": 0.024946598511221062, "val_loss": 0.02459867234574631, "val_rmsae_deg": 7.3996108919382095, "epoch_time_s": 585.8556524130036}
Epoch 59/80:
Epoch 59:   1%|..........| 5/585 [00:00:05<00:09:46,  0.99it/s, loss=0.0231]
Epoch 59:   2%|..........| 11/585 [00:00:10<00:09:10,  1.04it/s, loss=0.0218]
Epoch 59:   3%|..........| 17/585 [00:00:15<00:08:46,  1.08it/s, loss=0.0224]
Epoch 59:   4%|..........| 22/585 [00:00:20<00:08:51,  1.06it/s, loss=0.0227]
Epoch 59:   5%|..........| 27/585 [00:00:27<00:09:21,  0.99it/s, loss=0.0240]
Epoch 59:   5%|..........| 32/585 [00:00:32<00:09:18,  0.99it/s, loss=0.0239]
Epoch 59:   6%|..........| 37/585 [00:00:37<00:09:17,  0.98it/s, loss=0.0241]
Epoch 59:   7%|..........| 42/585 [00:00:42<00:09:13,  0.98it/s, loss=0.0240]
Epoch 59:   8%|..........| 48/585 [00:00:48<00:09:03,  0.99it/s, loss=0.0237]
Epoch 59:   9%|..........| 53/585 [00:00:53<00:08:58,  0.99it/s, loss=0.0238]
Epoch 59:  10%|#.........| 59/585 [00:00:59<00:08:47,  1.00it/s, loss=0.0238]
Epoch 59:  11%|#.........| 64/585 [00:01:04<00:08:43,  1.00it/s, loss=0.0237]
Epoch 59:  12%|#.........| 70/585 [00:01:09<00:08:33,  1.00it/s, loss=0.0240]
Epoch 59:  13%|#.........| 74/585 [00:01:15<00:08:38,  0.99it/s, loss=0.0241]
Epoch 59:  14%|#.........| 80/585 [00:01:20<00:08:28,  0.99it/s, loss=0.0242]
Epoch 59:  15%|#.........| 86/585 [00:01:27<00:08:28,  0.98it/s, loss=0.0240]
Epoch 59:  16%|#.........| 91/585 [00:01:33<00:08:27,  0.97it/s, loss=0.0240]
Epoch 59:  16%|#.........| 96/585 [00:01:38<00:08:21,  0.98it/s, loss=0.0237]
Epoch 59:  17%|#.........| 102/585 [00:01:43<00:08:12,  0.98it/s, loss=0.0242]
Epoch 59:  18%|#.........| 108/585 [00:01:49<00:08:04,  0.98it/s, loss=0.0241]
Epoch 59:  19%|#.........| 114/585 [00:01:55<00:07:55,  0.99it/s, loss=0.0240]
Epoch 59:  21%|##........| 120/585 [00:02:01<00:07:50,  0.99it/s, loss=0.0241]
Epoch 59:  22%|##........| 126/585 [00:02:07<00:07:43,  0.99it/s, loss=0.0241]
Epoch 59:  22%|##........| 131/585 [00:02:12<00:07:39,  0.99it/s, loss=0.0242]
Epoch 59:  23%|##........| 137/585 [00:02:17<00:07:31,  0.99it/s, loss=0.0242]
Epoch 59:  24%|##........| 143/585 [00:02:23<00:07:24,  1.00it/s, loss=0.0243]
Epoch 59:  25%|##........| 149/585 [00:02:29<00:07:17,  1.00it/s, loss=0.0242]
Epoch 59:  26%|##........| 155/585 [00:02:35<00:07:10,  1.00it/s, loss=0.0242]
Epoch 59:  27%|##........| 160/585 [00:02:40<00:07:05,  1.00it/s, loss=0.0243]
Epoch 59:  28%|##........| 165/585 [00:02:45<00:07:01,  1.00it/s, loss=0.0243]
Epoch 59:  29%|##........| 171/585 [00:02:50<00:06:52,  1.00it/s, loss=0.0242]
Epoch 59:  30%|###.......| 177/585 [00:02:55<00:06:45,  1.01it/s, loss=0.0247]
Epoch 59:  31%|###.......| 183/585 [00:03:01<00:06:38,  1.01it/s, loss=0.0246]
Epoch 59:  32%|###.......| 188/585 [00:03:06<00:06:33,  1.01it/s, loss=0.0247]
Epoch 59:  33%|###.......| 194/585 [00:03:11<00:06:26,  1.01it/s, loss=0.0247]
Epoch 59:  34%|###.......| 199/585 [00:03:17<00:06:22,  1.01it/s, loss=0.0247]
Epoch 59:  35%|###.......| 204/585 [00:03:23<00:06:19,  1.00it/s, loss=0.0247]
Epoch 59:  36%|###.......| 208/585 [00:03:28<00:06:17,  1.00it/s, loss=0.0247]
Epoch 59:  36%|###.......| 213/585 [00:03:33<00:06:13,  1.00it/s, loss=0.0248]
Epoch 59:  37%|###.......| 218/585 [00:03:39<00:06:09,  0.99it/s, loss=0.0247]
Epoch 59:  38%|###.......| 223/585 [00:03:44<00:06:04,  0.99it/s, loss=0.0247]
Epoch 59:  39%|###.......| 229/585 [00:03:50<00:05:58,  0.99it/s, loss=0.0248]
Epoch 59:  40%|####......| 235/585 [00:03:56<00:05:52,  0.99it/s, loss=0.0247]
Epoch 59:  41%|####......| 241/585 [00:04:01<00:05:45,  1.00it/s, loss=0.0247]
Epoch 59:  42%|####......| 247/585 [00:04:07<00:05:39,  1.00it/s, loss=0.0249]
Epoch 59:  43%|####......| 252/585 [00:04:13<00:05:34,  1.00it/s, loss=0.0250]
Epoch 59:  44%|####......| 257/585 [00:04:18<00:05:29,  0.99it/s, loss=0.0249]
Epoch 59:  45%|####......| 263/585 [00:04:24<00:05:23,  0.99it/s, loss=0.0249]
Epoch 59:  46%|####......| 269/585 [00:04:30<00:05:17,  0.99it/s, loss=0.0249]
Epoch 59:  47%|####......| 275/585 [00:04:36<00:05:11,  0.99it/s, loss=0.0249]
Epoch 59:  48%|####......| 280/585 [00:04:41<00:05:06,  0.99it/s, loss=0.0249]
Epoch 59:  49%|####......| 284/585 [00:04:47<00:05:04,  0.99it/s, loss=0.0250]
Epoch 59:  50%|####......| 290/585 [00:04:52<00:04:57,  0.99it/s, loss=0.0250]
Epoch 59:  50%|#####.....| 295/585 [00:04:58<00:04:53,  0.99it/s, loss=0.0250]
Epoch 59:  51%|#####.....| 301/585 [00:05:04<00:04:46,  0.99it/s, loss=0.0250]
Epoch 59:  52%|#####.....| 307/585 [00:05:09<00:04:40,  0.99it/s, loss=0.0250]
Epoch 59:  54%|#####.....| 313/585 [00:05:15<00:04:33,  0.99it/s, loss=0.0250]
Epoch 59:  55%|#####.....| 319/585 [00:05:20<00:04:27,  0.99it/s, loss=0.0250]
Epoch 59:  55%|#####.....| 324/585 [00:05:26<00:04:22,  0.99it/s, loss=0.0250]
Epoch 59:  56%|#####.....| 329/585 [00:05:31<00:04:17,  0.99it/s, loss=0.0250]
Epoch 59:  57%|#####.....| 333/585 [00:05:36<00:04:14,  0.99it/s, loss=0.0251]
Epoch 59:  58%|#####.....| 339/585 [00:05:42<00:04:08,  0.99it/s, loss=0.0250]
Epoch 59:  59%|#####.....| 345/585 [00:05:47<00:04:02,  0.99it/s, loss=0.0250]
Epoch 59:  60%|#####.....| 350/585 [00:05:53<00:03:57,  0.99it/s, loss=0.0250]
Epoch 59:  61%|######....| 356/585 [00:05:59<00:03:50,  0.99it/s, loss=0.0249]
Epoch 59:  62%|######....| 361/585 [00:06:04<00:03:45,  0.99it/s, loss=0.0249]
Epoch 59:  63%|######....| 367/585 [00:06:09<00:03:39,  0.99it/s, loss=0.0249]
Epoch 59:  64%|######....| 372/585 [00:06:14<00:03:34,  0.99it/s, loss=0.0249]
Epoch 59:  64%|######....| 377/585 [00:06:20<00:03:29,  0.99it/s, loss=0.0248]
Epoch 59:  65%|######....| 383/585 [00:06:25<00:03:23,  0.99it/s, loss=0.0248]
Epoch 59:  66%|######....| 388/585 [00:06:31<00:03:18,  0.99it/s, loss=0.0249]
Epoch 59:  67%|######....| 394/585 [00:06:36<00:03:12,  0.99it/s, loss=0.0250]
Epoch 59:  68%|######....| 400/585 [00:06:42<00:03:06,  0.99it/s, loss=0.0250]
Epoch 59:  69%|######....| 406/585 [00:06:48<00:02:59,  0.99it/s, loss=0.0250]
Epoch 59:  70%|#######...| 411/585 [00:06:54<00:02:55,  0.99it/s, loss=0.0250]
Epoch 59:  71%|#######...| 416/585 [00:06:59<00:02:50,  0.99it/s, loss=0.0250]
Epoch 59:  72%|#######...| 422/585 [00:07:04<00:02:44,  0.99it/s, loss=0.0249]
Epoch 59:  73%|#######...| 428/585 [00:07:10<00:02:37,  0.99it/s, loss=0.0249]
Epoch 59:  74%|#######...| 434/585 [00:07:16<00:02:31,  0.99it/s, loss=0.0249]
Epoch 59:  75%|#######...| 440/585 [00:07:21<00:02:25,  1.00it/s, loss=0.0249]
Epoch 59:  76%|#######...| 446/585 [00:07:27<00:02:19,  1.00it/s, loss=0.0249]
Epoch 59:  77%|#######...| 452/585 [00:07:32<00:02:13,  1.00it/s, loss=0.0248]
Epoch 59:  78%|#######...| 458/585 [00:07:38<00:02:07,  1.00it/s, loss=0.0248]
Epoch 59:  79%|#######...| 464/585 [00:07:44<00:02:01,  1.00it/s, loss=0.0248]
Epoch 59:  80%|########..| 470/585 [00:07:49<00:01:54,  1.00it/s, loss=0.0248]
Epoch 59:  81%|########..| 475/585 [00:07:54<00:01:49,  1.00it/s, loss=0.0249]
Epoch 59:  82%|########..| 480/585 [00:07:59<00:01:44,  1.00it/s, loss=0.0249]
Epoch 59:  83%|########..| 485/585 [00:08:05<00:01:40,  1.00it/s, loss=0.0249]
Epoch 59:  84%|########..| 490/585 [00:08:10<00:01:35,  1.00it/s, loss=0.0249]
Epoch 59:  85%|########..| 496/585 [00:08:16<00:01:29,  1.00it/s, loss=0.0249]
Epoch 59:  86%|########..| 502/585 [00:08:21<00:01:22,  1.00it/s, loss=0.0248]
Epoch 59:  87%|########..| 508/585 [00:08:27<00:01:16,  1.00it/s, loss=0.0248]
Epoch 59:  88%|########..| 513/585 [00:08:33<00:01:12,  1.00it/s, loss=0.0248]
Epoch 59:  89%|########..| 519/585 [00:08:38<00:01:05,  1.00it/s, loss=0.0248]
Epoch 59:  90%|########..| 525/585 [00:08:44<00:00:59,  1.00it/s, loss=0.0248]
Epoch 59:  91%|#########.| 531/585 [00:08:50<00:00:53,  1.00it/s, loss=0.0247]
Epoch 59:  92%|#########.| 536/585 [00:08:55<00:00:48,  1.00it/s, loss=0.0247]
Epoch 59:  92%|#########.| 541/585 [00:09:00<00:00:43,  1.00it/s, loss=0.0247]
Epoch 59:  94%|#########.| 547/585 [00:09:05<00:00:37,  1.00it/s, loss=0.0247]
Epoch 59:  94%|#########.| 552/585 [00:09:10<00:00:32,  1.00it/s, loss=0.0247]
Epoch 59:  95%|#########.| 557/585 [00:09:15<00:00:27,  1.00it/s, loss=0.0247]
Epoch 59:  96%|#########.| 563/585 [00:09:21<00:00:21,  1.00it/s, loss=0.0247]
Epoch 59:  97%|#########.| 568/585 [00:09:26<00:00:16,  1.00it/s, loss=0.0247]
Epoch 59:  98%|#########.| 574/585 [00:09:31<00:00:10,  1.00it/s, loss=0.0247]
Epoch 59:  99%|#########.| 580/585 [00:09:37<00:00:04,  1.00it/s, loss=0.0247]
Epoch 59: 100%|##########| 585/585 [00:09:41<00:00:00,  1.01it/s, loss=0.0246]
Test loss: 0.0245, Test rmsae: 7.39deg
{"event": "epoch_complete", "epoch": 59, "phase": 2, "lr": 1e-05, "batch_size": 10, "micro_batch_size": 1, "train_loss": 0.024639413863993608, "val_loss": 0.02453143277671188, "val_rmsae_deg": 7.39290226995945, "epoch_time_s": 582.6494251589975}
Epoch 60/80:
Epoch 60:   1%|..........| 5/585 [00:00:05<00:10:44,  0.90it/s, loss=0.0240]
Epoch 60:   2%|..........| 11/585 [00:00:11<00:10:08,  0.94it/s, loss=0.0225]
Epoch 60:   3%|..........| 16/585 [00:00:16<00:09:52,  0.96it/s, loss=0.0231]
Epoch 60:   4%|..........| 22/585 [00:00:22<00:09:33,  0.98it/s, loss=0.0234]
Epoch 60:   5%|..........| 28/585 [00:00:28<00:09:17,  1.00it/s, loss=0.0236]
Epoch 60:   6%|..........| 33/585 [00:00:33<00:09:13,  1.00it/s, loss=0.0244]
Epoch 60:   7%|..........| 39/585 [00:00:38<00:09:02,  1.01it/s, loss=0.0253]
Epoch 60:   8%|..........| 44/585 [00:00:44<00:09:05,  0.99it/s, loss=0.0249]
Epoch 60:   9%|..........| 50/585 [00:00:50<00:08:56,  1.00it/s, loss=0.0249]
Epoch 60:  10%|..........| 56/585 [00:00:55<00:08:47,  1.00it/s, loss=0.0246]
Epoch 60:  11%|#.........| 62/585 [00:01:01<00:08:37,  1.01it/s, loss=0.0243]
Epoch 60:  12%|#.........| 68/585 [00:01:07<00:08:31,  1.01it/s, loss=0.0242]
Epoch 60:  13%|#.........| 74/585 [00:01:12<00:08:22,  1.02it/s, loss=0.0240]
Epoch 60:  14%|#.........| 80/585 [00:01:18<00:08:12,  1.03it/s, loss=0.0240]
Epoch 60:  15%|#.........| 86/585 [00:01:23<00:08:05,  1.03it/s, loss=0.0240]
Epoch 60:  16%|#.........| 92/585 [00:01:29<00:08:00,  1.03it/s, loss=0.0239]
Epoch 60:  17%|#.........| 97/585 [00:01:35<00:07:59,  1.02it/s, loss=0.0238]
Epoch 60:  17%|#.........| 102/585 [00:01:40<00:07:57,  1.01it/s, loss=0.0239]
Epoch 60:  18%|#.........| 108/585 [00:01:46<00:07:51,  1.01it/s, loss=0.0237]
Epoch 60:  19%|#.........| 113/585 [00:01:52<00:07:50,  1.00it/s, loss=0.0244]
Epoch 60:  20%|##........| 118/585 [00:01:57<00:07:45,  1.00it/s, loss=0.0245]
Epoch 60:  21%|##........| 123/585 [00:02:02<00:07:41,  1.00it/s, loss=0.0247]
Epoch 60:  22%|##........| 129/585 [00:02:08<00:07:34,  1.00it/s, loss=0.0247]
Epoch 60:  23%|##........| 134/585 [00:02:14<00:07:31,  1.00it/s, loss=0.0248]
Epoch 60:  24%|##........| 140/585 [00:02:19<00:07:24,  1.00it/s, loss=0.0247]
Epoch 60:  25%|##........| 145/585 [00:02:25<00:07:21,  1.00it/s, loss=0.0247]
Epoch 60:  26%|##........| 151/585 [00:02:31<00:07:14,  1.00it/s, loss=0.0248]
Epoch 60:  27%|##........| 157/585 [00:02:36<00:07:07,  1.00it/s, loss=0.0248]
Epoch 60:  28%|##........| 162/585 [00:02:41<00:07:02,  1.00it/s, loss=0.0249]
Epoch 60:  28%|##........| 166/585 [00:02:47<00:07:02,  0.99it/s, loss=0.0247]
Epoch 60:  29%|##........| 171/585 [00:02:52<00:06:56,  0.99it/s, loss=0.0248]
Epoch 60:  30%|###.......| 176/585 [00:02:57<00:06:52,  0.99it/s, loss=0.0249]
Epoch 60:  31%|###.......| 181/585 [00:03:02<00:06:48,  0.99it/s, loss=0.0251]
Epoch 60:  32%|###.......| 186/585 [00:03:08<00:06:43,  0.99it/s, loss=0.0253]
Epoch 60:  33%|###.......| 192/585 [00:03:13<00:06:36,  0.99it/s, loss=0.0253]
Epoch 60:  34%|###.......| 198/585 [00:03:19<00:06:30,  0.99it/s, loss=0.0253]
Epoch 60:  35%|###.......| 204/585 [00:03:25<00:06:23,  0.99it/s, loss=0.0253]
Epoch 60:  36%|###.......| 210/585 [00:03:30<00:06:16,  1.00it/s, loss=0.0253]
Epoch 60:  37%|###.......| 216/585 [00:03:36<00:06:09,  1.00it/s, loss=0.0252]
Epoch 60:  38%|###.......| 221/585 [00:03:41<00:06:04,  1.00it/s, loss=0.0252]
Epoch 60:  39%|###.......| 226/585 [00:03:46<00:06:00,  1.00it/s, loss=0.0252]
Epoch 60:  39%|###.......| 231/585 [00:03:51<00:05:55,  1.00it/s, loss=0.0252]
Epoch 60:  40%|####......| 236/585 [00:03:57<00:05:51,  0.99it/s, loss=0.0251]
Epoch 60:  41%|####......| 241/585 [00:04:03<00:05:47,  0.99it/s, loss=0.0251]
Epoch 60:  42%|####......| 247/585 [00:04:08<00:05:40,  0.99it/s, loss=0.0250]
Epoch 60:  43%|####......| 253/585 [00:04:14<00:05:33,  1.00it/s, loss=0.0250]
Epoch 60:  44%|####......| 259/585 [00:04:19<00:05:27,  1.00it/s, loss=0.0249]
Epoch 60:  45%|####......| 265/585 [00:04:25<00:05:20,  1.00it/s, loss=0.0249]
Epoch 60:  46%|####......| 270/585 [00:04:31<00:05:16,  1.00it/s, loss=0.0249]
Epoch 60:  47%|####......| 276/585 [00:04:36<00:05:09,  1.00it/s, loss=0.0248]
Epoch 60:  48%|####......| 281/585 [00:04:41<00:05:04,  1.00it/s, loss=0.0250]
Epoch 60:  49%|####......| 287/585 [00:04:47<00:04:58,  1.00it/s, loss=0.0250]
Epoch 60:  50%|#####.....| 293/585 [00:04:53<00:04:52,  1.00it/s, loss=0.0250]
Epoch 60:  51%|#####.....| 299/585 [00:04:58<00:04:45,  1.00it/s, loss=0.0250]
Epoch 60:  52%|#####.....| 305/585 [00:05:03<00:04:39,  1.00it/s, loss=0.0250]
Epoch 60:  53%|#####.....| 311/585 [00:05:09<00:04:32,  1.00it/s, loss=0.0250]
Epoch 60:  54%|#####.....| 317/585 [00:05:15<00:04:26,  1.01it/s, loss=0.0250]
Epoch 60:  55%|#####.....| 322/585 [00:05:20<00:04:21,  1.00it/s, loss=0.0250]
Epoch 60:  56%|#####.....| 327/585 [00:05:26<00:04:17,  1.00it/s, loss=0.0252]
Epoch 60:  57%|#####.....| 333/585 [00:05:31<00:04:10,  1.00it/s, loss=0.0251]
Epoch 60:  58%|#####.....| 339/585 [00:05:37<00:04:04,  1.01it/s, loss=0.0251]
Epoch 60:  59%|#####.....| 345/585 [00:05:42<00:03:58,  1.01it/s, loss=0.0251]
Epoch 60:  60%|#####.....| 350/585 [00:05:47<00:03:53,  1.01it/s, loss=0.0251]
Epoch 60:  61%|######....| 356/585 [00:05:52<00:03:46,  1.01it/s, loss=0.0251]
Epoch 60:  62%|######....| 362/585 [00:05:58<00:03:40,  1.01it/s, loss=0.0251]
Epoch 60:  63%|######....| 367/585 [00:06:03<00:03:35,  1.01it/s, loss=0.0251]
Epoch 60:  64%|######....| 372/585 [00:06:09<00:03:31,  1.01it/s, loss=0.0250]
Epoch 60:  64%|######....| 377/585 [00:06:14<00:03:26,  1.01it/s, loss=0.0251]
Epoch 60:  65%|######....| 382/585 [00:06:19<00:03:21,  1.01it/s, loss=0.0251]
Epoch 60:  66%|######....| 387/585 [00:06:25<00:03:17,  1.00it/s, loss=0.0251]
Epoch 60:  67%|######....| 392/585 [00:06:30<00:03:12,  1.00it/s, loss=0.0251]
Epoch 60:  68%|######....| 398/585 [00:06:36<00:03:06,  1.00it/s, loss=0.0250]
Epoch 60:  69%|######....| 404/585 [00:06:42<00:03:00,  1.00it/s, loss=0.0251]
Epoch 60:  70%|#######...| 410/585 [00:06:47<00:02:53,  1.01it/s, loss=0.0251]
Epoch 60:  71%|#######...| 416/585 [00:06:52<00:02:47,  1.01it/s, loss=0.0250]
Epoch 60:  72%|#######...| 422/585 [00:06:57<00:02:41,  1.01it/s, loss=0.0250]
Epoch 60:  73%|#######...| 428/585 [00:07:03<00:02:35,  1.01it/s, loss=0.0250]
Epoch 60:  74%|#######...| 434/585 [00:07:09<00:02:29,  1.01it/s, loss=0.0250]
Epoch 60:  75%|#######...| 439/585 [00:07:14<00:02:24,  1.01it/s, loss=0.0250]
Epoch 60:  76%|#######...| 444/585 [00:07:20<00:02:19,  1.01it/s, loss=0.0249]
Epoch 60:  77%|#######...| 450/585 [00:07:25<00:02:13,  1.01it/s, loss=0.0249]
Epoch 60:  78%|#######...| 455/585 [00:07:30<00:02:08,  1.01it/s, loss=0.0249]
Epoch 60:  79%|#######...| 461/585 [00:07:35<00:02:02,  1.01it/s, loss=0.0249]
Epoch 60:  80%|#######...| 467/585 [00:07:41<00:01:56,  1.01it/s, loss=0.0250]
Epoch 60:  81%|########..| 473/585 [00:07:47<00:01:50,  1.01it/s, loss=0.0249]
Epoch 60:  82%|########..| 479/585 [00:07:52<00:01:44,  1.01it/s, loss=0.0249]
Epoch 60:  83%|########..| 484/585 [00:07:58<00:01:39,  1.01it/s, loss=0.0249]
Epoch 60:  84%|########..| 490/585 [00:08:04<00:01:33,  1.01it/s, loss=0.0249]
Epoch 60:  85%|########..| 496/585 [00:08:09<00:01:27,  1.01it/s, loss=0.0249]
Epoch 60:  86%|########..| 502/585 [00:08:15<00:01:21,  1.01it/s, loss=0.0250]
Epoch 60:  87%|########..| 508/585 [00:08:20<00:01:15,  1.01it/s, loss=0.0249]
Epoch 60:  88%|########..| 514/585 [00:08:26<00:01:09,  1.02it/s, loss=0.0250]
Epoch 60:  89%|########..| 520/585 [00:08:31<00:01:03,  1.02it/s, loss=0.0250]
Epoch 60:  90%|########..| 525/585 [00:08:37<00:00:59,  1.02it/s, loss=0.0251]
Epoch 60:  91%|#########.| 531/585 [00:08:42<00:00:53,  1.02it/s, loss=0.0250]
Epoch 60:  92%|#########.| 537/585 [00:08:47<00:00:47,  1.02it/s, loss=0.0250]
Epoch 60:  93%|#########.| 543/585 [00:08:53<00:00:41,  1.02it/s, loss=0.0250]
Epoch 60:  94%|#########.| 548/585 [00:08:58<00:00:36,  1.02it/s, loss=0.0251]
Epoch 60:  95%|#########.| 553/585 [00:09:03<00:00:31,  1.02it/s, loss=0.0251]
Epoch 60:  96%|#########.| 559/585 [00:09:09<00:00:25,  1.02it/s, loss=0.0251]
Epoch 60:  96%|#########.| 564/585 [00:09:14<00:00:20,  1.02it/s, loss=0.0251]
Epoch 60:  97%|#########.| 570/585 [00:09:19<00:00:14,  1.02it/s, loss=0.0250]
Epoch 60:  98%|#########.| 576/585 [00:09:25<00:00:08,  1.02it/s, loss=0.0250]
Epoch 60:  99%|#########.| 582/585 [00:09:31<00:00:02,  1.02it/s, loss=0.0250]
Epoch 60: 100%|##########| 585/585 [00:09:34<00:00:00,  1.02it/s, loss=0.0251]
Test loss: 0.0247, Test rmsae: 7.43deg
{"event": "epoch_complete", "epoch": 60, "phase": 2, "lr": 1e-05, "batch_size": 10, "micro_batch_size": 1, "train_loss": 0.025085717218362877, "val_loss": 0.02470002428162843, "val_rmsae_deg": 7.432528868317604, "epoch_time_s": 575.2731209350022}
{"event": "checkpoint_saved", "tag": "epoch_060", "epoch": 60, "path": "IFAN_Edge/outputs/stage3/ifan_stage3_long80_freqblock_paper_original_20260426_155330/checkpoints/epoch_060.pt"}
Epoch 61/80:
Epoch 61:   1%|..........| 6/585 [00:00:06<00:09:43,  0.99it/s, loss=0.0252]
Epoch 61:   2%|..........| 11/585 [00:00:11<00:09:57,  0.96it/s, loss=0.0279]
Epoch 61:   3%|..........| 16/585 [00:00:16<00:09:48,  0.97it/s, loss=0.0262]
Epoch 61:   4%|..........| 22/585 [00:00:22<00:09:29,  0.99it/s, loss=0.0261]
Epoch 61:   5%|..........| 27/585 [00:00:27<00:09:32,  0.98it/s, loss=0.0260]
Epoch 61:   5%|..........| 32/585 [00:00:33<00:09:32,  0.97it/s, loss=0.0258]
Epoch 61:   6%|..........| 38/585 [00:00:38<00:09:16,  0.98it/s, loss=0.0254]
Epoch 61:   8%|..........| 44/585 [00:00:44<00:09:07,  0.99it/s, loss=0.0260]
Epoch 61:   9%|..........| 50/585 [00:00:50<00:08:57,  1.00it/s, loss=0.0259]
Epoch 61:  10%|..........| 56/585 [00:00:55<00:08:46,  1.00it/s, loss=0.0257]
Epoch 61:  10%|#.........| 61/585 [00:01:00<00:08:43,  1.00it/s, loss=0.0263]
Epoch 61:  11%|#.........| 67/585 [00:01:06<00:08:30,  1.01it/s, loss=0.0261]
Epoch 61:  12%|#.........| 73/585 [00:01:11<00:08:24,  1.02it/s, loss=0.0271]
Epoch 61:  14%|#.........| 79/585 [00:01:17<00:08:16,  1.02it/s, loss=0.0269]
Epoch 61:  15%|#.........| 85/585 [00:01:23<00:08:09,  1.02it/s, loss=0.0265]
Epoch 61:  16%|#.........| 91/585 [00:01:28<00:08:00,  1.03it/s, loss=0.0263]
Epoch 61:  16%|#.........| 96/585 [00:01:33<00:07:56,  1.03it/s, loss=0.0264]
Epoch 61:  17%|#.........| 102/585 [00:01:39<00:07:49,  1.03it/s, loss=0.0261]
Epoch 61:  18%|#.........| 107/585 [00:01:44<00:07:47,  1.02it/s, loss=0.0263]
Epoch 61:  19%|#.........| 112/585 [00:01:49<00:07:43,  1.02it/s, loss=0.0262]
Epoch 61:  20%|##........| 117/585 [00:01:54<00:07:39,  1.02it/s, loss=0.0262]
Epoch 61:  21%|##........| 122/585 [00:01:59<00:07:35,  1.02it/s, loss=0.0262]
Epoch 61:  22%|##........| 127/585 [00:02:05<00:07:32,  1.01it/s, loss=0.0262]
Epoch 61:  23%|##........| 132/585 [00:02:10<00:07:28,  1.01it/s, loss=0.0260]
Epoch 61:  24%|##........| 138/585 [00:02:16<00:07:23,  1.01it/s, loss=0.0260]
Epoch 61:  25%|##........| 144/585 [00:02:22<00:07:16,  1.01it/s, loss=0.0260]
Epoch 61:  25%|##........| 149/585 [00:02:27<00:07:11,  1.01it/s, loss=0.0261]
Epoch 61:  26%|##........| 155/585 [00:02:32<00:07:04,  1.01it/s, loss=0.0261]
Epoch 61:  28%|##........| 161/585 [00:02:38<00:06:56,  1.02it/s, loss=0.0260]
Epoch 61:  28%|##........| 166/585 [00:02:43<00:06:52,  1.02it/s, loss=0.0259]
Epoch 61:  29%|##........| 171/585 [00:02:48<00:06:48,  1.01it/s, loss=0.0258]
Epoch 61:  30%|###.......| 176/585 [00:02:54<00:06:46,  1.01it/s, loss=0.0258]
Epoch 61:  31%|###.......| 181/585 [00:03:00<00:06:43,  1.00it/s, loss=0.0259]
Epoch 61:  32%|###.......| 185/585 [00:03:05<00:06:41,  1.00it/s, loss=0.0258]
Epoch 61:  32%|###.......| 190/585 [00:03:11<00:06:38,  0.99it/s, loss=0.0259]
Epoch 61:  33%|###.......| 195/585 [00:03:17<00:06:34,  0.99it/s, loss=0.0260]
Epoch 61:  34%|###.......| 201/585 [00:03:23<00:06:27,  0.99it/s, loss=0.0259]
Epoch 61:  35%|###.......| 206/585 [00:03:28<00:06:23,  0.99it/s, loss=0.0259]
Epoch 61:  36%|###.......| 212/585 [00:03:33<00:06:15,  0.99it/s, loss=0.0258]
Epoch 61:  37%|###.......| 217/585 [00:03:38<00:06:10,  0.99it/s, loss=0.0258]
Epoch 61:  38%|###.......| 222/585 [00:03:43<00:06:05,  0.99it/s, loss=0.0256]
Epoch 61:  39%|###.......| 228/585 [00:03:48<00:05:58,  1.00it/s, loss=0.0256]
Epoch 61:  40%|###.......| 233/585 [00:03:54<00:05:53,  1.00it/s, loss=0.0255]
Epoch 61:  41%|####......| 239/585 [00:04:00<00:05:47,  0.99it/s, loss=0.0256]
Epoch 61:  42%|####......| 244/585 [00:04:05<00:05:42,  0.99it/s, loss=0.0256]
Epoch 61:  42%|####......| 247/585 [00:04:10<00:05:43,  0.99it/s, loss=0.0257]
Epoch 61:  43%|####......| 252/585 [00:04:16<00:05:38,  0.98it/s, loss=0.0257]
Epoch 61:  44%|####......| 258/585 [00:04:21<00:05:31,  0.98it/s, loss=0.0256]
Epoch 61:  45%|####......| 264/585 [00:04:27<00:05:25,  0.99it/s, loss=0.0255]
Epoch 61:  46%|####......| 270/585 [00:04:33<00:05:18,  0.99it/s, loss=0.0257]
Epoch 61:  47%|####......| 275/585 [00:04:38<00:05:14,  0.99it/s, loss=0.0256]
Epoch 61:  48%|####......| 280/585 [00:04:43<00:05:09,  0.99it/s, loss=0.0256]
Epoch 61:  49%|####......| 285/585 [00:04:48<00:05:04,  0.99it/s, loss=0.0256]
Epoch 61:  50%|####......| 291/585 [00:04:54<00:04:57,  0.99it/s, loss=0.0255]
Epoch 61:  51%|#####.....| 297/585 [00:05:00<00:04:51,  0.99it/s, loss=0.0255]
Epoch 61:  52%|#####.....| 302/585 [00:05:05<00:04:46,  0.99it/s, loss=0.0254]
Epoch 61:  52%|#####.....| 307/585 [00:05:10<00:04:41,  0.99it/s, loss=0.0254]
Epoch 61:  53%|#####.....| 312/585 [00:05:15<00:04:36,  0.99it/s, loss=0.0253]
Epoch 61:  54%|#####.....| 317/585 [00:05:20<00:04:31,  0.99it/s, loss=0.0255]
Epoch 61:  55%|#####.....| 323/585 [00:05:26<00:04:24,  0.99it/s, loss=0.0255]
Epoch 61:  56%|#####.....| 328/585 [00:05:32<00:04:20,  0.99it/s, loss=0.0255]
Epoch 61:  57%|#####.....| 334/585 [00:05:37<00:04:13,  0.99it/s, loss=0.0255]
Epoch 61:  58%|#####.....| 340/585 [00:05:42<00:04:07,  0.99it/s, loss=0.0254]
Epoch 61:  59%|#####.....| 345/585 [00:05:48<00:04:02,  0.99it/s, loss=0.0255]
Epoch 61:  60%|######....| 351/585 [00:05:53<00:03:55,  0.99it/s, loss=0.0254]
Epoch 61:  61%|######....| 356/585 [00:05:58<00:03:50,  0.99it/s, loss=0.0254]
Epoch 61:  62%|######....| 360/585 [00:06:04<00:03:47,  0.99it/s, loss=0.0254]
Epoch 61:  62%|######....| 365/585 [00:06:09<00:03:42,  0.99it/s, loss=0.0254]
Epoch 61:  63%|######....| 371/585 [00:06:15<00:03:36,  0.99it/s, loss=0.0254]
Epoch 61:  64%|######....| 377/585 [00:06:21<00:03:30,  0.99it/s, loss=0.0254]
Epoch 61:  65%|######....| 383/585 [00:06:27<00:03:24,  0.99it/s, loss=0.0253]
Epoch 61:  66%|######....| 388/585 [00:06:32<00:03:19,  0.99it/s, loss=0.0253]
Epoch 61:  67%|######....| 394/585 [00:06:37<00:03:12,  0.99it/s, loss=0.0254]
Epoch 61:  68%|######....| 400/585 [00:06:43<00:03:06,  0.99it/s, loss=0.0254]
Epoch 61:  69%|######....| 406/585 [00:06:49<00:03:00,  0.99it/s, loss=0.0254]
Epoch 61:  70%|#######...| 411/585 [00:06:54<00:02:55,  0.99it/s, loss=0.0257]
Epoch 61:  71%|#######...| 417/585 [00:06:59<00:02:49,  0.99it/s, loss=0.0257]
Epoch 61:  72%|#######...| 422/585 [00:07:05<00:02:44,  0.99it/s, loss=0.0257]
Epoch 61:  73%|#######...| 427/585 [00:07:11<00:02:39,  0.99it/s, loss=0.0256]
Epoch 61:  74%|#######...| 432/585 [00:07:16<00:02:34,  0.99it/s, loss=0.0256]
Epoch 61:  75%|#######...| 438/585 [00:07:22<00:02:28,  0.99it/s, loss=0.0255]
Epoch 61:  76%|#######...| 443/585 [00:07:27<00:02:23,  0.99it/s, loss=0.0255]
Epoch 61:  77%|#######...| 449/585 [00:07:33<00:02:17,  0.99it/s, loss=0.0255]
Epoch 61:  78%|#######...| 455/585 [00:07:38<00:02:11,  0.99it/s, loss=0.0255]
Epoch 61:  79%|#######...| 461/585 [00:07:43<00:02:04,  0.99it/s, loss=0.0254]
Epoch 61:  80%|########..| 468/585 [00:07:49<00:01:57,  1.00it/s, loss=0.0255]
Epoch 61:  81%|########..| 474/585 [00:07:55<00:01:51,  1.00it/s, loss=0.0255]
Epoch 61:  82%|########..| 480/585 [00:08:02<00:01:45,  0.99it/s, loss=0.0254]
Epoch 61:  83%|########..| 485/585 [00:08:07<00:01:40,  0.99it/s, loss=0.0254]
Epoch 61:  84%|########..| 490/585 [00:08:12<00:01:35,  0.99it/s, loss=0.0255]
Epoch 61:  85%|########..| 496/585 [00:08:18<00:01:29,  0.99it/s, loss=0.0254]
Epoch 61:  86%|########..| 502/585 [00:08:24<00:01:23,  1.00it/s, loss=0.0254]
Epoch 61:  87%|########..| 507/585 [00:08:29<00:01:18,  0.99it/s, loss=0.0254]
Epoch 61:  88%|########..| 512/585 [00:08:35<00:01:13,  0.99it/s, loss=0.0254]
Epoch 61:  88%|########..| 517/585 [00:08:40<00:01:08,  0.99it/s, loss=0.0254]
Epoch 61:  89%|########..| 522/585 [00:08:45<00:01:03,  0.99it/s, loss=0.0255]
Epoch 61:  90%|#########.| 528/585 [00:08:51<00:00:57,  0.99it/s, loss=0.0254]
Epoch 61:  91%|#########.| 534/585 [00:08:57<00:00:51,  0.99it/s, loss=0.0254]
Epoch 61:  92%|#########.| 540/585 [00:09:03<00:00:45,  0.99it/s, loss=0.0254]
Epoch 61:  93%|#########.| 546/585 [00:09:08<00:00:39,  0.99it/s, loss=0.0254]
Epoch 61:  94%|#########.| 551/585 [00:09:14<00:00:34,  0.99it/s, loss=0.0254]
Epoch 61:  95%|#########.| 557/585 [00:09:20<00:00:28,  0.99it/s, loss=0.0254]
Epoch 61:  96%|#########.| 563/585 [00:09:26<00:00:22,  0.99it/s, loss=0.0254]
Epoch 61:  97%|#########.| 569/585 [00:09:31<00:00:16,  1.00it/s, loss=0.0254]
Epoch 61:  98%|#########.| 574/585 [00:09:36<00:00:11,  0.99it/s, loss=0.0254]
Epoch 61:  99%|#########.| 580/585 [00:09:43<00:00:05,  0.99it/s, loss=0.0255]
Epoch 61: 100%|##########| 585/585 [00:09:49<00:00:00,  0.99it/s, loss=0.0255]
Test loss: 0.0245, Test rmsae: 7.38deg
{"event": "epoch_complete", "epoch": 61, "phase": 2, "lr": 1e-05, "batch_size": 10, "micro_batch_size": 1, "train_loss": 0.025505681071653324, "val_loss": 0.02452622290002182, "val_rmsae_deg": 7.382170259952545, "epoch_time_s": 589.9611180159991}
Epoch 62/80:
Epoch 62:   1%|..........| 5/585 [00:00:05<00:10:16,  0.94it/s, loss=0.0417]
Epoch 62:   2%|..........| 10/585 [00:00:10<00:09:55,  0.97it/s, loss=0.0307]
Epoch 62:   3%|..........| 16/585 [00:00:15<00:09:28,  1.00it/s, loss=0.0275]
Epoch 62:   4%|..........| 22/585 [00:00:21<00:09:16,  1.01it/s, loss=0.0265]
Epoch 62:   5%|..........| 27/585 [00:00:27<00:09:18,  1.00it/s, loss=0.0268]
Epoch 62:   6%|..........| 33/585 [00:00:33<00:09:13,  1.00it/s, loss=0.0267]
Epoch 62:   6%|..........| 38/585 [00:00:38<00:09:14,  0.99it/s, loss=0.0265]
Epoch 62:   8%|..........| 44/585 [00:00:44<00:09:02,  1.00it/s, loss=0.0261]
Epoch 62:   8%|..........| 49/585 [00:00:49<00:09:05,  0.98it/s, loss=0.0262]
Epoch 62:   9%|..........| 54/585 [00:00:54<00:08:59,  0.98it/s, loss=0.0260]
Epoch 62:  10%|#.........| 60/585 [00:01:00<00:08:50,  0.99it/s, loss=0.0258]
Epoch 62:  11%|#.........| 65/585 [00:01:05<00:08:45,  0.99it/s, loss=0.0255]
Epoch 62:  12%|#.........| 71/585 [00:01:11<00:08:35,  1.00it/s, loss=0.0253]
Epoch 62:  13%|#.........| 76/585 [00:01:17<00:08:42,  0.98it/s, loss=0.0256]
Epoch 62:  14%|#.........| 82/585 [00:01:24<00:08:36,  0.97it/s, loss=0.0252]
Epoch 62:  15%|#.........| 88/585 [00:01:30<00:08:29,  0.98it/s, loss=0.0252]
Epoch 62:  16%|#.........| 94/585 [00:01:36<00:08:21,  0.98it/s, loss=0.0249]
Epoch 62:  17%|#.........| 99/585 [00:01:41<00:08:17,  0.98it/s, loss=0.0249]
Epoch 62:  18%|#.........| 105/585 [00:01:46<00:08:07,  0.98it/s, loss=0.0248]
Epoch 62:  19%|#.........| 111/585 [00:01:52<00:08:00,  0.99it/s, loss=0.0247]
Epoch 62:  20%|##........| 117/585 [00:01:57<00:07:51,  0.99it/s, loss=0.0247]
Epoch 62:  21%|##........| 122/585 [00:02:03<00:07:48,  0.99it/s, loss=0.0249]
Epoch 62:  22%|##........| 126/585 [00:02:08<00:07:49,  0.98it/s, loss=0.0250]
Epoch 62:  23%|##........| 132/585 [00:02:14<00:07:40,  0.98it/s, loss=0.0249]
Epoch 62:  24%|##........| 138/585 [00:02:19<00:07:32,  0.99it/s, loss=0.0247]
Epoch 62:  24%|##........| 143/585 [00:02:24<00:07:27,  0.99it/s, loss=0.0246]
Epoch 62:  25%|##........| 149/585 [00:02:30<00:07:19,  0.99it/s, loss=0.0246]
Epoch 62:  26%|##........| 155/585 [00:02:36<00:07:13,  0.99it/s, loss=0.0247]
Epoch 62:  28%|##........| 161/585 [00:02:41<00:07:05,  1.00it/s, loss=0.0247]
Epoch 62:  29%|##........| 167/585 [00:02:47<00:06:59,  1.00it/s, loss=0.0247]
Epoch 62:  30%|##........| 173/585 [00:02:53<00:06:52,  1.00it/s, loss=0.0248]
Epoch 62:  30%|###.......| 178/585 [00:02:58<00:06:47,  1.00it/s, loss=0.0249]
Epoch 62:  31%|###.......| 183/585 [00:03:04<00:06:44,  0.99it/s, loss=0.0249]
Epoch 62:  32%|###.......| 188/585 [00:03:09<00:06:39,  0.99it/s, loss=0.0250]
Epoch 62:  33%|###.......| 194/585 [00:03:15<00:06:34,  0.99it/s, loss=0.0249]
Epoch 62:  34%|###.......| 199/585 [00:03:20<00:06:29,  0.99it/s, loss=0.0250]
Epoch 62:  35%|###.......| 205/585 [00:03:26<00:06:22,  0.99it/s, loss=0.0249]
Epoch 62:  36%|###.......| 211/585 [00:03:31<00:06:15,  1.00it/s, loss=0.0248]
Epoch 62:  37%|###.......| 217/585 [00:03:37<00:06:08,  1.00it/s, loss=0.0248]
Epoch 62:  38%|###.......| 222/585 [00:03:42<00:06:03,  1.00it/s, loss=0.0249]
Epoch 62:  39%|###.......| 226/585 [00:03:47<00:06:01,  0.99it/s, loss=0.0251]
Epoch 62:  39%|###.......| 231/585 [00:03:52<00:05:56,  0.99it/s, loss=0.0251]
Epoch 62:  40%|####......| 236/585 [00:03:57<00:05:51,  0.99it/s, loss=0.0252]
Epoch 62:  41%|####......| 242/585 [00:04:03<00:05:44,  1.00it/s, loss=0.0252]
Epoch 62:  42%|####......| 247/585 [00:04:08<00:05:40,  0.99it/s, loss=0.0252]
Epoch 62:  43%|####......| 253/585 [00:04:14<00:05:33,  0.99it/s, loss=0.0252]
Epoch 62:  44%|####......| 259/585 [00:04:19<00:05:26,  1.00it/s, loss=0.0251]
Epoch 62:  45%|####......| 264/585 [00:04:26<00:05:24,  0.99it/s, loss=0.0252]
Epoch 62:  46%|####......| 269/585 [00:04:32<00:05:20,  0.99it/s, loss=0.0253]
Epoch 62:  47%|####......| 275/585 [00:04:38<00:05:13,  0.99it/s, loss=0.0252]
Epoch 62:  48%|####......| 280/585 [00:04:43<00:05:08,  0.99it/s, loss=0.0252]
Epoch 62:  49%|####......| 285/585 [00:04:48<00:05:03,  0.99it/s, loss=0.0252]
Epoch 62:  50%|####......| 290/585 [00:04:54<00:04:59,  0.98it/s, loss=0.0252]
Epoch 62:  51%|#####.....| 296/585 [00:05:00<00:04:53,  0.99it/s, loss=0.0251]
Epoch 62:  52%|#####.....| 302/585 [00:05:06<00:04:46,  0.99it/s, loss=0.0251]
Epoch 62:  52%|#####.....| 307/585 [00:05:11<00:04:41,  0.99it/s, loss=0.0251]
Epoch 62:  54%|#####.....| 313/585 [00:05:16<00:04:35,  0.99it/s, loss=0.0251]
Epoch 62:  54%|#####.....| 318/585 [00:05:22<00:04:30,  0.99it/s, loss=0.0251]
Epoch 62:  55%|#####.....| 323/585 [00:05:27<00:04:25,  0.99it/s, loss=0.0251]
Epoch 62:  56%|#####.....| 329/585 [00:05:34<00:04:20,  0.98it/s, loss=0.0251]
Epoch 62:  57%|#####.....| 333/585 [00:05:39<00:04:16,  0.98it/s, loss=0.0252]
Epoch 62:  58%|#####.....| 338/585 [00:05:44<00:04:11,  0.98it/s, loss=0.0251]
Epoch 62:  59%|#####.....| 344/585 [00:05:50<00:04:05,  0.98it/s, loss=0.0251]
Epoch 62:  60%|#####.....| 350/585 [00:05:56<00:03:59,  0.98it/s, loss=0.0251]
Epoch 62:  61%|######....| 356/585 [00:06:01<00:03:52,  0.98it/s, loss=0.0250]
Epoch 62:  62%|######....| 362/585 [00:06:07<00:03:46,  0.99it/s, loss=0.0250]
Epoch 62:  63%|######....| 367/585 [00:06:12<00:03:41,  0.99it/s, loss=0.0251]
Epoch 62:  64%|######....| 372/585 [00:06:17<00:03:36,  0.98it/s, loss=0.0251]
Epoch 62:  65%|######....| 378/585 [00:06:23<00:03:30,  0.99it/s, loss=0.0251]
Epoch 62:  66%|######....| 384/585 [00:06:29<00:03:23,  0.99it/s, loss=0.0251]
Epoch 62:  66%|######....| 389/585 [00:06:34<00:03:18,  0.99it/s, loss=0.0251]
Epoch 62:  67%|######....| 394/585 [00:06:39<00:03:13,  0.99it/s, loss=0.0251]
Epoch 62:  68%|######....| 399/585 [00:06:44<00:03:08,  0.99it/s, loss=0.0251]
Epoch 62:  69%|######....| 405/585 [00:06:50<00:03:02,  0.99it/s, loss=0.0250]
Epoch 62:  70%|#######...| 411/585 [00:06:56<00:02:56,  0.99it/s, loss=0.0250]
Epoch 62:  71%|#######...| 416/585 [00:07:01<00:02:51,  0.99it/s, loss=0.0250]
Epoch 62:  72%|#######...| 422/585 [00:07:07<00:02:45,  0.99it/s, loss=0.0250]
Epoch 62:  73%|#######...| 427/585 [00:07:12<00:02:40,  0.99it/s, loss=0.0250]
Epoch 62:  74%|#######...| 433/585 [00:07:18<00:02:33,  0.99it/s, loss=0.0250]
Epoch 62:  75%|#######...| 438/585 [00:07:23<00:02:28,  0.99it/s, loss=0.0250]
Epoch 62:  76%|#######...| 444/585 [00:07:29<00:02:22,  0.99it/s, loss=0.0249]
Epoch 62:  77%|#######...| 450/585 [00:07:35<00:02:16,  0.99it/s, loss=0.0249]
Epoch 62:  78%|#######...| 455/585 [00:07:40<00:02:11,  0.99it/s, loss=0.0249]
Epoch 62:  79%|#######...| 461/585 [00:07:45<00:02:05,  0.99it/s, loss=0.0249]
Epoch 62:  80%|#######...| 466/585 [00:07:50<00:02:00,  0.99it/s, loss=0.0249]
Epoch 62:  81%|########..| 472/585 [00:07:56<00:01:54,  0.99it/s, loss=0.0249]
Epoch 62:  82%|########..| 478/585 [00:08:02<00:01:47,  0.99it/s, loss=0.0250]
Epoch 62:  83%|########..| 484/585 [00:08:08<00:01:41,  0.99it/s, loss=0.0250]
Epoch 62:  83%|########..| 488/585 [00:08:13<00:01:38,  0.99it/s, loss=0.0249]
Epoch 62:  84%|########..| 494/585 [00:08:19<00:01:31,  0.99it/s, loss=0.0249]
Epoch 62:  85%|########..| 499/585 [00:08:24<00:01:26,  0.99it/s, loss=0.0249]
Epoch 62:  86%|########..| 505/585 [00:08:30<00:01:20,  0.99it/s, loss=0.0249]
Epoch 62:  87%|########..| 510/585 [00:08:35<00:01:15,  0.99it/s, loss=0.0249]
Epoch 62:  88%|########..| 516/585 [00:08:41<00:01:09,  0.99it/s, loss=0.0248]
Epoch 62:  89%|########..| 522/585 [00:08:47<00:01:03,  0.99it/s, loss=0.0248]
Epoch 62:  90%|#########.| 527/585 [00:08:52<00:00:58,  0.99it/s, loss=0.0248]
Epoch 62:  91%|#########.| 532/585 [00:08:57<00:00:53,  0.99it/s, loss=0.0248]
Epoch 62:  92%|#########.| 538/585 [00:09:02<00:00:47,  0.99it/s, loss=0.0248]
Epoch 62:  93%|#########.| 543/585 [00:09:08<00:00:42,  0.99it/s, loss=0.0248]
Epoch 62:  94%|#########.| 548/585 [00:09:13<00:00:37,  0.99it/s, loss=0.0251]
Epoch 62:  95%|#########.| 554/585 [00:09:19<00:00:31,  0.99it/s, loss=0.0250]
Epoch 62:  96%|#########.| 560/585 [00:09:24<00:00:25,  0.99it/s, loss=0.0250]
Epoch 62:  97%|#########.| 566/585 [00:09:30<00:00:19,  0.99it/s, loss=0.0250]
Epoch 62:  98%|#########.| 572/585 [00:09:35<00:00:13,  0.99it/s, loss=0.0250]
Epoch 62:  99%|#########.| 578/585 [00:09:41<00:00:07,  0.99it/s, loss=0.0250]
Epoch 62: 100%|#########.| 583/585 [00:09:47<00:00:02,  0.99it/s, loss=0.0250]
Epoch 62: 100%|##########| 585/585 [00:09:48<00:00:00,  0.99it/s, loss=0.0249]
Test loss: 0.0245, Test rmsae: 7.32deg
{"event": "epoch_complete", "epoch": 62, "phase": 2, "lr": 1e-05, "batch_size": 10, "micro_batch_size": 1, "train_loss": 0.024948264392586347, "val_loss": 0.02453920478001237, "val_rmsae_deg": 7.320571884512901, "epoch_time_s": 589.4505325000064}
Epoch 63/80:
Epoch 63:   1%|..........| 6/585 [00:00:05<00:09:16,  1.04it/s, loss=0.0247]
Epoch 63:   2%|..........| 12/585 [00:00:11<00:08:54,  1.07it/s, loss=0.0246]
Epoch 63:   3%|..........| 18/585 [00:00:16<00:08:51,  1.07it/s, loss=0.0236]
Epoch 63:   4%|..........| 24/585 [00:00:22<00:08:40,  1.08it/s, loss=0.0233]
Epoch 63:   5%|..........| 30/585 [00:00:28<00:08:51,  1.04it/s, loss=0.0234]
Epoch 63:   6%|..........| 36/585 [00:00:34<00:08:52,  1.03it/s, loss=0.0236]
Epoch 63:   7%|..........| 41/585 [00:00:39<00:08:50,  1.03it/s, loss=0.0238]
Epoch 63:   8%|..........| 46/585 [00:00:45<00:08:51,  1.02it/s, loss=0.0238]
Epoch 63:   9%|..........| 51/585 [00:00:50<00:08:47,  1.01it/s, loss=0.0237]
Epoch 63:  10%|..........| 56/585 [00:00:55<00:08:47,  1.00it/s, loss=0.0241]
Epoch 63:  11%|#.........| 62/585 [00:01:01<00:08:41,  1.00it/s, loss=0.0250]
Epoch 63:  11%|#.........| 67/585 [00:01:06<00:08:37,  1.00it/s, loss=0.0249]
Epoch 63:  12%|#.........| 73/585 [00:01:12<00:08:31,  1.00it/s, loss=0.0251]
Epoch 63:  14%|#.........| 79/585 [00:01:18<00:08:21,  1.01it/s, loss=0.0250]
Epoch 63:  15%|#.........| 85/585 [00:01:23<00:08:13,  1.01it/s, loss=0.0246]
Epoch 63:  16%|#.........| 91/585 [00:01:29<00:08:04,  1.02it/s, loss=0.0244]
Epoch 63:  16%|#.........| 96/585 [00:01:34<00:08:01,  1.02it/s, loss=0.0245]
Epoch 63:  17%|#.........| 101/585 [00:01:39<00:07:57,  1.01it/s, loss=0.0246]
Epoch 63:  18%|#.........| 106/585 [00:01:45<00:07:56,  1.01it/s, loss=0.0245]
Epoch 63:  19%|#.........| 112/585 [00:01:50<00:07:47,  1.01it/s, loss=0.0245]
Epoch 63:  20%|##........| 118/585 [00:01:56<00:07:41,  1.01it/s, loss=0.0243]
Epoch 63:  21%|##........| 124/585 [00:02:02<00:07:36,  1.01it/s, loss=0.0243]
Epoch 63:  22%|##........| 130/585 [00:02:08<00:07:30,  1.01it/s, loss=0.0246]
Epoch 63:  23%|##........| 135/585 [00:02:13<00:07:26,  1.01it/s, loss=0.0245]
Epoch 63:  24%|##........| 141/585 [00:02:19<00:07:19,  1.01it/s, loss=0.0246]
Epoch 63:  25%|##........| 147/585 [00:02:25<00:07:13,  1.01it/s, loss=0.0244]
Epoch 63:  26%|##........| 153/585 [00:02:31<00:07:06,  1.01it/s, loss=0.0244]
Epoch 63:  27%|##........| 157/585 [00:02:36<00:07:07,  1.00it/s, loss=0.0243]
Epoch 63:  28%|##........| 163/585 [00:02:42<00:06:59,  1.01it/s, loss=0.0243]
Epoch 63:  29%|##........| 167/585 [00:02:47<00:06:59,  1.00it/s, loss=0.0245]
Epoch 63:  30%|##........| 173/585 [00:02:53<00:06:52,  1.00it/s, loss=0.0244]
Epoch 63:  31%|###.......| 179/585 [00:02:58<00:06:45,  1.00it/s, loss=0.0243]
Epoch 63:  31%|###.......| 184/585 [00:03:04<00:06:41,  1.00it/s, loss=0.0243]
Epoch 63:  32%|###.......| 189/585 [00:03:09<00:06:37,  1.00it/s, loss=0.0241]
Epoch 63:  33%|###.......| 195/585 [00:03:15<00:06:30,  1.00it/s, loss=0.0242]
Epoch 63:  34%|###.......| 201/585 [00:03:20<00:06:23,  1.00it/s, loss=0.0242]
Epoch 63:  35%|###.......| 207/585 [00:03:26<00:06:17,  1.00it/s, loss=0.0243]
Epoch 63:  36%|###.......| 212/585 [00:03:32<00:06:13,  1.00it/s, loss=0.0243]
Epoch 63:  37%|###.......| 218/585 [00:03:37<00:06:06,  1.00it/s, loss=0.0243]
Epoch 63:  38%|###.......| 224/585 [00:03:43<00:05:59,  1.00it/s, loss=0.0245]
Epoch 63:  39%|###.......| 230/585 [00:03:49<00:05:54,  1.00it/s, loss=0.0245]
Epoch 63:  40%|####......| 235/585 [00:03:54<00:05:49,  1.00it/s, loss=0.0245]
Epoch 63:  41%|####......| 241/585 [00:04:00<00:05:43,  1.00it/s, loss=0.0246]
Epoch 63:  42%|####......| 247/585 [00:04:06<00:05:36,  1.00it/s, loss=0.0245]
Epoch 63:  43%|####......| 253/585 [00:04:11<00:05:30,  1.01it/s, loss=0.0246]
Epoch 63:  44%|####......| 259/585 [00:04:17<00:05:23,  1.01it/s, loss=0.0246]
Epoch 63:  45%|####......| 264/585 [00:04:22<00:05:18,  1.01it/s, loss=0.0247]
Epoch 63:  46%|####......| 270/585 [00:04:27<00:05:12,  1.01it/s, loss=0.0247]
Epoch 63:  47%|####......| 275/585 [00:04:33<00:05:08,  1.00it/s, loss=0.0248]
Epoch 63:  48%|####......| 281/585 [00:04:39<00:05:02,  1.01it/s, loss=0.0247]
Epoch 63:  49%|####......| 287/585 [00:04:44<00:04:55,  1.01it/s, loss=0.0246]
Epoch 63:  50%|#####.....| 293/585 [00:04:50<00:04:49,  1.01it/s, loss=0.0246]
Epoch 63:  51%|#####.....| 299/585 [00:04:56<00:04:43,  1.01it/s, loss=0.0246]
Epoch 63:  52%|#####.....| 305/585 [00:05:02<00:04:37,  1.01it/s, loss=0.0246]
Epoch 63:  53%|#####.....| 311/585 [00:05:07<00:04:31,  1.01it/s, loss=0.0246]
Epoch 63:  54%|#####.....| 316/585 [00:05:13<00:04:27,  1.01it/s, loss=0.0247]
Epoch 63:  55%|#####.....| 321/585 [00:05:19<00:04:22,  1.01it/s, loss=0.0248]
Epoch 63:  56%|#####.....| 327/585 [00:05:24<00:04:16,  1.01it/s, loss=0.0247]
Epoch 63:  57%|#####.....| 333/585 [00:05:30<00:04:10,  1.01it/s, loss=0.0249]
Epoch 63:  58%|#####.....| 339/585 [00:05:36<00:04:04,  1.01it/s, loss=0.0249]
Epoch 63:  59%|#####.....| 344/585 [00:05:41<00:03:59,  1.01it/s, loss=0.0249]
Epoch 63:  60%|#####.....| 349/585 [00:05:46<00:03:54,  1.01it/s, loss=0.0249]
Epoch 63:  61%|######....| 354/585 [00:05:52<00:03:49,  1.00it/s, loss=0.0250]
Epoch 63:  61%|######....| 359/585 [00:05:57<00:03:45,  1.00it/s, loss=0.0250]
Epoch 63:  62%|######....| 365/585 [00:06:03<00:03:38,  1.00it/s, loss=0.0250]
Epoch 63:  63%|######....| 370/585 [00:06:08<00:03:34,  1.00it/s, loss=0.0250]
Epoch 63:  64%|######....| 376/585 [00:06:14<00:03:27,  1.01it/s, loss=0.0250]
Epoch 63:  65%|######....| 382/585 [00:06:19<00:03:21,  1.01it/s, loss=0.0250]
Epoch 63:  66%|######....| 388/585 [00:06:24<00:03:15,  1.01it/s, loss=0.0250]
Epoch 63:  67%|######....| 393/585 [00:06:30<00:03:10,  1.01it/s, loss=0.0250]
Epoch 63:  68%|######....| 399/585 [00:06:36<00:03:04,  1.01it/s, loss=0.0250]
Epoch 63:  69%|######....| 405/585 [00:06:42<00:02:58,  1.01it/s, loss=0.0250]
Epoch 63:  70%|#######...| 411/585 [00:06:48<00:02:52,  1.01it/s, loss=0.0250]
Epoch 63:  71%|#######...| 417/585 [00:06:53<00:02:46,  1.01it/s, loss=0.0250]
Epoch 63:  72%|#######...| 423/585 [00:06:59<00:02:40,  1.01it/s, loss=0.0250]
Epoch 63:  73%|#######...| 429/585 [00:07:05<00:02:34,  1.01it/s, loss=0.0250]
Epoch 63:  74%|#######...| 435/585 [00:07:10<00:02:28,  1.01it/s, loss=0.0250]
Epoch 63:  75%|#######...| 441/585 [00:07:16<00:02:22,  1.01it/s, loss=0.0249]
Epoch 63:  76%|#######...| 446/585 [00:07:21<00:02:17,  1.01it/s, loss=0.0250]
Epoch 63:  77%|#######...| 452/585 [00:07:27<00:02:11,  1.01it/s, loss=0.0249]
Epoch 63:  78%|#######...| 458/585 [00:07:32<00:02:05,  1.01it/s, loss=0.0249]
Epoch 63:  79%|#######...| 463/585 [00:07:37<00:02:00,  1.01it/s, loss=0.0248]
Epoch 63:  80%|########..| 469/585 [00:07:43<00:01:54,  1.01it/s, loss=0.0248]
Epoch 63:  81%|########..| 474/585 [00:07:48<00:01:49,  1.01it/s, loss=0.0248]
Epoch 63:  82%|########..| 479/585 [00:07:53<00:01:44,  1.01it/s, loss=0.0248]
Epoch 63:  83%|########..| 484/585 [00:07:59<00:01:39,  1.01it/s, loss=0.0248]
Epoch 63:  84%|########..| 489/585 [00:08:04<00:01:35,  1.01it/s, loss=0.0248]
Epoch 63:  84%|########..| 494/585 [00:08:10<00:01:30,  1.01it/s, loss=0.0248]
Epoch 63:  85%|########..| 499/585 [00:08:15<00:01:25,  1.01it/s, loss=0.0249]
Epoch 63:  86%|########..| 505/585 [00:08:21<00:01:19,  1.01it/s, loss=0.0249]
Epoch 63:  87%|########..| 511/585 [00:08:26<00:01:13,  1.01it/s, loss=0.0249]
Epoch 63:  88%|########..| 516/585 [00:08:31<00:01:08,  1.01it/s, loss=0.0249]
Epoch 63:  89%|########..| 522/585 [00:08:38<00:01:02,  1.01it/s, loss=0.0249]
Epoch 63:  90%|#########.| 528/585 [00:08:43<00:00:56,  1.01it/s, loss=0.0248]
Epoch 63:  91%|#########.| 534/585 [00:08:49<00:00:50,  1.01it/s, loss=0.0248]
Epoch 63:  92%|#########.| 540/585 [00:08:54<00:00:44,  1.01it/s, loss=0.0249]
Epoch 63:  93%|#########.| 546/585 [00:09:00<00:00:38,  1.01it/s, loss=0.0248]
Epoch 63:  94%|#########.| 552/585 [00:09:05<00:00:32,  1.01it/s, loss=0.0248]
Epoch 63:  95%|#########.| 557/585 [00:09:11<00:00:27,  1.01it/s, loss=0.0248]
Epoch 63:  96%|#########.| 563/585 [00:09:16<00:00:21,  1.01it/s, loss=0.0248]
Epoch 63:  97%|#########.| 568/585 [00:09:22<00:00:16,  1.01it/s, loss=0.0248]
Epoch 63:  98%|#########.| 574/585 [00:09:28<00:00:10,  1.01it/s, loss=0.0248]
Epoch 63:  99%|#########.| 579/585 [00:09:33<00:00:05,  1.01it/s, loss=0.0248]
Epoch 63: 100%|##########| 585/585 [00:09:39<00:00:00,  1.01it/s, loss=0.0248]
Test loss: 0.0246, Test rmsae: 7.33deg
{"event": "epoch_complete", "epoch": 63, "phase": 2, "lr": 1e-05, "batch_size": 10, "micro_batch_size": 1, "train_loss": 0.024803585845690507, "val_loss": 0.02455061161890626, "val_rmsae_deg": 7.333795592188835, "epoch_time_s": 580.0386110160034}
Epoch 64/80:
Epoch 64:   1%|..........| 6/585 [00:00:05<00:08:23,  1.15it/s, loss=0.0242]
Epoch 64:   2%|..........| 12/585 [00:00:11<00:08:55,  1.07it/s, loss=0.0245]
Epoch 64:   3%|..........| 18/585 [00:00:16<00:08:38,  1.09it/s, loss=0.0230]
Epoch 64:   4%|..........| 23/585 [00:00:22<00:09:04,  1.03it/s, loss=0.0235]
Epoch 64:   5%|..........| 29/585 [00:00:28<00:08:57,  1.04it/s, loss=0.0234]
Epoch 64:   6%|..........| 34/585 [00:00:33<00:09:00,  1.02it/s, loss=0.0240]
Epoch 64:   7%|..........| 40/585 [00:00:38<00:08:48,  1.03it/s, loss=0.0239]
Epoch 64:   8%|..........| 45/585 [00:00:43<00:08:47,  1.02it/s, loss=0.0242]
Epoch 64:   9%|..........| 51/585 [00:00:49<00:08:38,  1.03it/s, loss=0.0241]
Epoch 64:  10%|..........| 56/585 [00:00:54<00:08:38,  1.02it/s, loss=0.0240]
Epoch 64:  11%|#.........| 62/585 [00:01:00<00:08:27,  1.03it/s, loss=0.0242]
Epoch 64:  12%|#.........| 68/585 [00:01:06<00:08:24,  1.03it/s, loss=0.0241]
Epoch 64:  12%|#.........| 73/585 [00:01:11<00:08:22,  1.02it/s, loss=0.0245]
Epoch 64:  13%|#.........| 78/585 [00:01:16<00:08:18,  1.02it/s, loss=0.0240]
Epoch 64:  14%|#.........| 83/585 [00:01:23<00:08:22,  1.00it/s, loss=0.0240]
Epoch 64:  15%|#.........| 89/585 [00:01:28<00:08:14,  1.00it/s, loss=0.0239]
Epoch 64:  16%|#.........| 94/585 [00:01:33<00:08:10,  1.00it/s, loss=0.0239]
Epoch 64:  17%|#.........| 100/585 [00:01:39<00:08:00,  1.01it/s, loss=0.0239]
Epoch 64:  18%|#.........| 106/585 [00:01:44<00:07:51,  1.02it/s, loss=0.0237]
Epoch 64:  19%|#.........| 111/585 [00:01:50<00:07:51,  1.01it/s, loss=0.0235]
Epoch 64:  20%|#.........| 116/585 [00:01:56<00:07:50,  1.00it/s, loss=0.0238]
Epoch 64:  21%|##........| 121/585 [00:02:01<00:07:47,  0.99it/s, loss=0.0238]
Epoch 64:  22%|##........| 127/585 [00:02:07<00:07:38,  1.00it/s, loss=0.0238]
Epoch 64:  23%|##........| 133/585 [00:02:12<00:07:30,  1.00it/s, loss=0.0239]
Epoch 64:  24%|##........| 139/585 [00:02:18<00:07:23,  1.01it/s, loss=0.0242]
Epoch 64:  25%|##........| 144/585 [00:02:23<00:07:19,  1.00it/s, loss=0.0242]
Epoch 64:  25%|##........| 149/585 [00:02:28<00:07:15,  1.00it/s, loss=0.0243]
Epoch 64:  26%|##........| 155/585 [00:02:34<00:07:08,  1.00it/s, loss=0.0243]
Epoch 64:  27%|##........| 160/585 [00:02:39<00:07:04,  1.00it/s, loss=0.0244]
Epoch 64:  28%|##........| 166/585 [00:02:45<00:06:57,  1.00it/s, loss=0.0245]
Epoch 64:  29%|##........| 171/585 [00:02:50<00:06:53,  1.00it/s, loss=0.0245]
Epoch 64:  30%|###.......| 176/585 [00:02:55<00:06:48,  1.00it/s, loss=0.0245]
Epoch 64:  31%|###.......| 181/585 [00:03:01<00:06:44,  1.00it/s, loss=0.0244]
Epoch 64:  32%|###.......| 187/585 [00:03:06<00:06:37,  1.00it/s, loss=0.0244]
Epoch 64:  33%|###.......| 192/585 [00:03:12<00:06:34,  1.00it/s, loss=0.0244]
Epoch 64:  34%|###.......| 198/585 [00:03:18<00:06:28,  1.00it/s, loss=0.0244]
Epoch 64:  35%|###.......| 203/585 [00:03:23<00:06:23,  1.00it/s, loss=0.0242]
Epoch 64:  36%|###.......| 208/585 [00:03:29<00:06:18,  0.99it/s, loss=0.0242]
Epoch 64:  37%|###.......| 214/585 [00:03:34<00:06:11,  1.00it/s, loss=0.0242]
Epoch 64:  38%|###.......| 220/585 [00:03:40<00:06:06,  1.00it/s, loss=0.0242]
Epoch 64:  39%|###.......| 226/585 [00:03:46<00:05:59,  1.00it/s, loss=0.0242]
Epoch 64:  40%|###.......| 232/585 [00:03:51<00:05:52,  1.00it/s, loss=0.0242]
Epoch 64:  41%|####......| 238/585 [00:03:57<00:05:45,  1.00it/s, loss=0.0242]
Epoch 64:  42%|####......| 244/585 [00:04:02<00:05:39,  1.00it/s, loss=0.0242]
Epoch 64:  43%|####......| 249/585 [00:04:07<00:05:34,  1.00it/s, loss=0.0242]
Epoch 64:  44%|####......| 255/585 [00:04:13<00:05:28,  1.00it/s, loss=0.0241]
Epoch 64:  44%|####......| 260/585 [00:04:18<00:05:23,  1.00it/s, loss=0.0241]
Epoch 64:  45%|####......| 266/585 [00:04:24<00:05:16,  1.01it/s, loss=0.0241]
Epoch 64:  46%|####......| 270/585 [00:04:29<00:05:14,  1.00it/s, loss=0.0242]
Epoch 64:  47%|####......| 276/585 [00:04:35<00:05:08,  1.00it/s, loss=0.0242]
Epoch 64:  48%|####......| 282/585 [00:04:40<00:05:01,  1.00it/s, loss=0.0241]
Epoch 64:  49%|####......| 288/585 [00:04:46<00:04:55,  1.01it/s, loss=0.0242]
Epoch 64:  50%|#####.....| 294/585 [00:04:52<00:04:49,  1.01it/s, loss=0.0242]
Epoch 64:  51%|#####.....| 299/585 [00:04:57<00:04:44,  1.00it/s, loss=0.0242]
Epoch 64:  52%|#####.....| 305/585 [00:05:03<00:04:38,  1.00it/s, loss=0.0242]
Epoch 64:  53%|#####.....| 310/585 [00:05:09<00:04:34,  1.00it/s, loss=0.0241]
Epoch 64:  54%|#####.....| 315/585 [00:05:15<00:04:30,  1.00it/s, loss=0.0242]
Epoch 64:  55%|#####.....| 320/585 [00:05:21<00:04:25,  1.00it/s, loss=0.0244]
Epoch 64:  56%|#####.....| 325/585 [00:05:26<00:04:21,  1.00it/s, loss=0.0244]
Epoch 64:  57%|#####.....| 331/585 [00:05:32<00:04:14,  1.00it/s, loss=0.0243]
Epoch 64:  57%|#####.....| 336/585 [00:05:37<00:04:10,  0.99it/s, loss=0.0243]
Epoch 64:  58%|#####.....| 342/585 [00:05:43<00:04:04,  1.00it/s, loss=0.0244]
Epoch 64:  59%|#####.....| 348/585 [00:05:49<00:03:57,  1.00it/s, loss=0.0244]
Epoch 64:  61%|######....| 354/585 [00:05:54<00:03:51,  1.00it/s, loss=0.0244]
Epoch 64:  61%|######....| 359/585 [00:05:59<00:03:46,  1.00it/s, loss=0.0244]
Epoch 64:  62%|######....| 364/585 [00:06:05<00:03:42,  1.00it/s, loss=0.0244]
Epoch 64:  63%|######....| 370/585 [00:06:10<00:03:35,  1.00it/s, loss=0.0243]
Epoch 64:  64%|######....| 375/585 [00:06:16<00:03:30,  1.00it/s, loss=0.0243]
Epoch 64:  65%|######....| 381/585 [00:06:21<00:03:24,  1.00it/s, loss=0.0243]
Epoch 64:  66%|######....| 386/585 [00:06:26<00:03:19,  1.00it/s, loss=0.0243]
Epoch 64:  67%|######....| 391/585 [00:06:32<00:03:14,  1.00it/s, loss=0.0242]
Epoch 64:  68%|######....| 397/585 [00:06:37<00:03:08,  1.00it/s, loss=0.0242]
Epoch 64:  69%|######....| 403/585 [00:06:42<00:03:01,  1.00it/s, loss=0.0242]
Epoch 64:  70%|######....| 408/585 [00:06:48<00:02:57,  1.00it/s, loss=0.0242]
Epoch 64:  71%|#######...| 413/585 [00:06:53<00:02:52,  1.00it/s, loss=0.0242]
Epoch 64:  72%|#######...| 419/585 [00:06:59<00:02:46,  1.00it/s, loss=0.0243]
Epoch 64:  72%|#######...| 424/585 [00:07:04<00:02:41,  1.00it/s, loss=0.0243]
Epoch 64:  74%|#######...| 430/585 [00:07:09<00:02:34,  1.00it/s, loss=0.0243]
Epoch 64:  74%|#######...| 435/585 [00:07:15<00:02:30,  1.00it/s, loss=0.0243]
Epoch 64:  75%|#######...| 441/585 [00:07:20<00:02:23,  1.00it/s, loss=0.0244]
Epoch 64:  76%|#######...| 446/585 [00:07:26<00:02:19,  1.00it/s, loss=0.0243]
Epoch 64:  77%|#######...| 452/585 [00:07:31<00:02:12,  1.00it/s, loss=0.0244]
Epoch 64:  78%|#######...| 458/585 [00:07:36<00:02:06,  1.00it/s, loss=0.0243]
Epoch 64:  79%|#######...| 464/585 [00:07:42<00:02:00,  1.00it/s, loss=0.0244]
Epoch 64:  80%|########..| 469/585 [00:07:47<00:01:55,  1.00it/s, loss=0.0244]
Epoch 64:  81%|########..| 474/585 [00:07:52<00:01:50,  1.00it/s, loss=0.0243]
Epoch 64:  82%|########..| 480/585 [00:07:58<00:01:44,  1.00it/s, loss=0.0243]
Epoch 64:  83%|########..| 486/585 [00:08:03<00:01:38,  1.00it/s, loss=0.0243]
Epoch 64:  84%|########..| 492/585 [00:08:09<00:01:32,  1.01it/s, loss=0.0243]
Epoch 64:  85%|########..| 498/585 [00:08:15<00:01:26,  1.01it/s, loss=0.0243]
Epoch 64:  86%|########..| 504/585 [00:08:21<00:01:20,  1.01it/s, loss=0.0242]
Epoch 64:  87%|########..| 510/585 [00:08:26<00:01:14,  1.01it/s, loss=0.0242]
Epoch 64:  88%|########..| 515/585 [00:08:31<00:01:09,  1.01it/s, loss=0.0242]
Epoch 64:  89%|########..| 520/585 [00:08:37<00:01:04,  1.00it/s, loss=0.0242]
Epoch 64:  90%|########..| 525/585 [00:08:42<00:00:59,  1.00it/s, loss=0.0242]
Epoch 64:  91%|#########.| 531/585 [00:08:48<00:00:53,  1.00it/s, loss=0.0242]
Epoch 64:  92%|#########.| 537/585 [00:08:54<00:00:47,  1.01it/s, loss=0.0242]
Epoch 64:  93%|#########.| 542/585 [00:08:59<00:00:42,  1.00it/s, loss=0.0242]
Epoch 64:  94%|#########.| 548/585 [00:09:04<00:00:36,  1.01it/s, loss=0.0242]
Epoch 64:  95%|#########.| 554/585 [00:09:10<00:00:30,  1.01it/s, loss=0.0242]
Epoch 64:  96%|#########.| 560/585 [00:09:15<00:00:24,  1.01it/s, loss=0.0242]
Epoch 64:  97%|#########.| 565/585 [00:09:21<00:00:19,  1.01it/s, loss=0.0242]
Epoch 64:  98%|#########.| 571/585 [00:09:27<00:00:13,  1.01it/s, loss=0.0242]
Epoch 64:  98%|#########.| 576/585 [00:09:33<00:00:08,  1.00it/s, loss=0.0242]
Epoch 64:  99%|#########.| 582/585 [00:09:39<00:00:02,  1.00it/s, loss=0.0243]
Epoch 64: 100%|##########| 585/585 [00:09:42<00:00:00,  1.00it/s, loss=0.0243]
Test loss: 0.0245, Test rmsae: 7.31deg
{"event": "epoch_complete", "epoch": 64, "phase": 2, "lr": 1e-05, "batch_size": 10, "micro_batch_size": 1, "train_loss": 0.02426106866576478, "val_loss": 0.024494262121152133, "val_rmsae_deg": 7.30745792388916, "epoch_time_s": 583.4385369909942}
Epoch 65/80:
Epoch 65:   1%|..........| 6/585 [00:00:06<00:10:32,  0.92it/s, loss=0.0274]
Epoch 65:   2%|..........| 12/585 [00:00:12<00:09:45,  0.98it/s, loss=0.0267]
Epoch 65:   3%|..........| 18/585 [00:00:17<00:09:23,  1.01it/s, loss=0.0254]
Epoch 65:   4%|..........| 23/585 [00:00:23<00:09:29,  0.99it/s, loss=0.0257]
Epoch 65:   5%|..........| 29/585 [00:00:28<00:09:08,  1.01it/s, loss=0.0250]
Epoch 65:   6%|..........| 34/585 [00:00:33<00:09:05,  1.01it/s, loss=0.0256]
Epoch 65:   7%|..........| 40/585 [00:00:39<00:08:52,  1.02it/s, loss=0.0254]
Epoch 65:   8%|..........| 46/585 [00:00:44<00:08:40,  1.04it/s, loss=0.0251]
Epoch 65:   9%|..........| 51/585 [00:00:49<00:08:37,  1.03it/s, loss=0.0252]
Epoch 65:  10%|..........| 57/585 [00:00:54<00:08:28,  1.04it/s, loss=0.0252]
Epoch 65:  11%|#.........| 63/585 [00:01:00<00:08:22,  1.04it/s, loss=0.0248]
Epoch 65:  12%|#.........| 68/585 [00:01:06<00:08:22,  1.03it/s, loss=0.0247]
Epoch 65:  13%|#.........| 74/585 [00:01:12<00:08:18,  1.02it/s, loss=0.0249]
Epoch 65:  14%|#.........| 79/585 [00:01:17<00:08:15,  1.02it/s, loss=0.0250]
Epoch 65:  14%|#.........| 84/585 [00:01:23<00:08:16,  1.01it/s, loss=0.0250]
Epoch 65:  15%|#.........| 89/585 [00:01:28<00:08:12,  1.01it/s, loss=0.0251]
Epoch 65:  16%|#.........| 95/585 [00:01:34<00:08:05,  1.01it/s, loss=0.0249]
Epoch 65:  17%|#.........| 101/585 [00:01:39<00:07:57,  1.01it/s, loss=0.0248]
Epoch 65:  18%|#.........| 107/585 [00:01:45<00:07:50,  1.02it/s, loss=0.0248]
Epoch 65:  19%|#.........| 113/585 [00:01:51<00:07:44,  1.02it/s, loss=0.0247]
Epoch 65:  20%|##........| 119/585 [00:01:56<00:07:36,  1.02it/s, loss=0.0245]
Epoch 65:  21%|##........| 125/585 [00:02:02<00:07:30,  1.02it/s, loss=0.0245]
Epoch 65:  22%|##........| 131/585 [00:02:07<00:07:23,  1.02it/s, loss=0.0243]
Epoch 65:  23%|##........| 136/585 [00:02:13<00:07:20,  1.02it/s, loss=0.0243]
Epoch 65:  24%|##........| 141/585 [00:02:18<00:07:17,  1.01it/s, loss=0.0243]
Epoch 65:  25%|##........| 147/585 [00:02:24<00:07:10,  1.02it/s, loss=0.0243]
Epoch 65:  26%|##........| 153/585 [00:02:30<00:07:04,  1.02it/s, loss=0.0242]
Epoch 65:  27%|##........| 159/585 [00:02:36<00:06:58,  1.02it/s, loss=0.0243]
Epoch 65:  28%|##........| 165/585 [00:02:41<00:06:51,  1.02it/s, loss=0.0246]
Epoch 65:  29%|##........| 171/585 [00:02:46<00:06:44,  1.02it/s, loss=0.0247]
Epoch 65:  30%|###.......| 176/585 [00:02:52<00:06:39,  1.02it/s, loss=0.0246]
Epoch 65:  31%|###.......| 181/585 [00:02:57<00:06:35,  1.02it/s, loss=0.0248]
Epoch 65:  32%|###.......| 187/585 [00:03:03<00:06:30,  1.02it/s, loss=0.0248]
Epoch 65:  33%|###.......| 194/585 [00:03:09<00:06:21,  1.02it/s, loss=0.0247]
Epoch 65:  34%|###.......| 199/585 [00:03:15<00:06:18,  1.02it/s, loss=0.0247]
Epoch 65:  35%|###.......| 204/585 [00:03:20<00:06:15,  1.02it/s, loss=0.0246]
Epoch 65:  36%|###.......| 210/585 [00:03:26<00:06:08,  1.02it/s, loss=0.0246]
Epoch 65:  37%|###.......| 216/585 [00:03:32<00:06:02,  1.02it/s, loss=0.0246]
Epoch 65:  38%|###.......| 222/585 [00:03:37<00:05:56,  1.02it/s, loss=0.0246]
Epoch 65:  39%|###.......| 228/585 [00:03:43<00:05:49,  1.02it/s, loss=0.0245]
Epoch 65:  40%|###.......| 233/585 [00:03:49<00:05:45,  1.02it/s, loss=0.0246]
Epoch 65:  41%|####......| 239/585 [00:03:55<00:05:40,  1.02it/s, loss=0.0246]
Epoch 65:  42%|####......| 244/585 [00:04:00<00:05:36,  1.01it/s, loss=0.0246]
Epoch 65:  43%|####......| 249/585 [00:04:06<00:05:32,  1.01it/s, loss=0.0246]
Epoch 65:  44%|####......| 255/585 [00:04:11<00:05:25,  1.01it/s, loss=0.0246]
Epoch 65:  44%|####......| 260/585 [00:04:16<00:05:21,  1.01it/s, loss=0.0246]
Epoch 65:  45%|####......| 265/585 [00:04:22<00:05:16,  1.01it/s, loss=0.0246]
Epoch 65:  46%|####......| 270/585 [00:04:27<00:05:11,  1.01it/s, loss=0.0246]
Epoch 65:  47%|####......| 276/585 [00:04:33<00:05:05,  1.01it/s, loss=0.0246]
Epoch 65:  48%|####......| 282/585 [00:04:38<00:04:59,  1.01it/s, loss=0.0245]
Epoch 65:  49%|####......| 288/585 [00:04:44<00:04:53,  1.01it/s, loss=0.0245]
Epoch 65:  50%|#####.....| 294/585 [00:04:50<00:04:47,  1.01it/s, loss=0.0246]
Epoch 65:  51%|#####.....| 299/585 [00:04:55<00:04:42,  1.01it/s, loss=0.0246]
Epoch 65:  52%|#####.....| 305/585 [00:05:01<00:04:36,  1.01it/s, loss=0.0245]
Epoch 65:  53%|#####.....| 311/585 [00:05:06<00:04:30,  1.01it/s, loss=0.0245]
Epoch 65:  54%|#####.....| 316/585 [00:05:11<00:04:25,  1.01it/s, loss=0.0245]
Epoch 65:  55%|#####.....| 322/585 [00:05:17<00:04:19,  1.01it/s, loss=0.0245]
Epoch 65:  56%|#####.....| 328/585 [00:05:23<00:04:13,  1.01it/s, loss=0.0244]
Epoch 65:  57%|#####.....| 334/585 [00:05:28<00:04:06,  1.02it/s, loss=0.0244]
Epoch 65:  58%|#####.....| 340/585 [00:05:34<00:04:00,  1.02it/s, loss=0.0244]
Epoch 65:  59%|#####.....| 346/585 [00:05:40<00:03:55,  1.02it/s, loss=0.0244]
Epoch 65:  60%|######....| 352/585 [00:05:45<00:03:48,  1.02it/s, loss=0.0243]
Epoch 65:  61%|######....| 358/585 [00:05:51<00:03:42,  1.02it/s, loss=0.0243]
Epoch 65:  62%|######....| 364/585 [00:05:56<00:03:36,  1.02it/s, loss=0.0243]
Epoch 65:  63%|######....| 369/585 [00:06:01<00:03:31,  1.02it/s, loss=0.0244]
Epoch 65:  64%|######....| 374/585 [00:06:06<00:03:27,  1.02it/s, loss=0.0244]
Epoch 65:  65%|######....| 379/585 [00:06:12<00:03:22,  1.02it/s, loss=0.0244]
Epoch 65:  66%|######....| 385/585 [00:06:18<00:03:16,  1.02it/s, loss=0.0244]
Epoch 65:  67%|######....| 391/585 [00:06:23<00:03:10,  1.02it/s, loss=0.0243]
Epoch 65:  68%|######....| 396/585 [00:06:29<00:03:06,  1.02it/s, loss=0.0244]
Epoch 65:  69%|######....| 401/585 [00:06:34<00:03:01,  1.02it/s, loss=0.0243]
Epoch 65:  70%|######....| 407/585 [00:06:40<00:02:55,  1.02it/s, loss=0.0244]
Epoch 65:  71%|#######...| 413/585 [00:06:45<00:02:49,  1.02it/s, loss=0.0244]
Epoch 65:  71%|#######...| 418/585 [00:06:50<00:02:44,  1.02it/s, loss=0.0244]
Epoch 65:  72%|#######...| 424/585 [00:06:56<00:02:38,  1.02it/s, loss=0.0243]
Epoch 65:  73%|#######...| 429/585 [00:07:02<00:02:33,  1.02it/s, loss=0.0243]
Epoch 65:  74%|#######...| 434/585 [00:07:07<00:02:28,  1.01it/s, loss=0.0243]
Epoch 65:  75%|#######...| 439/585 [00:07:12<00:02:23,  1.01it/s, loss=0.0243]
Epoch 65:  76%|#######...| 445/585 [00:07:18<00:02:17,  1.01it/s, loss=0.0247]
Epoch 65:  77%|#######...| 451/585 [00:07:23<00:02:11,  1.02it/s, loss=0.0247]
Epoch 65:  78%|#######...| 457/585 [00:07:29<00:02:05,  1.02it/s, loss=0.0247]
Epoch 65:  79%|#######...| 463/585 [00:07:34<00:01:59,  1.02it/s, loss=0.0247]
Epoch 65:  80%|########..| 468/585 [00:07:39<00:01:54,  1.02it/s, loss=0.0246]
Epoch 65:  81%|########..| 474/585 [00:07:45<00:01:48,  1.02it/s, loss=0.0246]
Epoch 65:  82%|########..| 480/585 [00:07:51<00:01:43,  1.02it/s, loss=0.0246]
Epoch 65:  83%|########..| 485/585 [00:07:56<00:01:38,  1.02it/s, loss=0.0246]
Epoch 65:  84%|########..| 491/585 [00:08:02<00:01:32,  1.02it/s, loss=0.0246]
Epoch 65:  85%|########..| 497/585 [00:08:07<00:01:26,  1.02it/s, loss=0.0246]
Epoch 65:  86%|########..| 503/585 [00:08:13<00:01:20,  1.02it/s, loss=0.0247]
Epoch 65:  87%|########..| 508/585 [00:08:19<00:01:15,  1.02it/s, loss=0.0247]
Epoch 65:  88%|########..| 514/585 [00:08:24<00:01:09,  1.02it/s, loss=0.0247]
Epoch 65:  89%|########..| 519/585 [00:08:29<00:01:04,  1.02it/s, loss=0.0247]
Epoch 65:  90%|########..| 525/585 [00:08:35<00:00:58,  1.02it/s, loss=0.0247]
Epoch 65:  91%|#########.| 530/585 [00:08:40<00:00:54,  1.02it/s, loss=0.0247]
Epoch 65:  91%|#########.| 534/585 [00:08:46<00:00:50,  1.01it/s, loss=0.0247]
Epoch 65:  92%|#########.| 539/585 [00:08:51<00:00:45,  1.01it/s, loss=0.0247]
Epoch 65:  93%|#########.| 544/585 [00:08:56<00:00:40,  1.01it/s, loss=0.0247]
Epoch 65:  94%|#########.| 550/585 [00:09:02<00:00:34,  1.01it/s, loss=0.0246]
Epoch 65:  95%|#########.| 556/585 [00:09:08<00:00:28,  1.01it/s, loss=0.0246]
Epoch 65:  96%|#########.| 562/585 [00:09:13<00:00:22,  1.02it/s, loss=0.0247]
Epoch 65:  97%|#########.| 568/585 [00:09:18<00:00:16,  1.02it/s, loss=0.0246]
Epoch 65:  98%|#########.| 574/585 [00:09:24<00:00:10,  1.02it/s, loss=0.0246]
Epoch 65:  99%|#########.| 580/585 [00:09:30<00:00:04,  1.02it/s, loss=0.0246]
Epoch 65: 100%|##########| 585/585 [00:09:35<00:00:00,  1.02it/s, loss=0.0246]
Test loss: 0.0245, Test rmsae: 7.28deg
{"event": "epoch_complete", "epoch": 65, "phase": 2, "lr": 1e-05, "batch_size": 10, "micro_batch_size": 1, "train_loss": 0.024593784876613536, "val_loss": 0.02446832967689261, "val_rmsae_deg": 7.27837897837162, "epoch_time_s": 576.1441298489954}
Epoch 66/80:
Epoch 66:   1%|..........| 6/585 [00:00:05<00:09:06,  1.06it/s, loss=0.0259]
Epoch 66:   2%|..........| 11/585 [00:00:11<00:09:59,  0.96it/s, loss=0.0281]
Epoch 66:   3%|..........| 17/585 [00:00:17<00:09:32,  0.99it/s, loss=0.0266]
Epoch 66:   4%|..........| 23/585 [00:00:22<00:09:18,  1.01it/s, loss=0.0257]
Epoch 66:   5%|..........| 27/585 [00:00:28<00:09:49,  0.95it/s, loss=0.0255]
Epoch 66:   6%|..........| 33/585 [00:00:33<00:09:26,  0.97it/s, loss=0.0258]
Epoch 66:   7%|..........| 39/585 [00:00:39<00:09:16,  0.98it/s, loss=0.0257]
Epoch 66:   8%|..........| 44/585 [00:00:45<00:09:22,  0.96it/s, loss=0.0256]
Epoch 66:   9%|..........| 50/585 [00:00:51<00:09:10,  0.97it/s, loss=0.0253]
Epoch 66:  10%|..........| 56/585 [00:00:57<00:09:01,  0.98it/s, loss=0.0250]
Epoch 66:  10%|#.........| 61/585 [00:01:02<00:08:57,  0.98it/s, loss=0.0250]
Epoch 66:  11%|#.........| 66/585 [00:01:08<00:08:55,  0.97it/s, loss=0.0249]
Epoch 66:  12%|#.........| 71/585 [00:01:13<00:08:51,  0.97it/s, loss=0.0249]
Epoch 66:  13%|#.........| 77/585 [00:01:19<00:08:41,  0.97it/s, loss=0.0250]
Epoch 66:  14%|#.........| 83/585 [00:01:24<00:08:31,  0.98it/s, loss=0.0249]
Epoch 66:  15%|#.........| 89/585 [00:01:30<00:08:23,  0.99it/s, loss=0.0246]
Epoch 66:  16%|#.........| 94/585 [00:01:35<00:08:19,  0.98it/s, loss=0.0246]
Epoch 66:  17%|#.........| 99/585 [00:01:40<00:08:13,  0.98it/s, loss=0.0246]
Epoch 66:  18%|#.........| 105/585 [00:01:46<00:08:05,  0.99it/s, loss=0.0246]
Epoch 66:  19%|#.........| 111/585 [00:01:52<00:07:58,  0.99it/s, loss=0.0246]
Epoch 66:  20%|#.........| 116/585 [00:01:57<00:07:53,  0.99it/s, loss=0.0245]
Epoch 66:  21%|##........| 120/585 [00:02:02<00:07:53,  0.98it/s, loss=0.0245]
Epoch 66:  22%|##........| 126/585 [00:02:07<00:07:45,  0.99it/s, loss=0.0245]
Epoch 66:  22%|##........| 131/585 [00:02:12<00:07:40,  0.99it/s, loss=0.0245]
Epoch 66:  23%|##........| 137/585 [00:02:18<00:07:33,  0.99it/s, loss=0.0243]
Epoch 66:  24%|##........| 143/585 [00:02:24<00:07:26,  0.99it/s, loss=0.0243]
Epoch 66:  25%|##........| 149/585 [00:02:29<00:07:17,  1.00it/s, loss=0.0243]
Epoch 66:  26%|##........| 154/585 [00:02:35<00:07:14,  0.99it/s, loss=0.0243]
Epoch 66:  27%|##........| 159/585 [00:02:40<00:07:09,  0.99it/s, loss=0.0243]
Epoch 66:  28%|##........| 165/585 [00:02:45<00:07:02,  1.00it/s, loss=0.0243]
Epoch 66:  29%|##........| 171/585 [00:02:51<00:06:55,  1.00it/s, loss=0.0243]
Epoch 66:  30%|###.......| 176/585 [00:02:57<00:06:51,  0.99it/s, loss=0.0242]
Epoch 66:  31%|###.......| 181/585 [00:03:02<00:06:48,  0.99it/s, loss=0.0244]
Epoch 66:  32%|###.......| 186/585 [00:03:08<00:06:43,  0.99it/s, loss=0.0244]
Epoch 66:  33%|###.......| 191/585 [00:03:13<00:06:38,  0.99it/s, loss=0.0244]
Epoch 66:  34%|###.......| 197/585 [00:03:19<00:06:32,  0.99it/s, loss=0.0244]
Epoch 66:  35%|###.......| 203/585 [00:03:24<00:06:25,  0.99it/s, loss=0.0244]
Epoch 66:  36%|###.......| 209/585 [00:03:30<00:06:18,  0.99it/s, loss=0.0243]
Epoch 66:  37%|###.......| 215/585 [00:03:36<00:06:12,  0.99it/s, loss=0.0243]
Epoch 66:  38%|###.......| 221/585 [00:03:42<00:06:05,  1.00it/s, loss=0.0243]
Epoch 66:  39%|###.......| 226/585 [00:03:47<00:06:00,  0.99it/s, loss=0.0243]
Epoch 66:  40%|###.......| 232/585 [00:03:52<00:05:53,  1.00it/s, loss=0.0243]
Epoch 66:  41%|####......| 238/585 [00:03:58<00:05:47,  1.00it/s, loss=0.0243]
Epoch 66:  42%|####......| 244/585 [00:04:03<00:05:40,  1.00it/s, loss=0.0243]
Epoch 66:  43%|####......| 249/585 [00:04:09<00:05:36,  1.00it/s, loss=0.0242]
Epoch 66:  44%|####......| 255/585 [00:04:14<00:05:29,  1.00it/s, loss=0.0243]
Epoch 66:  45%|####......| 261/585 [00:04:20<00:05:22,  1.00it/s, loss=0.0243]
Epoch 66:  45%|####......| 266/585 [00:04:25<00:05:18,  1.00it/s, loss=0.0243]
Epoch 66:  46%|####......| 270/585 [00:04:30<00:05:16,  1.00it/s, loss=0.0244]
Epoch 66:  47%|####......| 275/585 [00:04:36<00:05:11,  1.00it/s, loss=0.0244]
Epoch 66:  48%|####......| 281/585 [00:04:42<00:05:05,  1.00it/s, loss=0.0245]
Epoch 66:  49%|####......| 286/585 [00:04:47<00:05:00,  1.00it/s, loss=0.0244]
Epoch 66:  50%|####......| 292/585 [00:04:53<00:04:54,  1.00it/s, loss=0.0244]
Epoch 66:  51%|#####.....| 297/585 [00:04:58<00:04:49,  1.00it/s, loss=0.0244]
Epoch 66:  52%|#####.....| 302/585 [00:05:03<00:04:44,  1.00it/s, loss=0.0244]
Epoch 66:  53%|#####.....| 308/585 [00:05:08<00:04:37,  1.00it/s, loss=0.0243]
Epoch 66:  54%|#####.....| 313/585 [00:05:13<00:04:32,  1.00it/s, loss=0.0244]
Epoch 66:  54%|#####.....| 317/585 [00:05:19<00:04:29,  0.99it/s, loss=0.0244]
Epoch 66:  55%|#####.....| 322/585 [00:05:24<00:04:24,  0.99it/s, loss=0.0244]
Epoch 66:  56%|#####.....| 328/585 [00:05:29<00:04:18,  0.99it/s, loss=0.0243]
Epoch 66:  57%|#####.....| 334/585 [00:05:35<00:04:12,  1.00it/s, loss=0.0242]
Epoch 66:  58%|#####.....| 339/585 [00:05:40<00:04:07,  1.00it/s, loss=0.0242]
Epoch 66:  59%|#####.....| 345/585 [00:05:46<00:04:00,  1.00it/s, loss=0.0242]
Epoch 66:  60%|######....| 351/585 [00:05:51<00:03:54,  1.00it/s, loss=0.0242]
Epoch 66:  61%|######....| 357/585 [00:05:56<00:03:47,  1.00it/s, loss=0.0242]
Epoch 66:  62%|######....| 362/585 [00:06:01<00:03:42,  1.00it/s, loss=0.0242]
Epoch 66:  63%|######....| 367/585 [00:06:07<00:03:38,  1.00it/s, loss=0.0242]
Epoch 66:  64%|######....| 373/585 [00:06:12<00:03:31,  1.00it/s, loss=0.0241]
Epoch 66:  65%|######....| 378/585 [00:06:18<00:03:27,  1.00it/s, loss=0.0241]
Epoch 66:  65%|######....| 383/585 [00:06:23<00:03:22,  1.00it/s, loss=0.0241]
Epoch 66:  66%|######....| 388/585 [00:06:29<00:03:17,  1.00it/s, loss=0.0241]
Epoch 66:  67%|######....| 394/585 [00:06:34<00:03:11,  1.00it/s, loss=0.0242]
Epoch 66:  68%|######....| 400/585 [00:06:40<00:03:05,  1.00it/s, loss=0.0242]
Epoch 66:  69%|######....| 405/585 [00:06:45<00:03:00,  1.00it/s, loss=0.0241]
Epoch 66:  70%|#######...| 411/585 [00:06:52<00:02:54,  1.00it/s, loss=0.0242]
Epoch 66:  71%|#######...| 417/585 [00:06:58<00:02:48,  1.00it/s, loss=0.0242]
Epoch 66:  72%|#######...| 423/585 [00:07:03<00:02:42,  1.00it/s, loss=0.0243]
Epoch 66:  73%|#######...| 428/585 [00:07:09<00:02:37,  1.00it/s, loss=0.0242]
Epoch 66:  74%|#######...| 434/585 [00:07:15<00:02:31,  1.00it/s, loss=0.0242]
Epoch 66:  75%|#######...| 440/585 [00:07:20<00:02:25,  1.00it/s, loss=0.0242]
Epoch 66:  76%|#######...| 445/585 [00:07:26<00:02:20,  1.00it/s, loss=0.0242]
Epoch 66:  77%|#######...| 451/585 [00:07:31<00:02:14,  1.00it/s, loss=0.0242]
Epoch 66:  78%|#######...| 457/585 [00:07:37<00:02:08,  1.00it/s, loss=0.0242]
Epoch 66:  79%|#######...| 463/585 [00:07:43<00:02:02,  1.00it/s, loss=0.0242]
Epoch 66:  80%|########..| 469/585 [00:07:48<00:01:55,  1.00it/s, loss=0.0241]
Epoch 66:  81%|########..| 475/585 [00:07:54<00:01:49,  1.00it/s, loss=0.0241]
Epoch 66:  82%|########..| 480/585 [00:07:59<00:01:44,  1.00it/s, loss=0.0241]
Epoch 66:  83%|########..| 486/585 [00:08:05<00:01:38,  1.00it/s, loss=0.0241]
Epoch 66:  84%|########..| 492/585 [00:08:10<00:01:32,  1.00it/s, loss=0.0241]
Epoch 66:  85%|########..| 498/585 [00:08:15<00:01:26,  1.00it/s, loss=0.0241]
Epoch 66:  86%|########..| 504/585 [00:08:21<00:01:20,  1.01it/s, loss=0.0241]
Epoch 66:  87%|########..| 510/585 [00:08:26<00:01:14,  1.01it/s, loss=0.0241]
Epoch 66:  88%|########..| 515/585 [00:08:32<00:01:09,  1.00it/s, loss=0.0241]
Epoch 66:  89%|########..| 520/585 [00:08:37<00:01:04,  1.00it/s, loss=0.0241]
Epoch 66:  90%|########..| 526/585 [00:08:43<00:00:58,  1.00it/s, loss=0.0241]
Epoch 66:  91%|#########.| 532/585 [00:08:49<00:00:52,  1.01it/s, loss=0.0240]
Epoch 66:  92%|#########.| 537/585 [00:08:54<00:00:47,  1.00it/s, loss=0.0241]
Epoch 66:  93%|#########.| 542/585 [00:08:59<00:00:42,  1.00it/s, loss=0.0241]
Epoch 66:  94%|#########.| 547/585 [00:09:05<00:00:37,  1.00it/s, loss=0.0241]
Epoch 66:  95%|#########.| 553/585 [00:09:10<00:00:31,  1.00it/s, loss=0.0241]
Epoch 66:  96%|#########.| 559/585 [00:09:15<00:00:25,  1.01it/s, loss=0.0241]
Epoch 66:  97%|#########.| 565/585 [00:09:21<00:00:19,  1.01it/s, loss=0.0241]
Epoch 66:  98%|#########.| 571/585 [00:09:27<00:00:13,  1.01it/s, loss=0.0242]
Epoch 66:  98%|#########.| 576/585 [00:09:32<00:00:08,  1.01it/s, loss=0.0241]
Epoch 66:  99%|#########.| 582/585 [00:09:38<00:00:02,  1.01it/s, loss=0.0241]
Epoch 66: 100%|##########| 585/585 [00:09:40<00:00:00,  1.01it/s, loss=0.0241]
Test loss: 0.0245, Test rmsae: 7.27deg
{"event": "epoch_complete", "epoch": 66, "phase": 2, "lr": 1e-05, "batch_size": 10, "micro_batch_size": 1, "train_loss": 0.024122474912522184, "val_loss": 0.02452141686808318, "val_rmsae_deg": 7.268454357981682, "epoch_time_s": 581.7959107259958}
Epoch 67/80:
Epoch 67:   1%|..........| 6/585 [00:00:05<00:08:48,  1.10it/s, loss=0.0232]
Epoch 67:   2%|..........| 12/585 [00:00:11<00:08:59,  1.06it/s, loss=0.0250]
Epoch 67:   3%|..........| 17/585 [00:00:16<00:09:08,  1.04it/s, loss=0.0248]
Epoch 67:   4%|..........| 22/585 [00:00:22<00:09:30,  0.99it/s, loss=0.0253]
Epoch 67:   5%|..........| 28/585 [00:00:28<00:09:20,  0.99it/s, loss=0.0250]
Epoch 67:   6%|..........| 34/585 [00:00:34<00:09:13,  1.00it/s, loss=0.0252]
Epoch 67:   6%|..........| 38/585 [00:00:39<00:09:28,  0.96it/s, loss=0.0254]
Epoch 67:   7%|..........| 43/585 [00:00:44<00:09:21,  0.97it/s, loss=0.0289]
Epoch 67:   8%|..........| 49/585 [00:00:49<00:09:06,  0.98it/s, loss=0.0290]
Epoch 67:   9%|..........| 55/585 [00:00:55<00:08:54,  0.99it/s, loss=0.0286]
Epoch 67:  10%|#.........| 61/585 [00:01:00<00:08:43,  1.00it/s, loss=0.0281]
Epoch 67:  11%|#.........| 65/585 [00:01:06<00:08:48,  0.98it/s, loss=0.0277]
Epoch 67:  12%|#.........| 71/585 [00:01:11<00:08:40,  0.99it/s, loss=0.0272]
Epoch 67:  13%|#.........| 76/585 [00:01:16<00:08:35,  0.99it/s, loss=0.0271]
Epoch 67:  14%|#.........| 81/585 [00:01:22<00:08:32,  0.98it/s, loss=0.0269]
Epoch 67:  15%|#.........| 87/585 [00:01:27<00:08:21,  0.99it/s, loss=0.0266]
Epoch 67:  16%|#.........| 93/585 [00:01:32<00:08:10,  1.00it/s, loss=0.0266]
Epoch 67:  17%|#.........| 98/585 [00:01:37<00:08:06,  1.00it/s, loss=0.0263]
Epoch 67:  18%|#.........| 104/585 [00:01:43<00:08:00,  1.00it/s, loss=0.0261]
Epoch 67:  19%|#.........| 110/585 [00:01:50<00:07:55,  1.00it/s, loss=0.0261]
Epoch 67:  20%|#.........| 115/585 [00:01:55<00:07:53,  0.99it/s, loss=0.0261]
Epoch 67:  21%|##........| 120/585 [00:02:01<00:07:48,  0.99it/s, loss=0.0260]
Epoch 67:  22%|##........| 126/585 [00:02:06<00:07:40,  1.00it/s, loss=0.0259]
Epoch 67:  22%|##........| 131/585 [00:02:11<00:07:36,  0.99it/s, loss=0.0259]
Epoch 67:  23%|##........| 136/585 [00:02:17<00:07:32,  0.99it/s, loss=0.0258]
Epoch 67:  24%|##........| 142/585 [00:02:22<00:07:23,  1.00it/s, loss=0.0256]
Epoch 67:  25%|##........| 147/585 [00:02:27<00:07:20,  0.99it/s, loss=0.0256]
Epoch 67:  26%|##........| 153/585 [00:02:33<00:07:13,  1.00it/s, loss=0.0255]
Epoch 67:  27%|##........| 159/585 [00:02:39<00:07:06,  1.00it/s, loss=0.0254]
Epoch 67:  28%|##........| 165/585 [00:02:44<00:06:58,  1.00it/s, loss=0.0252]
Epoch 67:  29%|##........| 170/585 [00:02:49<00:06:54,  1.00it/s, loss=0.0252]
Epoch 67:  30%|##........| 175/585 [00:02:55<00:06:50,  1.00it/s, loss=0.0251]
Epoch 67:  31%|###.......| 180/585 [00:03:00<00:06:45,  1.00it/s, loss=0.0250]
Epoch 67:  32%|###.......| 186/585 [00:03:06<00:06:39,  1.00it/s, loss=0.0249]
Epoch 67:  33%|###.......| 191/585 [00:03:11<00:06:35,  1.00it/s, loss=0.0249]
Epoch 67:  34%|###.......| 196/585 [00:03:16<00:06:30,  1.00it/s, loss=0.0248]
Epoch 67:  34%|###.......| 201/585 [00:03:21<00:06:25,  1.00it/s, loss=0.0247]
Epoch 67:  35%|###.......| 206/585 [00:03:27<00:06:20,  0.99it/s, loss=0.0247]
Epoch 67:  36%|###.......| 212/585 [00:03:33<00:06:15,  0.99it/s, loss=0.0247]
Epoch 67:  37%|###.......| 216/585 [00:03:38<00:06:12,  0.99it/s, loss=0.0248]
Epoch 67:  38%|###.......| 222/585 [00:03:43<00:06:05,  0.99it/s, loss=0.0248]
Epoch 67:  39%|###.......| 228/585 [00:03:48<00:05:58,  1.00it/s, loss=0.0247]
Epoch 67:  40%|####......| 234/585 [00:03:54<00:05:51,  1.00it/s, loss=0.0246]
Epoch 67:  41%|####......| 240/585 [00:03:59<00:05:44,  1.00it/s, loss=0.0246]
Epoch 67:  42%|####......| 246/585 [00:04:05<00:05:38,  1.00it/s, loss=0.0246]
Epoch 67:  43%|####......| 252/585 [00:04:11<00:05:32,  1.00it/s, loss=0.0246]
Epoch 67:  44%|####......| 258/585 [00:04:17<00:05:26,  1.00it/s, loss=0.0247]
Epoch 67:  45%|####......| 263/585 [00:04:22<00:05:21,  1.00it/s, loss=0.0246]
Epoch 67:  46%|####......| 269/585 [00:04:28<00:05:15,  1.00it/s, loss=0.0247]
Epoch 67:  47%|####......| 274/585 [00:04:33<00:05:10,  1.00it/s, loss=0.0247]
Epoch 67:  48%|####......| 280/585 [00:04:39<00:05:04,  1.00it/s, loss=0.0247]
Epoch 67:  49%|####......| 285/585 [00:04:44<00:04:59,  1.00it/s, loss=0.0246]
Epoch 67:  50%|####......| 291/585 [00:04:50<00:04:53,  1.00it/s, loss=0.0247]
Epoch 67:  51%|#####.....| 297/585 [00:04:55<00:04:46,  1.00it/s, loss=0.0247]
Epoch 67:  52%|#####.....| 303/585 [00:05:01<00:04:40,  1.00it/s, loss=0.0246]
Epoch 67:  53%|#####.....| 309/585 [00:05:07<00:04:34,  1.01it/s, loss=0.0246]
Epoch 67:  54%|#####.....| 313/585 [00:05:12<00:04:31,  1.00it/s, loss=0.0247]
Epoch 67:  55%|#####.....| 319/585 [00:05:18<00:04:25,  1.00it/s, loss=0.0250]
Epoch 67:  55%|#####.....| 324/585 [00:05:23<00:04:20,  1.00it/s, loss=0.0249]
Epoch 67:  56%|#####.....| 329/585 [00:05:28<00:04:15,  1.00it/s, loss=0.0249]
Epoch 67:  57%|#####.....| 335/585 [00:05:34<00:04:09,  1.00it/s, loss=0.0249]
Epoch 67:  58%|#####.....| 340/585 [00:05:39<00:04:04,  1.00it/s, loss=0.0249]
Epoch 67:  59%|#####.....| 346/585 [00:05:44<00:03:58,  1.00it/s, loss=0.0249]
Epoch 67:  60%|######....| 351/585 [00:05:50<00:03:53,  1.00it/s, loss=0.0249]
Epoch 67:  61%|######....| 356/585 [00:05:56<00:03:49,  1.00it/s, loss=0.0250]
Epoch 67:  62%|######....| 361/585 [00:06:01<00:03:44,  1.00it/s, loss=0.0249]
Epoch 67:  63%|######....| 366/585 [00:06:07<00:03:40,  1.00it/s, loss=0.0249]
Epoch 67:  63%|######....| 371/585 [00:06:12<00:03:35,  1.00it/s, loss=0.0249]
Epoch 67:  64%|######....| 377/585 [00:06:18<00:03:28,  1.00it/s, loss=0.0249]
Epoch 67:  65%|######....| 383/585 [00:06:24<00:03:22,  1.00it/s, loss=0.0248]
Epoch 67:  66%|######....| 389/585 [00:06:30<00:03:16,  1.00it/s, loss=0.0249]
Epoch 67:  68%|######....| 395/585 [00:06:36<00:03:10,  1.00it/s, loss=0.0248]
Epoch 67:  69%|######....| 401/585 [00:06:42<00:03:04,  1.00it/s, loss=0.0249]
Epoch 67:  70%|######....| 407/585 [00:06:48<00:02:58,  1.00it/s, loss=0.0249]
Epoch 67:  71%|#######...| 413/585 [00:06:53<00:02:52,  1.00it/s, loss=0.0249]
Epoch 67:  72%|#######...| 419/585 [00:06:59<00:02:46,  1.00it/s, loss=0.0249]
Epoch 67:  72%|#######...| 424/585 [00:07:04<00:02:41,  1.00it/s, loss=0.0250]
Epoch 67:  74%|#######...| 430/585 [00:07:09<00:02:34,  1.00it/s, loss=0.0249]
Epoch 67:  75%|#######...| 436/585 [00:07:15<00:02:28,  1.00it/s, loss=0.0249]
Epoch 67:  76%|#######...| 442/585 [00:07:21<00:02:22,  1.00it/s, loss=0.0249]
Epoch 67:  76%|#######...| 447/585 [00:07:26<00:02:17,  1.00it/s, loss=0.0249]
Epoch 67:  77%|#######...| 452/585 [00:07:31<00:02:12,  1.00it/s, loss=0.0249]
Epoch 67:  78%|#######...| 456/585 [00:07:36<00:02:09,  1.00it/s, loss=0.0249]
Epoch 67:  79%|#######...| 461/585 [00:07:41<00:02:04,  1.00it/s, loss=0.0249]
Epoch 67:  80%|#######...| 467/585 [00:07:47<00:01:58,  1.00it/s, loss=0.0249]
Epoch 67:  81%|########..| 472/585 [00:07:52<00:01:53,  1.00it/s, loss=0.0249]
Epoch 67:  82%|########..| 478/585 [00:07:58<00:01:47,  1.00it/s, loss=0.0249]
Epoch 67:  82%|########..| 482/585 [00:08:03<00:01:43,  1.00it/s, loss=0.0249]
Epoch 67:  83%|########..| 488/585 [00:08:09<00:01:37,  1.00it/s, loss=0.0249]
Epoch 67:  84%|########..| 494/585 [00:08:15<00:01:31,  1.00it/s, loss=0.0249]
Epoch 67:  85%|########..| 499/585 [00:08:21<00:01:26,  1.00it/s, loss=0.0249]
Epoch 67:  86%|########..| 505/585 [00:08:27<00:01:20,  0.99it/s, loss=0.0249]
Epoch 67:  87%|########..| 510/585 [00:08:32<00:01:15,  0.99it/s, loss=0.0249]
Epoch 67:  88%|########..| 515/585 [00:08:39<00:01:10,  0.99it/s, loss=0.0249]
Epoch 67:  89%|########..| 520/585 [00:08:44<00:01:05,  0.99it/s, loss=0.0249]
Epoch 67:  90%|########..| 526/585 [00:08:50<00:00:59,  0.99it/s, loss=0.0249]
Epoch 67:  91%|#########.| 532/585 [00:08:55<00:00:53,  0.99it/s, loss=0.0249]
Epoch 67:  92%|#########.| 538/585 [00:09:01<00:00:47,  0.99it/s, loss=0.0249]
Epoch 67:  93%|#########.| 543/585 [00:09:06<00:00:42,  0.99it/s, loss=0.0250]
Epoch 67:  94%|#########.| 548/585 [00:09:11<00:00:37,  0.99it/s, loss=0.0250]
Epoch 67:  95%|#########.| 553/585 [00:09:17<00:00:32,  0.99it/s, loss=0.0250]
Epoch 67:  96%|#########.| 559/585 [00:09:22<00:00:26,  0.99it/s, loss=0.0250]
Epoch 67:  96%|#########.| 564/585 [00:09:28<00:00:21,  0.99it/s, loss=0.0250]
Epoch 67:  97%|#########.| 570/585 [00:09:33<00:00:15,  0.99it/s, loss=0.0250]
Epoch 67:  98%|#########.| 575/585 [00:09:39<00:00:10,  0.99it/s, loss=0.0250]
Epoch 67:  99%|#########.| 581/585 [00:09:45<00:00:04,  0.99it/s, loss=0.0250]
Epoch 67: 100%|##########| 585/585 [00:09:48<00:00:00,  0.99it/s, loss=0.0249]
Test loss: 0.0245, Test rmsae: 7.30deg
{"event": "epoch_complete", "epoch": 67, "phase": 2, "lr": 1e-05, "batch_size": 10, "micro_batch_size": 1, "train_loss": 0.02492720682142127, "val_loss": 0.024524052103515714, "val_rmsae_deg": 7.297557473182678, "epoch_time_s": 589.6807302540037}
Epoch 68/80:
Epoch 68:   1%|..........| 6/585 [00:00:05<00:08:52,  1.09it/s, loss=0.0273]
Epoch 68:   2%|..........| 12/585 [00:00:10<00:08:34,  1.11it/s, loss=0.0259]
Epoch 68:   3%|..........| 18/585 [00:00:16<00:08:43,  1.08it/s, loss=0.0269]
Epoch 68:   4%|..........| 23/585 [00:00:21<00:08:57,  1.05it/s, loss=0.0267]
Epoch 68:   5%|..........| 29/585 [00:00:27<00:08:45,  1.06it/s, loss=0.0267]
Epoch 68:   6%|..........| 35/585 [00:00:33<00:08:41,  1.06it/s, loss=0.0258]
Epoch 68:   7%|..........| 41/585 [00:00:39<00:08:38,  1.05it/s, loss=0.0255]
Epoch 68:   8%|..........| 46/585 [00:00:44<00:08:38,  1.04it/s, loss=0.0251]
Epoch 68:   9%|..........| 51/585 [00:00:49<00:08:43,  1.02it/s, loss=0.0251]
Epoch 68:  10%|..........| 57/585 [00:00:55<00:08:34,  1.03it/s, loss=0.0247]
Epoch 68:  11%|#.........| 63/585 [00:01:01<00:08:27,  1.03it/s, loss=0.0243]
Epoch 68:  12%|#.........| 68/585 [00:01:07<00:08:29,  1.01it/s, loss=0.0244]
Epoch 68:  13%|#.........| 74/585 [00:01:12<00:08:20,  1.02it/s, loss=0.0242]
Epoch 68:  14%|#.........| 80/585 [00:01:18<00:08:13,  1.02it/s, loss=0.0244]
Epoch 68:  15%|#.........| 86/585 [00:01:23<00:08:04,  1.03it/s, loss=0.0242]
Epoch 68:  16%|#.........| 92/585 [00:01:29<00:07:57,  1.03it/s, loss=0.0245]
Epoch 68:  17%|#.........| 97/585 [00:01:34<00:07:55,  1.03it/s, loss=0.0245]
Epoch 68:  17%|#.........| 102/585 [00:01:39<00:07:51,  1.02it/s, loss=0.0245]
Epoch 68:  18%|#.........| 108/585 [00:01:45<00:07:46,  1.02it/s, loss=0.0246]
Epoch 68:  19%|#.........| 114/585 [00:01:51<00:07:38,  1.03it/s, loss=0.0245]
Epoch 68:  20%|##........| 119/585 [00:01:56<00:07:34,  1.02it/s, loss=0.0245]
Epoch 68:  21%|##........| 124/585 [00:02:01<00:07:33,  1.02it/s, loss=0.0244]
Epoch 68:  22%|##........| 130/585 [00:02:07<00:07:26,  1.02it/s, loss=0.0245]
Epoch 68:  23%|##........| 136/585 [00:02:13<00:07:21,  1.02it/s, loss=0.0243]
Epoch 68:  24%|##........| 142/585 [00:02:18<00:07:13,  1.02it/s, loss=0.0242]
Epoch 68:  25%|##........| 148/585 [00:02:24<00:07:06,  1.02it/s, loss=0.0241]
Epoch 68:  26%|##........| 153/585 [00:02:30<00:07:04,  1.02it/s, loss=0.0242]
Epoch 68:  27%|##........| 159/585 [00:02:36<00:06:58,  1.02it/s, loss=0.0243]
Epoch 68:  28%|##........| 165/585 [00:02:41<00:06:52,  1.02it/s, loss=0.0244]
Epoch 68:  29%|##........| 171/585 [00:02:47<00:06:45,  1.02it/s, loss=0.0243]
Epoch 68:  30%|###.......| 177/585 [00:02:53<00:06:39,  1.02it/s, loss=0.0243]
Epoch 68:  31%|###.......| 182/585 [00:02:59<00:06:36,  1.02it/s, loss=0.0252]
Epoch 68:  32%|###.......| 188/585 [00:03:04<00:06:30,  1.02it/s, loss=0.0251]
Epoch 68:  33%|###.......| 194/585 [00:03:10<00:06:23,  1.02it/s, loss=0.0252]
Epoch 68:  34%|###.......| 200/585 [00:03:15<00:06:16,  1.02it/s, loss=0.0252]
Epoch 68:  35%|###.......| 206/585 [00:03:21<00:06:10,  1.02it/s, loss=0.0252]
Epoch 68:  36%|###.......| 212/585 [00:03:26<00:06:03,  1.03it/s, loss=0.0252]
Epoch 68:  37%|###.......| 218/585 [00:03:32<00:05:57,  1.03it/s, loss=0.0250]
Epoch 68:  38%|###.......| 223/585 [00:03:37<00:05:53,  1.03it/s, loss=0.0250]
Epoch 68:  39%|###.......| 229/585 [00:03:43<00:05:47,  1.02it/s, loss=0.0251]
Epoch 68:  40%|####......| 235/585 [00:03:49<00:05:41,  1.02it/s, loss=0.0250]
Epoch 68:  41%|####......| 241/585 [00:03:55<00:05:35,  1.03it/s, loss=0.0251]
Epoch 68:  42%|####......| 247/585 [00:04:00<00:05:29,  1.03it/s, loss=0.0251]
Epoch 68:  43%|####......| 252/585 [00:04:06<00:05:25,  1.02it/s, loss=0.0252]
Epoch 68:  44%|####......| 257/585 [00:04:11<00:05:20,  1.02it/s, loss=0.0252]
Epoch 68:  45%|####......| 262/585 [00:04:16<00:05:16,  1.02it/s, loss=0.0253]
Epoch 68:  46%|####......| 268/585 [00:04:21<00:05:09,  1.02it/s, loss=0.0252]
Epoch 68:  47%|####......| 273/585 [00:04:26<00:05:05,  1.02it/s, loss=0.0252]
Epoch 68:  48%|####......| 279/585 [00:04:32<00:04:59,  1.02it/s, loss=0.0252]
Epoch 68:  49%|####......| 285/585 [00:04:37<00:04:52,  1.03it/s, loss=0.0253]
Epoch 68:  50%|####......| 291/585 [00:04:43<00:04:46,  1.03it/s, loss=0.0252]
Epoch 68:  51%|#####.....| 297/585 [00:04:48<00:04:40,  1.03it/s, loss=0.0252]
Epoch 68:  52%|#####.....| 303/585 [00:04:54<00:04:33,  1.03it/s, loss=0.0252]
Epoch 68:  53%|#####.....| 308/585 [00:04:59<00:04:29,  1.03it/s, loss=0.0252]
Epoch 68:  54%|#####.....| 314/585 [00:05:04<00:04:23,  1.03it/s, loss=0.0252]
Epoch 68:  55%|#####.....| 319/585 [00:05:09<00:04:18,  1.03it/s, loss=0.0251]
Epoch 68:  55%|#####.....| 324/585 [00:05:15<00:04:13,  1.03it/s, loss=0.0251]
Epoch 68:  56%|#####.....| 330/585 [00:05:20<00:04:07,  1.03it/s, loss=0.0251]
Epoch 68:  57%|#####.....| 336/585 [00:05:26<00:04:01,  1.03it/s, loss=0.0251]
Epoch 68:  58%|#####.....| 341/585 [00:05:31<00:03:57,  1.03it/s, loss=0.0251]
Epoch 68:  59%|#####.....| 347/585 [00:05:36<00:03:51,  1.03it/s, loss=0.0251]
Epoch 68:  60%|######....| 352/585 [00:05:42<00:03:46,  1.03it/s, loss=0.0251]
Epoch 68:  61%|######....| 357/585 [00:05:47<00:03:42,  1.03it/s, loss=0.0252]
Epoch 68:  62%|######....| 362/585 [00:05:52<00:03:37,  1.03it/s, loss=0.0253]
Epoch 68:  63%|######....| 367/585 [00:05:57<00:03:32,  1.03it/s, loss=0.0252]
Epoch 68:  64%|######....| 373/585 [00:06:03<00:03:26,  1.03it/s, loss=0.0252]
Epoch 68:  65%|######....| 378/585 [00:06:09<00:03:22,  1.02it/s, loss=0.0251]
Epoch 68:  66%|######....| 384/585 [00:06:14<00:03:16,  1.02it/s, loss=0.0251]
Epoch 68:  66%|######....| 389/585 [00:06:19<00:03:11,  1.02it/s, loss=0.0251]
Epoch 68:  68%|######....| 395/585 [00:06:25<00:03:05,  1.02it/s, loss=0.0252]
Epoch 68:  68%|######....| 400/585 [00:06:30<00:03:00,  1.02it/s, loss=0.0253]
Epoch 68:  69%|######....| 406/585 [00:06:36<00:02:54,  1.02it/s, loss=0.0252]
Epoch 68:  70%|#######...| 411/585 [00:06:41<00:02:49,  1.02it/s, loss=0.0252]
Epoch 68:  71%|#######...| 416/585 [00:06:46<00:02:45,  1.02it/s, loss=0.0252]
Epoch 68:  72%|#######...| 421/585 [00:06:52<00:02:40,  1.02it/s, loss=0.0251]
Epoch 68:  73%|#######...| 426/585 [00:06:57<00:02:35,  1.02it/s, loss=0.0251]
Epoch 68:  74%|#######...| 432/585 [00:07:02<00:02:29,  1.02it/s, loss=0.0251]
Epoch 68:  75%|#######...| 438/585 [00:07:08<00:02:23,  1.02it/s, loss=0.0251]
Epoch 68:  76%|#######...| 443/585 [00:07:13<00:02:19,  1.02it/s, loss=0.0250]
Epoch 68:  77%|#######...| 449/585 [00:07:19<00:02:13,  1.02it/s, loss=0.0250]
Epoch 68:  78%|#######...| 455/585 [00:07:24<00:02:07,  1.02it/s, loss=0.0250]
Epoch 68:  79%|#######...| 461/585 [00:07:31<00:02:01,  1.02it/s, loss=0.0252]
Epoch 68:  79%|#######...| 465/585 [00:07:36<00:01:57,  1.02it/s, loss=0.0252]
Epoch 68:  81%|########..| 471/585 [00:07:41<00:01:51,  1.02it/s, loss=0.0252]
Epoch 68:  82%|########..| 477/585 [00:07:47<00:01:45,  1.02it/s, loss=0.0252]
Epoch 68:  83%|########..| 483/585 [00:07:53<00:01:39,  1.02it/s, loss=0.0252]
Epoch 68:  84%|########..| 489/585 [00:07:58<00:01:33,  1.02it/s, loss=0.0251]
Epoch 68:  84%|########..| 494/585 [00:08:04<00:01:29,  1.02it/s, loss=0.0251]
Epoch 68:  85%|########..| 500/585 [00:08:09<00:01:23,  1.02it/s, loss=0.0251]
Epoch 68:  86%|########..| 506/585 [00:08:15<00:01:17,  1.02it/s, loss=0.0251]
Epoch 68:  87%|########..| 511/585 [00:08:20<00:01:12,  1.02it/s, loss=0.0251]
Epoch 68:  88%|########..| 516/585 [00:08:26<00:01:07,  1.02it/s, loss=0.0252]
Epoch 68:  89%|########..| 522/585 [00:08:32<00:01:01,  1.02it/s, loss=0.0252]
Epoch 68:  90%|#########.| 528/585 [00:08:38<00:00:55,  1.02it/s, loss=0.0251]
Epoch 68:  91%|#########.| 533/585 [00:08:43<00:00:51,  1.02it/s, loss=0.0251]
Epoch 68:  92%|#########.| 538/585 [00:08:49<00:00:46,  1.02it/s, loss=0.0250]
Epoch 68:  93%|#########.| 543/585 [00:08:54<00:00:41,  1.02it/s, loss=0.0251]
Epoch 68:  94%|#########.| 549/585 [00:09:00<00:00:35,  1.02it/s, loss=0.0251]
Epoch 68:  95%|#########.| 554/585 [00:09:05<00:00:30,  1.02it/s, loss=0.0250]
Epoch 68:  96%|#########.| 559/585 [00:09:10<00:00:25,  1.02it/s, loss=0.0250]
Epoch 68:  96%|#########.| 564/585 [00:09:15<00:00:20,  1.02it/s, loss=0.0249]
Epoch 68:  97%|#########.| 570/585 [00:09:21<00:00:14,  1.02it/s, loss=0.0250]
Epoch 68:  98%|#########.| 576/585 [00:09:27<00:00:08,  1.02it/s, loss=0.0250]
Epoch 68:  99%|#########.| 581/585 [00:09:33<00:00:03,  1.01it/s, loss=0.0250]
Epoch 68: 100%|##########| 585/585 [00:09:36<00:00:00,  1.01it/s, loss=0.0249]
Test loss: 0.0245, Test rmsae: 7.18deg
{"event": "epoch_complete", "epoch": 68, "phase": 2, "lr": 1e-05, "batch_size": 10, "micro_batch_size": 1, "train_loss": 0.024931446400781473, "val_loss": 0.024465096241328865, "val_rmsae_deg": 7.1805625557899475, "epoch_time_s": 577.5468243319992}
{"event": "checkpoint_saved", "tag": "best_rmsae", "epoch": 68, "path": "IFAN_Edge/outputs/stage3/ifan_stage3_long80_freqblock_paper_original_20260426_155330/checkpoints/best_rmsae.pt", "val_rmsae_deg": 7.1805625557899475}
Epoch 69/80:
Epoch 69:   1%|..........| 6/585 [00:00:05<00:08:21,  1.15it/s, loss=0.0202]
Epoch 69:   2%|..........| 11/585 [00:00:10<00:09:02,  1.06it/s, loss=0.0222]
Epoch 69:   3%|..........| 17/585 [00:00:16<00:08:57,  1.06it/s, loss=0.0255]
Epoch 69:   4%|..........| 23/585 [00:00:21<00:08:46,  1.07it/s, loss=0.0252]
Epoch 69:   5%|..........| 28/585 [00:00:26<00:08:49,  1.05it/s, loss=0.0250]
Epoch 69:   6%|..........| 34/585 [00:00:32<00:08:39,  1.06it/s, loss=0.0252]
Epoch 69:   7%|..........| 40/585 [00:00:37<00:08:29,  1.07it/s, loss=0.0247]
Epoch 69:   8%|..........| 46/585 [00:00:43<00:08:26,  1.06it/s, loss=0.0249]
Epoch 69:   9%|..........| 52/585 [00:00:48<00:08:20,  1.06it/s, loss=0.0253]
Epoch 69:  10%|..........| 58/585 [00:00:54<00:08:16,  1.06it/s, loss=0.0252]
Epoch 69:  11%|#.........| 64/585 [00:01:01<00:08:21,  1.04it/s, loss=0.0248]
Epoch 69:  12%|#.........| 69/585 [00:01:06<00:08:19,  1.03it/s, loss=0.0246]
Epoch 69:  13%|#.........| 75/585 [00:01:12<00:08:09,  1.04it/s, loss=0.0244]
Epoch 69:  14%|#.........| 81/585 [00:01:17<00:08:04,  1.04it/s, loss=0.0241]
Epoch 69:  15%|#.........| 87/585 [00:01:23<00:07:56,  1.05it/s, loss=0.0243]
Epoch 69:  16%|#.........| 93/585 [00:01:28<00:07:47,  1.05it/s, loss=0.0242]
Epoch 69:  17%|#.........| 99/585 [00:01:34<00:07:41,  1.05it/s, loss=0.0242]
Epoch 69:  18%|#.........| 104/585 [00:01:39<00:07:39,  1.05it/s, loss=0.0249]
Epoch 69:  19%|#.........| 109/585 [00:01:44<00:07:36,  1.04it/s, loss=0.0247]
Epoch 69:  20%|#.........| 115/585 [00:01:49<00:07:29,  1.05it/s, loss=0.0247]
Epoch 69:  21%|##........| 121/585 [00:01:56<00:07:25,  1.04it/s, loss=0.0246]
Epoch 69:  22%|##........| 127/585 [00:02:01<00:07:18,  1.04it/s, loss=0.0245]
Epoch 69:  23%|##........| 133/585 [00:02:07<00:07:13,  1.04it/s, loss=0.0244]
Epoch 69:  24%|##........| 139/585 [00:02:13<00:07:08,  1.04it/s, loss=0.0245]
Epoch 69:  25%|##........| 144/585 [00:02:18<00:07:04,  1.04it/s, loss=0.0245]
Epoch 69:  25%|##........| 149/585 [00:02:24<00:07:01,  1.03it/s, loss=0.0244]
Epoch 69:  26%|##........| 155/585 [00:02:29<00:06:54,  1.04it/s, loss=0.0246]
Epoch 69:  27%|##........| 159/585 [00:02:35<00:06:56,  1.02it/s, loss=0.0246]
Epoch 69:  28%|##........| 164/585 [00:02:40<00:06:52,  1.02it/s, loss=0.0246]
Epoch 69:  29%|##........| 170/585 [00:02:47<00:06:48,  1.02it/s, loss=0.0245]
Epoch 69:  30%|###.......| 176/585 [00:02:52<00:06:42,  1.02it/s, loss=0.0245]
Epoch 69:  31%|###.......| 182/585 [00:02:58<00:06:34,  1.02it/s, loss=0.0243]
Epoch 69:  32%|###.......| 188/585 [00:03:04<00:06:29,  1.02it/s, loss=0.0243]
Epoch 69:  33%|###.......| 193/585 [00:03:09<00:06:24,  1.02it/s, loss=0.0243]
Epoch 69:  34%|###.......| 199/585 [00:03:14<00:06:17,  1.02it/s, loss=0.0242]
Epoch 69:  35%|###.......| 205/585 [00:03:19<00:06:10,  1.03it/s, loss=0.0242]
Epoch 69:  36%|###.......| 210/585 [00:03:24<00:06:05,  1.03it/s, loss=0.0242]
Epoch 69:  37%|###.......| 215/585 [00:03:29<00:06:01,  1.02it/s, loss=0.0242]
Epoch 69:  37%|###.......| 219/585 [00:03:35<00:05:59,  1.02it/s, loss=0.0244]
Epoch 69:  38%|###.......| 225/585 [00:03:40<00:05:52,  1.02it/s, loss=0.0245]
Epoch 69:  39%|###.......| 229/585 [00:03:46<00:05:51,  1.01it/s, loss=0.0248]
Epoch 69:  40%|####......| 235/585 [00:03:51<00:05:45,  1.01it/s, loss=0.0248]
Epoch 69:  41%|####......| 241/585 [00:03:57<00:05:39,  1.01it/s, loss=0.0248]
Epoch 69:  42%|####......| 247/585 [00:04:03<00:05:32,  1.02it/s, loss=0.0248]
Epoch 69:  43%|####......| 253/585 [00:04:08<00:05:26,  1.02it/s, loss=0.0248]
Epoch 69:  44%|####......| 258/585 [00:04:13<00:05:21,  1.02it/s, loss=0.0248]
Epoch 69:  45%|####......| 264/585 [00:04:19<00:05:15,  1.02it/s, loss=0.0247]
Epoch 69:  46%|####......| 270/585 [00:04:25<00:05:09,  1.02it/s, loss=0.0248]
Epoch 69:  47%|####......| 276/585 [00:04:30<00:05:02,  1.02it/s, loss=0.0247]
Epoch 69:  48%|####......| 281/585 [00:04:35<00:04:58,  1.02it/s, loss=0.0247]
Epoch 69:  49%|####......| 286/585 [00:04:41<00:04:53,  1.02it/s, loss=0.0247]
Epoch 69:  50%|####......| 291/585 [00:04:46<00:04:49,  1.02it/s, loss=0.0247]
Epoch 69:  51%|#####.....| 296/585 [00:04:51<00:04:44,  1.01it/s, loss=0.0246]
Epoch 69:  51%|#####.....| 301/585 [00:04:56<00:04:39,  1.01it/s, loss=0.0246]
Epoch 69:  52%|#####.....| 307/585 [00:05:01<00:04:33,  1.02it/s, loss=0.0246]
Epoch 69:  54%|#####.....| 313/585 [00:05:07<00:04:27,  1.02it/s, loss=0.0245]
Epoch 69:  54%|#####.....| 318/585 [00:05:12<00:04:22,  1.02it/s, loss=0.0246]
Epoch 69:  55%|#####.....| 324/585 [00:05:17<00:04:16,  1.02it/s, loss=0.0246]
Epoch 69:  56%|#####.....| 330/585 [00:05:23<00:04:09,  1.02it/s, loss=0.0246]
Epoch 69:  57%|#####.....| 336/585 [00:05:29<00:04:04,  1.02it/s, loss=0.0245]
Epoch 69:  58%|#####.....| 342/585 [00:05:34<00:03:57,  1.02it/s, loss=0.0244]
Epoch 69:  59%|#####.....| 348/585 [00:05:40<00:03:51,  1.02it/s, loss=0.0244]
Epoch 69:  61%|######....| 354/585 [00:05:45<00:03:45,  1.02it/s, loss=0.0243]
Epoch 69:  61%|######....| 357/585 [00:05:50<00:03:43,  1.02it/s, loss=0.0246]
Epoch 69:  62%|######....| 363/585 [00:05:57<00:03:38,  1.01it/s, loss=0.0246]
Epoch 69:  63%|######....| 369/585 [00:06:03<00:03:32,  1.02it/s, loss=0.0246]
Epoch 69:  64%|######....| 375/585 [00:06:09<00:03:26,  1.02it/s, loss=0.0246]
Epoch 69:  65%|######....| 381/585 [00:06:14<00:03:20,  1.02it/s, loss=0.0246]
Epoch 69:  66%|######....| 387/585 [00:06:19<00:03:14,  1.02it/s, loss=0.0246]
Epoch 69:  67%|######....| 393/585 [00:06:25<00:03:08,  1.02it/s, loss=0.0246]
Epoch 69:  68%|######....| 399/585 [00:06:30<00:03:02,  1.02it/s, loss=0.0245]
Epoch 69:  69%|######....| 405/585 [00:06:35<00:02:55,  1.02it/s, loss=0.0245]
Epoch 69:  70%|#######...| 410/585 [00:06:42<00:02:51,  1.02it/s, loss=0.0246]
Epoch 69:  71%|#######...| 416/585 [00:06:47<00:02:45,  1.02it/s, loss=0.0246]
Epoch 69:  72%|#######...| 422/585 [00:06:53<00:02:39,  1.02it/s, loss=0.0246]
Epoch 69:  73%|#######...| 426/585 [00:06:58<00:02:36,  1.02it/s, loss=0.0247]
Epoch 69:  74%|#######...| 431/585 [00:07:03<00:02:31,  1.02it/s, loss=0.0247]
Epoch 69:  75%|#######...| 436/585 [00:07:09<00:02:26,  1.02it/s, loss=0.0247]
Epoch 69:  75%|#######...| 441/585 [00:07:14<00:02:21,  1.02it/s, loss=0.0248]
Epoch 69:  76%|#######...| 446/585 [00:07:19<00:02:16,  1.01it/s, loss=0.0248]
Epoch 69:  77%|#######...| 452/585 [00:07:25<00:02:11,  1.01it/s, loss=0.0247]
Epoch 69:  78%|#######...| 458/585 [00:07:30<00:02:04,  1.02it/s, loss=0.0247]
Epoch 69:  79%|#######...| 463/585 [00:07:36<00:02:00,  1.01it/s, loss=0.0247]
Epoch 69:  80%|########..| 469/585 [00:07:42<00:01:54,  1.01it/s, loss=0.0247]
Epoch 69:  81%|########..| 474/585 [00:07:47<00:01:49,  1.01it/s, loss=0.0247]
Epoch 69:  82%|########..| 480/585 [00:07:54<00:01:43,  1.01it/s, loss=0.0247]
Epoch 69:  83%|########..| 486/585 [00:07:59<00:01:37,  1.01it/s, loss=0.0247]
Epoch 69:  84%|########..| 492/585 [00:08:05<00:01:31,  1.01it/s, loss=0.0247]
Epoch 69:  85%|########..| 498/585 [00:08:11<00:01:25,  1.01it/s, loss=0.0247]
Epoch 69:  86%|########..| 504/585 [00:08:16<00:01:19,  1.02it/s, loss=0.0247]
Epoch 69:  87%|########..| 510/585 [00:08:22<00:01:13,  1.02it/s, loss=0.0247]
Epoch 69:  88%|########..| 515/585 [00:08:27<00:01:08,  1.02it/s, loss=0.0247]
Epoch 69:  89%|########..| 520/585 [00:08:32<00:01:04,  1.01it/s, loss=0.0247]
Epoch 69:  90%|########..| 526/585 [00:08:38<00:00:58,  1.01it/s, loss=0.0246]
Epoch 69:  91%|#########.| 531/585 [00:08:43<00:00:53,  1.01it/s, loss=0.0246]
Epoch 69:  92%|#########.| 536/585 [00:08:48<00:00:48,  1.01it/s, loss=0.0246]
Epoch 69:  92%|#########.| 541/585 [00:08:54<00:00:43,  1.01it/s, loss=0.0246]
Epoch 69:  93%|#########.| 546/585 [00:08:59<00:00:38,  1.01it/s, loss=0.0247]
Epoch 69:  94%|#########.| 551/585 [00:09:04<00:00:33,  1.01it/s, loss=0.0247]
Epoch 69:  95%|#########.| 556/585 [00:09:10<00:00:28,  1.01it/s, loss=0.0247]
Epoch 69:  96%|#########.| 562/585 [00:09:16<00:00:22,  1.01it/s, loss=0.0247]
Epoch 69:  97%|#########.| 568/585 [00:09:22<00:00:16,  1.01it/s, loss=0.0247]
Epoch 69:  98%|#########.| 574/585 [00:09:28<00:00:10,  1.01it/s, loss=0.0247]
Epoch 69:  99%|#########.| 580/585 [00:09:33<00:00:04,  1.01it/s, loss=0.0247]
Epoch 69: 100%|##########| 585/585 [00:09:38<00:00:00,  1.01it/s, loss=0.0247]
Test loss: 0.0245, Test rmsae: 7.34deg
{"event": "epoch_complete", "epoch": 69, "phase": 2, "lr": 1e-05, "batch_size": 10, "micro_batch_size": 1, "train_loss": 0.024691018572029395, "val_loss": 0.024546117696445435, "val_rmsae_deg": 7.338023453950882, "epoch_time_s": 579.5366415519966}
Epoch 70/80:
Epoch 70:   1%|..........| 5/585 [00:00:05<00:09:44,  0.99it/s, loss=0.0225]
Epoch 70:   2%|..........| 10/585 [00:00:10<00:09:42,  0.99it/s, loss=0.0220]
Epoch 70:   3%|..........| 16/585 [00:00:15<00:09:16,  1.02it/s, loss=0.0218]
Epoch 70:   4%|..........| 22/585 [00:00:21<00:09:06,  1.03it/s, loss=0.0221]
Epoch 70:   5%|..........| 28/585 [00:00:26<00:08:51,  1.05it/s, loss=0.0225]
Epoch 70:   6%|..........| 34/585 [00:00:33<00:08:55,  1.03it/s, loss=0.0224]
Epoch 70:   7%|..........| 39/585 [00:00:38<00:08:58,  1.01it/s, loss=0.0229]
Epoch 70:   8%|..........| 45/585 [00:00:43<00:08:47,  1.02it/s, loss=0.0232]
Epoch 70:   9%|..........| 50/585 [00:00:49<00:08:50,  1.01it/s, loss=0.0230]
Epoch 70:   9%|..........| 55/585 [00:00:55<00:08:52,  0.99it/s, loss=0.0230]
Epoch 70:  10%|#.........| 60/585 [00:01:00<00:08:48,  0.99it/s, loss=0.0230]
Epoch 70:  11%|#.........| 66/585 [00:01:05<00:08:38,  1.00it/s, loss=0.0231]
Epoch 70:  12%|#.........| 71/585 [00:01:11<00:08:36,  0.99it/s, loss=0.0238]
Epoch 70:  13%|#.........| 77/585 [00:01:16<00:08:26,  1.00it/s, loss=0.0243]
Epoch 70:  14%|#.........| 83/585 [00:01:22<00:08:18,  1.01it/s, loss=0.0241]
Epoch 70:  15%|#.........| 88/585 [00:01:28<00:08:17,  1.00it/s, loss=0.0244]
Epoch 70:  16%|#.........| 93/585 [00:01:33<00:08:14,  1.00it/s, loss=0.0244]
Epoch 70:  17%|#.........| 98/585 [00:01:38<00:08:11,  0.99it/s, loss=0.0242]
Epoch 70:  18%|#.........| 103/585 [00:01:44<00:08:07,  0.99it/s, loss=0.0243]
Epoch 70:  18%|#.........| 108/585 [00:01:49<00:08:04,  0.98it/s, loss=0.0244]
Epoch 70:  19%|#.........| 113/585 [00:01:55<00:08:00,  0.98it/s, loss=0.0244]
Epoch 70:  20%|##........| 119/585 [00:02:01<00:07:55,  0.98it/s, loss=0.0246]
Epoch 70:  21%|##........| 125/585 [00:02:06<00:07:46,  0.99it/s, loss=0.0246]
Epoch 70:  22%|##........| 131/585 [00:02:12<00:07:38,  0.99it/s, loss=0.0245]
Epoch 70:  23%|##........| 137/585 [00:02:18<00:07:32,  0.99it/s, loss=0.0245]
Epoch 70:  24%|##........| 143/585 [00:02:23<00:07:23,  1.00it/s, loss=0.0245]
Epoch 70:  25%|##........| 149/585 [00:02:29<00:07:16,  1.00it/s, loss=0.0244]
Epoch 70:  26%|##........| 155/585 [00:02:34<00:07:09,  1.00it/s, loss=0.0244]
Epoch 70:  27%|##........| 160/585 [00:02:40<00:07:05,  1.00it/s, loss=0.0245]
Epoch 70:  28%|##........| 165/585 [00:02:45<00:07:00,  1.00it/s, loss=0.0245]
Epoch 70:  29%|##........| 170/585 [00:02:50<00:06:55,  1.00it/s, loss=0.0246]
Epoch 70:  30%|###.......| 176/585 [00:02:55<00:06:48,  1.00it/s, loss=0.0245]
Epoch 70:  31%|###.......| 182/585 [00:03:01<00:06:41,  1.00it/s, loss=0.0245]
Epoch 70:  32%|###.......| 188/585 [00:03:06<00:06:34,  1.01it/s, loss=0.0245]
Epoch 70:  33%|###.......| 193/585 [00:03:12<00:06:30,  1.00it/s, loss=0.0247]
Epoch 70:  34%|###.......| 199/585 [00:03:17<00:06:23,  1.01it/s, loss=0.0246]
Epoch 70:  35%|###.......| 205/585 [00:03:23<00:06:16,  1.01it/s, loss=0.0247]
Epoch 70:  36%|###.......| 210/585 [00:03:28<00:06:11,  1.01it/s, loss=0.0247]
Epoch 70:  37%|###.......| 216/585 [00:03:33<00:06:05,  1.01it/s, loss=0.0247]
Epoch 70:  38%|###.......| 222/585 [00:03:39<00:05:59,  1.01it/s, loss=0.0246]
Epoch 70:  39%|###.......| 227/585 [00:03:45<00:05:55,  1.01it/s, loss=0.0247]
Epoch 70:  40%|###.......| 232/585 [00:03:50<00:05:50,  1.01it/s, loss=0.0249]
Epoch 70:  41%|####......| 238/585 [00:03:55<00:05:44,  1.01it/s, loss=0.0248]
Epoch 70:  42%|####......| 243/585 [00:04:01<00:05:39,  1.01it/s, loss=0.0248]
Epoch 70:  43%|####......| 249/585 [00:04:06<00:05:32,  1.01it/s, loss=0.0247]
Epoch 70:  43%|####......| 254/585 [00:04:11<00:05:28,  1.01it/s, loss=0.0247]
Epoch 70:  44%|####......| 260/585 [00:04:17<00:05:21,  1.01it/s, loss=0.0247]
Epoch 70:  45%|####......| 265/585 [00:04:22<00:05:17,  1.01it/s, loss=0.0247]
Epoch 70:  46%|####......| 271/585 [00:04:28<00:05:10,  1.01it/s, loss=0.0247]
Epoch 70:  47%|####......| 277/585 [00:04:33<00:05:04,  1.01it/s, loss=0.0246]
Epoch 70:  48%|####......| 283/585 [00:04:39<00:04:58,  1.01it/s, loss=0.0245]
Epoch 70:  49%|####......| 289/585 [00:04:45<00:04:51,  1.01it/s, loss=0.0246]
Epoch 70:  50%|#####.....| 295/585 [00:04:50<00:04:45,  1.02it/s, loss=0.0245]
Epoch 70:  51%|#####.....| 300/585 [00:04:55<00:04:40,  1.01it/s, loss=0.0245]
Epoch 70:  52%|#####.....| 305/585 [00:05:00<00:04:36,  1.01it/s, loss=0.0245]
Epoch 70:  53%|#####.....| 310/585 [00:05:06<00:04:31,  1.01it/s, loss=0.0245]
Epoch 70:  54%|#####.....| 315/585 [00:05:12<00:04:27,  1.01it/s, loss=0.0246]
Epoch 70:  55%|#####.....| 321/585 [00:05:17<00:04:21,  1.01it/s, loss=0.0246]
Epoch 70:  56%|#####.....| 327/585 [00:05:23<00:04:14,  1.01it/s, loss=0.0246]
Epoch 70:  57%|#####.....| 333/585 [00:05:28<00:04:08,  1.01it/s, loss=0.0245]
Epoch 70:  58%|#####.....| 339/585 [00:05:34<00:04:02,  1.01it/s, loss=0.0245]
Epoch 70:  59%|#####.....| 345/585 [00:05:40<00:03:56,  1.01it/s, loss=0.0245]
Epoch 70:  60%|######....| 351/585 [00:05:46<00:03:50,  1.01it/s, loss=0.0245]
Epoch 70:  61%|######....| 357/585 [00:05:52<00:03:45,  1.01it/s, loss=0.0247]
Epoch 70:  62%|######....| 362/585 [00:05:57<00:03:40,  1.01it/s, loss=0.0247]
Epoch 70:  63%|######....| 368/585 [00:06:03<00:03:34,  1.01it/s, loss=0.0246]
Epoch 70:  64%|######....| 373/585 [00:06:08<00:03:29,  1.01it/s, loss=0.0246]
Epoch 70:  65%|######....| 379/585 [00:06:13<00:03:23,  1.01it/s, loss=0.0247]
Epoch 70:  66%|######....| 385/585 [00:06:19<00:03:16,  1.02it/s, loss=0.0246]
Epoch 70:  67%|######....| 391/585 [00:06:25<00:03:11,  1.02it/s, loss=0.0246]
Epoch 70:  68%|######....| 397/585 [00:06:30<00:03:04,  1.02it/s, loss=0.0246]
Epoch 70:  69%|######....| 402/585 [00:06:35<00:03:00,  1.02it/s, loss=0.0246]
Epoch 70:  70%|######....| 408/585 [00:06:41<00:02:54,  1.02it/s, loss=0.0246]
Epoch 70:  71%|#######...| 414/585 [00:06:46<00:02:48,  1.02it/s, loss=0.0246]
Epoch 70:  72%|#######...| 420/585 [00:06:52<00:02:42,  1.02it/s, loss=0.0246]
Epoch 70:  73%|#######...| 426/585 [00:06:57<00:02:36,  1.02it/s, loss=0.0245]
Epoch 70:  74%|#######...| 432/585 [00:07:03<00:02:30,  1.02it/s, loss=0.0245]
Epoch 70:  75%|#######...| 438/585 [00:07:09<00:02:24,  1.02it/s, loss=0.0245]
Epoch 70:  76%|#######...| 444/585 [00:07:14<00:02:18,  1.02it/s, loss=0.0245]
Epoch 70:  77%|#######...| 449/585 [00:07:19<00:02:13,  1.02it/s, loss=0.0245]
Epoch 70:  78%|#######...| 455/585 [00:07:25<00:02:07,  1.02it/s, loss=0.0244]
Epoch 70:  79%|#######...| 460/585 [00:07:30<00:02:02,  1.02it/s, loss=0.0244]
Epoch 70:  80%|#######...| 467/585 [00:07:36<00:01:55,  1.02it/s, loss=0.0244]
Epoch 70:  81%|########..| 473/585 [00:07:41<00:01:49,  1.02it/s, loss=0.0244]
Epoch 70:  82%|########..| 479/585 [00:07:47<00:01:43,  1.02it/s, loss=0.0245]
Epoch 70:  83%|########..| 485/585 [00:07:53<00:01:37,  1.03it/s, loss=0.0245]
Epoch 70:  84%|########..| 490/585 [00:07:58<00:01:32,  1.02it/s, loss=0.0244]
Epoch 70:  85%|########..| 496/585 [00:08:03<00:01:26,  1.03it/s, loss=0.0244]
Epoch 70:  86%|########..| 502/585 [00:08:09<00:01:20,  1.03it/s, loss=0.0244]
Epoch 70:  87%|########..| 508/585 [00:08:14<00:01:14,  1.03it/s, loss=0.0244]
Epoch 70:  88%|########..| 513/585 [00:08:19<00:01:10,  1.03it/s, loss=0.0244]
Epoch 70:  89%|########..| 518/585 [00:08:25<00:01:05,  1.02it/s, loss=0.0245]
Epoch 70:  90%|########..| 524/585 [00:08:30<00:00:59,  1.03it/s, loss=0.0244]
Epoch 70:  91%|#########.| 530/585 [00:08:36<00:00:53,  1.03it/s, loss=0.0244]
Epoch 70:  91%|#########.| 535/585 [00:08:41<00:00:48,  1.03it/s, loss=0.0244]
Epoch 70:  92%|#########.| 541/585 [00:08:47<00:00:42,  1.03it/s, loss=0.0244]
Epoch 70:  93%|#########.| 546/585 [00:08:52<00:00:38,  1.02it/s, loss=0.0244]
Epoch 70:  94%|#########.| 551/585 [00:08:58<00:00:33,  1.02it/s, loss=0.0244]
Epoch 70:  95%|#########.| 555/585 [00:09:03<00:00:29,  1.02it/s, loss=0.0245]
Epoch 70:  96%|#########.| 561/585 [00:09:09<00:00:23,  1.02it/s, loss=0.0245]
Epoch 70:  97%|#########.| 567/585 [00:09:15<00:00:17,  1.02it/s, loss=0.0245]
Epoch 70:  98%|#########.| 573/585 [00:09:20<00:00:11,  1.02it/s, loss=0.0245]
Epoch 70:  99%|#########.| 579/585 [00:09:26<00:00:05,  1.02it/s, loss=0.0245]
Epoch 70: 100%|#########.| 584/585 [00:09:31<00:00:00,  1.02it/s, loss=0.0245]
Epoch 70: 100%|##########| 585/585 [00:09:32<00:00:00,  1.02it/s, loss=0.0245]
Test loss: 0.0246, Test rmsae: 7.43deg
{"event": "epoch_complete", "epoch": 70, "phase": 2, "lr": 1e-05, "batch_size": 10, "micro_batch_size": 1, "train_loss": 0.024453794319405513, "val_loss": 0.02458705531898886, "val_rmsae_deg": 7.430848136544228, "epoch_time_s": 573.668008683002}
{"event": "checkpoint_saved", "tag": "epoch_070", "epoch": 70, "path": "IFAN_Edge/outputs/stage3/ifan_stage3_long80_freqblock_paper_original_20260426_155330/checkpoints/epoch_070.pt"}
Epoch 71/80:
Epoch 71:   1%|..........| 6/585 [00:00:05<00:09:23,  1.03it/s, loss=0.0257]
Epoch 71:   2%|..........| 11/585 [00:00:11<00:09:36,  1.00it/s, loss=0.0265]
Epoch 71:   3%|..........| 16/585 [00:00:16<00:09:40,  0.98it/s, loss=0.0255]
Epoch 71:   4%|..........| 21/585 [00:00:21<00:09:44,  0.96it/s, loss=0.0259]
Epoch 71:   5%|..........| 27/585 [00:00:27<00:09:24,  0.99it/s, loss=0.0243]
Epoch 71:   6%|..........| 33/585 [00:00:33<00:09:16,  0.99it/s, loss=0.0254]
Epoch 71:   7%|..........| 39/585 [00:00:38<00:08:56,  1.02it/s, loss=0.0249]
Epoch 71:   8%|..........| 44/585 [00:00:43<00:08:58,  1.00it/s, loss=0.0258]
Epoch 71:   9%|..........| 50/585 [00:00:49<00:08:49,  1.01it/s, loss=0.0255]
Epoch 71:  10%|..........| 56/585 [00:00:55<00:08:40,  1.02it/s, loss=0.0252]
Epoch 71:  11%|#.........| 62/585 [00:01:00<00:08:32,  1.02it/s, loss=0.0248]
Epoch 71:  11%|#.........| 67/585 [00:01:05<00:08:28,  1.02it/s, loss=0.0247]
Epoch 71:  12%|#.........| 72/585 [00:01:11<00:08:25,  1.01it/s, loss=0.0257]
Epoch 71:  13%|#.........| 77/585 [00:01:16<00:08:23,  1.01it/s, loss=0.0257]
Epoch 71:  14%|#.........| 82/585 [00:01:22<00:08:24,  1.00it/s, loss=0.0259]
Epoch 71:  15%|#.........| 88/585 [00:01:27<00:08:13,  1.01it/s, loss=0.0258]
Epoch 71:  16%|#.........| 92/585 [00:01:32<00:08:17,  0.99it/s, loss=0.0259]
Epoch 71:  17%|#.........| 98/585 [00:01:38<00:08:09,  0.99it/s, loss=0.0257]
Epoch 71:  18%|#.........| 104/585 [00:01:44<00:08:03,  0.99it/s, loss=0.0257]
Epoch 71:  19%|#.........| 110/585 [00:01:50<00:07:56,  1.00it/s, loss=0.0257]
Epoch 71:  20%|#.........| 116/585 [00:01:56<00:07:50,  1.00it/s, loss=0.0257]
Epoch 71:  21%|##........| 122/585 [00:02:01<00:07:42,  1.00it/s, loss=0.0254]
Epoch 71:  22%|##........| 128/585 [00:02:07<00:07:34,  1.01it/s, loss=0.0254]
Epoch 71:  23%|##........| 134/585 [00:02:12<00:07:26,  1.01it/s, loss=0.0251]
Epoch 71:  24%|##........| 140/585 [00:02:18<00:07:21,  1.01it/s, loss=0.0252]
Epoch 71:  25%|##........| 145/585 [00:02:23<00:07:16,  1.01it/s, loss=0.0252]
Epoch 71:  26%|##........| 151/585 [00:02:29<00:07:10,  1.01it/s, loss=0.0251]
Epoch 71:  27%|##........| 157/585 [00:02:35<00:07:04,  1.01it/s, loss=0.0251]
Epoch 71:  28%|##........| 163/585 [00:02:41<00:06:57,  1.01it/s, loss=0.0251]
Epoch 71:  29%|##........| 169/585 [00:02:46<00:06:50,  1.01it/s, loss=0.0251]
Epoch 71:  30%|##........| 175/585 [00:02:52<00:06:43,  1.02it/s, loss=0.0250]
Epoch 71:  31%|###.......| 181/585 [00:02:57<00:06:37,  1.02it/s, loss=0.0250]
Epoch 71:  32%|###.......| 187/585 [00:03:03<00:06:30,  1.02it/s, loss=0.0249]
Epoch 71:  33%|###.......| 193/585 [00:03:09<00:06:23,  1.02it/s, loss=0.0248]
Epoch 71:  34%|###.......| 198/585 [00:03:14<00:06:20,  1.02it/s, loss=0.0251]
Epoch 71:  35%|###.......| 204/585 [00:03:20<00:06:14,  1.02it/s, loss=0.0251]
Epoch 71:  36%|###.......| 209/585 [00:03:25<00:06:10,  1.01it/s, loss=0.0250]
Epoch 71:  37%|###.......| 214/585 [00:03:31<00:06:07,  1.01it/s, loss=0.0252]
Epoch 71:  38%|###.......| 220/585 [00:03:37<00:06:00,  1.01it/s, loss=0.0252]
Epoch 71:  39%|###.......| 226/585 [00:03:42<00:05:53,  1.01it/s, loss=0.0252]
Epoch 71:  39%|###.......| 231/585 [00:03:48<00:05:49,  1.01it/s, loss=0.0252]
Epoch 71:  40%|####......| 236/585 [00:03:54<00:05:46,  1.01it/s, loss=0.0251]
Epoch 71:  41%|####......| 242/585 [00:03:59<00:05:39,  1.01it/s, loss=0.0252]
Epoch 71:  42%|####......| 247/585 [00:04:04<00:05:34,  1.01it/s, loss=0.0252]
Epoch 71:  43%|####......| 253/585 [00:04:10<00:05:28,  1.01it/s, loss=0.0251]
Epoch 71:  44%|####......| 259/585 [00:04:16<00:05:22,  1.01it/s, loss=0.0251]
Epoch 71:  45%|####......| 264/585 [00:04:21<00:05:18,  1.01it/s, loss=0.0251]
Epoch 71:  46%|####......| 270/585 [00:04:27<00:05:11,  1.01it/s, loss=0.0251]
Epoch 71:  47%|####......| 275/585 [00:04:32<00:05:07,  1.01it/s, loss=0.0251]
Epoch 71:  48%|####......| 280/585 [00:04:37<00:05:02,  1.01it/s, loss=0.0251]
Epoch 71:  49%|####......| 286/585 [00:04:43<00:04:56,  1.01it/s, loss=0.0251]
Epoch 71:  50%|####......| 292/585 [00:04:49<00:04:50,  1.01it/s, loss=0.0251]
Epoch 71:  51%|#####.....| 298/585 [00:04:54<00:04:43,  1.01it/s, loss=0.0250]
Epoch 71:  52%|#####.....| 304/585 [00:04:59<00:04:37,  1.01it/s, loss=0.0249]
Epoch 71:  53%|#####.....| 310/585 [00:05:05<00:04:30,  1.02it/s, loss=0.0249]
Epoch 71:  54%|#####.....| 316/585 [00:05:10<00:04:24,  1.02it/s, loss=0.0249]
Epoch 71:  55%|#####.....| 322/585 [00:05:16<00:04:18,  1.02it/s, loss=0.0249]
Epoch 71:  56%|#####.....| 328/585 [00:05:21<00:04:12,  1.02it/s, loss=0.0248]
Epoch 71:  57%|#####.....| 334/585 [00:05:27<00:04:06,  1.02it/s, loss=0.0248]
Epoch 71:  58%|#####.....| 340/585 [00:05:32<00:03:59,  1.02it/s, loss=0.0249]
Epoch 71:  59%|#####.....| 345/585 [00:05:38<00:03:55,  1.02it/s, loss=0.0249]
Epoch 71:  60%|#####.....| 350/585 [00:05:43<00:03:50,  1.02it/s, loss=0.0249]
Epoch 71:  61%|######....| 355/585 [00:05:48<00:03:46,  1.02it/s, loss=0.0249]
Epoch 71:  62%|######....| 361/585 [00:05:54<00:03:40,  1.02it/s, loss=0.0248]
Epoch 71:  63%|######....| 367/585 [00:06:00<00:03:34,  1.02it/s, loss=0.0248]
Epoch 71:  64%|######....| 373/585 [00:06:05<00:03:27,  1.02it/s, loss=0.0248]
Epoch 71:  65%|######....| 379/585 [00:06:11<00:03:21,  1.02it/s, loss=0.0248]
Epoch 71:  66%|######....| 385/585 [00:06:16<00:03:15,  1.02it/s, loss=0.0248]
Epoch 71:  67%|######....| 391/585 [00:06:22<00:03:09,  1.02it/s, loss=0.0248]
Epoch 71:  68%|######....| 397/585 [00:06:27<00:03:03,  1.02it/s, loss=0.0248]
Epoch 71:  69%|######....| 402/585 [00:06:34<00:02:59,  1.02it/s, loss=0.0249]
Epoch 71:  70%|######....| 407/585 [00:06:39<00:02:54,  1.02it/s, loss=0.0249]
Epoch 71:  71%|#######...| 413/585 [00:06:44<00:02:48,  1.02it/s, loss=0.0250]
Epoch 71:  71%|#######...| 418/585 [00:06:49<00:02:43,  1.02it/s, loss=0.0249]
Epoch 71:  72%|#######...| 424/585 [00:06:55<00:02:37,  1.02it/s, loss=0.0249]
Epoch 71:  73%|#######...| 429/585 [00:07:00<00:02:32,  1.02it/s, loss=0.0249]
Epoch 71:  74%|#######...| 435/585 [00:07:06<00:02:27,  1.02it/s, loss=0.0249]
Epoch 71:  75%|#######...| 441/585 [00:07:12<00:02:21,  1.02it/s, loss=0.0249]
Epoch 71:  76%|#######...| 447/585 [00:07:17<00:02:15,  1.02it/s, loss=0.0248]
Epoch 71:  78%|#######...| 454/585 [00:07:23<00:02:07,  1.02it/s, loss=0.0248]
Epoch 71:  79%|#######...| 460/585 [00:07:29<00:02:02,  1.02it/s, loss=0.0248]
Epoch 71:  80%|#######...| 466/585 [00:07:34<00:01:56,  1.02it/s, loss=0.0248]
Epoch 71:  81%|########..| 471/585 [00:07:40<00:01:51,  1.02it/s, loss=0.0248]
Epoch 71:  82%|########..| 477/585 [00:07:46<00:01:45,  1.02it/s, loss=0.0248]
Epoch 71:  83%|########..| 483/585 [00:07:52<00:01:39,  1.02it/s, loss=0.0248]
Epoch 71:  83%|########..| 488/585 [00:07:57<00:01:34,  1.02it/s, loss=0.0248]
Epoch 71:  84%|########..| 493/585 [00:08:02<00:01:29,  1.02it/s, loss=0.0248]
Epoch 71:  85%|########..| 499/585 [00:08:08<00:01:24,  1.02it/s, loss=0.0248]
Epoch 71:  86%|########..| 505/585 [00:08:13<00:01:18,  1.02it/s, loss=0.0248]
Epoch 71:  87%|########..| 511/585 [00:08:19<00:01:12,  1.02it/s, loss=0.0248]
Epoch 71:  88%|########..| 516/585 [00:08:24<00:01:07,  1.02it/s, loss=0.0248]
Epoch 71:  89%|########..| 522/585 [00:08:30<00:01:01,  1.02it/s, loss=0.0248]
Epoch 71:  90%|#########.| 527/585 [00:08:35<00:00:56,  1.02it/s, loss=0.0248]
Epoch 71:  91%|#########.| 533/585 [00:08:41<00:00:50,  1.02it/s, loss=0.0248]
Epoch 71:  92%|#########.| 538/585 [00:08:46<00:00:45,  1.02it/s, loss=0.0247]
Epoch 71:  93%|#########.| 543/585 [00:08:51<00:00:41,  1.02it/s, loss=0.0247]
Epoch 71:  94%|#########.| 548/585 [00:08:57<00:00:36,  1.02it/s, loss=0.0247]
Epoch 71:  95%|#########.| 554/585 [00:09:02<00:00:30,  1.02it/s, loss=0.0248]
Epoch 71:  96%|#########.| 559/585 [00:09:07<00:00:25,  1.02it/s, loss=0.0248]
Epoch 71:  97%|#########.| 565/585 [00:09:13<00:00:19,  1.02it/s, loss=0.0248]
Epoch 71:  97%|#########.| 570/585 [00:09:19<00:00:14,  1.02it/s, loss=0.0248]
Epoch 71:  98%|#########.| 575/585 [00:09:24<00:00:09,  1.02it/s, loss=0.0248]
Epoch 71:  99%|#########.| 581/585 [00:09:30<00:00:03,  1.02it/s, loss=0.0248]
Epoch 71: 100%|##########| 585/585 [00:09:33<00:00:00,  1.02it/s, loss=0.0248]
Test loss: 0.0246, Test rmsae: 7.21deg
{"event": "epoch_complete", "epoch": 71, "phase": 2, "lr": 1e-05, "batch_size": 10, "micro_batch_size": 1, "train_loss": 0.024772643052742013, "val_loss": 0.024579986988101155, "val_rmsae_deg": 7.214433431625366, "epoch_time_s": 574.3839299470055}
Epoch 72/80:
Epoch 72:   1%|..........| 5/585 [00:00:05<00:10:47,  0.90it/s, loss=0.0250]
Epoch 72:   2%|..........| 10/585 [00:00:10<00:10:24,  0.92it/s, loss=0.0237]
Epoch 72:   3%|..........| 15/585 [00:00:16<00:10:32,  0.90it/s, loss=0.0244]
Epoch 72:   4%|..........| 21/585 [00:00:22<00:10:07,  0.93it/s, loss=0.0255]
Epoch 72:   5%|..........| 27/585 [00:00:28<00:09:45,  0.95it/s, loss=0.0253]
Epoch 72:   5%|..........| 32/585 [00:00:33<00:09:36,  0.96it/s, loss=0.0255]
Epoch 72:   6%|..........| 38/585 [00:00:38<00:09:15,  0.99it/s, loss=0.0251]
Epoch 72:   7%|..........| 43/585 [00:00:43<00:09:09,  0.99it/s, loss=0.0255]
Epoch 72:   8%|..........| 49/585 [00:00:49<00:08:58,  1.00it/s, loss=0.0259]
Epoch 72:   9%|..........| 55/585 [00:00:54<00:08:46,  1.01it/s, loss=0.0256]
Epoch 72:  10%|#.........| 59/585 [00:00:59<00:08:52,  0.99it/s, loss=0.0256]
Epoch 72:  11%|#.........| 65/585 [00:01:05<00:08:47,  0.99it/s, loss=0.0252]
Epoch 72:  12%|#.........| 70/585 [00:01:11<00:08:44,  0.98it/s, loss=0.0253]
Epoch 72:  13%|#.........| 76/585 [00:01:17<00:08:36,  0.98it/s, loss=0.0255]
Epoch 72:  14%|#.........| 82/585 [00:01:22<00:08:26,  0.99it/s, loss=0.0252]
Epoch 72:  15%|#.........| 87/585 [00:01:27<00:08:22,  0.99it/s, loss=0.0252]
Epoch 72:  16%|#.........| 92/585 [00:01:33<00:08:20,  0.98it/s, loss=0.0251]
Epoch 72:  17%|#.........| 98/585 [00:01:38<00:08:11,  0.99it/s, loss=0.0252]
Epoch 72:  18%|#.........| 104/585 [00:01:44<00:08:03,  0.99it/s, loss=0.0252]
Epoch 72:  19%|#.........| 110/585 [00:01:50<00:07:57,  0.99it/s, loss=0.0252]
Epoch 72:  20%|#.........| 115/585 [00:01:56<00:07:54,  0.99it/s, loss=0.0252]
Epoch 72:  21%|##........| 121/585 [00:02:01<00:07:45,  1.00it/s, loss=0.0249]
Epoch 72:  22%|##........| 127/585 [00:02:06<00:07:36,  1.00it/s, loss=0.0247]
Epoch 72:  23%|##........| 132/585 [00:02:12<00:07:33,  1.00it/s, loss=0.0247]
Epoch 72:  23%|##........| 137/585 [00:02:17<00:07:28,  1.00it/s, loss=0.0247]
Epoch 72:  24%|##........| 143/585 [00:02:22<00:07:20,  1.00it/s, loss=0.0247]
Epoch 72:  25%|##........| 148/585 [00:02:27<00:07:16,  1.00it/s, loss=0.0248]
Epoch 72:  26%|##........| 154/585 [00:02:33<00:07:09,  1.00it/s, loss=0.0247]
Epoch 72:  27%|##........| 159/585 [00:02:38<00:07:04,  1.00it/s, loss=0.0247]
Epoch 72:  28%|##........| 163/585 [00:02:44<00:07:06,  0.99it/s, loss=0.0247]
Epoch 72:  29%|##........| 169/585 [00:02:49<00:06:57,  1.00it/s, loss=0.0246]
Epoch 72:  30%|##........| 175/585 [00:02:55<00:06:50,  1.00it/s, loss=0.0245]
Epoch 72:  31%|###.......| 180/585 [00:03:00<00:06:47,  0.99it/s, loss=0.0246]
Epoch 72:  32%|###.......| 186/585 [00:03:06<00:06:39,  1.00it/s, loss=0.0245]
Epoch 72:  33%|###.......| 191/585 [00:03:11<00:06:34,  1.00it/s, loss=0.0246]
Epoch 72:  34%|###.......| 197/585 [00:03:17<00:06:28,  1.00it/s, loss=0.0248]
Epoch 72:  35%|###.......| 204/585 [00:03:22<00:06:18,  1.01it/s, loss=0.0247]
Epoch 72:  36%|###.......| 210/585 [00:03:28<00:06:12,  1.01it/s, loss=0.0247]
Epoch 72:  37%|###.......| 215/585 [00:03:34<00:06:08,  1.00it/s, loss=0.0248]
Epoch 72:  38%|###.......| 220/585 [00:03:39<00:06:04,  1.00it/s, loss=0.0248]
Epoch 72:  38%|###.......| 225/585 [00:03:45<00:06:01,  1.00it/s, loss=0.0247]
Epoch 72:  39%|###.......| 231/585 [00:03:51<00:05:54,  1.00it/s, loss=0.0248]
Epoch 72:  41%|####......| 237/585 [00:03:57<00:05:48,  1.00it/s, loss=0.0248]
Epoch 72:  42%|####......| 243/585 [00:04:02<00:05:41,  1.00it/s, loss=0.0247]
Epoch 72:  43%|####......| 249/585 [00:04:08<00:05:35,  1.00it/s, loss=0.0248]
Epoch 72:  43%|####......| 254/585 [00:04:14<00:05:31,  1.00it/s, loss=0.0248]
Epoch 72:  44%|####......| 259/585 [00:04:19<00:05:26,  1.00it/s, loss=0.0249]
Epoch 72:  45%|####......| 265/585 [00:04:25<00:05:20,  1.00it/s, loss=0.0248]
Epoch 72:  46%|####......| 270/585 [00:04:30<00:05:15,  1.00it/s, loss=0.0248]
Epoch 72:  47%|####......| 276/585 [00:04:35<00:05:08,  1.00it/s, loss=0.0247]
Epoch 72:  48%|####......| 282/585 [00:04:41<00:05:02,  1.00it/s, loss=0.0247]
Epoch 72:  49%|####......| 288/585 [00:04:46<00:04:55,  1.01it/s, loss=0.0247]
Epoch 72:  50%|#####.....| 293/585 [00:04:51<00:04:50,  1.01it/s, loss=0.0246]
Epoch 72:  51%|#####.....| 299/585 [00:04:57<00:04:44,  1.01it/s, loss=0.0247]
Epoch 72:  52%|#####.....| 305/585 [00:05:02<00:04:37,  1.01it/s, loss=0.0246]
Epoch 72:  53%|#####.....| 310/585 [00:05:08<00:04:33,  1.01it/s, loss=0.0246]
Epoch 72:  54%|#####.....| 316/585 [00:05:14<00:04:27,  1.01it/s, loss=0.0245]
Epoch 72:  55%|#####.....| 322/585 [00:05:19<00:04:21,  1.01it/s, loss=0.0245]
Epoch 72:  56%|#####.....| 328/585 [00:05:25<00:04:14,  1.01it/s, loss=0.0245]
Epoch 72:  57%|#####.....| 334/585 [00:05:30<00:04:08,  1.01it/s, loss=0.0245]
Epoch 72:  58%|#####.....| 340/585 [00:05:36<00:04:02,  1.01it/s, loss=0.0246]
Epoch 72:  59%|#####.....| 345/585 [00:05:42<00:03:57,  1.01it/s, loss=0.0247]
Epoch 72:  60%|######....| 351/585 [00:05:47<00:03:51,  1.01it/s, loss=0.0247]
Epoch 72:  61%|######....| 357/585 [00:05:53<00:03:45,  1.01it/s, loss=0.0247]
Epoch 72:  62%|######....| 363/585 [00:05:59<00:03:39,  1.01it/s, loss=0.0246]
Epoch 72:  63%|######....| 368/585 [00:06:04<00:03:34,  1.01it/s, loss=0.0247]
Epoch 72:  64%|######....| 374/585 [00:06:10<00:03:29,  1.01it/s, loss=0.0247]
Epoch 72:  65%|######....| 380/585 [00:06:16<00:03:22,  1.01it/s, loss=0.0246]
Epoch 72:  66%|######....| 386/585 [00:06:21<00:03:16,  1.01it/s, loss=0.0246]
Epoch 72:  67%|######....| 391/585 [00:06:27<00:03:12,  1.01it/s, loss=0.0247]
Epoch 72:  68%|######....| 397/585 [00:06:32<00:03:05,  1.01it/s, loss=0.0247]
Epoch 72:  69%|######....| 403/585 [00:06:38<00:02:59,  1.01it/s, loss=0.0246]
Epoch 72:  70%|######....| 408/585 [00:06:44<00:02:55,  1.01it/s, loss=0.0247]
Epoch 72:  71%|#######...| 413/585 [00:06:49<00:02:50,  1.01it/s, loss=0.0247]
Epoch 72:  71%|#######...| 418/585 [00:06:54<00:02:45,  1.01it/s, loss=0.0247]
Epoch 72:  72%|#######...| 424/585 [00:07:00<00:02:39,  1.01it/s, loss=0.0247]
Epoch 72:  74%|#######...| 430/585 [00:07:06<00:02:33,  1.01it/s, loss=0.0247]
Epoch 72:  75%|#######...| 436/585 [00:07:12<00:02:27,  1.01it/s, loss=0.0247]
Epoch 72:  76%|#######...| 442/585 [00:07:17<00:02:21,  1.01it/s, loss=0.0246]
Epoch 72:  76%|#######...| 447/585 [00:07:23<00:02:16,  1.01it/s, loss=0.0247]
Epoch 72:  77%|#######...| 452/585 [00:07:28<00:02:12,  1.01it/s, loss=0.0247]
Epoch 72:  78%|#######...| 457/585 [00:07:34<00:02:07,  1.00it/s, loss=0.0247]
Epoch 72:  79%|#######...| 463/585 [00:07:40<00:02:01,  1.01it/s, loss=0.0248]
Epoch 72:  80%|########..| 468/585 [00:07:45<00:01:56,  1.00it/s, loss=0.0248]
Epoch 72:  81%|########..| 473/585 [00:07:51<00:01:51,  1.00it/s, loss=0.0248]
Epoch 72:  82%|########..| 478/585 [00:07:56<00:01:46,  1.00it/s, loss=0.0248]
Epoch 72:  83%|########..| 483/585 [00:08:01<00:01:41,  1.00it/s, loss=0.0247]
Epoch 72:  83%|########..| 488/585 [00:08:07<00:01:36,  1.00it/s, loss=0.0247]
Epoch 72:  84%|########..| 494/585 [00:08:12<00:01:30,  1.00it/s, loss=0.0247]
Epoch 72:  85%|########..| 500/585 [00:08:18<00:01:24,  1.00it/s, loss=0.0247]
Epoch 72:  86%|########..| 506/585 [00:08:24<00:01:18,  1.00it/s, loss=0.0247]
Epoch 72:  88%|########..| 512/585 [00:08:29<00:01:12,  1.00it/s, loss=0.0247]
Epoch 72:  88%|########..| 517/585 [00:08:35<00:01:07,  1.00it/s, loss=0.0247]
Epoch 72:  89%|########..| 522/585 [00:08:40<00:01:02,  1.00it/s, loss=0.0247]
Epoch 72:  90%|#########.| 528/585 [00:08:45<00:00:56,  1.00it/s, loss=0.0247]
Epoch 72:  91%|#########.| 533/585 [00:08:51<00:00:51,  1.00it/s, loss=0.0246]
Epoch 72:  92%|#########.| 539/585 [00:08:57<00:00:45,  1.00it/s, loss=0.0247]
Epoch 72:  93%|#########.| 543/585 [00:09:02<00:00:41,  1.00it/s, loss=0.0247]
Epoch 72:  94%|#########.| 549/585 [00:09:07<00:00:35,  1.00it/s, loss=0.0247]
Epoch 72:  95%|#########.| 554/585 [00:09:13<00:00:30,  1.00it/s, loss=0.0247]
Epoch 72:  96%|#########.| 560/585 [00:09:18<00:00:24,  1.00it/s, loss=0.0247]
Epoch 72:  97%|#########.| 565/585 [00:09:24<00:00:19,  1.00it/s, loss=0.0247]
Epoch 72:  98%|#########.| 571/585 [00:09:29<00:00:13,  1.00it/s, loss=0.0247]
Epoch 72:  99%|#########.| 577/585 [00:09:35<00:00:07,  1.00it/s, loss=0.0247]
Epoch 72:  99%|#########.| 582/585 [00:09:41<00:00:02,  1.00it/s, loss=0.0247]
Epoch 72: 100%|##########| 585/585 [00:09:44<00:00:00,  1.00it/s, loss=0.0247]
Test loss: 0.0245, Test rmsae: 7.26deg
{"event": "epoch_complete", "epoch": 72, "phase": 2, "lr": 1e-05, "batch_size": 10, "micro_batch_size": 1, "train_loss": 0.02474087106111722, "val_loss": 0.024489593226462603, "val_rmsae_deg": 7.260864764451981, "epoch_time_s": 585.3353570830004}
Epoch 73/80:
Epoch 73:   1%|..........| 6/585 [00:00:05<00:09:05,  1.06it/s, loss=0.0225]
Epoch 73:   2%|..........| 12/585 [00:00:11<00:09:00,  1.06it/s, loss=0.0232]
Epoch 73:   3%|..........| 18/585 [00:00:17<00:08:58,  1.05it/s, loss=0.0235]
Epoch 73:   4%|..........| 24/585 [00:00:23<00:09:09,  1.02it/s, loss=0.0242]
Epoch 73:   5%|..........| 30/585 [00:00:29<00:09:00,  1.03it/s, loss=0.0244]
Epoch 73:   6%|..........| 36/585 [00:00:35<00:08:56,  1.02it/s, loss=0.0243]
Epoch 73:   7%|..........| 42/585 [00:00:40<00:08:48,  1.03it/s, loss=0.0238]
Epoch 73:   8%|..........| 47/585 [00:00:46<00:08:52,  1.01it/s, loss=0.0237]
Epoch 73:   9%|..........| 52/585 [00:00:51<00:08:51,  1.00it/s, loss=0.0236]
Epoch 73:  10%|..........| 57/585 [00:00:57<00:08:49,  1.00it/s, loss=0.0236]
Epoch 73:  11%|#.........| 62/585 [00:01:02<00:08:45,  0.99it/s, loss=0.0247]
Epoch 73:  12%|#.........| 68/585 [00:01:08<00:08:38,  1.00it/s, loss=0.0247]
Epoch 73:  13%|#.........| 74/585 [00:01:14<00:08:31,  1.00it/s, loss=0.0249]
Epoch 73:  14%|#.........| 80/585 [00:01:19<00:08:22,  1.00it/s, loss=0.0247]
Epoch 73:  15%|#.........| 85/585 [00:01:25<00:08:21,  1.00it/s, loss=0.0255]
Epoch 73:  15%|#.........| 90/585 [00:01:30<00:08:17,  1.00it/s, loss=0.0254]
Epoch 73:  16%|#.........| 96/585 [00:01:36<00:08:11,  0.99it/s, loss=0.0260]
Epoch 73:  17%|#.........| 102/585 [00:01:42<00:08:03,  1.00it/s, loss=0.0259]
Epoch 73:  18%|#.........| 108/585 [00:01:47<00:07:55,  1.00it/s, loss=0.0258]
Epoch 73:  19%|#.........| 114/585 [00:01:53<00:07:47,  1.01it/s, loss=0.0256]
Epoch 73:  21%|##........| 120/585 [00:01:59<00:07:43,  1.00it/s, loss=0.0256]
Epoch 73:  22%|##........| 126/585 [00:02:05<00:07:35,  1.01it/s, loss=0.0253]
Epoch 73:  23%|##........| 132/585 [00:02:10<00:07:28,  1.01it/s, loss=0.0252]
Epoch 73:  24%|##........| 138/585 [00:02:16<00:07:22,  1.01it/s, loss=0.0251]
Epoch 73:  25%|##........| 144/585 [00:02:22<00:07:15,  1.01it/s, loss=0.0252]
Epoch 73:  25%|##........| 149/585 [00:02:27<00:07:12,  1.01it/s, loss=0.0254]
Epoch 73:  26%|##........| 154/585 [00:02:32<00:07:07,  1.01it/s, loss=0.0254]
Epoch 73:  27%|##........| 159/585 [00:02:38<00:07:04,  1.00it/s, loss=0.0254]
Epoch 73:  28%|##........| 164/585 [00:02:43<00:07:00,  1.00it/s, loss=0.0254]
Epoch 73:  29%|##........| 170/585 [00:02:49<00:06:52,  1.01it/s, loss=0.0261]
Epoch 73:  30%|##........| 175/585 [00:02:54<00:06:49,  1.00it/s, loss=0.0261]
Epoch 73:  31%|###.......| 180/585 [00:03:00<00:06:45,  1.00it/s, loss=0.0263]
Epoch 73:  32%|###.......| 185/585 [00:03:05<00:06:40,  1.00it/s, loss=0.0262]
Epoch 73:  33%|###.......| 191/585 [00:03:10<00:06:33,  1.00it/s, loss=0.0260]
Epoch 73:  34%|###.......| 197/585 [00:03:16<00:06:26,  1.00it/s, loss=0.0261]
Epoch 73:  35%|###.......| 203/585 [00:03:22<00:06:20,  1.00it/s, loss=0.0261]
Epoch 73:  36%|###.......| 209/585 [00:03:27<00:06:13,  1.01it/s, loss=0.0261]
Epoch 73:  37%|###.......| 214/585 [00:03:32<00:06:09,  1.00it/s, loss=0.0261]
Epoch 73:  37%|###.......| 219/585 [00:03:38<00:06:05,  1.00it/s, loss=0.0260]
Epoch 73:  38%|###.......| 224/585 [00:03:45<00:06:02,  0.99it/s, loss=0.0261]
Epoch 73:  39%|###.......| 229/585 [00:03:50<00:05:58,  0.99it/s, loss=0.0261]
Epoch 73:  40%|####......| 234/585 [00:03:55<00:05:53,  0.99it/s, loss=0.0260]
Epoch 73:  41%|####......| 240/585 [00:04:01<00:05:47,  0.99it/s, loss=0.0262]
Epoch 73:  42%|####......| 245/585 [00:04:07<00:05:43,  0.99it/s, loss=0.0261]
Epoch 73:  43%|####......| 250/585 [00:04:12<00:05:38,  0.99it/s, loss=0.0263]
Epoch 73:  44%|####......| 255/585 [00:04:18<00:05:34,  0.99it/s, loss=0.0264]
Epoch 73:  44%|####......| 260/585 [00:04:23<00:05:29,  0.99it/s, loss=0.0264]
Epoch 73:  45%|####......| 266/585 [00:04:29<00:05:23,  0.99it/s, loss=0.0263]
Epoch 73:  46%|####......| 272/585 [00:04:34<00:05:16,  0.99it/s, loss=0.0263]
Epoch 73:  48%|####......| 278/585 [00:04:40<00:05:10,  0.99it/s, loss=0.0262]
Epoch 73:  49%|####......| 284/585 [00:04:46<00:05:03,  0.99it/s, loss=0.0262]
Epoch 73:  49%|####......| 289/585 [00:04:51<00:04:58,  0.99it/s, loss=0.0262]
Epoch 73:  50%|#####.....| 295/585 [00:04:56<00:04:51,  0.99it/s, loss=0.0262]
Epoch 73:  51%|#####.....| 300/585 [00:05:02<00:04:47,  0.99it/s, loss=0.0262]
Epoch 73:  52%|#####.....| 306/585 [00:05:07<00:04:40,  0.99it/s, loss=0.0262]
Epoch 73:  53%|#####.....| 311/585 [00:05:12<00:04:35,  0.99it/s, loss=0.0261]
Epoch 73:  54%|#####.....| 316/585 [00:05:18<00:04:31,  0.99it/s, loss=0.0262]
Epoch 73:  55%|#####.....| 322/585 [00:05:24<00:04:25,  0.99it/s, loss=0.0261]
Epoch 73:  56%|#####.....| 326/585 [00:05:29<00:04:22,  0.99it/s, loss=0.0263]
Epoch 73:  57%|#####.....| 332/585 [00:05:35<00:04:15,  0.99it/s, loss=0.0263]
Epoch 73:  58%|#####.....| 338/585 [00:05:41<00:04:09,  0.99it/s, loss=0.0264]
Epoch 73:  59%|#####.....| 343/585 [00:05:47<00:04:04,  0.99it/s, loss=0.0264]
Epoch 73:  59%|#####.....| 348/585 [00:05:52<00:03:59,  0.99it/s, loss=0.0265]
Epoch 73:  60%|######....| 353/585 [00:05:57<00:03:54,  0.99it/s, loss=0.0264]
Epoch 73:  61%|######....| 358/585 [00:06:02<00:03:49,  0.99it/s, loss=0.0263]
Epoch 73:  62%|######....| 364/585 [00:06:08<00:03:43,  0.99it/s, loss=0.0263]
Epoch 73:  63%|######....| 369/585 [00:06:14<00:03:39,  0.99it/s, loss=0.0262]
Epoch 73:  64%|######....| 374/585 [00:06:19<00:03:34,  0.99it/s, loss=0.0262]
Epoch 73:  65%|######....| 380/585 [00:06:25<00:03:27,  0.99it/s, loss=0.0262]
Epoch 73:  66%|######....| 385/585 [00:06:30<00:03:22,  0.99it/s, loss=0.0262]
Epoch 73:  67%|######....| 390/585 [00:06:36<00:03:18,  0.98it/s, loss=0.0261]
Epoch 73:  68%|######....| 396/585 [00:06:41<00:03:11,  0.99it/s, loss=0.0261]
Epoch 73:  69%|######....| 402/585 [00:06:47<00:03:05,  0.99it/s, loss=0.0261]
Epoch 73:  70%|######....| 407/585 [00:06:53<00:03:00,  0.99it/s, loss=0.0261]
Epoch 73:  71%|#######...| 413/585 [00:06:58<00:02:54,  0.99it/s, loss=0.0260]
Epoch 73:  72%|#######...| 419/585 [00:07:04<00:02:48,  0.99it/s, loss=0.0261]
Epoch 73:  72%|#######...| 424/585 [00:07:09<00:02:43,  0.99it/s, loss=0.0261]
Epoch 73:  74%|#######...| 430/585 [00:07:15<00:02:36,  0.99it/s, loss=0.0260]
Epoch 73:  75%|#######...| 436/585 [00:07:20<00:02:30,  0.99it/s, loss=0.0261]
Epoch 73:  75%|#######...| 441/585 [00:07:25<00:02:25,  0.99it/s, loss=0.0260]
Epoch 73:  76%|#######...| 447/585 [00:07:31<00:02:19,  0.99it/s, loss=0.0261]
Epoch 73:  77%|#######...| 453/585 [00:07:37<00:02:13,  0.99it/s, loss=0.0260]
Epoch 73:  78%|#######...| 459/585 [00:07:43<00:02:07,  0.99it/s, loss=0.0260]
Epoch 73:  79%|#######...| 465/585 [00:07:49<00:02:01,  0.99it/s, loss=0.0260]
Epoch 73:  81%|########..| 471/585 [00:07:54<00:01:54,  0.99it/s, loss=0.0260]
Epoch 73:  81%|########..| 476/585 [00:08:00<00:01:49,  0.99it/s, loss=0.0259]
Epoch 73:  82%|########..| 482/585 [00:08:05<00:01:43,  0.99it/s, loss=0.0259]
Epoch 73:  83%|########..| 487/585 [00:08:10<00:01:38,  0.99it/s, loss=0.0259]
Epoch 73:  84%|########..| 492/585 [00:08:16<00:01:33,  0.99it/s, loss=0.0259]
Epoch 73:  85%|########..| 498/585 [00:08:21<00:01:27,  0.99it/s, loss=0.0258]
Epoch 73:  86%|########..| 504/585 [00:08:26<00:01:21,  0.99it/s, loss=0.0258]
Epoch 73:  87%|########..| 510/585 [00:08:32<00:01:15,  1.00it/s, loss=0.0258]
Epoch 73:  88%|########..| 516/585 [00:08:38<00:01:09,  1.00it/s, loss=0.0258]
Epoch 73:  89%|########..| 521/585 [00:08:43<00:01:04,  1.00it/s, loss=0.0258]
Epoch 73:  90%|########..| 526/585 [00:08:48<00:00:59,  1.00it/s, loss=0.0257]
Epoch 73:  91%|#########.| 531/585 [00:08:53<00:00:54,  0.99it/s, loss=0.0257]
Epoch 73:  92%|#########.| 536/585 [00:08:59<00:00:49,  0.99it/s, loss=0.0257]
Epoch 73:  92%|#########.| 541/585 [00:09:04<00:00:44,  0.99it/s, loss=0.0257]
Epoch 73:  94%|#########.| 547/585 [00:09:10<00:00:38,  0.99it/s, loss=0.0257]
Epoch 73:  95%|#########.| 553/585 [00:09:16<00:00:32,  0.99it/s, loss=0.0256]
Epoch 73:  96%|#########.| 559/585 [00:09:21<00:00:26,  1.00it/s, loss=0.0256]
Epoch 73:  97%|#########.| 565/585 [00:09:27<00:00:20,  1.00it/s, loss=0.0256]
Epoch 73:  97%|#########.| 570/585 [00:09:32<00:00:15,  1.00it/s, loss=0.0256]
Epoch 73:  98%|#########.| 575/585 [00:09:37<00:00:10,  1.00it/s, loss=0.0256]
Epoch 73:  99%|#########.| 581/585 [00:09:42<00:00:04,  1.00it/s, loss=0.0256]
Epoch 73: 100%|##########| 585/585 [00:09:47<00:00:00,  1.00it/s, loss=0.0256]
Test loss: 0.0245, Test rmsae: 7.32deg
{"event": "epoch_complete", "epoch": 73, "phase": 2, "lr": 1e-05, "batch_size": 10, "micro_batch_size": 1, "train_loss": 0.025626889918731827, "val_loss": 0.024497418431565166, "val_rmsae_deg": 7.321155861020088, "epoch_time_s": 587.8274714800064}
Epoch 74/80:
Epoch 74:   1%|..........| 6/585 [00:00:05<00:08:54,  1.08it/s, loss=0.0197]
Epoch 74:   2%|..........| 12/585 [00:00:10<00:08:32,  1.12it/s, loss=0.0211]
Epoch 74:   3%|..........| 17/585 [00:00:16<00:09:01,  1.05it/s, loss=0.0254]
Epoch 74:   4%|..........| 23/585 [00:00:21<00:08:52,  1.06it/s, loss=0.0251]
Epoch 74:   5%|..........| 29/585 [00:00:27<00:08:45,  1.06it/s, loss=0.0242]
Epoch 74:   6%|..........| 35/585 [00:00:33<00:08:38,  1.06it/s, loss=0.0240]
Epoch 74:   7%|..........| 40/585 [00:00:38<00:08:48,  1.03it/s, loss=0.0251]
Epoch 74:   8%|..........| 46/585 [00:00:44<00:08:39,  1.04it/s, loss=0.0247]
Epoch 74:   9%|..........| 51/585 [00:00:50<00:08:47,  1.01it/s, loss=0.0250]
Epoch 74:  10%|..........| 56/585 [00:00:55<00:08:47,  1.00it/s, loss=0.0251]
Epoch 74:  10%|#.........| 61/585 [00:01:01<00:08:48,  0.99it/s, loss=0.0247]
Epoch 74:  11%|#.........| 66/585 [00:01:07<00:08:48,  0.98it/s, loss=0.0251]
Epoch 74:  12%|#.........| 71/585 [00:01:12<00:08:46,  0.98it/s, loss=0.0255]
Epoch 74:  13%|#.........| 77/585 [00:01:18<00:08:36,  0.98it/s, loss=0.0256]
Epoch 74:  14%|#.........| 82/585 [00:01:23<00:08:33,  0.98it/s, loss=0.0256]
Epoch 74:  15%|#.........| 87/585 [00:01:28<00:08:28,  0.98it/s, loss=0.0256]
Epoch 74:  16%|#.........| 93/585 [00:01:34<00:08:19,  0.98it/s, loss=0.0255]
Epoch 74:  17%|#.........| 99/585 [00:01:40<00:08:11,  0.99it/s, loss=0.0255]
Epoch 74:  18%|#.........| 105/585 [00:01:46<00:08:04,  0.99it/s, loss=0.0254]
Epoch 74:  19%|#.........| 111/585 [00:01:51<00:07:56,  1.00it/s, loss=0.0252]
Epoch 74:  20%|##........| 117/585 [00:01:57<00:07:49,  1.00it/s, loss=0.0251]
Epoch 74:  21%|##........| 122/585 [00:02:02<00:07:45,  1.00it/s, loss=0.0252]
Epoch 74:  22%|##........| 128/585 [00:02:08<00:07:39,  1.00it/s, loss=0.0250]
Epoch 74:  23%|##........| 134/585 [00:02:13<00:07:30,  1.00it/s, loss=0.0250]
Epoch 74:  24%|##........| 140/585 [00:02:19<00:07:24,  1.00it/s, loss=0.0249]
Epoch 74:  25%|##........| 146/585 [00:02:25<00:07:18,  1.00it/s, loss=0.0249]
Epoch 74:  26%|##........| 152/585 [00:02:31<00:07:12,  1.00it/s, loss=0.0249]
Epoch 74:  27%|##........| 157/585 [00:02:37<00:07:09,  1.00it/s, loss=0.0249]
Epoch 74:  28%|##........| 163/585 [00:02:43<00:07:02,  1.00it/s, loss=0.0248]
Epoch 74:  29%|##........| 169/585 [00:02:49<00:06:56,  1.00it/s, loss=0.0247]
Epoch 74:  30%|##........| 174/585 [00:02:54<00:06:52,  1.00it/s, loss=0.0247]
Epoch 74:  31%|###.......| 179/585 [00:03:00<00:06:49,  0.99it/s, loss=0.0247]
Epoch 74:  31%|###.......| 184/585 [00:03:06<00:06:45,  0.99it/s, loss=0.0247]
Epoch 74:  32%|###.......| 190/585 [00:03:11<00:06:38,  0.99it/s, loss=0.0248]
Epoch 74:  34%|###.......| 196/585 [00:03:17<00:06:32,  0.99it/s, loss=0.0248]
Epoch 74:  35%|###.......| 202/585 [00:03:23<00:06:25,  0.99it/s, loss=0.0248]
Epoch 74:  35%|###.......| 207/585 [00:03:28<00:06:20,  0.99it/s, loss=0.0248]
Epoch 74:  37%|###.......| 214/585 [00:03:34<00:06:11,  1.00it/s, loss=0.0247]
Epoch 74:  37%|###.......| 219/585 [00:03:39<00:06:07,  1.00it/s, loss=0.0248]
Epoch 74:  38%|###.......| 225/585 [00:03:45<00:06:01,  1.00it/s, loss=0.0247]
Epoch 74:  39%|###.......| 231/585 [00:03:51<00:05:54,  1.00it/s, loss=0.0247]
Epoch 74:  41%|####......| 237/585 [00:03:56<00:05:47,  1.00it/s, loss=0.0247]
Epoch 74:  42%|####......| 243/585 [00:04:02<00:05:40,  1.00it/s, loss=0.0249]
Epoch 74:  43%|####......| 249/585 [00:04:07<00:05:34,  1.01it/s, loss=0.0249]
Epoch 74:  44%|####......| 255/585 [00:04:13<00:05:27,  1.01it/s, loss=0.0248]
Epoch 74:  44%|####......| 260/585 [00:04:18<00:05:22,  1.01it/s, loss=0.0248]
Epoch 74:  45%|####......| 266/585 [00:04:23<00:05:15,  1.01it/s, loss=0.0247]
Epoch 74:  46%|####......| 271/585 [00:04:29<00:05:11,  1.01it/s, loss=0.0247]
Epoch 74:  47%|####......| 277/585 [00:04:34<00:05:05,  1.01it/s, loss=0.0247]
Epoch 74:  48%|####......| 283/585 [00:04:39<00:04:58,  1.01it/s, loss=0.0248]
Epoch 74:  49%|####......| 289/585 [00:04:46<00:04:53,  1.01it/s, loss=0.0247]
Epoch 74:  50%|#####.....| 294/585 [00:04:51<00:04:48,  1.01it/s, loss=0.0247]
Epoch 74:  51%|#####.....| 300/585 [00:04:57<00:04:42,  1.01it/s, loss=0.0247]
Epoch 74:  52%|#####.....| 306/585 [00:05:02<00:04:35,  1.01it/s, loss=0.0246]
Epoch 74:  53%|#####.....| 311/585 [00:05:07<00:04:30,  1.01it/s, loss=0.0247]
Epoch 74:  54%|#####.....| 317/585 [00:05:13<00:04:24,  1.01it/s, loss=0.0246]
Epoch 74:  55%|#####.....| 322/585 [00:05:18<00:04:20,  1.01it/s, loss=0.0246]
Epoch 74:  56%|#####.....| 327/585 [00:05:23<00:04:15,  1.01it/s, loss=0.0246]
Epoch 74:  57%|#####.....| 332/585 [00:05:28<00:04:10,  1.01it/s, loss=0.0245]
Epoch 74:  58%|#####.....| 338/585 [00:05:34<00:04:04,  1.01it/s, loss=0.0245]
Epoch 74:  59%|#####.....| 343/585 [00:05:40<00:04:00,  1.01it/s, loss=0.0245]
Epoch 74:  59%|#####.....| 348/585 [00:05:46<00:03:55,  1.01it/s, loss=0.0245]
Epoch 74:  60%|######....| 353/585 [00:05:51<00:03:50,  1.01it/s, loss=0.0245]
Epoch 74:  61%|######....| 359/585 [00:05:57<00:03:44,  1.01it/s, loss=0.0245]
Epoch 74:  62%|######....| 364/585 [00:06:02<00:03:39,  1.00it/s, loss=0.0246]
Epoch 74:  63%|######....| 370/585 [00:06:08<00:03:33,  1.01it/s, loss=0.0246]
Epoch 74:  64%|######....| 375/585 [00:06:13<00:03:29,  1.00it/s, loss=0.0246]
Epoch 74:  65%|######....| 381/585 [00:06:18<00:03:22,  1.01it/s, loss=0.0246]
Epoch 74:  66%|######....| 386/585 [00:06:24<00:03:18,  1.00it/s, loss=0.0245]
Epoch 74:  67%|######....| 392/585 [00:06:29<00:03:11,  1.01it/s, loss=0.0245]
Epoch 74:  68%|######....| 398/585 [00:06:35<00:03:05,  1.01it/s, loss=0.0245]
Epoch 74:  69%|######....| 404/585 [00:06:40<00:02:59,  1.01it/s, loss=0.0245]
Epoch 74:  70%|#######...| 410/585 [00:06:46<00:02:53,  1.01it/s, loss=0.0245]
Epoch 74:  71%|#######...| 415/585 [00:06:51<00:02:48,  1.01it/s, loss=0.0246]
Epoch 74:  72%|#######...| 421/585 [00:06:57<00:02:42,  1.01it/s, loss=0.0246]
Epoch 74:  73%|#######...| 426/585 [00:07:02<00:02:37,  1.01it/s, loss=0.0246]
Epoch 74:  74%|#######...| 432/585 [00:07:08<00:02:31,  1.01it/s, loss=0.0246]
Epoch 74:  75%|#######...| 438/585 [00:07:13<00:02:25,  1.01it/s, loss=0.0245]
Epoch 74:  76%|#######...| 444/585 [00:07:18<00:02:19,  1.01it/s, loss=0.0245]
Epoch 74:  77%|#######...| 450/585 [00:07:24<00:02:13,  1.01it/s, loss=0.0245]
Epoch 74:  78%|#######...| 456/585 [00:07:32<00:02:07,  1.01it/s, loss=0.0245]
Epoch 74:  79%|#######...| 462/585 [00:07:37<00:02:01,  1.01it/s, loss=0.0244]
Epoch 74:  80%|#######...| 467/585 [00:07:43<00:01:57,  1.01it/s, loss=0.0244]
Epoch 74:  81%|########..| 472/585 [00:07:49<00:01:52,  1.01it/s, loss=0.0245]
Epoch 74:  82%|########..| 477/585 [00:07:54<00:01:47,  1.01it/s, loss=0.0245]
Epoch 74:  83%|########..| 483/585 [00:08:00<00:01:41,  1.01it/s, loss=0.0245]
Epoch 74:  84%|########..| 489/585 [00:08:05<00:01:35,  1.01it/s, loss=0.0245]
Epoch 74:  84%|########..| 494/585 [00:08:10<00:01:30,  1.01it/s, loss=0.0245]
Epoch 74:  85%|########..| 500/585 [00:08:16<00:01:24,  1.01it/s, loss=0.0245]
Epoch 74:  86%|########..| 506/585 [00:08:21<00:01:18,  1.01it/s, loss=0.0245]
Epoch 74:  88%|########..| 512/585 [00:08:27<00:01:12,  1.01it/s, loss=0.0245]
Epoch 74:  89%|########..| 518/585 [00:08:33<00:01:06,  1.01it/s, loss=0.0245]
Epoch 74:  90%|########..| 524/585 [00:08:39<00:01:00,  1.01it/s, loss=0.0245]
Epoch 74:  91%|#########.| 530/585 [00:08:45<00:00:54,  1.01it/s, loss=0.0245]
Epoch 74:  92%|#########.| 536/585 [00:08:50<00:00:48,  1.01it/s, loss=0.0244]
Epoch 74:  93%|#########.| 542/585 [00:08:56<00:00:42,  1.01it/s, loss=0.0244]
Epoch 74:  94%|#########.| 548/585 [00:09:02<00:00:36,  1.01it/s, loss=0.0244]
Epoch 74:  95%|#########.| 554/585 [00:09:07<00:00:30,  1.01it/s, loss=0.0244]
Epoch 74:  96%|#########.| 560/585 [00:09:13<00:00:24,  1.01it/s, loss=0.0244]
Epoch 74:  97%|#########.| 565/585 [00:09:18<00:00:19,  1.01it/s, loss=0.0244]
Epoch 74:  98%|#########.| 571/585 [00:09:24<00:00:13,  1.01it/s, loss=0.0244]
Epoch 74:  99%|#########.| 577/585 [00:09:30<00:00:07,  1.01it/s, loss=0.0244]
Epoch 74: 100%|#########.| 583/585 [00:09:35<00:00:01,  1.01it/s, loss=0.0244]
Epoch 74: 100%|##########| 585/585 [00:09:37<00:00:00,  1.01it/s, loss=0.0244]
Test loss: 0.0245, Test rmsae: 7.24deg
{"event": "epoch_complete", "epoch": 74, "phase": 2, "lr": 1e-05, "batch_size": 10, "micro_batch_size": 1, "train_loss": 0.02440869402235899, "val_loss": 0.024492336029652506, "val_rmsae_deg": 7.240877330303192, "epoch_time_s": 578.6062135709944}
Epoch 75/80:
Epoch 75:   1%|..........| 5/585 [00:00:05<00:10:24,  0.93it/s, loss=0.0282]
Epoch 75:   2%|..........| 10/585 [00:00:11<00:10:49,  0.89it/s, loss=0.0257]
Epoch 75:   3%|..........| 16/585 [00:00:16<00:09:58,  0.95it/s, loss=0.0247]
Epoch 75:   4%|..........| 22/585 [00:00:22<00:09:47,  0.96it/s, loss=0.0251]
Epoch 75:   5%|..........| 28/585 [00:00:28<00:09:21,  0.99it/s, loss=0.0255]
Epoch 75:   6%|..........| 34/585 [00:00:34<00:09:12,  1.00it/s, loss=0.0247]
Epoch 75:   7%|..........| 40/585 [00:00:39<00:08:56,  1.02it/s, loss=0.0240]
Epoch 75:   8%|..........| 45/585 [00:00:44<00:08:53,  1.01it/s, loss=0.0244]
Epoch 75:   9%|..........| 51/585 [00:00:50<00:08:46,  1.02it/s, loss=0.0249]
Epoch 75:   9%|..........| 54/585 [00:00:55<00:09:05,  0.97it/s, loss=0.0248]
Epoch 75:  10%|#.........| 59/585 [00:01:00<00:09:03,  0.97it/s, loss=0.0249]
Epoch 75:  11%|#.........| 65/585 [00:01:06<00:08:54,  0.97it/s, loss=0.0252]
Epoch 75:  12%|#.........| 71/585 [00:01:12<00:08:44,  0.98it/s, loss=0.0254]
Epoch 75:  13%|#.........| 77/585 [00:01:18<00:08:36,  0.98it/s, loss=0.0254]
Epoch 75:  14%|#.........| 83/585 [00:01:24<00:08:28,  0.99it/s, loss=0.0253]
Epoch 75:  15%|#.........| 89/585 [00:01:29<00:08:18,  1.00it/s, loss=0.0251]
Epoch 75:  16%|#.........| 95/585 [00:01:35<00:08:10,  1.00it/s, loss=0.0251]
Epoch 75:  17%|#.........| 101/585 [00:01:40<00:08:01,  1.01it/s, loss=0.0252]
Epoch 75:  18%|#.........| 107/585 [00:01:46<00:07:55,  1.01it/s, loss=0.0251]
Epoch 75:  19%|#.........| 112/585 [00:01:51<00:07:51,  1.00it/s, loss=0.0250]
Epoch 75:  20%|##........| 118/585 [00:01:57<00:07:44,  1.01it/s, loss=0.0251]
Epoch 75:  21%|##........| 124/585 [00:02:03<00:07:37,  1.01it/s, loss=0.0250]
Epoch 75:  22%|##........| 130/585 [00:02:08<00:07:30,  1.01it/s, loss=0.0250]
Epoch 75:  23%|##........| 135/585 [00:02:14<00:07:26,  1.01it/s, loss=0.0251]
Epoch 75:  24%|##........| 141/585 [00:02:19<00:07:20,  1.01it/s, loss=0.0250]
Epoch 75:  25%|##........| 146/585 [00:02:25<00:07:18,  1.00it/s, loss=0.0251]
Epoch 75:  26%|##........| 152/585 [00:02:31<00:07:10,  1.00it/s, loss=0.0250]
Epoch 75:  27%|##........| 158/585 [00:02:36<00:07:02,  1.01it/s, loss=0.0249]
Epoch 75:  28%|##........| 164/585 [00:02:42<00:06:56,  1.01it/s, loss=0.0250]
Epoch 75:  29%|##........| 170/585 [00:02:47<00:06:49,  1.01it/s, loss=0.0249]
Epoch 75:  30%|###.......| 176/585 [00:02:52<00:06:41,  1.02it/s, loss=0.0249]
Epoch 75:  31%|###.......| 181/585 [00:02:57<00:06:36,  1.02it/s, loss=0.0249]
Epoch 75:  32%|###.......| 187/585 [00:03:03<00:06:30,  1.02it/s, loss=0.0250]
Epoch 75:  33%|###.......| 192/585 [00:03:08<00:06:26,  1.02it/s, loss=0.0250]
Epoch 75:  34%|###.......| 198/585 [00:03:14<00:06:19,  1.02it/s, loss=0.0249]
Epoch 75:  35%|###.......| 204/585 [00:03:19<00:06:12,  1.02it/s, loss=0.0251]
Epoch 75:  36%|###.......| 210/585 [00:03:25<00:06:06,  1.02it/s, loss=0.0250]
Epoch 75:  37%|###.......| 216/585 [00:03:30<00:06:00,  1.02it/s, loss=0.0250]
Epoch 75:  38%|###.......| 222/585 [00:03:36<00:05:54,  1.02it/s, loss=0.0250]
Epoch 75:  39%|###.......| 227/585 [00:03:41<00:05:49,  1.02it/s, loss=0.0249]
Epoch 75:  40%|###.......| 232/585 [00:03:47<00:05:45,  1.02it/s, loss=0.0249]
Epoch 75:  41%|####......| 237/585 [00:03:52<00:05:40,  1.02it/s, loss=0.0249]
Epoch 75:  41%|####......| 242/585 [00:03:57<00:05:36,  1.02it/s, loss=0.0250]
Epoch 75:  42%|####......| 248/585 [00:04:03<00:05:30,  1.02it/s, loss=0.0250]
Epoch 75:  43%|####......| 254/585 [00:04:08<00:05:23,  1.02it/s, loss=0.0248]
Epoch 75:  44%|####......| 260/585 [00:04:14<00:05:17,  1.02it/s, loss=0.0249]
Epoch 75:  45%|####......| 266/585 [00:04:19<00:05:11,  1.02it/s, loss=0.0249]
Epoch 75:  46%|####......| 272/585 [00:04:25<00:05:05,  1.03it/s, loss=0.0249]
Epoch 75:  47%|####......| 277/585 [00:04:30<00:05:00,  1.02it/s, loss=0.0249]
Epoch 75:  48%|####......| 282/585 [00:04:35<00:04:56,  1.02it/s, loss=0.0248]
Epoch 75:  49%|####......| 288/585 [00:04:41<00:04:50,  1.02it/s, loss=0.0248]
Epoch 75:  50%|#####.....| 294/585 [00:04:47<00:04:44,  1.02it/s, loss=0.0248]
Epoch 75:  51%|#####.....| 299/585 [00:04:52<00:04:39,  1.02it/s, loss=0.0248]
Epoch 75:  52%|#####.....| 305/585 [00:04:57<00:04:33,  1.02it/s, loss=0.0248]
Epoch 75:  53%|#####.....| 311/585 [00:05:03<00:04:27,  1.03it/s, loss=0.0248]
Epoch 75:  54%|#####.....| 316/585 [00:05:08<00:04:22,  1.03it/s, loss=0.0248]
Epoch 75:  55%|#####.....| 322/585 [00:05:13<00:04:16,  1.03it/s, loss=0.0247]
Epoch 75:  56%|#####.....| 328/585 [00:05:19<00:04:10,  1.03it/s, loss=0.0247]
Epoch 75:  57%|#####.....| 334/585 [00:05:24<00:04:04,  1.03it/s, loss=0.0247]
Epoch 75:  58%|#####.....| 339/585 [00:05:30<00:03:59,  1.03it/s, loss=0.0247]
Epoch 75:  59%|#####.....| 344/585 [00:05:36<00:03:55,  1.02it/s, loss=0.0248]
Epoch 75:  60%|#####.....| 350/585 [00:05:41<00:03:49,  1.02it/s, loss=0.0248]
Epoch 75:  61%|######....| 355/585 [00:05:47<00:03:44,  1.02it/s, loss=0.0248]
Epoch 75:  62%|######....| 361/585 [00:05:52<00:03:38,  1.02it/s, loss=0.0247]
Epoch 75:  63%|######....| 367/585 [00:05:57<00:03:32,  1.03it/s, loss=0.0247]
Epoch 75:  64%|######....| 372/585 [00:06:03<00:03:27,  1.02it/s, loss=0.0248]
Epoch 75:  64%|######....| 377/585 [00:06:08<00:03:23,  1.02it/s, loss=0.0247]
Epoch 75:  65%|######....| 383/585 [00:06:13<00:03:17,  1.02it/s, loss=0.0247]
Epoch 75:  66%|######....| 389/585 [00:06:18<00:03:10,  1.03it/s, loss=0.0246]
Epoch 75:  67%|######....| 394/585 [00:06:24<00:03:06,  1.02it/s, loss=0.0247]
Epoch 75:  68%|######....| 399/585 [00:06:30<00:03:01,  1.02it/s, loss=0.0246]
Epoch 75:  69%|######....| 405/585 [00:06:36<00:02:56,  1.02it/s, loss=0.0246]
Epoch 75:  70%|#######...| 411/585 [00:06:41<00:02:49,  1.02it/s, loss=0.0246]
Epoch 75:  71%|#######...| 417/585 [00:06:47<00:02:44,  1.02it/s, loss=0.0246]
Epoch 75:  72%|#######...| 423/585 [00:06:52<00:02:37,  1.03it/s, loss=0.0246]
Epoch 75:  73%|#######...| 429/585 [00:06:58<00:02:32,  1.03it/s, loss=0.0246]
Epoch 75:  74%|#######...| 435/585 [00:07:04<00:02:26,  1.02it/s, loss=0.0246]
Epoch 75:  75%|#######...| 441/585 [00:07:11<00:02:20,  1.02it/s, loss=0.0246]
Epoch 75:  76%|#######...| 447/585 [00:07:16<00:02:14,  1.02it/s, loss=0.0246]
Epoch 75:  77%|#######...| 453/585 [00:07:22<00:02:08,  1.02it/s, loss=0.0246]
Epoch 75:  78%|#######...| 459/585 [00:07:27<00:02:02,  1.03it/s, loss=0.0246]
Epoch 75:  79%|#######...| 463/585 [00:07:32<00:01:59,  1.02it/s, loss=0.0247]
Epoch 75:  80%|#######...| 467/585 [00:07:38<00:01:55,  1.02it/s, loss=0.0247]
Epoch 75:  81%|########..| 472/585 [00:07:44<00:01:51,  1.02it/s, loss=0.0248]
Epoch 75:  82%|########..| 478/585 [00:07:49<00:01:45,  1.02it/s, loss=0.0248]
Epoch 75:  83%|########..| 484/585 [00:07:55<00:01:39,  1.02it/s, loss=0.0247]
Epoch 75:  84%|########..| 490/585 [00:08:01<00:01:33,  1.02it/s, loss=0.0247]
Epoch 75:  85%|########..| 496/585 [00:08:06<00:01:27,  1.02it/s, loss=0.0247]
Epoch 75:  86%|########..| 502/585 [00:08:13<00:01:21,  1.02it/s, loss=0.0247]
Epoch 75:  87%|########..| 508/585 [00:08:18<00:01:15,  1.02it/s, loss=0.0246]
Epoch 75:  88%|########..| 513/585 [00:08:23<00:01:10,  1.02it/s, loss=0.0247]
Epoch 75:  89%|########..| 519/585 [00:08:29<00:01:04,  1.02it/s, loss=0.0247]
Epoch 75:  90%|########..| 524/585 [00:08:34<00:00:59,  1.02it/s, loss=0.0246]
Epoch 75:  91%|#########.| 531/585 [00:08:40<00:00:52,  1.02it/s, loss=0.0246]
Epoch 75:  92%|#########.| 536/585 [00:08:45<00:00:48,  1.02it/s, loss=0.0246]
Epoch 75:  93%|#########.| 542/585 [00:08:51<00:00:42,  1.02it/s, loss=0.0246]
Epoch 75:  94%|#########.| 548/585 [00:08:56<00:00:36,  1.02it/s, loss=0.0246]
Epoch 75:  95%|#########.| 553/585 [00:09:02<00:00:31,  1.02it/s, loss=0.0246]
Epoch 75:  95%|#########.| 558/585 [00:09:07<00:00:26,  1.02it/s, loss=0.0246]
Epoch 75:  96%|#########.| 564/585 [00:09:14<00:00:20,  1.02it/s, loss=0.0246]
Epoch 75:  97%|#########.| 570/585 [00:09:19<00:00:14,  1.02it/s, loss=0.0246]
Epoch 75:  98%|#########.| 576/585 [00:09:25<00:00:08,  1.02it/s, loss=0.0246]
Epoch 75:  99%|#########.| 581/585 [00:09:30<00:00:03,  1.02it/s, loss=0.0246]
Epoch 75: 100%|##########| 585/585 [00:09:34<00:00:00,  1.02it/s, loss=0.0246]
Test loss: 0.0244, Test rmsae: 7.21deg
{"event": "epoch_complete", "epoch": 75, "phase": 2, "lr": 1e-05, "batch_size": 10, "micro_batch_size": 1, "train_loss": 0.024634529352506512, "val_loss": 0.02444742590887472, "val_rmsae_deg": 7.207624480128288, "epoch_time_s": 575.4034905840017}
Epoch 76/80:
Epoch 76:   1%|..........| 6/585 [00:00:06<00:09:58,  0.97it/s, loss=0.0286]
Epoch 76:   2%|..........| 12/585 [00:00:11<00:09:27,  1.01it/s, loss=0.0265]
Epoch 76:   3%|..........| 18/585 [00:00:17<00:08:59,  1.05it/s, loss=0.0261]
Epoch 76:   4%|..........| 24/585 [00:00:22<00:08:38,  1.08it/s, loss=0.0261]
Epoch 76:   5%|..........| 30/585 [00:00:27<00:08:33,  1.08it/s, loss=0.0255]
Epoch 76:   6%|..........| 36/585 [00:00:33<00:08:23,  1.09it/s, loss=0.0253]
Epoch 76:   7%|..........| 42/585 [00:00:38<00:08:17,  1.09it/s, loss=0.0249]
Epoch 76:   8%|..........| 48/585 [00:00:44<00:08:18,  1.08it/s, loss=0.0251]
Epoch 76:   9%|..........| 53/585 [00:00:50<00:08:25,  1.05it/s, loss=0.0249]
Epoch 76:  10%|..........| 58/585 [00:00:55<00:08:24,  1.04it/s, loss=0.0247]
Epoch 76:  11%|#.........| 64/585 [00:01:00<00:08:15,  1.05it/s, loss=0.0246]
Epoch 76:  12%|#.........| 69/585 [00:01:06<00:08:19,  1.03it/s, loss=0.0244]
Epoch 76:  13%|#.........| 74/585 [00:01:12<00:08:19,  1.02it/s, loss=0.0248]
Epoch 76:  14%|#.........| 80/585 [00:01:18<00:08:12,  1.03it/s, loss=0.0249]
Epoch 76:  15%|#.........| 86/585 [00:01:23<00:08:03,  1.03it/s, loss=0.0248]
Epoch 76:  16%|#.........| 92/585 [00:01:28<00:07:56,  1.03it/s, loss=0.0247]
Epoch 76:  17%|#.........| 97/585 [00:01:34<00:07:53,  1.03it/s, loss=0.0247]
Epoch 76:  17%|#.........| 102/585 [00:01:39<00:07:50,  1.03it/s, loss=0.0248]
Epoch 76:  18%|#.........| 108/585 [00:01:44<00:07:43,  1.03it/s, loss=0.0246]
Epoch 76:  19%|#.........| 112/585 [00:01:50<00:07:48,  1.01it/s, loss=0.0245]
Epoch 76:  20%|##........| 118/585 [00:01:56<00:07:39,  1.02it/s, loss=0.0245]
Epoch 76:  21%|##........| 124/585 [00:02:02<00:07:36,  1.01it/s, loss=0.0244]
Epoch 76:  22%|##........| 129/585 [00:02:07<00:07:31,  1.01it/s, loss=0.0244]
Epoch 76:  23%|##........| 134/585 [00:02:12<00:07:27,  1.01it/s, loss=0.0244]
Epoch 76:  24%|##........| 140/585 [00:02:18<00:07:20,  1.01it/s, loss=0.0245]
Epoch 76:  25%|##........| 146/585 [00:02:24<00:07:13,  1.01it/s, loss=0.0244]
Epoch 76:  26%|##........| 151/585 [00:02:29<00:07:09,  1.01it/s, loss=0.0244]
Epoch 76:  27%|##........| 156/585 [00:02:34<00:07:05,  1.01it/s, loss=0.0244]
Epoch 76:  28%|##........| 161/585 [00:02:40<00:07:01,  1.01it/s, loss=0.0246]
Epoch 76:  29%|##........| 167/585 [00:02:45<00:06:55,  1.01it/s, loss=0.0246]
Epoch 76:  30%|##........| 173/585 [00:02:51<00:06:47,  1.01it/s, loss=0.0245]
Epoch 76:  30%|###.......| 178/585 [00:02:56<00:06:43,  1.01it/s, loss=0.0245]
Epoch 76:  31%|###.......| 183/585 [00:03:01<00:06:39,  1.01it/s, loss=0.0246]
Epoch 76:  32%|###.......| 189/585 [00:03:06<00:06:31,  1.01it/s, loss=0.0245]
Epoch 76:  33%|###.......| 194/585 [00:03:12<00:06:28,  1.01it/s, loss=0.0245]
Epoch 76:  34%|###.......| 200/585 [00:03:18<00:06:21,  1.01it/s, loss=0.0245]
Epoch 76:  35%|###.......| 206/585 [00:03:24<00:06:15,  1.01it/s, loss=0.0244]
Epoch 76:  36%|###.......| 211/585 [00:03:29<00:06:10,  1.01it/s, loss=0.0246]
Epoch 76:  37%|###.......| 217/585 [00:03:34<00:06:04,  1.01it/s, loss=0.0246]
Epoch 76:  38%|###.......| 223/585 [00:03:40<00:05:57,  1.01it/s, loss=0.0245]
Epoch 76:  39%|###.......| 229/585 [00:03:45<00:05:50,  1.02it/s, loss=0.0245]
Epoch 76:  40%|####......| 235/585 [00:03:51<00:05:44,  1.02it/s, loss=0.0245]
Epoch 76:  41%|####......| 240/585 [00:03:56<00:05:39,  1.01it/s, loss=0.0246]
Epoch 76:  42%|####......| 245/585 [00:04:01<00:05:35,  1.01it/s, loss=0.0247]
Epoch 76:  43%|####......| 250/585 [00:04:07<00:05:31,  1.01it/s, loss=0.0246]
Epoch 76:  44%|####......| 256/585 [00:04:12<00:05:24,  1.01it/s, loss=0.0247]
Epoch 76:  45%|####......| 262/585 [00:04:18<00:05:18,  1.01it/s, loss=0.0247]
Epoch 76:  46%|####......| 268/585 [00:04:24<00:05:13,  1.01it/s, loss=0.0246]
Epoch 76:  46%|####......| 272/585 [00:04:29<00:05:10,  1.01it/s, loss=0.0246]
Epoch 76:  47%|####......| 277/585 [00:04:34<00:05:05,  1.01it/s, loss=0.0245]
Epoch 76:  48%|####......| 283/585 [00:04:40<00:04:59,  1.01it/s, loss=0.0245]
Epoch 76:  49%|####......| 289/585 [00:04:45<00:04:52,  1.01it/s, loss=0.0245]
Epoch 76:  50%|#####.....| 294/585 [00:04:51<00:04:48,  1.01it/s, loss=0.0246]
Epoch 76:  51%|#####.....| 300/585 [00:04:56<00:04:41,  1.01it/s, loss=0.0246]
Epoch 76:  52%|#####.....| 305/585 [00:05:01<00:04:37,  1.01it/s, loss=0.0246]
Epoch 76:  53%|#####.....| 311/585 [00:05:07<00:04:30,  1.01it/s, loss=0.0246]
Epoch 76:  54%|#####.....| 316/585 [00:05:12<00:04:26,  1.01it/s, loss=0.0246]
Epoch 76:  55%|#####.....| 322/585 [00:05:18<00:04:19,  1.01it/s, loss=0.0246]
Epoch 76:  56%|#####.....| 328/585 [00:05:23<00:04:13,  1.01it/s, loss=0.0246]
Epoch 76:  57%|#####.....| 334/585 [00:05:28<00:04:07,  1.02it/s, loss=0.0246]
Epoch 76:  58%|#####.....| 340/585 [00:05:34<00:04:01,  1.02it/s, loss=0.0246]
Epoch 76:  59%|#####.....| 346/585 [00:05:40<00:03:55,  1.02it/s, loss=0.0246]
Epoch 76:  60%|######....| 352/585 [00:05:46<00:03:49,  1.02it/s, loss=0.0246]
Epoch 76:  61%|######....| 358/585 [00:05:52<00:03:43,  1.02it/s, loss=0.0246]
Epoch 76:  62%|######....| 362/585 [00:05:57<00:03:40,  1.01it/s, loss=0.0248]
Epoch 76:  63%|######....| 368/585 [00:06:02<00:03:33,  1.01it/s, loss=0.0248]
Epoch 76:  64%|######....| 374/585 [00:06:08<00:03:27,  1.02it/s, loss=0.0247]
Epoch 76:  65%|######....| 379/585 [00:06:13<00:03:22,  1.02it/s, loss=0.0247]
Epoch 76:  66%|######....| 385/585 [00:06:18<00:03:16,  1.02it/s, loss=0.0248]
Epoch 76:  67%|######....| 390/585 [00:06:23<00:03:11,  1.02it/s, loss=0.0249]
Epoch 76:  68%|######....| 396/585 [00:06:29<00:03:06,  1.02it/s, loss=0.0249]
Epoch 76:  69%|######....| 402/585 [00:06:35<00:03:00,  1.02it/s, loss=0.0249]
Epoch 76:  70%|######....| 408/585 [00:06:41<00:02:54,  1.02it/s, loss=0.0249]
Epoch 76:  71%|#######...| 414/585 [00:06:47<00:02:48,  1.02it/s, loss=0.0248]
Epoch 76:  72%|#######...| 419/585 [00:06:52<00:02:43,  1.01it/s, loss=0.0248]
Epoch 76:  72%|#######...| 424/585 [00:06:58<00:02:38,  1.01it/s, loss=0.0248]
Epoch 76:  74%|#######...| 430/585 [00:07:04<00:02:33,  1.01it/s, loss=0.0249]
Epoch 76:  75%|#######...| 436/585 [00:07:10<00:02:26,  1.01it/s, loss=0.0249]
Epoch 76:  76%|#######...| 442/585 [00:07:15<00:02:21,  1.01it/s, loss=0.0248]
Epoch 76:  76%|#######...| 447/585 [00:07:21<00:02:16,  1.01it/s, loss=0.0248]
Epoch 76:  77%|#######...| 452/585 [00:07:26<00:02:11,  1.01it/s, loss=0.0248]
Epoch 76:  78%|#######...| 457/585 [00:07:31<00:02:06,  1.01it/s, loss=0.0248]
Epoch 76:  79%|#######...| 463/585 [00:07:36<00:02:00,  1.01it/s, loss=0.0248]
Epoch 76:  80%|########..| 469/585 [00:07:41<00:01:54,  1.02it/s, loss=0.0247]
Epoch 76:  81%|########..| 475/585 [00:07:48<00:01:48,  1.01it/s, loss=0.0247]
Epoch 76:  82%|########..| 480/585 [00:07:53<00:01:43,  1.01it/s, loss=0.0247]
Epoch 76:  83%|########..| 486/585 [00:07:59<00:01:37,  1.01it/s, loss=0.0247]
Epoch 76:  84%|########..| 492/585 [00:08:04<00:01:31,  1.02it/s, loss=0.0247]
Epoch 76:  85%|########..| 497/585 [00:08:09<00:01:26,  1.01it/s, loss=0.0247]
Epoch 76:  86%|########..| 503/585 [00:08:15<00:01:20,  1.01it/s, loss=0.0247]
Epoch 76:  87%|########..| 509/585 [00:08:20<00:01:14,  1.02it/s, loss=0.0247]
Epoch 76:  88%|########..| 514/585 [00:08:26<00:01:09,  1.02it/s, loss=0.0247]
Epoch 76:  89%|########..| 520/585 [00:08:32<00:01:04,  1.01it/s, loss=0.0247]
Epoch 76:  90%|########..| 526/585 [00:08:37<00:00:58,  1.02it/s, loss=0.0246]
Epoch 76:  91%|#########.| 531/585 [00:08:42<00:00:53,  1.02it/s, loss=0.0246]
Epoch 76:  92%|#########.| 536/585 [00:08:48<00:00:48,  1.01it/s, loss=0.0247]
Epoch 76:  93%|#########.| 542/585 [00:08:53<00:00:42,  1.02it/s, loss=0.0247]
Epoch 76:  94%|#########.| 548/585 [00:08:59<00:00:36,  1.02it/s, loss=0.0247]
Epoch 76:  95%|#########.| 554/585 [00:09:04<00:00:30,  1.02it/s, loss=0.0247]
Epoch 76:  96%|#########.| 560/585 [00:09:10<00:00:24,  1.02it/s, loss=0.0247]
Epoch 76:  97%|#########.| 565/585 [00:09:15<00:00:19,  1.02it/s, loss=0.0247]
Epoch 76:  97%|#########.| 570/585 [00:09:21<00:00:14,  1.02it/s, loss=0.0247]
Epoch 76:  98%|#########.| 574/585 [00:09:26<00:00:10,  1.01it/s, loss=0.0247]
Epoch 76:  99%|#########.| 580/585 [00:09:32<00:00:04,  1.01it/s, loss=0.0247]
Epoch 76: 100%|#########.| 584/585 [00:09:37<00:00:00,  1.01it/s, loss=0.0247]
Epoch 76: 100%|##########| 585/585 [00:09:38<00:00:00,  1.01it/s, loss=0.0247]
Test loss: 0.0245, Test rmsae: 7.39deg
{"event": "epoch_complete", "epoch": 76, "phase": 2, "lr": 1e-05, "batch_size": 10, "micro_batch_size": 1, "train_loss": 0.02469916762545323, "val_loss": 0.024498433573171496, "val_rmsae_deg": 7.385836184024811, "epoch_time_s": 579.076176362003}
Epoch 77/80:
Epoch 77:   1%|..........| 5/585 [00:00:05<00:10:16,  0.94it/s, loss=0.0231]
Epoch 77:   2%|..........| 11/585 [00:00:10<00:09:16,  1.03it/s, loss=0.0235]
Epoch 77:   3%|..........| 16/585 [00:00:15<00:09:21,  1.01it/s, loss=0.0254]
Epoch 77:   4%|..........| 22/585 [00:00:21<00:09:19,  1.01it/s, loss=0.0250]
Epoch 77:   5%|..........| 27/585 [00:00:26<00:09:16,  1.00it/s, loss=0.0245]
Epoch 77:   5%|..........| 32/585 [00:00:32<00:09:15,  0.99it/s, loss=0.0243]
Epoch 77:   6%|..........| 38/585 [00:00:37<00:09:05,  1.00it/s, loss=0.0245]
Epoch 77:   8%|..........| 44/585 [00:00:43<00:08:51,  1.02it/s, loss=0.0239]
Epoch 77:   9%|..........| 50/585 [00:00:48<00:08:39,  1.03it/s, loss=0.0239]
Epoch 77:  10%|..........| 56/585 [00:00:53<00:08:27,  1.04it/s, loss=0.0237]
Epoch 77:  11%|#.........| 62/585 [00:00:59<00:08:18,  1.05it/s, loss=0.0234]
Epoch 77:  11%|#.........| 67/585 [00:01:05<00:08:23,  1.03it/s, loss=0.0233]
Epoch 77:  12%|#.........| 73/585 [00:01:11<00:08:20,  1.02it/s, loss=0.0232]
Epoch 77:  13%|#.........| 78/585 [00:01:17<00:08:22,  1.01it/s, loss=0.0234]
Epoch 77:  14%|#.........| 84/585 [00:01:22<00:08:14,  1.01it/s, loss=0.0239]
Epoch 77:  15%|#.........| 90/585 [00:01:28<00:08:07,  1.01it/s, loss=0.0237]
Epoch 77:  16%|#.........| 95/585 [00:01:33<00:08:04,  1.01it/s, loss=0.0238]
Epoch 77:  17%|#.........| 100/585 [00:01:39<00:08:02,  1.00it/s, loss=0.0238]
Epoch 77:  18%|#.........| 105/585 [00:01:44<00:07:59,  1.00it/s, loss=0.0237]
Epoch 77:  19%|#.........| 111/585 [00:01:50<00:07:50,  1.01it/s, loss=0.0237]
Epoch 77:  20%|##........| 117/585 [00:01:55<00:07:42,  1.01it/s, loss=0.0237]
Epoch 77:  21%|##........| 122/585 [00:02:01<00:07:40,  1.01it/s, loss=0.0237]
Epoch 77:  22%|##........| 128/585 [00:02:07<00:07:33,  1.01it/s, loss=0.0238]
Epoch 77:  23%|##........| 134/585 [00:02:12<00:07:25,  1.01it/s, loss=0.0239]
Epoch 77:  24%|##........| 140/585 [00:02:18<00:07:19,  1.01it/s, loss=0.0240]
Epoch 77:  25%|##........| 145/585 [00:02:23<00:07:14,  1.01it/s, loss=0.0240]
Epoch 77:  26%|##........| 151/585 [00:02:28<00:07:08,  1.01it/s, loss=0.0240]
Epoch 77:  27%|##........| 157/585 [00:02:34<00:07:00,  1.02it/s, loss=0.0239]
Epoch 77:  28%|##........| 163/585 [00:02:40<00:06:54,  1.02it/s, loss=0.0239]
Epoch 77:  29%|##........| 169/585 [00:02:45<00:06:48,  1.02it/s, loss=0.0239]
Epoch 77:  30%|##........| 175/585 [00:02:51<00:06:41,  1.02it/s, loss=0.0239]
Epoch 77:  31%|###.......| 180/585 [00:02:56<00:06:36,  1.02it/s, loss=0.0241]
Epoch 77:  32%|###.......| 185/585 [00:03:01<00:06:32,  1.02it/s, loss=0.0242]
Epoch 77:  32%|###.......| 190/585 [00:03:06<00:06:28,  1.02it/s, loss=0.0242]
Epoch 77:  34%|###.......| 196/585 [00:03:12<00:06:22,  1.02it/s, loss=0.0243]
Epoch 77:  35%|###.......| 202/585 [00:03:18<00:06:16,  1.02it/s, loss=0.0242]
Epoch 77:  36%|###.......| 208/585 [00:03:24<00:06:11,  1.02it/s, loss=0.0242]
Epoch 77:  36%|###.......| 212/585 [00:03:29<00:06:09,  1.01it/s, loss=0.0243]
Epoch 77:  37%|###.......| 218/585 [00:03:35<00:06:02,  1.01it/s, loss=0.0242]
Epoch 77:  38%|###.......| 223/585 [00:03:40<00:05:57,  1.01it/s, loss=0.0242]
Epoch 77:  39%|###.......| 229/585 [00:03:47<00:05:53,  1.01it/s, loss=0.0242]
Epoch 77:  40%|####......| 235/585 [00:03:52<00:05:46,  1.01it/s, loss=0.0243]
Epoch 77:  41%|####......| 241/585 [00:03:58<00:05:40,  1.01it/s, loss=0.0243]
Epoch 77:  42%|####......| 247/585 [00:04:04<00:05:34,  1.01it/s, loss=0.0243]
Epoch 77:  43%|####......| 253/585 [00:04:09<00:05:27,  1.01it/s, loss=0.0243]
Epoch 77:  44%|####......| 259/585 [00:04:15<00:05:21,  1.01it/s, loss=0.0243]
Epoch 77:  45%|####......| 265/585 [00:04:21<00:05:15,  1.02it/s, loss=0.0243]
Epoch 77:  46%|####......| 270/585 [00:04:26<00:05:11,  1.01it/s, loss=0.0243]
Epoch 77:  47%|####......| 276/585 [00:04:33<00:05:05,  1.01it/s, loss=0.0243]
Epoch 77:  48%|####......| 282/585 [00:04:39<00:05:00,  1.01it/s, loss=0.0243]
Epoch 77:  49%|####......| 288/585 [00:04:45<00:04:53,  1.01it/s, loss=0.0243]
Epoch 77:  50%|#####.....| 294/585 [00:04:50<00:04:47,  1.01it/s, loss=0.0243]
Epoch 77:  51%|#####.....| 300/585 [00:04:56<00:04:41,  1.01it/s, loss=0.0243]
Epoch 77:  52%|#####.....| 305/585 [00:05:01<00:04:36,  1.01it/s, loss=0.0243]
Epoch 77:  53%|#####.....| 311/585 [00:05:06<00:04:30,  1.01it/s, loss=0.0243]
Epoch 77:  54%|#####.....| 317/585 [00:05:12<00:04:23,  1.02it/s, loss=0.0242]
Epoch 77:  55%|#####.....| 323/585 [00:05:17<00:04:17,  1.02it/s, loss=0.0242]
Epoch 77:  56%|#####.....| 328/585 [00:05:23<00:04:13,  1.02it/s, loss=0.0242]
Epoch 77:  57%|#####.....| 334/585 [00:05:28<00:04:06,  1.02it/s, loss=0.0242]
Epoch 77:  58%|#####.....| 339/585 [00:05:33<00:04:02,  1.02it/s, loss=0.0242]
Epoch 77:  59%|#####.....| 344/585 [00:05:39<00:03:57,  1.01it/s, loss=0.0242]
Epoch 77:  60%|#####.....| 350/585 [00:05:44<00:03:51,  1.02it/s, loss=0.0242]
Epoch 77:  61%|######....| 356/585 [00:05:50<00:03:45,  1.02it/s, loss=0.0241]
Epoch 77:  62%|######....| 361/585 [00:05:56<00:03:40,  1.01it/s, loss=0.0241]
Epoch 77:  63%|######....| 367/585 [00:06:01<00:03:35,  1.01it/s, loss=0.0241]
Epoch 77:  64%|######....| 373/585 [00:06:07<00:03:29,  1.01it/s, loss=0.0241]
Epoch 77:  65%|######....| 379/585 [00:06:13<00:03:23,  1.01it/s, loss=0.0240]
Epoch 77:  66%|######....| 384/585 [00:06:18<00:03:18,  1.01it/s, loss=0.0240]
Epoch 77:  67%|######....| 390/585 [00:06:24<00:03:12,  1.01it/s, loss=0.0240]
Epoch 77:  68%|######....| 396/585 [00:06:30<00:03:06,  1.01it/s, loss=0.0240]
Epoch 77:  69%|######....| 401/585 [00:06:35<00:03:01,  1.01it/s, loss=0.0240]
Epoch 77:  69%|######....| 406/585 [00:06:41<00:02:57,  1.01it/s, loss=0.0240]
Epoch 77:  70%|#######...| 412/585 [00:06:46<00:02:50,  1.01it/s, loss=0.0240]
Epoch 77:  71%|#######...| 417/585 [00:06:52<00:02:46,  1.01it/s, loss=0.0239]
Epoch 77:  72%|#######...| 423/585 [00:06:58<00:02:40,  1.01it/s, loss=0.0239]
Epoch 77:  73%|#######...| 429/585 [00:07:04<00:02:34,  1.01it/s, loss=0.0240]
Epoch 77:  74%|#######...| 434/585 [00:07:09<00:02:29,  1.01it/s, loss=0.0240]
Epoch 77:  75%|#######...| 439/585 [00:07:15<00:02:24,  1.01it/s, loss=0.0241]
Epoch 77:  76%|#######...| 445/585 [00:07:21<00:02:18,  1.01it/s, loss=0.0241]
Epoch 77:  77%|#######...| 451/585 [00:07:26<00:02:12,  1.01it/s, loss=0.0241]
Epoch 77:  78%|#######...| 457/585 [00:07:32<00:02:06,  1.01it/s, loss=0.0241]
Epoch 77:  79%|#######...| 463/585 [00:07:38<00:02:00,  1.01it/s, loss=0.0240]
Epoch 77:  80%|########..| 468/585 [00:07:43<00:01:55,  1.01it/s, loss=0.0241]
Epoch 77:  81%|########..| 473/585 [00:07:48<00:01:50,  1.01it/s, loss=0.0240]
Epoch 77:  82%|########..| 479/585 [00:07:54<00:01:45,  1.01it/s, loss=0.0240]
Epoch 77:  83%|########..| 485/585 [00:08:00<00:01:39,  1.01it/s, loss=0.0240]
Epoch 77:  84%|########..| 490/585 [00:08:05<00:01:34,  1.01it/s, loss=0.0240]
Epoch 77:  85%|########..| 496/585 [00:08:11<00:01:28,  1.01it/s, loss=0.0240]
Epoch 77:  86%|########..| 502/585 [00:08:16<00:01:22,  1.01it/s, loss=0.0240]
Epoch 77:  87%|########..| 508/585 [00:08:22<00:01:16,  1.01it/s, loss=0.0240]
Epoch 77:  88%|########..| 514/585 [00:08:28<00:01:10,  1.01it/s, loss=0.0240]
Epoch 77:  89%|########..| 520/585 [00:08:34<00:01:04,  1.01it/s, loss=0.0242]
Epoch 77:  90%|########..| 526/585 [00:08:40<00:00:58,  1.01it/s, loss=0.0242]
Epoch 77:  91%|#########.| 531/585 [00:08:45<00:00:53,  1.01it/s, loss=0.0242]
Epoch 77:  92%|#########.| 537/585 [00:08:51<00:00:47,  1.01it/s, loss=0.0242]
Epoch 77:  93%|#########.| 543/585 [00:08:57<00:00:41,  1.01it/s, loss=0.0241]
Epoch 77:  94%|#########.| 549/585 [00:09:02<00:00:35,  1.01it/s, loss=0.0241]
Epoch 77:  95%|#########.| 554/585 [00:09:08<00:00:30,  1.01it/s, loss=0.0241]
Epoch 77:  96%|#########.| 560/585 [00:09:13<00:00:24,  1.01it/s, loss=0.0241]
Epoch 77:  97%|#########.| 565/585 [00:09:19<00:00:19,  1.01it/s, loss=0.0241]
Epoch 77:  98%|#########.| 571/585 [00:09:24<00:00:13,  1.01it/s, loss=0.0241]
Epoch 77:  99%|#########.| 577/585 [00:09:29<00:00:07,  1.01it/s, loss=0.0241]
Epoch 77: 100%|#########.| 583/585 [00:09:35<00:00:01,  1.01it/s, loss=0.0241]
Epoch 77: 100%|##########| 585/585 [00:09:37<00:00:00,  1.01it/s, loss=0.0241]
Test loss: 0.0245, Test rmsae: 7.25deg
{"event": "epoch_complete", "epoch": 77, "phase": 2, "lr": 1e-05, "batch_size": 10, "micro_batch_size": 1, "train_loss": 0.02412717519566799, "val_loss": 0.024507314839866012, "val_rmsae_deg": 7.247314214706421, "epoch_time_s": 578.2185362659948}
Epoch 78/80:
Epoch 78:   1%|..........| 5/585 [00:00:05<00:09:56,  0.97it/s, loss=0.0231]
Epoch 78:   2%|..........| 11/585 [00:00:11<00:09:50,  0.97it/s, loss=0.0231]
Epoch 78:   3%|..........| 16/585 [00:00:16<00:09:48,  0.97it/s, loss=0.0224]
Epoch 78:   4%|..........| 21/585 [00:00:21<00:09:40,  0.97it/s, loss=0.0232]
Epoch 78:   5%|..........| 27/585 [00:00:27<00:09:27,  0.98it/s, loss=0.0237]
Epoch 78:   5%|..........| 32/585 [00:00:32<00:09:27,  0.97it/s, loss=0.0234]
Epoch 78:   6%|..........| 38/585 [00:00:38<00:09:16,  0.98it/s, loss=0.0236]
Epoch 78:   7%|..........| 43/585 [00:00:43<00:09:11,  0.98it/s, loss=0.0241]
Epoch 78:   8%|..........| 48/585 [00:00:48<00:09:07,  0.98it/s, loss=0.0239]
Epoch 78:   9%|..........| 53/585 [00:00:54<00:09:07,  0.97it/s, loss=0.0239]
Epoch 78:  10%|#.........| 59/585 [00:00:59<00:08:54,  0.98it/s, loss=0.0241]
Epoch 78:  11%|#.........| 63/585 [00:01:05<00:09:00,  0.97it/s, loss=0.0246]
Epoch 78:  12%|#.........| 69/585 [00:01:10<00:08:48,  0.98it/s, loss=0.0249]
Epoch 78:  13%|#.........| 75/585 [00:01:16<00:08:41,  0.98it/s, loss=0.0249]
Epoch 78:  14%|#.........| 81/585 [00:01:22<00:08:33,  0.98it/s, loss=0.0249]
Epoch 78:  15%|#.........| 87/585 [00:01:29<00:08:31,  0.97it/s, loss=0.0249]
Epoch 78:  16%|#.........| 92/585 [00:01:34<00:08:26,  0.97it/s, loss=0.0249]
Epoch 78:  17%|#.........| 97/585 [00:01:39<00:08:22,  0.97it/s, loss=0.0249]
Epoch 78:  18%|#.........| 103/585 [00:01:45<00:08:11,  0.98it/s, loss=0.0247]
Epoch 78:  18%|#.........| 108/585 [00:01:50<00:08:07,  0.98it/s, loss=0.0246]
Epoch 78:  19%|#.........| 113/585 [00:01:55<00:08:02,  0.98it/s, loss=0.0245]
Epoch 78:  20%|##........| 119/585 [00:02:00<00:07:51,  0.99it/s, loss=0.0247]
Epoch 78:  21%|##........| 124/585 [00:02:05<00:07:48,  0.98it/s, loss=0.0247]
Epoch 78:  22%|##........| 130/585 [00:02:11<00:07:39,  0.99it/s, loss=0.0247]
Epoch 78:  23%|##........| 136/585 [00:02:17<00:07:32,  0.99it/s, loss=0.0246]
Epoch 78:  24%|##........| 142/585 [00:02:22<00:07:24,  1.00it/s, loss=0.0245]
Epoch 78:  25%|##........| 147/585 [00:02:27<00:07:20,  1.00it/s, loss=0.0245]
Epoch 78:  26%|##........| 154/585 [00:02:33<00:07:10,  1.00it/s, loss=0.0244]
Epoch 78:  27%|##........| 160/585 [00:02:39<00:07:03,  1.00it/s, loss=0.0245]
Epoch 78:  28%|##........| 166/585 [00:02:44<00:06:56,  1.01it/s, loss=0.0245]
Epoch 78:  29%|##........| 172/585 [00:02:50<00:06:49,  1.01it/s, loss=0.0244]
Epoch 78:  30%|###.......| 178/585 [00:02:56<00:06:43,  1.01it/s, loss=0.0244]
Epoch 78:  31%|###.......| 184/585 [00:03:01<00:06:36,  1.01it/s, loss=0.0243]
Epoch 78:  32%|###.......| 189/585 [00:03:07<00:06:32,  1.01it/s, loss=0.0243]
Epoch 78:  33%|###.......| 195/585 [00:03:12<00:06:25,  1.01it/s, loss=0.0242]
Epoch 78:  34%|###.......| 200/585 [00:03:18<00:06:21,  1.01it/s, loss=0.0241]
Epoch 78:  35%|###.......| 205/585 [00:03:23<00:06:16,  1.01it/s, loss=0.0241]
Epoch 78:  36%|###.......| 211/585 [00:03:28<00:06:09,  1.01it/s, loss=0.0241]
Epoch 78:  37%|###.......| 217/585 [00:03:34<00:06:03,  1.01it/s, loss=0.0241]
Epoch 78:  38%|###.......| 223/585 [00:03:40<00:05:57,  1.01it/s, loss=0.0241]
Epoch 78:  39%|###.......| 229/585 [00:03:45<00:05:50,  1.01it/s, loss=0.0241]
Epoch 78:  40%|####......| 234/585 [00:03:50<00:05:46,  1.01it/s, loss=0.0242]
Epoch 78:  41%|####......| 239/585 [00:03:55<00:05:41,  1.01it/s, loss=0.0243]
Epoch 78:  42%|####......| 244/585 [00:04:01<00:05:37,  1.01it/s, loss=0.0243]
Epoch 78:  43%|####......| 250/585 [00:04:07<00:05:31,  1.01it/s, loss=0.0242]
Epoch 78:  44%|####......| 255/585 [00:04:12<00:05:26,  1.01it/s, loss=0.0243]
Epoch 78:  44%|####......| 259/585 [00:04:17<00:05:24,  1.01it/s, loss=0.0245]
Epoch 78:  45%|####......| 265/585 [00:04:22<00:05:17,  1.01it/s, loss=0.0245]
Epoch 78:  46%|####......| 271/585 [00:04:28<00:05:10,  1.01it/s, loss=0.0244]
Epoch 78:  47%|####......| 277/585 [00:04:33<00:05:04,  1.01it/s, loss=0.0244]
Epoch 78:  48%|####......| 282/585 [00:04:39<00:05:00,  1.01it/s, loss=0.0245]
Epoch 78:  49%|####......| 288/585 [00:04:44<00:04:53,  1.01it/s, loss=0.0244]
Epoch 78:  50%|#####.....| 293/585 [00:04:50<00:04:49,  1.01it/s, loss=0.0244]
Epoch 78:  51%|#####.....| 299/585 [00:04:55<00:04:42,  1.01it/s, loss=0.0245]
Epoch 78:  52%|#####.....| 304/585 [00:05:00<00:04:38,  1.01it/s, loss=0.0245]
Epoch 78:  53%|#####.....| 309/585 [00:05:05<00:04:33,  1.01it/s, loss=0.0245]
Epoch 78:  54%|#####.....| 315/585 [00:05:12<00:04:27,  1.01it/s, loss=0.0246]
Epoch 78:  55%|#####.....| 320/585 [00:05:17<00:04:23,  1.01it/s, loss=0.0246]
Epoch 78:  56%|#####.....| 325/585 [00:05:23<00:04:19,  1.00it/s, loss=0.0247]
Epoch 78:  56%|#####.....| 330/585 [00:05:29<00:04:14,  1.00it/s, loss=0.0247]
Epoch 78:  57%|#####.....| 336/585 [00:05:34<00:04:08,  1.00it/s, loss=0.0247]
Epoch 78:  58%|#####.....| 342/585 [00:05:40<00:04:02,  1.00it/s, loss=0.0247]
Epoch 78:  59%|#####.....| 347/585 [00:05:45<00:03:57,  1.00it/s, loss=0.0247]
Epoch 78:  60%|######....| 352/585 [00:05:50<00:03:52,  1.00it/s, loss=0.0248]
Epoch 78:  61%|######....| 358/585 [00:05:55<00:03:45,  1.01it/s, loss=0.0247]
Epoch 78:  62%|######....| 363/585 [00:06:01<00:03:40,  1.01it/s, loss=0.0247]
Epoch 78:  63%|######....| 369/585 [00:06:06<00:03:34,  1.01it/s, loss=0.0248]
Epoch 78:  64%|######....| 373/585 [00:06:12<00:03:31,  1.00it/s, loss=0.0248]
Epoch 78:  65%|######....| 378/585 [00:06:17<00:03:26,  1.00it/s, loss=0.0247]
Epoch 78:  66%|######....| 384/585 [00:06:23<00:03:20,  1.00it/s, loss=0.0247]
Epoch 78:  67%|######....| 390/585 [00:06:29<00:03:14,  1.00it/s, loss=0.0247]
Epoch 78:  68%|######....| 395/585 [00:06:34<00:03:09,  1.00it/s, loss=0.0247]
Epoch 78:  68%|######....| 400/585 [00:06:40<00:03:05,  1.00it/s, loss=0.0248]
Epoch 78:  69%|######....| 406/585 [00:06:45<00:02:58,  1.00it/s, loss=0.0247]
Epoch 78:  70%|#######...| 411/585 [00:06:50<00:02:53,  1.00it/s, loss=0.0247]
Epoch 78:  71%|#######...| 416/585 [00:06:56<00:02:49,  1.00it/s, loss=0.0246]
Epoch 78:  72%|#######...| 422/585 [00:07:01<00:02:42,  1.00it/s, loss=0.0246]
Epoch 78:  73%|#######...| 428/585 [00:07:07<00:02:36,  1.00it/s, loss=0.0246]
Epoch 78:  74%|#######...| 434/585 [00:07:13<00:02:30,  1.00it/s, loss=0.0246]
Epoch 78:  75%|#######...| 439/585 [00:07:18<00:02:25,  1.00it/s, loss=0.0245]
Epoch 78:  76%|#######...| 445/585 [00:07:23<00:02:19,  1.00it/s, loss=0.0245]
Epoch 78:  77%|#######...| 450/585 [00:07:29<00:02:14,  1.00it/s, loss=0.0245]
Epoch 78:  78%|#######...| 455/585 [00:07:35<00:02:10,  1.00it/s, loss=0.0246]
Epoch 78:  79%|#######...| 461/585 [00:07:40<00:02:03,  1.00it/s, loss=0.0246]
Epoch 78:  80%|#######...| 466/585 [00:07:45<00:01:58,  1.00it/s, loss=0.0246]
Epoch 78:  81%|########..| 471/585 [00:07:51<00:01:54,  1.00it/s, loss=0.0246]
Epoch 78:  82%|########..| 477/585 [00:07:56<00:01:47,  1.00it/s, loss=0.0246]
Epoch 78:  82%|########..| 482/585 [00:08:02<00:01:43,  1.00it/s, loss=0.0246]
Epoch 78:  83%|########..| 487/585 [00:08:07<00:01:38,  1.00it/s, loss=0.0246]
Epoch 78:  84%|########..| 493/585 [00:08:13<00:01:32,  1.00it/s, loss=0.0246]
Epoch 78:  85%|########..| 499/585 [00:08:19<00:01:26,  1.00it/s, loss=0.0246]
Epoch 78:  86%|########..| 505/585 [00:08:26<00:01:20,  1.00it/s, loss=0.0246]
Epoch 78:  87%|########..| 510/585 [00:08:31<00:01:15,  1.00it/s, loss=0.0246]
Epoch 78:  88%|########..| 515/585 [00:08:36<00:01:10,  1.00it/s, loss=0.0246]
Epoch 78:  89%|########..| 520/585 [00:08:42<00:01:05,  1.00it/s, loss=0.0245]
Epoch 78:  90%|########..| 526/585 [00:08:47<00:00:59,  1.00it/s, loss=0.0245]
Epoch 78:  91%|#########.| 531/585 [00:08:54<00:00:54,  0.99it/s, loss=0.0245]
Epoch 78:  92%|#########.| 536/585 [00:08:59<00:00:49,  0.99it/s, loss=0.0245]
Epoch 78:  92%|#########.| 541/585 [00:09:05<00:00:44,  0.99it/s, loss=0.0245]
Epoch 78:  94%|#########.| 547/585 [00:09:10<00:00:38,  0.99it/s, loss=0.0245]
Epoch 78:  95%|#########.| 553/585 [00:09:16<00:00:32,  0.99it/s, loss=0.0245]
Epoch 78:  96%|#########.| 559/585 [00:09:21<00:00:26,  1.00it/s, loss=0.0244]
Epoch 78:  97%|#########.| 565/585 [00:09:27<00:00:20,  1.00it/s, loss=0.0245]
Epoch 78:  98%|#########.| 571/585 [00:09:32<00:00:14,  1.00it/s, loss=0.0245]
Epoch 78:  99%|#########.| 577/585 [00:09:39<00:00:08,  1.00it/s, loss=0.0245]
Epoch 78:  99%|#########.| 582/585 [00:09:44<00:00:03,  1.00it/s, loss=0.0245]
Epoch 78: 100%|##########| 585/585 [00:09:46<00:00:00,  1.00it/s, loss=0.0245]
Test loss: 0.0246, Test rmsae: 7.50deg
{"event": "epoch_complete", "epoch": 78, "phase": 2, "lr": 1e-05, "batch_size": 10, "micro_batch_size": 1, "train_loss": 0.024460291591847046, "val_loss": 0.02457665605470538, "val_rmsae_deg": 7.496263235807419, "epoch_time_s": 587.7623979769996}
Epoch 79/80:
Epoch 79:   1%|..........| 5/585 [00:00:05<00:09:58,  0.97it/s, loss=0.0213]
Epoch 79:   2%|..........| 10/585 [00:00:10<00:10:02,  0.95it/s, loss=0.0283]
Epoch 79:   3%|..........| 16/585 [00:00:15<00:09:26,  1.00it/s, loss=0.0298]
Epoch 79:   3%|..........| 20/585 [00:00:21<00:09:54,  0.95it/s, loss=0.0291]
Epoch 79:   4%|..........| 26/585 [00:00:26<00:09:31,  0.98it/s, loss=0.0286]
Epoch 79:   5%|..........| 32/585 [00:00:32<00:09:20,  0.99it/s, loss=0.0282]
Epoch 79:   6%|..........| 36/585 [00:00:38<00:09:42,  0.94it/s, loss=0.0279]
Epoch 79:   7%|..........| 41/585 [00:00:43<00:09:36,  0.94it/s, loss=0.0277]
Epoch 79:   8%|..........| 46/585 [00:00:48<00:09:29,  0.95it/s, loss=0.0277]
Epoch 79:   9%|..........| 51/585 [00:00:53<00:09:21,  0.95it/s, loss=0.0272]
Epoch 79:  10%|..........| 57/585 [00:00:59<00:09:09,  0.96it/s, loss=0.0270]
Epoch 79:  11%|#.........| 63/585 [00:01:05<00:09:00,  0.97it/s, loss=0.0265]
Epoch 79:  12%|#.........| 69/585 [00:01:10<00:08:49,  0.97it/s, loss=0.0261]
Epoch 79:  13%|#.........| 75/585 [00:01:16<00:08:38,  0.98it/s, loss=0.0258]
Epoch 79:  14%|#.........| 81/585 [00:01:23<00:08:37,  0.97it/s, loss=0.0255]
Epoch 79:  15%|#.........| 86/585 [00:01:28<00:08:33,  0.97it/s, loss=0.0255]
Epoch 79:  16%|#.........| 92/585 [00:01:34<00:08:26,  0.97it/s, loss=0.0256]
Epoch 79:  17%|#.........| 98/585 [00:01:39<00:08:16,  0.98it/s, loss=0.0255]
Epoch 79:  18%|#.........| 103/585 [00:01:45<00:08:13,  0.98it/s, loss=0.0255]
Epoch 79:  19%|#.........| 109/585 [00:01:52<00:08:09,  0.97it/s, loss=0.0255]
Epoch 79:  20%|#.........| 115/585 [00:01:57<00:08:01,  0.98it/s, loss=0.0257]
Epoch 79:  21%|##........| 121/585 [00:02:03<00:07:52,  0.98it/s, loss=0.0255]
Epoch 79:  22%|##........| 127/585 [00:02:08<00:07:43,  0.99it/s, loss=0.0260]
Epoch 79:  23%|##........| 133/585 [00:02:14<00:07:35,  0.99it/s, loss=0.0258]
Epoch 79:  24%|##........| 139/585 [00:02:19<00:07:28,  0.99it/s, loss=0.0259]
Epoch 79:  25%|##........| 145/585 [00:02:25<00:07:21,  1.00it/s, loss=0.0260]
Epoch 79:  26%|##........| 151/585 [00:02:30<00:07:13,  1.00it/s, loss=0.0259]
Epoch 79:  26%|##........| 155/585 [00:02:35<00:07:12,  0.99it/s, loss=0.0258]
Epoch 79:  28%|##........| 161/585 [00:02:41<00:07:05,  1.00it/s, loss=0.0258]
Epoch 79:  28%|##........| 166/585 [00:02:46<00:07:00,  1.00it/s, loss=0.0257]
Epoch 79:  29%|##........| 172/585 [00:02:51<00:06:52,  1.00it/s, loss=0.0257]
Epoch 79:  30%|###.......| 177/585 [00:02:56<00:06:47,  1.00it/s, loss=0.0256]
Epoch 79:  31%|###.......| 183/585 [00:03:02<00:06:41,  1.00it/s, loss=0.0255]
Epoch 79:  32%|###.......| 188/585 [00:03:08<00:06:37,  1.00it/s, loss=0.0255]
Epoch 79:  33%|###.......| 193/585 [00:03:13<00:06:32,  1.00it/s, loss=0.0255]
Epoch 79:  34%|###.......| 199/585 [00:03:19<00:06:26,  1.00it/s, loss=0.0255]
Epoch 79:  35%|###.......| 205/585 [00:03:24<00:06:18,  1.00it/s, loss=0.0253]
Epoch 79:  36%|###.......| 210/585 [00:03:29<00:06:13,  1.00it/s, loss=0.0253]
Epoch 79:  37%|###.......| 216/585 [00:03:36<00:06:09,  1.00it/s, loss=0.0254]
Epoch 79:  38%|###.......| 222/585 [00:03:41<00:06:01,  1.00it/s, loss=0.0254]
Epoch 79:  39%|###.......| 227/585 [00:03:46<00:05:57,  1.00it/s, loss=0.0253]
Epoch 79:  40%|###.......| 233/585 [00:03:51<00:05:50,  1.00it/s, loss=0.0253]
Epoch 79:  41%|####......| 239/585 [00:03:57<00:05:44,  1.01it/s, loss=0.0254]
Epoch 79:  42%|####......| 244/585 [00:04:02<00:05:39,  1.01it/s, loss=0.0253]
Epoch 79:  43%|####......| 249/585 [00:04:07<00:05:34,  1.00it/s, loss=0.0253]
Epoch 79:  43%|####......| 253/585 [00:04:13<00:05:32,  1.00it/s, loss=0.0253]
Epoch 79:  44%|####......| 259/585 [00:04:19<00:05:26,  1.00it/s, loss=0.0253]
Epoch 79:  45%|####......| 265/585 [00:04:24<00:05:19,  1.00it/s, loss=0.0252]
Epoch 79:  46%|####......| 271/585 [00:04:29<00:05:12,  1.00it/s, loss=0.0251]
Epoch 79:  47%|####......| 277/585 [00:04:35<00:05:06,  1.01it/s, loss=0.0251]
Epoch 79:  48%|####......| 283/585 [00:04:40<00:04:59,  1.01it/s, loss=0.0251]
Epoch 79:  49%|####......| 289/585 [00:04:46<00:04:53,  1.01it/s, loss=0.0251]
Epoch 79:  50%|#####.....| 294/585 [00:04:51<00:04:49,  1.01it/s, loss=0.0251]
Epoch 79:  51%|#####.....| 300/585 [00:04:57<00:04:42,  1.01it/s, loss=0.0251]
Epoch 79:  52%|#####.....| 306/585 [00:05:03<00:04:36,  1.01it/s, loss=0.0250]
Epoch 79:  53%|#####.....| 312/585 [00:05:09<00:04:30,  1.01it/s, loss=0.0250]
Epoch 79:  54%|#####.....| 317/585 [00:05:14<00:04:26,  1.01it/s, loss=0.0249]
Epoch 79:  55%|#####.....| 323/585 [00:05:20<00:04:19,  1.01it/s, loss=0.0249]
Epoch 79:  56%|#####.....| 329/585 [00:05:25<00:04:13,  1.01it/s, loss=0.0249]
Epoch 79:  57%|#####.....| 334/585 [00:05:30<00:04:08,  1.01it/s, loss=0.0249]
Epoch 79:  58%|#####.....| 340/585 [00:05:36<00:04:02,  1.01it/s, loss=0.0248]
Epoch 79:  59%|#####.....| 346/585 [00:05:42<00:03:56,  1.01it/s, loss=0.0248]
Epoch 79:  60%|######....| 351/585 [00:05:48<00:03:52,  1.01it/s, loss=0.0248]
Epoch 79:  61%|######....| 356/585 [00:05:54<00:03:47,  1.00it/s, loss=0.0248]
Epoch 79:  62%|######....| 361/585 [00:05:59<00:03:43,  1.00it/s, loss=0.0248]
Epoch 79:  63%|######....| 367/585 [00:06:04<00:03:36,  1.01it/s, loss=0.0249]
Epoch 79:  63%|######....| 371/585 [00:06:10<00:03:33,  1.00it/s, loss=0.0251]
Epoch 79:  64%|######....| 377/585 [00:06:15<00:03:27,  1.00it/s, loss=0.0250]
Epoch 79:  65%|######....| 381/585 [00:06:20<00:03:23,  1.00it/s, loss=0.0255]
Epoch 79:  66%|######....| 386/585 [00:06:25<00:03:18,  1.00it/s, loss=0.0255]
Epoch 79:  67%|######....| 391/585 [00:06:30<00:03:13,  1.00it/s, loss=0.0255]
Epoch 79:  68%|######....| 397/585 [00:06:36<00:03:07,  1.00it/s, loss=0.0257]
Epoch 79:  69%|######....| 403/585 [00:06:42<00:03:01,  1.00it/s, loss=0.0256]
Epoch 79:  70%|######....| 409/585 [00:06:47<00:02:55,  1.00it/s, loss=0.0256]
Epoch 79:  71%|#######...| 414/585 [00:06:53<00:02:50,  1.00it/s, loss=0.0256]
Epoch 79:  72%|#######...| 419/585 [00:06:58<00:02:45,  1.00it/s, loss=0.0256]
Epoch 79:  73%|#######...| 425/585 [00:07:03<00:02:39,  1.00it/s, loss=0.0256]
Epoch 79:  74%|#######...| 431/585 [00:07:09<00:02:33,  1.00it/s, loss=0.0255]
Epoch 79:  75%|#######...| 437/585 [00:07:15<00:02:27,  1.00it/s, loss=0.0255]
Epoch 79:  76%|#######...| 443/585 [00:07:21<00:02:21,  1.00it/s, loss=0.0254]
Epoch 79:  77%|#######...| 449/585 [00:07:26<00:02:15,  1.00it/s, loss=0.0253]
Epoch 79:  78%|#######...| 455/585 [00:07:31<00:02:09,  1.01it/s, loss=0.0253]
Epoch 79:  79%|#######...| 461/585 [00:07:37<00:02:03,  1.01it/s, loss=0.0253]
Epoch 79:  80%|#######...| 466/585 [00:07:42<00:01:58,  1.01it/s, loss=0.0253]
Epoch 79:  81%|########..| 472/585 [00:07:48<00:01:52,  1.01it/s, loss=0.0253]
Epoch 79:  82%|########..| 477/585 [00:07:53<00:01:47,  1.01it/s, loss=0.0253]
Epoch 79:  82%|########..| 482/585 [00:07:59<00:01:42,  1.01it/s, loss=0.0253]
Epoch 79:  83%|########..| 488/585 [00:08:04<00:01:36,  1.01it/s, loss=0.0253]
Epoch 79:  84%|########..| 493/585 [00:08:09<00:01:31,  1.01it/s, loss=0.0253]
Epoch 79:  85%|########..| 499/585 [00:08:15<00:01:25,  1.01it/s, loss=0.0252]
Epoch 79:  86%|########..| 505/585 [00:08:20<00:01:19,  1.01it/s, loss=0.0252]
Epoch 79:  87%|########..| 510/585 [00:08:26<00:01:14,  1.01it/s, loss=0.0252]
Epoch 79:  88%|########..| 516/585 [00:08:32<00:01:08,  1.01it/s, loss=0.0252]
Epoch 79:  89%|########..| 521/585 [00:08:38<00:01:03,  1.01it/s, loss=0.0252]
Epoch 79:  90%|#########.| 527/585 [00:08:43<00:00:57,  1.01it/s, loss=0.0251]
Epoch 79:  91%|#########.| 533/585 [00:08:49<00:00:51,  1.01it/s, loss=0.0251]
Epoch 79:  92%|#########.| 538/585 [00:08:55<00:00:46,  1.00it/s, loss=0.0251]
Epoch 79:  93%|#########.| 543/585 [00:09:01<00:00:41,  1.00it/s, loss=0.0250]
Epoch 79:  94%|#########.| 548/585 [00:09:07<00:00:36,  1.00it/s, loss=0.0250]
Epoch 79:  95%|#########.| 554/585 [00:09:13<00:00:30,  1.00it/s, loss=0.0250]
Epoch 79:  96%|#########.| 560/585 [00:09:18<00:00:24,  1.00it/s, loss=0.0250]
Epoch 79:  97%|#########.| 566/585 [00:09:24<00:00:18,  1.00it/s, loss=0.0250]
Epoch 79:  98%|#########.| 572/585 [00:09:30<00:00:12,  1.00it/s, loss=0.0250]
Epoch 79:  99%|#########.| 577/585 [00:09:35<00:00:07,  1.00it/s, loss=0.0250]
Epoch 79: 100%|#########.| 583/585 [00:09:40<00:00:01,  1.00it/s, loss=0.0250]
Epoch 79: 100%|##########| 585/585 [00:09:43<00:00:00,  1.00it/s, loss=0.0250]
Test loss: 0.0246, Test rmsae: 7.52deg
{"event": "epoch_complete", "epoch": 79, "phase": 2, "lr": 1e-05, "batch_size": 10, "micro_batch_size": 1, "train_loss": 0.02498229825312001, "val_loss": 0.02455721073783934, "val_rmsae_deg": 7.521542698144913, "epoch_time_s": 584.2284447339989}
Epoch 80/80:
Epoch 80:   1%|..........| 6/585 [00:00:05<00:09:02,  1.07it/s, loss=0.0227]
Epoch 80:   2%|..........| 12/585 [00:00:10<00:08:43,  1.09it/s, loss=0.0219]
Epoch 80:   3%|..........| 17/585 [00:00:16<00:08:54,  1.06it/s, loss=0.0224]
Epoch 80:   4%|..........| 23/585 [00:00:21<00:08:48,  1.06it/s, loss=0.0223]
Epoch 80:   5%|..........| 29/585 [00:00:27<00:08:43,  1.06it/s, loss=0.0222]
Epoch 80:   6%|..........| 34/585 [00:00:32<00:08:54,  1.03it/s, loss=0.0227]
Epoch 80:   7%|..........| 40/585 [00:00:38<00:08:48,  1.03it/s, loss=0.0227]
Epoch 80:   8%|..........| 46/585 [00:00:44<00:08:43,  1.03it/s, loss=0.0231]
Epoch 80:   9%|..........| 52/585 [00:00:50<00:08:37,  1.03it/s, loss=0.0231]
Epoch 80:  10%|..........| 58/585 [00:00:56<00:08:29,  1.03it/s, loss=0.0232]
Epoch 80:  11%|#.........| 64/585 [00:01:01<00:08:20,  1.04it/s, loss=0.0228]
Epoch 80:  12%|#.........| 70/585 [00:01:07<00:08:17,  1.04it/s, loss=0.0228]
Epoch 80:  13%|#.........| 76/585 [00:01:13<00:08:10,  1.04it/s, loss=0.0228]
Epoch 80:  14%|#.........| 82/585 [00:01:18<00:08:01,  1.04it/s, loss=0.0229]
Epoch 80:  15%|#.........| 88/585 [00:01:24<00:07:56,  1.04it/s, loss=0.0229]
Epoch 80:  16%|#.........| 94/585 [00:01:29<00:07:47,  1.05it/s, loss=0.0229]
Epoch 80:  17%|#.........| 100/585 [00:01:35<00:07:41,  1.05it/s, loss=0.0229]
Epoch 80:  18%|#.........| 106/585 [00:01:40<00:07:35,  1.05it/s, loss=0.0231]
Epoch 80:  19%|#.........| 111/585 [00:01:46<00:07:34,  1.04it/s, loss=0.0231]
Epoch 80:  20%|##........| 117/585 [00:01:52<00:07:31,  1.04it/s, loss=0.0233]
Epoch 80:  21%|##........| 122/585 [00:01:57<00:07:27,  1.03it/s, loss=0.0234]
Epoch 80:  22%|##........| 128/585 [00:02:03<00:07:20,  1.04it/s, loss=0.0233]
Epoch 80:  23%|##........| 133/585 [00:02:08<00:07:17,  1.03it/s, loss=0.0233]
Epoch 80:  24%|##........| 139/585 [00:02:14<00:07:10,  1.04it/s, loss=0.0233]
Epoch 80:  25%|##........| 144/585 [00:02:19<00:07:07,  1.03it/s, loss=0.0236]
Epoch 80:  26%|##........| 150/585 [00:02:24<00:06:59,  1.04it/s, loss=0.0236]
Epoch 80:  26%|##........| 155/585 [00:02:29<00:06:55,  1.03it/s, loss=0.0237]
Epoch 80:  27%|##........| 160/585 [00:02:34<00:06:51,  1.03it/s, loss=0.0237]
Epoch 80:  28%|##........| 166/585 [00:02:40<00:06:45,  1.03it/s, loss=0.0239]
Epoch 80:  29%|##........| 171/585 [00:02:46<00:06:42,  1.03it/s, loss=0.0238]
Epoch 80:  30%|###.......| 177/585 [00:02:52<00:06:37,  1.03it/s, loss=0.0238]
Epoch 80:  31%|###.......| 183/585 [00:02:58<00:06:31,  1.03it/s, loss=0.0238]
Epoch 80:  32%|###.......| 188/585 [00:03:03<00:06:26,  1.03it/s, loss=0.0238]
Epoch 80:  33%|###.......| 194/585 [00:03:08<00:06:19,  1.03it/s, loss=0.0237]
Epoch 80:  34%|###.......| 200/585 [00:03:13<00:06:13,  1.03it/s, loss=0.0238]
Epoch 80:  35%|###.......| 206/585 [00:03:19<00:06:06,  1.03it/s, loss=0.0237]
Epoch 80:  36%|###.......| 211/585 [00:03:24<00:06:02,  1.03it/s, loss=0.0238]
Epoch 80:  37%|###.......| 216/585 [00:03:30<00:05:58,  1.03it/s, loss=0.0238]
Epoch 80:  38%|###.......| 222/585 [00:03:35<00:05:52,  1.03it/s, loss=0.0238]
Epoch 80:  39%|###.......| 227/585 [00:03:40<00:05:48,  1.03it/s, loss=0.0238]
Epoch 80:  40%|###.......| 233/585 [00:03:46<00:05:41,  1.03it/s, loss=0.0238]
Epoch 80:  41%|####......| 238/585 [00:03:51<00:05:37,  1.03it/s, loss=0.0237]
Epoch 80:  42%|####......| 244/585 [00:03:56<00:05:31,  1.03it/s, loss=0.0238]
Epoch 80:  43%|####......| 249/585 [00:04:02<00:05:26,  1.03it/s, loss=0.0238]
Epoch 80:  43%|####......| 254/585 [00:04:07<00:05:22,  1.03it/s, loss=0.0238]
Epoch 80:  44%|####......| 260/585 [00:04:13<00:05:16,  1.03it/s, loss=0.0238]
Epoch 80:  45%|####......| 266/585 [00:04:18<00:05:10,  1.03it/s, loss=0.0237]
Epoch 80:  46%|####......| 271/585 [00:04:23<00:05:05,  1.03it/s, loss=0.0237]
Epoch 80:  47%|####......| 277/585 [00:04:29<00:04:59,  1.03it/s, loss=0.0237]
Epoch 80:  48%|####......| 282/585 [00:04:34<00:04:54,  1.03it/s, loss=0.0237]
Epoch 80:  49%|####......| 287/585 [00:04:39<00:04:50,  1.03it/s, loss=0.0237]
Epoch 80:  50%|####......| 292/585 [00:04:44<00:04:45,  1.03it/s, loss=0.0237]
Epoch 80:  51%|#####.....| 298/585 [00:04:50<00:04:39,  1.03it/s, loss=0.0237]
Epoch 80:  52%|#####.....| 303/585 [00:04:55<00:04:35,  1.02it/s, loss=0.0237]
Epoch 80:  53%|#####.....| 308/585 [00:05:00<00:04:30,  1.02it/s, loss=0.0238]
Epoch 80:  54%|#####.....| 314/585 [00:05:05<00:04:24,  1.03it/s, loss=0.0238]
Epoch 80:  55%|#####.....| 319/585 [00:05:11<00:04:19,  1.02it/s, loss=0.0238]
Epoch 80:  55%|#####.....| 324/585 [00:05:16<00:04:15,  1.02it/s, loss=0.0238]
Epoch 80:  56%|#####.....| 330/585 [00:05:22<00:04:09,  1.02it/s, loss=0.0238]
Epoch 80:  57%|#####.....| 335/585 [00:05:27<00:04:04,  1.02it/s, loss=0.0238]
Epoch 80:  58%|#####.....| 341/585 [00:05:33<00:03:58,  1.02it/s, loss=0.0237]
Epoch 80:  59%|#####.....| 346/585 [00:05:38<00:03:53,  1.02it/s, loss=0.0238]
Epoch 80:  60%|######....| 351/585 [00:05:44<00:03:49,  1.02it/s, loss=0.0238]
Epoch 80:  61%|######....| 357/585 [00:05:49<00:03:43,  1.02it/s, loss=0.0238]
Epoch 80:  62%|######....| 362/585 [00:05:55<00:03:39,  1.02it/s, loss=0.0238]
Epoch 80:  63%|######....| 368/585 [00:06:01<00:03:33,  1.02it/s, loss=0.0239]
Epoch 80:  64%|######....| 374/585 [00:06:07<00:03:27,  1.02it/s, loss=0.0239]
Epoch 80:  65%|######....| 379/585 [00:06:12<00:03:22,  1.02it/s, loss=0.0240]
Epoch 80:  65%|######....| 383/585 [00:06:18<00:03:19,  1.01it/s, loss=0.0240]
Epoch 80:  66%|######....| 388/585 [00:06:23<00:03:14,  1.01it/s, loss=0.0239]
Epoch 80:  67%|######....| 393/585 [00:06:28<00:03:09,  1.01it/s, loss=0.0240]
Epoch 80:  68%|######....| 398/585 [00:06:34<00:03:05,  1.01it/s, loss=0.0240]
Epoch 80:  69%|######....| 404/585 [00:06:39<00:02:59,  1.01it/s, loss=0.0240]
Epoch 80:  70%|######....| 409/585 [00:06:44<00:02:54,  1.01it/s, loss=0.0239]
Epoch 80:  71%|#######...| 415/585 [00:06:50<00:02:48,  1.01it/s, loss=0.0240]
Epoch 80:  72%|#######...| 421/585 [00:06:55<00:02:42,  1.01it/s, loss=0.0240]
Epoch 80:  73%|#######...| 427/585 [00:07:01<00:02:35,  1.01it/s, loss=0.0240]
Epoch 80:  74%|#######...| 431/585 [00:07:06<00:02:32,  1.01it/s, loss=0.0240]
Epoch 80:  75%|#######...| 437/585 [00:07:12<00:02:26,  1.01it/s, loss=0.0242]
Epoch 80:  75%|#######...| 441/585 [00:07:17<00:02:22,  1.01it/s, loss=0.0242]
Epoch 80:  76%|#######...| 447/585 [00:07:23<00:02:16,  1.01it/s, loss=0.0242]
Epoch 80:  77%|#######...| 452/585 [00:07:29<00:02:12,  1.01it/s, loss=0.0243]
Epoch 80:  78%|#######...| 458/585 [00:07:35<00:02:06,  1.01it/s, loss=0.0243]
Epoch 80:  79%|#######...| 464/585 [00:07:40<00:02:00,  1.01it/s, loss=0.0242]
Epoch 80:  80%|########..| 470/585 [00:07:46<00:01:54,  1.01it/s, loss=0.0242]
Epoch 80:  81%|########..| 476/585 [00:07:51<00:01:48,  1.01it/s, loss=0.0242]
Epoch 80:  82%|########..| 481/585 [00:07:56<00:01:43,  1.01it/s, loss=0.0243]
Epoch 80:  83%|########..| 487/585 [00:08:02<00:01:37,  1.01it/s, loss=0.0243]
Epoch 80:  84%|########..| 493/585 [00:08:07<00:01:31,  1.01it/s, loss=0.0243]
Epoch 80:  85%|########..| 498/585 [00:08:13<00:01:26,  1.01it/s, loss=0.0243]
Epoch 80:  86%|########..| 503/585 [00:08:19<00:01:21,  1.01it/s, loss=0.0243]
Epoch 80:  87%|########..| 509/585 [00:08:24<00:01:15,  1.01it/s, loss=0.0243]
Epoch 80:  88%|########..| 515/585 [00:08:30<00:01:09,  1.01it/s, loss=0.0243]
Epoch 80:  89%|########..| 520/585 [00:08:35<00:01:04,  1.01it/s, loss=0.0244]
Epoch 80:  90%|########..| 525/585 [00:08:41<00:00:59,  1.01it/s, loss=0.0244]
Epoch 80:  91%|#########.| 530/585 [00:08:46<00:00:54,  1.01it/s, loss=0.0244]
Epoch 80:  91%|#########.| 535/585 [00:08:51<00:00:49,  1.01it/s, loss=0.0244]
Epoch 80:  92%|#########.| 541/585 [00:08:57<00:00:43,  1.01it/s, loss=0.0244]
Epoch 80:  93%|#########.| 546/585 [00:09:02<00:00:38,  1.01it/s, loss=0.0243]
Epoch 80:  94%|#########.| 551/585 [00:09:08<00:00:33,  1.01it/s, loss=0.0244]
Epoch 80:  95%|#########.| 556/585 [00:09:13<00:00:28,  1.00it/s, loss=0.0244]
Epoch 80:  96%|#########.| 562/585 [00:09:19<00:00:22,  1.00it/s, loss=0.0243]
Epoch 80:  97%|#########.| 567/585 [00:09:24<00:00:17,  1.00it/s, loss=0.0243]
Epoch 80:  98%|#########.| 573/585 [00:09:30<00:00:11,  1.00it/s, loss=0.0243]
Epoch 80:  99%|#########.| 579/585 [00:09:36<00:00:05,  1.00it/s, loss=0.0244]
Epoch 80: 100%|#########.| 584/585 [00:09:42<00:00:00,  1.00it/s, loss=0.0243]
Epoch 80: 100%|##########| 585/585 [00:09:43<00:00:00,  1.00it/s, loss=0.0243]
Test loss: 0.0245, Test rmsae: 7.36deg
{"event": "epoch_complete", "epoch": 80, "phase": 2, "lr": 1e-05, "batch_size": 10, "micro_batch_size": 1, "train_loss": 0.024341217425261807, "val_loss": 0.024507955997250974, "val_rmsae_deg": 7.364135950803757, "epoch_time_s": 584.2714173589993}
{"event": "checkpoint_saved", "tag": "epoch_080", "epoch": 80, "path": "IFAN_Edge/outputs/stage3/ifan_stage3_long80_freqblock_paper_original_20260426_155330/checkpoints/epoch_080.pt"}
{"event": "stage3_complete", "output_dir": "IFAN_Edge/outputs/stage3/ifan_stage3_long80_freqblock_paper_original_20260426_155330", "history_path": "IFAN_Edge/outputs/stage3/ifan_stage3_long80_freqblock_paper_original_20260426_155330/history.csv", "baseline_compare_path": "IFAN_Edge/outputs/stage3/ifan_stage3_long80_freqblock_paper_original_20260426_155330/baseline_compare.json", "best_checkpoint_path": "IFAN_Edge/outputs/stage3/ifan_stage3_long80_freqblock_paper_original_20260426_155330/checkpoints/best_rmsae.pt", "last_checkpoint_path": "IFAN_Edge/outputs/stage3/ifan_stage3_long80_freqblock_paper_original_20260426_155330/checkpoints/last.pt", "device": "cuda", "train_split_path": "/home/cmm/icocnn/datasets/LibriSpeech/LibriSpeech/train-clean-100", "validation_split_path": "/home/cmm/icocnn/datasets/LibriSpeech/LibriSpeech/test-clean", "epochs": 80, "model_topology": "paper_dual_mainline", "branch_channels": 16, "final_head_pooling": false, "input_ablation_mode": "none", "experiment_contract": {"stage": "stage_03", "experiment_role": "training_upper_bound_check", "model_topology": "paper_dual_mainline", "feature_pair": "phat+lms", "srp_variant": "paper_original", "lms_backend": "frequency_block", "temporal_conv_variant": "standard_1d", "temporal_module": "conv", "primary_benchmark_suite": "simulated_4scene+hard_scenes+locata_eval_benchmark2_task1_3_5", "baseline_anchor": {"run_dir": "IFAN_Edge/outputs/stage3/ifan_stage3_full20_freqblock_paper_original_20260419_005314", "locata_report": "IFAN_Edge/outputs/stage3/analysis/locata_eval_benchmark2_best.json", "baseline_checkpoint_path": "models/1sourceTracking_icoCNN_robot_K4096_r2_model.bin"}, "lightweight_gate": {"ready_delta_deg": 0.3, "requires_locata_overall_win": true, "requires_task3_task5_no_material_regression": true}}, "model_profile": {"trainable_params": 125457, "total_params": 125457, "parameter_breakdown": {"phat_stem": 128, "lms_stem": 128, "phat_residual": 21568, "lms_residual": 21568, "shared_attention": 21568, "fusion_blocks": 48384, "final_head": 12096, "channel_readout": 17, "total": 125457}, "mac_proxy_total": 459532800, "mac_proxy_breakdown": {"phat_stem": 645120, "lms_stem": 645120, "phat_residual": 123863040, "lms_residual": 123863040, "shared_attention_conv1": 61931520, "shared_attention_conv2": 61931520, "fusion_block_conv": 61931520, "fusion_block_temporal": 7372800, "final_head_conv": 15482880, "final_head_temporal": 1843200, "channel_readout": 23040}, "mac_proxy_input_shape": [1, 2, 6, 5, 4, 8]}, "best_val_rmsae_deg": 7.1805625557899475, "final_epoch": {"epoch": 80, "phase": 2, "lr": 1e-05, "batch_size": 10, "micro_batch_size": 1, "train_loss": 0.024341217425261807, "val_loss": 0.024507955997250974, "val_rmsae_deg": 7.364135950803757, "epoch_time_s": 584.2714173589993}, "baseline_compare": {"baseline_checkpoint_path": "models/1sourceTracking_icoCNN_robot_K4096_r2_model.bin", "scenarios": [{"name": "scene_1", "snr_db": 30.0, "t60_s": 0.2, "ifan": {"loss": 0.02099183259997517, "rmsae_deg": 5.213677018880844}, "baseline": {"loss": 0.02075250365305692, "rmsae_deg": 4.905608534812927}, "rmsae_delta_deg": 0.30806848406791687}, {"name": "scene_2", "snr_db": 30.0, "t60_s": 0.8, "ifan": {"loss": 0.0271843324881047, "rmsae_deg": 7.789025783538818}, "baseline": {"loss": 0.02627151901833713, "rmsae_deg": 7.3839176297187805}, "rmsae_delta_deg": 0.40510815382003784}, {"name": "scene_3", "snr_db": 5.0, "t60_s": 0.8, "ifan": {"loss": 0.030579626094549894, "rmsae_deg": 9.090005338191986}, "baseline": {"loss": 0.03088831645436585, "rmsae_deg": 9.228352904319763}, "rmsae_delta_deg": -0.1383475661277771}, {"name": "scene_4", "snr_db": 5.0, "t60_s": 1.4, "ifan": {"loss": 0.028703929157927632, "rmsae_deg": 9.350493967533112}, "baseline": {"loss": 0.02963932417333126, "rmsae_deg": 9.709725320339203}, "rmsae_delta_deg": -0.3592313528060913}], "mean_rmsae_deg": {"ifan": 7.86080052703619, "baseline": 7.8069010972976685, "delta": 0.053899429738521576}, "hard_scenarios_mean_rmsae_deg": {"ifan": 9.220249652862549, "baseline": 9.469039112329483, "delta": -0.2487894594669342}}}
{
  "output_dir": "IFAN_Edge/outputs/stage3/ifan_stage3_long80_freqblock_paper_original_20260426_155330",
  "history_path": "IFAN_Edge/outputs/stage3/ifan_stage3_long80_freqblock_paper_original_20260426_155330/history.csv",
  "baseline_compare_path": "IFAN_Edge/outputs/stage3/ifan_stage3_long80_freqblock_paper_original_20260426_155330/baseline_compare.json",
  "best_checkpoint_path": "IFAN_Edge/outputs/stage3/ifan_stage3_long80_freqblock_paper_original_20260426_155330/checkpoints/best_rmsae.pt",
  "last_checkpoint_path": "IFAN_Edge/outputs/stage3/ifan_stage3_long80_freqblock_paper_original_20260426_155330/checkpoints/last.pt",
  "device": "cuda",
  "train_split_path": "/home/cmm/icocnn/datasets/LibriSpeech/LibriSpeech/train-clean-100",
  "validation_split_path": "/home/cmm/icocnn/datasets/LibriSpeech/LibriSpeech/test-clean",
  "epochs": 80,
  "model_topology": "paper_dual_mainline",
  "branch_channels": 16,
  "final_head_pooling": false,
  "input_ablation_mode": "none",
  "experiment_contract": {
    "stage": "stage_03",
    "experiment_role": "training_upper_bound_check",
    "model_topology": "paper_dual_mainline",
    "feature_pair": "phat+lms",
    "srp_variant": "paper_original",
    "lms_backend": "frequency_block",
    "temporal_conv_variant": "standard_1d",
    "temporal_module": "conv",
    "primary_benchmark_suite": "simulated_4scene+hard_scenes+locata_eval_benchmark2_task1_3_5",
    "baseline_anchor": {
      "run_dir": "IFAN_Edge/outputs/stage3/ifan_stage3_full20_freqblock_paper_original_20260419_005314",
      "locata_report": "IFAN_Edge/outputs/stage3/analysis/locata_eval_benchmark2_best.json",
      "baseline_checkpoint_path": "models/1sourceTracking_icoCNN_robot_K4096_r2_model.bin"
    },
    "lightweight_gate": {
      "ready_delta_deg": 0.3,
      "requires_locata_overall_win": true,
      "requires_task3_task5_no_material_regression": true
    }
  },
  "model_profile": {
    "trainable_params": 125457,
    "total_params": 125457,
    "parameter_breakdown": {
      "phat_stem": 128,
      "lms_stem": 128,
      "phat_residual": 21568,
      "lms_residual": 21568,
      "shared_attention": 21568,
      "fusion_blocks": 48384,
      "final_head": 12096,
      "channel_readout": 17,
      "total": 125457
    },
    "mac_proxy_total": 459532800,
    "mac_proxy_breakdown": {
      "phat_stem": 645120,
      "lms_stem": 645120,
      "phat_residual": 123863040,
      "lms_residual": 123863040,
      "shared_attention_conv1": 61931520,
      "shared_attention_conv2": 61931520,
      "fusion_block_conv": 61931520,
      "fusion_block_temporal": 7372800,
      "final_head_conv": 15482880,
      "final_head_temporal": 1843200,
      "channel_readout": 23040
    },
    "mac_proxy_input_shape": [
      1,
      2,
      6,
      5,
      4,
      8
    ]
  },
  "best_val_rmsae_deg": 7.1805625557899475,
  "final_epoch": {
    "epoch": 80,
    "phase": 2,
    "lr": 1e-05,
    "batch_size": 10,
    "micro_batch_size": 1,
    "train_loss": 0.024341217425261807,
    "val_loss": 0.024507955997250974,
    "val_rmsae_deg": 7.364135950803757,
    "epoch_time_s": 584.2714173589993
  },
  "baseline_compare": {
    "baseline_checkpoint_path": "models/1sourceTracking_icoCNN_robot_K4096_r2_model.bin",
    "scenarios": [
      {
        "name": "scene_1",
        "snr_db": 30.0,
        "t60_s": 0.2,
        "ifan": {
          "loss": 0.02099183259997517,
          "rmsae_deg": 5.213677018880844
        },
        "baseline": {
          "loss": 0.02075250365305692,
          "rmsae_deg": 4.905608534812927
        },
        "rmsae_delta_deg": 0.30806848406791687
      },
      {
        "name": "scene_2",
        "snr_db": 30.0,
        "t60_s": 0.8,
        "ifan": {
          "loss": 0.0271843324881047,
          "rmsae_deg": 7.789025783538818
        },
        "baseline": {
          "loss": 0.02627151901833713,
          "rmsae_deg": 7.3839176297187805
        },
        "rmsae_delta_deg": 0.40510815382003784
      },
      {
        "name": "scene_3",
        "snr_db": 5.0,
        "t60_s": 0.8,
        "ifan": {
          "loss": 0.030579626094549894,
          "rmsae_deg": 9.090005338191986
        },
        "baseline": {
          "loss": 0.03088831645436585,
          "rmsae_deg": 9.228352904319763
        },
        "rmsae_delta_deg": -0.1383475661277771
      },
      {
        "name": "scene_4",
        "snr_db": 5.0,
        "t60_s": 1.4,
        "ifan": {
          "loss": 0.028703929157927632,
          "rmsae_deg": 9.350493967533112
        },
        "baseline": {
          "loss": 0.02963932417333126,
          "rmsae_deg": 9.709725320339203
        },
        "rmsae_delta_deg": -0.3592313528060913
      }
    ],
    "mean_rmsae_deg": {
      "ifan": 7.86080052703619,
      "baseline": 7.8069010972976685,
      "delta": 0.053899429738521576
    },
    "hard_scenarios_mean_rmsae_deg": {
      "ifan": 9.220249652862549,
      "baseline": 9.469039112329483,
      "delta": -0.2487894594669342
    }
  }
}
{"event": "process_exit", "pid": 6325, "ts_utc": "2026-04-26T20:52:08+00:00"}
