{"event": "stage3_boot", "output_dir": "/home/cmm/icocnn/IFAN_Edge/outputs/stage3/ifan_stage3_long80_c8_r2_map_maba_20260516_154535", "device_requested": "cuda", "device_resolved": "cuda", "epochs": 80, "model_topology": "paper_dual_mainline", "branch_channels": 8, "final_head_pooling": false, "input_ablation_mode": "none", "srp_variant": "paper_original", "temporal_conv_variant": "standard_1d", "map_refiner": "maba", "resume_checkpoint_path": "/home/cmm/icocnn/IFAN_Edge/outputs/stage3/ifan_stage3_long80_c8_r2_map_maba_20260516_154535/checkpoints/best_rmsae.pt", "resume_output_dir": "/home/cmm/icocnn/IFAN_Edge/outputs/stage3/ifan_stage3_long80_c8_r2_map_maba_20260516_154535"}
{"event": "datasets_ready", "train_split_path": "/home/cmm/icocnn/datasets/LibriSpeech/train-clean-100", "validation_split_path": "/home/cmm/icocnn/datasets/LibriSpeech/test-clean", "train_source_size": 585, "validation_source_size": 87}
{"event": "preprocessors_ready"}
{"event": "validation_cache_build_start", "validation_dataset_size": 32, "validation_batch_size": 1}
{"event": "validation_cache_progress", "pid": 283422, "ts_utc": "2026-05-17T05:48:10+00:00", "stage": "before_get_batch", "batch_index": 1, "total_batches": 32, "sample_start": 0, "sample_stop": 1}
{"event": "validation_cache_progress", "pid": 283422, "ts_utc": "2026-05-17T05:48:11+00:00", "stage": "after_get_batch", "batch_index": 1, "total_batches": 32, "sample_start": 0, "sample_stop": 1}
{"event": "validation_cache_progress", "pid": 283422, "ts_utc": "2026-05-17T05:48:12+00:00", "stage": "after_preprocess", "batch_index": 1, "total_batches": 32, "sample_start": 0, "sample_stop": 1}
{"event": "validation_cache_progress", "pid": 283422, "ts_utc": "2026-05-17T05:48:12+00:00", "stage": "after_cache_append", "batch_index": 1, "total_batches": 32, "sample_start": 0, "sample_stop": 1}
{"event": "validation_cache_progress", "pid": 283422, "ts_utc": "2026-05-17T05:48:12+00:00", "stage": "before_get_batch", "batch_index": 2, "total_batches": 32, "sample_start": 1, "sample_stop": 2}
{"event": "validation_cache_progress", "pid": 283422, "ts_utc": "2026-05-17T05:48:12+00:00", "stage": "after_get_batch", "batch_index": 2, "total_batches": 32, "sample_start": 1, "sample_stop": 2}
{"event": "validation_cache_progress", "pid": 283422, "ts_utc": "2026-05-17T05:48:13+00:00", "stage": "after_preprocess", "batch_index": 2, "total_batches": 32, "sample_start": 1, "sample_stop": 2}
{"event": "validation_cache_progress", "pid": 283422, "ts_utc": "2026-05-17T05:48:13+00:00", "stage": "after_cache_append", "batch_index": 2, "total_batches": 32, "sample_start": 1, "sample_stop": 2}
{"event": "validation_cache_progress", "pid": 283422, "ts_utc": "2026-05-17T05:48:13+00:00", "stage": "before_get_batch", "batch_index": 3, "total_batches": 32, "sample_start": 2, "sample_stop": 3}
{"event": "validation_cache_progress", "pid": 283422, "ts_utc": "2026-05-17T05:48:14+00:00", "stage": "after_get_batch", "batch_index": 3, "total_batches": 32, "sample_start": 2, "sample_stop": 3}
{"event": "validation_cache_progress", "pid": 283422, "ts_utc": "2026-05-17T05:48:15+00:00", "stage": "after_preprocess", "batch_index": 3, "total_batches": 32, "sample_start": 2, "sample_stop": 3}
{"event": "validation_cache_progress", "pid": 283422, "ts_utc": "2026-05-17T05:48:15+00:00", "stage": "after_cache_append", "batch_index": 3, "total_batches": 32, "sample_start": 2, "sample_stop": 3}
{"event": "validation_cache_progress", "pid": 283422, "ts_utc": "2026-05-17T05:48:15+00:00", "stage": "before_get_batch", "batch_index": 4, "total_batches": 32, "sample_start": 3, "sample_stop": 4}
{"event": "validation_cache_progress", "pid": 283422, "ts_utc": "2026-05-17T05:48:15+00:00", "stage": "after_get_batch", "batch_index": 4, "total_batches": 32, "sample_start": 3, "sample_stop": 4}
{"event": "validation_cache_progress", "pid": 283422, "ts_utc": "2026-05-17T05:48:16+00:00", "stage": "after_preprocess", "batch_index": 4, "total_batches": 32, "sample_start": 3, "sample_stop": 4}
{"event": "validation_cache_progress", "pid": 283422, "ts_utc": "2026-05-17T05:48:16+00:00", "stage": "after_cache_append", "batch_index": 4, "total_batches": 32, "sample_start": 3, "sample_stop": 4}
{"event": "validation_cache_progress", "pid": 283422, "ts_utc": "2026-05-17T05:48:16+00:00", "stage": "before_get_batch", "batch_index": 5, "total_batches": 32, "sample_start": 4, "sample_stop": 5}
{"event": "validation_cache_progress", "pid": 283422, "ts_utc": "2026-05-17T05:48:17+00:00", "stage": "after_get_batch", "batch_index": 5, "total_batches": 32, "sample_start": 4, "sample_stop": 5}
{"event": "validation_cache_progress", "pid": 283422, "ts_utc": "2026-05-17T05:48:18+00:00", "stage": "after_preprocess", "batch_index": 5, "total_batches": 32, "sample_start": 4, "sample_stop": 5}
{"event": "validation_cache_progress", "pid": 283422, "ts_utc": "2026-05-17T05:48:18+00:00", "stage": "after_cache_append", "batch_index": 5, "total_batches": 32, "sample_start": 4, "sample_stop": 5}
{"event": "validation_cache_progress", "pid": 283422, "ts_utc": "2026-05-17T05:48:18+00:00", "stage": "before_get_batch", "batch_index": 6, "total_batches": 32, "sample_start": 5, "sample_stop": 6}
{"event": "validation_cache_progress", "pid": 283422, "ts_utc": "2026-05-17T05:48:18+00:00", "stage": "after_get_batch", "batch_index": 6, "total_batches": 32, "sample_start": 5, "sample_stop": 6}
{"event": "validation_cache_progress", "pid": 283422, "ts_utc": "2026-05-17T05:48:19+00:00", "stage": "after_preprocess", "batch_index": 6, "total_batches": 32, "sample_start": 5, "sample_stop": 6}
{"event": "validation_cache_progress", "pid": 283422, "ts_utc": "2026-05-17T05:48:19+00:00", "stage": "after_cache_append", "batch_index": 6, "total_batches": 32, "sample_start": 5, "sample_stop": 6}
{"event": "validation_cache_progress", "pid": 283422, "ts_utc": "2026-05-17T05:48:19+00:00", "stage": "before_get_batch", "batch_index": 7, "total_batches": 32, "sample_start": 6, "sample_stop": 7}
{"event": "validation_cache_progress", "pid": 283422, "ts_utc": "2026-05-17T05:48:20+00:00", "stage": "after_get_batch", "batch_index": 7, "total_batches": 32, "sample_start": 6, "sample_stop": 7}
{"event": "validation_cache_progress", "pid": 283422, "ts_utc": "2026-05-17T05:48:20+00:00", "stage": "after_preprocess", "batch_index": 7, "total_batches": 32, "sample_start": 6, "sample_stop": 7}
{"event": "validation_cache_progress", "pid": 283422, "ts_utc": "2026-05-17T05:48:20+00:00", "stage": "after_cache_append", "batch_index": 7, "total_batches": 32, "sample_start": 6, "sample_stop": 7}
{"event": "validation_cache_progress", "pid": 283422, "ts_utc": "2026-05-17T05:48:20+00:00", "stage": "before_get_batch", "batch_index": 8, "total_batches": 32, "sample_start": 7, "sample_stop": 8}
{"event": "validation_cache_progress", "pid": 283422, "ts_utc": "2026-05-17T05:48:21+00:00", "stage": "after_get_batch", "batch_index": 8, "total_batches": 32, "sample_start": 7, "sample_stop": 8}
{"event": "validation_cache_progress", "pid": 283422, "ts_utc": "2026-05-17T05:48:22+00:00", "stage": "after_preprocess", "batch_index": 8, "total_batches": 32, "sample_start": 7, "sample_stop": 8}
{"event": "validation_cache_progress", "pid": 283422, "ts_utc": "2026-05-17T05:48:22+00:00", "stage": "after_cache_append", "batch_index": 8, "total_batches": 32, "sample_start": 7, "sample_stop": 8}
{"event": "validation_cache_progress", "pid": 283422, "ts_utc": "2026-05-17T05:48:22+00:00", "stage": "before_get_batch", "batch_index": 9, "total_batches": 32, "sample_start": 8, "sample_stop": 9}
{"event": "validation_cache_progress", "pid": 283422, "ts_utc": "2026-05-17T05:48:23+00:00", "stage": "after_get_batch", "batch_index": 9, "total_batches": 32, "sample_start": 8, "sample_stop": 9}
{"event": "validation_cache_progress", "pid": 283422, "ts_utc": "2026-05-17T05:48:23+00:00", "stage": "after_preprocess", "batch_index": 9, "total_batches": 32, "sample_start": 8, "sample_stop": 9}
{"event": "validation_cache_progress", "pid": 283422, "ts_utc": "2026-05-17T05:48:23+00:00", "stage": "after_cache_append", "batch_index": 9, "total_batches": 32, "sample_start": 8, "sample_stop": 9}
{"event": "validation_cache_progress", "pid": 283422, "ts_utc": "2026-05-17T05:48:23+00:00", "stage": "before_get_batch", "batch_index": 10, "total_batches": 32, "sample_start": 9, "sample_stop": 10}
{"event": "validation_cache_progress", "pid": 283422, "ts_utc": "2026-05-17T05:48:24+00:00", "stage": "after_get_batch", "batch_index": 10, "total_batches": 32, "sample_start": 9, "sample_stop": 10}
{"event": "validation_cache_progress", "pid": 283422, "ts_utc": "2026-05-17T05:48:25+00:00", "stage": "after_preprocess", "batch_index": 10, "total_batches": 32, "sample_start": 9, "sample_stop": 10}
{"event": "validation_cache_progress", "pid": 283422, "ts_utc": "2026-05-17T05:48:25+00:00", "stage": "after_cache_append", "batch_index": 10, "total_batches": 32, "sample_start": 9, "sample_stop": 10}
{"event": "validation_cache_progress", "pid": 283422, "ts_utc": "2026-05-17T05:48:25+00:00", "stage": "before_get_batch", "batch_index": 11, "total_batches": 32, "sample_start": 10, "sample_stop": 11}
{"event": "validation_cache_progress", "pid": 283422, "ts_utc": "2026-05-17T05:48:25+00:00", "stage": "after_get_batch", "batch_index": 11, "total_batches": 32, "sample_start": 10, "sample_stop": 11}
{"event": "validation_cache_progress", "pid": 283422, "ts_utc": "2026-05-17T05:48:26+00:00", "stage": "after_preprocess", "batch_index": 11, "total_batches": 32, "sample_start": 10, "sample_stop": 11}
{"event": "validation_cache_progress", "pid": 283422, "ts_utc": "2026-05-17T05:48:26+00:00", "stage": "after_cache_append", "batch_index": 11, "total_batches": 32, "sample_start": 10, "sample_stop": 11}
{"event": "validation_cache_progress", "pid": 283422, "ts_utc": "2026-05-17T05:48:26+00:00", "stage": "before_get_batch", "batch_index": 12, "total_batches": 32, "sample_start": 11, "sample_stop": 12}
{"event": "validation_cache_progress", "pid": 283422, "ts_utc": "2026-05-17T05:48:27+00:00", "stage": "after_get_batch", "batch_index": 12, "total_batches": 32, "sample_start": 11, "sample_stop": 12}
{"event": "validation_cache_progress", "pid": 283422, "ts_utc": "2026-05-17T05:48:27+00:00", "stage": "after_preprocess", "batch_index": 12, "total_batches": 32, "sample_start": 11, "sample_stop": 12}
{"event": "validation_cache_progress", "pid": 283422, "ts_utc": "2026-05-17T05:48:27+00:00", "stage": "after_cache_append", "batch_index": 12, "total_batches": 32, "sample_start": 11, "sample_stop": 12}
{"event": "validation_cache_progress", "pid": 283422, "ts_utc": "2026-05-17T05:48:27+00:00", "stage": "before_get_batch", "batch_index": 13, "total_batches": 32, "sample_start": 12, "sample_stop": 13}
{"event": "validation_cache_progress", "pid": 283422, "ts_utc": "2026-05-17T05:48:28+00:00", "stage": "after_get_batch", "batch_index": 13, "total_batches": 32, "sample_start": 12, "sample_stop": 13}
{"event": "validation_cache_progress", "pid": 283422, "ts_utc": "2026-05-17T05:48:28+00:00", "stage": "after_preprocess", "batch_index": 13, "total_batches": 32, "sample_start": 12, "sample_stop": 13}
{"event": "validation_cache_progress", "pid": 283422, "ts_utc": "2026-05-17T05:48:28+00:00", "stage": "after_cache_append", "batch_index": 13, "total_batches": 32, "sample_start": 12, "sample_stop": 13}
{"event": "validation_cache_progress", "pid": 283422, "ts_utc": "2026-05-17T05:48:28+00:00", "stage": "before_get_batch", "batch_index": 14, "total_batches": 32, "sample_start": 13, "sample_stop": 14}
{"event": "validation_cache_progress", "pid": 283422, "ts_utc": "2026-05-17T05:48:29+00:00", "stage": "after_get_batch", "batch_index": 14, "total_batches": 32, "sample_start": 13, "sample_stop": 14}
{"event": "validation_cache_progress", "pid": 283422, "ts_utc": "2026-05-17T05:48:30+00:00", "stage": "after_preprocess", "batch_index": 14, "total_batches": 32, "sample_start": 13, "sample_stop": 14}
{"event": "validation_cache_progress", "pid": 283422, "ts_utc": "2026-05-17T05:48:30+00:00", "stage": "after_cache_append", "batch_index": 14, "total_batches": 32, "sample_start": 13, "sample_stop": 14}
{"event": "validation_cache_progress", "pid": 283422, "ts_utc": "2026-05-17T05:48:30+00:00", "stage": "before_get_batch", "batch_index": 15, "total_batches": 32, "sample_start": 14, "sample_stop": 15}
{"event": "validation_cache_progress", "pid": 283422, "ts_utc": "2026-05-17T05:48:31+00:00", "stage": "after_get_batch", "batch_index": 15, "total_batches": 32, "sample_start": 14, "sample_stop": 15}
{"event": "validation_cache_progress", "pid": 283422, "ts_utc": "2026-05-17T05:48:31+00:00", "stage": "after_preprocess", "batch_index": 15, "total_batches": 32, "sample_start": 14, "sample_stop": 15}
{"event": "validation_cache_progress", "pid": 283422, "ts_utc": "2026-05-17T05:48:31+00:00", "stage": "after_cache_append", "batch_index": 15, "total_batches": 32, "sample_start": 14, "sample_stop": 15}
{"event": "validation_cache_progress", "pid": 283422, "ts_utc": "2026-05-17T05:48:31+00:00", "stage": "before_get_batch", "batch_index": 16, "total_batches": 32, "sample_start": 15, "sample_stop": 16}
{"event": "validation_cache_progress", "pid": 283422, "ts_utc": "2026-05-17T05:48:32+00:00", "stage": "after_get_batch", "batch_index": 16, "total_batches": 32, "sample_start": 15, "sample_stop": 16}
{"event": "validation_cache_progress", "pid": 283422, "ts_utc": "2026-05-17T05:48:33+00:00", "stage": "after_preprocess", "batch_index": 16, "total_batches": 32, "sample_start": 15, "sample_stop": 16}
{"event": "validation_cache_progress", "pid": 283422, "ts_utc": "2026-05-17T05:48:33+00:00", "stage": "after_cache_append", "batch_index": 16, "total_batches": 32, "sample_start": 15, "sample_stop": 16}
{"event": "validation_cache_progress", "pid": 283422, "ts_utc": "2026-05-17T05:48:33+00:00", "stage": "before_get_batch", "batch_index": 17, "total_batches": 32, "sample_start": 16, "sample_stop": 17}
{"event": "validation_cache_progress", "pid": 283422, "ts_utc": "2026-05-17T05:48:33+00:00", "stage": "after_get_batch", "batch_index": 17, "total_batches": 32, "sample_start": 16, "sample_stop": 17}
{"event": "validation_cache_progress", "pid": 283422, "ts_utc": "2026-05-17T05:48:34+00:00", "stage": "after_preprocess", "batch_index": 17, "total_batches": 32, "sample_start": 16, "sample_stop": 17}
{"event": "validation_cache_progress", "pid": 283422, "ts_utc": "2026-05-17T05:48:34+00:00", "stage": "after_cache_append", "batch_index": 17, "total_batches": 32, "sample_start": 16, "sample_stop": 17}
{"event": "validation_cache_progress", "pid": 283422, "ts_utc": "2026-05-17T05:48:34+00:00", "stage": "before_get_batch", "batch_index": 18, "total_batches": 32, "sample_start": 17, "sample_stop": 18}
{"event": "validation_cache_progress", "pid": 283422, "ts_utc": "2026-05-17T05:48:35+00:00", "stage": "after_get_batch", "batch_index": 18, "total_batches": 32, "sample_start": 17, "sample_stop": 18}
{"event": "validation_cache_progress", "pid": 283422, "ts_utc": "2026-05-17T05:48:36+00:00", "stage": "after_preprocess", "batch_index": 18, "total_batches": 32, "sample_start": 17, "sample_stop": 18}
{"event": "validation_cache_progress", "pid": 283422, "ts_utc": "2026-05-17T05:48:36+00:00", "stage": "after_cache_append", "batch_index": 18, "total_batches": 32, "sample_start": 17, "sample_stop": 18}
{"event": "validation_cache_progress", "pid": 283422, "ts_utc": "2026-05-17T05:48:36+00:00", "stage": "before_get_batch", "batch_index": 19, "total_batches": 32, "sample_start": 18, "sample_stop": 19}
{"event": "validation_cache_progress", "pid": 283422, "ts_utc": "2026-05-17T05:48:37+00:00", "stage": "after_get_batch", "batch_index": 19, "total_batches": 32, "sample_start": 18, "sample_stop": 19}
{"event": "validation_cache_progress", "pid": 283422, "ts_utc": "2026-05-17T05:48:37+00:00", "stage": "after_preprocess", "batch_index": 19, "total_batches": 32, "sample_start": 18, "sample_stop": 19}
{"event": "validation_cache_progress", "pid": 283422, "ts_utc": "2026-05-17T05:48:37+00:00", "stage": "after_cache_append", "batch_index": 19, "total_batches": 32, "sample_start": 18, "sample_stop": 19}
{"event": "validation_cache_progress", "pid": 283422, "ts_utc": "2026-05-17T05:48:37+00:00", "stage": "before_get_batch", "batch_index": 20, "total_batches": 32, "sample_start": 19, "sample_stop": 20}
{"event": "validation_cache_progress", "pid": 283422, "ts_utc": "2026-05-17T05:48:38+00:00", "stage": "after_get_batch", "batch_index": 20, "total_batches": 32, "sample_start": 19, "sample_stop": 20}
{"event": "validation_cache_progress", "pid": 283422, "ts_utc": "2026-05-17T05:48:38+00:00", "stage": "after_preprocess", "batch_index": 20, "total_batches": 32, "sample_start": 19, "sample_stop": 20}
{"event": "validation_cache_progress", "pid": 283422, "ts_utc": "2026-05-17T05:48:38+00:00", "stage": "after_cache_append", "batch_index": 20, "total_batches": 32, "sample_start": 19, "sample_stop": 20}
{"event": "validation_cache_progress", "pid": 283422, "ts_utc": "2026-05-17T05:48:38+00:00", "stage": "before_get_batch", "batch_index": 21, "total_batches": 32, "sample_start": 20, "sample_stop": 21}
{"event": "validation_cache_progress", "pid": 283422, "ts_utc": "2026-05-17T05:48:39+00:00", "stage": "after_get_batch", "batch_index": 21, "total_batches": 32, "sample_start": 20, "sample_stop": 21}
{"event": "validation_cache_progress", "pid": 283422, "ts_utc": "2026-05-17T05:48:40+00:00", "stage": "after_preprocess", "batch_index": 21, "total_batches": 32, "sample_start": 20, "sample_stop": 21}
{"event": "validation_cache_progress", "pid": 283422, "ts_utc": "2026-05-17T05:48:40+00:00", "stage": "after_cache_append", "batch_index": 21, "total_batches": 32, "sample_start": 20, "sample_stop": 21}
{"event": "validation_cache_progress", "pid": 283422, "ts_utc": "2026-05-17T05:48:40+00:00", "stage": "before_get_batch", "batch_index": 22, "total_batches": 32, "sample_start": 21, "sample_stop": 22}
{"event": "validation_cache_progress", "pid": 283422, "ts_utc": "2026-05-17T05:48:41+00:00", "stage": "after_get_batch", "batch_index": 22, "total_batches": 32, "sample_start": 21, "sample_stop": 22}
{"event": "validation_cache_progress", "pid": 283422, "ts_utc": "2026-05-17T05:48:41+00:00", "stage": "after_preprocess", "batch_index": 22, "total_batches": 32, "sample_start": 21, "sample_stop": 22}
{"event": "validation_cache_progress", "pid": 283422, "ts_utc": "2026-05-17T05:48:41+00:00", "stage": "after_cache_append", "batch_index": 22, "total_batches": 32, "sample_start": 21, "sample_stop": 22}
{"event": "validation_cache_progress", "pid": 283422, "ts_utc": "2026-05-17T05:48:41+00:00", "stage": "before_get_batch", "batch_index": 23, "total_batches": 32, "sample_start": 22, "sample_stop": 23}
{"event": "validation_cache_progress", "pid": 283422, "ts_utc": "2026-05-17T05:48:42+00:00", "stage": "after_get_batch", "batch_index": 23, "total_batches": 32, "sample_start": 22, "sample_stop": 23}
{"event": "validation_cache_progress", "pid": 283422, "ts_utc": "2026-05-17T05:48:43+00:00", "stage": "after_preprocess", "batch_index": 23, "total_batches": 32, "sample_start": 22, "sample_stop": 23}
{"event": "validation_cache_progress", "pid": 283422, "ts_utc": "2026-05-17T05:48:43+00:00", "stage": "after_cache_append", "batch_index": 23, "total_batches": 32, "sample_start": 22, "sample_stop": 23}
{"event": "validation_cache_progress", "pid": 283422, "ts_utc": "2026-05-17T05:48:43+00:00", "stage": "before_get_batch", "batch_index": 24, "total_batches": 32, "sample_start": 23, "sample_stop": 24}
{"event": "validation_cache_progress", "pid": 283422, "ts_utc": "2026-05-17T05:48:44+00:00", "stage": "after_get_batch", "batch_index": 24, "total_batches": 32, "sample_start": 23, "sample_stop": 24}
{"event": "validation_cache_progress", "pid": 283422, "ts_utc": "2026-05-17T05:48:44+00:00", "stage": "after_preprocess", "batch_index": 24, "total_batches": 32, "sample_start": 23, "sample_stop": 24}
{"event": "validation_cache_progress", "pid": 283422, "ts_utc": "2026-05-17T05:48:44+00:00", "stage": "after_cache_append", "batch_index": 24, "total_batches": 32, "sample_start": 23, "sample_stop": 24}
{"event": "validation_cache_progress", "pid": 283422, "ts_utc": "2026-05-17T05:48:44+00:00", "stage": "before_get_batch", "batch_index": 25, "total_batches": 32, "sample_start": 24, "sample_stop": 25}
{"event": "validation_cache_progress", "pid": 283422, "ts_utc": "2026-05-17T05:48:45+00:00", "stage": "after_get_batch", "batch_index": 25, "total_batches": 32, "sample_start": 24, "sample_stop": 25}
{"event": "validation_cache_progress", "pid": 283422, "ts_utc": "2026-05-17T05:48:46+00:00", "stage": "after_preprocess", "batch_index": 25, "total_batches": 32, "sample_start": 24, "sample_stop": 25}
{"event": "validation_cache_progress", "pid": 283422, "ts_utc": "2026-05-17T05:48:46+00:00", "stage": "after_cache_append", "batch_index": 25, "total_batches": 32, "sample_start": 24, "sample_stop": 25}
{"event": "validation_cache_progress", "pid": 283422, "ts_utc": "2026-05-17T05:48:46+00:00", "stage": "before_get_batch", "batch_index": 26, "total_batches": 32, "sample_start": 25, "sample_stop": 26}
{"event": "validation_cache_progress", "pid": 283422, "ts_utc": "2026-05-17T05:48:46+00:00", "stage": "after_get_batch", "batch_index": 26, "total_batches": 32, "sample_start": 25, "sample_stop": 26}
{"event": "validation_cache_progress", "pid": 283422, "ts_utc": "2026-05-17T05:48:47+00:00", "stage": "after_preprocess", "batch_index": 26, "total_batches": 32, "sample_start": 25, "sample_stop": 26}
{"event": "validation_cache_progress", "pid": 283422, "ts_utc": "2026-05-17T05:48:47+00:00", "stage": "after_cache_append", "batch_index": 26, "total_batches": 32, "sample_start": 25, "sample_stop": 26}
{"event": "validation_cache_progress", "pid": 283422, "ts_utc": "2026-05-17T05:48:47+00:00", "stage": "before_get_batch", "batch_index": 27, "total_batches": 32, "sample_start": 26, "sample_stop": 27}
{"event": "validation_cache_progress", "pid": 283422, "ts_utc": "2026-05-17T05:48:48+00:00", "stage": "after_get_batch", "batch_index": 27, "total_batches": 32, "sample_start": 26, "sample_stop": 27}
{"event": "validation_cache_progress", "pid": 283422, "ts_utc": "2026-05-17T05:48:49+00:00", "stage": "after_preprocess", "batch_index": 27, "total_batches": 32, "sample_start": 26, "sample_stop": 27}
{"event": "validation_cache_progress", "pid": 283422, "ts_utc": "2026-05-17T05:48:49+00:00", "stage": "after_cache_append", "batch_index": 27, "total_batches": 32, "sample_start": 26, "sample_stop": 27}
{"event": "validation_cache_progress", "pid": 283422, "ts_utc": "2026-05-17T05:48:49+00:00", "stage": "before_get_batch", "batch_index": 28, "total_batches": 32, "sample_start": 27, "sample_stop": 28}
{"event": "validation_cache_progress", "pid": 283422, "ts_utc": "2026-05-17T05:48:49+00:00", "stage": "after_get_batch", "batch_index": 28, "total_batches": 32, "sample_start": 27, "sample_stop": 28}
{"event": "validation_cache_progress", "pid": 283422, "ts_utc": "2026-05-17T05:48:50+00:00", "stage": "after_preprocess", "batch_index": 28, "total_batches": 32, "sample_start": 27, "sample_stop": 28}
{"event": "validation_cache_progress", "pid": 283422, "ts_utc": "2026-05-17T05:48:50+00:00", "stage": "after_cache_append", "batch_index": 28, "total_batches": 32, "sample_start": 27, "sample_stop": 28}
{"event": "validation_cache_progress", "pid": 283422, "ts_utc": "2026-05-17T05:48:50+00:00", "stage": "before_get_batch", "batch_index": 29, "total_batches": 32, "sample_start": 28, "sample_stop": 29}
{"event": "validation_cache_progress", "pid": 283422, "ts_utc": "2026-05-17T05:48:51+00:00", "stage": "after_get_batch", "batch_index": 29, "total_batches": 32, "sample_start": 28, "sample_stop": 29}
{"event": "validation_cache_progress", "pid": 283422, "ts_utc": "2026-05-17T05:48:52+00:00", "stage": "after_preprocess", "batch_index": 29, "total_batches": 32, "sample_start": 28, "sample_stop": 29}
{"event": "validation_cache_progress", "pid": 283422, "ts_utc": "2026-05-17T05:48:52+00:00", "stage": "after_cache_append", "batch_index": 29, "total_batches": 32, "sample_start": 28, "sample_stop": 29}
{"event": "validation_cache_progress", "pid": 283422, "ts_utc": "2026-05-17T05:48:52+00:00", "stage": "before_get_batch", "batch_index": 30, "total_batches": 32, "sample_start": 29, "sample_stop": 30}
{"event": "validation_cache_progress", "pid": 283422, "ts_utc": "2026-05-17T05:48:52+00:00", "stage": "after_get_batch", "batch_index": 30, "total_batches": 32, "sample_start": 29, "sample_stop": 30}
{"event": "validation_cache_progress", "pid": 283422, "ts_utc": "2026-05-17T05:48:53+00:00", "stage": "after_preprocess", "batch_index": 30, "total_batches": 32, "sample_start": 29, "sample_stop": 30}
{"event": "validation_cache_progress", "pid": 283422, "ts_utc": "2026-05-17T05:48:53+00:00", "stage": "after_cache_append", "batch_index": 30, "total_batches": 32, "sample_start": 29, "sample_stop": 30}
{"event": "validation_cache_progress", "pid": 283422, "ts_utc": "2026-05-17T05:48:53+00:00", "stage": "before_get_batch", "batch_index": 31, "total_batches": 32, "sample_start": 30, "sample_stop": 31}
{"event": "validation_cache_progress", "pid": 283422, "ts_utc": "2026-05-17T05:48:54+00:00", "stage": "after_get_batch", "batch_index": 31, "total_batches": 32, "sample_start": 30, "sample_stop": 31}
{"event": "validation_cache_progress", "pid": 283422, "ts_utc": "2026-05-17T05:48:54+00:00", "stage": "after_preprocess", "batch_index": 31, "total_batches": 32, "sample_start": 30, "sample_stop": 31}
{"event": "validation_cache_progress", "pid": 283422, "ts_utc": "2026-05-17T05:48:54+00:00", "stage": "after_cache_append", "batch_index": 31, "total_batches": 32, "sample_start": 30, "sample_stop": 31}
{"event": "validation_cache_progress", "pid": 283422, "ts_utc": "2026-05-17T05:48:54+00:00", "stage": "before_get_batch", "batch_index": 32, "total_batches": 32, "sample_start": 31, "sample_stop": 32}
{"event": "validation_cache_progress", "pid": 283422, "ts_utc": "2026-05-17T05:48:55+00:00", "stage": "after_get_batch", "batch_index": 32, "total_batches": 32, "sample_start": 31, "sample_stop": 32}
{"event": "validation_cache_progress", "pid": 283422, "ts_utc": "2026-05-17T05:48:56+00:00", "stage": "after_preprocess", "batch_index": 32, "total_batches": 32, "sample_start": 31, "sample_stop": 32}
{"event": "validation_cache_progress", "pid": 283422, "ts_utc": "2026-05-17T05:48:56+00:00", "stage": "after_cache_append", "batch_index": 32, "total_batches": 32, "sample_start": 31, "sample_stop": 32}
{"event": "validation_cache_build_complete", "cached_batches": 32}
{"event": "scenario_cache_build_start", "scenario_eval_size": 8, "scenario_eval_batch_size": 1}
{"event": "scenario_cache_progress", "scenario_name": "scene_1", "scenario_index": 1, "total_scenarios": 4, "batch_index": 1, "total_batches": 8, "sample_start": 0, "sample_stop": 1}
{"event": "scenario_cache_progress", "scenario_name": "scene_1", "scenario_index": 1, "total_scenarios": 4, "batch_index": 2, "total_batches": 8, "sample_start": 1, "sample_stop": 2}
{"event": "scenario_cache_progress", "scenario_name": "scene_1", "scenario_index": 1, "total_scenarios": 4, "batch_index": 3, "total_batches": 8, "sample_start": 2, "sample_stop": 3}
{"event": "scenario_cache_progress", "scenario_name": "scene_1", "scenario_index": 1, "total_scenarios": 4, "batch_index": 4, "total_batches": 8, "sample_start": 3, "sample_stop": 4}
{"event": "scenario_cache_progress", "scenario_name": "scene_1", "scenario_index": 1, "total_scenarios": 4, "batch_index": 5, "total_batches": 8, "sample_start": 4, "sample_stop": 5}
{"event": "scenario_cache_progress", "scenario_name": "scene_1", "scenario_index": 1, "total_scenarios": 4, "batch_index": 6, "total_batches": 8, "sample_start": 5, "sample_stop": 6}
{"event": "scenario_cache_progress", "scenario_name": "scene_1", "scenario_index": 1, "total_scenarios": 4, "batch_index": 7, "total_batches": 8, "sample_start": 6, "sample_stop": 7}
{"event": "scenario_cache_progress", "scenario_name": "scene_1", "scenario_index": 1, "total_scenarios": 4, "batch_index": 8, "total_batches": 8, "sample_start": 7, "sample_stop": 8}
{"event": "scenario_cache_progress", "scenario_name": "scene_2", "scenario_index": 2, "total_scenarios": 4, "batch_index": 1, "total_batches": 8, "sample_start": 0, "sample_stop": 1}
{"event": "scenario_cache_progress", "scenario_name": "scene_2", "scenario_index": 2, "total_scenarios": 4, "batch_index": 2, "total_batches": 8, "sample_start": 1, "sample_stop": 2}
{"event": "scenario_cache_progress", "scenario_name": "scene_2", "scenario_index": 2, "total_scenarios": 4, "batch_index": 3, "total_batches": 8, "sample_start": 2, "sample_stop": 3}
{"event": "scenario_cache_progress", "scenario_name": "scene_2", "scenario_index": 2, "total_scenarios": 4, "batch_index": 4, "total_batches": 8, "sample_start": 3, "sample_stop": 4}
{"event": "scenario_cache_progress", "scenario_name": "scene_2", "scenario_index": 2, "total_scenarios": 4, "batch_index": 5, "total_batches": 8, "sample_start": 4, "sample_stop": 5}
{"event": "scenario_cache_progress", "scenario_name": "scene_2", "scenario_index": 2, "total_scenarios": 4, "batch_index": 6, "total_batches": 8, "sample_start": 5, "sample_stop": 6}
{"event": "scenario_cache_progress", "scenario_name": "scene_2", "scenario_index": 2, "total_scenarios": 4, "batch_index": 7, "total_batches": 8, "sample_start": 6, "sample_stop": 7}
{"event": "scenario_cache_progress", "scenario_name": "scene_2", "scenario_index": 2, "total_scenarios": 4, "batch_index": 8, "total_batches": 8, "sample_start": 7, "sample_stop": 8}
{"event": "scenario_cache_progress", "scenario_name": "scene_3", "scenario_index": 3, "total_scenarios": 4, "batch_index": 1, "total_batches": 8, "sample_start": 0, "sample_stop": 1}
{"event": "scenario_cache_progress", "scenario_name": "scene_3", "scenario_index": 3, "total_scenarios": 4, "batch_index": 2, "total_batches": 8, "sample_start": 1, "sample_stop": 2}
{"event": "scenario_cache_progress", "scenario_name": "scene_3", "scenario_index": 3, "total_scenarios": 4, "batch_index": 3, "total_batches": 8, "sample_start": 2, "sample_stop": 3}
{"event": "scenario_cache_progress", "scenario_name": "scene_3", "scenario_index": 3, "total_scenarios": 4, "batch_index": 4, "total_batches": 8, "sample_start": 3, "sample_stop": 4}
{"event": "scenario_cache_progress", "scenario_name": "scene_3", "scenario_index": 3, "total_scenarios": 4, "batch_index": 5, "total_batches": 8, "sample_start": 4, "sample_stop": 5}
{"event": "scenario_cache_progress", "scenario_name": "scene_3", "scenario_index": 3, "total_scenarios": 4, "batch_index": 6, "total_batches": 8, "sample_start": 5, "sample_stop": 6}
{"event": "scenario_cache_progress", "scenario_name": "scene_3", "scenario_index": 3, "total_scenarios": 4, "batch_index": 7, "total_batches": 8, "sample_start": 6, "sample_stop": 7}
{"event": "scenario_cache_progress", "scenario_name": "scene_3", "scenario_index": 3, "total_scenarios": 4, "batch_index": 8, "total_batches": 8, "sample_start": 7, "sample_stop": 8}
{"event": "scenario_cache_progress", "scenario_name": "scene_4", "scenario_index": 4, "total_scenarios": 4, "batch_index": 1, "total_batches": 8, "sample_start": 0, "sample_stop": 1}
{"event": "scenario_cache_progress", "scenario_name": "scene_4", "scenario_index": 4, "total_scenarios": 4, "batch_index": 2, "total_batches": 8, "sample_start": 1, "sample_stop": 2}
{"event": "scenario_cache_progress", "scenario_name": "scene_4", "scenario_index": 4, "total_scenarios": 4, "batch_index": 3, "total_batches": 8, "sample_start": 2, "sample_stop": 3}
{"event": "scenario_cache_progress", "scenario_name": "scene_4", "scenario_index": 4, "total_scenarios": 4, "batch_index": 4, "total_batches": 8, "sample_start": 3, "sample_stop": 4}
{"event": "scenario_cache_progress", "scenario_name": "scene_4", "scenario_index": 4, "total_scenarios": 4, "batch_index": 5, "total_batches": 8, "sample_start": 4, "sample_stop": 5}
{"event": "scenario_cache_progress", "scenario_name": "scene_4", "scenario_index": 4, "total_scenarios": 4, "batch_index": 6, "total_batches": 8, "sample_start": 5, "sample_stop": 6}
{"event": "scenario_cache_progress", "scenario_name": "scene_4", "scenario_index": 4, "total_scenarios": 4, "batch_index": 7, "total_batches": 8, "sample_start": 6, "sample_stop": 7}
{"event": "scenario_cache_progress", "scenario_name": "scene_4", "scenario_index": 4, "total_scenarios": 4, "batch_index": 8, "total_batches": 8, "sample_start": 7, "sample_stop": 8}
{"event": "scenario_cache_build_complete", "scenario_count": 4}
{"event": "optimizer_ready", "initial_lr": 0.0001, "trainable_params": 33409, "mac_proxy_total": 115221840}
{"event": "stage3_start", "output_dir": "/home/cmm/icocnn/IFAN_Edge/outputs/stage3/ifan_stage3_long80_c8_r2_map_maba_20260516_154535", "device": "cuda", "train_split_path": "/home/cmm/icocnn/datasets/LibriSpeech/train-clean-100", "validation_split_path": "/home/cmm/icocnn/datasets/LibriSpeech/test-clean", "model_topology": "paper_dual_mainline", "branch_channels": 8, "final_head_pooling": false, "input_ablation_mode": "none", "experiment_role": "c8_r2_map_maba", "srp_variant": "paper_original", "temporal_conv_variant": "standard_1d", "temporal_module": "conv", "map_refiner": "maba", "epochs": 80, "resume_start_epoch": 35}
Epoch 36/80:
Epoch 36:   1%|..........| 4/585 [00:00:06<00:15:40,  0.62it/s, loss=0.0237]
Epoch 36:   1%|..........| 8/585 [00:00:12<00:15:35,  0.62it/s, loss=0.0293]
Epoch 36:   2%|..........| 12/585 [00:00:18<00:15:01,  0.64it/s, loss=0.0272]
Epoch 36:   3%|..........| 16/585 [00:00:25<00:14:59,  0.63it/s, loss=0.0289]
Epoch 36:   3%|..........| 20/585 [00:00:31<00:14:49,  0.64it/s, loss=0.0277]
Epoch 36:   4%|..........| 24/585 [00:00:37<00:14:43,  0.63it/s, loss=0.0280]
Epoch 36:   5%|..........| 28/585 [00:00:43<00:14:29,  0.64it/s, loss=0.0267]
Epoch 36:   5%|..........| 31/585 [00:00:48<00:14:32,  0.63it/s, loss=0.0267]
Epoch 36:   6%|..........| 35/585 [00:00:55<00:14:31,  0.63it/s, loss=0.0259]
Epoch 36:   7%|..........| 39/585 [00:01:01<00:14:17,  0.64it/s, loss=0.0261]
Epoch 36:   7%|..........| 42/585 [00:01:06<00:14:18,  0.63it/s, loss=0.0257]
Epoch 36:   8%|..........| 46/585 [00:01:12<00:14:06,  0.64it/s, loss=0.0260]
Epoch 36:   8%|..........| 49/585 [00:01:17<00:14:09,  0.63it/s, loss=0.0260]
Epoch 36:   9%|..........| 53/585 [00:01:24<00:14:03,  0.63it/s, loss=0.0256]
Epoch 36:  10%|..........| 57/585 [00:01:30<00:13:56,  0.63it/s, loss=0.0258]
Epoch 36:  10%|#.........| 61/585 [00:01:36<00:13:49,  0.63it/s, loss=0.0257]
Epoch 36:  11%|#.........| 65/585 [00:01:42<00:13:38,  0.64it/s, loss=0.0256]
Epoch 36:  12%|#.........| 69/585 [00:01:48<00:13:31,  0.64it/s, loss=0.0254]
Epoch 36:  12%|#.........| 73/585 [00:01:54<00:13:26,  0.63it/s, loss=0.0254]
Epoch 36:  13%|#.........| 76/585 [00:02:00<00:13:25,  0.63it/s, loss=0.0253]
Epoch 36:  14%|#.........| 79/585 [00:02:05<00:13:23,  0.63it/s, loss=0.0253]
Epoch 36:  14%|#.........| 82/585 [00:02:10<00:13:23,  0.63it/s, loss=0.0252]
Epoch 36:  15%|#.........| 86/585 [00:02:17<00:13:15,  0.63it/s, loss=0.0252]
Epoch 36:  15%|#.........| 89/585 [00:02:23<00:13:17,  0.62it/s, loss=0.0257]
Epoch 36:  16%|#.........| 92/585 [00:02:28<00:13:15,  0.62it/s, loss=0.0257]
Epoch 36:  16%|#.........| 95/585 [00:02:34<00:13:16,  0.62it/s, loss=0.0256]
Epoch 36:  17%|#.........| 98/585 [00:02:39<00:13:14,  0.61it/s, loss=0.0258]
Epoch 36:  17%|#.........| 102/585 [00:02:46<00:13:06,  0.61it/s, loss=0.0257]
Epoch 36:  18%|#.........| 106/585 [00:02:52<00:12:59,  0.61it/s, loss=0.0256]
Epoch 36:  19%|#.........| 110/585 [00:02:59<00:12:53,  0.61it/s, loss=0.0254]
Epoch 36:  19%|#.........| 114/585 [00:03:05<00:12:46,  0.61it/s, loss=0.0254]
Epoch 36:  20%|##........| 118/585 [00:03:11<00:12:39,  0.62it/s, loss=0.0253]
Epoch 36:  21%|##........| 122/585 [00:03:17<00:12:29,  0.62it/s, loss=0.0253]
Epoch 36:  21%|##........| 125/585 [00:03:23<00:12:27,  0.62it/s, loss=0.0253]
Epoch 36:  22%|##........| 128/585 [00:03:28<00:12:25,  0.61it/s, loss=0.0256]
Epoch 36:  23%|##........| 132/585 [00:03:34<00:12:17,  0.61it/s, loss=0.0256]
Epoch 36:  23%|##........| 136/585 [00:03:41<00:12:10,  0.61it/s, loss=0.0256]
Epoch 36:  24%|##........| 140/585 [00:03:47<00:12:02,  0.62it/s, loss=0.0257]
Epoch 36:  24%|##........| 143/585 [00:03:53<00:12:00,  0.61it/s, loss=0.0256]
Epoch 36:  25%|##........| 147/585 [00:03:59<00:11:52,  0.61it/s, loss=0.0255]
Epoch 36:  26%|##........| 150/585 [00:04:05<00:11:50,  0.61it/s, loss=0.0257]
Epoch 36:  26%|##........| 153/585 [00:04:10<00:11:46,  0.61it/s, loss=0.0260]
Epoch 36:  27%|##........| 156/585 [00:04:15<00:11:43,  0.61it/s, loss=0.0262]
Epoch 36:  27%|##........| 160/585 [00:04:23<00:11:38,  0.61it/s, loss=0.0261]
Epoch 36:  28%|##........| 164/585 [00:04:29<00:11:31,  0.61it/s, loss=0.0260]
Epoch 36:  29%|##........| 167/585 [00:04:34<00:11:27,  0.61it/s, loss=0.0260]
Epoch 36:  29%|##........| 171/585 [00:04:40<00:11:19,  0.61it/s, loss=0.0259]
Epoch 36:  30%|##........| 175/585 [00:04:46<00:11:11,  0.61it/s, loss=0.0259]
Epoch 36:  31%|###.......| 179/585 [00:04:53<00:11:04,  0.61it/s, loss=0.0258]
Epoch 36:  31%|###.......| 183/585 [00:04:59<00:10:56,  0.61it/s, loss=0.0257]
Epoch 36:  32%|###.......| 187/585 [00:05:05<00:10:49,  0.61it/s, loss=0.0257]
Epoch 36:  33%|###.......| 191/585 [00:05:11<00:10:42,  0.61it/s, loss=0.0258]
Epoch 36:  33%|###.......| 195/585 [00:05:17<00:10:34,  0.61it/s, loss=0.0257]
Epoch 36:  34%|###.......| 199/585 [00:05:23<00:10:27,  0.61it/s, loss=0.0257]
Epoch 36:  35%|###.......| 202/585 [00:05:29<00:10:24,  0.61it/s, loss=0.0257]
Epoch 36:  35%|###.......| 206/585 [00:05:35<00:10:16,  0.61it/s, loss=0.0258]
Epoch 36:  36%|###.......| 209/585 [00:05:40<00:10:12,  0.61it/s, loss=0.0257]
Epoch 36:  36%|###.......| 213/585 [00:05:47<00:10:06,  0.61it/s, loss=0.0257]
Epoch 36:  37%|###.......| 216/585 [00:05:52<00:10:02,  0.61it/s, loss=0.0257]
Epoch 36:  37%|###.......| 219/585 [00:05:58<00:09:59,  0.61it/s, loss=0.0257]
Epoch 36:  38%|###.......| 222/585 [00:06:04<00:09:55,  0.61it/s, loss=0.0257]
Epoch 36:  39%|###.......| 226/585 [00:06:10<00:09:48,  0.61it/s, loss=0.0257]
Epoch 36:  39%|###.......| 230/585 [00:06:16<00:09:40,  0.61it/s, loss=0.0256]
Epoch 36:  40%|####......| 234/585 [00:06:22<00:09:33,  0.61it/s, loss=0.0256]
Epoch 36:  41%|####......| 237/585 [00:06:29<00:09:31,  0.61it/s, loss=0.0257]
Epoch 36:  41%|####......| 241/585 [00:06:36<00:09:25,  0.61it/s, loss=0.0256]
Epoch 36:  42%|####......| 245/585 [00:06:42<00:09:18,  0.61it/s, loss=0.0256]
Epoch 36:  43%|####......| 249/585 [00:06:48<00:09:10,  0.61it/s, loss=0.0256]
Epoch 36:  43%|####......| 253/585 [00:06:54<00:09:04,  0.61it/s, loss=0.0256]
Epoch 36:  44%|####......| 257/585 [00:07:00<00:08:56,  0.61it/s, loss=0.0255]
Epoch 36:  45%|####......| 261/585 [00:07:08<00:08:51,  0.61it/s, loss=0.0255]
Epoch 36:  45%|####......| 265/585 [00:07:14<00:08:44,  0.61it/s, loss=0.0255]
Epoch 36:  46%|####......| 269/585 [00:07:19<00:08:36,  0.61it/s, loss=0.0255]
Epoch 36:  47%|####......| 273/585 [00:07:26<00:08:29,  0.61it/s, loss=0.0255]
Epoch 36:  47%|####......| 276/585 [00:07:31<00:08:25,  0.61it/s, loss=0.0255]
Epoch 36:  48%|####......| 280/585 [00:07:38<00:08:19,  0.61it/s, loss=0.0255]
Epoch 36:  48%|####......| 283/585 [00:07:43<00:08:14,  0.61it/s, loss=0.0255]
Epoch 36:  49%|####......| 287/585 [00:07:49<00:08:07,  0.61it/s, loss=0.0254]
Epoch 36:  50%|####......| 290/585 [00:07:54<00:08:02,  0.61it/s, loss=0.0254]
Epoch 36:  50%|#####.....| 294/585 [00:08:01<00:07:56,  0.61it/s, loss=0.0255]
Epoch 36:  51%|#####.....| 298/585 [00:08:07<00:07:49,  0.61it/s, loss=0.0254]
Epoch 36:  51%|#####.....| 301/585 [00:08:12<00:07:45,  0.61it/s, loss=0.0255]
Epoch 36:  52%|#####.....| 305/585 [00:08:19<00:07:38,  0.61it/s, loss=0.0255]
Epoch 36:  53%|#####.....| 309/585 [00:08:25<00:07:31,  0.61it/s, loss=0.0254]
Epoch 36:  54%|#####.....| 313/585 [00:08:32<00:07:25,  0.61it/s, loss=0.0254]
Epoch 36:  54%|#####.....| 316/585 [00:08:37<00:07:20,  0.61it/s, loss=0.0255]
Epoch 36:  55%|#####.....| 320/585 [00:08:43<00:07:13,  0.61it/s, loss=0.0254]
Epoch 36:  55%|#####.....| 323/585 [00:08:49<00:07:09,  0.61it/s, loss=0.0254]
Epoch 36:  56%|#####.....| 327/585 [00:08:56<00:07:03,  0.61it/s, loss=0.0254]
Epoch 36:  56%|#####.....| 330/585 [00:09:01<00:06:58,  0.61it/s, loss=0.0254]
Epoch 36:  57%|#####.....| 333/585 [00:09:06<00:06:53,  0.61it/s, loss=0.0255]
Epoch 36:  58%|#####.....| 337/585 [00:09:12<00:06:46,  0.61it/s, loss=0.0254]
Epoch 36:  58%|#####.....| 341/585 [00:09:18<00:06:39,  0.61it/s, loss=0.0253]
Epoch 36:  59%|#####.....| 344/585 [00:09:23<00:06:35,  0.61it/s, loss=0.0253]
Epoch 36:  59%|#####.....| 348/585 [00:09:30<00:06:28,  0.61it/s, loss=0.0253]
Epoch 36:  60%|######....| 351/585 [00:09:35<00:06:23,  0.61it/s, loss=0.0254]
Epoch 36:  61%|######....| 355/585 [00:09:40<00:06:16,  0.61it/s, loss=0.0253]
Epoch 36:  61%|######....| 358/585 [00:09:46<00:06:11,  0.61it/s, loss=0.0254]
Epoch 36:  62%|######....| 361/585 [00:09:52<00:06:07,  0.61it/s, loss=0.0254]
Epoch 36:  62%|######....| 365/585 [00:09:58<00:06:00,  0.61it/s, loss=0.0254]
Epoch 36:  63%|######....| 369/585 [00:10:05<00:05:54,  0.61it/s, loss=0.0254]
Epoch 36:  64%|######....| 373/585 [00:10:11<00:05:47,  0.61it/s, loss=0.0254]
Epoch 36:  64%|######....| 376/585 [00:10:16<00:05:42,  0.61it/s, loss=0.0255]
Epoch 36:  65%|######....| 380/585 [00:10:22<00:05:35,  0.61it/s, loss=0.0254]
Epoch 36:  65%|######....| 383/585 [00:10:28<00:05:31,  0.61it/s, loss=0.0254]
Epoch 36:  66%|######....| 386/585 [00:10:33<00:05:26,  0.61it/s, loss=0.0254]
Epoch 36:  67%|######....| 390/585 [00:10:39<00:05:19,  0.61it/s, loss=0.0254]
Epoch 36:  67%|######....| 394/585 [00:10:45<00:05:13,  0.61it/s, loss=0.0254]
Epoch 36:  68%|######....| 398/585 [00:10:51<00:05:06,  0.61it/s, loss=0.0253]
Epoch 36:  69%|######....| 402/585 [00:10:57<00:04:59,  0.61it/s, loss=0.0253]
Epoch 36:  69%|######....| 406/585 [00:11:04<00:04:53,  0.61it/s, loss=0.0252]
Epoch 36:  70%|#######...| 410/585 [00:11:11<00:04:46,  0.61it/s, loss=0.0253]
Epoch 36:  71%|#######...| 414/585 [00:11:17<00:04:39,  0.61it/s, loss=0.0253]
Epoch 36:  71%|#######...| 417/585 [00:11:22<00:04:35,  0.61it/s, loss=0.0252]
Epoch 36:  72%|#######...| 421/585 [00:11:28<00:04:28,  0.61it/s, loss=0.0252]
Epoch 36:  73%|#######...| 425/585 [00:11:34<00:04:21,  0.61it/s, loss=0.0252]
Epoch 36:  73%|#######...| 429/585 [00:11:40<00:04:14,  0.61it/s, loss=0.0252]
Epoch 36:  74%|#######...| 433/585 [00:11:46<00:04:07,  0.61it/s, loss=0.0252]
Epoch 36:  75%|#######...| 437/585 [00:11:53<00:04:01,  0.61it/s, loss=0.0252]
Epoch 36:  75%|#######...| 441/585 [00:11:59<00:03:54,  0.61it/s, loss=0.0252]
Epoch 36:  76%|#######...| 445/585 [00:12:05<00:03:48,  0.61it/s, loss=0.0252]
Epoch 36:  77%|#######...| 449/585 [00:12:12<00:03:41,  0.61it/s, loss=0.0252]
Epoch 36:  77%|#######...| 452/585 [00:12:18<00:03:37,  0.61it/s, loss=0.0252]
Epoch 36:  78%|#######...| 455/585 [00:12:23<00:03:32,  0.61it/s, loss=0.0252]
Epoch 36:  78%|#######...| 459/585 [00:12:29<00:03:25,  0.61it/s, loss=0.0252]
Epoch 36:  79%|#######...| 463/585 [00:12:35<00:03:19,  0.61it/s, loss=0.0252]
Epoch 36:  80%|#######...| 467/585 [00:12:41<00:03:12,  0.61it/s, loss=0.0252]
Epoch 36:  81%|########..| 471/585 [00:12:48<00:03:06,  0.61it/s, loss=0.0252]
Epoch 36:  81%|########..| 475/585 [00:12:54<00:02:59,  0.61it/s, loss=0.0251]
Epoch 36:  82%|########..| 478/585 [00:12:59<00:02:54,  0.61it/s, loss=0.0252]
Epoch 36:  82%|########..| 482/585 [00:13:06<00:02:48,  0.61it/s, loss=0.0251]
Epoch 36:  83%|########..| 486/585 [00:13:12<00:02:41,  0.61it/s, loss=0.0251]
Epoch 36:  84%|########..| 489/585 [00:13:17<00:02:36,  0.61it/s, loss=0.0251]
Epoch 36:  84%|########..| 493/585 [00:13:23<00:02:29,  0.61it/s, loss=0.0251]
Epoch 36:  85%|########..| 497/585 [00:13:29<00:02:23,  0.61it/s, loss=0.0251]
Epoch 36:  85%|########..| 500/585 [00:13:35<00:02:18,  0.61it/s, loss=0.0252]
Epoch 36:  86%|########..| 504/585 [00:13:41<00:02:12,  0.61it/s, loss=0.0251]
Epoch 36:  87%|########..| 508/585 [00:13:47<00:02:05,  0.61it/s, loss=0.0251]
Epoch 36:  88%|########..| 512/585 [00:13:54<00:01:58,  0.61it/s, loss=0.0251]
Epoch 36:  88%|########..| 516/585 [00:14:00<00:01:52,  0.61it/s, loss=0.0251]
Epoch 36:  89%|########..| 520/585 [00:14:07<00:01:45,  0.61it/s, loss=0.0252]
Epoch 36:  89%|########..| 523/585 [00:14:12<00:01:41,  0.61it/s, loss=0.0253]
Epoch 36:  90%|#########.| 527/585 [00:14:18<00:01:34,  0.61it/s, loss=0.0252]
Epoch 36:  91%|#########.| 531/585 [00:14:24<00:01:27,  0.61it/s, loss=0.0253]
Epoch 36:  91%|#########.| 534/585 [00:14:29<00:01:23,  0.61it/s, loss=0.0253]
Epoch 36:  92%|#########.| 537/585 [00:14:35<00:01:18,  0.61it/s, loss=0.0252]
Epoch 36:  92%|#########.| 540/585 [00:14:40<00:01:13,  0.61it/s, loss=0.0252]
Epoch 36:  93%|#########.| 543/585 [00:14:45<00:01:08,  0.61it/s, loss=0.0253]
Epoch 36:  93%|#########.| 546/585 [00:14:50<00:01:03,  0.61it/s, loss=0.0252]
Epoch 36:  94%|#########.| 550/585 [00:14:57<00:00:57,  0.61it/s, loss=0.0253]
Epoch 36:  95%|#########.| 554/585 [00:15:03<00:00:50,  0.61it/s, loss=0.0253]
Epoch 36:  95%|#########.| 558/585 [00:15:10<00:00:44,  0.61it/s, loss=0.0253]
Epoch 36:  96%|#########.| 561/585 [00:15:15<00:00:39,  0.61it/s, loss=0.0252]
Epoch 36:  97%|#########.| 565/585 [00:15:21<00:00:32,  0.61it/s, loss=0.0252]
Epoch 36:  97%|#########.| 568/585 [00:15:26<00:00:27,  0.61it/s, loss=0.0252]
Epoch 36:  98%|#########.| 572/585 [00:15:32<00:00:21,  0.61it/s, loss=0.0252]
Epoch 36:  98%|#########.| 576/585 [00:15:39<00:00:14,  0.61it/s, loss=0.0252]
Epoch 36:  99%|#########.| 580/585 [00:15:45<00:00:08,  0.61it/s, loss=0.0252]
Epoch 36: 100%|#########.| 583/585 [00:15:50<00:00:03,  0.61it/s, loss=0.0252]
Epoch 36: 100%|##########| 585/585 [00:15:53<00:00:00,  0.61it/s, loss=0.0252]
Test loss: 0.0230, Test rmsae: 7.21deg
{"event": "epoch_complete", "epoch": 36, "phase": 2, "lr": 1e-05, "batch_size": 10, "micro_batch_size": 1, "train_loss": 0.025227403158369736, "val_loss": 0.022993317601503804, "val_rmsae_deg": 7.212816774845123, "epoch_time_s": 955.0264661220135}
Epoch 37/80:
Epoch 37:   1%|..........| 3/585 [00:00:05<00:16:49,  0.58it/s, loss=0.0375]
Epoch 37:   1%|..........| 7/585 [00:00:10<00:15:01,  0.64it/s, loss=0.0273]
Epoch 37:   2%|..........| 11/585 [00:00:16<00:14:27,  0.66it/s, loss=0.0256]
Epoch 37:   3%|..........| 15/585 [00:00:22<00:14:33,  0.65it/s, loss=0.0260]
Epoch 37:   3%|..........| 18/585 [00:00:28<00:15:09,  0.62it/s, loss=0.0261]
Epoch 37:   4%|..........| 22/585 [00:00:35<00:15:08,  0.62it/s, loss=0.0260]
Epoch 37:   4%|..........| 25/585 [00:00:41<00:15:19,  0.61it/s, loss=0.0252]
Epoch 37:   5%|..........| 29/585 [00:00:47<00:15:08,  0.61it/s, loss=0.0250]
Epoch 37:   6%|..........| 33/585 [00:00:53<00:14:50,  0.62it/s, loss=0.0246]
Epoch 37:   6%|..........| 36/585 [00:00:58<00:14:53,  0.61it/s, loss=0.0247]
Epoch 37:   7%|..........| 40/585 [00:01:04<00:14:36,  0.62it/s, loss=0.0245]
Epoch 37:   7%|..........| 43/585 [00:01:09<00:14:39,  0.62it/s, loss=0.0245]
Epoch 37:   8%|..........| 47/585 [00:01:15<00:14:26,  0.62it/s, loss=0.0244]
Epoch 37:   9%|..........| 51/585 [00:01:22<00:14:20,  0.62it/s, loss=0.0246]
Epoch 37:   9%|..........| 55/585 [00:01:28<00:14:16,  0.62it/s, loss=0.0244]
Epoch 37:  10%|..........| 58/585 [00:01:34<00:14:14,  0.62it/s, loss=0.0245]
Epoch 37:  10%|#.........| 61/585 [00:01:39<00:14:17,  0.61it/s, loss=0.0276]
Epoch 37:  11%|#.........| 65/585 [00:01:46<00:14:09,  0.61it/s, loss=0.0275]
Epoch 37:  12%|#.........| 68/585 [00:01:51<00:14:06,  0.61it/s, loss=0.0272]
Epoch 37:  12%|#.........| 72/585 [00:01:57<00:14:00,  0.61it/s, loss=0.0270]
Epoch 37:  13%|#.........| 76/585 [00:02:03<00:13:48,  0.61it/s, loss=0.0279]
Epoch 37:  14%|#.........| 80/585 [00:02:09<00:13:39,  0.62it/s, loss=0.0274]
Epoch 37:  14%|#.........| 83/585 [00:02:15<00:13:39,  0.61it/s, loss=0.0273]
Epoch 37:  15%|#.........| 87/585 [00:02:21<00:13:28,  0.62it/s, loss=0.0273]
Epoch 37:  15%|#.........| 90/585 [00:02:26<00:13:25,  0.61it/s, loss=0.0272]
Epoch 37:  16%|#.........| 94/585 [00:02:33<00:13:19,  0.61it/s, loss=0.0272]
Epoch 37:  17%|#.........| 98/585 [00:02:39<00:13:15,  0.61it/s, loss=0.0270]
Epoch 37:  17%|#.........| 101/585 [00:02:45<00:13:12,  0.61it/s, loss=0.0270]
Epoch 37:  18%|#.........| 105/585 [00:02:51<00:13:04,  0.61it/s, loss=0.0267]
Epoch 37:  18%|#.........| 108/585 [00:02:56<00:13:00,  0.61it/s, loss=0.0267]
Epoch 37:  19%|#.........| 111/585 [00:03:01<00:12:56,  0.61it/s, loss=0.0264]
Epoch 37:  19%|#.........| 114/585 [00:03:07<00:12:54,  0.61it/s, loss=0.0265]
Epoch 37:  20%|##........| 118/585 [00:03:13<00:12:44,  0.61it/s, loss=0.0263]
Epoch 37:  21%|##........| 122/585 [00:03:19<00:12:37,  0.61it/s, loss=0.0263]
Epoch 37:  21%|##........| 125/585 [00:03:25<00:12:36,  0.61it/s, loss=0.0263]
Epoch 37:  22%|##........| 129/585 [00:03:31<00:12:27,  0.61it/s, loss=0.0261]
Epoch 37:  23%|##........| 132/585 [00:03:37<00:12:25,  0.61it/s, loss=0.0260]
Epoch 37:  23%|##........| 136/585 [00:03:43<00:12:17,  0.61it/s, loss=0.0260]
Epoch 37:  24%|##........| 139/585 [00:03:48<00:12:13,  0.61it/s, loss=0.0259]
Epoch 37:  24%|##........| 142/585 [00:03:53<00:12:09,  0.61it/s, loss=0.0259]
Epoch 37:  25%|##........| 145/585 [00:03:59<00:12:05,  0.61it/s, loss=0.0258]
Epoch 37:  25%|##........| 149/585 [00:04:05<00:11:58,  0.61it/s, loss=0.0259]
Epoch 37:  26%|##........| 153/585 [00:04:11<00:11:50,  0.61it/s, loss=0.0258]
Epoch 37:  27%|##........| 156/585 [00:04:16<00:11:46,  0.61it/s, loss=0.0258]
Epoch 37:  27%|##........| 160/585 [00:04:23<00:11:39,  0.61it/s, loss=0.0257]
Epoch 37:  28%|##........| 164/585 [00:04:29<00:11:32,  0.61it/s, loss=0.0256]
Epoch 37:  29%|##........| 168/585 [00:04:36<00:11:25,  0.61it/s, loss=0.0255]
Epoch 37:  29%|##........| 171/585 [00:04:41<00:11:20,  0.61it/s, loss=0.0255]
Epoch 37:  30%|##........| 174/585 [00:04:46<00:11:17,  0.61it/s, loss=0.0255]
Epoch 37:  30%|###.......| 177/585 [00:04:52<00:11:13,  0.61it/s, loss=0.0254]
Epoch 37:  31%|###.......| 181/585 [00:04:57<00:11:04,  0.61it/s, loss=0.0253]
Epoch 37:  32%|###.......| 185/585 [00:05:03<00:10:57,  0.61it/s, loss=0.0253]
Epoch 37:  32%|###.......| 189/585 [00:05:09<00:10:49,  0.61it/s, loss=0.0253]
Epoch 37:  33%|###.......| 192/585 [00:05:14<00:10:44,  0.61it/s, loss=0.0252]
Epoch 37:  34%|###.......| 196/585 [00:05:20<00:10:36,  0.61it/s, loss=0.0251]
Epoch 37:  34%|###.......| 200/585 [00:05:26<00:10:29,  0.61it/s, loss=0.0251]
Epoch 37:  35%|###.......| 204/585 [00:05:33<00:10:23,  0.61it/s, loss=0.0251]
Epoch 37:  35%|###.......| 207/585 [00:05:40<00:10:21,  0.61it/s, loss=0.0252]
Epoch 37:  36%|###.......| 210/585 [00:05:45<00:10:16,  0.61it/s, loss=0.0251]
Epoch 37:  37%|###.......| 214/585 [00:05:50<00:10:08,  0.61it/s, loss=0.0252]
Epoch 37:  37%|###.......| 218/585 [00:05:58<00:10:03,  0.61it/s, loss=0.0252]
Epoch 37:  38%|###.......| 222/585 [00:06:04<00:09:56,  0.61it/s, loss=0.0253]
Epoch 37:  39%|###.......| 226/585 [00:06:10<00:09:49,  0.61it/s, loss=0.0252]
Epoch 37:  39%|###.......| 230/585 [00:06:17<00:09:42,  0.61it/s, loss=0.0251]
Epoch 37:  40%|###.......| 233/585 [00:06:22<00:09:38,  0.61it/s, loss=0.0252]
Epoch 37:  41%|####......| 237/585 [00:06:28<00:09:30,  0.61it/s, loss=0.0252]
Epoch 37:  41%|####......| 241/585 [00:06:34<00:09:23,  0.61it/s, loss=0.0252]
Epoch 37:  42%|####......| 244/585 [00:06:39<00:09:18,  0.61it/s, loss=0.0252]
Epoch 37:  42%|####......| 248/585 [00:06:45<00:09:11,  0.61it/s, loss=0.0252]
Epoch 37:  43%|####......| 251/585 [00:06:51<00:09:07,  0.61it/s, loss=0.0251]
Epoch 37:  43%|####......| 254/585 [00:06:56<00:09:02,  0.61it/s, loss=0.0251]
Epoch 37:  44%|####......| 258/585 [00:07:02<00:08:55,  0.61it/s, loss=0.0251]
Epoch 37:  45%|####......| 262/585 [00:07:08<00:08:48,  0.61it/s, loss=0.0251]
Epoch 37:  45%|####......| 266/585 [00:07:15<00:08:41,  0.61it/s, loss=0.0251]
Epoch 37:  46%|####......| 270/585 [00:07:21<00:08:34,  0.61it/s, loss=0.0251]
Epoch 37:  47%|####......| 274/585 [00:07:27<00:08:28,  0.61it/s, loss=0.0250]
Epoch 37:  48%|####......| 278/585 [00:07:33<00:08:21,  0.61it/s, loss=0.0252]
Epoch 37:  48%|####......| 282/585 [00:07:40<00:08:14,  0.61it/s, loss=0.0251]
Epoch 37:  49%|####......| 285/585 [00:07:45<00:08:10,  0.61it/s, loss=0.0253]
Epoch 37:  49%|####......| 288/585 [00:07:50<00:08:05,  0.61it/s, loss=0.0253]
Epoch 37:  50%|####......| 291/585 [00:07:56<00:08:00,  0.61it/s, loss=0.0253]
Epoch 37:  50%|#####.....| 295/585 [00:08:02<00:07:54,  0.61it/s, loss=0.0253]
Epoch 37:  51%|#####.....| 299/585 [00:08:09<00:07:47,  0.61it/s, loss=0.0253]
Epoch 37:  52%|#####.....| 302/585 [00:08:14<00:07:43,  0.61it/s, loss=0.0253]
Epoch 37:  52%|#####.....| 306/585 [00:08:20<00:07:36,  0.61it/s, loss=0.0252]
Epoch 37:  53%|#####.....| 310/585 [00:08:27<00:07:29,  0.61it/s, loss=0.0252]
Epoch 37:  54%|#####.....| 314/585 [00:08:33<00:07:22,  0.61it/s, loss=0.0252]
Epoch 37:  54%|#####.....| 318/585 [00:08:39<00:07:16,  0.61it/s, loss=0.0252]
Epoch 37:  55%|#####.....| 321/585 [00:08:45<00:07:11,  0.61it/s, loss=0.0253]
Epoch 37:  56%|#####.....| 325/585 [00:08:51<00:07:05,  0.61it/s, loss=0.0253]
Epoch 37:  56%|#####.....| 328/585 [00:08:56<00:07:00,  0.61it/s, loss=0.0255]
Epoch 37:  57%|#####.....| 332/585 [00:09:02<00:06:53,  0.61it/s, loss=0.0255]
Epoch 37:  57%|#####.....| 335/585 [00:09:08<00:06:49,  0.61it/s, loss=0.0256]
Epoch 37:  58%|#####.....| 339/585 [00:09:14<00:06:42,  0.61it/s, loss=0.0255]
Epoch 37:  58%|#####.....| 342/585 [00:09:19<00:06:37,  0.61it/s, loss=0.0255]
Epoch 37:  59%|#####.....| 346/585 [00:09:26<00:06:31,  0.61it/s, loss=0.0255]
Epoch 37:  60%|#####.....| 350/585 [00:09:32<00:06:24,  0.61it/s, loss=0.0257]
Epoch 37:  61%|######....| 354/585 [00:09:39<00:06:17,  0.61it/s, loss=0.0257]
Epoch 37:  61%|######....| 358/585 [00:09:45<00:06:11,  0.61it/s, loss=0.0257]
Epoch 37:  62%|######....| 362/585 [00:09:51<00:06:04,  0.61it/s, loss=0.0256]
Epoch 37:  62%|######....| 365/585 [00:09:56<00:05:59,  0.61it/s, loss=0.0256]
Epoch 37:  63%|######....| 369/585 [00:10:02<00:05:52,  0.61it/s, loss=0.0256]
Epoch 37:  64%|######....| 372/585 [00:10:08<00:05:48,  0.61it/s, loss=0.0256]
Epoch 37:  64%|######....| 376/585 [00:10:14<00:05:41,  0.61it/s, loss=0.0256]
Epoch 37:  65%|######....| 380/585 [00:10:21<00:05:35,  0.61it/s, loss=0.0256]
Epoch 37:  66%|######....| 384/585 [00:10:27<00:05:28,  0.61it/s, loss=0.0255]
Epoch 37:  66%|######....| 388/585 [00:10:33<00:05:21,  0.61it/s, loss=0.0255]
Epoch 37:  67%|######....| 391/585 [00:10:39<00:05:17,  0.61it/s, loss=0.0255]
Epoch 37:  67%|######....| 394/585 [00:10:44<00:05:12,  0.61it/s, loss=0.0255]
Epoch 37:  68%|######....| 397/585 [00:10:49<00:05:07,  0.61it/s, loss=0.0255]
Epoch 37:  69%|######....| 401/585 [00:10:55<00:05:01,  0.61it/s, loss=0.0254]
Epoch 37:  69%|######....| 405/585 [00:11:02<00:04:54,  0.61it/s, loss=0.0254]
Epoch 37:  70%|######....| 409/585 [00:11:08<00:04:47,  0.61it/s, loss=0.0254]
Epoch 37:  71%|#######...| 413/585 [00:11:14<00:04:41,  0.61it/s, loss=0.0254]
Epoch 37:  71%|#######...| 417/585 [00:11:21<00:04:34,  0.61it/s, loss=0.0253]
Epoch 37:  72%|#######...| 421/585 [00:11:27<00:04:27,  0.61it/s, loss=0.0253]
Epoch 37:  72%|#######...| 424/585 [00:11:32<00:04:22,  0.61it/s, loss=0.0253]
Epoch 37:  73%|#######...| 428/585 [00:11:38<00:04:16,  0.61it/s, loss=0.0252]
Epoch 37:  74%|#######...| 431/585 [00:11:43<00:04:11,  0.61it/s, loss=0.0253]
Epoch 37:  74%|#######...| 435/585 [00:11:49<00:04:04,  0.61it/s, loss=0.0253]
Epoch 37:  75%|#######...| 438/585 [00:11:54<00:03:59,  0.61it/s, loss=0.0253]
Epoch 37:  76%|#######...| 442/585 [00:12:01<00:03:53,  0.61it/s, loss=0.0253]
Epoch 37:  76%|#######...| 446/585 [00:12:07<00:03:46,  0.61it/s, loss=0.0253]
Epoch 37:  77%|#######...| 449/585 [00:12:13<00:03:42,  0.61it/s, loss=0.0253]
Epoch 37:  77%|#######...| 452/585 [00:12:18<00:03:37,  0.61it/s, loss=0.0254]
Epoch 37:  78%|#######...| 456/585 [00:12:24<00:03:30,  0.61it/s, loss=0.0253]
Epoch 37:  79%|#######...| 460/585 [00:12:30<00:03:23,  0.61it/s, loss=0.0253]
Epoch 37:  79%|#######...| 464/585 [00:12:37<00:03:17,  0.61it/s, loss=0.0253]
Epoch 37:  80%|########..| 468/585 [00:12:43<00:03:10,  0.61it/s, loss=0.0253]
Epoch 37:  81%|########..| 472/585 [00:12:49<00:03:04,  0.61it/s, loss=0.0253]
Epoch 37:  81%|########..| 476/585 [00:12:55<00:02:57,  0.61it/s, loss=0.0253]
Epoch 37:  82%|########..| 480/585 [00:13:01<00:02:50,  0.61it/s, loss=0.0253]
Epoch 37:  83%|########..| 484/585 [00:13:08<00:02:44,  0.61it/s, loss=0.0253]
Epoch 37:  83%|########..| 488/585 [00:13:15<00:02:38,  0.61it/s, loss=0.0253]
Epoch 37:  84%|########..| 491/585 [00:13:20<00:02:33,  0.61it/s, loss=0.0253]
Epoch 37:  84%|########..| 494/585 [00:13:27<00:02:28,  0.61it/s, loss=0.0253]
Epoch 37:  85%|########..| 498/585 [00:13:33<00:02:22,  0.61it/s, loss=0.0253]
Epoch 37:  86%|########..| 501/585 [00:13:38<00:02:17,  0.61it/s, loss=0.0253]
Epoch 37:  86%|########..| 505/585 [00:13:44<00:02:10,  0.61it/s, loss=0.0253]
Epoch 37:  87%|########..| 509/585 [00:13:50<00:02:04,  0.61it/s, loss=0.0253]
Epoch 37:  88%|########..| 513/585 [00:13:56<00:01:57,  0.61it/s, loss=0.0253]
Epoch 37:  88%|########..| 517/585 [00:14:02<00:01:50,  0.61it/s, loss=0.0253]
Epoch 37:  89%|########..| 521/585 [00:14:08<00:01:44,  0.61it/s, loss=0.0253]
Epoch 37:  90%|########..| 525/585 [00:14:15<00:01:37,  0.61it/s, loss=0.0253]
Epoch 37:  90%|#########.| 529/585 [00:14:21<00:01:31,  0.61it/s, loss=0.0253]
Epoch 37:  91%|#########.| 532/585 [00:14:27<00:01:26,  0.61it/s, loss=0.0253]
Epoch 37:  91%|#########.| 535/585 [00:14:32<00:01:21,  0.61it/s, loss=0.0253]
Epoch 37:  92%|#########.| 539/585 [00:14:38<00:01:14,  0.61it/s, loss=0.0253]
Epoch 37:  93%|#########.| 542/585 [00:14:44<00:01:10,  0.61it/s, loss=0.0255]
Epoch 37:  93%|#########.| 546/585 [00:14:50<00:01:03,  0.61it/s, loss=0.0255]
Epoch 37:  94%|#########.| 550/585 [00:14:56<00:00:57,  0.61it/s, loss=0.0255]
Epoch 37:  95%|#########.| 554/585 [00:15:02<00:00:50,  0.61it/s, loss=0.0255]
Epoch 37:  95%|#########.| 558/585 [00:15:08<00:00:43,  0.61it/s, loss=0.0255]
Epoch 37:  96%|#########.| 562/585 [00:15:15<00:00:37,  0.61it/s, loss=0.0255]
Epoch 37:  97%|#########.| 566/585 [00:15:21<00:00:30,  0.61it/s, loss=0.0255]
Epoch 37:  97%|#########.| 570/585 [00:15:27<00:00:24,  0.61it/s, loss=0.0255]
Epoch 37:  98%|#########.| 573/585 [00:15:33<00:00:19,  0.61it/s, loss=0.0255]
Epoch 37:  99%|#########.| 577/585 [00:15:40<00:00:13,  0.61it/s, loss=0.0255]
Epoch 37:  99%|#########.| 581/585 [00:15:46<00:00:06,  0.61it/s, loss=0.0255]
Epoch 37: 100%|#########.| 584/585 [00:15:51<00:00:01,  0.61it/s, loss=0.0255]
Epoch 37: 100%|##########| 585/585 [00:15:53<00:00:00,  0.61it/s, loss=0.0255]
Test loss: 0.0230, Test rmsae: 7.33deg
{"event": "epoch_complete", "epoch": 37, "phase": 2, "lr": 1e-05, "batch_size": 10, "micro_batch_size": 1, "train_loss": 0.025477239260306726, "val_loss": 0.023008111456874758, "val_rmsae_deg": 7.330756217241287, "epoch_time_s": 954.2842534009833}
Epoch 38/80:
Epoch 38:   1%|..........| 4/585 [00:00:06<00:14:52,  0.65it/s, loss=0.0265]
Epoch 38:   1%|..........| 8/585 [00:00:12<00:14:31,  0.66it/s, loss=0.0226]
Epoch 38:   2%|..........| 12/585 [00:00:18<00:14:42,  0.65it/s, loss=0.0235]
Epoch 38:   3%|..........| 15/585 [00:00:23<00:15:10,  0.63it/s, loss=0.0280]
Epoch 38:   3%|..........| 19/585 [00:00:30<00:15:09,  0.62it/s, loss=0.0282]
Epoch 38:   4%|..........| 22/585 [00:00:35<00:15:12,  0.62it/s, loss=0.0277]
Epoch 38:   4%|..........| 26/585 [00:00:41<00:14:59,  0.62it/s, loss=0.0275]
Epoch 38:   5%|..........| 30/585 [00:00:47<00:14:41,  0.63it/s, loss=0.0269]
Epoch 38:   6%|..........| 34/585 [00:00:53<00:14:30,  0.63it/s, loss=0.0267]
Epoch 38:   6%|..........| 38/585 [00:01:00<00:14:32,  0.63it/s, loss=0.0271]
Epoch 38:   7%|..........| 42/585 [00:01:06<00:14:16,  0.63it/s, loss=0.0267]
Epoch 38:   8%|..........| 45/585 [00:01:13<00:14:38,  0.61it/s, loss=0.0268]
Epoch 38:   8%|..........| 49/585 [00:01:20<00:14:36,  0.61it/s, loss=0.0267]
Epoch 38:   9%|..........| 52/585 [00:01:26<00:14:43,  0.60it/s, loss=0.0265]
Epoch 38:  10%|..........| 56/585 [00:01:32<00:14:32,  0.61it/s, loss=0.0261]
Epoch 38:  10%|#.........| 60/585 [00:01:38<00:14:22,  0.61it/s, loss=0.0260]
Epoch 38:  11%|#.........| 64/585 [00:01:44<00:14:14,  0.61it/s, loss=0.0259]
Epoch 38:  12%|#.........| 68/585 [00:01:52<00:14:12,  0.61it/s, loss=0.0261]
Epoch 38:  12%|#.........| 71/585 [00:01:57<00:14:07,  0.61it/s, loss=0.0262]
Epoch 38:  13%|#.........| 74/585 [00:02:02<00:14:04,  0.61it/s, loss=0.0261]
Epoch 38:  13%|#.........| 77/585 [00:02:07<00:14:00,  0.60it/s, loss=0.0259]
Epoch 38:  14%|#.........| 81/585 [00:02:13<00:13:50,  0.61it/s, loss=0.0259]
Epoch 38:  15%|#.........| 85/585 [00:02:19<00:13:38,  0.61it/s, loss=0.0258]
Epoch 38:  15%|#.........| 89/585 [00:02:25<00:13:29,  0.61it/s, loss=0.0257]
Epoch 38:  16%|#.........| 93/585 [00:02:31<00:13:23,  0.61it/s, loss=0.0255]
Epoch 38:  17%|#.........| 97/585 [00:02:37<00:13:14,  0.61it/s, loss=0.0254]
Epoch 38:  17%|#.........| 100/585 [00:02:43<00:13:10,  0.61it/s, loss=0.0254]
Epoch 38:  18%|#.........| 104/585 [00:02:49<00:13:05,  0.61it/s, loss=0.0253]
Epoch 38:  18%|#.........| 108/585 [00:02:55<00:12:55,  0.62it/s, loss=0.0252]
Epoch 38:  19%|#.........| 112/585 [00:03:01<00:12:47,  0.62it/s, loss=0.0252]
Epoch 38:  20%|#.........| 116/585 [00:03:07<00:12:39,  0.62it/s, loss=0.0251]
Epoch 38:  21%|##........| 120/585 [00:03:13<00:12:31,  0.62it/s, loss=0.0251]
Epoch 38:  21%|##........| 124/585 [00:03:20<00:12:26,  0.62it/s, loss=0.0251]
Epoch 38:  22%|##........| 128/585 [00:03:26<00:12:17,  0.62it/s, loss=0.0250]
Epoch 38:  23%|##........| 132/585 [00:03:33<00:12:12,  0.62it/s, loss=0.0250]
Epoch 38:  23%|##........| 135/585 [00:03:39<00:12:10,  0.62it/s, loss=0.0251]
Epoch 38:  24%|##........| 138/585 [00:03:44<00:12:06,  0.62it/s, loss=0.0255]
Epoch 38:  24%|##........| 142/585 [00:03:50<00:11:59,  0.62it/s, loss=0.0256]
Epoch 38:  25%|##........| 146/585 [00:03:57<00:11:53,  0.62it/s, loss=0.0255]
Epoch 38:  26%|##........| 150/585 [00:04:02<00:11:44,  0.62it/s, loss=0.0256]
Epoch 38:  26%|##........| 153/585 [00:04:08<00:11:40,  0.62it/s, loss=0.0255]
Epoch 38:  27%|##........| 156/585 [00:04:13<00:11:37,  0.62it/s, loss=0.0254]
Epoch 38:  27%|##........| 160/585 [00:04:19<00:11:30,  0.62it/s, loss=0.0255]
Epoch 38:  28%|##........| 164/585 [00:04:26<00:11:23,  0.62it/s, loss=0.0255]
Epoch 38:  29%|##........| 168/585 [00:04:32<00:11:16,  0.62it/s, loss=0.0254]
Epoch 38:  29%|##........| 172/585 [00:04:38<00:11:09,  0.62it/s, loss=0.0253]
Epoch 38:  30%|##........| 175/585 [00:04:43<00:11:05,  0.62it/s, loss=0.0253]
Epoch 38:  31%|###.......| 179/585 [00:04:50<00:10:58,  0.62it/s, loss=0.0253]
Epoch 38:  31%|###.......| 183/585 [00:04:56<00:10:51,  0.62it/s, loss=0.0253]
Epoch 38:  32%|###.......| 187/585 [00:05:03<00:10:45,  0.62it/s, loss=0.0253]
Epoch 38:  32%|###.......| 190/585 [00:05:08<00:10:41,  0.62it/s, loss=0.0254]
Epoch 38:  33%|###.......| 194/585 [00:05:14<00:10:33,  0.62it/s, loss=0.0254]
Epoch 38:  34%|###.......| 198/585 [00:05:20<00:10:26,  0.62it/s, loss=0.0254]
Epoch 38:  34%|###.......| 201/585 [00:05:25<00:10:22,  0.62it/s, loss=0.0253]
Epoch 38:  35%|###.......| 204/585 [00:05:30<00:10:18,  0.62it/s, loss=0.0253]
Epoch 38:  36%|###.......| 208/585 [00:05:37<00:10:11,  0.62it/s, loss=0.0253]
Epoch 38:  36%|###.......| 211/585 [00:05:42<00:10:07,  0.62it/s, loss=0.0253]
Epoch 38:  37%|###.......| 214/585 [00:05:48<00:10:03,  0.61it/s, loss=0.0253]
Epoch 38:  37%|###.......| 218/585 [00:05:54<00:09:57,  0.61it/s, loss=0.0253]
Epoch 38:  38%|###.......| 222/585 [00:06:00<00:09:49,  0.62it/s, loss=0.0253]
Epoch 38:  39%|###.......| 226/585 [00:06:06<00:09:42,  0.62it/s, loss=0.0252]
Epoch 38:  39%|###.......| 230/585 [00:06:13<00:09:36,  0.62it/s, loss=0.0253]
Epoch 38:  40%|###.......| 233/585 [00:06:18<00:09:31,  0.62it/s, loss=0.0253]
Epoch 38:  41%|####......| 237/585 [00:06:24<00:09:25,  0.62it/s, loss=0.0253]
Epoch 38:  41%|####......| 241/585 [00:06:30<00:09:18,  0.62it/s, loss=0.0253]
Epoch 38:  42%|####......| 245/585 [00:06:36<00:09:10,  0.62it/s, loss=0.0253]
Epoch 38:  43%|####......| 249/585 [00:06:43<00:09:03,  0.62it/s, loss=0.0253]
Epoch 38:  43%|####......| 253/585 [00:06:48<00:08:56,  0.62it/s, loss=0.0253]
Epoch 38:  44%|####......| 257/585 [00:06:55<00:08:49,  0.62it/s, loss=0.0253]
Epoch 38:  45%|####......| 261/585 [00:07:00<00:08:42,  0.62it/s, loss=0.0253]
Epoch 38:  45%|####......| 264/585 [00:07:06<00:08:38,  0.62it/s, loss=0.0253]
Epoch 38:  46%|####......| 268/585 [00:07:12<00:08:31,  0.62it/s, loss=0.0254]
Epoch 38:  46%|####......| 272/585 [00:07:18<00:08:24,  0.62it/s, loss=0.0253]
Epoch 38:  47%|####......| 276/585 [00:07:24<00:08:17,  0.62it/s, loss=0.0253]
Epoch 38:  48%|####......| 280/585 [00:07:29<00:08:10,  0.62it/s, loss=0.0252]
Epoch 38:  49%|####......| 284/585 [00:07:36<00:08:03,  0.62it/s, loss=0.0252]
Epoch 38:  49%|####......| 288/585 [00:07:42<00:07:56,  0.62it/s, loss=0.0251]
Epoch 38:  50%|####......| 292/585 [00:07:49<00:07:51,  0.62it/s, loss=0.0251]
Epoch 38:  51%|#####.....| 296/585 [00:07:55<00:07:44,  0.62it/s, loss=0.0251]
Epoch 38:  51%|#####.....| 299/585 [00:08:00<00:07:39,  0.62it/s, loss=0.0251]
Epoch 38:  52%|#####.....| 303/585 [00:08:07<00:07:33,  0.62it/s, loss=0.0252]
Epoch 38:  52%|#####.....| 307/585 [00:08:13<00:07:26,  0.62it/s, loss=0.0253]
Epoch 38:  53%|#####.....| 311/585 [00:08:19<00:07:20,  0.62it/s, loss=0.0252]
Epoch 38:  54%|#####.....| 315/585 [00:08:25<00:07:13,  0.62it/s, loss=0.0252]
Epoch 38:  54%|#####.....| 318/585 [00:08:31<00:07:09,  0.62it/s, loss=0.0252]
Epoch 38:  55%|#####.....| 321/585 [00:08:37<00:07:05,  0.62it/s, loss=0.0252]
Epoch 38:  56%|#####.....| 325/585 [00:08:43<00:06:58,  0.62it/s, loss=0.0252]
Epoch 38:  56%|#####.....| 328/585 [00:08:48<00:06:54,  0.62it/s, loss=0.0252]
Epoch 38:  57%|#####.....| 332/585 [00:08:54<00:06:47,  0.62it/s, loss=0.0251]
Epoch 38:  57%|#####.....| 335/585 [00:08:59<00:06:42,  0.62it/s, loss=0.0252]
Epoch 38:  58%|#####.....| 339/585 [00:09:06<00:06:36,  0.62it/s, loss=0.0251]
Epoch 38:  58%|#####.....| 342/585 [00:09:11<00:06:31,  0.62it/s, loss=0.0252]
Epoch 38:  59%|#####.....| 346/585 [00:09:17<00:06:25,  0.62it/s, loss=0.0252]
Epoch 38:  60%|#####.....| 349/585 [00:09:22<00:06:20,  0.62it/s, loss=0.0252]
Epoch 38:  60%|######....| 353/585 [00:09:29<00:06:14,  0.62it/s, loss=0.0252]
Epoch 38:  61%|######....| 356/585 [00:09:35<00:06:09,  0.62it/s, loss=0.0252]
Epoch 38:  62%|######....| 360/585 [00:09:42<00:06:03,  0.62it/s, loss=0.0252]
Epoch 38:  62%|######....| 364/585 [00:09:47<00:05:56,  0.62it/s, loss=0.0252]
Epoch 38:  63%|######....| 368/585 [00:09:53<00:05:50,  0.62it/s, loss=0.0252]
Epoch 38:  64%|######....| 372/585 [00:09:59<00:05:43,  0.62it/s, loss=0.0251]
Epoch 38:  64%|######....| 375/585 [00:10:05<00:05:38,  0.62it/s, loss=0.0251]
Epoch 38:  65%|######....| 378/585 [00:10:11<00:05:34,  0.62it/s, loss=0.0251]
Epoch 38:  65%|######....| 381/585 [00:10:17<00:05:30,  0.62it/s, loss=0.0251]
Epoch 38:  66%|######....| 384/585 [00:10:22<00:05:25,  0.62it/s, loss=0.0251]
Epoch 38:  66%|######....| 388/585 [00:10:28<00:05:19,  0.62it/s, loss=0.0251]
Epoch 38:  67%|######....| 392/585 [00:10:35<00:05:12,  0.62it/s, loss=0.0250]
Epoch 38:  68%|######....| 396/585 [00:10:42<00:05:06,  0.62it/s, loss=0.0251]
Epoch 38:  68%|######....| 400/585 [00:10:48<00:04:59,  0.62it/s, loss=0.0250]
Epoch 38:  69%|######....| 403/585 [00:10:54<00:04:55,  0.62it/s, loss=0.0251]
Epoch 38:  70%|######....| 407/585 [00:10:59<00:04:48,  0.62it/s, loss=0.0251]
Epoch 38:  70%|#######...| 410/585 [00:11:05<00:04:44,  0.62it/s, loss=0.0250]
Epoch 38:  71%|#######...| 414/585 [00:11:11<00:04:37,  0.62it/s, loss=0.0251]
Epoch 38:  71%|#######...| 417/585 [00:11:17<00:04:33,  0.62it/s, loss=0.0250]
Epoch 38:  72%|#######...| 420/585 [00:11:23<00:04:28,  0.61it/s, loss=0.0250]
Epoch 38:  72%|#######...| 423/585 [00:11:29<00:04:23,  0.61it/s, loss=0.0250]
Epoch 38:  73%|#######...| 427/585 [00:11:35<00:04:17,  0.61it/s, loss=0.0250]
Epoch 38:  74%|#######...| 430/585 [00:11:40<00:04:12,  0.61it/s, loss=0.0250]
Epoch 38:  74%|#######...| 434/585 [00:11:46<00:04:05,  0.61it/s, loss=0.0250]
Epoch 38:  75%|#######...| 438/585 [00:11:52<00:03:59,  0.61it/s, loss=0.0249]
Epoch 38:  75%|#######...| 441/585 [00:11:58<00:03:54,  0.61it/s, loss=0.0250]
Epoch 38:  76%|#######...| 445/585 [00:12:04<00:03:47,  0.61it/s, loss=0.0250]
Epoch 38:  77%|#######...| 448/585 [00:12:09<00:03:43,  0.61it/s, loss=0.0250]
Epoch 38:  77%|#######...| 451/585 [00:12:14<00:03:38,  0.61it/s, loss=0.0251]
Epoch 38:  78%|#######...| 455/585 [00:12:20<00:03:31,  0.61it/s, loss=0.0251]
Epoch 38:  78%|#######...| 459/585 [00:12:27<00:03:25,  0.61it/s, loss=0.0251]
Epoch 38:  79%|#######...| 463/585 [00:12:33<00:03:18,  0.61it/s, loss=0.0251]
Epoch 38:  80%|#######...| 467/585 [00:12:39<00:03:11,  0.61it/s, loss=0.0251]
Epoch 38:  81%|########..| 471/585 [00:12:45<00:03:05,  0.61it/s, loss=0.0251]
Epoch 38:  81%|########..| 475/585 [00:12:53<00:02:59,  0.61it/s, loss=0.0251]
Epoch 38:  82%|########..| 478/585 [00:12:58<00:02:54,  0.61it/s, loss=0.0252]
Epoch 38:  82%|########..| 481/585 [00:13:03<00:02:49,  0.61it/s, loss=0.0252]
Epoch 38:  83%|########..| 485/585 [00:13:10<00:02:42,  0.61it/s, loss=0.0252]
Epoch 38:  83%|########..| 488/585 [00:13:15<00:02:38,  0.61it/s, loss=0.0252]
Epoch 38:  84%|########..| 491/585 [00:13:20<00:02:33,  0.61it/s, loss=0.0252]
Epoch 38:  85%|########..| 495/585 [00:13:27<00:02:26,  0.61it/s, loss=0.0252]
Epoch 38:  85%|########..| 499/585 [00:13:33<00:02:20,  0.61it/s, loss=0.0252]
Epoch 38:  86%|########..| 503/585 [00:13:40<00:02:13,  0.61it/s, loss=0.0252]
Epoch 38:  87%|########..| 507/585 [00:13:46<00:02:07,  0.61it/s, loss=0.0252]
Epoch 38:  87%|########..| 511/585 [00:13:53<00:02:00,  0.61it/s, loss=0.0252]
Epoch 38:  88%|########..| 514/585 [00:13:58<00:01:55,  0.61it/s, loss=0.0253]
Epoch 38:  89%|########..| 518/585 [00:14:04<00:01:49,  0.61it/s, loss=0.0253]
Epoch 38:  89%|########..| 522/585 [00:14:10<00:01:42,  0.61it/s, loss=0.0253]
Epoch 38:  90%|########..| 525/585 [00:14:15<00:01:37,  0.61it/s, loss=0.0253]
Epoch 38:  90%|#########.| 529/585 [00:14:22<00:01:31,  0.61it/s, loss=0.0253]
Epoch 38:  91%|#########.| 532/585 [00:14:27<00:01:26,  0.61it/s, loss=0.0253]
Epoch 38:  92%|#########.| 536/585 [00:14:33<00:01:19,  0.61it/s, loss=0.0253]
Epoch 38:  92%|#########.| 540/585 [00:14:39<00:01:13,  0.61it/s, loss=0.0253]
Epoch 38:  93%|#########.| 543/585 [00:14:44<00:01:08,  0.61it/s, loss=0.0252]
Epoch 38:  94%|#########.| 547/585 [00:14:51<00:01:01,  0.61it/s, loss=0.0252]
Epoch 38:  94%|#########.| 550/585 [00:14:58<00:00:57,  0.61it/s, loss=0.0252]
Epoch 38:  95%|#########.| 554/585 [00:15:04<00:00:50,  0.61it/s, loss=0.0252]
Epoch 38:  95%|#########.| 558/585 [00:15:10<00:00:44,  0.61it/s, loss=0.0252]
Epoch 38:  96%|#########.| 562/585 [00:15:16<00:00:37,  0.61it/s, loss=0.0252]
Epoch 38:  97%|#########.| 566/585 [00:15:22<00:00:30,  0.61it/s, loss=0.0252]
Epoch 38:  97%|#########.| 569/585 [00:15:27<00:00:26,  0.61it/s, loss=0.0252]
Epoch 38:  98%|#########.| 572/585 [00:15:33<00:00:21,  0.61it/s, loss=0.0253]
Epoch 38:  98%|#########.| 575/585 [00:15:38<00:00:16,  0.61it/s, loss=0.0253]
Epoch 38:  99%|#########.| 578/585 [00:15:43<00:00:11,  0.61it/s, loss=0.0253]
Epoch 38:  99%|#########.| 581/585 [00:15:48<00:00:06,  0.61it/s, loss=0.0253]
Epoch 38: 100%|##########| 585/585 [00:15:54<00:00:00,  0.61it/s, loss=0.0253]
Test loss: 0.0230, Test rmsae: 7.24deg
{"event": "epoch_complete", "epoch": 38, "phase": 2, "lr": 1e-05, "batch_size": 10, "micro_batch_size": 1, "train_loss": 0.02529555784745349, "val_loss": 0.02296880431822501, "val_rmsae_deg": 7.2423896342515945, "epoch_time_s": 955.6785569710191}
Epoch 39/80:
Epoch 39:   1%|..........| 4/585 [00:00:06<00:16:54,  0.57it/s, loss=0.0237]
Epoch 39:   1%|..........| 7/585 [00:00:13<00:18:11,  0.53it/s, loss=0.0256]
Epoch 39:   2%|..........| 11/585 [00:00:19<00:16:52,  0.57it/s, loss=0.0255]
Epoch 39:   3%|..........| 15/585 [00:00:25<00:16:06,  0.59it/s, loss=0.0252]
Epoch 39:   3%|..........| 19/585 [00:00:31<00:15:51,  0.59it/s, loss=0.0257]
Epoch 39:   4%|..........| 23/585 [00:00:37<00:15:24,  0.61it/s, loss=0.0254]
Epoch 39:   5%|..........| 27/585 [00:00:44<00:15:09,  0.61it/s, loss=0.0251]
Epoch 39:   5%|..........| 31/585 [00:00:49<00:14:52,  0.62it/s, loss=0.0257]
Epoch 39:   6%|..........| 34/585 [00:00:55<00:14:56,  0.61it/s, loss=0.0270]
Epoch 39:   6%|..........| 38/585 [00:01:01<00:14:40,  0.62it/s, loss=0.0268]
Epoch 39:   7%|..........| 42/585 [00:01:06<00:14:25,  0.63it/s, loss=0.0265]
Epoch 39:   8%|..........| 46/585 [00:01:12<00:14:14,  0.63it/s, loss=0.0264]
Epoch 39:   8%|..........| 49/585 [00:01:18<00:14:17,  0.63it/s, loss=0.0262]
Epoch 39:   9%|..........| 52/585 [00:01:23<00:14:18,  0.62it/s, loss=0.0260]
Epoch 39:  10%|..........| 56/585 [00:01:29<00:14:07,  0.62it/s, loss=0.0261]
Epoch 39:  10%|#.........| 60/585 [00:01:36<00:14:02,  0.62it/s, loss=0.0261]
Epoch 39:  11%|#.........| 63/585 [00:01:42<00:14:12,  0.61it/s, loss=0.0262]
Epoch 39:  11%|#.........| 67/585 [00:01:49<00:14:03,  0.61it/s, loss=0.0260]
Epoch 39:  12%|#.........| 71/585 [00:01:55<00:13:54,  0.62it/s, loss=0.0259]
Epoch 39:  13%|#.........| 75/585 [00:02:01<00:13:44,  0.62it/s, loss=0.0261]
Epoch 39:  13%|#.........| 78/585 [00:02:06<00:13:45,  0.61it/s, loss=0.0259]
Epoch 39:  14%|#.........| 81/585 [00:02:13<00:13:48,  0.61it/s, loss=0.0259]
Epoch 39:  14%|#.........| 84/585 [00:02:19<00:13:49,  0.60it/s, loss=0.0259]
Epoch 39:  15%|#.........| 88/585 [00:02:24<00:13:38,  0.61it/s, loss=0.0261]
Epoch 39:  16%|#.........| 91/585 [00:02:30<00:13:36,  0.60it/s, loss=0.0260]
Epoch 39:  16%|#.........| 94/585 [00:02:35<00:13:32,  0.60it/s, loss=0.0259]
Epoch 39:  17%|#.........| 98/585 [00:02:42<00:13:25,  0.60it/s, loss=0.0259]
Epoch 39:  17%|#.........| 102/585 [00:02:48<00:13:17,  0.61it/s, loss=0.0261]
Epoch 39:  18%|#.........| 106/585 [00:02:55<00:13:11,  0.61it/s, loss=0.0261]
Epoch 39:  19%|#.........| 109/585 [00:03:00<00:13:07,  0.60it/s, loss=0.0261]
Epoch 39:  19%|#.........| 112/585 [00:03:05<00:13:03,  0.60it/s, loss=0.0260]
Epoch 39:  20%|#.........| 115/585 [00:03:10<00:12:59,  0.60it/s, loss=0.0260]
Epoch 39:  20%|##........| 119/585 [00:03:17<00:12:53,  0.60it/s, loss=0.0260]
Epoch 39:  21%|##........| 123/585 [00:03:23<00:12:43,  0.61it/s, loss=0.0259]
Epoch 39:  22%|##........| 127/585 [00:03:29<00:12:36,  0.61it/s, loss=0.0258]
Epoch 39:  22%|##........| 130/585 [00:03:35<00:12:34,  0.60it/s, loss=0.0258]
Epoch 39:  23%|##........| 133/585 [00:03:40<00:12:30,  0.60it/s, loss=0.0257]
Epoch 39:  23%|##........| 136/585 [00:03:46<00:12:26,  0.60it/s, loss=0.0255]
Epoch 39:  24%|##........| 139/585 [00:03:51<00:12:21,  0.60it/s, loss=0.0257]
Epoch 39:  24%|##........| 142/585 [00:03:56<00:12:17,  0.60it/s, loss=0.0257]
Epoch 39:  25%|##........| 146/585 [00:04:02<00:12:10,  0.60it/s, loss=0.0257]
Epoch 39:  25%|##........| 149/585 [00:04:07<00:12:05,  0.60it/s, loss=0.0257]
Epoch 39:  26%|##........| 153/585 [00:04:14<00:11:57,  0.60it/s, loss=0.0256]
Epoch 39:  27%|##........| 157/585 [00:04:20<00:11:49,  0.60it/s, loss=0.0255]
Epoch 39:  28%|##........| 161/585 [00:04:27<00:11:43,  0.60it/s, loss=0.0255]
Epoch 39:  28%|##........| 163/585 [00:04:32<00:11:45,  0.60it/s, loss=0.0255]
Epoch 39:  29%|##........| 167/585 [00:04:39<00:11:38,  0.60it/s, loss=0.0254]
Epoch 39:  29%|##........| 170/585 [00:04:44<00:11:35,  0.60it/s, loss=0.0254]
Epoch 39:  30%|##........| 174/585 [00:04:50<00:11:26,  0.60it/s, loss=0.0254]
Epoch 39:  30%|###.......| 178/585 [00:04:56<00:11:18,  0.60it/s, loss=0.0253]
Epoch 39:  31%|###.......| 181/585 [00:05:02<00:11:14,  0.60it/s, loss=0.0254]
Epoch 39:  31%|###.......| 184/585 [00:05:07<00:11:09,  0.60it/s, loss=0.0254]
Epoch 39:  32%|###.......| 187/585 [00:05:13<00:11:07,  0.60it/s, loss=0.0254]
Epoch 39:  33%|###.......| 191/585 [00:05:19<00:10:59,  0.60it/s, loss=0.0254]
Epoch 39:  33%|###.......| 195/585 [00:05:25<00:10:51,  0.60it/s, loss=0.0253]
Epoch 39:  34%|###.......| 198/585 [00:05:32<00:10:48,  0.60it/s, loss=0.0253]
Epoch 39:  35%|###.......| 202/585 [00:05:38<00:10:41,  0.60it/s, loss=0.0253]
Epoch 39:  35%|###.......| 206/585 [00:05:44<00:10:34,  0.60it/s, loss=0.0252]
Epoch 39:  36%|###.......| 210/585 [00:05:51<00:10:26,  0.60it/s, loss=0.0254]
Epoch 39:  36%|###.......| 213/585 [00:05:56<00:10:22,  0.60it/s, loss=0.0254]
Epoch 39:  37%|###.......| 217/585 [00:06:02<00:10:14,  0.60it/s, loss=0.0253]
Epoch 39:  38%|###.......| 220/585 [00:06:07<00:10:09,  0.60it/s, loss=0.0253]
Epoch 39:  38%|###.......| 224/585 [00:06:13<00:10:02,  0.60it/s, loss=0.0253]
Epoch 39:  39%|###.......| 228/585 [00:06:20<00:09:55,  0.60it/s, loss=0.0253]
Epoch 39:  39%|###.......| 231/585 [00:06:25<00:09:50,  0.60it/s, loss=0.0252]
Epoch 39:  40%|####......| 235/585 [00:06:32<00:09:43,  0.60it/s, loss=0.0253]
Epoch 39:  41%|####......| 238/585 [00:06:37<00:09:39,  0.60it/s, loss=0.0253]
Epoch 39:  41%|####......| 242/585 [00:06:43<00:09:32,  0.60it/s, loss=0.0254]
Epoch 39:  42%|####......| 246/585 [00:06:49<00:09:24,  0.60it/s, loss=0.0254]
Epoch 39:  43%|####......| 249/585 [00:06:55<00:09:20,  0.60it/s, loss=0.0254]
Epoch 39:  43%|####......| 252/585 [00:07:00<00:09:15,  0.60it/s, loss=0.0254]
Epoch 39:  44%|####......| 255/585 [00:07:05<00:09:10,  0.60it/s, loss=0.0254]
Epoch 39:  44%|####......| 259/585 [00:07:11<00:09:03,  0.60it/s, loss=0.0254]
Epoch 39:  45%|####......| 263/585 [00:07:17<00:08:55,  0.60it/s, loss=0.0253]
Epoch 39:  46%|####......| 267/585 [00:07:24<00:08:48,  0.60it/s, loss=0.0254]
Epoch 39:  46%|####......| 271/585 [00:07:30<00:08:42,  0.60it/s, loss=0.0253]
Epoch 39:  47%|####......| 275/585 [00:07:36<00:08:35,  0.60it/s, loss=0.0253]
Epoch 39:  48%|####......| 279/585 [00:07:43<00:08:28,  0.60it/s, loss=0.0253]
Epoch 39:  48%|####......| 283/585 [00:07:50<00:08:21,  0.60it/s, loss=0.0252]
Epoch 39:  49%|####......| 286/585 [00:07:55<00:08:16,  0.60it/s, loss=0.0252]
Epoch 39:  49%|####......| 289/585 [00:08:00<00:08:12,  0.60it/s, loss=0.0252]
Epoch 39:  50%|#####.....| 293/585 [00:08:06<00:08:04,  0.60it/s, loss=0.0251]
Epoch 39:  51%|#####.....| 296/585 [00:08:12<00:08:00,  0.60it/s, loss=0.0251]
Epoch 39:  51%|#####.....| 300/585 [00:08:18<00:07:53,  0.60it/s, loss=0.0251]
Epoch 39:  52%|#####.....| 304/585 [00:08:24<00:07:46,  0.60it/s, loss=0.0250]
Epoch 39:  52%|#####.....| 307/585 [00:08:30<00:07:42,  0.60it/s, loss=0.0250]
Epoch 39:  53%|#####.....| 311/585 [00:08:37<00:07:36,  0.60it/s, loss=0.0250]
Epoch 39:  54%|#####.....| 314/585 [00:08:42<00:07:31,  0.60it/s, loss=0.0250]
Epoch 39:  54%|#####.....| 318/585 [00:08:48<00:07:24,  0.60it/s, loss=0.0250]
Epoch 39:  55%|#####.....| 321/585 [00:08:53<00:07:19,  0.60it/s, loss=0.0250]
Epoch 39:  55%|#####.....| 324/585 [00:08:59<00:07:14,  0.60it/s, loss=0.0250]
Epoch 39:  56%|#####.....| 328/585 [00:09:06<00:07:07,  0.60it/s, loss=0.0250]
Epoch 39:  57%|#####.....| 332/585 [00:09:12<00:07:00,  0.60it/s, loss=0.0250]
Epoch 39:  57%|#####.....| 335/585 [00:09:17<00:06:55,  0.60it/s, loss=0.0250]
Epoch 39:  58%|#####.....| 339/585 [00:09:23<00:06:49,  0.60it/s, loss=0.0250]
Epoch 39:  59%|#####.....| 343/585 [00:09:30<00:06:42,  0.60it/s, loss=0.0250]
Epoch 39:  59%|#####.....| 347/585 [00:09:36<00:06:35,  0.60it/s, loss=0.0250]
Epoch 39:  60%|######....| 351/585 [00:09:43<00:06:28,  0.60it/s, loss=0.0250]
Epoch 39:  61%|######....| 355/585 [00:09:49<00:06:21,  0.60it/s, loss=0.0250]
Epoch 39:  61%|######....| 358/585 [00:09:54<00:06:17,  0.60it/s, loss=0.0250]
Epoch 39:  62%|######....| 362/585 [00:10:00<00:06:10,  0.60it/s, loss=0.0250]
Epoch 39:  63%|######....| 366/585 [00:10:07<00:06:03,  0.60it/s, loss=0.0250]
Epoch 39:  63%|######....| 369/585 [00:10:12<00:05:58,  0.60it/s, loss=0.0250]
Epoch 39:  64%|######....| 373/585 [00:10:18<00:05:51,  0.60it/s, loss=0.0250]
Epoch 39:  64%|######....| 377/585 [00:10:24<00:05:44,  0.60it/s, loss=0.0250]
Epoch 39:  65%|######....| 381/585 [00:10:30<00:05:37,  0.60it/s, loss=0.0249]
Epoch 39:  66%|######....| 385/585 [00:10:36<00:05:30,  0.60it/s, loss=0.0249]
Epoch 39:  66%|######....| 389/585 [00:10:43<00:05:23,  0.60it/s, loss=0.0249]
Epoch 39:  67%|######....| 392/585 [00:10:48<00:05:19,  0.60it/s, loss=0.0249]
Epoch 39:  68%|######....| 396/585 [00:10:54<00:05:12,  0.60it/s, loss=0.0249]
Epoch 39:  68%|######....| 399/585 [00:10:59<00:05:07,  0.60it/s, loss=0.0249]
Epoch 39:  69%|######....| 403/585 [00:11:06<00:05:00,  0.60it/s, loss=0.0248]
Epoch 39:  70%|######....| 407/585 [00:11:12<00:04:54,  0.61it/s, loss=0.0248]
Epoch 39:  70%|#######...| 410/585 [00:11:18<00:04:49,  0.60it/s, loss=0.0249]
Epoch 39:  71%|#######...| 414/585 [00:11:24<00:04:42,  0.60it/s, loss=0.0249]
Epoch 39:  71%|#######...| 418/585 [00:11:30<00:04:35,  0.61it/s, loss=0.0249]
Epoch 39:  72%|#######...| 422/585 [00:11:36<00:04:29,  0.61it/s, loss=0.0249]
Epoch 39:  73%|#######...| 425/585 [00:11:41<00:04:24,  0.61it/s, loss=0.0250]
Epoch 39:  73%|#######...| 429/585 [00:11:48<00:04:17,  0.61it/s, loss=0.0250]
Epoch 39:  74%|#######...| 433/585 [00:11:55<00:04:11,  0.61it/s, loss=0.0250]
Epoch 39:  75%|#######...| 436/585 [00:12:00<00:04:06,  0.61it/s, loss=0.0251]
Epoch 39:  75%|#######...| 439/585 [00:12:05<00:04:01,  0.61it/s, loss=0.0251]
Epoch 39:  76%|#######...| 443/585 [00:12:11<00:03:54,  0.61it/s, loss=0.0251]
Epoch 39:  76%|#######...| 447/585 [00:12:17<00:03:47,  0.61it/s, loss=0.0251]
Epoch 39:  77%|#######...| 451/585 [00:12:24<00:03:41,  0.61it/s, loss=0.0251]
Epoch 39:  78%|#######...| 454/585 [00:12:29<00:03:36,  0.61it/s, loss=0.0251]
Epoch 39:  78%|#######...| 458/585 [00:12:35<00:03:29,  0.61it/s, loss=0.0251]
Epoch 39:  79%|#######...| 462/585 [00:12:42<00:03:22,  0.61it/s, loss=0.0251]
Epoch 39:  80%|#######...| 466/585 [00:12:48<00:03:16,  0.61it/s, loss=0.0251]
Epoch 39:  80%|########..| 470/585 [00:12:54<00:03:09,  0.61it/s, loss=0.0251]
Epoch 39:  81%|########..| 474/585 [00:13:01<00:03:02,  0.61it/s, loss=0.0251]
Epoch 39:  82%|########..| 478/585 [00:13:07<00:02:56,  0.61it/s, loss=0.0251]
Epoch 39:  82%|########..| 481/585 [00:13:13<00:02:51,  0.61it/s, loss=0.0251]
Epoch 39:  83%|########..| 484/585 [00:13:18<00:02:46,  0.61it/s, loss=0.0251]
Epoch 39:  83%|########..| 487/585 [00:13:23<00:02:41,  0.61it/s, loss=0.0251]
Epoch 39:  84%|########..| 490/585 [00:13:28<00:02:36,  0.61it/s, loss=0.0250]
Epoch 39:  84%|########..| 494/585 [00:13:34<00:02:30,  0.61it/s, loss=0.0250]
Epoch 39:  85%|########..| 497/585 [00:13:40<00:02:25,  0.61it/s, loss=0.0250]
Epoch 39:  86%|########..| 501/585 [00:13:46<00:02:18,  0.61it/s, loss=0.0250]
Epoch 39:  86%|########..| 505/585 [00:13:52<00:02:11,  0.61it/s, loss=0.0250]
Epoch 39:  87%|########..| 508/585 [00:13:57<00:02:06,  0.61it/s, loss=0.0250]
Epoch 39:  88%|########..| 512/585 [00:14:03<00:02:00,  0.61it/s, loss=0.0250]
Epoch 39:  88%|########..| 516/585 [00:14:10<00:01:53,  0.61it/s, loss=0.0250]
Epoch 39:  89%|########..| 520/585 [00:14:16<00:01:47,  0.61it/s, loss=0.0251]
Epoch 39:  90%|########..| 524/585 [00:14:23<00:01:40,  0.61it/s, loss=0.0251]
Epoch 39:  90%|#########.| 528/585 [00:14:29<00:01:33,  0.61it/s, loss=0.0251]
Epoch 39:  91%|#########.| 532/585 [00:14:35<00:01:27,  0.61it/s, loss=0.0250]
Epoch 39:  91%|#########.| 535/585 [00:14:40<00:01:22,  0.61it/s, loss=0.0251]
Epoch 39:  92%|#########.| 538/585 [00:14:45<00:01:17,  0.61it/s, loss=0.0251]
Epoch 39:  92%|#########.| 541/585 [00:14:51<00:01:12,  0.61it/s, loss=0.0251]
Epoch 39:  93%|#########.| 544/585 [00:14:57<00:01:07,  0.61it/s, loss=0.0251]
Epoch 39:  94%|#########.| 548/585 [00:15:03<00:01:01,  0.61it/s, loss=0.0251]
Epoch 39:  94%|#########.| 552/585 [00:15:09<00:00:54,  0.61it/s, loss=0.0251]
Epoch 39:  95%|#########.| 556/585 [00:15:15<00:00:47,  0.61it/s, loss=0.0251]
Epoch 39:  96%|#########.| 560/585 [00:15:21<00:00:41,  0.61it/s, loss=0.0251]
Epoch 39:  96%|#########.| 563/585 [00:15:26<00:00:36,  0.61it/s, loss=0.0251]
Epoch 39:  97%|#########.| 566/585 [00:15:31<00:00:31,  0.61it/s, loss=0.0251]
Epoch 39:  97%|#########.| 569/585 [00:15:36<00:00:26,  0.61it/s, loss=0.0251]
Epoch 39:  98%|#########.| 573/585 [00:15:43<00:00:19,  0.61it/s, loss=0.0251]
Epoch 39:  99%|#########.| 577/585 [00:15:49<00:00:13,  0.61it/s, loss=0.0251]
Epoch 39:  99%|#########.| 581/585 [00:15:55<00:00:06,  0.61it/s, loss=0.0251]
Epoch 39: 100%|##########| 585/585 [00:16:01<00:00:00,  0.61it/s, loss=0.0251]
Test loss: 0.0230, Test rmsae: 7.25deg
{"event": "epoch_complete", "epoch": 39, "phase": 2, "lr": 1e-05, "batch_size": 10, "micro_batch_size": 1, "train_loss": 0.02508774445925513, "val_loss": 0.022965290234424174, "val_rmsae_deg": 7.249520048499107, "epoch_time_s": 962.5280174409272}
Epoch 40/80:
Epoch 40:   1%|..........| 4/585 [00:00:06<00:15:00,  0.65it/s, loss=0.0237]
Epoch 40:   1%|..........| 8/585 [00:00:12<00:14:56,  0.64it/s, loss=0.0218]
Epoch 40:   2%|..........| 12/585 [00:00:18<00:14:52,  0.64it/s, loss=0.0225]
Epoch 40:   3%|..........| 15/585 [00:00:24<00:15:21,  0.62it/s, loss=0.0237]
Epoch 40:   3%|..........| 19/585 [00:00:30<00:14:57,  0.63it/s, loss=0.0231]
Epoch 40:   4%|..........| 22/585 [00:00:35<00:15:05,  0.62it/s, loss=0.0231]
Epoch 40:   4%|..........| 25/585 [00:00:40<00:15:13,  0.61it/s, loss=0.0240]
Epoch 40:   5%|..........| 28/585 [00:00:46<00:15:20,  0.61it/s, loss=0.0240]
Epoch 40:   5%|..........| 32/585 [00:00:52<00:15:09,  0.61it/s, loss=0.0259]
Epoch 40:   6%|..........| 36/585 [00:00:58<00:14:56,  0.61it/s, loss=0.0251]
Epoch 40:   7%|..........| 39/585 [00:01:04<00:15:08,  0.60it/s, loss=0.0257]
Epoch 40:   7%|..........| 42/585 [00:01:10<00:15:06,  0.60it/s, loss=0.0265]
Epoch 40:   8%|..........| 46/585 [00:01:15<00:14:50,  0.61it/s, loss=0.0262]
Epoch 40:   9%|..........| 50/585 [00:01:22<00:14:40,  0.61it/s, loss=0.0259]
Epoch 40:   9%|..........| 54/585 [00:01:28<00:14:30,  0.61it/s, loss=0.0260]
Epoch 40:  10%|..........| 58/585 [00:01:35<00:14:23,  0.61it/s, loss=0.0264]
Epoch 40:  11%|#.........| 62/585 [00:01:41<00:14:12,  0.61it/s, loss=0.0262]
Epoch 40:  11%|#.........| 66/585 [00:01:47<00:14:07,  0.61it/s, loss=0.0261]
Epoch 40:  12%|#.........| 70/585 [00:01:53<00:13:54,  0.62it/s, loss=0.0261]
Epoch 40:  12%|#.........| 73/585 [00:01:58<00:13:53,  0.61it/s, loss=0.0259]
Epoch 40:  13%|#.........| 77/585 [00:02:04<00:13:44,  0.62it/s, loss=0.0261]
Epoch 40:  14%|#.........| 81/585 [00:02:11<00:13:37,  0.62it/s, loss=0.0259]
Epoch 40:  14%|#.........| 84/585 [00:02:17<00:13:39,  0.61it/s, loss=0.0260]
Epoch 40:  15%|#.........| 88/585 [00:02:23<00:13:29,  0.61it/s, loss=0.0258]
Epoch 40:  16%|#.........| 92/585 [00:02:29<00:13:20,  0.62it/s, loss=0.0257]
Epoch 40:  16%|#.........| 96/585 [00:02:35<00:13:13,  0.62it/s, loss=0.0256]
Epoch 40:  17%|#.........| 100/585 [00:02:42<00:13:06,  0.62it/s, loss=0.0256]
Epoch 40:  18%|#.........| 104/585 [00:02:48<00:12:58,  0.62it/s, loss=0.0256]
Epoch 40:  18%|#.........| 108/585 [00:02:54<00:12:50,  0.62it/s, loss=0.0254]
Epoch 40:  19%|#.........| 112/585 [00:03:00<00:12:43,  0.62it/s, loss=0.0253]
Epoch 40:  20%|#.........| 116/585 [00:03:06<00:12:34,  0.62it/s, loss=0.0252]
Epoch 40:  21%|##........| 120/585 [00:03:12<00:12:25,  0.62it/s, loss=0.0251]
Epoch 40:  21%|##........| 123/585 [00:03:17<00:12:21,  0.62it/s, loss=0.0250]
Epoch 40:  22%|##........| 126/585 [00:03:22<00:12:18,  0.62it/s, loss=0.0252]
Epoch 40:  22%|##........| 130/585 [00:03:28<00:12:11,  0.62it/s, loss=0.0253]
Epoch 40:  23%|##........| 134/585 [00:03:35<00:12:03,  0.62it/s, loss=0.0255]
Epoch 40:  24%|##........| 138/585 [00:03:41<00:11:56,  0.62it/s, loss=0.0253]
Epoch 40:  24%|##........| 141/585 [00:03:46<00:11:54,  0.62it/s, loss=0.0254]
Epoch 40:  25%|##........| 144/585 [00:03:53<00:11:55,  0.62it/s, loss=0.0256]
Epoch 40:  25%|##........| 148/585 [00:04:01<00:11:51,  0.61it/s, loss=0.0256]
Epoch 40:  26%|##........| 152/585 [00:04:06<00:11:42,  0.62it/s, loss=0.0255]
Epoch 40:  27%|##........| 156/585 [00:04:13<00:11:36,  0.62it/s, loss=0.0256]
Epoch 40:  27%|##........| 160/585 [00:04:19<00:11:30,  0.62it/s, loss=0.0258]
Epoch 40:  28%|##........| 164/585 [00:04:26<00:11:23,  0.62it/s, loss=0.0258]
Epoch 40:  29%|##........| 167/585 [00:04:31<00:11:19,  0.62it/s, loss=0.0258]
Epoch 40:  29%|##........| 170/585 [00:04:37<00:11:16,  0.61it/s, loss=0.0260]
Epoch 40:  30%|##........| 174/585 [00:04:43<00:11:09,  0.61it/s, loss=0.0260]
Epoch 40:  30%|###.......| 178/585 [00:04:49<00:11:02,  0.61it/s, loss=0.0260]
Epoch 40:  31%|###.......| 182/585 [00:04:55<00:10:54,  0.62it/s, loss=0.0259]
Epoch 40:  32%|###.......| 186/585 [00:05:01<00:10:46,  0.62it/s, loss=0.0259]
Epoch 40:  32%|###.......| 190/585 [00:05:07<00:10:39,  0.62it/s, loss=0.0259]
Epoch 40:  33%|###.......| 193/585 [00:05:12<00:10:35,  0.62it/s, loss=0.0258]
Epoch 40:  34%|###.......| 196/585 [00:05:17<00:10:31,  0.62it/s, loss=0.0258]
Epoch 40:  34%|###.......| 199/585 [00:05:24<00:10:29,  0.61it/s, loss=0.0257]
Epoch 40:  35%|###.......| 203/585 [00:05:31<00:10:23,  0.61it/s, loss=0.0257]
Epoch 40:  35%|###.......| 207/585 [00:05:38<00:10:17,  0.61it/s, loss=0.0256]
Epoch 40:  36%|###.......| 210/585 [00:05:43<00:10:13,  0.61it/s, loss=0.0256]
Epoch 40:  36%|###.......| 213/585 [00:05:50<00:10:11,  0.61it/s, loss=0.0256]
Epoch 40:  37%|###.......| 216/585 [00:05:55<00:10:07,  0.61it/s, loss=0.0256]
Epoch 40:  38%|###.......| 220/585 [00:06:01<00:09:59,  0.61it/s, loss=0.0256]
Epoch 40:  38%|###.......| 224/585 [00:06:07<00:09:52,  0.61it/s, loss=0.0257]
Epoch 40:  39%|###.......| 227/585 [00:06:12<00:09:47,  0.61it/s, loss=0.0256]
Epoch 40:  39%|###.......| 230/585 [00:06:18<00:09:43,  0.61it/s, loss=0.0256]
Epoch 40:  40%|####......| 234/585 [00:06:23<00:09:35,  0.61it/s, loss=0.0257]
Epoch 40:  41%|####......| 237/585 [00:06:28<00:09:31,  0.61it/s, loss=0.0257]
Epoch 40:  41%|####......| 241/585 [00:06:35<00:09:24,  0.61it/s, loss=0.0258]
Epoch 40:  42%|####......| 244/585 [00:06:40<00:09:19,  0.61it/s, loss=0.0258]
Epoch 40:  42%|####......| 248/585 [00:06:47<00:09:13,  0.61it/s, loss=0.0258]
Epoch 40:  43%|####......| 251/585 [00:06:52<00:09:08,  0.61it/s, loss=0.0258]
Epoch 40:  44%|####......| 255/585 [00:06:58<00:09:01,  0.61it/s, loss=0.0258]
Epoch 40:  44%|####......| 259/585 [00:07:04<00:08:54,  0.61it/s, loss=0.0258]
Epoch 40:  45%|####......| 263/585 [00:07:11<00:08:47,  0.61it/s, loss=0.0258]
Epoch 40:  46%|####......| 267/585 [00:07:17<00:08:40,  0.61it/s, loss=0.0258]
Epoch 40:  46%|####......| 271/585 [00:07:23<00:08:33,  0.61it/s, loss=0.0258]
Epoch 40:  47%|####......| 274/585 [00:07:29<00:08:29,  0.61it/s, loss=0.0258]
Epoch 40:  47%|####......| 277/585 [00:07:34<00:08:25,  0.61it/s, loss=0.0258]
Epoch 40:  48%|####......| 281/585 [00:07:41<00:08:18,  0.61it/s, loss=0.0258]
Epoch 40:  49%|####......| 285/585 [00:07:47<00:08:11,  0.61it/s, loss=0.0258]
Epoch 40:  49%|####......| 288/585 [00:07:52<00:08:07,  0.61it/s, loss=0.0258]
Epoch 40:  50%|####......| 292/585 [00:07:58<00:08:00,  0.61it/s, loss=0.0258]
Epoch 40:  50%|#####.....| 295/585 [00:08:04<00:07:55,  0.61it/s, loss=0.0258]
Epoch 40:  51%|#####.....| 298/585 [00:08:09<00:07:51,  0.61it/s, loss=0.0258]
Epoch 40:  51%|#####.....| 301/585 [00:08:14<00:07:46,  0.61it/s, loss=0.0258]
Epoch 40:  52%|#####.....| 305/585 [00:08:21<00:07:40,  0.61it/s, loss=0.0258]
Epoch 40:  53%|#####.....| 308/585 [00:08:27<00:07:36,  0.61it/s, loss=0.0258]
Epoch 40:  53%|#####.....| 312/585 [00:08:33<00:07:29,  0.61it/s, loss=0.0258]
Epoch 40:  54%|#####.....| 315/585 [00:08:39<00:07:25,  0.61it/s, loss=0.0258]
Epoch 40:  55%|#####.....| 319/585 [00:08:45<00:07:18,  0.61it/s, loss=0.0257]
Epoch 40:  55%|#####.....| 323/585 [00:08:51<00:07:10,  0.61it/s, loss=0.0256]
Epoch 40:  56%|#####.....| 326/585 [00:08:56<00:07:06,  0.61it/s, loss=0.0257]
Epoch 40:  56%|#####.....| 330/585 [00:09:03<00:06:59,  0.61it/s, loss=0.0257]
Epoch 40:  57%|#####.....| 333/585 [00:09:08<00:06:55,  0.61it/s, loss=0.0257]
Epoch 40:  58%|#####.....| 337/585 [00:09:14<00:06:48,  0.61it/s, loss=0.0257]
Epoch 40:  58%|#####.....| 341/585 [00:09:21<00:06:41,  0.61it/s, loss=0.0257]
Epoch 40:  59%|#####.....| 344/585 [00:09:26<00:06:37,  0.61it/s, loss=0.0257]
Epoch 40:  59%|#####.....| 348/585 [00:09:32<00:06:29,  0.61it/s, loss=0.0257]
Epoch 40:  60%|######....| 352/585 [00:09:38<00:06:23,  0.61it/s, loss=0.0256]
Epoch 40:  61%|######....| 356/585 [00:09:44<00:06:16,  0.61it/s, loss=0.0256]
Epoch 40:  61%|######....| 359/585 [00:09:49<00:06:11,  0.61it/s, loss=0.0256]
Epoch 40:  62%|######....| 363/585 [00:09:56<00:06:04,  0.61it/s, loss=0.0256]
Epoch 40:  63%|######....| 367/585 [00:10:02<00:05:58,  0.61it/s, loss=0.0255]
Epoch 40:  63%|######....| 371/585 [00:10:08<00:05:51,  0.61it/s, loss=0.0255]
Epoch 40:  64%|######....| 375/585 [00:10:14<00:05:44,  0.61it/s, loss=0.0254]
Epoch 40:  65%|######....| 378/585 [00:10:19<00:05:39,  0.61it/s, loss=0.0254]
Epoch 40:  65%|######....| 381/585 [00:10:26<00:05:35,  0.61it/s, loss=0.0254]
Epoch 40:  66%|######....| 384/585 [00:10:32<00:05:31,  0.61it/s, loss=0.0255]
Epoch 40:  66%|######....| 387/585 [00:10:37<00:05:26,  0.61it/s, loss=0.0255]
Epoch 40:  67%|######....| 390/585 [00:10:42<00:05:21,  0.61it/s, loss=0.0255]
Epoch 40:  67%|######....| 394/585 [00:10:49<00:05:14,  0.61it/s, loss=0.0255]
Epoch 40:  68%|######....| 397/585 [00:10:54<00:05:09,  0.61it/s, loss=0.0255]
Epoch 40:  69%|######....| 401/585 [00:11:00<00:05:03,  0.61it/s, loss=0.0255]
Epoch 40:  69%|######....| 404/585 [00:11:05<00:04:58,  0.61it/s, loss=0.0255]
Epoch 40:  70%|######....| 407/585 [00:11:11<00:04:53,  0.61it/s, loss=0.0254]
Epoch 40:  70%|#######...| 410/585 [00:11:17<00:04:49,  0.61it/s, loss=0.0254]
Epoch 40:  71%|#######...| 413/585 [00:11:22<00:04:44,  0.61it/s, loss=0.0254]
Epoch 40:  71%|#######...| 417/585 [00:11:28<00:04:37,  0.61it/s, loss=0.0254]
Epoch 40:  72%|#######...| 420/585 [00:11:33<00:04:32,  0.61it/s, loss=0.0254]
Epoch 40:  72%|#######...| 424/585 [00:11:40<00:04:26,  0.60it/s, loss=0.0253]
Epoch 40:  73%|#######...| 428/585 [00:11:46<00:04:19,  0.61it/s, loss=0.0253]
Epoch 40:  74%|#######...| 432/585 [00:11:53<00:04:12,  0.61it/s, loss=0.0253]
Epoch 40:  75%|#######...| 436/585 [00:11:59<00:04:05,  0.61it/s, loss=0.0252]
Epoch 40:  75%|#######...| 440/585 [00:12:05<00:03:59,  0.61it/s, loss=0.0252]
Epoch 40:  76%|#######...| 443/585 [00:12:11<00:03:54,  0.61it/s, loss=0.0252]
Epoch 40:  76%|#######...| 447/585 [00:12:17<00:03:47,  0.61it/s, loss=0.0252]
Epoch 40:  77%|#######...| 451/585 [00:12:23<00:03:40,  0.61it/s, loss=0.0252]
Epoch 40:  78%|#######...| 454/585 [00:12:28<00:03:36,  0.61it/s, loss=0.0252]
Epoch 40:  78%|#######...| 458/585 [00:12:35<00:03:29,  0.61it/s, loss=0.0252]
Epoch 40:  79%|#######...| 461/585 [00:12:40<00:03:24,  0.61it/s, loss=0.0252]
Epoch 40:  79%|#######...| 465/585 [00:12:46<00:03:17,  0.61it/s, loss=0.0252]
Epoch 40:  80%|########..| 469/585 [00:12:52<00:03:11,  0.61it/s, loss=0.0251]
Epoch 40:  81%|########..| 473/585 [00:12:58<00:03:04,  0.61it/s, loss=0.0252]
Epoch 40:  82%|########..| 477/585 [00:13:04<00:02:57,  0.61it/s, loss=0.0252]
Epoch 40:  82%|########..| 481/585 [00:13:10<00:02:50,  0.61it/s, loss=0.0251]
Epoch 40:  83%|########..| 485/585 [00:13:16<00:02:44,  0.61it/s, loss=0.0251]
Epoch 40:  84%|########..| 489/585 [00:13:22<00:02:37,  0.61it/s, loss=0.0252]
Epoch 40:  84%|########..| 493/585 [00:13:29<00:02:31,  0.61it/s, loss=0.0252]
Epoch 40:  85%|########..| 496/585 [00:13:34<00:02:26,  0.61it/s, loss=0.0252]
Epoch 40:  85%|########..| 500/585 [00:13:41<00:02:19,  0.61it/s, loss=0.0251]
Epoch 40:  86%|########..| 503/585 [00:13:46<00:02:14,  0.61it/s, loss=0.0251]
Epoch 40:  86%|########..| 506/585 [00:13:51<00:02:09,  0.61it/s, loss=0.0251]
Epoch 40:  87%|########..| 510/585 [00:13:58<00:02:03,  0.61it/s, loss=0.0251]
Epoch 40:  88%|########..| 514/585 [00:14:03<00:01:56,  0.61it/s, loss=0.0252]
Epoch 40:  89%|########..| 518/585 [00:14:09<00:01:49,  0.61it/s, loss=0.0251]
Epoch 40:  89%|########..| 522/585 [00:14:16<00:01:43,  0.61it/s, loss=0.0251]
Epoch 40:  90%|########..| 525/585 [00:14:21<00:01:38,  0.61it/s, loss=0.0251]
Epoch 40:  90%|#########.| 529/585 [00:14:27<00:01:31,  0.61it/s, loss=0.0251]
Epoch 40:  91%|#########.| 532/585 [00:14:32<00:01:26,  0.61it/s, loss=0.0251]
Epoch 40:  91%|#########.| 535/585 [00:14:37<00:01:22,  0.61it/s, loss=0.0251]
Epoch 40:  92%|#########.| 539/585 [00:14:44<00:01:15,  0.61it/s, loss=0.0251]
Epoch 40:  93%|#########.| 543/585 [00:14:50<00:01:08,  0.61it/s, loss=0.0251]
Epoch 40:  93%|#########.| 546/585 [00:14:56<00:01:04,  0.61it/s, loss=0.0251]
Epoch 40:  94%|#########.| 550/585 [00:15:02<00:00:57,  0.61it/s, loss=0.0251]
Epoch 40:  95%|#########.| 553/585 [00:15:09<00:00:52,  0.61it/s, loss=0.0251]
Epoch 40:  95%|#########.| 557/585 [00:15:14<00:00:45,  0.61it/s, loss=0.0250]
Epoch 40:  96%|#########.| 561/585 [00:15:20<00:00:39,  0.61it/s, loss=0.0250]
Epoch 40:  97%|#########.| 565/585 [00:15:27<00:00:32,  0.61it/s, loss=0.0251]
Epoch 40:  97%|#########.| 569/585 [00:15:34<00:00:26,  0.61it/s, loss=0.0251]
Epoch 40:  98%|#########.| 572/585 [00:15:40<00:00:21,  0.61it/s, loss=0.0251]
Epoch 40:  98%|#########.| 576/585 [00:15:46<00:00:14,  0.61it/s, loss=0.0251]
Epoch 40:  99%|#########.| 580/585 [00:15:52<00:00:08,  0.61it/s, loss=0.0251]
Epoch 40: 100%|#########.| 584/585 [00:15:58<00:00:01,  0.61it/s, loss=0.0251]
Epoch 40: 100%|##########| 585/585 [00:16:00<00:00:00,  0.61it/s, loss=0.0251]
Test loss: 0.0230, Test rmsae: 7.17deg
{"event": "epoch_complete", "epoch": 40, "phase": 2, "lr": 1e-05, "batch_size": 10, "micro_batch_size": 1, "train_loss": 0.025058038655318256, "val_loss": 0.022957828041398898, "val_rmsae_deg": 7.170861065387726, "epoch_time_s": 961.4349928320153}
{"event": "checkpoint_saved", "tag": "epoch_040", "epoch": 40, "path": "/home/cmm/icocnn/IFAN_Edge/outputs/stage3/ifan_stage3_long80_c8_r2_map_maba_20260516_154535/checkpoints/epoch_040.pt"}
Epoch 41/80:
Epoch 41:   1%|..........| 3/585 [00:00:05<00:19:16,  0.50it/s, loss=0.0251]
Epoch 41:   1%|..........| 6/585 [00:00:11<00:18:02,  0.53it/s, loss=0.0270]
Epoch 41:   2%|..........| 10/585 [00:00:16<00:16:17,  0.59it/s, loss=0.0248]
Epoch 41:   2%|..........| 14/585 [00:00:23<00:15:59,  0.60it/s, loss=0.0251]
Epoch 41:   3%|..........| 17/585 [00:00:28<00:16:03,  0.59it/s, loss=0.0254]
Epoch 41:   4%|..........| 21/585 [00:00:34<00:15:29,  0.61it/s, loss=0.0240]
Epoch 41:   4%|..........| 25/585 [00:00:40<00:15:09,  0.62it/s, loss=0.0240]
Epoch 41:   5%|..........| 29/585 [00:00:46<00:14:57,  0.62it/s, loss=0.0240]
Epoch 41:   6%|..........| 33/585 [00:00:52<00:14:40,  0.63it/s, loss=0.0243]
Epoch 41:   6%|..........| 37/585 [00:00:58<00:14:29,  0.63it/s, loss=0.0238]
Epoch 41:   7%|..........| 40/585 [00:01:04<00:14:33,  0.62it/s, loss=0.0240]
Epoch 41:   8%|..........| 44/585 [00:01:09<00:14:19,  0.63it/s, loss=0.0241]
Epoch 41:   8%|..........| 48/585 [00:01:16<00:14:13,  0.63it/s, loss=0.0239]
Epoch 41:   9%|..........| 52/585 [00:01:22<00:14:06,  0.63it/s, loss=0.0238]
Epoch 41:  10%|..........| 56/585 [00:01:28<00:13:56,  0.63it/s, loss=0.0236]
Epoch 41:  10%|#.........| 60/585 [00:01:34<00:13:47,  0.63it/s, loss=0.0234]
Epoch 41:  11%|#.........| 64/585 [00:01:40<00:13:41,  0.63it/s, loss=0.0234]
Epoch 41:  12%|#.........| 68/585 [00:01:47<00:13:37,  0.63it/s, loss=0.0238]
Epoch 41:  12%|#.........| 71/585 [00:01:52<00:13:36,  0.63it/s, loss=0.0238]
Epoch 41:  13%|#.........| 75/585 [00:01:58<00:13:26,  0.63it/s, loss=0.0236]
Epoch 41:  14%|#.........| 79/585 [00:02:05<00:13:23,  0.63it/s, loss=0.0237]
Epoch 41:  14%|#.........| 83/585 [00:02:11<00:13:16,  0.63it/s, loss=0.0239]
Epoch 41:  15%|#.........| 87/585 [00:02:17<00:13:07,  0.63it/s, loss=0.0239]
Epoch 41:  16%|#.........| 91/585 [00:02:23<00:13:00,  0.63it/s, loss=0.0240]
Epoch 41:  16%|#.........| 94/585 [00:02:29<00:12:58,  0.63it/s, loss=0.0239]
Epoch 41:  17%|#.........| 97/585 [00:02:34<00:12:55,  0.63it/s, loss=0.0239]
Epoch 41:  17%|#.........| 100/585 [00:02:39<00:12:52,  0.63it/s, loss=0.0239]
Epoch 41:  18%|#.........| 104/585 [00:02:46<00:12:48,  0.63it/s, loss=0.0237]
Epoch 41:  18%|#.........| 108/585 [00:02:51<00:12:39,  0.63it/s, loss=0.0237]
Epoch 41:  19%|#.........| 112/585 [00:02:58<00:12:32,  0.63it/s, loss=0.0236]
Epoch 41:  20%|#.........| 116/585 [00:03:04<00:12:26,  0.63it/s, loss=0.0238]
Epoch 41:  21%|##........| 120/585 [00:03:11<00:12:20,  0.63it/s, loss=0.0242]
Epoch 41:  21%|##........| 124/585 [00:03:17<00:12:14,  0.63it/s, loss=0.0245]
Epoch 41:  22%|##........| 128/585 [00:03:23<00:12:08,  0.63it/s, loss=0.0245]
Epoch 41:  23%|##........| 132/585 [00:03:29<00:12:00,  0.63it/s, loss=0.0245]
Epoch 41:  23%|##........| 136/585 [00:03:35<00:11:52,  0.63it/s, loss=0.0245]
Epoch 41:  24%|##........| 140/585 [00:03:41<00:11:45,  0.63it/s, loss=0.0244]
Epoch 41:  24%|##........| 143/585 [00:03:48<00:11:45,  0.63it/s, loss=0.0245]
Epoch 41:  25%|##........| 147/585 [00:03:55<00:11:42,  0.62it/s, loss=0.0244]
Epoch 41:  26%|##........| 151/585 [00:04:02<00:11:36,  0.62it/s, loss=0.0243]
Epoch 41:  26%|##........| 154/585 [00:04:07<00:11:33,  0.62it/s, loss=0.0243]
Epoch 41:  27%|##........| 158/585 [00:04:14<00:11:26,  0.62it/s, loss=0.0243]
Epoch 41:  28%|##........| 162/585 [00:04:20<00:11:19,  0.62it/s, loss=0.0243]
Epoch 41:  28%|##........| 166/585 [00:04:26<00:11:12,  0.62it/s, loss=0.0243]
Epoch 41:  29%|##........| 169/585 [00:04:31<00:11:09,  0.62it/s, loss=0.0243]
Epoch 41:  30%|##........| 173/585 [00:04:38<00:11:03,  0.62it/s, loss=0.0242]
Epoch 41:  30%|###.......| 177/585 [00:04:44<00:10:56,  0.62it/s, loss=0.0241]
Epoch 41:  31%|###.......| 181/585 [00:04:51<00:10:50,  0.62it/s, loss=0.0241]
Epoch 41:  31%|###.......| 184/585 [00:04:56<00:10:46,  0.62it/s, loss=0.0242]
Epoch 41:  32%|###.......| 187/585 [00:05:01<00:10:42,  0.62it/s, loss=0.0242]
Epoch 41:  33%|###.......| 191/585 [00:05:08<00:10:35,  0.62it/s, loss=0.0241]
Epoch 41:  33%|###.......| 195/585 [00:05:14<00:10:29,  0.62it/s, loss=0.0241]
Epoch 41:  34%|###.......| 199/585 [00:05:21<00:10:23,  0.62it/s, loss=0.0240]
Epoch 41:  35%|###.......| 202/585 [00:05:27<00:10:20,  0.62it/s, loss=0.0239]
Epoch 41:  35%|###.......| 206/585 [00:05:34<00:10:15,  0.62it/s, loss=0.0239]
Epoch 41:  36%|###.......| 210/585 [00:05:40<00:10:08,  0.62it/s, loss=0.0239]
Epoch 41:  36%|###.......| 213/585 [00:05:45<00:10:03,  0.62it/s, loss=0.0239]
Epoch 41:  37%|###.......| 216/585 [00:05:50<00:09:59,  0.62it/s, loss=0.0240]
Epoch 41:  38%|###.......| 220/585 [00:05:57<00:09:52,  0.62it/s, loss=0.0240]
Epoch 41:  38%|###.......| 224/585 [00:06:03<00:09:45,  0.62it/s, loss=0.0241]
Epoch 41:  39%|###.......| 228/585 [00:06:09<00:09:38,  0.62it/s, loss=0.0240]
Epoch 41:  40%|###.......| 232/585 [00:06:16<00:09:32,  0.62it/s, loss=0.0240]
Epoch 41:  40%|####......| 236/585 [00:06:21<00:09:24,  0.62it/s, loss=0.0240]
Epoch 41:  41%|####......| 240/585 [00:06:28<00:09:17,  0.62it/s, loss=0.0240]
Epoch 41:  42%|####......| 243/585 [00:06:33<00:09:13,  0.62it/s, loss=0.0240]
Epoch 41:  42%|####......| 247/585 [00:06:39<00:09:07,  0.62it/s, loss=0.0240]
Epoch 41:  43%|####......| 250/585 [00:06:44<00:09:02,  0.62it/s, loss=0.0240]
Epoch 41:  43%|####......| 254/585 [00:06:51<00:08:55,  0.62it/s, loss=0.0240]
Epoch 41:  44%|####......| 258/585 [00:06:57<00:08:49,  0.62it/s, loss=0.0240]
Epoch 41:  45%|####......| 261/585 [00:07:03<00:08:45,  0.62it/s, loss=0.0242]
Epoch 41:  45%|####......| 265/585 [00:07:09<00:08:38,  0.62it/s, loss=0.0242]
Epoch 41:  46%|####......| 269/585 [00:07:16<00:08:32,  0.62it/s, loss=0.0242]
Epoch 41:  46%|####......| 272/585 [00:07:21<00:08:28,  0.62it/s, loss=0.0243]
Epoch 41:  47%|####......| 276/585 [00:07:28<00:08:21,  0.62it/s, loss=0.0243]
Epoch 41:  48%|####......| 280/585 [00:07:34<00:08:14,  0.62it/s, loss=0.0243]
Epoch 41:  49%|####......| 284/585 [00:07:41<00:08:09,  0.62it/s, loss=0.0243]
Epoch 41:  49%|####......| 288/585 [00:07:48<00:08:02,  0.62it/s, loss=0.0242]
Epoch 41:  50%|####......| 292/585 [00:07:54<00:07:55,  0.62it/s, loss=0.0244]
Epoch 41:  51%|#####.....| 296/585 [00:08:00<00:07:49,  0.62it/s, loss=0.0243]
Epoch 41:  51%|#####.....| 300/585 [00:08:06<00:07:42,  0.62it/s, loss=0.0244]
Epoch 41:  52%|#####.....| 304/585 [00:08:12<00:07:35,  0.62it/s, loss=0.0243]
Epoch 41:  53%|#####.....| 308/585 [00:08:18<00:07:28,  0.62it/s, loss=0.0242]
Epoch 41:  53%|#####.....| 312/585 [00:08:24<00:07:21,  0.62it/s, loss=0.0242]
Epoch 41:  54%|#####.....| 315/585 [00:08:29<00:07:16,  0.62it/s, loss=0.0242]
Epoch 41:  55%|#####.....| 319/585 [00:08:35<00:07:10,  0.62it/s, loss=0.0242]
Epoch 41:  55%|#####.....| 323/585 [00:08:41<00:07:03,  0.62it/s, loss=0.0242]
Epoch 41:  56%|#####.....| 327/585 [00:08:48<00:06:56,  0.62it/s, loss=0.0243]
Epoch 41:  57%|#####.....| 331/585 [00:08:54<00:06:49,  0.62it/s, loss=0.0242]
Epoch 41:  57%|#####.....| 335/585 [00:09:00<00:06:43,  0.62it/s, loss=0.0243]
Epoch 41:  58%|#####.....| 339/585 [00:09:07<00:06:36,  0.62it/s, loss=0.0242]
Epoch 41:  58%|#####.....| 342/585 [00:09:12<00:06:32,  0.62it/s, loss=0.0242]
Epoch 41:  59%|#####.....| 346/585 [00:09:18<00:06:26,  0.62it/s, loss=0.0242]
Epoch 41:  60%|#####.....| 350/585 [00:09:24<00:06:19,  0.62it/s, loss=0.0242]
Epoch 41:  61%|######....| 354/585 [00:09:31<00:06:12,  0.62it/s, loss=0.0243]
Epoch 41:  61%|######....| 358/585 [00:09:37<00:06:06,  0.62it/s, loss=0.0242]
Epoch 41:  62%|######....| 360/585 [00:09:42<00:06:03,  0.62it/s, loss=0.0242]
Epoch 41:  62%|######....| 364/585 [00:09:49<00:05:57,  0.62it/s, loss=0.0242]
Epoch 41:  63%|######....| 368/585 [00:09:54<00:05:50,  0.62it/s, loss=0.0246]
Epoch 41:  64%|######....| 372/585 [00:10:00<00:05:44,  0.62it/s, loss=0.0245]
Epoch 41:  64%|######....| 376/585 [00:10:06<00:05:37,  0.62it/s, loss=0.0245]
Epoch 41:  65%|######....| 380/585 [00:10:13<00:05:31,  0.62it/s, loss=0.0245]
Epoch 41:  65%|######....| 383/585 [00:10:19<00:05:26,  0.62it/s, loss=0.0246]
Epoch 41:  66%|######....| 386/585 [00:10:24<00:05:22,  0.62it/s, loss=0.0246]
Epoch 41:  67%|######....| 390/585 [00:10:31<00:05:15,  0.62it/s, loss=0.0246]
Epoch 41:  67%|######....| 394/585 [00:10:37<00:05:08,  0.62it/s, loss=0.0246]
Epoch 41:  68%|######....| 398/585 [00:10:43<00:05:02,  0.62it/s, loss=0.0246]
Epoch 41:  69%|######....| 401/585 [00:10:49<00:04:57,  0.62it/s, loss=0.0247]
Epoch 41:  69%|######....| 404/585 [00:10:54<00:04:53,  0.62it/s, loss=0.0247]
Epoch 41:  70%|######....| 408/585 [00:11:00<00:04:46,  0.62it/s, loss=0.0247]
Epoch 41:  70%|#######...| 412/585 [00:11:06<00:04:39,  0.62it/s, loss=0.0247]
Epoch 41:  71%|#######...| 416/585 [00:11:13<00:04:33,  0.62it/s, loss=0.0247]
Epoch 41:  72%|#######...| 420/585 [00:11:19<00:04:26,  0.62it/s, loss=0.0247]
Epoch 41:  72%|#######...| 424/585 [00:11:25<00:04:20,  0.62it/s, loss=0.0247]
Epoch 41:  73%|#######...| 428/585 [00:11:31<00:04:13,  0.62it/s, loss=0.0247]
Epoch 41:  74%|#######...| 432/585 [00:11:37<00:04:07,  0.62it/s, loss=0.0246]
Epoch 41:  74%|#######...| 435/585 [00:11:42<00:04:02,  0.62it/s, loss=0.0246]
Epoch 41:  75%|#######...| 439/585 [00:11:49<00:03:55,  0.62it/s, loss=0.0246]
Epoch 41:  76%|#######...| 443/585 [00:11:55<00:03:49,  0.62it/s, loss=0.0245]
Epoch 41:  76%|#######...| 447/585 [00:12:01<00:03:42,  0.62it/s, loss=0.0245]
Epoch 41:  77%|#######...| 451/585 [00:12:08<00:03:36,  0.62it/s, loss=0.0245]
Epoch 41:  78%|#######...| 454/585 [00:12:13<00:03:31,  0.62it/s, loss=0.0245]
Epoch 41:  78%|#######...| 458/585 [00:12:19<00:03:25,  0.62it/s, loss=0.0245]
Epoch 41:  79%|#######...| 461/585 [00:12:24<00:03:20,  0.62it/s, loss=0.0245]
Epoch 41:  79%|#######...| 465/585 [00:12:30<00:03:13,  0.62it/s, loss=0.0244]
Epoch 41:  80%|########..| 468/585 [00:12:35<00:03:08,  0.62it/s, loss=0.0244]
Epoch 41:  81%|########..| 472/585 [00:12:41<00:03:02,  0.62it/s, loss=0.0244]
Epoch 41:  81%|########..| 476/585 [00:12:49<00:02:56,  0.62it/s, loss=0.0244]
Epoch 41:  82%|########..| 480/585 [00:12:56<00:02:49,  0.62it/s, loss=0.0244]
Epoch 41:  83%|########..| 483/585 [00:13:02<00:02:45,  0.62it/s, loss=0.0244]
Epoch 41:  83%|########..| 487/585 [00:13:09<00:02:38,  0.62it/s, loss=0.0244]
Epoch 41:  84%|########..| 491/585 [00:13:15<00:02:32,  0.62it/s, loss=0.0245]
Epoch 41:  85%|########..| 495/585 [00:13:22<00:02:25,  0.62it/s, loss=0.0245]
Epoch 41:  85%|########..| 498/585 [00:13:27<00:02:21,  0.62it/s, loss=0.0245]
Epoch 41:  86%|########..| 502/585 [00:13:33<00:02:14,  0.62it/s, loss=0.0245]
Epoch 41:  86%|########..| 506/585 [00:13:39<00:02:08,  0.62it/s, loss=0.0244]
Epoch 41:  87%|########..| 510/585 [00:13:45<00:02:01,  0.62it/s, loss=0.0244]
Epoch 41:  88%|########..| 514/585 [00:13:51<00:01:54,  0.62it/s, loss=0.0244]
Epoch 41:  89%|########..| 518/585 [00:13:58<00:01:48,  0.62it/s, loss=0.0244]
Epoch 41:  89%|########..| 522/585 [00:14:04<00:01:41,  0.62it/s, loss=0.0244]
Epoch 41:  90%|########..| 526/585 [00:14:10<00:01:35,  0.62it/s, loss=0.0244]
Epoch 41:  91%|#########.| 530/585 [00:14:17<00:01:29,  0.62it/s, loss=0.0244]
Epoch 41:  91%|#########.| 534/585 [00:14:23<00:01:22,  0.62it/s, loss=0.0244]
Epoch 41:  92%|#########.| 538/585 [00:14:29<00:01:16,  0.62it/s, loss=0.0244]
Epoch 41:  93%|#########.| 542/585 [00:14:36<00:01:09,  0.62it/s, loss=0.0243]
Epoch 41:  93%|#########.| 545/585 [00:14:41<00:01:04,  0.62it/s, loss=0.0244]
Epoch 41:  94%|#########.| 549/585 [00:14:47<00:00:58,  0.62it/s, loss=0.0244]
Epoch 41:  95%|#########.| 553/585 [00:14:54<00:00:51,  0.62it/s, loss=0.0244]
Epoch 41:  95%|#########.| 557/585 [00:15:00<00:00:45,  0.62it/s, loss=0.0248]
Epoch 41:  96%|#########.| 561/585 [00:15:06<00:00:38,  0.62it/s, loss=0.0248]
Epoch 41:  96%|#########.| 564/585 [00:15:12<00:00:33,  0.62it/s, loss=0.0248]
Epoch 41:  97%|#########.| 568/585 [00:15:18<00:00:27,  0.62it/s, loss=0.0249]
Epoch 41:  98%|#########.| 571/585 [00:15:24<00:00:22,  0.62it/s, loss=0.0249]
Epoch 41:  98%|#########.| 574/585 [00:15:29<00:00:17,  0.62it/s, loss=0.0249]
Epoch 41:  99%|#########.| 577/585 [00:15:34<00:00:12,  0.62it/s, loss=0.0249]
Epoch 41:  99%|#########.| 581/585 [00:15:40<00:00:06,  0.62it/s, loss=0.0249]
Epoch 41: 100%|#########.| 584/585 [00:15:45<00:00:01,  0.62it/s, loss=0.0249]
Epoch 41: 100%|##########| 585/585 [00:15:47<00:00:00,  0.62it/s, loss=0.0249]
Test loss: 0.0229, Test rmsae: 7.29deg
{"event": "epoch_complete", "epoch": 41, "phase": 2, "lr": 1e-05, "batch_size": 10, "micro_batch_size": 1, "train_loss": 0.02486089629272365, "val_loss": 0.022945314383832738, "val_rmsae_deg": 7.286073625087738, "epoch_time_s": 948.3390939569799}
Epoch 42/80:
Epoch 42:   1%|..........| 4/585 [00:00:05<00:14:28,  0.67it/s, loss=0.0238]
Epoch 42:   1%|..........| 7/585 [00:00:11<00:15:13,  0.63it/s, loss=0.0239]
Epoch 42:   2%|..........| 10/585 [00:00:16<00:15:50,  0.60it/s, loss=0.0248]
Epoch 42:   2%|..........| 14/585 [00:00:23<00:15:45,  0.60it/s, loss=0.0255]
Epoch 42:   3%|..........| 18/585 [00:00:29<00:15:28,  0.61it/s, loss=0.0252]
Epoch 42:   4%|..........| 22/585 [00:00:36<00:15:23,  0.61it/s, loss=0.0248]
Epoch 42:   4%|..........| 26/585 [00:00:43<00:15:30,  0.60it/s, loss=0.0251]
Epoch 42:   5%|..........| 29/585 [00:00:48<00:15:35,  0.59it/s, loss=0.0247]
Epoch 42:   5%|..........| 32/585 [00:00:53<00:15:30,  0.59it/s, loss=0.0248]
Epoch 42:   6%|..........| 36/585 [00:01:00<00:15:16,  0.60it/s, loss=0.0246]
Epoch 42:   7%|..........| 40/585 [00:01:06<00:15:00,  0.61it/s, loss=0.0242]
Epoch 42:   8%|..........| 44/585 [00:01:12<00:14:50,  0.61it/s, loss=0.0243]
Epoch 42:   8%|..........| 48/585 [00:01:18<00:14:38,  0.61it/s, loss=0.0244]
Epoch 42:   9%|..........| 51/585 [00:01:23<00:14:38,  0.61it/s, loss=0.0243]
Epoch 42:   9%|..........| 55/585 [00:01:29<00:14:24,  0.61it/s, loss=0.0243]
Epoch 42:  10%|..........| 58/585 [00:01:35<00:14:25,  0.61it/s, loss=0.0241]
Epoch 42:  10%|#.........| 61/585 [00:01:40<00:14:21,  0.61it/s, loss=0.0242]
Epoch 42:  11%|#.........| 65/585 [00:01:46<00:14:11,  0.61it/s, loss=0.0242]
Epoch 42:  12%|#.........| 69/585 [00:01:52<00:13:59,  0.61it/s, loss=0.0240]
Epoch 42:  12%|#.........| 73/585 [00:01:58<00:13:52,  0.62it/s, loss=0.0243]
Epoch 42:  13%|#.........| 77/585 [00:02:04<00:13:42,  0.62it/s, loss=0.0241]
Epoch 42:  14%|#.........| 81/585 [00:02:10<00:13:34,  0.62it/s, loss=0.0239]
Epoch 42:  15%|#.........| 85/585 [00:02:17<00:13:27,  0.62it/s, loss=0.0239]
Epoch 42:  15%|#.........| 89/585 [00:02:23<00:13:19,  0.62it/s, loss=0.0242]
Epoch 42:  16%|#.........| 93/585 [00:02:29<00:13:11,  0.62it/s, loss=0.0243]
Epoch 42:  16%|#.........| 96/585 [00:02:34<00:13:07,  0.62it/s, loss=0.0242]
Epoch 42:  17%|#.........| 100/585 [00:02:42<00:13:06,  0.62it/s, loss=0.0242]
Epoch 42:  18%|#.........| 104/585 [00:02:47<00:12:55,  0.62it/s, loss=0.0241]
Epoch 42:  18%|#.........| 108/585 [00:02:53<00:12:48,  0.62it/s, loss=0.0243]
Epoch 42:  19%|#.........| 111/585 [00:03:00<00:12:49,  0.62it/s, loss=0.0244]
Epoch 42:  19%|#.........| 114/585 [00:03:05<00:12:46,  0.61it/s, loss=0.0244]
Epoch 42:  20%|##........| 118/585 [00:03:11<00:12:39,  0.62it/s, loss=0.0246]
Epoch 42:  21%|##........| 122/585 [00:03:17<00:12:30,  0.62it/s, loss=0.0247]
Epoch 42:  22%|##........| 126/585 [00:03:23<00:12:21,  0.62it/s, loss=0.0246]
Epoch 42:  22%|##........| 129/585 [00:03:28<00:12:18,  0.62it/s, loss=0.0245]
Epoch 42:  23%|##........| 133/585 [00:03:35<00:12:11,  0.62it/s, loss=0.0244]
Epoch 42:  23%|##........| 136/585 [00:03:41<00:12:12,  0.61it/s, loss=0.0246]
Epoch 42:  24%|##........| 139/585 [00:03:46<00:12:08,  0.61it/s, loss=0.0247]
Epoch 42:  24%|##........| 142/585 [00:03:52<00:12:06,  0.61it/s, loss=0.0248]
Epoch 42:  25%|##........| 146/585 [00:03:58<00:11:57,  0.61it/s, loss=0.0248]
Epoch 42:  26%|##........| 150/585 [00:04:04<00:11:50,  0.61it/s, loss=0.0248]
Epoch 42:  26%|##........| 154/585 [00:04:11<00:11:44,  0.61it/s, loss=0.0248]
Epoch 42:  27%|##........| 158/585 [00:04:18<00:11:37,  0.61it/s, loss=0.0248]
Epoch 42:  28%|##........| 162/585 [00:04:24<00:11:30,  0.61it/s, loss=0.0249]
Epoch 42:  28%|##........| 166/585 [00:04:30<00:11:23,  0.61it/s, loss=0.0249]
Epoch 42:  29%|##........| 170/585 [00:04:36<00:11:16,  0.61it/s, loss=0.0250]
Epoch 42:  30%|##........| 173/585 [00:04:42<00:11:12,  0.61it/s, loss=0.0251]
Epoch 42:  30%|###.......| 177/585 [00:04:48<00:11:05,  0.61it/s, loss=0.0250]
Epoch 42:  31%|###.......| 180/585 [00:04:54<00:11:02,  0.61it/s, loss=0.0253]
Epoch 42:  31%|###.......| 184/585 [00:05:00<00:10:55,  0.61it/s, loss=0.0252]
Epoch 42:  32%|###.......| 188/585 [00:05:06<00:10:48,  0.61it/s, loss=0.0252]
Epoch 42:  33%|###.......| 192/585 [00:05:12<00:10:40,  0.61it/s, loss=0.0252]
Epoch 42:  33%|###.......| 195/585 [00:05:17<00:10:35,  0.61it/s, loss=0.0252]
Epoch 42:  34%|###.......| 199/585 [00:05:23<00:10:28,  0.61it/s, loss=0.0251]
Epoch 42:  35%|###.......| 203/585 [00:05:29<00:10:20,  0.62it/s, loss=0.0251]
Epoch 42:  35%|###.......| 206/585 [00:05:35<00:10:16,  0.61it/s, loss=0.0251]
Epoch 42:  36%|###.......| 210/585 [00:05:41<00:10:09,  0.61it/s, loss=0.0253]
Epoch 42:  37%|###.......| 214/585 [00:05:47<00:10:02,  0.62it/s, loss=0.0253]
Epoch 42:  37%|###.......| 218/585 [00:05:53<00:09:55,  0.62it/s, loss=0.0253]
Epoch 42:  38%|###.......| 222/585 [00:05:59<00:09:48,  0.62it/s, loss=0.0253]
Epoch 42:  38%|###.......| 225/585 [00:06:05<00:09:44,  0.62it/s, loss=0.0253]
Epoch 42:  39%|###.......| 229/585 [00:06:10<00:09:36,  0.62it/s, loss=0.0253]
Epoch 42:  40%|###.......| 232/585 [00:06:15<00:09:32,  0.62it/s, loss=0.0252]
Epoch 42:  40%|####......| 235/585 [00:06:21<00:09:27,  0.62it/s, loss=0.0253]
Epoch 42:  41%|####......| 238/585 [00:06:26<00:09:23,  0.62it/s, loss=0.0253]
Epoch 42:  41%|####......| 242/585 [00:06:32<00:09:16,  0.62it/s, loss=0.0253]
Epoch 42:  42%|####......| 246/585 [00:06:38<00:09:09,  0.62it/s, loss=0.0252]
Epoch 42:  43%|####......| 250/585 [00:06:44<00:09:02,  0.62it/s, loss=0.0252]
Epoch 42:  43%|####......| 254/585 [00:06:50<00:08:55,  0.62it/s, loss=0.0251]
Epoch 42:  44%|####......| 258/585 [00:06:56<00:08:48,  0.62it/s, loss=0.0251]
Epoch 42:  45%|####......| 262/585 [00:07:03<00:08:41,  0.62it/s, loss=0.0250]
Epoch 42:  45%|####......| 266/585 [00:07:09<00:08:34,  0.62it/s, loss=0.0251]
Epoch 42:  46%|####......| 269/585 [00:07:14<00:08:30,  0.62it/s, loss=0.0251]
Epoch 42:  47%|####......| 273/585 [00:07:21<00:08:24,  0.62it/s, loss=0.0251]
Epoch 42:  47%|####......| 277/585 [00:07:28<00:08:18,  0.62it/s, loss=0.0251]
Epoch 42:  48%|####......| 280/585 [00:07:33<00:08:13,  0.62it/s, loss=0.0251]
Epoch 42:  49%|####......| 284/585 [00:07:39<00:08:07,  0.62it/s, loss=0.0251]
Epoch 42:  49%|####......| 287/585 [00:07:44<00:08:02,  0.62it/s, loss=0.0251]
Epoch 42:  50%|####......| 291/585 [00:07:50<00:07:55,  0.62it/s, loss=0.0251]
Epoch 42:  50%|#####.....| 294/585 [00:07:56<00:07:51,  0.62it/s, loss=0.0251]
Epoch 42:  51%|#####.....| 298/585 [00:08:02<00:07:44,  0.62it/s, loss=0.0251]
Epoch 42:  52%|#####.....| 302/585 [00:08:08<00:07:38,  0.62it/s, loss=0.0251]
Epoch 42:  52%|#####.....| 306/585 [00:08:16<00:07:32,  0.62it/s, loss=0.0253]
Epoch 42:  53%|#####.....| 310/585 [00:08:22<00:07:25,  0.62it/s, loss=0.0252]
Epoch 42:  54%|#####.....| 314/585 [00:08:28<00:07:19,  0.62it/s, loss=0.0251]
Epoch 42:  54%|#####.....| 318/585 [00:08:35<00:07:12,  0.62it/s, loss=0.0252]
Epoch 42:  55%|#####.....| 321/585 [00:08:40<00:07:07,  0.62it/s, loss=0.0252]
Epoch 42:  56%|#####.....| 325/585 [00:08:46<00:07:01,  0.62it/s, loss=0.0251]
Epoch 42:  56%|#####.....| 329/585 [00:08:53<00:06:54,  0.62it/s, loss=0.0251]
Epoch 42:  57%|#####.....| 332/585 [00:08:58<00:06:50,  0.62it/s, loss=0.0251]
Epoch 42:  57%|#####.....| 336/585 [00:09:05<00:06:44,  0.62it/s, loss=0.0251]
Epoch 42:  58%|#####.....| 339/585 [00:09:11<00:06:40,  0.61it/s, loss=0.0251]
Epoch 42:  59%|#####.....| 343/585 [00:09:17<00:06:33,  0.62it/s, loss=0.0251]
Epoch 42:  59%|#####.....| 347/585 [00:09:24<00:06:27,  0.61it/s, loss=0.0250]
Epoch 42:  60%|#####.....| 350/585 [00:09:30<00:06:22,  0.61it/s, loss=0.0250]
Epoch 42:  61%|######....| 354/585 [00:09:36<00:06:16,  0.61it/s, loss=0.0250]
Epoch 42:  61%|######....| 358/585 [00:09:42<00:06:09,  0.61it/s, loss=0.0249]
Epoch 42:  62%|######....| 362/585 [00:09:49<00:06:03,  0.61it/s, loss=0.0249]
Epoch 42:  63%|######....| 366/585 [00:09:56<00:05:56,  0.61it/s, loss=0.0250]
Epoch 42:  63%|######....| 369/585 [00:10:02<00:05:52,  0.61it/s, loss=0.0250]
Epoch 42:  64%|######....| 373/585 [00:10:08<00:05:45,  0.61it/s, loss=0.0249]
Epoch 42:  64%|######....| 377/585 [00:10:14<00:05:38,  0.61it/s, loss=0.0249]
Epoch 42:  65%|######....| 380/585 [00:10:19<00:05:34,  0.61it/s, loss=0.0249]
Epoch 42:  65%|######....| 383/585 [00:10:24<00:05:29,  0.61it/s, loss=0.0249]
Epoch 42:  66%|######....| 387/585 [00:10:30<00:05:22,  0.61it/s, loss=0.0249]
Epoch 42:  67%|######....| 391/585 [00:10:37<00:05:16,  0.61it/s, loss=0.0248]
Epoch 42:  67%|######....| 394/585 [00:10:42<00:05:11,  0.61it/s, loss=0.0249]
Epoch 42:  68%|######....| 398/585 [00:10:48<00:05:04,  0.61it/s, loss=0.0248]
Epoch 42:  69%|######....| 402/585 [00:10:54<00:04:58,  0.61it/s, loss=0.0248]
Epoch 42:  69%|######....| 405/585 [00:11:00<00:04:53,  0.61it/s, loss=0.0248]
Epoch 42:  70%|######....| 408/585 [00:11:06<00:04:49,  0.61it/s, loss=0.0248]
Epoch 42:  70%|#######...| 412/585 [00:11:12<00:04:42,  0.61it/s, loss=0.0248]
Epoch 42:  71%|#######...| 416/585 [00:11:18<00:04:35,  0.61it/s, loss=0.0248]
Epoch 42:  72%|#######...| 419/585 [00:11:24<00:04:31,  0.61it/s, loss=0.0249]
Epoch 42:  72%|#######...| 423/585 [00:11:29<00:04:24,  0.61it/s, loss=0.0249]
Epoch 42:  73%|#######...| 427/585 [00:11:36<00:04:17,  0.61it/s, loss=0.0249]
Epoch 42:  74%|#######...| 430/585 [00:11:41<00:04:12,  0.61it/s, loss=0.0249]
Epoch 42:  74%|#######...| 433/585 [00:11:46<00:04:08,  0.61it/s, loss=0.0249]
Epoch 42:  75%|#######...| 437/585 [00:11:53<00:04:01,  0.61it/s, loss=0.0250]
Epoch 42:  75%|#######...| 441/585 [00:11:59<00:03:54,  0.61it/s, loss=0.0250]
Epoch 42:  76%|#######...| 445/585 [00:12:05<00:03:48,  0.61it/s, loss=0.0250]
Epoch 42:  77%|#######...| 449/585 [00:12:11<00:03:41,  0.61it/s, loss=0.0250]
Epoch 42:  77%|#######...| 452/585 [00:12:16<00:03:36,  0.61it/s, loss=0.0250]
Epoch 42:  78%|#######...| 456/585 [00:12:22<00:03:30,  0.61it/s, loss=0.0250]
Epoch 42:  79%|#######...| 460/585 [00:12:29<00:03:23,  0.61it/s, loss=0.0249]
Epoch 42:  79%|#######...| 464/585 [00:12:35<00:03:16,  0.61it/s, loss=0.0250]
Epoch 42:  80%|########..| 468/585 [00:12:41<00:03:10,  0.61it/s, loss=0.0249]
Epoch 42:  81%|########..| 472/585 [00:12:47<00:03:03,  0.62it/s, loss=0.0249]
Epoch 42:  81%|########..| 476/585 [00:12:53<00:02:57,  0.62it/s, loss=0.0249]
Epoch 42:  82%|########..| 480/585 [00:12:59<00:02:50,  0.62it/s, loss=0.0249]
Epoch 42:  83%|########..| 483/585 [00:13:04<00:02:45,  0.62it/s, loss=0.0249]
Epoch 42:  83%|########..| 487/585 [00:13:10<00:02:39,  0.62it/s, loss=0.0249]
Epoch 42:  84%|########..| 491/585 [00:13:16<00:02:32,  0.62it/s, loss=0.0249]
Epoch 42:  85%|########..| 495/585 [00:13:23<00:02:26,  0.62it/s, loss=0.0249]
Epoch 42:  85%|########..| 499/585 [00:13:29<00:02:19,  0.62it/s, loss=0.0248]
Epoch 42:  86%|########..| 503/585 [00:13:35<00:02:12,  0.62it/s, loss=0.0248]
Epoch 42:  87%|########..| 507/585 [00:13:41<00:02:06,  0.62it/s, loss=0.0248]
Epoch 42:  87%|########..| 511/585 [00:13:48<00:01:59,  0.62it/s, loss=0.0248]
Epoch 42:  88%|########..| 515/585 [00:13:54<00:01:53,  0.62it/s, loss=0.0248]
Epoch 42:  89%|########..| 518/585 [00:13:59<00:01:48,  0.62it/s, loss=0.0248]
Epoch 42:  89%|########..| 521/585 [00:14:05<00:01:43,  0.62it/s, loss=0.0248]
Epoch 42:  90%|########..| 525/585 [00:14:12<00:01:37,  0.62it/s, loss=0.0248]
Epoch 42:  90%|#########.| 529/585 [00:14:17<00:01:30,  0.62it/s, loss=0.0248]
Epoch 42:  91%|#########.| 532/585 [00:14:24<00:01:26,  0.62it/s, loss=0.0249]
Epoch 42:  91%|#########.| 535/585 [00:14:29<00:01:21,  0.62it/s, loss=0.0249]
Epoch 42:  92%|#########.| 539/585 [00:14:36<00:01:14,  0.62it/s, loss=0.0250]
Epoch 42:  93%|#########.| 543/585 [00:14:42<00:01:08,  0.62it/s, loss=0.0250]
Epoch 42:  93%|#########.| 546/585 [00:14:48<00:01:03,  0.61it/s, loss=0.0250]
Epoch 42:  94%|#########.| 550/585 [00:14:54<00:00:56,  0.61it/s, loss=0.0250]
Epoch 42:  95%|#########.| 554/585 [00:15:00<00:00:50,  0.62it/s, loss=0.0250]
Epoch 42:  95%|#########.| 557/585 [00:15:06<00:00:45,  0.61it/s, loss=0.0250]
Epoch 42:  96%|#########.| 561/585 [00:15:12<00:00:39,  0.61it/s, loss=0.0250]
Epoch 42:  97%|#########.| 565/585 [00:15:18<00:00:32,  0.62it/s, loss=0.0250]
Epoch 42:  97%|#########.| 569/585 [00:15:24<00:00:26,  0.62it/s, loss=0.0250]
Epoch 42:  98%|#########.| 572/585 [00:15:29<00:00:21,  0.62it/s, loss=0.0250]
Epoch 42:  98%|#########.| 575/585 [00:15:34<00:00:16,  0.62it/s, loss=0.0250]
Epoch 42:  99%|#########.| 579/585 [00:15:41<00:00:09,  0.62it/s, loss=0.0250]
Epoch 42: 100%|#########.| 583/585 [00:15:47<00:00:03,  0.62it/s, loss=0.0250]
Epoch 42: 100%|##########| 585/585 [00:15:50<00:00:00,  0.62it/s, loss=0.0250]
Test loss: 0.0229, Test rmsae: 7.23deg
{"event": "epoch_complete", "epoch": 42, "phase": 2, "lr": 1e-05, "batch_size": 10, "micro_batch_size": 1, "train_loss": 0.024999309800819963, "val_loss": 0.022932031541131437, "val_rmsae_deg": 7.226905539631844, "epoch_time_s": 951.5810061929515}
Epoch 43/80:
Epoch 43:   1%|..........| 3/585 [00:00:05<00:17:29,  0.55it/s, loss=0.0259]
Epoch 43:   1%|..........| 6/585 [00:00:10<00:17:02,  0.57it/s, loss=0.0251]
Epoch 43:   2%|..........| 9/585 [00:00:16<00:17:15,  0.56it/s, loss=0.0246]
Epoch 43:   2%|..........| 12/585 [00:00:21<00:17:17,  0.55it/s, loss=0.0242]
Epoch 43:   3%|..........| 16/585 [00:00:28<00:16:39,  0.57it/s, loss=0.0241]
Epoch 43:   3%|..........| 20/585 [00:00:34<00:16:17,  0.58it/s, loss=0.0234]
Epoch 43:   4%|..........| 23/585 [00:00:40<00:16:24,  0.57it/s, loss=0.0240]
Epoch 43:   5%|..........| 27/585 [00:00:46<00:15:59,  0.58it/s, loss=0.0239]
Epoch 43:   5%|..........| 30/585 [00:00:52<00:16:07,  0.57it/s, loss=0.0242]
Epoch 43:   6%|..........| 33/585 [00:00:57<00:16:08,  0.57it/s, loss=0.0243]
Epoch 43:   6%|..........| 37/585 [00:01:04<00:15:53,  0.57it/s, loss=0.0242]
Epoch 43:   7%|..........| 41/585 [00:01:10<00:15:39,  0.58it/s, loss=0.0243]
Epoch 43:   8%|..........| 45/585 [00:01:17<00:15:27,  0.58it/s, loss=0.0243]
Epoch 43:   8%|..........| 48/585 [00:01:22<00:15:22,  0.58it/s, loss=0.0245]
Epoch 43:   9%|..........| 52/585 [00:01:29<00:15:13,  0.58it/s, loss=0.0247]
Epoch 43:   9%|..........| 55/585 [00:01:35<00:15:22,  0.57it/s, loss=0.0251]
Epoch 43:  10%|#.........| 59/585 [00:01:41<00:15:05,  0.58it/s, loss=0.0247]
Epoch 43:  11%|#.........| 62/585 [00:01:46<00:14:59,  0.58it/s, loss=0.0247]
Epoch 43:  11%|#.........| 65/585 [00:01:51<00:14:53,  0.58it/s, loss=0.0248]
Epoch 43:  12%|#.........| 69/585 [00:01:58<00:14:44,  0.58it/s, loss=0.0252]
Epoch 43:  12%|#.........| 73/585 [00:02:04<00:14:32,  0.59it/s, loss=0.0250]
Epoch 43:  13%|#.........| 76/585 [00:02:09<00:14:27,  0.59it/s, loss=0.0249]
Epoch 43:  14%|#.........| 80/585 [00:02:16<00:14:18,  0.59it/s, loss=0.0248]
Epoch 43:  14%|#.........| 84/585 [00:02:22<00:14:07,  0.59it/s, loss=0.0252]
Epoch 43:  15%|#.........| 87/585 [00:02:27<00:14:01,  0.59it/s, loss=0.0251]
Epoch 43:  16%|#.........| 91/585 [00:02:33<00:13:52,  0.59it/s, loss=0.0249]
Epoch 43:  16%|#.........| 95/585 [00:02:39<00:13:43,  0.60it/s, loss=0.0246]
Epoch 43:  17%|#.........| 98/585 [00:02:45<00:13:40,  0.59it/s, loss=0.0250]
Epoch 43:  17%|#.........| 102/585 [00:02:51<00:13:31,  0.60it/s, loss=0.0249]
Epoch 43:  18%|#.........| 106/585 [00:02:57<00:13:23,  0.60it/s, loss=0.0250]
Epoch 43:  19%|#.........| 110/585 [00:03:04<00:13:15,  0.60it/s, loss=0.0250]
Epoch 43:  19%|#.........| 114/585 [00:03:10<00:13:07,  0.60it/s, loss=0.0251]
Epoch 43:  20%|##........| 117/585 [00:03:15<00:13:02,  0.60it/s, loss=0.0251]
Epoch 43:  21%|##........| 121/585 [00:03:21<00:12:54,  0.60it/s, loss=0.0250]
Epoch 43:  21%|##........| 125/585 [00:03:28<00:12:46,  0.60it/s, loss=0.0252]
Epoch 43:  22%|##........| 128/585 [00:03:33<00:12:42,  0.60it/s, loss=0.0250]
Epoch 43:  23%|##........| 132/585 [00:03:39<00:12:34,  0.60it/s, loss=0.0250]
Epoch 43:  23%|##........| 135/585 [00:03:45<00:12:30,  0.60it/s, loss=0.0250]
Epoch 43:  24%|##........| 139/585 [00:03:51<00:12:23,  0.60it/s, loss=0.0249]
Epoch 43:  24%|##........| 143/585 [00:03:57<00:12:15,  0.60it/s, loss=0.0250]
Epoch 43:  25%|##........| 147/585 [00:04:03<00:12:05,  0.60it/s, loss=0.0250]
Epoch 43:  26%|##........| 151/585 [00:04:09<00:11:58,  0.60it/s, loss=0.0249]
Epoch 43:  26%|##........| 155/585 [00:04:16<00:11:51,  0.60it/s, loss=0.0249]
Epoch 43:  27%|##........| 159/585 [00:04:23<00:11:44,  0.60it/s, loss=0.0249]
Epoch 43:  28%|##........| 162/585 [00:04:29<00:11:42,  0.60it/s, loss=0.0250]
Epoch 43:  28%|##........| 165/585 [00:04:34<00:11:38,  0.60it/s, loss=0.0251]
Epoch 43:  29%|##........| 168/585 [00:04:40<00:11:35,  0.60it/s, loss=0.0252]
Epoch 43:  29%|##........| 172/585 [00:04:45<00:11:26,  0.60it/s, loss=0.0251]
Epoch 43:  30%|###.......| 176/585 [00:04:52<00:11:18,  0.60it/s, loss=0.0252]
Epoch 43:  31%|###.......| 179/585 [00:04:57<00:11:14,  0.60it/s, loss=0.0252]
Epoch 43:  31%|###.......| 182/585 [00:05:02<00:11:09,  0.60it/s, loss=0.0253]
Epoch 43:  32%|###.......| 185/585 [00:05:08<00:11:06,  0.60it/s, loss=0.0252]
Epoch 43:  32%|###.......| 189/585 [00:05:15<00:11:00,  0.60it/s, loss=0.0252]
Epoch 43:  33%|###.......| 193/585 [00:05:21<00:10:53,  0.60it/s, loss=0.0252]
Epoch 43:  34%|###.......| 197/585 [00:05:28<00:10:46,  0.60it/s, loss=0.0251]
Epoch 43:  34%|###.......| 200/585 [00:05:33<00:10:41,  0.60it/s, loss=0.0251]
Epoch 43:  35%|###.......| 203/585 [00:05:38<00:10:37,  0.60it/s, loss=0.0251]
Epoch 43:  35%|###.......| 207/585 [00:05:44<00:10:29,  0.60it/s, loss=0.0251]
Epoch 43:  36%|###.......| 211/585 [00:05:50<00:10:21,  0.60it/s, loss=0.0250]
Epoch 43:  37%|###.......| 215/585 [00:05:57<00:10:14,  0.60it/s, loss=0.0250]
Epoch 43:  37%|###.......| 219/585 [00:06:03<00:10:07,  0.60it/s, loss=0.0250]
Epoch 43:  38%|###.......| 222/585 [00:06:09<00:10:03,  0.60it/s, loss=0.0251]
Epoch 43:  38%|###.......| 225/585 [00:06:14<00:09:58,  0.60it/s, loss=0.0251]
Epoch 43:  39%|###.......| 229/585 [00:06:20<00:09:51,  0.60it/s, loss=0.0250]
Epoch 43:  40%|###.......| 233/585 [00:06:26<00:09:44,  0.60it/s, loss=0.0248]
Epoch 43:  40%|####......| 236/585 [00:06:32<00:09:39,  0.60it/s, loss=0.0249]
Epoch 43:  41%|####......| 239/585 [00:06:37<00:09:35,  0.60it/s, loss=0.0249]
Epoch 43:  42%|####......| 243/585 [00:06:43<00:09:27,  0.60it/s, loss=0.0248]
Epoch 43:  42%|####......| 246/585 [00:06:48<00:09:23,  0.60it/s, loss=0.0249]
Epoch 43:  43%|####......| 250/585 [00:06:55<00:09:16,  0.60it/s, loss=0.0248]
Epoch 43:  43%|####......| 254/585 [00:07:01<00:09:09,  0.60it/s, loss=0.0249]
Epoch 43:  44%|####......| 258/585 [00:07:08<00:09:02,  0.60it/s, loss=0.0249]
Epoch 43:  45%|####......| 261/585 [00:07:13<00:08:58,  0.60it/s, loss=0.0249]
Epoch 43:  45%|####......| 264/585 [00:07:18<00:08:53,  0.60it/s, loss=0.0249]
Epoch 43:  46%|####......| 268/585 [00:07:25<00:08:46,  0.60it/s, loss=0.0249]
Epoch 43:  46%|####......| 272/585 [00:07:31<00:08:39,  0.60it/s, loss=0.0250]
Epoch 43:  47%|####......| 276/585 [00:07:37<00:08:32,  0.60it/s, loss=0.0250]
Epoch 43:  48%|####......| 280/585 [00:07:44<00:08:25,  0.60it/s, loss=0.0250]
Epoch 43:  49%|####......| 284/585 [00:07:50<00:08:19,  0.60it/s, loss=0.0250]
Epoch 43:  49%|####......| 287/585 [00:07:56<00:08:14,  0.60it/s, loss=0.0250]
Epoch 43:  50%|####......| 291/585 [00:08:02<00:08:07,  0.60it/s, loss=0.0250]
Epoch 43:  50%|#####.....| 295/585 [00:08:09<00:08:00,  0.60it/s, loss=0.0250]
Epoch 43:  51%|#####.....| 299/585 [00:08:15<00:07:53,  0.60it/s, loss=0.0250]
Epoch 43:  52%|#####.....| 303/585 [00:08:21<00:07:46,  0.60it/s, loss=0.0250]
Epoch 43:  52%|#####.....| 307/585 [00:08:26<00:07:39,  0.61it/s, loss=0.0249]
Epoch 43:  53%|#####.....| 310/585 [00:08:32<00:07:34,  0.61it/s, loss=0.0249]
Epoch 43:  54%|#####.....| 314/585 [00:08:38<00:07:27,  0.61it/s, loss=0.0249]
Epoch 43:  54%|#####.....| 318/585 [00:08:44<00:07:20,  0.61it/s, loss=0.0248]
Epoch 43:  55%|#####.....| 322/585 [00:08:50<00:07:13,  0.61it/s, loss=0.0248]
Epoch 43:  56%|#####.....| 326/585 [00:08:56<00:07:06,  0.61it/s, loss=0.0248]
Epoch 43:  56%|#####.....| 329/585 [00:09:02<00:07:01,  0.61it/s, loss=0.0248]
Epoch 43:  57%|#####.....| 333/585 [00:09:09<00:06:55,  0.61it/s, loss=0.0248]
Epoch 43:  57%|#####.....| 336/585 [00:09:14<00:06:50,  0.61it/s, loss=0.0248]
Epoch 43:  58%|#####.....| 340/585 [00:09:20<00:06:44,  0.61it/s, loss=0.0248]
Epoch 43:  59%|#####.....| 344/585 [00:09:27<00:06:37,  0.61it/s, loss=0.0248]
Epoch 43:  59%|#####.....| 347/585 [00:09:33<00:06:33,  0.60it/s, loss=0.0248]
Epoch 43:  60%|######....| 351/585 [00:09:40<00:06:27,  0.60it/s, loss=0.0248]
Epoch 43:  61%|######....| 354/585 [00:09:45<00:06:22,  0.60it/s, loss=0.0249]
Epoch 43:  61%|######....| 357/585 [00:09:51<00:06:17,  0.60it/s, loss=0.0249]
Epoch 43:  62%|######....| 360/585 [00:09:56<00:06:12,  0.60it/s, loss=0.0248]
Epoch 43:  62%|######....| 364/585 [00:10:02<00:06:05,  0.60it/s, loss=0.0248]
Epoch 43:  63%|######....| 368/585 [00:10:08<00:05:58,  0.60it/s, loss=0.0248]
Epoch 43:  64%|######....| 372/585 [00:10:15<00:05:52,  0.60it/s, loss=0.0248]
Epoch 43:  64%|######....| 376/585 [00:10:21<00:05:45,  0.61it/s, loss=0.0249]
Epoch 43:  65%|######....| 380/585 [00:10:27<00:05:38,  0.61it/s, loss=0.0249]
Epoch 43:  66%|######....| 384/585 [00:10:33<00:05:31,  0.61it/s, loss=0.0250]
Epoch 43:  66%|######....| 388/585 [00:10:39<00:05:24,  0.61it/s, loss=0.0250]
Epoch 43:  67%|######....| 392/585 [00:10:45<00:05:17,  0.61it/s, loss=0.0250]
Epoch 43:  68%|######....| 396/585 [00:10:51<00:05:11,  0.61it/s, loss=0.0250]
Epoch 43:  68%|######....| 399/585 [00:10:56<00:05:06,  0.61it/s, loss=0.0250]
Epoch 43:  69%|######....| 402/585 [00:11:02<00:05:01,  0.61it/s, loss=0.0250]
Epoch 43:  69%|######....| 406/585 [00:11:08<00:04:54,  0.61it/s, loss=0.0250]
Epoch 43:  70%|#######...| 410/585 [00:11:15<00:04:48,  0.61it/s, loss=0.0250]
Epoch 43:  71%|#######...| 414/585 [00:11:21<00:04:41,  0.61it/s, loss=0.0250]
Epoch 43:  71%|#######...| 418/585 [00:11:27<00:04:34,  0.61it/s, loss=0.0250]
Epoch 43:  72%|#######...| 422/585 [00:11:33<00:04:28,  0.61it/s, loss=0.0250]
Epoch 43:  73%|#######...| 426/585 [00:11:40<00:04:21,  0.61it/s, loss=0.0250]
Epoch 43:  74%|#######...| 430/585 [00:11:46<00:04:14,  0.61it/s, loss=0.0249]
Epoch 43:  74%|#######...| 434/585 [00:11:52<00:04:08,  0.61it/s, loss=0.0249]
Epoch 43:  75%|#######...| 437/585 [00:11:58<00:04:03,  0.61it/s, loss=0.0249]
Epoch 43:  75%|#######...| 440/585 [00:12:03<00:03:58,  0.61it/s, loss=0.0250]
Epoch 43:  76%|#######...| 443/585 [00:12:08<00:03:53,  0.61it/s, loss=0.0250]
Epoch 43:  76%|#######...| 446/585 [00:12:14<00:03:48,  0.61it/s, loss=0.0251]
Epoch 43:  77%|#######...| 450/585 [00:12:20<00:03:42,  0.61it/s, loss=0.0252]
Epoch 43:  77%|#######...| 453/585 [00:12:25<00:03:37,  0.61it/s, loss=0.0252]
Epoch 43:  78%|#######...| 457/585 [00:12:31<00:03:30,  0.61it/s, loss=0.0252]
Epoch 43:  79%|#######...| 460/585 [00:12:36<00:03:25,  0.61it/s, loss=0.0252]
Epoch 43:  79%|#######...| 463/585 [00:12:42<00:03:20,  0.61it/s, loss=0.0252]
Epoch 43:  80%|#######...| 467/585 [00:12:48<00:03:14,  0.61it/s, loss=0.0252]
Epoch 43:  80%|########..| 470/585 [00:12:54<00:03:09,  0.61it/s, loss=0.0252]
Epoch 43:  81%|########..| 473/585 [00:12:59<00:03:04,  0.61it/s, loss=0.0252]
Epoch 43:  81%|########..| 476/585 [00:13:04<00:02:59,  0.61it/s, loss=0.0251]
Epoch 43:  82%|########..| 480/585 [00:13:11<00:02:53,  0.61it/s, loss=0.0251]
Epoch 43:  83%|########..| 484/585 [00:13:17<00:02:46,  0.61it/s, loss=0.0251]
Epoch 43:  83%|########..| 487/585 [00:13:23<00:02:41,  0.61it/s, loss=0.0251]
Epoch 43:  84%|########..| 491/585 [00:13:29<00:02:35,  0.61it/s, loss=0.0250]
Epoch 43:  85%|########..| 495/585 [00:13:36<00:02:28,  0.61it/s, loss=0.0251]
Epoch 43:  85%|########..| 499/585 [00:13:42<00:02:21,  0.61it/s, loss=0.0251]
Epoch 43:  86%|########..| 503/585 [00:13:48<00:02:15,  0.61it/s, loss=0.0251]
Epoch 43:  86%|########..| 506/585 [00:13:54<00:02:10,  0.61it/s, loss=0.0251]
Epoch 43:  87%|########..| 510/585 [00:14:00<00:02:03,  0.61it/s, loss=0.0251]
Epoch 43:  88%|########..| 514/585 [00:14:06<00:01:56,  0.61it/s, loss=0.0251]
Epoch 43:  88%|########..| 517/585 [00:14:12<00:01:52,  0.61it/s, loss=0.0251]
Epoch 43:  89%|########..| 520/585 [00:14:17<00:01:47,  0.61it/s, loss=0.0251]
Epoch 43:  89%|########..| 523/585 [00:14:22<00:01:42,  0.61it/s, loss=0.0251]
Epoch 43:  90%|########..| 526/585 [00:14:28<00:01:37,  0.61it/s, loss=0.0252]
Epoch 43:  91%|#########.| 530/585 [00:14:34<00:01:30,  0.61it/s, loss=0.0252]
Epoch 43:  91%|#########.| 534/585 [00:14:40<00:01:24,  0.61it/s, loss=0.0251]
Epoch 43:  92%|#########.| 537/585 [00:14:45<00:01:19,  0.61it/s, loss=0.0251]
Epoch 43:  92%|#########.| 540/585 [00:14:50<00:01:14,  0.61it/s, loss=0.0251]
Epoch 43:  93%|#########.| 544/585 [00:14:57<00:01:07,  0.61it/s, loss=0.0252]
Epoch 43:  94%|#########.| 547/585 [00:15:02<00:01:02,  0.61it/s, loss=0.0252]
Epoch 43:  94%|#########.| 551/585 [00:15:08<00:00:56,  0.61it/s, loss=0.0251]
Epoch 43:  95%|#########.| 555/585 [00:15:14<00:00:49,  0.61it/s, loss=0.0251]
Epoch 43:  96%|#########.| 559/585 [00:15:20<00:00:42,  0.61it/s, loss=0.0251]
Epoch 43:  96%|#########.| 562/585 [00:15:26<00:00:37,  0.61it/s, loss=0.0252]
Epoch 43:  97%|#########.| 566/585 [00:15:32<00:00:31,  0.61it/s, loss=0.0252]
Epoch 43:  97%|#########.| 570/585 [00:15:38<00:00:24,  0.61it/s, loss=0.0252]
Epoch 43:  98%|#########.| 573/585 [00:15:44<00:00:19,  0.61it/s, loss=0.0252]
Epoch 43:  99%|#########.| 577/585 [00:15:50<00:00:13,  0.61it/s, loss=0.0252]
Epoch 43:  99%|#########.| 581/585 [00:15:56<00:00:06,  0.61it/s, loss=0.0252]
Epoch 43: 100%|#########.| 584/585 [00:16:02<00:00:01,  0.61it/s, loss=0.0252]
Epoch 43: 100%|##########| 585/585 [00:16:03<00:00:00,  0.61it/s, loss=0.0252]
Test loss: 0.0229, Test rmsae: 7.21deg
{"event": "epoch_complete", "epoch": 43, "phase": 2, "lr": 1e-05, "batch_size": 10, "micro_batch_size": 1, "train_loss": 0.025190410078463392, "val_loss": 0.022937339235795662, "val_rmsae_deg": 7.207597136497498, "epoch_time_s": 964.8130780999782}
Epoch 44/80:
Epoch 44:   1%|..........| 4/585 [00:00:06<00:16:15,  0.60it/s, loss=0.0266]
Epoch 44:   1%|..........| 8/585 [00:00:13<00:16:12,  0.59it/s, loss=0.0269]
Epoch 44:   2%|..........| 12/585 [00:00:19<00:15:53,  0.60it/s, loss=0.0256]
Epoch 44:   3%|..........| 16/585 [00:00:25<00:15:20,  0.62it/s, loss=0.0247]
Epoch 44:   3%|..........| 20/585 [00:00:31<00:15:02,  0.63it/s, loss=0.0240]
Epoch 44:   4%|..........| 23/585 [00:00:36<00:15:03,  0.62it/s, loss=0.0241]
Epoch 44:   5%|..........| 27/585 [00:00:43<00:14:55,  0.62it/s, loss=0.0246]
Epoch 44:   5%|..........| 31/585 [00:00:49<00:14:37,  0.63it/s, loss=0.0242]
Epoch 44:   6%|..........| 35/585 [00:00:55<00:14:38,  0.63it/s, loss=0.0242]
Epoch 44:   7%|..........| 39/585 [00:01:02<00:14:29,  0.63it/s, loss=0.0242]
Epoch 44:   7%|..........| 42/585 [00:01:07<00:14:36,  0.62it/s, loss=0.0244]
Epoch 44:   8%|..........| 45/585 [00:01:12<00:14:34,  0.62it/s, loss=0.0246]
Epoch 44:   8%|..........| 49/585 [00:01:19<00:14:31,  0.62it/s, loss=0.0249]
Epoch 44:   9%|..........| 53/585 [00:01:25<00:14:21,  0.62it/s, loss=0.0249]
Epoch 44:  10%|..........| 57/585 [00:01:31<00:14:09,  0.62it/s, loss=0.0247]
Epoch 44:  10%|#.........| 60/585 [00:01:37<00:14:09,  0.62it/s, loss=0.0246]
Epoch 44:  11%|#.........| 63/585 [00:01:42<00:14:11,  0.61it/s, loss=0.0246]
Epoch 44:  11%|#.........| 67/585 [00:01:48<00:14:02,  0.61it/s, loss=0.0245]
Epoch 44:  12%|#.........| 71/585 [00:01:54<00:13:49,  0.62it/s, loss=0.0243]
Epoch 44:  13%|#.........| 74/585 [00:02:00<00:13:49,  0.62it/s, loss=0.0242]
Epoch 44:  13%|#.........| 78/585 [00:02:06<00:13:39,  0.62it/s, loss=0.0242]
Epoch 44:  14%|#.........| 82/585 [00:02:11<00:13:29,  0.62it/s, loss=0.0240]
Epoch 44:  15%|#.........| 86/585 [00:02:18<00:13:22,  0.62it/s, loss=0.0242]
Epoch 44:  15%|#.........| 90/585 [00:02:24<00:13:13,  0.62it/s, loss=0.0243]
Epoch 44:  16%|#.........| 94/585 [00:02:30<00:13:08,  0.62it/s, loss=0.0243]
Epoch 44:  17%|#.........| 98/585 [00:02:37<00:13:01,  0.62it/s, loss=0.0242]
Epoch 44:  17%|#.........| 102/585 [00:02:43<00:12:55,  0.62it/s, loss=0.0240]
Epoch 44:  18%|#.........| 105/585 [00:02:48<00:12:52,  0.62it/s, loss=0.0240]
Epoch 44:  19%|#.........| 109/585 [00:02:54<00:12:43,  0.62it/s, loss=0.0241]
Epoch 44:  19%|#.........| 112/585 [00:03:00<00:12:42,  0.62it/s, loss=0.0242]
Epoch 44:  20%|#.........| 115/585 [00:03:05<00:12:38,  0.62it/s, loss=0.0242]
Epoch 44:  20%|##........| 119/585 [00:03:11<00:12:31,  0.62it/s, loss=0.0241]
Epoch 44:  21%|##........| 123/585 [00:03:18<00:12:24,  0.62it/s, loss=0.0241]
Epoch 44:  22%|##........| 126/585 [00:03:23<00:12:20,  0.62it/s, loss=0.0240]
Epoch 44:  22%|##........| 130/585 [00:03:29<00:12:12,  0.62it/s, loss=0.0239]
Epoch 44:  23%|##........| 134/585 [00:03:36<00:12:07,  0.62it/s, loss=0.0239]
Epoch 44:  23%|##........| 137/585 [00:03:41<00:12:05,  0.62it/s, loss=0.0239]
Epoch 44:  24%|##........| 141/585 [00:03:48<00:11:58,  0.62it/s, loss=0.0238]
Epoch 44:  25%|##........| 145/585 [00:03:54<00:11:50,  0.62it/s, loss=0.0238]
Epoch 44:  25%|##........| 149/585 [00:04:00<00:11:43,  0.62it/s, loss=0.0238]
Epoch 44:  26%|##........| 152/585 [00:04:05<00:11:40,  0.62it/s, loss=0.0239]
Epoch 44:  27%|##........| 156/585 [00:04:12<00:11:33,  0.62it/s, loss=0.0240]
Epoch 44:  27%|##........| 160/585 [00:04:18<00:11:27,  0.62it/s, loss=0.0240]
Epoch 44:  28%|##........| 163/585 [00:04:24<00:11:25,  0.62it/s, loss=0.0240]
Epoch 44:  28%|##........| 166/585 [00:04:30<00:11:22,  0.61it/s, loss=0.0240]
Epoch 44:  29%|##........| 170/585 [00:04:36<00:11:16,  0.61it/s, loss=0.0239]
Epoch 44:  30%|##........| 173/585 [00:04:42<00:11:12,  0.61it/s, loss=0.0240]
Epoch 44:  30%|###.......| 177/585 [00:04:48<00:11:04,  0.61it/s, loss=0.0239]
Epoch 44:  31%|###.......| 180/585 [00:04:53<00:11:00,  0.61it/s, loss=0.0241]
Epoch 44:  31%|###.......| 183/585 [00:04:58<00:10:55,  0.61it/s, loss=0.0241]
Epoch 44:  32%|###.......| 186/585 [00:05:04<00:10:52,  0.61it/s, loss=0.0241]
Epoch 44:  32%|###.......| 189/585 [00:05:09<00:10:48,  0.61it/s, loss=0.0241]
Epoch 44:  33%|###.......| 193/585 [00:05:15<00:10:41,  0.61it/s, loss=0.0241]
Epoch 44:  34%|###.......| 196/585 [00:05:20<00:10:36,  0.61it/s, loss=0.0241]
Epoch 44:  34%|###.......| 199/585 [00:05:25<00:10:32,  0.61it/s, loss=0.0241]
Epoch 44:  35%|###.......| 203/585 [00:05:31<00:10:24,  0.61it/s, loss=0.0242]
Epoch 44:  35%|###.......| 207/585 [00:05:38<00:10:18,  0.61it/s, loss=0.0243]
Epoch 44:  36%|###.......| 210/585 [00:05:43<00:10:13,  0.61it/s, loss=0.0242]
Epoch 44:  37%|###.......| 214/585 [00:05:49<00:10:06,  0.61it/s, loss=0.0241]
Epoch 44:  37%|###.......| 218/585 [00:05:55<00:09:59,  0.61it/s, loss=0.0241]
Epoch 44:  38%|###.......| 221/585 [00:06:01<00:09:55,  0.61it/s, loss=0.0241]
Epoch 44:  38%|###.......| 225/585 [00:06:07<00:09:48,  0.61it/s, loss=0.0241]
Epoch 44:  39%|###.......| 229/585 [00:06:13<00:09:41,  0.61it/s, loss=0.0240]
Epoch 44:  40%|###.......| 232/585 [00:06:18<00:09:36,  0.61it/s, loss=0.0240]
Epoch 44:  40%|####......| 236/585 [00:06:25<00:09:29,  0.61it/s, loss=0.0240]
Epoch 44:  41%|####......| 239/585 [00:06:31<00:09:26,  0.61it/s, loss=0.0241]
Epoch 44:  42%|####......| 243/585 [00:06:37<00:09:19,  0.61it/s, loss=0.0241]
Epoch 44:  42%|####......| 247/585 [00:06:44<00:09:13,  0.61it/s, loss=0.0241]
Epoch 44:  43%|####......| 251/585 [00:06:50<00:09:06,  0.61it/s, loss=0.0241]
Epoch 44:  43%|####......| 254/585 [00:06:57<00:09:03,  0.61it/s, loss=0.0241]
Epoch 44:  44%|####......| 258/585 [00:07:03<00:08:56,  0.61it/s, loss=0.0242]
Epoch 44:  45%|####......| 262/585 [00:07:09<00:08:49,  0.61it/s, loss=0.0242]
Epoch 44:  45%|####......| 266/585 [00:07:15<00:08:42,  0.61it/s, loss=0.0242]
Epoch 44:  46%|####......| 269/585 [00:07:21<00:08:38,  0.61it/s, loss=0.0242]
Epoch 44:  46%|####......| 272/585 [00:07:26<00:08:33,  0.61it/s, loss=0.0243]
Epoch 44:  47%|####......| 276/585 [00:07:32<00:08:26,  0.61it/s, loss=0.0243]
Epoch 44:  48%|####......| 279/585 [00:07:37<00:08:22,  0.61it/s, loss=0.0242]
Epoch 44:  48%|####......| 283/585 [00:07:44<00:08:15,  0.61it/s, loss=0.0242]
Epoch 44:  49%|####......| 287/585 [00:07:51<00:08:09,  0.61it/s, loss=0.0242]
Epoch 44:  50%|####......| 290/585 [00:07:56<00:08:04,  0.61it/s, loss=0.0243]
Epoch 44:  50%|#####.....| 293/585 [00:08:02<00:08:00,  0.61it/s, loss=0.0243]
Epoch 44:  51%|#####.....| 297/585 [00:08:08<00:07:53,  0.61it/s, loss=0.0243]
Epoch 44:  51%|#####.....| 301/585 [00:08:14<00:07:46,  0.61it/s, loss=0.0244]
Epoch 44:  52%|#####.....| 305/585 [00:08:20<00:07:39,  0.61it/s, loss=0.0243]
Epoch 44:  53%|#####.....| 309/585 [00:08:26<00:07:32,  0.61it/s, loss=0.0243]
Epoch 44:  53%|#####.....| 312/585 [00:08:31<00:07:27,  0.61it/s, loss=0.0243]
Epoch 44:  54%|#####.....| 315/585 [00:08:37<00:07:23,  0.61it/s, loss=0.0245]
Epoch 44:  54%|#####.....| 318/585 [00:08:42<00:07:18,  0.61it/s, loss=0.0245]
Epoch 44:  55%|#####.....| 322/585 [00:08:49<00:07:12,  0.61it/s, loss=0.0245]
Epoch 44:  56%|#####.....| 325/585 [00:08:54<00:07:07,  0.61it/s, loss=0.0245]
Epoch 44:  56%|#####.....| 329/585 [00:09:01<00:07:01,  0.61it/s, loss=0.0245]
Epoch 44:  57%|#####.....| 332/585 [00:09:06<00:06:56,  0.61it/s, loss=0.0245]
Epoch 44:  57%|#####.....| 336/585 [00:09:12<00:06:49,  0.61it/s, loss=0.0245]
Epoch 44:  58%|#####.....| 339/585 [00:09:18<00:06:45,  0.61it/s, loss=0.0245]
Epoch 44:  58%|#####.....| 342/585 [00:09:25<00:06:41,  0.60it/s, loss=0.0244]
Epoch 44:  59%|#####.....| 345/585 [00:09:31<00:06:37,  0.60it/s, loss=0.0245]
Epoch 44:  60%|#####.....| 349/585 [00:09:37<00:06:30,  0.60it/s, loss=0.0245]
Epoch 44:  60%|######....| 352/585 [00:09:42<00:06:25,  0.60it/s, loss=0.0245]
Epoch 44:  61%|######....| 355/585 [00:09:48<00:06:21,  0.60it/s, loss=0.0245]
Epoch 44:  61%|######....| 358/585 [00:09:53<00:06:16,  0.60it/s, loss=0.0245]
Epoch 44:  62%|######....| 361/585 [00:09:59<00:06:11,  0.60it/s, loss=0.0245]
Epoch 44:  62%|######....| 364/585 [00:10:05<00:06:07,  0.60it/s, loss=0.0247]
Epoch 44:  63%|######....| 368/585 [00:10:11<00:06:00,  0.60it/s, loss=0.0247]
Epoch 44:  64%|######....| 372/585 [00:10:18<00:05:53,  0.60it/s, loss=0.0247]
Epoch 44:  64%|######....| 376/585 [00:10:23<00:05:46,  0.60it/s, loss=0.0247]
Epoch 44:  65%|######....| 380/585 [00:10:30<00:05:39,  0.60it/s, loss=0.0247]
Epoch 44:  65%|######....| 383/585 [00:10:35<00:05:35,  0.60it/s, loss=0.0248]
Epoch 44:  66%|######....| 386/585 [00:10:41<00:05:30,  0.60it/s, loss=0.0248]
Epoch 44:  66%|######....| 389/585 [00:10:47<00:05:26,  0.60it/s, loss=0.0248]
Epoch 44:  67%|######....| 393/585 [00:10:53<00:05:19,  0.60it/s, loss=0.0248]
Epoch 44:  68%|######....| 397/585 [00:10:59<00:05:12,  0.60it/s, loss=0.0248]
Epoch 44:  68%|######....| 400/585 [00:11:04<00:05:07,  0.60it/s, loss=0.0248]
Epoch 44:  69%|######....| 404/585 [00:11:10<00:05:00,  0.60it/s, loss=0.0247]
Epoch 44:  70%|######....| 408/585 [00:11:16<00:04:53,  0.60it/s, loss=0.0247]
Epoch 44:  70%|#######...| 412/585 [00:11:22<00:04:46,  0.60it/s, loss=0.0248]
Epoch 44:  71%|#######...| 416/585 [00:11:28<00:04:39,  0.60it/s, loss=0.0248]
Epoch 44:  72%|#######...| 420/585 [00:11:35<00:04:33,  0.60it/s, loss=0.0248]
Epoch 44:  72%|#######...| 423/585 [00:11:40<00:04:28,  0.60it/s, loss=0.0248]
Epoch 44:  73%|#######...| 427/585 [00:11:46<00:04:21,  0.60it/s, loss=0.0248]
Epoch 44:  74%|#######...| 430/585 [00:11:52<00:04:16,  0.60it/s, loss=0.0248]
Epoch 44:  74%|#######...| 433/585 [00:11:57<00:04:11,  0.60it/s, loss=0.0248]
Epoch 44:  75%|#######...| 436/585 [00:12:02<00:04:07,  0.60it/s, loss=0.0248]
Epoch 44:  75%|#######...| 440/585 [00:12:09<00:04:00,  0.60it/s, loss=0.0248]
Epoch 44:  76%|#######...| 443/585 [00:12:14<00:03:55,  0.60it/s, loss=0.0250]
Epoch 44:  76%|#######...| 447/585 [00:12:21<00:03:48,  0.60it/s, loss=0.0250]
Epoch 44:  77%|#######...| 450/585 [00:12:26<00:03:44,  0.60it/s, loss=0.0250]
Epoch 44:  78%|#######...| 454/585 [00:12:32<00:03:37,  0.60it/s, loss=0.0250]
Epoch 44:  78%|#######...| 458/585 [00:12:39<00:03:30,  0.60it/s, loss=0.0250]
Epoch 44:  79%|#######...| 462/585 [00:12:45<00:03:23,  0.60it/s, loss=0.0250]
Epoch 44:  79%|#######...| 465/585 [00:12:51<00:03:18,  0.60it/s, loss=0.0250]
Epoch 44:  80%|########..| 468/585 [00:12:57<00:03:14,  0.60it/s, loss=0.0250]
Epoch 44:  81%|########..| 472/585 [00:13:04<00:03:07,  0.60it/s, loss=0.0251]
Epoch 44:  81%|########..| 476/585 [00:13:11<00:03:01,  0.60it/s, loss=0.0251]
Epoch 44:  82%|########..| 480/585 [00:13:17<00:02:54,  0.60it/s, loss=0.0251]
Epoch 44:  83%|########..| 483/585 [00:13:23<00:02:49,  0.60it/s, loss=0.0251]
Epoch 44:  83%|########..| 486/585 [00:13:28<00:02:44,  0.60it/s, loss=0.0251]
Epoch 44:  84%|########..| 490/585 [00:13:34<00:02:37,  0.60it/s, loss=0.0251]
Epoch 44:  84%|########..| 494/585 [00:13:41<00:02:31,  0.60it/s, loss=0.0251]
Epoch 44:  85%|########..| 498/585 [00:13:47<00:02:24,  0.60it/s, loss=0.0252]
Epoch 44:  86%|########..| 501/585 [00:13:52<00:02:19,  0.60it/s, loss=0.0252]
Epoch 44:  86%|########..| 505/585 [00:13:59<00:02:12,  0.60it/s, loss=0.0252]
Epoch 44:  87%|########..| 509/585 [00:14:05<00:02:06,  0.60it/s, loss=0.0252]
Epoch 44:  88%|########..| 513/585 [00:14:11<00:01:59,  0.60it/s, loss=0.0251]
Epoch 44:  88%|########..| 516/585 [00:14:16<00:01:54,  0.60it/s, loss=0.0251]
Epoch 44:  89%|########..| 519/585 [00:14:22<00:01:49,  0.60it/s, loss=0.0252]
Epoch 44:  89%|########..| 523/585 [00:14:28<00:01:42,  0.60it/s, loss=0.0251]
Epoch 44:  90%|########..| 526/585 [00:14:34<00:01:38,  0.60it/s, loss=0.0251]
Epoch 44:  90%|#########.| 529/585 [00:14:39<00:01:33,  0.60it/s, loss=0.0251]
Epoch 44:  91%|#########.| 533/585 [00:14:45<00:01:26,  0.60it/s, loss=0.0251]
Epoch 44:  92%|#########.| 536/585 [00:14:50<00:01:21,  0.60it/s, loss=0.0251]
Epoch 44:  92%|#########.| 540/585 [00:14:57<00:01:14,  0.60it/s, loss=0.0251]
Epoch 44:  93%|#########.| 544/585 [00:15:03<00:01:08,  0.60it/s, loss=0.0251]
Epoch 44:  94%|#########.| 548/585 [00:15:09<00:01:01,  0.60it/s, loss=0.0251]
Epoch 44:  94%|#########.| 551/585 [00:15:15<00:00:56,  0.60it/s, loss=0.0251]
Epoch 44:  95%|#########.| 555/585 [00:15:21<00:00:49,  0.60it/s, loss=0.0251]
Epoch 44:  96%|#########.| 559/585 [00:15:28<00:00:43,  0.60it/s, loss=0.0251]
Epoch 44:  96%|#########.| 563/585 [00:15:34<00:00:36,  0.60it/s, loss=0.0251]
Epoch 44:  97%|#########.| 567/585 [00:15:40<00:00:29,  0.60it/s, loss=0.0251]
Epoch 44:  97%|#########.| 570/585 [00:15:45<00:00:24,  0.60it/s, loss=0.0251]
Epoch 44:  98%|#########.| 574/585 [00:15:51<00:00:18,  0.60it/s, loss=0.0251]
Epoch 44:  99%|#########.| 578/585 [00:15:58<00:00:11,  0.60it/s, loss=0.0251]
Epoch 44:  99%|#########.| 581/585 [00:16:03<00:00:06,  0.60it/s, loss=0.0251]
Epoch 44: 100%|#########.| 584/585 [00:16:08<00:00:01,  0.60it/s, loss=0.0251]
Epoch 44: 100%|##########| 585/585 [00:16:10<00:00:00,  0.60it/s, loss=0.0251]
Test loss: 0.0229, Test rmsae: 7.19deg
{"event": "epoch_complete", "epoch": 44, "phase": 2, "lr": 1e-05, "batch_size": 10, "micro_batch_size": 1, "train_loss": 0.02511632949527767, "val_loss": 0.022912969259778038, "val_rmsae_deg": 7.186838209629059, "epoch_time_s": 971.5358354850905}
Epoch 45/80:
Epoch 45:   1%|..........| 4/585 [00:00:06<00:15:53,  0.61it/s, loss=0.0194]
Epoch 45:   1%|..........| 7/585 [00:00:11<00:16:17,  0.59it/s, loss=0.0214]
Epoch 45:   2%|..........| 10/585 [00:00:16<00:16:13,  0.59it/s, loss=0.0212]
Epoch 45:   2%|..........| 14/585 [00:00:24<00:16:23,  0.58it/s, loss=0.0218]
Epoch 45:   3%|..........| 18/585 [00:00:29<00:15:43,  0.60it/s, loss=0.0222]
Epoch 45:   4%|..........| 21/585 [00:00:35<00:15:40,  0.60it/s, loss=0.0232]
Epoch 45:   4%|..........| 25/585 [00:00:40<00:15:10,  0.62it/s, loss=0.0225]
Epoch 45:   5%|..........| 28/585 [00:00:46<00:15:18,  0.61it/s, loss=0.0227]
Epoch 45:   5%|..........| 32/585 [00:00:52<00:15:02,  0.61it/s, loss=0.0226]
Epoch 45:   6%|..........| 35/585 [00:00:58<00:15:13,  0.60it/s, loss=0.0243]
Epoch 45:   6%|..........| 38/585 [00:01:03<00:15:09,  0.60it/s, loss=0.0242]
Epoch 45:   7%|..........| 42/585 [00:01:09<00:15:00,  0.60it/s, loss=0.0248]
Epoch 45:   8%|..........| 45/585 [00:01:15<00:15:01,  0.60it/s, loss=0.0250]
Epoch 45:   8%|..........| 49/585 [00:01:21<00:14:46,  0.60it/s, loss=0.0250]
Epoch 45:   9%|..........| 53/585 [00:01:26<00:14:31,  0.61it/s, loss=0.0250]
Epoch 45:  10%|..........| 56/585 [00:01:32<00:14:30,  0.61it/s, loss=0.0250]
Epoch 45:  10%|#.........| 59/585 [00:01:37<00:14:28,  0.61it/s, loss=0.0250]
Epoch 45:  11%|#.........| 63/585 [00:01:44<00:14:23,  0.60it/s, loss=0.0249]
Epoch 45:  11%|#.........| 66/585 [00:01:49<00:14:20,  0.60it/s, loss=0.0252]
Epoch 45:  12%|#.........| 70/585 [00:01:55<00:14:11,  0.60it/s, loss=0.0250]
Epoch 45:  12%|#.........| 73/585 [00:02:00<00:14:08,  0.60it/s, loss=0.0253]
Epoch 45:  13%|#.........| 77/585 [00:02:07<00:14:02,  0.60it/s, loss=0.0251]
Epoch 45:  14%|#.........| 81/585 [00:02:14<00:13:57,  0.60it/s, loss=0.0249]
Epoch 45:  15%|#.........| 85/585 [00:02:20<00:13:48,  0.60it/s, loss=0.0247]
Epoch 45:  15%|#.........| 89/585 [00:02:27<00:13:40,  0.60it/s, loss=0.0246]
Epoch 45:  16%|#.........| 92/585 [00:02:32<00:13:36,  0.60it/s, loss=0.0246]
Epoch 45:  16%|#.........| 96/585 [00:02:38<00:13:27,  0.61it/s, loss=0.0245]
Epoch 45:  17%|#.........| 99/585 [00:02:43<00:13:23,  0.61it/s, loss=0.0244]
Epoch 45:  18%|#.........| 103/585 [00:02:49<00:13:14,  0.61it/s, loss=0.0242]
Epoch 45:  18%|#.........| 106/585 [00:02:55<00:13:10,  0.61it/s, loss=0.0242]
Epoch 45:  19%|#.........| 109/585 [00:03:00<00:13:06,  0.60it/s, loss=0.0242]
Epoch 45:  19%|#.........| 112/585 [00:03:05<00:13:04,  0.60it/s, loss=0.0242]
Epoch 45:  20%|#.........| 116/585 [00:03:12<00:12:56,  0.60it/s, loss=0.0243]
Epoch 45:  20%|##........| 119/585 [00:03:17<00:12:53,  0.60it/s, loss=0.0245]
Epoch 45:  21%|##........| 123/585 [00:03:23<00:12:45,  0.60it/s, loss=0.0245]
Epoch 45:  22%|##........| 127/585 [00:03:30<00:12:37,  0.60it/s, loss=0.0244]
Epoch 45:  22%|##........| 131/585 [00:03:35<00:12:28,  0.61it/s, loss=0.0245]
Epoch 45:  23%|##........| 134/585 [00:03:41<00:12:24,  0.61it/s, loss=0.0244]
Epoch 45:  24%|##........| 138/585 [00:03:46<00:12:14,  0.61it/s, loss=0.0244]
Epoch 45:  24%|##........| 141/585 [00:03:53<00:12:14,  0.60it/s, loss=0.0245]
Epoch 45:  25%|##........| 145/585 [00:03:58<00:12:05,  0.61it/s, loss=0.0245]
Epoch 45:  25%|##........| 149/585 [00:04:05<00:11:59,  0.61it/s, loss=0.0245]
Epoch 45:  26%|##........| 153/585 [00:04:11<00:11:50,  0.61it/s, loss=0.0245]
Epoch 45:  27%|##........| 157/585 [00:04:18<00:11:43,  0.61it/s, loss=0.0245]
Epoch 45:  28%|##........| 161/585 [00:04:24<00:11:35,  0.61it/s, loss=0.0248]
Epoch 45:  28%|##........| 164/585 [00:04:29<00:11:32,  0.61it/s, loss=0.0249]
Epoch 45:  29%|##........| 167/585 [00:04:34<00:11:28,  0.61it/s, loss=0.0248]
Epoch 45:  29%|##........| 171/585 [00:04:41<00:11:20,  0.61it/s, loss=0.0248]
Epoch 45:  30%|##........| 175/585 [00:04:47<00:11:12,  0.61it/s, loss=0.0249]
Epoch 45:  31%|###.......| 179/585 [00:04:53<00:11:05,  0.61it/s, loss=0.0249]
Epoch 45:  31%|###.......| 183/585 [00:04:59<00:10:58,  0.61it/s, loss=0.0250]
Epoch 45:  32%|###.......| 186/585 [00:05:05<00:10:55,  0.61it/s, loss=0.0251]
Epoch 45:  32%|###.......| 190/585 [00:05:12<00:10:49,  0.61it/s, loss=0.0251]
Epoch 45:  33%|###.......| 194/585 [00:05:18<00:10:41,  0.61it/s, loss=0.0251]
Epoch 45:  34%|###.......| 197/585 [00:05:23<00:10:37,  0.61it/s, loss=0.0252]
Epoch 45:  34%|###.......| 201/585 [00:05:29<00:10:30,  0.61it/s, loss=0.0251]
Epoch 45:  35%|###.......| 205/585 [00:05:36<00:10:23,  0.61it/s, loss=0.0251]
Epoch 45:  36%|###.......| 208/585 [00:05:42<00:10:20,  0.61it/s, loss=0.0252]
Epoch 45:  36%|###.......| 212/585 [00:05:48<00:10:13,  0.61it/s, loss=0.0253]
Epoch 45:  37%|###.......| 215/585 [00:05:53<00:10:08,  0.61it/s, loss=0.0253]
Epoch 45:  37%|###.......| 219/585 [00:06:00<00:10:01,  0.61it/s, loss=0.0252]
Epoch 45:  38%|###.......| 222/585 [00:06:05<00:09:58,  0.61it/s, loss=0.0252]
Epoch 45:  39%|###.......| 226/585 [00:06:11<00:09:50,  0.61it/s, loss=0.0252]
Epoch 45:  39%|###.......| 229/585 [00:06:17<00:09:46,  0.61it/s, loss=0.0251]
Epoch 45:  40%|###.......| 232/585 [00:06:23<00:09:43,  0.61it/s, loss=0.0252]
Epoch 45:  40%|####......| 236/585 [00:06:30<00:09:37,  0.60it/s, loss=0.0251]
Epoch 45:  41%|####......| 240/585 [00:06:36<00:09:29,  0.61it/s, loss=0.0251]
Epoch 45:  42%|####......| 244/585 [00:06:41<00:09:21,  0.61it/s, loss=0.0250]
Epoch 45:  42%|####......| 248/585 [00:06:48<00:09:14,  0.61it/s, loss=0.0250]
Epoch 45:  43%|####......| 251/585 [00:06:53<00:09:10,  0.61it/s, loss=0.0251]
Epoch 45:  44%|####......| 255/585 [00:06:59<00:09:03,  0.61it/s, loss=0.0251]
Epoch 45:  44%|####......| 259/585 [00:07:05<00:08:55,  0.61it/s, loss=0.0250]
Epoch 45:  45%|####......| 262/585 [00:07:10<00:08:51,  0.61it/s, loss=0.0250]
Epoch 45:  45%|####......| 266/585 [00:07:16<00:08:43,  0.61it/s, loss=0.0251]
Epoch 45:  46%|####......| 270/585 [00:07:23<00:08:37,  0.61it/s, loss=0.0250]
Epoch 45:  47%|####......| 274/585 [00:07:29<00:08:30,  0.61it/s, loss=0.0250]
Epoch 45:  48%|####......| 278/585 [00:07:35<00:08:23,  0.61it/s, loss=0.0250]
Epoch 45:  48%|####......| 281/585 [00:07:40<00:08:18,  0.61it/s, loss=0.0250]
Epoch 45:  49%|####......| 285/585 [00:07:47<00:08:11,  0.61it/s, loss=0.0249]
Epoch 45:  49%|####......| 288/585 [00:07:52<00:08:06,  0.61it/s, loss=0.0249]
Epoch 45:  50%|####......| 291/585 [00:07:58<00:08:02,  0.61it/s, loss=0.0249]
Epoch 45:  50%|#####.....| 294/585 [00:08:03<00:07:58,  0.61it/s, loss=0.0249]
Epoch 45:  51%|#####.....| 297/585 [00:08:08<00:07:53,  0.61it/s, loss=0.0250]
Epoch 45:  51%|#####.....| 301/585 [00:08:14<00:07:46,  0.61it/s, loss=0.0250]
Epoch 45:  52%|#####.....| 304/585 [00:08:20<00:07:42,  0.61it/s, loss=0.0251]
Epoch 45:  53%|#####.....| 308/585 [00:08:26<00:07:35,  0.61it/s, loss=0.0250]
Epoch 45:  53%|#####.....| 311/585 [00:08:32<00:07:31,  0.61it/s, loss=0.0251]
Epoch 45:  54%|#####.....| 314/585 [00:08:38<00:07:27,  0.61it/s, loss=0.0251]
Epoch 45:  54%|#####.....| 318/585 [00:08:44<00:07:20,  0.61it/s, loss=0.0251]
Epoch 45:  55%|#####.....| 322/585 [00:08:51<00:07:13,  0.61it/s, loss=0.0251]
Epoch 45:  56%|#####.....| 326/585 [00:08:56<00:07:06,  0.61it/s, loss=0.0251]
Epoch 45:  56%|#####.....| 330/585 [00:09:03<00:06:59,  0.61it/s, loss=0.0252]
Epoch 45:  57%|#####.....| 334/585 [00:09:09<00:06:53,  0.61it/s, loss=0.0252]
Epoch 45:  58%|#####.....| 337/585 [00:09:14<00:06:48,  0.61it/s, loss=0.0252]
Epoch 45:  58%|#####.....| 341/585 [00:09:20<00:06:41,  0.61it/s, loss=0.0252]
Epoch 45:  59%|#####.....| 345/585 [00:09:26<00:06:33,  0.61it/s, loss=0.0251]
Epoch 45:  60%|#####.....| 349/585 [00:09:32<00:06:27,  0.61it/s, loss=0.0251]
Epoch 45:  60%|######....| 353/585 [00:09:39<00:06:20,  0.61it/s, loss=0.0251]
Epoch 45:  61%|######....| 356/585 [00:09:44<00:06:15,  0.61it/s, loss=0.0251]
Epoch 45:  61%|######....| 359/585 [00:09:49<00:06:11,  0.61it/s, loss=0.0252]
Epoch 45:  62%|######....| 363/585 [00:09:55<00:06:04,  0.61it/s, loss=0.0252]
Epoch 45:  63%|######....| 367/585 [00:10:01<00:05:57,  0.61it/s, loss=0.0252]
Epoch 45:  63%|######....| 370/585 [00:10:07<00:05:52,  0.61it/s, loss=0.0252]
Epoch 45:  64%|######....| 374/585 [00:10:13<00:05:46,  0.61it/s, loss=0.0252]
Epoch 45:  64%|######....| 377/585 [00:10:19<00:05:41,  0.61it/s, loss=0.0252]
Epoch 45:  65%|######....| 381/585 [00:10:24<00:05:34,  0.61it/s, loss=0.0251]
Epoch 45:  66%|######....| 385/585 [00:10:31<00:05:28,  0.61it/s, loss=0.0251]
Epoch 45:  66%|######....| 389/585 [00:10:38<00:05:21,  0.61it/s, loss=0.0251]
Epoch 45:  67%|######....| 392/585 [00:10:43<00:05:16,  0.61it/s, loss=0.0251]
Epoch 45:  68%|######....| 396/585 [00:10:50<00:05:10,  0.61it/s, loss=0.0251]
Epoch 45:  68%|######....| 400/585 [00:10:56<00:05:03,  0.61it/s, loss=0.0252]
Epoch 45:  69%|######....| 404/585 [00:11:03<00:04:57,  0.61it/s, loss=0.0251]
Epoch 45:  70%|######....| 408/585 [00:11:09<00:04:50,  0.61it/s, loss=0.0251]
Epoch 45:  70%|#######...| 412/585 [00:11:15<00:04:43,  0.61it/s, loss=0.0251]
Epoch 45:  71%|#######...| 416/585 [00:11:21<00:04:36,  0.61it/s, loss=0.0251]
Epoch 45:  72%|#######...| 419/585 [00:11:27<00:04:32,  0.61it/s, loss=0.0251]
Epoch 45:  72%|#######...| 423/585 [00:11:34<00:04:25,  0.61it/s, loss=0.0251]
Epoch 45:  73%|#######...| 426/585 [00:11:39<00:04:21,  0.61it/s, loss=0.0251]
Epoch 45:  74%|#######...| 430/585 [00:11:45<00:04:14,  0.61it/s, loss=0.0251]
Epoch 45:  74%|#######...| 434/585 [00:11:52<00:04:07,  0.61it/s, loss=0.0251]
Epoch 45:  75%|#######...| 437/585 [00:11:57<00:04:03,  0.61it/s, loss=0.0251]
Epoch 45:  75%|#######...| 440/585 [00:12:02<00:03:58,  0.61it/s, loss=0.0251]
Epoch 45:  76%|#######...| 443/585 [00:12:08<00:03:53,  0.61it/s, loss=0.0252]
Epoch 45:  76%|#######...| 447/585 [00:12:14<00:03:46,  0.61it/s, loss=0.0252]
Epoch 45:  77%|#######...| 451/585 [00:12:20<00:03:40,  0.61it/s, loss=0.0252]
Epoch 45:  78%|#######...| 455/585 [00:12:27<00:03:33,  0.61it/s, loss=0.0252]
Epoch 45:  78%|#######...| 459/585 [00:12:34<00:03:26,  0.61it/s, loss=0.0252]
Epoch 45:  79%|#######...| 462/585 [00:12:39<00:03:22,  0.61it/s, loss=0.0252]
Epoch 45:  79%|#######...| 465/585 [00:12:44<00:03:17,  0.61it/s, loss=0.0252]
Epoch 45:  80%|########..| 469/585 [00:12:51<00:03:10,  0.61it/s, loss=0.0252]
Epoch 45:  81%|########..| 473/585 [00:12:57<00:03:04,  0.61it/s, loss=0.0252]
Epoch 45:  82%|########..| 477/585 [00:13:03<00:02:57,  0.61it/s, loss=0.0252]
Epoch 45:  82%|########..| 481/585 [00:13:09<00:02:50,  0.61it/s, loss=0.0254]
Epoch 45:  83%|########..| 484/585 [00:13:15<00:02:45,  0.61it/s, loss=0.0254]
Epoch 45:  83%|########..| 488/585 [00:13:21<00:02:39,  0.61it/s, loss=0.0254]
Epoch 45:  84%|########..| 492/585 [00:13:28<00:02:32,  0.61it/s, loss=0.0254]
Epoch 45:  85%|########..| 495/585 [00:13:33<00:02:27,  0.61it/s, loss=0.0254]
Epoch 45:  85%|########..| 499/585 [00:13:39<00:02:21,  0.61it/s, loss=0.0255]
Epoch 45:  86%|########..| 503/585 [00:13:46<00:02:14,  0.61it/s, loss=0.0255]
Epoch 45:  87%|########..| 507/585 [00:13:52<00:02:08,  0.61it/s, loss=0.0254]
Epoch 45:  87%|########..| 511/585 [00:13:57<00:02:01,  0.61it/s, loss=0.0256]
Epoch 45:  88%|########..| 515/585 [00:14:03<00:01:54,  0.61it/s, loss=0.0256]
Epoch 45:  89%|########..| 518/585 [00:14:09<00:01:49,  0.61it/s, loss=0.0257]
Epoch 45:  89%|########..| 522/585 [00:14:15<00:01:43,  0.61it/s, loss=0.0258]
Epoch 45:  90%|########..| 526/585 [00:14:21<00:01:36,  0.61it/s, loss=0.0258]
Epoch 45:  90%|#########.| 529/585 [00:14:26<00:01:31,  0.61it/s, loss=0.0257]
Epoch 45:  91%|#########.| 533/585 [00:14:33<00:01:25,  0.61it/s, loss=0.0257]
Epoch 45:  92%|#########.| 537/585 [00:14:39<00:01:18,  0.61it/s, loss=0.0257]
Epoch 45:  92%|#########.| 540/585 [00:14:45<00:01:13,  0.61it/s, loss=0.0258]
Epoch 45:  93%|#########.| 543/585 [00:14:50<00:01:08,  0.61it/s, loss=0.0258]
Epoch 45:  94%|#########.| 547/585 [00:14:57<00:01:02,  0.61it/s, loss=0.0258]
Epoch 45:  94%|#########.| 550/585 [00:15:02<00:00:57,  0.61it/s, loss=0.0258]
Epoch 45:  95%|#########.| 554/585 [00:15:08<00:00:50,  0.61it/s, loss=0.0258]
Epoch 45:  95%|#########.| 557/585 [00:15:14<00:00:45,  0.61it/s, loss=0.0258]
Epoch 45:  96%|#########.| 560/585 [00:15:20<00:00:41,  0.61it/s, loss=0.0258]
Epoch 45:  96%|#########.| 564/585 [00:15:26<00:00:34,  0.61it/s, loss=0.0258]
Epoch 45:  97%|#########.| 567/585 [00:15:31<00:00:29,  0.61it/s, loss=0.0258]
Epoch 45:  97%|#########.| 570/585 [00:15:36<00:00:24,  0.61it/s, loss=0.0258]
Epoch 45:  98%|#########.| 574/585 [00:15:42<00:00:18,  0.61it/s, loss=0.0257]
Epoch 45:  99%|#########.| 578/585 [00:15:49<00:00:11,  0.61it/s, loss=0.0258]
Epoch 45:  99%|#########.| 581/585 [00:15:54<00:00:06,  0.61it/s, loss=0.0258]
Epoch 45: 100%|##########| 585/585 [00:16:00<00:00:00,  0.61it/s, loss=0.0257]
Test loss: 0.0229, Test rmsae: 7.15deg
{"event": "epoch_complete", "epoch": 45, "phase": 2, "lr": 1e-05, "batch_size": 10, "micro_batch_size": 1, "train_loss": 0.025733261458321006, "val_loss": 0.02291902809520252, "val_rmsae_deg": 7.153691366314888, "epoch_time_s": 961.8650643520523}
{"event": "checkpoint_saved", "tag": "best_rmsae", "epoch": 45, "path": "/home/cmm/icocnn/IFAN_Edge/outputs/stage3/ifan_stage3_long80_c8_r2_map_maba_20260516_154535/checkpoints/best_rmsae.pt", "val_rmsae_deg": 7.153691366314888}
Epoch 46/80:
Epoch 46:   1%|..........| 4/585 [00:00:06<00:15:01,  0.64it/s, loss=0.0215]
Epoch 46:   1%|..........| 8/585 [00:00:12<00:14:54,  0.64it/s, loss=0.0223]
Epoch 46:   2%|..........| 12/585 [00:00:18<00:14:45,  0.65it/s, loss=0.0228]
Epoch 46:   3%|..........| 15/585 [00:00:23<00:14:57,  0.64it/s, loss=0.0240]
Epoch 46:   3%|..........| 18/585 [00:00:28<00:15:05,  0.63it/s, loss=0.0233]
Epoch 46:   4%|..........| 21/585 [00:00:35<00:15:52,  0.59it/s, loss=0.0255]
Epoch 46:   4%|..........| 25/585 [00:00:41<00:15:39,  0.60it/s, loss=0.0255]
Epoch 46:   5%|..........| 28/585 [00:00:47<00:15:42,  0.59it/s, loss=0.0255]
Epoch 46:   5%|..........| 32/585 [00:00:53<00:15:22,  0.60it/s, loss=0.0253]
Epoch 46:   6%|..........| 35/585 [00:00:58<00:15:18,  0.60it/s, loss=0.0251]
Epoch 46:   7%|..........| 39/585 [00:01:04<00:15:04,  0.60it/s, loss=0.0247]
Epoch 46:   7%|..........| 42/585 [00:01:10<00:15:07,  0.60it/s, loss=0.0244]
Epoch 46:   8%|..........| 45/585 [00:01:15<00:15:03,  0.60it/s, loss=0.0242]
Epoch 46:   8%|..........| 49/585 [00:01:21<00:14:53,  0.60it/s, loss=0.0241]
Epoch 46:   9%|..........| 53/585 [00:01:27<00:14:41,  0.60it/s, loss=0.0239]
Epoch 46:  10%|..........| 56/585 [00:01:33<00:14:39,  0.60it/s, loss=0.0240]
Epoch 46:  10%|#.........| 60/585 [00:01:39<00:14:32,  0.60it/s, loss=0.0243]
Epoch 46:  11%|#.........| 64/585 [00:01:46<00:14:24,  0.60it/s, loss=0.0243]
Epoch 46:  12%|#.........| 68/585 [00:01:52<00:14:13,  0.61it/s, loss=0.0244]
Epoch 46:  12%|#.........| 72/585 [00:01:58<00:14:06,  0.61it/s, loss=0.0243]
Epoch 46:  13%|#.........| 76/585 [00:02:04<00:13:53,  0.61it/s, loss=0.0242]
Epoch 46:  14%|#.........| 80/585 [00:02:11<00:13:47,  0.61it/s, loss=0.0250]
Epoch 46:  14%|#.........| 84/585 [00:02:17<00:13:41,  0.61it/s, loss=0.0250]
Epoch 46:  15%|#.........| 86/585 [00:02:22<00:13:49,  0.60it/s, loss=0.0250]
Epoch 46:  15%|#.........| 90/585 [00:02:29<00:13:41,  0.60it/s, loss=0.0249]
Epoch 46:  16%|#.........| 93/585 [00:02:34<00:13:38,  0.60it/s, loss=0.0248]
Epoch 46:  16%|#.........| 96/585 [00:02:40<00:13:39,  0.60it/s, loss=0.0247]
Epoch 46:  17%|#.........| 99/585 [00:02:46<00:13:36,  0.60it/s, loss=0.0248]
Epoch 46:  18%|#.........| 103/585 [00:02:52<00:13:26,  0.60it/s, loss=0.0247]
Epoch 46:  18%|#.........| 107/585 [00:02:59<00:13:19,  0.60it/s, loss=0.0245]
Epoch 46:  19%|#.........| 110/585 [00:03:04<00:13:16,  0.60it/s, loss=0.0247]
Epoch 46:  19%|#.........| 113/585 [00:03:09<00:13:11,  0.60it/s, loss=0.0246]
Epoch 46:  20%|##........| 117/585 [00:03:15<00:13:02,  0.60it/s, loss=0.0247]
Epoch 46:  21%|##........| 121/585 [00:03:21<00:12:54,  0.60it/s, loss=0.0249]
Epoch 46:  21%|##........| 125/585 [00:03:27<00:12:45,  0.60it/s, loss=0.0249]
Epoch 46:  22%|##........| 129/585 [00:03:34<00:12:37,  0.60it/s, loss=0.0250]
Epoch 46:  23%|##........| 133/585 [00:03:40<00:12:27,  0.60it/s, loss=0.0249]
Epoch 46:  23%|##........| 137/585 [00:03:47<00:12:23,  0.60it/s, loss=0.0249]
Epoch 46:  24%|##........| 140/585 [00:03:52<00:12:20,  0.60it/s, loss=0.0253]
Epoch 46:  24%|##........| 143/585 [00:03:58<00:12:15,  0.60it/s, loss=0.0253]
Epoch 46:  25%|##........| 147/585 [00:04:03<00:12:06,  0.60it/s, loss=0.0253]
Epoch 46:  26%|##........| 151/585 [00:04:09<00:11:57,  0.61it/s, loss=0.0251]
Epoch 46:  26%|##........| 155/585 [00:04:16<00:11:50,  0.61it/s, loss=0.0253]
Epoch 46:  27%|##........| 159/585 [00:04:22<00:11:43,  0.61it/s, loss=0.0253]
Epoch 46:  28%|##........| 162/585 [00:04:28<00:11:40,  0.60it/s, loss=0.0253]
Epoch 46:  28%|##........| 166/585 [00:04:34<00:11:32,  0.61it/s, loss=0.0252]
Epoch 46:  29%|##........| 170/585 [00:04:40<00:11:24,  0.61it/s, loss=0.0253]
Epoch 46:  30%|##........| 174/585 [00:04:46<00:11:16,  0.61it/s, loss=0.0254]
Epoch 46:  30%|###.......| 178/585 [00:04:52<00:11:08,  0.61it/s, loss=0.0253]
Epoch 46:  31%|###.......| 182/585 [00:04:59<00:11:02,  0.61it/s, loss=0.0253]
Epoch 46:  32%|###.......| 186/585 [00:05:04<00:10:54,  0.61it/s, loss=0.0252]
Epoch 46:  32%|###.......| 189/585 [00:05:10<00:10:50,  0.61it/s, loss=0.0253]
Epoch 46:  33%|###.......| 192/585 [00:05:15<00:10:46,  0.61it/s, loss=0.0253]
Epoch 46:  34%|###.......| 196/585 [00:05:22<00:10:39,  0.61it/s, loss=0.0254]
Epoch 46:  34%|###.......| 200/585 [00:05:27<00:10:31,  0.61it/s, loss=0.0254]
Epoch 46:  35%|###.......| 204/585 [00:05:33<00:10:23,  0.61it/s, loss=0.0253]
Epoch 46:  36%|###.......| 208/585 [00:05:39<00:10:15,  0.61it/s, loss=0.0252]
Epoch 46:  36%|###.......| 212/585 [00:05:46<00:10:08,  0.61it/s, loss=0.0252]
Epoch 46:  37%|###.......| 215/585 [00:05:51<00:10:04,  0.61it/s, loss=0.0255]
Epoch 46:  37%|###.......| 219/585 [00:05:57<00:09:57,  0.61it/s, loss=0.0254]
Epoch 46:  38%|###.......| 222/585 [00:06:02<00:09:52,  0.61it/s, loss=0.0254]
Epoch 46:  39%|###.......| 226/585 [00:06:08<00:09:46,  0.61it/s, loss=0.0254]
Epoch 46:  39%|###.......| 230/585 [00:06:16<00:09:41,  0.61it/s, loss=0.0254]
Epoch 46:  40%|###.......| 233/585 [00:06:21<00:09:37,  0.61it/s, loss=0.0254]
Epoch 46:  41%|####......| 237/585 [00:06:28<00:09:30,  0.61it/s, loss=0.0253]
Epoch 46:  41%|####......| 241/585 [00:06:34<00:09:23,  0.61it/s, loss=0.0253]
Epoch 46:  42%|####......| 245/585 [00:06:40<00:09:15,  0.61it/s, loss=0.0252]
Epoch 46:  43%|####......| 249/585 [00:06:46<00:09:08,  0.61it/s, loss=0.0251]
Epoch 46:  43%|####......| 253/585 [00:06:53<00:09:02,  0.61it/s, loss=0.0251]
Epoch 46:  44%|####......| 256/585 [00:06:58<00:08:57,  0.61it/s, loss=0.0251]
Epoch 46:  44%|####......| 260/585 [00:07:06<00:08:52,  0.61it/s, loss=0.0258]
Epoch 46:  45%|####......| 264/585 [00:07:12<00:08:45,  0.61it/s, loss=0.0257]
Epoch 46:  46%|####......| 268/585 [00:07:18<00:08:38,  0.61it/s, loss=0.0257]
Epoch 46:  46%|####......| 271/585 [00:07:24<00:08:34,  0.61it/s, loss=0.0257]
Epoch 46:  47%|####......| 275/585 [00:07:30<00:08:28,  0.61it/s, loss=0.0257]
Epoch 46:  48%|####......| 279/585 [00:07:37<00:08:22,  0.61it/s, loss=0.0257]
Epoch 46:  48%|####......| 283/585 [00:07:44<00:08:15,  0.61it/s, loss=0.0257]
Epoch 46:  49%|####......| 286/585 [00:07:49<00:08:10,  0.61it/s, loss=0.0258]
Epoch 46:  50%|####......| 290/585 [00:07:55<00:08:03,  0.61it/s, loss=0.0258]
Epoch 46:  50%|#####.....| 293/585 [00:08:00<00:07:59,  0.61it/s, loss=0.0258]
Epoch 46:  51%|#####.....| 296/585 [00:08:06<00:07:54,  0.61it/s, loss=0.0258]
Epoch 46:  51%|#####.....| 300/585 [00:08:12<00:07:47,  0.61it/s, loss=0.0258]
Epoch 46:  52%|#####.....| 303/585 [00:08:17<00:07:43,  0.61it/s, loss=0.0258]
Epoch 46:  52%|#####.....| 306/585 [00:08:23<00:07:38,  0.61it/s, loss=0.0258]
Epoch 46:  53%|#####.....| 310/585 [00:08:29<00:07:32,  0.61it/s, loss=0.0258]
Epoch 46:  54%|#####.....| 314/585 [00:08:36<00:07:25,  0.61it/s, loss=0.0258]
Epoch 46:  54%|#####.....| 318/585 [00:08:42<00:07:18,  0.61it/s, loss=0.0257]
Epoch 46:  55%|#####.....| 322/585 [00:08:48<00:07:11,  0.61it/s, loss=0.0257]
Epoch 46:  56%|#####.....| 326/585 [00:08:54<00:07:04,  0.61it/s, loss=0.0257]
Epoch 46:  56%|#####.....| 329/585 [00:09:00<00:07:00,  0.61it/s, loss=0.0257]
Epoch 46:  57%|#####.....| 332/585 [00:09:05<00:06:55,  0.61it/s, loss=0.0257]
Epoch 46:  57%|#####.....| 335/585 [00:09:10<00:06:51,  0.61it/s, loss=0.0257]
Epoch 46:  58%|#####.....| 339/585 [00:09:17<00:06:44,  0.61it/s, loss=0.0257]
Epoch 46:  59%|#####.....| 343/585 [00:09:24<00:06:38,  0.61it/s, loss=0.0256]
Epoch 46:  59%|#####.....| 346/585 [00:09:29<00:06:33,  0.61it/s, loss=0.0257]
Epoch 46:  60%|#####.....| 350/585 [00:09:35<00:06:26,  0.61it/s, loss=0.0257]
Epoch 46:  61%|######....| 354/585 [00:09:42<00:06:20,  0.61it/s, loss=0.0256]
Epoch 46:  61%|######....| 357/585 [00:09:47<00:06:15,  0.61it/s, loss=0.0256]
Epoch 46:  62%|######....| 361/585 [00:09:54<00:06:08,  0.61it/s, loss=0.0257]
Epoch 46:  62%|######....| 364/585 [00:09:59<00:06:03,  0.61it/s, loss=0.0257]
Epoch 46:  63%|######....| 368/585 [00:10:05<00:05:57,  0.61it/s, loss=0.0256]
Epoch 46:  63%|######....| 371/585 [00:10:10<00:05:52,  0.61it/s, loss=0.0256]
Epoch 46:  64%|######....| 375/585 [00:10:17<00:05:45,  0.61it/s, loss=0.0255]
Epoch 46:  65%|######....| 379/585 [00:10:23<00:05:38,  0.61it/s, loss=0.0255]
Epoch 46:  65%|######....| 382/585 [00:10:29<00:05:34,  0.61it/s, loss=0.0255]
Epoch 46:  66%|######....| 385/585 [00:10:34<00:05:29,  0.61it/s, loss=0.0255]
Epoch 46:  66%|######....| 389/585 [00:10:40<00:05:22,  0.61it/s, loss=0.0255]
Epoch 46:  67%|######....| 392/585 [00:10:46<00:05:18,  0.61it/s, loss=0.0256]
Epoch 46:  68%|######....| 396/585 [00:10:52<00:05:11,  0.61it/s, loss=0.0256]
Epoch 46:  68%|######....| 400/585 [00:10:58<00:05:04,  0.61it/s, loss=0.0255]
Epoch 46:  69%|######....| 404/585 [00:11:03<00:04:57,  0.61it/s, loss=0.0255]
Epoch 46:  70%|######....| 408/585 [00:11:09<00:04:50,  0.61it/s, loss=0.0255]
Epoch 46:  70%|#######...| 412/585 [00:11:15<00:04:43,  0.61it/s, loss=0.0255]
Epoch 46:  71%|#######...| 416/585 [00:11:21<00:04:36,  0.61it/s, loss=0.0254]
Epoch 46:  72%|#######...| 419/585 [00:11:26<00:04:31,  0.61it/s, loss=0.0254]
Epoch 46:  72%|#######...| 423/585 [00:11:32<00:04:25,  0.61it/s, loss=0.0254]
Epoch 46:  73%|#######...| 427/585 [00:11:39<00:04:18,  0.61it/s, loss=0.0254]
Epoch 46:  74%|#######...| 431/585 [00:11:45<00:04:12,  0.61it/s, loss=0.0254]
Epoch 46:  74%|#######...| 435/585 [00:11:51<00:04:05,  0.61it/s, loss=0.0254]
Epoch 46:  75%|#######...| 439/585 [00:11:58<00:03:58,  0.61it/s, loss=0.0254]
Epoch 46:  76%|#######...| 442/585 [00:12:04<00:03:54,  0.61it/s, loss=0.0255]
Epoch 46:  76%|#######...| 446/585 [00:12:11<00:03:47,  0.61it/s, loss=0.0255]
Epoch 46:  77%|#######...| 450/585 [00:12:17<00:03:41,  0.61it/s, loss=0.0255]
Epoch 46:  78%|#######...| 454/585 [00:12:23<00:03:34,  0.61it/s, loss=0.0255]
Epoch 46:  78%|#######...| 458/585 [00:12:29<00:03:27,  0.61it/s, loss=0.0255]
Epoch 46:  79%|#######...| 461/585 [00:12:35<00:03:23,  0.61it/s, loss=0.0256]
Epoch 46:  79%|#######...| 465/585 [00:12:41<00:03:16,  0.61it/s, loss=0.0255]
Epoch 46:  80%|########..| 468/585 [00:12:46<00:03:11,  0.61it/s, loss=0.0255]
Epoch 46:  81%|########..| 471/585 [00:12:52<00:03:07,  0.61it/s, loss=0.0255]
Epoch 46:  81%|########..| 475/585 [00:12:59<00:03:00,  0.61it/s, loss=0.0255]
Epoch 46:  82%|########..| 478/585 [00:13:04<00:02:55,  0.61it/s, loss=0.0255]
Epoch 46:  82%|########..| 482/585 [00:13:11<00:02:49,  0.61it/s, loss=0.0255]
Epoch 46:  83%|########..| 485/585 [00:13:16<00:02:44,  0.61it/s, loss=0.0255]
Epoch 46:  83%|########..| 488/585 [00:13:22<00:02:39,  0.61it/s, loss=0.0255]
Epoch 46:  84%|########..| 492/585 [00:13:29<00:02:32,  0.61it/s, loss=0.0255]
Epoch 46:  85%|########..| 496/585 [00:13:35<00:02:26,  0.61it/s, loss=0.0255]
Epoch 46:  85%|########..| 499/585 [00:13:40<00:02:21,  0.61it/s, loss=0.0255]
Epoch 46:  86%|########..| 502/585 [00:13:45<00:02:16,  0.61it/s, loss=0.0255]
Epoch 46:  86%|########..| 506/585 [00:13:52<00:02:09,  0.61it/s, loss=0.0254]
Epoch 46:  87%|########..| 509/585 [00:13:57<00:02:05,  0.61it/s, loss=0.0254]
Epoch 46:  88%|########..| 513/585 [00:14:03<00:01:58,  0.61it/s, loss=0.0254]
Epoch 46:  88%|########..| 516/585 [00:14:08<00:01:53,  0.61it/s, loss=0.0254]
Epoch 46:  89%|########..| 520/585 [00:14:15<00:01:46,  0.61it/s, loss=0.0255]
Epoch 46:  90%|########..| 524/585 [00:14:21<00:01:40,  0.61it/s, loss=0.0255]
Epoch 46:  90%|#########.| 528/585 [00:14:27<00:01:33,  0.61it/s, loss=0.0254]
Epoch 46:  91%|#########.| 532/585 [00:14:33<00:01:27,  0.61it/s, loss=0.0255]
Epoch 46:  92%|#########.| 536/585 [00:14:39<00:01:20,  0.61it/s, loss=0.0254]
Epoch 46:  92%|#########.| 540/585 [00:14:45<00:01:13,  0.61it/s, loss=0.0254]
Epoch 46:  93%|#########.| 543/585 [00:14:50<00:01:08,  0.61it/s, loss=0.0255]
Epoch 46:  94%|#########.| 547/585 [00:14:56<00:01:02,  0.61it/s, loss=0.0254]
Epoch 46:  94%|#########.| 551/585 [00:15:02<00:00:55,  0.61it/s, loss=0.0254]
Epoch 46:  95%|#########.| 555/585 [00:15:08<00:00:49,  0.61it/s, loss=0.0255]
Epoch 46:  96%|#########.| 559/585 [00:15:14<00:00:42,  0.61it/s, loss=0.0255]
Epoch 46:  96%|#########.| 563/585 [00:15:22<00:00:36,  0.61it/s, loss=0.0254]
Epoch 46:  97%|#########.| 566/585 [00:15:28<00:00:31,  0.61it/s, loss=0.0254]
Epoch 46:  97%|#########.| 569/585 [00:15:34<00:00:26,  0.61it/s, loss=0.0254]
Epoch 46:  98%|#########.| 573/585 [00:15:40<00:00:19,  0.61it/s, loss=0.0255]
Epoch 46:  98%|#########.| 576/585 [00:15:46<00:00:14,  0.61it/s, loss=0.0254]
Epoch 46:  99%|#########.| 579/585 [00:15:51<00:00:09,  0.61it/s, loss=0.0254]
Epoch 46: 100%|#########.| 583/585 [00:15:58<00:00:03,  0.61it/s, loss=0.0254]
Epoch 46: 100%|##########| 585/585 [00:16:01<00:00:00,  0.61it/s, loss=0.0254]
Test loss: 0.0229, Test rmsae: 7.20deg
{"event": "epoch_complete", "epoch": 46, "phase": 2, "lr": 1e-05, "batch_size": 10, "micro_batch_size": 1, "train_loss": 0.02541468980220648, "val_loss": 0.022920667368452996, "val_rmsae_deg": 7.202358573675156, "epoch_time_s": 962.3260699000675}
Epoch 47/80:
Epoch 47:   1%|..........| 3/585 [00:00:05<00:18:09,  0.53it/s, loss=0.0239]
Epoch 47:   1%|..........| 6/585 [00:00:10<00:17:28,  0.55it/s, loss=0.0235]
Epoch 47:   2%|..........| 10/585 [00:00:17<00:16:25,  0.58it/s, loss=0.0234]
Epoch 47:   2%|..........| 13/585 [00:00:22<00:16:17,  0.59it/s, loss=0.0228]
Epoch 47:   3%|..........| 16/585 [00:00:27<00:16:21,  0.58it/s, loss=0.0230]
Epoch 47:   3%|..........| 20/585 [00:00:34<00:16:06,  0.58it/s, loss=0.0232]
Epoch 47:   4%|..........| 24/585 [00:00:40<00:15:56,  0.59it/s, loss=0.0237]
Epoch 47:   5%|..........| 27/585 [00:00:46<00:15:58,  0.58it/s, loss=0.0256]
Epoch 47:   5%|..........| 30/585 [00:00:51<00:15:51,  0.58it/s, loss=0.0261]
Epoch 47:   6%|..........| 34/585 [00:00:58<00:15:46,  0.58it/s, loss=0.0259]
Epoch 47:   6%|..........| 38/585 [00:01:05<00:15:35,  0.58it/s, loss=0.0257]
Epoch 47:   7%|..........| 41/585 [00:01:10<00:15:37,  0.58it/s, loss=0.0263]
Epoch 47:   8%|..........| 45/585 [00:01:16<00:15:23,  0.59it/s, loss=0.0260]
Epoch 47:   8%|..........| 49/585 [00:01:24<00:15:22,  0.58it/s, loss=0.0262]
Epoch 47:   9%|..........| 53/585 [00:01:30<00:15:10,  0.58it/s, loss=0.0262]
Epoch 47:  10%|..........| 57/585 [00:01:36<00:14:54,  0.59it/s, loss=0.0264]
Epoch 47:  10%|#.........| 61/585 [00:01:42<00:14:40,  0.59it/s, loss=0.0261]
Epoch 47:  11%|#.........| 65/585 [00:01:48<00:14:29,  0.60it/s, loss=0.0258]
Epoch 47:  12%|#.........| 68/585 [00:01:54<00:14:31,  0.59it/s, loss=0.0258]
Epoch 47:  12%|#.........| 72/585 [00:02:00<00:14:21,  0.60it/s, loss=0.0257]
Epoch 47:  13%|#.........| 75/585 [00:02:06<00:14:19,  0.59it/s, loss=0.0258]
Epoch 47:  13%|#.........| 78/585 [00:02:11<00:14:14,  0.59it/s, loss=0.0258]
Epoch 47:  14%|#.........| 81/585 [00:02:16<00:14:09,  0.59it/s, loss=0.0257]
Epoch 47:  14%|#.........| 84/585 [00:02:22<00:14:07,  0.59it/s, loss=0.0257]
Epoch 47:  15%|#.........| 88/585 [00:02:27<00:13:55,  0.60it/s, loss=0.0257]
Epoch 47:  16%|#.........| 91/585 [00:02:32<00:13:49,  0.60it/s, loss=0.0256]
Epoch 47:  16%|#.........| 95/585 [00:02:39<00:13:40,  0.60it/s, loss=0.0256]
Epoch 47:  17%|#.........| 99/585 [00:02:45<00:13:31,  0.60it/s, loss=0.0255]
Epoch 47:  18%|#.........| 103/585 [00:02:51<00:13:20,  0.60it/s, loss=0.0254]
Epoch 47:  18%|#.........| 107/585 [00:02:57<00:13:11,  0.60it/s, loss=0.0253]
Epoch 47:  19%|#.........| 111/585 [00:03:03<00:13:04,  0.60it/s, loss=0.0253]
Epoch 47:  19%|#.........| 114/585 [00:03:09<00:13:01,  0.60it/s, loss=0.0252]
Epoch 47:  20%|##........| 118/585 [00:03:15<00:12:53,  0.60it/s, loss=0.0250]
Epoch 47:  21%|##........| 121/585 [00:03:20<00:12:50,  0.60it/s, loss=0.0250]
Epoch 47:  21%|##........| 124/585 [00:03:26<00:12:45,  0.60it/s, loss=0.0251]
Epoch 47:  22%|##........| 127/585 [00:03:31<00:12:41,  0.60it/s, loss=0.0252]
Epoch 47:  22%|##........| 131/585 [00:03:37<00:12:33,  0.60it/s, loss=0.0252]
Epoch 47:  23%|##........| 135/585 [00:03:43<00:12:26,  0.60it/s, loss=0.0252]
Epoch 47:  24%|##........| 138/585 [00:03:49<00:12:24,  0.60it/s, loss=0.0253]
Epoch 47:  24%|##........| 142/585 [00:03:56<00:12:17,  0.60it/s, loss=0.0253]
Epoch 47:  25%|##........| 145/585 [00:04:01<00:12:13,  0.60it/s, loss=0.0254]
Epoch 47:  25%|##........| 149/585 [00:04:07<00:12:04,  0.60it/s, loss=0.0254]
Epoch 47:  26%|##........| 153/585 [00:04:15<00:12:00,  0.60it/s, loss=0.0255]
Epoch 47:  27%|##........| 156/585 [00:04:20<00:11:55,  0.60it/s, loss=0.0255]
Epoch 47:  27%|##........| 159/585 [00:04:25<00:11:51,  0.60it/s, loss=0.0254]
Epoch 47:  28%|##........| 163/585 [00:04:32<00:11:44,  0.60it/s, loss=0.0255]
Epoch 47:  29%|##........| 167/585 [00:04:37<00:11:35,  0.60it/s, loss=0.0254]
Epoch 47:  29%|##........| 171/585 [00:04:44<00:11:27,  0.60it/s, loss=0.0253]
Epoch 47:  30%|##........| 175/585 [00:04:50<00:11:20,  0.60it/s, loss=0.0254]
Epoch 47:  30%|###.......| 178/585 [00:04:55<00:11:15,  0.60it/s, loss=0.0254]
Epoch 47:  31%|###.......| 182/585 [00:05:01<00:11:07,  0.60it/s, loss=0.0254]
Epoch 47:  32%|###.......| 186/585 [00:05:08<00:11:02,  0.60it/s, loss=0.0255]
Epoch 47:  32%|###.......| 189/585 [00:05:14<00:10:58,  0.60it/s, loss=0.0256]
Epoch 47:  33%|###.......| 193/585 [00:05:20<00:10:51,  0.60it/s, loss=0.0257]
Epoch 47:  34%|###.......| 196/585 [00:05:25<00:10:46,  0.60it/s, loss=0.0257]
Epoch 47:  34%|###.......| 200/585 [00:05:31<00:10:38,  0.60it/s, loss=0.0256]
Epoch 47:  35%|###.......| 203/585 [00:05:36<00:10:33,  0.60it/s, loss=0.0256]
Epoch 47:  35%|###.......| 207/585 [00:05:42<00:10:25,  0.60it/s, loss=0.0255]
Epoch 47:  36%|###.......| 211/585 [00:05:48<00:10:18,  0.61it/s, loss=0.0255]
Epoch 47:  37%|###.......| 215/585 [00:05:55<00:10:12,  0.60it/s, loss=0.0257]
Epoch 47:  37%|###.......| 219/585 [00:06:01<00:10:04,  0.61it/s, loss=0.0255]
Epoch 47:  38%|###.......| 223/585 [00:06:08<00:09:57,  0.61it/s, loss=0.0255]
Epoch 47:  39%|###.......| 227/585 [00:06:14<00:09:49,  0.61it/s, loss=0.0255]
Epoch 47:  39%|###.......| 231/585 [00:06:20<00:09:42,  0.61it/s, loss=0.0254]
Epoch 47:  40%|####......| 234/585 [00:06:25<00:09:37,  0.61it/s, loss=0.0254]
Epoch 47:  41%|####......| 238/585 [00:06:31<00:09:30,  0.61it/s, loss=0.0254]
Epoch 47:  41%|####......| 241/585 [00:06:36<00:09:25,  0.61it/s, loss=0.0253]
Epoch 47:  42%|####......| 244/585 [00:06:41<00:09:21,  0.61it/s, loss=0.0253]
Epoch 47:  42%|####......| 247/585 [00:06:46<00:09:16,  0.61it/s, loss=0.0254]
Epoch 47:  43%|####......| 250/585 [00:06:52<00:09:12,  0.61it/s, loss=0.0255]
Epoch 47:  43%|####......| 254/585 [00:06:58<00:09:04,  0.61it/s, loss=0.0254]
Epoch 47:  44%|####......| 257/585 [00:07:03<00:09:00,  0.61it/s, loss=0.0255]
Epoch 47:  45%|####......| 261/585 [00:07:09<00:08:53,  0.61it/s, loss=0.0254]
Epoch 47:  45%|####......| 265/585 [00:07:16<00:08:46,  0.61it/s, loss=0.0254]
Epoch 47:  46%|####......| 268/585 [00:07:21<00:08:42,  0.61it/s, loss=0.0256]
Epoch 47:  46%|####......| 272/585 [00:07:27<00:08:35,  0.61it/s, loss=0.0256]
Epoch 47:  47%|####......| 276/585 [00:07:34<00:08:28,  0.61it/s, loss=0.0256]
Epoch 47:  48%|####......| 279/585 [00:07:39<00:08:24,  0.61it/s, loss=0.0256]
Epoch 47:  48%|####......| 282/585 [00:07:45<00:08:20,  0.61it/s, loss=0.0256]
Epoch 47:  49%|####......| 285/585 [00:07:51<00:08:16,  0.60it/s, loss=0.0256]
Epoch 47:  49%|####......| 289/585 [00:07:57<00:08:08,  0.61it/s, loss=0.0256]
Epoch 47:  50%|#####.....| 293/585 [00:08:03<00:08:01,  0.61it/s, loss=0.0255]
Epoch 47:  51%|#####.....| 297/585 [00:08:09<00:07:54,  0.61it/s, loss=0.0254]
Epoch 47:  51%|#####.....| 301/585 [00:08:16<00:07:48,  0.61it/s, loss=0.0254]
Epoch 47:  52%|#####.....| 305/585 [00:08:22<00:07:41,  0.61it/s, loss=0.0254]
Epoch 47:  53%|#####.....| 309/585 [00:08:28<00:07:34,  0.61it/s, loss=0.0253]
Epoch 47:  54%|#####.....| 313/585 [00:08:34<00:07:27,  0.61it/s, loss=0.0254]
Epoch 47:  54%|#####.....| 317/585 [00:08:41<00:07:20,  0.61it/s, loss=0.0253]
Epoch 47:  55%|#####.....| 321/585 [00:08:47<00:07:13,  0.61it/s, loss=0.0253]
Epoch 47:  56%|#####.....| 325/585 [00:08:53<00:07:06,  0.61it/s, loss=0.0254]
Epoch 47:  56%|#####.....| 329/585 [00:08:59<00:07:00,  0.61it/s, loss=0.0254]
Epoch 47:  57%|#####.....| 333/585 [00:09:05<00:06:52,  0.61it/s, loss=0.0253]
Epoch 47:  57%|#####.....| 336/585 [00:09:10<00:06:48,  0.61it/s, loss=0.0253]
Epoch 47:  58%|#####.....| 340/585 [00:09:17<00:06:41,  0.61it/s, loss=0.0253]
Epoch 47:  59%|#####.....| 344/585 [00:09:23<00:06:35,  0.61it/s, loss=0.0252]
Epoch 47:  59%|#####.....| 348/585 [00:09:29<00:06:28,  0.61it/s, loss=0.0253]
Epoch 47:  60%|######....| 351/585 [00:09:35<00:06:23,  0.61it/s, loss=0.0253]
Epoch 47:  61%|######....| 354/585 [00:09:41<00:06:19,  0.61it/s, loss=0.0253]
Epoch 47:  61%|######....| 357/585 [00:09:47<00:06:14,  0.61it/s, loss=0.0253]
Epoch 47:  62%|######....| 361/585 [00:09:53<00:06:08,  0.61it/s, loss=0.0253]
Epoch 47:  62%|######....| 365/585 [00:09:59<00:06:01,  0.61it/s, loss=0.0252]
Epoch 47:  63%|######....| 368/585 [00:10:04<00:05:56,  0.61it/s, loss=0.0252]
Epoch 47:  63%|######....| 371/585 [00:10:10<00:05:52,  0.61it/s, loss=0.0253]
Epoch 47:  64%|######....| 375/585 [00:10:16<00:05:45,  0.61it/s, loss=0.0252]
Epoch 47:  65%|######....| 379/585 [00:10:22<00:05:38,  0.61it/s, loss=0.0252]
Epoch 47:  65%|######....| 382/585 [00:10:27<00:05:33,  0.61it/s, loss=0.0251]
Epoch 47:  66%|######....| 386/585 [00:10:33<00:05:26,  0.61it/s, loss=0.0251]
Epoch 47:  67%|######....| 390/585 [00:10:40<00:05:20,  0.61it/s, loss=0.0251]
Epoch 47:  67%|######....| 392/585 [00:10:45<00:05:17,  0.61it/s, loss=0.0251]
Epoch 47:  68%|######....| 396/585 [00:10:51<00:05:10,  0.61it/s, loss=0.0251]
Epoch 47:  68%|######....| 400/585 [00:10:56<00:05:03,  0.61it/s, loss=0.0251]
Epoch 47:  69%|######....| 403/585 [00:11:02<00:04:59,  0.61it/s, loss=0.0251]
Epoch 47:  70%|######....| 407/585 [00:11:08<00:04:52,  0.61it/s, loss=0.0251]
Epoch 47:  70%|#######...| 411/585 [00:11:15<00:04:45,  0.61it/s, loss=0.0251]
Epoch 47:  71%|#######...| 415/585 [00:11:21<00:04:38,  0.61it/s, loss=0.0250]
Epoch 47:  72%|#######...| 419/585 [00:11:28<00:04:32,  0.61it/s, loss=0.0251]
Epoch 47:  72%|#######...| 423/585 [00:11:34<00:04:25,  0.61it/s, loss=0.0250]
Epoch 47:  73%|#######...| 427/585 [00:11:40<00:04:19,  0.61it/s, loss=0.0250]
Epoch 47:  74%|#######...| 431/585 [00:11:46<00:04:12,  0.61it/s, loss=0.0250]
Epoch 47:  74%|#######...| 435/585 [00:11:52<00:04:05,  0.61it/s, loss=0.0250]
Epoch 47:  75%|#######...| 438/585 [00:11:58<00:04:01,  0.61it/s, loss=0.0250]
Epoch 47:  75%|#######...| 441/585 [00:12:04<00:03:56,  0.61it/s, loss=0.0250]
Epoch 47:  76%|#######...| 445/585 [00:12:12<00:03:50,  0.61it/s, loss=0.0250]
Epoch 47:  77%|#######...| 449/585 [00:12:18<00:03:43,  0.61it/s, loss=0.0250]
Epoch 47:  77%|#######...| 452/585 [00:12:23<00:03:38,  0.61it/s, loss=0.0250]
Epoch 47:  78%|#######...| 456/585 [00:12:29<00:03:32,  0.61it/s, loss=0.0249]
Epoch 47:  78%|#######...| 459/585 [00:12:35<00:03:27,  0.61it/s, loss=0.0249]
Epoch 47:  79%|#######...| 463/585 [00:12:40<00:03:20,  0.61it/s, loss=0.0249]
Epoch 47:  80%|#######...| 467/585 [00:12:47<00:03:13,  0.61it/s, loss=0.0249]
Epoch 47:  81%|########..| 471/585 [00:12:54<00:03:07,  0.61it/s, loss=0.0249]
Epoch 47:  81%|########..| 475/585 [00:13:00<00:03:00,  0.61it/s, loss=0.0249]
Epoch 47:  82%|########..| 478/585 [00:13:05<00:02:55,  0.61it/s, loss=0.0249]
Epoch 47:  82%|########..| 482/585 [00:13:11<00:02:49,  0.61it/s, loss=0.0249]
Epoch 47:  83%|########..| 486/585 [00:13:17<00:02:42,  0.61it/s, loss=0.0249]
Epoch 47:  84%|########..| 490/585 [00:13:24<00:02:35,  0.61it/s, loss=0.0249]
Epoch 47:  84%|########..| 493/585 [00:13:29<00:02:31,  0.61it/s, loss=0.0248]
Epoch 47:  85%|########..| 496/585 [00:13:34<00:02:26,  0.61it/s, loss=0.0248]
Epoch 47:  85%|########..| 500/585 [00:13:40<00:02:19,  0.61it/s, loss=0.0249]
Epoch 47:  86%|########..| 503/585 [00:13:46<00:02:14,  0.61it/s, loss=0.0249]
Epoch 47:  87%|########..| 507/585 [00:13:52<00:02:08,  0.61it/s, loss=0.0248]
Epoch 47:  87%|########..| 510/585 [00:13:59<00:02:03,  0.61it/s, loss=0.0248]
Epoch 47:  88%|########..| 513/585 [00:14:04<00:01:58,  0.61it/s, loss=0.0249]
Epoch 47:  88%|########..| 517/585 [00:14:11<00:01:51,  0.61it/s, loss=0.0249]
Epoch 47:  89%|########..| 520/585 [00:14:16<00:01:47,  0.61it/s, loss=0.0249]
Epoch 47:  89%|########..| 523/585 [00:14:21<00:01:42,  0.61it/s, loss=0.0249]
Epoch 47:  90%|#########.| 527/585 [00:14:27<00:01:35,  0.61it/s, loss=0.0249]
Epoch 47:  91%|#########.| 531/585 [00:14:33<00:01:28,  0.61it/s, loss=0.0249]
Epoch 47:  91%|#########.| 534/585 [00:14:38<00:01:23,  0.61it/s, loss=0.0249]
Epoch 47:  92%|#########.| 538/585 [00:14:44<00:01:17,  0.61it/s, loss=0.0249]
Epoch 47:  93%|#########.| 542/585 [00:14:51<00:01:10,  0.61it/s, loss=0.0249]
Epoch 47:  93%|#########.| 546/585 [00:14:57<00:01:04,  0.61it/s, loss=0.0249]
Epoch 47:  94%|#########.| 550/585 [00:15:03<00:00:57,  0.61it/s, loss=0.0248]
Epoch 47:  95%|#########.| 554/585 [00:15:09<00:00:50,  0.61it/s, loss=0.0249]
Epoch 47:  95%|#########.| 557/585 [00:15:15<00:00:46,  0.61it/s, loss=0.0249]
Epoch 47:  96%|#########.| 560/585 [00:15:20<00:00:41,  0.61it/s, loss=0.0249]
Epoch 47:  96%|#########.| 563/585 [00:15:25<00:00:36,  0.61it/s, loss=0.0249]
Epoch 47:  97%|#########.| 567/585 [00:15:31<00:00:29,  0.61it/s, loss=0.0249]
Epoch 47:  98%|#########.| 571/585 [00:15:37<00:00:22,  0.61it/s, loss=0.0249]
Epoch 47:  98%|#########.| 575/585 [00:15:44<00:00:16,  0.61it/s, loss=0.0249]
Epoch 47:  99%|#########.| 579/585 [00:15:50<00:00:09,  0.61it/s, loss=0.0249]
Epoch 47:  99%|#########.| 582/585 [00:15:55<00:00:04,  0.61it/s, loss=0.0249]
Epoch 47: 100%|##########| 585/585 [00:16:00<00:00:00,  0.61it/s, loss=0.0249]
Test loss: 0.0229, Test rmsae: 7.20deg
{"event": "epoch_complete", "epoch": 47, "phase": 2, "lr": 1e-05, "batch_size": 10, "micro_batch_size": 1, "train_loss": 0.024910512671638758, "val_loss": 0.022864188242238015, "val_rmsae_deg": 7.200262889266014, "epoch_time_s": 961.48540421098}
Epoch 48/80:
Epoch 48:   1%|..........| 4/585 [00:00:06<00:15:53,  0.61it/s, loss=0.0252]
Epoch 48:   1%|..........| 8/585 [00:00:12<00:15:20,  0.63it/s, loss=0.0239]
Epoch 48:   2%|..........| 11/585 [00:00:18<00:15:43,  0.61it/s, loss=0.0262]
Epoch 48:   3%|..........| 15/585 [00:00:23<00:15:04,  0.63it/s, loss=0.0256]
Epoch 48:   3%|..........| 19/585 [00:00:29<00:14:53,  0.63it/s, loss=0.0257]
Epoch 48:   4%|..........| 22/585 [00:00:35<00:15:11,  0.62it/s, loss=0.0253]
Epoch 48:   4%|..........| 25/585 [00:00:41<00:15:25,  0.61it/s, loss=0.0260]
Epoch 48:   5%|..........| 29/585 [00:00:47<00:15:11,  0.61it/s, loss=0.0254]
Epoch 48:   6%|..........| 33/585 [00:00:53<00:14:53,  0.62it/s, loss=0.0249]
Epoch 48:   6%|..........| 37/585 [00:00:59<00:14:45,  0.62it/s, loss=0.0252]
Epoch 48:   7%|..........| 40/585 [00:01:05<00:14:49,  0.61it/s, loss=0.0253]
Epoch 48:   8%|..........| 44/585 [00:01:11<00:14:38,  0.62it/s, loss=0.0247]
Epoch 48:   8%|..........| 48/585 [00:01:17<00:14:31,  0.62it/s, loss=0.0253]
Epoch 48:   9%|..........| 51/585 [00:01:23<00:14:32,  0.61it/s, loss=0.0254]
Epoch 48:   9%|..........| 54/585 [00:01:29<00:14:37,  0.61it/s, loss=0.0253]
Epoch 48:  10%|..........| 58/585 [00:01:35<00:14:29,  0.61it/s, loss=0.0252]
Epoch 48:  11%|#.........| 62/585 [00:01:41<00:14:19,  0.61it/s, loss=0.0253]
Epoch 48:  11%|#.........| 65/585 [00:01:48<00:14:24,  0.60it/s, loss=0.0254]
Epoch 48:  12%|#.........| 68/585 [00:01:53<00:14:21,  0.60it/s, loss=0.0257]
Epoch 48:  12%|#.........| 71/585 [00:01:59<00:14:25,  0.59it/s, loss=0.0259]
Epoch 48:  13%|#.........| 75/585 [00:02:05<00:14:15,  0.60it/s, loss=0.0258]
Epoch 48:  14%|#.........| 79/585 [00:02:12<00:14:06,  0.60it/s, loss=0.0258]
Epoch 48:  14%|#.........| 83/585 [00:02:18<00:13:55,  0.60it/s, loss=0.0257]
Epoch 48:  15%|#.........| 86/585 [00:02:23<00:13:51,  0.60it/s, loss=0.0255]
Epoch 48:  15%|#.........| 89/585 [00:02:28<00:13:48,  0.60it/s, loss=0.0254]
Epoch 48:  16%|#.........| 92/585 [00:02:33<00:13:45,  0.60it/s, loss=0.0254]
Epoch 48:  16%|#.........| 95/585 [00:02:39<00:13:41,  0.60it/s, loss=0.0253]
Epoch 48:  17%|#.........| 99/585 [00:02:45<00:13:34,  0.60it/s, loss=0.0252]
Epoch 48:  17%|#.........| 102/585 [00:02:51<00:13:33,  0.59it/s, loss=0.0254]
Epoch 48:  18%|#.........| 106/585 [00:02:58<00:13:24,  0.60it/s, loss=0.0258]
Epoch 48:  19%|#.........| 110/585 [00:03:04<00:13:16,  0.60it/s, loss=0.0259]
Epoch 48:  19%|#.........| 114/585 [00:03:10<00:13:07,  0.60it/s, loss=0.0260]
Epoch 48:  20%|##........| 118/585 [00:03:17<00:13:02,  0.60it/s, loss=0.0261]
Epoch 48:  21%|##........| 122/585 [00:03:23<00:12:52,  0.60it/s, loss=0.0260]
Epoch 48:  21%|##........| 125/585 [00:03:29<00:12:49,  0.60it/s, loss=0.0261]
Epoch 48:  22%|##........| 128/585 [00:03:34<00:12:44,  0.60it/s, loss=0.0260]
Epoch 48:  22%|##........| 131/585 [00:03:40<00:12:43,  0.59it/s, loss=0.0261]
Epoch 48:  23%|##........| 134/585 [00:03:45<00:12:39,  0.59it/s, loss=0.0261]
Epoch 48:  24%|##........| 138/585 [00:03:51<00:12:29,  0.60it/s, loss=0.0260]
Epoch 48:  24%|##........| 142/585 [00:03:58<00:12:23,  0.60it/s, loss=0.0262]
Epoch 48:  25%|##........| 146/585 [00:04:04<00:12:15,  0.60it/s, loss=0.0261]
Epoch 48:  26%|##........| 150/585 [00:04:10<00:12:06,  0.60it/s, loss=0.0260]
Epoch 48:  26%|##........| 154/585 [00:04:16<00:11:58,  0.60it/s, loss=0.0260]
Epoch 48:  27%|##........| 157/585 [00:04:21<00:11:53,  0.60it/s, loss=0.0259]
Epoch 48:  28%|##........| 161/585 [00:04:28<00:11:47,  0.60it/s, loss=0.0260]
Epoch 48:  28%|##........| 165/585 [00:04:35<00:11:40,  0.60it/s, loss=0.0259]
Epoch 48:  29%|##........| 169/585 [00:04:41<00:11:32,  0.60it/s, loss=0.0260]
Epoch 48:  30%|##........| 173/585 [00:04:47<00:11:24,  0.60it/s, loss=0.0259]
Epoch 48:  30%|###.......| 177/585 [00:04:53<00:11:16,  0.60it/s, loss=0.0258]
Epoch 48:  31%|###.......| 181/585 [00:04:59<00:11:08,  0.60it/s, loss=0.0258]
Epoch 48:  32%|###.......| 185/585 [00:05:05<00:11:01,  0.60it/s, loss=0.0258]
Epoch 48:  32%|###.......| 189/585 [00:05:12<00:10:54,  0.60it/s, loss=0.0258]
Epoch 48:  33%|###.......| 193/585 [00:05:18<00:10:47,  0.61it/s, loss=0.0257]
Epoch 48:  34%|###.......| 196/585 [00:05:23<00:10:42,  0.61it/s, loss=0.0257]
Epoch 48:  34%|###.......| 199/585 [00:05:29<00:10:38,  0.60it/s, loss=0.0256]
Epoch 48:  35%|###.......| 203/585 [00:05:35<00:10:30,  0.61it/s, loss=0.0257]
Epoch 48:  35%|###.......| 206/585 [00:05:40<00:10:26,  0.61it/s, loss=0.0257]
Epoch 48:  36%|###.......| 210/585 [00:05:46<00:10:18,  0.61it/s, loss=0.0257]
Epoch 48:  37%|###.......| 214/585 [00:05:52<00:10:10,  0.61it/s, loss=0.0256]
Epoch 48:  37%|###.......| 217/585 [00:05:58<00:10:08,  0.61it/s, loss=0.0256]
Epoch 48:  38%|###.......| 221/585 [00:06:04<00:10:00,  0.61it/s, loss=0.0255]
Epoch 48:  38%|###.......| 224/585 [00:06:09<00:09:56,  0.61it/s, loss=0.0255]
Epoch 48:  39%|###.......| 228/585 [00:06:16<00:09:49,  0.61it/s, loss=0.0255]
Epoch 48:  40%|###.......| 232/585 [00:06:22<00:09:42,  0.61it/s, loss=0.0256]
Epoch 48:  40%|####......| 235/585 [00:06:28<00:09:38,  0.61it/s, loss=0.0256]
Epoch 48:  41%|####......| 238/585 [00:06:33<00:09:33,  0.61it/s, loss=0.0255]
Epoch 48:  41%|####......| 242/585 [00:06:39<00:09:26,  0.61it/s, loss=0.0255]
Epoch 48:  42%|####......| 246/585 [00:06:45<00:09:18,  0.61it/s, loss=0.0254]
Epoch 48:  43%|####......| 250/585 [00:06:52<00:09:12,  0.61it/s, loss=0.0254]
Epoch 48:  43%|####......| 253/585 [00:06:57<00:09:08,  0.61it/s, loss=0.0254]
Epoch 48:  44%|####......| 257/585 [00:07:04<00:09:01,  0.61it/s, loss=0.0253]
Epoch 48:  45%|####......| 261/585 [00:07:10<00:08:54,  0.61it/s, loss=0.0253]
Epoch 48:  45%|####......| 265/585 [00:07:16<00:08:47,  0.61it/s, loss=0.0253]
Epoch 48:  46%|####......| 269/585 [00:07:23<00:08:41,  0.61it/s, loss=0.0254]
Epoch 48:  47%|####......| 273/585 [00:07:29<00:08:33,  0.61it/s, loss=0.0254]
Epoch 48:  47%|####......| 277/585 [00:07:35<00:08:26,  0.61it/s, loss=0.0255]
Epoch 48:  48%|####......| 281/585 [00:07:42<00:08:20,  0.61it/s, loss=0.0255]
Epoch 48:  49%|####......| 285/585 [00:07:48<00:08:13,  0.61it/s, loss=0.0255]
Epoch 48:  49%|####......| 289/585 [00:07:56<00:08:07,  0.61it/s, loss=0.0255]
Epoch 48:  50%|#####.....| 293/585 [00:08:02<00:08:00,  0.61it/s, loss=0.0254]
Epoch 48:  51%|#####.....| 297/585 [00:08:08<00:07:53,  0.61it/s, loss=0.0254]
Epoch 48:  51%|#####.....| 301/585 [00:08:14<00:07:46,  0.61it/s, loss=0.0254]
Epoch 48:  52%|#####.....| 304/585 [00:08:20<00:07:42,  0.61it/s, loss=0.0254]
Epoch 48:  53%|#####.....| 308/585 [00:08:26<00:07:35,  0.61it/s, loss=0.0254]
Epoch 48:  53%|#####.....| 312/585 [00:08:32<00:07:28,  0.61it/s, loss=0.0253]
Epoch 48:  54%|#####.....| 316/585 [00:08:38<00:07:21,  0.61it/s, loss=0.0253]
Epoch 48:  55%|#####.....| 319/585 [00:08:43<00:07:16,  0.61it/s, loss=0.0253]
Epoch 48:  55%|#####.....| 322/585 [00:08:49<00:07:12,  0.61it/s, loss=0.0253]
Epoch 48:  56%|#####.....| 326/585 [00:08:55<00:07:05,  0.61it/s, loss=0.0252]
Epoch 48:  56%|#####.....| 330/585 [00:09:01<00:06:58,  0.61it/s, loss=0.0252]
Epoch 48:  57%|#####.....| 334/585 [00:09:07<00:06:51,  0.61it/s, loss=0.0252]
Epoch 48:  58%|#####.....| 338/585 [00:09:13<00:06:44,  0.61it/s, loss=0.0252]
Epoch 48:  58%|#####.....| 342/585 [00:09:20<00:06:38,  0.61it/s, loss=0.0251]
Epoch 48:  59%|#####.....| 345/585 [00:09:26<00:06:33,  0.61it/s, loss=0.0252]
Epoch 48:  59%|#####.....| 348/585 [00:09:31<00:06:29,  0.61it/s, loss=0.0252]
Epoch 48:  60%|######....| 352/585 [00:09:37<00:06:22,  0.61it/s, loss=0.0251]
Epoch 48:  61%|######....| 356/585 [00:09:44<00:06:15,  0.61it/s, loss=0.0252]
Epoch 48:  61%|######....| 359/585 [00:09:49<00:06:11,  0.61it/s, loss=0.0251]
Epoch 48:  62%|######....| 363/585 [00:09:55<00:06:04,  0.61it/s, loss=0.0251]
Epoch 48:  63%|######....| 366/585 [00:10:01<00:05:59,  0.61it/s, loss=0.0251]
Epoch 48:  63%|######....| 369/585 [00:10:06<00:05:54,  0.61it/s, loss=0.0251]
Epoch 48:  64%|######....| 373/585 [00:10:12<00:05:47,  0.61it/s, loss=0.0252]
Epoch 48:  64%|######....| 376/585 [00:10:17<00:05:43,  0.61it/s, loss=0.0252]
Epoch 48:  65%|######....| 380/585 [00:10:23<00:05:36,  0.61it/s, loss=0.0252]
Epoch 48:  66%|######....| 384/585 [00:10:30<00:05:29,  0.61it/s, loss=0.0252]
Epoch 48:  66%|######....| 388/585 [00:10:36<00:05:23,  0.61it/s, loss=0.0252]
Epoch 48:  67%|######....| 392/585 [00:10:42<00:05:16,  0.61it/s, loss=0.0252]
Epoch 48:  68%|######....| 396/585 [00:10:48<00:05:09,  0.61it/s, loss=0.0252]
Epoch 48:  68%|######....| 399/585 [00:10:54<00:05:05,  0.61it/s, loss=0.0252]
Epoch 48:  69%|######....| 402/585 [00:11:00<00:05:00,  0.61it/s, loss=0.0252]
Epoch 48:  69%|######....| 405/585 [00:11:05<00:04:55,  0.61it/s, loss=0.0252]
Epoch 48:  70%|######....| 408/585 [00:11:10<00:04:50,  0.61it/s, loss=0.0252]
Epoch 48:  70%|#######...| 411/585 [00:11:15<00:04:46,  0.61it/s, loss=0.0252]
Epoch 48:  71%|#######...| 415/585 [00:11:22<00:04:39,  0.61it/s, loss=0.0252]
Epoch 48:  72%|#######...| 419/585 [00:11:28<00:04:32,  0.61it/s, loss=0.0251]
Epoch 48:  72%|#######...| 422/585 [00:11:33<00:04:28,  0.61it/s, loss=0.0252]
Epoch 48:  73%|#######...| 425/585 [00:11:38<00:04:23,  0.61it/s, loss=0.0251]
Epoch 48:  73%|#######...| 428/585 [00:11:44<00:04:18,  0.61it/s, loss=0.0252]
Epoch 48:  74%|#######...| 432/585 [00:11:50<00:04:11,  0.61it/s, loss=0.0252]
Epoch 48:  75%|#######...| 436/585 [00:11:56<00:04:04,  0.61it/s, loss=0.0252]
Epoch 48:  75%|#######...| 440/585 [00:12:02<00:03:58,  0.61it/s, loss=0.0252]
Epoch 48:  76%|#######...| 444/585 [00:12:08<00:03:51,  0.61it/s, loss=0.0251]
Epoch 48:  77%|#######...| 448/585 [00:12:14<00:03:44,  0.61it/s, loss=0.0251]
Epoch 48:  77%|#######...| 452/585 [00:12:21<00:03:38,  0.61it/s, loss=0.0250]
Epoch 48:  78%|#######...| 455/585 [00:12:26<00:03:33,  0.61it/s, loss=0.0250]
Epoch 48:  78%|#######...| 459/585 [00:12:32<00:03:26,  0.61it/s, loss=0.0251]
Epoch 48:  79%|#######...| 463/585 [00:12:39<00:03:20,  0.61it/s, loss=0.0252]
Epoch 48:  80%|#######...| 467/585 [00:12:45<00:03:13,  0.61it/s, loss=0.0252]
Epoch 48:  81%|########..| 471/585 [00:12:52<00:03:06,  0.61it/s, loss=0.0252]
Epoch 48:  81%|########..| 475/585 [00:12:58<00:03:00,  0.61it/s, loss=0.0252]
Epoch 48:  82%|########..| 479/585 [00:13:04<00:02:53,  0.61it/s, loss=0.0252]
Epoch 48:  83%|########..| 483/585 [00:13:11<00:02:47,  0.61it/s, loss=0.0252]
Epoch 48:  83%|########..| 486/585 [00:13:16<00:02:42,  0.61it/s, loss=0.0252]
Epoch 48:  84%|########..| 490/585 [00:13:23<00:02:35,  0.61it/s, loss=0.0251]
Epoch 48:  84%|########..| 493/585 [00:13:29<00:02:30,  0.61it/s, loss=0.0251]
Epoch 48:  85%|########..| 497/585 [00:13:35<00:02:24,  0.61it/s, loss=0.0251]
Epoch 48:  86%|########..| 501/585 [00:13:41<00:02:17,  0.61it/s, loss=0.0251]
Epoch 48:  86%|########..| 505/585 [00:13:48<00:02:11,  0.61it/s, loss=0.0251]
Epoch 48:  87%|########..| 509/585 [00:13:54<00:02:04,  0.61it/s, loss=0.0251]
Epoch 48:  88%|########..| 513/585 [00:14:00<00:01:57,  0.61it/s, loss=0.0251]
Epoch 48:  88%|########..| 517/585 [00:14:06<00:01:51,  0.61it/s, loss=0.0250]
Epoch 48:  89%|########..| 521/585 [00:14:12<00:01:44,  0.61it/s, loss=0.0250]
Epoch 48:  90%|########..| 525/585 [00:14:18<00:01:38,  0.61it/s, loss=0.0250]
Epoch 48:  90%|#########.| 529/585 [00:14:24<00:01:31,  0.61it/s, loss=0.0250]
Epoch 48:  91%|#########.| 532/585 [00:14:30<00:01:26,  0.61it/s, loss=0.0250]
Epoch 48:  92%|#########.| 536/585 [00:14:36<00:01:20,  0.61it/s, loss=0.0250]
Epoch 48:  92%|#########.| 540/585 [00:14:42<00:01:13,  0.61it/s, loss=0.0250]
Epoch 48:  93%|#########.| 543/585 [00:14:47<00:01:08,  0.61it/s, loss=0.0250]
Epoch 48:  94%|#########.| 547/585 [00:14:54<00:01:02,  0.61it/s, loss=0.0250]
Epoch 48:  94%|#########.| 550/585 [00:14:59<00:00:57,  0.61it/s, loss=0.0250]
Epoch 48:  95%|#########.| 554/585 [00:15:06<00:00:50,  0.61it/s, loss=0.0250]
Epoch 48:  95%|#########.| 558/585 [00:15:12<00:00:44,  0.61it/s, loss=0.0250]
Epoch 48:  96%|#########.| 562/585 [00:15:18<00:00:37,  0.61it/s, loss=0.0250]
Epoch 48:  97%|#########.| 566/585 [00:15:24<00:00:31,  0.61it/s, loss=0.0250]
Epoch 48:  97%|#########.| 570/585 [00:15:31<00:00:24,  0.61it/s, loss=0.0251]
Epoch 48:  98%|#########.| 574/585 [00:15:39<00:00:18,  0.61it/s, loss=0.0253]
Epoch 48:  99%|#########.| 578/585 [00:15:45<00:00:11,  0.61it/s, loss=0.0253]
Epoch 48:  99%|#########.| 581/585 [00:15:50<00:00:06,  0.61it/s, loss=0.0253]
Epoch 48: 100%|##########| 585/585 [00:15:56<00:00:00,  0.61it/s, loss=0.0253]
Test loss: 0.0229, Test rmsae: 7.09deg
{"event": "epoch_complete", "epoch": 48, "phase": 2, "lr": 1e-05, "batch_size": 10, "micro_batch_size": 1, "train_loss": 0.025268011415998142, "val_loss": 0.022850518173072487, "val_rmsae_deg": 7.087915673851967, "epoch_time_s": 957.3752594970865}
{"event": "checkpoint_saved", "tag": "best_rmsae", "epoch": 48, "path": "/home/cmm/icocnn/IFAN_Edge/outputs/stage3/ifan_stage3_long80_c8_r2_map_maba_20260516_154535/checkpoints/best_rmsae.pt", "val_rmsae_deg": 7.087915673851967}
Epoch 49/80:
Epoch 49:   1%|..........| 4/585 [00:00:07<00:17:55,  0.54it/s, loss=0.0244]
Epoch 49:   1%|..........| 7/585 [00:00:12<00:17:13,  0.56it/s, loss=0.0241]
Epoch 49:   2%|..........| 10/585 [00:00:17<00:17:10,  0.56it/s, loss=0.0259]
Epoch 49:   2%|..........| 13/585 [00:00:22<00:16:51,  0.57it/s, loss=0.0243]
Epoch 49:   3%|..........| 17/585 [00:00:29<00:16:12,  0.58it/s, loss=0.0231]
Epoch 49:   3%|..........| 20/585 [00:00:34<00:16:11,  0.58it/s, loss=0.0236]
Epoch 49:   4%|..........| 24/585 [00:00:40<00:15:49,  0.59it/s, loss=0.0235]
Epoch 49:   5%|..........| 27/585 [00:00:45<00:15:47,  0.59it/s, loss=0.0266]
Epoch 49:   5%|..........| 31/585 [00:00:52<00:15:31,  0.59it/s, loss=0.0257]
Epoch 49:   6%|..........| 34/585 [00:00:57<00:15:26,  0.59it/s, loss=0.0259]
Epoch 49:   6%|..........| 38/585 [00:01:03<00:15:14,  0.60it/s, loss=0.0259]
Epoch 49:   7%|..........| 42/585 [00:01:10<00:15:06,  0.60it/s, loss=0.0259]
Epoch 49:   8%|..........| 46/585 [00:01:17<00:15:03,  0.60it/s, loss=0.0256]
Epoch 49:   9%|..........| 50/585 [00:01:23<00:14:55,  0.60it/s, loss=0.0254]
Epoch 49:   9%|..........| 53/585 [00:01:28<00:14:51,  0.60it/s, loss=0.0259]
Epoch 49:  10%|..........| 56/585 [00:01:34<00:14:51,  0.59it/s, loss=0.0259]
Epoch 49:  10%|#.........| 59/585 [00:01:39<00:14:48,  0.59it/s, loss=0.0260]
Epoch 49:  11%|#.........| 63/585 [00:01:45<00:14:36,  0.60it/s, loss=0.0262]
Epoch 49:  11%|#.........| 67/585 [00:01:52<00:14:26,  0.60it/s, loss=0.0263]
Epoch 49:  12%|#.........| 71/585 [00:01:58<00:14:16,  0.60it/s, loss=0.0263]
Epoch 49:  13%|#.........| 74/585 [00:02:03<00:14:14,  0.60it/s, loss=0.0262]
Epoch 49:  13%|#.........| 78/585 [00:02:09<00:14:04,  0.60it/s, loss=0.0260]
Epoch 49:  14%|#.........| 82/585 [00:02:16<00:13:59,  0.60it/s, loss=0.0259]
Epoch 49:  15%|#.........| 85/585 [00:02:21<00:13:55,  0.60it/s, loss=0.0260]
Epoch 49:  15%|#.........| 89/585 [00:02:28<00:13:46,  0.60it/s, loss=0.0260]
Epoch 49:  16%|#.........| 93/585 [00:02:34<00:13:35,  0.60it/s, loss=0.0260]
Epoch 49:  16%|#.........| 96/585 [00:02:40<00:13:36,  0.60it/s, loss=0.0263]
Epoch 49:  17%|#.........| 99/585 [00:02:45<00:13:33,  0.60it/s, loss=0.0264]
Epoch 49:  17%|#.........| 102/585 [00:02:50<00:13:28,  0.60it/s, loss=0.0268]
Epoch 49:  18%|#.........| 106/585 [00:02:57<00:13:20,  0.60it/s, loss=0.0266]
Epoch 49:  19%|#.........| 110/585 [00:03:03<00:13:12,  0.60it/s, loss=0.0265]
Epoch 49:  19%|#.........| 114/585 [00:03:10<00:13:06,  0.60it/s, loss=0.0265]
Epoch 49:  20%|##........| 118/585 [00:03:16<00:12:59,  0.60it/s, loss=0.0266]
Epoch 49:  21%|##........| 122/585 [00:03:23<00:12:53,  0.60it/s, loss=0.0266]
Epoch 49:  21%|##........| 125/585 [00:03:29<00:12:49,  0.60it/s, loss=0.0266]
Epoch 49:  22%|##........| 129/585 [00:03:35<00:12:42,  0.60it/s, loss=0.0266]
Epoch 49:  23%|##........| 133/585 [00:03:41<00:12:34,  0.60it/s, loss=0.0266]
Epoch 49:  23%|##........| 137/585 [00:03:47<00:12:24,  0.60it/s, loss=0.0264]
Epoch 49:  24%|##........| 141/585 [00:03:53<00:12:16,  0.60it/s, loss=0.0263]
Epoch 49:  25%|##........| 144/585 [00:03:59<00:12:12,  0.60it/s, loss=0.0263]
Epoch 49:  25%|##........| 147/585 [00:04:04<00:12:07,  0.60it/s, loss=0.0263]
Epoch 49:  26%|##........| 151/585 [00:04:10<00:11:59,  0.60it/s, loss=0.0263]
Epoch 49:  26%|##........| 155/585 [00:04:16<00:11:50,  0.61it/s, loss=0.0262]
Epoch 49:  27%|##........| 158/585 [00:04:21<00:11:47,  0.60it/s, loss=0.0264]
Epoch 49:  28%|##........| 162/585 [00:04:28<00:11:40,  0.60it/s, loss=0.0263]
Epoch 49:  28%|##........| 166/585 [00:04:34<00:11:34,  0.60it/s, loss=0.0263]
Epoch 49:  29%|##........| 169/585 [00:04:40<00:11:29,  0.60it/s, loss=0.0263]
Epoch 49:  29%|##........| 172/585 [00:04:45<00:11:26,  0.60it/s, loss=0.0263]
Epoch 49:  30%|###.......| 176/585 [00:04:52<00:11:19,  0.60it/s, loss=0.0262]
Epoch 49:  31%|###.......| 180/585 [00:04:58<00:11:12,  0.60it/s, loss=0.0262]
Epoch 49:  31%|###.......| 183/585 [00:05:03<00:11:07,  0.60it/s, loss=0.0262]
Epoch 49:  32%|###.......| 186/585 [00:05:09<00:11:03,  0.60it/s, loss=0.0262]
Epoch 49:  32%|###.......| 190/585 [00:05:15<00:10:55,  0.60it/s, loss=0.0261]
Epoch 49:  33%|###.......| 193/585 [00:05:20<00:10:50,  0.60it/s, loss=0.0262]
Epoch 49:  34%|###.......| 196/585 [00:05:25<00:10:45,  0.60it/s, loss=0.0262]
Epoch 49:  34%|###.......| 199/585 [00:05:30<00:10:40,  0.60it/s, loss=0.0262]
Epoch 49:  35%|###.......| 203/585 [00:05:37<00:10:34,  0.60it/s, loss=0.0261]
Epoch 49:  35%|###.......| 207/585 [00:05:43<00:10:27,  0.60it/s, loss=0.0261]
Epoch 49:  36%|###.......| 211/585 [00:05:49<00:10:19,  0.60it/s, loss=0.0260]
Epoch 49:  37%|###.......| 215/585 [00:05:56<00:10:13,  0.60it/s, loss=0.0259]
Epoch 49:  37%|###.......| 219/585 [00:06:02<00:10:05,  0.60it/s, loss=0.0259]
Epoch 49:  38%|###.......| 223/585 [00:06:08<00:09:58,  0.61it/s, loss=0.0259]
Epoch 49:  39%|###.......| 227/585 [00:06:14<00:09:50,  0.61it/s, loss=0.0258]
Epoch 49:  39%|###.......| 231/585 [00:06:20<00:09:43,  0.61it/s, loss=0.0258]
Epoch 49:  40%|####......| 235/585 [00:06:26<00:09:35,  0.61it/s, loss=0.0258]
Epoch 49:  41%|####......| 239/585 [00:06:33<00:09:29,  0.61it/s, loss=0.0257]
Epoch 49:  42%|####......| 243/585 [00:06:38<00:09:21,  0.61it/s, loss=0.0256]
Epoch 49:  42%|####......| 246/585 [00:06:44<00:09:17,  0.61it/s, loss=0.0257]
Epoch 49:  43%|####......| 250/585 [00:06:50<00:09:10,  0.61it/s, loss=0.0257]
Epoch 49:  43%|####......| 254/585 [00:06:56<00:09:03,  0.61it/s, loss=0.0256]
Epoch 49:  44%|####......| 258/585 [00:07:03<00:08:56,  0.61it/s, loss=0.0256]
Epoch 49:  45%|####......| 261/585 [00:07:08<00:08:52,  0.61it/s, loss=0.0256]
Epoch 49:  45%|####......| 265/585 [00:07:14<00:08:44,  0.61it/s, loss=0.0255]
Epoch 49:  46%|####......| 269/585 [00:07:21<00:08:38,  0.61it/s, loss=0.0255]
Epoch 49:  47%|####......| 273/585 [00:07:27<00:08:30,  0.61it/s, loss=0.0255]
Epoch 49:  47%|####......| 277/585 [00:07:33<00:08:24,  0.61it/s, loss=0.0254]
Epoch 49:  48%|####......| 281/585 [00:07:40<00:08:17,  0.61it/s, loss=0.0254]
Epoch 49:  49%|####......| 285/585 [00:07:47<00:08:12,  0.61it/s, loss=0.0254]
Epoch 49:  49%|####......| 289/585 [00:07:53<00:08:05,  0.61it/s, loss=0.0254]
Epoch 49:  50%|####......| 292/585 [00:07:58<00:08:00,  0.61it/s, loss=0.0254]
Epoch 49:  51%|#####.....| 296/585 [00:08:05<00:07:53,  0.61it/s, loss=0.0253]
Epoch 49:  51%|#####.....| 300/585 [00:08:11<00:07:47,  0.61it/s, loss=0.0254]
Epoch 49:  52%|#####.....| 304/585 [00:08:17<00:07:39,  0.61it/s, loss=0.0254]
Epoch 49:  52%|#####.....| 307/585 [00:08:23<00:07:35,  0.61it/s, loss=0.0254]
Epoch 49:  53%|#####.....| 311/585 [00:08:29<00:07:28,  0.61it/s, loss=0.0253]
Epoch 49:  54%|#####.....| 314/585 [00:08:34<00:07:24,  0.61it/s, loss=0.0253]
Epoch 49:  54%|#####.....| 318/585 [00:08:41<00:07:17,  0.61it/s, loss=0.0252]
Epoch 49:  55%|#####.....| 322/585 [00:08:47<00:07:10,  0.61it/s, loss=0.0252]
Epoch 49:  56%|#####.....| 325/585 [00:08:52<00:07:06,  0.61it/s, loss=0.0252]
Epoch 49:  56%|#####.....| 329/585 [00:08:58<00:06:59,  0.61it/s, loss=0.0252]
Epoch 49:  57%|#####.....| 333/585 [00:09:05<00:06:52,  0.61it/s, loss=0.0253]
Epoch 49:  58%|#####.....| 337/585 [00:09:11<00:06:45,  0.61it/s, loss=0.0253]
Epoch 49:  58%|#####.....| 341/585 [00:09:17<00:06:38,  0.61it/s, loss=0.0253]
Epoch 49:  59%|#####.....| 345/585 [00:09:23<00:06:32,  0.61it/s, loss=0.0252]
Epoch 49:  59%|#####.....| 348/585 [00:09:28<00:06:27,  0.61it/s, loss=0.0252]
Epoch 49:  60%|######....| 352/585 [00:09:34<00:06:20,  0.61it/s, loss=0.0252]
Epoch 49:  61%|######....| 356/585 [00:09:40<00:06:13,  0.61it/s, loss=0.0251]
Epoch 49:  61%|######....| 359/585 [00:09:45<00:06:08,  0.61it/s, loss=0.0251]
Epoch 49:  62%|######....| 363/585 [00:09:51<00:06:01,  0.61it/s, loss=0.0251]
Epoch 49:  63%|######....| 366/585 [00:09:56<00:05:57,  0.61it/s, loss=0.0251]
Epoch 49:  63%|######....| 369/585 [00:10:01<00:05:52,  0.61it/s, loss=0.0251]
Epoch 49:  64%|######....| 373/585 [00:10:08<00:05:45,  0.61it/s, loss=0.0251]
Epoch 49:  64%|######....| 377/585 [00:10:14<00:05:38,  0.61it/s, loss=0.0251]
Epoch 49:  65%|######....| 381/585 [00:10:20<00:05:32,  0.61it/s, loss=0.0251]
Epoch 49:  66%|######....| 385/585 [00:10:26<00:05:25,  0.61it/s, loss=0.0251]
Epoch 49:  66%|######....| 388/585 [00:10:32<00:05:20,  0.61it/s, loss=0.0251]
Epoch 49:  67%|######....| 392/585 [00:10:38<00:05:14,  0.61it/s, loss=0.0250]
Epoch 49:  68%|######....| 396/585 [00:10:44<00:05:07,  0.61it/s, loss=0.0250]
Epoch 49:  68%|######....| 400/585 [00:10:50<00:05:00,  0.61it/s, loss=0.0250]
Epoch 49:  69%|######....| 404/585 [00:10:56<00:04:54,  0.62it/s, loss=0.0250]
Epoch 49:  70%|######....| 408/585 [00:11:03<00:04:47,  0.61it/s, loss=0.0250]
Epoch 49:  70%|#######...| 411/585 [00:11:08<00:04:43,  0.61it/s, loss=0.0250]
Epoch 49:  71%|#######...| 415/585 [00:11:14<00:04:36,  0.62it/s, loss=0.0250]
Epoch 49:  72%|#######...| 419/585 [00:11:21<00:04:29,  0.62it/s, loss=0.0250]
Epoch 49:  72%|#######...| 422/585 [00:11:26<00:04:25,  0.61it/s, loss=0.0250]
Epoch 49:  73%|#######...| 426/585 [00:11:32<00:04:18,  0.62it/s, loss=0.0250]
Epoch 49:  74%|#######...| 430/585 [00:11:38<00:04:11,  0.62it/s, loss=0.0250]
Epoch 49:  74%|#######...| 433/585 [00:11:43<00:04:07,  0.62it/s, loss=0.0250]
Epoch 49:  75%|#######...| 437/585 [00:11:50<00:04:00,  0.62it/s, loss=0.0251]
Epoch 49:  75%|#######...| 441/585 [00:11:56<00:03:53,  0.62it/s, loss=0.0251]
Epoch 49:  76%|#######...| 445/585 [00:12:03<00:03:47,  0.62it/s, loss=0.0251]
Epoch 49:  77%|#######...| 449/585 [00:12:09<00:03:40,  0.62it/s, loss=0.0251]
Epoch 49:  77%|#######...| 452/585 [00:12:15<00:03:36,  0.61it/s, loss=0.0252]
Epoch 49:  78%|#######...| 456/585 [00:12:21<00:03:29,  0.62it/s, loss=0.0251]
Epoch 49:  79%|#######...| 460/585 [00:12:27<00:03:23,  0.62it/s, loss=0.0251]
Epoch 49:  79%|#######...| 464/585 [00:12:33<00:03:16,  0.62it/s, loss=0.0251]
Epoch 49:  80%|########..| 468/585 [00:12:39<00:03:09,  0.62it/s, loss=0.0251]
Epoch 49:  81%|########..| 472/585 [00:12:46<00:03:03,  0.62it/s, loss=0.0250]
Epoch 49:  81%|########..| 476/585 [00:12:52<00:02:56,  0.62it/s, loss=0.0250]
Epoch 49:  82%|########..| 480/585 [00:12:58<00:02:50,  0.62it/s, loss=0.0250]
Epoch 49:  83%|########..| 484/585 [00:13:04<00:02:43,  0.62it/s, loss=0.0250]
Epoch 49:  83%|########..| 488/585 [00:13:10<00:02:37,  0.62it/s, loss=0.0249]
Epoch 49:  84%|########..| 491/585 [00:13:15<00:02:32,  0.62it/s, loss=0.0249]
Epoch 49:  85%|########..| 495/585 [00:13:21<00:02:25,  0.62it/s, loss=0.0249]
Epoch 49:  85%|########..| 499/585 [00:13:27<00:02:19,  0.62it/s, loss=0.0249]
Epoch 49:  86%|########..| 503/585 [00:13:33<00:02:12,  0.62it/s, loss=0.0249]
Epoch 49:  87%|########..| 507/585 [00:13:40<00:02:06,  0.62it/s, loss=0.0249]
Epoch 49:  87%|########..| 511/585 [00:13:46<00:01:59,  0.62it/s, loss=0.0249]
Epoch 49:  88%|########..| 515/585 [00:13:53<00:01:53,  0.62it/s, loss=0.0249]
Epoch 49:  89%|########..| 518/585 [00:13:59<00:01:48,  0.62it/s, loss=0.0249]
Epoch 49:  89%|########..| 522/585 [00:14:06<00:01:42,  0.62it/s, loss=0.0250]
Epoch 49:  90%|########..| 526/585 [00:14:12<00:01:35,  0.62it/s, loss=0.0249]
Epoch 49:  91%|#########.| 530/585 [00:14:18<00:01:29,  0.62it/s, loss=0.0249]
Epoch 49:  91%|#########.| 533/585 [00:14:24<00:01:24,  0.62it/s, loss=0.0249]
Epoch 49:  92%|#########.| 536/585 [00:14:29<00:01:19,  0.62it/s, loss=0.0249]
Epoch 49:  92%|#########.| 539/585 [00:14:34<00:01:14,  0.62it/s, loss=0.0249]
Epoch 49:  93%|#########.| 543/585 [00:14:41<00:01:08,  0.62it/s, loss=0.0248]
Epoch 49:  93%|#########.| 546/585 [00:14:46<00:01:03,  0.62it/s, loss=0.0248]
Epoch 49:  94%|#########.| 550/585 [00:14:52<00:00:56,  0.62it/s, loss=0.0248]
Epoch 49:  95%|#########.| 554/585 [00:14:58<00:00:50,  0.62it/s, loss=0.0249]
Epoch 49:  95%|#########.| 558/585 [00:15:04<00:00:43,  0.62it/s, loss=0.0248]
Epoch 49:  96%|#########.| 561/585 [00:15:09<00:00:38,  0.62it/s, loss=0.0248]
Epoch 49:  96%|#########.| 564/585 [00:15:15<00:00:34,  0.62it/s, loss=0.0248]
Epoch 49:  97%|#########.| 568/585 [00:15:21<00:00:27,  0.62it/s, loss=0.0248]
Epoch 49:  98%|#########.| 572/585 [00:15:28<00:00:21,  0.62it/s, loss=0.0248]
Epoch 49:  98%|#########.| 576/585 [00:15:34<00:00:14,  0.62it/s, loss=0.0248]
Epoch 49:  99%|#########.| 580/585 [00:15:40<00:00:08,  0.62it/s, loss=0.0248]
Epoch 49: 100%|#########.| 583/585 [00:15:45<00:00:03,  0.62it/s, loss=0.0248]
Epoch 49: 100%|##########| 585/585 [00:15:48<00:00:00,  0.62it/s, loss=0.0248]
Test loss: 0.0229, Test rmsae: 7.34deg
{"event": "epoch_complete", "epoch": 49, "phase": 2, "lr": 1e-05, "batch_size": 10, "micro_batch_size": 1, "train_loss": 0.0247752729532683, "val_loss": 0.022917815920663998, "val_rmsae_deg": 7.343018755316734, "epoch_time_s": 949.9973863100167}
Epoch 50/80:
Epoch 50:   1%|..........| 4/585 [00:00:06<00:15:26,  0.63it/s, loss=0.0277]
Epoch 50:   1%|..........| 8/585 [00:00:13<00:15:53,  0.60it/s, loss=0.0264]
Epoch 50:   2%|..........| 12/585 [00:00:19<00:15:35,  0.61it/s, loss=0.0251]
Epoch 50:   3%|..........| 16/585 [00:00:26<00:15:27,  0.61it/s, loss=0.0240]
Epoch 50:   3%|..........| 20/585 [00:00:32<00:15:18,  0.62it/s, loss=0.0248]
Epoch 50:   4%|..........| 24/585 [00:00:38<00:15:08,  0.62it/s, loss=0.0245]
Epoch 50:   5%|..........| 28/585 [00:00:45<00:14:55,  0.62it/s, loss=0.0243]
Epoch 50:   5%|..........| 32/585 [00:00:51<00:14:47,  0.62it/s, loss=0.0242]
Epoch 50:   6%|..........| 36/585 [00:00:57<00:14:34,  0.63it/s, loss=0.0238]
Epoch 50:   7%|..........| 39/585 [00:01:03<00:14:42,  0.62it/s, loss=0.0236]
Epoch 50:   7%|..........| 43/585 [00:01:08<00:14:27,  0.62it/s, loss=0.0232]
Epoch 50:   8%|..........| 46/585 [00:01:14<00:14:31,  0.62it/s, loss=0.0233]
Epoch 50:   8%|..........| 49/585 [00:01:20<00:14:41,  0.61it/s, loss=0.0239]
Epoch 50:   9%|..........| 53/585 [00:01:26<00:14:31,  0.61it/s, loss=0.0236]
Epoch 50:  10%|..........| 56/585 [00:01:32<00:14:38,  0.60it/s, loss=0.0239]
Epoch 50:  10%|#.........| 60/585 [00:01:40<00:14:35,  0.60it/s, loss=0.0242]
Epoch 50:  11%|#.........| 64/585 [00:01:45<00:14:22,  0.60it/s, loss=0.0240]
Epoch 50:  11%|#.........| 67/585 [00:01:51<00:14:20,  0.60it/s, loss=0.0241]
Epoch 50:  12%|#.........| 71/585 [00:01:57<00:14:10,  0.60it/s, loss=0.0241]
Epoch 50:  13%|#.........| 75/585 [00:02:03<00:14:00,  0.61it/s, loss=0.0241]
Epoch 50:  14%|#.........| 79/585 [00:02:09<00:13:52,  0.61it/s, loss=0.0243]
Epoch 50:  14%|#.........| 83/585 [00:02:16<00:13:43,  0.61it/s, loss=0.0242]
Epoch 50:  15%|#.........| 86/585 [00:02:21<00:13:41,  0.61it/s, loss=0.0242]
Epoch 50:  15%|#.........| 90/585 [00:02:27<00:13:32,  0.61it/s, loss=0.0243]
Epoch 50:  16%|#.........| 94/585 [00:02:33<00:13:20,  0.61it/s, loss=0.0241]
Epoch 50:  17%|#.........| 98/585 [00:02:39<00:13:13,  0.61it/s, loss=0.0239]
Epoch 50:  17%|#.........| 102/585 [00:02:45<00:13:05,  0.62it/s, loss=0.0242]
Epoch 50:  18%|#.........| 106/585 [00:02:51<00:12:55,  0.62it/s, loss=0.0241]
Epoch 50:  19%|#.........| 110/585 [00:02:57<00:12:46,  0.62it/s, loss=0.0242]
Epoch 50:  19%|#.........| 114/585 [00:03:03<00:12:38,  0.62it/s, loss=0.0242]
Epoch 50:  20%|##........| 118/585 [00:03:09<00:12:30,  0.62it/s, loss=0.0242]
Epoch 50:  21%|##........| 122/585 [00:03:16<00:12:25,  0.62it/s, loss=0.0243]
Epoch 50:  21%|##........| 125/585 [00:03:21<00:12:21,  0.62it/s, loss=0.0243]
Epoch 50:  22%|##........| 128/585 [00:03:27<00:12:20,  0.62it/s, loss=0.0247]
Epoch 50:  23%|##........| 132/585 [00:03:33<00:12:12,  0.62it/s, loss=0.0246]
Epoch 50:  23%|##........| 135/585 [00:03:38<00:12:07,  0.62it/s, loss=0.0247]
Epoch 50:  24%|##........| 138/585 [00:03:43<00:12:03,  0.62it/s, loss=0.0247]
Epoch 50:  24%|##........| 142/585 [00:03:49<00:11:56,  0.62it/s, loss=0.0247]
Epoch 50:  25%|##........| 145/585 [00:03:55<00:11:53,  0.62it/s, loss=0.0248]
Epoch 50:  25%|##........| 149/585 [00:04:01<00:11:47,  0.62it/s, loss=0.0248]
Epoch 50:  26%|##........| 152/585 [00:04:06<00:11:43,  0.62it/s, loss=0.0247]
Epoch 50:  27%|##........| 156/585 [00:04:13<00:11:35,  0.62it/s, loss=0.0248]
Epoch 50:  27%|##........| 160/585 [00:04:19<00:11:30,  0.62it/s, loss=0.0246]
Epoch 50:  28%|##........| 163/585 [00:04:25<00:11:27,  0.61it/s, loss=0.0248]
Epoch 50:  28%|##........| 166/585 [00:04:30<00:11:23,  0.61it/s, loss=0.0248]
Epoch 50:  29%|##........| 170/585 [00:04:36<00:11:15,  0.61it/s, loss=0.0247]
Epoch 50:  30%|##........| 174/585 [00:04:43<00:11:09,  0.61it/s, loss=0.0247]
Epoch 50:  30%|###.......| 178/585 [00:04:49<00:11:02,  0.61it/s, loss=0.0246]
Epoch 50:  31%|###.......| 182/585 [00:04:55<00:10:54,  0.62it/s, loss=0.0246]
Epoch 50:  32%|###.......| 186/585 [00:05:01<00:10:47,  0.62it/s, loss=0.0246]
Epoch 50:  32%|###.......| 189/585 [00:05:06<00:10:42,  0.62it/s, loss=0.0247]
Epoch 50:  33%|###.......| 192/585 [00:05:12<00:10:40,  0.61it/s, loss=0.0247]
Epoch 50:  34%|###.......| 196/585 [00:05:19<00:10:33,  0.61it/s, loss=0.0246]
Epoch 50:  34%|###.......| 200/585 [00:05:25<00:10:27,  0.61it/s, loss=0.0246]
Epoch 50:  35%|###.......| 203/585 [00:05:31<00:10:23,  0.61it/s, loss=0.0247]
Epoch 50:  35%|###.......| 207/585 [00:05:37<00:10:15,  0.61it/s, loss=0.0247]
Epoch 50:  36%|###.......| 210/585 [00:05:42<00:10:12,  0.61it/s, loss=0.0247]
Epoch 50:  37%|###.......| 214/585 [00:05:49<00:10:05,  0.61it/s, loss=0.0248]
Epoch 50:  37%|###.......| 218/585 [00:05:55<00:09:58,  0.61it/s, loss=0.0248]
Epoch 50:  38%|###.......| 222/585 [00:06:01<00:09:51,  0.61it/s, loss=0.0248]
Epoch 50:  38%|###.......| 225/585 [00:06:07<00:09:47,  0.61it/s, loss=0.0249]
Epoch 50:  39%|###.......| 229/585 [00:06:13<00:09:40,  0.61it/s, loss=0.0248]
Epoch 50:  40%|###.......| 233/585 [00:06:19<00:09:33,  0.61it/s, loss=0.0248]
Epoch 50:  40%|####......| 236/585 [00:06:25<00:09:29,  0.61it/s, loss=0.0247]
Epoch 50:  41%|####......| 239/585 [00:06:31<00:09:26,  0.61it/s, loss=0.0248]
Epoch 50:  41%|####......| 242/585 [00:06:37<00:09:22,  0.61it/s, loss=0.0248]
Epoch 50:  42%|####......| 245/585 [00:06:42<00:09:18,  0.61it/s, loss=0.0248]
Epoch 50:  43%|####......| 249/585 [00:06:49<00:09:12,  0.61it/s, loss=0.0249]
Epoch 50:  43%|####......| 252/585 [00:06:54<00:09:07,  0.61it/s, loss=0.0249]
Epoch 50:  44%|####......| 255/585 [00:06:59<00:09:03,  0.61it/s, loss=0.0249]
Epoch 50:  44%|####......| 259/585 [00:07:05<00:08:55,  0.61it/s, loss=0.0249]
Epoch 50:  45%|####......| 263/585 [00:07:11<00:08:48,  0.61it/s, loss=0.0248]
Epoch 50:  46%|####......| 267/585 [00:07:18<00:08:42,  0.61it/s, loss=0.0248]
Epoch 50:  46%|####......| 271/585 [00:07:25<00:08:35,  0.61it/s, loss=0.0248]
Epoch 50:  47%|####......| 274/585 [00:07:30<00:08:31,  0.61it/s, loss=0.0249]
Epoch 50:  48%|####......| 278/585 [00:07:36<00:08:24,  0.61it/s, loss=0.0248]
Epoch 50:  48%|####......| 282/585 [00:07:43<00:08:17,  0.61it/s, loss=0.0249]
Epoch 50:  49%|####......| 285/585 [00:07:48<00:08:13,  0.61it/s, loss=0.0249]
Epoch 50:  49%|####......| 288/585 [00:07:53<00:08:08,  0.61it/s, loss=0.0249]
Epoch 50:  50%|####......| 292/585 [00:07:59<00:08:01,  0.61it/s, loss=0.0249]
Epoch 50:  51%|#####.....| 296/585 [00:08:06<00:07:54,  0.61it/s, loss=0.0249]
Epoch 50:  51%|#####.....| 299/585 [00:08:11<00:07:49,  0.61it/s, loss=0.0249]
Epoch 50:  52%|#####.....| 303/585 [00:08:17<00:07:42,  0.61it/s, loss=0.0249]
Epoch 50:  52%|#####.....| 307/585 [00:08:23<00:07:35,  0.61it/s, loss=0.0250]
Epoch 50:  53%|#####.....| 310/585 [00:08:29<00:07:31,  0.61it/s, loss=0.0250]
Epoch 50:  54%|#####.....| 313/585 [00:08:34<00:07:27,  0.61it/s, loss=0.0251]
Epoch 50:  54%|#####.....| 317/585 [00:08:40<00:07:20,  0.61it/s, loss=0.0251]
Epoch 50:  55%|#####.....| 321/585 [00:08:47<00:07:13,  0.61it/s, loss=0.0250]
Epoch 50:  56%|#####.....| 325/585 [00:08:53<00:07:06,  0.61it/s, loss=0.0250]
Epoch 50:  56%|#####.....| 329/585 [00:08:59<00:06:59,  0.61it/s, loss=0.0249]
Epoch 50:  57%|#####.....| 333/585 [00:09:05<00:06:52,  0.61it/s, loss=0.0249]
Epoch 50:  58%|#####.....| 337/585 [00:09:11<00:06:45,  0.61it/s, loss=0.0250]
Epoch 50:  58%|#####.....| 341/585 [00:09:17<00:06:39,  0.61it/s, loss=0.0249]
Epoch 50:  59%|#####.....| 344/585 [00:09:23<00:06:34,  0.61it/s, loss=0.0249]
Epoch 50:  59%|#####.....| 348/585 [00:09:30<00:06:28,  0.61it/s, loss=0.0249]
Epoch 50:  60%|######....| 352/585 [00:09:35<00:06:21,  0.61it/s, loss=0.0249]
Epoch 50:  61%|######....| 356/585 [00:09:41<00:06:14,  0.61it/s, loss=0.0249]
Epoch 50:  62%|######....| 360/585 [00:09:48<00:06:07,  0.61it/s, loss=0.0248]
Epoch 50:  62%|######....| 363/585 [00:09:53<00:06:02,  0.61it/s, loss=0.0248]
Epoch 50:  63%|######....| 367/585 [00:09:59<00:05:56,  0.61it/s, loss=0.0249]
Epoch 50:  63%|######....| 370/585 [00:10:04<00:05:51,  0.61it/s, loss=0.0248]
Epoch 50:  64%|######....| 374/585 [00:10:11<00:05:44,  0.61it/s, loss=0.0248]
Epoch 50:  65%|######....| 378/585 [00:10:17<00:05:37,  0.61it/s, loss=0.0248]
Epoch 50:  65%|######....| 382/585 [00:10:23<00:05:31,  0.61it/s, loss=0.0248]
Epoch 50:  66%|######....| 386/585 [00:10:30<00:05:24,  0.61it/s, loss=0.0248]
Epoch 50:  67%|######....| 390/585 [00:10:36<00:05:18,  0.61it/s, loss=0.0248]
Epoch 50:  67%|######....| 394/585 [00:10:43<00:05:11,  0.61it/s, loss=0.0247]
Epoch 50:  68%|######....| 398/585 [00:10:49<00:05:05,  0.61it/s, loss=0.0247]
Epoch 50:  69%|######....| 401/585 [00:10:54<00:05:00,  0.61it/s, loss=0.0247]
Epoch 50:  69%|######....| 405/585 [00:11:01<00:04:53,  0.61it/s, loss=0.0247]
Epoch 50:  70%|######....| 409/585 [00:11:08<00:04:47,  0.61it/s, loss=0.0247]
Epoch 50:  71%|#######...| 413/585 [00:11:15<00:04:41,  0.61it/s, loss=0.0247]
Epoch 50:  71%|#######...| 416/585 [00:11:20<00:04:36,  0.61it/s, loss=0.0247]
Epoch 50:  72%|#######...| 420/585 [00:11:26<00:04:29,  0.61it/s, loss=0.0247]
Epoch 50:  72%|#######...| 423/585 [00:11:32<00:04:25,  0.61it/s, loss=0.0247]
Epoch 50:  73%|#######...| 427/585 [00:11:38<00:04:18,  0.61it/s, loss=0.0247]
Epoch 50:  74%|#######...| 430/585 [00:11:44<00:04:13,  0.61it/s, loss=0.0247]
Epoch 50:  74%|#######...| 433/585 [00:11:49<00:04:09,  0.61it/s, loss=0.0247]
Epoch 50:  75%|#######...| 437/585 [00:11:56<00:04:02,  0.61it/s, loss=0.0249]
Epoch 50:  75%|#######...| 441/585 [00:12:02<00:03:55,  0.61it/s, loss=0.0248]
Epoch 50:  76%|#######...| 445/585 [00:12:08<00:03:49,  0.61it/s, loss=0.0248]
Epoch 50:  77%|#######...| 449/585 [00:12:14<00:03:42,  0.61it/s, loss=0.0248]
Epoch 50:  77%|#######...| 453/585 [00:12:21<00:03:35,  0.61it/s, loss=0.0248]
Epoch 50:  78%|#######...| 457/585 [00:12:27<00:03:29,  0.61it/s, loss=0.0248]
Epoch 50:  79%|#######...| 460/585 [00:12:32<00:03:24,  0.61it/s, loss=0.0248]
Epoch 50:  79%|#######...| 464/585 [00:12:38<00:03:17,  0.61it/s, loss=0.0248]
Epoch 50:  80%|#######...| 467/585 [00:12:44<00:03:13,  0.61it/s, loss=0.0247]
Epoch 50:  81%|########..| 471/585 [00:12:49<00:03:06,  0.61it/s, loss=0.0247]
Epoch 50:  81%|########..| 475/585 [00:12:56<00:02:59,  0.61it/s, loss=0.0247]
Epoch 50:  82%|########..| 479/585 [00:13:02<00:02:53,  0.61it/s, loss=0.0247]
Epoch 50:  82%|########..| 482/585 [00:13:08<00:02:48,  0.61it/s, loss=0.0247]
Epoch 50:  83%|########..| 486/585 [00:13:14<00:02:41,  0.61it/s, loss=0.0247]
Epoch 50:  84%|########..| 490/585 [00:13:21<00:02:35,  0.61it/s, loss=0.0247]
Epoch 50:  84%|########..| 494/585 [00:13:27<00:02:28,  0.61it/s, loss=0.0247]
Epoch 50:  85%|########..| 498/585 [00:13:33<00:02:22,  0.61it/s, loss=0.0247]
Epoch 50:  86%|########..| 502/585 [00:13:39<00:02:15,  0.61it/s, loss=0.0247]
Epoch 50:  86%|########..| 506/585 [00:13:45<00:02:08,  0.61it/s, loss=0.0247]
Epoch 50:  87%|########..| 510/585 [00:13:52<00:02:02,  0.61it/s, loss=0.0247]
Epoch 50:  88%|########..| 514/585 [00:13:58<00:01:55,  0.61it/s, loss=0.0247]
Epoch 50:  88%|########..| 517/585 [00:14:04<00:01:51,  0.61it/s, loss=0.0247]
Epoch 50:  89%|########..| 521/585 [00:14:10<00:01:44,  0.61it/s, loss=0.0247]
Epoch 50:  90%|########..| 525/585 [00:14:16<00:01:37,  0.61it/s, loss=0.0247]
Epoch 50:  90%|#########.| 529/585 [00:14:22<00:01:31,  0.61it/s, loss=0.0247]
Epoch 50:  91%|#########.| 532/585 [00:14:28<00:01:26,  0.61it/s, loss=0.0247]
Epoch 50:  92%|#########.| 536/585 [00:14:33<00:01:19,  0.61it/s, loss=0.0247]
Epoch 50:  92%|#########.| 539/585 [00:14:39<00:01:15,  0.61it/s, loss=0.0247]
Epoch 50:  93%|#########.| 543/585 [00:14:45<00:01:08,  0.61it/s, loss=0.0247]
Epoch 50:  94%|#########.| 547/585 [00:14:52<00:01:01,  0.61it/s, loss=0.0247]
Epoch 50:  94%|#########.| 551/585 [00:14:59<00:00:55,  0.61it/s, loss=0.0247]
Epoch 50:  95%|#########.| 554/585 [00:15:04<00:00:50,  0.61it/s, loss=0.0247]
Epoch 50:  95%|#########.| 558/585 [00:15:10<00:00:44,  0.61it/s, loss=0.0247]
Epoch 50:  96%|#########.| 562/585 [00:15:16<00:00:37,  0.61it/s, loss=0.0247]
Epoch 50:  97%|#########.| 565/585 [00:15:21<00:00:32,  0.61it/s, loss=0.0247]
Epoch 50:  97%|#########.| 568/585 [00:15:27<00:00:27,  0.61it/s, loss=0.0247]
Epoch 50:  98%|#########.| 572/585 [00:15:32<00:00:21,  0.61it/s, loss=0.0247]
Epoch 50:  98%|#########.| 576/585 [00:15:39<00:00:14,  0.61it/s, loss=0.0247]
Epoch 50:  99%|#########.| 580/585 [00:15:47<00:00:08,  0.61it/s, loss=0.0247]
Epoch 50: 100%|#########.| 583/585 [00:15:52<00:00:03,  0.61it/s, loss=0.0247]
Epoch 50: 100%|##########| 585/585 [00:15:56<00:00:00,  0.61it/s, loss=0.0248]
Test loss: 0.0229, Test rmsae: 7.14deg
{"event": "epoch_complete", "epoch": 50, "phase": 2, "lr": 1e-05, "batch_size": 10, "micro_batch_size": 1, "train_loss": 0.02477134172924054, "val_loss": 0.022883914469275624, "val_rmsae_deg": 7.140419647097588, "epoch_time_s": 957.7397824849468}
{"event": "checkpoint_saved", "tag": "epoch_050", "epoch": 50, "path": "/home/cmm/icocnn/IFAN_Edge/outputs/stage3/ifan_stage3_long80_c8_r2_map_maba_20260516_154535/checkpoints/epoch_050.pt"}
Epoch 51/80:
Epoch 51:   1%|..........| 4/585 [00:00:05<00:13:36,  0.71it/s, loss=0.0203]
Epoch 51:   1%|..........| 8/585 [00:00:11<00:13:44,  0.70it/s, loss=0.0205]
Epoch 51:   2%|..........| 11/585 [00:00:17<00:15:33,  0.62it/s, loss=0.0209]
Epoch 51:   2%|..........| 14/585 [00:00:23<00:15:47,  0.60it/s, loss=0.0248]
Epoch 51:   3%|..........| 18/585 [00:00:29<00:15:29,  0.61it/s, loss=0.0264]
Epoch 51:   4%|..........| 21/585 [00:00:34<00:15:39,  0.60it/s, loss=0.0265]
Epoch 51:   4%|..........| 25/585 [00:00:40<00:15:13,  0.61it/s, loss=0.0254]
Epoch 51:   5%|..........| 29/585 [00:00:46<00:14:57,  0.62it/s, loss=0.0252]
Epoch 51:   6%|..........| 33/585 [00:00:52<00:14:38,  0.63it/s, loss=0.0247]
Epoch 51:   6%|..........| 37/585 [00:00:58<00:14:30,  0.63it/s, loss=0.0247]
Epoch 51:   7%|..........| 41/585 [00:01:05<00:14:25,  0.63it/s, loss=0.0250]
Epoch 51:   8%|..........| 45/585 [00:01:11<00:14:20,  0.63it/s, loss=0.0251]
Epoch 51:   8%|..........| 49/585 [00:01:18<00:14:16,  0.63it/s, loss=0.0249]
Epoch 51:   9%|..........| 53/585 [00:01:24<00:14:04,  0.63it/s, loss=0.0248]
Epoch 51:  10%|..........| 56/585 [00:01:29<00:14:03,  0.63it/s, loss=0.0248]
Epoch 51:  10%|#.........| 60/585 [00:01:35<00:13:55,  0.63it/s, loss=0.0249]
Epoch 51:  11%|#.........| 63/585 [00:01:40<00:13:52,  0.63it/s, loss=0.0247]
Epoch 51:  11%|#.........| 65/585 [00:01:45<00:14:07,  0.61it/s, loss=0.0248]
Epoch 51:  12%|#.........| 68/585 [00:01:51<00:14:04,  0.61it/s, loss=0.0249]
Epoch 51:  12%|#.........| 72/585 [00:01:57<00:13:56,  0.61it/s, loss=0.0249]
Epoch 51:  13%|#.........| 76/585 [00:02:04<00:13:50,  0.61it/s, loss=0.0250]
Epoch 51:  14%|#.........| 80/585 [00:02:10<00:13:43,  0.61it/s, loss=0.0249]
Epoch 51:  14%|#.........| 84/585 [00:02:16<00:13:36,  0.61it/s, loss=0.0251]
Epoch 51:  15%|#.........| 88/585 [00:02:24<00:13:35,  0.61it/s, loss=0.0251]
Epoch 51:  16%|#.........| 92/585 [00:02:30<00:13:26,  0.61it/s, loss=0.0258]
Epoch 51:  16%|#.........| 95/585 [00:02:35<00:13:24,  0.61it/s, loss=0.0258]
Epoch 51:  17%|#.........| 98/585 [00:02:41<00:13:22,  0.61it/s, loss=0.0259]
Epoch 51:  17%|#.........| 101/585 [00:02:46<00:13:19,  0.61it/s, loss=0.0259]
Epoch 51:  18%|#.........| 105/585 [00:02:53<00:13:11,  0.61it/s, loss=0.0257]
Epoch 51:  19%|#.........| 109/585 [00:02:59<00:13:03,  0.61it/s, loss=0.0256]
Epoch 51:  19%|#.........| 113/585 [00:03:06<00:12:56,  0.61it/s, loss=0.0257]
Epoch 51:  20%|##........| 117/585 [00:03:12<00:12:48,  0.61it/s, loss=0.0256]
Epoch 51:  21%|##........| 121/585 [00:03:18<00:12:40,  0.61it/s, loss=0.0255]
Epoch 51:  21%|##........| 125/585 [00:03:24<00:12:33,  0.61it/s, loss=0.0264]
Epoch 51:  22%|##........| 129/585 [00:03:31<00:12:26,  0.61it/s, loss=0.0264]
Epoch 51:  23%|##........| 132/585 [00:03:37<00:12:26,  0.61it/s, loss=0.0265]
Epoch 51:  23%|##........| 136/585 [00:03:43<00:12:17,  0.61it/s, loss=0.0264]
Epoch 51:  24%|##........| 140/585 [00:03:49<00:12:08,  0.61it/s, loss=0.0264]
Epoch 51:  24%|##........| 143/585 [00:03:54<00:12:05,  0.61it/s, loss=0.0263]
Epoch 51:  25%|##........| 147/585 [00:04:01<00:11:58,  0.61it/s, loss=0.0263]
Epoch 51:  26%|##........| 151/585 [00:04:07<00:11:50,  0.61it/s, loss=0.0262]
Epoch 51:  26%|##........| 155/585 [00:04:13<00:11:42,  0.61it/s, loss=0.0261]
Epoch 51:  27%|##........| 159/585 [00:04:19<00:11:34,  0.61it/s, loss=0.0261]
Epoch 51:  28%|##........| 163/585 [00:04:25<00:11:28,  0.61it/s, loss=0.0260]
Epoch 51:  29%|##........| 167/585 [00:04:32<00:11:22,  0.61it/s, loss=0.0260]
Epoch 51:  29%|##........| 170/585 [00:04:37<00:11:17,  0.61it/s, loss=0.0260]
Epoch 51:  30%|##........| 174/585 [00:04:43<00:11:10,  0.61it/s, loss=0.0259]
Epoch 51:  30%|###.......| 177/585 [00:04:49<00:11:06,  0.61it/s, loss=0.0259]
Epoch 51:  31%|###.......| 181/585 [00:04:55<00:11:00,  0.61it/s, loss=0.0258]
Epoch 51:  32%|###.......| 185/585 [00:05:02<00:10:53,  0.61it/s, loss=0.0256]
Epoch 51:  32%|###.......| 189/585 [00:05:08<00:10:46,  0.61it/s, loss=0.0255]
Epoch 51:  33%|###.......| 193/585 [00:05:14<00:10:39,  0.61it/s, loss=0.0255]
Epoch 51:  34%|###.......| 197/585 [00:05:20<00:10:32,  0.61it/s, loss=0.0254]
Epoch 51:  34%|###.......| 200/585 [00:05:25<00:10:27,  0.61it/s, loss=0.0254]
Epoch 51:  35%|###.......| 203/585 [00:05:31<00:10:23,  0.61it/s, loss=0.0254]
Epoch 51:  35%|###.......| 207/585 [00:05:37<00:10:16,  0.61it/s, loss=0.0253]
Epoch 51:  36%|###.......| 210/585 [00:05:43<00:10:12,  0.61it/s, loss=0.0255]
Epoch 51:  37%|###.......| 214/585 [00:05:49<00:10:06,  0.61it/s, loss=0.0254]
Epoch 51:  37%|###.......| 218/585 [00:05:57<00:10:01,  0.61it/s, loss=0.0254]
Epoch 51:  38%|###.......| 222/585 [00:06:03<00:09:54,  0.61it/s, loss=0.0253]
Epoch 51:  39%|###.......| 226/585 [00:06:09<00:09:46,  0.61it/s, loss=0.0253]
Epoch 51:  39%|###.......| 230/585 [00:06:15<00:09:40,  0.61it/s, loss=0.0253]
Epoch 51:  40%|####......| 234/585 [00:06:22<00:09:33,  0.61it/s, loss=0.0253]
Epoch 51:  41%|####......| 238/585 [00:06:28<00:09:26,  0.61it/s, loss=0.0253]
Epoch 51:  41%|####......| 242/585 [00:06:34<00:09:19,  0.61it/s, loss=0.0253]
Epoch 51:  42%|####......| 246/585 [00:06:41<00:09:12,  0.61it/s, loss=0.0253]
Epoch 51:  43%|####......| 249/585 [00:06:46<00:09:08,  0.61it/s, loss=0.0252]
Epoch 51:  43%|####......| 252/585 [00:06:52<00:09:04,  0.61it/s, loss=0.0252]
Epoch 51:  44%|####......| 256/585 [00:06:58<00:08:57,  0.61it/s, loss=0.0251]
Epoch 51:  44%|####......| 259/585 [00:07:03<00:08:53,  0.61it/s, loss=0.0251]
Epoch 51:  45%|####......| 263/585 [00:07:09<00:08:45,  0.61it/s, loss=0.0251]
Epoch 51:  46%|####......| 267/585 [00:07:15<00:08:38,  0.61it/s, loss=0.0251]
Epoch 51:  46%|####......| 271/585 [00:07:21<00:08:31,  0.61it/s, loss=0.0250]
Epoch 51:  47%|####......| 275/585 [00:07:27<00:08:24,  0.61it/s, loss=0.0250]
Epoch 51:  48%|####......| 278/585 [00:07:32<00:08:19,  0.61it/s, loss=0.0250]
Epoch 51:  48%|####......| 282/585 [00:07:38<00:08:12,  0.61it/s, loss=0.0250]
Epoch 51:  49%|####......| 285/585 [00:07:44<00:08:08,  0.61it/s, loss=0.0250]
Epoch 51:  49%|####......| 288/585 [00:07:49<00:08:04,  0.61it/s, loss=0.0251]
Epoch 51:  50%|####......| 292/585 [00:07:55<00:07:57,  0.61it/s, loss=0.0251]
Epoch 51:  50%|#####.....| 295/585 [00:08:01<00:07:53,  0.61it/s, loss=0.0251]
Epoch 51:  51%|#####.....| 299/585 [00:08:07<00:07:46,  0.61it/s, loss=0.0251]
Epoch 51:  52%|#####.....| 303/585 [00:08:14<00:07:39,  0.61it/s, loss=0.0251]
Epoch 51:  52%|#####.....| 307/585 [00:08:20<00:07:32,  0.61it/s, loss=0.0250]
Epoch 51:  53%|#####.....| 311/585 [00:08:26<00:07:26,  0.61it/s, loss=0.0251]
Epoch 51:  54%|#####.....| 314/585 [00:08:32<00:07:22,  0.61it/s, loss=0.0251]
Epoch 51:  54%|#####.....| 318/585 [00:08:39<00:07:16,  0.61it/s, loss=0.0250]
Epoch 51:  55%|#####.....| 321/585 [00:08:44<00:07:11,  0.61it/s, loss=0.0251]
Epoch 51:  55%|#####.....| 324/585 [00:08:49<00:07:06,  0.61it/s, loss=0.0251]
Epoch 51:  56%|#####.....| 328/585 [00:08:55<00:06:59,  0.61it/s, loss=0.0250]
Epoch 51:  57%|#####.....| 332/585 [00:09:01<00:06:52,  0.61it/s, loss=0.0250]
Epoch 51:  57%|#####.....| 336/585 [00:09:08<00:06:46,  0.61it/s, loss=0.0250]
Epoch 51:  58%|#####.....| 340/585 [00:09:14<00:06:39,  0.61it/s, loss=0.0250]
Epoch 51:  59%|#####.....| 344/585 [00:09:20<00:06:32,  0.61it/s, loss=0.0250]
Epoch 51:  59%|#####.....| 348/585 [00:09:26<00:06:25,  0.61it/s, loss=0.0250]
Epoch 51:  60%|######....| 352/585 [00:09:32<00:06:19,  0.61it/s, loss=0.0249]
Epoch 51:  61%|######....| 356/585 [00:09:38<00:06:12,  0.61it/s, loss=0.0249]
Epoch 51:  62%|######....| 360/585 [00:09:44<00:06:05,  0.62it/s, loss=0.0249]
Epoch 51:  62%|######....| 363/585 [00:09:50<00:06:01,  0.61it/s, loss=0.0249]
Epoch 51:  63%|######....| 366/585 [00:09:55<00:05:56,  0.61it/s, loss=0.0249]
Epoch 51:  63%|######....| 370/585 [00:10:02<00:05:50,  0.61it/s, loss=0.0249]
Epoch 51:  64%|######....| 373/585 [00:10:07<00:05:45,  0.61it/s, loss=0.0249]
Epoch 51:  64%|######....| 377/585 [00:10:13<00:05:38,  0.61it/s, loss=0.0249]
Epoch 51:  65%|######....| 381/585 [00:10:20<00:05:32,  0.61it/s, loss=0.0248]
Epoch 51:  66%|######....| 384/585 [00:10:26<00:05:27,  0.61it/s, loss=0.0248]
Epoch 51:  66%|######....| 387/585 [00:10:31<00:05:23,  0.61it/s, loss=0.0248]
Epoch 51:  67%|######....| 391/585 [00:10:39<00:05:17,  0.61it/s, loss=0.0248]
Epoch 51:  68%|######....| 395/585 [00:10:45<00:05:10,  0.61it/s, loss=0.0248]
Epoch 51:  68%|######....| 399/585 [00:10:52<00:05:04,  0.61it/s, loss=0.0248]
Epoch 51:  69%|######....| 403/585 [00:10:57<00:04:57,  0.61it/s, loss=0.0248]
Epoch 51:  70%|######....| 407/585 [00:11:04<00:04:50,  0.61it/s, loss=0.0248]
Epoch 51:  70%|#######...| 410/585 [00:11:09<00:04:45,  0.61it/s, loss=0.0248]
Epoch 51:  71%|#######...| 413/585 [00:11:14<00:04:40,  0.61it/s, loss=0.0248]
Epoch 51:  71%|#######...| 417/585 [00:11:21<00:04:34,  0.61it/s, loss=0.0248]
Epoch 51:  72%|#######...| 421/585 [00:11:27<00:04:27,  0.61it/s, loss=0.0248]
Epoch 51:  73%|#######...| 425/585 [00:11:33<00:04:21,  0.61it/s, loss=0.0248]
Epoch 51:  73%|#######...| 428/585 [00:11:39<00:04:16,  0.61it/s, loss=0.0248]
Epoch 51:  74%|#######...| 431/585 [00:11:45<00:04:12,  0.61it/s, loss=0.0248]
Epoch 51:  74%|#######...| 434/585 [00:11:50<00:04:07,  0.61it/s, loss=0.0248]
Epoch 51:  75%|#######...| 437/585 [00:11:56<00:04:02,  0.61it/s, loss=0.0248]
Epoch 51:  75%|#######...| 441/585 [00:12:02<00:03:55,  0.61it/s, loss=0.0248]
Epoch 51:  76%|#######...| 445/585 [00:12:08<00:03:49,  0.61it/s, loss=0.0248]
Epoch 51:  77%|#######...| 448/585 [00:12:13<00:03:44,  0.61it/s, loss=0.0248]
Epoch 51:  77%|#######...| 452/585 [00:12:20<00:03:37,  0.61it/s, loss=0.0248]
Epoch 51:  78%|#######...| 455/585 [00:12:25<00:03:32,  0.61it/s, loss=0.0248]
Epoch 51:  78%|#######...| 459/585 [00:12:31<00:03:26,  0.61it/s, loss=0.0248]
Epoch 51:  79%|#######...| 463/585 [00:12:37<00:03:19,  0.61it/s, loss=0.0247]
Epoch 51:  80%|#######...| 467/585 [00:12:43<00:03:13,  0.61it/s, loss=0.0248]
Epoch 51:  81%|########..| 471/585 [00:12:49<00:03:06,  0.61it/s, loss=0.0248]
Epoch 51:  81%|########..| 475/585 [00:12:55<00:02:59,  0.61it/s, loss=0.0248]
Epoch 51:  82%|########..| 478/585 [00:13:01<00:02:54,  0.61it/s, loss=0.0248]
Epoch 51:  82%|########..| 481/585 [00:13:06<00:02:50,  0.61it/s, loss=0.0248]
Epoch 51:  83%|########..| 484/585 [00:13:12<00:02:45,  0.61it/s, loss=0.0248]
Epoch 51:  83%|########..| 488/585 [00:13:19<00:02:38,  0.61it/s, loss=0.0249]
Epoch 51:  84%|########..| 492/585 [00:13:25<00:02:32,  0.61it/s, loss=0.0248]
Epoch 51:  85%|########..| 495/585 [00:13:30<00:02:27,  0.61it/s, loss=0.0248]
Epoch 51:  85%|########..| 499/585 [00:13:37<00:02:20,  0.61it/s, loss=0.0248]
Epoch 51:  86%|########..| 503/585 [00:13:43<00:02:14,  0.61it/s, loss=0.0248]
Epoch 51:  86%|########..| 506/585 [00:13:49<00:02:09,  0.61it/s, loss=0.0248]
Epoch 51:  87%|########..| 510/585 [00:13:55<00:02:02,  0.61it/s, loss=0.0248]
Epoch 51:  88%|########..| 513/585 [00:14:01<00:01:58,  0.61it/s, loss=0.0248]
Epoch 51:  88%|########..| 516/585 [00:14:06<00:01:53,  0.61it/s, loss=0.0248]
Epoch 51:  89%|########..| 520/585 [00:14:12<00:01:46,  0.61it/s, loss=0.0248]
Epoch 51:  89%|########..| 523/585 [00:14:18<00:01:41,  0.61it/s, loss=0.0249]
Epoch 51:  90%|#########.| 527/585 [00:14:24<00:01:35,  0.61it/s, loss=0.0248]
Epoch 51:  91%|#########.| 531/585 [00:14:30<00:01:28,  0.61it/s, loss=0.0248]
Epoch 51:  91%|#########.| 535/585 [00:14:36<00:01:21,  0.61it/s, loss=0.0248]
Epoch 51:  92%|#########.| 538/585 [00:14:41<00:01:17,  0.61it/s, loss=0.0248]
Epoch 51:  93%|#########.| 542/585 [00:14:48<00:01:10,  0.61it/s, loss=0.0248]
Epoch 51:  93%|#########.| 546/585 [00:14:54<00:01:03,  0.61it/s, loss=0.0248]
Epoch 51:  94%|#########.| 550/585 [00:15:00<00:00:57,  0.61it/s, loss=0.0247]
Epoch 51:  95%|#########.| 554/585 [00:15:06<00:00:50,  0.61it/s, loss=0.0248]
Epoch 51:  95%|#########.| 557/585 [00:15:11<00:00:45,  0.61it/s, loss=0.0248]
Epoch 51:  96%|#########.| 561/585 [00:15:18<00:00:39,  0.61it/s, loss=0.0248]
Epoch 51:  96%|#########.| 564/585 [00:15:23<00:00:34,  0.61it/s, loss=0.0248]
Epoch 51:  97%|#########.| 568/585 [00:15:29<00:00:27,  0.61it/s, loss=0.0248]
Epoch 51:  98%|#########.| 572/585 [00:15:35<00:00:21,  0.61it/s, loss=0.0248]
Epoch 51:  98%|#########.| 576/585 [00:15:42<00:00:14,  0.61it/s, loss=0.0248]
Epoch 51:  99%|#########.| 580/585 [00:15:50<00:00:08,  0.61it/s, loss=0.0247]
Epoch 51: 100%|#########.| 584/585 [00:15:56<00:00:01,  0.61it/s, loss=0.0248]
Epoch 51: 100%|##########| 585/585 [00:15:57<00:00:00,  0.61it/s, loss=0.0248]
Test loss: 0.0228, Test rmsae: 7.18deg
{"event": "epoch_complete", "epoch": 51, "phase": 2, "lr": 1e-05, "batch_size": 10, "micro_batch_size": 1, "train_loss": 0.024786375720913592, "val_loss": 0.02284590809722431, "val_rmsae_deg": 7.179090663790703, "epoch_time_s": 959.0050308110658}
Epoch 52/80:
Epoch 52:   1%|..........| 4/585 [00:00:05<00:14:22,  0.67it/s, loss=0.0279]
Epoch 52:   1%|..........| 8/585 [00:00:12<00:15:14,  0.63it/s, loss=0.0257]
Epoch 52:   2%|..........| 12/585 [00:00:18<00:15:03,  0.63it/s, loss=0.0252]
Epoch 52:   3%|..........| 15/585 [00:00:23<00:15:10,  0.63it/s, loss=0.0254]
Epoch 52:   3%|..........| 18/585 [00:00:29<00:15:23,  0.61it/s, loss=0.0259]
Epoch 52:   4%|..........| 21/585 [00:00:34<00:15:34,  0.60it/s, loss=0.0256]
Epoch 52:   4%|..........| 25/585 [00:00:40<00:15:10,  0.62it/s, loss=0.0254]
Epoch 52:   5%|..........| 29/585 [00:00:46<00:14:57,  0.62it/s, loss=0.0247]
Epoch 52:   6%|..........| 33/585 [00:00:53<00:14:55,  0.62it/s, loss=0.0244]
Epoch 52:   6%|..........| 37/585 [00:00:59<00:14:44,  0.62it/s, loss=0.0243]
Epoch 52:   7%|..........| 41/585 [00:01:05<00:14:34,  0.62it/s, loss=0.0242]
Epoch 52:   8%|..........| 44/585 [00:01:11<00:14:44,  0.61it/s, loss=0.0246]
Epoch 52:   8%|..........| 47/585 [00:01:17<00:14:47,  0.61it/s, loss=0.0245]
Epoch 52:   9%|..........| 50/585 [00:01:22<00:14:43,  0.61it/s, loss=0.0244]
Epoch 52:   9%|..........| 54/585 [00:01:28<00:14:29,  0.61it/s, loss=0.0243]
Epoch 52:  10%|..........| 58/585 [00:01:34<00:14:20,  0.61it/s, loss=0.0245]
Epoch 52:  10%|#.........| 61/585 [00:01:39<00:14:18,  0.61it/s, loss=0.0245]
Epoch 52:  11%|#.........| 65/585 [00:01:46<00:14:09,  0.61it/s, loss=0.0246]
Epoch 52:  12%|#.........| 68/585 [00:01:51<00:14:07,  0.61it/s, loss=0.0246]
Epoch 52:  12%|#.........| 71/585 [00:01:56<00:14:06,  0.61it/s, loss=0.0246]
Epoch 52:  13%|#.........| 74/585 [00:02:03<00:14:11,  0.60it/s, loss=0.0246]
Epoch 52:  13%|#.........| 77/585 [00:02:08<00:14:07,  0.60it/s, loss=0.0247]
Epoch 52:  14%|#.........| 81/585 [00:02:15<00:14:00,  0.60it/s, loss=0.0248]
Epoch 52:  15%|#.........| 85/585 [00:02:21<00:13:51,  0.60it/s, loss=0.0248]
Epoch 52:  15%|#.........| 89/585 [00:02:27<00:13:40,  0.60it/s, loss=0.0247]
Epoch 52:  16%|#.........| 93/585 [00:02:33<00:13:31,  0.61it/s, loss=0.0247]
Epoch 52:  17%|#.........| 97/585 [00:02:39<00:13:22,  0.61it/s, loss=0.0247]
Epoch 52:  17%|#.........| 100/585 [00:02:44<00:13:19,  0.61it/s, loss=0.0247]
Epoch 52:  18%|#.........| 104/585 [00:02:51<00:13:11,  0.61it/s, loss=0.0246]
Epoch 52:  18%|#.........| 108/585 [00:02:58<00:13:06,  0.61it/s, loss=0.0248]
Epoch 52:  19%|#.........| 112/585 [00:03:04<00:12:59,  0.61it/s, loss=0.0246]
Epoch 52:  20%|#.........| 115/585 [00:03:09<00:12:55,  0.61it/s, loss=0.0247]
Epoch 52:  20%|##........| 118/585 [00:03:14<00:12:51,  0.61it/s, loss=0.0248]
Epoch 52:  21%|##........| 121/585 [00:03:19<00:12:46,  0.61it/s, loss=0.0247]
Epoch 52:  21%|##........| 124/585 [00:03:25<00:12:42,  0.60it/s, loss=0.0247]
Epoch 52:  22%|##........| 127/585 [00:03:31<00:12:42,  0.60it/s, loss=0.0248]
Epoch 52:  22%|##........| 131/585 [00:03:37<00:12:34,  0.60it/s, loss=0.0248]
Epoch 52:  23%|##........| 134/585 [00:03:43<00:12:31,  0.60it/s, loss=0.0255]
Epoch 52:  24%|##........| 138/585 [00:03:49<00:12:22,  0.60it/s, loss=0.0254]
Epoch 52:  24%|##........| 142/585 [00:03:55<00:12:15,  0.60it/s, loss=0.0255]
Epoch 52:  25%|##........| 146/585 [00:04:01<00:12:06,  0.60it/s, loss=0.0254]
Epoch 52:  25%|##........| 149/585 [00:04:06<00:12:02,  0.60it/s, loss=0.0255]
Epoch 52:  26%|##........| 153/585 [00:04:13<00:11:54,  0.60it/s, loss=0.0254]
Epoch 52:  27%|##........| 156/585 [00:04:18<00:11:50,  0.60it/s, loss=0.0255]
Epoch 52:  27%|##........| 160/585 [00:04:23<00:11:41,  0.61it/s, loss=0.0258]
Epoch 52:  28%|##........| 164/585 [00:04:30<00:11:33,  0.61it/s, loss=0.0263]
Epoch 52:  29%|##........| 167/585 [00:04:35<00:11:30,  0.61it/s, loss=0.0264]
Epoch 52:  29%|##........| 171/585 [00:04:42<00:11:23,  0.61it/s, loss=0.0262]
Epoch 52:  30%|##........| 175/585 [00:04:48<00:11:16,  0.61it/s, loss=0.0262]
Epoch 52:  30%|###.......| 178/585 [00:04:53<00:11:11,  0.61it/s, loss=0.0262]
Epoch 52:  31%|###.......| 182/585 [00:05:00<00:11:04,  0.61it/s, loss=0.0261]
Epoch 52:  32%|###.......| 185/585 [00:05:05<00:11:00,  0.61it/s, loss=0.0262]
Epoch 52:  32%|###.......| 189/585 [00:05:11<00:10:53,  0.61it/s, loss=0.0262]
Epoch 52:  33%|###.......| 192/585 [00:05:17<00:10:49,  0.61it/s, loss=0.0265]
Epoch 52:  33%|###.......| 195/585 [00:05:22<00:10:45,  0.60it/s, loss=0.0265]
Epoch 52:  34%|###.......| 199/585 [00:05:28<00:10:38,  0.60it/s, loss=0.0265]
Epoch 52:  35%|###.......| 202/585 [00:05:34<00:10:33,  0.60it/s, loss=0.0265]
Epoch 52:  35%|###.......| 206/585 [00:05:40<00:10:26,  0.60it/s, loss=0.0266]
Epoch 52:  36%|###.......| 209/585 [00:05:45<00:10:21,  0.60it/s, loss=0.0265]
Epoch 52:  36%|###.......| 213/585 [00:05:51<00:10:14,  0.61it/s, loss=0.0265]
Epoch 52:  37%|###.......| 216/585 [00:05:57<00:10:11,  0.60it/s, loss=0.0265]
Epoch 52:  38%|###.......| 220/585 [00:06:03<00:10:03,  0.60it/s, loss=0.0264]
Epoch 52:  38%|###.......| 223/585 [00:06:09<00:09:59,  0.60it/s, loss=0.0264]
Epoch 52:  39%|###.......| 226/585 [00:06:14<00:09:55,  0.60it/s, loss=0.0263]
Epoch 52:  39%|###.......| 230/585 [00:06:20<00:09:47,  0.60it/s, loss=0.0263]
Epoch 52:  40%|###.......| 233/585 [00:06:26<00:09:44,  0.60it/s, loss=0.0264]
Epoch 52:  41%|####......| 237/585 [00:06:33<00:09:37,  0.60it/s, loss=0.0263]
Epoch 52:  41%|####......| 240/585 [00:06:38<00:09:32,  0.60it/s, loss=0.0264]
Epoch 52:  42%|####......| 244/585 [00:06:45<00:09:26,  0.60it/s, loss=0.0264]
Epoch 52:  42%|####......| 248/585 [00:06:51<00:09:19,  0.60it/s, loss=0.0264]
Epoch 52:  43%|####......| 252/585 [00:06:57<00:09:12,  0.60it/s, loss=0.0263]
Epoch 52:  44%|####......| 256/585 [00:07:04<00:09:05,  0.60it/s, loss=0.0263]
Epoch 52:  44%|####......| 260/585 [00:07:11<00:08:58,  0.60it/s, loss=0.0263]
Epoch 52:  45%|####......| 264/585 [00:07:17<00:08:52,  0.60it/s, loss=0.0263]
Epoch 52:  46%|####......| 268/585 [00:07:25<00:08:46,  0.60it/s, loss=0.0266]
Epoch 52:  46%|####......| 272/585 [00:07:30<00:08:38,  0.60it/s, loss=0.0265]
Epoch 52:  47%|####......| 275/585 [00:07:35<00:08:34,  0.60it/s, loss=0.0265]
Epoch 52:  47%|####......| 277/585 [00:07:41<00:08:32,  0.60it/s, loss=0.0265]
Epoch 52:  48%|####......| 280/585 [00:07:46<00:08:28,  0.60it/s, loss=0.0265]
Epoch 52:  49%|####......| 284/585 [00:07:52<00:08:20,  0.60it/s, loss=0.0265]
Epoch 52:  49%|####......| 287/585 [00:07:57<00:08:15,  0.60it/s, loss=0.0265]
Epoch 52:  50%|####......| 290/585 [00:08:02<00:08:11,  0.60it/s, loss=0.0264]
Epoch 52:  50%|#####.....| 294/585 [00:08:09<00:08:04,  0.60it/s, loss=0.0264]
Epoch 52:  51%|#####.....| 298/585 [00:08:16<00:07:57,  0.60it/s, loss=0.0264]
Epoch 52:  52%|#####.....| 302/585 [00:08:22<00:07:50,  0.60it/s, loss=0.0264]
Epoch 52:  52%|#####.....| 306/585 [00:08:29<00:07:44,  0.60it/s, loss=0.0264]
Epoch 52:  53%|#####.....| 310/585 [00:08:35<00:07:37,  0.60it/s, loss=0.0264]
Epoch 52:  54%|#####.....| 314/585 [00:08:42<00:07:30,  0.60it/s, loss=0.0263]
Epoch 52:  54%|#####.....| 317/585 [00:08:47<00:07:25,  0.60it/s, loss=0.0263]
Epoch 52:  55%|#####.....| 321/585 [00:08:53<00:07:18,  0.60it/s, loss=0.0262]
Epoch 52:  55%|#####.....| 324/585 [00:08:58<00:07:14,  0.60it/s, loss=0.0263]
Epoch 52:  56%|#####.....| 328/585 [00:09:05<00:07:07,  0.60it/s, loss=0.0262]
Epoch 52:  57%|#####.....| 331/585 [00:09:10<00:07:02,  0.60it/s, loss=0.0262]
Epoch 52:  57%|#####.....| 334/585 [00:09:15<00:06:57,  0.60it/s, loss=0.0262]
Epoch 52:  58%|#####.....| 337/585 [00:09:21<00:06:52,  0.60it/s, loss=0.0262]
Epoch 52:  58%|#####.....| 341/585 [00:09:27<00:06:45,  0.60it/s, loss=0.0262]
Epoch 52:  59%|#####.....| 345/585 [00:09:33<00:06:38,  0.60it/s, loss=0.0262]
Epoch 52:  60%|#####.....| 349/585 [00:09:40<00:06:32,  0.60it/s, loss=0.0262]
Epoch 52:  60%|######....| 353/585 [00:09:46<00:06:25,  0.60it/s, loss=0.0262]
Epoch 52:  61%|######....| 356/585 [00:09:51<00:06:20,  0.60it/s, loss=0.0263]
Epoch 52:  62%|######....| 360/585 [00:09:57<00:06:13,  0.60it/s, loss=0.0263]
Epoch 52:  62%|######....| 364/585 [00:10:04<00:06:06,  0.60it/s, loss=0.0262]
Epoch 52:  63%|######....| 368/585 [00:10:10<00:05:59,  0.60it/s, loss=0.0262]
Epoch 52:  64%|######....| 372/585 [00:10:16<00:05:52,  0.60it/s, loss=0.0262]
Epoch 52:  64%|######....| 376/585 [00:10:21<00:05:45,  0.60it/s, loss=0.0262]
Epoch 52:  65%|######....| 379/585 [00:10:27<00:05:40,  0.60it/s, loss=0.0262]
Epoch 52:  65%|######....| 383/585 [00:10:33<00:05:33,  0.60it/s, loss=0.0261]
Epoch 52:  66%|######....| 386/585 [00:10:38<00:05:28,  0.60it/s, loss=0.0261]
Epoch 52:  67%|######....| 390/585 [00:10:44<00:05:22,  0.61it/s, loss=0.0261]
Epoch 52:  67%|######....| 394/585 [00:10:50<00:05:15,  0.61it/s, loss=0.0261]
Epoch 52:  68%|######....| 398/585 [00:10:57<00:05:08,  0.61it/s, loss=0.0261]
Epoch 52:  69%|######....| 402/585 [00:11:03<00:05:01,  0.61it/s, loss=0.0261]
Epoch 52:  69%|######....| 406/585 [00:11:09<00:04:55,  0.61it/s, loss=0.0261]
Epoch 52:  70%|#######...| 410/585 [00:11:16<00:04:48,  0.61it/s, loss=0.0261]
Epoch 52:  71%|#######...| 414/585 [00:11:22<00:04:42,  0.61it/s, loss=0.0261]
Epoch 52:  71%|#######...| 417/585 [00:11:28<00:04:37,  0.61it/s, loss=0.0260]
Epoch 52:  72%|#######...| 421/585 [00:11:34<00:04:30,  0.61it/s, loss=0.0260]
Epoch 52:  72%|#######...| 424/585 [00:11:40<00:04:25,  0.61it/s, loss=0.0260]
Epoch 52:  73%|#######...| 427/585 [00:11:45<00:04:21,  0.61it/s, loss=0.0260]
Epoch 52:  74%|#######...| 431/585 [00:11:51<00:04:14,  0.61it/s, loss=0.0260]
Epoch 52:  74%|#######...| 435/585 [00:11:57<00:04:07,  0.61it/s, loss=0.0260]
Epoch 52:  75%|#######...| 439/585 [00:12:03<00:04:00,  0.61it/s, loss=0.0260]
Epoch 52:  76%|#######...| 442/585 [00:12:09<00:03:55,  0.61it/s, loss=0.0260]
Epoch 52:  76%|#######...| 446/585 [00:12:16<00:03:49,  0.61it/s, loss=0.0259]
Epoch 52:  77%|#######...| 449/585 [00:12:21<00:03:44,  0.61it/s, loss=0.0259]
Epoch 52:  77%|#######...| 453/585 [00:12:28<00:03:37,  0.61it/s, loss=0.0259]
Epoch 52:  78%|#######...| 456/585 [00:12:33<00:03:33,  0.61it/s, loss=0.0260]
Epoch 52:  79%|#######...| 460/585 [00:12:39<00:03:26,  0.61it/s, loss=0.0260]
Epoch 52:  79%|#######...| 464/585 [00:12:45<00:03:19,  0.61it/s, loss=0.0260]
Epoch 52:  80%|########..| 468/585 [00:12:51<00:03:12,  0.61it/s, loss=0.0259]
Epoch 52:  81%|########..| 471/585 [00:12:57<00:03:08,  0.61it/s, loss=0.0259]
Epoch 52:  81%|########..| 475/585 [00:13:03<00:03:01,  0.61it/s, loss=0.0259]
Epoch 52:  82%|########..| 479/585 [00:13:10<00:02:54,  0.61it/s, loss=0.0259]
Epoch 52:  83%|########..| 483/585 [00:13:15<00:02:48,  0.61it/s, loss=0.0259]
Epoch 52:  83%|########..| 486/585 [00:13:21<00:02:43,  0.61it/s, loss=0.0259]
Epoch 52:  84%|########..| 490/585 [00:13:27<00:02:36,  0.61it/s, loss=0.0258]
Epoch 52:  84%|########..| 494/585 [00:13:34<00:02:29,  0.61it/s, loss=0.0259]
Epoch 52:  85%|########..| 497/585 [00:13:39<00:02:25,  0.61it/s, loss=0.0259]
Epoch 52:  85%|########..| 500/585 [00:13:44<00:02:20,  0.61it/s, loss=0.0258]
Epoch 52:  86%|########..| 503/585 [00:13:49<00:02:15,  0.61it/s, loss=0.0258]
Epoch 52:  87%|########..| 507/585 [00:13:55<00:02:08,  0.61it/s, loss=0.0258]
Epoch 52:  87%|########..| 511/585 [00:14:02<00:02:02,  0.61it/s, loss=0.0258]
Epoch 52:  88%|########..| 514/585 [00:14:08<00:01:57,  0.61it/s, loss=0.0258]
Epoch 52:  88%|########..| 517/585 [00:14:13<00:01:52,  0.61it/s, loss=0.0258]
Epoch 52:  89%|########..| 521/585 [00:14:19<00:01:45,  0.61it/s, loss=0.0258]
Epoch 52:  90%|########..| 525/585 [00:14:26<00:01:39,  0.61it/s, loss=0.0257]
Epoch 52:  90%|#########.| 529/585 [00:14:32<00:01:32,  0.61it/s, loss=0.0257]
Epoch 52:  91%|#########.| 533/585 [00:14:38<00:01:25,  0.61it/s, loss=0.0257]
Epoch 52:  92%|#########.| 537/585 [00:14:44<00:01:19,  0.61it/s, loss=0.0257]
Epoch 52:  92%|#########.| 541/585 [00:14:51<00:01:12,  0.61it/s, loss=0.0256]
Epoch 52:  93%|#########.| 544/585 [00:14:57<00:01:07,  0.61it/s, loss=0.0257]
Epoch 52:  94%|#########.| 548/585 [00:15:05<00:01:01,  0.61it/s, loss=0.0257]
Epoch 52:  94%|#########.| 551/585 [00:15:10<00:00:56,  0.61it/s, loss=0.0257]
Epoch 52:  95%|#########.| 555/585 [00:15:16<00:00:49,  0.61it/s, loss=0.0257]
Epoch 52:  95%|#########.| 558/585 [00:15:22<00:00:44,  0.60it/s, loss=0.0257]
Epoch 52:  96%|#########.| 561/585 [00:15:28<00:00:39,  0.60it/s, loss=0.0257]
Epoch 52:  96%|#########.| 564/585 [00:15:33<00:00:34,  0.60it/s, loss=0.0257]
Epoch 52:  97%|#########.| 567/585 [00:15:38<00:00:29,  0.60it/s, loss=0.0257]
Epoch 52:  98%|#########.| 571/585 [00:15:44<00:00:23,  0.60it/s, loss=0.0256]
Epoch 52:  98%|#########.| 574/585 [00:15:50<00:00:18,  0.60it/s, loss=0.0256]
Epoch 52:  99%|#########.| 577/585 [00:15:56<00:00:13,  0.60it/s, loss=0.0256]
Epoch 52:  99%|#########.| 580/585 [00:16:01<00:00:08,  0.60it/s, loss=0.0256]
Epoch 52: 100%|#########.| 583/585 [00:16:06<00:00:03,  0.60it/s, loss=0.0256]
Epoch 52: 100%|##########| 585/585 [00:16:10<00:00:00,  0.60it/s, loss=0.0256]
Test loss: 0.0229, Test rmsae: 7.26deg
{"event": "epoch_complete", "epoch": 52, "phase": 2, "lr": 1e-05, "batch_size": 10, "micro_batch_size": 1, "train_loss": 0.025641704162853395, "val_loss": 0.022877802985021845, "val_rmsae_deg": 7.259152591228485, "epoch_time_s": 971.1368538709357}
Epoch 53/80:
Epoch 53:   1%|..........| 4/585 [00:00:06<00:14:51,  0.65it/s, loss=0.0228]
Epoch 53:   1%|..........| 8/585 [00:00:12<00:15:11,  0.63it/s, loss=0.0236]
Epoch 53:   2%|..........| 11/585 [00:00:17<00:15:20,  0.62it/s, loss=0.0244]
Epoch 53:   2%|..........| 14/585 [00:00:22<00:15:25,  0.62it/s, loss=0.0254]
Epoch 53:   3%|..........| 18/585 [00:00:28<00:15:10,  0.62it/s, loss=0.0257]
Epoch 53:   4%|..........| 22/585 [00:00:35<00:15:03,  0.62it/s, loss=0.0249]
Epoch 53:   4%|..........| 25/585 [00:00:40<00:15:04,  0.62it/s, loss=0.0246]
Epoch 53:   5%|..........| 28/585 [00:00:45<00:15:11,  0.61it/s, loss=0.0249]
Epoch 53:   5%|..........| 32/585 [00:00:52<00:15:06,  0.61it/s, loss=0.0244]
Epoch 53:   6%|..........| 36/585 [00:00:58<00:14:50,  0.62it/s, loss=0.0245]
Epoch 53:   7%|..........| 39/585 [00:01:03<00:14:55,  0.61it/s, loss=0.0253]
Epoch 53:   7%|..........| 43/585 [00:01:10<00:14:47,  0.61it/s, loss=0.0248]
Epoch 53:   8%|..........| 47/585 [00:01:16<00:14:31,  0.62it/s, loss=0.0246]
Epoch 53:   9%|..........| 51/585 [00:01:23<00:14:31,  0.61it/s, loss=0.0252]
Epoch 53:   9%|..........| 55/585 [00:01:29<00:14:21,  0.62it/s, loss=0.0252]
Epoch 53:  10%|#.........| 59/585 [00:01:35<00:14:10,  0.62it/s, loss=0.0251]
Epoch 53:  11%|#.........| 63/585 [00:01:41<00:13:59,  0.62it/s, loss=0.0253]
Epoch 53:  11%|#.........| 67/585 [00:01:47<00:13:48,  0.63it/s, loss=0.0252]
Epoch 53:  12%|#.........| 71/585 [00:01:53<00:13:40,  0.63it/s, loss=0.0249]
Epoch 53:  13%|#.........| 74/585 [00:01:58<00:13:38,  0.62it/s, loss=0.0248]
Epoch 53:  13%|#.........| 78/585 [00:02:04<00:13:31,  0.62it/s, loss=0.0247]
Epoch 53:  14%|#.........| 82/585 [00:02:11<00:13:25,  0.62it/s, loss=0.0247]
Epoch 53:  15%|#.........| 85/585 [00:02:17<00:13:26,  0.62it/s, loss=0.0249]
Epoch 53:  15%|#.........| 88/585 [00:02:22<00:13:26,  0.62it/s, loss=0.0250]
Epoch 53:  16%|#.........| 92/585 [00:02:28<00:13:18,  0.62it/s, loss=0.0248]
Epoch 53:  16%|#.........| 96/585 [00:02:35<00:13:11,  0.62it/s, loss=0.0250]
Epoch 53:  17%|#.........| 99/585 [00:02:40<00:13:07,  0.62it/s, loss=0.0250]
Epoch 53:  17%|#.........| 102/585 [00:02:45<00:13:03,  0.62it/s, loss=0.0252]
Epoch 53:  18%|#.........| 105/585 [00:02:51<00:13:02,  0.61it/s, loss=0.0251]
Epoch 53:  18%|#.........| 108/585 [00:02:56<00:13:00,  0.61it/s, loss=0.0251]
Epoch 53:  19%|#.........| 111/585 [00:03:02<00:12:57,  0.61it/s, loss=0.0250]
Epoch 53:  20%|#.........| 115/585 [00:03:08<00:12:50,  0.61it/s, loss=0.0250]
Epoch 53:  20%|##........| 119/585 [00:03:14<00:12:41,  0.61it/s, loss=0.0249]
Epoch 53:  21%|##........| 123/585 [00:03:20<00:12:33,  0.61it/s, loss=0.0249]
Epoch 53:  22%|##........| 126/585 [00:03:26<00:12:31,  0.61it/s, loss=0.0248]
Epoch 53:  22%|##........| 129/585 [00:03:32<00:12:30,  0.61it/s, loss=0.0249]
Epoch 53:  23%|##........| 132/585 [00:03:37<00:12:25,  0.61it/s, loss=0.0249]
Epoch 53:  23%|##........| 136/585 [00:03:43<00:12:18,  0.61it/s, loss=0.0248]
Epoch 53:  24%|##........| 140/585 [00:03:50<00:12:11,  0.61it/s, loss=0.0247]
Epoch 53:  25%|##........| 144/585 [00:03:56<00:12:03,  0.61it/s, loss=0.0247]
Epoch 53:  25%|##........| 147/585 [00:04:01<00:12:00,  0.61it/s, loss=0.0248]
Epoch 53:  26%|##........| 151/585 [00:04:08<00:11:52,  0.61it/s, loss=0.0248]
Epoch 53:  26%|##........| 154/585 [00:04:13<00:11:48,  0.61it/s, loss=0.0247]
Epoch 53:  27%|##........| 158/585 [00:04:19<00:11:40,  0.61it/s, loss=0.0247]
Epoch 53:  28%|##........| 161/585 [00:04:24<00:11:35,  0.61it/s, loss=0.0247]
Epoch 53:  28%|##........| 165/585 [00:04:30<00:11:27,  0.61it/s, loss=0.0246]
Epoch 53:  29%|##........| 168/585 [00:04:35<00:11:24,  0.61it/s, loss=0.0246]
Epoch 53:  29%|##........| 172/585 [00:04:41<00:11:16,  0.61it/s, loss=0.0246]
Epoch 53:  30%|##........| 175/585 [00:04:46<00:11:12,  0.61it/s, loss=0.0246]
Epoch 53:  31%|###.......| 179/585 [00:04:52<00:11:03,  0.61it/s, loss=0.0246]
Epoch 53:  31%|###.......| 183/585 [00:04:59<00:10:57,  0.61it/s, loss=0.0246]
Epoch 53:  32%|###.......| 187/585 [00:05:05<00:10:50,  0.61it/s, loss=0.0245]
Epoch 53:  32%|###.......| 190/585 [00:05:10<00:10:46,  0.61it/s, loss=0.0246]
Epoch 53:  33%|###.......| 194/585 [00:05:17<00:10:39,  0.61it/s, loss=0.0245]
Epoch 53:  34%|###.......| 198/585 [00:05:23<00:10:31,  0.61it/s, loss=0.0245]
Epoch 53:  34%|###.......| 201/585 [00:05:28<00:10:27,  0.61it/s, loss=0.0245]
Epoch 53:  35%|###.......| 205/585 [00:05:34<00:10:20,  0.61it/s, loss=0.0245]
Epoch 53:  36%|###.......| 209/585 [00:05:40<00:10:12,  0.61it/s, loss=0.0244]
Epoch 53:  36%|###.......| 213/585 [00:05:46<00:10:04,  0.62it/s, loss=0.0244]
Epoch 53:  37%|###.......| 217/585 [00:05:52<00:09:57,  0.62it/s, loss=0.0243]
Epoch 53:  38%|###.......| 221/585 [00:05:58<00:09:50,  0.62it/s, loss=0.0243]
Epoch 53:  38%|###.......| 224/585 [00:06:03<00:09:45,  0.62it/s, loss=0.0245]
Epoch 53:  39%|###.......| 227/585 [00:06:08<00:09:41,  0.62it/s, loss=0.0246]
Epoch 53:  39%|###.......| 231/585 [00:06:14<00:09:33,  0.62it/s, loss=0.0246]
Epoch 53:  40%|####......| 234/585 [00:06:19<00:09:29,  0.62it/s, loss=0.0246]
Epoch 53:  41%|####......| 237/585 [00:06:25<00:09:25,  0.62it/s, loss=0.0246]
Epoch 53:  41%|####......| 240/585 [00:06:30<00:09:20,  0.62it/s, loss=0.0246]
Epoch 53:  42%|####......| 244/585 [00:06:36<00:09:14,  0.61it/s, loss=0.0246]
Epoch 53:  42%|####......| 247/585 [00:06:41<00:09:10,  0.61it/s, loss=0.0250]
Epoch 53:  43%|####......| 251/585 [00:06:47<00:09:02,  0.62it/s, loss=0.0250]
Epoch 53:  44%|####......| 255/585 [00:06:54<00:08:56,  0.62it/s, loss=0.0250]
Epoch 53:  44%|####......| 259/585 [00:07:00<00:08:49,  0.62it/s, loss=0.0249]
Epoch 53:  45%|####......| 263/585 [00:07:07<00:08:43,  0.61it/s, loss=0.0249]
Epoch 53:  46%|####......| 267/585 [00:07:14<00:08:36,  0.62it/s, loss=0.0249]
Epoch 53:  46%|####......| 271/585 [00:07:20<00:08:30,  0.62it/s, loss=0.0249]
Epoch 53:  47%|####......| 275/585 [00:07:26<00:08:23,  0.62it/s, loss=0.0249]
Epoch 53:  48%|####......| 279/585 [00:07:33<00:08:17,  0.62it/s, loss=0.0249]
Epoch 53:  48%|####......| 283/585 [00:07:39<00:08:09,  0.62it/s, loss=0.0248]
Epoch 53:  49%|####......| 286/585 [00:07:44<00:08:05,  0.62it/s, loss=0.0248]
Epoch 53:  50%|####......| 290/585 [00:07:51<00:07:59,  0.62it/s, loss=0.0248]
Epoch 53:  50%|#####.....| 294/585 [00:07:57<00:07:52,  0.62it/s, loss=0.0248]
Epoch 53:  51%|#####.....| 297/585 [00:08:02<00:07:48,  0.62it/s, loss=0.0251]
Epoch 53:  51%|#####.....| 301/585 [00:08:09<00:07:41,  0.62it/s, loss=0.0251]
Epoch 53:  52%|#####.....| 304/585 [00:08:14<00:07:37,  0.61it/s, loss=0.0251]
Epoch 53:  52%|#####.....| 307/585 [00:08:20<00:07:33,  0.61it/s, loss=0.0251]
Epoch 53:  53%|#####.....| 311/585 [00:08:26<00:07:26,  0.61it/s, loss=0.0251]
Epoch 53:  54%|#####.....| 315/585 [00:08:32<00:07:19,  0.61it/s, loss=0.0251]
Epoch 53:  55%|#####.....| 319/585 [00:08:39<00:07:12,  0.61it/s, loss=0.0251]
Epoch 53:  55%|#####.....| 323/585 [00:08:45<00:07:05,  0.62it/s, loss=0.0250]
Epoch 53:  56%|#####.....| 327/585 [00:08:51<00:06:59,  0.62it/s, loss=0.0250]
Epoch 53:  56%|#####.....| 330/585 [00:08:56<00:06:54,  0.62it/s, loss=0.0250]
Epoch 53:  57%|#####.....| 334/585 [00:09:02<00:06:47,  0.62it/s, loss=0.0251]
Epoch 53:  58%|#####.....| 337/585 [00:09:07<00:06:43,  0.61it/s, loss=0.0250]
Epoch 53:  58%|#####.....| 341/585 [00:09:14<00:06:36,  0.62it/s, loss=0.0250]
Epoch 53:  59%|#####.....| 344/585 [00:09:19<00:06:32,  0.61it/s, loss=0.0250]
Epoch 53:  59%|#####.....| 348/585 [00:09:25<00:06:25,  0.61it/s, loss=0.0250]
Epoch 53:  60%|######....| 352/585 [00:09:32<00:06:18,  0.62it/s, loss=0.0250]
Epoch 53:  61%|######....| 355/585 [00:09:38<00:06:15,  0.61it/s, loss=0.0250]
Epoch 53:  61%|######....| 359/585 [00:09:44<00:06:08,  0.61it/s, loss=0.0250]
Epoch 53:  62%|######....| 363/585 [00:09:51<00:06:01,  0.61it/s, loss=0.0250]
Epoch 53:  63%|######....| 367/585 [00:09:56<00:05:54,  0.61it/s, loss=0.0250]
Epoch 53:  63%|######....| 371/585 [00:10:03<00:05:47,  0.62it/s, loss=0.0250]
Epoch 53:  64%|######....| 375/585 [00:10:08<00:05:40,  0.62it/s, loss=0.0250]
Epoch 53:  65%|######....| 379/585 [00:10:16<00:05:34,  0.61it/s, loss=0.0250]
Epoch 53:  65%|######....| 382/585 [00:10:21<00:05:30,  0.61it/s, loss=0.0249]
Epoch 53:  66%|######....| 386/585 [00:10:27<00:05:23,  0.62it/s, loss=0.0249]
Epoch 53:  67%|######....| 390/585 [00:10:33<00:05:16,  0.62it/s, loss=0.0249]
Epoch 53:  67%|######....| 393/585 [00:10:38<00:05:12,  0.62it/s, loss=0.0249]
Epoch 53:  68%|######....| 397/585 [00:10:44<00:05:05,  0.62it/s, loss=0.0249]
Epoch 53:  68%|######....| 400/585 [00:10:50<00:05:00,  0.62it/s, loss=0.0249]
Epoch 53:  69%|######....| 404/585 [00:10:56<00:04:54,  0.62it/s, loss=0.0249]
Epoch 53:  70%|######....| 408/585 [00:11:02<00:04:47,  0.62it/s, loss=0.0249]
Epoch 53:  70%|#######...| 411/585 [00:11:08<00:04:42,  0.62it/s, loss=0.0249]
Epoch 53:  71%|#######...| 415/585 [00:11:15<00:04:36,  0.61it/s, loss=0.0250]
Epoch 53:  71%|#######...| 418/585 [00:11:20<00:04:31,  0.61it/s, loss=0.0250]
Epoch 53:  72%|#######...| 421/585 [00:11:25<00:04:27,  0.61it/s, loss=0.0251]
Epoch 53:  73%|#######...| 425/585 [00:11:31<00:04:20,  0.61it/s, loss=0.0251]
Epoch 53:  73%|#######...| 429/585 [00:11:38<00:04:13,  0.61it/s, loss=0.0251]
Epoch 53:  74%|#######...| 433/585 [00:11:44<00:04:07,  0.61it/s, loss=0.0250]
Epoch 53:  75%|#######...| 436/585 [00:11:49<00:04:02,  0.61it/s, loss=0.0251]
Epoch 53:  75%|#######...| 440/585 [00:11:56<00:03:55,  0.61it/s, loss=0.0251]
Epoch 53:  76%|#######...| 444/585 [00:12:02<00:03:49,  0.61it/s, loss=0.0250]
Epoch 53:  77%|#######...| 448/585 [00:12:08<00:03:42,  0.62it/s, loss=0.0250]
Epoch 53:  77%|#######...| 452/585 [00:12:14<00:03:36,  0.62it/s, loss=0.0251]
Epoch 53:  78%|#######...| 456/585 [00:12:20<00:03:29,  0.62it/s, loss=0.0251]
Epoch 53:  78%|#######...| 459/585 [00:12:25<00:03:24,  0.62it/s, loss=0.0251]
Epoch 53:  79%|#######...| 463/585 [00:12:32<00:03:18,  0.62it/s, loss=0.0251]
Epoch 53:  80%|#######...| 467/585 [00:12:38<00:03:11,  0.62it/s, loss=0.0251]
Epoch 53:  81%|########..| 471/585 [00:12:44<00:03:05,  0.62it/s, loss=0.0250]
Epoch 53:  81%|########..| 475/585 [00:12:49<00:02:58,  0.62it/s, loss=0.0250]
Epoch 53:  82%|########..| 479/585 [00:12:56<00:02:51,  0.62it/s, loss=0.0250]
Epoch 53:  83%|########..| 483/585 [00:13:02<00:02:45,  0.62it/s, loss=0.0250]
Epoch 53:  83%|########..| 487/585 [00:13:08<00:02:38,  0.62it/s, loss=0.0250]
Epoch 53:  84%|########..| 491/585 [00:13:14<00:02:32,  0.62it/s, loss=0.0250]
Epoch 53:  84%|########..| 494/585 [00:13:21<00:02:27,  0.62it/s, loss=0.0250]
Epoch 53:  85%|########..| 497/585 [00:13:26<00:02:22,  0.62it/s, loss=0.0250]
Epoch 53:  85%|########..| 500/585 [00:13:32<00:02:18,  0.62it/s, loss=0.0250]
Epoch 53:  86%|########..| 504/585 [00:13:38<00:02:11,  0.62it/s, loss=0.0250]
Epoch 53:  87%|########..| 507/585 [00:13:43<00:02:06,  0.62it/s, loss=0.0250]
Epoch 53:  87%|########..| 511/585 [00:13:49<00:02:00,  0.62it/s, loss=0.0251]
Epoch 53:  88%|########..| 515/585 [00:13:55<00:01:53,  0.62it/s, loss=0.0251]
Epoch 53:  89%|########..| 518/585 [00:14:01<00:01:48,  0.62it/s, loss=0.0251]
Epoch 53:  89%|########..| 521/585 [00:14:07<00:01:44,  0.61it/s, loss=0.0252]
Epoch 53:  90%|########..| 525/585 [00:14:13<00:01:37,  0.62it/s, loss=0.0251]
Epoch 53:  90%|#########.| 528/585 [00:14:18<00:01:32,  0.62it/s, loss=0.0251]
Epoch 53:  91%|#########.| 531/585 [00:14:23<00:01:27,  0.62it/s, loss=0.0251]
Epoch 53:  91%|#########.| 535/585 [00:14:29<00:01:21,  0.62it/s, loss=0.0251]
Epoch 53:  92%|#########.| 539/585 [00:14:35<00:01:14,  0.62it/s, loss=0.0251]
Epoch 53:  93%|#########.| 543/585 [00:14:41<00:01:08,  0.62it/s, loss=0.0251]
Epoch 53:  94%|#########.| 547/585 [00:14:48<00:01:01,  0.62it/s, loss=0.0251]
Epoch 53:  94%|#########.| 551/585 [00:14:54<00:00:55,  0.62it/s, loss=0.0251]
Epoch 53:  95%|#########.| 555/585 [00:15:01<00:00:48,  0.62it/s, loss=0.0250]
Epoch 53:  96%|#########.| 559/585 [00:15:09<00:00:42,  0.61it/s, loss=0.0251]
Epoch 53:  96%|#########.| 563/585 [00:15:14<00:00:35,  0.62it/s, loss=0.0250]
Epoch 53:  97%|#########.| 567/585 [00:15:21<00:00:29,  0.62it/s, loss=0.0251]
Epoch 53:  98%|#########.| 571/585 [00:15:27<00:00:22,  0.62it/s, loss=0.0251]
Epoch 53:  98%|#########.| 575/585 [00:15:34<00:00:16,  0.62it/s, loss=0.0251]
Epoch 53:  99%|#########.| 578/585 [00:15:39<00:00:11,  0.62it/s, loss=0.0251]
Epoch 53:  99%|#########.| 582/585 [00:15:45<00:00:04,  0.62it/s, loss=0.0251]
Epoch 53: 100%|##########| 585/585 [00:15:51<00:00:00,  0.61it/s, loss=0.0251]
Test loss: 0.0229, Test rmsae: 7.16deg
{"event": "epoch_complete", "epoch": 53, "phase": 2, "lr": 1e-05, "batch_size": 10, "micro_batch_size": 1, "train_loss": 0.02513411118147465, "val_loss": 0.022885149024659768, "val_rmsae_deg": 7.16351580619812, "epoch_time_s": 952.55091316998}
Epoch 54/80:
Epoch 54:   1%|..........| 4/585 [00:00:06<00:15:01,  0.64it/s, loss=0.0220]
Epoch 54:   1%|..........| 8/585 [00:00:12<00:15:08,  0.64it/s, loss=0.0224]
Epoch 54:   2%|..........| 11/585 [00:00:19<00:16:55,  0.57it/s, loss=0.0226]
Epoch 54:   3%|..........| 15/585 [00:00:26<00:16:29,  0.58it/s, loss=0.0231]
Epoch 54:   3%|..........| 19/585 [00:00:31<00:15:45,  0.60it/s, loss=0.0220]
Epoch 54:   4%|..........| 23/585 [00:00:37<00:15:18,  0.61it/s, loss=0.0226]
Epoch 54:   5%|..........| 27/585 [00:00:43<00:15:01,  0.62it/s, loss=0.0227]
Epoch 54:   5%|..........| 31/585 [00:00:49<00:14:41,  0.63it/s, loss=0.0226]
Epoch 54:   6%|..........| 34/585 [00:00:54<00:14:46,  0.62it/s, loss=0.0228]
Epoch 54:   6%|..........| 38/585 [00:01:00<00:14:33,  0.63it/s, loss=0.0227]
Epoch 54:   7%|..........| 42/585 [00:01:06<00:14:24,  0.63it/s, loss=0.0225]
Epoch 54:   8%|..........| 46/585 [00:01:13<00:14:23,  0.62it/s, loss=0.0226]
Epoch 54:   9%|..........| 50/585 [00:01:19<00:14:14,  0.63it/s, loss=0.0225]
Epoch 54:   9%|..........| 54/585 [00:01:26<00:14:06,  0.63it/s, loss=0.0223]
Epoch 54:  10%|..........| 57/585 [00:01:31<00:14:06,  0.62it/s, loss=0.0222]
Epoch 54:  10%|#.........| 60/585 [00:01:37<00:14:10,  0.62it/s, loss=0.0224]
Epoch 54:  11%|#.........| 63/585 [00:01:42<00:14:07,  0.62it/s, loss=0.0226]
Epoch 54:  11%|#.........| 67/585 [00:01:48<00:14:01,  0.62it/s, loss=0.0227]
Epoch 54:  12%|#.........| 71/585 [00:01:55<00:13:53,  0.62it/s, loss=0.0229]
Epoch 54:  13%|#.........| 74/585 [00:02:00<00:13:51,  0.61it/s, loss=0.0232]
Epoch 54:  13%|#.........| 78/585 [00:02:06<00:13:42,  0.62it/s, loss=0.0233]
Epoch 54:  14%|#.........| 81/585 [00:02:12<00:13:42,  0.61it/s, loss=0.0233]
Epoch 54:  14%|#.........| 84/585 [00:02:18<00:13:43,  0.61it/s, loss=0.0236]
Epoch 54:  15%|#.........| 87/585 [00:02:23<00:13:42,  0.61it/s, loss=0.0238]
Epoch 54:  16%|#.........| 91/585 [00:02:30<00:13:34,  0.61it/s, loss=0.0238]
Epoch 54:  16%|#.........| 94/585 [00:02:35<00:13:32,  0.60it/s, loss=0.0239]
Epoch 54:  17%|#.........| 97/585 [00:02:40<00:13:29,  0.60it/s, loss=0.0240]
Epoch 54:  17%|#.........| 100/585 [00:02:46<00:13:26,  0.60it/s, loss=0.0240]
Epoch 54:  18%|#.........| 104/585 [00:02:53<00:13:21,  0.60it/s, loss=0.0241]
Epoch 54:  18%|#.........| 108/585 [00:02:59<00:13:13,  0.60it/s, loss=0.0242]
Epoch 54:  19%|#.........| 112/585 [00:03:05<00:13:04,  0.60it/s, loss=0.0241]
Epoch 54:  20%|#.........| 115/585 [00:03:10<00:12:59,  0.60it/s, loss=0.0242]
Epoch 54:  20%|##........| 118/585 [00:03:16<00:12:55,  0.60it/s, loss=0.0241]
Epoch 54:  21%|##........| 121/585 [00:03:21<00:12:50,  0.60it/s, loss=0.0240]
Epoch 54:  21%|##........| 124/585 [00:03:26<00:12:46,  0.60it/s, loss=0.0240]
Epoch 54:  22%|##........| 127/585 [00:03:31<00:12:44,  0.60it/s, loss=0.0240]
Epoch 54:  22%|##........| 131/585 [00:03:38<00:12:36,  0.60it/s, loss=0.0241]
Epoch 54:  23%|##........| 135/585 [00:03:44<00:12:26,  0.60it/s, loss=0.0240]
Epoch 54:  24%|##........| 139/585 [00:03:50<00:12:18,  0.60it/s, loss=0.0240]
Epoch 54:  24%|##........| 143/585 [00:03:56<00:12:10,  0.61it/s, loss=0.0243]
Epoch 54:  25%|##........| 147/585 [00:04:02<00:12:03,  0.61it/s, loss=0.0243]
Epoch 54:  26%|##........| 151/585 [00:04:08<00:11:55,  0.61it/s, loss=0.0243]
Epoch 54:  26%|##........| 154/585 [00:04:13<00:11:50,  0.61it/s, loss=0.0242]
Epoch 54:  27%|##........| 158/585 [00:04:20<00:11:43,  0.61it/s, loss=0.0241]
Epoch 54:  28%|##........| 161/585 [00:04:25<00:11:39,  0.61it/s, loss=0.0241]
Epoch 54:  28%|##........| 165/585 [00:04:31<00:11:32,  0.61it/s, loss=0.0242]
Epoch 54:  29%|##........| 169/585 [00:04:38<00:11:24,  0.61it/s, loss=0.0242]
Epoch 54:  29%|##........| 172/585 [00:04:43<00:11:21,  0.61it/s, loss=0.0242]
Epoch 54:  30%|###.......| 176/585 [00:04:50<00:11:14,  0.61it/s, loss=0.0241]
Epoch 54:  31%|###.......| 179/585 [00:04:56<00:11:13,  0.60it/s, loss=0.0241]
Epoch 54:  31%|###.......| 183/585 [00:05:02<00:11:05,  0.60it/s, loss=0.0240]
Epoch 54:  32%|###.......| 186/585 [00:05:08<00:11:00,  0.60it/s, loss=0.0241]
Epoch 54:  32%|###.......| 190/585 [00:05:14<00:10:53,  0.60it/s, loss=0.0241]
Epoch 54:  33%|###.......| 193/585 [00:05:20<00:10:50,  0.60it/s, loss=0.0241]
Epoch 54:  34%|###.......| 197/585 [00:05:26<00:10:42,  0.60it/s, loss=0.0242]
Epoch 54:  34%|###.......| 200/585 [00:05:31<00:10:37,  0.60it/s, loss=0.0242]
Epoch 54:  35%|###.......| 204/585 [00:05:37<00:10:30,  0.60it/s, loss=0.0242]
Epoch 54:  35%|###.......| 207/585 [00:05:43<00:10:27,  0.60it/s, loss=0.0241]
Epoch 54:  36%|###.......| 211/585 [00:05:49<00:10:20,  0.60it/s, loss=0.0241]
Epoch 54:  37%|###.......| 214/585 [00:05:55<00:10:15,  0.60it/s, loss=0.0242]
Epoch 54:  37%|###.......| 218/585 [00:06:01<00:10:08,  0.60it/s, loss=0.0242]
Epoch 54:  38%|###.......| 222/585 [00:06:07<00:10:00,  0.60it/s, loss=0.0242]
Epoch 54:  39%|###.......| 226/585 [00:06:13<00:09:53,  0.60it/s, loss=0.0242]
Epoch 54:  39%|###.......| 230/585 [00:06:20<00:09:47,  0.60it/s, loss=0.0243]
Epoch 54:  40%|####......| 234/585 [00:06:26<00:09:40,  0.61it/s, loss=0.0244]
Epoch 54:  41%|####......| 238/585 [00:06:32<00:09:32,  0.61it/s, loss=0.0244]
Epoch 54:  41%|####......| 241/585 [00:06:38<00:09:28,  0.60it/s, loss=0.0244]
Epoch 54:  42%|####......| 244/585 [00:06:43<00:09:24,  0.60it/s, loss=0.0244]
Epoch 54:  42%|####......| 248/585 [00:06:49<00:09:16,  0.61it/s, loss=0.0244]
Epoch 54:  43%|####......| 252/585 [00:06:56<00:09:09,  0.61it/s, loss=0.0244]
Epoch 54:  44%|####......| 256/585 [00:07:02<00:09:02,  0.61it/s, loss=0.0244]
Epoch 54:  44%|####......| 260/585 [00:07:08<00:08:55,  0.61it/s, loss=0.0244]
Epoch 54:  45%|####......| 264/585 [00:07:14<00:08:48,  0.61it/s, loss=0.0243]
Epoch 54:  46%|####......| 267/585 [00:07:20<00:08:44,  0.61it/s, loss=0.0244]
Epoch 54:  46%|####......| 271/585 [00:07:26<00:08:37,  0.61it/s, loss=0.0243]
Epoch 54:  47%|####......| 275/585 [00:07:32<00:08:30,  0.61it/s, loss=0.0243]
Epoch 54:  48%|####......| 279/585 [00:07:39<00:08:23,  0.61it/s, loss=0.0243]
Epoch 54:  48%|####......| 282/585 [00:07:44<00:08:18,  0.61it/s, loss=0.0243]
Epoch 54:  49%|####......| 285/585 [00:07:49<00:08:13,  0.61it/s, loss=0.0242]
Epoch 54:  49%|####......| 289/585 [00:07:55<00:08:07,  0.61it/s, loss=0.0242]
Epoch 54:  50%|#####.....| 293/585 [00:08:01<00:08:00,  0.61it/s, loss=0.0242]
Epoch 54:  51%|#####.....| 297/585 [00:08:07<00:07:52,  0.61it/s, loss=0.0242]
Epoch 54:  51%|#####.....| 301/585 [00:08:13<00:07:45,  0.61it/s, loss=0.0243]
Epoch 54:  52%|#####.....| 305/585 [00:08:19<00:07:38,  0.61it/s, loss=0.0243]
Epoch 54:  53%|#####.....| 308/585 [00:08:24<00:07:34,  0.61it/s, loss=0.0243]
Epoch 54:  53%|#####.....| 312/585 [00:08:30<00:07:27,  0.61it/s, loss=0.0243]
Epoch 54:  54%|#####.....| 315/585 [00:08:36<00:07:22,  0.61it/s, loss=0.0244]
Epoch 54:  55%|#####.....| 319/585 [00:08:42<00:07:15,  0.61it/s, loss=0.0243]
Epoch 54:  55%|#####.....| 323/585 [00:08:48<00:07:08,  0.61it/s, loss=0.0243]
Epoch 54:  56%|#####.....| 327/585 [00:08:54<00:07:01,  0.61it/s, loss=0.0243]
Epoch 54:  57%|#####.....| 331/585 [00:09:01<00:06:55,  0.61it/s, loss=0.0243]
Epoch 54:  57%|#####.....| 335/585 [00:09:07<00:06:48,  0.61it/s, loss=0.0242]
Epoch 54:  58%|#####.....| 339/585 [00:09:14<00:06:42,  0.61it/s, loss=0.0242]
Epoch 54:  58%|#####.....| 342/585 [00:09:19<00:06:37,  0.61it/s, loss=0.0242]
Epoch 54:  59%|#####.....| 345/585 [00:09:25<00:06:33,  0.61it/s, loss=0.0242]
Epoch 54:  60%|#####.....| 349/585 [00:09:31<00:06:26,  0.61it/s, loss=0.0242]
Epoch 54:  60%|######....| 353/585 [00:09:38<00:06:19,  0.61it/s, loss=0.0242]
Epoch 54:  61%|######....| 357/585 [00:09:44<00:06:13,  0.61it/s, loss=0.0242]
Epoch 54:  62%|######....| 361/585 [00:09:50<00:06:06,  0.61it/s, loss=0.0243]
Epoch 54:  62%|######....| 365/585 [00:09:56<00:05:59,  0.61it/s, loss=0.0242]
Epoch 54:  63%|######....| 368/585 [00:10:01<00:05:54,  0.61it/s, loss=0.0243]
Epoch 54:  63%|######....| 371/585 [00:10:06<00:05:49,  0.61it/s, loss=0.0242]
Epoch 54:  64%|######....| 375/585 [00:10:12<00:05:42,  0.61it/s, loss=0.0243]
Epoch 54:  65%|######....| 378/585 [00:10:17<00:05:38,  0.61it/s, loss=0.0242]
Epoch 54:  65%|######....| 381/585 [00:10:22<00:05:33,  0.61it/s, loss=0.0243]
Epoch 54:  66%|######....| 385/585 [00:10:28<00:05:26,  0.61it/s, loss=0.0242]
Epoch 54:  66%|######....| 388/585 [00:10:33<00:05:21,  0.61it/s, loss=0.0244]
Epoch 54:  67%|######....| 391/585 [00:10:39<00:05:17,  0.61it/s, loss=0.0244]
Epoch 54:  67%|######....| 394/585 [00:10:44<00:05:12,  0.61it/s, loss=0.0244]
Epoch 54:  68%|######....| 397/585 [00:10:50<00:05:08,  0.61it/s, loss=0.0244]
Epoch 54:  69%|######....| 401/585 [00:10:56<00:05:01,  0.61it/s, loss=0.0244]
Epoch 54:  69%|######....| 405/585 [00:11:02<00:04:54,  0.61it/s, loss=0.0244]
Epoch 54:  70%|######....| 409/585 [00:11:09<00:04:48,  0.61it/s, loss=0.0244]
Epoch 54:  70%|#######...| 412/585 [00:11:15<00:04:43,  0.61it/s, loss=0.0244]
Epoch 54:  71%|#######...| 416/585 [00:11:21<00:04:37,  0.61it/s, loss=0.0245]
Epoch 54:  72%|#######...| 420/585 [00:11:29<00:04:30,  0.61it/s, loss=0.0245]
Epoch 54:  72%|#######...| 424/585 [00:11:35<00:04:23,  0.61it/s, loss=0.0244]
Epoch 54:  73%|#######...| 428/585 [00:11:41<00:04:17,  0.61it/s, loss=0.0245]
Epoch 54:  74%|#######...| 431/585 [00:11:47<00:04:12,  0.61it/s, loss=0.0244]
Epoch 54:  74%|#######...| 435/585 [00:11:54<00:04:06,  0.61it/s, loss=0.0244]
Epoch 54:  75%|#######...| 439/585 [00:12:00<00:03:59,  0.61it/s, loss=0.0244]
Epoch 54:  76%|#######...| 443/585 [00:12:07<00:03:53,  0.61it/s, loss=0.0244]
Epoch 54:  76%|#######...| 447/585 [00:12:13<00:03:46,  0.61it/s, loss=0.0244]
Epoch 54:  77%|#######...| 450/585 [00:12:19<00:03:41,  0.61it/s, loss=0.0244]
Epoch 54:  78%|#######...| 454/585 [00:12:25<00:03:35,  0.61it/s, loss=0.0244]
Epoch 54:  78%|#######...| 458/585 [00:12:31<00:03:28,  0.61it/s, loss=0.0244]
Epoch 54:  79%|#######...| 462/585 [00:12:38<00:03:21,  0.61it/s, loss=0.0244]
Epoch 54:  79%|#######...| 465/585 [00:12:44<00:03:17,  0.61it/s, loss=0.0244]
Epoch 54:  80%|########..| 469/585 [00:12:50<00:03:10,  0.61it/s, loss=0.0244]
Epoch 54:  81%|########..| 473/585 [00:12:57<00:03:04,  0.61it/s, loss=0.0244]
Epoch 54:  82%|########..| 477/585 [00:13:04<00:02:57,  0.61it/s, loss=0.0244]
Epoch 54:  82%|########..| 481/585 [00:13:10<00:02:50,  0.61it/s, loss=0.0244]
Epoch 54:  83%|########..| 485/585 [00:13:16<00:02:44,  0.61it/s, loss=0.0244]
Epoch 54:  84%|########..| 489/585 [00:13:23<00:02:37,  0.61it/s, loss=0.0244]
Epoch 54:  84%|########..| 493/585 [00:13:29<00:02:31,  0.61it/s, loss=0.0244]
Epoch 54:  85%|########..| 497/585 [00:13:35<00:02:24,  0.61it/s, loss=0.0243]
Epoch 54:  86%|########..| 501/585 [00:13:42<00:02:17,  0.61it/s, loss=0.0248]
Epoch 54:  86%|########..| 504/585 [00:13:48<00:02:13,  0.61it/s, loss=0.0248]
Epoch 54:  87%|########..| 508/585 [00:13:54<00:02:06,  0.61it/s, loss=0.0248]
Epoch 54:  88%|########..| 512/585 [00:14:01<00:01:59,  0.61it/s, loss=0.0248]
Epoch 54:  88%|########..| 516/585 [00:14:07<00:01:53,  0.61it/s, loss=0.0248]
Epoch 54:  89%|########..| 519/585 [00:14:12<00:01:48,  0.61it/s, loss=0.0247]
Epoch 54:  89%|########..| 522/585 [00:14:17<00:01:43,  0.61it/s, loss=0.0247]
Epoch 54:  90%|########..| 526/585 [00:14:24<00:01:36,  0.61it/s, loss=0.0247]
Epoch 54:  91%|#########.| 530/585 [00:14:30<00:01:30,  0.61it/s, loss=0.0247]
Epoch 54:  91%|#########.| 534/585 [00:14:36<00:01:23,  0.61it/s, loss=0.0247]
Epoch 54:  92%|#########.| 538/585 [00:14:43<00:01:17,  0.61it/s, loss=0.0247]
Epoch 54:  93%|#########.| 542/585 [00:14:49<00:01:10,  0.61it/s, loss=0.0246]
Epoch 54:  93%|#########.| 546/585 [00:14:55<00:01:03,  0.61it/s, loss=0.0246]
Epoch 54:  94%|#########.| 550/585 [00:15:01<00:00:57,  0.61it/s, loss=0.0246]
Epoch 54:  95%|#########.| 553/585 [00:15:07<00:00:52,  0.61it/s, loss=0.0246]
Epoch 54:  95%|#########.| 557/585 [00:15:13<00:00:45,  0.61it/s, loss=0.0246]
Epoch 54:  96%|#########.| 560/585 [00:15:18<00:00:40,  0.61it/s, loss=0.0246]
Epoch 54:  96%|#########.| 563/585 [00:15:24<00:00:36,  0.61it/s, loss=0.0247]
Epoch 54:  97%|#########.| 566/585 [00:15:29<00:00:31,  0.61it/s, loss=0.0246]
Epoch 54:  97%|#########.| 570/585 [00:15:36<00:00:24,  0.61it/s, loss=0.0247]
Epoch 54:  98%|#########.| 574/585 [00:15:41<00:00:18,  0.61it/s, loss=0.0246]
Epoch 54:  99%|#########.| 577/585 [00:15:46<00:00:13,  0.61it/s, loss=0.0247]
Epoch 54:  99%|#########.| 581/585 [00:15:52<00:00:06,  0.61it/s, loss=0.0246]
Epoch 54: 100%|##########| 585/585 [00:15:59<00:00:00,  0.61it/s, loss=0.0246]
Test loss: 0.0228, Test rmsae: 7.11deg
{"event": "epoch_complete", "epoch": 54, "phase": 2, "lr": 1e-05, "batch_size": 10, "micro_batch_size": 1, "train_loss": 0.02460400825764379, "val_loss": 0.02282946286140941, "val_rmsae_deg": 7.112673923373222, "epoch_time_s": 960.1204739729874}
Epoch 55/80:
Epoch 55:   1%|..........| 4/585 [00:00:06<00:14:41,  0.66it/s, loss=0.0254]
Epoch 55:   1%|..........| 7/585 [00:00:11<00:15:18,  0.63it/s, loss=0.0264]
Epoch 55:   2%|..........| 10/585 [00:00:17<00:16:35,  0.58it/s, loss=0.0278]
Epoch 55:   2%|..........| 14/585 [00:00:23<00:15:41,  0.61it/s, loss=0.0276]
Epoch 55:   3%|..........| 18/585 [00:00:29<00:15:21,  0.62it/s, loss=0.0261]
Epoch 55:   4%|..........| 21/585 [00:00:34<00:15:28,  0.61it/s, loss=0.0255]
Epoch 55:   4%|..........| 25/585 [00:00:40<00:15:12,  0.61it/s, loss=0.0249]
Epoch 55:   5%|..........| 29/585 [00:00:46<00:14:59,  0.62it/s, loss=0.0252]
Epoch 55:   6%|..........| 33/585 [00:00:53<00:14:55,  0.62it/s, loss=0.0245]
Epoch 55:   6%|..........| 37/585 [00:00:59<00:14:39,  0.62it/s, loss=0.0242]
Epoch 55:   7%|..........| 40/585 [00:01:04<00:14:41,  0.62it/s, loss=0.0245]
Epoch 55:   7%|..........| 43/585 [00:01:09<00:14:40,  0.62it/s, loss=0.0246]
Epoch 55:   8%|..........| 46/585 [00:01:15<00:14:49,  0.61it/s, loss=0.0243]
Epoch 55:   9%|..........| 50/585 [00:01:22<00:14:44,  0.60it/s, loss=0.0243]
Epoch 55:   9%|..........| 54/585 [00:01:28<00:14:31,  0.61it/s, loss=0.0244]
Epoch 55:  10%|..........| 58/585 [00:01:34<00:14:21,  0.61it/s, loss=0.0243]
Epoch 55:  11%|#.........| 62/585 [00:01:41<00:14:14,  0.61it/s, loss=0.0241]
Epoch 55:  11%|#.........| 65/585 [00:01:47<00:14:18,  0.61it/s, loss=0.0241]
Epoch 55:  12%|#.........| 69/585 [00:01:54<00:14:13,  0.60it/s, loss=0.0243]
Epoch 55:  12%|#.........| 73/585 [00:02:00<00:14:03,  0.61it/s, loss=0.0242]
Epoch 55:  13%|#.........| 76/585 [00:02:05<00:14:00,  0.61it/s, loss=0.0243]
Epoch 55:  14%|#.........| 79/585 [00:02:11<00:13:59,  0.60it/s, loss=0.0246]
Epoch 55:  14%|#.........| 83/585 [00:02:17<00:13:49,  0.60it/s, loss=0.0245]
Epoch 55:  15%|#.........| 87/585 [00:02:23<00:13:39,  0.61it/s, loss=0.0245]
Epoch 55:  15%|#.........| 90/585 [00:02:28<00:13:35,  0.61it/s, loss=0.0246]
Epoch 55:  16%|#.........| 94/585 [00:02:34<00:13:27,  0.61it/s, loss=0.0246]
Epoch 55:  17%|#.........| 98/585 [00:02:41<00:13:20,  0.61it/s, loss=0.0245]
Epoch 55:  17%|#.........| 101/585 [00:02:46<00:13:19,  0.61it/s, loss=0.0244]
Epoch 55:  18%|#.........| 105/585 [00:02:53<00:13:11,  0.61it/s, loss=0.0245]
Epoch 55:  18%|#.........| 108/585 [00:02:58<00:13:07,  0.61it/s, loss=0.0245]
Epoch 55:  19%|#.........| 112/585 [00:03:04<00:12:58,  0.61it/s, loss=0.0243]
Epoch 55:  20%|#.........| 116/585 [00:03:10<00:12:51,  0.61it/s, loss=0.0244]
Epoch 55:  20%|##........| 119/585 [00:03:16<00:12:48,  0.61it/s, loss=0.0246]
Epoch 55:  21%|##........| 123/585 [00:03:22<00:12:40,  0.61it/s, loss=0.0246]
Epoch 55:  22%|##........| 126/585 [00:03:27<00:12:36,  0.61it/s, loss=0.0245]
Epoch 55:  22%|##........| 129/585 [00:03:33<00:12:33,  0.61it/s, loss=0.0246]
Epoch 55:  23%|##........| 133/585 [00:03:39<00:12:24,  0.61it/s, loss=0.0246]
Epoch 55:  23%|##........| 136/585 [00:03:44<00:12:22,  0.60it/s, loss=0.0246]
Epoch 55:  24%|##........| 140/585 [00:03:51<00:12:14,  0.61it/s, loss=0.0246]
Epoch 55:  25%|##........| 144/585 [00:03:56<00:12:05,  0.61it/s, loss=0.0246]
Epoch 55:  25%|##........| 148/585 [00:04:03<00:11:59,  0.61it/s, loss=0.0246]
Epoch 55:  26%|##........| 151/585 [00:04:09<00:11:56,  0.61it/s, loss=0.0246]
Epoch 55:  26%|##........| 155/585 [00:04:15<00:11:49,  0.61it/s, loss=0.0245]
Epoch 55:  27%|##........| 159/585 [00:04:21<00:11:41,  0.61it/s, loss=0.0245]
Epoch 55:  28%|##........| 163/585 [00:04:27<00:11:33,  0.61it/s, loss=0.0245]
Epoch 55:  29%|##........| 167/585 [00:04:33<00:11:24,  0.61it/s, loss=0.0245]
Epoch 55:  29%|##........| 170/585 [00:04:38<00:11:21,  0.61it/s, loss=0.0245]
Epoch 55:  30%|##........| 174/585 [00:04:45<00:11:14,  0.61it/s, loss=0.0245]
Epoch 55:  30%|###.......| 178/585 [00:04:52<00:11:08,  0.61it/s, loss=0.0246]
Epoch 55:  31%|###.......| 182/585 [00:04:58<00:11:01,  0.61it/s, loss=0.0246]
Epoch 55:  32%|###.......| 185/585 [00:05:04<00:10:58,  0.61it/s, loss=0.0246]
Epoch 55:  32%|###.......| 188/585 [00:05:10<00:10:55,  0.61it/s, loss=0.0246]
Epoch 55:  33%|###.......| 191/585 [00:05:15<00:10:51,  0.61it/s, loss=0.0246]
Epoch 55:  33%|###.......| 194/585 [00:05:20<00:10:46,  0.60it/s, loss=0.0246]
Epoch 55:  34%|###.......| 198/585 [00:05:26<00:10:38,  0.61it/s, loss=0.0247]
Epoch 55:  35%|###.......| 202/585 [00:05:32<00:10:30,  0.61it/s, loss=0.0247]
Epoch 55:  35%|###.......| 206/585 [00:05:38<00:10:23,  0.61it/s, loss=0.0246]
Epoch 55:  36%|###.......| 210/585 [00:05:44<00:10:15,  0.61it/s, loss=0.0245]
Epoch 55:  36%|###.......| 213/585 [00:05:49<00:10:11,  0.61it/s, loss=0.0246]
Epoch 55:  37%|###.......| 217/585 [00:05:57<00:10:05,  0.61it/s, loss=0.0247]
Epoch 55:  38%|###.......| 221/585 [00:06:02<00:09:57,  0.61it/s, loss=0.0246]
Epoch 55:  38%|###.......| 224/585 [00:06:08<00:09:53,  0.61it/s, loss=0.0247]
Epoch 55:  39%|###.......| 227/585 [00:06:13<00:09:49,  0.61it/s, loss=0.0247]
Epoch 55:  39%|###.......| 230/585 [00:06:18<00:09:44,  0.61it/s, loss=0.0248]
Epoch 55:  40%|####......| 234/585 [00:06:24<00:09:37,  0.61it/s, loss=0.0248]
Epoch 55:  41%|####......| 238/585 [00:06:30<00:09:29,  0.61it/s, loss=0.0248]
Epoch 55:  41%|####......| 242/585 [00:06:37<00:09:22,  0.61it/s, loss=0.0247]
Epoch 55:  42%|####......| 246/585 [00:06:43<00:09:15,  0.61it/s, loss=0.0250]
Epoch 55:  43%|####......| 250/585 [00:06:49<00:09:09,  0.61it/s, loss=0.0249]
Epoch 55:  43%|####......| 254/585 [00:06:55<00:09:01,  0.61it/s, loss=0.0249]
Epoch 55:  44%|####......| 258/585 [00:07:02<00:08:55,  0.61it/s, loss=0.0250]
Epoch 55:  45%|####......| 262/585 [00:07:08<00:08:48,  0.61it/s, loss=0.0250]
Epoch 55:  45%|####......| 266/585 [00:07:14<00:08:41,  0.61it/s, loss=0.0250]
Epoch 55:  46%|####......| 269/585 [00:07:19<00:08:36,  0.61it/s, loss=0.0249]
Epoch 55:  47%|####......| 273/585 [00:07:26<00:08:29,  0.61it/s, loss=0.0249]
Epoch 55:  47%|####......| 276/585 [00:07:31<00:08:25,  0.61it/s, loss=0.0250]
Epoch 55:  48%|####......| 279/585 [00:07:36<00:08:20,  0.61it/s, loss=0.0249]
Epoch 55:  48%|####......| 282/585 [00:07:41<00:08:16,  0.61it/s, loss=0.0250]
Epoch 55:  49%|####......| 286/585 [00:07:48<00:08:09,  0.61it/s, loss=0.0251]
Epoch 55:  49%|####......| 289/585 [00:07:54<00:08:05,  0.61it/s, loss=0.0250]
Epoch 55:  50%|#####.....| 293/585 [00:08:00<00:07:58,  0.61it/s, loss=0.0251]
Epoch 55:  51%|#####.....| 297/585 [00:08:06<00:07:51,  0.61it/s, loss=0.0251]
Epoch 55:  51%|#####.....| 301/585 [00:08:13<00:07:45,  0.61it/s, loss=0.0251]
Epoch 55:  52%|#####.....| 305/585 [00:08:19<00:07:38,  0.61it/s, loss=0.0250]
Epoch 55:  53%|#####.....| 309/585 [00:08:24<00:07:30,  0.61it/s, loss=0.0250]
Epoch 55:  53%|#####.....| 312/585 [00:08:30<00:07:26,  0.61it/s, loss=0.0250]
Epoch 55:  54%|#####.....| 315/585 [00:08:36<00:07:22,  0.61it/s, loss=0.0250]
Epoch 55:  55%|#####.....| 319/585 [00:08:42<00:07:15,  0.61it/s, loss=0.0250]
Epoch 55:  55%|#####.....| 322/585 [00:08:47<00:07:10,  0.61it/s, loss=0.0250]
Epoch 55:  56%|#####.....| 326/585 [00:08:53<00:07:04,  0.61it/s, loss=0.0250]
Epoch 55:  56%|#####.....| 329/585 [00:08:59<00:06:59,  0.61it/s, loss=0.0250]
Epoch 55:  57%|#####.....| 332/585 [00:09:05<00:06:55,  0.61it/s, loss=0.0250]
Epoch 55:  57%|#####.....| 336/585 [00:09:11<00:06:48,  0.61it/s, loss=0.0250]
Epoch 55:  58%|#####.....| 339/585 [00:09:17<00:06:44,  0.61it/s, loss=0.0250]
Epoch 55:  59%|#####.....| 343/585 [00:09:23<00:06:37,  0.61it/s, loss=0.0250]
Epoch 55:  59%|#####.....| 347/585 [00:09:29<00:06:30,  0.61it/s, loss=0.0250]
Epoch 55:  60%|######....| 351/585 [00:09:37<00:06:24,  0.61it/s, loss=0.0250]
Epoch 55:  61%|######....| 355/585 [00:09:43<00:06:17,  0.61it/s, loss=0.0250]
Epoch 55:  61%|######....| 359/585 [00:09:49<00:06:11,  0.61it/s, loss=0.0249]
Epoch 55:  62%|######....| 363/585 [00:09:55<00:06:04,  0.61it/s, loss=0.0249]
Epoch 55:  63%|######....| 367/585 [00:10:01<00:05:57,  0.61it/s, loss=0.0249]
Epoch 55:  63%|######....| 370/585 [00:10:07<00:05:52,  0.61it/s, loss=0.0249]
Epoch 55:  64%|######....| 373/585 [00:10:12<00:05:47,  0.61it/s, loss=0.0249]
Epoch 55:  64%|######....| 376/585 [00:10:17<00:05:43,  0.61it/s, loss=0.0249]
Epoch 55:  65%|######....| 379/585 [00:10:22<00:05:38,  0.61it/s, loss=0.0249]
Epoch 55:  65%|######....| 383/585 [00:10:28<00:05:31,  0.61it/s, loss=0.0248]
Epoch 55:  66%|######....| 386/585 [00:10:33<00:05:26,  0.61it/s, loss=0.0248]
Epoch 55:  67%|######....| 390/585 [00:10:40<00:05:20,  0.61it/s, loss=0.0249]
Epoch 55:  67%|######....| 394/585 [00:10:46<00:05:13,  0.61it/s, loss=0.0249]
Epoch 55:  68%|######....| 397/585 [00:10:51<00:05:08,  0.61it/s, loss=0.0249]
Epoch 55:  69%|######....| 401/585 [00:10:58<00:05:01,  0.61it/s, loss=0.0250]
Epoch 55:  69%|######....| 405/585 [00:11:04<00:04:55,  0.61it/s, loss=0.0249]
Epoch 55:  70%|######....| 409/585 [00:11:10<00:04:48,  0.61it/s, loss=0.0249]
Epoch 55:  71%|#######...| 413/585 [00:11:17<00:04:41,  0.61it/s, loss=0.0249]
Epoch 55:  71%|#######...| 416/585 [00:11:22<00:04:37,  0.61it/s, loss=0.0249]
Epoch 55:  72%|#######...| 420/585 [00:11:27<00:04:30,  0.61it/s, loss=0.0249]
Epoch 55:  72%|#######...| 423/585 [00:11:32<00:04:25,  0.61it/s, loss=0.0249]
Epoch 55:  73%|#######...| 426/585 [00:11:38<00:04:20,  0.61it/s, loss=0.0249]
Epoch 55:  74%|#######...| 430/585 [00:11:44<00:04:13,  0.61it/s, loss=0.0249]
Epoch 55:  74%|#######...| 434/585 [00:11:50<00:04:07,  0.61it/s, loss=0.0249]
Epoch 55:  75%|#######...| 438/585 [00:11:57<00:04:00,  0.61it/s, loss=0.0249]
Epoch 55:  76%|#######...| 442/585 [00:12:03<00:03:54,  0.61it/s, loss=0.0249]
Epoch 55:  76%|#######...| 446/585 [00:12:09<00:03:47,  0.61it/s, loss=0.0248]
Epoch 55:  77%|#######...| 450/585 [00:12:15<00:03:40,  0.61it/s, loss=0.0248]
Epoch 55:  78%|#######...| 454/585 [00:12:21<00:03:34,  0.61it/s, loss=0.0248]
Epoch 55:  78%|#######...| 457/585 [00:12:27<00:03:29,  0.61it/s, loss=0.0248]
Epoch 55:  79%|#######...| 461/585 [00:12:33<00:03:22,  0.61it/s, loss=0.0248]
Epoch 55:  79%|#######...| 465/585 [00:12:39<00:03:15,  0.61it/s, loss=0.0248]
Epoch 55:  80%|########..| 469/585 [00:12:45<00:03:09,  0.61it/s, loss=0.0248]
Epoch 55:  81%|########..| 473/585 [00:12:51<00:03:02,  0.61it/s, loss=0.0248]
Epoch 55:  82%|########..| 477/585 [00:12:57<00:02:56,  0.61it/s, loss=0.0248]
Epoch 55:  82%|########..| 481/585 [00:13:03<00:02:49,  0.61it/s, loss=0.0248]
Epoch 55:  83%|########..| 484/585 [00:13:08<00:02:44,  0.61it/s, loss=0.0248]
Epoch 55:  83%|########..| 488/585 [00:13:15<00:02:38,  0.61it/s, loss=0.0249]
Epoch 55:  84%|########..| 491/585 [00:13:20<00:02:33,  0.61it/s, loss=0.0249]
Epoch 55:  85%|########..| 495/585 [00:13:27<00:02:26,  0.61it/s, loss=0.0250]
Epoch 55:  85%|########..| 499/585 [00:13:33<00:02:20,  0.61it/s, loss=0.0250]
Epoch 55:  86%|########..| 502/585 [00:13:38<00:02:15,  0.61it/s, loss=0.0250]
Epoch 55:  86%|########..| 505/585 [00:13:43<00:02:10,  0.61it/s, loss=0.0250]
Epoch 55:  87%|########..| 509/585 [00:13:49<00:02:03,  0.61it/s, loss=0.0250]
Epoch 55:  88%|########..| 513/585 [00:13:55<00:01:57,  0.61it/s, loss=0.0250]
Epoch 55:  88%|########..| 516/585 [00:14:01<00:01:52,  0.61it/s, loss=0.0250]
Epoch 55:  89%|########..| 520/585 [00:14:07<00:01:45,  0.61it/s, loss=0.0250]
Epoch 55:  90%|########..| 524/585 [00:14:13<00:01:39,  0.61it/s, loss=0.0250]
Epoch 55:  90%|#########.| 528/585 [00:14:19<00:01:32,  0.61it/s, loss=0.0249]
Epoch 55:  91%|#########.| 532/585 [00:14:25<00:01:26,  0.61it/s, loss=0.0249]
Epoch 55:  92%|#########.| 536/585 [00:14:31<00:01:19,  0.61it/s, loss=0.0249]
Epoch 55:  92%|#########.| 539/585 [00:14:37<00:01:14,  0.61it/s, loss=0.0249]
Epoch 55:  93%|#########.| 542/585 [00:14:42<00:01:10,  0.61it/s, loss=0.0249]
Epoch 55:  93%|#########.| 546/585 [00:14:49<00:01:03,  0.61it/s, loss=0.0248]
Epoch 55:  94%|#########.| 550/585 [00:14:55<00:00:56,  0.61it/s, loss=0.0248]
Epoch 55:  95%|#########.| 554/585 [00:15:01<00:00:50,  0.61it/s, loss=0.0248]
Epoch 55:  95%|#########.| 558/585 [00:15:08<00:00:43,  0.61it/s, loss=0.0248]
Epoch 55:  96%|#########.| 561/585 [00:15:14<00:00:39,  0.61it/s, loss=0.0248]
Epoch 55:  97%|#########.| 565/585 [00:15:20<00:00:32,  0.61it/s, loss=0.0249]
Epoch 55:  97%|#########.| 569/585 [00:15:27<00:00:26,  0.61it/s, loss=0.0249]
Epoch 55:  98%|#########.| 573/585 [00:15:34<00:00:19,  0.61it/s, loss=0.0249]
Epoch 55:  99%|#########.| 577/585 [00:15:40<00:00:13,  0.61it/s, loss=0.0249]
Epoch 55:  99%|#########.| 580/585 [00:15:46<00:00:08,  0.61it/s, loss=0.0249]
Epoch 55: 100%|#########.| 584/585 [00:15:52<00:00:01,  0.61it/s, loss=0.0249]
Epoch 55: 100%|##########| 585/585 [00:15:54<00:00:00,  0.61it/s, loss=0.0249]
Test loss: 0.0228, Test rmsae: 7.15deg
{"event": "epoch_complete", "epoch": 55, "phase": 2, "lr": 1e-05, "batch_size": 10, "micro_batch_size": 1, "train_loss": 0.024911268420008004, "val_loss": 0.022834730450995266, "val_rmsae_deg": 7.154441252350807, "epoch_time_s": 955.5754811760271}
Epoch 56/80:
Epoch 56:   1%|..........| 4/585 [00:00:06<00:16:11,  0.60it/s, loss=0.0272]
Epoch 56:   1%|..........| 8/585 [00:00:12<00:14:46,  0.65it/s, loss=0.0246]
Epoch 56:   2%|..........| 12/585 [00:00:18<00:14:48,  0.65it/s, loss=0.0237]
Epoch 56:   3%|..........| 16/585 [00:00:25<00:15:03,  0.63it/s, loss=0.0231]
Epoch 56:   3%|..........| 20/585 [00:00:31<00:14:47,  0.64it/s, loss=0.0227]
Epoch 56:   4%|..........| 24/585 [00:00:37<00:14:29,  0.65it/s, loss=0.0225]
Epoch 56:   5%|..........| 27/585 [00:00:42<00:14:37,  0.64it/s, loss=0.0238]
Epoch 56:   5%|..........| 31/585 [00:00:48<00:14:30,  0.64it/s, loss=0.0236]
Epoch 56:   6%|..........| 35/585 [00:00:55<00:14:26,  0.64it/s, loss=0.0238]
Epoch 56:   7%|..........| 39/585 [00:01:01<00:14:27,  0.63it/s, loss=0.0251]
Epoch 56:   7%|..........| 43/585 [00:01:08<00:14:23,  0.63it/s, loss=0.0246]
Epoch 56:   8%|..........| 47/585 [00:01:14<00:14:12,  0.63it/s, loss=0.0247]
Epoch 56:   9%|..........| 51/585 [00:01:20<00:14:04,  0.63it/s, loss=0.0244]
Epoch 56:   9%|..........| 55/585 [00:01:26<00:13:57,  0.63it/s, loss=0.0245]
Epoch 56:  10%|#.........| 59/585 [00:01:33<00:13:51,  0.63it/s, loss=0.0246]
Epoch 56:  11%|#.........| 63/585 [00:01:39<00:13:42,  0.63it/s, loss=0.0242]
Epoch 56:  11%|#.........| 66/585 [00:01:44<00:13:39,  0.63it/s, loss=0.0241]
Epoch 56:  12%|#.........| 70/585 [00:01:50<00:13:31,  0.63it/s, loss=0.0246]
Epoch 56:  13%|#.........| 74/585 [00:01:56<00:13:24,  0.64it/s, loss=0.0246]
Epoch 56:  13%|#.........| 78/585 [00:02:02<00:13:14,  0.64it/s, loss=0.0245]
Epoch 56:  14%|#.........| 82/585 [00:02:08<00:13:08,  0.64it/s, loss=0.0245]
Epoch 56:  15%|#.........| 86/585 [00:02:14<00:13:03,  0.64it/s, loss=0.0246]
Epoch 56:  15%|#.........| 89/585 [00:02:21<00:13:06,  0.63it/s, loss=0.0246]
Epoch 56:  16%|#.........| 93/585 [00:02:27<00:12:59,  0.63it/s, loss=0.0247]
Epoch 56:  17%|#.........| 97/585 [00:02:33<00:12:52,  0.63it/s, loss=0.0247]
Epoch 56:  17%|#.........| 101/585 [00:02:39<00:12:45,  0.63it/s, loss=0.0246]
Epoch 56:  18%|#.........| 105/585 [00:02:46<00:12:40,  0.63it/s, loss=0.0246]
Epoch 56:  18%|#.........| 107/585 [00:02:51<00:12:45,  0.62it/s, loss=0.0250]
Epoch 56:  19%|#.........| 111/585 [00:02:57<00:12:37,  0.63it/s, loss=0.0249]
Epoch 56:  20%|#.........| 115/585 [00:03:03<00:12:28,  0.63it/s, loss=0.0249]
Epoch 56:  20%|##........| 119/585 [00:03:09<00:12:20,  0.63it/s, loss=0.0248]
Epoch 56:  21%|##........| 122/585 [00:03:14<00:12:16,  0.63it/s, loss=0.0247]
Epoch 56:  21%|##........| 125/585 [00:03:19<00:12:12,  0.63it/s, loss=0.0248]
Epoch 56:  22%|##........| 129/585 [00:03:25<00:12:07,  0.63it/s, loss=0.0249]
Epoch 56:  23%|##........| 132/585 [00:03:30<00:12:03,  0.63it/s, loss=0.0249]
Epoch 56:  23%|##........| 136/585 [00:03:37<00:11:56,  0.63it/s, loss=0.0249]
Epoch 56:  24%|##........| 140/585 [00:03:43<00:11:51,  0.63it/s, loss=0.0249]
Epoch 56:  25%|##........| 144/585 [00:03:50<00:11:45,  0.63it/s, loss=0.0249]
Epoch 56:  25%|##........| 147/585 [00:03:55<00:11:41,  0.62it/s, loss=0.0248]
Epoch 56:  26%|##........| 151/585 [00:04:01<00:11:34,  0.63it/s, loss=0.0249]
Epoch 56:  26%|##........| 154/585 [00:04:06<00:11:30,  0.62it/s, loss=0.0249]
Epoch 56:  27%|##........| 157/585 [00:04:11<00:11:26,  0.62it/s, loss=0.0250]
Epoch 56:  28%|##........| 161/585 [00:04:18<00:11:19,  0.62it/s, loss=0.0249]
Epoch 56:  28%|##........| 165/585 [00:04:24<00:11:12,  0.62it/s, loss=0.0249]
Epoch 56:  29%|##........| 169/585 [00:04:30<00:11:05,  0.62it/s, loss=0.0249]
Epoch 56:  30%|##........| 173/585 [00:04:36<00:10:58,  0.63it/s, loss=0.0249]
Epoch 56:  30%|###.......| 176/585 [00:04:42<00:10:55,  0.62it/s, loss=0.0249]
Epoch 56:  31%|###.......| 179/585 [00:04:47<00:10:52,  0.62it/s, loss=0.0250]
Epoch 56:  31%|###.......| 183/585 [00:04:53<00:10:45,  0.62it/s, loss=0.0249]
Epoch 56:  32%|###.......| 186/585 [00:04:59<00:10:41,  0.62it/s, loss=0.0249]
Epoch 56:  32%|###.......| 190/585 [00:05:05<00:10:35,  0.62it/s, loss=0.0250]
Epoch 56:  33%|###.......| 194/585 [00:05:11<00:10:28,  0.62it/s, loss=0.0249]
Epoch 56:  34%|###.......| 198/585 [00:05:17<00:10:21,  0.62it/s, loss=0.0249]
Epoch 56:  35%|###.......| 202/585 [00:05:23<00:10:13,  0.62it/s, loss=0.0249]
Epoch 56:  35%|###.......| 206/585 [00:05:29<00:10:06,  0.62it/s, loss=0.0249]
Epoch 56:  36%|###.......| 210/585 [00:05:35<00:09:59,  0.63it/s, loss=0.0250]
Epoch 56:  37%|###.......| 214/585 [00:05:42<00:09:53,  0.62it/s, loss=0.0250]
Epoch 56:  37%|###.......| 217/585 [00:05:47<00:09:49,  0.62it/s, loss=0.0250]
Epoch 56:  38%|###.......| 221/585 [00:05:54<00:09:44,  0.62it/s, loss=0.0250]
Epoch 56:  38%|###.......| 225/585 [00:06:00<00:09:37,  0.62it/s, loss=0.0250]
Epoch 56:  39%|###.......| 229/585 [00:06:07<00:09:30,  0.62it/s, loss=0.0249]
Epoch 56:  40%|###.......| 233/585 [00:06:13<00:09:24,  0.62it/s, loss=0.0249]
Epoch 56:  41%|####......| 237/585 [00:06:19<00:09:17,  0.62it/s, loss=0.0249]
Epoch 56:  41%|####......| 241/585 [00:06:26<00:09:11,  0.62it/s, loss=0.0249]
Epoch 56:  42%|####......| 244/585 [00:06:31<00:09:07,  0.62it/s, loss=0.0249]
Epoch 56:  42%|####......| 247/585 [00:06:36<00:09:02,  0.62it/s, loss=0.0249]
Epoch 56:  43%|####......| 250/585 [00:06:41<00:08:58,  0.62it/s, loss=0.0249]
Epoch 56:  43%|####......| 254/585 [00:06:48<00:08:52,  0.62it/s, loss=0.0249]
Epoch 56:  44%|####......| 257/585 [00:06:54<00:08:49,  0.62it/s, loss=0.0249]
Epoch 56:  45%|####......| 261/585 [00:07:00<00:08:42,  0.62it/s, loss=0.0249]
Epoch 56:  45%|####......| 264/585 [00:07:06<00:08:38,  0.62it/s, loss=0.0249]
Epoch 56:  46%|####......| 267/585 [00:07:12<00:08:34,  0.62it/s, loss=0.0249]
Epoch 56:  46%|####......| 271/585 [00:07:18<00:08:28,  0.62it/s, loss=0.0249]
Epoch 56:  47%|####......| 275/585 [00:07:24<00:08:21,  0.62it/s, loss=0.0249]
Epoch 56:  48%|####......| 279/585 [00:07:30<00:08:14,  0.62it/s, loss=0.0249]
Epoch 56:  48%|####......| 283/585 [00:07:37<00:08:08,  0.62it/s, loss=0.0249]
Epoch 56:  49%|####......| 287/585 [00:07:43<00:08:01,  0.62it/s, loss=0.0249]
Epoch 56:  50%|####......| 291/585 [00:07:49<00:07:54,  0.62it/s, loss=0.0249]
Epoch 56:  50%|#####.....| 295/585 [00:07:55<00:07:47,  0.62it/s, loss=0.0248]
Epoch 56:  51%|#####.....| 299/585 [00:08:01<00:07:40,  0.62it/s, loss=0.0248]
Epoch 56:  52%|#####.....| 303/585 [00:08:07<00:07:34,  0.62it/s, loss=0.0248]
Epoch 56:  52%|#####.....| 307/585 [00:08:13<00:07:27,  0.62it/s, loss=0.0247]
Epoch 56:  53%|#####.....| 310/585 [00:08:18<00:07:22,  0.62it/s, loss=0.0248]
Epoch 56:  54%|#####.....| 313/585 [00:08:24<00:07:18,  0.62it/s, loss=0.0248]
Epoch 56:  54%|#####.....| 317/585 [00:08:30<00:07:11,  0.62it/s, loss=0.0248]
Epoch 56:  55%|#####.....| 321/585 [00:08:36<00:07:04,  0.62it/s, loss=0.0248]
Epoch 56:  56%|#####.....| 325/585 [00:08:43<00:06:58,  0.62it/s, loss=0.0249]
Epoch 56:  56%|#####.....| 329/585 [00:08:49<00:06:51,  0.62it/s, loss=0.0249]
Epoch 56:  57%|#####.....| 332/585 [00:08:55<00:06:47,  0.62it/s, loss=0.0249]
Epoch 56:  57%|#####.....| 336/585 [00:09:01<00:06:40,  0.62it/s, loss=0.0249]
Epoch 56:  58%|#####.....| 340/585 [00:09:06<00:06:33,  0.62it/s, loss=0.0249]
Epoch 56:  59%|#####.....| 343/585 [00:09:12<00:06:29,  0.62it/s, loss=0.0251]
Epoch 56:  59%|#####.....| 346/585 [00:09:17<00:06:25,  0.62it/s, loss=0.0251]
Epoch 56:  60%|#####.....| 349/585 [00:09:23<00:06:20,  0.62it/s, loss=0.0251]
Epoch 56:  60%|######....| 353/585 [00:09:28<00:06:13,  0.62it/s, loss=0.0251]
Epoch 56:  61%|######....| 357/585 [00:09:35<00:06:07,  0.62it/s, loss=0.0251]
Epoch 56:  62%|######....| 361/585 [00:09:41<00:06:00,  0.62it/s, loss=0.0251]
Epoch 56:  62%|######....| 365/585 [00:09:48<00:05:54,  0.62it/s, loss=0.0252]
Epoch 56:  63%|######....| 369/585 [00:09:54<00:05:48,  0.62it/s, loss=0.0253]
Epoch 56:  64%|######....| 373/585 [00:10:01<00:05:41,  0.62it/s, loss=0.0253]
Epoch 56:  64%|######....| 377/585 [00:10:06<00:05:34,  0.62it/s, loss=0.0253]
Epoch 56:  65%|######....| 380/585 [00:10:12<00:05:30,  0.62it/s, loss=0.0254]
Epoch 56:  66%|######....| 384/585 [00:10:19<00:05:24,  0.62it/s, loss=0.0253]
Epoch 56:  66%|######....| 387/585 [00:10:24<00:05:19,  0.62it/s, loss=0.0253]
Epoch 56:  67%|######....| 391/585 [00:10:31<00:05:13,  0.62it/s, loss=0.0253]
Epoch 56:  68%|######....| 395/585 [00:10:38<00:05:07,  0.62it/s, loss=0.0253]
Epoch 56:  68%|######....| 399/585 [00:10:44<00:05:00,  0.62it/s, loss=0.0253]
Epoch 56:  69%|######....| 402/585 [00:10:50<00:04:55,  0.62it/s, loss=0.0253]
Epoch 56:  69%|######....| 406/585 [00:10:56<00:04:49,  0.62it/s, loss=0.0253]
Epoch 56:  70%|#######...| 410/585 [00:11:02<00:04:42,  0.62it/s, loss=0.0253]
Epoch 56:  71%|#######...| 414/585 [00:11:08<00:04:35,  0.62it/s, loss=0.0252]
Epoch 56:  71%|#######...| 418/585 [00:11:14<00:04:29,  0.62it/s, loss=0.0252]
Epoch 56:  72%|#######...| 421/585 [00:11:19<00:04:24,  0.62it/s, loss=0.0252]
Epoch 56:  73%|#######...| 425/585 [00:11:25<00:04:18,  0.62it/s, loss=0.0252]
Epoch 56:  73%|#######...| 428/585 [00:11:31<00:04:13,  0.62it/s, loss=0.0252]
Epoch 56:  74%|#######...| 432/585 [00:11:38<00:04:07,  0.62it/s, loss=0.0252]
Epoch 56:  74%|#######...| 435/585 [00:11:43<00:04:02,  0.62it/s, loss=0.0252]
Epoch 56:  75%|#######...| 439/585 [00:11:49<00:03:56,  0.62it/s, loss=0.0252]
Epoch 56:  76%|#######...| 442/585 [00:11:55<00:03:51,  0.62it/s, loss=0.0252]
Epoch 56:  76%|#######...| 445/585 [00:12:00<00:03:46,  0.62it/s, loss=0.0252]
Epoch 56:  77%|#######...| 449/585 [00:12:07<00:03:40,  0.62it/s, loss=0.0252]
Epoch 56:  77%|#######...| 453/585 [00:12:13<00:03:33,  0.62it/s, loss=0.0252]
Epoch 56:  78%|#######...| 457/585 [00:12:19<00:03:27,  0.62it/s, loss=0.0252]
Epoch 56:  79%|#######...| 460/585 [00:12:25<00:03:22,  0.62it/s, loss=0.0252]
Epoch 56:  79%|#######...| 463/585 [00:12:30<00:03:17,  0.62it/s, loss=0.0252]
Epoch 56:  80%|#######...| 466/585 [00:12:36<00:03:13,  0.62it/s, loss=0.0253]
Epoch 56:  80%|########..| 470/585 [00:12:42<00:03:06,  0.62it/s, loss=0.0254]
Epoch 56:  81%|########..| 473/585 [00:12:47<00:03:01,  0.62it/s, loss=0.0254]
Epoch 56:  82%|########..| 477/585 [00:12:54<00:02:55,  0.62it/s, loss=0.0254]
Epoch 56:  82%|########..| 481/585 [00:13:00<00:02:48,  0.62it/s, loss=0.0254]
Epoch 56:  83%|########..| 485/585 [00:13:06<00:02:42,  0.62it/s, loss=0.0254]
Epoch 56:  84%|########..| 489/585 [00:13:12<00:02:35,  0.62it/s, loss=0.0255]
Epoch 56:  84%|########..| 492/585 [00:13:18<00:02:30,  0.62it/s, loss=0.0255]
Epoch 56:  85%|########..| 496/585 [00:13:24<00:02:24,  0.62it/s, loss=0.0254]
Epoch 56:  85%|########..| 500/585 [00:13:30<00:02:17,  0.62it/s, loss=0.0254]
Epoch 56:  86%|########..| 504/585 [00:13:36<00:02:11,  0.62it/s, loss=0.0254]
Epoch 56:  87%|########..| 508/585 [00:13:42<00:02:04,  0.62it/s, loss=0.0254]
Epoch 56:  87%|########..| 511/585 [00:13:47<00:01:59,  0.62it/s, loss=0.0254]
Epoch 56:  88%|########..| 515/585 [00:13:53<00:01:53,  0.62it/s, loss=0.0254]
Epoch 56:  89%|########..| 518/585 [00:13:59<00:01:48,  0.62it/s, loss=0.0254]
Epoch 56:  89%|########..| 522/585 [00:14:05<00:01:42,  0.62it/s, loss=0.0254]
Epoch 56:  90%|########..| 525/585 [00:14:10<00:01:37,  0.62it/s, loss=0.0255]
Epoch 56:  90%|#########.| 529/585 [00:14:17<00:01:30,  0.62it/s, loss=0.0256]
Epoch 56:  91%|#########.| 533/585 [00:14:24<00:01:24,  0.62it/s, loss=0.0256]
Epoch 56:  92%|#########.| 537/585 [00:14:30<00:01:17,  0.62it/s, loss=0.0255]
Epoch 56:  92%|#########.| 541/585 [00:14:36<00:01:11,  0.62it/s, loss=0.0255]
Epoch 56:  93%|#########.| 545/585 [00:14:43<00:01:04,  0.62it/s, loss=0.0255]
Epoch 56:  94%|#########.| 549/585 [00:14:49<00:00:58,  0.62it/s, loss=0.0255]
Epoch 56:  95%|#########.| 553/585 [00:14:55<00:00:51,  0.62it/s, loss=0.0255]
Epoch 56:  95%|#########.| 557/585 [00:15:02<00:00:45,  0.62it/s, loss=0.0255]
Epoch 56:  96%|#########.| 561/585 [00:15:09<00:00:38,  0.62it/s, loss=0.0255]
Epoch 56:  96%|#########.| 564/585 [00:15:14<00:00:34,  0.62it/s, loss=0.0255]
Epoch 56:  97%|#########.| 567/585 [00:15:19<00:00:29,  0.62it/s, loss=0.0254]
Epoch 56:  98%|#########.| 571/585 [00:15:26<00:00:22,  0.62it/s, loss=0.0255]
Epoch 56:  98%|#########.| 574/585 [00:15:31<00:00:17,  0.62it/s, loss=0.0255]
Epoch 56:  99%|#########.| 578/585 [00:15:37<00:00:11,  0.62it/s, loss=0.0255]
Epoch 56:  99%|#########.| 582/585 [00:15:43<00:00:04,  0.62it/s, loss=0.0254]
Epoch 56: 100%|##########| 585/585 [00:15:48<00:00:00,  0.62it/s, loss=0.0255]
Test loss: 0.0228, Test rmsae: 7.07deg
{"event": "epoch_complete", "epoch": 56, "phase": 2, "lr": 1e-05, "batch_size": 10, "micro_batch_size": 1, "train_loss": 0.025459306214291315, "val_loss": 0.022801930288551375, "val_rmsae_deg": 7.072097301483154, "epoch_time_s": 949.3162205229746}
{"event": "checkpoint_saved", "tag": "best_rmsae", "epoch": 56, "path": "/home/cmm/icocnn/IFAN_Edge/outputs/stage3/ifan_stage3_long80_c8_r2_map_maba_20260516_154535/checkpoints/best_rmsae.pt", "val_rmsae_deg": 7.072097301483154}
Epoch 57/80:
Epoch 57:   1%|..........| 3/585 [00:00:06<00:22:27,  0.43it/s, loss=0.0255]
Epoch 57:   1%|..........| 7/585 [00:00:13<00:18:22,  0.52it/s, loss=0.0262]
Epoch 57:   2%|..........| 10/585 [00:00:18<00:17:50,  0.54it/s, loss=0.0252]
Epoch 57:   2%|..........| 14/585 [00:00:24<00:16:58,  0.56it/s, loss=0.0263]
Epoch 57:   3%|..........| 18/585 [00:00:30<00:16:08,  0.59it/s, loss=0.0251]
Epoch 57:   4%|..........| 21/585 [00:00:35<00:16:02,  0.59it/s, loss=0.0247]
Epoch 57:   4%|..........| 25/585 [00:00:41<00:15:40,  0.60it/s, loss=0.0250]
Epoch 57:   5%|..........| 29/585 [00:00:48<00:15:21,  0.60it/s, loss=0.0251]
Epoch 57:   6%|..........| 33/585 [00:00:54<00:15:03,  0.61it/s, loss=0.0251]
Epoch 57:   6%|..........| 37/585 [00:01:00<00:14:50,  0.62it/s, loss=0.0251]
Epoch 57:   7%|..........| 41/585 [00:01:06<00:14:41,  0.62it/s, loss=0.0248]
Epoch 57:   8%|..........| 44/585 [00:01:12<00:14:50,  0.61it/s, loss=0.0250]
Epoch 57:   8%|..........| 48/585 [00:01:18<00:14:39,  0.61it/s, loss=0.0247]
Epoch 57:   9%|..........| 52/585 [00:01:24<00:14:30,  0.61it/s, loss=0.0244]
Epoch 57:  10%|..........| 56/585 [00:01:31<00:14:20,  0.61it/s, loss=0.0244]
Epoch 57:  10%|#.........| 60/585 [00:01:36<00:14:08,  0.62it/s, loss=0.0243]
Epoch 57:  11%|#.........| 64/585 [00:01:43<00:14:03,  0.62it/s, loss=0.0242]
Epoch 57:  11%|#.........| 67/585 [00:01:49<00:14:04,  0.61it/s, loss=0.0243]
Epoch 57:  12%|#.........| 70/585 [00:01:54<00:14:01,  0.61it/s, loss=0.0242]
Epoch 57:  13%|#.........| 74/585 [00:02:00<00:13:53,  0.61it/s, loss=0.0243]
Epoch 57:  13%|#.........| 78/585 [00:02:06<00:13:43,  0.62it/s, loss=0.0242]
Epoch 57:  14%|#.........| 82/585 [00:02:13<00:13:36,  0.62it/s, loss=0.0242]
Epoch 57:  15%|#.........| 86/585 [00:02:19<00:13:27,  0.62it/s, loss=0.0241]
Epoch 57:  15%|#.........| 89/585 [00:02:25<00:13:29,  0.61it/s, loss=0.0242]
Epoch 57:  16%|#.........| 93/585 [00:02:31<00:13:21,  0.61it/s, loss=0.0242]
Epoch 57:  17%|#.........| 97/585 [00:02:37<00:13:13,  0.61it/s, loss=0.0240]
Epoch 57:  17%|#.........| 101/585 [00:02:43<00:13:04,  0.62it/s, loss=0.0240]
Epoch 57:  18%|#.........| 104/585 [00:02:49<00:13:03,  0.61it/s, loss=0.0240]
Epoch 57:  18%|#.........| 108/585 [00:02:55<00:12:56,  0.61it/s, loss=0.0240]
Epoch 57:  19%|#.........| 111/585 [00:03:00<00:12:52,  0.61it/s, loss=0.0240]
Epoch 57:  19%|#.........| 114/585 [00:03:06<00:12:49,  0.61it/s, loss=0.0243]
Epoch 57:  20%|##........| 117/585 [00:03:11<00:12:45,  0.61it/s, loss=0.0242]
Epoch 57:  21%|##........| 121/585 [00:03:17<00:12:36,  0.61it/s, loss=0.0243]
Epoch 57:  21%|##........| 124/585 [00:03:22<00:12:32,  0.61it/s, loss=0.0242]
Epoch 57:  22%|##........| 128/585 [00:03:28<00:12:23,  0.61it/s, loss=0.0241]
Epoch 57:  23%|##........| 132/585 [00:03:34<00:12:14,  0.62it/s, loss=0.0241]
Epoch 57:  23%|##........| 136/585 [00:03:40<00:12:07,  0.62it/s, loss=0.0240]
Epoch 57:  24%|##........| 139/585 [00:03:45<00:12:03,  0.62it/s, loss=0.0240]
Epoch 57:  24%|##........| 143/585 [00:03:51<00:11:57,  0.62it/s, loss=0.0241]
Epoch 57:  25%|##........| 146/585 [00:03:56<00:11:52,  0.62it/s, loss=0.0241]
Epoch 57:  25%|##........| 149/585 [00:04:02<00:11:48,  0.62it/s, loss=0.0241]
Epoch 57:  26%|##........| 153/585 [00:04:08<00:11:40,  0.62it/s, loss=0.0241]
Epoch 57:  27%|##........| 157/585 [00:04:14<00:11:32,  0.62it/s, loss=0.0242]
Epoch 57:  27%|##........| 160/585 [00:04:19<00:11:29,  0.62it/s, loss=0.0242]
Epoch 57:  28%|##........| 164/585 [00:04:25<00:11:21,  0.62it/s, loss=0.0242]
Epoch 57:  29%|##........| 168/585 [00:04:31<00:11:14,  0.62it/s, loss=0.0242]
Epoch 57:  29%|##........| 172/585 [00:04:37<00:11:06,  0.62it/s, loss=0.0241]
Epoch 57:  30%|###.......| 176/585 [00:04:44<00:11:01,  0.62it/s, loss=0.0242]
Epoch 57:  31%|###.......| 180/585 [00:04:50<00:10:54,  0.62it/s, loss=0.0241]
Epoch 57:  31%|###.......| 184/585 [00:04:57<00:10:47,  0.62it/s, loss=0.0242]
Epoch 57:  32%|###.......| 188/585 [00:05:03<00:10:40,  0.62it/s, loss=0.0242]
Epoch 57:  33%|###.......| 191/585 [00:05:08<00:10:36,  0.62it/s, loss=0.0241]
Epoch 57:  33%|###.......| 195/585 [00:05:15<00:10:31,  0.62it/s, loss=0.0243]
Epoch 57:  34%|###.......| 199/585 [00:05:21<00:10:24,  0.62it/s, loss=0.0243]
Epoch 57:  35%|###.......| 203/585 [00:05:28<00:10:18,  0.62it/s, loss=0.0243]
Epoch 57:  35%|###.......| 206/585 [00:05:33<00:10:13,  0.62it/s, loss=0.0242]
Epoch 57:  36%|###.......| 209/585 [00:05:38<00:10:09,  0.62it/s, loss=0.0242]
Epoch 57:  36%|###.......| 212/585 [00:05:44<00:10:05,  0.62it/s, loss=0.0243]
Epoch 57:  37%|###.......| 216/585 [00:05:50<00:09:58,  0.62it/s, loss=0.0242]
Epoch 57:  38%|###.......| 220/585 [00:05:56<00:09:51,  0.62it/s, loss=0.0242]
Epoch 57:  38%|###.......| 223/585 [00:06:01<00:09:46,  0.62it/s, loss=0.0242]
Epoch 57:  39%|###.......| 226/585 [00:06:06<00:09:42,  0.62it/s, loss=0.0242]
Epoch 57:  39%|###.......| 230/585 [00:06:13<00:09:36,  0.62it/s, loss=0.0243]
Epoch 57:  40%|###.......| 233/585 [00:06:19<00:09:33,  0.61it/s, loss=0.0243]
Epoch 57:  41%|####......| 237/585 [00:06:25<00:09:25,  0.61it/s, loss=0.0243]
Epoch 57:  41%|####......| 241/585 [00:06:31<00:09:19,  0.61it/s, loss=0.0243]
Epoch 57:  42%|####......| 245/585 [00:06:37<00:09:11,  0.62it/s, loss=0.0242]
Epoch 57:  43%|####......| 249/585 [00:06:43<00:09:04,  0.62it/s, loss=0.0242]
Epoch 57:  43%|####......| 253/585 [00:06:49<00:08:57,  0.62it/s, loss=0.0241]
Epoch 57:  44%|####......| 257/585 [00:06:55<00:08:49,  0.62it/s, loss=0.0241]
Epoch 57:  45%|####......| 261/585 [00:07:01<00:08:43,  0.62it/s, loss=0.0240]
Epoch 57:  45%|####......| 265/585 [00:07:07<00:08:36,  0.62it/s, loss=0.0240]
Epoch 57:  46%|####......| 269/585 [00:07:14<00:08:30,  0.62it/s, loss=0.0240]
Epoch 57:  46%|####......| 272/585 [00:07:19<00:08:26,  0.62it/s, loss=0.0240]
Epoch 57:  47%|####......| 276/585 [00:07:28<00:08:21,  0.62it/s, loss=0.0241]
Epoch 57:  48%|####......| 280/585 [00:07:35<00:08:15,  0.62it/s, loss=0.0241]
Epoch 57:  48%|####......| 283/585 [00:07:40<00:08:11,  0.61it/s, loss=0.0242]
Epoch 57:  49%|####......| 287/585 [00:07:46<00:08:04,  0.62it/s, loss=0.0242]
Epoch 57:  50%|####......| 291/585 [00:07:52<00:07:57,  0.62it/s, loss=0.0242]
Epoch 57:  50%|#####.....| 295/585 [00:07:58<00:07:50,  0.62it/s, loss=0.0242]
Epoch 57:  51%|#####.....| 299/585 [00:08:04<00:07:43,  0.62it/s, loss=0.0242]
Epoch 57:  52%|#####.....| 303/585 [00:08:10<00:07:36,  0.62it/s, loss=0.0242]
Epoch 57:  52%|#####.....| 306/585 [00:08:16<00:07:32,  0.62it/s, loss=0.0242]
Epoch 57:  53%|#####.....| 310/585 [00:08:22<00:07:25,  0.62it/s, loss=0.0242]
Epoch 57:  54%|#####.....| 314/585 [00:08:28<00:07:18,  0.62it/s, loss=0.0241]
Epoch 57:  54%|#####.....| 317/585 [00:08:34<00:07:14,  0.62it/s, loss=0.0242]
Epoch 57:  55%|#####.....| 320/585 [00:08:40<00:07:10,  0.62it/s, loss=0.0242]
Epoch 57:  55%|#####.....| 323/585 [00:08:45<00:07:06,  0.61it/s, loss=0.0243]
Epoch 57:  56%|#####.....| 327/585 [00:08:51<00:06:59,  0.61it/s, loss=0.0242]
Epoch 57:  57%|#####.....| 331/585 [00:08:58<00:06:53,  0.61it/s, loss=0.0242]
Epoch 57:  57%|#####.....| 335/585 [00:09:04<00:06:46,  0.62it/s, loss=0.0242]
Epoch 57:  58%|#####.....| 339/585 [00:09:10<00:06:39,  0.62it/s, loss=0.0243]
Epoch 57:  58%|#####.....| 342/585 [00:09:15<00:06:34,  0.62it/s, loss=0.0243]
Epoch 57:  59%|#####.....| 346/585 [00:09:21<00:06:27,  0.62it/s, loss=0.0244]
Epoch 57:  60%|#####.....| 349/585 [00:09:27<00:06:23,  0.62it/s, loss=0.0244]
Epoch 57:  60%|######....| 353/585 [00:09:33<00:06:17,  0.62it/s, loss=0.0244]
Epoch 57:  61%|######....| 356/585 [00:09:39<00:06:12,  0.61it/s, loss=0.0245]
Epoch 57:  61%|######....| 359/585 [00:09:44<00:06:07,  0.61it/s, loss=0.0245]
Epoch 57:  62%|######....| 362/585 [00:09:49<00:06:02,  0.61it/s, loss=0.0245]
Epoch 57:  62%|######....| 365/585 [00:09:54<00:05:58,  0.61it/s, loss=0.0245]
Epoch 57:  63%|######....| 369/585 [00:10:01<00:05:51,  0.61it/s, loss=0.0245]
Epoch 57:  64%|######....| 373/585 [00:10:06<00:05:44,  0.61it/s, loss=0.0245]
Epoch 57:  64%|######....| 376/585 [00:10:12<00:05:40,  0.61it/s, loss=0.0245]
Epoch 57:  65%|######....| 380/585 [00:10:18<00:05:33,  0.61it/s, loss=0.0245]
Epoch 57:  65%|######....| 383/585 [00:10:24<00:05:29,  0.61it/s, loss=0.0245]
Epoch 57:  66%|######....| 386/585 [00:10:30<00:05:24,  0.61it/s, loss=0.0246]
Epoch 57:  66%|######....| 389/585 [00:10:35<00:05:20,  0.61it/s, loss=0.0246]
Epoch 57:  67%|######....| 393/585 [00:10:42<00:05:13,  0.61it/s, loss=0.0246]
Epoch 57:  68%|######....| 396/585 [00:10:47<00:05:08,  0.61it/s, loss=0.0246]
Epoch 57:  68%|######....| 400/585 [00:10:53<00:05:02,  0.61it/s, loss=0.0245]
Epoch 57:  69%|######....| 403/585 [00:10:58<00:04:57,  0.61it/s, loss=0.0246]
Epoch 57:  70%|######....| 407/585 [00:11:04<00:04:50,  0.61it/s, loss=0.0245]
Epoch 57:  70%|#######...| 410/585 [00:11:09<00:04:45,  0.61it/s, loss=0.0246]
Epoch 57:  71%|#######...| 414/585 [00:11:15<00:04:39,  0.61it/s, loss=0.0245]
Epoch 57:  71%|#######...| 418/585 [00:11:22<00:04:32,  0.61it/s, loss=0.0245]
Epoch 57:  72%|#######...| 422/585 [00:11:28<00:04:26,  0.61it/s, loss=0.0245]
Epoch 57:  73%|#######...| 425/585 [00:11:34<00:04:21,  0.61it/s, loss=0.0245]
Epoch 57:  73%|#######...| 429/585 [00:11:40<00:04:14,  0.61it/s, loss=0.0245]
Epoch 57:  74%|#######...| 433/585 [00:11:46<00:04:07,  0.61it/s, loss=0.0245]
Epoch 57:  75%|#######...| 436/585 [00:11:51<00:04:03,  0.61it/s, loss=0.0245]
Epoch 57:  75%|#######...| 440/585 [00:11:58<00:03:56,  0.61it/s, loss=0.0246]
Epoch 57:  76%|#######...| 444/585 [00:12:03<00:03:49,  0.61it/s, loss=0.0246]
Epoch 57:  77%|#######...| 448/585 [00:12:09<00:03:43,  0.61it/s, loss=0.0246]
Epoch 57:  77%|#######...| 452/585 [00:12:15<00:03:36,  0.61it/s, loss=0.0246]
Epoch 57:  78%|#######...| 456/585 [00:12:22<00:03:30,  0.61it/s, loss=0.0246]
Epoch 57:  79%|#######...| 460/585 [00:12:28<00:03:23,  0.61it/s, loss=0.0246]
Epoch 57:  79%|#######...| 463/585 [00:12:34<00:03:18,  0.61it/s, loss=0.0246]
Epoch 57:  80%|#######...| 467/585 [00:12:40<00:03:12,  0.61it/s, loss=0.0246]
Epoch 57:  81%|########..| 471/585 [00:12:46<00:03:05,  0.61it/s, loss=0.0246]
Epoch 57:  81%|########..| 475/585 [00:12:53<00:02:59,  0.61it/s, loss=0.0246]
Epoch 57:  82%|########..| 479/585 [00:12:59<00:02:52,  0.61it/s, loss=0.0246]
Epoch 57:  83%|########..| 483/585 [00:13:06<00:02:46,  0.61it/s, loss=0.0246]
Epoch 57:  83%|########..| 487/585 [00:13:13<00:02:39,  0.61it/s, loss=0.0246]
Epoch 57:  84%|########..| 491/585 [00:13:19<00:02:33,  0.61it/s, loss=0.0246]
Epoch 57:  85%|########..| 495/585 [00:13:26<00:02:26,  0.61it/s, loss=0.0246]
Epoch 57:  85%|########..| 499/585 [00:13:33<00:02:20,  0.61it/s, loss=0.0246]
Epoch 57:  86%|########..| 503/585 [00:13:38<00:02:13,  0.61it/s, loss=0.0246]
Epoch 57:  86%|########..| 506/585 [00:13:43<00:02:08,  0.61it/s, loss=0.0246]
Epoch 57:  87%|########..| 509/585 [00:13:49<00:02:03,  0.61it/s, loss=0.0246]
Epoch 57:  88%|########..| 512/585 [00:13:54<00:01:58,  0.61it/s, loss=0.0247]
Epoch 57:  88%|########..| 516/585 [00:14:00<00:01:52,  0.61it/s, loss=0.0247]
Epoch 57:  89%|########..| 519/585 [00:14:06<00:01:47,  0.61it/s, loss=0.0247]
Epoch 57:  89%|########..| 522/585 [00:14:11<00:01:42,  0.61it/s, loss=0.0247]
Epoch 57:  90%|########..| 526/585 [00:14:18<00:01:36,  0.61it/s, loss=0.0247]
Epoch 57:  90%|#########.| 529/585 [00:14:23<00:01:31,  0.61it/s, loss=0.0248]
Epoch 57:  91%|#########.| 532/585 [00:14:29<00:01:26,  0.61it/s, loss=0.0248]
Epoch 57:  91%|#########.| 535/585 [00:14:35<00:01:21,  0.61it/s, loss=0.0247]
Epoch 57:  92%|#########.| 539/585 [00:14:41<00:01:15,  0.61it/s, loss=0.0247]
Epoch 57:  93%|#########.| 542/585 [00:14:46<00:01:10,  0.61it/s, loss=0.0247]
Epoch 57:  93%|#########.| 546/585 [00:14:52<00:01:03,  0.61it/s, loss=0.0247]
Epoch 57:  94%|#########.| 550/585 [00:15:00<00:00:57,  0.61it/s, loss=0.0247]
Epoch 57:  95%|#########.| 553/585 [00:15:05<00:00:52,  0.61it/s, loss=0.0247]
Epoch 57:  95%|#########.| 557/585 [00:15:11<00:00:45,  0.61it/s, loss=0.0247]
Epoch 57:  96%|#########.| 561/585 [00:15:18<00:00:39,  0.61it/s, loss=0.0247]
Epoch 57:  96%|#########.| 564/585 [00:15:23<00:00:34,  0.61it/s, loss=0.0247]
Epoch 57:  97%|#########.| 568/585 [00:15:30<00:00:27,  0.61it/s, loss=0.0246]
Epoch 57:  98%|#########.| 572/585 [00:15:37<00:00:21,  0.61it/s, loss=0.0247]
Epoch 57:  98%|#########.| 576/585 [00:15:43<00:00:14,  0.61it/s, loss=0.0247]
Epoch 57:  99%|#########.| 580/585 [00:15:49<00:00:08,  0.61it/s, loss=0.0246]
Epoch 57: 100%|#########.| 584/585 [00:15:56<00:00:01,  0.61it/s, loss=0.0246]
Epoch 57: 100%|##########| 585/585 [00:15:57<00:00:00,  0.61it/s, loss=0.0246]
Test loss: 0.0228, Test rmsae: 7.17deg
{"event": "epoch_complete", "epoch": 57, "phase": 2, "lr": 1e-05, "batch_size": 10, "micro_batch_size": 1, "train_loss": 0.024594978728673906, "val_loss": 0.022844430059194565, "val_rmsae_deg": 7.17411507666111, "epoch_time_s": 958.5340105019277}
Epoch 58/80:
Epoch 58:   1%|..........| 4/585 [00:00:05<00:14:10,  0.68it/s, loss=0.0242]
Epoch 58:   1%|..........| 7/585 [00:00:11<00:16:12,  0.59it/s, loss=0.0251]
Epoch 58:   2%|..........| 11/585 [00:00:17<00:15:31,  0.62it/s, loss=0.0244]
Epoch 58:   3%|..........| 15/585 [00:00:23<00:15:00,  0.63it/s, loss=0.0245]
Epoch 58:   3%|..........| 19/585 [00:00:29<00:14:47,  0.64it/s, loss=0.0249]
Epoch 58:   4%|..........| 23/585 [00:00:35<00:14:34,  0.64it/s, loss=0.0247]
Epoch 58:   5%|..........| 27/585 [00:00:42<00:14:30,  0.64it/s, loss=0.0246]
Epoch 58:   5%|..........| 31/585 [00:00:48<00:14:26,  0.64it/s, loss=0.0241]
Epoch 58:   6%|..........| 34/585 [00:00:53<00:14:31,  0.63it/s, loss=0.0245]
Epoch 58:   6%|..........| 38/585 [00:00:59<00:14:21,  0.63it/s, loss=0.0241]
Epoch 58:   7%|..........| 42/585 [00:01:06<00:14:17,  0.63it/s, loss=0.0243]
Epoch 58:   8%|..........| 45/585 [00:01:11<00:14:21,  0.63it/s, loss=0.0244]
Epoch 58:   8%|..........| 48/585 [00:01:17<00:14:27,  0.62it/s, loss=0.0249]
Epoch 58:   9%|..........| 52/585 [00:01:23<00:14:12,  0.63it/s, loss=0.0247]
Epoch 58:  10%|..........| 56/585 [00:01:29<00:14:10,  0.62it/s, loss=0.0251]
Epoch 58:  10%|#.........| 59/585 [00:01:35<00:14:07,  0.62it/s, loss=0.0252]
Epoch 58:  11%|#.........| 63/585 [00:01:41<00:13:56,  0.62it/s, loss=0.0250]
Epoch 58:  11%|#.........| 67/585 [00:01:47<00:13:52,  0.62it/s, loss=0.0250]
Epoch 58:  12%|#.........| 71/585 [00:01:53<00:13:42,  0.63it/s, loss=0.0249]
Epoch 58:  13%|#.........| 75/585 [00:01:59<00:13:34,  0.63it/s, loss=0.0248]
Epoch 58:  13%|#.........| 78/585 [00:02:04<00:13:32,  0.62it/s, loss=0.0252]
Epoch 58:  14%|#.........| 82/585 [00:02:10<00:13:22,  0.63it/s, loss=0.0249]
Epoch 58:  15%|#.........| 86/585 [00:02:17<00:13:15,  0.63it/s, loss=0.0248]
Epoch 58:  15%|#.........| 89/585 [00:02:22<00:13:15,  0.62it/s, loss=0.0248]
Epoch 58:  16%|#.........| 92/585 [00:02:27<00:13:12,  0.62it/s, loss=0.0249]
Epoch 58:  16%|#.........| 95/585 [00:02:33<00:13:12,  0.62it/s, loss=0.0248]
Epoch 58:  17%|#.........| 99/585 [00:02:40<00:13:05,  0.62it/s, loss=0.0249]
Epoch 58:  17%|#.........| 102/585 [00:02:45<00:13:02,  0.62it/s, loss=0.0248]
Epoch 58:  18%|#.........| 106/585 [00:02:51<00:12:54,  0.62it/s, loss=0.0249]
Epoch 58:  19%|#.........| 109/585 [00:02:56<00:12:50,  0.62it/s, loss=0.0250]
Epoch 58:  19%|#.........| 113/585 [00:03:02<00:12:43,  0.62it/s, loss=0.0252]
Epoch 58:  20%|#.........| 116/585 [00:03:07<00:12:39,  0.62it/s, loss=0.0252]
Epoch 58:  20%|##........| 119/585 [00:03:13<00:12:36,  0.62it/s, loss=0.0252]
Epoch 58:  21%|##........| 123/585 [00:03:19<00:12:30,  0.62it/s, loss=0.0254]
Epoch 58:  22%|##........| 126/585 [00:03:25<00:12:27,  0.61it/s, loss=0.0253]
Epoch 58:  22%|##........| 129/585 [00:03:30<00:12:23,  0.61it/s, loss=0.0253]
Epoch 58:  23%|##........| 133/585 [00:03:36<00:12:16,  0.61it/s, loss=0.0257]
Epoch 58:  23%|##........| 137/585 [00:03:42<00:12:08,  0.61it/s, loss=0.0256]
Epoch 58:  24%|##........| 141/585 [00:03:49<00:12:02,  0.61it/s, loss=0.0255]
Epoch 58:  25%|##........| 144/585 [00:03:54<00:11:58,  0.61it/s, loss=0.0254]
Epoch 58:  25%|##........| 147/585 [00:03:59<00:11:53,  0.61it/s, loss=0.0257]
Epoch 58:  26%|##........| 150/585 [00:04:04<00:11:50,  0.61it/s, loss=0.0257]
Epoch 58:  26%|##........| 154/585 [00:04:10<00:11:42,  0.61it/s, loss=0.0259]
Epoch 58:  27%|##........| 158/585 [00:04:17<00:11:35,  0.61it/s, loss=0.0258]
Epoch 58:  28%|##........| 162/585 [00:04:24<00:11:29,  0.61it/s, loss=0.0258]
Epoch 58:  28%|##........| 166/585 [00:04:29<00:11:21,  0.62it/s, loss=0.0258]
Epoch 58:  29%|##........| 170/585 [00:04:35<00:11:13,  0.62it/s, loss=0.0257]
Epoch 58:  30%|##........| 173/585 [00:04:40<00:11:08,  0.62it/s, loss=0.0257]
Epoch 58:  30%|###.......| 176/585 [00:04:46<00:11:06,  0.61it/s, loss=0.0259]
Epoch 58:  31%|###.......| 180/585 [00:04:52<00:10:58,  0.62it/s, loss=0.0259]
Epoch 58:  31%|###.......| 184/585 [00:04:59<00:10:52,  0.61it/s, loss=0.0258]
Epoch 58:  32%|###.......| 187/585 [00:05:04<00:10:48,  0.61it/s, loss=0.0257]
Epoch 58:  33%|###.......| 191/585 [00:05:11<00:10:42,  0.61it/s, loss=0.0256]
Epoch 58:  33%|###.......| 195/585 [00:05:17<00:10:34,  0.61it/s, loss=0.0255]
Epoch 58:  34%|###.......| 198/585 [00:05:22<00:10:31,  0.61it/s, loss=0.0254]
Epoch 58:  35%|###.......| 202/585 [00:05:29<00:10:24,  0.61it/s, loss=0.0253]
Epoch 58:  35%|###.......| 205/585 [00:05:35<00:10:21,  0.61it/s, loss=0.0254]
Epoch 58:  36%|###.......| 209/585 [00:05:41<00:10:14,  0.61it/s, loss=0.0253]
Epoch 58:  36%|###.......| 213/585 [00:05:48<00:10:07,  0.61it/s, loss=0.0253]
Epoch 58:  37%|###.......| 216/585 [00:05:53<00:10:03,  0.61it/s, loss=0.0253]
Epoch 58:  37%|###.......| 219/585 [00:05:58<00:09:59,  0.61it/s, loss=0.0253]
Epoch 58:  38%|###.......| 222/585 [00:06:04<00:09:55,  0.61it/s, loss=0.0253]
Epoch 58:  38%|###.......| 225/585 [00:06:09<00:09:50,  0.61it/s, loss=0.0253]
Epoch 58:  39%|###.......| 228/585 [00:06:14<00:09:46,  0.61it/s, loss=0.0253]
Epoch 58:  40%|###.......| 232/585 [00:06:21<00:09:39,  0.61it/s, loss=0.0253]
Epoch 58:  40%|####......| 236/585 [00:06:27<00:09:32,  0.61it/s, loss=0.0252]
Epoch 58:  41%|####......| 240/585 [00:06:33<00:09:25,  0.61it/s, loss=0.0252]
Epoch 58:  42%|####......| 244/585 [00:06:39<00:09:18,  0.61it/s, loss=0.0251]
Epoch 58:  42%|####......| 247/585 [00:06:45<00:09:14,  0.61it/s, loss=0.0250]
Epoch 58:  43%|####......| 251/585 [00:06:51<00:09:08,  0.61it/s, loss=0.0251]
Epoch 58:  43%|####......| 254/585 [00:06:58<00:09:05,  0.61it/s, loss=0.0251]
Epoch 58:  44%|####......| 258/585 [00:07:04<00:08:57,  0.61it/s, loss=0.0251]
Epoch 58:  45%|####......| 261/585 [00:07:09<00:08:53,  0.61it/s, loss=0.0251]
Epoch 58:  45%|####......| 264/585 [00:07:14<00:08:48,  0.61it/s, loss=0.0250]
Epoch 58:  46%|####......| 268/585 [00:07:20<00:08:41,  0.61it/s, loss=0.0250]
Epoch 58:  46%|####......| 271/585 [00:07:25<00:08:36,  0.61it/s, loss=0.0250]
Epoch 58:  47%|####......| 274/585 [00:07:31<00:08:31,  0.61it/s, loss=0.0250]
Epoch 58:  48%|####......| 278/585 [00:07:37<00:08:25,  0.61it/s, loss=0.0251]
Epoch 58:  48%|####......| 282/585 [00:07:43<00:08:18,  0.61it/s, loss=0.0251]
Epoch 58:  49%|####......| 285/585 [00:07:49<00:08:13,  0.61it/s, loss=0.0251]
Epoch 58:  49%|####......| 289/585 [00:07:55<00:08:07,  0.61it/s, loss=0.0251]
Epoch 58:  50%|#####.....| 293/585 [00:08:01<00:08:00,  0.61it/s, loss=0.0251]
Epoch 58:  51%|#####.....| 296/585 [00:08:07<00:07:55,  0.61it/s, loss=0.0252]
Epoch 58:  51%|#####.....| 300/585 [00:08:13<00:07:48,  0.61it/s, loss=0.0252]
Epoch 58:  52%|#####.....| 304/585 [00:08:19<00:07:41,  0.61it/s, loss=0.0252]
Epoch 58:  53%|#####.....| 308/585 [00:08:25<00:07:34,  0.61it/s, loss=0.0253]
Epoch 58:  53%|#####.....| 312/585 [00:08:31<00:07:27,  0.61it/s, loss=0.0252]
Epoch 58:  54%|#####.....| 315/585 [00:08:37<00:07:23,  0.61it/s, loss=0.0252]
Epoch 58:  54%|#####.....| 318/585 [00:08:43<00:07:19,  0.61it/s, loss=0.0252]
Epoch 58:  55%|#####.....| 322/585 [00:08:49<00:07:12,  0.61it/s, loss=0.0252]
Epoch 58:  56%|#####.....| 326/585 [00:08:55<00:07:05,  0.61it/s, loss=0.0252]
Epoch 58:  56%|#####.....| 329/585 [00:09:00<00:07:00,  0.61it/s, loss=0.0252]
Epoch 58:  57%|#####.....| 332/585 [00:09:06<00:06:56,  0.61it/s, loss=0.0253]
Epoch 58:  57%|#####.....| 336/585 [00:09:13<00:06:49,  0.61it/s, loss=0.0253]
Epoch 58:  58%|#####.....| 340/585 [00:09:19<00:06:43,  0.61it/s, loss=0.0253]
Epoch 58:  59%|#####.....| 344/585 [00:09:25<00:06:36,  0.61it/s, loss=0.0253]
Epoch 58:  59%|#####.....| 348/585 [00:09:32<00:06:29,  0.61it/s, loss=0.0253]
Epoch 58:  60%|######....| 352/585 [00:09:38<00:06:23,  0.61it/s, loss=0.0252]
Epoch 58:  61%|######....| 356/585 [00:09:45<00:06:16,  0.61it/s, loss=0.0252]
Epoch 58:  62%|######....| 360/585 [00:09:51<00:06:09,  0.61it/s, loss=0.0252]
Epoch 58:  62%|######....| 363/585 [00:09:57<00:06:05,  0.61it/s, loss=0.0252]
Epoch 58:  63%|######....| 367/585 [00:10:03<00:05:58,  0.61it/s, loss=0.0253]
Epoch 58:  63%|######....| 370/585 [00:10:10<00:05:54,  0.61it/s, loss=0.0254]
Epoch 58:  64%|######....| 373/585 [00:10:15<00:05:49,  0.61it/s, loss=0.0254]
Epoch 58:  64%|######....| 377/585 [00:10:22<00:05:43,  0.61it/s, loss=0.0254]
Epoch 58:  65%|######....| 381/585 [00:10:28<00:05:36,  0.61it/s, loss=0.0253]
Epoch 58:  66%|######....| 384/585 [00:10:33<00:05:31,  0.61it/s, loss=0.0253]
Epoch 58:  66%|######....| 387/585 [00:10:38<00:05:26,  0.61it/s, loss=0.0253]
Epoch 58:  67%|######....| 391/585 [00:10:45<00:05:20,  0.61it/s, loss=0.0253]
Epoch 58:  68%|######....| 395/585 [00:10:51<00:05:13,  0.61it/s, loss=0.0253]
Epoch 58:  68%|######....| 399/585 [00:10:57<00:05:06,  0.61it/s, loss=0.0253]
Epoch 58:  69%|######....| 402/585 [00:11:02<00:05:01,  0.61it/s, loss=0.0253]
Epoch 58:  69%|######....| 406/585 [00:11:09<00:04:54,  0.61it/s, loss=0.0253]
Epoch 58:  70%|#######...| 410/585 [00:11:14<00:04:48,  0.61it/s, loss=0.0252]
Epoch 58:  71%|#######...| 413/585 [00:11:20<00:04:43,  0.61it/s, loss=0.0252]
Epoch 58:  71%|#######...| 416/585 [00:11:25<00:04:38,  0.61it/s, loss=0.0252]
Epoch 58:  72%|#######...| 420/585 [00:11:31<00:04:31,  0.61it/s, loss=0.0252]
Epoch 58:  72%|#######...| 424/585 [00:11:37<00:04:24,  0.61it/s, loss=0.0251]
Epoch 58:  73%|#######...| 427/585 [00:11:42<00:04:19,  0.61it/s, loss=0.0251]
Epoch 58:  74%|#######...| 430/585 [00:11:50<00:04:16,  0.61it/s, loss=0.0253]
Epoch 58:  74%|#######...| 434/585 [00:11:56<00:04:09,  0.61it/s, loss=0.0253]
Epoch 58:  75%|#######...| 438/585 [00:12:02<00:04:02,  0.61it/s, loss=0.0253]
Epoch 58:  76%|#######...| 442/585 [00:12:09<00:03:55,  0.61it/s, loss=0.0253]
Epoch 58:  76%|#######...| 445/585 [00:12:14<00:03:51,  0.61it/s, loss=0.0253]
Epoch 58:  77%|#######...| 449/585 [00:12:20<00:03:44,  0.61it/s, loss=0.0253]
Epoch 58:  77%|#######...| 452/585 [00:12:26<00:03:39,  0.61it/s, loss=0.0255]
Epoch 58:  78%|#######...| 456/585 [00:12:32<00:03:32,  0.61it/s, loss=0.0254]
Epoch 58:  78%|#######...| 459/585 [00:12:38<00:03:28,  0.61it/s, loss=0.0254]
Epoch 58:  79%|#######...| 462/585 [00:12:43<00:03:23,  0.60it/s, loss=0.0254]
Epoch 58:  80%|#######...| 466/585 [00:12:49<00:03:16,  0.61it/s, loss=0.0254]
Epoch 58:  80%|########..| 469/585 [00:12:55<00:03:11,  0.60it/s, loss=0.0255]
Epoch 58:  81%|########..| 473/585 [00:13:01<00:03:05,  0.61it/s, loss=0.0255]
Epoch 58:  82%|########..| 477/585 [00:13:07<00:02:58,  0.61it/s, loss=0.0255]
Epoch 58:  82%|########..| 480/585 [00:13:13<00:02:53,  0.61it/s, loss=0.0255]
Epoch 58:  83%|########..| 483/585 [00:13:18<00:02:48,  0.60it/s, loss=0.0255]
Epoch 58:  83%|########..| 487/585 [00:13:25<00:02:42,  0.60it/s, loss=0.0254]
Epoch 58:  84%|########..| 490/585 [00:13:30<00:02:37,  0.60it/s, loss=0.0254]
Epoch 58:  84%|########..| 494/585 [00:13:36<00:02:30,  0.60it/s, loss=0.0254]
Epoch 58:  85%|########..| 498/585 [00:13:42<00:02:23,  0.61it/s, loss=0.0254]
Epoch 58:  86%|########..| 501/585 [00:13:48<00:02:18,  0.60it/s, loss=0.0254]
Epoch 58:  86%|########..| 504/585 [00:13:53<00:02:13,  0.60it/s, loss=0.0254]
Epoch 58:  87%|########..| 507/585 [00:13:58<00:02:08,  0.60it/s, loss=0.0254]
Epoch 58:  87%|########..| 511/585 [00:14:04<00:02:02,  0.61it/s, loss=0.0254]
Epoch 58:  88%|########..| 514/585 [00:14:09<00:01:57,  0.61it/s, loss=0.0254]
Epoch 58:  89%|########..| 518/585 [00:14:15<00:01:50,  0.61it/s, loss=0.0254]
Epoch 58:  89%|########..| 522/585 [00:14:22<00:01:44,  0.61it/s, loss=0.0254]
Epoch 58:  90%|########..| 526/585 [00:14:28<00:01:37,  0.61it/s, loss=0.0254]
Epoch 58:  91%|#########.| 530/585 [00:14:34<00:01:30,  0.61it/s, loss=0.0254]
Epoch 58:  91%|#########.| 533/585 [00:14:40<00:01:25,  0.61it/s, loss=0.0254]
Epoch 58:  92%|#########.| 536/585 [00:14:45<00:01:20,  0.61it/s, loss=0.0254]
Epoch 58:  92%|#########.| 539/585 [00:14:50<00:01:15,  0.61it/s, loss=0.0254]
Epoch 58:  93%|#########.| 543/585 [00:14:57<00:01:09,  0.61it/s, loss=0.0254]
Epoch 58:  94%|#########.| 547/585 [00:15:02<00:01:02,  0.61it/s, loss=0.0254]
Epoch 58:  94%|#########.| 550/585 [00:15:07<00:00:57,  0.61it/s, loss=0.0254]
Epoch 58:  95%|#########.| 554/585 [00:15:14<00:00:51,  0.61it/s, loss=0.0254]
Epoch 58:  95%|#########.| 557/585 [00:15:19<00:00:46,  0.61it/s, loss=0.0253]
Epoch 58:  96%|#########.| 561/585 [00:15:25<00:00:39,  0.61it/s, loss=0.0253]
Epoch 58:  97%|#########.| 565/585 [00:15:32<00:00:32,  0.61it/s, loss=0.0253]
Epoch 58:  97%|#########.| 568/585 [00:15:37<00:00:28,  0.61it/s, loss=0.0254]
Epoch 58:  98%|#########.| 572/585 [00:15:43<00:00:21,  0.61it/s, loss=0.0253]
Epoch 58:  98%|#########.| 576/585 [00:15:49<00:00:14,  0.61it/s, loss=0.0253]
Epoch 58:  99%|#########.| 580/585 [00:15:56<00:00:08,  0.61it/s, loss=0.0253]
Epoch 58: 100%|#########.| 584/585 [00:16:02<00:00:01,  0.61it/s, loss=0.0253]
Epoch 58: 100%|##########| 585/585 [00:16:03<00:00:00,  0.61it/s, loss=0.0253]
Test loss: 0.0228, Test rmsae: 7.12deg
{"event": "epoch_complete", "epoch": 58, "phase": 2, "lr": 1e-05, "batch_size": 10, "micro_batch_size": 1, "train_loss": 0.02528992406068704, "val_loss": 0.02284386704559438, "val_rmsae_deg": 7.1218006163835526, "epoch_time_s": 964.7065793119837}
Epoch 59/80:
Epoch 59:   1%|..........| 4/585 [00:00:06<00:14:42,  0.66it/s, loss=0.0255]
Epoch 59:   1%|..........| 8/585 [00:00:11<00:14:22,  0.67it/s, loss=0.0247]
Epoch 59:   2%|..........| 12/585 [00:00:18<00:14:46,  0.65it/s, loss=0.0242]
Epoch 59:   3%|..........| 16/585 [00:00:25<00:14:54,  0.64it/s, loss=0.0238]
Epoch 59:   3%|..........| 20/585 [00:00:30<00:14:29,  0.65it/s, loss=0.0229]
Epoch 59:   4%|..........| 24/585 [00:00:37<00:14:25,  0.65it/s, loss=0.0237]
Epoch 59:   5%|..........| 27/585 [00:00:42<00:14:32,  0.64it/s, loss=0.0238]
Epoch 59:   5%|..........| 30/585 [00:00:47<00:14:36,  0.63it/s, loss=0.0236]
Epoch 59:   6%|..........| 34/585 [00:00:53<00:14:23,  0.64it/s, loss=0.0239]
Epoch 59:   6%|..........| 38/585 [00:00:59<00:14:21,  0.63it/s, loss=0.0239]
Epoch 59:   7%|..........| 42/585 [00:01:05<00:14:09,  0.64it/s, loss=0.0236]
Epoch 59:   8%|..........| 45/585 [00:01:11<00:14:13,  0.63it/s, loss=0.0238]
Epoch 59:   8%|..........| 49/585 [00:01:17<00:14:04,  0.63it/s, loss=0.0239]
Epoch 59:   9%|..........| 52/585 [00:01:22<00:14:06,  0.63it/s, loss=0.0240]
Epoch 59:  10%|..........| 56/585 [00:01:28<00:13:58,  0.63it/s, loss=0.0239]
Epoch 59:  10%|#.........| 59/585 [00:01:33<00:13:56,  0.63it/s, loss=0.0239]
Epoch 59:  11%|#.........| 63/585 [00:01:39<00:13:45,  0.63it/s, loss=0.0239]
Epoch 59:  11%|#.........| 66/585 [00:01:44<00:13:44,  0.63it/s, loss=0.0239]
Epoch 59:  12%|#.........| 70/585 [00:01:51<00:13:43,  0.63it/s, loss=0.0240]
Epoch 59:  12%|#.........| 73/585 [00:01:58<00:13:48,  0.62it/s, loss=0.0239]
Epoch 59:  13%|#.........| 77/585 [00:02:04<00:13:40,  0.62it/s, loss=0.0239]
Epoch 59:  14%|#.........| 81/585 [00:02:10<00:13:33,  0.62it/s, loss=0.0241]
Epoch 59:  15%|#.........| 85/585 [00:02:17<00:13:26,  0.62it/s, loss=0.0240]
Epoch 59:  15%|#.........| 89/585 [00:02:23<00:13:21,  0.62it/s, loss=0.0241]
Epoch 59:  16%|#.........| 92/585 [00:02:28<00:13:17,  0.62it/s, loss=0.0244]
Epoch 59:  16%|#.........| 95/585 [00:02:34<00:13:16,  0.62it/s, loss=0.0246]
Epoch 59:  17%|#.........| 98/585 [00:02:39<00:13:13,  0.61it/s, loss=0.0247]
Epoch 59:  17%|#.........| 102/585 [00:02:45<00:13:05,  0.61it/s, loss=0.0248]
Epoch 59:  18%|#.........| 106/585 [00:02:52<00:12:57,  0.62it/s, loss=0.0247]
Epoch 59:  19%|#.........| 109/585 [00:02:57<00:12:55,  0.61it/s, loss=0.0246]
Epoch 59:  19%|#.........| 113/585 [00:03:03<00:12:45,  0.62it/s, loss=0.0245]
Epoch 59:  20%|##........| 117/585 [00:03:09<00:12:38,  0.62it/s, loss=0.0245]
Epoch 59:  21%|##........| 120/585 [00:03:14<00:12:34,  0.62it/s, loss=0.0244]
Epoch 59:  21%|##........| 123/585 [00:03:20<00:12:31,  0.61it/s, loss=0.0244]
Epoch 59:  22%|##........| 127/585 [00:03:25<00:12:22,  0.62it/s, loss=0.0244]
Epoch 59:  22%|##........| 131/585 [00:03:32<00:12:15,  0.62it/s, loss=0.0243]
Epoch 59:  23%|##........| 135/585 [00:03:38<00:12:09,  0.62it/s, loss=0.0242]
Epoch 59:  24%|##........| 139/585 [00:03:45<00:12:02,  0.62it/s, loss=0.0243]
Epoch 59:  24%|##........| 142/585 [00:03:50<00:11:58,  0.62it/s, loss=0.0244]
Epoch 59:  25%|##........| 146/585 [00:03:56<00:11:51,  0.62it/s, loss=0.0242]
Epoch 59:  26%|##........| 150/585 [00:04:02<00:11:44,  0.62it/s, loss=0.0242]
Epoch 59:  26%|##........| 154/585 [00:04:09<00:11:37,  0.62it/s, loss=0.0242]
Epoch 59:  27%|##........| 158/585 [00:04:15<00:11:30,  0.62it/s, loss=0.0242]
Epoch 59:  28%|##........| 162/585 [00:04:21<00:11:21,  0.62it/s, loss=0.0241]
Epoch 59:  28%|##........| 166/585 [00:04:27<00:11:14,  0.62it/s, loss=0.0242]
Epoch 59:  29%|##........| 170/585 [00:04:32<00:11:06,  0.62it/s, loss=0.0242]
Epoch 59:  29%|##........| 172/585 [00:04:38<00:11:08,  0.62it/s, loss=0.0243]
Epoch 59:  30%|###.......| 176/585 [00:04:44<00:11:01,  0.62it/s, loss=0.0242]
Epoch 59:  31%|###.......| 180/585 [00:04:51<00:10:55,  0.62it/s, loss=0.0242]
Epoch 59:  31%|###.......| 183/585 [00:04:56<00:10:51,  0.62it/s, loss=0.0242]
Epoch 59:  32%|###.......| 187/585 [00:05:02<00:10:43,  0.62it/s, loss=0.0242]
Epoch 59:  33%|###.......| 191/585 [00:05:08<00:10:36,  0.62it/s, loss=0.0241]
Epoch 59:  33%|###.......| 195/585 [00:05:14<00:10:29,  0.62it/s, loss=0.0241]
Epoch 59:  34%|###.......| 198/585 [00:05:20<00:10:25,  0.62it/s, loss=0.0241]
Epoch 59:  35%|###.......| 202/585 [00:05:26<00:10:19,  0.62it/s, loss=0.0240]
Epoch 59:  35%|###.......| 206/585 [00:05:33<00:10:13,  0.62it/s, loss=0.0240]
Epoch 59:  36%|###.......| 210/585 [00:05:39<00:10:05,  0.62it/s, loss=0.0241]
Epoch 59:  36%|###.......| 213/585 [00:05:45<00:10:02,  0.62it/s, loss=0.0240]
Epoch 59:  37%|###.......| 217/585 [00:05:50<00:09:55,  0.62it/s, loss=0.0240]
Epoch 59:  38%|###.......| 221/585 [00:05:56<00:09:47,  0.62it/s, loss=0.0242]
Epoch 59:  38%|###.......| 224/585 [00:06:02<00:09:43,  0.62it/s, loss=0.0243]
Epoch 59:  39%|###.......| 228/585 [00:06:08<00:09:36,  0.62it/s, loss=0.0243]
Epoch 59:  40%|###.......| 232/585 [00:06:14<00:09:29,  0.62it/s, loss=0.0243]
Epoch 59:  40%|####......| 236/585 [00:06:20<00:09:23,  0.62it/s, loss=0.0243]
Epoch 59:  41%|####......| 240/585 [00:06:27<00:09:17,  0.62it/s, loss=0.0242]
Epoch 59:  42%|####......| 244/585 [00:06:33<00:09:10,  0.62it/s, loss=0.0242]
Epoch 59:  42%|####......| 248/585 [00:06:39<00:09:02,  0.62it/s, loss=0.0241]
Epoch 59:  43%|####......| 252/585 [00:06:45<00:08:55,  0.62it/s, loss=0.0240]
Epoch 59:  43%|####......| 254/585 [00:06:50<00:08:55,  0.62it/s, loss=0.0240]
Epoch 59:  44%|####......| 257/585 [00:06:56<00:08:51,  0.62it/s, loss=0.0240]
Epoch 59:  44%|####......| 260/585 [00:07:01<00:08:46,  0.62it/s, loss=0.0240]
Epoch 59:  45%|####......| 264/585 [00:07:07<00:08:40,  0.62it/s, loss=0.0240]
Epoch 59:  46%|####......| 267/585 [00:07:12<00:08:35,  0.62it/s, loss=0.0240]
Epoch 59:  46%|####......| 271/585 [00:07:19<00:08:29,  0.62it/s, loss=0.0240]
Epoch 59:  47%|####......| 275/585 [00:07:25<00:08:21,  0.62it/s, loss=0.0241]
Epoch 59:  48%|####......| 279/585 [00:07:31<00:08:15,  0.62it/s, loss=0.0241]
Epoch 59:  48%|####......| 282/585 [00:07:36<00:08:10,  0.62it/s, loss=0.0241]
Epoch 59:  49%|####......| 285/585 [00:07:41<00:08:05,  0.62it/s, loss=0.0241]
Epoch 59:  49%|####......| 289/585 [00:07:47<00:07:59,  0.62it/s, loss=0.0245]
Epoch 59:  50%|####......| 292/585 [00:07:53<00:07:54,  0.62it/s, loss=0.0245]
Epoch 59:  50%|#####.....| 295/585 [00:07:58<00:07:49,  0.62it/s, loss=0.0246]
Epoch 59:  51%|#####.....| 298/585 [00:08:03<00:07:45,  0.62it/s, loss=0.0246]
Epoch 59:  52%|#####.....| 302/585 [00:08:08<00:07:38,  0.62it/s, loss=0.0246]
Epoch 59:  52%|#####.....| 306/585 [00:08:15<00:07:31,  0.62it/s, loss=0.0246]
Epoch 59:  53%|#####.....| 310/585 [00:08:21<00:07:24,  0.62it/s, loss=0.0246]
Epoch 59:  54%|#####.....| 314/585 [00:08:28<00:07:18,  0.62it/s, loss=0.0247]
Epoch 59:  54%|#####.....| 318/585 [00:08:35<00:07:12,  0.62it/s, loss=0.0248]
Epoch 59:  55%|#####.....| 321/585 [00:08:40<00:07:08,  0.62it/s, loss=0.0248]
Epoch 59:  55%|#####.....| 324/585 [00:08:45<00:07:03,  0.62it/s, loss=0.0248]
Epoch 59:  56%|#####.....| 327/585 [00:08:50<00:06:58,  0.62it/s, loss=0.0248]
Epoch 59:  56%|#####.....| 330/585 [00:08:55<00:06:54,  0.62it/s, loss=0.0248]
Epoch 59:  57%|#####.....| 333/585 [00:09:01<00:06:50,  0.61it/s, loss=0.0248]
Epoch 59:  58%|#####.....| 337/585 [00:09:08<00:06:43,  0.61it/s, loss=0.0248]
Epoch 59:  58%|#####.....| 341/585 [00:09:14<00:06:36,  0.61it/s, loss=0.0249]
Epoch 59:  59%|#####.....| 344/585 [00:09:19<00:06:32,  0.61it/s, loss=0.0249]
Epoch 59:  59%|#####.....| 348/585 [00:09:26<00:06:25,  0.61it/s, loss=0.0249]
Epoch 59:  60%|######....| 351/585 [00:09:31<00:06:21,  0.61it/s, loss=0.0249]
Epoch 59:  61%|######....| 354/585 [00:09:36<00:06:16,  0.61it/s, loss=0.0250]
Epoch 59:  61%|######....| 358/585 [00:09:42<00:06:09,  0.61it/s, loss=0.0250]
Epoch 59:  62%|######....| 361/585 [00:09:48<00:06:04,  0.61it/s, loss=0.0249]
Epoch 59:  62%|######....| 365/585 [00:09:54<00:05:58,  0.61it/s, loss=0.0249]
Epoch 59:  63%|######....| 369/585 [00:10:00<00:05:51,  0.61it/s, loss=0.0249]
Epoch 59:  64%|######....| 373/585 [00:10:07<00:05:45,  0.61it/s, loss=0.0249]
Epoch 59:  64%|######....| 377/585 [00:10:14<00:05:38,  0.61it/s, loss=0.0249]
Epoch 59:  65%|######....| 381/585 [00:10:20<00:05:32,  0.61it/s, loss=0.0249]
Epoch 59:  66%|######....| 385/585 [00:10:26<00:05:25,  0.61it/s, loss=0.0249]
Epoch 59:  66%|######....| 389/585 [00:10:32<00:05:18,  0.62it/s, loss=0.0249]
Epoch 59:  67%|######....| 392/585 [00:10:37<00:05:13,  0.61it/s, loss=0.0249]
Epoch 59:  68%|######....| 396/585 [00:10:44<00:05:07,  0.61it/s, loss=0.0249]
Epoch 59:  68%|######....| 400/585 [00:10:50<00:05:00,  0.62it/s, loss=0.0250]
Epoch 59:  69%|######....| 404/585 [00:10:56<00:04:54,  0.62it/s, loss=0.0250]
Epoch 59:  70%|######....| 407/585 [00:11:02<00:04:49,  0.61it/s, loss=0.0250]
Epoch 59:  70%|#######...| 410/585 [00:11:07<00:04:44,  0.61it/s, loss=0.0250]
Epoch 59:  71%|#######...| 414/585 [00:11:13<00:04:38,  0.61it/s, loss=0.0250]
Epoch 59:  71%|#######...| 418/585 [00:11:20<00:04:31,  0.61it/s, loss=0.0250]
Epoch 59:  72%|#######...| 422/585 [00:11:26<00:04:25,  0.61it/s, loss=0.0251]
Epoch 59:  73%|#######...| 426/585 [00:11:32<00:04:18,  0.62it/s, loss=0.0250]
Epoch 59:  74%|#######...| 430/585 [00:11:38<00:04:11,  0.62it/s, loss=0.0250]
Epoch 59:  74%|#######...| 433/585 [00:11:44<00:04:07,  0.61it/s, loss=0.0251]
Epoch 59:  75%|#######...| 436/585 [00:11:49<00:04:02,  0.61it/s, loss=0.0251]
Epoch 59:  75%|#######...| 440/585 [00:11:55<00:03:55,  0.61it/s, loss=0.0251]
Epoch 59:  76%|#######...| 444/585 [00:12:02<00:03:49,  0.61it/s, loss=0.0250]
Epoch 59:  76%|#######...| 447/585 [00:12:08<00:03:44,  0.61it/s, loss=0.0251]
Epoch 59:  77%|#######...| 451/585 [00:12:14<00:03:38,  0.61it/s, loss=0.0251]
Epoch 59:  78%|#######...| 455/585 [00:12:20<00:03:31,  0.61it/s, loss=0.0250]
Epoch 59:  78%|#######...| 458/585 [00:12:27<00:03:27,  0.61it/s, loss=0.0251]
Epoch 59:  79%|#######...| 462/585 [00:12:33<00:03:20,  0.61it/s, loss=0.0251]
Epoch 59:  80%|#######...| 466/585 [00:12:40<00:03:14,  0.61it/s, loss=0.0251]
Epoch 59:  80%|########..| 470/585 [00:12:46<00:03:07,  0.61it/s, loss=0.0251]
Epoch 59:  81%|########..| 474/585 [00:12:52<00:03:00,  0.61it/s, loss=0.0250]
Epoch 59:  82%|########..| 478/585 [00:12:58<00:02:54,  0.61it/s, loss=0.0250]
Epoch 59:  82%|########..| 481/585 [00:13:04<00:02:49,  0.61it/s, loss=0.0250]
Epoch 59:  83%|########..| 485/585 [00:13:10<00:02:42,  0.61it/s, loss=0.0250]
Epoch 59:  84%|########..| 489/585 [00:13:16<00:02:36,  0.61it/s, loss=0.0250]
Epoch 59:  84%|########..| 492/585 [00:13:21<00:02:31,  0.61it/s, loss=0.0250]
Epoch 59:  85%|########..| 495/585 [00:13:28<00:02:26,  0.61it/s, loss=0.0251]
Epoch 59:  85%|########..| 499/585 [00:13:34<00:02:20,  0.61it/s, loss=0.0251]
Epoch 59:  86%|########..| 502/585 [00:13:40<00:02:15,  0.61it/s, loss=0.0250]
Epoch 59:  86%|########..| 505/585 [00:13:45<00:02:10,  0.61it/s, loss=0.0250]
Epoch 59:  87%|########..| 509/585 [00:13:52<00:02:04,  0.61it/s, loss=0.0250]
Epoch 59:  88%|########..| 512/585 [00:13:57<00:01:59,  0.61it/s, loss=0.0250]
Epoch 59:  88%|########..| 515/585 [00:14:03<00:01:54,  0.61it/s, loss=0.0251]
Epoch 59:  89%|########..| 518/585 [00:14:09<00:01:49,  0.61it/s, loss=0.0251]
Epoch 59:  89%|########..| 521/585 [00:14:14<00:01:44,  0.61it/s, loss=0.0251]
Epoch 59:  90%|########..| 524/585 [00:14:19<00:01:40,  0.61it/s, loss=0.0251]
Epoch 59:  90%|#########.| 528/585 [00:14:25<00:01:33,  0.61it/s, loss=0.0251]
Epoch 59:  91%|#########.| 531/585 [00:14:31<00:01:28,  0.61it/s, loss=0.0252]
Epoch 59:  91%|#########.| 534/585 [00:14:36<00:01:23,  0.61it/s, loss=0.0252]
Epoch 59:  92%|#########.| 538/585 [00:14:42<00:01:17,  0.61it/s, loss=0.0252]
Epoch 59:  92%|#########.| 541/585 [00:14:48<00:01:12,  0.61it/s, loss=0.0252]
Epoch 59:  93%|#########.| 544/585 [00:14:53<00:01:07,  0.61it/s, loss=0.0252]
Epoch 59:  94%|#########.| 548/585 [00:14:59<00:01:00,  0.61it/s, loss=0.0252]
Epoch 59:  94%|#########.| 551/585 [00:15:04<00:00:55,  0.61it/s, loss=0.0251]
Epoch 59:  95%|#########.| 555/585 [00:15:10<00:00:49,  0.61it/s, loss=0.0252]
Epoch 59:  96%|#########.| 559/585 [00:15:17<00:00:42,  0.61it/s, loss=0.0252]
Epoch 59:  96%|#########.| 562/585 [00:15:22<00:00:37,  0.61it/s, loss=0.0252]
Epoch 59:  97%|#########.| 566/585 [00:15:29<00:00:31,  0.61it/s, loss=0.0252]
Epoch 59:  97%|#########.| 570/585 [00:15:35<00:00:24,  0.61it/s, loss=0.0251]
Epoch 59:  98%|#########.| 574/585 [00:15:41<00:00:18,  0.61it/s, loss=0.0251]
Epoch 59:  99%|#########.| 578/585 [00:15:47<00:00:11,  0.61it/s, loss=0.0251]
Epoch 59:  99%|#########.| 582/585 [00:15:53<00:00:04,  0.61it/s, loss=0.0251]
Epoch 59: 100%|##########| 585/585 [00:15:58<00:00:00,  0.61it/s, loss=0.0251]
Test loss: 0.0228, Test rmsae: 7.04deg
{"event": "epoch_complete", "epoch": 59, "phase": 2, "lr": 1e-05, "batch_size": 10, "micro_batch_size": 1, "train_loss": 0.025089695944617955, "val_loss": 0.022839878947706893, "val_rmsae_deg": 7.040905013680458, "epoch_time_s": 959.2068890370429}
{"event": "checkpoint_saved", "tag": "best_rmsae", "epoch": 59, "path": "/home/cmm/icocnn/IFAN_Edge/outputs/stage3/ifan_stage3_long80_c8_r2_map_maba_20260516_154535/checkpoints/best_rmsae.pt", "val_rmsae_deg": 7.040905013680458}
Epoch 60/80:
Epoch 60:   1%|..........| 4/585 [00:00:06<00:14:32,  0.67it/s, loss=0.0300]
Epoch 60:   1%|..........| 8/585 [00:00:12<00:15:26,  0.62it/s, loss=0.0243]
Epoch 60:   2%|..........| 12/585 [00:00:19<00:15:11,  0.63it/s, loss=0.0242]
Epoch 60:   3%|..........| 16/585 [00:00:25<00:14:58,  0.63it/s, loss=0.0238]
Epoch 60:   3%|..........| 19/585 [00:00:30<00:15:16,  0.62it/s, loss=0.0243]
Epoch 60:   4%|..........| 23/585 [00:00:36<00:14:59,  0.62it/s, loss=0.0234]
Epoch 60:   5%|..........| 27/585 [00:00:42<00:14:47,  0.63it/s, loss=0.0238]
Epoch 60:   5%|..........| 30/585 [00:00:48<00:14:50,  0.62it/s, loss=0.0240]
Epoch 60:   6%|..........| 34/585 [00:00:54<00:14:41,  0.63it/s, loss=0.0240]
Epoch 60:   6%|..........| 38/585 [00:01:00<00:14:29,  0.63it/s, loss=0.0238]
Epoch 60:   7%|..........| 42/585 [00:01:06<00:14:22,  0.63it/s, loss=0.0239]
Epoch 60:   8%|..........| 46/585 [00:01:12<00:14:11,  0.63it/s, loss=0.0240]
Epoch 60:   8%|..........| 49/585 [00:01:18<00:14:19,  0.62it/s, loss=0.0243]
Epoch 60:   9%|..........| 52/585 [00:01:24<00:14:22,  0.62it/s, loss=0.0244]
Epoch 60:   9%|..........| 55/585 [00:01:29<00:14:20,  0.62it/s, loss=0.0246]
Epoch 60:  10%|#.........| 59/585 [00:01:35<00:14:06,  0.62it/s, loss=0.0246]
Epoch 60:  11%|#.........| 63/585 [00:01:41<00:14:00,  0.62it/s, loss=0.0245]
Epoch 60:  11%|#.........| 67/585 [00:01:48<00:13:56,  0.62it/s, loss=0.0244]
Epoch 60:  12%|#.........| 71/585 [00:01:54<00:13:48,  0.62it/s, loss=0.0245]
Epoch 60:  13%|#.........| 75/585 [00:02:00<00:13:36,  0.62it/s, loss=0.0244]
Epoch 60:  13%|#.........| 78/585 [00:02:05<00:13:33,  0.62it/s, loss=0.0245]
Epoch 60:  14%|#.........| 82/585 [00:02:11<00:13:24,  0.62it/s, loss=0.0244]
Epoch 60:  15%|#.........| 86/585 [00:02:17<00:13:16,  0.63it/s, loss=0.0242]
Epoch 60:  15%|#.........| 90/585 [00:02:23<00:13:08,  0.63it/s, loss=0.0241]
Epoch 60:  16%|#.........| 94/585 [00:02:29<00:13:00,  0.63it/s, loss=0.0240]
Epoch 60:  17%|#.........| 98/585 [00:02:35<00:12:54,  0.63it/s, loss=0.0240]
Epoch 60:  17%|#.........| 102/585 [00:02:42<00:12:48,  0.63it/s, loss=0.0240]
Epoch 60:  18%|#.........| 106/585 [00:02:48<00:12:41,  0.63it/s, loss=0.0240]
Epoch 60:  19%|#.........| 110/585 [00:02:55<00:12:38,  0.63it/s, loss=0.0240]
Epoch 60:  19%|#.........| 114/585 [00:03:01<00:12:30,  0.63it/s, loss=0.0241]
Epoch 60:  20%|##........| 118/585 [00:03:07<00:12:22,  0.63it/s, loss=0.0241]
Epoch 60:  21%|##........| 121/585 [00:03:12<00:12:19,  0.63it/s, loss=0.0241]
Epoch 60:  21%|##........| 125/585 [00:03:19<00:12:13,  0.63it/s, loss=0.0242]
Epoch 60:  22%|##........| 129/585 [00:03:25<00:12:06,  0.63it/s, loss=0.0242]
Epoch 60:  23%|##........| 132/585 [00:03:30<00:12:03,  0.63it/s, loss=0.0243]
Epoch 60:  23%|##........| 136/585 [00:03:37<00:11:56,  0.63it/s, loss=0.0244]
Epoch 60:  24%|##........| 140/585 [00:03:43<00:11:50,  0.63it/s, loss=0.0244]
Epoch 60:  25%|##........| 144/585 [00:03:49<00:11:43,  0.63it/s, loss=0.0244]
Epoch 60:  25%|##........| 148/585 [00:03:55<00:11:36,  0.63it/s, loss=0.0243]
Epoch 60:  26%|##........| 152/585 [00:04:01<00:11:28,  0.63it/s, loss=0.0242]
Epoch 60:  26%|##........| 155/585 [00:04:06<00:11:25,  0.63it/s, loss=0.0242]
Epoch 60:  27%|##........| 159/585 [00:04:12<00:11:17,  0.63it/s, loss=0.0241]
Epoch 60:  28%|##........| 162/585 [00:04:17<00:11:13,  0.63it/s, loss=0.0241]
Epoch 60:  28%|##........| 166/585 [00:04:24<00:11:07,  0.63it/s, loss=0.0241]
Epoch 60:  29%|##........| 170/585 [00:04:30<00:11:00,  0.63it/s, loss=0.0242]
Epoch 60:  30%|##........| 173/585 [00:04:35<00:10:56,  0.63it/s, loss=0.0242]
Epoch 60:  30%|###.......| 177/585 [00:04:42<00:10:52,  0.63it/s, loss=0.0242]
Epoch 60:  31%|###.......| 181/585 [00:04:49<00:10:45,  0.63it/s, loss=0.0241]
Epoch 60:  31%|###.......| 184/585 [00:04:54<00:10:42,  0.62it/s, loss=0.0245]
Epoch 60:  32%|###.......| 188/585 [00:05:00<00:10:35,  0.62it/s, loss=0.0245]
Epoch 60:  33%|###.......| 191/585 [00:05:05<00:10:30,  0.62it/s, loss=0.0246]
Epoch 60:  33%|###.......| 195/585 [00:05:11<00:10:23,  0.63it/s, loss=0.0246]
Epoch 60:  34%|###.......| 198/585 [00:05:16<00:10:19,  0.62it/s, loss=0.0245]
Epoch 60:  35%|###.......| 202/585 [00:05:23<00:10:12,  0.63it/s, loss=0.0245]
Epoch 60:  35%|###.......| 206/585 [00:05:29<00:10:05,  0.63it/s, loss=0.0244]
Epoch 60:  36%|###.......| 210/585 [00:05:35<00:09:59,  0.63it/s, loss=0.0244]
Epoch 60:  37%|###.......| 214/585 [00:05:42<00:09:53,  0.63it/s, loss=0.0244]
Epoch 60:  37%|###.......| 218/585 [00:05:48<00:09:46,  0.63it/s, loss=0.0245]
Epoch 60:  38%|###.......| 221/585 [00:05:53<00:09:41,  0.63it/s, loss=0.0245]
Epoch 60:  38%|###.......| 225/585 [00:06:00<00:09:37,  0.62it/s, loss=0.0245]
Epoch 60:  39%|###.......| 229/585 [00:06:06<00:09:29,  0.62it/s, loss=0.0245]
Epoch 60:  40%|###.......| 232/585 [00:06:11<00:09:25,  0.62it/s, loss=0.0244]
Epoch 60:  40%|####......| 236/585 [00:06:18<00:09:19,  0.62it/s, loss=0.0244]
Epoch 60:  41%|####......| 240/585 [00:06:24<00:09:13,  0.62it/s, loss=0.0244]
Epoch 60:  42%|####......| 244/585 [00:06:31<00:09:06,  0.62it/s, loss=0.0244]
Epoch 60:  42%|####......| 248/585 [00:06:37<00:09:00,  0.62it/s, loss=0.0243]
Epoch 60:  43%|####......| 251/585 [00:06:43<00:08:57,  0.62it/s, loss=0.0244]
Epoch 60:  44%|####......| 255/585 [00:06:49<00:08:50,  0.62it/s, loss=0.0244]
Epoch 60:  44%|####......| 258/585 [00:06:55<00:08:47,  0.62it/s, loss=0.0245]
Epoch 60:  45%|####......| 262/585 [00:07:01<00:08:40,  0.62it/s, loss=0.0245]
Epoch 60:  45%|####......| 266/585 [00:07:08<00:08:33,  0.62it/s, loss=0.0245]
Epoch 60:  46%|####......| 270/585 [00:07:14<00:08:26,  0.62it/s, loss=0.0245]
Epoch 60:  47%|####......| 273/585 [00:07:19<00:08:22,  0.62it/s, loss=0.0246]
Epoch 60:  47%|####......| 277/585 [00:07:25<00:08:15,  0.62it/s, loss=0.0246]
Epoch 60:  48%|####......| 281/585 [00:07:32<00:08:09,  0.62it/s, loss=0.0246]
Epoch 60:  49%|####......| 285/585 [00:07:38<00:08:02,  0.62it/s, loss=0.0245]
Epoch 60:  49%|####......| 289/585 [00:07:45<00:07:57,  0.62it/s, loss=0.0245]
Epoch 60:  50%|#####.....| 293/585 [00:07:51<00:07:50,  0.62it/s, loss=0.0244]
Epoch 60:  51%|#####.....| 297/585 [00:07:57<00:07:43,  0.62it/s, loss=0.0244]
Epoch 60:  51%|#####.....| 301/585 [00:08:04<00:07:36,  0.62it/s, loss=0.0244]
Epoch 60:  52%|#####.....| 305/585 [00:08:10<00:07:29,  0.62it/s, loss=0.0244]
Epoch 60:  53%|#####.....| 309/585 [00:08:16<00:07:23,  0.62it/s, loss=0.0243]
Epoch 60:  54%|#####.....| 313/585 [00:08:22<00:07:16,  0.62it/s, loss=0.0243]
Epoch 60:  54%|#####.....| 317/585 [00:08:28<00:07:09,  0.62it/s, loss=0.0243]
Epoch 60:  55%|#####.....| 320/585 [00:08:33<00:07:05,  0.62it/s, loss=0.0243]
Epoch 60:  55%|#####.....| 324/585 [00:08:39<00:06:58,  0.62it/s, loss=0.0243]
Epoch 60:  56%|#####.....| 328/585 [00:08:45<00:06:51,  0.62it/s, loss=0.0244]
Epoch 60:  57%|#####.....| 332/585 [00:08:51<00:06:44,  0.62it/s, loss=0.0244]
Epoch 60:  57%|#####.....| 335/585 [00:08:57<00:06:41,  0.62it/s, loss=0.0245]
Epoch 60:  58%|#####.....| 339/585 [00:09:03<00:06:34,  0.62it/s, loss=0.0244]
Epoch 60:  58%|#####.....| 342/585 [00:09:09<00:06:30,  0.62it/s, loss=0.0244]
Epoch 60:  59%|#####.....| 345/585 [00:09:14<00:06:25,  0.62it/s, loss=0.0244]
Epoch 60:  59%|#####.....| 348/585 [00:09:20<00:06:21,  0.62it/s, loss=0.0245]
Epoch 60:  60%|######....| 352/585 [00:09:26<00:06:14,  0.62it/s, loss=0.0244]
Epoch 60:  61%|######....| 356/585 [00:09:32<00:06:08,  0.62it/s, loss=0.0244]
Epoch 60:  62%|######....| 360/585 [00:09:38<00:06:01,  0.62it/s, loss=0.0244]
Epoch 60:  62%|######....| 364/585 [00:09:44<00:05:54,  0.62it/s, loss=0.0244]
Epoch 60:  63%|######....| 368/585 [00:09:50<00:05:48,  0.62it/s, loss=0.0244]
Epoch 60:  63%|######....| 371/585 [00:09:55<00:05:43,  0.62it/s, loss=0.0244]
Epoch 60:  64%|######....| 375/585 [00:10:01<00:05:37,  0.62it/s, loss=0.0243]
Epoch 60:  65%|######....| 379/585 [00:10:08<00:05:30,  0.62it/s, loss=0.0243]
Epoch 60:  65%|######....| 382/585 [00:10:13<00:05:26,  0.62it/s, loss=0.0243]
Epoch 60:  66%|######....| 385/585 [00:10:20<00:05:22,  0.62it/s, loss=0.0244]
Epoch 60:  66%|######....| 389/585 [00:10:26<00:05:15,  0.62it/s, loss=0.0244]
Epoch 60:  67%|######....| 392/585 [00:10:31<00:05:10,  0.62it/s, loss=0.0244]
Epoch 60:  68%|######....| 395/585 [00:10:37<00:05:06,  0.62it/s, loss=0.0247]
Epoch 60:  68%|######....| 399/585 [00:10:43<00:05:00,  0.62it/s, loss=0.0247]
Epoch 60:  69%|######....| 403/585 [00:10:49<00:04:53,  0.62it/s, loss=0.0247]
Epoch 60:  70%|######....| 407/585 [00:10:56<00:04:47,  0.62it/s, loss=0.0247]
Epoch 60:  70%|#######...| 411/585 [00:11:02<00:04:40,  0.62it/s, loss=0.0246]
Epoch 60:  71%|#######...| 415/585 [00:11:08<00:04:33,  0.62it/s, loss=0.0246]
Epoch 60:  71%|#######...| 418/585 [00:11:13<00:04:29,  0.62it/s, loss=0.0246]
Epoch 60:  72%|#######...| 421/585 [00:11:19<00:04:24,  0.62it/s, loss=0.0246]
Epoch 60:  73%|#######...| 425/585 [00:11:25<00:04:18,  0.62it/s, loss=0.0246]
Epoch 60:  73%|#######...| 428/585 [00:11:31<00:04:13,  0.62it/s, loss=0.0246]
Epoch 60:  74%|#######...| 432/585 [00:11:37<00:04:06,  0.62it/s, loss=0.0247]
Epoch 60:  75%|#######...| 436/585 [00:11:42<00:04:00,  0.62it/s, loss=0.0247]
Epoch 60:  75%|#######...| 440/585 [00:11:49<00:03:53,  0.62it/s, loss=0.0248]
Epoch 60:  76%|#######...| 444/585 [00:11:55<00:03:47,  0.62it/s, loss=0.0248]
Epoch 60:  76%|#######...| 447/585 [00:12:00<00:03:42,  0.62it/s, loss=0.0247]
Epoch 60:  77%|#######...| 450/585 [00:12:06<00:03:37,  0.62it/s, loss=0.0247]
Epoch 60:  78%|#######...| 454/585 [00:12:12<00:03:31,  0.62it/s, loss=0.0249]
Epoch 60:  78%|#######...| 458/585 [00:12:18<00:03:24,  0.62it/s, loss=0.0249]
Epoch 60:  79%|#######...| 461/585 [00:12:23<00:03:20,  0.62it/s, loss=0.0249]
Epoch 60:  79%|#######...| 464/585 [00:12:28<00:03:15,  0.62it/s, loss=0.0249]
Epoch 60:  80%|#######...| 467/585 [00:12:33<00:03:10,  0.62it/s, loss=0.0249]
Epoch 60:  81%|########..| 471/585 [00:12:40<00:03:04,  0.62it/s, loss=0.0249]
Epoch 60:  81%|########..| 475/585 [00:12:46<00:02:57,  0.62it/s, loss=0.0249]
Epoch 60:  82%|########..| 479/585 [00:12:53<00:02:51,  0.62it/s, loss=0.0249]
Epoch 60:  82%|########..| 482/585 [00:12:58<00:02:46,  0.62it/s, loss=0.0248]
Epoch 60:  83%|########..| 486/585 [00:13:05<00:02:39,  0.62it/s, loss=0.0248]
Epoch 60:  84%|########..| 490/585 [00:13:11<00:02:33,  0.62it/s, loss=0.0248]
Epoch 60:  84%|########..| 493/585 [00:13:16<00:02:28,  0.62it/s, loss=0.0248]
Epoch 60:  85%|########..| 497/585 [00:13:22<00:02:22,  0.62it/s, loss=0.0248]
Epoch 60:  85%|########..| 500/585 [00:13:27<00:02:17,  0.62it/s, loss=0.0248]
Epoch 60:  86%|########..| 504/585 [00:13:33<00:02:10,  0.62it/s, loss=0.0248]
Epoch 60:  87%|########..| 508/585 [00:13:40<00:02:04,  0.62it/s, loss=0.0248]
Epoch 60:  88%|########..| 512/585 [00:13:46<00:01:57,  0.62it/s, loss=0.0248]
Epoch 60:  88%|########..| 515/585 [00:13:51<00:01:53,  0.62it/s, loss=0.0248]
Epoch 60:  89%|########..| 519/585 [00:13:57<00:01:46,  0.62it/s, loss=0.0248]
Epoch 60:  89%|########..| 523/585 [00:14:03<00:01:39,  0.62it/s, loss=0.0248]
Epoch 60:  90%|#########.| 527/585 [00:14:10<00:01:33,  0.62it/s, loss=0.0248]
Epoch 60:  91%|#########.| 530/585 [00:14:15<00:01:28,  0.62it/s, loss=0.0248]
Epoch 60:  91%|#########.| 534/585 [00:14:21<00:01:22,  0.62it/s, loss=0.0247]
Epoch 60:  92%|#########.| 537/585 [00:14:26<00:01:17,  0.62it/s, loss=0.0247]
Epoch 60:  92%|#########.| 541/585 [00:14:32<00:01:10,  0.62it/s, loss=0.0247]
Epoch 60:  93%|#########.| 545/585 [00:14:39<00:01:04,  0.62it/s, loss=0.0247]
Epoch 60:  94%|#########.| 549/585 [00:14:45<00:00:58,  0.62it/s, loss=0.0247]
Epoch 60:  95%|#########.| 553/585 [00:14:51<00:00:51,  0.62it/s, loss=0.0247]
Epoch 60:  95%|#########.| 557/585 [00:14:57<00:00:45,  0.62it/s, loss=0.0247]
Epoch 60:  96%|#########.| 561/585 [00:15:03<00:00:38,  0.62it/s, loss=0.0246]
Epoch 60:  97%|#########.| 565/585 [00:15:09<00:00:32,  0.62it/s, loss=0.0246]
Epoch 60:  97%|#########.| 569/585 [00:15:15<00:00:25,  0.62it/s, loss=0.0246]
Epoch 60:  98%|#########.| 573/585 [00:15:21<00:00:19,  0.62it/s, loss=0.0246]
Epoch 60:  98%|#########.| 576/585 [00:15:27<00:00:14,  0.62it/s, loss=0.0246]
Epoch 60:  99%|#########.| 579/585 [00:15:32<00:00:09,  0.62it/s, loss=0.0246]
Epoch 60: 100%|#########.| 583/585 [00:15:38<00:00:03,  0.62it/s, loss=0.0246]
Epoch 60: 100%|##########| 585/585 [00:15:42<00:00:00,  0.62it/s, loss=0.0246]
Test loss: 0.0228, Test rmsae: 7.16deg
{"event": "epoch_complete", "epoch": 60, "phase": 2, "lr": 1e-05, "batch_size": 10, "micro_batch_size": 1, "train_loss": 0.024603522134323916, "val_loss": 0.022848563181469217, "val_rmsae_deg": 7.164893910288811, "epoch_time_s": 943.0895909259561}
{"event": "checkpoint_saved", "tag": "epoch_060", "epoch": 60, "path": "/home/cmm/icocnn/IFAN_Edge/outputs/stage3/ifan_stage3_long80_c8_r2_map_maba_20260516_154535/checkpoints/epoch_060.pt"}
Epoch 61/80:
Epoch 61:   1%|..........| 4/585 [00:00:06<00:15:09,  0.64it/s, loss=0.0244]
Epoch 61:   1%|..........| 8/585 [00:00:12<00:15:10,  0.63it/s, loss=0.0228]
Epoch 61:   2%|..........| 12/585 [00:00:18<00:14:53,  0.64it/s, loss=0.0230]
Epoch 61:   3%|..........| 15/585 [00:00:23<00:15:02,  0.63it/s, loss=0.0223]
Epoch 61:   3%|..........| 18/585 [00:00:29<00:15:21,  0.61it/s, loss=0.0230]
Epoch 61:   4%|..........| 21/585 [00:00:34<00:15:37,  0.60it/s, loss=0.0232]
Epoch 61:   4%|..........| 25/585 [00:00:41<00:15:24,  0.61it/s, loss=0.0225]
Epoch 61:   5%|..........| 28/585 [00:00:46<00:15:33,  0.60it/s, loss=0.0225]
Epoch 61:   5%|..........| 32/585 [00:00:52<00:15:14,  0.60it/s, loss=0.0229]
Epoch 61:   6%|..........| 36/585 [00:00:59<00:15:00,  0.61it/s, loss=0.0232]
Epoch 61:   7%|..........| 40/585 [00:01:05<00:14:50,  0.61it/s, loss=0.0236]
Epoch 61:   8%|..........| 44/585 [00:01:11<00:14:39,  0.62it/s, loss=0.0241]
Epoch 61:   8%|..........| 48/585 [00:01:18<00:14:38,  0.61it/s, loss=0.0242]
Epoch 61:   9%|..........| 52/585 [00:01:24<00:14:30,  0.61it/s, loss=0.0244]
Epoch 61:   9%|..........| 55/585 [00:01:30<00:14:30,  0.61it/s, loss=0.0242]
Epoch 61:  10%|#.........| 59/585 [00:01:36<00:14:21,  0.61it/s, loss=0.0241]
Epoch 61:  11%|#.........| 63/585 [00:01:42<00:14:13,  0.61it/s, loss=0.0245]
Epoch 61:  11%|#.........| 67/585 [00:01:49<00:14:04,  0.61it/s, loss=0.0247]
Epoch 61:  12%|#.........| 71/585 [00:01:55<00:13:58,  0.61it/s, loss=0.0247]
Epoch 61:  13%|#.........| 75/585 [00:02:02<00:13:49,  0.61it/s, loss=0.0245]
Epoch 61:  14%|#.........| 79/585 [00:02:07<00:13:39,  0.62it/s, loss=0.0244]
Epoch 61:  14%|#.........| 82/585 [00:02:13<00:13:36,  0.62it/s, loss=0.0244]
Epoch 61:  15%|#.........| 86/585 [00:02:19<00:13:28,  0.62it/s, loss=0.0243]
Epoch 61:  15%|#.........| 90/585 [00:02:25<00:13:20,  0.62it/s, loss=0.0243]
Epoch 61:  16%|#.........| 94/585 [00:02:32<00:13:14,  0.62it/s, loss=0.0245]
Epoch 61:  17%|#.........| 98/585 [00:02:37<00:13:03,  0.62it/s, loss=0.0245]
Epoch 61:  17%|#.........| 102/585 [00:02:44<00:12:56,  0.62it/s, loss=0.0244]
Epoch 61:  18%|#.........| 106/585 [00:02:50<00:12:49,  0.62it/s, loss=0.0245]
Epoch 61:  19%|#.........| 110/585 [00:02:55<00:12:39,  0.63it/s, loss=0.0244]
Epoch 61:  19%|#.........| 113/585 [00:03:00<00:12:35,  0.62it/s, loss=0.0245]
Epoch 61:  20%|##........| 117/585 [00:03:06<00:12:27,  0.63it/s, loss=0.0244]
Epoch 61:  21%|##........| 121/585 [00:03:13<00:12:20,  0.63it/s, loss=0.0244]
Epoch 61:  21%|##........| 124/585 [00:03:18<00:12:18,  0.62it/s, loss=0.0243]
Epoch 61:  22%|##........| 128/585 [00:03:24<00:12:11,  0.62it/s, loss=0.0248]
Epoch 61:  23%|##........| 132/585 [00:03:30<00:12:03,  0.63it/s, loss=0.0248]
Epoch 61:  23%|##........| 135/585 [00:03:36<00:12:01,  0.62it/s, loss=0.0248]
Epoch 61:  24%|##........| 139/585 [00:03:42<00:11:54,  0.62it/s, loss=0.0247]
Epoch 61:  24%|##........| 142/585 [00:03:48<00:11:53,  0.62it/s, loss=0.0248]
Epoch 61:  25%|##........| 145/585 [00:03:54<00:11:50,  0.62it/s, loss=0.0248]
Epoch 61:  25%|##........| 149/585 [00:04:00<00:11:43,  0.62it/s, loss=0.0248]
Epoch 61:  26%|##........| 153/585 [00:04:06<00:11:36,  0.62it/s, loss=0.0246]
Epoch 61:  27%|##........| 157/585 [00:04:12<00:11:27,  0.62it/s, loss=0.0245]
Epoch 61:  28%|##........| 161/585 [00:04:18<00:11:20,  0.62it/s, loss=0.0245]
Epoch 61:  28%|##........| 165/585 [00:04:24<00:11:12,  0.62it/s, loss=0.0244]
Epoch 61:  29%|##........| 169/585 [00:04:31<00:11:07,  0.62it/s, loss=0.0244]
Epoch 61:  30%|##........| 173/585 [00:04:37<00:10:59,  0.62it/s, loss=0.0244]
Epoch 61:  30%|###.......| 177/585 [00:04:43<00:10:53,  0.62it/s, loss=0.0244]
Epoch 61:  31%|###.......| 181/585 [00:04:49<00:10:46,  0.63it/s, loss=0.0244]
Epoch 61:  31%|###.......| 184/585 [00:04:55<00:10:43,  0.62it/s, loss=0.0246]
Epoch 61:  32%|###.......| 188/585 [00:05:01<00:10:35,  0.62it/s, loss=0.0246]
Epoch 61:  33%|###.......| 192/585 [00:05:06<00:10:27,  0.63it/s, loss=0.0245]
Epoch 61:  33%|###.......| 195/585 [00:05:12<00:10:24,  0.62it/s, loss=0.0246]
Epoch 61:  34%|###.......| 198/585 [00:05:17<00:10:20,  0.62it/s, loss=0.0246]
Epoch 61:  35%|###.......| 202/585 [00:05:23<00:10:14,  0.62it/s, loss=0.0247]
Epoch 61:  35%|###.......| 206/585 [00:05:30<00:10:07,  0.62it/s, loss=0.0246]
Epoch 61:  36%|###.......| 210/585 [00:05:36<00:10:00,  0.62it/s, loss=0.0246]
Epoch 61:  37%|###.......| 214/585 [00:05:42<00:09:53,  0.62it/s, loss=0.0245]
Epoch 61:  37%|###.......| 218/585 [00:05:49<00:09:47,  0.62it/s, loss=0.0245]
Epoch 61:  38%|###.......| 221/585 [00:05:54<00:09:43,  0.62it/s, loss=0.0246]
Epoch 61:  38%|###.......| 225/585 [00:06:00<00:09:37,  0.62it/s, loss=0.0245]
Epoch 61:  39%|###.......| 229/585 [00:06:06<00:09:30,  0.62it/s, loss=0.0247]
Epoch 61:  40%|###.......| 233/585 [00:06:12<00:09:23,  0.62it/s, loss=0.0247]
Epoch 61:  40%|####......| 236/585 [00:06:18<00:09:19,  0.62it/s, loss=0.0247]
Epoch 61:  41%|####......| 239/585 [00:06:23<00:09:15,  0.62it/s, loss=0.0249]
Epoch 61:  42%|####......| 243/585 [00:06:30<00:09:09,  0.62it/s, loss=0.0249]
Epoch 61:  42%|####......| 246/585 [00:06:36<00:09:06,  0.62it/s, loss=0.0249]
Epoch 61:  43%|####......| 249/585 [00:06:41<00:09:02,  0.62it/s, loss=0.0249]
Epoch 61:  43%|####......| 252/585 [00:06:47<00:08:58,  0.62it/s, loss=0.0249]
Epoch 61:  44%|####......| 255/585 [00:06:53<00:08:55,  0.62it/s, loss=0.0249]
Epoch 61:  44%|####......| 258/585 [00:06:59<00:08:51,  0.61it/s, loss=0.0249]
Epoch 61:  45%|####......| 262/585 [00:07:05<00:08:45,  0.62it/s, loss=0.0249]
Epoch 61:  45%|####......| 266/585 [00:07:12<00:08:38,  0.62it/s, loss=0.0249]
Epoch 61:  46%|####......| 269/585 [00:07:17<00:08:33,  0.61it/s, loss=0.0249]
Epoch 61:  47%|####......| 273/585 [00:07:23<00:08:27,  0.61it/s, loss=0.0249]
Epoch 61:  47%|####......| 277/585 [00:07:30<00:08:20,  0.62it/s, loss=0.0250]
Epoch 61:  48%|####......| 281/585 [00:07:36<00:08:13,  0.62it/s, loss=0.0250]
Epoch 61:  49%|####......| 284/585 [00:07:41<00:08:09,  0.61it/s, loss=0.0249]
Epoch 61:  49%|####......| 288/585 [00:07:48<00:08:02,  0.62it/s, loss=0.0249]
Epoch 61:  50%|####......| 291/585 [00:07:53<00:07:58,  0.61it/s, loss=0.0248]
Epoch 61:  50%|#####.....| 295/585 [00:08:00<00:07:52,  0.61it/s, loss=0.0249]
Epoch 61:  51%|#####.....| 299/585 [00:08:06<00:07:45,  0.61it/s, loss=0.0248]
Epoch 61:  52%|#####.....| 303/585 [00:08:12<00:07:38,  0.62it/s, loss=0.0248]
Epoch 61:  52%|#####.....| 307/585 [00:08:17<00:07:30,  0.62it/s, loss=0.0248]
Epoch 61:  53%|#####.....| 310/585 [00:08:24<00:07:27,  0.61it/s, loss=0.0248]
Epoch 61:  54%|#####.....| 314/585 [00:08:30<00:07:20,  0.61it/s, loss=0.0248]
Epoch 61:  54%|#####.....| 318/585 [00:08:37<00:07:14,  0.61it/s, loss=0.0248]
Epoch 61:  55%|#####.....| 322/585 [00:08:44<00:07:07,  0.61it/s, loss=0.0248]
Epoch 61:  56%|#####.....| 326/585 [00:08:50<00:07:01,  0.61it/s, loss=0.0248]
Epoch 61:  56%|#####.....| 329/585 [00:08:55<00:06:56,  0.61it/s, loss=0.0248]
Epoch 61:  57%|#####.....| 332/585 [00:09:00<00:06:52,  0.61it/s, loss=0.0248]
Epoch 61:  57%|#####.....| 336/585 [00:09:08<00:06:46,  0.61it/s, loss=0.0248]
Epoch 61:  58%|#####.....| 340/585 [00:09:14<00:06:39,  0.61it/s, loss=0.0247]
Epoch 61:  59%|#####.....| 344/585 [00:09:20<00:06:32,  0.61it/s, loss=0.0247]
Epoch 61:  59%|#####.....| 347/585 [00:09:25<00:06:27,  0.61it/s, loss=0.0247]
Epoch 61:  60%|######....| 351/585 [00:09:31<00:06:21,  0.61it/s, loss=0.0247]
Epoch 61:  61%|######....| 355/585 [00:09:37<00:06:14,  0.61it/s, loss=0.0247]
Epoch 61:  61%|######....| 358/585 [00:09:43<00:06:09,  0.61it/s, loss=0.0247]
Epoch 61:  62%|######....| 362/585 [00:09:49<00:06:03,  0.61it/s, loss=0.0247]
Epoch 61:  63%|######....| 366/585 [00:09:55<00:05:56,  0.61it/s, loss=0.0247]
Epoch 61:  63%|######....| 369/585 [00:10:00<00:05:51,  0.61it/s, loss=0.0247]
Epoch 61:  64%|######....| 373/585 [00:10:06<00:05:44,  0.61it/s, loss=0.0247]
Epoch 61:  64%|######....| 376/585 [00:10:13<00:05:40,  0.61it/s, loss=0.0247]
Epoch 61:  65%|######....| 380/585 [00:10:19<00:05:34,  0.61it/s, loss=0.0247]
Epoch 61:  66%|######....| 384/585 [00:10:25<00:05:27,  0.61it/s, loss=0.0247]
Epoch 61:  66%|######....| 387/585 [00:10:31<00:05:22,  0.61it/s, loss=0.0246]
Epoch 61:  67%|######....| 391/585 [00:10:37<00:05:16,  0.61it/s, loss=0.0246]
Epoch 61:  68%|######....| 395/585 [00:10:43<00:05:09,  0.61it/s, loss=0.0246]
Epoch 61:  68%|######....| 399/585 [00:10:50<00:05:03,  0.61it/s, loss=0.0247]
Epoch 61:  69%|######....| 403/585 [00:10:56<00:04:56,  0.61it/s, loss=0.0247]
Epoch 61:  69%|######....| 406/585 [00:11:01<00:04:51,  0.61it/s, loss=0.0247]
Epoch 61:  70%|#######...| 410/585 [00:11:07<00:04:44,  0.61it/s, loss=0.0247]
Epoch 61:  71%|#######...| 413/585 [00:11:12<00:04:40,  0.61it/s, loss=0.0247]
Epoch 61:  71%|#######...| 417/585 [00:11:19<00:04:33,  0.61it/s, loss=0.0247]
Epoch 61:  72%|#######...| 421/585 [00:11:25<00:04:27,  0.61it/s, loss=0.0247]
Epoch 61:  73%|#######...| 425/585 [00:11:31<00:04:20,  0.61it/s, loss=0.0247]
Epoch 61:  73%|#######...| 429/585 [00:11:37<00:04:13,  0.62it/s, loss=0.0247]
Epoch 61:  74%|#######...| 433/585 [00:11:43<00:04:06,  0.62it/s, loss=0.0248]
Epoch 61:  75%|#######...| 437/585 [00:11:49<00:04:00,  0.62it/s, loss=0.0248]
Epoch 61:  75%|#######...| 441/585 [00:11:55<00:03:53,  0.62it/s, loss=0.0247]
Epoch 61:  76%|#######...| 444/585 [00:12:00<00:03:48,  0.62it/s, loss=0.0248]
Epoch 61:  77%|#######...| 448/585 [00:12:06<00:03:42,  0.62it/s, loss=0.0247]
Epoch 61:  77%|#######...| 452/585 [00:12:12<00:03:35,  0.62it/s, loss=0.0247]
Epoch 61:  78%|#######...| 455/585 [00:12:17<00:03:30,  0.62it/s, loss=0.0247]
Epoch 61:  78%|#######...| 459/585 [00:12:24<00:03:24,  0.62it/s, loss=0.0247]
Epoch 61:  79%|#######...| 463/585 [00:12:29<00:03:17,  0.62it/s, loss=0.0247]
Epoch 61:  80%|#######...| 466/585 [00:12:36<00:03:13,  0.62it/s, loss=0.0247]
Epoch 61:  80%|########..| 469/585 [00:12:41<00:03:08,  0.62it/s, loss=0.0247]
Epoch 61:  81%|########..| 473/585 [00:12:47<00:03:01,  0.62it/s, loss=0.0247]
Epoch 61:  82%|########..| 477/585 [00:12:53<00:02:55,  0.62it/s, loss=0.0247]
Epoch 61:  82%|########..| 481/585 [00:12:59<00:02:48,  0.62it/s, loss=0.0247]
Epoch 61:  83%|########..| 485/585 [00:13:05<00:02:41,  0.62it/s, loss=0.0247]
Epoch 61:  84%|########..| 489/585 [00:13:12<00:02:35,  0.62it/s, loss=0.0247]
Epoch 61:  84%|########..| 493/585 [00:13:17<00:02:28,  0.62it/s, loss=0.0247]
Epoch 61:  85%|########..| 496/585 [00:13:23<00:02:24,  0.62it/s, loss=0.0247]
Epoch 61:  85%|########..| 499/585 [00:13:28<00:02:19,  0.62it/s, loss=0.0247]
Epoch 61:  86%|########..| 503/585 [00:13:34<00:02:12,  0.62it/s, loss=0.0247]
Epoch 61:  87%|########..| 507/585 [00:13:40<00:02:06,  0.62it/s, loss=0.0247]
Epoch 61:  87%|########..| 511/585 [00:13:46<00:01:59,  0.62it/s, loss=0.0247]
Epoch 61:  88%|########..| 514/585 [00:13:51<00:01:54,  0.62it/s, loss=0.0247]
Epoch 61:  88%|########..| 517/585 [00:13:57<00:01:50,  0.62it/s, loss=0.0247]
Epoch 61:  89%|########..| 521/585 [00:14:02<00:01:43,  0.62it/s, loss=0.0247]
Epoch 61:  90%|########..| 525/585 [00:14:08<00:01:37,  0.62it/s, loss=0.0247]
Epoch 61:  90%|#########.| 529/585 [00:14:14<00:01:30,  0.62it/s, loss=0.0247]
Epoch 61:  91%|#########.| 533/585 [00:14:20<00:01:23,  0.62it/s, loss=0.0247]
Epoch 61:  92%|#########.| 536/585 [00:14:26<00:01:19,  0.62it/s, loss=0.0247]
Epoch 61:  92%|#########.| 539/585 [00:14:31<00:01:14,  0.62it/s, loss=0.0247]
Epoch 61:  93%|#########.| 542/585 [00:14:36<00:01:09,  0.62it/s, loss=0.0247]
Epoch 61:  93%|#########.| 546/585 [00:14:42<00:01:03,  0.62it/s, loss=0.0247]
Epoch 61:  94%|#########.| 550/585 [00:14:49<00:00:56,  0.62it/s, loss=0.0247]
Epoch 61:  95%|#########.| 553/585 [00:14:54<00:00:51,  0.62it/s, loss=0.0247]
Epoch 61:  95%|#########.| 556/585 [00:14:59<00:00:46,  0.62it/s, loss=0.0247]
Epoch 61:  96%|#########.| 559/585 [00:15:04<00:00:42,  0.62it/s, loss=0.0247]
Epoch 61:  96%|#########.| 562/585 [00:15:10<00:00:37,  0.62it/s, loss=0.0247]
Epoch 61:  97%|#########.| 566/585 [00:15:16<00:00:30,  0.62it/s, loss=0.0247]
Epoch 61:  97%|#########.| 570/585 [00:15:22<00:00:24,  0.62it/s, loss=0.0247]
Epoch 61:  98%|#########.| 573/585 [00:15:28<00:00:19,  0.62it/s, loss=0.0247]
Epoch 61:  99%|#########.| 577/585 [00:15:33<00:00:12,  0.62it/s, loss=0.0247]
Epoch 61:  99%|#########.| 581/585 [00:15:40<00:00:06,  0.62it/s, loss=0.0246]
Epoch 61: 100%|##########| 585/585 [00:15:46<00:00:00,  0.62it/s, loss=0.0246]
Test loss: 0.0229, Test rmsae: 7.16deg
{"event": "epoch_complete", "epoch": 61, "phase": 2, "lr": 1e-05, "batch_size": 10, "micro_batch_size": 1, "train_loss": 0.02464524533949856, "val_loss": 0.02285419579129666, "val_rmsae_deg": 7.162546724081039, "epoch_time_s": 947.4901956650428}
Epoch 62/80:
Epoch 62:   1%|..........| 3/585 [00:00:05<00:17:01,  0.57it/s, loss=0.0310]
Epoch 62:   1%|..........| 7/585 [00:00:11<00:15:51,  0.61it/s, loss=0.0264]
Epoch 62:   2%|..........| 11/585 [00:00:17<00:15:21,  0.62it/s, loss=0.0276]
Epoch 62:   3%|..........| 15/585 [00:00:24<00:15:46,  0.60it/s, loss=0.0258]
Epoch 62:   3%|..........| 19/585 [00:00:31<00:15:33,  0.61it/s, loss=0.0257]
Epoch 62:   4%|..........| 23/585 [00:00:37<00:15:22,  0.61it/s, loss=0.0260]
Epoch 62:   5%|..........| 27/585 [00:00:43<00:15:08,  0.61it/s, loss=0.0255]
Epoch 62:   5%|..........| 31/585 [00:00:49<00:14:52,  0.62it/s, loss=0.0248]
Epoch 62:   6%|..........| 35/585 [00:00:56<00:14:40,  0.62it/s, loss=0.0246]
Epoch 62:   6%|..........| 38/585 [00:01:01<00:14:39,  0.62it/s, loss=0.0244]
Epoch 62:   7%|..........| 42/585 [00:01:07<00:14:27,  0.63it/s, loss=0.0241]
Epoch 62:   8%|..........| 45/585 [00:01:12<00:14:29,  0.62it/s, loss=0.0239]
Epoch 62:   8%|..........| 49/585 [00:01:18<00:14:20,  0.62it/s, loss=0.0239]
Epoch 62:   9%|..........| 52/585 [00:01:24<00:14:21,  0.62it/s, loss=0.0241]
Epoch 62:  10%|..........| 56/585 [00:01:30<00:14:12,  0.62it/s, loss=0.0240]
Epoch 62:  10%|#.........| 60/585 [00:01:36<00:14:02,  0.62it/s, loss=0.0240]
Epoch 62:  11%|#.........| 64/585 [00:01:42<00:13:55,  0.62it/s, loss=0.0238]
Epoch 62:  11%|#.........| 67/585 [00:01:47<00:13:52,  0.62it/s, loss=0.0240]
Epoch 62:  12%|#.........| 71/585 [00:01:54<00:13:51,  0.62it/s, loss=0.0247]
Epoch 62:  13%|#.........| 75/585 [00:02:01<00:13:42,  0.62it/s, loss=0.0245]
Epoch 62:  13%|#.........| 78/585 [00:02:06<00:13:39,  0.62it/s, loss=0.0245]
Epoch 62:  14%|#.........| 81/585 [00:02:11<00:13:36,  0.62it/s, loss=0.0246]
Epoch 62:  15%|#.........| 85/585 [00:02:17<00:13:26,  0.62it/s, loss=0.0246]
Epoch 62:  15%|#.........| 89/585 [00:02:22<00:13:15,  0.62it/s, loss=0.0244]
Epoch 62:  16%|#.........| 93/585 [00:02:29<00:13:08,  0.62it/s, loss=0.0244]
Epoch 62:  17%|#.........| 97/585 [00:02:35<00:13:02,  0.62it/s, loss=0.0246]
Epoch 62:  17%|#.........| 101/585 [00:02:41<00:12:54,  0.63it/s, loss=0.0246]
Epoch 62:  18%|#.........| 104/585 [00:02:46<00:12:50,  0.62it/s, loss=0.0246]
Epoch 62:  18%|#.........| 108/585 [00:02:52<00:12:43,  0.62it/s, loss=0.0246]
Epoch 62:  19%|#.........| 111/585 [00:02:57<00:12:40,  0.62it/s, loss=0.0245]
Epoch 62:  20%|#.........| 115/585 [00:03:03<00:12:31,  0.63it/s, loss=0.0244]
Epoch 62:  20%|##........| 119/585 [00:03:10<00:12:25,  0.63it/s, loss=0.0244]
Epoch 62:  21%|##........| 123/585 [00:03:16<00:12:18,  0.63it/s, loss=0.0244]
Epoch 62:  22%|##........| 127/585 [00:03:22<00:12:11,  0.63it/s, loss=0.0246]
Epoch 62:  22%|##........| 131/585 [00:03:29<00:12:04,  0.63it/s, loss=0.0246]
Epoch 62:  23%|##........| 135/585 [00:03:35<00:11:57,  0.63it/s, loss=0.0246]
Epoch 62:  24%|##........| 139/585 [00:03:41<00:11:50,  0.63it/s, loss=0.0246]
Epoch 62:  24%|##........| 143/585 [00:03:48<00:11:45,  0.63it/s, loss=0.0246]
Epoch 62:  25%|##........| 147/585 [00:03:54<00:11:39,  0.63it/s, loss=0.0246]
Epoch 62:  26%|##........| 151/585 [00:04:02<00:11:36,  0.62it/s, loss=0.0246]
Epoch 62:  26%|##........| 155/585 [00:04:07<00:11:27,  0.63it/s, loss=0.0246]
Epoch 62:  27%|##........| 159/585 [00:04:14<00:11:21,  0.62it/s, loss=0.0245]
Epoch 62:  28%|##........| 162/585 [00:04:19<00:11:18,  0.62it/s, loss=0.0246]
Epoch 62:  28%|##........| 165/585 [00:04:24<00:11:14,  0.62it/s, loss=0.0246]
Epoch 62:  29%|##........| 169/585 [00:04:30<00:11:06,  0.62it/s, loss=0.0245]
Epoch 62:  30%|##........| 173/585 [00:04:37<00:11:00,  0.62it/s, loss=0.0245]
Epoch 62:  30%|###.......| 177/585 [00:04:43<00:10:53,  0.62it/s, loss=0.0245]
Epoch 62:  31%|###.......| 181/585 [00:04:49<00:10:47,  0.62it/s, loss=0.0245]
Epoch 62:  31%|###.......| 184/585 [00:04:55<00:10:43,  0.62it/s, loss=0.0245]
Epoch 62:  32%|###.......| 188/585 [00:05:01<00:10:35,  0.62it/s, loss=0.0245]
Epoch 62:  33%|###.......| 192/585 [00:05:07<00:10:29,  0.62it/s, loss=0.0244]
Epoch 62:  34%|###.......| 196/585 [00:05:13<00:10:22,  0.62it/s, loss=0.0243]
Epoch 62:  34%|###.......| 199/585 [00:05:19<00:10:18,  0.62it/s, loss=0.0244]
Epoch 62:  35%|###.......| 203/585 [00:05:25<00:10:12,  0.62it/s, loss=0.0243]
Epoch 62:  35%|###.......| 207/585 [00:05:31<00:10:04,  0.62it/s, loss=0.0243]
Epoch 62:  36%|###.......| 211/585 [00:05:37<00:09:57,  0.63it/s, loss=0.0242]
Epoch 62:  37%|###.......| 215/585 [00:05:43<00:09:51,  0.63it/s, loss=0.0243]
Epoch 62:  37%|###.......| 219/585 [00:05:49<00:09:44,  0.63it/s, loss=0.0243]
Epoch 62:  38%|###.......| 223/585 [00:05:55<00:09:37,  0.63it/s, loss=0.0243]
Epoch 62:  39%|###.......| 227/585 [00:06:01<00:09:29,  0.63it/s, loss=0.0243]
Epoch 62:  39%|###.......| 231/585 [00:06:07<00:09:23,  0.63it/s, loss=0.0243]
Epoch 62:  40%|####......| 235/585 [00:06:14<00:09:17,  0.63it/s, loss=0.0243]
Epoch 62:  41%|####......| 239/585 [00:06:20<00:09:10,  0.63it/s, loss=0.0243]
Epoch 62:  42%|####......| 243/585 [00:06:26<00:09:04,  0.63it/s, loss=0.0243]
Epoch 62:  42%|####......| 247/585 [00:06:33<00:08:58,  0.63it/s, loss=0.0244]
Epoch 62:  43%|####......| 250/585 [00:06:38<00:08:54,  0.63it/s, loss=0.0243]
Epoch 62:  43%|####......| 254/585 [00:06:44<00:08:47,  0.63it/s, loss=0.0243]
Epoch 62:  44%|####......| 258/585 [00:06:51<00:08:41,  0.63it/s, loss=0.0243]
Epoch 62:  45%|####......| 261/585 [00:06:57<00:08:37,  0.63it/s, loss=0.0243]
Epoch 62:  45%|####......| 264/585 [00:07:02<00:08:33,  0.63it/s, loss=0.0243]
Epoch 62:  46%|####......| 268/585 [00:07:08<00:08:26,  0.63it/s, loss=0.0243]
Epoch 62:  46%|####......| 272/585 [00:07:14<00:08:20,  0.63it/s, loss=0.0242]
Epoch 62:  47%|####......| 276/585 [00:07:20<00:08:13,  0.63it/s, loss=0.0242]
Epoch 62:  48%|####......| 280/585 [00:07:26<00:08:06,  0.63it/s, loss=0.0242]
Epoch 62:  49%|####......| 284/585 [00:07:33<00:08:00,  0.63it/s, loss=0.0242]
Epoch 62:  49%|####......| 287/585 [00:07:38<00:07:56,  0.63it/s, loss=0.0242]
Epoch 62:  50%|####......| 291/585 [00:07:45<00:07:50,  0.63it/s, loss=0.0242]
Epoch 62:  50%|#####.....| 294/585 [00:07:50<00:07:45,  0.62it/s, loss=0.0242]
Epoch 62:  51%|#####.....| 298/585 [00:07:57<00:07:39,  0.62it/s, loss=0.0242]
Epoch 62:  52%|#####.....| 302/585 [00:08:03<00:07:32,  0.62it/s, loss=0.0241]
Epoch 62:  52%|#####.....| 306/585 [00:08:10<00:07:27,  0.62it/s, loss=0.0241]
Epoch 62:  53%|#####.....| 310/585 [00:08:16<00:07:20,  0.62it/s, loss=0.0241]
Epoch 62:  54%|#####.....| 313/585 [00:08:21<00:07:16,  0.62it/s, loss=0.0241]
Epoch 62:  54%|#####.....| 317/585 [00:08:28<00:07:09,  0.62it/s, loss=0.0241]
Epoch 62:  55%|#####.....| 320/585 [00:08:33<00:07:05,  0.62it/s, loss=0.0241]
Epoch 62:  55%|#####.....| 324/585 [00:08:39<00:06:58,  0.62it/s, loss=0.0241]
Epoch 62:  56%|#####.....| 327/585 [00:08:45<00:06:54,  0.62it/s, loss=0.0241]
Epoch 62:  57%|#####.....| 331/585 [00:08:51<00:06:47,  0.62it/s, loss=0.0241]
Epoch 62:  57%|#####.....| 335/585 [00:08:57<00:06:41,  0.62it/s, loss=0.0242]
Epoch 62:  58%|#####.....| 339/585 [00:09:04<00:06:34,  0.62it/s, loss=0.0242]
Epoch 62:  59%|#####.....| 343/585 [00:09:10<00:06:28,  0.62it/s, loss=0.0243]
Epoch 62:  59%|#####.....| 347/585 [00:09:17<00:06:22,  0.62it/s, loss=0.0243]
Epoch 62:  60%|######....| 351/585 [00:09:23<00:06:15,  0.62it/s, loss=0.0243]
Epoch 62:  61%|######....| 354/585 [00:09:28<00:06:10,  0.62it/s, loss=0.0243]
Epoch 62:  61%|######....| 358/585 [00:09:34<00:06:04,  0.62it/s, loss=0.0243]
Epoch 62:  62%|######....| 361/585 [00:09:40<00:05:59,  0.62it/s, loss=0.0244]
Epoch 62:  62%|######....| 365/585 [00:09:46<00:05:53,  0.62it/s, loss=0.0244]
Epoch 62:  63%|######....| 369/585 [00:09:52<00:05:46,  0.62it/s, loss=0.0244]
Epoch 62:  64%|######....| 372/585 [00:09:57<00:05:42,  0.62it/s, loss=0.0244]
Epoch 62:  64%|######....| 376/585 [00:10:03<00:05:35,  0.62it/s, loss=0.0244]
Epoch 62:  65%|######....| 380/585 [00:10:10<00:05:29,  0.62it/s, loss=0.0244]
Epoch 62:  66%|######....| 384/585 [00:10:16<00:05:22,  0.62it/s, loss=0.0244]
Epoch 62:  66%|######....| 388/585 [00:10:22<00:05:15,  0.62it/s, loss=0.0243]
Epoch 62:  67%|######....| 391/585 [00:10:27<00:05:11,  0.62it/s, loss=0.0243]
Epoch 62:  67%|######....| 394/585 [00:10:33<00:05:07,  0.62it/s, loss=0.0243]
Epoch 62:  68%|######....| 398/585 [00:10:39<00:05:00,  0.62it/s, loss=0.0243]
Epoch 62:  69%|######....| 401/585 [00:10:44<00:04:55,  0.62it/s, loss=0.0243]
Epoch 62:  69%|######....| 405/585 [00:10:51<00:04:49,  0.62it/s, loss=0.0243]
Epoch 62:  70%|######....| 409/585 [00:10:56<00:04:42,  0.62it/s, loss=0.0243]
Epoch 62:  70%|#######...| 412/585 [00:11:02<00:04:38,  0.62it/s, loss=0.0243]
Epoch 62:  71%|#######...| 416/585 [00:11:08<00:04:31,  0.62it/s, loss=0.0243]
Epoch 62:  72%|#######...| 420/585 [00:11:14<00:04:25,  0.62it/s, loss=0.0243]
Epoch 62:  72%|#######...| 424/585 [00:11:20<00:04:18,  0.62it/s, loss=0.0243]
Epoch 62:  73%|#######...| 428/585 [00:11:26<00:04:11,  0.62it/s, loss=0.0243]
Epoch 62:  74%|#######...| 432/585 [00:11:32<00:04:05,  0.62it/s, loss=0.0243]
Epoch 62:  75%|#######...| 436/585 [00:11:38<00:03:58,  0.62it/s, loss=0.0243]
Epoch 62:  75%|#######...| 439/585 [00:11:43<00:03:54,  0.62it/s, loss=0.0243]
Epoch 62:  76%|#######...| 443/585 [00:11:50<00:03:47,  0.62it/s, loss=0.0243]
Epoch 62:  76%|#######...| 446/585 [00:11:55<00:03:42,  0.62it/s, loss=0.0244]
Epoch 62:  77%|#######...| 449/585 [00:12:00<00:03:38,  0.62it/s, loss=0.0244]
Epoch 62:  77%|#######...| 453/585 [00:12:06<00:03:31,  0.62it/s, loss=0.0244]
Epoch 62:  78%|#######...| 456/585 [00:12:11<00:03:27,  0.62it/s, loss=0.0244]
Epoch 62:  79%|#######...| 460/585 [00:12:17<00:03:20,  0.62it/s, loss=0.0244]
Epoch 62:  79%|#######...| 463/585 [00:12:23<00:03:15,  0.62it/s, loss=0.0244]
Epoch 62:  80%|#######...| 467/585 [00:12:29<00:03:09,  0.62it/s, loss=0.0244]
Epoch 62:  81%|########..| 471/585 [00:12:35<00:03:02,  0.62it/s, loss=0.0244]
Epoch 62:  81%|########..| 474/585 [00:12:40<00:02:58,  0.62it/s, loss=0.0244]
Epoch 62:  82%|########..| 478/585 [00:12:47<00:02:51,  0.62it/s, loss=0.0245]
Epoch 62:  82%|########..| 482/585 [00:12:54<00:02:45,  0.62it/s, loss=0.0244]
Epoch 62:  83%|########..| 486/585 [00:13:00<00:02:39,  0.62it/s, loss=0.0244]
Epoch 62:  84%|########..| 490/585 [00:13:06<00:02:32,  0.62it/s, loss=0.0244]
Epoch 62:  84%|########..| 494/585 [00:13:13<00:02:26,  0.62it/s, loss=0.0244]
Epoch 62:  85%|########..| 497/585 [00:13:18<00:02:21,  0.62it/s, loss=0.0244]
Epoch 62:  86%|########..| 501/585 [00:13:24<00:02:14,  0.62it/s, loss=0.0244]
Epoch 62:  86%|########..| 505/585 [00:13:31<00:02:08,  0.62it/s, loss=0.0244]
Epoch 62:  87%|########..| 509/585 [00:13:37<00:02:02,  0.62it/s, loss=0.0244]
Epoch 62:  88%|########..| 512/585 [00:13:43<00:01:57,  0.62it/s, loss=0.0244]
Epoch 62:  88%|########..| 516/585 [00:13:49<00:01:50,  0.62it/s, loss=0.0243]
Epoch 62:  89%|########..| 520/585 [00:13:55<00:01:44,  0.62it/s, loss=0.0243]
Epoch 62:  90%|########..| 524/585 [00:14:01<00:01:37,  0.62it/s, loss=0.0243]
Epoch 62:  90%|#########.| 528/585 [00:14:08<00:01:31,  0.62it/s, loss=0.0243]
Epoch 62:  91%|#########.| 532/585 [00:14:14<00:01:25,  0.62it/s, loss=0.0243]
Epoch 62:  92%|#########.| 536/585 [00:14:20<00:01:18,  0.62it/s, loss=0.0242]
Epoch 62:  92%|#########.| 540/585 [00:14:26<00:01:12,  0.62it/s, loss=0.0242]
Epoch 62:  93%|#########.| 544/585 [00:14:32<00:01:05,  0.62it/s, loss=0.0242]
Epoch 62:  94%|#########.| 548/585 [00:14:39<00:00:59,  0.62it/s, loss=0.0243]
Epoch 62:  94%|#########.| 552/585 [00:14:45<00:00:52,  0.62it/s, loss=0.0243]
Epoch 62:  95%|#########.| 555/585 [00:14:51<00:00:48,  0.62it/s, loss=0.0243]
Epoch 62:  95%|#########.| 558/585 [00:14:56<00:00:43,  0.62it/s, loss=0.0243]
Epoch 62:  96%|#########.| 562/585 [00:15:02<00:00:36,  0.62it/s, loss=0.0243]
Epoch 62:  97%|#########.| 566/585 [00:15:08<00:00:30,  0.62it/s, loss=0.0243]
Epoch 62:  97%|#########.| 570/585 [00:15:14<00:00:24,  0.62it/s, loss=0.0244]
Epoch 62:  98%|#########.| 573/585 [00:15:20<00:00:19,  0.62it/s, loss=0.0244]
Epoch 62:  99%|#########.| 577/585 [00:15:26<00:00:12,  0.62it/s, loss=0.0244]
Epoch 62:  99%|#########.| 581/585 [00:15:32<00:00:06,  0.62it/s, loss=0.0244]
Epoch 62: 100%|#########.| 584/585 [00:15:37<00:00:01,  0.62it/s, loss=0.0244]
Epoch 62: 100%|##########| 585/585 [00:15:38<00:00:00,  0.62it/s, loss=0.0244]
Test loss: 0.0229, Test rmsae: 7.19deg
{"event": "epoch_complete", "epoch": 62, "phase": 2, "lr": 1e-05, "batch_size": 10, "micro_batch_size": 1, "train_loss": 0.024433247721157014, "val_loss": 0.02286038824240677, "val_rmsae_deg": 7.186871722340584, "epoch_time_s": 939.8279253529618}
Epoch 63/80:
Epoch 63:   1%|..........| 4/585 [00:00:06<00:14:39,  0.66it/s, loss=0.0184]
Epoch 63:   1%|..........| 8/585 [00:00:12<00:14:47,  0.65it/s, loss=0.0214]
Epoch 63:   2%|..........| 12/585 [00:00:18<00:15:05,  0.63it/s, loss=0.0226]
Epoch 63:   3%|..........| 16/585 [00:00:25<00:15:05,  0.63it/s, loss=0.0236]
Epoch 63:   3%|..........| 20/585 [00:00:31<00:14:55,  0.63it/s, loss=0.0236]
Epoch 63:   4%|..........| 24/585 [00:00:37<00:14:46,  0.63it/s, loss=0.0237]
Epoch 63:   5%|..........| 28/585 [00:00:43<00:14:26,  0.64it/s, loss=0.0237]
Epoch 63:   5%|..........| 32/585 [00:00:49<00:14:16,  0.65it/s, loss=0.0240]
Epoch 63:   6%|..........| 36/585 [00:00:55<00:14:06,  0.65it/s, loss=0.0238]
Epoch 63:   7%|..........| 40/585 [00:01:01<00:13:55,  0.65it/s, loss=0.0236]
Epoch 63:   7%|..........| 43/585 [00:01:06<00:13:57,  0.65it/s, loss=0.0238]
Epoch 63:   8%|..........| 46/585 [00:01:11<00:13:58,  0.64it/s, loss=0.0240]
Epoch 63:   9%|..........| 50/585 [00:01:17<00:13:49,  0.65it/s, loss=0.0240]
Epoch 63:   9%|..........| 54/585 [00:01:23<00:13:45,  0.64it/s, loss=0.0241]
Epoch 63:  10%|..........| 58/585 [00:01:30<00:13:41,  0.64it/s, loss=0.0239]
Epoch 63:  10%|#.........| 61/585 [00:01:36<00:13:45,  0.63it/s, loss=0.0242]
Epoch 63:  11%|#.........| 65/585 [00:01:42<00:13:38,  0.64it/s, loss=0.0242]
Epoch 63:  12%|#.........| 69/585 [00:01:48<00:13:34,  0.63it/s, loss=0.0242]
Epoch 63:  12%|#.........| 72/585 [00:01:53<00:13:31,  0.63it/s, loss=0.0243]
Epoch 63:  13%|#.........| 75/585 [00:01:59<00:13:30,  0.63it/s, loss=0.0243]
Epoch 63:  14%|#.........| 79/585 [00:02:05<00:13:20,  0.63it/s, loss=0.0243]
Epoch 63:  14%|#.........| 83/585 [00:02:11<00:13:12,  0.63it/s, loss=0.0242]
Epoch 63:  15%|#.........| 86/585 [00:02:16<00:13:12,  0.63it/s, loss=0.0242]
Epoch 63:  15%|#.........| 90/585 [00:02:22<00:13:06,  0.63it/s, loss=0.0241]
Epoch 63:  16%|#.........| 94/585 [00:02:29<00:12:59,  0.63it/s, loss=0.0242]
Epoch 63:  17%|#.........| 98/585 [00:02:34<00:12:50,  0.63it/s, loss=0.0243]
Epoch 63:  17%|#.........| 102/585 [00:02:41<00:12:42,  0.63it/s, loss=0.0242]
Epoch 63:  18%|#.........| 105/585 [00:02:46<00:12:41,  0.63it/s, loss=0.0243]
Epoch 63:  18%|#.........| 108/585 [00:02:52<00:12:42,  0.63it/s, loss=0.0243]
Epoch 63:  19%|#.........| 111/585 [00:02:57<00:12:38,  0.63it/s, loss=0.0243]
Epoch 63:  19%|#.........| 114/585 [00:03:02<00:12:35,  0.62it/s, loss=0.0243]
Epoch 63:  20%|##........| 117/585 [00:03:08<00:12:33,  0.62it/s, loss=0.0243]
Epoch 63:  21%|##........| 121/585 [00:03:14<00:12:25,  0.62it/s, loss=0.0242]
Epoch 63:  21%|##........| 124/585 [00:03:19<00:12:21,  0.62it/s, loss=0.0242]
Epoch 63:  22%|##........| 128/585 [00:03:25<00:12:14,  0.62it/s, loss=0.0242]
Epoch 63:  23%|##........| 132/585 [00:03:31<00:12:06,  0.62it/s, loss=0.0242]
Epoch 63:  23%|##........| 136/585 [00:03:38<00:12:00,  0.62it/s, loss=0.0242]
Epoch 63:  24%|##........| 140/585 [00:03:44<00:11:53,  0.62it/s, loss=0.0242]
Epoch 63:  24%|##........| 143/585 [00:03:49<00:11:49,  0.62it/s, loss=0.0242]
Epoch 63:  25%|##........| 146/585 [00:03:54<00:11:45,  0.62it/s, loss=0.0242]
Epoch 63:  25%|##........| 149/585 [00:03:59<00:11:41,  0.62it/s, loss=0.0242]
Epoch 63:  26%|##........| 153/585 [00:04:05<00:11:33,  0.62it/s, loss=0.0242]
Epoch 63:  27%|##........| 157/585 [00:04:11<00:11:26,  0.62it/s, loss=0.0245]
Epoch 63:  27%|##........| 160/585 [00:04:17<00:11:23,  0.62it/s, loss=0.0245]
Epoch 63:  28%|##........| 163/585 [00:04:22<00:11:19,  0.62it/s, loss=0.0245]
Epoch 63:  28%|##........| 166/585 [00:04:28<00:11:16,  0.62it/s, loss=0.0244]
Epoch 63:  29%|##........| 170/585 [00:04:34<00:11:10,  0.62it/s, loss=0.0243]
Epoch 63:  30%|##........| 174/585 [00:04:40<00:11:03,  0.62it/s, loss=0.0243]
Epoch 63:  30%|###.......| 178/585 [00:04:47<00:10:57,  0.62it/s, loss=0.0243]
Epoch 63:  31%|###.......| 182/585 [00:04:53<00:10:49,  0.62it/s, loss=0.0242]
Epoch 63:  32%|###.......| 185/585 [00:04:58<00:10:45,  0.62it/s, loss=0.0242]
Epoch 63:  32%|###.......| 188/585 [00:05:03<00:10:41,  0.62it/s, loss=0.0243]
Epoch 63:  33%|###.......| 191/585 [00:05:08<00:10:36,  0.62it/s, loss=0.0246]
Epoch 63:  33%|###.......| 195/585 [00:05:14<00:10:29,  0.62it/s, loss=0.0246]
Epoch 63:  34%|###.......| 199/585 [00:05:21<00:10:22,  0.62it/s, loss=0.0246]
Epoch 63:  35%|###.......| 203/585 [00:05:27<00:10:15,  0.62it/s, loss=0.0246]
Epoch 63:  35%|###.......| 207/585 [00:05:33<00:10:08,  0.62it/s, loss=0.0246]
Epoch 63:  36%|###.......| 211/585 [00:05:39<00:10:01,  0.62it/s, loss=0.0245]
Epoch 63:  37%|###.......| 215/585 [00:05:45<00:09:54,  0.62it/s, loss=0.0245]
Epoch 63:  37%|###.......| 218/585 [00:05:50<00:09:50,  0.62it/s, loss=0.0245]
Epoch 63:  38%|###.......| 222/585 [00:05:56<00:09:43,  0.62it/s, loss=0.0244]
Epoch 63:  39%|###.......| 226/585 [00:06:02<00:09:35,  0.62it/s, loss=0.0244]
Epoch 63:  39%|###.......| 230/585 [00:06:08<00:09:29,  0.62it/s, loss=0.0243]
Epoch 63:  40%|###.......| 233/585 [00:06:14<00:09:25,  0.62it/s, loss=0.0244]
Epoch 63:  41%|####......| 237/585 [00:06:21<00:09:19,  0.62it/s, loss=0.0243]
Epoch 63:  41%|####......| 241/585 [00:06:28<00:09:14,  0.62it/s, loss=0.0243]
Epoch 63:  42%|####......| 245/585 [00:06:34<00:09:07,  0.62it/s, loss=0.0242]
Epoch 63:  43%|####......| 249/585 [00:06:41<00:09:01,  0.62it/s, loss=0.0242]
Epoch 63:  43%|####......| 252/585 [00:06:46<00:08:57,  0.62it/s, loss=0.0243]
Epoch 63:  44%|####......| 255/585 [00:06:52<00:08:53,  0.62it/s, loss=0.0243]
Epoch 63:  44%|####......| 259/585 [00:06:58<00:08:47,  0.62it/s, loss=0.0243]
Epoch 63:  45%|####......| 263/585 [00:07:04<00:08:40,  0.62it/s, loss=0.0243]
Epoch 63:  46%|####......| 267/585 [00:07:11<00:08:33,  0.62it/s, loss=0.0243]
Epoch 63:  46%|####......| 270/585 [00:07:16<00:08:29,  0.62it/s, loss=0.0242]
Epoch 63:  47%|####......| 274/585 [00:07:22<00:08:22,  0.62it/s, loss=0.0242]
Epoch 63:  48%|####......| 278/585 [00:07:28<00:08:15,  0.62it/s, loss=0.0242]
Epoch 63:  48%|####......| 281/585 [00:07:35<00:08:12,  0.62it/s, loss=0.0243]
Epoch 63:  49%|####......| 285/585 [00:07:41<00:08:05,  0.62it/s, loss=0.0243]
Epoch 63:  49%|####......| 288/585 [00:07:46<00:08:00,  0.62it/s, loss=0.0243]
Epoch 63:  50%|####......| 292/585 [00:07:52<00:07:54,  0.62it/s, loss=0.0243]
Epoch 63:  51%|#####.....| 296/585 [00:07:59<00:07:47,  0.62it/s, loss=0.0246]
Epoch 63:  51%|#####.....| 300/585 [00:08:05<00:07:41,  0.62it/s, loss=0.0247]
Epoch 63:  52%|#####.....| 303/585 [00:08:11<00:07:37,  0.62it/s, loss=0.0247]
Epoch 63:  52%|#####.....| 307/585 [00:08:17<00:07:30,  0.62it/s, loss=0.0247]
Epoch 63:  53%|#####.....| 311/585 [00:08:23<00:07:23,  0.62it/s, loss=0.0247]
Epoch 63:  54%|#####.....| 315/585 [00:08:29<00:07:16,  0.62it/s, loss=0.0247]
Epoch 63:  55%|#####.....| 319/585 [00:08:36<00:07:10,  0.62it/s, loss=0.0247]
Epoch 63:  55%|#####.....| 322/585 [00:08:41<00:07:05,  0.62it/s, loss=0.0247]
Epoch 63:  56%|#####.....| 326/585 [00:08:47<00:06:59,  0.62it/s, loss=0.0246]
Epoch 63:  56%|#####.....| 330/585 [00:08:54<00:06:52,  0.62it/s, loss=0.0246]
Epoch 63:  57%|#####.....| 333/585 [00:08:59<00:06:48,  0.62it/s, loss=0.0246]
Epoch 63:  58%|#####.....| 337/585 [00:09:05<00:06:41,  0.62it/s, loss=0.0246]
Epoch 63:  58%|#####.....| 341/585 [00:09:12<00:06:35,  0.62it/s, loss=0.0246]
Epoch 63:  59%|#####.....| 344/585 [00:09:17<00:06:30,  0.62it/s, loss=0.0246]
Epoch 63:  59%|#####.....| 347/585 [00:09:23<00:06:26,  0.62it/s, loss=0.0246]
Epoch 63:  60%|######....| 351/585 [00:09:29<00:06:19,  0.62it/s, loss=0.0246]
Epoch 63:  61%|######....| 355/585 [00:09:35<00:06:12,  0.62it/s, loss=0.0246]
Epoch 63:  61%|######....| 359/585 [00:09:42<00:06:06,  0.62it/s, loss=0.0246]
Epoch 63:  62%|######....| 363/585 [00:09:48<00:05:59,  0.62it/s, loss=0.0246]
Epoch 63:  63%|######....| 366/585 [00:09:54<00:05:55,  0.62it/s, loss=0.0246]
Epoch 63:  63%|######....| 369/585 [00:09:59<00:05:50,  0.62it/s, loss=0.0246]
Epoch 63:  64%|######....| 373/585 [00:10:05<00:05:44,  0.62it/s, loss=0.0246]
Epoch 63:  64%|######....| 377/585 [00:10:12<00:05:38,  0.62it/s, loss=0.0247]
Epoch 63:  65%|######....| 380/585 [00:10:18<00:05:33,  0.61it/s, loss=0.0247]
Epoch 63:  66%|######....| 384/585 [00:10:24<00:05:26,  0.61it/s, loss=0.0247]
Epoch 63:  66%|######....| 388/585 [00:10:30<00:05:20,  0.62it/s, loss=0.0248]
Epoch 63:  67%|######....| 392/585 [00:10:37<00:05:13,  0.62it/s, loss=0.0249]
Epoch 63:  68%|######....| 396/585 [00:10:44<00:05:07,  0.61it/s, loss=0.0249]
Epoch 63:  68%|######....| 399/585 [00:10:49<00:05:02,  0.61it/s, loss=0.0249]
Epoch 63:  69%|######....| 403/585 [00:10:55<00:04:56,  0.61it/s, loss=0.0248]
Epoch 63:  70%|######....| 407/585 [00:11:02<00:04:49,  0.61it/s, loss=0.0249]
Epoch 63:  70%|#######...| 410/585 [00:11:07<00:04:44,  0.61it/s, loss=0.0249]
Epoch 63:  71%|#######...| 413/585 [00:11:12<00:04:40,  0.61it/s, loss=0.0248]
Epoch 63:  71%|#######...| 417/585 [00:11:18<00:04:33,  0.61it/s, loss=0.0248]
Epoch 63:  72%|#######...| 420/585 [00:11:23<00:04:28,  0.61it/s, loss=0.0249]
Epoch 63:  72%|#######...| 424/585 [00:11:30<00:04:22,  0.61it/s, loss=0.0249]
Epoch 63:  73%|#######...| 428/585 [00:11:36<00:04:15,  0.61it/s, loss=0.0249]
Epoch 63:  74%|#######...| 432/585 [00:11:41<00:04:08,  0.62it/s, loss=0.0248]
Epoch 63:  74%|#######...| 435/585 [00:11:47<00:04:03,  0.62it/s, loss=0.0249]
Epoch 63:  75%|#######...| 439/585 [00:11:53<00:03:57,  0.62it/s, loss=0.0248]
Epoch 63:  76%|#######...| 442/585 [00:11:58<00:03:52,  0.61it/s, loss=0.0249]
Epoch 63:  76%|#######...| 446/585 [00:12:05<00:03:46,  0.61it/s, loss=0.0249]
Epoch 63:  77%|#######...| 450/585 [00:12:11<00:03:39,  0.61it/s, loss=0.0249]
Epoch 63:  77%|#######...| 453/585 [00:12:17<00:03:34,  0.61it/s, loss=0.0249]
Epoch 63:  78%|#######...| 457/585 [00:12:23<00:03:28,  0.61it/s, loss=0.0249]
Epoch 63:  79%|#######...| 460/585 [00:12:28<00:03:23,  0.61it/s, loss=0.0250]
Epoch 63:  79%|#######...| 464/585 [00:12:34<00:03:16,  0.61it/s, loss=0.0250]
Epoch 63:  80%|#######...| 467/585 [00:12:40<00:03:12,  0.61it/s, loss=0.0250]
Epoch 63:  81%|########..| 471/585 [00:12:47<00:03:05,  0.61it/s, loss=0.0250]
Epoch 63:  81%|########..| 475/585 [00:12:53<00:02:59,  0.61it/s, loss=0.0250]
Epoch 63:  82%|########..| 479/585 [00:12:59<00:02:52,  0.61it/s, loss=0.0250]
Epoch 63:  82%|########..| 482/585 [00:13:05<00:02:47,  0.61it/s, loss=0.0249]
Epoch 63:  83%|########..| 485/585 [00:13:10<00:02:42,  0.61it/s, loss=0.0250]
Epoch 63:  84%|########..| 489/585 [00:13:16<00:02:36,  0.61it/s, loss=0.0250]
Epoch 63:  84%|########..| 493/585 [00:13:22<00:02:29,  0.61it/s, loss=0.0250]
Epoch 63:  85%|########..| 497/585 [00:13:28<00:02:23,  0.61it/s, loss=0.0250]
Epoch 63:  86%|########..| 501/585 [00:13:35<00:02:16,  0.61it/s, loss=0.0250]
Epoch 63:  86%|########..| 505/585 [00:13:41<00:02:10,  0.61it/s, loss=0.0250]
Epoch 63:  87%|########..| 509/585 [00:13:47<00:02:03,  0.61it/s, loss=0.0250]
Epoch 63:  88%|########..| 513/585 [00:13:54<00:01:57,  0.61it/s, loss=0.0250]
Epoch 63:  88%|########..| 517/585 [00:14:00<00:01:50,  0.62it/s, loss=0.0250]
Epoch 63:  89%|########..| 521/585 [00:14:06<00:01:44,  0.62it/s, loss=0.0249]
Epoch 63:  90%|########..| 525/585 [00:14:12<00:01:37,  0.62it/s, loss=0.0250]
Epoch 63:  90%|#########.| 529/585 [00:14:19<00:01:30,  0.62it/s, loss=0.0250]
Epoch 63:  91%|#########.| 533/585 [00:14:26<00:01:24,  0.62it/s, loss=0.0249]
Epoch 63:  92%|#########.| 536/585 [00:14:31<00:01:19,  0.62it/s, loss=0.0250]
Epoch 63:  92%|#########.| 540/585 [00:14:36<00:01:13,  0.62it/s, loss=0.0249]
Epoch 63:  93%|#########.| 543/585 [00:14:42<00:01:08,  0.62it/s, loss=0.0249]
Epoch 63:  94%|#########.| 547/585 [00:14:49<00:01:01,  0.61it/s, loss=0.0250]
Epoch 63:  94%|#########.| 551/585 [00:14:56<00:00:55,  0.61it/s, loss=0.0249]
Epoch 63:  95%|#########.| 554/585 [00:15:01<00:00:50,  0.61it/s, loss=0.0250]
Epoch 63:  95%|#########.| 557/585 [00:15:07<00:00:45,  0.61it/s, loss=0.0250]
Epoch 63:  96%|#########.| 561/585 [00:15:14<00:00:39,  0.61it/s, loss=0.0250]
Epoch 63:  97%|#########.| 565/585 [00:15:20<00:00:32,  0.61it/s, loss=0.0250]
Epoch 63:  97%|#########.| 568/585 [00:15:25<00:00:27,  0.61it/s, loss=0.0252]
Epoch 63:  98%|#########.| 572/585 [00:15:31<00:00:21,  0.61it/s, loss=0.0251]
Epoch 63:  98%|#########.| 576/585 [00:15:38<00:00:14,  0.61it/s, loss=0.0251]
Epoch 63:  99%|#########.| 579/585 [00:15:43<00:00:09,  0.61it/s, loss=0.0251]
Epoch 63:  99%|#########.| 582/585 [00:15:49<00:00:04,  0.61it/s, loss=0.0251]
Epoch 63: 100%|##########| 585/585 [00:15:53<00:00:00,  0.61it/s, loss=0.0251]
Test loss: 0.0229, Test rmsae: 7.12deg
{"event": "epoch_complete", "epoch": 63, "phase": 2, "lr": 1e-05, "batch_size": 10, "micro_batch_size": 1, "train_loss": 0.025103381218818516, "val_loss": 0.022884839127073064, "val_rmsae_deg": 7.124070331454277, "epoch_time_s": 954.7121273840312}
Epoch 64/80:
Epoch 64:   1%|..........| 4/585 [00:00:06<00:16:01,  0.60it/s, loss=0.0273]
Epoch 64:   1%|..........| 8/585 [00:00:13<00:16:29,  0.58it/s, loss=0.0260]
Epoch 64:   2%|..........| 12/585 [00:00:19<00:15:51,  0.60it/s, loss=0.0261]
Epoch 64:   3%|..........| 16/585 [00:00:26<00:15:30,  0.61it/s, loss=0.0253]
Epoch 64:   3%|..........| 19/585 [00:00:32<00:16:10,  0.58it/s, loss=0.0261]
Epoch 64:   4%|..........| 22/585 [00:00:38<00:16:27,  0.57it/s, loss=0.0260]
Epoch 64:   4%|..........| 25/585 [00:00:44<00:16:31,  0.56it/s, loss=0.0314]
Epoch 64:   5%|..........| 29/585 [00:00:50<00:16:06,  0.58it/s, loss=0.0308]
Epoch 64:   5%|..........| 32/585 [00:00:55<00:15:57,  0.58it/s, loss=0.0302]
Epoch 64:   6%|..........| 35/585 [00:01:00<00:15:56,  0.57it/s, loss=0.0296]
Epoch 64:   7%|..........| 39/585 [00:01:07<00:15:50,  0.57it/s, loss=0.0293]
Epoch 64:   7%|..........| 42/585 [00:01:12<00:15:42,  0.58it/s, loss=0.0290]
Epoch 64:   8%|..........| 45/585 [00:01:19<00:15:56,  0.56it/s, loss=0.0288]
Epoch 64:   8%|..........| 49/585 [00:01:25<00:15:37,  0.57it/s, loss=0.0288]
Epoch 64:   9%|..........| 53/585 [00:01:31<00:15:21,  0.58it/s, loss=0.0282]
Epoch 64:  10%|..........| 57/585 [00:01:38<00:15:08,  0.58it/s, loss=0.0278]
Epoch 64:  10%|#.........| 61/585 [00:01:44<00:15:00,  0.58it/s, loss=0.0277]
Epoch 64:  11%|#.........| 65/585 [00:01:51<00:14:51,  0.58it/s, loss=0.0274]
Epoch 64:  12%|#.........| 68/585 [00:01:56<00:14:46,  0.58it/s, loss=0.0273]
Epoch 64:  12%|#.........| 71/585 [00:02:02<00:14:43,  0.58it/s, loss=0.0272]
Epoch 64:  13%|#.........| 74/585 [00:02:07<00:14:37,  0.58it/s, loss=0.0270]
Epoch 64:  13%|#.........| 77/585 [00:02:12<00:14:33,  0.58it/s, loss=0.0269]
Epoch 64:  14%|#.........| 81/585 [00:02:18<00:14:22,  0.58it/s, loss=0.0269]
Epoch 64:  15%|#.........| 85/585 [00:02:24<00:14:10,  0.59it/s, loss=0.0268]
Epoch 64:  15%|#.........| 89/585 [00:02:30<00:14:00,  0.59it/s, loss=0.0265]
Epoch 64:  16%|#.........| 93/585 [00:02:36<00:13:49,  0.59it/s, loss=0.0264]
Epoch 64:  17%|#.........| 97/585 [00:02:43<00:13:40,  0.59it/s, loss=0.0264]
Epoch 64:  17%|#.........| 101/585 [00:02:49<00:13:32,  0.60it/s, loss=0.0263]
Epoch 64:  18%|#.........| 104/585 [00:02:55<00:13:30,  0.59it/s, loss=0.0264]
Epoch 64:  18%|#.........| 108/585 [00:03:01<00:13:22,  0.59it/s, loss=0.0264]
Epoch 64:  19%|#.........| 111/585 [00:03:06<00:13:17,  0.59it/s, loss=0.0262]
Epoch 64:  19%|#.........| 114/585 [00:03:12<00:13:13,  0.59it/s, loss=0.0263]
Epoch 64:  20%|##........| 117/585 [00:03:18<00:13:14,  0.59it/s, loss=0.0262]
Epoch 64:  21%|##........| 121/585 [00:03:24<00:13:05,  0.59it/s, loss=0.0261]
Epoch 64:  21%|##........| 125/585 [00:03:31<00:12:57,  0.59it/s, loss=0.0260]
Epoch 64:  22%|##........| 129/585 [00:03:37<00:12:48,  0.59it/s, loss=0.0259]
Epoch 64:  23%|##........| 133/585 [00:03:44<00:12:42,  0.59it/s, loss=0.0259]
Epoch 64:  23%|##........| 137/585 [00:03:50<00:12:34,  0.59it/s, loss=0.0259]
Epoch 64:  24%|##........| 141/585 [00:03:56<00:12:25,  0.60it/s, loss=0.0259]
Epoch 64:  25%|##........| 145/585 [00:04:03<00:12:17,  0.60it/s, loss=0.0258]
Epoch 64:  25%|##........| 148/585 [00:04:08<00:12:12,  0.60it/s, loss=0.0258]
Epoch 64:  26%|##........| 152/585 [00:04:14<00:12:06,  0.60it/s, loss=0.0259]
Epoch 64:  26%|##........| 155/585 [00:04:20<00:12:02,  0.60it/s, loss=0.0258]
Epoch 64:  27%|##........| 158/585 [00:04:25<00:11:58,  0.59it/s, loss=0.0258]
Epoch 64:  28%|##........| 161/585 [00:04:30<00:11:53,  0.59it/s, loss=0.0257]
Epoch 64:  28%|##........| 164/585 [00:04:36<00:11:50,  0.59it/s, loss=0.0258]
Epoch 64:  29%|##........| 168/585 [00:04:43<00:11:42,  0.59it/s, loss=0.0257]
Epoch 64:  29%|##........| 172/585 [00:04:49<00:11:35,  0.59it/s, loss=0.0256]
Epoch 64:  30%|##........| 175/585 [00:04:54<00:11:31,  0.59it/s, loss=0.0256]
Epoch 64:  30%|###.......| 178/585 [00:05:00<00:11:26,  0.59it/s, loss=0.0256]
Epoch 64:  31%|###.......| 181/585 [00:05:06<00:11:23,  0.59it/s, loss=0.0256]
Epoch 64:  31%|###.......| 184/585 [00:05:11<00:11:18,  0.59it/s, loss=0.0256]
Epoch 64:  32%|###.......| 188/585 [00:05:17<00:11:10,  0.59it/s, loss=0.0255]
Epoch 64:  33%|###.......| 192/585 [00:05:24<00:11:04,  0.59it/s, loss=0.0255]
Epoch 64:  34%|###.......| 196/585 [00:05:31<00:10:56,  0.59it/s, loss=0.0256]
Epoch 64:  34%|###.......| 199/585 [00:05:36<00:10:52,  0.59it/s, loss=0.0256]
Epoch 64:  35%|###.......| 203/585 [00:05:41<00:10:43,  0.59it/s, loss=0.0256]
Epoch 64:  35%|###.......| 207/585 [00:05:47<00:10:34,  0.60it/s, loss=0.0255]
Epoch 64:  36%|###.......| 211/585 [00:05:53<00:10:27,  0.60it/s, loss=0.0255]
Epoch 64:  37%|###.......| 215/585 [00:05:59<00:10:19,  0.60it/s, loss=0.0255]
Epoch 64:  37%|###.......| 219/585 [00:06:05<00:10:11,  0.60it/s, loss=0.0255]
Epoch 64:  38%|###.......| 223/585 [00:06:12<00:10:03,  0.60it/s, loss=0.0254]
Epoch 64:  39%|###.......| 226/585 [00:06:17<00:09:59,  0.60it/s, loss=0.0254]
Epoch 64:  39%|###.......| 229/585 [00:06:22<00:09:54,  0.60it/s, loss=0.0254]
Epoch 64:  40%|###.......| 232/585 [00:06:27<00:09:50,  0.60it/s, loss=0.0254]
Epoch 64:  40%|####......| 235/585 [00:06:32<00:09:45,  0.60it/s, loss=0.0254]
Epoch 64:  41%|####......| 239/585 [00:06:39<00:09:38,  0.60it/s, loss=0.0254]
Epoch 64:  42%|####......| 243/585 [00:06:45<00:09:31,  0.60it/s, loss=0.0254]
Epoch 64:  42%|####......| 246/585 [00:06:51<00:09:27,  0.60it/s, loss=0.0254]
Epoch 64:  43%|####......| 250/585 [00:06:58<00:09:20,  0.60it/s, loss=0.0253]
Epoch 64:  43%|####......| 254/585 [00:07:04<00:09:13,  0.60it/s, loss=0.0254]
Epoch 64:  44%|####......| 257/585 [00:07:09<00:09:08,  0.60it/s, loss=0.0254]
Epoch 64:  45%|####......| 261/585 [00:07:16<00:09:02,  0.60it/s, loss=0.0254]
Epoch 64:  45%|####......| 264/585 [00:07:22<00:08:57,  0.60it/s, loss=0.0255]
Epoch 64:  46%|####......| 268/585 [00:07:28<00:08:50,  0.60it/s, loss=0.0255]
Epoch 64:  46%|####......| 271/585 [00:07:34<00:08:46,  0.60it/s, loss=0.0258]
Epoch 64:  47%|####......| 275/585 [00:07:40<00:08:39,  0.60it/s, loss=0.0258]
Epoch 64:  48%|####......| 279/585 [00:07:47<00:08:32,  0.60it/s, loss=0.0257]
Epoch 64:  48%|####......| 282/585 [00:07:52<00:08:27,  0.60it/s, loss=0.0258]
Epoch 64:  49%|####......| 286/585 [00:07:58<00:08:20,  0.60it/s, loss=0.0258]
Epoch 64:  50%|####......| 290/585 [00:08:04<00:08:13,  0.60it/s, loss=0.0258]
Epoch 64:  50%|#####.....| 294/585 [00:08:10<00:08:05,  0.60it/s, loss=0.0257]
Epoch 64:  51%|#####.....| 298/585 [00:08:16<00:07:58,  0.60it/s, loss=0.0257]
Epoch 64:  52%|#####.....| 302/585 [00:08:23<00:07:51,  0.60it/s, loss=0.0257]
Epoch 64:  52%|#####.....| 306/585 [00:08:29<00:07:44,  0.60it/s, loss=0.0256]
Epoch 64:  53%|#####.....| 310/585 [00:08:34<00:07:36,  0.60it/s, loss=0.0255]
Epoch 64:  54%|#####.....| 313/585 [00:08:39<00:07:31,  0.60it/s, loss=0.0256]
Epoch 64:  54%|#####.....| 317/585 [00:08:46<00:07:25,  0.60it/s, loss=0.0256]
Epoch 64:  55%|#####.....| 321/585 [00:08:52<00:07:18,  0.60it/s, loss=0.0256]
Epoch 64:  55%|#####.....| 324/585 [00:08:58<00:07:13,  0.60it/s, loss=0.0259]
Epoch 64:  56%|#####.....| 328/585 [00:09:04<00:07:06,  0.60it/s, loss=0.0259]
Epoch 64:  57%|#####.....| 331/585 [00:09:09<00:07:01,  0.60it/s, loss=0.0259]
Epoch 64:  57%|#####.....| 335/585 [00:09:15<00:06:54,  0.60it/s, loss=0.0258]
Epoch 64:  58%|#####.....| 339/585 [00:09:21<00:06:47,  0.60it/s, loss=0.0258]
Epoch 64:  59%|#####.....| 343/585 [00:09:27<00:06:40,  0.60it/s, loss=0.0258]
Epoch 64:  59%|#####.....| 347/585 [00:09:33<00:06:33,  0.60it/s, loss=0.0258]
Epoch 64:  60%|######....| 351/585 [00:09:39<00:06:26,  0.61it/s, loss=0.0258]
Epoch 64:  61%|######....| 355/585 [00:09:46<00:06:19,  0.61it/s, loss=0.0258]
Epoch 64:  61%|######....| 359/585 [00:09:52<00:06:13,  0.61it/s, loss=0.0258]
Epoch 64:  62%|######....| 363/585 [00:09:58<00:06:06,  0.61it/s, loss=0.0258]
Epoch 64:  63%|######....| 367/585 [00:10:05<00:05:59,  0.61it/s, loss=0.0258]
Epoch 64:  63%|######....| 371/585 [00:10:11<00:05:52,  0.61it/s, loss=0.0258]
Epoch 64:  64%|######....| 375/585 [00:10:17<00:05:45,  0.61it/s, loss=0.0258]
Epoch 64:  65%|######....| 379/585 [00:10:23<00:05:38,  0.61it/s, loss=0.0257]
Epoch 64:  65%|######....| 383/585 [00:10:29<00:05:31,  0.61it/s, loss=0.0257]
Epoch 64:  66%|######....| 387/585 [00:10:35<00:05:25,  0.61it/s, loss=0.0257]
Epoch 64:  67%|######....| 391/585 [00:10:41<00:05:18,  0.61it/s, loss=0.0257]
Epoch 64:  67%|######....| 394/585 [00:10:46<00:05:13,  0.61it/s, loss=0.0257]
Epoch 64:  68%|######....| 397/585 [00:10:52<00:05:08,  0.61it/s, loss=0.0257]
Epoch 64:  69%|######....| 401/585 [00:10:58<00:05:02,  0.61it/s, loss=0.0257]
Epoch 64:  69%|######....| 405/585 [00:11:05<00:04:55,  0.61it/s, loss=0.0257]
Epoch 64:  70%|######....| 409/585 [00:11:11<00:04:48,  0.61it/s, loss=0.0256]
Epoch 64:  70%|#######...| 412/585 [00:11:16<00:04:44,  0.61it/s, loss=0.0256]
Epoch 64:  71%|#######...| 416/585 [00:11:23<00:04:37,  0.61it/s, loss=0.0256]
Epoch 64:  72%|#######...| 419/585 [00:11:29<00:04:33,  0.61it/s, loss=0.0255]
Epoch 64:  72%|#######...| 423/585 [00:11:35<00:04:26,  0.61it/s, loss=0.0255]
Epoch 64:  73%|#######...| 427/585 [00:11:42<00:04:19,  0.61it/s, loss=0.0258]
Epoch 64:  74%|#######...| 430/585 [00:11:47<00:04:15,  0.61it/s, loss=0.0257]
Epoch 64:  74%|#######...| 434/585 [00:11:53<00:04:08,  0.61it/s, loss=0.0258]
Epoch 64:  75%|#######...| 437/585 [00:11:59<00:04:03,  0.61it/s, loss=0.0258]
Epoch 64:  75%|#######...| 439/585 [00:12:04<00:04:00,  0.61it/s, loss=0.0258]
Epoch 64:  76%|#######...| 442/585 [00:12:09<00:03:55,  0.61it/s, loss=0.0258]
Epoch 64:  76%|#######...| 445/585 [00:12:14<00:03:51,  0.61it/s, loss=0.0258]
Epoch 64:  77%|#######...| 449/585 [00:12:22<00:03:44,  0.60it/s, loss=0.0258]
Epoch 64:  77%|#######...| 452/585 [00:12:27<00:03:39,  0.60it/s, loss=0.0258]
Epoch 64:  78%|#######...| 456/585 [00:12:34<00:03:33,  0.60it/s, loss=0.0258]
Epoch 64:  78%|#######...| 459/585 [00:12:39<00:03:28,  0.60it/s, loss=0.0258]
Epoch 64:  79%|#######...| 463/585 [00:12:46<00:03:22,  0.60it/s, loss=0.0258]
Epoch 64:  80%|#######...| 466/585 [00:12:52<00:03:17,  0.60it/s, loss=0.0258]
Epoch 64:  80%|########..| 470/585 [00:12:57<00:03:10,  0.60it/s, loss=0.0257]
Epoch 64:  81%|########..| 473/585 [00:13:03<00:03:05,  0.60it/s, loss=0.0258]
Epoch 64:  81%|########..| 476/585 [00:13:08<00:03:00,  0.60it/s, loss=0.0258]
Epoch 64:  82%|########..| 480/585 [00:13:15<00:02:53,  0.60it/s, loss=0.0257]
Epoch 64:  83%|########..| 483/585 [00:13:20<00:02:49,  0.60it/s, loss=0.0257]
Epoch 64:  83%|########..| 487/585 [00:13:27<00:02:42,  0.60it/s, loss=0.0257]
Epoch 64:  84%|########..| 491/585 [00:13:34<00:02:35,  0.60it/s, loss=0.0256]
Epoch 64:  84%|########..| 494/585 [00:13:39<00:02:30,  0.60it/s, loss=0.0256]
Epoch 64:  85%|########..| 498/585 [00:13:45<00:02:24,  0.60it/s, loss=0.0256]
Epoch 64:  86%|########..| 502/585 [00:13:51<00:02:17,  0.60it/s, loss=0.0256]
Epoch 64:  86%|########..| 505/585 [00:13:56<00:02:12,  0.60it/s, loss=0.0256]
Epoch 64:  87%|########..| 508/585 [00:14:01<00:02:07,  0.60it/s, loss=0.0256]
Epoch 64:  88%|########..| 512/585 [00:14:08<00:02:00,  0.60it/s, loss=0.0255]
Epoch 64:  88%|########..| 515/585 [00:14:13<00:01:55,  0.60it/s, loss=0.0255]
Epoch 64:  89%|########..| 519/585 [00:14:19<00:01:49,  0.60it/s, loss=0.0255]
Epoch 64:  89%|########..| 523/585 [00:14:26<00:01:42,  0.60it/s, loss=0.0256]
Epoch 64:  90%|#########.| 527/585 [00:14:32<00:01:36,  0.60it/s, loss=0.0255]
Epoch 64:  91%|#########.| 531/585 [00:14:38<00:01:29,  0.60it/s, loss=0.0255]
Epoch 64:  91%|#########.| 534/585 [00:14:43<00:01:24,  0.60it/s, loss=0.0255]
Epoch 64:  92%|#########.| 538/585 [00:14:49<00:01:17,  0.60it/s, loss=0.0255]
Epoch 64:  93%|#########.| 542/585 [00:14:56<00:01:11,  0.60it/s, loss=0.0255]
Epoch 64:  93%|#########.| 546/585 [00:15:02<00:01:04,  0.61it/s, loss=0.0255]
Epoch 64:  94%|#########.| 549/585 [00:15:07<00:00:59,  0.61it/s, loss=0.0255]
Epoch 64:  94%|#########.| 552/585 [00:15:12<00:00:54,  0.61it/s, loss=0.0255]
Epoch 64:  95%|#########.| 556/585 [00:15:18<00:00:47,  0.61it/s, loss=0.0256]
Epoch 64:  96%|#########.| 560/585 [00:15:24<00:00:41,  0.61it/s, loss=0.0256]
Epoch 64:  96%|#########.| 564/585 [00:15:31<00:00:34,  0.61it/s, loss=0.0255]
Epoch 64:  97%|#########.| 568/585 [00:15:37<00:00:28,  0.61it/s, loss=0.0256]
Epoch 64:  98%|#########.| 571/585 [00:15:43<00:00:23,  0.61it/s, loss=0.0256]
Epoch 64:  98%|#########.| 575/585 [00:15:49<00:00:16,  0.61it/s, loss=0.0256]
Epoch 64:  99%|#########.| 579/585 [00:15:55<00:00:09,  0.61it/s, loss=0.0256]
Epoch 64: 100%|#########.| 583/585 [00:16:02<00:00:03,  0.61it/s, loss=0.0256]
Epoch 64: 100%|##########| 585/585 [00:16:05<00:00:00,  0.61it/s, loss=0.0256]
Test loss: 0.0228, Test rmsae: 7.12deg
{"event": "epoch_complete", "epoch": 64, "phase": 2, "lr": 1e-05, "batch_size": 10, "micro_batch_size": 1, "train_loss": 0.02559373003995826, "val_loss": 0.022843156941235065, "val_rmsae_deg": 7.120464250445366, "epoch_time_s": 966.3295177589171}
Epoch 65/80:
Epoch 65:   1%|..........| 3/585 [00:00:05<00:16:57,  0.57it/s, loss=0.0230]
Epoch 65:   1%|..........| 7/585 [00:00:11<00:15:34,  0.62it/s, loss=0.0210]
Epoch 65:   2%|..........| 11/585 [00:00:17<00:14:59,  0.64it/s, loss=0.0212]
Epoch 65:   2%|..........| 14/585 [00:00:23<00:15:38,  0.61it/s, loss=0.0219]
Epoch 65:   3%|..........| 18/585 [00:00:29<00:15:33,  0.61it/s, loss=0.0226]
Epoch 65:   4%|..........| 21/585 [00:00:34<00:15:39,  0.60it/s, loss=0.0249]
Epoch 65:   4%|..........| 24/585 [00:00:40<00:15:48,  0.59it/s, loss=0.0251]
Epoch 65:   5%|..........| 28/585 [00:00:46<00:15:29,  0.60it/s, loss=0.0245]
Epoch 65:   5%|..........| 31/585 [00:00:52<00:15:32,  0.59it/s, loss=0.0249]
Epoch 65:   6%|..........| 35/585 [00:00:58<00:15:18,  0.60it/s, loss=0.0243]
Epoch 65:   6%|..........| 38/585 [00:01:03<00:15:15,  0.60it/s, loss=0.0247]
Epoch 65:   7%|..........| 42/585 [00:01:09<00:15:03,  0.60it/s, loss=0.0252]
Epoch 65:   8%|..........| 46/585 [00:01:16<00:14:53,  0.60it/s, loss=0.0254]
Epoch 65:   9%|..........| 50/585 [00:01:22<00:14:44,  0.61it/s, loss=0.0253]
Epoch 65:   9%|..........| 54/585 [00:01:28<00:14:31,  0.61it/s, loss=0.0253]
Epoch 65:  10%|..........| 58/585 [00:01:34<00:14:19,  0.61it/s, loss=0.0252]
Epoch 65:  11%|#.........| 62/585 [00:01:41<00:14:13,  0.61it/s, loss=0.0250]
Epoch 65:  11%|#.........| 65/585 [00:01:47<00:14:20,  0.60it/s, loss=0.0251]
Epoch 65:  12%|#.........| 69/585 [00:01:53<00:14:10,  0.61it/s, loss=0.0247]
Epoch 65:  12%|#.........| 72/585 [00:01:58<00:14:06,  0.61it/s, loss=0.0248]
Epoch 65:  13%|#.........| 76/585 [00:02:04<00:13:55,  0.61it/s, loss=0.0245]
Epoch 65:  14%|#.........| 80/585 [00:02:10<00:13:45,  0.61it/s, loss=0.0244]
Epoch 65:  14%|#.........| 83/585 [00:02:15<00:13:42,  0.61it/s, loss=0.0244]
Epoch 65:  15%|#.........| 87/585 [00:02:21<00:13:31,  0.61it/s, loss=0.0244]
Epoch 65:  15%|#.........| 90/585 [00:02:27<00:13:30,  0.61it/s, loss=0.0245]
Epoch 65:  16%|#.........| 94/585 [00:02:33<00:13:20,  0.61it/s, loss=0.0247]
Epoch 65:  17%|#.........| 97/585 [00:02:38<00:13:16,  0.61it/s, loss=0.0246]
Epoch 65:  17%|#.........| 100/585 [00:02:43<00:13:14,  0.61it/s, loss=0.0247]
Epoch 65:  18%|#.........| 104/585 [00:02:50<00:13:10,  0.61it/s, loss=0.0245]
Epoch 65:  18%|#.........| 108/585 [00:02:58<00:13:06,  0.61it/s, loss=0.0245]
Epoch 65:  19%|#.........| 112/585 [00:03:04<00:12:58,  0.61it/s, loss=0.0244]
Epoch 65:  20%|#.........| 116/585 [00:03:10<00:12:51,  0.61it/s, loss=0.0244]
Epoch 65:  21%|##........| 120/585 [00:03:17<00:12:47,  0.61it/s, loss=0.0244]
Epoch 65:  21%|##........| 124/585 [00:03:23<00:12:37,  0.61it/s, loss=0.0244]
Epoch 65:  22%|##........| 127/585 [00:03:28<00:12:32,  0.61it/s, loss=0.0244]
Epoch 65:  22%|##........| 130/585 [00:03:34<00:12:30,  0.61it/s, loss=0.0246]
Epoch 65:  23%|##........| 132/585 [00:03:39<00:12:33,  0.60it/s, loss=0.0249]
Epoch 65:  23%|##........| 135/585 [00:03:45<00:12:31,  0.60it/s, loss=0.0249]
Epoch 65:  24%|##........| 139/585 [00:03:51<00:12:21,  0.60it/s, loss=0.0247]
Epoch 65:  24%|##........| 142/585 [00:03:56<00:12:17,  0.60it/s, loss=0.0249]
Epoch 65:  25%|##........| 145/585 [00:04:01<00:12:13,  0.60it/s, loss=0.0251]
Epoch 65:  25%|##........| 149/585 [00:04:07<00:12:04,  0.60it/s, loss=0.0250]
Epoch 65:  26%|##........| 153/585 [00:04:13<00:11:56,  0.60it/s, loss=0.0250]
Epoch 65:  27%|##........| 157/585 [00:04:20<00:11:49,  0.60it/s, loss=0.0249]
Epoch 65:  28%|##........| 161/585 [00:04:26<00:11:40,  0.61it/s, loss=0.0249]
Epoch 65:  28%|##........| 165/585 [00:04:32<00:11:32,  0.61it/s, loss=0.0248]
Epoch 65:  29%|##........| 169/585 [00:04:39<00:11:27,  0.61it/s, loss=0.0249]
Epoch 65:  29%|##........| 172/585 [00:04:44<00:11:22,  0.61it/s, loss=0.0249]
Epoch 65:  30%|###.......| 176/585 [00:04:50<00:11:14,  0.61it/s, loss=0.0248]
Epoch 65:  31%|###.......| 180/585 [00:04:56<00:11:06,  0.61it/s, loss=0.0248]
Epoch 65:  31%|###.......| 183/585 [00:05:01<00:11:02,  0.61it/s, loss=0.0248]
Epoch 65:  32%|###.......| 187/585 [00:05:07<00:10:54,  0.61it/s, loss=0.0248]
Epoch 65:  33%|###.......| 191/585 [00:05:13<00:10:46,  0.61it/s, loss=0.0248]
Epoch 65:  33%|###.......| 195/585 [00:05:19<00:10:38,  0.61it/s, loss=0.0265]
Epoch 65:  34%|###.......| 198/585 [00:05:24<00:10:34,  0.61it/s, loss=0.0265]
Epoch 65:  34%|###.......| 201/585 [00:05:29<00:10:30,  0.61it/s, loss=0.0264]
Epoch 65:  35%|###.......| 205/585 [00:05:36<00:10:23,  0.61it/s, loss=0.0267]
Epoch 65:  36%|###.......| 209/585 [00:05:42<00:10:16,  0.61it/s, loss=0.0267]
Epoch 65:  36%|###.......| 213/585 [00:05:48<00:10:08,  0.61it/s, loss=0.0266]
Epoch 65:  37%|###.......| 217/585 [00:05:54<00:10:01,  0.61it/s, loss=0.0265]
Epoch 65:  38%|###.......| 221/585 [00:06:00<00:09:53,  0.61it/s, loss=0.0264]
Epoch 65:  38%|###.......| 225/585 [00:06:06<00:09:46,  0.61it/s, loss=0.0264]
Epoch 65:  39%|###.......| 228/585 [00:06:11<00:09:42,  0.61it/s, loss=0.0264]
Epoch 65:  40%|###.......| 232/585 [00:06:18<00:09:35,  0.61it/s, loss=0.0263]
Epoch 65:  40%|####......| 236/585 [00:06:25<00:09:30,  0.61it/s, loss=0.0263]
Epoch 65:  41%|####......| 239/585 [00:06:30<00:09:25,  0.61it/s, loss=0.0263]
Epoch 65:  41%|####......| 242/585 [00:06:35<00:09:21,  0.61it/s, loss=0.0262]
Epoch 65:  42%|####......| 245/585 [00:06:41<00:09:16,  0.61it/s, loss=0.0262]
Epoch 65:  42%|####......| 248/585 [00:06:46<00:09:12,  0.61it/s, loss=0.0262]
Epoch 65:  43%|####......| 252/585 [00:06:52<00:09:05,  0.61it/s, loss=0.0261]
Epoch 65:  44%|####......| 256/585 [00:06:59<00:08:58,  0.61it/s, loss=0.0261]
Epoch 65:  44%|####......| 259/585 [00:07:04<00:08:53,  0.61it/s, loss=0.0260]
Epoch 65:  45%|####......| 263/585 [00:07:10<00:08:46,  0.61it/s, loss=0.0260]
Epoch 65:  46%|####......| 267/585 [00:07:16<00:08:39,  0.61it/s, loss=0.0260]
Epoch 65:  46%|####......| 270/585 [00:07:21<00:08:35,  0.61it/s, loss=0.0259]
Epoch 65:  47%|####......| 274/585 [00:07:27<00:08:28,  0.61it/s, loss=0.0259]
Epoch 65:  47%|####......| 277/585 [00:07:32<00:08:23,  0.61it/s, loss=0.0264]
Epoch 65:  48%|####......| 281/585 [00:07:38<00:08:15,  0.61it/s, loss=0.0263]
Epoch 65:  49%|####......| 285/585 [00:07:44<00:08:08,  0.61it/s, loss=0.0262]
Epoch 65:  49%|####......| 289/585 [00:07:50<00:08:01,  0.61it/s, loss=0.0262]
Epoch 65:  50%|####......| 292/585 [00:07:55<00:07:57,  0.61it/s, loss=0.0262]
Epoch 65:  51%|#####.....| 296/585 [00:08:01<00:07:50,  0.61it/s, loss=0.0262]
Epoch 65:  51%|#####.....| 299/585 [00:08:06<00:07:45,  0.61it/s, loss=0.0262]
Epoch 65:  52%|#####.....| 303/585 [00:08:12<00:07:38,  0.61it/s, loss=0.0261]
Epoch 65:  52%|#####.....| 307/585 [00:08:18<00:07:31,  0.62it/s, loss=0.0261]
Epoch 65:  53%|#####.....| 311/585 [00:08:25<00:07:25,  0.62it/s, loss=0.0261]
Epoch 65:  54%|#####.....| 315/585 [00:08:31<00:07:18,  0.62it/s, loss=0.0261]
Epoch 65:  55%|#####.....| 319/585 [00:08:37<00:07:11,  0.62it/s, loss=0.0260]
Epoch 65:  55%|#####.....| 322/585 [00:08:42<00:07:06,  0.62it/s, loss=0.0260]
Epoch 65:  56%|#####.....| 325/585 [00:08:47<00:07:02,  0.62it/s, loss=0.0260]
Epoch 65:  56%|#####.....| 329/585 [00:08:54<00:06:55,  0.62it/s, loss=0.0261]
Epoch 65:  57%|#####.....| 333/585 [00:09:00<00:06:49,  0.62it/s, loss=0.0260]
Epoch 65:  58%|#####.....| 337/585 [00:09:07<00:06:42,  0.62it/s, loss=0.0261]
Epoch 65:  58%|#####.....| 340/585 [00:09:12<00:06:38,  0.62it/s, loss=0.0261]
Epoch 65:  59%|#####.....| 344/585 [00:09:18<00:06:31,  0.62it/s, loss=0.0260]
Epoch 65:  59%|#####.....| 347/585 [00:09:23<00:06:26,  0.62it/s, loss=0.0260]
Epoch 65:  60%|#####.....| 350/585 [00:09:29<00:06:22,  0.62it/s, loss=0.0260]
Epoch 65:  61%|######....| 354/585 [00:09:35<00:06:15,  0.62it/s, loss=0.0260]
Epoch 65:  61%|######....| 358/585 [00:09:40<00:06:08,  0.62it/s, loss=0.0259]
Epoch 65:  62%|######....| 361/585 [00:09:46<00:06:03,  0.62it/s, loss=0.0259]
Epoch 65:  62%|######....| 364/585 [00:09:52<00:05:59,  0.61it/s, loss=0.0259]
Epoch 65:  63%|######....| 368/585 [00:09:59<00:05:53,  0.61it/s, loss=0.0259]
Epoch 65:  63%|######....| 371/585 [00:10:05<00:05:49,  0.61it/s, loss=0.0260]
Epoch 65:  64%|######....| 375/585 [00:10:11<00:05:42,  0.61it/s, loss=0.0259]
Epoch 65:  65%|######....| 379/585 [00:10:17<00:05:35,  0.61it/s, loss=0.0260]
Epoch 65:  65%|######....| 383/585 [00:10:23<00:05:28,  0.61it/s, loss=0.0260]
Epoch 65:  66%|######....| 387/585 [00:10:29<00:05:22,  0.61it/s, loss=0.0260]
Epoch 65:  67%|######....| 390/585 [00:10:35<00:05:17,  0.61it/s, loss=0.0260]
Epoch 65:  67%|######....| 394/585 [00:10:42<00:05:11,  0.61it/s, loss=0.0260]
Epoch 65:  68%|######....| 398/585 [00:10:48<00:05:04,  0.61it/s, loss=0.0260]
Epoch 65:  69%|######....| 402/585 [00:10:54<00:04:58,  0.61it/s, loss=0.0260]
Epoch 65:  69%|######....| 406/585 [00:11:00<00:04:51,  0.61it/s, loss=0.0259]
Epoch 65:  70%|######....| 409/585 [00:11:06<00:04:46,  0.61it/s, loss=0.0260]
Epoch 65:  70%|#######...| 412/585 [00:11:11<00:04:42,  0.61it/s, loss=0.0260]
Epoch 65:  71%|#######...| 416/585 [00:11:18<00:04:35,  0.61it/s, loss=0.0260]
Epoch 65:  72%|#######...| 420/585 [00:11:24<00:04:28,  0.61it/s, loss=0.0259]
Epoch 65:  72%|#######...| 424/585 [00:11:30<00:04:22,  0.61it/s, loss=0.0259]
Epoch 65:  73%|#######...| 428/585 [00:11:37<00:04:15,  0.61it/s, loss=0.0259]
Epoch 65:  74%|#######...| 432/585 [00:11:43<00:04:09,  0.61it/s, loss=0.0259]
Epoch 65:  75%|#######...| 436/585 [00:11:49<00:04:02,  0.61it/s, loss=0.0259]
Epoch 65:  75%|#######...| 440/585 [00:11:55<00:03:55,  0.61it/s, loss=0.0258]
Epoch 65:  76%|#######...| 443/585 [00:12:00<00:03:50,  0.61it/s, loss=0.0258]
Epoch 65:  76%|#######...| 447/585 [00:12:06<00:03:44,  0.61it/s, loss=0.0258]
Epoch 65:  77%|#######...| 451/585 [00:12:13<00:03:37,  0.62it/s, loss=0.0258]
Epoch 65:  78%|#######...| 455/585 [00:12:19<00:03:31,  0.62it/s, loss=0.0257]
Epoch 65:  78%|#######...| 459/585 [00:12:25<00:03:24,  0.62it/s, loss=0.0258]
Epoch 65:  79%|#######...| 463/585 [00:12:32<00:03:18,  0.62it/s, loss=0.0258]
Epoch 65:  80%|#######...| 467/585 [00:12:38<00:03:11,  0.62it/s, loss=0.0258]
Epoch 65:  81%|########..| 471/585 [00:12:44<00:03:05,  0.62it/s, loss=0.0257]
Epoch 65:  81%|########..| 474/585 [00:12:50<00:03:00,  0.62it/s, loss=0.0258]
Epoch 65:  82%|########..| 478/585 [00:12:57<00:02:53,  0.62it/s, loss=0.0258]
Epoch 65:  82%|########..| 481/585 [00:13:02<00:02:49,  0.61it/s, loss=0.0258]
Epoch 65:  83%|########..| 484/585 [00:13:08<00:02:44,  0.61it/s, loss=0.0257]
Epoch 65:  83%|########..| 487/585 [00:13:14<00:02:39,  0.61it/s, loss=0.0257]
Epoch 65:  84%|########..| 491/585 [00:13:20<00:02:33,  0.61it/s, loss=0.0257]
Epoch 65:  84%|########..| 494/585 [00:13:27<00:02:28,  0.61it/s, loss=0.0257]
Epoch 65:  85%|########..| 498/585 [00:13:33<00:02:22,  0.61it/s, loss=0.0257]
Epoch 65:  86%|########..| 502/585 [00:13:39<00:02:15,  0.61it/s, loss=0.0257]
Epoch 65:  86%|########..| 505/585 [00:13:44<00:02:10,  0.61it/s, loss=0.0257]
Epoch 65:  87%|########..| 509/585 [00:13:51<00:02:04,  0.61it/s, loss=0.0257]
Epoch 65:  88%|########..| 513/585 [00:13:57<00:01:57,  0.61it/s, loss=0.0257]
Epoch 65:  88%|########..| 516/585 [00:14:03<00:01:52,  0.61it/s, loss=0.0257]
Epoch 65:  89%|########..| 520/585 [00:14:09<00:01:46,  0.61it/s, loss=0.0257]
Epoch 65:  89%|########..| 523/585 [00:14:15<00:01:41,  0.61it/s, loss=0.0257]
Epoch 65:  90%|########..| 526/585 [00:14:20<00:01:36,  0.61it/s, loss=0.0257]
Epoch 65:  90%|#########.| 529/585 [00:14:25<00:01:31,  0.61it/s, loss=0.0257]
Epoch 65:  91%|#########.| 533/585 [00:14:31<00:01:25,  0.61it/s, loss=0.0256]
Epoch 65:  92%|#########.| 536/585 [00:14:36<00:01:20,  0.61it/s, loss=0.0256]
Epoch 65:  92%|#########.| 539/585 [00:14:41<00:01:15,  0.61it/s, loss=0.0256]
Epoch 65:  93%|#########.| 543/585 [00:14:48<00:01:08,  0.61it/s, loss=0.0256]
Epoch 65:  94%|#########.| 547/585 [00:14:54<00:01:02,  0.61it/s, loss=0.0256]
Epoch 65:  94%|#########.| 550/585 [00:15:00<00:00:57,  0.61it/s, loss=0.0256]
Epoch 65:  95%|#########.| 553/585 [00:15:05<00:00:52,  0.61it/s, loss=0.0256]
Epoch 65:  95%|#########.| 556/585 [00:15:10<00:00:47,  0.61it/s, loss=0.0256]
Epoch 65:  96%|#########.| 560/585 [00:15:17<00:00:40,  0.61it/s, loss=0.0256]
Epoch 65:  96%|#########.| 564/585 [00:15:23<00:00:34,  0.61it/s, loss=0.0256]
Epoch 65:  97%|#########.| 568/585 [00:15:29<00:00:27,  0.61it/s, loss=0.0256]
Epoch 65:  98%|#########.| 572/585 [00:15:35<00:00:21,  0.61it/s, loss=0.0256]
Epoch 65:  98%|#########.| 576/585 [00:15:41<00:00:14,  0.61it/s, loss=0.0256]
Epoch 65:  99%|#########.| 580/585 [00:15:48<00:00:08,  0.61it/s, loss=0.0256]
Epoch 65: 100%|#########.| 583/585 [00:15:54<00:00:03,  0.61it/s, loss=0.0256]
Epoch 65: 100%|##########| 585/585 [00:15:57<00:00:00,  0.61it/s, loss=0.0256]
Test loss: 0.0229, Test rmsae: 7.35deg
{"event": "epoch_complete", "epoch": 65, "phase": 2, "lr": 1e-05, "batch_size": 10, "micro_batch_size": 1, "train_loss": 0.025567317274836902, "val_loss": 0.022930466220714152, "val_rmsae_deg": 7.352886691689491, "epoch_time_s": 958.2249418369029}
Epoch 66/80:
Epoch 66:   1%|..........| 3/585 [00:00:05<00:16:17,  0.60it/s, loss=0.0339]
Epoch 66:   1%|..........| 7/585 [00:00:11<00:15:38,  0.62it/s, loss=0.0276]
Epoch 66:   2%|..........| 10/585 [00:00:16<00:16:06,  0.59it/s, loss=0.0258]
Epoch 66:   2%|..........| 13/585 [00:00:22<00:16:16,  0.59it/s, loss=0.0279]
Epoch 66:   3%|..........| 17/585 [00:00:28<00:15:55,  0.59it/s, loss=0.0278]
Epoch 66:   3%|..........| 20/585 [00:00:33<00:15:54,  0.59it/s, loss=0.0273]
Epoch 66:   4%|..........| 24/585 [00:00:39<00:15:34,  0.60it/s, loss=0.0266]
Epoch 66:   5%|..........| 27/585 [00:00:45<00:15:33,  0.60it/s, loss=0.0260]
Epoch 66:   5%|..........| 31/585 [00:00:51<00:15:21,  0.60it/s, loss=0.0256]
Epoch 66:   6%|..........| 34/585 [00:00:58<00:15:40,  0.59it/s, loss=0.0255]
Epoch 66:   6%|..........| 38/585 [00:01:04<00:15:26,  0.59it/s, loss=0.0251]
Epoch 66:   7%|..........| 41/585 [00:01:10<00:15:34,  0.58it/s, loss=0.0251]
Epoch 66:   8%|..........| 45/585 [00:01:16<00:15:19,  0.59it/s, loss=0.0249]
Epoch 66:   8%|..........| 49/585 [00:01:22<00:15:00,  0.60it/s, loss=0.0249]
Epoch 66:   9%|..........| 52/585 [00:01:27<00:14:59,  0.59it/s, loss=0.0251]
Epoch 66:   9%|..........| 55/585 [00:01:33<00:14:58,  0.59it/s, loss=0.0250]
Epoch 66:  10%|#.........| 59/585 [00:01:39<00:14:44,  0.59it/s, loss=0.0250]
Epoch 66:  11%|#.........| 63/585 [00:01:45<00:14:33,  0.60it/s, loss=0.0250]
Epoch 66:  11%|#.........| 67/585 [00:01:51<00:14:22,  0.60it/s, loss=0.0248]
Epoch 66:  12%|#.........| 70/585 [00:01:56<00:14:17,  0.60it/s, loss=0.0248]
Epoch 66:  13%|#.........| 74/585 [00:02:02<00:14:05,  0.60it/s, loss=0.0247]
Epoch 66:  13%|#.........| 77/585 [00:02:07<00:14:02,  0.60it/s, loss=0.0248]
Epoch 66:  14%|#.........| 81/585 [00:02:13<00:13:53,  0.60it/s, loss=0.0248]
Epoch 66:  15%|#.........| 85/585 [00:02:20<00:13:43,  0.61it/s, loss=0.0248]
Epoch 66:  15%|#.........| 89/585 [00:02:26<00:13:34,  0.61it/s, loss=0.0249]
Epoch 66:  16%|#.........| 92/585 [00:02:31<00:13:31,  0.61it/s, loss=0.0249]
Epoch 66:  16%|#.........| 96/585 [00:02:38<00:13:25,  0.61it/s, loss=0.0249]
Epoch 66:  17%|#.........| 99/585 [00:02:43<00:13:21,  0.61it/s, loss=0.0249]
Epoch 66:  17%|#.........| 102/585 [00:02:48<00:13:18,  0.60it/s, loss=0.0249]
Epoch 66:  18%|#.........| 106/585 [00:02:54<00:13:08,  0.61it/s, loss=0.0249]
Epoch 66:  19%|#.........| 110/585 [00:03:00<00:12:57,  0.61it/s, loss=0.0248]
Epoch 66:  19%|#.........| 114/585 [00:03:06<00:12:49,  0.61it/s, loss=0.0247]
Epoch 66:  20%|##........| 118/585 [00:03:12<00:12:40,  0.61it/s, loss=0.0246]
Epoch 66:  21%|##........| 122/585 [00:03:17<00:12:30,  0.62it/s, loss=0.0246]
Epoch 66:  21%|##........| 125/585 [00:03:23<00:12:27,  0.62it/s, loss=0.0248]
Epoch 66:  22%|##........| 129/585 [00:03:29<00:12:19,  0.62it/s, loss=0.0247]
Epoch 66:  23%|##........| 133/585 [00:03:35<00:12:13,  0.62it/s, loss=0.0248]
Epoch 66:  23%|##........| 137/585 [00:03:42<00:12:06,  0.62it/s, loss=0.0249]
Epoch 66:  24%|##........| 141/585 [00:03:48<00:11:58,  0.62it/s, loss=0.0247]
Epoch 66:  25%|##........| 145/585 [00:03:54<00:11:50,  0.62it/s, loss=0.0247]
Epoch 66:  25%|##........| 147/585 [00:03:59<00:11:53,  0.61it/s, loss=0.0249]
Epoch 66:  26%|##........| 151/585 [00:04:06<00:11:47,  0.61it/s, loss=0.0249]
Epoch 66:  26%|##........| 155/585 [00:04:12<00:11:40,  0.61it/s, loss=0.0249]
Epoch 66:  27%|##........| 159/585 [00:04:19<00:11:34,  0.61it/s, loss=0.0249]
Epoch 66:  28%|##........| 163/585 [00:04:25<00:11:26,  0.61it/s, loss=0.0248]
Epoch 66:  29%|##........| 167/585 [00:04:31<00:11:19,  0.61it/s, loss=0.0247]
Epoch 66:  29%|##........| 171/585 [00:04:37<00:11:11,  0.62it/s, loss=0.0247]
Epoch 66:  30%|##........| 175/585 [00:04:43<00:11:04,  0.62it/s, loss=0.0246]
Epoch 66:  31%|###.......| 179/585 [00:04:50<00:10:58,  0.62it/s, loss=0.0246]
Epoch 66:  31%|###.......| 182/585 [00:04:55<00:10:54,  0.62it/s, loss=0.0245]
Epoch 66:  32%|###.......| 186/585 [00:05:01<00:10:46,  0.62it/s, loss=0.0244]
Epoch 66:  32%|###.......| 190/585 [00:05:07<00:10:39,  0.62it/s, loss=0.0245]
Epoch 66:  33%|###.......| 193/585 [00:05:12<00:10:35,  0.62it/s, loss=0.0245]
Epoch 66:  34%|###.......| 197/585 [00:05:18<00:10:28,  0.62it/s, loss=0.0245]
Epoch 66:  34%|###.......| 200/585 [00:05:24<00:10:23,  0.62it/s, loss=0.0246]
Epoch 66:  35%|###.......| 204/585 [00:05:30<00:10:17,  0.62it/s, loss=0.0246]
Epoch 66:  36%|###.......| 208/585 [00:05:37<00:10:11,  0.62it/s, loss=0.0245]
Epoch 66:  36%|###.......| 211/585 [00:05:42<00:10:07,  0.62it/s, loss=0.0246]
Epoch 66:  37%|###.......| 215/585 [00:05:48<00:09:59,  0.62it/s, loss=0.0246]
Epoch 66:  37%|###.......| 219/585 [00:05:54<00:09:52,  0.62it/s, loss=0.0245]
Epoch 66:  38%|###.......| 222/585 [00:05:59<00:09:47,  0.62it/s, loss=0.0247]
Epoch 66:  39%|###.......| 226/585 [00:06:06<00:09:42,  0.62it/s, loss=0.0246]
Epoch 66:  39%|###.......| 230/585 [00:06:12<00:09:34,  0.62it/s, loss=0.0246]
Epoch 66:  40%|###.......| 233/585 [00:06:17<00:09:30,  0.62it/s, loss=0.0247]
Epoch 66:  40%|####......| 236/585 [00:06:22<00:09:26,  0.62it/s, loss=0.0248]
Epoch 66:  41%|####......| 240/585 [00:06:29<00:09:19,  0.62it/s, loss=0.0248]
Epoch 66:  42%|####......| 244/585 [00:06:36<00:09:13,  0.62it/s, loss=0.0247]
Epoch 66:  42%|####......| 248/585 [00:06:42<00:09:06,  0.62it/s, loss=0.0247]
Epoch 66:  43%|####......| 251/585 [00:06:47<00:09:02,  0.62it/s, loss=0.0247]
Epoch 66:  44%|####......| 255/585 [00:06:53<00:08:55,  0.62it/s, loss=0.0248]
Epoch 66:  44%|####......| 259/585 [00:06:59<00:08:48,  0.62it/s, loss=0.0248]
Epoch 66:  45%|####......| 263/585 [00:07:06<00:08:41,  0.62it/s, loss=0.0248]
Epoch 66:  46%|####......| 267/585 [00:07:12<00:08:34,  0.62it/s, loss=0.0248]
Epoch 66:  46%|####......| 271/585 [00:07:18<00:08:28,  0.62it/s, loss=0.0248]
Epoch 66:  47%|####......| 275/585 [00:07:25<00:08:21,  0.62it/s, loss=0.0247]
Epoch 66:  48%|####......| 279/585 [00:07:31<00:08:14,  0.62it/s, loss=0.0247]
Epoch 66:  48%|####......| 283/585 [00:07:37<00:08:07,  0.62it/s, loss=0.0247]
Epoch 66:  49%|####......| 287/585 [00:07:43<00:08:00,  0.62it/s, loss=0.0247]
Epoch 66:  50%|####......| 290/585 [00:07:49<00:07:57,  0.62it/s, loss=0.0246]
Epoch 66:  50%|#####.....| 293/585 [00:07:54<00:07:53,  0.62it/s, loss=0.0247]
Epoch 66:  51%|#####.....| 297/585 [00:08:00<00:07:46,  0.62it/s, loss=0.0246]
Epoch 66:  51%|#####.....| 301/585 [00:08:06<00:07:39,  0.62it/s, loss=0.0246]
Epoch 66:  52%|#####.....| 305/585 [00:08:13<00:07:32,  0.62it/s, loss=0.0246]
Epoch 66:  53%|#####.....| 308/585 [00:08:19<00:07:28,  0.62it/s, loss=0.0247]
Epoch 66:  53%|#####.....| 312/585 [00:08:25<00:07:22,  0.62it/s, loss=0.0248]
Epoch 66:  54%|#####.....| 315/585 [00:08:31<00:07:18,  0.62it/s, loss=0.0248]
Epoch 66:  55%|#####.....| 319/585 [00:08:37<00:07:11,  0.62it/s, loss=0.0248]
Epoch 66:  55%|#####.....| 323/585 [00:08:43<00:07:04,  0.62it/s, loss=0.0248]
Epoch 66:  56%|#####.....| 326/585 [00:08:48<00:07:00,  0.62it/s, loss=0.0248]
Epoch 66:  56%|#####.....| 330/585 [00:08:55<00:06:53,  0.62it/s, loss=0.0247]
Epoch 66:  57%|#####.....| 334/585 [00:09:02<00:06:47,  0.62it/s, loss=0.0247]
Epoch 66:  58%|#####.....| 338/585 [00:09:08<00:06:40,  0.62it/s, loss=0.0248]
Epoch 66:  58%|#####.....| 341/585 [00:09:13<00:06:35,  0.62it/s, loss=0.0248]
Epoch 66:  59%|#####.....| 344/585 [00:09:19<00:06:31,  0.62it/s, loss=0.0248]
Epoch 66:  59%|#####.....| 348/585 [00:09:25<00:06:24,  0.62it/s, loss=0.0248]
Epoch 66:  60%|######....| 352/585 [00:09:31<00:06:18,  0.62it/s, loss=0.0248]
Epoch 66:  61%|######....| 356/585 [00:09:37<00:06:11,  0.62it/s, loss=0.0248]
Epoch 66:  62%|######....| 360/585 [00:09:43<00:06:04,  0.62it/s, loss=0.0248]
Epoch 66:  62%|######....| 364/585 [00:09:49<00:05:58,  0.62it/s, loss=0.0248]
Epoch 66:  63%|######....| 367/585 [00:09:54<00:05:53,  0.62it/s, loss=0.0248]
Epoch 66:  63%|######....| 370/585 [00:10:00<00:05:48,  0.62it/s, loss=0.0249]
Epoch 66:  64%|######....| 374/585 [00:10:07<00:05:42,  0.62it/s, loss=0.0249]
Epoch 66:  65%|######....| 378/585 [00:10:13<00:05:35,  0.62it/s, loss=0.0249]
Epoch 66:  65%|######....| 381/585 [00:10:18<00:05:31,  0.62it/s, loss=0.0249]
Epoch 66:  66%|######....| 385/585 [00:10:24<00:05:24,  0.62it/s, loss=0.0249]
Epoch 66:  66%|######....| 388/585 [00:10:31<00:05:20,  0.61it/s, loss=0.0249]
Epoch 66:  67%|######....| 392/585 [00:10:37<00:05:13,  0.62it/s, loss=0.0249]
Epoch 66:  68%|######....| 395/585 [00:10:42<00:05:08,  0.61it/s, loss=0.0249]
Epoch 66:  68%|######....| 399/585 [00:10:48<00:05:02,  0.62it/s, loss=0.0249]
Epoch 66:  69%|######....| 403/585 [00:10:54<00:04:55,  0.62it/s, loss=0.0249]
Epoch 66:  70%|######....| 407/585 [00:11:00<00:04:48,  0.62it/s, loss=0.0249]
Epoch 66:  70%|#######...| 411/585 [00:11:06<00:04:42,  0.62it/s, loss=0.0249]
Epoch 66:  71%|#######...| 415/585 [00:11:12<00:04:35,  0.62it/s, loss=0.0249]
Epoch 66:  72%|#######...| 419/585 [00:11:18<00:04:28,  0.62it/s, loss=0.0248]
Epoch 66:  72%|#######...| 423/585 [00:11:25<00:04:22,  0.62it/s, loss=0.0249]
Epoch 66:  73%|#######...| 426/585 [00:11:30<00:04:17,  0.62it/s, loss=0.0249]
Epoch 66:  74%|#######...| 430/585 [00:11:36<00:04:10,  0.62it/s, loss=0.0249]
Epoch 66:  74%|#######...| 434/585 [00:11:41<00:04:04,  0.62it/s, loss=0.0248]
Epoch 66:  75%|#######...| 438/585 [00:11:47<00:03:57,  0.62it/s, loss=0.0248]
Epoch 66:  75%|#######...| 441/585 [00:11:53<00:03:52,  0.62it/s, loss=0.0249]
Epoch 66:  76%|#######...| 444/585 [00:11:58<00:03:48,  0.62it/s, loss=0.0249]
Epoch 66:  76%|#######...| 447/585 [00:12:03<00:03:43,  0.62it/s, loss=0.0249]
Epoch 66:  77%|#######...| 451/585 [00:12:10<00:03:37,  0.62it/s, loss=0.0248]
Epoch 66:  78%|#######...| 455/585 [00:12:16<00:03:30,  0.62it/s, loss=0.0248]
Epoch 66:  78%|#######...| 459/585 [00:12:22<00:03:23,  0.62it/s, loss=0.0248]
Epoch 66:  79%|#######...| 463/585 [00:12:28<00:03:17,  0.62it/s, loss=0.0248]
Epoch 66:  80%|#######...| 467/585 [00:12:34<00:03:10,  0.62it/s, loss=0.0248]
Epoch 66:  81%|########..| 471/585 [00:12:41<00:03:04,  0.62it/s, loss=0.0248]
Epoch 66:  81%|########..| 475/585 [00:12:48<00:02:57,  0.62it/s, loss=0.0249]
Epoch 66:  82%|########..| 479/585 [00:12:55<00:02:51,  0.62it/s, loss=0.0249]
Epoch 66:  83%|########..| 483/585 [00:13:01<00:02:45,  0.62it/s, loss=0.0249]
Epoch 66:  83%|########..| 487/585 [00:13:07<00:02:38,  0.62it/s, loss=0.0249]
Epoch 66:  84%|########..| 491/585 [00:13:14<00:02:32,  0.62it/s, loss=0.0248]
Epoch 66:  85%|########..| 495/585 [00:13:21<00:02:25,  0.62it/s, loss=0.0248]
Epoch 66:  85%|########..| 499/585 [00:13:27<00:02:19,  0.62it/s, loss=0.0248]
Epoch 66:  86%|########..| 503/585 [00:13:33<00:02:12,  0.62it/s, loss=0.0248]
Epoch 66:  86%|########..| 506/585 [00:13:38<00:02:07,  0.62it/s, loss=0.0248]
Epoch 66:  87%|########..| 510/585 [00:13:44<00:02:01,  0.62it/s, loss=0.0248]
Epoch 66:  88%|########..| 514/585 [00:13:51<00:01:54,  0.62it/s, loss=0.0248]
Epoch 66:  89%|########..| 518/585 [00:13:58<00:01:48,  0.62it/s, loss=0.0248]
Epoch 66:  89%|########..| 522/585 [00:14:05<00:01:41,  0.62it/s, loss=0.0248]
Epoch 66:  90%|########..| 526/585 [00:14:10<00:01:35,  0.62it/s, loss=0.0248]
Epoch 66:  91%|#########.| 530/585 [00:14:17<00:01:29,  0.62it/s, loss=0.0249]
Epoch 66:  91%|#########.| 534/585 [00:14:23<00:01:22,  0.62it/s, loss=0.0248]
Epoch 66:  92%|#########.| 538/585 [00:14:29<00:01:15,  0.62it/s, loss=0.0249]
Epoch 66:  93%|#########.| 542/585 [00:14:35<00:01:09,  0.62it/s, loss=0.0248]
Epoch 66:  93%|#########.| 546/585 [00:14:42<00:01:03,  0.62it/s, loss=0.0248]
Epoch 66:  94%|#########.| 549/585 [00:14:47<00:00:58,  0.62it/s, loss=0.0249]
Epoch 66:  95%|#########.| 553/585 [00:14:53<00:00:51,  0.62it/s, loss=0.0249]
Epoch 66:  95%|#########.| 556/585 [00:14:58<00:00:46,  0.62it/s, loss=0.0249]
Epoch 66:  96%|#########.| 560/585 [00:15:05<00:00:40,  0.62it/s, loss=0.0250]
Epoch 66:  96%|#########.| 564/585 [00:15:11<00:00:33,  0.62it/s, loss=0.0250]
Epoch 66:  97%|#########.| 568/585 [00:15:17<00:00:27,  0.62it/s, loss=0.0250]
Epoch 66:  98%|#########.| 572/585 [00:15:23<00:00:20,  0.62it/s, loss=0.0250]
Epoch 66:  98%|#########.| 575/585 [00:15:28<00:00:16,  0.62it/s, loss=0.0250]
Epoch 66:  99%|#########.| 579/585 [00:15:35<00:00:09,  0.62it/s, loss=0.0250]
Epoch 66: 100%|#########.| 583/585 [00:15:41<00:00:03,  0.62it/s, loss=0.0250]
Epoch 66: 100%|##########| 585/585 [00:15:44<00:00:00,  0.62it/s, loss=0.0250]
Test loss: 0.0229, Test rmsae: 7.07deg
{"event": "epoch_complete", "epoch": 66, "phase": 2, "lr": 1e-05, "batch_size": 10, "micro_batch_size": 1, "train_loss": 0.024951435206855974, "val_loss": 0.022878911171574146, "val_rmsae_deg": 7.06570602953434, "epoch_time_s": 945.4826658889651}
Epoch 67/80:
Epoch 67:   1%|..........| 3/585 [00:00:05<00:17:03,  0.57it/s, loss=0.0201]
Epoch 67:   1%|..........| 7/585 [00:00:11<00:15:17,  0.63it/s, loss=0.0221]
Epoch 67:   2%|..........| 11/585 [00:00:17<00:15:00,  0.64it/s, loss=0.0213]
Epoch 67:   3%|..........| 15/585 [00:00:23<00:14:41,  0.65it/s, loss=0.0212]
Epoch 67:   3%|..........| 18/585 [00:00:28<00:14:54,  0.63it/s, loss=0.0221]
Epoch 67:   4%|..........| 21/585 [00:00:33<00:15:00,  0.63it/s, loss=0.0224]
Epoch 67:   4%|..........| 24/585 [00:00:38<00:15:08,  0.62it/s, loss=0.0240]
Epoch 67:   5%|..........| 28/585 [00:00:44<00:14:52,  0.62it/s, loss=0.0236]
Epoch 67:   5%|..........| 32/585 [00:00:51<00:14:42,  0.63it/s, loss=0.0235]
Epoch 67:   6%|..........| 36/585 [00:00:57<00:14:30,  0.63it/s, loss=0.0234]
Epoch 67:   7%|..........| 40/585 [00:01:02<00:14:15,  0.64it/s, loss=0.0236]
Epoch 67:   7%|..........| 43/585 [00:01:07<00:14:16,  0.63it/s, loss=0.0239]
Epoch 67:   8%|..........| 47/585 [00:01:13<00:14:06,  0.64it/s, loss=0.0237]
Epoch 67:   9%|..........| 51/585 [00:01:20<00:13:59,  0.64it/s, loss=0.0237]
Epoch 67:   9%|..........| 55/585 [00:01:26<00:13:52,  0.64it/s, loss=0.0235]
Epoch 67:  10%|#.........| 59/585 [00:01:32<00:13:44,  0.64it/s, loss=0.0234]
Epoch 67:  11%|#.........| 63/585 [00:01:38<00:13:37,  0.64it/s, loss=0.0233]
Epoch 67:  11%|#.........| 67/585 [00:01:45<00:13:35,  0.64it/s, loss=0.0236]
Epoch 67:  12%|#.........| 70/585 [00:01:51<00:13:37,  0.63it/s, loss=0.0236]
Epoch 67:  12%|#.........| 73/585 [00:01:57<00:13:41,  0.62it/s, loss=0.0237]
Epoch 67:  13%|#.........| 77/585 [00:02:02<00:13:30,  0.63it/s, loss=0.0237]
Epoch 67:  14%|#.........| 80/585 [00:02:08<00:13:29,  0.62it/s, loss=0.0239]
Epoch 67:  14%|#.........| 84/585 [00:02:14<00:13:25,  0.62it/s, loss=0.0241]
Epoch 67:  15%|#.........| 88/585 [00:02:20<00:13:16,  0.62it/s, loss=0.0239]
Epoch 67:  16%|#.........| 92/585 [00:02:27<00:13:08,  0.63it/s, loss=0.0239]
Epoch 67:  16%|#.........| 96/585 [00:02:33<00:13:01,  0.63it/s, loss=0.0240]
Epoch 67:  17%|#.........| 100/585 [00:02:39<00:12:52,  0.63it/s, loss=0.0239]
Epoch 67:  18%|#.........| 103/585 [00:02:44<00:12:51,  0.62it/s, loss=0.0238]
Epoch 67:  18%|#.........| 107/585 [00:02:50<00:12:42,  0.63it/s, loss=0.0238]
Epoch 67:  19%|#.........| 111/585 [00:02:57<00:12:36,  0.63it/s, loss=0.0238]
Epoch 67:  20%|#.........| 115/585 [00:03:03<00:12:30,  0.63it/s, loss=0.0236]
Epoch 67:  20%|##........| 119/585 [00:03:09<00:12:23,  0.63it/s, loss=0.0236]
Epoch 67:  21%|##........| 122/585 [00:03:15<00:12:21,  0.62it/s, loss=0.0237]
Epoch 67:  22%|##........| 126/585 [00:03:21<00:12:15,  0.62it/s, loss=0.0236]
Epoch 67:  22%|##........| 129/585 [00:03:27<00:12:12,  0.62it/s, loss=0.0237]
Epoch 67:  23%|##........| 133/585 [00:03:33<00:12:05,  0.62it/s, loss=0.0237]
Epoch 67:  23%|##........| 137/585 [00:03:39<00:11:57,  0.62it/s, loss=0.0237]
Epoch 67:  24%|##........| 141/585 [00:03:45<00:11:50,  0.63it/s, loss=0.0237]
Epoch 67:  25%|##........| 144/585 [00:03:50<00:11:46,  0.62it/s, loss=0.0239]
Epoch 67:  25%|##........| 147/585 [00:03:55<00:11:42,  0.62it/s, loss=0.0239]
Epoch 67:  26%|##........| 150/585 [00:04:01<00:11:40,  0.62it/s, loss=0.0239]
Epoch 67:  26%|##........| 154/585 [00:04:07<00:11:31,  0.62it/s, loss=0.0238]
Epoch 67:  27%|##........| 158/585 [00:04:12<00:11:23,  0.62it/s, loss=0.0238]
Epoch 67:  28%|##........| 162/585 [00:04:18<00:11:15,  0.63it/s, loss=0.0238]
Epoch 67:  28%|##........| 165/585 [00:04:24<00:11:12,  0.62it/s, loss=0.0238]
Epoch 67:  29%|##........| 169/585 [00:04:30<00:11:05,  0.63it/s, loss=0.0238]
Epoch 67:  29%|##........| 172/585 [00:04:36<00:11:03,  0.62it/s, loss=0.0237]
Epoch 67:  30%|###.......| 176/585 [00:04:42<00:10:55,  0.62it/s, loss=0.0237]
Epoch 67:  31%|###.......| 180/585 [00:04:48<00:10:48,  0.62it/s, loss=0.0237]
Epoch 67:  31%|###.......| 183/585 [00:04:53<00:10:44,  0.62it/s, loss=0.0238]
Epoch 67:  32%|###.......| 187/585 [00:04:59<00:10:37,  0.62it/s, loss=0.0237]
Epoch 67:  32%|###.......| 190/585 [00:05:04<00:10:34,  0.62it/s, loss=0.0237]
Epoch 67:  33%|###.......| 194/585 [00:05:11<00:10:28,  0.62it/s, loss=0.0237]
Epoch 67:  34%|###.......| 198/585 [00:05:18<00:10:22,  0.62it/s, loss=0.0237]
Epoch 67:  34%|###.......| 201/585 [00:05:23<00:10:17,  0.62it/s, loss=0.0238]
Epoch 67:  35%|###.......| 205/585 [00:05:29<00:10:10,  0.62it/s, loss=0.0237]
Epoch 67:  36%|###.......| 209/585 [00:05:35<00:10:03,  0.62it/s, loss=0.0237]
Epoch 67:  36%|###.......| 213/585 [00:05:42<00:09:57,  0.62it/s, loss=0.0239]
Epoch 67:  37%|###.......| 217/585 [00:05:48<00:09:51,  0.62it/s, loss=0.0239]
Epoch 67:  38%|###.......| 221/585 [00:05:54<00:09:43,  0.62it/s, loss=0.0239]
Epoch 67:  38%|###.......| 225/585 [00:06:02<00:09:39,  0.62it/s, loss=0.0239]
Epoch 67:  39%|###.......| 229/585 [00:06:08<00:09:32,  0.62it/s, loss=0.0239]
Epoch 67:  40%|###.......| 232/585 [00:06:13<00:09:27,  0.62it/s, loss=0.0239]
Epoch 67:  40%|####......| 236/585 [00:06:19<00:09:21,  0.62it/s, loss=0.0239]
Epoch 67:  41%|####......| 240/585 [00:06:25<00:09:14,  0.62it/s, loss=0.0239]
Epoch 67:  42%|####......| 244/585 [00:06:31<00:09:07,  0.62it/s, loss=0.0239]
Epoch 67:  42%|####......| 248/585 [00:06:37<00:09:00,  0.62it/s, loss=0.0239]
Epoch 67:  43%|####......| 252/585 [00:06:44<00:08:54,  0.62it/s, loss=0.0239]
Epoch 67:  44%|####......| 256/585 [00:06:50<00:08:47,  0.62it/s, loss=0.0238]
Epoch 67:  44%|####......| 260/585 [00:06:55<00:08:39,  0.63it/s, loss=0.0239]
Epoch 67:  45%|####......| 263/585 [00:07:00<00:08:35,  0.62it/s, loss=0.0239]
Epoch 67:  46%|####......| 267/585 [00:07:07<00:08:28,  0.63it/s, loss=0.0238]
Epoch 67:  46%|####......| 271/585 [00:07:13<00:08:22,  0.63it/s, loss=0.0238]
Epoch 67:  47%|####......| 275/585 [00:07:19<00:08:15,  0.63it/s, loss=0.0238]
Epoch 67:  48%|####......| 279/585 [00:07:26<00:08:09,  0.62it/s, loss=0.0238]
Epoch 67:  48%|####......| 283/585 [00:07:32<00:08:02,  0.63it/s, loss=0.0237]
Epoch 67:  49%|####......| 287/585 [00:07:38<00:07:56,  0.63it/s, loss=0.0238]
Epoch 67:  50%|####......| 291/585 [00:07:45<00:07:49,  0.63it/s, loss=0.0238]
Epoch 67:  50%|#####.....| 295/585 [00:07:51<00:07:43,  0.63it/s, loss=0.0238]
Epoch 67:  51%|#####.....| 299/585 [00:07:58<00:07:37,  0.63it/s, loss=0.0238]
Epoch 67:  52%|#####.....| 302/585 [00:08:03<00:07:33,  0.62it/s, loss=0.0238]
Epoch 67:  52%|#####.....| 305/585 [00:08:08<00:07:28,  0.62it/s, loss=0.0237]
Epoch 67:  53%|#####.....| 308/585 [00:08:14<00:07:24,  0.62it/s, loss=0.0238]
Epoch 67:  53%|#####.....| 311/585 [00:08:19<00:07:19,  0.62it/s, loss=0.0238]
Epoch 67:  54%|#####.....| 315/585 [00:08:25<00:07:13,  0.62it/s, loss=0.0238]
Epoch 67:  54%|#####.....| 318/585 [00:08:30<00:07:08,  0.62it/s, loss=0.0238]
Epoch 67:  55%|#####.....| 321/585 [00:08:37<00:07:05,  0.62it/s, loss=0.0238]
Epoch 67:  55%|#####.....| 324/585 [00:08:42<00:07:01,  0.62it/s, loss=0.0238]
Epoch 67:  56%|#####.....| 327/585 [00:08:48<00:06:56,  0.62it/s, loss=0.0237]
Epoch 67:  57%|#####.....| 331/585 [00:08:55<00:06:50,  0.62it/s, loss=0.0239]
Epoch 67:  57%|#####.....| 334/585 [00:09:01<00:06:46,  0.62it/s, loss=0.0239]
Epoch 67:  58%|#####.....| 338/585 [00:09:07<00:06:40,  0.62it/s, loss=0.0240]
Epoch 67:  58%|#####.....| 342/585 [00:09:13<00:06:33,  0.62it/s, loss=0.0239]
Epoch 67:  59%|#####.....| 346/585 [00:09:20<00:06:26,  0.62it/s, loss=0.0239]
Epoch 67:  60%|#####.....| 350/585 [00:09:26<00:06:20,  0.62it/s, loss=0.0239]
Epoch 67:  61%|######....| 354/585 [00:09:32<00:06:13,  0.62it/s, loss=0.0239]
Epoch 67:  61%|######....| 357/585 [00:09:37<00:06:09,  0.62it/s, loss=0.0239]
Epoch 67:  62%|######....| 360/585 [00:09:43<00:06:04,  0.62it/s, loss=0.0240]
Epoch 67:  62%|######....| 364/585 [00:09:49<00:05:57,  0.62it/s, loss=0.0239]
Epoch 67:  63%|######....| 367/585 [00:09:54<00:05:53,  0.62it/s, loss=0.0240]
Epoch 67:  63%|######....| 370/585 [00:09:59<00:05:48,  0.62it/s, loss=0.0239]
Epoch 67:  64%|######....| 374/585 [00:10:05<00:05:41,  0.62it/s, loss=0.0240]
Epoch 67:  65%|######....| 378/585 [00:10:12<00:05:35,  0.62it/s, loss=0.0240]
Epoch 67:  65%|######....| 381/585 [00:10:18<00:05:31,  0.62it/s, loss=0.0240]
Epoch 67:  66%|######....| 385/585 [00:10:24<00:05:24,  0.62it/s, loss=0.0241]
Epoch 67:  66%|######....| 389/585 [00:10:30<00:05:17,  0.62it/s, loss=0.0241]
Epoch 67:  67%|######....| 393/585 [00:10:37<00:05:11,  0.62it/s, loss=0.0241]
Epoch 67:  68%|######....| 397/585 [00:10:43<00:05:04,  0.62it/s, loss=0.0241]
Epoch 67:  69%|######....| 401/585 [00:10:49<00:04:58,  0.62it/s, loss=0.0241]
Epoch 67:  69%|######....| 404/585 [00:10:54<00:04:53,  0.62it/s, loss=0.0241]
Epoch 67:  70%|######....| 408/585 [00:11:00<00:04:46,  0.62it/s, loss=0.0241]
Epoch 67:  70%|#######...| 412/585 [00:11:07<00:04:40,  0.62it/s, loss=0.0241]
Epoch 67:  71%|#######...| 415/585 [00:11:12<00:04:35,  0.62it/s, loss=0.0241]
Epoch 67:  72%|#######...| 419/585 [00:11:19<00:04:29,  0.62it/s, loss=0.0241]
Epoch 67:  72%|#######...| 422/585 [00:11:24<00:04:24,  0.62it/s, loss=0.0241]
Epoch 67:  73%|#######...| 426/585 [00:11:30<00:04:17,  0.62it/s, loss=0.0242]
Epoch 67:  74%|#######...| 430/585 [00:11:36<00:04:10,  0.62it/s, loss=0.0242]
Epoch 67:  74%|#######...| 434/585 [00:11:42<00:04:04,  0.62it/s, loss=0.0242]
Epoch 67:  75%|#######...| 438/585 [00:11:48<00:03:57,  0.62it/s, loss=0.0242]
Epoch 67:  75%|#######...| 441/585 [00:11:54<00:03:53,  0.62it/s, loss=0.0243]
Epoch 67:  76%|#######...| 444/585 [00:11:59<00:03:48,  0.62it/s, loss=0.0243]
Epoch 67:  76%|#######...| 447/585 [00:12:04<00:03:43,  0.62it/s, loss=0.0243]
Epoch 67:  77%|#######...| 451/585 [00:12:10<00:03:37,  0.62it/s, loss=0.0243]
Epoch 67:  78%|#######...| 455/585 [00:12:16<00:03:30,  0.62it/s, loss=0.0243]
Epoch 67:  78%|#######...| 459/585 [00:12:22<00:03:23,  0.62it/s, loss=0.0243]
Epoch 67:  79%|#######...| 462/585 [00:12:28<00:03:19,  0.62it/s, loss=0.0243]
Epoch 67:  79%|#######...| 465/585 [00:12:33<00:03:14,  0.62it/s, loss=0.0243]
Epoch 67:  80%|########..| 469/585 [00:12:40<00:03:08,  0.62it/s, loss=0.0244]
Epoch 67:  81%|########..| 473/585 [00:12:46<00:03:01,  0.62it/s, loss=0.0244]
Epoch 67:  82%|########..| 477/585 [00:12:52<00:02:54,  0.62it/s, loss=0.0244]
Epoch 67:  82%|########..| 481/585 [00:12:58<00:02:48,  0.62it/s, loss=0.0244]
Epoch 67:  83%|########..| 485/585 [00:13:04<00:02:41,  0.62it/s, loss=0.0245]
Epoch 67:  83%|########..| 488/585 [00:13:09<00:02:37,  0.62it/s, loss=0.0245]
Epoch 67:  84%|########..| 491/585 [00:13:15<00:02:32,  0.62it/s, loss=0.0245]
Epoch 67:  85%|########..| 495/585 [00:13:21<00:02:25,  0.62it/s, loss=0.0245]
Epoch 67:  85%|########..| 498/585 [00:13:26<00:02:20,  0.62it/s, loss=0.0245]
Epoch 67:  86%|########..| 501/585 [00:13:31<00:02:16,  0.62it/s, loss=0.0245]
Epoch 67:  86%|########..| 504/585 [00:13:36<00:02:11,  0.62it/s, loss=0.0245]
Epoch 67:  87%|########..| 508/585 [00:13:42<00:02:04,  0.62it/s, loss=0.0245]
Epoch 67:  87%|########..| 511/585 [00:13:48<00:01:59,  0.62it/s, loss=0.0245]
Epoch 67:  88%|########..| 515/585 [00:13:54<00:01:53,  0.62it/s, loss=0.0246]
Epoch 67:  89%|########..| 519/585 [00:14:00<00:01:46,  0.62it/s, loss=0.0245]
Epoch 67:  89%|########..| 523/585 [00:14:06<00:01:40,  0.62it/s, loss=0.0246]
Epoch 67:  90%|########..| 526/585 [00:14:11<00:01:35,  0.62it/s, loss=0.0246]
Epoch 67:  91%|#########.| 530/585 [00:14:17<00:01:28,  0.62it/s, loss=0.0246]
Epoch 67:  91%|#########.| 534/585 [00:14:23<00:01:22,  0.62it/s, loss=0.0246]
Epoch 67:  92%|#########.| 538/585 [00:14:29<00:01:15,  0.62it/s, loss=0.0246]
Epoch 67:  93%|#########.| 542/585 [00:14:35<00:01:09,  0.62it/s, loss=0.0246]
Epoch 67:  93%|#########.| 546/585 [00:14:42<00:01:03,  0.62it/s, loss=0.0246]
Epoch 67:  94%|#########.| 550/585 [00:14:49<00:00:56,  0.62it/s, loss=0.0246]
Epoch 67:  95%|#########.| 553/585 [00:14:54<00:00:51,  0.62it/s, loss=0.0246]
Epoch 67:  95%|#########.| 556/585 [00:14:59<00:00:46,  0.62it/s, loss=0.0245]
Epoch 67:  96%|#########.| 560/585 [00:15:05<00:00:40,  0.62it/s, loss=0.0245]
Epoch 67:  96%|#########.| 564/585 [00:15:11<00:00:33,  0.62it/s, loss=0.0245]
Epoch 67:  97%|#########.| 567/585 [00:15:17<00:00:29,  0.62it/s, loss=0.0245]
Epoch 67:  98%|#########.| 571/585 [00:15:23<00:00:22,  0.62it/s, loss=0.0245]
Epoch 67:  98%|#########.| 574/585 [00:15:28<00:00:17,  0.62it/s, loss=0.0245]
Epoch 67:  99%|#########.| 577/585 [00:15:34<00:00:12,  0.62it/s, loss=0.0245]
Epoch 67:  99%|#########.| 581/585 [00:15:40<00:00:06,  0.62it/s, loss=0.0245]
Epoch 67: 100%|#########.| 584/585 [00:15:45<00:00:01,  0.62it/s, loss=0.0245]
Epoch 67: 100%|##########| 585/585 [00:15:47<00:00:00,  0.62it/s, loss=0.0245]
Test loss: 0.0229, Test rmsae: 7.21deg
{"event": "epoch_complete", "epoch": 67, "phase": 2, "lr": 1e-05, "batch_size": 10, "micro_batch_size": 1, "train_loss": 0.024525288411248954, "val_loss": 0.02285804320126772, "val_rmsae_deg": 7.211867451667786, "epoch_time_s": 948.9315851778956}
Epoch 68/80:
Epoch 68:   1%|..........| 4/585 [00:00:05<00:14:09,  0.68it/s, loss=0.0221]
Epoch 68:   1%|..........| 7/585 [00:00:10<00:15:02,  0.64it/s, loss=0.0238]
Epoch 68:   2%|..........| 11/585 [00:00:17<00:15:31,  0.62it/s, loss=0.0256]
Epoch 68:   3%|..........| 15/585 [00:00:24<00:15:12,  0.62it/s, loss=0.0264]
Epoch 68:   3%|..........| 19/585 [00:00:29<00:14:47,  0.64it/s, loss=0.0256]
Epoch 68:   4%|..........| 23/585 [00:00:35<00:14:30,  0.65it/s, loss=0.0251]
Epoch 68:   5%|..........| 27/585 [00:00:41<00:14:22,  0.65it/s, loss=0.0250]
Epoch 68:   5%|..........| 31/585 [00:00:47<00:14:10,  0.65it/s, loss=0.0247]
Epoch 68:   6%|..........| 34/585 [00:00:53<00:14:31,  0.63it/s, loss=0.0249]
Epoch 68:   6%|..........| 38/585 [00:01:00<00:14:26,  0.63it/s, loss=0.0249]
Epoch 68:   7%|..........| 42/585 [00:01:05<00:14:12,  0.64it/s, loss=0.0245]
Epoch 68:   8%|..........| 45/585 [00:01:11<00:14:19,  0.63it/s, loss=0.0250]
Epoch 68:   8%|..........| 48/585 [00:01:16<00:14:18,  0.63it/s, loss=0.0257]
Epoch 68:   9%|..........| 52/585 [00:01:23<00:14:15,  0.62it/s, loss=0.0260]
Epoch 68:  10%|..........| 56/585 [00:01:29<00:14:08,  0.62it/s, loss=0.0258]
Epoch 68:  10%|#.........| 60/585 [00:01:35<00:13:59,  0.63it/s, loss=0.0256]
Epoch 68:  11%|#.........| 63/585 [00:01:42<00:14:05,  0.62it/s, loss=0.0253]
Epoch 68:  11%|#.........| 67/585 [00:01:48<00:13:59,  0.62it/s, loss=0.0257]
Epoch 68:  12%|#.........| 71/585 [00:01:54<00:13:48,  0.62it/s, loss=0.0255]
Epoch 68:  13%|#.........| 75/585 [00:02:00<00:13:38,  0.62it/s, loss=0.0254]
Epoch 68:  13%|#.........| 78/585 [00:02:05<00:13:36,  0.62it/s, loss=0.0254]
Epoch 68:  14%|#.........| 82/585 [00:02:11<00:13:27,  0.62it/s, loss=0.0253]
Epoch 68:  15%|#.........| 85/585 [00:02:16<00:13:24,  0.62it/s, loss=0.0253]
Epoch 68:  15%|#.........| 89/585 [00:02:22<00:13:15,  0.62it/s, loss=0.0252]
Epoch 68:  16%|#.........| 93/585 [00:02:28<00:13:05,  0.63it/s, loss=0.0251]
Epoch 68:  16%|#.........| 96/585 [00:02:33<00:13:01,  0.63it/s, loss=0.0251]
Epoch 68:  17%|#.........| 100/585 [00:02:39<00:12:54,  0.63it/s, loss=0.0250]
Epoch 68:  18%|#.........| 104/585 [00:02:45<00:12:47,  0.63it/s, loss=0.0252]
Epoch 68:  18%|#.........| 108/585 [00:02:53<00:12:44,  0.62it/s, loss=0.0254]
Epoch 68:  19%|#.........| 112/585 [00:02:59<00:12:36,  0.63it/s, loss=0.0255]
Epoch 68:  20%|#.........| 115/585 [00:03:04<00:12:32,  0.62it/s, loss=0.0254]
Epoch 68:  20%|##........| 119/585 [00:03:10<00:12:26,  0.62it/s, loss=0.0256]
Epoch 68:  21%|##........| 123/585 [00:03:16<00:12:18,  0.63it/s, loss=0.0256]
Epoch 68:  22%|##........| 127/585 [00:03:22<00:12:11,  0.63it/s, loss=0.0255]
Epoch 68:  22%|##........| 130/585 [00:03:28<00:12:08,  0.62it/s, loss=0.0255]
Epoch 68:  23%|##........| 134/585 [00:03:33<00:12:00,  0.63it/s, loss=0.0255]
Epoch 68:  24%|##........| 138/585 [00:03:40<00:11:53,  0.63it/s, loss=0.0254]
Epoch 68:  24%|##........| 141/585 [00:03:45<00:11:51,  0.62it/s, loss=0.0257]
Epoch 68:  25%|##........| 145/585 [00:03:52<00:11:44,  0.62it/s, loss=0.0257]
Epoch 68:  25%|##........| 149/585 [00:03:58<00:11:37,  0.63it/s, loss=0.0257]
Epoch 68:  26%|##........| 152/585 [00:04:04<00:11:35,  0.62it/s, loss=0.0256]
Epoch 68:  27%|##........| 156/585 [00:04:10<00:11:29,  0.62it/s, loss=0.0256]
Epoch 68:  27%|##........| 159/585 [00:04:15<00:11:25,  0.62it/s, loss=0.0256]
Epoch 68:  28%|##........| 163/585 [00:04:21<00:11:17,  0.62it/s, loss=0.0256]
Epoch 68:  29%|##........| 167/585 [00:04:27<00:11:09,  0.62it/s, loss=0.0255]
Epoch 68:  29%|##........| 170/585 [00:04:32<00:11:05,  0.62it/s, loss=0.0256]
Epoch 68:  30%|##........| 174/585 [00:04:38<00:10:58,  0.62it/s, loss=0.0257]
Epoch 68:  30%|###.......| 177/585 [00:04:44<00:10:55,  0.62it/s, loss=0.0258]
Epoch 68:  31%|###.......| 181/585 [00:04:50<00:10:48,  0.62it/s, loss=0.0258]
Epoch 68:  31%|###.......| 184/585 [00:04:55<00:10:43,  0.62it/s, loss=0.0259]
Epoch 68:  32%|###.......| 187/585 [00:05:01<00:10:41,  0.62it/s, loss=0.0258]
Epoch 68:  33%|###.......| 191/585 [00:05:07<00:10:34,  0.62it/s, loss=0.0260]
Epoch 68:  33%|###.......| 193/585 [00:05:12<00:10:34,  0.62it/s, loss=0.0260]
Epoch 68:  34%|###.......| 197/585 [00:05:18<00:10:28,  0.62it/s, loss=0.0260]
Epoch 68:  34%|###.......| 201/585 [00:05:25<00:10:21,  0.62it/s, loss=0.0259]
Epoch 68:  35%|###.......| 204/585 [00:05:32<00:10:20,  0.61it/s, loss=0.0259]
Epoch 68:  35%|###.......| 207/585 [00:05:37<00:10:16,  0.61it/s, loss=0.0258]
Epoch 68:  36%|###.......| 211/585 [00:05:43<00:10:09,  0.61it/s, loss=0.0258]
Epoch 68:  37%|###.......| 215/585 [00:05:50<00:10:03,  0.61it/s, loss=0.0258]
Epoch 68:  37%|###.......| 219/585 [00:05:57<00:09:57,  0.61it/s, loss=0.0258]
Epoch 68:  38%|###.......| 223/585 [00:06:03<00:09:50,  0.61it/s, loss=0.0257]
Epoch 68:  39%|###.......| 227/585 [00:06:10<00:09:44,  0.61it/s, loss=0.0257]
Epoch 68:  39%|###.......| 230/585 [00:06:15<00:09:40,  0.61it/s, loss=0.0256]
Epoch 68:  40%|####......| 234/585 [00:06:22<00:09:33,  0.61it/s, loss=0.0256]
Epoch 68:  41%|####......| 237/585 [00:06:27<00:09:28,  0.61it/s, loss=0.0256]
Epoch 68:  41%|####......| 240/585 [00:06:32<00:09:24,  0.61it/s, loss=0.0256]
Epoch 68:  42%|####......| 244/585 [00:06:38<00:09:17,  0.61it/s, loss=0.0256]
Epoch 68:  42%|####......| 248/585 [00:06:45<00:09:10,  0.61it/s, loss=0.0255]
Epoch 68:  43%|####......| 251/585 [00:06:50<00:09:06,  0.61it/s, loss=0.0255]
Epoch 68:  44%|####......| 255/585 [00:06:57<00:08:59,  0.61it/s, loss=0.0254]
Epoch 68:  44%|####......| 259/585 [00:07:02<00:08:52,  0.61it/s, loss=0.0255]
Epoch 68:  45%|####......| 263/585 [00:07:08<00:08:44,  0.61it/s, loss=0.0255]
Epoch 68:  45%|####......| 266/585 [00:07:13<00:08:40,  0.61it/s, loss=0.0254]
Epoch 68:  46%|####......| 270/585 [00:07:19<00:08:32,  0.61it/s, loss=0.0254]
Epoch 68:  47%|####......| 274/585 [00:07:25<00:08:25,  0.62it/s, loss=0.0254]
Epoch 68:  48%|####......| 278/585 [00:07:31<00:08:18,  0.62it/s, loss=0.0254]
Epoch 68:  48%|####......| 282/585 [00:07:37<00:08:12,  0.62it/s, loss=0.0253]
Epoch 68:  49%|####......| 286/585 [00:07:44<00:08:05,  0.62it/s, loss=0.0253]
Epoch 68:  50%|####......| 290/585 [00:07:50<00:07:58,  0.62it/s, loss=0.0252]
Epoch 68:  50%|#####.....| 294/585 [00:07:56<00:07:51,  0.62it/s, loss=0.0252]
Epoch 68:  51%|#####.....| 297/585 [00:08:01<00:07:46,  0.62it/s, loss=0.0252]
Epoch 68:  51%|#####.....| 300/585 [00:08:06<00:07:42,  0.62it/s, loss=0.0253]
Epoch 68:  52%|#####.....| 303/585 [00:08:11<00:07:37,  0.62it/s, loss=0.0253]
Epoch 68:  52%|#####.....| 307/585 [00:08:17<00:07:30,  0.62it/s, loss=0.0252]
Epoch 68:  53%|#####.....| 311/585 [00:08:24<00:07:24,  0.62it/s, loss=0.0251]
Epoch 68:  54%|#####.....| 315/585 [00:08:30<00:07:17,  0.62it/s, loss=0.0251]
Epoch 68:  55%|#####.....| 319/585 [00:08:36<00:07:10,  0.62it/s, loss=0.0251]
Epoch 68:  55%|#####.....| 323/585 [00:08:42<00:07:03,  0.62it/s, loss=0.0250]
Epoch 68:  56%|#####.....| 327/585 [00:08:48<00:06:56,  0.62it/s, loss=0.0250]
Epoch 68:  56%|#####.....| 330/585 [00:08:53<00:06:52,  0.62it/s, loss=0.0251]
Epoch 68:  57%|#####.....| 334/585 [00:08:59<00:06:45,  0.62it/s, loss=0.0250]
Epoch 68:  58%|#####.....| 338/585 [00:09:05<00:06:38,  0.62it/s, loss=0.0250]
Epoch 68:  58%|#####.....| 342/585 [00:09:12<00:06:32,  0.62it/s, loss=0.0251]
Epoch 68:  59%|#####.....| 346/585 [00:09:18<00:06:25,  0.62it/s, loss=0.0251]
Epoch 68:  60%|#####.....| 349/585 [00:09:24<00:06:21,  0.62it/s, loss=0.0251]
Epoch 68:  60%|######....| 353/585 [00:09:30<00:06:15,  0.62it/s, loss=0.0250]
Epoch 68:  61%|######....| 355/585 [00:09:36<00:06:13,  0.62it/s, loss=0.0252]
Epoch 68:  61%|######....| 359/585 [00:09:42<00:06:06,  0.62it/s, loss=0.0253]
Epoch 68:  62%|######....| 363/585 [00:09:48<00:06:00,  0.62it/s, loss=0.0253]
Epoch 68:  63%|######....| 367/585 [00:09:55<00:05:53,  0.62it/s, loss=0.0252]
Epoch 68:  63%|######....| 371/585 [00:10:01<00:05:46,  0.62it/s, loss=0.0253]
Epoch 68:  64%|######....| 375/585 [00:10:07<00:05:40,  0.62it/s, loss=0.0252]
Epoch 68:  65%|######....| 378/585 [00:10:12<00:05:35,  0.62it/s, loss=0.0252]
Epoch 68:  65%|######....| 382/585 [00:10:19<00:05:28,  0.62it/s, loss=0.0252]
Epoch 68:  66%|######....| 386/585 [00:10:25<00:05:22,  0.62it/s, loss=0.0252]
Epoch 68:  67%|######....| 390/585 [00:10:31<00:05:15,  0.62it/s, loss=0.0252]
Epoch 68:  67%|######....| 394/585 [00:10:37<00:05:09,  0.62it/s, loss=0.0251]
Epoch 68:  68%|######....| 398/585 [00:10:43<00:05:02,  0.62it/s, loss=0.0251]
Epoch 68:  69%|######....| 401/585 [00:10:48<00:04:57,  0.62it/s, loss=0.0251]
Epoch 68:  69%|######....| 405/585 [00:10:55<00:04:51,  0.62it/s, loss=0.0251]
Epoch 68:  70%|######....| 408/585 [00:11:00<00:04:46,  0.62it/s, loss=0.0252]
Epoch 68:  70%|#######...| 412/585 [00:11:07<00:04:40,  0.62it/s, loss=0.0252]
Epoch 68:  71%|#######...| 416/585 [00:11:13<00:04:33,  0.62it/s, loss=0.0251]
Epoch 68:  72%|#######...| 419/585 [00:11:18<00:04:28,  0.62it/s, loss=0.0251]
Epoch 68:  72%|#######...| 423/585 [00:11:24<00:04:22,  0.62it/s, loss=0.0251]
Epoch 68:  73%|#######...| 427/585 [00:11:30<00:04:15,  0.62it/s, loss=0.0250]
Epoch 68:  74%|#######...| 430/585 [00:11:35<00:04:10,  0.62it/s, loss=0.0250]
Epoch 68:  74%|#######...| 434/585 [00:11:41<00:04:04,  0.62it/s, loss=0.0250]
Epoch 68:  75%|#######...| 438/585 [00:11:47<00:03:57,  0.62it/s, loss=0.0250]
Epoch 68:  75%|#######...| 441/585 [00:11:52<00:03:52,  0.62it/s, loss=0.0250]
Epoch 68:  76%|#######...| 445/585 [00:11:58<00:03:46,  0.62it/s, loss=0.0250]
Epoch 68:  77%|#######...| 449/585 [00:12:04<00:03:39,  0.62it/s, loss=0.0250]
Epoch 68:  77%|#######...| 453/585 [00:12:11<00:03:33,  0.62it/s, loss=0.0250]
Epoch 68:  78%|#######...| 456/585 [00:12:17<00:03:28,  0.62it/s, loss=0.0251]
Epoch 68:  79%|#######...| 460/585 [00:12:23<00:03:22,  0.62it/s, loss=0.0251]
Epoch 68:  79%|#######...| 463/585 [00:12:28<00:03:17,  0.62it/s, loss=0.0251]
Epoch 68:  80%|#######...| 467/585 [00:12:34<00:03:10,  0.62it/s, loss=0.0250]
Epoch 68:  80%|########..| 470/585 [00:12:40<00:03:06,  0.62it/s, loss=0.0251]
Epoch 68:  81%|########..| 473/585 [00:12:45<00:03:01,  0.62it/s, loss=0.0250]
Epoch 68:  82%|########..| 477/585 [00:12:51<00:02:54,  0.62it/s, loss=0.0251]
Epoch 68:  82%|########..| 481/585 [00:12:57<00:02:48,  0.62it/s, loss=0.0250]
Epoch 68:  83%|########..| 485/585 [00:13:03<00:02:41,  0.62it/s, loss=0.0250]
Epoch 68:  83%|########..| 488/585 [00:13:08<00:02:36,  0.62it/s, loss=0.0250]
Epoch 68:  84%|########..| 491/585 [00:13:14<00:02:32,  0.62it/s, loss=0.0250]
Epoch 68:  85%|########..| 495/585 [00:13:20<00:02:25,  0.62it/s, loss=0.0250]
Epoch 68:  85%|########..| 499/585 [00:13:26<00:02:19,  0.62it/s, loss=0.0251]
Epoch 68:  86%|########..| 503/585 [00:13:33<00:02:12,  0.62it/s, loss=0.0251]
Epoch 68:  87%|########..| 507/585 [00:13:40<00:02:06,  0.62it/s, loss=0.0251]
Epoch 68:  87%|########..| 511/585 [00:13:46<00:01:59,  0.62it/s, loss=0.0251]
Epoch 68:  88%|########..| 515/585 [00:13:52<00:01:53,  0.62it/s, loss=0.0250]
Epoch 68:  89%|########..| 518/585 [00:13:57<00:01:48,  0.62it/s, loss=0.0252]
Epoch 68:  89%|########..| 522/585 [00:14:03<00:01:41,  0.62it/s, loss=0.0252]
Epoch 68:  90%|########..| 525/585 [00:14:08<00:01:37,  0.62it/s, loss=0.0252]
Epoch 68:  90%|#########.| 529/585 [00:14:14<00:01:30,  0.62it/s, loss=0.0251]
Epoch 68:  91%|#########.| 533/585 [00:14:20<00:01:23,  0.62it/s, loss=0.0251]
Epoch 68:  92%|#########.| 536/585 [00:14:25<00:01:19,  0.62it/s, loss=0.0252]
Epoch 68:  92%|#########.| 540/585 [00:14:31<00:01:12,  0.62it/s, loss=0.0252]
Epoch 68:  93%|#########.| 544/585 [00:14:38<00:01:06,  0.62it/s, loss=0.0251]
Epoch 68:  94%|#########.| 547/585 [00:14:43<00:01:01,  0.62it/s, loss=0.0251]
Epoch 68:  94%|#########.| 551/585 [00:14:50<00:00:54,  0.62it/s, loss=0.0251]
Epoch 68:  95%|#########.| 555/585 [00:14:55<00:00:48,  0.62it/s, loss=0.0251]
Epoch 68:  96%|#########.| 559/585 [00:15:01<00:00:41,  0.62it/s, loss=0.0251]
Epoch 68:  96%|#########.| 562/585 [00:15:08<00:00:37,  0.62it/s, loss=0.0251]
Epoch 68:  97%|#########.| 565/585 [00:15:13<00:00:32,  0.62it/s, loss=0.0251]
Epoch 68:  97%|#########.| 569/585 [00:15:18<00:00:25,  0.62it/s, loss=0.0251]
Epoch 68:  98%|#########.| 572/585 [00:15:24<00:00:21,  0.62it/s, loss=0.0251]
Epoch 68:  98%|#########.| 576/585 [00:15:30<00:00:14,  0.62it/s, loss=0.0251]
Epoch 68:  99%|#########.| 580/585 [00:15:36<00:00:08,  0.62it/s, loss=0.0250]
Epoch 68: 100%|#########.| 584/585 [00:15:42<00:00:01,  0.62it/s, loss=0.0250]
Epoch 68: 100%|##########| 585/585 [00:15:44<00:00:00,  0.62it/s, loss=0.0250]
Test loss: 0.0229, Test rmsae: 7.30deg
{"event": "epoch_complete", "epoch": 68, "phase": 2, "lr": 1e-05, "batch_size": 10, "micro_batch_size": 1, "train_loss": 0.025020088292021528, "val_loss": 0.022903382894583046, "val_rmsae_deg": 7.296070575714111, "epoch_time_s": 945.3068914730102}
Epoch 69/80:
Epoch 69:   1%|..........| 4/585 [00:00:06<00:15:05,  0.64it/s, loss=0.0224]
Epoch 69:   1%|..........| 8/585 [00:00:13<00:16:29,  0.58it/s, loss=0.0236]
Epoch 69:   2%|..........| 12/585 [00:00:21<00:16:48,  0.57it/s, loss=0.0233]
Epoch 69:   3%|..........| 16/585 [00:00:27<00:16:01,  0.59it/s, loss=0.0238]
Epoch 69:   3%|..........| 20/585 [00:00:33<00:15:50,  0.59it/s, loss=0.0230]
Epoch 69:   4%|..........| 24/585 [00:00:40<00:15:35,  0.60it/s, loss=0.0238]
Epoch 69:   5%|..........| 27/585 [00:00:46<00:16:08,  0.58it/s, loss=0.0250]
Epoch 69:   5%|..........| 30/585 [00:00:52<00:16:07,  0.57it/s, loss=0.0247]
Epoch 69:   6%|..........| 34/585 [00:00:59<00:16:04,  0.57it/s, loss=0.0280]
Epoch 69:   6%|..........| 38/585 [00:01:06<00:15:57,  0.57it/s, loss=0.0275]
Epoch 69:   7%|..........| 42/585 [00:01:12<00:15:41,  0.58it/s, loss=0.0271]
Epoch 69:   8%|..........| 45/585 [00:01:18<00:15:41,  0.57it/s, loss=0.0270]
Epoch 69:   8%|..........| 49/585 [00:01:24<00:15:21,  0.58it/s, loss=0.0265]
Epoch 69:   9%|..........| 53/585 [00:01:30<00:15:06,  0.59it/s, loss=0.0262]
Epoch 69:  10%|..........| 57/585 [00:01:36<00:14:52,  0.59it/s, loss=0.0261]
Epoch 69:  10%|#.........| 61/585 [00:01:42<00:14:42,  0.59it/s, loss=0.0256]
Epoch 69:  11%|#.........| 65/585 [00:01:49<00:14:33,  0.60it/s, loss=0.0256]
Epoch 69:  12%|#.........| 69/585 [00:01:54<00:14:19,  0.60it/s, loss=0.0255]
Epoch 69:  12%|#.........| 72/585 [00:02:00<00:14:15,  0.60it/s, loss=0.0255]
Epoch 69:  13%|#.........| 75/585 [00:02:06<00:14:18,  0.59it/s, loss=0.0256]
Epoch 69:  14%|#.........| 79/585 [00:02:12<00:14:07,  0.60it/s, loss=0.0256]
Epoch 69:  14%|#.........| 82/585 [00:02:18<00:14:09,  0.59it/s, loss=0.0256]
Epoch 69:  15%|#.........| 85/585 [00:02:23<00:14:05,  0.59it/s, loss=0.0258]
Epoch 69:  15%|#.........| 89/585 [00:02:29<00:13:55,  0.59it/s, loss=0.0258]
Epoch 69:  16%|#.........| 92/585 [00:02:34<00:13:50,  0.59it/s, loss=0.0257]
Epoch 69:  16%|#.........| 96/585 [00:02:40<00:13:38,  0.60it/s, loss=0.0258]
Epoch 69:  17%|#.........| 99/585 [00:02:46<00:13:35,  0.60it/s, loss=0.0261]
Epoch 69:  18%|#.........| 103/585 [00:02:52<00:13:25,  0.60it/s, loss=0.0260]
Epoch 69:  18%|#.........| 106/585 [00:02:57<00:13:23,  0.60it/s, loss=0.0261]
Epoch 69:  19%|#.........| 109/585 [00:03:02<00:13:18,  0.60it/s, loss=0.0260]
Epoch 69:  19%|#.........| 113/585 [00:03:08<00:13:09,  0.60it/s, loss=0.0260]
Epoch 69:  20%|##........| 117/585 [00:03:14<00:12:59,  0.60it/s, loss=0.0258]
Epoch 69:  21%|##........| 120/585 [00:03:20<00:12:56,  0.60it/s, loss=0.0261]
Epoch 69:  21%|##........| 123/585 [00:03:25<00:12:52,  0.60it/s, loss=0.0260]
Epoch 69:  22%|##........| 126/585 [00:03:30<00:12:47,  0.60it/s, loss=0.0261]
Epoch 69:  22%|##........| 130/585 [00:03:36<00:12:38,  0.60it/s, loss=0.0260]
Epoch 69:  23%|##........| 134/585 [00:03:43<00:12:31,  0.60it/s, loss=0.0259]
Epoch 69:  24%|##........| 138/585 [00:03:49<00:12:22,  0.60it/s, loss=0.0258]
Epoch 69:  24%|##........| 142/585 [00:03:55<00:12:14,  0.60it/s, loss=0.0257]
Epoch 69:  25%|##........| 146/585 [00:04:02<00:12:10,  0.60it/s, loss=0.0262]
Epoch 69:  25%|##........| 149/585 [00:04:09<00:12:08,  0.60it/s, loss=0.0262]
Epoch 69:  26%|##........| 153/585 [00:04:14<00:11:59,  0.60it/s, loss=0.0262]
Epoch 69:  27%|##........| 157/585 [00:04:21<00:11:52,  0.60it/s, loss=0.0262]
Epoch 69:  28%|##........| 161/585 [00:04:27<00:11:45,  0.60it/s, loss=0.0261]
Epoch 69:  28%|##........| 164/585 [00:04:33<00:11:42,  0.60it/s, loss=0.0261]
Epoch 69:  29%|##........| 168/585 [00:04:40<00:11:36,  0.60it/s, loss=0.0261]
Epoch 69:  29%|##........| 172/585 [00:04:46<00:11:28,  0.60it/s, loss=0.0261]
Epoch 69:  30%|###.......| 176/585 [00:04:53<00:11:21,  0.60it/s, loss=0.0260]
Epoch 69:  31%|###.......| 180/585 [00:04:59<00:11:14,  0.60it/s, loss=0.0260]
Epoch 69:  31%|###.......| 184/585 [00:05:05<00:11:06,  0.60it/s, loss=0.0260]
Epoch 69:  32%|###.......| 188/585 [00:05:11<00:10:58,  0.60it/s, loss=0.0259]
Epoch 69:  33%|###.......| 192/585 [00:05:17<00:10:50,  0.60it/s, loss=0.0259]
Epoch 69:  34%|###.......| 196/585 [00:05:24<00:10:43,  0.60it/s, loss=0.0258]
Epoch 69:  34%|###.......| 200/585 [00:05:30<00:10:35,  0.61it/s, loss=0.0257]
Epoch 69:  35%|###.......| 203/585 [00:05:35<00:10:30,  0.61it/s, loss=0.0256]
Epoch 69:  35%|###.......| 207/585 [00:05:41<00:10:23,  0.61it/s, loss=0.0256]
Epoch 69:  36%|###.......| 211/585 [00:05:47<00:10:16,  0.61it/s, loss=0.0256]
Epoch 69:  37%|###.......| 215/585 [00:05:54<00:10:09,  0.61it/s, loss=0.0256]
Epoch 69:  37%|###.......| 219/585 [00:05:59<00:10:01,  0.61it/s, loss=0.0256]
Epoch 69:  38%|###.......| 223/585 [00:06:06<00:09:54,  0.61it/s, loss=0.0256]
Epoch 69:  39%|###.......| 227/585 [00:06:12<00:09:46,  0.61it/s, loss=0.0256]
Epoch 69:  39%|###.......| 231/585 [00:06:18<00:09:39,  0.61it/s, loss=0.0255]
Epoch 69:  40%|####......| 234/585 [00:06:24<00:09:36,  0.61it/s, loss=0.0254]
Epoch 69:  41%|####......| 238/585 [00:06:30<00:09:29,  0.61it/s, loss=0.0254]
Epoch 69:  41%|####......| 241/585 [00:06:35<00:09:24,  0.61it/s, loss=0.0255]
Epoch 69:  42%|####......| 245/585 [00:06:42<00:09:18,  0.61it/s, loss=0.0255]
Epoch 69:  43%|####......| 249/585 [00:06:49<00:09:12,  0.61it/s, loss=0.0260]
Epoch 69:  43%|####......| 253/585 [00:06:55<00:09:04,  0.61it/s, loss=0.0259]
Epoch 69:  44%|####......| 257/585 [00:07:01<00:08:57,  0.61it/s, loss=0.0259]
Epoch 69:  45%|####......| 261/585 [00:07:06<00:08:50,  0.61it/s, loss=0.0258]
Epoch 69:  45%|####......| 264/585 [00:07:12<00:08:46,  0.61it/s, loss=0.0260]
Epoch 69:  46%|####......| 268/585 [00:07:18<00:08:38,  0.61it/s, loss=0.0259]
Epoch 69:  46%|####......| 271/585 [00:07:23<00:08:33,  0.61it/s, loss=0.0259]
Epoch 69:  47%|####......| 275/585 [00:07:29<00:08:26,  0.61it/s, loss=0.0259]
Epoch 69:  48%|####......| 279/585 [00:07:36<00:08:20,  0.61it/s, loss=0.0259]
Epoch 69:  48%|####......| 283/585 [00:07:42<00:08:13,  0.61it/s, loss=0.0258]
Epoch 69:  49%|####......| 287/585 [00:07:48<00:08:06,  0.61it/s, loss=0.0258]
Epoch 69:  50%|####......| 290/585 [00:07:54<00:08:02,  0.61it/s, loss=0.0258]
Epoch 69:  50%|#####.....| 293/585 [00:07:59<00:07:57,  0.61it/s, loss=0.0258]
Epoch 69:  51%|#####.....| 297/585 [00:08:05<00:07:50,  0.61it/s, loss=0.0257]
Epoch 69:  51%|#####.....| 301/585 [00:08:10<00:07:43,  0.61it/s, loss=0.0257]
Epoch 69:  52%|#####.....| 304/585 [00:08:16<00:07:38,  0.61it/s, loss=0.0256]
Epoch 69:  53%|#####.....| 308/585 [00:08:22<00:07:31,  0.61it/s, loss=0.0256]
Epoch 69:  53%|#####.....| 312/585 [00:08:28<00:07:24,  0.61it/s, loss=0.0256]
Epoch 69:  54%|#####.....| 316/585 [00:08:34<00:07:17,  0.61it/s, loss=0.0256]
Epoch 69:  55%|#####.....| 320/585 [00:08:40<00:07:10,  0.61it/s, loss=0.0255]
Epoch 69:  55%|#####.....| 323/585 [00:08:45<00:07:06,  0.61it/s, loss=0.0255]
Epoch 69:  56%|#####.....| 327/585 [00:08:51<00:06:59,  0.61it/s, loss=0.0255]
Epoch 69:  57%|#####.....| 331/585 [00:08:58<00:06:53,  0.61it/s, loss=0.0256]
Epoch 69:  57%|#####.....| 335/585 [00:09:05<00:06:47,  0.61it/s, loss=0.0257]
Epoch 69:  58%|#####.....| 339/585 [00:09:11<00:06:40,  0.61it/s, loss=0.0257]
Epoch 69:  58%|#####.....| 342/585 [00:09:17<00:06:35,  0.61it/s, loss=0.0257]
Epoch 69:  59%|#####.....| 346/585 [00:09:23<00:06:28,  0.61it/s, loss=0.0257]
Epoch 69:  60%|#####.....| 349/585 [00:09:28<00:06:24,  0.61it/s, loss=0.0257]
Epoch 69:  60%|######....| 352/585 [00:09:33<00:06:19,  0.61it/s, loss=0.0256]
Epoch 69:  61%|######....| 356/585 [00:09:39<00:06:13,  0.61it/s, loss=0.0256]
Epoch 69:  61%|######....| 359/585 [00:09:45<00:06:08,  0.61it/s, loss=0.0256]
Epoch 69:  62%|######....| 363/585 [00:09:52<00:06:02,  0.61it/s, loss=0.0256]
Epoch 69:  63%|######....| 367/585 [00:09:58<00:05:55,  0.61it/s, loss=0.0256]
Epoch 69:  63%|######....| 371/585 [00:10:04<00:05:48,  0.61it/s, loss=0.0256]
Epoch 69:  64%|######....| 375/585 [00:10:10<00:05:41,  0.61it/s, loss=0.0256]
Epoch 69:  65%|######....| 379/585 [00:10:16<00:05:35,  0.61it/s, loss=0.0255]
Epoch 69:  65%|######....| 382/585 [00:10:22<00:05:30,  0.61it/s, loss=0.0256]
Epoch 69:  66%|######....| 385/585 [00:10:27<00:05:25,  0.61it/s, loss=0.0255]
Epoch 69:  66%|######....| 388/585 [00:10:32<00:05:21,  0.61it/s, loss=0.0255]
Epoch 69:  67%|######....| 392/585 [00:10:39<00:05:14,  0.61it/s, loss=0.0255]
Epoch 69:  68%|######....| 396/585 [00:10:45<00:05:07,  0.61it/s, loss=0.0255]
Epoch 69:  68%|######....| 400/585 [00:10:51<00:05:01,  0.61it/s, loss=0.0254]
Epoch 69:  69%|######....| 403/585 [00:10:56<00:04:56,  0.61it/s, loss=0.0254]
Epoch 69:  70%|######....| 407/585 [00:11:02<00:04:49,  0.61it/s, loss=0.0254]
Epoch 69:  70%|#######...| 410/585 [00:11:07<00:04:44,  0.61it/s, loss=0.0254]
Epoch 69:  71%|#######...| 414/585 [00:11:13<00:04:38,  0.61it/s, loss=0.0254]
Epoch 69:  71%|#######...| 417/585 [00:11:19<00:04:33,  0.61it/s, loss=0.0254]
Epoch 69:  72%|#######...| 420/585 [00:11:24<00:04:28,  0.61it/s, loss=0.0254]
Epoch 69:  72%|#######...| 424/585 [00:11:30<00:04:22,  0.61it/s, loss=0.0254]
Epoch 69:  73%|#######...| 428/585 [00:11:36<00:04:15,  0.61it/s, loss=0.0253]
Epoch 69:  74%|#######...| 431/585 [00:11:41<00:04:10,  0.61it/s, loss=0.0253]
Epoch 69:  74%|#######...| 435/585 [00:11:48<00:04:04,  0.61it/s, loss=0.0253]
Epoch 69:  75%|#######...| 439/585 [00:11:55<00:03:57,  0.61it/s, loss=0.0253]
Epoch 69:  76%|#######...| 443/585 [00:12:01<00:03:51,  0.61it/s, loss=0.0253]
Epoch 69:  76%|#######...| 446/585 [00:12:06<00:03:46,  0.61it/s, loss=0.0253]
Epoch 69:  77%|#######...| 450/585 [00:12:12<00:03:39,  0.61it/s, loss=0.0253]
Epoch 69:  78%|#######...| 454/585 [00:12:19<00:03:33,  0.61it/s, loss=0.0253]
Epoch 69:  78%|#######...| 457/585 [00:12:25<00:03:28,  0.61it/s, loss=0.0254]
Epoch 69:  79%|#######...| 461/585 [00:12:31<00:03:22,  0.61it/s, loss=0.0254]
Epoch 69:  79%|#######...| 464/585 [00:12:37<00:03:17,  0.61it/s, loss=0.0254]
Epoch 69:  80%|#######...| 467/585 [00:12:43<00:03:12,  0.61it/s, loss=0.0254]
Epoch 69:  81%|########..| 471/585 [00:12:49<00:03:06,  0.61it/s, loss=0.0253]
Epoch 69:  81%|########..| 474/585 [00:12:54<00:03:01,  0.61it/s, loss=0.0253]
Epoch 69:  82%|########..| 478/585 [00:13:00<00:02:54,  0.61it/s, loss=0.0253]
Epoch 69:  82%|########..| 481/585 [00:13:06<00:02:49,  0.61it/s, loss=0.0253]
Epoch 69:  83%|########..| 484/585 [00:13:12<00:02:45,  0.61it/s, loss=0.0254]
Epoch 69:  83%|########..| 488/585 [00:13:18<00:02:38,  0.61it/s, loss=0.0253]
Epoch 69:  84%|########..| 492/585 [00:13:25<00:02:32,  0.61it/s, loss=0.0253]
Epoch 69:  85%|########..| 496/585 [00:13:31<00:02:25,  0.61it/s, loss=0.0253]
Epoch 69:  85%|########..| 500/585 [00:13:38<00:02:19,  0.61it/s, loss=0.0253]
Epoch 69:  86%|########..| 504/585 [00:13:44<00:02:12,  0.61it/s, loss=0.0253]
Epoch 69:  87%|########..| 508/585 [00:13:50<00:02:05,  0.61it/s, loss=0.0253]
Epoch 69:  88%|########..| 512/585 [00:13:57<00:01:59,  0.61it/s, loss=0.0253]
Epoch 69:  88%|########..| 515/585 [00:14:02<00:01:54,  0.61it/s, loss=0.0252]
Epoch 69:  89%|########..| 519/585 [00:14:08<00:01:47,  0.61it/s, loss=0.0252]
Epoch 69:  89%|########..| 523/585 [00:14:14<00:01:41,  0.61it/s, loss=0.0252]
Epoch 69:  90%|#########.| 527/585 [00:14:21<00:01:34,  0.61it/s, loss=0.0252]
Epoch 69:  91%|#########.| 531/585 [00:14:27<00:01:28,  0.61it/s, loss=0.0252]
Epoch 69:  91%|#########.| 535/585 [00:14:33<00:01:21,  0.61it/s, loss=0.0251]
Epoch 69:  92%|#########.| 539/585 [00:14:39<00:01:15,  0.61it/s, loss=0.0252]
Epoch 69:  93%|#########.| 543/585 [00:14:45<00:01:08,  0.61it/s, loss=0.0252]
Epoch 69:  93%|#########.| 546/585 [00:14:51<00:01:03,  0.61it/s, loss=0.0252]
Epoch 69:  94%|#########.| 550/585 [00:14:57<00:00:57,  0.61it/s, loss=0.0252]
Epoch 69:  95%|#########.| 554/585 [00:15:03<00:00:50,  0.61it/s, loss=0.0252]
Epoch 69:  95%|#########.| 558/585 [00:15:09<00:00:44,  0.61it/s, loss=0.0252]
Epoch 69:  96%|#########.| 562/585 [00:15:16<00:00:37,  0.61it/s, loss=0.0252]
Epoch 69:  97%|#########.| 566/585 [00:15:22<00:00:30,  0.61it/s, loss=0.0251]
Epoch 69:  97%|#########.| 570/585 [00:15:28<00:00:24,  0.61it/s, loss=0.0251]
Epoch 69:  98%|#########.| 574/585 [00:15:35<00:00:17,  0.61it/s, loss=0.0251]
Epoch 69:  99%|#########.| 578/585 [00:15:43<00:00:11,  0.61it/s, loss=0.0251]
Epoch 69:  99%|#########.| 582/585 [00:15:49<00:00:04,  0.61it/s, loss=0.0251]
Epoch 69: 100%|##########| 585/585 [00:15:54<00:00:00,  0.61it/s, loss=0.0251]
Test loss: 0.0229, Test rmsae: 7.12deg
{"event": "epoch_complete", "epoch": 69, "phase": 2, "lr": 1e-05, "batch_size": 10, "micro_batch_size": 1, "train_loss": 0.025073336911761862, "val_loss": 0.02287695652921684, "val_rmsae_deg": 7.12497866153717, "epoch_time_s": 955.6354069289519}
Epoch 70/80:
Epoch 70:   1%|..........| 3/585 [00:00:05<00:16:46,  0.58it/s, loss=0.0254]
Epoch 70:   1%|..........| 6/585 [00:00:10<00:16:30,  0.58it/s, loss=0.0246]
Epoch 70:   2%|..........| 10/585 [00:00:16<00:15:25,  0.62it/s, loss=0.0234]
Epoch 70:   2%|..........| 14/585 [00:00:22<00:15:24,  0.62it/s, loss=0.0232]
Epoch 70:   3%|..........| 17/585 [00:00:28<00:15:53,  0.60it/s, loss=0.0239]
Epoch 70:   4%|..........| 21/585 [00:00:34<00:15:23,  0.61it/s, loss=0.0226]
Epoch 70:   4%|..........| 24/585 [00:00:40<00:15:36,  0.60it/s, loss=0.0241]
Epoch 70:   5%|..........| 28/585 [00:00:46<00:15:28,  0.60it/s, loss=0.0244]
Epoch 70:   5%|..........| 31/585 [00:00:52<00:15:32,  0.59it/s, loss=0.0246]
Epoch 70:   6%|..........| 35/585 [00:00:58<00:15:14,  0.60it/s, loss=0.0255]
Epoch 70:   7%|..........| 39/585 [00:01:04<00:15:04,  0.60it/s, loss=0.0252]
Epoch 70:   7%|..........| 43/585 [00:01:10<00:14:52,  0.61it/s, loss=0.0254]
Epoch 70:   8%|..........| 47/585 [00:01:17<00:14:41,  0.61it/s, loss=0.0253]
Epoch 70:   9%|..........| 51/585 [00:01:23<00:14:30,  0.61it/s, loss=0.0252]
Epoch 70:   9%|..........| 55/585 [00:01:29<00:14:18,  0.62it/s, loss=0.0249]
Epoch 70:  10%|#.........| 59/585 [00:01:35<00:14:09,  0.62it/s, loss=0.0252]
Epoch 70:  11%|#.........| 63/585 [00:01:42<00:14:05,  0.62it/s, loss=0.0250]
Epoch 70:  11%|#.........| 66/585 [00:01:47<00:14:03,  0.62it/s, loss=0.0249]
Epoch 70:  12%|#.........| 70/585 [00:01:53<00:13:52,  0.62it/s, loss=0.0248]
Epoch 70:  13%|#.........| 74/585 [00:01:59<00:13:42,  0.62it/s, loss=0.0246]
Epoch 70:  13%|#.........| 78/585 [00:02:04<00:13:31,  0.62it/s, loss=0.0246]
Epoch 70:  14%|#.........| 82/585 [00:02:11<00:13:25,  0.62it/s, loss=0.0247]
Epoch 70:  15%|#.........| 86/585 [00:02:17<00:13:18,  0.62it/s, loss=0.0247]
Epoch 70:  15%|#.........| 90/585 [00:02:24<00:13:12,  0.62it/s, loss=0.0248]
Epoch 70:  16%|#.........| 93/585 [00:02:30<00:13:13,  0.62it/s, loss=0.0248]
Epoch 70:  17%|#.........| 97/585 [00:02:36<00:13:07,  0.62it/s, loss=0.0247]
Epoch 70:  17%|#.........| 101/585 [00:02:43<00:13:04,  0.62it/s, loss=0.0248]
Epoch 70:  18%|#.........| 105/585 [00:02:49<00:12:55,  0.62it/s, loss=0.0247]
Epoch 70:  19%|#.........| 109/585 [00:02:55<00:12:47,  0.62it/s, loss=0.0245]
Epoch 70:  19%|#.........| 112/585 [00:03:00<00:12:43,  0.62it/s, loss=0.0246]
Epoch 70:  20%|#.........| 115/585 [00:03:05<00:12:39,  0.62it/s, loss=0.0246]
Epoch 70:  20%|##........| 118/585 [00:03:11<00:12:36,  0.62it/s, loss=0.0246]
Epoch 70:  21%|##........| 121/585 [00:03:16<00:12:33,  0.62it/s, loss=0.0246]
Epoch 70:  21%|##........| 125/585 [00:03:23<00:12:27,  0.62it/s, loss=0.0247]
Epoch 70:  22%|##........| 129/585 [00:03:29<00:12:20,  0.62it/s, loss=0.0245]
Epoch 70:  23%|##........| 133/585 [00:03:35<00:12:13,  0.62it/s, loss=0.0245]
Epoch 70:  23%|##........| 137/585 [00:03:41<00:12:05,  0.62it/s, loss=0.0245]
Epoch 70:  24%|##........| 141/585 [00:03:48<00:11:59,  0.62it/s, loss=0.0246]
Epoch 70:  25%|##........| 144/585 [00:03:53<00:11:54,  0.62it/s, loss=0.0246]
Epoch 70:  25%|##........| 147/585 [00:03:59<00:11:52,  0.61it/s, loss=0.0247]
Epoch 70:  26%|##........| 151/585 [00:04:05<00:11:45,  0.62it/s, loss=0.0247]
Epoch 70:  26%|##........| 155/585 [00:04:12<00:11:41,  0.61it/s, loss=0.0246]
Epoch 70:  27%|##........| 159/585 [00:04:18<00:11:33,  0.61it/s, loss=0.0245]
Epoch 70:  28%|##........| 163/585 [00:04:24<00:11:25,  0.62it/s, loss=0.0246]
Epoch 70:  29%|##........| 167/585 [00:04:31<00:11:19,  0.62it/s, loss=0.0246]
Epoch 70:  29%|##........| 171/585 [00:04:37<00:11:12,  0.62it/s, loss=0.0245]
Epoch 70:  30%|##........| 175/585 [00:04:43<00:11:04,  0.62it/s, loss=0.0244]
Epoch 70:  31%|###.......| 179/585 [00:04:50<00:10:57,  0.62it/s, loss=0.0244]
Epoch 70:  31%|###.......| 182/585 [00:04:55<00:10:53,  0.62it/s, loss=0.0248]
Epoch 70:  32%|###.......| 186/585 [00:05:01<00:10:46,  0.62it/s, loss=0.0247]
Epoch 70:  32%|###.......| 189/585 [00:05:06<00:10:42,  0.62it/s, loss=0.0248]
Epoch 70:  33%|###.......| 192/585 [00:05:12<00:10:38,  0.62it/s, loss=0.0249]
Epoch 70:  33%|###.......| 195/585 [00:05:17<00:10:34,  0.61it/s, loss=0.0249]
Epoch 70:  34%|###.......| 198/585 [00:05:22<00:10:30,  0.61it/s, loss=0.0249]
Epoch 70:  35%|###.......| 202/585 [00:05:28<00:10:22,  0.61it/s, loss=0.0249]
Epoch 70:  35%|###.......| 206/585 [00:05:34<00:10:15,  0.62it/s, loss=0.0248]
Epoch 70:  36%|###.......| 209/585 [00:05:39<00:10:11,  0.61it/s, loss=0.0248]
Epoch 70:  36%|###.......| 213/585 [00:05:46<00:10:04,  0.62it/s, loss=0.0248]
Epoch 70:  37%|###.......| 217/585 [00:05:52<00:09:58,  0.62it/s, loss=0.0247]
Epoch 70:  38%|###.......| 221/585 [00:05:58<00:09:51,  0.62it/s, loss=0.0247]
Epoch 70:  38%|###.......| 225/585 [00:06:05<00:09:44,  0.62it/s, loss=0.0247]
Epoch 70:  39%|###.......| 229/585 [00:06:11<00:09:37,  0.62it/s, loss=0.0246]
Epoch 70:  40%|###.......| 233/585 [00:06:18<00:09:31,  0.62it/s, loss=0.0247]
Epoch 70:  40%|####......| 236/585 [00:06:23<00:09:27,  0.62it/s, loss=0.0247]
Epoch 70:  41%|####......| 240/585 [00:06:29<00:09:20,  0.62it/s, loss=0.0246]
Epoch 70:  42%|####......| 244/585 [00:06:35<00:09:13,  0.62it/s, loss=0.0246]
Epoch 70:  42%|####......| 248/585 [00:06:42<00:09:06,  0.62it/s, loss=0.0245]
Epoch 70:  43%|####......| 251/585 [00:06:47<00:09:02,  0.62it/s, loss=0.0245]
Epoch 70:  44%|####......| 255/585 [00:06:54<00:08:55,  0.62it/s, loss=0.0247]
Epoch 70:  44%|####......| 258/585 [00:06:59<00:08:51,  0.62it/s, loss=0.0247]
Epoch 70:  45%|####......| 262/585 [00:07:05<00:08:44,  0.62it/s, loss=0.0246]
Epoch 70:  45%|####......| 265/585 [00:07:10<00:08:39,  0.62it/s, loss=0.0246]
Epoch 70:  46%|####......| 269/585 [00:07:16<00:08:32,  0.62it/s, loss=0.0246]
Epoch 70:  47%|####......| 273/585 [00:07:23<00:08:26,  0.62it/s, loss=0.0246]
Epoch 70:  47%|####......| 276/585 [00:07:28<00:08:21,  0.62it/s, loss=0.0246]
Epoch 70:  48%|####......| 279/585 [00:07:33<00:08:17,  0.62it/s, loss=0.0246]
Epoch 70:  48%|####......| 282/585 [00:07:38<00:08:12,  0.61it/s, loss=0.0246]
Epoch 70:  49%|####......| 286/585 [00:07:45<00:08:06,  0.62it/s, loss=0.0246]
Epoch 70:  50%|####......| 290/585 [00:07:50<00:07:58,  0.62it/s, loss=0.0246]
Epoch 70:  50%|#####.....| 294/585 [00:07:57<00:07:52,  0.62it/s, loss=0.0246]
Epoch 70:  51%|#####.....| 298/585 [00:08:03<00:07:46,  0.62it/s, loss=0.0247]
Epoch 70:  51%|#####.....| 301/585 [00:08:08<00:07:41,  0.62it/s, loss=0.0246]
Epoch 70:  52%|#####.....| 305/585 [00:08:14<00:07:34,  0.62it/s, loss=0.0246]
Epoch 70:  53%|#####.....| 308/585 [00:08:19<00:07:29,  0.62it/s, loss=0.0246]
Epoch 70:  53%|#####.....| 312/585 [00:08:26<00:07:23,  0.62it/s, loss=0.0246]
Epoch 70:  54%|#####.....| 315/585 [00:08:32<00:07:18,  0.62it/s, loss=0.0246]
Epoch 70:  55%|#####.....| 319/585 [00:08:38<00:07:12,  0.62it/s, loss=0.0247]
Epoch 70:  55%|#####.....| 323/585 [00:08:44<00:07:05,  0.62it/s, loss=0.0247]
Epoch 70:  56%|#####.....| 327/585 [00:08:50<00:06:58,  0.62it/s, loss=0.0247]
Epoch 70:  57%|#####.....| 331/585 [00:08:57<00:06:52,  0.62it/s, loss=0.0249]
Epoch 70:  57%|#####.....| 335/585 [00:09:03<00:06:45,  0.62it/s, loss=0.0248]
Epoch 70:  58%|#####.....| 339/585 [00:09:10<00:06:39,  0.62it/s, loss=0.0249]
Epoch 70:  59%|#####.....| 343/585 [00:09:16<00:06:32,  0.62it/s, loss=0.0249]
Epoch 70:  59%|#####.....| 346/585 [00:09:22<00:06:28,  0.62it/s, loss=0.0249]
Epoch 70:  60%|#####.....| 350/585 [00:09:27<00:06:21,  0.62it/s, loss=0.0249]
Epoch 70:  61%|######....| 354/585 [00:09:34<00:06:14,  0.62it/s, loss=0.0250]
Epoch 70:  61%|######....| 358/585 [00:09:40<00:06:07,  0.62it/s, loss=0.0250]
Epoch 70:  62%|######....| 362/585 [00:09:46<00:06:01,  0.62it/s, loss=0.0249]
Epoch 70:  63%|######....| 366/585 [00:09:52<00:05:54,  0.62it/s, loss=0.0249]
Epoch 70:  63%|######....| 369/585 [00:09:57<00:05:49,  0.62it/s, loss=0.0249]
Epoch 70:  64%|######....| 373/585 [00:10:04<00:05:43,  0.62it/s, loss=0.0249]
Epoch 70:  64%|######....| 377/585 [00:10:10<00:05:36,  0.62it/s, loss=0.0250]
Epoch 70:  65%|######....| 380/585 [00:10:16<00:05:32,  0.62it/s, loss=0.0250]
Epoch 70:  66%|######....| 384/585 [00:10:22<00:05:25,  0.62it/s, loss=0.0250]
Epoch 70:  66%|######....| 388/585 [00:10:28<00:05:19,  0.62it/s, loss=0.0250]
Epoch 70:  67%|######....| 392/585 [00:10:35<00:05:12,  0.62it/s, loss=0.0250]
Epoch 70:  68%|######....| 396/585 [00:10:41<00:05:06,  0.62it/s, loss=0.0250]
Epoch 70:  68%|######....| 400/585 [00:10:47<00:04:59,  0.62it/s, loss=0.0250]
Epoch 70:  69%|######....| 404/585 [00:10:53<00:04:52,  0.62it/s, loss=0.0250]
Epoch 70:  70%|######....| 407/585 [00:10:59<00:04:48,  0.62it/s, loss=0.0250]
Epoch 70:  70%|#######...| 410/585 [00:11:04<00:04:43,  0.62it/s, loss=0.0251]
Epoch 70:  71%|#######...| 413/585 [00:11:09<00:04:38,  0.62it/s, loss=0.0251]
Epoch 70:  71%|#######...| 417/585 [00:11:15<00:04:32,  0.62it/s, loss=0.0251]
Epoch 70:  72%|#######...| 420/585 [00:11:20<00:04:27,  0.62it/s, loss=0.0251]
Epoch 70:  72%|#######...| 424/585 [00:11:27<00:04:20,  0.62it/s, loss=0.0252]
Epoch 70:  73%|#######...| 427/585 [00:11:32<00:04:16,  0.62it/s, loss=0.0253]
Epoch 70:  74%|#######...| 431/585 [00:11:39<00:04:10,  0.62it/s, loss=0.0252]
Epoch 70:  74%|#######...| 435/585 [00:11:46<00:04:03,  0.62it/s, loss=0.0252]
Epoch 70:  75%|#######...| 438/585 [00:11:51<00:03:58,  0.62it/s, loss=0.0252]
Epoch 70:  76%|#######...| 442/585 [00:11:57<00:03:52,  0.62it/s, loss=0.0252]
Epoch 70:  76%|#######...| 445/585 [00:12:02<00:03:47,  0.62it/s, loss=0.0252]
Epoch 70:  77%|#######...| 449/585 [00:12:08<00:03:40,  0.62it/s, loss=0.0252]
Epoch 70:  77%|#######...| 452/585 [00:12:14<00:03:36,  0.62it/s, loss=0.0252]
Epoch 70:  78%|#######...| 456/585 [00:12:20<00:03:29,  0.62it/s, loss=0.0252]
Epoch 70:  79%|#######...| 460/585 [00:12:27<00:03:23,  0.62it/s, loss=0.0252]
Epoch 70:  79%|#######...| 464/585 [00:12:33<00:03:16,  0.62it/s, loss=0.0252]
Epoch 70:  80%|########..| 468/585 [00:12:39<00:03:09,  0.62it/s, loss=0.0252]
Epoch 70:  81%|########..| 471/585 [00:12:44<00:03:05,  0.62it/s, loss=0.0252]
Epoch 70:  81%|########..| 475/585 [00:12:51<00:02:58,  0.62it/s, loss=0.0252]
Epoch 70:  82%|########..| 479/585 [00:12:57<00:02:52,  0.62it/s, loss=0.0252]
Epoch 70:  83%|########..| 483/585 [00:13:03<00:02:45,  0.62it/s, loss=0.0251]
Epoch 70:  83%|########..| 487/585 [00:13:09<00:02:38,  0.62it/s, loss=0.0251]
Epoch 70:  84%|########..| 491/585 [00:13:15<00:02:32,  0.62it/s, loss=0.0251]
Epoch 70:  84%|########..| 494/585 [00:13:21<00:02:27,  0.62it/s, loss=0.0251]
Epoch 70:  85%|########..| 498/585 [00:13:28<00:02:21,  0.62it/s, loss=0.0251]
Epoch 70:  86%|########..| 502/585 [00:13:34<00:02:14,  0.62it/s, loss=0.0251]
Epoch 70:  86%|########..| 506/585 [00:13:41<00:02:08,  0.62it/s, loss=0.0251]
Epoch 70:  87%|########..| 510/585 [00:13:47<00:02:01,  0.62it/s, loss=0.0251]
Epoch 70:  88%|########..| 514/585 [00:13:53<00:01:55,  0.62it/s, loss=0.0251]
Epoch 70:  88%|########..| 517/585 [00:14:00<00:01:50,  0.62it/s, loss=0.0251]
Epoch 70:  89%|########..| 521/585 [00:14:06<00:01:44,  0.62it/s, loss=0.0251]
Epoch 70:  90%|########..| 525/585 [00:14:13<00:01:37,  0.62it/s, loss=0.0251]
Epoch 70:  90%|#########.| 529/585 [00:14:19<00:01:30,  0.62it/s, loss=0.0251]
Epoch 70:  91%|#########.| 532/585 [00:14:24<00:01:26,  0.62it/s, loss=0.0251]
Epoch 70:  91%|#########.| 535/585 [00:14:30<00:01:21,  0.61it/s, loss=0.0251]
Epoch 70:  92%|#########.| 539/585 [00:14:37<00:01:14,  0.61it/s, loss=0.0251]
Epoch 70:  93%|#########.| 542/585 [00:14:42<00:01:10,  0.61it/s, loss=0.0251]
Epoch 70:  93%|#########.| 545/585 [00:14:48<00:01:05,  0.61it/s, loss=0.0251]
Epoch 70:  94%|#########.| 548/585 [00:14:54<00:01:00,  0.61it/s, loss=0.0251]
Epoch 70:  94%|#########.| 552/585 [00:15:00<00:00:53,  0.61it/s, loss=0.0251]
Epoch 70:  95%|#########.| 556/585 [00:15:06<00:00:47,  0.61it/s, loss=0.0250]
Epoch 70:  96%|#########.| 560/585 [00:15:13<00:00:40,  0.61it/s, loss=0.0250]
Epoch 70:  96%|#########.| 564/585 [00:15:19<00:00:34,  0.61it/s, loss=0.0250]
Epoch 70:  97%|#########.| 568/585 [00:15:25<00:00:27,  0.61it/s, loss=0.0250]
Epoch 70:  98%|#########.| 571/585 [00:15:30<00:00:22,  0.61it/s, loss=0.0250]
Epoch 70:  98%|#########.| 575/585 [00:15:37<00:00:16,  0.61it/s, loss=0.0250]
Epoch 70:  99%|#########.| 578/585 [00:15:42<00:00:11,  0.61it/s, loss=0.0250]
Epoch 70:  99%|#########.| 582/585 [00:15:48<00:00:04,  0.61it/s, loss=0.0251]
Epoch 70: 100%|##########| 585/585 [00:15:53<00:00:00,  0.61it/s, loss=0.0251]
Test loss: 0.0228, Test rmsae: 7.07deg
{"event": "epoch_complete", "epoch": 70, "phase": 2, "lr": 1e-05, "batch_size": 10, "micro_batch_size": 1, "train_loss": 0.02505973111360501, "val_loss": 0.022842792619485408, "val_rmsae_deg": 7.07489475607872, "epoch_time_s": 954.6038961570011}
{"event": "checkpoint_saved", "tag": "epoch_070", "epoch": 70, "path": "/home/cmm/icocnn/IFAN_Edge/outputs/stage3/ifan_stage3_long80_c8_r2_map_maba_20260516_154535/checkpoints/epoch_070.pt"}
Epoch 71/80:
Epoch 71:   1%|..........| 4/585 [00:00:06<00:14:57,  0.65it/s, loss=0.0226]
Epoch 71:   1%|..........| 8/585 [00:00:12<00:14:57,  0.64it/s, loss=0.0219]
Epoch 71:   2%|..........| 12/585 [00:00:17<00:14:18,  0.67it/s, loss=0.0228]
Epoch 71:   3%|..........| 15/585 [00:00:23<00:14:39,  0.65it/s, loss=0.0231]
Epoch 71:   3%|..........| 19/585 [00:00:29<00:14:31,  0.65it/s, loss=0.0229]
Epoch 71:   4%|..........| 23/585 [00:00:35<00:14:36,  0.64it/s, loss=0.0225]
Epoch 71:   5%|..........| 27/585 [00:00:42<00:14:33,  0.64it/s, loss=0.0229]
Epoch 71:   5%|..........| 31/585 [00:00:48<00:14:22,  0.64it/s, loss=0.0230]
Epoch 71:   6%|..........| 34/585 [00:00:54<00:14:38,  0.63it/s, loss=0.0240]
Epoch 71:   6%|..........| 37/585 [00:00:59<00:14:42,  0.62it/s, loss=0.0243]
Epoch 71:   7%|..........| 40/585 [00:01:06<00:15:00,  0.61it/s, loss=0.0255]
Epoch 71:   7%|..........| 43/585 [00:01:11<00:14:56,  0.60it/s, loss=0.0255]
Epoch 71:   8%|..........| 46/585 [00:01:16<00:14:55,  0.60it/s, loss=0.0256]
Epoch 71:   8%|..........| 49/585 [00:01:21<00:14:56,  0.60it/s, loss=0.0255]
Epoch 71:   9%|..........| 52/585 [00:01:27<00:14:53,  0.60it/s, loss=0.0258]
Epoch 71:   9%|..........| 55/585 [00:01:32<00:14:50,  0.60it/s, loss=0.0258]
Epoch 71:  10%|#.........| 59/585 [00:01:38<00:14:36,  0.60it/s, loss=0.0255]
Epoch 71:  11%|#.........| 62/585 [00:01:44<00:14:37,  0.60it/s, loss=0.0256]
Epoch 71:  11%|#.........| 66/585 [00:01:50<00:14:28,  0.60it/s, loss=0.0256]
Epoch 71:  12%|#.........| 70/585 [00:01:56<00:14:18,  0.60it/s, loss=0.0256]
Epoch 71:  13%|#.........| 74/585 [00:02:03<00:14:11,  0.60it/s, loss=0.0255]
Epoch 71:  13%|#.........| 77/585 [00:02:09<00:14:14,  0.59it/s, loss=0.0256]
Epoch 71:  14%|#.........| 80/585 [00:02:14<00:14:09,  0.59it/s, loss=0.0258]
Epoch 71:  14%|#.........| 83/585 [00:02:19<00:14:04,  0.59it/s, loss=0.0258]
Epoch 71:  15%|#.........| 86/585 [00:02:25<00:14:03,  0.59it/s, loss=0.0257]
Epoch 71:  15%|#.........| 89/585 [00:02:31<00:14:02,  0.59it/s, loss=0.0257]
Epoch 71:  16%|#.........| 93/585 [00:02:37<00:13:53,  0.59it/s, loss=0.0255]
Epoch 71:  17%|#.........| 97/585 [00:02:43<00:13:45,  0.59it/s, loss=0.0255]
Epoch 71:  17%|#.........| 101/585 [00:02:49<00:13:34,  0.59it/s, loss=0.0254]
Epoch 71:  18%|#.........| 105/585 [00:02:56<00:13:24,  0.60it/s, loss=0.0254]
Epoch 71:  18%|#.........| 108/585 [00:03:01<00:13:22,  0.59it/s, loss=0.0257]
Epoch 71:  19%|#.........| 112/585 [00:03:07<00:13:12,  0.60it/s, loss=0.0256]
Epoch 71:  20%|#.........| 116/585 [00:03:13<00:13:03,  0.60it/s, loss=0.0256]
Epoch 71:  20%|##........| 119/585 [00:03:18<00:12:59,  0.60it/s, loss=0.0256]
Epoch 71:  21%|##........| 123/585 [00:03:24<00:12:49,  0.60it/s, loss=0.0255]
Epoch 71:  22%|##........| 127/585 [00:03:30<00:12:39,  0.60it/s, loss=0.0255]
Epoch 71:  22%|##........| 130/585 [00:03:36<00:12:36,  0.60it/s, loss=0.0255]
Epoch 71:  23%|##........| 133/585 [00:03:41<00:12:32,  0.60it/s, loss=0.0255]
Epoch 71:  23%|##........| 137/585 [00:03:48<00:12:25,  0.60it/s, loss=0.0254]
Epoch 71:  24%|##........| 141/585 [00:03:54<00:12:17,  0.60it/s, loss=0.0254]
Epoch 71:  25%|##........| 145/585 [00:04:00<00:12:10,  0.60it/s, loss=0.0254]
Epoch 71:  25%|##........| 149/585 [00:04:06<00:12:01,  0.60it/s, loss=0.0253]
Epoch 71:  26%|##........| 153/585 [00:04:12<00:11:53,  0.61it/s, loss=0.0253]
Epoch 71:  27%|##........| 157/585 [00:04:18<00:11:45,  0.61it/s, loss=0.0253]
Epoch 71:  28%|##........| 161/585 [00:04:24<00:11:37,  0.61it/s, loss=0.0253]
Epoch 71:  28%|##........| 165/585 [00:04:30<00:11:29,  0.61it/s, loss=0.0252]
Epoch 71:  29%|##........| 169/585 [00:04:36<00:11:21,  0.61it/s, loss=0.0252]
Epoch 71:  30%|##........| 173/585 [00:04:43<00:11:15,  0.61it/s, loss=0.0252]
Epoch 71:  30%|###.......| 177/585 [00:04:50<00:11:09,  0.61it/s, loss=0.0251]
Epoch 71:  31%|###.......| 180/585 [00:04:55<00:11:05,  0.61it/s, loss=0.0250]
Epoch 71:  31%|###.......| 184/585 [00:05:01<00:10:57,  0.61it/s, loss=0.0250]
Epoch 71:  32%|###.......| 187/585 [00:05:07<00:10:53,  0.61it/s, loss=0.0250]
Epoch 71:  32%|###.......| 190/585 [00:05:12<00:10:49,  0.61it/s, loss=0.0250]
Epoch 71:  33%|###.......| 194/585 [00:05:18<00:10:42,  0.61it/s, loss=0.0249]
Epoch 71:  34%|###.......| 198/585 [00:05:24<00:10:34,  0.61it/s, loss=0.0249]
Epoch 71:  34%|###.......| 201/585 [00:05:29<00:10:29,  0.61it/s, loss=0.0248]
Epoch 71:  35%|###.......| 205/585 [00:05:35<00:10:22,  0.61it/s, loss=0.0247]
Epoch 71:  36%|###.......| 208/585 [00:05:41<00:10:18,  0.61it/s, loss=0.0247]
Epoch 71:  36%|###.......| 212/585 [00:05:47<00:10:11,  0.61it/s, loss=0.0247]
Epoch 71:  37%|###.......| 216/585 [00:05:53<00:10:04,  0.61it/s, loss=0.0247]
Epoch 71:  38%|###.......| 220/585 [00:05:59<00:09:56,  0.61it/s, loss=0.0247]
Epoch 71:  38%|###.......| 224/585 [00:06:05<00:09:49,  0.61it/s, loss=0.0247]
Epoch 71:  39%|###.......| 228/585 [00:06:11<00:09:41,  0.61it/s, loss=0.0246]
Epoch 71:  40%|###.......| 232/585 [00:06:18<00:09:35,  0.61it/s, loss=0.0246]
Epoch 71:  40%|####......| 236/585 [00:06:24<00:09:29,  0.61it/s, loss=0.0247]
Epoch 71:  41%|####......| 240/585 [00:06:31<00:09:22,  0.61it/s, loss=0.0248]
Epoch 71:  42%|####......| 244/585 [00:06:37<00:09:15,  0.61it/s, loss=0.0248]
Epoch 71:  42%|####......| 247/585 [00:06:42<00:09:10,  0.61it/s, loss=0.0248]
Epoch 71:  43%|####......| 251/585 [00:06:48<00:09:03,  0.61it/s, loss=0.0249]
Epoch 71:  44%|####......| 255/585 [00:06:54<00:08:56,  0.61it/s, loss=0.0250]
Epoch 71:  44%|####......| 259/585 [00:07:01<00:08:50,  0.61it/s, loss=0.0249]
Epoch 71:  45%|####......| 262/585 [00:07:06<00:08:46,  0.61it/s, loss=0.0250]
Epoch 71:  45%|####......| 265/585 [00:07:12<00:08:41,  0.61it/s, loss=0.0250]
Epoch 71:  46%|####......| 268/585 [00:07:17<00:08:37,  0.61it/s, loss=0.0250]
Epoch 71:  46%|####......| 272/585 [00:07:23<00:08:30,  0.61it/s, loss=0.0249]
Epoch 71:  47%|####......| 275/585 [00:07:28<00:08:25,  0.61it/s, loss=0.0250]
Epoch 71:  48%|####......| 279/585 [00:07:35<00:08:19,  0.61it/s, loss=0.0250]
Epoch 71:  48%|####......| 283/585 [00:07:41<00:08:11,  0.61it/s, loss=0.0250]
Epoch 71:  49%|####......| 287/585 [00:07:47<00:08:05,  0.61it/s, loss=0.0250]
Epoch 71:  50%|####......| 290/585 [00:07:52<00:08:00,  0.61it/s, loss=0.0250]
Epoch 71:  50%|#####.....| 294/585 [00:07:59<00:07:54,  0.61it/s, loss=0.0250]
Epoch 71:  51%|#####.....| 298/585 [00:08:05<00:07:47,  0.61it/s, loss=0.0250]
Epoch 71:  52%|#####.....| 302/585 [00:08:11<00:07:40,  0.61it/s, loss=0.0250]
Epoch 71:  52%|#####.....| 305/585 [00:08:17<00:07:36,  0.61it/s, loss=0.0250]
Epoch 71:  53%|#####.....| 308/585 [00:08:22<00:07:31,  0.61it/s, loss=0.0250]
Epoch 71:  53%|#####.....| 312/585 [00:08:28<00:07:24,  0.61it/s, loss=0.0250]
Epoch 71:  54%|#####.....| 316/585 [00:08:34<00:07:18,  0.61it/s, loss=0.0250]
Epoch 71:  55%|#####.....| 320/585 [00:08:40<00:07:11,  0.61it/s, loss=0.0250]
Epoch 71:  55%|#####.....| 324/585 [00:08:46<00:07:04,  0.61it/s, loss=0.0249]
Epoch 71:  56%|#####.....| 328/585 [00:08:53<00:06:57,  0.62it/s, loss=0.0249]
Epoch 71:  57%|#####.....| 332/585 [00:08:59<00:06:51,  0.62it/s, loss=0.0249]
Epoch 71:  57%|#####.....| 336/585 [00:09:05<00:06:44,  0.62it/s, loss=0.0248]
Epoch 71:  58%|#####.....| 339/585 [00:09:10<00:06:39,  0.62it/s, loss=0.0248]
Epoch 71:  59%|#####.....| 343/585 [00:09:16<00:06:32,  0.62it/s, loss=0.0248]
Epoch 71:  59%|#####.....| 346/585 [00:09:21<00:06:28,  0.62it/s, loss=0.0248]
Epoch 71:  60%|#####.....| 350/585 [00:09:27<00:06:21,  0.62it/s, loss=0.0248]
Epoch 71:  61%|######....| 354/585 [00:09:33<00:06:14,  0.62it/s, loss=0.0248]
Epoch 71:  61%|######....| 357/585 [00:09:39<00:06:10,  0.62it/s, loss=0.0248]
Epoch 71:  62%|######....| 360/585 [00:09:45<00:06:06,  0.61it/s, loss=0.0248]
Epoch 71:  62%|######....| 364/585 [00:09:51<00:05:59,  0.62it/s, loss=0.0248]
Epoch 71:  63%|######....| 368/585 [00:09:58<00:05:52,  0.62it/s, loss=0.0248]
Epoch 71:  64%|######....| 372/585 [00:10:04<00:05:46,  0.62it/s, loss=0.0249]
Epoch 71:  64%|######....| 376/585 [00:10:10<00:05:39,  0.62it/s, loss=0.0249]
Epoch 71:  65%|######....| 379/585 [00:10:16<00:05:34,  0.62it/s, loss=0.0249]
Epoch 71:  65%|######....| 383/585 [00:10:22<00:05:28,  0.62it/s, loss=0.0249]
Epoch 71:  66%|######....| 387/585 [00:10:28<00:05:21,  0.62it/s, loss=0.0249]
Epoch 71:  67%|######....| 391/585 [00:10:35<00:05:15,  0.62it/s, loss=0.0249]
Epoch 71:  67%|######....| 394/585 [00:10:40<00:05:10,  0.62it/s, loss=0.0251]
Epoch 71:  68%|######....| 398/585 [00:10:47<00:05:04,  0.62it/s, loss=0.0251]
Epoch 71:  69%|######....| 402/585 [00:10:53<00:04:57,  0.62it/s, loss=0.0251]
Epoch 71:  69%|######....| 406/585 [00:11:00<00:04:51,  0.61it/s, loss=0.0251]
Epoch 71:  70%|#######...| 410/585 [00:11:06<00:04:44,  0.62it/s, loss=0.0251]
Epoch 71:  71%|#######...| 414/585 [00:11:12<00:04:37,  0.62it/s, loss=0.0252]
Epoch 71:  71%|#######...| 417/585 [00:11:19<00:04:33,  0.61it/s, loss=0.0252]
Epoch 71:  72%|#######...| 421/585 [00:11:25<00:04:27,  0.61it/s, loss=0.0252]
Epoch 71:  73%|#######...| 425/585 [00:11:32<00:04:20,  0.61it/s, loss=0.0252]
Epoch 71:  73%|#######...| 429/585 [00:11:38<00:04:13,  0.61it/s, loss=0.0252]
Epoch 71:  74%|#######...| 432/585 [00:11:43<00:04:09,  0.61it/s, loss=0.0252]
Epoch 71:  74%|#######...| 435/585 [00:11:49<00:04:04,  0.61it/s, loss=0.0252]
Epoch 71:  75%|#######...| 439/585 [00:11:55<00:03:57,  0.61it/s, loss=0.0251]
Epoch 71:  76%|#######...| 443/585 [00:12:01<00:03:51,  0.61it/s, loss=0.0251]
Epoch 71:  76%|#######...| 447/585 [00:12:07<00:03:44,  0.61it/s, loss=0.0251]
Epoch 71:  77%|#######...| 450/585 [00:12:13<00:03:40,  0.61it/s, loss=0.0251]
Epoch 71:  78%|#######...| 454/585 [00:12:20<00:03:33,  0.61it/s, loss=0.0251]
Epoch 71:  78%|#######...| 457/585 [00:12:25<00:03:28,  0.61it/s, loss=0.0251]
Epoch 71:  79%|#######...| 461/585 [00:12:31<00:03:22,  0.61it/s, loss=0.0251]
Epoch 71:  79%|#######...| 465/585 [00:12:37<00:03:15,  0.61it/s, loss=0.0251]
Epoch 71:  80%|########..| 468/585 [00:12:43<00:03:10,  0.61it/s, loss=0.0251]
Epoch 71:  81%|########..| 471/585 [00:12:48<00:03:05,  0.61it/s, loss=0.0251]
Epoch 71:  81%|########..| 474/585 [00:12:53<00:03:01,  0.61it/s, loss=0.0251]
Epoch 71:  82%|########..| 478/585 [00:12:59<00:02:54,  0.61it/s, loss=0.0251]
Epoch 71:  82%|########..| 481/585 [00:13:05<00:02:49,  0.61it/s, loss=0.0251]
Epoch 71:  83%|########..| 484/585 [00:13:10<00:02:44,  0.61it/s, loss=0.0251]
Epoch 71:  83%|########..| 488/585 [00:13:15<00:02:38,  0.61it/s, loss=0.0251]
Epoch 71:  84%|########..| 492/585 [00:13:22<00:02:31,  0.61it/s, loss=0.0251]
Epoch 71:  85%|########..| 496/585 [00:13:28<00:02:25,  0.61it/s, loss=0.0251]
Epoch 71:  85%|########..| 500/585 [00:13:34<00:02:18,  0.61it/s, loss=0.0251]
Epoch 71:  86%|########..| 504/585 [00:13:40<00:02:11,  0.61it/s, loss=0.0251]
Epoch 71:  87%|########..| 507/585 [00:13:45<00:02:06,  0.61it/s, loss=0.0251]
Epoch 71:  87%|########..| 511/585 [00:13:51<00:02:00,  0.61it/s, loss=0.0251]
Epoch 71:  88%|########..| 514/585 [00:13:57<00:01:55,  0.61it/s, loss=0.0251]
Epoch 71:  89%|########..| 518/585 [00:14:04<00:01:49,  0.61it/s, loss=0.0251]
Epoch 71:  89%|########..| 522/585 [00:14:10<00:01:42,  0.61it/s, loss=0.0250]
Epoch 71:  90%|########..| 526/585 [00:14:17<00:01:36,  0.61it/s, loss=0.0250]
Epoch 71:  91%|#########.| 530/585 [00:14:23<00:01:29,  0.61it/s, loss=0.0251]
Epoch 71:  91%|#########.| 534/585 [00:14:30<00:01:23,  0.61it/s, loss=0.0251]
Epoch 71:  92%|#########.| 538/585 [00:14:36<00:01:16,  0.61it/s, loss=0.0251]
Epoch 71:  93%|#########.| 542/585 [00:14:42<00:01:10,  0.61it/s, loss=0.0251]
Epoch 71:  93%|#########.| 546/585 [00:14:49<00:01:03,  0.61it/s, loss=0.0251]
Epoch 71:  94%|#########.| 550/585 [00:14:56<00:00:57,  0.61it/s, loss=0.0251]
Epoch 71:  95%|#########.| 554/585 [00:15:02<00:00:50,  0.61it/s, loss=0.0251]
Epoch 71:  95%|#########.| 558/585 [00:15:08<00:00:43,  0.61it/s, loss=0.0251]
Epoch 71:  96%|#########.| 561/585 [00:15:13<00:00:39,  0.61it/s, loss=0.0251]
Epoch 71:  96%|#########.| 564/585 [00:15:19<00:00:34,  0.61it/s, loss=0.0251]
Epoch 71:  97%|#########.| 567/585 [00:15:25<00:00:29,  0.61it/s, loss=0.0251]
Epoch 71:  98%|#########.| 571/585 [00:15:30<00:00:22,  0.61it/s, loss=0.0251]
Epoch 71:  98%|#########.| 575/585 [00:15:36<00:00:16,  0.61it/s, loss=0.0251]
Epoch 71:  99%|#########.| 579/585 [00:15:43<00:00:09,  0.61it/s, loss=0.0251]
Epoch 71: 100%|#########.| 583/585 [00:15:49<00:00:03,  0.61it/s, loss=0.0251]
Epoch 71: 100%|##########| 585/585 [00:15:52<00:00:00,  0.61it/s, loss=0.0251]
Test loss: 0.0228, Test rmsae: 7.16deg
{"event": "epoch_complete", "epoch": 71, "phase": 2, "lr": 1e-05, "batch_size": 10, "micro_batch_size": 1, "train_loss": 0.02506322777455943, "val_loss": 0.022839370387373492, "val_rmsae_deg": 7.15907496213913, "epoch_time_s": 953.1077429489233}
Epoch 72/80:
Epoch 72:   1%|..........| 4/585 [00:00:05<00:14:21,  0.67it/s, loss=0.0220]
Epoch 72:   1%|..........| 7/585 [00:00:10<00:15:06,  0.64it/s, loss=0.0264]
Epoch 72:   2%|..........| 11/585 [00:00:17<00:15:17,  0.63it/s, loss=0.0251]
Epoch 72:   3%|..........| 15/585 [00:00:23<00:15:00,  0.63it/s, loss=0.0255]
Epoch 72:   3%|..........| 18/585 [00:00:28<00:15:10,  0.62it/s, loss=0.0250]
Epoch 72:   4%|..........| 22/585 [00:00:34<00:14:53,  0.63it/s, loss=0.0252]
Epoch 72:   4%|..........| 26/585 [00:00:40<00:14:40,  0.63it/s, loss=0.0249]
Epoch 72:   5%|..........| 30/585 [00:00:47<00:14:29,  0.64it/s, loss=0.0250]
Epoch 72:   6%|..........| 34/585 [00:00:53<00:14:24,  0.64it/s, loss=0.0244]
Epoch 72:   6%|..........| 38/585 [00:00:59<00:14:21,  0.63it/s, loss=0.0247]
Epoch 72:   7%|..........| 42/585 [00:01:06<00:14:17,  0.63it/s, loss=0.0245]
Epoch 72:   8%|..........| 46/585 [00:01:12<00:14:11,  0.63it/s, loss=0.0245]
Epoch 72:   9%|..........| 50/585 [00:01:18<00:14:04,  0.63it/s, loss=0.0245]
Epoch 72:   9%|..........| 53/585 [00:01:24<00:14:09,  0.63it/s, loss=0.0247]
Epoch 72:  10%|..........| 57/585 [00:01:30<00:13:58,  0.63it/s, loss=0.0247]
Epoch 72:  10%|#.........| 61/585 [00:01:36<00:13:53,  0.63it/s, loss=0.0248]
Epoch 72:  11%|#.........| 65/585 [00:01:43<00:13:46,  0.63it/s, loss=0.0249]
Epoch 72:  12%|#.........| 69/585 [00:01:49<00:13:40,  0.63it/s, loss=0.0249]
Epoch 72:  12%|#.........| 73/585 [00:01:56<00:13:33,  0.63it/s, loss=0.0248]
Epoch 72:  13%|#.........| 77/585 [00:02:01<00:13:22,  0.63it/s, loss=0.0245]
Epoch 72:  14%|#.........| 81/585 [00:02:08<00:13:16,  0.63it/s, loss=0.0249]
Epoch 72:  15%|#.........| 85/585 [00:02:14<00:13:11,  0.63it/s, loss=0.0248]
Epoch 72:  15%|#.........| 89/585 [00:02:20<00:13:01,  0.63it/s, loss=0.0247]
Epoch 72:  16%|#.........| 92/585 [00:02:25<00:13:01,  0.63it/s, loss=0.0247]
Epoch 72:  16%|#.........| 96/585 [00:02:32<00:12:59,  0.63it/s, loss=0.0247]
Epoch 72:  17%|#.........| 99/585 [00:02:38<00:12:56,  0.63it/s, loss=0.0249]
Epoch 72:  18%|#.........| 103/585 [00:02:44<00:12:48,  0.63it/s, loss=0.0249]
Epoch 72:  18%|#.........| 107/585 [00:02:50<00:12:40,  0.63it/s, loss=0.0249]
Epoch 72:  19%|#.........| 111/585 [00:02:57<00:12:36,  0.63it/s, loss=0.0250]
Epoch 72:  20%|#.........| 115/585 [00:03:02<00:12:27,  0.63it/s, loss=0.0250]
Epoch 72:  20%|##........| 118/585 [00:03:08<00:12:24,  0.63it/s, loss=0.0251]
Epoch 72:  21%|##........| 122/585 [00:03:13<00:12:16,  0.63it/s, loss=0.0251]
Epoch 72:  22%|##........| 126/585 [00:03:20<00:12:08,  0.63it/s, loss=0.0250]
Epoch 72:  22%|##........| 130/585 [00:03:26<00:12:02,  0.63it/s, loss=0.0250]
Epoch 72:  23%|##........| 133/585 [00:03:31<00:11:59,  0.63it/s, loss=0.0250]
Epoch 72:  23%|##........| 137/585 [00:03:37<00:11:50,  0.63it/s, loss=0.0250]
Epoch 72:  24%|##........| 141/585 [00:03:43<00:11:42,  0.63it/s, loss=0.0249]
Epoch 72:  25%|##........| 145/585 [00:03:49<00:11:37,  0.63it/s, loss=0.0248]
Epoch 72:  25%|##........| 149/585 [00:03:55<00:11:29,  0.63it/s, loss=0.0248]
Epoch 72:  26%|##........| 152/585 [00:04:00<00:11:26,  0.63it/s, loss=0.0248]
Epoch 72:  27%|##........| 156/585 [00:04:07<00:11:19,  0.63it/s, loss=0.0248]
Epoch 72:  27%|##........| 159/585 [00:04:12<00:11:17,  0.63it/s, loss=0.0248]
Epoch 72:  28%|##........| 163/585 [00:04:19<00:11:11,  0.63it/s, loss=0.0249]
Epoch 72:  29%|##........| 167/585 [00:04:25<00:11:04,  0.63it/s, loss=0.0248]
Epoch 72:  29%|##........| 170/585 [00:04:31<00:11:02,  0.63it/s, loss=0.0249]
Epoch 72:  30%|##........| 174/585 [00:04:37<00:10:54,  0.63it/s, loss=0.0248]
Epoch 72:  30%|###.......| 178/585 [00:04:43<00:10:49,  0.63it/s, loss=0.0248]
Epoch 72:  31%|###.......| 181/585 [00:04:48<00:10:44,  0.63it/s, loss=0.0248]
Epoch 72:  32%|###.......| 185/585 [00:04:55<00:10:38,  0.63it/s, loss=0.0248]
Epoch 72:  32%|###.......| 189/585 [00:05:01<00:10:32,  0.63it/s, loss=0.0248]
Epoch 72:  33%|###.......| 192/585 [00:05:06<00:10:28,  0.63it/s, loss=0.0248]
Epoch 72:  34%|###.......| 196/585 [00:05:13<00:10:21,  0.63it/s, loss=0.0247]
Epoch 72:  34%|###.......| 200/585 [00:05:19<00:10:15,  0.63it/s, loss=0.0249]
Epoch 72:  35%|###.......| 204/585 [00:05:25<00:10:07,  0.63it/s, loss=0.0248]
Epoch 72:  36%|###.......| 208/585 [00:05:31<00:10:01,  0.63it/s, loss=0.0247]
Epoch 72:  36%|###.......| 212/585 [00:05:37<00:09:54,  0.63it/s, loss=0.0247]
Epoch 72:  37%|###.......| 216/585 [00:05:44<00:09:49,  0.63it/s, loss=0.0247]
Epoch 72:  38%|###.......| 220/585 [00:05:51<00:09:43,  0.63it/s, loss=0.0248]
Epoch 72:  38%|###.......| 224/585 [00:05:58<00:09:37,  0.63it/s, loss=0.0247]
Epoch 72:  39%|###.......| 228/585 [00:06:04<00:09:29,  0.63it/s, loss=0.0247]
Epoch 72:  39%|###.......| 231/585 [00:06:09<00:09:25,  0.63it/s, loss=0.0247]
Epoch 72:  40%|####......| 235/585 [00:06:14<00:09:18,  0.63it/s, loss=0.0247]
Epoch 72:  41%|####......| 239/585 [00:06:20<00:09:11,  0.63it/s, loss=0.0246]
Epoch 72:  42%|####......| 243/585 [00:06:27<00:09:05,  0.63it/s, loss=0.0247]
Epoch 72:  42%|####......| 247/585 [00:06:33<00:08:58,  0.63it/s, loss=0.0246]
Epoch 72:  43%|####......| 250/585 [00:06:39<00:08:54,  0.63it/s, loss=0.0246]
Epoch 72:  43%|####......| 254/585 [00:06:45<00:08:48,  0.63it/s, loss=0.0246]
Epoch 72:  44%|####......| 258/585 [00:06:51<00:08:42,  0.63it/s, loss=0.0246]
Epoch 72:  45%|####......| 261/585 [00:06:56<00:08:37,  0.63it/s, loss=0.0246]
Epoch 72:  45%|####......| 265/585 [00:07:03<00:08:31,  0.63it/s, loss=0.0246]
Epoch 72:  46%|####......| 269/585 [00:07:10<00:08:25,  0.62it/s, loss=0.0246]
Epoch 72:  47%|####......| 273/585 [00:07:17<00:08:19,  0.62it/s, loss=0.0246]
Epoch 72:  47%|####......| 276/585 [00:07:22<00:08:15,  0.62it/s, loss=0.0246]
Epoch 72:  48%|####......| 280/585 [00:07:28<00:08:08,  0.62it/s, loss=0.0245]
Epoch 72:  49%|####......| 284/585 [00:07:34<00:08:01,  0.62it/s, loss=0.0245]
Epoch 72:  49%|####......| 287/585 [00:07:40<00:07:57,  0.62it/s, loss=0.0246]
Epoch 72:  50%|####......| 290/585 [00:07:45<00:07:53,  0.62it/s, loss=0.0246]
Epoch 72:  50%|#####.....| 294/585 [00:07:51<00:07:46,  0.62it/s, loss=0.0245]
Epoch 72:  51%|#####.....| 298/585 [00:07:58<00:07:40,  0.62it/s, loss=0.0246]
Epoch 72:  51%|#####.....| 301/585 [00:08:03<00:07:35,  0.62it/s, loss=0.0247]
Epoch 72:  52%|#####.....| 304/585 [00:08:08<00:07:31,  0.62it/s, loss=0.0246]
Epoch 72:  53%|#####.....| 308/585 [00:08:14<00:07:24,  0.62it/s, loss=0.0246]
Epoch 72:  53%|#####.....| 312/585 [00:08:20<00:07:18,  0.62it/s, loss=0.0246]
Epoch 72:  54%|#####.....| 315/585 [00:08:25<00:07:13,  0.62it/s, loss=0.0247]
Epoch 72:  54%|#####.....| 318/585 [00:08:31<00:07:09,  0.62it/s, loss=0.0247]
Epoch 72:  55%|#####.....| 322/585 [00:08:37<00:07:02,  0.62it/s, loss=0.0247]
Epoch 72:  56%|#####.....| 326/585 [00:08:43<00:06:56,  0.62it/s, loss=0.0247]
Epoch 72:  56%|#####.....| 329/585 [00:08:49<00:06:51,  0.62it/s, loss=0.0247]
Epoch 72:  57%|#####.....| 333/585 [00:08:55<00:06:45,  0.62it/s, loss=0.0247]
Epoch 72:  58%|#####.....| 337/585 [00:09:01<00:06:38,  0.62it/s, loss=0.0247]
Epoch 72:  58%|#####.....| 341/585 [00:09:07<00:06:31,  0.62it/s, loss=0.0247]
Epoch 72:  59%|#####.....| 345/585 [00:09:13<00:06:24,  0.62it/s, loss=0.0247]
Epoch 72:  60%|#####.....| 349/585 [00:09:19<00:06:18,  0.62it/s, loss=0.0247]
Epoch 72:  60%|######....| 353/585 [00:09:26<00:06:12,  0.62it/s, loss=0.0247]
Epoch 72:  61%|######....| 357/585 [00:09:32<00:06:05,  0.62it/s, loss=0.0247]
Epoch 72:  62%|######....| 361/585 [00:09:38<00:05:59,  0.62it/s, loss=0.0247]
Epoch 72:  62%|######....| 364/585 [00:09:44<00:05:54,  0.62it/s, loss=0.0247]
Epoch 72:  63%|######....| 368/585 [00:09:50<00:05:48,  0.62it/s, loss=0.0247]
Epoch 72:  64%|######....| 372/585 [00:09:57<00:05:42,  0.62it/s, loss=0.0247]
Epoch 72:  64%|######....| 376/585 [00:10:03<00:05:35,  0.62it/s, loss=0.0247]
Epoch 72:  65%|######....| 380/585 [00:10:09<00:05:29,  0.62it/s, loss=0.0246]
Epoch 72:  66%|######....| 384/585 [00:10:16<00:05:22,  0.62it/s, loss=0.0246]
Epoch 72:  66%|######....| 388/585 [00:10:22<00:05:16,  0.62it/s, loss=0.0246]
Epoch 72:  67%|######....| 392/585 [00:10:28<00:05:09,  0.62it/s, loss=0.0247]
Epoch 72:  68%|######....| 395/585 [00:10:34<00:05:05,  0.62it/s, loss=0.0246]
Epoch 72:  68%|######....| 399/585 [00:10:40<00:04:58,  0.62it/s, loss=0.0246]
Epoch 72:  69%|######....| 403/585 [00:10:46<00:04:52,  0.62it/s, loss=0.0246]
Epoch 72:  70%|######....| 407/585 [00:10:53<00:04:45,  0.62it/s, loss=0.0246]
Epoch 72:  70%|#######...| 411/585 [00:11:00<00:04:39,  0.62it/s, loss=0.0246]
Epoch 72:  71%|#######...| 414/585 [00:11:05<00:04:34,  0.62it/s, loss=0.0246]
Epoch 72:  71%|#######...| 417/585 [00:11:11<00:04:30,  0.62it/s, loss=0.0246]
Epoch 72:  72%|#######...| 421/585 [00:11:17<00:04:23,  0.62it/s, loss=0.0246]
Epoch 72:  72%|#######...| 424/585 [00:11:22<00:04:19,  0.62it/s, loss=0.0246]
Epoch 72:  73%|#######...| 428/585 [00:11:28<00:04:12,  0.62it/s, loss=0.0245]
Epoch 72:  74%|#######...| 432/585 [00:11:34<00:04:06,  0.62it/s, loss=0.0246]
Epoch 72:  75%|#######...| 436/585 [00:11:40<00:03:59,  0.62it/s, loss=0.0246]
Epoch 72:  75%|#######...| 440/585 [00:11:47<00:03:53,  0.62it/s, loss=0.0246]
Epoch 72:  76%|#######...| 443/585 [00:11:52<00:03:48,  0.62it/s, loss=0.0246]
Epoch 72:  76%|#######...| 446/585 [00:11:58<00:03:43,  0.62it/s, loss=0.0247]
Epoch 72:  77%|#######...| 449/585 [00:12:04<00:03:39,  0.62it/s, loss=0.0247]
Epoch 72:  77%|#######...| 453/585 [00:12:11<00:03:33,  0.62it/s, loss=0.0247]
Epoch 72:  78%|#######...| 457/585 [00:12:17<00:03:26,  0.62it/s, loss=0.0247]
Epoch 72:  79%|#######...| 461/585 [00:12:23<00:03:20,  0.62it/s, loss=0.0247]
Epoch 72:  79%|#######...| 465/585 [00:12:29<00:03:13,  0.62it/s, loss=0.0247]
Epoch 72:  80%|########..| 468/585 [00:12:34<00:03:08,  0.62it/s, loss=0.0247]
Epoch 72:  81%|########..| 472/585 [00:12:41<00:03:02,  0.62it/s, loss=0.0248]
Epoch 72:  81%|########..| 476/585 [00:12:47<00:02:55,  0.62it/s, loss=0.0248]
Epoch 72:  82%|########..| 480/585 [00:12:53<00:02:49,  0.62it/s, loss=0.0248]
Epoch 72:  83%|########..| 484/585 [00:12:59<00:02:42,  0.62it/s, loss=0.0248]
Epoch 72:  83%|########..| 488/585 [00:13:06<00:02:36,  0.62it/s, loss=0.0248]
Epoch 72:  84%|########..| 492/585 [00:13:12<00:02:29,  0.62it/s, loss=0.0247]
Epoch 72:  85%|########..| 496/585 [00:13:18<00:02:23,  0.62it/s, loss=0.0247]
Epoch 72:  85%|########..| 500/585 [00:13:25<00:02:16,  0.62it/s, loss=0.0247]
Epoch 72:  86%|########..| 503/585 [00:13:30<00:02:12,  0.62it/s, loss=0.0249]
Epoch 72:  86%|########..| 506/585 [00:13:36<00:02:07,  0.62it/s, loss=0.0249]
Epoch 72:  87%|########..| 509/585 [00:13:41<00:02:02,  0.62it/s, loss=0.0249]
Epoch 72:  88%|########..| 512/585 [00:13:46<00:01:57,  0.62it/s, loss=0.0249]
Epoch 72:  88%|########..| 516/585 [00:13:52<00:01:51,  0.62it/s, loss=0.0249]
Epoch 72:  89%|########..| 520/585 [00:13:58<00:01:44,  0.62it/s, loss=0.0249]
Epoch 72:  90%|########..| 524/585 [00:14:04<00:01:38,  0.62it/s, loss=0.0249]
Epoch 72:  90%|#########.| 528/585 [00:14:10<00:01:31,  0.62it/s, loss=0.0249]
Epoch 72:  91%|#########.| 532/585 [00:14:17<00:01:25,  0.62it/s, loss=0.0250]
Epoch 72:  92%|#########.| 536/585 [00:14:23<00:01:18,  0.62it/s, loss=0.0250]
Epoch 72:  92%|#########.| 540/585 [00:14:30<00:01:12,  0.62it/s, loss=0.0250]
Epoch 72:  93%|#########.| 544/585 [00:14:35<00:01:06,  0.62it/s, loss=0.0250]
Epoch 72:  94%|#########.| 548/585 [00:14:42<00:00:59,  0.62it/s, loss=0.0250]
Epoch 72:  94%|#########.| 551/585 [00:14:47<00:00:54,  0.62it/s, loss=0.0250]
Epoch 72:  95%|#########.| 555/585 [00:14:53<00:00:48,  0.62it/s, loss=0.0250]
Epoch 72:  96%|#########.| 559/585 [00:14:59<00:00:41,  0.62it/s, loss=0.0249]
Epoch 72:  96%|#########.| 562/585 [00:15:04<00:00:37,  0.62it/s, loss=0.0249]
Epoch 72:  97%|#########.| 565/585 [00:15:09<00:00:32,  0.62it/s, loss=0.0249]
Epoch 72:  97%|#########.| 568/585 [00:15:15<00:00:27,  0.62it/s, loss=0.0249]
Epoch 72:  98%|#########.| 572/585 [00:15:21<00:00:20,  0.62it/s, loss=0.0249]
Epoch 72:  98%|#########.| 576/585 [00:15:27<00:00:14,  0.62it/s, loss=0.0249]
Epoch 72:  99%|#########.| 580/585 [00:15:33<00:00:08,  0.62it/s, loss=0.0249]
Epoch 72: 100%|#########.| 583/585 [00:15:39<00:00:03,  0.62it/s, loss=0.0249]
Epoch 72: 100%|##########| 585/585 [00:15:43<00:00:00,  0.62it/s, loss=0.0249]
Test loss: 0.0228, Test rmsae: 7.09deg
{"event": "epoch_complete", "epoch": 72, "phase": 2, "lr": 1e-05, "batch_size": 10, "micro_batch_size": 1, "train_loss": 0.02491333878511547, "val_loss": 0.022801906568929553, "val_rmsae_deg": 7.08765272796154, "epoch_time_s": 944.0959980479674}
Epoch 73/80:
Epoch 73:   1%|..........| 4/585 [00:00:06<00:15:03,  0.64it/s, loss=0.0278]
Epoch 73:   1%|..........| 8/585 [00:00:11<00:14:24,  0.67it/s, loss=0.0252]
Epoch 73:   2%|..........| 11/585 [00:00:17<00:15:21,  0.62it/s, loss=0.0258]
Epoch 73:   3%|..........| 15/585 [00:00:23<00:15:08,  0.63it/s, loss=0.0240]
Epoch 73:   3%|..........| 19/585 [00:00:30<00:15:00,  0.63it/s, loss=0.0230]
Epoch 73:   4%|..........| 23/585 [00:00:36<00:14:45,  0.64it/s, loss=0.0229]
Epoch 73:   5%|..........| 27/585 [00:00:42<00:14:35,  0.64it/s, loss=0.0231]
Epoch 73:   5%|..........| 30/585 [00:00:47<00:14:41,  0.63it/s, loss=0.0239]
Epoch 73:   6%|..........| 34/585 [00:00:53<00:14:32,  0.63it/s, loss=0.0237]
Epoch 73:   6%|..........| 37/585 [00:00:58<00:14:33,  0.63it/s, loss=0.0238]
Epoch 73:   7%|..........| 40/585 [00:01:04<00:14:34,  0.62it/s, loss=0.0238]
Epoch 73:   8%|..........| 44/585 [00:01:10<00:14:25,  0.62it/s, loss=0.0239]
Epoch 73:   8%|..........| 48/585 [00:01:16<00:14:14,  0.63it/s, loss=0.0240]
Epoch 73:   9%|..........| 52/585 [00:01:22<00:14:05,  0.63it/s, loss=0.0241]
Epoch 73:   9%|..........| 55/585 [00:01:28<00:14:08,  0.62it/s, loss=0.0253]
Epoch 73:  10%|..........| 58/585 [00:01:33<00:14:05,  0.62it/s, loss=0.0254]
Epoch 73:  11%|#.........| 62/585 [00:01:39<00:13:59,  0.62it/s, loss=0.0253]
Epoch 73:  11%|#.........| 65/585 [00:01:44<00:13:58,  0.62it/s, loss=0.0252]
Epoch 73:  12%|#.........| 69/585 [00:01:50<00:13:47,  0.62it/s, loss=0.0249]
Epoch 73:  12%|#.........| 72/585 [00:01:56<00:13:50,  0.62it/s, loss=0.0248]
Epoch 73:  13%|#.........| 75/585 [00:02:02<00:13:51,  0.61it/s, loss=0.0247]
Epoch 73:  14%|#.........| 79/585 [00:02:09<00:13:47,  0.61it/s, loss=0.0248]
Epoch 73:  14%|#.........| 83/585 [00:02:15<00:13:39,  0.61it/s, loss=0.0247]
Epoch 73:  15%|#.........| 87/585 [00:02:22<00:13:33,  0.61it/s, loss=0.0247]
Epoch 73:  16%|#.........| 91/585 [00:02:28<00:13:25,  0.61it/s, loss=0.0246]
Epoch 73:  16%|#.........| 94/585 [00:02:33<00:13:23,  0.61it/s, loss=0.0247]
Epoch 73:  17%|#.........| 98/585 [00:02:40<00:13:15,  0.61it/s, loss=0.0246]
Epoch 73:  17%|#.........| 102/585 [00:02:46<00:13:08,  0.61it/s, loss=0.0244]
Epoch 73:  18%|#.........| 105/585 [00:02:51<00:13:05,  0.61it/s, loss=0.0247]
Epoch 73:  18%|#.........| 108/585 [00:02:57<00:13:03,  0.61it/s, loss=0.0248]
Epoch 73:  19%|#.........| 112/585 [00:03:03<00:12:54,  0.61it/s, loss=0.0247]
Epoch 73:  20%|#.........| 116/585 [00:03:09<00:12:47,  0.61it/s, loss=0.0247]
Epoch 73:  21%|##........| 120/585 [00:03:16<00:12:40,  0.61it/s, loss=0.0246]
Epoch 73:  21%|##........| 124/585 [00:03:22<00:12:32,  0.61it/s, loss=0.0246]
Epoch 73:  22%|##........| 127/585 [00:03:27<00:12:28,  0.61it/s, loss=0.0246]
Epoch 73:  22%|##........| 131/585 [00:03:34<00:12:23,  0.61it/s, loss=0.0245]
Epoch 73:  23%|##........| 134/585 [00:03:40<00:12:21,  0.61it/s, loss=0.0245]
Epoch 73:  24%|##........| 138/585 [00:03:46<00:12:13,  0.61it/s, loss=0.0246]
Epoch 73:  24%|##........| 142/585 [00:03:52<00:12:05,  0.61it/s, loss=0.0247]
Epoch 73:  25%|##........| 146/585 [00:03:59<00:11:59,  0.61it/s, loss=0.0247]
Epoch 73:  26%|##........| 150/585 [00:04:04<00:11:50,  0.61it/s, loss=0.0246]
Epoch 73:  26%|##........| 154/585 [00:04:11<00:11:43,  0.61it/s, loss=0.0245]
Epoch 73:  27%|##........| 158/585 [00:04:17<00:11:36,  0.61it/s, loss=0.0244]
Epoch 73:  28%|##........| 162/585 [00:04:24<00:11:30,  0.61it/s, loss=0.0245]
Epoch 73:  28%|##........| 166/585 [00:04:30<00:11:22,  0.61it/s, loss=0.0244]
Epoch 73:  29%|##........| 170/585 [00:04:36<00:11:15,  0.61it/s, loss=0.0244]
Epoch 73:  30%|##........| 174/585 [00:04:42<00:11:08,  0.61it/s, loss=0.0243]
Epoch 73:  30%|###.......| 178/585 [00:04:49<00:11:01,  0.62it/s, loss=0.0244]
Epoch 73:  31%|###.......| 182/585 [00:04:55<00:10:53,  0.62it/s, loss=0.0244]
Epoch 73:  32%|###.......| 185/585 [00:05:00<00:10:50,  0.61it/s, loss=0.0244]
Epoch 73:  32%|###.......| 189/585 [00:05:07<00:10:43,  0.62it/s, loss=0.0244]
Epoch 73:  33%|###.......| 192/585 [00:05:12<00:10:40,  0.61it/s, loss=0.0245]
Epoch 73:  34%|###.......| 196/585 [00:05:18<00:10:32,  0.61it/s, loss=0.0245]
Epoch 73:  34%|###.......| 200/585 [00:05:25<00:10:25,  0.62it/s, loss=0.0246]
Epoch 73:  35%|###.......| 204/585 [00:05:31<00:10:19,  0.62it/s, loss=0.0245]
Epoch 73:  36%|###.......| 208/585 [00:05:37<00:10:12,  0.62it/s, loss=0.0244]
Epoch 73:  36%|###.......| 212/585 [00:05:43<00:10:04,  0.62it/s, loss=0.0244]
Epoch 73:  37%|###.......| 215/585 [00:05:48<00:10:00,  0.62it/s, loss=0.0244]
Epoch 73:  37%|###.......| 219/585 [00:05:55<00:09:53,  0.62it/s, loss=0.0243]
Epoch 73:  38%|###.......| 223/585 [00:06:01<00:09:46,  0.62it/s, loss=0.0244]
Epoch 73:  39%|###.......| 227/585 [00:06:07<00:09:39,  0.62it/s, loss=0.0244]
Epoch 73:  39%|###.......| 231/585 [00:06:13<00:09:32,  0.62it/s, loss=0.0243]
Epoch 73:  40%|####......| 234/585 [00:06:19<00:09:29,  0.62it/s, loss=0.0244]
Epoch 73:  41%|####......| 237/585 [00:06:25<00:09:25,  0.62it/s, loss=0.0245]
Epoch 73:  41%|####......| 241/585 [00:06:31<00:09:18,  0.62it/s, loss=0.0244]
Epoch 73:  42%|####......| 244/585 [00:06:37<00:09:15,  0.61it/s, loss=0.0244]
Epoch 73:  42%|####......| 248/585 [00:06:43<00:09:08,  0.61it/s, loss=0.0245]
Epoch 73:  43%|####......| 252/585 [00:06:50<00:09:01,  0.61it/s, loss=0.0244]
Epoch 73:  44%|####......| 256/585 [00:06:56<00:08:54,  0.62it/s, loss=0.0244]
Epoch 73:  44%|####......| 260/585 [00:07:01<00:08:47,  0.62it/s, loss=0.0244]
Epoch 73:  45%|####......| 264/585 [00:07:07<00:08:39,  0.62it/s, loss=0.0245]
Epoch 73:  46%|####......| 267/585 [00:07:13<00:08:35,  0.62it/s, loss=0.0246]
Epoch 73:  46%|####......| 271/585 [00:07:19<00:08:28,  0.62it/s, loss=0.0245]
Epoch 73:  47%|####......| 275/585 [00:07:25<00:08:21,  0.62it/s, loss=0.0245]
Epoch 73:  48%|####......| 279/585 [00:07:30<00:08:14,  0.62it/s, loss=0.0245]
Epoch 73:  48%|####......| 282/585 [00:07:36<00:08:10,  0.62it/s, loss=0.0245]
Epoch 73:  49%|####......| 285/585 [00:07:42<00:08:06,  0.62it/s, loss=0.0245]
Epoch 73:  49%|####......| 289/585 [00:07:47<00:07:59,  0.62it/s, loss=0.0245]
Epoch 73:  50%|####......| 292/585 [00:07:53<00:07:54,  0.62it/s, loss=0.0245]
Epoch 73:  51%|#####.....| 296/585 [00:07:59<00:07:48,  0.62it/s, loss=0.0245]
Epoch 73:  51%|#####.....| 300/585 [00:08:05<00:07:41,  0.62it/s, loss=0.0244]
Epoch 73:  52%|#####.....| 304/585 [00:08:11<00:07:34,  0.62it/s, loss=0.0244]
Epoch 73:  53%|#####.....| 308/585 [00:08:18<00:07:28,  0.62it/s, loss=0.0244]
Epoch 73:  53%|#####.....| 312/585 [00:08:25<00:07:22,  0.62it/s, loss=0.0245]
Epoch 73:  54%|#####.....| 316/585 [00:08:31<00:07:15,  0.62it/s, loss=0.0245]
Epoch 73:  55%|#####.....| 320/585 [00:08:37<00:07:08,  0.62it/s, loss=0.0246]
Epoch 73:  55%|#####.....| 323/585 [00:08:42<00:07:04,  0.62it/s, loss=0.0246]
Epoch 73:  56%|#####.....| 326/585 [00:08:48<00:06:59,  0.62it/s, loss=0.0245]
Epoch 73:  56%|#####.....| 330/585 [00:08:54<00:06:52,  0.62it/s, loss=0.0245]
Epoch 73:  57%|#####.....| 334/585 [00:09:00<00:06:45,  0.62it/s, loss=0.0245]
Epoch 73:  58%|#####.....| 338/585 [00:09:06<00:06:39,  0.62it/s, loss=0.0245]
Epoch 73:  58%|#####.....| 342/585 [00:09:12<00:06:32,  0.62it/s, loss=0.0246]
Epoch 73:  59%|#####.....| 346/585 [00:09:18<00:06:26,  0.62it/s, loss=0.0245]
Epoch 73:  60%|#####.....| 349/585 [00:09:24<00:06:21,  0.62it/s, loss=0.0245]
Epoch 73:  60%|######....| 353/585 [00:09:30<00:06:14,  0.62it/s, loss=0.0245]
Epoch 73:  61%|######....| 356/585 [00:09:35<00:06:10,  0.62it/s, loss=0.0245]
Epoch 73:  62%|######....| 360/585 [00:09:41<00:06:03,  0.62it/s, loss=0.0245]
Epoch 73:  62%|######....| 364/585 [00:09:47<00:05:56,  0.62it/s, loss=0.0245]
Epoch 73:  63%|######....| 368/585 [00:09:53<00:05:49,  0.62it/s, loss=0.0245]
Epoch 73:  63%|######....| 371/585 [00:09:59<00:05:45,  0.62it/s, loss=0.0247]
Epoch 73:  64%|######....| 375/585 [00:10:05<00:05:38,  0.62it/s, loss=0.0247]
Epoch 73:  65%|######....| 379/585 [00:10:11<00:05:32,  0.62it/s, loss=0.0247]
Epoch 73:  65%|######....| 382/585 [00:10:16<00:05:27,  0.62it/s, loss=0.0247]
Epoch 73:  66%|######....| 386/585 [00:10:23<00:05:21,  0.62it/s, loss=0.0246]
Epoch 73:  67%|######....| 390/585 [00:10:29<00:05:14,  0.62it/s, loss=0.0246]
Epoch 73:  67%|######....| 394/585 [00:10:36<00:05:08,  0.62it/s, loss=0.0246]
Epoch 73:  68%|######....| 398/585 [00:10:41<00:05:01,  0.62it/s, loss=0.0246]
Epoch 73:  69%|######....| 402/585 [00:10:48<00:04:55,  0.62it/s, loss=0.0246]
Epoch 73:  69%|######....| 405/585 [00:10:54<00:04:50,  0.62it/s, loss=0.0246]
Epoch 73:  70%|######....| 409/585 [00:11:00<00:04:44,  0.62it/s, loss=0.0246]
Epoch 73:  71%|#######...| 413/585 [00:11:06<00:04:37,  0.62it/s, loss=0.0246]
Epoch 73:  71%|#######...| 416/585 [00:11:11<00:04:32,  0.62it/s, loss=0.0246]
Epoch 73:  72%|#######...| 419/585 [00:11:17<00:04:28,  0.62it/s, loss=0.0246]
Epoch 73:  72%|#######...| 422/585 [00:11:22<00:04:23,  0.62it/s, loss=0.0246]
Epoch 73:  73%|#######...| 425/585 [00:11:29<00:04:19,  0.62it/s, loss=0.0246]
Epoch 73:  73%|#######...| 429/585 [00:11:35<00:04:12,  0.62it/s, loss=0.0246]
Epoch 73:  74%|#######...| 432/585 [00:11:40<00:04:08,  0.62it/s, loss=0.0246]
Epoch 73:  75%|#######...| 436/585 [00:11:47<00:04:01,  0.62it/s, loss=0.0246]
Epoch 73:  75%|#######...| 439/585 [00:11:52<00:03:56,  0.62it/s, loss=0.0246]
Epoch 73:  76%|#######...| 443/585 [00:11:58<00:03:50,  0.62it/s, loss=0.0246]
Epoch 73:  76%|#######...| 447/585 [00:12:05<00:03:43,  0.62it/s, loss=0.0247]
Epoch 73:  77%|#######...| 450/585 [00:12:10<00:03:39,  0.62it/s, loss=0.0247]
Epoch 73:  78%|#######...| 454/585 [00:12:17<00:03:32,  0.62it/s, loss=0.0247]
Epoch 73:  78%|#######...| 458/585 [00:12:23<00:03:26,  0.62it/s, loss=0.0247]
Epoch 73:  79%|#######...| 461/585 [00:12:28<00:03:21,  0.62it/s, loss=0.0247]
Epoch 73:  79%|#######...| 465/585 [00:12:35<00:03:14,  0.62it/s, loss=0.0247]
Epoch 73:  80%|########..| 469/585 [00:12:41<00:03:08,  0.62it/s, loss=0.0247]
Epoch 73:  81%|########..| 473/585 [00:12:48<00:03:01,  0.62it/s, loss=0.0246]
Epoch 73:  81%|########..| 476/585 [00:12:53<00:02:57,  0.62it/s, loss=0.0246]
Epoch 73:  82%|########..| 479/585 [00:12:59<00:02:52,  0.61it/s, loss=0.0247]
Epoch 73:  83%|########..| 483/585 [00:13:05<00:02:45,  0.61it/s, loss=0.0247]
Epoch 73:  83%|########..| 487/585 [00:13:11<00:02:39,  0.62it/s, loss=0.0247]
Epoch 73:  84%|########..| 491/585 [00:13:17<00:02:32,  0.62it/s, loss=0.0247]
Epoch 73:  85%|########..| 495/585 [00:13:23<00:02:26,  0.62it/s, loss=0.0247]
Epoch 73:  85%|########..| 499/585 [00:13:29<00:02:19,  0.62it/s, loss=0.0246]
Epoch 73:  86%|########..| 502/585 [00:13:34<00:02:14,  0.62it/s, loss=0.0246]
Epoch 73:  86%|########..| 506/585 [00:13:40<00:02:08,  0.62it/s, loss=0.0246]
Epoch 73:  87%|########..| 509/585 [00:13:45<00:02:03,  0.62it/s, loss=0.0246]
Epoch 73:  88%|########..| 512/585 [00:13:51<00:01:58,  0.62it/s, loss=0.0247]
Epoch 73:  88%|########..| 516/585 [00:13:56<00:01:51,  0.62it/s, loss=0.0246]
Epoch 73:  89%|########..| 520/585 [00:14:03<00:01:45,  0.62it/s, loss=0.0246]
Epoch 73:  89%|########..| 523/585 [00:14:09<00:01:40,  0.62it/s, loss=0.0247]
Epoch 73:  90%|#########.| 527/585 [00:14:15<00:01:34,  0.62it/s, loss=0.0247]
Epoch 73:  91%|#########.| 531/585 [00:14:22<00:01:27,  0.62it/s, loss=0.0247]
Epoch 73:  91%|#########.| 534/585 [00:14:27<00:01:22,  0.62it/s, loss=0.0247]
Epoch 73:  92%|#########.| 538/585 [00:14:33<00:01:16,  0.62it/s, loss=0.0247]
Epoch 73:  92%|#########.| 541/585 [00:14:39<00:01:11,  0.62it/s, loss=0.0247]
Epoch 73:  93%|#########.| 545/585 [00:14:46<00:01:05,  0.61it/s, loss=0.0247]
Epoch 73:  94%|#########.| 549/585 [00:14:52<00:00:58,  0.62it/s, loss=0.0247]
Epoch 73:  95%|#########.| 553/585 [00:14:58<00:00:51,  0.62it/s, loss=0.0247]
Epoch 73:  95%|#########.| 557/585 [00:15:04<00:00:45,  0.62it/s, loss=0.0247]
Epoch 73:  96%|#########.| 561/585 [00:15:10<00:00:38,  0.62it/s, loss=0.0247]
Epoch 73:  96%|#########.| 564/585 [00:15:15<00:00:34,  0.62it/s, loss=0.0247]
Epoch 73:  97%|#########.| 568/585 [00:15:22<00:00:27,  0.62it/s, loss=0.0247]
Epoch 73:  98%|#########.| 572/585 [00:15:28<00:00:21,  0.62it/s, loss=0.0247]
Epoch 73:  98%|#########.| 575/585 [00:15:34<00:00:16,  0.62it/s, loss=0.0247]
Epoch 73:  99%|#########.| 579/585 [00:15:40<00:00:09,  0.62it/s, loss=0.0246]
Epoch 73: 100%|#########.| 583/585 [00:15:46<00:00:03,  0.62it/s, loss=0.0246]
Epoch 73: 100%|##########| 585/585 [00:15:49<00:00:00,  0.62it/s, loss=0.0246]
Test loss: 0.0228, Test rmsae: 7.11deg
{"event": "epoch_complete", "epoch": 73, "phase": 2, "lr": 1e-05, "batch_size": 10, "micro_batch_size": 1, "train_loss": 0.024612151828204466, "val_loss": 0.02281183746526949, "val_rmsae_deg": 7.109479114413261, "epoch_time_s": 950.8106706860708}
Epoch 74/80:
Epoch 74:   1%|..........| 4/585 [00:00:05<00:14:19,  0.68it/s, loss=0.0227]
Epoch 74:   1%|..........| 7/585 [00:00:11<00:16:16,  0.59it/s, loss=0.0249]
Epoch 74:   2%|..........| 11/585 [00:00:17<00:15:36,  0.61it/s, loss=0.0234]
Epoch 74:   2%|..........| 14/585 [00:00:23<00:15:44,  0.60it/s, loss=0.0256]
Epoch 74:   3%|..........| 18/585 [00:00:29<00:15:25,  0.61it/s, loss=0.0252]
Epoch 74:   4%|..........| 21/585 [00:00:35<00:15:48,  0.59it/s, loss=0.0253]
Epoch 74:   4%|..........| 25/585 [00:00:41<00:15:24,  0.61it/s, loss=0.0247]
Epoch 74:   5%|..........| 28/585 [00:00:46<00:15:23,  0.60it/s, loss=0.0244]
Epoch 74:   5%|..........| 32/585 [00:00:52<00:15:13,  0.61it/s, loss=0.0242]
Epoch 74:   6%|..........| 36/585 [00:00:59<00:15:08,  0.60it/s, loss=0.0243]
Epoch 74:   7%|..........| 40/585 [00:01:05<00:14:55,  0.61it/s, loss=0.0240]
Epoch 74:   7%|..........| 43/585 [00:01:12<00:15:08,  0.60it/s, loss=0.0240]
Epoch 74:   8%|..........| 47/585 [00:01:18<00:14:59,  0.60it/s, loss=0.0242]
Epoch 74:   9%|..........| 51/585 [00:01:25<00:15:00,  0.59it/s, loss=0.0243]
Epoch 74:   9%|..........| 55/585 [00:01:31<00:14:43,  0.60it/s, loss=0.0242]
Epoch 74:  10%|#.........| 59/585 [00:01:37<00:14:30,  0.60it/s, loss=0.0243]
Epoch 74:  11%|#.........| 63/585 [00:01:43<00:14:19,  0.61it/s, loss=0.0242]
Epoch 74:  11%|#.........| 66/585 [00:01:48<00:14:16,  0.61it/s, loss=0.0243]
Epoch 74:  12%|#.........| 70/585 [00:01:55<00:14:09,  0.61it/s, loss=0.0241]
Epoch 74:  13%|#.........| 74/585 [00:02:01<00:13:59,  0.61it/s, loss=0.0242]
Epoch 74:  13%|#.........| 77/585 [00:02:06<00:13:56,  0.61it/s, loss=0.0241]
Epoch 74:  14%|#.........| 80/585 [00:02:12<00:13:56,  0.60it/s, loss=0.0243]
Epoch 74:  14%|#.........| 84/585 [00:02:18<00:13:44,  0.61it/s, loss=0.0241]
Epoch 74:  15%|#.........| 88/585 [00:02:24<00:13:36,  0.61it/s, loss=0.0240]
Epoch 74:  16%|#.........| 92/585 [00:02:31<00:13:31,  0.61it/s, loss=0.0239]
Epoch 74:  16%|#.........| 96/585 [00:02:37<00:13:24,  0.61it/s, loss=0.0240]
Epoch 74:  17%|#.........| 100/585 [00:02:44<00:13:15,  0.61it/s, loss=0.0238]
Epoch 74:  18%|#.........| 103/585 [00:02:50<00:13:15,  0.61it/s, loss=0.0240]
Epoch 74:  18%|#.........| 106/585 [00:02:55<00:13:13,  0.60it/s, loss=0.0239]
Epoch 74:  19%|#.........| 110/585 [00:03:01<00:13:04,  0.61it/s, loss=0.0239]
Epoch 74:  19%|#.........| 114/585 [00:03:08<00:12:59,  0.60it/s, loss=0.0242]
Epoch 74:  20%|##........| 118/585 [00:03:15<00:12:52,  0.60it/s, loss=0.0243]
Epoch 74:  21%|##........| 122/585 [00:03:21<00:12:46,  0.60it/s, loss=0.0244]
Epoch 74:  21%|##........| 125/585 [00:03:27<00:12:43,  0.60it/s, loss=0.0244]
Epoch 74:  22%|##........| 128/585 [00:03:32<00:12:39,  0.60it/s, loss=0.0244]
Epoch 74:  22%|##........| 131/585 [00:03:38<00:12:36,  0.60it/s, loss=0.0244]
Epoch 74:  23%|##........| 134/585 [00:03:44<00:12:34,  0.60it/s, loss=0.0243]
Epoch 74:  24%|##........| 138/585 [00:03:50<00:12:26,  0.60it/s, loss=0.0244]
Epoch 74:  24%|##........| 142/585 [00:03:56<00:12:18,  0.60it/s, loss=0.0245]
Epoch 74:  25%|##........| 146/585 [00:04:02<00:12:09,  0.60it/s, loss=0.0244]
Epoch 74:  25%|##........| 149/585 [00:04:07<00:12:04,  0.60it/s, loss=0.0244]
Epoch 74:  26%|##........| 152/585 [00:04:14<00:12:04,  0.60it/s, loss=0.0243]
Epoch 74:  27%|##........| 156/585 [00:04:20<00:11:56,  0.60it/s, loss=0.0242]
Epoch 74:  27%|##........| 160/585 [00:04:26<00:11:47,  0.60it/s, loss=0.0241]
Epoch 74:  28%|##........| 164/585 [00:04:32<00:11:39,  0.60it/s, loss=0.0240]
Epoch 74:  29%|##........| 168/585 [00:04:38<00:11:31,  0.60it/s, loss=0.0241]
Epoch 74:  29%|##........| 171/585 [00:04:44<00:11:28,  0.60it/s, loss=0.0240]
Epoch 74:  30%|##........| 175/585 [00:04:50<00:11:20,  0.60it/s, loss=0.0240]
Epoch 74:  30%|###.......| 178/585 [00:04:55<00:11:15,  0.60it/s, loss=0.0240]
Epoch 74:  31%|###.......| 181/585 [00:05:00<00:11:10,  0.60it/s, loss=0.0240]
Epoch 74:  31%|###.......| 184/585 [00:05:06<00:11:07,  0.60it/s, loss=0.0240]
Epoch 74:  32%|###.......| 188/585 [00:05:12<00:10:59,  0.60it/s, loss=0.0240]
Epoch 74:  33%|###.......| 191/585 [00:05:18<00:10:56,  0.60it/s, loss=0.0240]
Epoch 74:  33%|###.......| 195/585 [00:05:24<00:10:49,  0.60it/s, loss=0.0240]
Epoch 74:  34%|###.......| 199/585 [00:05:30<00:10:41,  0.60it/s, loss=0.0240]
Epoch 74:  35%|###.......| 203/585 [00:05:36<00:10:34,  0.60it/s, loss=0.0240]
Epoch 74:  35%|###.......| 207/585 [00:05:43<00:10:27,  0.60it/s, loss=0.0240]
Epoch 74:  36%|###.......| 210/585 [00:05:49<00:10:23,  0.60it/s, loss=0.0241]
Epoch 74:  37%|###.......| 214/585 [00:05:55<00:10:16,  0.60it/s, loss=0.0240]
Epoch 74:  37%|###.......| 218/585 [00:06:01<00:10:09,  0.60it/s, loss=0.0240]
Epoch 74:  38%|###.......| 222/585 [00:06:08<00:10:02,  0.60it/s, loss=0.0240]
Epoch 74:  39%|###.......| 226/585 [00:06:14<00:09:55,  0.60it/s, loss=0.0240]
Epoch 74:  39%|###.......| 230/585 [00:06:20<00:09:47,  0.60it/s, loss=0.0241]
Epoch 74:  40%|####......| 234/585 [00:06:27<00:09:40,  0.60it/s, loss=0.0241]
Epoch 74:  41%|####......| 238/585 [00:06:33<00:09:34,  0.60it/s, loss=0.0243]
Epoch 74:  41%|####......| 242/585 [00:06:40<00:09:27,  0.60it/s, loss=0.0242]
Epoch 74:  42%|####......| 246/585 [00:06:47<00:09:20,  0.60it/s, loss=0.0242]
Epoch 74:  43%|####......| 249/585 [00:06:52<00:09:16,  0.60it/s, loss=0.0242]
Epoch 74:  43%|####......| 252/585 [00:06:57<00:09:12,  0.60it/s, loss=0.0242]
Epoch 74:  44%|####......| 255/585 [00:07:03<00:09:07,  0.60it/s, loss=0.0243]
Epoch 74:  44%|####......| 258/585 [00:07:09<00:09:04,  0.60it/s, loss=0.0246]
Epoch 74:  45%|####......| 262/585 [00:07:15<00:08:57,  0.60it/s, loss=0.0246]
Epoch 74:  45%|####......| 266/585 [00:07:22<00:08:50,  0.60it/s, loss=0.0247]
Epoch 74:  46%|####......| 270/585 [00:07:28<00:08:43,  0.60it/s, loss=0.0246]
Epoch 74:  47%|####......| 273/585 [00:07:33<00:08:38,  0.60it/s, loss=0.0246]
Epoch 74:  47%|####......| 276/585 [00:07:39<00:08:34,  0.60it/s, loss=0.0246]
Epoch 74:  48%|####......| 279/585 [00:07:44<00:08:29,  0.60it/s, loss=0.0246]
Epoch 74:  48%|####......| 282/585 [00:07:49<00:08:24,  0.60it/s, loss=0.0246]
Epoch 74:  49%|####......| 285/585 [00:07:54<00:08:19,  0.60it/s, loss=0.0246]
Epoch 74:  49%|####......| 289/585 [00:08:00<00:08:12,  0.60it/s, loss=0.0246]
Epoch 74:  50%|#####.....| 293/585 [00:08:06<00:08:05,  0.60it/s, loss=0.0248]
Epoch 74:  51%|#####.....| 296/585 [00:08:13<00:08:01,  0.60it/s, loss=0.0248]
Epoch 74:  51%|#####.....| 299/585 [00:08:18<00:07:56,  0.60it/s, loss=0.0248]
Epoch 74:  52%|#####.....| 302/585 [00:08:24<00:07:52,  0.60it/s, loss=0.0248]
Epoch 74:  52%|#####.....| 306/585 [00:08:30<00:07:45,  0.60it/s, loss=0.0248]
Epoch 74:  53%|#####.....| 310/585 [00:08:36<00:07:38,  0.60it/s, loss=0.0248]
Epoch 74:  54%|#####.....| 313/585 [00:08:43<00:07:34,  0.60it/s, loss=0.0247]
Epoch 74:  54%|#####.....| 317/585 [00:08:49<00:07:27,  0.60it/s, loss=0.0247]
Epoch 74:  55%|#####.....| 320/585 [00:08:54<00:07:22,  0.60it/s, loss=0.0247]
Epoch 74:  55%|#####.....| 323/585 [00:09:00<00:07:18,  0.60it/s, loss=0.0247]
Epoch 74:  56%|#####.....| 327/585 [00:09:06<00:07:11,  0.60it/s, loss=0.0247]
Epoch 74:  56%|#####.....| 330/585 [00:09:12<00:07:07,  0.60it/s, loss=0.0247]
Epoch 74:  57%|#####.....| 333/585 [00:09:17<00:07:02,  0.60it/s, loss=0.0248]
Epoch 74:  58%|#####.....| 337/585 [00:09:24<00:06:55,  0.60it/s, loss=0.0248]
Epoch 74:  58%|#####.....| 340/585 [00:09:29<00:06:50,  0.60it/s, loss=0.0248]
Epoch 74:  59%|#####.....| 344/585 [00:09:36<00:06:43,  0.60it/s, loss=0.0248]
Epoch 74:  59%|#####.....| 347/585 [00:09:41<00:06:38,  0.60it/s, loss=0.0248]
Epoch 74:  60%|######....| 351/585 [00:09:47<00:06:31,  0.60it/s, loss=0.0248]
Epoch 74:  61%|######....| 355/585 [00:09:53<00:06:24,  0.60it/s, loss=0.0248]
Epoch 74:  61%|######....| 359/585 [00:09:59<00:06:17,  0.60it/s, loss=0.0249]
Epoch 74:  62%|######....| 363/585 [00:10:05<00:06:10,  0.60it/s, loss=0.0249]
Epoch 74:  63%|######....| 367/585 [00:10:12<00:06:03,  0.60it/s, loss=0.0249]
Epoch 74:  63%|######....| 371/585 [00:10:19<00:05:57,  0.60it/s, loss=0.0249]
Epoch 74:  64%|######....| 375/585 [00:10:25<00:05:50,  0.60it/s, loss=0.0249]
Epoch 74:  65%|######....| 379/585 [00:10:32<00:05:43,  0.60it/s, loss=0.0249]
Epoch 74:  65%|######....| 382/585 [00:10:37<00:05:39,  0.60it/s, loss=0.0249]
Epoch 74:  66%|######....| 386/585 [00:10:44<00:05:32,  0.60it/s, loss=0.0249]
Epoch 74:  67%|######....| 390/585 [00:10:51<00:05:25,  0.60it/s, loss=0.0249]
Epoch 74:  67%|######....| 394/585 [00:10:57<00:05:18,  0.60it/s, loss=0.0249]
Epoch 74:  68%|######....| 398/585 [00:11:03<00:05:11,  0.60it/s, loss=0.0248]
Epoch 74:  69%|######....| 402/585 [00:11:09<00:05:04,  0.60it/s, loss=0.0248]
Epoch 74:  69%|######....| 406/585 [00:11:15<00:04:58,  0.60it/s, loss=0.0248]
Epoch 74:  70%|######....| 409/585 [00:11:21<00:04:53,  0.60it/s, loss=0.0248]
Epoch 74:  71%|#######...| 413/585 [00:11:27<00:04:46,  0.60it/s, loss=0.0248]
Epoch 74:  71%|#######...| 417/585 [00:11:33<00:04:39,  0.60it/s, loss=0.0247]
Epoch 74:  72%|#######...| 420/585 [00:11:38<00:04:34,  0.60it/s, loss=0.0247]
Epoch 74:  72%|#######...| 424/585 [00:11:44<00:04:27,  0.60it/s, loss=0.0247]
Epoch 74:  73%|#######...| 428/585 [00:11:50<00:04:20,  0.60it/s, loss=0.0247]
Epoch 74:  74%|#######...| 431/585 [00:11:56<00:04:15,  0.60it/s, loss=0.0247]
Epoch 74:  74%|#######...| 434/585 [00:12:01<00:04:11,  0.60it/s, loss=0.0247]
Epoch 74:  75%|#######...| 438/585 [00:12:07<00:04:04,  0.60it/s, loss=0.0247]
Epoch 74:  76%|#######...| 442/585 [00:12:14<00:03:57,  0.60it/s, loss=0.0247]
Epoch 74:  76%|#######...| 445/585 [00:12:19<00:03:52,  0.60it/s, loss=0.0247]
Epoch 74:  77%|#######...| 448/585 [00:12:25<00:03:47,  0.60it/s, loss=0.0247]
Epoch 74:  77%|#######...| 452/585 [00:12:31<00:03:41,  0.60it/s, loss=0.0247]
Epoch 74:  78%|#######...| 456/585 [00:12:37<00:03:34,  0.60it/s, loss=0.0247]
Epoch 74:  79%|#######...| 460/585 [00:12:44<00:03:27,  0.60it/s, loss=0.0246]
Epoch 74:  79%|#######...| 464/585 [00:12:50<00:03:20,  0.60it/s, loss=0.0246]
Epoch 74:  80%|#######...| 467/585 [00:12:55<00:03:16,  0.60it/s, loss=0.0246]
Epoch 74:  81%|########..| 471/585 [00:13:02<00:03:09,  0.60it/s, loss=0.0246]
Epoch 74:  81%|########..| 475/585 [00:13:08<00:03:02,  0.60it/s, loss=0.0246]
Epoch 74:  82%|########..| 479/585 [00:13:14<00:02:55,  0.60it/s, loss=0.0246]
Epoch 74:  82%|########..| 482/585 [00:13:20<00:02:50,  0.60it/s, loss=0.0246]
Epoch 74:  83%|########..| 486/585 [00:13:26<00:02:44,  0.60it/s, loss=0.0246]
Epoch 74:  84%|########..| 490/585 [00:13:32<00:02:37,  0.60it/s, loss=0.0246]
Epoch 74:  84%|########..| 494/585 [00:13:38<00:02:30,  0.60it/s, loss=0.0246]
Epoch 74:  85%|########..| 497/585 [00:13:43<00:02:25,  0.60it/s, loss=0.0247]
Epoch 74:  86%|########..| 501/585 [00:13:49<00:02:19,  0.60it/s, loss=0.0247]
Epoch 74:  86%|########..| 505/585 [00:13:55<00:02:12,  0.60it/s, loss=0.0246]
Epoch 74:  87%|########..| 509/585 [00:14:02<00:02:05,  0.60it/s, loss=0.0246]
Epoch 74:  88%|########..| 512/585 [00:14:08<00:02:00,  0.60it/s, loss=0.0247]
Epoch 74:  88%|########..| 515/585 [00:14:13<00:01:56,  0.60it/s, loss=0.0247]
Epoch 74:  89%|########..| 519/585 [00:14:20<00:01:49,  0.60it/s, loss=0.0246]
Epoch 74:  89%|########..| 522/585 [00:14:25<00:01:44,  0.60it/s, loss=0.0246]
Epoch 74:  90%|########..| 526/585 [00:14:31<00:01:37,  0.60it/s, loss=0.0246]
Epoch 74:  91%|#########.| 530/585 [00:14:37<00:01:31,  0.60it/s, loss=0.0246]
Epoch 74:  91%|#########.| 534/585 [00:14:43<00:01:24,  0.60it/s, loss=0.0246]
Epoch 74:  92%|#########.| 538/585 [00:14:48<00:01:17,  0.61it/s, loss=0.0246]
Epoch 74:  93%|#########.| 542/585 [00:14:54<00:01:10,  0.61it/s, loss=0.0246]
Epoch 74:  93%|#########.| 546/585 [00:15:01<00:01:04,  0.61it/s, loss=0.0246]
Epoch 74:  94%|#########.| 550/585 [00:15:07<00:00:57,  0.61it/s, loss=0.0246]
Epoch 74:  95%|#########.| 554/585 [00:15:13<00:00:51,  0.61it/s, loss=0.0246]
Epoch 74:  95%|#########.| 558/585 [00:15:19<00:00:44,  0.61it/s, loss=0.0246]
Epoch 74:  96%|#########.| 561/585 [00:15:25<00:00:39,  0.61it/s, loss=0.0246]
Epoch 74:  97%|#########.| 565/585 [00:15:31<00:00:32,  0.61it/s, loss=0.0246]
Epoch 74:  97%|#########.| 569/585 [00:15:37<00:00:26,  0.61it/s, loss=0.0246]
Epoch 74:  98%|#########.| 573/585 [00:15:43<00:00:19,  0.61it/s, loss=0.0245]
Epoch 74:  99%|#########.| 577/585 [00:15:49<00:00:13,  0.61it/s, loss=0.0245]
Epoch 74:  99%|#########.| 580/585 [00:15:54<00:00:08,  0.61it/s, loss=0.0245]
Epoch 74: 100%|#########.| 583/585 [00:16:00<00:00:03,  0.61it/s, loss=0.0245]
Epoch 74: 100%|##########| 585/585 [00:16:03<00:00:00,  0.61it/s, loss=0.0245]
Test loss: 0.0228, Test rmsae: 7.15deg
{"event": "epoch_complete", "epoch": 74, "phase": 2, "lr": 1e-05, "batch_size": 10, "micro_batch_size": 1, "train_loss": 0.024516400271373938, "val_loss": 0.022772994852857664, "val_rmsae_deg": 7.1460737735033035, "epoch_time_s": 964.4263046920532}
Epoch 75/80:
Epoch 75:   1%|..........| 3/585 [00:00:05<00:18:46,  0.52it/s, loss=0.0276]
Epoch 75:   1%|..........| 7/585 [00:00:12<00:16:36,  0.58it/s, loss=0.0259]
Epoch 75:   2%|..........| 11/585 [00:00:17<00:15:23,  0.62it/s, loss=0.0252]
Epoch 75:   3%|..........| 15/585 [00:00:23<00:15:01,  0.63it/s, loss=0.0246]
Epoch 75:   3%|..........| 18/585 [00:00:29<00:15:39,  0.60it/s, loss=0.0260]
Epoch 75:   4%|..........| 22/585 [00:00:36<00:15:35,  0.60it/s, loss=0.0255]
Epoch 75:   4%|..........| 25/585 [00:00:41<00:15:39,  0.60it/s, loss=0.0258]
Epoch 75:   5%|..........| 29/585 [00:00:47<00:15:13,  0.61it/s, loss=0.0253]
Epoch 75:   6%|..........| 33/585 [00:00:53<00:14:57,  0.62it/s, loss=0.0248]
Epoch 75:   6%|..........| 36/585 [00:00:58<00:14:54,  0.61it/s, loss=0.0244]
Epoch 75:   7%|..........| 39/585 [00:01:04<00:14:57,  0.61it/s, loss=0.0242]
Epoch 75:   7%|..........| 43/585 [00:01:10<00:14:47,  0.61it/s, loss=0.0241]
Epoch 75:   8%|..........| 47/585 [00:01:16<00:14:31,  0.62it/s, loss=0.0241]
Epoch 75:   9%|..........| 51/585 [00:01:22<00:14:22,  0.62it/s, loss=0.0241]
Epoch 75:   9%|..........| 55/585 [00:01:28<00:14:13,  0.62it/s, loss=0.0242]
Epoch 75:  10%|#.........| 59/585 [00:01:34<00:14:04,  0.62it/s, loss=0.0243]
Epoch 75:  11%|#.........| 62/585 [00:01:39<00:14:03,  0.62it/s, loss=0.0242]
Epoch 75:  11%|#.........| 66/585 [00:01:46<00:13:56,  0.62it/s, loss=0.0242]
Epoch 75:  12%|#.........| 69/585 [00:01:51<00:13:53,  0.62it/s, loss=0.0267]
Epoch 75:  12%|#.........| 73/585 [00:01:58<00:13:49,  0.62it/s, loss=0.0264]
Epoch 75:  13%|#.........| 76/585 [00:02:03<00:13:46,  0.62it/s, loss=0.0264]
Epoch 75:  14%|#.........| 80/585 [00:02:09<00:13:36,  0.62it/s, loss=0.0261]
Epoch 75:  14%|#.........| 84/585 [00:02:15<00:13:28,  0.62it/s, loss=0.0260]
Epoch 75:  15%|#.........| 87/585 [00:02:21<00:13:30,  0.61it/s, loss=0.0260]
Epoch 75:  15%|#.........| 90/585 [00:02:26<00:13:26,  0.61it/s, loss=0.0259]
Epoch 75:  16%|#.........| 94/585 [00:02:33<00:13:21,  0.61it/s, loss=0.0258]
Epoch 75:  17%|#.........| 98/585 [00:02:40<00:13:15,  0.61it/s, loss=0.0258]
Epoch 75:  17%|#.........| 101/585 [00:02:45<00:13:11,  0.61it/s, loss=0.0257]
Epoch 75:  18%|#.........| 105/585 [00:02:51<00:13:04,  0.61it/s, loss=0.0256]
Epoch 75:  18%|#.........| 108/585 [00:02:56<00:13:01,  0.61it/s, loss=0.0256]
Epoch 75:  19%|#.........| 112/585 [00:03:03<00:12:54,  0.61it/s, loss=0.0256]
Epoch 75:  20%|#.........| 116/585 [00:03:10<00:12:50,  0.61it/s, loss=0.0255]
Epoch 75:  20%|##........| 119/585 [00:03:16<00:12:49,  0.61it/s, loss=0.0257]
Epoch 75:  21%|##........| 122/585 [00:03:21<00:12:45,  0.60it/s, loss=0.0257]
Epoch 75:  22%|##........| 126/585 [00:03:28<00:12:39,  0.60it/s, loss=0.0257]
Epoch 75:  22%|##........| 130/585 [00:03:34<00:12:32,  0.60it/s, loss=0.0257]
Epoch 75:  23%|##........| 134/585 [00:03:41<00:12:25,  0.61it/s, loss=0.0257]
Epoch 75:  24%|##........| 138/585 [00:03:48<00:12:18,  0.61it/s, loss=0.0256]
Epoch 75:  24%|##........| 141/585 [00:03:53<00:12:16,  0.60it/s, loss=0.0255]
Epoch 75:  25%|##........| 144/585 [00:03:59<00:12:12,  0.60it/s, loss=0.0254]
Epoch 75:  25%|##........| 147/585 [00:04:04<00:12:09,  0.60it/s, loss=0.0254]
Epoch 75:  26%|##........| 151/585 [00:04:11<00:12:02,  0.60it/s, loss=0.0254]
Epoch 75:  26%|##........| 155/585 [00:04:18<00:11:56,  0.60it/s, loss=0.0253]
Epoch 75:  27%|##........| 158/585 [00:04:23<00:11:52,  0.60it/s, loss=0.0253]
Epoch 75:  28%|##........| 162/585 [00:04:29<00:11:44,  0.60it/s, loss=0.0252]
Epoch 75:  28%|##........| 166/585 [00:04:35<00:11:36,  0.60it/s, loss=0.0252]
Epoch 75:  29%|##........| 170/585 [00:04:42<00:11:30,  0.60it/s, loss=0.0252]
Epoch 75:  30%|##........| 174/585 [00:04:49<00:11:22,  0.60it/s, loss=0.0254]
Epoch 75:  30%|###.......| 178/585 [00:04:55<00:11:15,  0.60it/s, loss=0.0253]
Epoch 75:  31%|###.......| 182/585 [00:05:01<00:11:08,  0.60it/s, loss=0.0254]
Epoch 75:  32%|###.......| 186/585 [00:05:08<00:11:00,  0.60it/s, loss=0.0253]
Epoch 75:  32%|###.......| 190/585 [00:05:14<00:10:53,  0.60it/s, loss=0.0253]
Epoch 75:  33%|###.......| 194/585 [00:05:20<00:10:46,  0.60it/s, loss=0.0253]
Epoch 75:  34%|###.......| 198/585 [00:05:26<00:10:38,  0.61it/s, loss=0.0253]
Epoch 75:  35%|###.......| 202/585 [00:05:32<00:10:30,  0.61it/s, loss=0.0253]
Epoch 75:  35%|###.......| 206/585 [00:05:39<00:10:24,  0.61it/s, loss=0.0253]
Epoch 75:  36%|###.......| 209/585 [00:05:44<00:10:20,  0.61it/s, loss=0.0253]
Epoch 75:  36%|###.......| 213/585 [00:05:51<00:10:14,  0.61it/s, loss=0.0253]
Epoch 75:  37%|###.......| 217/585 [00:05:59<00:10:09,  0.60it/s, loss=0.0255]
Epoch 75:  38%|###.......| 221/585 [00:06:05<00:10:01,  0.60it/s, loss=0.0254]
Epoch 75:  38%|###.......| 225/585 [00:06:11<00:09:54,  0.61it/s, loss=0.0254]
Epoch 75:  39%|###.......| 229/585 [00:06:17<00:09:47,  0.61it/s, loss=0.0253]
Epoch 75:  40%|###.......| 233/585 [00:06:23<00:09:39,  0.61it/s, loss=0.0252]
Epoch 75:  40%|####......| 236/585 [00:06:29<00:09:35,  0.61it/s, loss=0.0253]
Epoch 75:  41%|####......| 240/585 [00:06:35<00:09:27,  0.61it/s, loss=0.0253]
Epoch 75:  42%|####......| 244/585 [00:06:41<00:09:20,  0.61it/s, loss=0.0253]
Epoch 75:  42%|####......| 248/585 [00:06:47<00:09:13,  0.61it/s, loss=0.0252]
Epoch 75:  43%|####......| 252/585 [00:06:54<00:09:07,  0.61it/s, loss=0.0252]
Epoch 75:  44%|####......| 255/585 [00:06:59<00:09:02,  0.61it/s, loss=0.0252]
Epoch 75:  44%|####......| 259/585 [00:07:05<00:08:55,  0.61it/s, loss=0.0251]
Epoch 75:  45%|####......| 263/585 [00:07:11<00:08:48,  0.61it/s, loss=0.0251]
Epoch 75:  46%|####......| 267/585 [00:07:17<00:08:41,  0.61it/s, loss=0.0251]
Epoch 75:  46%|####......| 270/585 [00:07:23<00:08:36,  0.61it/s, loss=0.0251]
Epoch 75:  47%|####......| 274/585 [00:07:29<00:08:30,  0.61it/s, loss=0.0251]
Epoch 75:  47%|####......| 277/585 [00:07:34<00:08:25,  0.61it/s, loss=0.0251]
Epoch 75:  48%|####......| 280/585 [00:07:40<00:08:21,  0.61it/s, loss=0.0251]
Epoch 75:  48%|####......| 283/585 [00:07:45<00:08:17,  0.61it/s, loss=0.0251]
Epoch 75:  49%|####......| 286/585 [00:07:51<00:08:12,  0.61it/s, loss=0.0251]
Epoch 75:  50%|####......| 290/585 [00:07:57<00:08:05,  0.61it/s, loss=0.0251]
Epoch 75:  50%|#####.....| 294/585 [00:08:03<00:07:58,  0.61it/s, loss=0.0251]
Epoch 75:  51%|#####.....| 297/585 [00:08:09<00:07:54,  0.61it/s, loss=0.0251]
Epoch 75:  51%|#####.....| 301/585 [00:08:15<00:07:47,  0.61it/s, loss=0.0251]
Epoch 75:  52%|#####.....| 304/585 [00:08:21<00:07:43,  0.61it/s, loss=0.0251]
Epoch 75:  52%|#####.....| 307/585 [00:08:26<00:07:38,  0.61it/s, loss=0.0251]
Epoch 75:  53%|#####.....| 310/585 [00:08:31<00:07:33,  0.61it/s, loss=0.0252]
Epoch 75:  54%|#####.....| 313/585 [00:08:36<00:07:28,  0.61it/s, loss=0.0254]
Epoch 75:  54%|#####.....| 317/585 [00:08:42<00:07:21,  0.61it/s, loss=0.0254]
Epoch 75:  55%|#####.....| 321/585 [00:08:48<00:07:14,  0.61it/s, loss=0.0253]
Epoch 75:  56%|#####.....| 325/585 [00:08:54<00:07:07,  0.61it/s, loss=0.0253]
Epoch 75:  56%|#####.....| 328/585 [00:08:59<00:07:02,  0.61it/s, loss=0.0253]
Epoch 75:  57%|#####.....| 332/585 [00:09:05<00:06:55,  0.61it/s, loss=0.0253]
Epoch 75:  57%|#####.....| 336/585 [00:09:11<00:06:49,  0.61it/s, loss=0.0253]
Epoch 75:  58%|#####.....| 339/585 [00:09:18<00:06:45,  0.61it/s, loss=0.0254]
Epoch 75:  58%|#####.....| 342/585 [00:09:24<00:06:41,  0.61it/s, loss=0.0254]
Epoch 75:  59%|#####.....| 346/585 [00:09:30<00:06:34,  0.61it/s, loss=0.0254]
Epoch 75:  60%|#####.....| 350/585 [00:09:37<00:06:27,  0.61it/s, loss=0.0254]
Epoch 75:  61%|######....| 354/585 [00:09:43<00:06:21,  0.61it/s, loss=0.0254]
Epoch 75:  61%|######....| 357/585 [00:09:49<00:06:16,  0.61it/s, loss=0.0254]
Epoch 75:  62%|######....| 361/585 [00:09:55<00:06:09,  0.61it/s, loss=0.0254]
Epoch 75:  62%|######....| 364/585 [00:10:01<00:06:04,  0.61it/s, loss=0.0256]
Epoch 75:  63%|######....| 367/585 [00:10:07<00:06:00,  0.60it/s, loss=0.0256]
Epoch 75:  63%|######....| 371/585 [00:10:13<00:05:53,  0.61it/s, loss=0.0255]
Epoch 75:  64%|######....| 375/585 [00:10:19<00:05:46,  0.61it/s, loss=0.0255]
Epoch 75:  65%|######....| 379/585 [00:10:26<00:05:40,  0.61it/s, loss=0.0255]
Epoch 75:  65%|######....| 383/585 [00:10:32<00:05:33,  0.61it/s, loss=0.0255]
Epoch 75:  66%|######....| 386/585 [00:10:38<00:05:29,  0.60it/s, loss=0.0255]
Epoch 75:  66%|######....| 389/585 [00:10:43<00:05:24,  0.60it/s, loss=0.0255]
Epoch 75:  67%|######....| 392/585 [00:10:48<00:05:19,  0.60it/s, loss=0.0255]
Epoch 75:  68%|######....| 395/585 [00:10:54<00:05:14,  0.60it/s, loss=0.0255]
Epoch 75:  68%|######....| 399/585 [00:11:01<00:05:08,  0.60it/s, loss=0.0255]
Epoch 75:  69%|######....| 403/585 [00:11:07<00:05:01,  0.60it/s, loss=0.0255]
Epoch 75:  69%|######....| 406/585 [00:11:12<00:04:56,  0.60it/s, loss=0.0256]
Epoch 75:  70%|#######...| 410/585 [00:11:18<00:04:49,  0.60it/s, loss=0.0255]
Epoch 75:  71%|#######...| 414/585 [00:11:25<00:04:43,  0.60it/s, loss=0.0255]
Epoch 75:  71%|#######...| 418/585 [00:11:31<00:04:36,  0.60it/s, loss=0.0255]
Epoch 75:  72%|#######...| 422/585 [00:11:37<00:04:29,  0.60it/s, loss=0.0254]
Epoch 75:  73%|#######...| 426/585 [00:11:43<00:04:22,  0.61it/s, loss=0.0254]
Epoch 75:  73%|#######...| 429/585 [00:11:49<00:04:18,  0.60it/s, loss=0.0254]
Epoch 75:  74%|#######...| 433/585 [00:11:55<00:04:11,  0.60it/s, loss=0.0254]
Epoch 75:  75%|#######...| 436/585 [00:12:01<00:04:06,  0.60it/s, loss=0.0254]
Epoch 75:  75%|#######...| 440/585 [00:12:07<00:03:59,  0.61it/s, loss=0.0254]
Epoch 75:  76%|#######...| 444/585 [00:12:13<00:03:52,  0.61it/s, loss=0.0253]
Epoch 75:  77%|#######...| 448/585 [00:12:20<00:03:46,  0.61it/s, loss=0.0254]
Epoch 75:  77%|#######...| 451/585 [00:12:25<00:03:41,  0.61it/s, loss=0.0253]
Epoch 75:  78%|#######...| 455/585 [00:12:31<00:03:34,  0.61it/s, loss=0.0253]
Epoch 75:  78%|#######...| 459/585 [00:12:37<00:03:27,  0.61it/s, loss=0.0253]
Epoch 75:  79%|#######...| 463/585 [00:12:43<00:03:21,  0.61it/s, loss=0.0252]
Epoch 75:  80%|#######...| 466/585 [00:12:48<00:03:16,  0.61it/s, loss=0.0252]
Epoch 75:  80%|########..| 470/585 [00:12:55<00:03:09,  0.61it/s, loss=0.0252]
Epoch 75:  81%|########..| 473/585 [00:13:00<00:03:04,  0.61it/s, loss=0.0252]
Epoch 75:  81%|########..| 476/585 [00:13:06<00:02:59,  0.61it/s, loss=0.0252]
Epoch 75:  82%|########..| 479/585 [00:13:11<00:02:55,  0.61it/s, loss=0.0252]
Epoch 75:  83%|########..| 483/585 [00:13:17<00:02:48,  0.61it/s, loss=0.0252]
Epoch 75:  83%|########..| 486/585 [00:13:23<00:02:43,  0.60it/s, loss=0.0252]
Epoch 75:  84%|########..| 490/585 [00:13:29<00:02:36,  0.61it/s, loss=0.0252]
Epoch 75:  84%|########..| 493/585 [00:13:35<00:02:32,  0.60it/s, loss=0.0252]
Epoch 75:  85%|########..| 497/585 [00:13:43<00:02:25,  0.60it/s, loss=0.0253]
Epoch 75:  86%|########..| 501/585 [00:13:49<00:02:19,  0.60it/s, loss=0.0253]
Epoch 75:  86%|########..| 505/585 [00:13:55<00:02:12,  0.60it/s, loss=0.0253]
Epoch 75:  87%|########..| 509/585 [00:14:01<00:02:05,  0.60it/s, loss=0.0253]
Epoch 75:  88%|########..| 512/585 [00:14:07<00:02:00,  0.60it/s, loss=0.0253]
Epoch 75:  88%|########..| 516/585 [00:14:15<00:01:54,  0.60it/s, loss=0.0252]
Epoch 75:  89%|########..| 520/585 [00:14:21<00:01:47,  0.60it/s, loss=0.0252]
Epoch 75:  89%|########..| 523/585 [00:14:26<00:01:42,  0.60it/s, loss=0.0252]
Epoch 75:  90%|########..| 526/585 [00:14:32<00:01:37,  0.60it/s, loss=0.0252]
Epoch 75:  90%|#########.| 529/585 [00:14:38<00:01:32,  0.60it/s, loss=0.0252]
Epoch 75:  91%|#########.| 532/585 [00:14:43<00:01:27,  0.60it/s, loss=0.0252]
Epoch 75:  92%|#########.| 536/585 [00:14:49<00:01:21,  0.60it/s, loss=0.0252]
Epoch 75:  92%|#########.| 540/585 [00:14:55<00:01:14,  0.60it/s, loss=0.0251]
Epoch 75:  93%|#########.| 544/585 [00:15:00<00:01:07,  0.60it/s, loss=0.0251]
Epoch 75:  94%|#########.| 548/585 [00:15:07<00:01:01,  0.60it/s, loss=0.0251]
Epoch 75:  94%|#########.| 552/585 [00:15:14<00:00:54,  0.60it/s, loss=0.0251]
Epoch 75:  95%|#########.| 556/585 [00:15:21<00:00:48,  0.60it/s, loss=0.0251]
Epoch 75:  96%|#########.| 560/585 [00:15:28<00:00:41,  0.60it/s, loss=0.0251]
Epoch 75:  96%|#########.| 563/585 [00:15:33<00:00:36,  0.60it/s, loss=0.0251]
Epoch 75:  97%|#########.| 567/585 [00:15:40<00:00:29,  0.60it/s, loss=0.0251]
Epoch 75:  98%|#########.| 571/585 [00:15:49<00:00:23,  0.60it/s, loss=0.0251]
Epoch 75:  98%|#########.| 575/585 [00:15:54<00:00:16,  0.60it/s, loss=0.0251]
Epoch 75:  99%|#########.| 579/585 [00:16:01<00:00:09,  0.60it/s, loss=0.0251]
Epoch 75: 100%|#########.| 583/585 [00:16:07<00:00:03,  0.60it/s, loss=0.0250]
Epoch 75: 100%|##########| 585/585 [00:16:10<00:00:00,  0.60it/s, loss=0.0250]
Test loss: 0.0228, Test rmsae: 7.06deg
{"event": "epoch_complete", "epoch": 75, "phase": 2, "lr": 1e-05, "batch_size": 10, "micro_batch_size": 1, "train_loss": 0.025038474260105026, "val_loss": 0.02276402758434415, "val_rmsae_deg": 7.06123585999012, "epoch_time_s": 971.432851325022}
Epoch 76/80:
Epoch 76:   1%|..........| 4/585 [00:00:05<00:14:04,  0.69it/s, loss=0.0190]
Epoch 76:   1%|..........| 8/585 [00:00:12<00:15:24,  0.62it/s, loss=0.0223]
Epoch 76:   2%|..........| 11/585 [00:00:17<00:15:30,  0.62it/s, loss=0.0227]
Epoch 76:   2%|..........| 14/585 [00:00:23<00:15:43,  0.61it/s, loss=0.0234]
Epoch 76:   3%|..........| 18/585 [00:00:29<00:15:20,  0.62it/s, loss=0.0231]
Epoch 76:   4%|..........| 22/585 [00:00:35<00:15:03,  0.62it/s, loss=0.0239]
Epoch 76:   4%|..........| 25/585 [00:00:40<00:15:03,  0.62it/s, loss=0.0244]
Epoch 76:   5%|..........| 29/585 [00:00:46<00:14:54,  0.62it/s, loss=0.0241]
Epoch 76:   6%|..........| 33/585 [00:00:52<00:14:38,  0.63it/s, loss=0.0241]
Epoch 76:   6%|..........| 37/585 [00:00:58<00:14:30,  0.63it/s, loss=0.0241]
Epoch 76:   7%|..........| 40/585 [00:01:03<00:14:30,  0.63it/s, loss=0.0240]
Epoch 76:   8%|..........| 44/585 [00:01:10<00:14:25,  0.62it/s, loss=0.0239]
Epoch 76:   8%|..........| 48/585 [00:01:16<00:14:15,  0.63it/s, loss=0.0235]
Epoch 76:   9%|..........| 51/585 [00:01:21<00:14:16,  0.62it/s, loss=0.0237]
Epoch 76:   9%|..........| 54/585 [00:01:28<00:14:25,  0.61it/s, loss=0.0240]
Epoch 76:  10%|..........| 58/585 [00:01:33<00:14:13,  0.62it/s, loss=0.0242]
Epoch 76:  11%|#.........| 62/585 [00:01:40<00:14:07,  0.62it/s, loss=0.0245]
Epoch 76:  11%|#.........| 66/585 [00:01:46<00:14:00,  0.62it/s, loss=0.0243]
Epoch 76:  12%|#.........| 70/585 [00:01:53<00:13:51,  0.62it/s, loss=0.0242]
Epoch 76:  12%|#.........| 73/585 [00:01:58<00:13:48,  0.62it/s, loss=0.0242]
Epoch 76:  13%|#.........| 77/585 [00:02:04<00:13:38,  0.62it/s, loss=0.0242]
Epoch 76:  14%|#.........| 81/585 [00:02:09<00:13:28,  0.62it/s, loss=0.0242]
Epoch 76:  15%|#.........| 85/585 [00:02:15<00:13:19,  0.63it/s, loss=0.0243]
Epoch 76:  15%|#.........| 89/585 [00:02:22<00:13:13,  0.62it/s, loss=0.0244]
Epoch 76:  16%|#.........| 93/585 [00:02:28<00:13:05,  0.63it/s, loss=0.0241]
Epoch 76:  17%|#.........| 97/585 [00:02:34<00:12:58,  0.63it/s, loss=0.0241]
Epoch 76:  17%|#.........| 101/585 [00:02:41<00:12:52,  0.63it/s, loss=0.0242]
Epoch 76:  18%|#.........| 105/585 [00:02:47<00:12:44,  0.63it/s, loss=0.0241]
Epoch 76:  18%|#.........| 108/585 [00:02:52<00:12:41,  0.63it/s, loss=0.0241]
Epoch 76:  19%|#.........| 112/585 [00:02:59<00:12:36,  0.63it/s, loss=0.0241]
Epoch 76:  20%|#.........| 116/585 [00:03:06<00:12:32,  0.62it/s, loss=0.0242]
Epoch 76:  20%|##........| 119/585 [00:03:11<00:12:31,  0.62it/s, loss=0.0243]
Epoch 76:  21%|##........| 123/585 [00:03:19<00:12:28,  0.62it/s, loss=0.0247]
Epoch 76:  22%|##........| 127/585 [00:03:25<00:12:22,  0.62it/s, loss=0.0248]
Epoch 76:  22%|##........| 131/585 [00:03:31<00:12:13,  0.62it/s, loss=0.0248]
Epoch 76:  23%|##........| 134/585 [00:03:37<00:12:10,  0.62it/s, loss=0.0249]
Epoch 76:  24%|##........| 138/585 [00:03:43<00:12:02,  0.62it/s, loss=0.0247]
Epoch 76:  24%|##........| 142/585 [00:03:48<00:11:53,  0.62it/s, loss=0.0248]
Epoch 76:  25%|##........| 145/585 [00:03:54<00:11:52,  0.62it/s, loss=0.0248]
Epoch 76:  25%|##........| 149/585 [00:04:00<00:11:43,  0.62it/s, loss=0.0247]
Epoch 76:  26%|##........| 153/585 [00:04:06<00:11:36,  0.62it/s, loss=0.0246]
Epoch 76:  27%|##........| 157/585 [00:04:13<00:11:30,  0.62it/s, loss=0.0245]
Epoch 76:  28%|##........| 161/585 [00:04:19<00:11:22,  0.62it/s, loss=0.0246]
Epoch 76:  28%|##........| 164/585 [00:04:24<00:11:18,  0.62it/s, loss=0.0249]
Epoch 76:  29%|##........| 167/585 [00:04:31<00:11:19,  0.62it/s, loss=0.0250]
Epoch 76:  29%|##........| 171/585 [00:04:37<00:11:12,  0.62it/s, loss=0.0249]
Epoch 76:  30%|##........| 175/585 [00:04:43<00:11:04,  0.62it/s, loss=0.0248]
Epoch 76:  30%|###.......| 178/585 [00:04:49<00:11:01,  0.62it/s, loss=0.0250]
Epoch 76:  31%|###.......| 182/585 [00:04:55<00:10:53,  0.62it/s, loss=0.0250]
Epoch 76:  32%|###.......| 186/585 [00:05:01<00:10:45,  0.62it/s, loss=0.0248]
Epoch 76:  32%|###.......| 190/585 [00:05:08<00:10:40,  0.62it/s, loss=0.0250]
Epoch 76:  33%|###.......| 194/585 [00:05:14<00:10:34,  0.62it/s, loss=0.0251]
Epoch 76:  34%|###.......| 198/585 [00:05:20<00:10:27,  0.62it/s, loss=0.0251]
Epoch 76:  35%|###.......| 202/585 [00:05:27<00:10:20,  0.62it/s, loss=0.0251]
Epoch 76:  35%|###.......| 205/585 [00:05:32<00:10:17,  0.62it/s, loss=0.0250]
Epoch 76:  36%|###.......| 209/585 [00:05:38<00:10:09,  0.62it/s, loss=0.0250]
Epoch 76:  36%|###.......| 213/585 [00:05:45<00:10:02,  0.62it/s, loss=0.0250]
Epoch 76:  37%|###.......| 216/585 [00:05:50<00:09:59,  0.62it/s, loss=0.0250]
Epoch 76:  37%|###.......| 219/585 [00:05:56<00:09:55,  0.61it/s, loss=0.0251]
Epoch 76:  38%|###.......| 223/585 [00:06:02<00:09:47,  0.62it/s, loss=0.0252]
Epoch 76:  39%|###.......| 226/585 [00:06:08<00:09:44,  0.61it/s, loss=0.0252]
Epoch 76:  39%|###.......| 229/585 [00:06:13<00:09:40,  0.61it/s, loss=0.0252]
Epoch 76:  40%|###.......| 233/585 [00:06:19<00:09:33,  0.61it/s, loss=0.0252]
Epoch 76:  41%|####......| 237/585 [00:06:25<00:09:25,  0.62it/s, loss=0.0252]
Epoch 76:  41%|####......| 241/585 [00:06:31<00:09:18,  0.62it/s, loss=0.0252]
Epoch 76:  42%|####......| 245/585 [00:06:37<00:09:11,  0.62it/s, loss=0.0252]
Epoch 76:  43%|####......| 249/585 [00:06:44<00:09:05,  0.62it/s, loss=0.0251]
Epoch 76:  43%|####......| 253/585 [00:06:50<00:08:58,  0.62it/s, loss=0.0251]
Epoch 76:  44%|####......| 257/585 [00:06:56<00:08:51,  0.62it/s, loss=0.0251]
Epoch 76:  44%|####......| 260/585 [00:07:01<00:08:47,  0.62it/s, loss=0.0250]
Epoch 76:  45%|####......| 264/585 [00:07:08<00:08:40,  0.62it/s, loss=0.0250]
Epoch 76:  46%|####......| 267/585 [00:07:14<00:08:37,  0.61it/s, loss=0.0250]
Epoch 76:  46%|####......| 271/585 [00:07:20<00:08:29,  0.62it/s, loss=0.0250]
Epoch 76:  47%|####......| 275/585 [00:07:25<00:08:22,  0.62it/s, loss=0.0249]
Epoch 76:  48%|####......| 279/585 [00:07:31<00:08:15,  0.62it/s, loss=0.0249]
Epoch 76:  48%|####......| 283/585 [00:07:38<00:08:08,  0.62it/s, loss=0.0248]
Epoch 76:  49%|####......| 287/585 [00:07:44<00:08:01,  0.62it/s, loss=0.0248]
Epoch 76:  50%|####......| 291/585 [00:07:50<00:07:55,  0.62it/s, loss=0.0248]
Epoch 76:  50%|#####.....| 294/585 [00:07:55<00:07:50,  0.62it/s, loss=0.0248]
Epoch 76:  51%|#####.....| 298/585 [00:08:01<00:07:43,  0.62it/s, loss=0.0248]
Epoch 76:  51%|#####.....| 301/585 [00:08:06<00:07:39,  0.62it/s, loss=0.0249]
Epoch 76:  52%|#####.....| 305/585 [00:08:13<00:07:32,  0.62it/s, loss=0.0249]
Epoch 76:  53%|#####.....| 309/585 [00:08:19<00:07:26,  0.62it/s, loss=0.0249]
Epoch 76:  54%|#####.....| 313/585 [00:08:25<00:07:19,  0.62it/s, loss=0.0250]
Epoch 76:  54%|#####.....| 316/585 [00:08:31<00:07:15,  0.62it/s, loss=0.0249]
Epoch 76:  55%|#####.....| 319/585 [00:08:36<00:07:10,  0.62it/s, loss=0.0249]
Epoch 76:  55%|#####.....| 323/585 [00:08:42<00:07:03,  0.62it/s, loss=0.0249]
Epoch 76:  56%|#####.....| 327/585 [00:08:48<00:06:57,  0.62it/s, loss=0.0249]
Epoch 76:  57%|#####.....| 331/585 [00:08:54<00:06:50,  0.62it/s, loss=0.0249]
Epoch 76:  57%|#####.....| 335/585 [00:09:00<00:06:43,  0.62it/s, loss=0.0248]
Epoch 76:  58%|#####.....| 339/585 [00:09:06<00:06:36,  0.62it/s, loss=0.0248]
Epoch 76:  59%|#####.....| 343/585 [00:09:12<00:06:30,  0.62it/s, loss=0.0248]
Epoch 76:  59%|#####.....| 347/585 [00:09:19<00:06:23,  0.62it/s, loss=0.0248]
Epoch 76:  60%|######....| 351/585 [00:09:25<00:06:16,  0.62it/s, loss=0.0247]
Epoch 76:  61%|######....| 355/585 [00:09:31<00:06:10,  0.62it/s, loss=0.0246]
Epoch 76:  61%|######....| 359/585 [00:09:37<00:06:03,  0.62it/s, loss=0.0246]
Epoch 76:  62%|######....| 363/585 [00:09:44<00:05:57,  0.62it/s, loss=0.0246]
Epoch 76:  63%|######....| 366/585 [00:09:49<00:05:52,  0.62it/s, loss=0.0246]
Epoch 76:  63%|######....| 369/585 [00:09:54<00:05:48,  0.62it/s, loss=0.0246]
Epoch 76:  64%|######....| 372/585 [00:09:59<00:05:43,  0.62it/s, loss=0.0246]
Epoch 76:  64%|######....| 376/585 [00:10:05<00:05:36,  0.62it/s, loss=0.0246]
Epoch 76:  65%|######....| 380/585 [00:10:11<00:05:29,  0.62it/s, loss=0.0245]
Epoch 76:  65%|######....| 383/585 [00:10:16<00:05:25,  0.62it/s, loss=0.0245]
Epoch 76:  66%|######....| 387/585 [00:10:22<00:05:18,  0.62it/s, loss=0.0245]
Epoch 76:  67%|######....| 391/585 [00:10:28<00:05:11,  0.62it/s, loss=0.0245]
Epoch 76:  67%|######....| 394/585 [00:10:34<00:05:07,  0.62it/s, loss=0.0246]
Epoch 76:  68%|######....| 398/585 [00:10:40<00:05:00,  0.62it/s, loss=0.0246]
Epoch 76:  69%|######....| 401/585 [00:10:45<00:04:56,  0.62it/s, loss=0.0246]
Epoch 76:  69%|######....| 404/585 [00:10:51<00:04:51,  0.62it/s, loss=0.0246]
Epoch 76:  70%|######....| 408/585 [00:10:56<00:04:45,  0.62it/s, loss=0.0246]
Epoch 76:  70%|#######...| 412/585 [00:11:03<00:04:38,  0.62it/s, loss=0.0246]
Epoch 76:  71%|#######...| 415/585 [00:11:08<00:04:33,  0.62it/s, loss=0.0246]
Epoch 76:  72%|#######...| 419/585 [00:11:14<00:04:27,  0.62it/s, loss=0.0246]
Epoch 76:  72%|#######...| 423/585 [00:11:21<00:04:20,  0.62it/s, loss=0.0246]
Epoch 76:  73%|#######...| 427/585 [00:11:27<00:04:14,  0.62it/s, loss=0.0246]
Epoch 76:  74%|#######...| 431/585 [00:11:34<00:04:08,  0.62it/s, loss=0.0246]
Epoch 76:  74%|#######...| 435/585 [00:11:40<00:04:01,  0.62it/s, loss=0.0246]
Epoch 76:  75%|#######...| 439/585 [00:11:46<00:03:55,  0.62it/s, loss=0.0246]
Epoch 76:  76%|#######...| 443/585 [00:11:53<00:03:48,  0.62it/s, loss=0.0246]
Epoch 76:  76%|#######...| 447/585 [00:11:59<00:03:42,  0.62it/s, loss=0.0246]
Epoch 76:  77%|#######...| 451/585 [00:12:05<00:03:35,  0.62it/s, loss=0.0246]
Epoch 76:  78%|#######...| 455/585 [00:12:11<00:03:29,  0.62it/s, loss=0.0246]
Epoch 76:  78%|#######...| 459/585 [00:12:18<00:03:22,  0.62it/s, loss=0.0245]
Epoch 76:  79%|#######...| 463/585 [00:12:24<00:03:16,  0.62it/s, loss=0.0245]
Epoch 76:  80%|#######...| 467/585 [00:12:31<00:03:09,  0.62it/s, loss=0.0245]
Epoch 76:  80%|########..| 470/585 [00:12:36<00:03:05,  0.62it/s, loss=0.0245]
Epoch 76:  81%|########..| 474/585 [00:12:43<00:02:58,  0.62it/s, loss=0.0245]
Epoch 76:  82%|########..| 478/585 [00:12:49<00:02:52,  0.62it/s, loss=0.0245]
Epoch 76:  82%|########..| 482/585 [00:12:55<00:02:45,  0.62it/s, loss=0.0245]
Epoch 76:  83%|########..| 486/585 [00:13:02<00:02:39,  0.62it/s, loss=0.0245]
Epoch 76:  84%|########..| 490/585 [00:13:08<00:02:32,  0.62it/s, loss=0.0245]
Epoch 76:  84%|########..| 494/585 [00:13:13<00:02:26,  0.62it/s, loss=0.0245]
Epoch 76:  85%|########..| 498/585 [00:13:20<00:02:19,  0.62it/s, loss=0.0245]
Epoch 76:  86%|########..| 502/585 [00:13:26<00:02:13,  0.62it/s, loss=0.0244]
Epoch 76:  86%|########..| 506/585 [00:13:33<00:02:06,  0.62it/s, loss=0.0245]
Epoch 76:  87%|########..| 510/585 [00:13:39<00:02:00,  0.62it/s, loss=0.0244]
Epoch 76:  88%|########..| 514/585 [00:13:46<00:01:54,  0.62it/s, loss=0.0245]
Epoch 76:  88%|########..| 517/585 [00:13:51<00:01:49,  0.62it/s, loss=0.0244]
Epoch 76:  89%|########..| 520/585 [00:13:56<00:01:44,  0.62it/s, loss=0.0245]
Epoch 76:  90%|########..| 524/585 [00:14:02<00:01:38,  0.62it/s, loss=0.0244]
Epoch 76:  90%|#########.| 528/585 [00:14:08<00:01:31,  0.62it/s, loss=0.0245]
Epoch 76:  91%|#########.| 532/585 [00:14:14<00:01:25,  0.62it/s, loss=0.0244]
Epoch 76:  91%|#########.| 535/585 [00:14:19<00:01:20,  0.62it/s, loss=0.0244]
Epoch 76:  92%|#########.| 539/585 [00:14:26<00:01:13,  0.62it/s, loss=0.0244]
Epoch 76:  93%|#########.| 543/585 [00:14:32<00:01:07,  0.62it/s, loss=0.0244]
Epoch 76:  93%|#########.| 546/585 [00:14:38<00:01:02,  0.62it/s, loss=0.0244]
Epoch 76:  94%|#########.| 550/585 [00:14:44<00:00:56,  0.62it/s, loss=0.0244]
Epoch 76:  95%|#########.| 554/585 [00:14:50<00:00:49,  0.62it/s, loss=0.0244]
Epoch 76:  95%|#########.| 558/585 [00:14:56<00:00:43,  0.62it/s, loss=0.0244]
Epoch 76:  96%|#########.| 561/585 [00:15:02<00:00:38,  0.62it/s, loss=0.0244]
Epoch 76:  97%|#########.| 565/585 [00:15:09<00:00:32,  0.62it/s, loss=0.0244]
Epoch 76:  97%|#########.| 569/585 [00:15:15<00:00:25,  0.62it/s, loss=0.0244]
Epoch 76:  98%|#########.| 572/585 [00:15:20<00:00:20,  0.62it/s, loss=0.0244]
Epoch 76:  98%|#########.| 576/585 [00:15:27<00:00:14,  0.62it/s, loss=0.0244]
Epoch 76:  99%|#########.| 580/585 [00:15:33<00:00:08,  0.62it/s, loss=0.0245]
Epoch 76: 100%|#########.| 584/585 [00:15:39<00:00:01,  0.62it/s, loss=0.0245]
Epoch 76: 100%|##########| 585/585 [00:15:41<00:00:00,  0.62it/s, loss=0.0245]
Test loss: 0.0228, Test rmsae: 7.20deg
{"event": "epoch_complete", "epoch": 76, "phase": 2, "lr": 1e-05, "batch_size": 10, "micro_batch_size": 1, "train_loss": 0.02446755662592303, "val_loss": 0.022794723539846018, "val_rmsae_deg": 7.198911175131798, "epoch_time_s": 942.0998832010664}
Epoch 77/80:
Epoch 77:   1%|..........| 4/585 [00:00:06<00:15:46,  0.61it/s, loss=0.0286]
Epoch 77:   1%|..........| 8/585 [00:00:12<00:15:03,  0.64it/s, loss=0.0243]
Epoch 77:   2%|..........| 12/585 [00:00:18<00:15:00,  0.64it/s, loss=0.0237]
Epoch 77:   3%|..........| 16/585 [00:00:25<00:14:55,  0.64it/s, loss=0.0239]
Epoch 77:   3%|..........| 20/585 [00:00:30<00:14:34,  0.65it/s, loss=0.0233]
Epoch 77:   4%|..........| 24/585 [00:00:36<00:14:24,  0.65it/s, loss=0.0231]
Epoch 77:   5%|..........| 27/585 [00:00:42<00:14:45,  0.63it/s, loss=0.0234]
Epoch 77:   5%|..........| 31/585 [00:00:49<00:14:49,  0.62it/s, loss=0.0258]
Epoch 77:   6%|..........| 34/585 [00:00:55<00:14:56,  0.61it/s, loss=0.0260]
Epoch 77:   6%|..........| 38/585 [00:01:01<00:14:48,  0.62it/s, loss=0.0251]
Epoch 77:   7%|..........| 42/585 [00:01:08<00:14:40,  0.62it/s, loss=0.0254]
Epoch 77:   8%|..........| 46/585 [00:01:14<00:14:30,  0.62it/s, loss=0.0253]
Epoch 77:   9%|..........| 50/585 [00:01:20<00:14:24,  0.62it/s, loss=0.0252]
Epoch 77:   9%|..........| 53/585 [00:01:25<00:14:21,  0.62it/s, loss=0.0254]
Epoch 77:  10%|..........| 57/585 [00:01:31<00:14:11,  0.62it/s, loss=0.0252]
Epoch 77:  10%|#.........| 60/585 [00:01:37<00:14:09,  0.62it/s, loss=0.0250]
Epoch 77:  11%|#.........| 63/585 [00:01:42<00:14:08,  0.62it/s, loss=0.0248]
Epoch 77:  11%|#.........| 67/585 [00:01:48<00:13:57,  0.62it/s, loss=0.0248]
Epoch 77:  12%|#.........| 71/585 [00:01:54<00:13:50,  0.62it/s, loss=0.0248]
Epoch 77:  13%|#.........| 75/585 [00:02:01<00:13:44,  0.62it/s, loss=0.0248]
Epoch 77:  14%|#.........| 79/585 [00:02:07<00:13:34,  0.62it/s, loss=0.0248]
Epoch 77:  14%|#.........| 82/585 [00:02:12<00:13:34,  0.62it/s, loss=0.0248]
Epoch 77:  15%|#.........| 86/585 [00:02:18<00:13:25,  0.62it/s, loss=0.0248]
Epoch 77:  15%|#.........| 90/585 [00:02:25<00:13:17,  0.62it/s, loss=0.0248]
Epoch 77:  16%|#.........| 93/585 [00:02:30<00:13:15,  0.62it/s, loss=0.0249]
Epoch 77:  17%|#.........| 97/585 [00:02:36<00:13:08,  0.62it/s, loss=0.0251]
Epoch 77:  17%|#.........| 101/585 [00:02:42<00:13:00,  0.62it/s, loss=0.0251]
Epoch 77:  18%|#.........| 105/585 [00:02:49<00:12:53,  0.62it/s, loss=0.0253]
Epoch 77:  19%|#.........| 109/585 [00:02:55<00:12:45,  0.62it/s, loss=0.0252]
Epoch 77:  19%|#.........| 112/585 [00:03:00<00:12:42,  0.62it/s, loss=0.0252]
Epoch 77:  20%|#.........| 116/585 [00:03:06<00:12:34,  0.62it/s, loss=0.0253]
Epoch 77:  20%|##........| 119/585 [00:03:12<00:12:32,  0.62it/s, loss=0.0252]
Epoch 77:  21%|##........| 123/585 [00:03:18<00:12:24,  0.62it/s, loss=0.0251]
Epoch 77:  22%|##........| 127/585 [00:03:24<00:12:17,  0.62it/s, loss=0.0251]
Epoch 77:  22%|##........| 130/585 [00:03:30<00:12:15,  0.62it/s, loss=0.0253]
Epoch 77:  23%|##........| 134/585 [00:03:36<00:12:07,  0.62it/s, loss=0.0252]
Epoch 77:  23%|##........| 137/585 [00:03:41<00:12:05,  0.62it/s, loss=0.0252]
Epoch 77:  24%|##........| 140/585 [00:03:46<00:12:01,  0.62it/s, loss=0.0251]
Epoch 77:  24%|##........| 143/585 [00:03:52<00:11:57,  0.62it/s, loss=0.0252]
Epoch 77:  25%|##........| 147/585 [00:03:59<00:11:52,  0.62it/s, loss=0.0250]
Epoch 77:  26%|##........| 150/585 [00:04:04<00:11:47,  0.61it/s, loss=0.0251]
Epoch 77:  26%|##........| 154/585 [00:04:10<00:11:40,  0.62it/s, loss=0.0251]
Epoch 77:  27%|##........| 158/585 [00:04:16<00:11:32,  0.62it/s, loss=0.0249]
Epoch 77:  28%|##........| 162/585 [00:04:21<00:11:23,  0.62it/s, loss=0.0249]
Epoch 77:  28%|##........| 165/585 [00:04:27<00:11:21,  0.62it/s, loss=0.0248]
Epoch 77:  29%|##........| 168/585 [00:04:32<00:11:16,  0.62it/s, loss=0.0247]
Epoch 77:  29%|##........| 172/585 [00:04:39<00:11:10,  0.62it/s, loss=0.0246]
Epoch 77:  30%|##........| 175/585 [00:04:44<00:11:06,  0.62it/s, loss=0.0247]
Epoch 77:  31%|###.......| 179/585 [00:04:50<00:10:59,  0.62it/s, loss=0.0247]
Epoch 77:  31%|###.......| 183/585 [00:04:57<00:10:52,  0.62it/s, loss=0.0247]
Epoch 77:  32%|###.......| 187/585 [00:05:03<00:10:45,  0.62it/s, loss=0.0247]
Epoch 77:  32%|###.......| 190/585 [00:05:08<00:10:41,  0.62it/s, loss=0.0248]
Epoch 77:  33%|###.......| 193/585 [00:05:14<00:10:37,  0.61it/s, loss=0.0249]
Epoch 77:  34%|###.......| 197/585 [00:05:21<00:10:32,  0.61it/s, loss=0.0249]
Epoch 77:  34%|###.......| 201/585 [00:05:28<00:10:26,  0.61it/s, loss=0.0248]
Epoch 77:  35%|###.......| 204/585 [00:05:33<00:10:23,  0.61it/s, loss=0.0248]
Epoch 77:  36%|###.......| 208/585 [00:05:40<00:10:16,  0.61it/s, loss=0.0249]
Epoch 77:  36%|###.......| 212/585 [00:05:46<00:10:09,  0.61it/s, loss=0.0249]
Epoch 77:  37%|###.......| 216/585 [00:05:52<00:10:02,  0.61it/s, loss=0.0250]
Epoch 77:  37%|###.......| 219/585 [00:05:57<00:09:57,  0.61it/s, loss=0.0249]
Epoch 77:  38%|###.......| 222/585 [00:06:03<00:09:53,  0.61it/s, loss=0.0250]
Epoch 77:  39%|###.......| 226/585 [00:06:09<00:09:46,  0.61it/s, loss=0.0251]
Epoch 77:  39%|###.......| 230/585 [00:06:15<00:09:39,  0.61it/s, loss=0.0251]
Epoch 77:  40%|####......| 234/585 [00:06:21<00:09:32,  0.61it/s, loss=0.0251]
Epoch 77:  41%|####......| 237/585 [00:06:26<00:09:28,  0.61it/s, loss=0.0251]
Epoch 77:  41%|####......| 241/585 [00:06:32<00:09:20,  0.61it/s, loss=0.0250]
Epoch 77:  42%|####......| 245/585 [00:06:39<00:09:14,  0.61it/s, loss=0.0250]
Epoch 77:  42%|####......| 248/585 [00:06:45<00:09:10,  0.61it/s, loss=0.0250]
Epoch 77:  43%|####......| 251/585 [00:06:50<00:09:06,  0.61it/s, loss=0.0249]
Epoch 77:  43%|####......| 254/585 [00:06:55<00:09:01,  0.61it/s, loss=0.0249]
Epoch 77:  44%|####......| 258/585 [00:07:02<00:08:55,  0.61it/s, loss=0.0248]
Epoch 77:  45%|####......| 262/585 [00:07:08<00:08:47,  0.61it/s, loss=0.0248]
Epoch 77:  45%|####......| 266/585 [00:07:14<00:08:41,  0.61it/s, loss=0.0247]
Epoch 77:  46%|####......| 269/585 [00:07:20<00:08:37,  0.61it/s, loss=0.0247]
Epoch 77:  47%|####......| 273/585 [00:07:25<00:08:29,  0.61it/s, loss=0.0247]
Epoch 77:  47%|####......| 277/585 [00:07:31<00:08:22,  0.61it/s, loss=0.0246]
Epoch 77:  48%|####......| 280/585 [00:07:37<00:08:18,  0.61it/s, loss=0.0247]
Epoch 77:  48%|####......| 283/585 [00:07:42<00:08:13,  0.61it/s, loss=0.0249]
Epoch 77:  49%|####......| 286/585 [00:07:47<00:08:08,  0.61it/s, loss=0.0250]
Epoch 77:  49%|####......| 289/585 [00:07:52<00:08:04,  0.61it/s, loss=0.0250]
Epoch 77:  50%|####......| 292/585 [00:07:58<00:07:59,  0.61it/s, loss=0.0250]
Epoch 77:  50%|#####.....| 295/585 [00:08:03<00:07:55,  0.61it/s, loss=0.0250]
Epoch 77:  51%|#####.....| 299/585 [00:08:09<00:07:48,  0.61it/s, loss=0.0250]
Epoch 77:  52%|#####.....| 303/585 [00:08:15<00:07:41,  0.61it/s, loss=0.0250]
Epoch 77:  52%|#####.....| 306/585 [00:08:20<00:07:36,  0.61it/s, loss=0.0250]
Epoch 77:  53%|#####.....| 308/585 [00:08:25<00:07:35,  0.61it/s, loss=0.0251]
Epoch 77:  53%|#####.....| 312/585 [00:08:31<00:07:27,  0.61it/s, loss=0.0251]
Epoch 77:  54%|#####.....| 315/585 [00:08:37<00:07:23,  0.61it/s, loss=0.0251]
Epoch 77:  55%|#####.....| 319/585 [00:08:44<00:07:17,  0.61it/s, loss=0.0250]
Epoch 77:  55%|#####.....| 323/585 [00:08:50<00:07:10,  0.61it/s, loss=0.0249]
Epoch 77:  56%|#####.....| 327/585 [00:08:56<00:07:03,  0.61it/s, loss=0.0249]
Epoch 77:  56%|#####.....| 330/585 [00:09:02<00:06:58,  0.61it/s, loss=0.0249]
Epoch 77:  57%|#####.....| 334/585 [00:09:08<00:06:52,  0.61it/s, loss=0.0249]
Epoch 77:  58%|#####.....| 338/585 [00:09:14<00:06:44,  0.61it/s, loss=0.0248]
Epoch 77:  58%|#####.....| 341/585 [00:09:20<00:06:40,  0.61it/s, loss=0.0248]
Epoch 77:  59%|#####.....| 344/585 [00:09:25<00:06:36,  0.61it/s, loss=0.0248]
Epoch 77:  59%|#####.....| 348/585 [00:09:32<00:06:29,  0.61it/s, loss=0.0248]
Epoch 77:  60%|######....| 351/585 [00:09:37<00:06:25,  0.61it/s, loss=0.0248]
Epoch 77:  61%|######....| 355/585 [00:09:43<00:06:18,  0.61it/s, loss=0.0248]
Epoch 77:  61%|######....| 359/585 [00:09:50<00:06:11,  0.61it/s, loss=0.0248]
Epoch 77:  62%|######....| 362/585 [00:09:55<00:06:06,  0.61it/s, loss=0.0248]
Epoch 77:  63%|######....| 366/585 [00:10:00<00:05:59,  0.61it/s, loss=0.0247]
Epoch 77:  63%|######....| 370/585 [00:10:07<00:05:53,  0.61it/s, loss=0.0247]
Epoch 77:  64%|######....| 374/585 [00:10:13<00:05:46,  0.61it/s, loss=0.0247]
Epoch 77:  64%|######....| 377/585 [00:10:20<00:05:42,  0.61it/s, loss=0.0247]
Epoch 77:  65%|######....| 380/585 [00:10:25<00:05:37,  0.61it/s, loss=0.0247]
Epoch 77:  66%|######....| 384/585 [00:10:32<00:05:31,  0.61it/s, loss=0.0248]
Epoch 77:  66%|######....| 388/585 [00:10:38<00:05:24,  0.61it/s, loss=0.0247]
Epoch 77:  67%|######....| 392/585 [00:10:44<00:05:17,  0.61it/s, loss=0.0247]
Epoch 77:  68%|######....| 395/585 [00:10:49<00:05:12,  0.61it/s, loss=0.0248]
Epoch 77:  68%|######....| 398/585 [00:10:55<00:05:08,  0.61it/s, loss=0.0248]
Epoch 77:  69%|######....| 402/585 [00:11:01<00:05:01,  0.61it/s, loss=0.0249]
Epoch 77:  69%|######....| 405/585 [00:11:06<00:04:56,  0.61it/s, loss=0.0249]
Epoch 77:  70%|######....| 409/585 [00:11:13<00:04:49,  0.61it/s, loss=0.0249]
Epoch 77:  70%|#######...| 412/585 [00:11:18<00:04:45,  0.61it/s, loss=0.0249]
Epoch 77:  71%|#######...| 416/585 [00:11:24<00:04:38,  0.61it/s, loss=0.0249]
Epoch 77:  72%|#######...| 420/585 [00:11:30<00:04:31,  0.61it/s, loss=0.0249]
Epoch 77:  72%|#######...| 424/585 [00:11:36<00:04:24,  0.61it/s, loss=0.0249]
Epoch 77:  73%|#######...| 427/585 [00:11:42<00:04:19,  0.61it/s, loss=0.0250]
Epoch 77:  74%|#######...| 431/585 [00:11:48<00:04:13,  0.61it/s, loss=0.0249]
Epoch 77:  74%|#######...| 435/585 [00:11:54<00:04:06,  0.61it/s, loss=0.0249]
Epoch 77:  75%|#######...| 438/585 [00:11:59<00:04:01,  0.61it/s, loss=0.0249]
Epoch 77:  76%|#######...| 442/585 [00:12:06<00:03:54,  0.61it/s, loss=0.0249]
Epoch 77:  76%|#######...| 445/585 [00:12:11<00:03:50,  0.61it/s, loss=0.0249]
Epoch 77:  77%|#######...| 448/585 [00:12:17<00:03:45,  0.61it/s, loss=0.0249]
Epoch 77:  77%|#######...| 452/585 [00:12:24<00:03:39,  0.61it/s, loss=0.0249]
Epoch 77:  78%|#######...| 456/585 [00:12:31<00:03:32,  0.61it/s, loss=0.0249]
Epoch 77:  79%|#######...| 460/585 [00:12:36<00:03:25,  0.61it/s, loss=0.0249]
Epoch 77:  79%|#######...| 464/585 [00:12:43<00:03:19,  0.61it/s, loss=0.0249]
Epoch 77:  80%|########..| 468/585 [00:12:49<00:03:12,  0.61it/s, loss=0.0249]
Epoch 77:  81%|########..| 471/585 [00:12:55<00:03:07,  0.61it/s, loss=0.0251]
Epoch 77:  81%|########..| 475/585 [00:13:01<00:03:00,  0.61it/s, loss=0.0251]
Epoch 77:  82%|########..| 479/585 [00:13:07<00:02:54,  0.61it/s, loss=0.0250]
Epoch 77:  83%|########..| 483/585 [00:13:13<00:02:47,  0.61it/s, loss=0.0250]
Epoch 77:  83%|########..| 486/585 [00:13:19<00:02:42,  0.61it/s, loss=0.0250]
Epoch 77:  84%|########..| 489/585 [00:13:24<00:02:37,  0.61it/s, loss=0.0250]
Epoch 77:  84%|########..| 493/585 [00:13:30<00:02:31,  0.61it/s, loss=0.0250]
Epoch 77:  85%|########..| 497/585 [00:13:36<00:02:24,  0.61it/s, loss=0.0250]
Epoch 77:  85%|########..| 500/585 [00:13:41<00:02:19,  0.61it/s, loss=0.0249]
Epoch 77:  86%|########..| 504/585 [00:13:48<00:02:13,  0.61it/s, loss=0.0249]
Epoch 77:  87%|########..| 507/585 [00:13:53<00:02:08,  0.61it/s, loss=0.0249]
Epoch 77:  87%|########..| 511/585 [00:13:59<00:02:01,  0.61it/s, loss=0.0249]
Epoch 77:  88%|########..| 515/585 [00:14:06<00:01:55,  0.61it/s, loss=0.0249]
Epoch 77:  89%|########..| 519/585 [00:14:12<00:01:48,  0.61it/s, loss=0.0249]
Epoch 77:  89%|########..| 523/585 [00:14:18<00:01:41,  0.61it/s, loss=0.0249]
Epoch 77:  90%|########..| 526/585 [00:14:24<00:01:37,  0.61it/s, loss=0.0249]
Epoch 77:  90%|#########.| 529/585 [00:14:30<00:01:32,  0.61it/s, loss=0.0249]
Epoch 77:  91%|#########.| 533/585 [00:14:36<00:01:25,  0.61it/s, loss=0.0249]
Epoch 77:  92%|#########.| 537/585 [00:14:41<00:01:18,  0.61it/s, loss=0.0249]
Epoch 77:  92%|#########.| 541/585 [00:14:48<00:01:12,  0.61it/s, loss=0.0248]
Epoch 77:  93%|#########.| 545/585 [00:14:54<00:01:05,  0.61it/s, loss=0.0248]
Epoch 77:  94%|#########.| 549/585 [00:15:01<00:00:59,  0.61it/s, loss=0.0248]
Epoch 77:  95%|#########.| 553/585 [00:15:08<00:00:52,  0.61it/s, loss=0.0248]
Epoch 77:  95%|#########.| 557/585 [00:15:14<00:00:45,  0.61it/s, loss=0.0249]
Epoch 77:  96%|#########.| 561/585 [00:15:20<00:00:39,  0.61it/s, loss=0.0248]
Epoch 77:  97%|#########.| 565/585 [00:15:27<00:00:32,  0.61it/s, loss=0.0248]
Epoch 77:  97%|#########.| 569/585 [00:15:33<00:00:26,  0.61it/s, loss=0.0248]
Epoch 77:  98%|#########.| 573/585 [00:15:39<00:00:19,  0.61it/s, loss=0.0248]
Epoch 77:  99%|#########.| 577/585 [00:15:45<00:00:13,  0.61it/s, loss=0.0248]
Epoch 77:  99%|#########.| 581/585 [00:15:51<00:00:06,  0.61it/s, loss=0.0248]
Epoch 77: 100%|#########.| 584/585 [00:15:56<00:00:01,  0.61it/s, loss=0.0248]
Epoch 77: 100%|##########| 585/585 [00:15:58<00:00:00,  0.61it/s, loss=0.0248]
Test loss: 0.0228, Test rmsae: 7.24deg
{"event": "epoch_complete", "epoch": 77, "phase": 2, "lr": 1e-05, "batch_size": 10, "micro_batch_size": 1, "train_loss": 0.024808324300325833, "val_loss": 0.022843834769446403, "val_rmsae_deg": 7.241602897644043, "epoch_time_s": 959.1575805189786}
Epoch 78/80:
Epoch 78:   1%|..........| 3/585 [00:00:05<00:16:27,  0.59it/s, loss=0.0225]
Epoch 78:   1%|..........| 7/585 [00:00:12<00:16:46,  0.57it/s, loss=0.0261]
Epoch 78:   2%|..........| 11/585 [00:00:17<00:15:32,  0.62it/s, loss=0.0252]
Epoch 78:   2%|..........| 14/585 [00:00:22<00:15:35,  0.61it/s, loss=0.0254]
Epoch 78:   3%|..........| 18/585 [00:00:28<00:15:09,  0.62it/s, loss=0.0248]
Epoch 78:   4%|..........| 21/585 [00:00:34<00:15:13,  0.62it/s, loss=0.0239]
Epoch 78:   4%|..........| 24/585 [00:00:39<00:15:32,  0.60it/s, loss=0.0239]
Epoch 78:   5%|..........| 28/585 [00:00:45<00:15:12,  0.61it/s, loss=0.0234]
Epoch 78:   5%|..........| 32/585 [00:00:51<00:14:56,  0.62it/s, loss=0.0235]
Epoch 78:   6%|..........| 36/585 [00:00:57<00:14:41,  0.62it/s, loss=0.0235]
Epoch 78:   7%|..........| 40/585 [00:01:03<00:14:31,  0.63it/s, loss=0.0236]
Epoch 78:   7%|..........| 43/585 [00:01:09<00:14:30,  0.62it/s, loss=0.0234]
Epoch 78:   8%|..........| 46/585 [00:01:14<00:14:33,  0.62it/s, loss=0.0235]
Epoch 78:   8%|..........| 49/585 [00:01:20<00:14:36,  0.61it/s, loss=0.0241]
Epoch 78:   9%|..........| 53/585 [00:01:26<00:14:28,  0.61it/s, loss=0.0242]
Epoch 78:  10%|..........| 57/585 [00:01:32<00:14:17,  0.62it/s, loss=0.0250]
Epoch 78:  10%|#.........| 61/585 [00:01:38<00:14:03,  0.62it/s, loss=0.0250]
Epoch 78:  11%|#.........| 64/585 [00:01:43<00:14:03,  0.62it/s, loss=0.0251]
Epoch 78:  12%|#.........| 68/585 [00:01:50<00:13:56,  0.62it/s, loss=0.0251]
Epoch 78:  12%|#.........| 72/585 [00:01:55<00:13:44,  0.62it/s, loss=0.0249]
Epoch 78:  13%|#.........| 76/585 [00:02:01<00:13:35,  0.62it/s, loss=0.0251]
Epoch 78:  14%|#.........| 80/585 [00:02:07<00:13:27,  0.63it/s, loss=0.0251]
Epoch 78:  14%|#.........| 83/585 [00:02:13<00:13:25,  0.62it/s, loss=0.0253]
Epoch 78:  15%|#.........| 87/585 [00:02:19<00:13:19,  0.62it/s, loss=0.0251]
Epoch 78:  16%|#.........| 91/585 [00:02:27<00:13:22,  0.62it/s, loss=0.0251]
Epoch 78:  16%|#.........| 95/585 [00:02:33<00:13:13,  0.62it/s, loss=0.0250]
Epoch 78:  17%|#.........| 99/585 [00:02:40<00:13:06,  0.62it/s, loss=0.0250]
Epoch 78:  18%|#.........| 103/585 [00:02:46<00:12:57,  0.62it/s, loss=0.0252]
Epoch 78:  18%|#.........| 107/585 [00:02:53<00:12:54,  0.62it/s, loss=0.0250]
Epoch 78:  19%|#.........| 110/585 [00:02:59<00:12:54,  0.61it/s, loss=0.0251]
Epoch 78:  19%|#.........| 114/585 [00:03:05<00:12:47,  0.61it/s, loss=0.0249]
Epoch 78:  20%|##........| 117/585 [00:03:10<00:12:43,  0.61it/s, loss=0.0248]
Epoch 78:  21%|##........| 121/585 [00:03:17<00:12:36,  0.61it/s, loss=0.0248]
Epoch 78:  21%|##........| 125/585 [00:03:23<00:12:29,  0.61it/s, loss=0.0247]
Epoch 78:  22%|##........| 129/585 [00:03:29<00:12:21,  0.62it/s, loss=0.0246]
Epoch 78:  23%|##........| 133/585 [00:03:35<00:12:13,  0.62it/s, loss=0.0245]
Epoch 78:  23%|##........| 137/585 [00:03:42<00:12:06,  0.62it/s, loss=0.0244]
Epoch 78:  24%|##........| 141/585 [00:03:48<00:12:00,  0.62it/s, loss=0.0245]
Epoch 78:  25%|##........| 145/585 [00:03:55<00:11:53,  0.62it/s, loss=0.0246]
Epoch 78:  25%|##........| 149/585 [00:04:01<00:11:45,  0.62it/s, loss=0.0246]
Epoch 78:  26%|##........| 153/585 [00:04:07<00:11:37,  0.62it/s, loss=0.0244]
Epoch 78:  27%|##........| 156/585 [00:04:12<00:11:34,  0.62it/s, loss=0.0245]
Epoch 78:  27%|##........| 160/585 [00:04:18<00:11:27,  0.62it/s, loss=0.0244]
Epoch 78:  28%|##........| 163/585 [00:04:24<00:11:24,  0.62it/s, loss=0.0244]
Epoch 78:  29%|##........| 167/585 [00:04:30<00:11:17,  0.62it/s, loss=0.0244]
Epoch 78:  29%|##........| 171/585 [00:04:36<00:11:09,  0.62it/s, loss=0.0244]
Epoch 78:  30%|##........| 175/585 [00:04:43<00:11:04,  0.62it/s, loss=0.0244]
Epoch 78:  30%|###.......| 178/585 [00:04:48<00:11:00,  0.62it/s, loss=0.0244]
Epoch 78:  31%|###.......| 182/585 [00:04:54<00:10:52,  0.62it/s, loss=0.0243]
Epoch 78:  32%|###.......| 186/585 [00:05:00<00:10:44,  0.62it/s, loss=0.0243]
Epoch 78:  32%|###.......| 190/585 [00:05:07<00:10:39,  0.62it/s, loss=0.0260]
Epoch 78:  33%|###.......| 194/585 [00:05:13<00:10:32,  0.62it/s, loss=0.0259]
Epoch 78:  34%|###.......| 198/585 [00:05:19<00:10:25,  0.62it/s, loss=0.0258]
Epoch 78:  35%|###.......| 202/585 [00:05:26<00:10:18,  0.62it/s, loss=0.0257]
Epoch 78:  35%|###.......| 205/585 [00:05:31<00:10:14,  0.62it/s, loss=0.0257]
Epoch 78:  36%|###.......| 209/585 [00:05:37<00:10:06,  0.62it/s, loss=0.0256]
Epoch 78:  36%|###.......| 212/585 [00:05:42<00:10:02,  0.62it/s, loss=0.0256]
Epoch 78:  37%|###.......| 216/585 [00:05:48<00:09:54,  0.62it/s, loss=0.0255]
Epoch 78:  38%|###.......| 220/585 [00:05:54<00:09:48,  0.62it/s, loss=0.0256]
Epoch 78:  38%|###.......| 224/585 [00:06:00<00:09:41,  0.62it/s, loss=0.0255]
Epoch 78:  39%|###.......| 228/585 [00:06:06<00:09:34,  0.62it/s, loss=0.0255]
Epoch 78:  39%|###.......| 231/585 [00:06:12<00:09:30,  0.62it/s, loss=0.0254]
Epoch 78:  40%|####......| 235/585 [00:06:18<00:09:23,  0.62it/s, loss=0.0253]
Epoch 78:  41%|####......| 238/585 [00:06:23<00:09:19,  0.62it/s, loss=0.0253]
Epoch 78:  41%|####......| 242/585 [00:06:29<00:09:11,  0.62it/s, loss=0.0252]
Epoch 78:  42%|####......| 246/585 [00:06:35<00:09:05,  0.62it/s, loss=0.0252]
Epoch 78:  43%|####......| 250/585 [00:06:41<00:08:58,  0.62it/s, loss=0.0251]
Epoch 78:  43%|####......| 253/585 [00:06:47<00:08:54,  0.62it/s, loss=0.0255]
Epoch 78:  44%|####......| 257/585 [00:06:53<00:08:47,  0.62it/s, loss=0.0255]
Epoch 78:  45%|####......| 261/585 [00:06:59<00:08:41,  0.62it/s, loss=0.0255]
Epoch 78:  45%|####......| 265/585 [00:07:06<00:08:34,  0.62it/s, loss=0.0254]
Epoch 78:  46%|####......| 269/585 [00:07:12<00:08:27,  0.62it/s, loss=0.0254]
Epoch 78:  47%|####......| 273/585 [00:07:18<00:08:20,  0.62it/s, loss=0.0253]
Epoch 78:  47%|####......| 276/585 [00:07:23<00:08:16,  0.62it/s, loss=0.0254]
Epoch 78:  48%|####......| 279/585 [00:07:28<00:08:12,  0.62it/s, loss=0.0253]
Epoch 78:  48%|####......| 283/585 [00:07:35<00:08:06,  0.62it/s, loss=0.0254]
Epoch 78:  49%|####......| 287/585 [00:07:41<00:07:59,  0.62it/s, loss=0.0254]
Epoch 78:  50%|####......| 291/585 [00:07:47<00:07:52,  0.62it/s, loss=0.0254]
Epoch 78:  50%|#####.....| 294/585 [00:07:53<00:07:48,  0.62it/s, loss=0.0254]
Epoch 78:  51%|#####.....| 298/585 [00:07:58<00:07:41,  0.62it/s, loss=0.0254]
Epoch 78:  52%|#####.....| 302/585 [00:08:04<00:07:34,  0.62it/s, loss=0.0253]
Epoch 78:  52%|#####.....| 306/585 [00:08:12<00:07:28,  0.62it/s, loss=0.0253]
Epoch 78:  53%|#####.....| 310/585 [00:08:18<00:07:22,  0.62it/s, loss=0.0256]
Epoch 78:  54%|#####.....| 314/585 [00:08:24<00:07:15,  0.62it/s, loss=0.0256]
Epoch 78:  54%|#####.....| 318/585 [00:08:31<00:07:09,  0.62it/s, loss=0.0256]
Epoch 78:  55%|#####.....| 321/585 [00:08:36<00:07:04,  0.62it/s, loss=0.0257]
Epoch 78:  56%|#####.....| 325/585 [00:08:42<00:06:58,  0.62it/s, loss=0.0256]
Epoch 78:  56%|#####.....| 328/585 [00:08:47<00:06:53,  0.62it/s, loss=0.0256]
Epoch 78:  57%|#####.....| 331/585 [00:08:53<00:06:49,  0.62it/s, loss=0.0256]
Epoch 78:  57%|#####.....| 334/585 [00:08:59<00:06:45,  0.62it/s, loss=0.0256]
Epoch 78:  58%|#####.....| 337/585 [00:09:04<00:06:40,  0.62it/s, loss=0.0256]
Epoch 78:  58%|#####.....| 341/585 [00:09:10<00:06:33,  0.62it/s, loss=0.0256]
Epoch 78:  59%|#####.....| 345/585 [00:09:16<00:06:27,  0.62it/s, loss=0.0256]
Epoch 78:  59%|#####.....| 348/585 [00:09:21<00:06:22,  0.62it/s, loss=0.0257]
Epoch 78:  60%|######....| 352/585 [00:09:27<00:06:15,  0.62it/s, loss=0.0256]
Epoch 78:  61%|######....| 356/585 [00:09:33<00:06:09,  0.62it/s, loss=0.0256]
Epoch 78:  62%|######....| 360/585 [00:09:40<00:06:02,  0.62it/s, loss=0.0255]
Epoch 78:  62%|######....| 363/585 [00:09:45<00:05:58,  0.62it/s, loss=0.0255]
Epoch 78:  63%|######....| 366/585 [00:09:50<00:05:53,  0.62it/s, loss=0.0256]
Epoch 78:  63%|######....| 369/585 [00:09:56<00:05:49,  0.62it/s, loss=0.0256]
Epoch 78:  64%|######....| 373/585 [00:10:02<00:05:42,  0.62it/s, loss=0.0256]
Epoch 78:  64%|######....| 376/585 [00:10:07<00:05:37,  0.62it/s, loss=0.0256]
Epoch 78:  65%|######....| 380/585 [00:10:14<00:05:31,  0.62it/s, loss=0.0256]
Epoch 78:  65%|######....| 383/585 [00:10:19<00:05:26,  0.62it/s, loss=0.0256]
Epoch 78:  66%|######....| 386/585 [00:10:24<00:05:21,  0.62it/s, loss=0.0256]
Epoch 78:  66%|######....| 389/585 [00:10:30<00:05:17,  0.62it/s, loss=0.0256]
Epoch 78:  67%|######....| 393/585 [00:10:36<00:05:10,  0.62it/s, loss=0.0256]
Epoch 78:  68%|######....| 396/585 [00:10:41<00:05:06,  0.62it/s, loss=0.0256]
Epoch 78:  68%|######....| 400/585 [00:10:47<00:04:59,  0.62it/s, loss=0.0255]
Epoch 78:  69%|######....| 404/585 [00:10:54<00:04:53,  0.62it/s, loss=0.0255]
Epoch 78:  70%|######....| 408/585 [00:11:00<00:04:46,  0.62it/s, loss=0.0255]
Epoch 78:  70%|#######...| 412/585 [00:11:07<00:04:40,  0.62it/s, loss=0.0254]
Epoch 78:  71%|#######...| 416/585 [00:11:13<00:04:33,  0.62it/s, loss=0.0254]
Epoch 78:  72%|#######...| 420/585 [00:11:19<00:04:27,  0.62it/s, loss=0.0254]
Epoch 78:  72%|#######...| 424/585 [00:11:25<00:04:20,  0.62it/s, loss=0.0254]
Epoch 78:  73%|#######...| 428/585 [00:11:32<00:04:13,  0.62it/s, loss=0.0254]
Epoch 78:  74%|#######...| 432/585 [00:11:38<00:04:07,  0.62it/s, loss=0.0254]
Epoch 78:  75%|#######...| 436/585 [00:11:45<00:04:00,  0.62it/s, loss=0.0254]
Epoch 78:  75%|#######...| 439/585 [00:11:50<00:03:56,  0.62it/s, loss=0.0254]
Epoch 78:  76%|#######...| 442/585 [00:11:55<00:03:51,  0.62it/s, loss=0.0254]
Epoch 78:  76%|#######...| 446/585 [00:12:01<00:03:44,  0.62it/s, loss=0.0253]
Epoch 78:  77%|#######...| 450/585 [00:12:07<00:03:38,  0.62it/s, loss=0.0253]
Epoch 78:  78%|#######...| 454/585 [00:12:13<00:03:31,  0.62it/s, loss=0.0253]
Epoch 78:  78%|#######...| 458/585 [00:12:20<00:03:25,  0.62it/s, loss=0.0253]
Epoch 78:  79%|#######...| 462/585 [00:12:26<00:03:18,  0.62it/s, loss=0.0253]
Epoch 78:  80%|#######...| 466/585 [00:12:32<00:03:12,  0.62it/s, loss=0.0253]
Epoch 78:  80%|########..| 469/585 [00:12:38<00:03:07,  0.62it/s, loss=0.0254]
Epoch 78:  81%|########..| 473/585 [00:12:44<00:03:00,  0.62it/s, loss=0.0254]
Epoch 78:  82%|########..| 477/585 [00:12:50<00:02:54,  0.62it/s, loss=0.0254]
Epoch 78:  82%|########..| 481/585 [00:12:56<00:02:47,  0.62it/s, loss=0.0253]
Epoch 78:  83%|########..| 484/585 [00:13:01<00:02:43,  0.62it/s, loss=0.0253]
Epoch 78:  83%|########..| 488/585 [00:13:07<00:02:36,  0.62it/s, loss=0.0253]
Epoch 78:  84%|########..| 491/585 [00:13:12<00:02:31,  0.62it/s, loss=0.0253]
Epoch 78:  85%|########..| 495/585 [00:13:18<00:02:25,  0.62it/s, loss=0.0253]
Epoch 78:  85%|########..| 499/585 [00:13:25<00:02:18,  0.62it/s, loss=0.0252]
Epoch 78:  86%|########..| 502/585 [00:13:30<00:02:14,  0.62it/s, loss=0.0252]
Epoch 78:  86%|########..| 506/585 [00:13:36<00:02:07,  0.62it/s, loss=0.0252]
Epoch 78:  87%|########..| 509/585 [00:13:42<00:02:02,  0.62it/s, loss=0.0252]
Epoch 78:  88%|########..| 513/585 [00:13:48<00:01:56,  0.62it/s, loss=0.0252]
Epoch 78:  88%|########..| 516/585 [00:13:53<00:01:51,  0.62it/s, loss=0.0252]
Epoch 78:  89%|########..| 519/585 [00:13:59<00:01:46,  0.62it/s, loss=0.0251]
Epoch 78:  89%|########..| 523/585 [00:14:05<00:01:40,  0.62it/s, loss=0.0251]
Epoch 78:  90%|#########.| 527/585 [00:14:12<00:01:33,  0.62it/s, loss=0.0251]
Epoch 78:  91%|#########.| 530/585 [00:14:17<00:01:28,  0.62it/s, loss=0.0251]
Epoch 78:  91%|#########.| 534/585 [00:14:23<00:01:22,  0.62it/s, loss=0.0251]
Epoch 78:  92%|#########.| 538/585 [00:14:30<00:01:16,  0.62it/s, loss=0.0251]
Epoch 78:  93%|#########.| 542/585 [00:14:36<00:01:09,  0.62it/s, loss=0.0251]
Epoch 78:  93%|#########.| 546/585 [00:14:43<00:01:03,  0.62it/s, loss=0.0251]
Epoch 78:  94%|#########.| 549/585 [00:14:49<00:00:58,  0.62it/s, loss=0.0252]
Epoch 78:  95%|#########.| 553/585 [00:14:55<00:00:51,  0.62it/s, loss=0.0252]
Epoch 78:  95%|#########.| 557/585 [00:15:01<00:00:45,  0.62it/s, loss=0.0251]
Epoch 78:  96%|#########.| 560/585 [00:15:07<00:00:40,  0.62it/s, loss=0.0252]
Epoch 78:  96%|#########.| 563/585 [00:15:12<00:00:35,  0.62it/s, loss=0.0252]
Epoch 78:  97%|#########.| 567/585 [00:15:18<00:00:29,  0.62it/s, loss=0.0252]
Epoch 78:  97%|#########.| 570/585 [00:15:23<00:00:24,  0.62it/s, loss=0.0252]
Epoch 78:  98%|#########.| 574/585 [00:15:29<00:00:17,  0.62it/s, loss=0.0252]
Epoch 78:  99%|#########.| 578/585 [00:15:36<00:00:11,  0.62it/s, loss=0.0252]
Epoch 78:  99%|#########.| 582/585 [00:15:42<00:00:04,  0.62it/s, loss=0.0252]
Epoch 78: 100%|##########| 585/585 [00:15:47<00:00:00,  0.62it/s, loss=0.0252]
Test loss: 0.0228, Test rmsae: 7.13deg
{"event": "epoch_complete", "epoch": 78, "phase": 2, "lr": 1e-05, "batch_size": 10, "micro_batch_size": 1, "train_loss": 0.025194176908932688, "val_loss": 0.022786562010878697, "val_rmsae_deg": 7.130243316292763, "epoch_time_s": 948.7187086839695}
Epoch 79/80:
Epoch 79:   1%|..........| 4/585 [00:00:05<00:14:15,  0.68it/s, loss=0.0212]
Epoch 79:   1%|..........| 7/585 [00:00:11<00:16:04,  0.60it/s, loss=0.0215]
Epoch 79:   2%|..........| 10/585 [00:00:17<00:16:48,  0.57it/s, loss=0.0229]
Epoch 79:   2%|..........| 14/585 [00:00:23<00:16:17,  0.58it/s, loss=0.0233]
Epoch 79:   3%|..........| 18/585 [00:00:30<00:15:57,  0.59it/s, loss=0.0248]
Epoch 79:   4%|..........| 21/585 [00:00:35<00:15:51,  0.59it/s, loss=0.0251]
Epoch 79:   4%|..........| 24/585 [00:00:41<00:16:04,  0.58it/s, loss=0.0244]
Epoch 79:   5%|..........| 28/585 [00:00:47<00:15:35,  0.60it/s, loss=0.0243]
Epoch 79:   5%|..........| 31/585 [00:00:52<00:15:44,  0.59it/s, loss=0.0245]
Epoch 79:   6%|..........| 35/585 [00:00:58<00:15:20,  0.60it/s, loss=0.0241]
Epoch 79:   6%|..........| 38/585 [00:01:04<00:15:29,  0.59it/s, loss=0.0246]
Epoch 79:   7%|..........| 41/585 [00:01:09<00:15:26,  0.59it/s, loss=0.0252]
Epoch 79:   8%|..........| 44/585 [00:01:15<00:15:24,  0.59it/s, loss=0.0262]
Epoch 79:   8%|..........| 48/585 [00:01:21<00:15:09,  0.59it/s, loss=0.0259]
Epoch 79:   9%|..........| 52/585 [00:01:27<00:14:58,  0.59it/s, loss=0.0257]
Epoch 79:  10%|..........| 56/585 [00:01:33<00:14:45,  0.60it/s, loss=0.0258]
Epoch 79:  10%|#.........| 60/585 [00:01:39<00:14:31,  0.60it/s, loss=0.0255]
Epoch 79:  11%|#.........| 63/585 [00:01:44<00:14:27,  0.60it/s, loss=0.0256]
Epoch 79:  11%|#.........| 66/585 [00:01:49<00:14:23,  0.60it/s, loss=0.0255]
Epoch 79:  12%|#.........| 70/585 [00:01:55<00:14:12,  0.60it/s, loss=0.0254]
Epoch 79:  13%|#.........| 74/585 [00:02:01<00:13:59,  0.61it/s, loss=0.0253]
Epoch 79:  13%|#.........| 78/585 [00:02:08<00:13:52,  0.61it/s, loss=0.0253]
Epoch 79:  14%|#.........| 82/585 [00:02:14<00:13:43,  0.61it/s, loss=0.0251]
Epoch 79:  15%|#.........| 86/585 [00:02:20<00:13:35,  0.61it/s, loss=0.0251]
Epoch 79:  15%|#.........| 90/585 [00:02:26<00:13:26,  0.61it/s, loss=0.0250]
Epoch 79:  16%|#.........| 94/585 [00:02:32<00:13:18,  0.61it/s, loss=0.0249]
Epoch 79:  17%|#.........| 98/585 [00:02:38<00:13:08,  0.62it/s, loss=0.0249]
Epoch 79:  17%|#.........| 101/585 [00:02:43<00:13:04,  0.62it/s, loss=0.0249]
Epoch 79:  18%|#.........| 105/585 [00:02:49<00:12:56,  0.62it/s, loss=0.0249]
Epoch 79:  19%|#.........| 109/585 [00:02:55<00:12:48,  0.62it/s, loss=0.0249]
Epoch 79:  19%|#.........| 113/585 [00:03:01<00:12:37,  0.62it/s, loss=0.0247]
Epoch 79:  20%|#.........| 116/585 [00:03:07<00:12:37,  0.62it/s, loss=0.0248]
Epoch 79:  21%|##........| 120/585 [00:03:13<00:12:31,  0.62it/s, loss=0.0248]
Epoch 79:  21%|##........| 124/585 [00:03:19<00:12:22,  0.62it/s, loss=0.0247]
Epoch 79:  22%|##........| 128/585 [00:03:25<00:12:14,  0.62it/s, loss=0.0249]
Epoch 79:  23%|##........| 132/585 [00:03:31<00:12:06,  0.62it/s, loss=0.0248]
Epoch 79:  23%|##........| 136/585 [00:03:38<00:12:00,  0.62it/s, loss=0.0248]
Epoch 79:  24%|##........| 139/585 [00:03:43<00:11:56,  0.62it/s, loss=0.0248]
Epoch 79:  24%|##........| 143/585 [00:03:49<00:11:48,  0.62it/s, loss=0.0248]
Epoch 79:  25%|##........| 147/585 [00:03:55<00:11:41,  0.62it/s, loss=0.0248]
Epoch 79:  26%|##........| 151/585 [00:04:01<00:11:33,  0.63it/s, loss=0.0248]
Epoch 79:  26%|##........| 155/585 [00:04:07<00:11:26,  0.63it/s, loss=0.0248]
Epoch 79:  27%|##........| 159/585 [00:04:13<00:11:18,  0.63it/s, loss=0.0247]
Epoch 79:  28%|##........| 163/585 [00:04:19<00:11:12,  0.63it/s, loss=0.0248]
Epoch 79:  29%|##........| 167/585 [00:04:25<00:11:05,  0.63it/s, loss=0.0248]
Epoch 79:  29%|##........| 170/585 [00:04:31<00:11:02,  0.63it/s, loss=0.0249]
Epoch 79:  30%|##........| 174/585 [00:04:37<00:10:56,  0.63it/s, loss=0.0249]
Epoch 79:  30%|###.......| 178/585 [00:04:43<00:10:49,  0.63it/s, loss=0.0248]
Epoch 79:  31%|###.......| 182/585 [00:04:49<00:10:41,  0.63it/s, loss=0.0251]
Epoch 79:  32%|###.......| 185/585 [00:04:55<00:10:38,  0.63it/s, loss=0.0251]
Epoch 79:  32%|###.......| 189/585 [00:05:01<00:10:31,  0.63it/s, loss=0.0250]
Epoch 79:  33%|###.......| 192/585 [00:05:07<00:10:28,  0.63it/s, loss=0.0255]
Epoch 79:  33%|###.......| 195/585 [00:05:12<00:10:24,  0.62it/s, loss=0.0255]
Epoch 79:  34%|###.......| 198/585 [00:05:18<00:10:22,  0.62it/s, loss=0.0255]
Epoch 79:  35%|###.......| 202/585 [00:05:24<00:10:15,  0.62it/s, loss=0.0254]
Epoch 79:  35%|###.......| 205/585 [00:05:29<00:10:11,  0.62it/s, loss=0.0254]
Epoch 79:  36%|###.......| 209/585 [00:05:36<00:10:05,  0.62it/s, loss=0.0254]
Epoch 79:  36%|###.......| 212/585 [00:05:42<00:10:01,  0.62it/s, loss=0.0255]
Epoch 79:  37%|###.......| 216/585 [00:05:48<00:09:55,  0.62it/s, loss=0.0254]
Epoch 79:  38%|###.......| 220/585 [00:05:56<00:09:50,  0.62it/s, loss=0.0253]
Epoch 79:  38%|###.......| 223/585 [00:06:01<00:09:46,  0.62it/s, loss=0.0253]
Epoch 79:  39%|###.......| 227/585 [00:06:07<00:09:39,  0.62it/s, loss=0.0253]
Epoch 79:  39%|###.......| 230/585 [00:06:12<00:09:35,  0.62it/s, loss=0.0253]
Epoch 79:  40%|####......| 234/585 [00:06:18<00:09:28,  0.62it/s, loss=0.0253]
Epoch 79:  41%|####......| 237/585 [00:06:24<00:09:24,  0.62it/s, loss=0.0253]
Epoch 79:  41%|####......| 240/585 [00:06:29<00:09:19,  0.62it/s, loss=0.0253]
Epoch 79:  42%|####......| 244/585 [00:06:35<00:09:13,  0.62it/s, loss=0.0252]
Epoch 79:  42%|####......| 247/585 [00:06:41<00:09:09,  0.62it/s, loss=0.0253]
Epoch 79:  43%|####......| 251/585 [00:06:47<00:09:02,  0.62it/s, loss=0.0252]
Epoch 79:  43%|####......| 254/585 [00:06:52<00:08:58,  0.62it/s, loss=0.0252]
Epoch 79:  44%|####......| 258/585 [00:06:58<00:08:50,  0.62it/s, loss=0.0252]
Epoch 79:  45%|####......| 261/585 [00:07:05<00:08:47,  0.61it/s, loss=0.0252]
Epoch 79:  45%|####......| 265/585 [00:07:11<00:08:40,  0.61it/s, loss=0.0252]
Epoch 79:  46%|####......| 269/585 [00:07:17<00:08:34,  0.61it/s, loss=0.0251]
Epoch 79:  47%|####......| 273/585 [00:07:24<00:08:27,  0.61it/s, loss=0.0250]
Epoch 79:  47%|####......| 277/585 [00:07:30<00:08:20,  0.61it/s, loss=0.0250]
Epoch 79:  48%|####......| 280/585 [00:07:35<00:08:16,  0.61it/s, loss=0.0250]
Epoch 79:  49%|####......| 284/585 [00:07:41<00:08:09,  0.61it/s, loss=0.0250]
Epoch 79:  49%|####......| 288/585 [00:07:47<00:08:02,  0.62it/s, loss=0.0250]
Epoch 79:  50%|####......| 292/585 [00:07:53<00:07:55,  0.62it/s, loss=0.0249]
Epoch 79:  51%|#####.....| 296/585 [00:08:00<00:07:48,  0.62it/s, loss=0.0249]
Epoch 79:  51%|#####.....| 300/585 [00:08:06<00:07:42,  0.62it/s, loss=0.0249]
Epoch 79:  52%|#####.....| 304/585 [00:08:12<00:07:35,  0.62it/s, loss=0.0249]
Epoch 79:  53%|#####.....| 308/585 [00:08:18<00:07:28,  0.62it/s, loss=0.0249]
Epoch 79:  53%|#####.....| 312/585 [00:08:25<00:07:22,  0.62it/s, loss=0.0249]
Epoch 79:  54%|#####.....| 316/585 [00:08:32<00:07:16,  0.62it/s, loss=0.0249]
Epoch 79:  55%|#####.....| 320/585 [00:08:39<00:07:09,  0.62it/s, loss=0.0249]
Epoch 79:  55%|#####.....| 324/585 [00:08:45<00:07:03,  0.62it/s, loss=0.0249]
Epoch 79:  56%|#####.....| 328/585 [00:08:52<00:06:57,  0.62it/s, loss=0.0249]
Epoch 79:  57%|#####.....| 332/585 [00:08:58<00:06:50,  0.62it/s, loss=0.0249]
Epoch 79:  57%|#####.....| 336/585 [00:09:04<00:06:43,  0.62it/s, loss=0.0249]
Epoch 79:  58%|#####.....| 340/585 [00:09:10<00:06:37,  0.62it/s, loss=0.0249]
Epoch 79:  59%|#####.....| 343/585 [00:09:16<00:06:32,  0.62it/s, loss=0.0249]
Epoch 79:  59%|#####.....| 347/585 [00:09:22<00:06:25,  0.62it/s, loss=0.0249]
Epoch 79:  60%|#####.....| 350/585 [00:09:28<00:06:21,  0.62it/s, loss=0.0249]
Epoch 79:  61%|######....| 354/585 [00:09:34<00:06:15,  0.62it/s, loss=0.0249]
Epoch 79:  61%|######....| 358/585 [00:09:41<00:06:08,  0.62it/s, loss=0.0248]
Epoch 79:  62%|######....| 362/585 [00:09:47<00:06:01,  0.62it/s, loss=0.0248]
Epoch 79:  62%|######....| 365/585 [00:09:52<00:05:57,  0.62it/s, loss=0.0248]
Epoch 79:  63%|######....| 369/585 [00:09:59<00:05:50,  0.62it/s, loss=0.0248]
Epoch 79:  64%|######....| 373/585 [00:10:05<00:05:44,  0.62it/s, loss=0.0248]
Epoch 79:  64%|######....| 377/585 [00:10:11<00:05:37,  0.62it/s, loss=0.0248]
Epoch 79:  65%|######....| 381/585 [00:10:17<00:05:30,  0.62it/s, loss=0.0249]
Epoch 79:  66%|######....| 385/585 [00:10:23<00:05:24,  0.62it/s, loss=0.0249]
Epoch 79:  66%|######....| 388/585 [00:10:29<00:05:19,  0.62it/s, loss=0.0248]
Epoch 79:  67%|######....| 391/585 [00:10:34<00:05:14,  0.62it/s, loss=0.0248]
Epoch 79:  68%|######....| 395/585 [00:10:41<00:05:08,  0.62it/s, loss=0.0248]
Epoch 79:  68%|######....| 399/585 [00:10:48<00:05:02,  0.62it/s, loss=0.0249]
Epoch 79:  69%|######....| 403/585 [00:10:53<00:04:55,  0.62it/s, loss=0.0248]
Epoch 79:  69%|######....| 406/585 [00:10:59<00:04:50,  0.62it/s, loss=0.0249]
Epoch 79:  70%|######....| 409/585 [00:11:04<00:04:45,  0.62it/s, loss=0.0249]
Epoch 79:  70%|#######...| 412/585 [00:11:10<00:04:41,  0.61it/s, loss=0.0249]
Epoch 79:  71%|#######...| 415/585 [00:11:15<00:04:36,  0.61it/s, loss=0.0249]
Epoch 79:  72%|#######...| 419/585 [00:11:22<00:04:30,  0.61it/s, loss=0.0248]
Epoch 79:  72%|#######...| 422/585 [00:11:27<00:04:25,  0.61it/s, loss=0.0249]
Epoch 79:  73%|#######...| 426/585 [00:11:33<00:04:18,  0.61it/s, loss=0.0249]
Epoch 79:  74%|#######...| 430/585 [00:11:40<00:04:12,  0.61it/s, loss=0.0249]
Epoch 79:  74%|#######...| 434/585 [00:11:45<00:04:05,  0.61it/s, loss=0.0249]
Epoch 79:  75%|#######...| 438/585 [00:11:52<00:03:59,  0.61it/s, loss=0.0248]
Epoch 79:  76%|#######...| 442/585 [00:11:58<00:03:52,  0.61it/s, loss=0.0248]
Epoch 79:  76%|#######...| 446/585 [00:12:05<00:03:46,  0.61it/s, loss=0.0249]
Epoch 79:  77%|#######...| 450/585 [00:12:12<00:03:39,  0.61it/s, loss=0.0248]
Epoch 79:  78%|#######...| 454/585 [00:12:18<00:03:33,  0.61it/s, loss=0.0249]
Epoch 79:  78%|#######...| 458/585 [00:12:25<00:03:26,  0.61it/s, loss=0.0248]
Epoch 79:  79%|#######...| 462/585 [00:12:32<00:03:20,  0.61it/s, loss=0.0248]
Epoch 79:  79%|#######...| 465/585 [00:12:37<00:03:15,  0.61it/s, loss=0.0248]
Epoch 79:  80%|########..| 469/585 [00:12:44<00:03:08,  0.61it/s, loss=0.0249]
Epoch 79:  81%|########..| 473/585 [00:12:49<00:03:02,  0.61it/s, loss=0.0249]
Epoch 79:  82%|########..| 477/585 [00:12:55<00:02:55,  0.61it/s, loss=0.0249]
Epoch 79:  82%|########..| 480/585 [00:13:01<00:02:50,  0.61it/s, loss=0.0250]
Epoch 79:  83%|########..| 484/585 [00:13:07<00:02:44,  0.61it/s, loss=0.0250]
Epoch 79:  83%|########..| 487/585 [00:13:12<00:02:39,  0.61it/s, loss=0.0250]
Epoch 79:  84%|########..| 490/585 [00:13:18<00:02:34,  0.61it/s, loss=0.0250]
Epoch 79:  84%|########..| 494/585 [00:13:24<00:02:28,  0.61it/s, loss=0.0250]
Epoch 79:  85%|########..| 498/585 [00:13:30<00:02:21,  0.61it/s, loss=0.0251]
Epoch 79:  86%|########..| 501/585 [00:13:36<00:02:16,  0.61it/s, loss=0.0251]
Epoch 79:  86%|########..| 504/585 [00:13:42<00:02:12,  0.61it/s, loss=0.0251]
Epoch 79:  87%|########..| 508/585 [00:13:48<00:02:05,  0.61it/s, loss=0.0251]
Epoch 79:  88%|########..| 512/585 [00:13:54<00:01:58,  0.61it/s, loss=0.0251]
Epoch 79:  88%|########..| 515/585 [00:14:00<00:01:54,  0.61it/s, loss=0.0251]
Epoch 79:  89%|########..| 519/585 [00:14:06<00:01:47,  0.61it/s, loss=0.0250]
Epoch 79:  89%|########..| 523/585 [00:14:12<00:01:41,  0.61it/s, loss=0.0250]
Epoch 79:  90%|########..| 526/585 [00:14:17<00:01:36,  0.61it/s, loss=0.0250]
Epoch 79:  91%|#########.| 530/585 [00:14:24<00:01:29,  0.61it/s, loss=0.0250]
Epoch 79:  91%|#########.| 533/585 [00:14:30<00:01:24,  0.61it/s, loss=0.0250]
Epoch 79:  92%|#########.| 537/585 [00:14:36<00:01:18,  0.61it/s, loss=0.0250]
Epoch 79:  92%|#########.| 541/585 [00:14:42<00:01:11,  0.61it/s, loss=0.0250]
Epoch 79:  93%|#########.| 545/585 [00:14:48<00:01:05,  0.61it/s, loss=0.0250]
Epoch 79:  94%|#########.| 548/585 [00:14:53<00:01:00,  0.61it/s, loss=0.0251]
Epoch 79:  94%|#########.| 552/585 [00:14:59<00:00:53,  0.61it/s, loss=0.0250]
Epoch 79:  95%|#########.| 555/585 [00:15:04<00:00:48,  0.61it/s, loss=0.0250]
Epoch 79:  95%|#########.| 558/585 [00:15:10<00:00:44,  0.61it/s, loss=0.0250]
Epoch 79:  96%|#########.| 562/585 [00:15:16<00:00:37,  0.61it/s, loss=0.0250]
Epoch 79:  97%|#########.| 565/585 [00:15:22<00:00:32,  0.61it/s, loss=0.0250]
Epoch 79:  97%|#########.| 569/585 [00:15:28<00:00:26,  0.61it/s, loss=0.0250]
Epoch 79:  98%|#########.| 572/585 [00:15:33<00:00:21,  0.61it/s, loss=0.0250]
Epoch 79:  98%|#########.| 576/585 [00:15:39<00:00:14,  0.61it/s, loss=0.0251]
Epoch 79:  99%|#########.| 580/585 [00:15:46<00:00:08,  0.61it/s, loss=0.0250]
Epoch 79: 100%|#########.| 583/585 [00:15:51<00:00:03,  0.61it/s, loss=0.0250]
Epoch 79: 100%|##########| 585/585 [00:15:55<00:00:00,  0.61it/s, loss=0.0250]
Test loss: 0.0228, Test rmsae: 7.16deg
{"event": "epoch_complete", "epoch": 79, "phase": 2, "lr": 1e-05, "batch_size": 10, "micro_batch_size": 1, "train_loss": 0.025023755294262852, "val_loss": 0.022762923850677907, "val_rmsae_deg": 7.161282896995544, "epoch_time_s": 956.040230329032}
Epoch 80/80:
Epoch 80:   1%|..........| 4/585 [00:00:06<00:14:55,  0.65it/s, loss=0.0229]
Epoch 80:   1%|..........| 8/585 [00:00:12<00:15:03,  0.64it/s, loss=0.0236]
Epoch 80:   2%|..........| 12/585 [00:00:18<00:14:40,  0.65it/s, loss=0.0236]
Epoch 80:   3%|..........| 16/585 [00:00:24<00:14:38,  0.65it/s, loss=0.0238]
Epoch 80:   3%|..........| 20/585 [00:00:30<00:14:23,  0.65it/s, loss=0.0238]
Epoch 80:   4%|..........| 24/585 [00:00:36<00:14:20,  0.65it/s, loss=0.0243]
Epoch 80:   5%|..........| 28/585 [00:00:43<00:14:20,  0.65it/s, loss=0.0241]
Epoch 80:   5%|..........| 31/585 [00:00:48<00:14:26,  0.64it/s, loss=0.0256]
Epoch 80:   6%|..........| 35/585 [00:00:54<00:14:19,  0.64it/s, loss=0.0253]
Epoch 80:   7%|..........| 39/585 [00:01:00<00:14:07,  0.64it/s, loss=0.0250]
Epoch 80:   7%|..........| 43/585 [00:01:06<00:13:57,  0.65it/s, loss=0.0247]
Epoch 80:   8%|..........| 46/585 [00:01:11<00:13:58,  0.64it/s, loss=0.0246]
Epoch 80:   9%|..........| 50/585 [00:01:17<00:13:50,  0.64it/s, loss=0.0245]
Epoch 80:   9%|..........| 54/585 [00:01:24<00:13:49,  0.64it/s, loss=0.0244]
Epoch 80:  10%|..........| 58/585 [00:01:30<00:13:45,  0.64it/s, loss=0.0245]
Epoch 80:  11%|#.........| 62/585 [00:01:37<00:13:38,  0.64it/s, loss=0.0243]
Epoch 80:  11%|#.........| 65/585 [00:01:42<00:13:38,  0.64it/s, loss=0.0241]
Epoch 80:  12%|#.........| 69/585 [00:01:47<00:13:27,  0.64it/s, loss=0.0240]
Epoch 80:  12%|#.........| 73/585 [00:01:53<00:13:17,  0.64it/s, loss=0.0240]
Epoch 80:  13%|#.........| 76/585 [00:01:58<00:13:15,  0.64it/s, loss=0.0241]
Epoch 80:  14%|#.........| 79/585 [00:02:04<00:13:14,  0.64it/s, loss=0.0242]
Epoch 80:  14%|#.........| 82/585 [00:02:10<00:13:20,  0.63it/s, loss=0.0248]
Epoch 80:  15%|#.........| 86/585 [00:02:16<00:13:11,  0.63it/s, loss=0.0246]
Epoch 80:  15%|#.........| 90/585 [00:02:22<00:13:06,  0.63it/s, loss=0.0249]
Epoch 80:  16%|#.........| 93/585 [00:02:28<00:13:03,  0.63it/s, loss=0.0249]
Epoch 80:  17%|#.........| 97/585 [00:02:34<00:12:55,  0.63it/s, loss=0.0247]
Epoch 80:  17%|#.........| 101/585 [00:02:40<00:12:49,  0.63it/s, loss=0.0247]
Epoch 80:  18%|#.........| 104/585 [00:02:45<00:12:47,  0.63it/s, loss=0.0247]
Epoch 80:  18%|#.........| 108/585 [00:02:52<00:12:40,  0.63it/s, loss=0.0247]
Epoch 80:  19%|#.........| 112/585 [00:02:58<00:12:35,  0.63it/s, loss=0.0246]
Epoch 80:  20%|#.........| 116/585 [00:03:05<00:12:28,  0.63it/s, loss=0.0245]
Epoch 80:  21%|##........| 120/585 [00:03:11<00:12:21,  0.63it/s, loss=0.0244]
Epoch 80:  21%|##........| 124/585 [00:03:17<00:12:14,  0.63it/s, loss=0.0243]
Epoch 80:  22%|##........| 128/585 [00:03:24<00:12:10,  0.63it/s, loss=0.0243]
Epoch 80:  22%|##........| 131/585 [00:03:30<00:12:08,  0.62it/s, loss=0.0243]
Epoch 80:  23%|##........| 134/585 [00:03:35<00:12:04,  0.62it/s, loss=0.0242]
Epoch 80:  23%|##........| 137/585 [00:03:40<00:12:00,  0.62it/s, loss=0.0242]
Epoch 80:  24%|##........| 141/585 [00:03:46<00:11:53,  0.62it/s, loss=0.0242]
Epoch 80:  25%|##........| 144/585 [00:03:51<00:11:49,  0.62it/s, loss=0.0242]
Epoch 80:  25%|##........| 148/585 [00:03:58<00:11:42,  0.62it/s, loss=0.0243]
Epoch 80:  26%|##........| 152/585 [00:04:03<00:11:33,  0.62it/s, loss=0.0244]
Epoch 80:  27%|##........| 156/585 [00:04:09<00:11:26,  0.63it/s, loss=0.0244]
Epoch 80:  27%|##........| 160/585 [00:04:15<00:11:18,  0.63it/s, loss=0.0243]
Epoch 80:  28%|##........| 163/585 [00:04:20<00:11:14,  0.63it/s, loss=0.0243]
Epoch 80:  29%|##........| 167/585 [00:04:27<00:11:08,  0.63it/s, loss=0.0244]
Epoch 80:  29%|##........| 171/585 [00:04:33<00:11:02,  0.63it/s, loss=0.0245]
Epoch 80:  30%|##........| 175/585 [00:04:39<00:10:55,  0.63it/s, loss=0.0245]
Epoch 80:  30%|###.......| 178/585 [00:04:45<00:10:51,  0.62it/s, loss=0.0245]
Epoch 80:  31%|###.......| 181/585 [00:04:50<00:10:49,  0.62it/s, loss=0.0245]
Epoch 80:  31%|###.......| 184/585 [00:04:56<00:10:45,  0.62it/s, loss=0.0245]
Epoch 80:  32%|###.......| 188/585 [00:05:02<00:10:38,  0.62it/s, loss=0.0244]
Epoch 80:  33%|###.......| 192/585 [00:05:08<00:10:30,  0.62it/s, loss=0.0242]
Epoch 80:  33%|###.......| 195/585 [00:05:13<00:10:26,  0.62it/s, loss=0.0243]
Epoch 80:  34%|###.......| 199/585 [00:05:19<00:10:19,  0.62it/s, loss=0.0243]
Epoch 80:  35%|###.......| 203/585 [00:05:25<00:10:12,  0.62it/s, loss=0.0243]
Epoch 80:  35%|###.......| 207/585 [00:05:31<00:10:05,  0.62it/s, loss=0.0242]
Epoch 80:  36%|###.......| 211/585 [00:05:37<00:09:58,  0.63it/s, loss=0.0242]
Epoch 80:  37%|###.......| 215/585 [00:05:44<00:09:52,  0.62it/s, loss=0.0241]
Epoch 80:  37%|###.......| 218/585 [00:05:49<00:09:48,  0.62it/s, loss=0.0242]
Epoch 80:  38%|###.......| 222/585 [00:05:55<00:09:41,  0.62it/s, loss=0.0242]
Epoch 80:  39%|###.......| 226/585 [00:06:02<00:09:35,  0.62it/s, loss=0.0242]
Epoch 80:  39%|###.......| 230/585 [00:06:08<00:09:28,  0.62it/s, loss=0.0242]
Epoch 80:  40%|####......| 234/585 [00:06:14<00:09:21,  0.62it/s, loss=0.0241]
Epoch 80:  41%|####......| 238/585 [00:06:20<00:09:15,  0.62it/s, loss=0.0241]
Epoch 80:  41%|####......| 242/585 [00:06:26<00:09:08,  0.63it/s, loss=0.0240]
Epoch 80:  42%|####......| 246/585 [00:06:33<00:09:01,  0.63it/s, loss=0.0241]
Epoch 80:  43%|####......| 249/585 [00:06:38<00:08:57,  0.62it/s, loss=0.0242]
Epoch 80:  43%|####......| 253/585 [00:06:44<00:08:50,  0.63it/s, loss=0.0242]
Epoch 80:  44%|####......| 256/585 [00:06:49<00:08:46,  0.62it/s, loss=0.0243]
Epoch 80:  44%|####......| 260/585 [00:06:56<00:08:40,  0.62it/s, loss=0.0242]
Epoch 80:  45%|####......| 264/585 [00:07:02<00:08:33,  0.62it/s, loss=0.0242]
Epoch 80:  46%|####......| 267/585 [00:07:07<00:08:29,  0.62it/s, loss=0.0243]
Epoch 80:  46%|####......| 271/585 [00:07:14<00:08:22,  0.62it/s, loss=0.0244]
Epoch 80:  47%|####......| 275/585 [00:07:20<00:08:16,  0.62it/s, loss=0.0243]
Epoch 80:  48%|####......| 279/585 [00:07:27<00:08:10,  0.62it/s, loss=0.0246]
Epoch 80:  48%|####......| 282/585 [00:07:32<00:08:06,  0.62it/s, loss=0.0246]
Epoch 80:  49%|####......| 285/585 [00:07:39<00:08:03,  0.62it/s, loss=0.0246]
Epoch 80:  49%|####......| 289/585 [00:07:45<00:07:57,  0.62it/s, loss=0.0245]
Epoch 80:  50%|####......| 292/585 [00:07:51<00:07:52,  0.62it/s, loss=0.0245]
Epoch 80:  51%|#####.....| 296/585 [00:07:57<00:07:46,  0.62it/s, loss=0.0244]
Epoch 80:  51%|#####.....| 300/585 [00:08:04<00:07:39,  0.62it/s, loss=0.0244]
Epoch 80:  52%|#####.....| 304/585 [00:08:10<00:07:33,  0.62it/s, loss=0.0244]
Epoch 80:  53%|#####.....| 308/585 [00:08:16<00:07:26,  0.62it/s, loss=0.0244]
Epoch 80:  53%|#####.....| 311/585 [00:08:21<00:07:22,  0.62it/s, loss=0.0244]
Epoch 80:  54%|#####.....| 314/585 [00:08:27<00:07:17,  0.62it/s, loss=0.0244]
Epoch 80:  54%|#####.....| 318/585 [00:08:33<00:07:11,  0.62it/s, loss=0.0244]
Epoch 80:  55%|#####.....| 321/585 [00:08:38<00:07:06,  0.62it/s, loss=0.0244]
Epoch 80:  56%|#####.....| 325/585 [00:08:45<00:07:00,  0.62it/s, loss=0.0244]
Epoch 80:  56%|#####.....| 328/585 [00:08:50<00:06:55,  0.62it/s, loss=0.0244]
Epoch 80:  57%|#####.....| 332/585 [00:08:56<00:06:49,  0.62it/s, loss=0.0243]
Epoch 80:  57%|#####.....| 335/585 [00:09:02<00:06:44,  0.62it/s, loss=0.0244]
Epoch 80:  58%|#####.....| 338/585 [00:09:07<00:06:40,  0.62it/s, loss=0.0245]
Epoch 80:  58%|#####.....| 341/585 [00:09:12<00:06:35,  0.62it/s, loss=0.0244]
Epoch 80:  59%|#####.....| 345/585 [00:09:18<00:06:28,  0.62it/s, loss=0.0244]
Epoch 80:  59%|#####.....| 348/585 [00:09:24<00:06:24,  0.62it/s, loss=0.0245]
Epoch 80:  60%|######....| 352/585 [00:09:31<00:06:18,  0.62it/s, loss=0.0246]
Epoch 80:  61%|######....| 355/585 [00:09:36<00:06:13,  0.62it/s, loss=0.0246]
Epoch 80:  61%|######....| 359/585 [00:09:42<00:06:06,  0.62it/s, loss=0.0246]
Epoch 80:  62%|######....| 363/585 [00:09:48<00:06:00,  0.62it/s, loss=0.0246]
Epoch 80:  63%|######....| 367/585 [00:09:55<00:05:53,  0.62it/s, loss=0.0246]
Epoch 80:  63%|######....| 370/585 [00:10:01<00:05:49,  0.62it/s, loss=0.0246]
Epoch 80:  64%|######....| 374/585 [00:10:07<00:05:42,  0.62it/s, loss=0.0246]
Epoch 80:  65%|######....| 378/585 [00:10:13<00:05:35,  0.62it/s, loss=0.0246]
Epoch 80:  65%|######....| 382/585 [00:10:19<00:05:29,  0.62it/s, loss=0.0246]
Epoch 80:  66%|######....| 385/585 [00:10:25<00:05:24,  0.62it/s, loss=0.0246]
Epoch 80:  66%|######....| 389/585 [00:10:31<00:05:18,  0.62it/s, loss=0.0246]
Epoch 80:  67%|######....| 393/585 [00:10:37<00:05:11,  0.62it/s, loss=0.0246]
Epoch 80:  68%|######....| 396/585 [00:10:42<00:05:06,  0.62it/s, loss=0.0246]
Epoch 80:  68%|######....| 400/585 [00:10:49<00:05:00,  0.62it/s, loss=0.0247]
Epoch 80:  69%|######....| 404/585 [00:10:54<00:04:53,  0.62it/s, loss=0.0246]
Epoch 80:  70%|######....| 408/585 [00:11:00<00:04:46,  0.62it/s, loss=0.0246]
Epoch 80:  70%|#######...| 411/585 [00:11:06<00:04:41,  0.62it/s, loss=0.0246]
Epoch 80:  71%|#######...| 415/585 [00:11:11<00:04:35,  0.62it/s, loss=0.0246]
Epoch 80:  72%|#######...| 419/585 [00:11:18<00:04:28,  0.62it/s, loss=0.0246]
Epoch 80:  72%|#######...| 423/585 [00:11:24<00:04:22,  0.62it/s, loss=0.0246]
Epoch 80:  73%|#######...| 426/585 [00:11:29<00:04:17,  0.62it/s, loss=0.0247]
Epoch 80:  74%|#######...| 430/585 [00:11:35<00:04:10,  0.62it/s, loss=0.0247]
Epoch 80:  74%|#######...| 434/585 [00:11:42<00:04:04,  0.62it/s, loss=0.0247]
Epoch 80:  75%|#######...| 437/585 [00:11:47<00:03:59,  0.62it/s, loss=0.0247]
Epoch 80:  75%|#######...| 441/585 [00:11:54<00:03:53,  0.62it/s, loss=0.0247]
Epoch 80:  76%|#######...| 445/585 [00:12:01<00:03:46,  0.62it/s, loss=0.0247]
Epoch 80:  77%|#######...| 449/585 [00:12:07<00:03:40,  0.62it/s, loss=0.0248]
Epoch 80:  77%|#######...| 452/585 [00:12:12<00:03:35,  0.62it/s, loss=0.0248]
Epoch 80:  78%|#######...| 456/585 [00:12:18<00:03:29,  0.62it/s, loss=0.0249]
Epoch 80:  79%|#######...| 460/585 [00:12:25<00:03:22,  0.62it/s, loss=0.0249]
Epoch 80:  79%|#######...| 464/585 [00:12:31<00:03:15,  0.62it/s, loss=0.0249]
Epoch 80:  80%|#######...| 467/585 [00:12:36<00:03:11,  0.62it/s, loss=0.0249]
Epoch 80:  80%|########..| 470/585 [00:12:41<00:03:06,  0.62it/s, loss=0.0249]
Epoch 80:  81%|########..| 474/585 [00:12:47<00:02:59,  0.62it/s, loss=0.0248]
Epoch 80:  82%|########..| 477/585 [00:12:52<00:02:54,  0.62it/s, loss=0.0248]
Epoch 80:  82%|########..| 480/585 [00:12:57<00:02:50,  0.62it/s, loss=0.0249]
Epoch 80:  83%|########..| 484/585 [00:13:04<00:02:43,  0.62it/s, loss=0.0248]
Epoch 80:  83%|########..| 488/585 [00:13:10<00:02:37,  0.62it/s, loss=0.0248]
Epoch 80:  84%|########..| 491/585 [00:13:15<00:02:32,  0.62it/s, loss=0.0248]
Epoch 80:  84%|########..| 494/585 [00:13:21<00:02:27,  0.62it/s, loss=0.0248]
Epoch 80:  85%|########..| 498/585 [00:13:27<00:02:21,  0.62it/s, loss=0.0248]
Epoch 80:  86%|########..| 502/585 [00:13:33<00:02:14,  0.62it/s, loss=0.0248]
Epoch 80:  86%|########..| 505/585 [00:13:38<00:02:09,  0.62it/s, loss=0.0248]
Epoch 80:  87%|########..| 509/585 [00:13:46<00:02:03,  0.62it/s, loss=0.0248]
Epoch 80:  88%|########..| 513/585 [00:13:53<00:01:57,  0.62it/s, loss=0.0248]
Epoch 80:  88%|########..| 516/585 [00:13:59<00:01:52,  0.61it/s, loss=0.0248]
Epoch 80:  89%|########..| 519/585 [00:14:04<00:01:47,  0.61it/s, loss=0.0248]
Epoch 80:  89%|########..| 523/585 [00:14:11<00:01:40,  0.61it/s, loss=0.0248]
Epoch 80:  90%|#########.| 527/585 [00:14:16<00:01:34,  0.62it/s, loss=0.0247]
Epoch 80:  91%|#########.| 530/585 [00:14:22<00:01:29,  0.61it/s, loss=0.0247]
Epoch 80:  91%|#########.| 534/585 [00:14:28<00:01:22,  0.61it/s, loss=0.0247]
Epoch 80:  92%|#########.| 538/585 [00:14:34<00:01:16,  0.61it/s, loss=0.0247]
Epoch 80:  92%|#########.| 541/585 [00:14:40<00:01:11,  0.61it/s, loss=0.0247]
Epoch 80:  93%|#########.| 544/585 [00:14:45<00:01:06,  0.61it/s, loss=0.0247]
Epoch 80:  94%|#########.| 548/585 [00:14:52<00:01:00,  0.61it/s, loss=0.0247]
Epoch 80:  94%|#########.| 552/585 [00:14:58<00:00:53,  0.61it/s, loss=0.0247]
Epoch 80:  95%|#########.| 556/585 [00:15:03<00:00:47,  0.62it/s, loss=0.0247]
Epoch 80:  96%|#########.| 560/585 [00:15:10<00:00:40,  0.62it/s, loss=0.0246]
Epoch 80:  96%|#########.| 564/585 [00:15:16<00:00:34,  0.62it/s, loss=0.0246]
Epoch 80:  97%|#########.| 567/585 [00:15:21<00:00:29,  0.62it/s, loss=0.0246]
Epoch 80:  98%|#########.| 571/585 [00:15:28<00:00:22,  0.62it/s, loss=0.0246]
Epoch 80:  98%|#########.| 575/585 [00:15:33<00:00:16,  0.62it/s, loss=0.0246]
Epoch 80:  99%|#########.| 579/585 [00:15:40<00:00:09,  0.62it/s, loss=0.0246]
Epoch 80: 100%|#########.| 583/585 [00:15:46<00:00:03,  0.62it/s, loss=0.0246]
Epoch 80: 100%|##########| 585/585 [00:15:49<00:00:00,  0.62it/s, loss=0.0246]
Test loss: 0.0228, Test rmsae: 7.13deg
{"event": "epoch_complete", "epoch": 80, "phase": 2, "lr": 1e-05, "batch_size": 10, "micro_batch_size": 1, "train_loss": 0.024599856125493334, "val_loss": 0.022784793050959706, "val_rmsae_deg": 7.132757842540741, "epoch_time_s": 950.4660270140739}
{"event": "checkpoint_saved", "tag": "epoch_080", "epoch": 80, "path": "/home/cmm/icocnn/IFAN_Edge/outputs/stage3/ifan_stage3_long80_c8_r2_map_maba_20260516_154535/checkpoints/epoch_080.pt"}
{"event": "stage3_complete", "output_dir": "/home/cmm/icocnn/IFAN_Edge/outputs/stage3/ifan_stage3_long80_c8_r2_map_maba_20260516_154535", "history_path": "/home/cmm/icocnn/IFAN_Edge/outputs/stage3/ifan_stage3_long80_c8_r2_map_maba_20260516_154535/history.csv", "baseline_compare_path": "/home/cmm/icocnn/IFAN_Edge/outputs/stage3/ifan_stage3_long80_c8_r2_map_maba_20260516_154535/baseline_compare.json", "best_checkpoint_path": "/home/cmm/icocnn/IFAN_Edge/outputs/stage3/ifan_stage3_long80_c8_r2_map_maba_20260516_154535/checkpoints/best_rmsae.pt", "last_checkpoint_path": "/home/cmm/icocnn/IFAN_Edge/outputs/stage3/ifan_stage3_long80_c8_r2_map_maba_20260516_154535/checkpoints/last.pt", "device": "cuda", "train_split_path": "/home/cmm/icocnn/datasets/LibriSpeech/train-clean-100", "validation_split_path": "/home/cmm/icocnn/datasets/LibriSpeech/test-clean", "epochs": 80, "model_topology": "paper_dual_mainline", "branch_channels": 8, "final_head_pooling": false, "input_ablation_mode": "none", "srp_variant": "paper_original", "temporal_conv_variant": "standard_1d", "map_refiner": "maba", "experiment_contract": {"stage": "stage_03", "experiment_role": "c8_r2_map_maba", "model_topology": "paper_dual_mainline", "branch_channels": 8, "feature_pair": "phat+lms", "srp_variant": "paper_original", "map_refiner": "maba", "phat_sinc_half_width": 0, "lms_backend": "frequency_block", "temporal_conv_variant": "standard_1d", "temporal_module": "conv", "primary_benchmark_suite": "simulated_4scene+hard_scenes+locata_eval_benchmark2_task1_3_5", "baseline_anchor": {"run_dir": "IFAN_Edge/outputs/stage3/ifan_stage3_long80_c8_paper_original_20260505_222115", "locata_report": "IFAN_Edge/outputs/stage3/analysis/locata_eval_benchmark2_ifan_c8_r2_best.json", "baseline_checkpoint_path": "models/1sourceTracking_icoCNN_robot_K4096_r2_model.bin"}, "lightweight_gate": {"ready_delta_deg": 0.3, "requires_locata_overall_win": true, "requires_task3_task5_no_material_regression": true}}, "model_profile": {"trainable_params": 33409, "total_params": 33409, "parameter_breakdown": {"phat_stem": 64, "lms_stem": 64, "phat_residual": 5408, "lms_residual": 5408, "shared_attention": 5408, "fusion_blocks": 12160, "final_head": 3040, "channel_readout": 9, "map_refiner": 1848, "total": 33409}, "mac_proxy_total": 115221840, "mac_proxy_breakdown": {"phat_stem": 322560, "lms_stem": 322560, "phat_residual": 30965760, "lms_residual": 30965760, "shared_attention_conv1": 15482880, "shared_attention_conv2": 15482880, "fusion_block_conv": 15482880, "fusion_block_temporal": 1843200, "final_head_conv": 3870720, "final_head_temporal": 460800, "channel_readout": 11520, "map_refiner": 10320}, "mac_proxy_input_shape": [1, 2, 6, 5, 4, 8]}, "frontend_profile": {"phat": {"srp_variant": "paper_original", "pair_count": 144, "full_pair_count": 144, "diagonal_pair_count": 12, "interpolation_taps": 1, "grid_shape": [5, 4, 8], "unique_pairs_only": false, "symmetric_pair_factor": 1.0, "cache_table_bytes": 184320, "cache_tables": {"tau0": {"shape": [12, 12, 5, 4, 8], "dtype": "torch.int64", "bytes": 184320}}, "complexity_proxy": {"grid_points": 160, "sample_reads_per_grid_point": 144, "weight_multiplies_per_grid_point": 0, "pair_reduction_adds_per_grid_point": 0, "grid_accumulation_adds_per_grid_point": 143, "symmetry_multiplies_per_grid_point": 0, "total_arithmetic_ops_per_grid_point": 143, "sample_reads_per_frame": 23040, "weight_multiplies_per_frame": 0, "pair_reduction_adds_per_frame": 0, "grid_accumulation_adds_per_frame": 22880, "symmetry_multiplies_per_frame": 0, "total_arithmetic_ops_per_frame": 22880}}, "lms": {"backend": "frequency_block", "include_self_pairs": true, "map_mode": "tau_sample", "update_mode": "trajectory_tracking", "block_size": 256, "fft_size": 512}}, "resume_checkpoint_path": "/home/cmm/icocnn/IFAN_Edge/outputs/stage3/ifan_stage3_long80_c8_r2_map_maba_20260516_154535/checkpoints/best_rmsae.pt", "resume_output_dir": "/home/cmm/icocnn/IFAN_Edge/outputs/stage3/ifan_stage3_long80_c8_r2_map_maba_20260516_154535", "resume_log_path": "/home/cmm/icocnn/IFAN_Edge/outputs/stage3/logs/long80_c8_r2_map_maba_20260516_154532.log", "resume_start_epoch": 35, "best_val_rmsae_deg": 7.040905013680458, "final_epoch": {"epoch": 80, "phase": 2, "lr": 1e-05, "batch_size": 10, "micro_batch_size": 1, "train_loss": 0.024599856125493334, "val_loss": 0.022784793050959706, "val_rmsae_deg": 7.132757842540741, "epoch_time_s": 950.4660270140739}, "baseline_compare": {"baseline_checkpoint_path": "models/1sourceTracking_icoCNN_robot_K4096_r2_model.bin", "srp_variant": "paper_original", "temporal_conv_variant": "standard_1d", "scenarios": [{"name": "scene_1", "snr_db": 30.0, "t60_s": 0.2, "ifan": {"loss": 0.023766924277879298, "rmsae_deg": 5.768717169761658}, "baseline": {"loss": 0.024156471947208047, "rmsae_deg": 5.379767119884491}, "rmsae_delta_deg": 0.38895004987716675}, {"name": "scene_2", "snr_db": 30.0, "t60_s": 0.8, "ifan": {"loss": 0.025312588782981038, "rmsae_deg": 6.132808804512024}, "baseline": {"loss": 0.024084981996566057, "rmsae_deg": 5.581421196460724}, "rmsae_delta_deg": 0.5513876080513}, {"name": "scene_3", "snr_db": 5.0, "t60_s": 0.8, "ifan": {"loss": 0.028359550517052412, "rmsae_deg": 9.794677257537842}, "baseline": {"loss": 0.02756644692271948, "rmsae_deg": 9.1759073138237}, "rmsae_delta_deg": 0.6187699437141418}, {"name": "scene_4", "snr_db": 5.0, "t60_s": 1.4, "ifan": {"loss": 0.056962814182043076, "rmsae_deg": 17.94634187221527}, "baseline": {"loss": 0.0412790235131979, "rmsae_deg": 13.73950582742691}, "rmsae_delta_deg": 4.206836044788361}], "mean_rmsae_deg": {"ifan": 9.910636276006699, "baseline": 8.469150364398956, "delta": 1.4414859116077423}, "hard_scenarios_mean_rmsae_deg": {"ifan": 13.870509564876556, "baseline": 11.457706570625305, "delta": 2.412802994251251}}}
/home/cmm/icocnn/acousticTrackingDataset.py:649: RuntimeWarning: Skipping unreadable LibriSpeech utterance '/home/cmm/icocnn/datasets/LibriSpeech/train-clean-100/1246/124548/1246-124548-0037.flac': Error : flac decoder lost sync.
  warnings.warn(
{
  "output_dir": "/home/cmm/icocnn/IFAN_Edge/outputs/stage3/ifan_stage3_long80_c8_r2_map_maba_20260516_154535",
  "history_path": "/home/cmm/icocnn/IFAN_Edge/outputs/stage3/ifan_stage3_long80_c8_r2_map_maba_20260516_154535/history.csv",
  "baseline_compare_path": "/home/cmm/icocnn/IFAN_Edge/outputs/stage3/ifan_stage3_long80_c8_r2_map_maba_20260516_154535/baseline_compare.json",
  "best_checkpoint_path": "/home/cmm/icocnn/IFAN_Edge/outputs/stage3/ifan_stage3_long80_c8_r2_map_maba_20260516_154535/checkpoints/best_rmsae.pt",
  "last_checkpoint_path": "/home/cmm/icocnn/IFAN_Edge/outputs/stage3/ifan_stage3_long80_c8_r2_map_maba_20260516_154535/checkpoints/last.pt",
  "device": "cuda",
  "train_split_path": "/home/cmm/icocnn/datasets/LibriSpeech/train-clean-100",
  "validation_split_path": "/home/cmm/icocnn/datasets/LibriSpeech/test-clean",
  "epochs": 80,
  "model_topology": "paper_dual_mainline",
  "branch_channels": 8,
  "final_head_pooling": false,
  "input_ablation_mode": "none",
  "srp_variant": "paper_original",
  "temporal_conv_variant": "standard_1d",
  "map_refiner": "maba",
  "experiment_contract": {
    "stage": "stage_03",
    "experiment_role": "c8_r2_map_maba",
    "model_topology": "paper_dual_mainline",
    "branch_channels": 8,
    "feature_pair": "phat+lms",
    "srp_variant": "paper_original",
    "map_refiner": "maba",
    "phat_sinc_half_width": 0,
    "lms_backend": "frequency_block",
    "temporal_conv_variant": "standard_1d",
    "temporal_module": "conv",
    "primary_benchmark_suite": "simulated_4scene+hard_scenes+locata_eval_benchmark2_task1_3_5",
    "baseline_anchor": {
      "run_dir": "IFAN_Edge/outputs/stage3/ifan_stage3_long80_c8_paper_original_20260505_222115",
      "locata_report": "IFAN_Edge/outputs/stage3/analysis/locata_eval_benchmark2_ifan_c8_r2_best.json",
      "baseline_checkpoint_path": "models/1sourceTracking_icoCNN_robot_K4096_r2_model.bin"
    },
    "lightweight_gate": {
      "ready_delta_deg": 0.3,
      "requires_locata_overall_win": true,
      "requires_task3_task5_no_material_regression": true
    }
  },
  "model_profile": {
    "trainable_params": 33409,
    "total_params": 33409,
    "parameter_breakdown": {
      "phat_stem": 64,
      "lms_stem": 64,
      "phat_residual": 5408,
      "lms_residual": 5408,
      "shared_attention": 5408,
      "fusion_blocks": 12160,
      "final_head": 3040,
      "channel_readout": 9,
      "map_refiner": 1848,
      "total": 33409
    },
    "mac_proxy_total": 115221840,
    "mac_proxy_breakdown": {
      "phat_stem": 322560,
      "lms_stem": 322560,
      "phat_residual": 30965760,
      "lms_residual": 30965760,
      "shared_attention_conv1": 15482880,
      "shared_attention_conv2": 15482880,
      "fusion_block_conv": 15482880,
      "fusion_block_temporal": 1843200,
      "final_head_conv": 3870720,
      "final_head_temporal": 460800,
      "channel_readout": 11520,
      "map_refiner": 10320
    },
    "mac_proxy_input_shape": [
      1,
      2,
      6,
      5,
      4,
      8
    ]
  },
  "frontend_profile": {
    "phat": {
      "srp_variant": "paper_original",
      "pair_count": 144,
      "full_pair_count": 144,
      "diagonal_pair_count": 12,
      "interpolation_taps": 1,
      "grid_shape": [
        5,
        4,
        8
      ],
      "unique_pairs_only": false,
      "symmetric_pair_factor": 1.0,
      "cache_table_bytes": 184320,
      "cache_tables": {
        "tau0": {
          "shape": [
            12,
            12,
            5,
            4,
            8
          ],
          "dtype": "torch.int64",
          "bytes": 184320
        }
      },
      "complexity_proxy": {
        "grid_points": 160,
        "sample_reads_per_grid_point": 144,
        "weight_multiplies_per_grid_point": 0,
        "pair_reduction_adds_per_grid_point": 0,
        "grid_accumulation_adds_per_grid_point": 143,
        "symmetry_multiplies_per_grid_point": 0,
        "total_arithmetic_ops_per_grid_point": 143,
        "sample_reads_per_frame": 23040,
        "weight_multiplies_per_frame": 0,
        "pair_reduction_adds_per_frame": 0,
        "grid_accumulation_adds_per_frame": 22880,
        "symmetry_multiplies_per_frame": 0,
        "total_arithmetic_ops_per_frame": 22880
      }
    },
    "lms": {
      "backend": "frequency_block",
      "include_self_pairs": true,
      "map_mode": "tau_sample",
      "update_mode": "trajectory_tracking",
      "block_size": 256,
      "fft_size": 512
    }
  },
  "resume_checkpoint_path": "/home/cmm/icocnn/IFAN_Edge/outputs/stage3/ifan_stage3_long80_c8_r2_map_maba_20260516_154535/checkpoints/best_rmsae.pt",
  "resume_output_dir": "/home/cmm/icocnn/IFAN_Edge/outputs/stage3/ifan_stage3_long80_c8_r2_map_maba_20260516_154535",
  "resume_log_path": "/home/cmm/icocnn/IFAN_Edge/outputs/stage3/logs/long80_c8_r2_map_maba_20260516_154532.log",
  "resume_start_epoch": 35,
  "best_val_rmsae_deg": 7.040905013680458,
  "final_epoch": {
    "epoch": 80,
    "phase": 2,
    "lr": 1e-05,
    "batch_size": 10,
    "micro_batch_size": 1,
    "train_loss": 0.024599856125493334,
    "val_loss": 0.022784793050959706,
    "val_rmsae_deg": 7.132757842540741,
    "epoch_time_s": 950.4660270140739
  },
  "baseline_compare": {
    "baseline_checkpoint_path": "models/1sourceTracking_icoCNN_robot_K4096_r2_model.bin",
    "srp_variant": "paper_original",
    "temporal_conv_variant": "standard_1d",
    "scenarios": [
      {
        "name": "scene_1",
        "snr_db": 30.0,
        "t60_s": 0.2,
        "ifan": {
          "loss": 0.023766924277879298,
          "rmsae_deg": 5.768717169761658
        },
        "baseline": {
          "loss": 0.024156471947208047,
          "rmsae_deg": 5.379767119884491
        },
        "rmsae_delta_deg": 0.38895004987716675
      },
      {
        "name": "scene_2",
        "snr_db": 30.0,
        "t60_s": 0.8,
        "ifan": {
          "loss": 0.025312588782981038,
          "rmsae_deg": 6.132808804512024
        },
        "baseline": {
          "loss": 0.024084981996566057,
          "rmsae_deg": 5.581421196460724
        },
        "rmsae_delta_deg": 0.5513876080513
      },
      {
        "name": "scene_3",
        "snr_db": 5.0,
        "t60_s": 0.8,
        "ifan": {
          "loss": 0.028359550517052412,
          "rmsae_deg": 9.794677257537842
        },
        "baseline": {
          "loss": 0.02756644692271948,
          "rmsae_deg": 9.1759073138237
        },
        "rmsae_delta_deg": 0.6187699437141418
      },
      {
        "name": "scene_4",
        "snr_db": 5.0,
        "t60_s": 1.4,
        "ifan": {
          "loss": 0.056962814182043076,
          "rmsae_deg": 17.94634187221527
        },
        "baseline": {
          "loss": 0.0412790235131979,
          "rmsae_deg": 13.73950582742691
        },
        "rmsae_delta_deg": 4.206836044788361
      }
    ],
    "mean_rmsae_deg": {
      "ifan": 9.910636276006699,
      "baseline": 8.469150364398956,
      "delta": 1.4414859116077423
    },
    "hard_scenarios_mean_rmsae_deg": {
      "ifan": 13.870509564876556,
      "baseline": 11.457706570625305,
      "delta": 2.412802994251251
    }
  }
}
{"event": "process_exit", "pid": 283422, "ts_utc": "2026-05-17T17:46:34+00:00"}
