{"event": "stage3_boot", "output_dir": "IFAN_Edge/outputs/stage3/ifan_stage3_long80_freqblock_paper_original_20260426_113211", "device_requested": "cuda", "device_resolved": "cuda", "epochs": 80, "model_topology": "paper_dual_mainline", "branch_channels": 16, "final_head_pooling": false, "input_ablation_mode": "none"}
{"event": "datasets_ready", "train_split_path": "/home/cmm/icocnn/datasets/LibriSpeech/LibriSpeech/train-clean-100", "validation_split_path": "/home/cmm/icocnn/datasets/LibriSpeech/LibriSpeech/test-clean", "train_source_size": 585, "validation_source_size": 87}
{"event": "preprocessors_ready"}
{"event": "validation_cache_build_start", "validation_dataset_size": 32, "validation_batch_size": 1}
{"event": "validation_cache_progress", "pid": 983647, "ts_utc": "2026-04-26T03:32:13+00:00", "stage": "before_get_batch", "batch_index": 1, "total_batches": 32, "sample_start": 0, "sample_stop": 1}
{"event": "validation_cache_progress", "pid": 983647, "ts_utc": "2026-04-26T03:32:13+00:00", "stage": "after_get_batch", "batch_index": 1, "total_batches": 32, "sample_start": 0, "sample_stop": 1}
{"event": "validation_cache_progress", "pid": 983647, "ts_utc": "2026-04-26T03:32:14+00:00", "stage": "after_preprocess", "batch_index": 1, "total_batches": 32, "sample_start": 0, "sample_stop": 1}
{"event": "validation_cache_progress", "pid": 983647, "ts_utc": "2026-04-26T03:32:14+00:00", "stage": "after_cache_append", "batch_index": 1, "total_batches": 32, "sample_start": 0, "sample_stop": 1}
{"event": "validation_cache_progress", "pid": 983647, "ts_utc": "2026-04-26T03:32:14+00:00", "stage": "before_get_batch", "batch_index": 2, "total_batches": 32, "sample_start": 1, "sample_stop": 2}
{"event": "validation_cache_progress", "pid": 983647, "ts_utc": "2026-04-26T03:32:14+00:00", "stage": "after_get_batch", "batch_index": 2, "total_batches": 32, "sample_start": 1, "sample_stop": 2}
{"event": "validation_cache_progress", "pid": 983647, "ts_utc": "2026-04-26T03:32:15+00:00", "stage": "after_preprocess", "batch_index": 2, "total_batches": 32, "sample_start": 1, "sample_stop": 2}
{"event": "validation_cache_progress", "pid": 983647, "ts_utc": "2026-04-26T03:32:15+00:00", "stage": "after_cache_append", "batch_index": 2, "total_batches": 32, "sample_start": 1, "sample_stop": 2}
{"event": "validation_cache_progress", "pid": 983647, "ts_utc": "2026-04-26T03:32:15+00:00", "stage": "before_get_batch", "batch_index": 3, "total_batches": 32, "sample_start": 2, "sample_stop": 3}
{"event": "validation_cache_progress", "pid": 983647, "ts_utc": "2026-04-26T03:32:15+00:00", "stage": "after_get_batch", "batch_index": 3, "total_batches": 32, "sample_start": 2, "sample_stop": 3}
{"event": "validation_cache_progress", "pid": 983647, "ts_utc": "2026-04-26T03:32:16+00:00", "stage": "after_preprocess", "batch_index": 3, "total_batches": 32, "sample_start": 2, "sample_stop": 3}
{"event": "validation_cache_progress", "pid": 983647, "ts_utc": "2026-04-26T03:32:16+00:00", "stage": "after_cache_append", "batch_index": 3, "total_batches": 32, "sample_start": 2, "sample_stop": 3}
{"event": "validation_cache_progress", "pid": 983647, "ts_utc": "2026-04-26T03:32:16+00:00", "stage": "before_get_batch", "batch_index": 4, "total_batches": 32, "sample_start": 3, "sample_stop": 4}
{"event": "validation_cache_progress", "pid": 983647, "ts_utc": "2026-04-26T03:32:16+00:00", "stage": "after_get_batch", "batch_index": 4, "total_batches": 32, "sample_start": 3, "sample_stop": 4}
{"event": "validation_cache_progress", "pid": 983647, "ts_utc": "2026-04-26T03:32:16+00:00", "stage": "after_preprocess", "batch_index": 4, "total_batches": 32, "sample_start": 3, "sample_stop": 4}
{"event": "validation_cache_progress", "pid": 983647, "ts_utc": "2026-04-26T03:32:16+00:00", "stage": "after_cache_append", "batch_index": 4, "total_batches": 32, "sample_start": 3, "sample_stop": 4}
{"event": "validation_cache_progress", "pid": 983647, "ts_utc": "2026-04-26T03:32:16+00:00", "stage": "before_get_batch", "batch_index": 5, "total_batches": 32, "sample_start": 4, "sample_stop": 5}
{"event": "validation_cache_progress", "pid": 983647, "ts_utc": "2026-04-26T03:32:17+00:00", "stage": "after_get_batch", "batch_index": 5, "total_batches": 32, "sample_start": 4, "sample_stop": 5}
{"event": "validation_cache_progress", "pid": 983647, "ts_utc": "2026-04-26T03:32:17+00:00", "stage": "after_preprocess", "batch_index": 5, "total_batches": 32, "sample_start": 4, "sample_stop": 5}
{"event": "validation_cache_progress", "pid": 983647, "ts_utc": "2026-04-26T03:32:17+00:00", "stage": "after_cache_append", "batch_index": 5, "total_batches": 32, "sample_start": 4, "sample_stop": 5}
{"event": "validation_cache_progress", "pid": 983647, "ts_utc": "2026-04-26T03:32:17+00:00", "stage": "before_get_batch", "batch_index": 6, "total_batches": 32, "sample_start": 5, "sample_stop": 6}
{"event": "validation_cache_progress", "pid": 983647, "ts_utc": "2026-04-26T03:32:18+00:00", "stage": "after_get_batch", "batch_index": 6, "total_batches": 32, "sample_start": 5, "sample_stop": 6}
{"event": "validation_cache_progress", "pid": 983647, "ts_utc": "2026-04-26T03:32:18+00:00", "stage": "after_preprocess", "batch_index": 6, "total_batches": 32, "sample_start": 5, "sample_stop": 6}
{"event": "validation_cache_progress", "pid": 983647, "ts_utc": "2026-04-26T03:32:18+00:00", "stage": "after_cache_append", "batch_index": 6, "total_batches": 32, "sample_start": 5, "sample_stop": 6}
{"event": "validation_cache_progress", "pid": 983647, "ts_utc": "2026-04-26T03:32:18+00:00", "stage": "before_get_batch", "batch_index": 7, "total_batches": 32, "sample_start": 6, "sample_stop": 7}
{"event": "validation_cache_progress", "pid": 983647, "ts_utc": "2026-04-26T03:32:19+00:00", "stage": "after_get_batch", "batch_index": 7, "total_batches": 32, "sample_start": 6, "sample_stop": 7}
{"event": "validation_cache_progress", "pid": 983647, "ts_utc": "2026-04-26T03:32:19+00:00", "stage": "after_preprocess", "batch_index": 7, "total_batches": 32, "sample_start": 6, "sample_stop": 7}
{"event": "validation_cache_progress", "pid": 983647, "ts_utc": "2026-04-26T03:32:19+00:00", "stage": "after_cache_append", "batch_index": 7, "total_batches": 32, "sample_start": 6, "sample_stop": 7}
{"event": "validation_cache_progress", "pid": 983647, "ts_utc": "2026-04-26T03:32:19+00:00", "stage": "before_get_batch", "batch_index": 8, "total_batches": 32, "sample_start": 7, "sample_stop": 8}
{"event": "validation_cache_progress", "pid": 983647, "ts_utc": "2026-04-26T03:32:20+00:00", "stage": "after_get_batch", "batch_index": 8, "total_batches": 32, "sample_start": 7, "sample_stop": 8}
{"event": "validation_cache_progress", "pid": 983647, "ts_utc": "2026-04-26T03:32:20+00:00", "stage": "after_preprocess", "batch_index": 8, "total_batches": 32, "sample_start": 7, "sample_stop": 8}
{"event": "validation_cache_progress", "pid": 983647, "ts_utc": "2026-04-26T03:32:20+00:00", "stage": "after_cache_append", "batch_index": 8, "total_batches": 32, "sample_start": 7, "sample_stop": 8}
{"event": "validation_cache_progress", "pid": 983647, "ts_utc": "2026-04-26T03:32:20+00:00", "stage": "before_get_batch", "batch_index": 9, "total_batches": 32, "sample_start": 8, "sample_stop": 9}
{"event": "validation_cache_progress", "pid": 983647, "ts_utc": "2026-04-26T03:32:20+00:00", "stage": "after_get_batch", "batch_index": 9, "total_batches": 32, "sample_start": 8, "sample_stop": 9}
{"event": "validation_cache_progress", "pid": 983647, "ts_utc": "2026-04-26T03:32:21+00:00", "stage": "after_preprocess", "batch_index": 9, "total_batches": 32, "sample_start": 8, "sample_stop": 9}
{"event": "validation_cache_progress", "pid": 983647, "ts_utc": "2026-04-26T03:32:21+00:00", "stage": "after_cache_append", "batch_index": 9, "total_batches": 32, "sample_start": 8, "sample_stop": 9}
{"event": "validation_cache_progress", "pid": 983647, "ts_utc": "2026-04-26T03:32:21+00:00", "stage": "before_get_batch", "batch_index": 10, "total_batches": 32, "sample_start": 9, "sample_stop": 10}
{"event": "validation_cache_progress", "pid": 983647, "ts_utc": "2026-04-26T03:32:21+00:00", "stage": "after_get_batch", "batch_index": 10, "total_batches": 32, "sample_start": 9, "sample_stop": 10}
{"event": "validation_cache_progress", "pid": 983647, "ts_utc": "2026-04-26T03:32:22+00:00", "stage": "after_preprocess", "batch_index": 10, "total_batches": 32, "sample_start": 9, "sample_stop": 10}
{"event": "validation_cache_progress", "pid": 983647, "ts_utc": "2026-04-26T03:32:22+00:00", "stage": "after_cache_append", "batch_index": 10, "total_batches": 32, "sample_start": 9, "sample_stop": 10}
{"event": "validation_cache_progress", "pid": 983647, "ts_utc": "2026-04-26T03:32:22+00:00", "stage": "before_get_batch", "batch_index": 11, "total_batches": 32, "sample_start": 10, "sample_stop": 11}
{"event": "validation_cache_progress", "pid": 983647, "ts_utc": "2026-04-26T03:32:23+00:00", "stage": "after_get_batch", "batch_index": 11, "total_batches": 32, "sample_start": 10, "sample_stop": 11}
{"event": "validation_cache_progress", "pid": 983647, "ts_utc": "2026-04-26T03:32:23+00:00", "stage": "after_preprocess", "batch_index": 11, "total_batches": 32, "sample_start": 10, "sample_stop": 11}
{"event": "validation_cache_progress", "pid": 983647, "ts_utc": "2026-04-26T03:32:23+00:00", "stage": "after_cache_append", "batch_index": 11, "total_batches": 32, "sample_start": 10, "sample_stop": 11}
{"event": "validation_cache_progress", "pid": 983647, "ts_utc": "2026-04-26T03:32:23+00:00", "stage": "before_get_batch", "batch_index": 12, "total_batches": 32, "sample_start": 11, "sample_stop": 12}
{"event": "validation_cache_progress", "pid": 983647, "ts_utc": "2026-04-26T03:32:23+00:00", "stage": "after_get_batch", "batch_index": 12, "total_batches": 32, "sample_start": 11, "sample_stop": 12}
{"event": "validation_cache_progress", "pid": 983647, "ts_utc": "2026-04-26T03:32:24+00:00", "stage": "after_preprocess", "batch_index": 12, "total_batches": 32, "sample_start": 11, "sample_stop": 12}
{"event": "validation_cache_progress", "pid": 983647, "ts_utc": "2026-04-26T03:32:24+00:00", "stage": "after_cache_append", "batch_index": 12, "total_batches": 32, "sample_start": 11, "sample_stop": 12}
{"event": "validation_cache_progress", "pid": 983647, "ts_utc": "2026-04-26T03:32:24+00:00", "stage": "before_get_batch", "batch_index": 13, "total_batches": 32, "sample_start": 12, "sample_stop": 13}
{"event": "validation_cache_progress", "pid": 983647, "ts_utc": "2026-04-26T03:32:24+00:00", "stage": "after_get_batch", "batch_index": 13, "total_batches": 32, "sample_start": 12, "sample_stop": 13}
{"event": "validation_cache_progress", "pid": 983647, "ts_utc": "2026-04-26T03:32:24+00:00", "stage": "after_preprocess", "batch_index": 13, "total_batches": 32, "sample_start": 12, "sample_stop": 13}
{"event": "validation_cache_progress", "pid": 983647, "ts_utc": "2026-04-26T03:32:24+00:00", "stage": "after_cache_append", "batch_index": 13, "total_batches": 32, "sample_start": 12, "sample_stop": 13}
{"event": "validation_cache_progress", "pid": 983647, "ts_utc": "2026-04-26T03:32:24+00:00", "stage": "before_get_batch", "batch_index": 14, "total_batches": 32, "sample_start": 13, "sample_stop": 14}
{"event": "validation_cache_progress", "pid": 983647, "ts_utc": "2026-04-26T03:32:25+00:00", "stage": "after_get_batch", "batch_index": 14, "total_batches": 32, "sample_start": 13, "sample_stop": 14}
{"event": "validation_cache_progress", "pid": 983647, "ts_utc": "2026-04-26T03:32:25+00:00", "stage": "after_preprocess", "batch_index": 14, "total_batches": 32, "sample_start": 13, "sample_stop": 14}
{"event": "validation_cache_progress", "pid": 983647, "ts_utc": "2026-04-26T03:32:25+00:00", "stage": "after_cache_append", "batch_index": 14, "total_batches": 32, "sample_start": 13, "sample_stop": 14}
{"event": "validation_cache_progress", "pid": 983647, "ts_utc": "2026-04-26T03:32:25+00:00", "stage": "before_get_batch", "batch_index": 15, "total_batches": 32, "sample_start": 14, "sample_stop": 15}
{"event": "validation_cache_progress", "pid": 983647, "ts_utc": "2026-04-26T03:32:26+00:00", "stage": "after_get_batch", "batch_index": 15, "total_batches": 32, "sample_start": 14, "sample_stop": 15}
{"event": "validation_cache_progress", "pid": 983647, "ts_utc": "2026-04-26T03:32:26+00:00", "stage": "after_preprocess", "batch_index": 15, "total_batches": 32, "sample_start": 14, "sample_stop": 15}
{"event": "validation_cache_progress", "pid": 983647, "ts_utc": "2026-04-26T03:32:26+00:00", "stage": "after_cache_append", "batch_index": 15, "total_batches": 32, "sample_start": 14, "sample_stop": 15}
{"event": "validation_cache_progress", "pid": 983647, "ts_utc": "2026-04-26T03:32:26+00:00", "stage": "before_get_batch", "batch_index": 16, "total_batches": 32, "sample_start": 15, "sample_stop": 16}
{"event": "validation_cache_progress", "pid": 983647, "ts_utc": "2026-04-26T03:32:27+00:00", "stage": "after_get_batch", "batch_index": 16, "total_batches": 32, "sample_start": 15, "sample_stop": 16}
{"event": "validation_cache_progress", "pid": 983647, "ts_utc": "2026-04-26T03:32:27+00:00", "stage": "after_preprocess", "batch_index": 16, "total_batches": 32, "sample_start": 15, "sample_stop": 16}
{"event": "validation_cache_progress", "pid": 983647, "ts_utc": "2026-04-26T03:32:27+00:00", "stage": "after_cache_append", "batch_index": 16, "total_batches": 32, "sample_start": 15, "sample_stop": 16}
{"event": "validation_cache_progress", "pid": 983647, "ts_utc": "2026-04-26T03:32:27+00:00", "stage": "before_get_batch", "batch_index": 17, "total_batches": 32, "sample_start": 16, "sample_stop": 17}
{"event": "validation_cache_progress", "pid": 983647, "ts_utc": "2026-04-26T03:32:28+00:00", "stage": "after_get_batch", "batch_index": 17, "total_batches": 32, "sample_start": 16, "sample_stop": 17}
{"event": "validation_cache_progress", "pid": 983647, "ts_utc": "2026-04-26T03:32:28+00:00", "stage": "after_preprocess", "batch_index": 17, "total_batches": 32, "sample_start": 16, "sample_stop": 17}
{"event": "validation_cache_progress", "pid": 983647, "ts_utc": "2026-04-26T03:32:28+00:00", "stage": "after_cache_append", "batch_index": 17, "total_batches": 32, "sample_start": 16, "sample_stop": 17}
{"event": "validation_cache_progress", "pid": 983647, "ts_utc": "2026-04-26T03:32:28+00:00", "stage": "before_get_batch", "batch_index": 18, "total_batches": 32, "sample_start": 17, "sample_stop": 18}
{"event": "validation_cache_progress", "pid": 983647, "ts_utc": "2026-04-26T03:32:28+00:00", "stage": "after_get_batch", "batch_index": 18, "total_batches": 32, "sample_start": 17, "sample_stop": 18}
{"event": "validation_cache_progress", "pid": 983647, "ts_utc": "2026-04-26T03:32:29+00:00", "stage": "after_preprocess", "batch_index": 18, "total_batches": 32, "sample_start": 17, "sample_stop": 18}
{"event": "validation_cache_progress", "pid": 983647, "ts_utc": "2026-04-26T03:32:29+00:00", "stage": "after_cache_append", "batch_index": 18, "total_batches": 32, "sample_start": 17, "sample_stop": 18}
{"event": "validation_cache_progress", "pid": 983647, "ts_utc": "2026-04-26T03:32:29+00:00", "stage": "before_get_batch", "batch_index": 19, "total_batches": 32, "sample_start": 18, "sample_stop": 19}
{"event": "validation_cache_progress", "pid": 983647, "ts_utc": "2026-04-26T03:32:29+00:00", "stage": "after_get_batch", "batch_index": 19, "total_batches": 32, "sample_start": 18, "sample_stop": 19}
{"event": "validation_cache_progress", "pid": 983647, "ts_utc": "2026-04-26T03:32:30+00:00", "stage": "after_preprocess", "batch_index": 19, "total_batches": 32, "sample_start": 18, "sample_stop": 19}
{"event": "validation_cache_progress", "pid": 983647, "ts_utc": "2026-04-26T03:32:30+00:00", "stage": "after_cache_append", "batch_index": 19, "total_batches": 32, "sample_start": 18, "sample_stop": 19}
{"event": "validation_cache_progress", "pid": 983647, "ts_utc": "2026-04-26T03:32:30+00:00", "stage": "before_get_batch", "batch_index": 20, "total_batches": 32, "sample_start": 19, "sample_stop": 20}
{"event": "validation_cache_progress", "pid": 983647, "ts_utc": "2026-04-26T03:32:30+00:00", "stage": "after_get_batch", "batch_index": 20, "total_batches": 32, "sample_start": 19, "sample_stop": 20}
{"event": "validation_cache_progress", "pid": 983647, "ts_utc": "2026-04-26T03:32:31+00:00", "stage": "after_preprocess", "batch_index": 20, "total_batches": 32, "sample_start": 19, "sample_stop": 20}
{"event": "validation_cache_progress", "pid": 983647, "ts_utc": "2026-04-26T03:32:31+00:00", "stage": "after_cache_append", "batch_index": 20, "total_batches": 32, "sample_start": 19, "sample_stop": 20}
{"event": "validation_cache_progress", "pid": 983647, "ts_utc": "2026-04-26T03:32:31+00:00", "stage": "before_get_batch", "batch_index": 21, "total_batches": 32, "sample_start": 20, "sample_stop": 21}
{"event": "validation_cache_progress", "pid": 983647, "ts_utc": "2026-04-26T03:32:31+00:00", "stage": "after_get_batch", "batch_index": 21, "total_batches": 32, "sample_start": 20, "sample_stop": 21}
{"event": "validation_cache_progress", "pid": 983647, "ts_utc": "2026-04-26T03:32:32+00:00", "stage": "after_preprocess", "batch_index": 21, "total_batches": 32, "sample_start": 20, "sample_stop": 21}
{"event": "validation_cache_progress", "pid": 983647, "ts_utc": "2026-04-26T03:32:32+00:00", "stage": "after_cache_append", "batch_index": 21, "total_batches": 32, "sample_start": 20, "sample_stop": 21}
{"event": "validation_cache_progress", "pid": 983647, "ts_utc": "2026-04-26T03:32:32+00:00", "stage": "before_get_batch", "batch_index": 22, "total_batches": 32, "sample_start": 21, "sample_stop": 22}
{"event": "validation_cache_progress", "pid": 983647, "ts_utc": "2026-04-26T03:32:32+00:00", "stage": "after_get_batch", "batch_index": 22, "total_batches": 32, "sample_start": 21, "sample_stop": 22}
{"event": "validation_cache_progress", "pid": 983647, "ts_utc": "2026-04-26T03:32:33+00:00", "stage": "after_preprocess", "batch_index": 22, "total_batches": 32, "sample_start": 21, "sample_stop": 22}
{"event": "validation_cache_progress", "pid": 983647, "ts_utc": "2026-04-26T03:32:33+00:00", "stage": "after_cache_append", "batch_index": 22, "total_batches": 32, "sample_start": 21, "sample_stop": 22}
{"event": "validation_cache_progress", "pid": 983647, "ts_utc": "2026-04-26T03:32:33+00:00", "stage": "before_get_batch", "batch_index": 23, "total_batches": 32, "sample_start": 22, "sample_stop": 23}
{"event": "validation_cache_progress", "pid": 983647, "ts_utc": "2026-04-26T03:32:33+00:00", "stage": "after_get_batch", "batch_index": 23, "total_batches": 32, "sample_start": 22, "sample_stop": 23}
{"event": "validation_cache_progress", "pid": 983647, "ts_utc": "2026-04-26T03:32:34+00:00", "stage": "after_preprocess", "batch_index": 23, "total_batches": 32, "sample_start": 22, "sample_stop": 23}
{"event": "validation_cache_progress", "pid": 983647, "ts_utc": "2026-04-26T03:32:34+00:00", "stage": "after_cache_append", "batch_index": 23, "total_batches": 32, "sample_start": 22, "sample_stop": 23}
{"event": "validation_cache_progress", "pid": 983647, "ts_utc": "2026-04-26T03:32:34+00:00", "stage": "before_get_batch", "batch_index": 24, "total_batches": 32, "sample_start": 23, "sample_stop": 24}
{"event": "validation_cache_progress", "pid": 983647, "ts_utc": "2026-04-26T03:32:34+00:00", "stage": "after_get_batch", "batch_index": 24, "total_batches": 32, "sample_start": 23, "sample_stop": 24}
{"event": "validation_cache_progress", "pid": 983647, "ts_utc": "2026-04-26T03:32:35+00:00", "stage": "after_preprocess", "batch_index": 24, "total_batches": 32, "sample_start": 23, "sample_stop": 24}
{"event": "validation_cache_progress", "pid": 983647, "ts_utc": "2026-04-26T03:32:35+00:00", "stage": "after_cache_append", "batch_index": 24, "total_batches": 32, "sample_start": 23, "sample_stop": 24}
{"event": "validation_cache_progress", "pid": 983647, "ts_utc": "2026-04-26T03:32:35+00:00", "stage": "before_get_batch", "batch_index": 25, "total_batches": 32, "sample_start": 24, "sample_stop": 25}
{"event": "validation_cache_progress", "pid": 983647, "ts_utc": "2026-04-26T03:32:35+00:00", "stage": "after_get_batch", "batch_index": 25, "total_batches": 32, "sample_start": 24, "sample_stop": 25}
{"event": "validation_cache_progress", "pid": 983647, "ts_utc": "2026-04-26T03:32:35+00:00", "stage": "after_preprocess", "batch_index": 25, "total_batches": 32, "sample_start": 24, "sample_stop": 25}
{"event": "validation_cache_progress", "pid": 983647, "ts_utc": "2026-04-26T03:32:35+00:00", "stage": "after_cache_append", "batch_index": 25, "total_batches": 32, "sample_start": 24, "sample_stop": 25}
{"event": "validation_cache_progress", "pid": 983647, "ts_utc": "2026-04-26T03:32:35+00:00", "stage": "before_get_batch", "batch_index": 26, "total_batches": 32, "sample_start": 25, "sample_stop": 26}
{"event": "validation_cache_progress", "pid": 983647, "ts_utc": "2026-04-26T03:32:37+00:00", "stage": "after_get_batch", "batch_index": 26, "total_batches": 32, "sample_start": 25, "sample_stop": 26}
{"event": "validation_cache_progress", "pid": 983647, "ts_utc": "2026-04-26T03:32:37+00:00", "stage": "after_preprocess", "batch_index": 26, "total_batches": 32, "sample_start": 25, "sample_stop": 26}
{"event": "validation_cache_progress", "pid": 983647, "ts_utc": "2026-04-26T03:32:37+00:00", "stage": "after_cache_append", "batch_index": 26, "total_batches": 32, "sample_start": 25, "sample_stop": 26}
{"event": "validation_cache_progress", "pid": 983647, "ts_utc": "2026-04-26T03:32:37+00:00", "stage": "before_get_batch", "batch_index": 27, "total_batches": 32, "sample_start": 26, "sample_stop": 27}
{"event": "validation_cache_progress", "pid": 983647, "ts_utc": "2026-04-26T03:32:38+00:00", "stage": "after_get_batch", "batch_index": 27, "total_batches": 32, "sample_start": 26, "sample_stop": 27}
{"event": "validation_cache_progress", "pid": 983647, "ts_utc": "2026-04-26T03:32:38+00:00", "stage": "after_preprocess", "batch_index": 27, "total_batches": 32, "sample_start": 26, "sample_stop": 27}
{"event": "validation_cache_progress", "pid": 983647, "ts_utc": "2026-04-26T03:32:38+00:00", "stage": "after_cache_append", "batch_index": 27, "total_batches": 32, "sample_start": 26, "sample_stop": 27}
{"event": "validation_cache_progress", "pid": 983647, "ts_utc": "2026-04-26T03:32:38+00:00", "stage": "before_get_batch", "batch_index": 28, "total_batches": 32, "sample_start": 27, "sample_stop": 28}
{"event": "validation_cache_progress", "pid": 983647, "ts_utc": "2026-04-26T03:32:39+00:00", "stage": "after_get_batch", "batch_index": 28, "total_batches": 32, "sample_start": 27, "sample_stop": 28}
{"event": "validation_cache_progress", "pid": 983647, "ts_utc": "2026-04-26T03:32:40+00:00", "stage": "after_preprocess", "batch_index": 28, "total_batches": 32, "sample_start": 27, "sample_stop": 28}
{"event": "validation_cache_progress", "pid": 983647, "ts_utc": "2026-04-26T03:32:40+00:00", "stage": "after_cache_append", "batch_index": 28, "total_batches": 32, "sample_start": 27, "sample_stop": 28}
{"event": "validation_cache_progress", "pid": 983647, "ts_utc": "2026-04-26T03:32:40+00:00", "stage": "before_get_batch", "batch_index": 29, "total_batches": 32, "sample_start": 28, "sample_stop": 29}
{"event": "validation_cache_progress", "pid": 983647, "ts_utc": "2026-04-26T03:32:41+00:00", "stage": "after_get_batch", "batch_index": 29, "total_batches": 32, "sample_start": 28, "sample_stop": 29}
{"event": "validation_cache_progress", "pid": 983647, "ts_utc": "2026-04-26T03:32:41+00:00", "stage": "after_preprocess", "batch_index": 29, "total_batches": 32, "sample_start": 28, "sample_stop": 29}
{"event": "validation_cache_progress", "pid": 983647, "ts_utc": "2026-04-26T03:32:41+00:00", "stage": "after_cache_append", "batch_index": 29, "total_batches": 32, "sample_start": 28, "sample_stop": 29}
{"event": "validation_cache_progress", "pid": 983647, "ts_utc": "2026-04-26T03:32:41+00:00", "stage": "before_get_batch", "batch_index": 30, "total_batches": 32, "sample_start": 29, "sample_stop": 30}
{"event": "validation_cache_progress", "pid": 983647, "ts_utc": "2026-04-26T03:32:41+00:00", "stage": "after_get_batch", "batch_index": 30, "total_batches": 32, "sample_start": 29, "sample_stop": 30}
{"event": "validation_cache_progress", "pid": 983647, "ts_utc": "2026-04-26T03:32:42+00:00", "stage": "after_preprocess", "batch_index": 30, "total_batches": 32, "sample_start": 29, "sample_stop": 30}
{"event": "validation_cache_progress", "pid": 983647, "ts_utc": "2026-04-26T03:32:42+00:00", "stage": "after_cache_append", "batch_index": 30, "total_batches": 32, "sample_start": 29, "sample_stop": 30}
{"event": "validation_cache_progress", "pid": 983647, "ts_utc": "2026-04-26T03:32:42+00:00", "stage": "before_get_batch", "batch_index": 31, "total_batches": 32, "sample_start": 30, "sample_stop": 31}
{"event": "validation_cache_progress", "pid": 983647, "ts_utc": "2026-04-26T03:32:42+00:00", "stage": "after_get_batch", "batch_index": 31, "total_batches": 32, "sample_start": 30, "sample_stop": 31}
{"event": "validation_cache_progress", "pid": 983647, "ts_utc": "2026-04-26T03:32:42+00:00", "stage": "after_preprocess", "batch_index": 31, "total_batches": 32, "sample_start": 30, "sample_stop": 31}
{"event": "validation_cache_progress", "pid": 983647, "ts_utc": "2026-04-26T03:32:42+00:00", "stage": "after_cache_append", "batch_index": 31, "total_batches": 32, "sample_start": 30, "sample_stop": 31}
{"event": "validation_cache_progress", "pid": 983647, "ts_utc": "2026-04-26T03:32:42+00:00", "stage": "before_get_batch", "batch_index": 32, "total_batches": 32, "sample_start": 31, "sample_stop": 32}
{"event": "validation_cache_progress", "pid": 983647, "ts_utc": "2026-04-26T03:32:44+00:00", "stage": "after_get_batch", "batch_index": 32, "total_batches": 32, "sample_start": 31, "sample_stop": 32}
{"event": "validation_cache_progress", "pid": 983647, "ts_utc": "2026-04-26T03:32:44+00:00", "stage": "after_preprocess", "batch_index": 32, "total_batches": 32, "sample_start": 31, "sample_stop": 32}
{"event": "validation_cache_progress", "pid": 983647, "ts_utc": "2026-04-26T03:32:44+00:00", "stage": "after_cache_append", "batch_index": 32, "total_batches": 32, "sample_start": 31, "sample_stop": 32}
{"event": "validation_cache_build_complete", "cached_batches": 32}
{"event": "scenario_cache_build_start", "scenario_eval_size": 8, "scenario_eval_batch_size": 1}
{"event": "scenario_cache_progress", "scenario_name": "scene_1", "scenario_index": 1, "total_scenarios": 4, "batch_index": 1, "total_batches": 8, "sample_start": 0, "sample_stop": 1}
{"event": "scenario_cache_progress", "scenario_name": "scene_1", "scenario_index": 1, "total_scenarios": 4, "batch_index": 2, "total_batches": 8, "sample_start": 1, "sample_stop": 2}
{"event": "scenario_cache_progress", "scenario_name": "scene_1", "scenario_index": 1, "total_scenarios": 4, "batch_index": 3, "total_batches": 8, "sample_start": 2, "sample_stop": 3}
{"event": "scenario_cache_progress", "scenario_name": "scene_1", "scenario_index": 1, "total_scenarios": 4, "batch_index": 4, "total_batches": 8, "sample_start": 3, "sample_stop": 4}
{"event": "scenario_cache_progress", "scenario_name": "scene_1", "scenario_index": 1, "total_scenarios": 4, "batch_index": 5, "total_batches": 8, "sample_start": 4, "sample_stop": 5}
{"event": "scenario_cache_progress", "scenario_name": "scene_1", "scenario_index": 1, "total_scenarios": 4, "batch_index": 6, "total_batches": 8, "sample_start": 5, "sample_stop": 6}
{"event": "scenario_cache_progress", "scenario_name": "scene_1", "scenario_index": 1, "total_scenarios": 4, "batch_index": 7, "total_batches": 8, "sample_start": 6, "sample_stop": 7}
{"event": "scenario_cache_progress", "scenario_name": "scene_1", "scenario_index": 1, "total_scenarios": 4, "batch_index": 8, "total_batches": 8, "sample_start": 7, "sample_stop": 8}
{"event": "scenario_cache_progress", "scenario_name": "scene_2", "scenario_index": 2, "total_scenarios": 4, "batch_index": 1, "total_batches": 8, "sample_start": 0, "sample_stop": 1}
{"event": "scenario_cache_progress", "scenario_name": "scene_2", "scenario_index": 2, "total_scenarios": 4, "batch_index": 2, "total_batches": 8, "sample_start": 1, "sample_stop": 2}
{"event": "scenario_cache_progress", "scenario_name": "scene_2", "scenario_index": 2, "total_scenarios": 4, "batch_index": 3, "total_batches": 8, "sample_start": 2, "sample_stop": 3}
{"event": "scenario_cache_progress", "scenario_name": "scene_2", "scenario_index": 2, "total_scenarios": 4, "batch_index": 4, "total_batches": 8, "sample_start": 3, "sample_stop": 4}
{"event": "scenario_cache_progress", "scenario_name": "scene_2", "scenario_index": 2, "total_scenarios": 4, "batch_index": 5, "total_batches": 8, "sample_start": 4, "sample_stop": 5}
{"event": "scenario_cache_progress", "scenario_name": "scene_2", "scenario_index": 2, "total_scenarios": 4, "batch_index": 6, "total_batches": 8, "sample_start": 5, "sample_stop": 6}
{"event": "scenario_cache_progress", "scenario_name": "scene_2", "scenario_index": 2, "total_scenarios": 4, "batch_index": 7, "total_batches": 8, "sample_start": 6, "sample_stop": 7}
{"event": "scenario_cache_progress", "scenario_name": "scene_2", "scenario_index": 2, "total_scenarios": 4, "batch_index": 8, "total_batches": 8, "sample_start": 7, "sample_stop": 8}
{"event": "scenario_cache_progress", "scenario_name": "scene_3", "scenario_index": 3, "total_scenarios": 4, "batch_index": 1, "total_batches": 8, "sample_start": 0, "sample_stop": 1}
{"event": "scenario_cache_progress", "scenario_name": "scene_3", "scenario_index": 3, "total_scenarios": 4, "batch_index": 2, "total_batches": 8, "sample_start": 1, "sample_stop": 2}
{"event": "scenario_cache_progress", "scenario_name": "scene_3", "scenario_index": 3, "total_scenarios": 4, "batch_index": 3, "total_batches": 8, "sample_start": 2, "sample_stop": 3}
{"event": "scenario_cache_progress", "scenario_name": "scene_3", "scenario_index": 3, "total_scenarios": 4, "batch_index": 4, "total_batches": 8, "sample_start": 3, "sample_stop": 4}
{"event": "scenario_cache_progress", "scenario_name": "scene_3", "scenario_index": 3, "total_scenarios": 4, "batch_index": 5, "total_batches": 8, "sample_start": 4, "sample_stop": 5}
{"event": "scenario_cache_progress", "scenario_name": "scene_3", "scenario_index": 3, "total_scenarios": 4, "batch_index": 6, "total_batches": 8, "sample_start": 5, "sample_stop": 6}
{"event": "scenario_cache_progress", "scenario_name": "scene_3", "scenario_index": 3, "total_scenarios": 4, "batch_index": 7, "total_batches": 8, "sample_start": 6, "sample_stop": 7}
{"event": "scenario_cache_progress", "scenario_name": "scene_3", "scenario_index": 3, "total_scenarios": 4, "batch_index": 8, "total_batches": 8, "sample_start": 7, "sample_stop": 8}
{"event": "scenario_cache_progress", "scenario_name": "scene_4", "scenario_index": 4, "total_scenarios": 4, "batch_index": 1, "total_batches": 8, "sample_start": 0, "sample_stop": 1}
{"event": "scenario_cache_progress", "scenario_name": "scene_4", "scenario_index": 4, "total_scenarios": 4, "batch_index": 2, "total_batches": 8, "sample_start": 1, "sample_stop": 2}
{"event": "scenario_cache_progress", "scenario_name": "scene_4", "scenario_index": 4, "total_scenarios": 4, "batch_index": 3, "total_batches": 8, "sample_start": 2, "sample_stop": 3}
{"event": "scenario_cache_progress", "scenario_name": "scene_4", "scenario_index": 4, "total_scenarios": 4, "batch_index": 4, "total_batches": 8, "sample_start": 3, "sample_stop": 4}
{"event": "scenario_cache_progress", "scenario_name": "scene_4", "scenario_index": 4, "total_scenarios": 4, "batch_index": 5, "total_batches": 8, "sample_start": 4, "sample_stop": 5}
{"event": "scenario_cache_progress", "scenario_name": "scene_4", "scenario_index": 4, "total_scenarios": 4, "batch_index": 6, "total_batches": 8, "sample_start": 5, "sample_stop": 6}
{"event": "scenario_cache_progress", "scenario_name": "scene_4", "scenario_index": 4, "total_scenarios": 4, "batch_index": 7, "total_batches": 8, "sample_start": 6, "sample_stop": 7}
{"event": "scenario_cache_progress", "scenario_name": "scene_4", "scenario_index": 4, "total_scenarios": 4, "batch_index": 8, "total_batches": 8, "sample_start": 7, "sample_stop": 8}
{"event": "scenario_cache_build_complete", "scenario_count": 4}
{"event": "optimizer_ready", "initial_lr": 0.0001, "trainable_params": 125457, "mac_proxy_total": 459532800}
{"event": "stage3_start", "output_dir": "IFAN_Edge/outputs/stage3/ifan_stage3_long80_freqblock_paper_original_20260426_113211", "device": "cuda", "train_split_path": "/home/cmm/icocnn/datasets/LibriSpeech/LibriSpeech/train-clean-100", "validation_split_path": "/home/cmm/icocnn/datasets/LibriSpeech/LibriSpeech/test-clean", "model_topology": "paper_dual_mainline", "branch_channels": 16, "final_head_pooling": false, "input_ablation_mode": "none", "experiment_role": "training_upper_bound_check", "srp_variant": "paper_original", "temporal_module": "conv", "epochs": 80}
Epoch 1/80:
Epoch 1:   1%|..........| 6/585 [00:00:05<00:09:01,  1.07it/s, loss=0.3321]
Epoch 1:   2%|..........| 12/585 [00:00:11<00:09:16,  1.03it/s, loss=0.3305]
Epoch 1:   3%|..........| 18/585 [00:00:17<00:09:10,  1.03it/s, loss=0.3286]
Epoch 1:   4%|..........| 24/585 [00:00:22<00:08:57,  1.04it/s, loss=0.3257]
Epoch 1:   5%|..........| 30/585 [00:00:28<00:08:49,  1.05it/s, loss=0.3192]
Epoch 1:   6%|..........| 35/585 [00:00:34<00:08:57,  1.02it/s, loss=0.3136]
Epoch 1:   7%|..........| 41/585 [00:00:39<00:08:45,  1.04it/s, loss=0.3036]
Epoch 1:   8%|..........| 46/585 [00:00:44<00:08:45,  1.03it/s, loss=0.2967]
Epoch 1:   9%|..........| 51/585 [00:00:49<00:08:42,  1.02it/s, loss=0.2894]
Epoch 1:  10%|..........| 57/585 [00:00:55<00:08:37,  1.02it/s, loss=0.2793]
Epoch 1:  11%|#.........| 63/585 [00:01:01<00:08:32,  1.02it/s, loss=0.2671]
Epoch 1:  12%|#.........| 69/585 [00:01:07<00:08:25,  1.02it/s, loss=0.2560]
Epoch 1:  13%|#.........| 74/585 [00:01:13<00:08:28,  1.01it/s, loss=0.2485]
Epoch 1:  14%|#.........| 79/585 [00:01:18<00:08:24,  1.00it/s, loss=0.2414]
Epoch 1:  15%|#.........| 85/585 [00:01:24<00:08:17,  1.00it/s, loss=0.2326]
Epoch 1:  15%|#.........| 90/585 [00:01:29<00:08:13,  1.00it/s, loss=0.2254]
Epoch 1:  16%|#.........| 95/585 [00:01:35<00:08:12,  0.99it/s, loss=0.2200]
Epoch 1:  17%|#.........| 100/585 [00:01:40<00:08:08,  0.99it/s, loss=0.2151]
Epoch 1:  18%|#.........| 106/585 [00:01:46<00:08:01,  0.99it/s, loss=0.2086]
Epoch 1:  19%|#.........| 112/585 [00:01:52<00:07:55,  0.99it/s, loss=0.2029]
Epoch 1:  20%|##........| 118/585 [00:01:58<00:07:48,  1.00it/s, loss=0.1973]
Epoch 1:  21%|##........| 124/585 [00:02:04<00:07:41,  1.00it/s, loss=0.1929]
Epoch 1:  22%|##........| 130/585 [00:02:09<00:07:34,  1.00it/s, loss=0.1882]
Epoch 1:  23%|##........| 135/585 [00:02:15<00:07:30,  1.00it/s, loss=0.1845]
Epoch 1:  24%|##........| 140/585 [00:02:20<00:07:25,  1.00it/s, loss=0.1812]
Epoch 1:  25%|##........| 145/585 [00:02:25<00:07:21,  1.00it/s, loss=0.1779]
Epoch 1:  26%|##........| 150/585 [00:02:31<00:07:18,  0.99it/s, loss=0.1747]
Epoch 1:  27%|##........| 156/585 [00:02:36<00:07:11,  0.99it/s, loss=0.1712]
Epoch 1:  28%|##........| 161/585 [00:02:42<00:07:06,  0.99it/s, loss=0.1685]
Epoch 1:  28%|##........| 166/585 [00:02:47<00:07:01,  0.99it/s, loss=0.1658]
Epoch 1:  29%|##........| 171/585 [00:02:52<00:06:56,  0.99it/s, loss=0.1631]
Epoch 1:  30%|###.......| 176/585 [00:02:58<00:06:54,  0.99it/s, loss=0.1610]
Epoch 1:  31%|###.......| 181/585 [00:03:03<00:06:49,  0.99it/s, loss=0.1588]
Epoch 1:  32%|###.......| 186/585 [00:03:08<00:06:44,  0.99it/s, loss=0.1569]
Epoch 1:  33%|###.......| 191/585 [00:03:13<00:06:39,  0.99it/s, loss=0.1556]
Epoch 1:  34%|###.......| 197/585 [00:03:19<00:06:32,  0.99it/s, loss=0.1536]
Epoch 1:  34%|###.......| 201/585 [00:03:24<00:06:30,  0.98it/s, loss=0.1522]
Epoch 1:  35%|###.......| 207/585 [00:03:30<00:06:24,  0.98it/s, loss=0.1509]
Epoch 1:  36%|###.......| 213/585 [00:03:35<00:06:16,  0.99it/s, loss=0.1491]
Epoch 1:  37%|###.......| 219/585 [00:03:41<00:06:10,  0.99it/s, loss=0.1472]
Epoch 1:  38%|###.......| 225/585 [00:03:48<00:06:05,  0.98it/s, loss=0.1456]
Epoch 1:  39%|###.......| 230/585 [00:03:53<00:06:00,  0.98it/s, loss=0.1440]
Epoch 1:  40%|####......| 235/585 [00:03:59<00:05:56,  0.98it/s, loss=0.1431]
Epoch 1:  41%|####......| 241/585 [00:04:04<00:05:49,  0.98it/s, loss=0.1416]
Epoch 1:  42%|####......| 247/585 [00:04:10<00:05:42,  0.99it/s, loss=0.1396]
Epoch 1:  43%|####......| 253/585 [00:04:16<00:05:36,  0.99it/s, loss=0.1379]
Epoch 1:  44%|####......| 258/585 [00:04:21<00:05:31,  0.99it/s, loss=0.1367]
Epoch 1:  45%|####......| 263/585 [00:04:27<00:05:27,  0.98it/s, loss=0.1355]
Epoch 1:  46%|####......| 268/585 [00:04:32<00:05:22,  0.98it/s, loss=0.1340]
Epoch 1:  47%|####......| 274/585 [00:04:38<00:05:15,  0.98it/s, loss=0.1324]
Epoch 1:  48%|####......| 280/585 [00:04:44<00:05:09,  0.99it/s, loss=0.1306]
Epoch 1:  49%|####......| 285/585 [00:04:49<00:05:04,  0.98it/s, loss=0.1295]
Epoch 1:  50%|####......| 290/585 [00:04:55<00:05:00,  0.98it/s, loss=0.1282]
Epoch 1:  50%|#####.....| 295/585 [00:05:00<00:04:55,  0.98it/s, loss=0.1271]
Epoch 1:  51%|#####.....| 301/585 [00:05:06<00:04:49,  0.98it/s, loss=0.1256]
Epoch 1:  52%|#####.....| 306/585 [00:05:12<00:04:44,  0.98it/s, loss=0.1248]
Epoch 1:  53%|#####.....| 312/585 [00:05:18<00:04:38,  0.98it/s, loss=0.1233]
Epoch 1:  54%|#####.....| 317/585 [00:05:23<00:04:33,  0.98it/s, loss=0.1222]
Epoch 1:  55%|#####.....| 323/585 [00:05:29<00:04:27,  0.98it/s, loss=0.1210]
Epoch 1:  56%|#####.....| 328/585 [00:05:35<00:04:22,  0.98it/s, loss=0.1200]
Epoch 1:  57%|#####.....| 334/585 [00:05:40<00:04:16,  0.98it/s, loss=0.1188]
Epoch 1:  58%|#####.....| 340/585 [00:05:46<00:04:09,  0.98it/s, loss=0.1176]
Epoch 1:  59%|#####.....| 345/585 [00:05:52<00:04:04,  0.98it/s, loss=0.1168]
Epoch 1:  60%|######....| 351/585 [00:05:57<00:03:58,  0.98it/s, loss=0.1156]
Epoch 1:  61%|######....| 357/585 [00:06:02<00:03:51,  0.98it/s, loss=0.1145]
Epoch 1:  62%|######....| 362/585 [00:06:08<00:03:46,  0.98it/s, loss=0.1136]
Epoch 1:  63%|######....| 368/585 [00:06:13<00:03:40,  0.98it/s, loss=0.1126]
Epoch 1:  64%|######....| 374/585 [00:06:19<00:03:34,  0.99it/s, loss=0.1115]
Epoch 1:  65%|######....| 380/585 [00:06:25<00:03:27,  0.99it/s, loss=0.1105]
Epoch 1:  66%|######....| 386/585 [00:06:31<00:03:21,  0.99it/s, loss=0.1095]
Epoch 1:  67%|######....| 392/585 [00:06:36<00:03:15,  0.99it/s, loss=0.1087]
Epoch 1:  68%|######....| 397/585 [00:06:41<00:03:10,  0.99it/s, loss=0.1080]
Epoch 1:  69%|######....| 403/585 [00:06:47<00:03:04,  0.99it/s, loss=0.1071]
Epoch 1:  70%|######....| 409/585 [00:06:53<00:02:57,  0.99it/s, loss=0.1063]
Epoch 1:  71%|#######...| 415/585 [00:06:59<00:02:51,  0.99it/s, loss=0.1059]
Epoch 1:  72%|#######...| 420/585 [00:07:04<00:02:46,  0.99it/s, loss=0.1054]
Epoch 1:  73%|#######...| 426/585 [00:07:10<00:02:40,  0.99it/s, loss=0.1048]
Epoch 1:  74%|#######...| 431/585 [00:07:15<00:02:35,  0.99it/s, loss=0.1042]
Epoch 1:  75%|#######...| 436/585 [00:07:20<00:02:30,  0.99it/s, loss=0.1037]
Epoch 1:  75%|#######...| 441/585 [00:07:26<00:02:25,  0.99it/s, loss=0.1030]
Epoch 1:  76%|#######...| 447/585 [00:07:31<00:02:19,  0.99it/s, loss=0.1022]
Epoch 1:  77%|#######...| 453/585 [00:07:37<00:02:13,  0.99it/s, loss=0.1014]
Epoch 1:  78%|#######...| 459/585 [00:07:42<00:02:07,  0.99it/s, loss=0.1007]
Epoch 1:  79%|#######...| 465/585 [00:07:48<00:02:00,  0.99it/s, loss=0.1002]
Epoch 1:  81%|########..| 471/585 [00:07:54<00:01:54,  0.99it/s, loss=0.0995]
Epoch 1:  81%|########..| 476/585 [00:08:00<00:01:50,  0.99it/s, loss=0.0990]
Epoch 1:  82%|########..| 481/585 [00:08:05<00:01:45,  0.99it/s, loss=0.0985]
Epoch 1:  83%|########..| 487/585 [00:08:10<00:01:38,  0.99it/s, loss=0.0978]
Epoch 1:  84%|########..| 492/585 [00:08:16<00:01:33,  0.99it/s, loss=0.0974]
Epoch 1:  85%|########..| 498/585 [00:08:21<00:01:27,  0.99it/s, loss=0.0967]
Epoch 1:  86%|########..| 504/585 [00:08:28<00:01:21,  0.99it/s, loss=0.0962]
Epoch 1:  87%|########..| 510/585 [00:08:33<00:01:15,  0.99it/s, loss=0.0958]
Epoch 1:  88%|########..| 515/585 [00:08:38<00:01:10,  0.99it/s, loss=0.0954]
Epoch 1:  89%|########..| 520/585 [00:08:44<00:01:05,  0.99it/s, loss=0.0949]
Epoch 1:  90%|########..| 524/585 [00:08:49<00:01:01,  0.99it/s, loss=0.0947]
Epoch 1:  90%|#########.| 529/585 [00:08:54<00:00:56,  0.99it/s, loss=0.0944]
Epoch 1:  91%|#########.| 534/585 [00:09:00<00:00:51,  0.99it/s, loss=0.0943]
Epoch 1:  92%|#########.| 540/585 [00:09:06<00:00:45,  0.99it/s, loss=0.0938]
Epoch 1:  93%|#########.| 545/585 [00:09:11<00:00:40,  0.99it/s, loss=0.0935]
Epoch 1:  94%|#########.| 551/585 [00:09:17<00:00:34,  0.99it/s, loss=0.0929]
Epoch 1:  95%|#########.| 556/585 [00:09:22<00:00:29,  0.99it/s, loss=0.0925]
Epoch 1:  96%|#########.| 562/585 [00:09:27<00:00:23,  0.99it/s, loss=0.0920]
Epoch 1:  97%|#########.| 567/585 [00:09:33<00:00:18,  0.99it/s, loss=0.0917]
Epoch 1:  98%|#########.| 573/585 [00:09:38<00:00:12,  0.99it/s, loss=0.0911]
Epoch 1:  99%|#########.| 579/585 [00:09:44<00:00:06,  0.99it/s, loss=0.0907]
Epoch 1: 100%|#########.| 584/585 [00:09:49<00:00:01,  0.99it/s, loss=0.0902]
Epoch 1: 100%|##########| 585/585 [00:09:50<00:00:00,  0.99it/s, loss=0.0902]
Test loss: 0.0435, Test rmsae: 14.45deg
{"event": "epoch_complete", "epoch": 1, "phase": 1, "lr": 0.0001, "batch_size": 1, "micro_batch_size": 1, "train_loss": 0.0901724661899428, "val_loss": 0.04354155086912215, "val_rmsae_deg": 14.446941554546356, "epoch_time_s": 591.0444413139485}
{"event": "checkpoint_saved", "tag": "best_rmsae", "epoch": 1, "path": "IFAN_Edge/outputs/stage3/ifan_stage3_long80_freqblock_paper_original_20260426_113211/checkpoints/best_rmsae.pt", "val_rmsae_deg": 14.446941554546356}
Epoch 2/80:
Epoch 2:   1%|..........| 6/585 [00:00:05<00:09:13,  1.05it/s, loss=0.0418]
Epoch 2:   2%|..........| 11/585 [00:00:10<00:09:27,  1.01it/s, loss=0.0453]
Epoch 2:   3%|..........| 16/585 [00:00:16<00:09:33,  0.99it/s, loss=0.0440]
Epoch 2:   4%|..........| 22/585 [00:00:22<00:09:35,  0.98it/s, loss=0.0427]
Epoch 2:   5%|..........| 27/585 [00:00:27<00:09:37,  0.97it/s, loss=0.0445]
Epoch 2:   5%|..........| 32/585 [00:00:33<00:09:36,  0.96it/s, loss=0.0450]
Epoch 2:   6%|..........| 38/585 [00:00:39<00:09:24,  0.97it/s, loss=0.0456]
Epoch 2:   7%|..........| 43/585 [00:00:44<00:09:25,  0.96it/s, loss=0.0452]
Epoch 2:   8%|..........| 49/585 [00:00:50<00:09:12,  0.97it/s, loss=0.0448]
Epoch 2:   9%|..........| 55/585 [00:00:55<00:08:55,  0.99it/s, loss=0.0439]
Epoch 2:  10%|#.........| 61/585 [00:01:01<00:08:45,  1.00it/s, loss=0.0431]
Epoch 2:  11%|#.........| 66/585 [00:01:06<00:08:45,  0.99it/s, loss=0.0426]
Epoch 2:  12%|#.........| 72/585 [00:01:13<00:08:43,  0.98it/s, loss=0.0432]
Epoch 2:  13%|#.........| 78/585 [00:01:19<00:08:35,  0.98it/s, loss=0.0431]
Epoch 2:  14%|#.........| 84/585 [00:01:25<00:08:27,  0.99it/s, loss=0.0430]
Epoch 2:  15%|#.........| 90/585 [00:01:30<00:08:19,  0.99it/s, loss=0.0430]
Epoch 2:  16%|#.........| 96/585 [00:01:36<00:08:12,  0.99it/s, loss=0.0425]
Epoch 2:  17%|#.........| 101/585 [00:01:41<00:08:08,  0.99it/s, loss=0.0422]
Epoch 2:  18%|#.........| 107/585 [00:01:47<00:08:01,  0.99it/s, loss=0.0421]
Epoch 2:  19%|#.........| 112/585 [00:01:53<00:07:57,  0.99it/s, loss=0.0422]
Epoch 2:  20%|##........| 117/585 [00:01:58<00:07:52,  0.99it/s, loss=0.0422]
Epoch 2:  21%|##........| 122/585 [00:02:03<00:07:47,  0.99it/s, loss=0.0417]
Epoch 2:  22%|##........| 127/585 [00:02:08<00:07:44,  0.99it/s, loss=0.0417]
Epoch 2:  23%|##........| 133/585 [00:02:13<00:07:34,  0.99it/s, loss=0.0413]
Epoch 2:  24%|##........| 139/585 [00:02:19<00:07:28,  0.99it/s, loss=0.0413]
Epoch 2:  25%|##........| 145/585 [00:02:25<00:07:21,  1.00it/s, loss=0.0410]
Epoch 2:  25%|##........| 149/585 [00:02:30<00:07:20,  0.99it/s, loss=0.0411]
Epoch 2:  26%|##........| 154/585 [00:02:35<00:07:15,  0.99it/s, loss=0.0410]
Epoch 2:  27%|##........| 160/585 [00:02:41<00:07:08,  0.99it/s, loss=0.0414]
Epoch 2:  28%|##........| 166/585 [00:02:47<00:07:03,  0.99it/s, loss=0.0413]
Epoch 2:  29%|##........| 170/585 [00:02:53<00:07:02,  0.98it/s, loss=0.0415]
Epoch 2:  30%|##........| 175/585 [00:02:58<00:06:57,  0.98it/s, loss=0.0414]
Epoch 2:  31%|###.......| 181/585 [00:03:03<00:06:49,  0.99it/s, loss=0.0413]
Epoch 2:  32%|###.......| 186/585 [00:03:09<00:06:45,  0.98it/s, loss=0.0413]
Epoch 2:  33%|###.......| 191/585 [00:03:14<00:06:41,  0.98it/s, loss=0.0411]
Epoch 2:  34%|###.......| 196/585 [00:03:20<00:06:37,  0.98it/s, loss=0.0412]
Epoch 2:  35%|###.......| 202/585 [00:03:25<00:06:30,  0.98it/s, loss=0.0411]
Epoch 2:  36%|###.......| 208/585 [00:03:31<00:06:23,  0.98it/s, loss=0.0408]
Epoch 2:  37%|###.......| 214/585 [00:03:37<00:06:16,  0.99it/s, loss=0.0406]
Epoch 2:  37%|###.......| 219/585 [00:03:42<00:06:12,  0.98it/s, loss=0.0406]
Epoch 2:  38%|###.......| 224/585 [00:03:47<00:06:07,  0.98it/s, loss=0.0405]
Epoch 2:  39%|###.......| 230/585 [00:03:53<00:06:00,  0.99it/s, loss=0.0404]
Epoch 2:  40%|####......| 236/585 [00:03:58<00:05:53,  0.99it/s, loss=0.0402]
Epoch 2:  41%|####......| 242/585 [00:04:04<00:05:46,  0.99it/s, loss=0.0401]
Epoch 2:  42%|####......| 248/585 [00:04:10<00:05:39,  0.99it/s, loss=0.0399]
Epoch 2:  43%|####......| 254/585 [00:04:16<00:05:33,  0.99it/s, loss=0.0399]
Epoch 2:  44%|####......| 259/585 [00:04:21<00:05:28,  0.99it/s, loss=0.0398]
Epoch 2:  45%|####......| 264/585 [00:04:26<00:05:24,  0.99it/s, loss=0.0398]
Epoch 2:  46%|####......| 270/585 [00:04:31<00:05:17,  0.99it/s, loss=0.0396]
Epoch 2:  47%|####......| 275/585 [00:04:37<00:05:13,  0.99it/s, loss=0.0399]
Epoch 2:  48%|####......| 281/585 [00:04:43<00:05:06,  0.99it/s, loss=0.0397]
Epoch 2:  49%|####......| 287/585 [00:04:49<00:05:00,  0.99it/s, loss=0.0396]
Epoch 2:  50%|#####.....| 293/585 [00:04:55<00:04:54,  0.99it/s, loss=0.0395]
Epoch 2:  51%|#####.....| 299/585 [00:05:00<00:04:47,  0.99it/s, loss=0.0393]
Epoch 2:  52%|#####.....| 304/585 [00:05:06<00:04:43,  0.99it/s, loss=0.0394]
Epoch 2:  53%|#####.....| 310/585 [00:05:11<00:04:36,  0.99it/s, loss=0.0392]
Epoch 2:  54%|#####.....| 316/585 [00:05:17<00:04:30,  1.00it/s, loss=0.0392]
Epoch 2:  55%|#####.....| 322/585 [00:05:23<00:04:23,  1.00it/s, loss=0.0393]
Epoch 2:  56%|#####.....| 328/585 [00:05:28<00:04:17,  1.00it/s, loss=0.0394]
Epoch 2:  57%|#####.....| 334/585 [00:05:34<00:04:11,  1.00it/s, loss=0.0393]
Epoch 2:  58%|#####.....| 339/585 [00:05:39<00:04:06,  1.00it/s, loss=0.0393]
Epoch 2:  59%|#####.....| 344/585 [00:05:45<00:04:02,  1.00it/s, loss=0.0393]
Epoch 2:  60%|#####.....| 350/585 [00:05:50<00:03:55,  1.00it/s, loss=0.0392]
Epoch 2:  61%|######....| 356/585 [00:05:56<00:03:49,  1.00it/s, loss=0.0391]
Epoch 2:  62%|######....| 361/585 [00:06:01<00:03:44,  1.00it/s, loss=0.0390]
Epoch 2:  63%|######....| 367/585 [00:06:07<00:03:38,  1.00it/s, loss=0.0389]
Epoch 2:  64%|######....| 373/585 [00:06:13<00:03:32,  1.00it/s, loss=0.0388]
Epoch 2:  65%|######....| 379/585 [00:06:19<00:03:26,  1.00it/s, loss=0.0387]
Epoch 2:  66%|######....| 384/585 [00:06:24<00:03:21,  1.00it/s, loss=0.0388]
Epoch 2:  67%|######....| 390/585 [00:06:30<00:03:15,  1.00it/s, loss=0.0388]
Epoch 2:  68%|######....| 396/585 [00:06:36<00:03:09,  1.00it/s, loss=0.0387]
Epoch 2:  69%|######....| 402/585 [00:06:41<00:03:02,  1.00it/s, loss=0.0387]
Epoch 2:  70%|######....| 407/585 [00:06:47<00:02:58,  1.00it/s, loss=0.0386]
Epoch 2:  70%|#######...| 412/585 [00:06:53<00:02:53,  1.00it/s, loss=0.0390]
Epoch 2:  71%|#######...| 417/585 [00:06:58<00:02:48,  1.00it/s, loss=0.0390]
Epoch 2:  72%|#######...| 423/585 [00:07:04<00:02:42,  1.00it/s, loss=0.0389]
Epoch 2:  73%|#######...| 428/585 [00:07:09<00:02:37,  1.00it/s, loss=0.0388]
Epoch 2:  74%|#######...| 432/585 [00:07:14<00:02:33,  0.99it/s, loss=0.0392]
Epoch 2:  75%|#######...| 438/585 [00:07:20<00:02:27,  1.00it/s, loss=0.0392]
Epoch 2:  76%|#######...| 443/585 [00:07:25<00:02:22,  1.00it/s, loss=0.0392]
Epoch 2:  77%|#######...| 448/585 [00:07:30<00:02:17,  0.99it/s, loss=0.0392]
Epoch 2:  77%|#######...| 453/585 [00:07:35<00:02:12,  0.99it/s, loss=0.0392]
Epoch 2:  78%|#######...| 458/585 [00:07:40<00:02:07,  0.99it/s, loss=0.0392]
Epoch 2:  79%|#######...| 461/585 [00:07:46<00:02:05,  0.99it/s, loss=0.0393]
Epoch 2:  80%|#######...| 467/585 [00:07:52<00:01:59,  0.99it/s, loss=0.0392]
Epoch 2:  81%|########..| 473/585 [00:07:57<00:01:53,  0.99it/s, loss=0.0391]
Epoch 2:  82%|########..| 478/585 [00:08:02<00:01:48,  0.99it/s, loss=0.0390]
Epoch 2:  83%|########..| 483/585 [00:08:07<00:01:42,  0.99it/s, loss=0.0391]
Epoch 2:  84%|########..| 489/585 [00:08:13<00:01:36,  0.99it/s, loss=0.0390]
Epoch 2:  84%|########..| 494/585 [00:08:18<00:01:31,  0.99it/s, loss=0.0389]
Epoch 2:  85%|########..| 500/585 [00:08:24<00:01:25,  0.99it/s, loss=0.0388]
Epoch 2:  86%|########..| 506/585 [00:08:30<00:01:19,  0.99it/s, loss=0.0388]
Epoch 2:  87%|########..| 511/585 [00:08:35<00:01:14,  0.99it/s, loss=0.0387]
Epoch 2:  88%|########..| 516/585 [00:08:40<00:01:09,  0.99it/s, loss=0.0387]
Epoch 2:  89%|########..| 521/585 [00:08:46<00:01:04,  0.99it/s, loss=0.0388]
Epoch 2:  90%|#########.| 527/585 [00:08:51<00:00:58,  0.99it/s, loss=0.0388]
Epoch 2:  91%|#########.| 533/585 [00:08:57<00:00:52,  0.99it/s, loss=0.0389]
Epoch 2:  92%|#########.| 539/585 [00:09:03<00:00:46,  0.99it/s, loss=0.0389]
Epoch 2:  93%|#########.| 545/585 [00:09:08<00:00:40,  0.99it/s, loss=0.0389]
Epoch 2:  94%|#########.| 551/585 [00:09:14<00:00:34,  0.99it/s, loss=0.0388]
Epoch 2:  95%|#########.| 556/585 [00:09:19<00:00:29,  0.99it/s, loss=0.0388]
Epoch 2:  96%|#########.| 562/585 [00:09:25<00:00:23,  0.99it/s, loss=0.0387]
Epoch 2:  97%|#########.| 568/585 [00:09:30<00:00:17,  0.99it/s, loss=0.0386]
Epoch 2:  98%|#########.| 574/585 [00:09:36<00:00:11,  1.00it/s, loss=0.0385]
Epoch 2:  99%|#########.| 579/585 [00:09:41<00:00:06,  1.00it/s, loss=0.0385]
Epoch 2: 100%|#########.| 584/585 [00:09:46<00:00:01,  1.00it/s, loss=0.0385]
Epoch 2: 100%|##########| 585/585 [00:09:48<00:00:00,  0.99it/s, loss=0.0386]
Test loss: 0.0354, Test rmsae: 12.04deg
{"event": "epoch_complete", "epoch": 2, "phase": 1, "lr": 0.0001, "batch_size": 1, "micro_batch_size": 1, "train_loss": 0.0385677526681087, "val_loss": 0.035357812070287764, "val_rmsae_deg": 12.035478070378304, "epoch_time_s": 589.4324189368635}
{"event": "checkpoint_saved", "tag": "best_rmsae", "epoch": 2, "path": "IFAN_Edge/outputs/stage3/ifan_stage3_long80_freqblock_paper_original_20260426_113211/checkpoints/best_rmsae.pt", "val_rmsae_deg": 12.035478070378304}
Epoch 3/80:
Epoch 3:   1%|..........| 5/585 [00:00:06<00:11:52,  0.81it/s, loss=0.0334]
Epoch 3:   2%|..........| 10/585 [00:00:11<00:11:15,  0.85it/s, loss=0.0368]
Epoch 3:   3%|..........| 15/585 [00:00:18<00:11:27,  0.83it/s, loss=0.0426]
Epoch 3:   4%|..........| 21/585 [00:00:23<00:10:39,  0.88it/s, loss=0.0430]
Epoch 3:   5%|..........| 27/585 [00:00:29<00:10:10,  0.91it/s, loss=0.0428]
Epoch 3:   5%|..........| 32/585 [00:00:34<00:09:59,  0.92it/s, loss=0.0413]
Epoch 3:   6%|..........| 38/585 [00:00:40<00:09:38,  0.94it/s, loss=0.0404]
Epoch 3:   8%|..........| 44/585 [00:00:45<00:09:20,  0.97it/s, loss=0.0400]
Epoch 3:   9%|..........| 50/585 [00:00:51<00:09:07,  0.98it/s, loss=0.0395]
Epoch 3:   9%|..........| 55/585 [00:00:56<00:09:01,  0.98it/s, loss=0.0389]
Epoch 3:  10%|#.........| 61/585 [00:01:02<00:08:52,  0.98it/s, loss=0.0377]
Epoch 3:  11%|#.........| 67/585 [00:01:07<00:08:42,  0.99it/s, loss=0.0376]
Epoch 3:  12%|#.........| 73/585 [00:01:13<00:08:33,  1.00it/s, loss=0.0370]
Epoch 3:  13%|#.........| 78/585 [00:01:18<00:08:29,  0.99it/s, loss=0.0367]
Epoch 3:  14%|#.........| 84/585 [00:01:23<00:08:19,  1.00it/s, loss=0.0362]
Epoch 3:  15%|#.........| 90/585 [00:01:29<00:08:12,  1.00it/s, loss=0.0355]
Epoch 3:  16%|#.........| 96/585 [00:01:35<00:08:05,  1.01it/s, loss=0.0352]
Epoch 3:  17%|#.........| 101/585 [00:01:40<00:08:02,  1.00it/s, loss=0.0349]
Epoch 3:  18%|#.........| 107/585 [00:01:47<00:07:58,  1.00it/s, loss=0.0345]
Epoch 3:  19%|#.........| 113/585 [00:01:52<00:07:51,  1.00it/s, loss=0.0341]
Epoch 3:  20%|##........| 119/585 [00:01:58<00:07:44,  1.00it/s, loss=0.0340]
Epoch 3:  21%|##........| 125/585 [00:02:04<00:07:38,  1.00it/s, loss=0.0340]
Epoch 3:  22%|##........| 130/585 [00:02:10<00:07:35,  1.00it/s, loss=0.0338]
Epoch 3:  23%|##........| 136/585 [00:02:16<00:07:31,  0.99it/s, loss=0.0337]
Epoch 3:  24%|##........| 141/585 [00:02:21<00:07:26,  0.99it/s, loss=0.0335]
Epoch 3:  25%|##........| 147/585 [00:02:27<00:07:19,  1.00it/s, loss=0.0335]
Epoch 3:  26%|##........| 152/585 [00:02:33<00:07:16,  0.99it/s, loss=0.0337]
Epoch 3:  27%|##........| 158/585 [00:02:38<00:07:08,  1.00it/s, loss=0.0336]
Epoch 3:  28%|##........| 163/585 [00:02:43<00:07:03,  1.00it/s, loss=0.0336]
Epoch 3:  29%|##........| 168/585 [00:02:48<00:06:59,  1.00it/s, loss=0.0339]
Epoch 3:  30%|##........| 173/585 [00:02:54<00:06:54,  0.99it/s, loss=0.0341]
Epoch 3:  31%|###.......| 179/585 [00:02:59<00:06:47,  1.00it/s, loss=0.0340]
Epoch 3:  31%|###.......| 184/585 [00:03:05<00:06:43,  0.99it/s, loss=0.0340]
Epoch 3:  32%|###.......| 190/585 [00:03:10<00:06:36,  1.00it/s, loss=0.0340]
Epoch 3:  33%|###.......| 195/585 [00:03:16<00:06:33,  0.99it/s, loss=0.0339]
Epoch 3:  34%|###.......| 200/585 [00:03:21<00:06:28,  0.99it/s, loss=0.0339]
Epoch 3:  35%|###.......| 206/585 [00:03:27<00:06:21,  0.99it/s, loss=0.0339]
Epoch 3:  36%|###.......| 211/585 [00:03:32<00:06:17,  0.99it/s, loss=0.0340]
Epoch 3:  37%|###.......| 217/585 [00:03:38<00:06:10,  0.99it/s, loss=0.0339]
Epoch 3:  38%|###.......| 222/585 [00:03:44<00:06:06,  0.99it/s, loss=0.0340]
Epoch 3:  39%|###.......| 227/585 [00:03:50<00:06:03,  0.99it/s, loss=0.0338]
Epoch 3:  40%|###.......| 233/585 [00:03:55<00:05:56,  0.99it/s, loss=0.0337]
Epoch 3:  41%|####......| 239/585 [00:04:02<00:05:50,  0.99it/s, loss=0.0335]
Epoch 3:  42%|####......| 245/585 [00:04:07<00:05:43,  0.99it/s, loss=0.0336]
Epoch 3:  43%|####......| 251/585 [00:04:12<00:05:36,  0.99it/s, loss=0.0336]
Epoch 3:  44%|####......| 257/585 [00:04:18<00:05:29,  0.99it/s, loss=0.0334]
Epoch 3:  45%|####......| 263/585 [00:04:23<00:05:22,  1.00it/s, loss=0.0333]
Epoch 3:  46%|####......| 268/585 [00:04:28<00:05:18,  1.00it/s, loss=0.0333]
Epoch 3:  47%|####......| 273/585 [00:04:34<00:05:13,  1.00it/s, loss=0.0335]
Epoch 3:  48%|####......| 279/585 [00:04:40<00:05:07,  1.00it/s, loss=0.0334]
Epoch 3:  49%|####......| 284/585 [00:04:45<00:05:02,  1.00it/s, loss=0.0333]
Epoch 3:  50%|####......| 290/585 [00:04:50<00:04:55,  1.00it/s, loss=0.0333]
Epoch 3:  50%|#####.....| 295/585 [00:04:56<00:04:51,  1.00it/s, loss=0.0334]
Epoch 3:  51%|#####.....| 301/585 [00:05:01<00:04:44,  1.00it/s, loss=0.0333]
Epoch 3:  52%|#####.....| 307/585 [00:05:06<00:04:37,  1.00it/s, loss=0.0332]
Epoch 3:  53%|#####.....| 312/585 [00:05:12<00:04:33,  1.00it/s, loss=0.0333]
Epoch 3:  54%|#####.....| 316/585 [00:05:17<00:04:30,  1.00it/s, loss=0.0337]
Epoch 3:  55%|#####.....| 322/585 [00:05:23<00:04:24,  1.00it/s, loss=0.0337]
Epoch 3:  56%|#####.....| 328/585 [00:05:28<00:04:17,  1.00it/s, loss=0.0337]
Epoch 3:  57%|#####.....| 333/585 [00:05:34<00:04:12,  1.00it/s, loss=0.0337]
Epoch 3:  58%|#####.....| 339/585 [00:05:39<00:04:06,  1.00it/s, loss=0.0336]
Epoch 3:  59%|#####.....| 345/585 [00:05:45<00:04:00,  1.00it/s, loss=0.0337]
Epoch 3:  60%|######....| 351/585 [00:05:51<00:03:54,  1.00it/s, loss=0.0336]
Epoch 3:  61%|######....| 356/585 [00:05:56<00:03:49,  1.00it/s, loss=0.0337]
Epoch 3:  62%|######....| 362/585 [00:06:02<00:03:43,  1.00it/s, loss=0.0336]
Epoch 3:  63%|######....| 368/585 [00:06:08<00:03:37,  1.00it/s, loss=0.0335]
Epoch 3:  64%|######....| 374/585 [00:06:13<00:03:30,  1.00it/s, loss=0.0334]
Epoch 3:  65%|######....| 378/585 [00:06:18<00:03:27,  1.00it/s, loss=0.0334]
Epoch 3:  66%|######....| 384/585 [00:06:24<00:03:21,  1.00it/s, loss=0.0333]
Epoch 3:  67%|######....| 390/585 [00:06:30<00:03:15,  1.00it/s, loss=0.0332]
Epoch 3:  68%|######....| 395/585 [00:06:35<00:03:10,  1.00it/s, loss=0.0332]
Epoch 3:  69%|######....| 401/585 [00:06:41<00:03:04,  1.00it/s, loss=0.0332]
Epoch 3:  69%|######....| 406/585 [00:06:46<00:02:59,  1.00it/s, loss=0.0332]
Epoch 3:  70%|#######...| 412/585 [00:06:52<00:02:53,  1.00it/s, loss=0.0331]
Epoch 3:  71%|#######...| 418/585 [00:06:58<00:02:47,  1.00it/s, loss=0.0330]
Epoch 3:  72%|#######...| 423/585 [00:07:03<00:02:42,  1.00it/s, loss=0.0329]
Epoch 3:  73%|#######...| 428/585 [00:07:09<00:02:37,  1.00it/s, loss=0.0329]
Epoch 3:  74%|#######...| 434/585 [00:07:15<00:02:31,  1.00it/s, loss=0.0329]
Epoch 3:  75%|#######...| 440/585 [00:07:21<00:02:25,  1.00it/s, loss=0.0328]
Epoch 3:  76%|#######...| 446/585 [00:07:26<00:02:19,  1.00it/s, loss=0.0329]
Epoch 3:  77%|#######...| 452/585 [00:07:32<00:02:13,  1.00it/s, loss=0.0330]
Epoch 3:  78%|#######...| 457/585 [00:07:38<00:02:08,  1.00it/s, loss=0.0330]
Epoch 3:  79%|#######...| 462/585 [00:07:43<00:02:03,  1.00it/s, loss=0.0331]
Epoch 3:  80%|########..| 468/585 [00:07:49<00:01:57,  1.00it/s, loss=0.0332]
Epoch 3:  81%|########..| 473/585 [00:07:54<00:01:52,  1.00it/s, loss=0.0332]
Epoch 3:  82%|########..| 479/585 [00:08:00<00:01:46,  1.00it/s, loss=0.0332]
Epoch 3:  83%|########..| 484/585 [00:08:06<00:01:41,  1.00it/s, loss=0.0333]
Epoch 3:  84%|########..| 490/585 [00:08:11<00:01:35,  1.00it/s, loss=0.0332]
Epoch 3:  85%|########..| 496/585 [00:08:17<00:01:29,  1.00it/s, loss=0.0332]
Epoch 3:  86%|########..| 502/585 [00:08:22<00:01:23,  1.00it/s, loss=0.0331]
Epoch 3:  87%|########..| 508/585 [00:08:28<00:01:17,  1.00it/s, loss=0.0331]
Epoch 3:  88%|########..| 514/585 [00:08:34<00:01:11,  1.00it/s, loss=0.0330]
Epoch 3:  89%|########..| 520/585 [00:08:39<00:01:04,  1.00it/s, loss=0.0329]
Epoch 3:  90%|########..| 526/585 [00:08:45<00:00:58,  1.00it/s, loss=0.0329]
Epoch 3:  91%|#########.| 531/585 [00:08:51<00:00:54,  1.00it/s, loss=0.0329]
Epoch 3:  92%|#########.| 537/585 [00:08:56<00:00:47,  1.00it/s, loss=0.0328]
Epoch 3:  93%|#########.| 543/585 [00:09:01<00:00:41,  1.00it/s, loss=0.0328]
Epoch 3:  94%|#########.| 549/585 [00:09:07<00:00:35,  1.00it/s, loss=0.0328]
Epoch 3:  95%|#########.| 555/585 [00:09:13<00:00:29,  1.00it/s, loss=0.0327]
Epoch 3:  96%|#########.| 560/585 [00:09:18<00:00:24,  1.00it/s, loss=0.0328]
Epoch 3:  97%|#########.| 566/585 [00:09:23<00:00:18,  1.00it/s, loss=0.0328]
Epoch 3:  98%|#########.| 571/585 [00:09:30<00:00:13,  1.00it/s, loss=0.0329]
Epoch 3:  98%|#########.| 576/585 [00:09:35<00:00:08,  1.00it/s, loss=0.0330]
Epoch 3:  99%|#########.| 581/585 [00:09:40<00:00:03,  1.00it/s, loss=0.0330]
Epoch 3: 100%|##########| 585/585 [00:09:44<00:00:00,  1.00it/s, loss=0.0331]
Test loss: 0.0488, Test rmsae: 15.04deg
{"event": "epoch_complete", "epoch": 3, "phase": 1, "lr": 0.0001, "batch_size": 1, "micro_batch_size": 1, "train_loss": 0.03305925212991543, "val_loss": 0.04883960145525634, "val_rmsae_deg": 15.040714159607887, "epoch_time_s": 585.5487955841236}
Epoch 4/80:
Epoch 4:   1%|..........| 5/585 [00:00:05<00:10:27,  0.92it/s, loss=0.0499]
Epoch 4:   2%|..........| 11/585 [00:00:11<00:09:48,  0.98it/s, loss=0.0448]
Epoch 4:   3%|..........| 17/585 [00:00:17<00:09:36,  0.98it/s, loss=0.0407]
Epoch 4:   4%|..........| 22/585 [00:00:22<00:09:32,  0.98it/s, loss=0.0379]
Epoch 4:   5%|..........| 28/585 [00:00:28<00:09:21,  0.99it/s, loss=0.0369]
Epoch 4:   6%|..........| 34/585 [00:00:33<00:09:08,  1.01it/s, loss=0.0353]
Epoch 4:   7%|..........| 40/585 [00:00:39<00:09:01,  1.01it/s, loss=0.0338]
Epoch 4:   8%|..........| 45/585 [00:00:44<00:08:59,  1.00it/s, loss=0.0341]
Epoch 4:   8%|..........| 49/585 [00:00:50<00:09:10,  0.97it/s, loss=0.0346]
Epoch 4:   9%|..........| 54/585 [00:00:55<00:09:06,  0.97it/s, loss=0.0340]
Epoch 4:  10%|#.........| 60/585 [00:01:01<00:09:01,  0.97it/s, loss=0.0341]
Epoch 4:  11%|#.........| 65/585 [00:01:07<00:08:56,  0.97it/s, loss=0.0338]
Epoch 4:  12%|#.........| 71/585 [00:01:12<00:08:48,  0.97it/s, loss=0.0333]
Epoch 4:  13%|#.........| 77/585 [00:01:18<00:08:39,  0.98it/s, loss=0.0330]
Epoch 4:  14%|#.........| 83/585 [00:01:24<00:08:33,  0.98it/s, loss=0.0332]
Epoch 4:  15%|#.........| 88/585 [00:01:30<00:08:30,  0.97it/s, loss=0.0330]
Epoch 4:  16%|#.........| 94/585 [00:01:35<00:08:20,  0.98it/s, loss=0.0326]
Epoch 4:  17%|#.........| 100/585 [00:01:41<00:08:12,  0.98it/s, loss=0.0325]
Epoch 4:  18%|#.........| 105/585 [00:01:47<00:08:09,  0.98it/s, loss=0.0325]
Epoch 4:  19%|#.........| 111/585 [00:01:52<00:08:01,  0.99it/s, loss=0.0327]
Epoch 4:  20%|#.........| 116/585 [00:01:57<00:07:56,  0.98it/s, loss=0.0326]
Epoch 4:  21%|##........| 121/585 [00:02:03<00:07:51,  0.98it/s, loss=0.0326]
Epoch 4:  22%|##........| 126/585 [00:02:08<00:07:47,  0.98it/s, loss=0.0325]
Epoch 4:  23%|##........| 132/585 [00:02:14<00:07:40,  0.98it/s, loss=0.0325]
Epoch 4:  23%|##........| 137/585 [00:02:19<00:07:35,  0.98it/s, loss=0.0323]
Epoch 4:  24%|##........| 143/585 [00:02:24<00:07:27,  0.99it/s, loss=0.0321]
Epoch 4:  25%|##........| 149/585 [00:02:30<00:07:21,  0.99it/s, loss=0.0321]
Epoch 4:  26%|##........| 154/585 [00:02:36<00:07:18,  0.98it/s, loss=0.0321]
Epoch 4:  27%|##........| 159/585 [00:02:41<00:07:13,  0.98it/s, loss=0.0322]
Epoch 4:  28%|##........| 165/585 [00:02:47<00:07:06,  0.98it/s, loss=0.0319]
Epoch 4:  29%|##........| 171/585 [00:02:53<00:06:58,  0.99it/s, loss=0.0320]
Epoch 4:  30%|###.......| 177/585 [00:02:58<00:06:51,  0.99it/s, loss=0.0320]
Epoch 4:  31%|###.......| 183/585 [00:03:04<00:06:45,  0.99it/s, loss=0.0321]
Epoch 4:  32%|###.......| 188/585 [00:03:09<00:06:40,  0.99it/s, loss=0.0322]
Epoch 4:  33%|###.......| 194/585 [00:03:15<00:06:34,  0.99it/s, loss=0.0324]
Epoch 4:  34%|###.......| 200/585 [00:03:20<00:06:26,  1.00it/s, loss=0.0321]
Epoch 4:  35%|###.......| 206/585 [00:03:26<00:06:19,  1.00it/s, loss=0.0321]
Epoch 4:  36%|###.......| 211/585 [00:03:31<00:06:15,  1.00it/s, loss=0.0322]
Epoch 4:  37%|###.......| 216/585 [00:03:37<00:06:11,  0.99it/s, loss=0.0322]
Epoch 4:  38%|###.......| 222/585 [00:03:43<00:06:04,  0.99it/s, loss=0.0320]
Epoch 4:  39%|###.......| 227/585 [00:03:48<00:06:00,  0.99it/s, loss=0.0320]
Epoch 4:  40%|###.......| 233/585 [00:03:54<00:05:53,  0.99it/s, loss=0.0320]
Epoch 4:  41%|####......| 239/585 [00:04:00<00:05:48,  0.99it/s, loss=0.0319]
Epoch 4:  42%|####......| 244/585 [00:04:06<00:05:44,  0.99it/s, loss=0.0320]
Epoch 4:  42%|####......| 248/585 [00:04:11<00:05:41,  0.99it/s, loss=0.0319]
Epoch 4:  43%|####......| 253/585 [00:04:16<00:05:36,  0.99it/s, loss=0.0318]
Epoch 4:  44%|####......| 259/585 [00:04:22<00:05:30,  0.99it/s, loss=0.0318]
Epoch 4:  45%|####......| 265/585 [00:04:27<00:05:23,  0.99it/s, loss=0.0317]
Epoch 4:  46%|####......| 269/585 [00:04:34<00:05:22,  0.98it/s, loss=0.0318]
Epoch 4:  47%|####......| 275/585 [00:04:39<00:05:15,  0.98it/s, loss=0.0316]
Epoch 4:  48%|####......| 280/585 [00:04:44<00:05:10,  0.98it/s, loss=0.0316]
Epoch 4:  49%|####......| 285/585 [00:04:49<00:05:05,  0.98it/s, loss=0.0316]
Epoch 4:  50%|####......| 291/585 [00:04:55<00:04:58,  0.99it/s, loss=0.0315]
Epoch 4:  51%|#####.....| 297/585 [00:05:00<00:04:51,  0.99it/s, loss=0.0314]
Epoch 4:  52%|#####.....| 303/585 [00:05:05<00:04:44,  0.99it/s, loss=0.0313]
Epoch 4:  53%|#####.....| 309/585 [00:05:11<00:04:38,  0.99it/s, loss=0.0312]
Epoch 4:  54%|#####.....| 315/585 [00:05:17<00:04:31,  0.99it/s, loss=0.0312]
Epoch 4:  55%|#####.....| 320/585 [00:05:23<00:04:27,  0.99it/s, loss=0.0312]
Epoch 4:  56%|#####.....| 326/585 [00:05:29<00:04:21,  0.99it/s, loss=0.0312]
Epoch 4:  57%|#####.....| 332/585 [00:05:35<00:04:15,  0.99it/s, loss=0.0312]
Epoch 4:  57%|#####.....| 336/585 [00:05:40<00:04:12,  0.99it/s, loss=0.0313]
Epoch 4:  58%|#####.....| 341/585 [00:05:45<00:04:07,  0.99it/s, loss=0.0313]
Epoch 4:  59%|#####.....| 346/585 [00:05:51<00:04:02,  0.99it/s, loss=0.0313]
Epoch 4:  60%|######....| 351/585 [00:05:56<00:03:57,  0.98it/s, loss=0.0312]
Epoch 4:  61%|######....| 357/585 [00:06:02<00:03:51,  0.99it/s, loss=0.0313]
Epoch 4:  62%|######....| 362/585 [00:06:07<00:03:46,  0.98it/s, loss=0.0312]
Epoch 4:  63%|######....| 368/585 [00:06:13<00:03:40,  0.99it/s, loss=0.0312]
Epoch 4:  64%|######....| 373/585 [00:06:18<00:03:35,  0.99it/s, loss=0.0312]
Epoch 4:  65%|######....| 379/585 [00:06:24<00:03:28,  0.99it/s, loss=0.0312]
Epoch 4:  66%|######....| 385/585 [00:06:29<00:03:22,  0.99it/s, loss=0.0311]
Epoch 4:  67%|######....| 391/585 [00:06:34<00:03:15,  0.99it/s, loss=0.0311]
Epoch 4:  68%|######....| 396/585 [00:06:40<00:03:11,  0.99it/s, loss=0.0311]
Epoch 4:  69%|######....| 402/585 [00:06:46<00:03:04,  0.99it/s, loss=0.0310]
Epoch 4:  70%|######....| 407/585 [00:06:51<00:03:00,  0.99it/s, loss=0.0310]
Epoch 4:  71%|#######...| 413/585 [00:06:57<00:02:53,  0.99it/s, loss=0.0309]
Epoch 4:  72%|#######...| 419/585 [00:07:02<00:02:47,  0.99it/s, loss=0.0308]
Epoch 4:  72%|#######...| 424/585 [00:07:07<00:02:42,  0.99it/s, loss=0.0308]
Epoch 4:  74%|#######...| 430/585 [00:07:13<00:02:36,  0.99it/s, loss=0.0307]
Epoch 4:  75%|#######...| 436/585 [00:07:19<00:02:30,  0.99it/s, loss=0.0307]
Epoch 4:  76%|#######...| 442/585 [00:07:25<00:02:24,  0.99it/s, loss=0.0306]
Epoch 4:  76%|#######...| 447/585 [00:07:31<00:02:19,  0.99it/s, loss=0.0306]
Epoch 4:  77%|#######...| 452/585 [00:07:36<00:02:14,  0.99it/s, loss=0.0305]
Epoch 4:  78%|#######...| 457/585 [00:07:42<00:02:09,  0.99it/s, loss=0.0307]
Epoch 4:  79%|#######...| 463/585 [00:07:48<00:02:03,  0.99it/s, loss=0.0307]
Epoch 4:  80%|########..| 468/585 [00:07:53<00:01:58,  0.99it/s, loss=0.0307]
Epoch 4:  81%|########..| 473/585 [00:07:58<00:01:53,  0.99it/s, loss=0.0307]
Epoch 4:  82%|########..| 478/585 [00:08:03<00:01:48,  0.99it/s, loss=0.0307]
Epoch 4:  83%|########..| 484/585 [00:08:09<00:01:42,  0.99it/s, loss=0.0306]
Epoch 4:  84%|########..| 489/585 [00:08:14<00:01:37,  0.99it/s, loss=0.0307]
Epoch 4:  84%|########..| 494/585 [00:08:19<00:01:32,  0.99it/s, loss=0.0306]
Epoch 4:  85%|########..| 500/585 [00:08:25<00:01:25,  0.99it/s, loss=0.0306]
Epoch 4:  86%|########..| 506/585 [00:08:30<00:01:19,  0.99it/s, loss=0.0305]
Epoch 4:  88%|########..| 512/585 [00:08:36<00:01:13,  0.99it/s, loss=0.0305]
Epoch 4:  88%|########..| 516/585 [00:08:41<00:01:09,  0.99it/s, loss=0.0306]
Epoch 4:  89%|########..| 522/585 [00:08:47<00:01:03,  0.99it/s, loss=0.0306]
Epoch 4:  90%|#########.| 528/585 [00:08:52<00:00:57,  0.99it/s, loss=0.0305]
Epoch 4:  91%|#########.| 534/585 [00:08:58<00:00:51,  0.99it/s, loss=0.0305]
Epoch 4:  92%|#########.| 540/585 [00:09:04<00:00:45,  0.99it/s, loss=0.0306]
Epoch 4:  93%|#########.| 545/585 [00:09:10<00:00:40,  0.99it/s, loss=0.0306]
Epoch 4:  94%|#########.| 551/585 [00:09:16<00:00:34,  0.99it/s, loss=0.0306]
Epoch 4:  95%|#########.| 557/585 [00:09:21<00:00:28,  0.99it/s, loss=0.0307]
Epoch 4:  96%|#########.| 562/585 [00:09:26<00:00:23,  0.99it/s, loss=0.0307]
Epoch 4:  97%|#########.| 567/585 [00:09:32<00:00:18,  0.99it/s, loss=0.0310]
Epoch 4:  98%|#########.| 573/585 [00:09:38<00:00:12,  0.99it/s, loss=0.0311]
Epoch 4:  99%|#########.| 579/585 [00:09:44<00:00:06,  0.99it/s, loss=0.0313]
Epoch 4: 100%|##########| 585/585 [00:09:50<00:00:00,  0.99it/s, loss=0.0315]
Test loss: 0.0435, Test rmsae: 13.80deg
{"event": "epoch_complete", "epoch": 4, "phase": 1, "lr": 0.0001, "batch_size": 1, "micro_batch_size": 1, "train_loss": 0.031547300358358614, "val_loss": 0.04349400947103277, "val_rmsae_deg": 13.797623857855797, "epoch_time_s": 591.7557196579874}
Epoch 5/80:
Epoch 5:   1%|..........| 5/585 [00:00:05<00:11:25,  0.85it/s, loss=0.0424]
Epoch 5:   2%|..........| 10/585 [00:00:11<00:10:58,  0.87it/s, loss=0.0435]
Epoch 5:   3%|..........| 15/585 [00:00:16<00:10:38,  0.89it/s, loss=0.0436]
Epoch 5:   4%|..........| 21/585 [00:00:22<00:10:07,  0.93it/s, loss=0.0429]
Epoch 5:   4%|..........| 26/585 [00:00:27<00:09:55,  0.94it/s, loss=0.0409]
Epoch 5:   5%|..........| 31/585 [00:00:32<00:09:46,  0.95it/s, loss=0.0397]
Epoch 5:   6%|..........| 37/585 [00:00:39<00:09:40,  0.94it/s, loss=0.0422]
Epoch 5:   7%|..........| 43/585 [00:00:44<00:09:21,  0.97it/s, loss=0.0403]
Epoch 5:   8%|..........| 48/585 [00:00:49<00:09:17,  0.96it/s, loss=0.0404]
Epoch 5:   9%|..........| 54/585 [00:00:55<00:09:04,  0.97it/s, loss=0.0393]
Epoch 5:  10%|#.........| 59/585 [00:01:01<00:09:10,  0.96it/s, loss=0.0397]
Epoch 5:  11%|#.........| 65/585 [00:01:07<00:08:59,  0.96it/s, loss=0.0387]
Epoch 5:  12%|#.........| 70/585 [00:01:12<00:08:53,  0.97it/s, loss=0.0394]
Epoch 5:  13%|#.........| 76/585 [00:01:18<00:08:44,  0.97it/s, loss=0.0390]
Epoch 5:  14%|#.........| 81/585 [00:01:23<00:08:39,  0.97it/s, loss=0.0386]
Epoch 5:  15%|#.........| 87/585 [00:01:28<00:08:28,  0.98it/s, loss=0.0378]
Epoch 5:  16%|#.........| 93/585 [00:01:34<00:08:20,  0.98it/s, loss=0.0371]
Epoch 5:  17%|#.........| 99/585 [00:01:40<00:08:12,  0.99it/s, loss=0.0365]
Epoch 5:  18%|#.........| 104/585 [00:01:46<00:08:13,  0.97it/s, loss=0.0368]
Epoch 5:  19%|#.........| 109/585 [00:01:51<00:08:08,  0.97it/s, loss=0.0364]
Epoch 5:  20%|#.........| 115/585 [00:01:57<00:08:00,  0.98it/s, loss=0.0359]
Epoch 5:  21%|##........| 121/585 [00:02:03<00:07:53,  0.98it/s, loss=0.0356]
Epoch 5:  22%|##........| 127/585 [00:02:09<00:07:45,  0.98it/s, loss=0.0352]
Epoch 5:  23%|##........| 133/585 [00:02:15<00:07:39,  0.98it/s, loss=0.0352]
Epoch 5:  24%|##........| 138/585 [00:02:20<00:07:35,  0.98it/s, loss=0.0353]
Epoch 5:  24%|##........| 143/585 [00:02:26<00:07:32,  0.98it/s, loss=0.0350]
Epoch 5:  25%|##........| 149/585 [00:02:31<00:07:24,  0.98it/s, loss=0.0347]
Epoch 5:  26%|##........| 153/585 [00:02:36<00:07:23,  0.97it/s, loss=0.0349]
Epoch 5:  27%|##........| 159/585 [00:02:43<00:07:16,  0.98it/s, loss=0.0344]
Epoch 5:  28%|##........| 164/585 [00:02:48<00:07:11,  0.97it/s, loss=0.0343]
Epoch 5:  29%|##........| 170/585 [00:02:53<00:07:04,  0.98it/s, loss=0.0341]
Epoch 5:  30%|##........| 175/585 [00:02:58<00:06:59,  0.98it/s, loss=0.0346]
Epoch 5:  31%|###.......| 181/585 [00:03:04<00:06:51,  0.98it/s, loss=0.0343]
Epoch 5:  32%|###.......| 187/585 [00:03:10<00:06:44,  0.98it/s, loss=0.0342]
Epoch 5:  33%|###.......| 192/585 [00:03:15<00:06:40,  0.98it/s, loss=0.0341]
Epoch 5:  34%|###.......| 198/585 [00:03:20<00:06:32,  0.99it/s, loss=0.0339]
Epoch 5:  35%|###.......| 203/585 [00:03:26<00:06:29,  0.98it/s, loss=0.0341]
Epoch 5:  36%|###.......| 209/585 [00:03:32<00:06:22,  0.98it/s, loss=0.0340]
Epoch 5:  37%|###.......| 214/585 [00:03:37<00:06:17,  0.98it/s, loss=0.0340]
Epoch 5:  38%|###.......| 220/585 [00:03:43<00:06:11,  0.98it/s, loss=0.0338]
Epoch 5:  38%|###.......| 224/585 [00:03:48<00:06:08,  0.98it/s, loss=0.0338]
Epoch 5:  39%|###.......| 229/585 [00:03:54<00:06:04,  0.98it/s, loss=0.0337]
Epoch 5:  40%|####......| 234/585 [00:03:59<00:05:59,  0.98it/s, loss=0.0338]
Epoch 5:  41%|####......| 240/585 [00:04:05<00:05:52,  0.98it/s, loss=0.0336]
Epoch 5:  42%|####......| 246/585 [00:04:10<00:05:45,  0.98it/s, loss=0.0334]
Epoch 5:  43%|####......| 252/585 [00:04:16<00:05:38,  0.98it/s, loss=0.0334]
Epoch 5:  44%|####......| 258/585 [00:04:22<00:05:32,  0.98it/s, loss=0.0333]
Epoch 5:  45%|####......| 263/585 [00:04:27<00:05:27,  0.98it/s, loss=0.0333]
Epoch 5:  46%|####......| 269/585 [00:04:33<00:05:21,  0.98it/s, loss=0.0331]
Epoch 5:  47%|####......| 274/585 [00:04:39<00:05:16,  0.98it/s, loss=0.0332]
Epoch 5:  48%|####......| 280/585 [00:04:44<00:05:10,  0.98it/s, loss=0.0331]
Epoch 5:  49%|####......| 286/585 [00:04:50<00:05:03,  0.99it/s, loss=0.0330]
Epoch 5:  50%|####......| 292/585 [00:04:56<00:04:57,  0.99it/s, loss=0.0330]
Epoch 5:  51%|#####.....| 297/585 [00:05:01<00:04:52,  0.99it/s, loss=0.0329]
Epoch 5:  52%|#####.....| 302/585 [00:05:06<00:04:47,  0.99it/s, loss=0.0328]
Epoch 5:  53%|#####.....| 308/585 [00:05:12<00:04:40,  0.99it/s, loss=0.0327]
Epoch 5:  54%|#####.....| 313/585 [00:05:17<00:04:35,  0.99it/s, loss=0.0328]
Epoch 5:  55%|#####.....| 319/585 [00:05:23<00:04:29,  0.99it/s, loss=0.0328]
Epoch 5:  56%|#####.....| 325/585 [00:05:28<00:04:23,  0.99it/s, loss=0.0327]
Epoch 5:  57%|#####.....| 331/585 [00:05:35<00:04:17,  0.99it/s, loss=0.0326]
Epoch 5:  57%|#####.....| 336/585 [00:05:40<00:04:12,  0.99it/s, loss=0.0326]
Epoch 5:  58%|#####.....| 341/585 [00:05:45<00:04:07,  0.99it/s, loss=0.0326]
Epoch 5:  59%|#####.....| 346/585 [00:05:51<00:04:02,  0.98it/s, loss=0.0327]
Epoch 5:  60%|######....| 351/585 [00:05:57<00:03:58,  0.98it/s, loss=0.0326]
Epoch 5:  61%|######....| 357/585 [00:06:02<00:03:51,  0.98it/s, loss=0.0325]
Epoch 5:  62%|######....| 363/585 [00:06:08<00:03:45,  0.99it/s, loss=0.0325]
Epoch 5:  63%|######....| 369/585 [00:06:14<00:03:39,  0.99it/s, loss=0.0324]
Epoch 5:  64%|######....| 375/585 [00:06:19<00:03:32,  0.99it/s, loss=0.0323]
Epoch 5:  65%|######....| 379/585 [00:06:24<00:03:29,  0.98it/s, loss=0.0322]
Epoch 5:  66%|######....| 384/585 [00:06:30<00:03:24,  0.98it/s, loss=0.0322]
Epoch 5:  66%|######....| 389/585 [00:06:35<00:03:19,  0.98it/s, loss=0.0322]
Epoch 5:  68%|######....| 395/585 [00:06:41<00:03:12,  0.98it/s, loss=0.0322]
Epoch 5:  68%|######....| 400/585 [00:06:46<00:03:08,  0.98it/s, loss=0.0322]
Epoch 5:  69%|######....| 406/585 [00:06:52<00:03:01,  0.98it/s, loss=0.0321]
Epoch 5:  70%|#######...| 411/585 [00:06:57<00:02:56,  0.98it/s, loss=0.0321]
Epoch 5:  71%|#######...| 416/585 [00:07:03<00:02:51,  0.98it/s, loss=0.0320]
Epoch 5:  72%|#######...| 421/585 [00:07:09<00:02:47,  0.98it/s, loss=0.0320]
Epoch 5:  73%|#######...| 426/585 [00:07:15<00:02:42,  0.98it/s, loss=0.0320]
Epoch 5:  74%|#######...| 432/585 [00:07:21<00:02:36,  0.98it/s, loss=0.0320]
Epoch 5:  75%|#######...| 437/585 [00:07:26<00:02:31,  0.98it/s, loss=0.0319]
Epoch 5:  76%|#######...| 442/585 [00:07:31<00:02:26,  0.98it/s, loss=0.0318]
Epoch 5:  76%|#######...| 447/585 [00:07:37<00:02:21,  0.98it/s, loss=0.0317]
Epoch 5:  77%|#######...| 453/585 [00:07:43<00:02:15,  0.98it/s, loss=0.0316]
Epoch 5:  78%|#######...| 459/585 [00:07:48<00:02:08,  0.98it/s, loss=0.0317]
Epoch 5:  79%|#######...| 464/585 [00:07:53<00:02:03,  0.98it/s, loss=0.0316]
Epoch 5:  80%|########..| 468/585 [00:07:59<00:01:59,  0.98it/s, loss=0.0317]
Epoch 5:  81%|########..| 473/585 [00:08:04<00:01:54,  0.98it/s, loss=0.0317]
Epoch 5:  82%|########..| 478/585 [00:08:09<00:01:49,  0.98it/s, loss=0.0318]
Epoch 5:  83%|########..| 483/585 [00:08:15<00:01:44,  0.98it/s, loss=0.0318]
Epoch 5:  84%|########..| 489/585 [00:08:20<00:01:38,  0.98it/s, loss=0.0318]
Epoch 5:  84%|########..| 494/585 [00:08:25<00:01:33,  0.98it/s, loss=0.0318]
Epoch 5:  85%|########..| 499/585 [00:08:31<00:01:28,  0.98it/s, loss=0.0317]
Epoch 5:  86%|########..| 505/585 [00:08:37<00:01:21,  0.98it/s, loss=0.0317]
Epoch 5:  87%|########..| 511/585 [00:08:43<00:01:15,  0.98it/s, loss=0.0317]
Epoch 5:  88%|########..| 516/585 [00:08:48<00:01:10,  0.98it/s, loss=0.0317]
Epoch 5:  89%|########..| 521/585 [00:08:54<00:01:05,  0.97it/s, loss=0.0318]
Epoch 5:  90%|########..| 526/585 [00:08:59<00:01:00,  0.97it/s, loss=0.0318]
Epoch 5:  91%|#########.| 531/585 [00:09:04<00:00:55,  0.98it/s, loss=0.0317]
Epoch 5:  92%|#########.| 536/585 [00:09:09<00:00:50,  0.98it/s, loss=0.0319]
Epoch 5:  92%|#########.| 541/585 [00:09:14<00:00:45,  0.98it/s, loss=0.0319]
Epoch 5:  94%|#########.| 547/585 [00:09:20<00:00:38,  0.98it/s, loss=0.0318]
Epoch 5:  95%|#########.| 553/585 [00:09:26<00:00:32,  0.98it/s, loss=0.0318]
Epoch 5:  96%|#########.| 559/585 [00:09:32<00:00:26,  0.98it/s, loss=0.0317]
Epoch 5:  97%|#########.| 565/585 [00:09:37<00:00:20,  0.98it/s, loss=0.0317]
Epoch 5:  98%|#########.| 571/585 [00:09:43<00:00:14,  0.98it/s, loss=0.0317]
Epoch 5:  98%|#########.| 576/585 [00:09:48<00:00:09,  0.98it/s, loss=0.0316]
Epoch 5:  99%|#########.| 580/585 [00:09:54<00:00:05,  0.98it/s, loss=0.0318]
Epoch 5: 100%|##########| 585/585 [00:09:59<00:00:00,  0.98it/s, loss=0.0318]
Test loss: 0.0297, Test rmsae: 10.74deg
{"event": "epoch_complete", "epoch": 5, "phase": 1, "lr": 0.0001, "batch_size": 1, "micro_batch_size": 1, "train_loss": 0.03180287124063724, "val_loss": 0.029727504588663578, "val_rmsae_deg": 10.744563847780228, "epoch_time_s": 600.6401346961502}
{"event": "checkpoint_saved", "tag": "best_rmsae", "epoch": 5, "path": "IFAN_Edge/outputs/stage3/ifan_stage3_long80_freqblock_paper_original_20260426_113211/checkpoints/best_rmsae.pt", "val_rmsae_deg": 10.744563847780228}
Epoch 6/80:
Epoch 6:   1%|..........| 6/585 [00:00:05<00:09:23,  1.03it/s, loss=0.0286]
Epoch 6:   2%|..........| 12/585 [00:00:11<00:09:12,  1.04it/s, loss=0.0277]
Epoch 6:   3%|..........| 18/585 [00:00:17<00:08:57,  1.05it/s, loss=0.0282]
Epoch 6:   4%|..........| 23/585 [00:00:22<00:09:05,  1.03it/s, loss=0.0288]
Epoch 6:   5%|..........| 29/585 [00:00:27<00:08:47,  1.05it/s, loss=0.0285]
Epoch 6:   6%|..........| 34/585 [00:00:33<00:08:58,  1.02it/s, loss=0.0288]
Epoch 6:   7%|..........| 39/585 [00:00:38<00:08:56,  1.02it/s, loss=0.0283]
Epoch 6:   8%|..........| 45/585 [00:00:43<00:08:46,  1.03it/s, loss=0.0279]
Epoch 6:   9%|..........| 51/585 [00:00:49<00:08:37,  1.03it/s, loss=0.0281]
Epoch 6:  10%|..........| 56/585 [00:00:54<00:08:34,  1.03it/s, loss=0.0279]
Epoch 6:  11%|#.........| 62/585 [00:00:59<00:08:23,  1.04it/s, loss=0.0275]
Epoch 6:  11%|#.........| 67/585 [00:01:05<00:08:23,  1.03it/s, loss=0.0278]
Epoch 6:  12%|#.........| 73/585 [00:01:10<00:08:15,  1.03it/s, loss=0.0278]
Epoch 6:  14%|#.........| 79/585 [00:01:16<00:08:10,  1.03it/s, loss=0.0276]
Epoch 6:  14%|#.........| 84/585 [00:01:21<00:08:07,  1.03it/s, loss=0.0274]
Epoch 6:  15%|#.........| 90/585 [00:01:27<00:08:02,  1.03it/s, loss=0.0271]
Epoch 6:  16%|#.........| 95/585 [00:01:33<00:08:00,  1.02it/s, loss=0.0273]
Epoch 6:  17%|#.........| 101/585 [00:01:38<00:07:54,  1.02it/s, loss=0.0272]
Epoch 6:  18%|#.........| 107/585 [00:01:44<00:07:47,  1.02it/s, loss=0.0276]
Epoch 6:  19%|#.........| 113/585 [00:01:49<00:07:39,  1.03it/s, loss=0.0275]
Epoch 6:  20%|##........| 118/585 [00:01:55<00:07:37,  1.02it/s, loss=0.0277]
Epoch 6:  21%|##........| 124/585 [00:02:01<00:07:30,  1.02it/s, loss=0.0278]
Epoch 6:  22%|##........| 129/585 [00:02:06<00:07:26,  1.02it/s, loss=0.0277]
Epoch 6:  23%|##........| 135/585 [00:02:11<00:07:19,  1.02it/s, loss=0.0276]
Epoch 6:  24%|##........| 141/585 [00:02:17<00:07:13,  1.02it/s, loss=0.0275]
Epoch 6:  25%|##........| 147/585 [00:02:22<00:07:06,  1.03it/s, loss=0.0275]
Epoch 6:  26%|##........| 153/585 [00:02:28<00:06:59,  1.03it/s, loss=0.0274]
Epoch 6:  27%|##........| 158/585 [00:02:34<00:06:56,  1.03it/s, loss=0.0274]
Epoch 6:  28%|##........| 163/585 [00:02:39<00:06:53,  1.02it/s, loss=0.0276]
Epoch 6:  29%|##........| 169/585 [00:02:44<00:06:46,  1.02it/s, loss=0.0276]
Epoch 6:  30%|##........| 175/585 [00:02:50<00:06:40,  1.02it/s, loss=0.0275]
Epoch 6:  31%|###.......| 180/585 [00:02:55<00:06:35,  1.02it/s, loss=0.0274]
Epoch 6:  31%|###.......| 184/585 [00:03:01<00:06:34,  1.02it/s, loss=0.0276]
Epoch 6:  32%|###.......| 190/585 [00:03:06<00:06:28,  1.02it/s, loss=0.0276]
Epoch 6:  34%|###.......| 196/585 [00:03:12<00:06:22,  1.02it/s, loss=0.0275]
Epoch 6:  35%|###.......| 202/585 [00:03:18<00:06:15,  1.02it/s, loss=0.0276]
Epoch 6:  35%|###.......| 207/585 [00:03:23<00:06:10,  1.02it/s, loss=0.0276]
Epoch 6:  36%|###.......| 213/585 [00:03:28<00:06:04,  1.02it/s, loss=0.0278]
Epoch 6:  37%|###.......| 219/585 [00:03:34<00:05:58,  1.02it/s, loss=0.0278]
Epoch 6:  38%|###.......| 224/585 [00:03:39<00:05:54,  1.02it/s, loss=0.0277]
Epoch 6:  39%|###.......| 230/585 [00:03:45<00:05:47,  1.02it/s, loss=0.0276]
Epoch 6:  40%|####......| 236/585 [00:03:50<00:05:40,  1.02it/s, loss=0.0276]
Epoch 6:  41%|####......| 242/585 [00:03:56<00:05:34,  1.02it/s, loss=0.0276]
Epoch 6:  42%|####......| 248/585 [00:04:01<00:05:28,  1.03it/s, loss=0.0276]
Epoch 6:  43%|####......| 253/585 [00:04:07<00:05:24,  1.02it/s, loss=0.0277]
Epoch 6:  44%|####......| 258/585 [00:04:12<00:05:20,  1.02it/s, loss=0.0278]
Epoch 6:  45%|####......| 264/585 [00:04:18<00:05:13,  1.02it/s, loss=0.0278]
Epoch 6:  46%|####......| 269/585 [00:04:23<00:05:09,  1.02it/s, loss=0.0279]
Epoch 6:  47%|####......| 275/585 [00:04:28<00:05:02,  1.02it/s, loss=0.0278]
Epoch 6:  48%|####......| 279/585 [00:04:33<00:05:00,  1.02it/s, loss=0.0279]
Epoch 6:  49%|####......| 285/585 [00:04:39<00:04:54,  1.02it/s, loss=0.0279]
Epoch 6:  50%|####......| 290/585 [00:04:44<00:04:49,  1.02it/s, loss=0.0279]
Epoch 6:  50%|#####.....| 295/585 [00:04:50<00:04:45,  1.02it/s, loss=0.0280]
Epoch 6:  51%|#####.....| 300/585 [00:04:55<00:04:40,  1.02it/s, loss=0.0280]
Epoch 6:  52%|#####.....| 306/585 [00:05:00<00:04:33,  1.02it/s, loss=0.0280]
Epoch 6:  53%|#####.....| 311/585 [00:05:06<00:04:30,  1.01it/s, loss=0.0284]
Epoch 6:  54%|#####.....| 316/585 [00:05:11<00:04:25,  1.01it/s, loss=0.0284]
Epoch 6:  55%|#####.....| 322/585 [00:05:17<00:04:19,  1.02it/s, loss=0.0284]
Epoch 6:  56%|#####.....| 328/585 [00:05:23<00:04:13,  1.01it/s, loss=0.0284]
Epoch 6:  57%|#####.....| 333/585 [00:05:29<00:04:09,  1.01it/s, loss=0.0283]
Epoch 6:  58%|#####.....| 337/585 [00:05:34<00:04:05,  1.01it/s, loss=0.0284]
Epoch 6:  59%|#####.....| 343/585 [00:05:39<00:03:59,  1.01it/s, loss=0.0283]
Epoch 6:  60%|#####.....| 349/585 [00:05:44<00:03:53,  1.01it/s, loss=0.0282]
Epoch 6:  61%|######....| 355/585 [00:05:50<00:03:47,  1.01it/s, loss=0.0283]
Epoch 6:  62%|######....| 360/585 [00:05:56<00:03:42,  1.01it/s, loss=0.0283]
Epoch 6:  62%|######....| 365/585 [00:06:01<00:03:37,  1.01it/s, loss=0.0283]
Epoch 6:  63%|######....| 370/585 [00:06:07<00:03:33,  1.01it/s, loss=0.0288]
Epoch 6:  64%|######....| 376/585 [00:06:12<00:03:27,  1.01it/s, loss=0.0288]
Epoch 6:  65%|######....| 380/585 [00:06:17<00:03:23,  1.01it/s, loss=0.0289]
Epoch 6:  66%|######....| 386/585 [00:06:24<00:03:17,  1.01it/s, loss=0.0288]
Epoch 6:  67%|######....| 391/585 [00:06:29<00:03:13,  1.00it/s, loss=0.0289]
Epoch 6:  68%|######....| 396/585 [00:06:34<00:03:08,  1.00it/s, loss=0.0289]
Epoch 6:  69%|######....| 402/585 [00:06:40<00:03:02,  1.00it/s, loss=0.0289]
Epoch 6:  70%|######....| 407/585 [00:06:45<00:02:57,  1.00it/s, loss=0.0289]
Epoch 6:  70%|#######...| 412/585 [00:06:50<00:02:52,  1.00it/s, loss=0.0290]
Epoch 6:  71%|#######...| 418/585 [00:06:57<00:02:46,  1.00it/s, loss=0.0290]
Epoch 6:  72%|#######...| 424/585 [00:07:02<00:02:40,  1.00it/s, loss=0.0290]
Epoch 6:  73%|#######...| 429/585 [00:07:07<00:02:35,  1.00it/s, loss=0.0289]
Epoch 6:  74%|#######...| 435/585 [00:07:13<00:02:29,  1.00it/s, loss=0.0289]
Epoch 6:  75%|#######...| 441/585 [00:07:19<00:02:23,  1.00it/s, loss=0.0289]
Epoch 6:  76%|#######...| 446/585 [00:07:24<00:02:18,  1.00it/s, loss=0.0288]
Epoch 6:  77%|#######...| 452/585 [00:07:29<00:02:12,  1.00it/s, loss=0.0288]
Epoch 6:  78%|#######...| 457/585 [00:07:35<00:02:07,  1.00it/s, loss=0.0289]
Epoch 6:  79%|#######...| 462/585 [00:07:40<00:02:02,  1.00it/s, loss=0.0288]
Epoch 6:  80%|########..| 468/585 [00:07:46<00:01:56,  1.00it/s, loss=0.0288]
Epoch 6:  81%|########..| 474/585 [00:07:52<00:01:50,  1.00it/s, loss=0.0288]
Epoch 6:  82%|########..| 479/585 [00:07:57<00:01:45,  1.00it/s, loss=0.0288]
Epoch 6:  83%|########..| 485/585 [00:08:03<00:01:39,  1.00it/s, loss=0.0288]
Epoch 6:  84%|########..| 491/585 [00:08:09<00:01:33,  1.00it/s, loss=0.0287]
Epoch 6:  85%|########..| 497/585 [00:08:14<00:01:27,  1.00it/s, loss=0.0287]
Epoch 6:  86%|########..| 503/585 [00:08:20<00:01:21,  1.00it/s, loss=0.0287]
Epoch 6:  87%|########..| 509/585 [00:08:26<00:01:15,  1.01it/s, loss=0.0287]
Epoch 6:  88%|########..| 515/585 [00:08:31<00:01:09,  1.01it/s, loss=0.0286]
Epoch 6:  89%|########..| 520/585 [00:08:36<00:01:04,  1.01it/s, loss=0.0286]
Epoch 6:  90%|########..| 526/585 [00:08:42<00:00:58,  1.01it/s, loss=0.0286]
Epoch 6:  91%|#########.| 532/585 [00:08:48<00:00:52,  1.01it/s, loss=0.0286]
Epoch 6:  92%|#########.| 538/585 [00:08:53<00:00:46,  1.01it/s, loss=0.0285]
Epoch 6:  93%|#########.| 544/585 [00:08:59<00:00:40,  1.01it/s, loss=0.0285]
Epoch 6:  94%|#########.| 550/585 [00:09:04<00:00:34,  1.01it/s, loss=0.0285]
Epoch 6:  95%|#########.| 556/585 [00:09:10<00:00:28,  1.01it/s, loss=0.0284]
Epoch 6:  96%|#########.| 562/585 [00:09:16<00:00:22,  1.01it/s, loss=0.0284]
Epoch 6:  97%|#########.| 567/585 [00:09:21<00:00:17,  1.01it/s, loss=0.0283]
Epoch 6:  98%|#########.| 573/585 [00:09:27<00:00:11,  1.01it/s, loss=0.0283]
Epoch 6:  99%|#########.| 579/585 [00:09:33<00:00:05,  1.01it/s, loss=0.0282]
Epoch 6: 100%|#########.| 584/585 [00:09:39<00:00:00,  1.01it/s, loss=0.0283]
Epoch 6: 100%|##########| 585/585 [00:09:40<00:00:00,  1.01it/s, loss=0.0283]
Test loss: 0.0279, Test rmsae: 9.24deg
{"event": "epoch_complete", "epoch": 6, "phase": 1, "lr": 0.0001, "batch_size": 1, "micro_batch_size": 1, "train_loss": 0.028306761441322475, "val_loss": 0.02787701418856159, "val_rmsae_deg": 9.241139128804207, "epoch_time_s": 581.1385619449429}
{"event": "checkpoint_saved", "tag": "best_rmsae", "epoch": 6, "path": "IFAN_Edge/outputs/stage3/ifan_stage3_long80_freqblock_paper_original_20260426_113211/checkpoints/best_rmsae.pt", "val_rmsae_deg": 9.241139128804207}
Epoch 7/80:
Epoch 7:   1%|..........| 6/585 [00:00:05<00:09:05,  1.06it/s, loss=0.0248]
Epoch 7:   2%|..........| 11/585 [00:00:10<00:09:28,  1.01it/s, loss=0.0252]
Epoch 7:   3%|..........| 16/585 [00:00:16<00:09:35,  0.99it/s, loss=0.0243]
Epoch 7:   4%|..........| 22/585 [00:00:21<00:09:17,  1.01it/s, loss=0.0252]
Epoch 7:   5%|..........| 27/585 [00:00:26<00:09:16,  1.00it/s, loss=0.0256]
Epoch 7:   6%|..........| 33/585 [00:00:32<00:09:03,  1.01it/s, loss=0.0258]
Epoch 7:   7%|..........| 39/585 [00:00:38<00:08:52,  1.02it/s, loss=0.0260]
Epoch 7:   8%|..........| 45/585 [00:00:43<00:08:44,  1.03it/s, loss=0.0261]
Epoch 7:   9%|..........| 51/585 [00:00:49<00:08:35,  1.04it/s, loss=0.0269]
Epoch 7:  10%|..........| 57/585 [00:00:54<00:08:26,  1.04it/s, loss=0.0265]
Epoch 7:  11%|#.........| 62/585 [00:01:00<00:08:30,  1.02it/s, loss=0.0265]
Epoch 7:  12%|#.........| 68/585 [00:01:06<00:08:24,  1.03it/s, loss=0.0270]
Epoch 7:  13%|#.........| 74/585 [00:01:11<00:08:14,  1.03it/s, loss=0.0272]
Epoch 7:  14%|#.........| 79/585 [00:01:16<00:08:12,  1.03it/s, loss=0.0271]
Epoch 7:  14%|#.........| 84/585 [00:01:22<00:08:10,  1.02it/s, loss=0.0274]
Epoch 7:  15%|#.........| 89/585 [00:01:27<00:08:06,  1.02it/s, loss=0.0272]
Epoch 7:  16%|#.........| 94/585 [00:01:32<00:08:04,  1.01it/s, loss=0.0271]
Epoch 7:  17%|#.........| 100/585 [00:01:38<00:07:55,  1.02it/s, loss=0.0271]
Epoch 7:  18%|#.........| 106/585 [00:01:43<00:07:47,  1.03it/s, loss=0.0270]
Epoch 7:  19%|#.........| 111/585 [00:01:48<00:07:43,  1.02it/s, loss=0.0272]
Epoch 7:  20%|#.........| 116/585 [00:01:54<00:07:41,  1.02it/s, loss=0.0280]
Epoch 7:  21%|##........| 122/585 [00:01:59<00:07:35,  1.02it/s, loss=0.0280]
Epoch 7:  22%|##........| 127/585 [00:02:05<00:07:31,  1.01it/s, loss=0.0284]
Epoch 7:  23%|##........| 133/585 [00:02:10<00:07:24,  1.02it/s, loss=0.0286]
Epoch 7:  24%|##........| 138/585 [00:02:15<00:07:20,  1.02it/s, loss=0.0289]
Epoch 7:  24%|##........| 143/585 [00:02:20<00:07:15,  1.01it/s, loss=0.0289]
Epoch 7:  25%|##........| 147/585 [00:02:26<00:07:15,  1.01it/s, loss=0.0301]
Epoch 7:  26%|##........| 153/585 [00:02:31<00:07:07,  1.01it/s, loss=0.0301]
Epoch 7:  27%|##........| 159/585 [00:02:36<00:07:00,  1.01it/s, loss=0.0304]
Epoch 7:  28%|##........| 165/585 [00:02:42<00:06:53,  1.02it/s, loss=0.0305]
Epoch 7:  29%|##........| 171/585 [00:02:47<00:06:46,  1.02it/s, loss=0.0307]
Epoch 7:  30%|###.......| 177/585 [00:02:52<00:06:38,  1.02it/s, loss=0.0306]
Epoch 7:  31%|###.......| 183/585 [00:02:58<00:06:32,  1.03it/s, loss=0.0306]
Epoch 7:  32%|###.......| 189/585 [00:03:03<00:06:25,  1.03it/s, loss=0.0306]
Epoch 7:  33%|###.......| 195/585 [00:03:09<00:06:18,  1.03it/s, loss=0.0306]
Epoch 7:  34%|###.......| 201/585 [00:03:14<00:06:11,  1.03it/s, loss=0.0306]
Epoch 7:  35%|###.......| 207/585 [00:03:19<00:06:04,  1.04it/s, loss=0.0306]
Epoch 7:  36%|###.......| 212/585 [00:03:24<00:06:00,  1.03it/s, loss=0.0310]
Epoch 7:  37%|###.......| 218/585 [00:03:30<00:05:54,  1.04it/s, loss=0.0309]
Epoch 7:  38%|###.......| 222/585 [00:03:35<00:05:52,  1.03it/s, loss=0.0310]
Epoch 7:  39%|###.......| 228/585 [00:03:41<00:05:46,  1.03it/s, loss=0.0309]
Epoch 7:  40%|###.......| 233/585 [00:03:46<00:05:42,  1.03it/s, loss=0.0309]
Epoch 7:  41%|####......| 239/585 [00:03:52<00:05:36,  1.03it/s, loss=0.0309]
Epoch 7:  42%|####......| 244/585 [00:03:57<00:05:32,  1.03it/s, loss=0.0310]
Epoch 7:  43%|####......| 250/585 [00:04:03<00:05:26,  1.03it/s, loss=0.0309]
Epoch 7:  44%|####......| 256/585 [00:04:08<00:05:19,  1.03it/s, loss=0.0309]
Epoch 7:  45%|####......| 261/585 [00:04:13<00:05:15,  1.03it/s, loss=0.0308]
Epoch 7:  46%|####......| 267/585 [00:04:19<00:05:09,  1.03it/s, loss=0.0307]
Epoch 7:  46%|####......| 272/585 [00:04:25<00:05:04,  1.03it/s, loss=0.0307]
Epoch 7:  48%|####......| 278/585 [00:04:30<00:04:58,  1.03it/s, loss=0.0307]
Epoch 7:  49%|####......| 284/585 [00:04:36<00:04:52,  1.03it/s, loss=0.0316]
Epoch 7:  50%|####......| 290/585 [00:04:41<00:04:46,  1.03it/s, loss=0.0315]
Epoch 7:  51%|#####.....| 296/585 [00:04:47<00:04:40,  1.03it/s, loss=0.0314]
Epoch 7:  52%|#####.....| 302/585 [00:04:53<00:04:34,  1.03it/s, loss=0.0313]
Epoch 7:  53%|#####.....| 308/585 [00:04:58<00:04:28,  1.03it/s, loss=0.0313]
Epoch 7:  54%|#####.....| 313/585 [00:05:04<00:04:24,  1.03it/s, loss=0.0312]
Epoch 7:  55%|#####.....| 319/585 [00:05:09<00:04:18,  1.03it/s, loss=0.0310]
Epoch 7:  55%|#####.....| 324/585 [00:05:14<00:04:13,  1.03it/s, loss=0.0310]
Epoch 7:  56%|#####.....| 329/585 [00:05:19<00:04:08,  1.03it/s, loss=0.0310]
Epoch 7:  57%|#####.....| 335/585 [00:05:25<00:04:02,  1.03it/s, loss=0.0310]
Epoch 7:  58%|#####.....| 340/585 [00:05:30<00:03:58,  1.03it/s, loss=0.0309]
Epoch 7:  59%|#####.....| 346/585 [00:05:36<00:03:52,  1.03it/s, loss=0.0308]
Epoch 7:  60%|######....| 352/585 [00:05:42<00:03:46,  1.03it/s, loss=0.0308]
Epoch 7:  61%|######....| 358/585 [00:05:47<00:03:40,  1.03it/s, loss=0.0308]
Epoch 7:  62%|######....| 364/585 [00:05:52<00:03:34,  1.03it/s, loss=0.0307]
Epoch 7:  63%|######....| 369/585 [00:05:57<00:03:29,  1.03it/s, loss=0.0306]
Epoch 7:  64%|######....| 373/585 [00:06:03<00:03:26,  1.03it/s, loss=0.0306]
Epoch 7:  65%|######....| 378/585 [00:06:08<00:03:21,  1.02it/s, loss=0.0305]
Epoch 7:  65%|######....| 383/585 [00:06:14<00:03:17,  1.02it/s, loss=0.0304]
Epoch 7:  66%|######....| 389/585 [00:06:19<00:03:11,  1.02it/s, loss=0.0303]
Epoch 7:  68%|######....| 395/585 [00:06:25<00:03:05,  1.02it/s, loss=0.0302]
Epoch 7:  69%|######....| 401/585 [00:06:31<00:02:59,  1.02it/s, loss=0.0302]
Epoch 7:  69%|######....| 405/585 [00:06:36<00:02:56,  1.02it/s, loss=0.0302]
Epoch 7:  70%|#######...| 410/585 [00:06:41<00:02:51,  1.02it/s, loss=0.0302]
Epoch 7:  71%|#######...| 415/585 [00:06:47<00:02:46,  1.02it/s, loss=0.0302]
Epoch 7:  72%|#######...| 421/585 [00:06:53<00:02:41,  1.02it/s, loss=0.0303]
Epoch 7:  73%|#######...| 426/585 [00:06:58<00:02:36,  1.02it/s, loss=0.0302]
Epoch 7:  74%|#######...| 432/585 [00:07:04<00:02:30,  1.02it/s, loss=0.0301]
Epoch 7:  75%|#######...| 438/585 [00:07:10<00:02:24,  1.02it/s, loss=0.0300]
Epoch 7:  76%|#######...| 443/585 [00:07:15<00:02:19,  1.02it/s, loss=0.0300]
Epoch 7:  77%|#######...| 449/585 [00:07:21<00:02:13,  1.02it/s, loss=0.0299]
Epoch 7:  78%|#######...| 455/585 [00:07:26<00:02:07,  1.02it/s, loss=0.0299]
Epoch 7:  79%|#######...| 460/585 [00:07:32<00:02:02,  1.02it/s, loss=0.0299]
Epoch 7:  80%|#######...| 466/585 [00:07:38<00:01:56,  1.02it/s, loss=0.0298]
Epoch 7:  81%|########..| 472/585 [00:07:43<00:01:51,  1.02it/s, loss=0.0298]
Epoch 7:  82%|########..| 477/585 [00:07:49<00:01:46,  1.02it/s, loss=0.0298]
Epoch 7:  83%|########..| 483/585 [00:07:55<00:01:40,  1.02it/s, loss=0.0297]
Epoch 7:  84%|########..| 489/585 [00:08:00<00:01:34,  1.02it/s, loss=0.0297]
Epoch 7:  85%|########..| 495/585 [00:08:06<00:01:28,  1.02it/s, loss=0.0298]
Epoch 7:  86%|########..| 501/585 [00:08:12<00:01:22,  1.02it/s, loss=0.0297]
Epoch 7:  87%|########..| 507/585 [00:08:18<00:01:16,  1.02it/s, loss=0.0297]
Epoch 7:  88%|########..| 513/585 [00:08:24<00:01:10,  1.02it/s, loss=0.0297]
Epoch 7:  89%|########..| 518/585 [00:08:29<00:01:05,  1.02it/s, loss=0.0296]
Epoch 7:  89%|########..| 523/585 [00:08:35<00:01:01,  1.02it/s, loss=0.0296]
Epoch 7:  90%|#########.| 529/585 [00:08:40<00:00:55,  1.02it/s, loss=0.0296]
Epoch 7:  91%|#########.| 535/585 [00:08:46<00:00:49,  1.02it/s, loss=0.0296]
Epoch 7:  92%|#########.| 541/585 [00:08:52<00:00:43,  1.02it/s, loss=0.0296]
Epoch 7:  93%|#########.| 546/585 [00:08:57<00:00:38,  1.02it/s, loss=0.0296]
Epoch 7:  94%|#########.| 551/585 [00:09:02<00:00:33,  1.01it/s, loss=0.0296]
Epoch 7:  95%|#########.| 557/585 [00:09:09<00:00:27,  1.01it/s, loss=0.0296]
Epoch 7:  96%|#########.| 563/585 [00:09:14<00:00:21,  1.01it/s, loss=0.0295]
Epoch 7:  97%|#########.| 568/585 [00:09:19<00:00:16,  1.01it/s, loss=0.0295]
Epoch 7:  98%|#########.| 573/585 [00:09:24<00:00:11,  1.01it/s, loss=0.0295]
Epoch 7:  99%|#########.| 578/585 [00:09:30<00:00:06,  1.01it/s, loss=0.0295]
Epoch 7: 100%|#########.| 584/585 [00:09:35<00:00:00,  1.01it/s, loss=0.0294]
Epoch 7: 100%|##########| 585/585 [00:09:36<00:00:00,  1.01it/s, loss=0.0294]
Test loss: 0.0269, Test rmsae: 8.77deg
{"event": "epoch_complete", "epoch": 7, "phase": 1, "lr": 0.0001, "batch_size": 1, "micro_batch_size": 1, "train_loss": 0.029395269327120395, "val_loss": 0.026936516747809947, "val_rmsae_deg": 8.774075224995613, "epoch_time_s": 577.2106628741603}
{"event": "checkpoint_saved", "tag": "best_rmsae", "epoch": 7, "path": "IFAN_Edge/outputs/stage3/ifan_stage3_long80_freqblock_paper_original_20260426_113211/checkpoints/best_rmsae.pt", "val_rmsae_deg": 8.774075224995613}
Epoch 8/80:
Epoch 8:   1%|..........| 6/585 [00:00:05<00:09:18,  1.04it/s, loss=0.0276]
Epoch 8:   2%|..........| 11/585 [00:00:10<00:09:24,  1.02it/s, loss=0.0272]
Epoch 8:   3%|..........| 16/585 [00:00:16<00:09:46,  0.97it/s, loss=0.0272]
Epoch 8:   4%|..........| 21/585 [00:00:21<00:09:37,  0.98it/s, loss=0.0274]
Epoch 8:   5%|..........| 27/585 [00:00:26<00:09:16,  1.00it/s, loss=0.0280]
Epoch 8:   5%|..........| 32/585 [00:00:31<00:09:12,  1.00it/s, loss=0.0276]
Epoch 8:   6%|..........| 38/585 [00:00:37<00:09:02,  1.01it/s, loss=0.0273]
Epoch 8:   8%|..........| 44/585 [00:00:42<00:08:45,  1.03it/s, loss=0.0272]
Epoch 8:   9%|..........| 50/585 [00:00:48<00:08:44,  1.02it/s, loss=0.0278]
Epoch 8:  10%|..........| 56/585 [00:00:54<00:08:34,  1.03it/s, loss=0.0274]
Epoch 8:  10%|#.........| 61/585 [00:00:59<00:08:31,  1.02it/s, loss=0.0275]
Epoch 8:  11%|#.........| 67/585 [00:01:04<00:08:21,  1.03it/s, loss=0.0276]
Epoch 8:  12%|#.........| 72/585 [00:01:09<00:08:18,  1.03it/s, loss=0.0272]
Epoch 8:  13%|#.........| 78/585 [00:01:15<00:08:10,  1.03it/s, loss=0.0275]
Epoch 8:  14%|#.........| 83/585 [00:01:20<00:08:09,  1.03it/s, loss=0.0276]
Epoch 8:  15%|#.........| 89/585 [00:01:26<00:08:03,  1.03it/s, loss=0.0276]
Epoch 8:  16%|#.........| 95/585 [00:01:32<00:07:56,  1.03it/s, loss=0.0277]
Epoch 8:  17%|#.........| 100/585 [00:01:37<00:07:52,  1.03it/s, loss=0.0276]
Epoch 8:  18%|#.........| 106/585 [00:01:43<00:07:49,  1.02it/s, loss=0.0276]
Epoch 8:  19%|#.........| 111/585 [00:01:49<00:07:46,  1.02it/s, loss=0.0275]
Epoch 8:  20%|#.........| 116/585 [00:01:54<00:07:42,  1.01it/s, loss=0.0275]
Epoch 8:  21%|##........| 121/585 [00:01:59<00:07:39,  1.01it/s, loss=0.0274]
Epoch 8:  22%|##........| 127/585 [00:02:06<00:07:34,  1.01it/s, loss=0.0274]
Epoch 8:  23%|##........| 133/585 [00:02:11<00:07:26,  1.01it/s, loss=0.0274]
Epoch 8:  24%|##........| 139/585 [00:02:17<00:07:20,  1.01it/s, loss=0.0274]
Epoch 8:  25%|##........| 145/585 [00:02:23<00:07:15,  1.01it/s, loss=0.0274]
Epoch 8:  26%|##........| 151/585 [00:02:29<00:07:08,  1.01it/s, loss=0.0277]
Epoch 8:  27%|##........| 157/585 [00:02:34<00:07:00,  1.02it/s, loss=0.0276]
Epoch 8:  28%|##........| 163/585 [00:02:39<00:06:53,  1.02it/s, loss=0.0277]
Epoch 8:  29%|##........| 169/585 [00:02:45<00:06:47,  1.02it/s, loss=0.0278]
Epoch 8:  30%|##........| 175/585 [00:02:51<00:06:41,  1.02it/s, loss=0.0278]
Epoch 8:  31%|###.......| 181/585 [00:02:56<00:06:34,  1.02it/s, loss=0.0277]
Epoch 8:  32%|###.......| 187/585 [00:03:02<00:06:28,  1.03it/s, loss=0.0276]
Epoch 8:  33%|###.......| 192/585 [00:03:07<00:06:23,  1.02it/s, loss=0.0275]
Epoch 8:  34%|###.......| 196/585 [00:03:12<00:06:22,  1.02it/s, loss=0.0276]
Epoch 8:  35%|###.......| 202/585 [00:03:18<00:06:15,  1.02it/s, loss=0.0275]
Epoch 8:  36%|###.......| 208/585 [00:03:23<00:06:09,  1.02it/s, loss=0.0274]
Epoch 8:  36%|###.......| 213/585 [00:03:28<00:06:04,  1.02it/s, loss=0.0275]
Epoch 8:  37%|###.......| 219/585 [00:03:34<00:05:58,  1.02it/s, loss=0.0275]
Epoch 8:  38%|###.......| 224/585 [00:03:39<00:05:53,  1.02it/s, loss=0.0277]
Epoch 8:  39%|###.......| 230/585 [00:03:45<00:05:48,  1.02it/s, loss=0.0276]
Epoch 8:  40%|####......| 236/585 [00:03:51<00:05:42,  1.02it/s, loss=0.0275]
Epoch 8:  41%|####......| 242/585 [00:03:57<00:05:36,  1.02it/s, loss=0.0274]
Epoch 8:  42%|####......| 247/585 [00:04:02<00:05:31,  1.02it/s, loss=0.0273]
Epoch 8:  43%|####......| 253/585 [00:04:07<00:05:25,  1.02it/s, loss=0.0273]
Epoch 8:  44%|####......| 259/585 [00:04:13<00:05:19,  1.02it/s, loss=0.0272]
Epoch 8:  45%|####......| 264/585 [00:04:18<00:05:14,  1.02it/s, loss=0.0272]
Epoch 8:  46%|####......| 269/585 [00:04:24<00:05:10,  1.02it/s, loss=0.0272]
Epoch 8:  47%|####......| 275/585 [00:04:29<00:05:04,  1.02it/s, loss=0.0272]
Epoch 8:  48%|####......| 281/585 [00:04:35<00:04:57,  1.02it/s, loss=0.0271]
Epoch 8:  49%|####......| 286/585 [00:04:40<00:04:53,  1.02it/s, loss=0.0271]
Epoch 8:  50%|####......| 291/585 [00:04:46<00:04:49,  1.02it/s, loss=0.0272]
Epoch 8:  51%|#####.....| 297/585 [00:04:51<00:04:42,  1.02it/s, loss=0.0272]
Epoch 8:  52%|#####.....| 303/585 [00:04:57<00:04:36,  1.02it/s, loss=0.0272]
Epoch 8:  53%|#####.....| 308/585 [00:05:02<00:04:32,  1.02it/s, loss=0.0271]
Epoch 8:  54%|#####.....| 313/585 [00:05:07<00:04:27,  1.02it/s, loss=0.0270]
Epoch 8:  54%|#####.....| 318/585 [00:05:12<00:04:22,  1.02it/s, loss=0.0271]
Epoch 8:  55%|#####.....| 323/585 [00:05:18<00:04:18,  1.01it/s, loss=0.0270]
Epoch 8:  56%|#####.....| 328/585 [00:05:23<00:04:13,  1.01it/s, loss=0.0270]
Epoch 8:  57%|#####.....| 333/585 [00:05:28<00:04:08,  1.01it/s, loss=0.0270]
Epoch 8:  58%|#####.....| 339/585 [00:05:34<00:04:02,  1.01it/s, loss=0.0270]
Epoch 8:  59%|#####.....| 344/585 [00:05:39<00:03:58,  1.01it/s, loss=0.0270]
Epoch 8:  60%|#####.....| 349/585 [00:05:44<00:03:53,  1.01it/s, loss=0.0270]
Epoch 8:  61%|######....| 355/585 [00:05:50<00:03:46,  1.01it/s, loss=0.0270]
Epoch 8:  62%|######....| 361/585 [00:05:55<00:03:40,  1.02it/s, loss=0.0269]
Epoch 8:  63%|######....| 366/585 [00:06:00<00:03:35,  1.01it/s, loss=0.0269]
Epoch 8:  63%|######....| 371/585 [00:06:05<00:03:30,  1.01it/s, loss=0.0271]
Epoch 8:  64%|######....| 376/585 [00:06:10<00:03:26,  1.01it/s, loss=0.0271]
Epoch 8:  65%|######....| 382/585 [00:06:16<00:03:20,  1.01it/s, loss=0.0272]
Epoch 8:  66%|######....| 387/585 [00:06:21<00:03:15,  1.01it/s, loss=0.0272]
Epoch 8:  67%|######....| 392/585 [00:06:27<00:03:10,  1.01it/s, loss=0.0272]
Epoch 8:  68%|######....| 397/585 [00:06:32<00:03:05,  1.01it/s, loss=0.0272]
Epoch 8:  69%|######....| 402/585 [00:06:37<00:03:01,  1.01it/s, loss=0.0273]
Epoch 8:  70%|######....| 408/585 [00:06:43<00:02:55,  1.01it/s, loss=0.0274]
Epoch 8:  71%|#######...| 413/585 [00:06:48<00:02:50,  1.01it/s, loss=0.0276]
Epoch 8:  72%|#######...| 419/585 [00:06:54<00:02:44,  1.01it/s, loss=0.0275]
Epoch 8:  72%|#######...| 424/585 [00:07:00<00:02:39,  1.01it/s, loss=0.0275]
Epoch 8:  73%|#######...| 429/585 [00:07:06<00:02:35,  1.01it/s, loss=0.0275]
Epoch 8:  74%|#######...| 435/585 [00:07:13<00:02:29,  1.00it/s, loss=0.0274]
Epoch 8:  75%|#######...| 441/585 [00:07:19<00:02:23,  1.00it/s, loss=0.0274]
Epoch 8:  76%|#######...| 447/585 [00:07:24<00:02:17,  1.00it/s, loss=0.0274]
Epoch 8:  77%|#######...| 452/585 [00:07:30<00:02:12,  1.00it/s, loss=0.0275]
Epoch 8:  78%|#######...| 458/585 [00:07:35<00:02:06,  1.00it/s, loss=0.0275]
Epoch 8:  79%|#######...| 464/585 [00:07:41<00:02:00,  1.01it/s, loss=0.0274]
Epoch 8:  80%|########..| 469/585 [00:07:46<00:01:55,  1.00it/s, loss=0.0274]
Epoch 8:  81%|########..| 474/585 [00:07:52<00:01:50,  1.00it/s, loss=0.0274]
Epoch 8:  82%|########..| 479/585 [00:07:57<00:01:45,  1.00it/s, loss=0.0275]
Epoch 8:  83%|########..| 485/585 [00:08:02<00:01:39,  1.00it/s, loss=0.0275]
Epoch 8:  84%|########..| 491/585 [00:08:08<00:01:33,  1.00it/s, loss=0.0277]
Epoch 8:  85%|########..| 497/585 [00:08:14<00:01:27,  1.00it/s, loss=0.0277]
Epoch 8:  86%|########..| 502/585 [00:08:20<00:01:22,  1.00it/s, loss=0.0277]
Epoch 8:  87%|########..| 508/585 [00:08:25<00:01:16,  1.00it/s, loss=0.0277]
Epoch 8:  88%|########..| 514/585 [00:08:31<00:01:10,  1.01it/s, loss=0.0276]
Epoch 8:  89%|########..| 519/585 [00:08:36<00:01:05,  1.01it/s, loss=0.0276]
Epoch 8:  90%|########..| 524/585 [00:08:42<00:01:00,  1.00it/s, loss=0.0276]
Epoch 8:  90%|#########.| 529/585 [00:08:47<00:00:55,  1.00it/s, loss=0.0276]
Epoch 8:  91%|#########.| 534/585 [00:08:52<00:00:50,  1.00it/s, loss=0.0276]
Epoch 8:  92%|#########.| 540/585 [00:08:59<00:00:44,  1.00it/s, loss=0.0276]
Epoch 8:  93%|#########.| 546/585 [00:09:05<00:00:38,  1.00it/s, loss=0.0275]
Epoch 8:  94%|#########.| 551/585 [00:09:10<00:00:33,  1.00it/s, loss=0.0275]
Epoch 8:  95%|#########.| 557/585 [00:09:15<00:00:27,  1.00it/s, loss=0.0275]
Epoch 8:  96%|#########.| 563/585 [00:09:22<00:00:21,  1.00it/s, loss=0.0275]
Epoch 8:  97%|#########.| 568/585 [00:09:27<00:00:16,  1.00it/s, loss=0.0276]
Epoch 8:  98%|#########.| 573/585 [00:09:32<00:00:11,  1.00it/s, loss=0.0276]
Epoch 8:  99%|#########.| 578/585 [00:09:38<00:00:07,  1.00it/s, loss=0.0276]
Epoch 8: 100%|#########.| 583/585 [00:09:43<00:00:02,  1.00it/s, loss=0.0276]
Epoch 8: 100%|##########| 585/585 [00:09:45<00:00:00,  1.00it/s, loss=0.0276]
Test loss: 0.0269, Test rmsae: 8.98deg
{"event": "epoch_complete", "epoch": 8, "phase": 1, "lr": 0.0001, "batch_size": 1, "micro_batch_size": 1, "train_loss": 0.027552521338638586, "val_loss": 0.026860038458835334, "val_rmsae_deg": 8.98386499285698, "epoch_time_s": 586.4130338600371}
Epoch 9/80:
Epoch 9:   1%|..........| 6/585 [00:00:05<00:09:18,  1.04it/s, loss=0.0253]
Epoch 9:   2%|..........| 12/585 [00:00:11<00:08:48,  1.08it/s, loss=0.0251]
Epoch 9:   3%|..........| 16/585 [00:00:16<00:09:55,  0.95it/s, loss=0.0260]
Epoch 9:   4%|..........| 21/585 [00:00:21<00:09:50,  0.95it/s, loss=0.0261]
Epoch 9:   4%|..........| 26/585 [00:00:27<00:09:42,  0.96it/s, loss=0.0255]
Epoch 9:   5%|..........| 31/585 [00:00:32<00:09:42,  0.95it/s, loss=0.0257]
Epoch 9:   6%|..........| 37/585 [00:00:38<00:09:26,  0.97it/s, loss=0.0255]
Epoch 9:   7%|..........| 43/585 [00:00:43<00:09:13,  0.98it/s, loss=0.0263]
Epoch 9:   8%|..........| 49/585 [00:00:51<00:09:21,  0.95it/s, loss=0.0264]
Epoch 9:   9%|..........| 55/585 [00:00:57<00:09:11,  0.96it/s, loss=0.0267]
Epoch 9:  10%|#.........| 61/585 [00:01:03<00:09:02,  0.97it/s, loss=0.0264]
Epoch 9:  11%|#.........| 67/585 [00:01:08<00:08:52,  0.97it/s, loss=0.0264]
Epoch 9:  12%|#.........| 72/585 [00:01:14<00:08:47,  0.97it/s, loss=0.0265]
Epoch 9:  13%|#.........| 78/585 [00:01:19<00:08:37,  0.98it/s, loss=0.0263]
Epoch 9:  14%|#.........| 84/585 [00:01:25<00:08:29,  0.98it/s, loss=0.0264]
Epoch 9:  15%|#.........| 90/585 [00:01:31<00:08:21,  0.99it/s, loss=0.0264]
Epoch 9:  16%|#.........| 96/585 [00:01:36<00:08:11,  1.00it/s, loss=0.0261]
Epoch 9:  17%|#.........| 101/585 [00:01:41<00:08:07,  0.99it/s, loss=0.0261]
Epoch 9:  18%|#.........| 106/585 [00:01:46<00:08:03,  0.99it/s, loss=0.0263]
Epoch 9:  19%|#.........| 112/585 [00:01:52<00:07:56,  0.99it/s, loss=0.0262]
Epoch 9:  20%|##........| 118/585 [00:01:58<00:07:48,  1.00it/s, loss=0.0264]
Epoch 9:  21%|##........| 124/585 [00:02:04<00:07:41,  1.00it/s, loss=0.0263]
Epoch 9:  22%|##........| 129/585 [00:02:09<00:07:36,  1.00it/s, loss=0.0262]
Epoch 9:  23%|##........| 135/585 [00:02:15<00:07:30,  1.00it/s, loss=0.0260]
Epoch 9:  24%|##........| 141/585 [00:02:20<00:07:23,  1.00it/s, loss=0.0261]
Epoch 9:  25%|##........| 147/585 [00:02:26<00:07:15,  1.00it/s, loss=0.0259]
Epoch 9:  26%|##........| 153/585 [00:02:32<00:07:09,  1.01it/s, loss=0.0257]
Epoch 9:  27%|##........| 159/585 [00:02:38<00:07:03,  1.01it/s, loss=0.0260]
Epoch 9:  28%|##........| 165/585 [00:02:43<00:06:57,  1.01it/s, loss=0.0259]
Epoch 9:  29%|##........| 168/585 [00:02:49<00:06:59,  0.99it/s, loss=0.0262]
Epoch 9:  30%|##........| 174/585 [00:02:54<00:06:52,  1.00it/s, loss=0.0263]
Epoch 9:  31%|###.......| 180/585 [00:03:00<00:06:45,  1.00it/s, loss=0.0263]
Epoch 9:  32%|###.......| 186/585 [00:03:05<00:06:38,  1.00it/s, loss=0.0263]
Epoch 9:  33%|###.......| 192/585 [00:03:11<00:06:31,  1.00it/s, loss=0.0262]
Epoch 9:  34%|###.......| 197/585 [00:03:17<00:06:28,  1.00it/s, loss=0.0261]
Epoch 9:  35%|###.......| 203/585 [00:03:22<00:06:21,  1.00it/s, loss=0.0261]
Epoch 9:  36%|###.......| 208/585 [00:03:27<00:06:16,  1.00it/s, loss=0.0263]
Epoch 9:  37%|###.......| 214/585 [00:03:33<00:06:10,  1.00it/s, loss=0.0262]
Epoch 9:  38%|###.......| 220/585 [00:03:39<00:06:04,  1.00it/s, loss=0.0261]
Epoch 9:  39%|###.......| 226/585 [00:03:45<00:05:58,  1.00it/s, loss=0.0261]
Epoch 9:  39%|###.......| 231/585 [00:03:51<00:05:54,  1.00it/s, loss=0.0260]
Epoch 9:  41%|####......| 237/585 [00:03:57<00:05:48,  1.00it/s, loss=0.0260]
Epoch 9:  42%|####......| 243/585 [00:04:02<00:05:41,  1.00it/s, loss=0.0260]
Epoch 9:  42%|####......| 248/585 [00:04:07<00:05:36,  1.00it/s, loss=0.0260]
Epoch 9:  43%|####......| 254/585 [00:04:13<00:05:30,  1.00it/s, loss=0.0260]
Epoch 9:  44%|####......| 259/585 [00:04:19<00:05:26,  1.00it/s, loss=0.0260]
Epoch 9:  45%|####......| 264/585 [00:04:24<00:05:21,  1.00it/s, loss=0.0261]
Epoch 9:  46%|####......| 270/585 [00:04:30<00:05:15,  1.00it/s, loss=0.0261]
Epoch 9:  47%|####......| 275/585 [00:04:35<00:05:10,  1.00it/s, loss=0.0260]
Epoch 9:  48%|####......| 281/585 [00:04:40<00:05:03,  1.00it/s, loss=0.0260]
Epoch 9:  49%|####......| 287/585 [00:04:46<00:04:57,  1.00it/s, loss=0.0260]
Epoch 9:  50%|#####.....| 293/585 [00:04:52<00:04:51,  1.00it/s, loss=0.0259]
Epoch 9:  51%|#####.....| 299/585 [00:04:57<00:04:44,  1.00it/s, loss=0.0259]
Epoch 9:  52%|#####.....| 304/585 [00:05:02<00:04:39,  1.00it/s, loss=0.0260]
Epoch 9:  53%|#####.....| 310/585 [00:05:08<00:04:33,  1.00it/s, loss=0.0261]
Epoch 9:  54%|#####.....| 315/585 [00:05:13<00:04:29,  1.00it/s, loss=0.0261]
Epoch 9:  55%|#####.....| 321/585 [00:05:19<00:04:23,  1.00it/s, loss=0.0261]
Epoch 9:  56%|#####.....| 327/585 [00:05:25<00:04:17,  1.00it/s, loss=0.0262]
Epoch 9:  57%|#####.....| 332/585 [00:05:31<00:04:12,  1.00it/s, loss=0.0263]
Epoch 9:  58%|#####.....| 338/585 [00:05:36<00:04:05,  1.00it/s, loss=0.0264]
Epoch 9:  59%|#####.....| 344/585 [00:05:41<00:03:59,  1.01it/s, loss=0.0264]
Epoch 9:  60%|#####.....| 350/585 [00:05:47<00:03:53,  1.01it/s, loss=0.0264]
Epoch 9:  61%|######....| 356/585 [00:05:52<00:03:47,  1.01it/s, loss=0.0264]
Epoch 9:  62%|######....| 362/585 [00:05:58<00:03:40,  1.01it/s, loss=0.0263]
Epoch 9:  63%|######....| 368/585 [00:06:03<00:03:34,  1.01it/s, loss=0.0263]
Epoch 9:  64%|######....| 372/585 [00:06:09<00:03:31,  1.01it/s, loss=0.0264]
Epoch 9:  64%|######....| 377/585 [00:06:14<00:03:26,  1.01it/s, loss=0.0264]
Epoch 9:  65%|######....| 382/585 [00:06:20<00:03:21,  1.01it/s, loss=0.0264]
Epoch 9:  66%|######....| 387/585 [00:06:25<00:03:17,  1.00it/s, loss=0.0264]
Epoch 9:  67%|######....| 393/585 [00:06:31<00:03:11,  1.00it/s, loss=0.0264]
Epoch 9:  68%|######....| 398/585 [00:06:37<00:03:06,  1.00it/s, loss=0.0265]
Epoch 9:  69%|######....| 404/585 [00:06:43<00:03:00,  1.00it/s, loss=0.0264]
Epoch 9:  70%|#######...| 410/585 [00:06:48<00:02:54,  1.00it/s, loss=0.0264]
Epoch 9:  71%|#######...| 415/585 [00:06:54<00:02:49,  1.00it/s, loss=0.0264]
Epoch 9:  72%|#######...| 421/585 [00:06:59<00:02:43,  1.00it/s, loss=0.0264]
Epoch 9:  73%|#######...| 426/585 [00:07:05<00:02:38,  1.00it/s, loss=0.0264]
Epoch 9:  74%|#######...| 431/585 [00:07:11<00:02:34,  1.00it/s, loss=0.0264]
Epoch 9:  75%|#######...| 437/585 [00:07:16<00:02:27,  1.00it/s, loss=0.0263]
Epoch 9:  76%|#######...| 443/585 [00:07:22<00:02:21,  1.00it/s, loss=0.0264]
Epoch 9:  77%|#######...| 448/585 [00:07:27<00:02:16,  1.00it/s, loss=0.0264]
Epoch 9:  77%|#######...| 453/585 [00:07:33<00:02:12,  1.00it/s, loss=0.0264]
Epoch 9:  78%|#######...| 459/585 [00:07:38<00:02:05,  1.00it/s, loss=0.0264]
Epoch 9:  79%|#######...| 465/585 [00:07:45<00:02:00,  1.00it/s, loss=0.0264]
Epoch 9:  81%|########..| 471/585 [00:07:50<00:01:53,  1.00it/s, loss=0.0263]
Epoch 9:  82%|########..| 477/585 [00:07:56<00:01:47,  1.00it/s, loss=0.0263]
Epoch 9:  83%|########..| 483/585 [00:08:02<00:01:41,  1.00it/s, loss=0.0263]
Epoch 9:  83%|########..| 488/585 [00:08:07<00:01:36,  1.00it/s, loss=0.0263]
Epoch 9:  84%|########..| 494/585 [00:08:12<00:01:30,  1.00it/s, loss=0.0263]
Epoch 9:  85%|########..| 499/585 [00:08:17<00:01:25,  1.00it/s, loss=0.0263]
Epoch 9:  86%|########..| 505/585 [00:08:23<00:01:19,  1.00it/s, loss=0.0263]
Epoch 9:  87%|########..| 511/585 [00:08:29<00:01:13,  1.00it/s, loss=0.0263]
Epoch 9:  88%|########..| 516/585 [00:08:35<00:01:08,  1.00it/s, loss=0.0263]
Epoch 9:  89%|########..| 522/585 [00:08:41<00:01:02,  1.00it/s, loss=0.0263]
Epoch 9:  90%|#########.| 528/585 [00:08:47<00:00:56,  1.00it/s, loss=0.0263]
Epoch 9:  91%|#########.| 534/585 [00:08:52<00:00:50,  1.00it/s, loss=0.0263]
Epoch 9:  92%|#########.| 540/585 [00:08:58<00:00:44,  1.00it/s, loss=0.0263]
Epoch 9:  93%|#########.| 546/585 [00:09:04<00:00:38,  1.00it/s, loss=0.0263]
Epoch 9:  94%|#########.| 551/585 [00:09:10<00:00:33,  1.00it/s, loss=0.0263]
Epoch 9:  95%|#########.| 556/585 [00:09:15<00:00:28,  1.00it/s, loss=0.0263]
Epoch 9:  96%|#########.| 561/585 [00:09:21<00:00:24,  1.00it/s, loss=0.0263]
Epoch 9:  97%|#########.| 567/585 [00:09:26<00:00:17,  1.00it/s, loss=0.0263]
Epoch 9:  98%|#########.| 572/585 [00:09:32<00:00:13,  1.00it/s, loss=0.0263]
Epoch 9:  99%|#########.| 577/585 [00:09:38<00:00:08,  1.00it/s, loss=0.0263]
Epoch 9: 100%|#########.| 583/585 [00:09:43<00:00:02,  1.00it/s, loss=0.0262]
Epoch 9: 100%|##########| 585/585 [00:09:45<00:00:00,  1.00it/s, loss=0.0262]
Test loss: 0.0267, Test rmsae: 9.32deg
{"event": "epoch_complete", "epoch": 9, "phase": 1, "lr": 0.0001, "batch_size": 1, "micro_batch_size": 1, "train_loss": 0.02621891054078045, "val_loss": 0.026747584459371865, "val_rmsae_deg": 9.316069051623344, "epoch_time_s": 586.2006416469812}
Epoch 10/80:
Epoch 10:   1%|..........| 5/585 [00:00:05<00:10:20,  0.94it/s, loss=0.0281]
Epoch 10:   2%|..........| 11/585 [00:00:10<00:09:31,  1.00it/s, loss=0.0278]
Epoch 10:   3%|..........| 17/585 [00:00:17<00:09:30,  0.99it/s, loss=0.0261]
Epoch 10:   4%|..........| 23/585 [00:00:22<00:09:17,  1.01it/s, loss=0.0263]
Epoch 10:   5%|..........| 29/585 [00:00:28<00:09:09,  1.01it/s, loss=0.0261]
Epoch 10:   6%|..........| 34/585 [00:00:34<00:09:15,  0.99it/s, loss=0.0259]
Epoch 10:   7%|..........| 40/585 [00:00:40<00:09:09,  0.99it/s, loss=0.0262]
Epoch 10:   8%|..........| 45/585 [00:00:45<00:09:06,  0.99it/s, loss=0.0263]
Epoch 10:   9%|..........| 51/585 [00:00:51<00:08:59,  0.99it/s, loss=0.0261]
Epoch 10:  10%|..........| 56/585 [00:00:56<00:08:55,  0.99it/s, loss=0.0259]
Epoch 10:  11%|#.........| 62/585 [00:01:02<00:08:48,  0.99it/s, loss=0.0258]
Epoch 10:  11%|#.........| 67/585 [00:01:07<00:08:44,  0.99it/s, loss=0.0258]
Epoch 10:  12%|#.........| 72/585 [00:01:13<00:08:43,  0.98it/s, loss=0.0265]
Epoch 10:  13%|#.........| 78/585 [00:01:18<00:08:33,  0.99it/s, loss=0.0264]
Epoch 10:  14%|#.........| 84/585 [00:01:24<00:08:26,  0.99it/s, loss=0.0262]
Epoch 10:  15%|#.........| 89/585 [00:01:30<00:08:22,  0.99it/s, loss=0.0261]
Epoch 10:  16%|#.........| 95/585 [00:01:35<00:08:13,  0.99it/s, loss=0.0258]
Epoch 10:  17%|#.........| 100/585 [00:01:40<00:08:09,  0.99it/s, loss=0.0261]
Epoch 10:  18%|#.........| 105/585 [00:01:46<00:08:06,  0.99it/s, loss=0.0259]
Epoch 10:  19%|#.........| 110/585 [00:01:51<00:08:03,  0.98it/s, loss=0.0259]
Epoch 10:  20%|#.........| 116/585 [00:01:57<00:07:55,  0.99it/s, loss=0.0259]
Epoch 10:  21%|##........| 121/585 [00:02:02<00:07:50,  0.99it/s, loss=0.0259]
Epoch 10:  22%|##........| 126/585 [00:02:08<00:07:48,  0.98it/s, loss=0.0259]
Epoch 10:  23%|##........| 132/585 [00:02:13<00:07:38,  0.99it/s, loss=0.0258]
Epoch 10:  24%|##........| 138/585 [00:02:19<00:07:30,  0.99it/s, loss=0.0258]
Epoch 10:  25%|##........| 144/585 [00:02:24<00:07:23,  1.00it/s, loss=0.0258]
Epoch 10:  25%|##........| 149/585 [00:02:29<00:07:18,  1.00it/s, loss=0.0259]
Epoch 10:  26%|##........| 155/585 [00:02:35<00:07:10,  1.00it/s, loss=0.0258]
Epoch 10:  28%|##........| 161/585 [00:02:41<00:07:04,  1.00it/s, loss=0.0258]
Epoch 10:  29%|##........| 167/585 [00:02:47<00:06:58,  1.00it/s, loss=0.0259]
Epoch 10:  30%|##........| 173/585 [00:02:52<00:06:51,  1.00it/s, loss=0.0259]
Epoch 10:  31%|###.......| 179/585 [00:02:58<00:06:45,  1.00it/s, loss=0.0260]
Epoch 10:  31%|###.......| 184/585 [00:03:04<00:06:41,  1.00it/s, loss=0.0259]
Epoch 10:  32%|###.......| 190/585 [00:03:09<00:06:34,  1.00it/s, loss=0.0259]
Epoch 10:  33%|###.......| 195/585 [00:03:15<00:06:30,  1.00it/s, loss=0.0259]
Epoch 10:  34%|###.......| 201/585 [00:03:20<00:06:23,  1.00it/s, loss=0.0260]
Epoch 10:  35%|###.......| 207/585 [00:03:26<00:06:17,  1.00it/s, loss=0.0260]
Epoch 10:  36%|###.......| 213/585 [00:03:32<00:06:11,  1.00it/s, loss=0.0259]
Epoch 10:  37%|###.......| 219/585 [00:03:38<00:06:04,  1.00it/s, loss=0.0258]
Epoch 10:  38%|###.......| 225/585 [00:03:43<00:05:58,  1.00it/s, loss=0.0258]
Epoch 10:  39%|###.......| 230/585 [00:03:49<00:05:54,  1.00it/s, loss=0.0257]
Epoch 10:  40%|####......| 236/585 [00:03:55<00:05:48,  1.00it/s, loss=0.0257]
Epoch 10:  41%|####......| 242/585 [00:04:01<00:05:42,  1.00it/s, loss=0.0256]
Epoch 10:  42%|####......| 247/585 [00:04:06<00:05:37,  1.00it/s, loss=0.0256]
Epoch 10:  43%|####......| 253/585 [00:04:12<00:05:30,  1.00it/s, loss=0.0255]
Epoch 10:  44%|####......| 259/585 [00:04:18<00:05:24,  1.00it/s, loss=0.0259]
Epoch 10:  45%|####......| 265/585 [00:04:24<00:05:18,  1.00it/s, loss=0.0260]
Epoch 10:  46%|####......| 270/585 [00:04:29<00:05:13,  1.00it/s, loss=0.0259]
Epoch 10:  47%|####......| 275/585 [00:04:34<00:05:09,  1.00it/s, loss=0.0259]
Epoch 10:  48%|####......| 280/585 [00:04:39<00:05:04,  1.00it/s, loss=0.0259]
Epoch 10:  49%|####......| 284/585 [00:04:45<00:05:02,  0.99it/s, loss=0.0263]
Epoch 10:  49%|####......| 289/585 [00:04:50<00:04:57,  0.99it/s, loss=0.0264]
Epoch 10:  50%|#####.....| 295/585 [00:04:56<00:04:51,  0.99it/s, loss=0.0264]
Epoch 10:  51%|#####.....| 301/585 [00:05:02<00:04:45,  0.99it/s, loss=0.0264]
Epoch 10:  52%|#####.....| 306/585 [00:05:08<00:04:40,  0.99it/s, loss=0.0264]
Epoch 10:  53%|#####.....| 311/585 [00:05:13<00:04:36,  0.99it/s, loss=0.0268]
Epoch 10:  54%|#####.....| 317/585 [00:05:19<00:04:29,  0.99it/s, loss=0.0267]
Epoch 10:  55%|#####.....| 322/585 [00:05:24<00:04:25,  0.99it/s, loss=0.0267]
Epoch 10:  56%|#####.....| 328/585 [00:05:30<00:04:18,  0.99it/s, loss=0.0269]
Epoch 10:  57%|#####.....| 334/585 [00:05:36<00:04:12,  0.99it/s, loss=0.0270]
Epoch 10:  58%|#####.....| 339/585 [00:05:41<00:04:07,  0.99it/s, loss=0.0271]
Epoch 10:  59%|#####.....| 344/585 [00:05:46<00:04:03,  0.99it/s, loss=0.0271]
Epoch 10:  60%|#####.....| 350/585 [00:05:52<00:03:56,  0.99it/s, loss=0.0271]
Epoch 10:  61%|######....| 355/585 [00:05:57<00:03:51,  0.99it/s, loss=0.0271]
Epoch 10:  61%|######....| 359/585 [00:06:02<00:03:48,  0.99it/s, loss=0.0273]
Epoch 10:  62%|######....| 364/585 [00:06:07<00:03:43,  0.99it/s, loss=0.0274]
Epoch 10:  63%|######....| 369/585 [00:06:13<00:03:38,  0.99it/s, loss=0.0273]
Epoch 10:  64%|######....| 374/585 [00:06:18<00:03:33,  0.99it/s, loss=0.0273]
Epoch 10:  65%|######....| 379/585 [00:06:23<00:03:28,  0.99it/s, loss=0.0273]
Epoch 10:  66%|######....| 385/585 [00:06:29<00:03:22,  0.99it/s, loss=0.0273]
Epoch 10:  67%|######....| 390/585 [00:06:34<00:03:17,  0.99it/s, loss=0.0272]
Epoch 10:  68%|######....| 395/585 [00:06:39<00:03:12,  0.99it/s, loss=0.0272]
Epoch 10:  68%|######....| 399/585 [00:06:45<00:03:08,  0.98it/s, loss=0.0273]
Epoch 10:  69%|######....| 404/585 [00:06:51<00:03:04,  0.98it/s, loss=0.0273]
Epoch 10:  70%|#######...| 410/585 [00:06:56<00:02:57,  0.98it/s, loss=0.0273]
Epoch 10:  71%|#######...| 415/585 [00:07:01<00:02:52,  0.98it/s, loss=0.0273]
Epoch 10:  72%|#######...| 421/585 [00:07:07<00:02:46,  0.98it/s, loss=0.0273]
Epoch 10:  73%|#######...| 426/585 [00:07:13<00:02:41,  0.98it/s, loss=0.0273]
Epoch 10:  74%|#######...| 432/585 [00:07:18<00:02:35,  0.98it/s, loss=0.0273]
Epoch 10:  75%|#######...| 438/585 [00:07:24<00:02:29,  0.98it/s, loss=0.0273]
Epoch 10:  76%|#######...| 443/585 [00:07:30<00:02:24,  0.98it/s, loss=0.0273]
Epoch 10:  77%|#######...| 449/585 [00:07:36<00:02:18,  0.98it/s, loss=0.0273]
Epoch 10:  78%|#######...| 454/585 [00:07:41<00:02:13,  0.98it/s, loss=0.0273]
Epoch 10:  78%|#######...| 458/585 [00:07:46<00:02:09,  0.98it/s, loss=0.0274]
Epoch 10:  79%|#######...| 463/585 [00:07:51<00:02:04,  0.98it/s, loss=0.0274]
Epoch 10:  80%|########..| 468/585 [00:07:56<00:01:59,  0.98it/s, loss=0.0275]
Epoch 10:  81%|########..| 473/585 [00:08:02<00:01:54,  0.98it/s, loss=0.0275]
Epoch 10:  82%|########..| 478/585 [00:08:07<00:01:49,  0.98it/s, loss=0.0275]
Epoch 10:  83%|########..| 484/585 [00:08:12<00:01:42,  0.98it/s, loss=0.0276]
Epoch 10:  84%|########..| 489/585 [00:08:18<00:01:37,  0.98it/s, loss=0.0276]
Epoch 10:  84%|########..| 494/585 [00:08:24<00:01:32,  0.98it/s, loss=0.0276]
Epoch 10:  85%|########..| 500/585 [00:08:30<00:01:26,  0.98it/s, loss=0.0276]
Epoch 10:  86%|########..| 506/585 [00:08:36<00:01:20,  0.98it/s, loss=0.0276]
Epoch 10:  87%|########..| 511/585 [00:08:41<00:01:15,  0.98it/s, loss=0.0276]
Epoch 10:  88%|########..| 516/585 [00:08:46<00:01:10,  0.98it/s, loss=0.0276]
Epoch 10:  89%|########..| 522/585 [00:08:52<00:01:04,  0.98it/s, loss=0.0276]
Epoch 10:  90%|########..| 526/585 [00:08:58<00:01:00,  0.98it/s, loss=0.0276]
Epoch 10:  91%|#########.| 531/585 [00:09:03<00:00:55,  0.98it/s, loss=0.0276]
Epoch 10:  92%|#########.| 537/585 [00:09:09<00:00:49,  0.98it/s, loss=0.0276]
Epoch 10:  92%|#########.| 541/585 [00:09:15<00:00:45,  0.97it/s, loss=0.0277]
Epoch 10:  93%|#########.| 546/585 [00:09:20<00:00:40,  0.97it/s, loss=0.0276]
Epoch 10:  94%|#########.| 552/585 [00:09:25<00:00:33,  0.98it/s, loss=0.0276]
Epoch 10:  95%|#########.| 558/585 [00:09:31<00:00:27,  0.98it/s, loss=0.0276]
Epoch 10:  96%|#########.| 564/585 [00:09:37<00:00:21,  0.98it/s, loss=0.0276]
Epoch 10:  97%|#########.| 569/585 [00:09:42<00:00:16,  0.98it/s, loss=0.0276]
Epoch 10:  98%|#########.| 575/585 [00:09:48<00:00:10,  0.98it/s, loss=0.0276]
Epoch 10:  99%|#########.| 580/585 [00:09:53<00:00:05,  0.98it/s, loss=0.0277]
Epoch 10: 100%|##########| 585/585 [00:09:58<00:00:00,  0.98it/s, loss=0.0277]
Test loss: 0.0271, Test rmsae: 8.72deg
{"event": "epoch_complete", "epoch": 10, "phase": 1, "lr": 0.0001, "batch_size": 1, "micro_batch_size": 1, "train_loss": 0.02766791072825336, "val_loss": 0.02707751392154023, "val_rmsae_deg": 8.72082008421421, "epoch_time_s": 599.4084708581213}
{"event": "checkpoint_saved", "tag": "best_rmsae", "epoch": 10, "path": "IFAN_Edge/outputs/stage3/ifan_stage3_long80_freqblock_paper_original_20260426_113211/checkpoints/best_rmsae.pt", "val_rmsae_deg": 8.72082008421421}
{"event": "checkpoint_saved", "tag": "epoch_010", "epoch": 10, "path": "IFAN_Edge/outputs/stage3/ifan_stage3_long80_freqblock_paper_original_20260426_113211/checkpoints/epoch_010.pt"}
Epoch 11/80:
Epoch 11:   1%|..........| 5/585 [00:00:05<00:10:29,  0.92it/s, loss=0.0268]
Epoch 11:   2%|..........| 10/585 [00:00:10<00:10:11,  0.94it/s, loss=0.0304]
Epoch 11:   3%|..........| 16/585 [00:00:16<00:09:46,  0.97it/s, loss=0.0290]
Epoch 11:   4%|..........| 21/585 [00:00:22<00:10:01,  0.94it/s, loss=0.0282]
Epoch 11:   4%|..........| 26/585 [00:00:27<00:09:56,  0.94it/s, loss=0.0284]
Epoch 11:   5%|..........| 31/585 [00:00:33<00:09:49,  0.94it/s, loss=0.0274]
Epoch 11:   6%|..........| 36/585 [00:00:38<00:09:40,  0.95it/s, loss=0.0272]
Epoch 11:   7%|..........| 42/585 [00:00:43<00:09:22,  0.97it/s, loss=0.0268]
Epoch 11:   8%|..........| 48/585 [00:00:49<00:09:11,  0.97it/s, loss=0.0269]
Epoch 11:   9%|..........| 53/585 [00:00:54<00:09:10,  0.97it/s, loss=0.0272]
Epoch 11:  10%|..........| 57/585 [00:00:59<00:09:14,  0.95it/s, loss=0.0281]
Epoch 11:  11%|#.........| 63/585 [00:01:05<00:09:00,  0.97it/s, loss=0.0278]
Epoch 11:  12%|#.........| 68/585 [00:01:10<00:08:54,  0.97it/s, loss=0.0275]
Epoch 11:  12%|#.........| 73/585 [00:01:15<00:08:50,  0.97it/s, loss=0.0272]
Epoch 11:  13%|#.........| 77/585 [00:01:21<00:08:57,  0.95it/s, loss=0.0272]
Epoch 11:  14%|#.........| 83/585 [00:01:27<00:08:47,  0.95it/s, loss=0.0269]
Epoch 11:  15%|#.........| 88/585 [00:01:32<00:08:41,  0.95it/s, loss=0.0269]
Epoch 11:  16%|#.........| 94/585 [00:01:38<00:08:36,  0.95it/s, loss=0.0270]
Epoch 11:  17%|#.........| 99/585 [00:01:44<00:08:30,  0.95it/s, loss=0.0268]
Epoch 11:  18%|#.........| 105/585 [00:01:49<00:08:21,  0.96it/s, loss=0.0266]
Epoch 11:  19%|#.........| 111/585 [00:01:55<00:08:11,  0.96it/s, loss=0.0264]
Epoch 11:  20%|##........| 117/585 [00:02:01<00:08:04,  0.97it/s, loss=0.0263]
Epoch 11:  21%|##........| 122/585 [00:02:06<00:08:00,  0.96it/s, loss=0.0261]
Epoch 11:  22%|##........| 128/585 [00:02:12<00:07:52,  0.97it/s, loss=0.0260]
Epoch 11:  23%|##........| 133/585 [00:02:17<00:07:47,  0.97it/s, loss=0.0260]
Epoch 11:  24%|##........| 139/585 [00:02:23<00:07:39,  0.97it/s, loss=0.0260]
Epoch 11:  25%|##........| 144/585 [00:02:28<00:07:34,  0.97it/s, loss=0.0262]
Epoch 11:  26%|##........| 150/585 [00:02:34<00:07:28,  0.97it/s, loss=0.0262]
Epoch 11:  26%|##........| 155/585 [00:02:40<00:07:23,  0.97it/s, loss=0.0262]
Epoch 11:  28%|##........| 161/585 [00:02:45<00:07:16,  0.97it/s, loss=0.0262]
Epoch 11:  28%|##........| 166/585 [00:02:50<00:07:11,  0.97it/s, loss=0.0260]
Epoch 11:  29%|##........| 172/585 [00:02:56<00:07:04,  0.97it/s, loss=0.0261]
Epoch 11:  30%|###.......| 177/585 [00:03:02<00:06:59,  0.97it/s, loss=0.0261]
Epoch 11:  31%|###.......| 183/585 [00:03:07<00:06:52,  0.98it/s, loss=0.0260]
Epoch 11:  32%|###.......| 189/585 [00:03:13<00:06:44,  0.98it/s, loss=0.0259]
Epoch 11:  33%|###.......| 194/585 [00:03:18<00:06:39,  0.98it/s, loss=0.0259]
Epoch 11:  34%|###.......| 199/585 [00:03:23<00:06:35,  0.98it/s, loss=0.0259]
Epoch 11:  35%|###.......| 205/585 [00:03:29<00:06:27,  0.98it/s, loss=0.0258]
Epoch 11:  36%|###.......| 210/585 [00:03:34<00:06:22,  0.98it/s, loss=0.0258]
Epoch 11:  37%|###.......| 216/585 [00:03:39<00:06:14,  0.98it/s, loss=0.0258]
Epoch 11:  38%|###.......| 222/585 [00:03:45<00:06:07,  0.99it/s, loss=0.0258]
Epoch 11:  39%|###.......| 227/585 [00:03:50<00:06:04,  0.98it/s, loss=0.0261]
Epoch 11:  40%|###.......| 232/585 [00:03:55<00:05:59,  0.98it/s, loss=0.0262]
Epoch 11:  41%|####......| 237/585 [00:04:01<00:05:54,  0.98it/s, loss=0.0261]
Epoch 11:  41%|####......| 242/585 [00:04:06<00:05:49,  0.98it/s, loss=0.0261]
Epoch 11:  42%|####......| 247/585 [00:04:12<00:05:45,  0.98it/s, loss=0.0264]
Epoch 11:  43%|####......| 253/585 [00:04:17<00:05:38,  0.98it/s, loss=0.0264]
Epoch 11:  44%|####......| 259/585 [00:04:23<00:05:31,  0.98it/s, loss=0.0264]
Epoch 11:  45%|####......| 265/585 [00:04:29<00:05:25,  0.98it/s, loss=0.0264]
Epoch 11:  46%|####......| 270/585 [00:04:35<00:05:20,  0.98it/s, loss=0.0264]
Epoch 11:  47%|####......| 276/585 [00:04:40<00:05:14,  0.98it/s, loss=0.0264]
Epoch 11:  48%|####......| 281/585 [00:04:46<00:05:09,  0.98it/s, loss=0.0264]
Epoch 11:  49%|####......| 286/585 [00:04:51<00:05:04,  0.98it/s, loss=0.0263]
Epoch 11:  50%|####......| 292/585 [00:04:57<00:04:58,  0.98it/s, loss=0.0264]
Epoch 11:  51%|#####.....| 298/585 [00:05:03<00:04:52,  0.98it/s, loss=0.0263]
Epoch 11:  52%|#####.....| 303/585 [00:05:08<00:04:47,  0.98it/s, loss=0.0263]
Epoch 11:  53%|#####.....| 308/585 [00:05:14<00:04:42,  0.98it/s, loss=0.0262]
Epoch 11:  54%|#####.....| 314/585 [00:05:19<00:04:36,  0.98it/s, loss=0.0262]
Epoch 11:  55%|#####.....| 319/585 [00:05:25<00:04:31,  0.98it/s, loss=0.0262]
Epoch 11:  56%|#####.....| 325/585 [00:05:30<00:04:24,  0.98it/s, loss=0.0261]
Epoch 11:  57%|#####.....| 331/585 [00:05:36<00:04:18,  0.98it/s, loss=0.0260]
Epoch 11:  58%|#####.....| 337/585 [00:05:41<00:04:11,  0.99it/s, loss=0.0261]
Epoch 11:  59%|#####.....| 343/585 [00:05:47<00:04:05,  0.99it/s, loss=0.0260]
Epoch 11:  60%|#####.....| 349/585 [00:05:52<00:03:58,  0.99it/s, loss=0.0260]
Epoch 11:  61%|######....| 355/585 [00:05:58<00:03:52,  0.99it/s, loss=0.0260]
Epoch 11:  62%|######....| 360/585 [00:06:03<00:03:47,  0.99it/s, loss=0.0260]
Epoch 11:  63%|######....| 366/585 [00:06:09<00:03:40,  0.99it/s, loss=0.0260]
Epoch 11:  64%|######....| 372/585 [00:06:15<00:03:34,  0.99it/s, loss=0.0260]
Epoch 11:  64%|######....| 377/585 [00:06:20<00:03:29,  0.99it/s, loss=0.0260]
Epoch 11:  65%|######....| 383/585 [00:06:26<00:03:23,  0.99it/s, loss=0.0260]
Epoch 11:  66%|######....| 389/585 [00:06:31<00:03:17,  0.99it/s, loss=0.0260]
Epoch 11:  68%|######....| 395/585 [00:06:37<00:03:11,  0.99it/s, loss=0.0259]
Epoch 11:  69%|######....| 401/585 [00:06:42<00:03:04,  1.00it/s, loss=0.0259]
Epoch 11:  70%|######....| 407/585 [00:06:48<00:02:58,  1.00it/s, loss=0.0259]
Epoch 11:  70%|#######...| 412/585 [00:06:54<00:02:54,  0.99it/s, loss=0.0260]
Epoch 11:  71%|#######...| 417/585 [00:06:59<00:02:49,  0.99it/s, loss=0.0259]
Epoch 11:  72%|#######...| 423/585 [00:07:05<00:02:43,  0.99it/s, loss=0.0259]
Epoch 11:  73%|#######...| 429/585 [00:07:11<00:02:36,  0.99it/s, loss=0.0259]
Epoch 11:  74%|#######...| 434/585 [00:07:16<00:02:31,  0.99it/s, loss=0.0258]
Epoch 11:  75%|#######...| 439/585 [00:07:22<00:02:27,  0.99it/s, loss=0.0258]
Epoch 11:  76%|#######...| 444/585 [00:07:27<00:02:22,  0.99it/s, loss=0.0259]
Epoch 11:  77%|#######...| 450/585 [00:07:32<00:02:15,  0.99it/s, loss=0.0259]
Epoch 11:  78%|#######...| 456/585 [00:07:38<00:02:09,  0.99it/s, loss=0.0259]
Epoch 11:  79%|#######...| 461/585 [00:07:44<00:02:04,  0.99it/s, loss=0.0259]
Epoch 11:  80%|#######...| 467/585 [00:07:49<00:01:58,  1.00it/s, loss=0.0259]
Epoch 11:  81%|########..| 472/585 [00:07:54<00:01:53,  0.99it/s, loss=0.0259]
Epoch 11:  82%|########..| 478/585 [00:08:00<00:01:47,  0.99it/s, loss=0.0259]
Epoch 11:  83%|########..| 484/585 [00:08:05<00:01:41,  1.00it/s, loss=0.0258]
Epoch 11:  84%|########..| 489/585 [00:08:11<00:01:36,  1.00it/s, loss=0.0258]
Epoch 11:  84%|########..| 494/585 [00:08:17<00:01:31,  0.99it/s, loss=0.0258]
Epoch 11:  85%|########..| 500/585 [00:08:22<00:01:25,  0.99it/s, loss=0.0258]
Epoch 11:  86%|########..| 505/585 [00:08:28<00:01:20,  0.99it/s, loss=0.0258]
Epoch 11:  87%|########..| 511/585 [00:08:34<00:01:14,  0.99it/s, loss=0.0258]
Epoch 11:  88%|########..| 516/585 [00:08:39<00:01:09,  0.99it/s, loss=0.0258]
Epoch 11:  89%|########..| 522/585 [00:08:45<00:01:03,  0.99it/s, loss=0.0257]
Epoch 11:  90%|#########.| 528/585 [00:08:51<00:00:57,  0.99it/s, loss=0.0258]
Epoch 11:  91%|#########.| 534/585 [00:08:57<00:00:51,  0.99it/s, loss=0.0257]
Epoch 11:  92%|#########.| 539/585 [00:09:02<00:00:46,  0.99it/s, loss=0.0257]
Epoch 11:  93%|#########.| 545/585 [00:09:08<00:00:40,  0.99it/s, loss=0.0257]
Epoch 11:  94%|#########.| 551/585 [00:09:13<00:00:34,  0.99it/s, loss=0.0257]
Epoch 11:  95%|#########.| 557/585 [00:09:19<00:00:28,  1.00it/s, loss=0.0257]
Epoch 11:  96%|#########.| 563/585 [00:09:24<00:00:22,  1.00it/s, loss=0.0257]
Epoch 11:  97%|#########.| 569/585 [00:09:30<00:00:16,  1.00it/s, loss=0.0257]
Epoch 11:  98%|#########.| 574/585 [00:09:35<00:00:11,  1.00it/s, loss=0.0257]
Epoch 11:  99%|#########.| 580/585 [00:09:41<00:00:05,  1.00it/s, loss=0.0257]
Epoch 11: 100%|##########| 585/585 [00:09:46<00:00:00,  1.00it/s, loss=0.0257]
Test loss: 0.0268, Test rmsae: 8.63deg
{"event": "epoch_complete", "epoch": 11, "phase": 1, "lr": 0.0001, "batch_size": 1, "micro_batch_size": 1, "train_loss": 0.025657181865257075, "val_loss": 0.026780350774060935, "val_rmsae_deg": 8.627919986844063, "epoch_time_s": 587.3389235727955}
{"event": "checkpoint_saved", "tag": "best_rmsae", "epoch": 11, "path": "IFAN_Edge/outputs/stage3/ifan_stage3_long80_freqblock_paper_original_20260426_113211/checkpoints/best_rmsae.pt", "val_rmsae_deg": 8.627919986844063}
Epoch 12/80:
Epoch 12:   1%|..........| 5/585 [00:00:05<00:09:52,  0.98it/s, loss=0.0229]
Epoch 12:   2%|..........| 11/585 [00:00:10<00:09:16,  1.03it/s, loss=0.0231]
Epoch 12:   3%|..........| 17/585 [00:00:16<00:09:00,  1.05it/s, loss=0.0227]
Epoch 12:   4%|..........| 23/585 [00:00:21<00:08:55,  1.05it/s, loss=0.0235]
Epoch 12:   5%|..........| 29/585 [00:00:27<00:08:46,  1.06it/s, loss=0.0228]
Epoch 12:   6%|..........| 34/585 [00:00:32<00:08:50,  1.04it/s, loss=0.0241]
Epoch 12:   7%|..........| 40/585 [00:00:38<00:08:41,  1.05it/s, loss=0.0242]
Epoch 12:   8%|..........| 46/585 [00:00:43<00:08:31,  1.05it/s, loss=0.0241]
Epoch 12:   9%|..........| 52/585 [00:00:49<00:08:28,  1.05it/s, loss=0.0242]
Epoch 12:  10%|..........| 57/585 [00:00:54<00:08:25,  1.04it/s, loss=0.0243]
Epoch 12:  11%|#.........| 63/585 [00:01:00<00:08:18,  1.05it/s, loss=0.0244]
Epoch 12:  12%|#.........| 68/585 [00:01:05<00:08:21,  1.03it/s, loss=0.0245]
Epoch 12:  13%|#.........| 74/585 [00:01:11<00:08:14,  1.03it/s, loss=0.0247]
Epoch 12:  14%|#.........| 80/585 [00:01:16<00:08:05,  1.04it/s, loss=0.0249]
Epoch 12:  15%|#.........| 86/585 [00:01:22<00:07:59,  1.04it/s, loss=0.0248]
Epoch 12:  16%|#.........| 91/585 [00:01:27<00:07:55,  1.04it/s, loss=0.0248]
Epoch 12:  16%|#.........| 96/585 [00:01:32<00:07:51,  1.04it/s, loss=0.0250]
Epoch 12:  17%|#.........| 102/585 [00:01:38<00:07:44,  1.04it/s, loss=0.0250]
Epoch 12:  18%|#.........| 107/585 [00:01:43<00:07:40,  1.04it/s, loss=0.0249]
Epoch 12:  19%|#.........| 112/585 [00:01:48<00:07:37,  1.03it/s, loss=0.0249]
Epoch 12:  20%|##........| 118/585 [00:01:54<00:07:31,  1.03it/s, loss=0.0248]
Epoch 12:  21%|##........| 123/585 [00:01:59<00:07:30,  1.03it/s, loss=0.0251]
Epoch 12:  22%|##........| 128/585 [00:02:05<00:07:26,  1.02it/s, loss=0.0251]
Epoch 12:  23%|##........| 132/585 [00:02:10<00:07:26,  1.01it/s, loss=0.0251]
Epoch 12:  24%|##........| 138/585 [00:02:15<00:07:19,  1.02it/s, loss=0.0250]
Epoch 12:  24%|##........| 143/585 [00:02:20<00:07:15,  1.01it/s, loss=0.0252]
Epoch 12:  25%|##........| 149/585 [00:02:26<00:07:08,  1.02it/s, loss=0.0254]
Epoch 12:  26%|##........| 154/585 [00:02:31<00:07:05,  1.01it/s, loss=0.0255]
Epoch 12:  27%|##........| 160/585 [00:02:37<00:06:58,  1.01it/s, loss=0.0254]
Epoch 12:  28%|##........| 166/585 [00:02:43<00:06:52,  1.02it/s, loss=0.0256]
Epoch 12:  29%|##........| 171/585 [00:02:48<00:06:48,  1.01it/s, loss=0.0255]
Epoch 12:  30%|###.......| 177/585 [00:02:54<00:06:41,  1.02it/s, loss=0.0257]
Epoch 12:  31%|###.......| 183/585 [00:02:59<00:06:34,  1.02it/s, loss=0.0256]
Epoch 12:  32%|###.......| 188/585 [00:03:05<00:06:32,  1.01it/s, loss=0.0256]
Epoch 12:  33%|###.......| 194/585 [00:03:11<00:06:25,  1.01it/s, loss=0.0256]
Epoch 12:  34%|###.......| 200/585 [00:03:17<00:06:19,  1.02it/s, loss=0.0255]
Epoch 12:  35%|###.......| 205/585 [00:03:23<00:06:16,  1.01it/s, loss=0.0256]
Epoch 12:  36%|###.......| 211/585 [00:03:29<00:06:10,  1.01it/s, loss=0.0255]
Epoch 12:  37%|###.......| 217/585 [00:03:34<00:06:04,  1.01it/s, loss=0.0255]
Epoch 12:  38%|###.......| 222/585 [00:03:39<00:05:59,  1.01it/s, loss=0.0255]
Epoch 12:  39%|###.......| 228/585 [00:03:45<00:05:52,  1.01it/s, loss=0.0255]
Epoch 12:  40%|###.......| 233/585 [00:03:51<00:05:49,  1.01it/s, loss=0.0257]
Epoch 12:  41%|####......| 238/585 [00:03:56<00:05:45,  1.00it/s, loss=0.0259]
Epoch 12:  42%|####......| 243/585 [00:04:02<00:05:40,  1.00it/s, loss=0.0261]
Epoch 12:  43%|####......| 249/585 [00:04:07<00:05:34,  1.00it/s, loss=0.0260]
Epoch 12:  43%|####......| 254/585 [00:04:13<00:05:30,  1.00it/s, loss=0.0261]
Epoch 12:  44%|####......| 260/585 [00:04:19<00:05:24,  1.00it/s, loss=0.0262]
Epoch 12:  45%|####......| 265/585 [00:04:24<00:05:19,  1.00it/s, loss=0.0264]
Epoch 12:  46%|####......| 270/585 [00:04:30<00:05:15,  1.00it/s, loss=0.0267]
Epoch 12:  47%|####......| 275/585 [00:04:35<00:05:10,  1.00it/s, loss=0.0267]
Epoch 12:  48%|####......| 281/585 [00:04:40<00:05:03,  1.00it/s, loss=0.0266]
Epoch 12:  49%|####......| 286/585 [00:04:46<00:04:59,  1.00it/s, loss=0.0266]
Epoch 12:  50%|####......| 291/585 [00:04:51<00:04:54,  1.00it/s, loss=0.0265]
Epoch 12:  51%|#####.....| 297/585 [00:04:57<00:04:48,  1.00it/s, loss=0.0266]
Epoch 12:  52%|#####.....| 303/585 [00:05:02<00:04:41,  1.00it/s, loss=0.0266]
Epoch 12:  53%|#####.....| 308/585 [00:05:07<00:04:36,  1.00it/s, loss=0.0266]
Epoch 12:  53%|#####.....| 312/585 [00:05:12<00:04:33,  1.00it/s, loss=0.0266]
Epoch 12:  54%|#####.....| 318/585 [00:05:18<00:04:27,  1.00it/s, loss=0.0266]
Epoch 12:  55%|#####.....| 323/585 [00:05:23<00:04:22,  1.00it/s, loss=0.0266]
Epoch 12:  56%|#####.....| 328/585 [00:05:28<00:04:17,  1.00it/s, loss=0.0265]
Epoch 12:  57%|#####.....| 334/585 [00:05:33<00:04:10,  1.00it/s, loss=0.0264]
Epoch 12:  58%|#####.....| 339/585 [00:05:39<00:04:06,  1.00it/s, loss=0.0264]
Epoch 12:  59%|#####.....| 345/585 [00:05:44<00:03:59,  1.00it/s, loss=0.0264]
Epoch 12:  60%|#####.....| 350/585 [00:05:50<00:03:55,  1.00it/s, loss=0.0264]
Epoch 12:  61%|######....| 356/585 [00:05:55<00:03:48,  1.00it/s, loss=0.0264]
Epoch 12:  62%|######....| 361/585 [00:06:01<00:03:44,  1.00it/s, loss=0.0263]
Epoch 12:  63%|######....| 367/585 [00:06:07<00:03:38,  1.00it/s, loss=0.0263]
Epoch 12:  64%|######....| 372/585 [00:06:12<00:03:33,  1.00it/s, loss=0.0262]
Epoch 12:  64%|######....| 377/585 [00:06:17<00:03:28,  1.00it/s, loss=0.0262]
Epoch 12:  65%|######....| 382/585 [00:06:22<00:03:23,  1.00it/s, loss=0.0262]
Epoch 12:  66%|######....| 387/585 [00:06:28<00:03:18,  1.00it/s, loss=0.0262]
Epoch 12:  67%|######....| 392/585 [00:06:33<00:03:13,  1.00it/s, loss=0.0263]
Epoch 12:  68%|######....| 398/585 [00:06:38<00:03:07,  1.00it/s, loss=0.0262]
Epoch 12:  69%|######....| 404/585 [00:06:44<00:03:01,  1.00it/s, loss=0.0263]
Epoch 12:  70%|#######...| 410/585 [00:06:49<00:02:54,  1.00it/s, loss=0.0262]
Epoch 12:  71%|#######...| 415/585 [00:06:55<00:02:50,  1.00it/s, loss=0.0262]
Epoch 12:  72%|#######...| 421/585 [00:07:01<00:02:44,  1.00it/s, loss=0.0262]
Epoch 12:  73%|#######...| 426/585 [00:07:06<00:02:39,  1.00it/s, loss=0.0262]
Epoch 12:  74%|#######...| 432/585 [00:07:12<00:02:33,  1.00it/s, loss=0.0262]
Epoch 12:  75%|#######...| 437/585 [00:07:18<00:02:28,  1.00it/s, loss=0.0263]
Epoch 12:  76%|#######...| 442/585 [00:07:23<00:02:23,  1.00it/s, loss=0.0263]
Epoch 12:  77%|#######...| 448/585 [00:07:29<00:02:17,  1.00it/s, loss=0.0264]
Epoch 12:  77%|#######...| 453/585 [00:07:34<00:02:12,  1.00it/s, loss=0.0264]
Epoch 12:  78%|#######...| 459/585 [00:07:40<00:02:06,  1.00it/s, loss=0.0264]
Epoch 12:  79%|#######...| 464/585 [00:07:45<00:02:01,  1.00it/s, loss=0.0264]
Epoch 12:  80%|########..| 468/585 [00:07:51<00:01:57,  0.99it/s, loss=0.0264]
Epoch 12:  81%|########..| 473/585 [00:07:56<00:01:52,  0.99it/s, loss=0.0264]
Epoch 12:  82%|########..| 477/585 [00:08:01<00:01:49,  0.99it/s, loss=0.0264]
Epoch 12:  83%|########..| 483/585 [00:08:07<00:01:42,  0.99it/s, loss=0.0263]
Epoch 12:  84%|########..| 489/585 [00:08:13<00:01:36,  0.99it/s, loss=0.0263]
Epoch 12:  85%|########..| 495/585 [00:08:18<00:01:30,  0.99it/s, loss=0.0262]
Epoch 12:  86%|########..| 501/585 [00:08:23<00:01:24,  0.99it/s, loss=0.0262]
Epoch 12:  86%|########..| 506/585 [00:08:28<00:01:19,  0.99it/s, loss=0.0262]
Epoch 12:  88%|########..| 512/585 [00:08:34<00:01:13,  1.00it/s, loss=0.0262]
Epoch 12:  88%|########..| 517/585 [00:08:39<00:01:08,  1.00it/s, loss=0.0261]
Epoch 12:  89%|########..| 522/585 [00:08:44<00:01:03,  0.99it/s, loss=0.0261]
Epoch 12:  90%|#########.| 527/585 [00:08:50<00:00:58,  0.99it/s, loss=0.0261]
Epoch 12:  91%|#########.| 532/585 [00:08:55<00:00:53,  0.99it/s, loss=0.0261]
Epoch 12:  92%|#########.| 537/585 [00:09:01<00:00:48,  0.99it/s, loss=0.0261]
Epoch 12:  93%|#########.| 542/585 [00:09:06<00:00:43,  0.99it/s, loss=0.0261]
Epoch 12:  94%|#########.| 547/585 [00:09:12<00:00:38,  0.99it/s, loss=0.0261]
Epoch 12:  95%|#########.| 553/585 [00:09:17<00:00:32,  0.99it/s, loss=0.0261]
Epoch 12:  96%|#########.| 559/585 [00:09:23<00:00:26,  0.99it/s, loss=0.0262]
Epoch 12:  96%|#########.| 564/585 [00:09:29<00:00:21,  0.99it/s, loss=0.0263]
Epoch 12:  97%|#########.| 569/585 [00:09:35<00:00:16,  0.99it/s, loss=0.0263]
Epoch 12:  98%|#########.| 575/585 [00:09:40<00:00:10,  0.99it/s, loss=0.0263]
Epoch 12:  99%|#########.| 581/585 [00:09:46<00:00:04,  0.99it/s, loss=0.0263]
Epoch 12: 100%|##########| 585/585 [00:09:49<00:00:00,  0.99it/s, loss=0.0263]
Test loss: 0.0268, Test rmsae: 9.12deg
{"event": "epoch_complete", "epoch": 12, "phase": 1, "lr": 0.0001, "batch_size": 1, "micro_batch_size": 1, "train_loss": 0.0262771930736609, "val_loss": 0.02681425359332934, "val_rmsae_deg": 9.118071630597115, "epoch_time_s": 590.3459380459972}
Epoch 13/80:
Epoch 13:   1%|..........| 5/585 [00:00:05<00:10:49,  0.89it/s, loss=0.0278]
Epoch 13:   2%|..........| 11/585 [00:00:11<00:10:18,  0.93it/s, loss=0.0271]
Epoch 13:   3%|..........| 17/585 [00:00:17<00:09:33,  0.99it/s, loss=0.0262]
Epoch 13:   4%|..........| 22/585 [00:00:22<00:09:35,  0.98it/s, loss=0.0274]
Epoch 13:   5%|..........| 27/585 [00:00:27<00:09:30,  0.98it/s, loss=0.0272]
Epoch 13:   6%|..........| 33/585 [00:00:32<00:09:11,  1.00it/s, loss=0.0269]
Epoch 13:   6%|..........| 38/585 [00:00:38<00:09:07,  1.00it/s, loss=0.0271]
Epoch 13:   7%|..........| 43/585 [00:00:43<00:09:02,  1.00it/s, loss=0.0268]
Epoch 13:   8%|..........| 48/585 [00:00:48<00:09:02,  0.99it/s, loss=0.0263]
Epoch 13:   9%|..........| 53/585 [00:00:53<00:09:01,  0.98it/s, loss=0.0265]
Epoch 13:  10%|..........| 58/585 [00:00:59<00:09:01,  0.97it/s, loss=0.0266]
Epoch 13:  11%|#.........| 63/585 [00:01:04<00:08:55,  0.98it/s, loss=0.0265]
Epoch 13:  12%|#.........| 69/585 [00:01:10<00:08:46,  0.98it/s, loss=0.0269]
Epoch 13:  13%|#.........| 74/585 [00:01:15<00:08:41,  0.98it/s, loss=0.0272]
Epoch 13:  14%|#.........| 79/585 [00:01:21<00:08:39,  0.97it/s, loss=0.0271]
Epoch 13:  14%|#.........| 84/585 [00:01:26<00:08:35,  0.97it/s, loss=0.0269]
Epoch 13:  15%|#.........| 89/585 [00:01:31<00:08:30,  0.97it/s, loss=0.0270]
Epoch 13:  16%|#.........| 94/585 [00:01:36<00:08:26,  0.97it/s, loss=0.0268]
Epoch 13:  17%|#.........| 100/585 [00:01:42<00:08:15,  0.98it/s, loss=0.0265]
Epoch 13:  18%|#.........| 105/585 [00:01:47<00:08:12,  0.98it/s, loss=0.0265]
Epoch 13:  19%|#.........| 111/585 [00:01:52<00:08:01,  0.98it/s, loss=0.0264]
Epoch 13:  20%|##........| 117/585 [00:01:58<00:07:54,  0.99it/s, loss=0.0261]
Epoch 13:  21%|##........| 123/585 [00:02:04<00:07:45,  0.99it/s, loss=0.0260]
Epoch 13:  22%|##........| 128/585 [00:02:09<00:07:41,  0.99it/s, loss=0.0259]
Epoch 13:  23%|##........| 132/585 [00:02:14<00:07:42,  0.98it/s, loss=0.0261]
Epoch 13:  24%|##........| 138/585 [00:02:20<00:07:34,  0.98it/s, loss=0.0260]
Epoch 13:  24%|##........| 143/585 [00:02:25<00:07:30,  0.98it/s, loss=0.0260]
Epoch 13:  25%|##........| 149/585 [00:02:31<00:07:22,  0.99it/s, loss=0.0260]
Epoch 13:  26%|##........| 154/585 [00:02:36<00:07:18,  0.98it/s, loss=0.0261]
Epoch 13:  27%|##........| 159/585 [00:02:41<00:07:13,  0.98it/s, loss=0.0261]
Epoch 13:  28%|##........| 164/585 [00:02:46<00:07:08,  0.98it/s, loss=0.0260]
Epoch 13:  29%|##........| 168/585 [00:02:52<00:07:08,  0.97it/s, loss=0.0263]
Epoch 13:  30%|##........| 173/585 [00:02:57<00:07:03,  0.97it/s, loss=0.0262]
Epoch 13:  31%|###.......| 179/585 [00:03:03<00:06:55,  0.98it/s, loss=0.0262]
Epoch 13:  32%|###.......| 185/585 [00:03:08<00:06:47,  0.98it/s, loss=0.0263]
Epoch 13:  32%|###.......| 190/585 [00:03:14<00:06:43,  0.98it/s, loss=0.0264]
Epoch 13:  33%|###.......| 195/585 [00:03:19<00:06:39,  0.98it/s, loss=0.0263]
Epoch 13:  34%|###.......| 200/585 [00:03:25<00:06:35,  0.97it/s, loss=0.0263]
Epoch 13:  35%|###.......| 206/585 [00:03:31<00:06:28,  0.98it/s, loss=0.0261]
Epoch 13:  36%|###.......| 212/585 [00:03:36<00:06:21,  0.98it/s, loss=0.0262]
Epoch 13:  37%|###.......| 217/585 [00:03:42<00:06:16,  0.98it/s, loss=0.0262]
Epoch 13:  38%|###.......| 221/585 [00:03:47<00:06:14,  0.97it/s, loss=0.0261]
Epoch 13:  39%|###.......| 226/585 [00:03:52<00:06:09,  0.97it/s, loss=0.0261]
Epoch 13:  39%|###.......| 231/585 [00:03:57<00:06:04,  0.97it/s, loss=0.0262]
Epoch 13:  41%|####......| 237/585 [00:04:03<00:05:57,  0.97it/s, loss=0.0261]
Epoch 13:  41%|####......| 242/585 [00:04:09<00:05:53,  0.97it/s, loss=0.0261]
Epoch 13:  42%|####......| 247/585 [00:04:14<00:05:48,  0.97it/s, loss=0.0261]
Epoch 13:  43%|####......| 253/585 [00:04:19<00:05:40,  0.97it/s, loss=0.0261]
Epoch 13:  44%|####......| 259/585 [00:04:25<00:05:34,  0.97it/s, loss=0.0260]
Epoch 13:  45%|####......| 263/585 [00:04:31<00:05:32,  0.97it/s, loss=0.0261]
Epoch 13:  46%|####......| 269/585 [00:04:36<00:05:24,  0.97it/s, loss=0.0260]
Epoch 13:  47%|####......| 275/585 [00:04:42<00:05:18,  0.97it/s, loss=0.0260]
Epoch 13:  48%|####......| 280/585 [00:04:48<00:05:14,  0.97it/s, loss=0.0260]
Epoch 13:  49%|####......| 284/585 [00:04:53<00:05:11,  0.97it/s, loss=0.0260]
Epoch 13:  49%|####......| 289/585 [00:04:58<00:05:06,  0.97it/s, loss=0.0259]
Epoch 13:  50%|#####.....| 295/585 [00:05:04<00:04:59,  0.97it/s, loss=0.0259]
Epoch 13:  51%|#####.....| 300/585 [00:05:09<00:04:54,  0.97it/s, loss=0.0259]
Epoch 13:  52%|#####.....| 305/585 [00:05:14<00:04:49,  0.97it/s, loss=0.0259]
Epoch 13:  53%|#####.....| 310/585 [00:05:20<00:04:43,  0.97it/s, loss=0.0259]
Epoch 13:  54%|#####.....| 316/585 [00:05:25<00:04:37,  0.97it/s, loss=0.0258]
Epoch 13:  55%|#####.....| 322/585 [00:05:31<00:04:30,  0.97it/s, loss=0.0260]
Epoch 13:  56%|#####.....| 327/585 [00:05:37<00:04:26,  0.97it/s, loss=0.0264]
Epoch 13:  57%|#####.....| 333/585 [00:05:43<00:04:19,  0.97it/s, loss=0.0264]
Epoch 13:  58%|#####.....| 338/585 [00:05:48<00:04:14,  0.97it/s, loss=0.0265]
Epoch 13:  59%|#####.....| 344/585 [00:05:54<00:04:08,  0.97it/s, loss=0.0266]
Epoch 13:  60%|#####.....| 350/585 [00:05:59<00:04:01,  0.97it/s, loss=0.0266]
Epoch 13:  61%|######....| 355/585 [00:06:05<00:03:56,  0.97it/s, loss=0.0266]
Epoch 13:  62%|######....| 361/585 [00:06:11<00:03:50,  0.97it/s, loss=0.0266]
Epoch 13:  63%|######....| 367/585 [00:06:17<00:03:44,  0.97it/s, loss=0.0266]
Epoch 13:  64%|######....| 373/585 [00:06:22<00:03:37,  0.97it/s, loss=0.0266]
Epoch 13:  65%|######....| 378/585 [00:06:27<00:03:32,  0.97it/s, loss=0.0266]
Epoch 13:  66%|######....| 384/585 [00:06:33<00:03:26,  0.98it/s, loss=0.0265]
Epoch 13:  67%|######....| 390/585 [00:06:39<00:03:19,  0.98it/s, loss=0.0265]
Epoch 13:  68%|######....| 395/585 [00:06:44<00:03:14,  0.98it/s, loss=0.0265]
Epoch 13:  69%|######....| 401/585 [00:06:50<00:03:08,  0.98it/s, loss=0.0264]
Epoch 13:  69%|######....| 406/585 [00:06:56<00:03:03,  0.98it/s, loss=0.0264]
Epoch 13:  70%|#######...| 412/585 [00:07:02<00:02:57,  0.98it/s, loss=0.0264]
Epoch 13:  71%|#######...| 417/585 [00:07:07<00:02:52,  0.98it/s, loss=0.0263]
Epoch 13:  72%|#######...| 422/585 [00:07:12<00:02:47,  0.97it/s, loss=0.0264]
Epoch 13:  73%|#######...| 427/585 [00:07:18<00:02:42,  0.97it/s, loss=0.0264]
Epoch 13:  74%|#######...| 432/585 [00:07:24<00:02:37,  0.97it/s, loss=0.0263]
Epoch 13:  75%|#######...| 438/585 [00:07:29<00:02:30,  0.97it/s, loss=0.0263]
Epoch 13:  76%|#######...| 444/585 [00:07:35<00:02:24,  0.97it/s, loss=0.0263]
Epoch 13:  77%|#######...| 449/585 [00:07:41<00:02:19,  0.97it/s, loss=0.0262]
Epoch 13:  77%|#######...| 453/585 [00:07:46<00:02:15,  0.97it/s, loss=0.0263]
Epoch 13:  78%|#######...| 458/585 [00:07:51<00:02:10,  0.97it/s, loss=0.0264]
Epoch 13:  79%|#######...| 463/585 [00:07:56<00:02:05,  0.97it/s, loss=0.0264]
Epoch 13:  80%|########..| 469/585 [00:08:02<00:01:59,  0.97it/s, loss=0.0264]
Epoch 13:  81%|########..| 475/585 [00:08:08<00:01:53,  0.97it/s, loss=0.0263]
Epoch 13:  82%|########..| 481/585 [00:08:13<00:01:46,  0.97it/s, loss=0.0263]
Epoch 13:  83%|########..| 487/585 [00:08:19<00:01:40,  0.98it/s, loss=0.0263]
Epoch 13:  84%|########..| 493/585 [00:08:25<00:01:34,  0.98it/s, loss=0.0263]
Epoch 13:  85%|########..| 499/585 [00:08:30<00:01:28,  0.98it/s, loss=0.0263]
Epoch 13:  86%|########..| 505/585 [00:08:36<00:01:21,  0.98it/s, loss=0.0264]
Epoch 13:  87%|########..| 510/585 [00:08:42<00:01:16,  0.98it/s, loss=0.0263]
Epoch 13:  88%|########..| 515/585 [00:08:47<00:01:11,  0.98it/s, loss=0.0263]
Epoch 13:  89%|########..| 520/585 [00:08:52<00:01:06,  0.98it/s, loss=0.0263]
Epoch 13:  90%|########..| 526/585 [00:08:58<00:01:00,  0.98it/s, loss=0.0263]
Epoch 13:  91%|#########.| 532/585 [00:09:04<00:00:54,  0.98it/s, loss=0.0263]
Epoch 13:  92%|#########.| 538/585 [00:09:09<00:00:48,  0.98it/s, loss=0.0263]
Epoch 13:  93%|#########.| 544/585 [00:09:15<00:00:41,  0.98it/s, loss=0.0263]
Epoch 13:  94%|#########.| 549/585 [00:09:22<00:00:36,  0.98it/s, loss=0.0263]
Epoch 13:  95%|#########.| 555/585 [00:09:27<00:00:30,  0.98it/s, loss=0.0263]
Epoch 13:  96%|#########.| 561/585 [00:09:33<00:00:24,  0.98it/s, loss=0.0262]
Epoch 13:  97%|#########.| 567/585 [00:09:38<00:00:18,  0.98it/s, loss=0.0262]
Epoch 13:  98%|#########.| 572/585 [00:09:44<00:00:13,  0.98it/s, loss=0.0263]
Epoch 13:  99%|#########.| 577/585 [00:09:49<00:00:08,  0.98it/s, loss=0.0263]
Epoch 13:  99%|#########.| 582/585 [00:09:54<00:00:03,  0.98it/s, loss=0.0262]
Epoch 13: 100%|##########| 585/585 [00:09:58<00:00:00,  0.98it/s, loss=0.0262]
Test loss: 0.0260, Test rmsae: 8.64deg
{"event": "epoch_complete", "epoch": 13, "phase": 1, "lr": 0.0001, "batch_size": 1, "micro_batch_size": 1, "train_loss": 0.026232841407131946, "val_loss": 0.02595747064333409, "val_rmsae_deg": 8.635091990232468, "epoch_time_s": 598.9893400080036}
Epoch 14/80:
Epoch 14:   1%|..........| 5/585 [00:00:05<00:10:20,  0.93it/s, loss=0.0277]
Epoch 14:   2%|..........| 10/585 [00:00:10<00:10:26,  0.92it/s, loss=0.0285]
Epoch 14:   3%|..........| 16/585 [00:00:16<00:09:41,  0.98it/s, loss=0.0278]
Epoch 14:   4%|..........| 22/585 [00:00:21<00:09:21,  1.00it/s, loss=0.0271]
Epoch 14:   5%|..........| 28/585 [00:00:27<00:09:10,  1.01it/s, loss=0.0263]
Epoch 14:   6%|..........| 33/585 [00:00:32<00:09:07,  1.01it/s, loss=0.0262]
Epoch 14:   7%|..........| 39/585 [00:00:38<00:09:01,  1.01it/s, loss=0.0262]
Epoch 14:   8%|..........| 44/585 [00:00:44<00:09:03,  1.00it/s, loss=0.0261]
Epoch 14:   8%|..........| 49/585 [00:00:49<00:09:01,  0.99it/s, loss=0.0262]
Epoch 14:   9%|..........| 55/585 [00:00:54<00:08:48,  1.00it/s, loss=0.0260]
Epoch 14:  10%|#.........| 61/585 [00:01:00<00:08:38,  1.01it/s, loss=0.0258]
Epoch 14:  11%|#.........| 66/585 [00:01:05<00:08:38,  1.00it/s, loss=0.0257]
Epoch 14:  12%|#.........| 71/585 [00:01:11<00:08:35,  1.00it/s, loss=0.0258]
Epoch 14:  13%|#.........| 77/585 [00:01:17<00:08:30,  1.00it/s, loss=0.0256]
Epoch 14:  14%|#.........| 82/585 [00:01:22<00:08:27,  0.99it/s, loss=0.0256]
Epoch 14:  15%|#.........| 87/585 [00:01:27<00:08:23,  0.99it/s, loss=0.0257]
Epoch 14:  16%|#.........| 92/585 [00:01:33<00:08:23,  0.98it/s, loss=0.0254]
Epoch 14:  17%|#.........| 98/585 [00:01:39<00:08:14,  0.98it/s, loss=0.0255]
Epoch 14:  18%|#.........| 103/585 [00:01:45<00:08:14,  0.97it/s, loss=0.0255]
Epoch 14:  18%|#.........| 107/585 [00:01:51<00:08:17,  0.96it/s, loss=0.0256]
Epoch 14:  19%|#.........| 112/585 [00:01:56<00:08:11,  0.96it/s, loss=0.0255]
Epoch 14:  20%|##........| 118/585 [00:02:02<00:08:03,  0.97it/s, loss=0.0255]
Epoch 14:  21%|##........| 124/585 [00:02:07<00:07:55,  0.97it/s, loss=0.0254]
Epoch 14:  22%|##........| 130/585 [00:02:13<00:07:46,  0.98it/s, loss=0.0253]
Epoch 14:  23%|##........| 136/585 [00:02:18<00:07:37,  0.98it/s, loss=0.0251]
Epoch 14:  24%|##........| 142/585 [00:02:23<00:07:29,  0.99it/s, loss=0.0250]
Epoch 14:  25%|##........| 148/585 [00:02:29<00:07:21,  0.99it/s, loss=0.0250]
Epoch 14:  26%|##........| 153/585 [00:02:35<00:07:18,  0.99it/s, loss=0.0249]
Epoch 14:  27%|##........| 158/585 [00:02:40<00:07:12,  0.99it/s, loss=0.0248]
Epoch 14:  28%|##........| 164/585 [00:02:45<00:07:05,  0.99it/s, loss=0.0247]
Epoch 14:  29%|##........| 170/585 [00:02:51<00:06:58,  0.99it/s, loss=0.0246]
Epoch 14:  30%|##........| 175/585 [00:02:56<00:06:53,  0.99it/s, loss=0.0246]
Epoch 14:  31%|###.......| 180/585 [00:03:01<00:06:48,  0.99it/s, loss=0.0246]
Epoch 14:  32%|###.......| 185/585 [00:03:06<00:06:43,  0.99it/s, loss=0.0248]
Epoch 14:  33%|###.......| 191/585 [00:03:12<00:06:37,  0.99it/s, loss=0.0247]
Epoch 14:  34%|###.......| 197/585 [00:03:18<00:06:30,  0.99it/s, loss=0.0246]
Epoch 14:  35%|###.......| 203/585 [00:03:23<00:06:23,  1.00it/s, loss=0.0246]
Epoch 14:  36%|###.......| 209/585 [00:03:28<00:06:15,  1.00it/s, loss=0.0246]
Epoch 14:  37%|###.......| 214/585 [00:03:34<00:06:11,  1.00it/s, loss=0.0249]
Epoch 14:  38%|###.......| 220/585 [00:03:39<00:06:04,  1.00it/s, loss=0.0250]
Epoch 14:  38%|###.......| 225/585 [00:03:45<00:06:00,  1.00it/s, loss=0.0250]
Epoch 14:  39%|###.......| 230/585 [00:03:50<00:05:55,  1.00it/s, loss=0.0250]
Epoch 14:  40%|####......| 235/585 [00:03:55<00:05:50,  1.00it/s, loss=0.0250]
Epoch 14:  41%|####......| 241/585 [00:04:01<00:05:44,  1.00it/s, loss=0.0251]
Epoch 14:  42%|####......| 246/585 [00:04:06<00:05:39,  1.00it/s, loss=0.0251]
Epoch 14:  43%|####......| 252/585 [00:04:11<00:05:32,  1.00it/s, loss=0.0250]
Epoch 14:  44%|####......| 257/585 [00:04:17<00:05:28,  1.00it/s, loss=0.0250]
Epoch 14:  45%|####......| 263/585 [00:04:22<00:05:21,  1.00it/s, loss=0.0250]
Epoch 14:  46%|####......| 268/585 [00:04:28<00:05:17,  1.00it/s, loss=0.0251]
Epoch 14:  47%|####......| 273/585 [00:04:34<00:05:14,  0.99it/s, loss=0.0250]
Epoch 14:  48%|####......| 279/585 [00:04:40<00:05:07,  0.99it/s, loss=0.0249]
Epoch 14:  49%|####......| 285/585 [00:04:46<00:05:01,  1.00it/s, loss=0.0250]
Epoch 14:  50%|####......| 290/585 [00:04:51<00:04:56,  0.99it/s, loss=0.0250]
Epoch 14:  51%|#####.....| 296/585 [00:04:57<00:04:50,  0.99it/s, loss=0.0250]
Epoch 14:  51%|#####.....| 301/585 [00:05:02<00:04:45,  0.99it/s, loss=0.0250]
Epoch 14:  52%|#####.....| 307/585 [00:05:08<00:04:39,  0.99it/s, loss=0.0250]
Epoch 14:  53%|#####.....| 312/585 [00:05:14<00:04:35,  0.99it/s, loss=0.0250]
Epoch 14:  54%|#####.....| 318/585 [00:05:19<00:04:28,  0.99it/s, loss=0.0250]
Epoch 14:  55%|#####.....| 324/585 [00:05:25<00:04:22,  1.00it/s, loss=0.0250]
Epoch 14:  56%|#####.....| 330/585 [00:05:31<00:04:15,  1.00it/s, loss=0.0249]
Epoch 14:  57%|#####.....| 336/585 [00:05:36<00:04:09,  1.00it/s, loss=0.0249]
Epoch 14:  58%|#####.....| 341/585 [00:05:42<00:04:05,  0.99it/s, loss=0.0250]
Epoch 14:  59%|#####.....| 346/585 [00:05:48<00:04:00,  0.99it/s, loss=0.0249]
Epoch 14:  60%|######....| 351/585 [00:05:53<00:03:55,  0.99it/s, loss=0.0249]
Epoch 14:  61%|######....| 356/585 [00:05:58<00:03:50,  0.99it/s, loss=0.0250]
Epoch 14:  62%|######....| 360/585 [00:06:03<00:03:47,  0.99it/s, loss=0.0250]
Epoch 14:  62%|######....| 365/585 [00:06:08<00:03:42,  0.99it/s, loss=0.0250]
Epoch 14:  63%|######....| 371/585 [00:06:14<00:03:35,  0.99it/s, loss=0.0249]
corrupted size vs. prev_size
Fatal Python error: Aborted

Thread 0x00007374cf5f3640 (most recent call first):
<no Python frame>

Current thread 0x00007375e6121740 (most recent call first):
  File "/home/cmm/icocnn/IFAN_Edge/ifan_edge/features/lms.py", line 250 in _estimate_pair_filters_frequency_block
  File "/home/cmm/icocnn/IFAN_Edge/ifan_edge/features/lms.py", line 207 in _estimate_pair_filters
  File "/home/cmm/icocnn/IFAN_Edge/ifan_edge/features/lms.py", line 299 in forward
  File "/home/cmm/miniconda3/envs/icocnn/lib/python3.8/site-packages/torch/nn/modules/module.py", line 1541 in _call_impl
  File "/home/cmm/miniconda3/envs/icocnn/lib/python3.8/site-packages/torch/nn/modules/module.py", line 1532 in _wrapped_call_impl
  File "/home/cmm/icocnn/IFAN_Edge/ifan_edge/features/dual_preprocessor.py", line 152 in data_transformation
  File "/home/cmm/icocnn/IFAN_Edge/ifan_edge/training/pipeline.py", line 449 in train_epoch
  File "/home/cmm/icocnn/IFAN_Edge/ifan_edge/training/pipeline.py", line 785 in run
  File "IFAN_Edge/scripts/train_stage3_ifan.py", line 198 in main
  File "IFAN_Edge/scripts/train_stage3_ifan.py", line 203 in <module>
