{"event": "stage3_boot", "output_dir": "IFAN_Edge/outputs/stage3/ifan_stage3_long80_c8_r2_map_maba_20260516_154535", "device_requested": "cuda", "device_resolved": "cuda", "epochs": 80, "model_topology": "paper_dual_mainline", "branch_channels": 8, "final_head_pooling": false, "input_ablation_mode": "none", "srp_variant": "paper_original", "temporal_conv_variant": "standard_1d", "map_refiner": "maba", "resume_checkpoint_path": null, "resume_output_dir": null}
{"event": "datasets_ready", "train_split_path": "/home/cmm/icocnn/datasets/LibriSpeech/train-clean-100", "validation_split_path": "/home/cmm/icocnn/datasets/LibriSpeech/test-clean", "train_source_size": 585, "validation_source_size": 87}
{"event": "preprocessors_ready"}
{"event": "validation_cache_build_start", "validation_dataset_size": 32, "validation_batch_size": 1}
{"event": "validation_cache_progress", "pid": 275791, "ts_utc": "2026-05-16T07:45:37+00:00", "stage": "before_get_batch", "batch_index": 1, "total_batches": 32, "sample_start": 0, "sample_stop": 1}
{"event": "validation_cache_progress", "pid": 275791, "ts_utc": "2026-05-16T07:45:37+00:00", "stage": "after_get_batch", "batch_index": 1, "total_batches": 32, "sample_start": 0, "sample_stop": 1}
{"event": "validation_cache_progress", "pid": 275791, "ts_utc": "2026-05-16T07:45:38+00:00", "stage": "after_preprocess", "batch_index": 1, "total_batches": 32, "sample_start": 0, "sample_stop": 1}
{"event": "validation_cache_progress", "pid": 275791, "ts_utc": "2026-05-16T07:45:38+00:00", "stage": "after_cache_append", "batch_index": 1, "total_batches": 32, "sample_start": 0, "sample_stop": 1}
{"event": "validation_cache_progress", "pid": 275791, "ts_utc": "2026-05-16T07:45:38+00:00", "stage": "before_get_batch", "batch_index": 2, "total_batches": 32, "sample_start": 1, "sample_stop": 2}
{"event": "validation_cache_progress", "pid": 275791, "ts_utc": "2026-05-16T07:45:39+00:00", "stage": "after_get_batch", "batch_index": 2, "total_batches": 32, "sample_start": 1, "sample_stop": 2}
{"event": "validation_cache_progress", "pid": 275791, "ts_utc": "2026-05-16T07:45:40+00:00", "stage": "after_preprocess", "batch_index": 2, "total_batches": 32, "sample_start": 1, "sample_stop": 2}
{"event": "validation_cache_progress", "pid": 275791, "ts_utc": "2026-05-16T07:45:40+00:00", "stage": "after_cache_append", "batch_index": 2, "total_batches": 32, "sample_start": 1, "sample_stop": 2}
{"event": "validation_cache_progress", "pid": 275791, "ts_utc": "2026-05-16T07:45:40+00:00", "stage": "before_get_batch", "batch_index": 3, "total_batches": 32, "sample_start": 2, "sample_stop": 3}
{"event": "validation_cache_progress", "pid": 275791, "ts_utc": "2026-05-16T07:45:41+00:00", "stage": "after_get_batch", "batch_index": 3, "total_batches": 32, "sample_start": 2, "sample_stop": 3}
{"event": "validation_cache_progress", "pid": 275791, "ts_utc": "2026-05-16T07:45:41+00:00", "stage": "after_preprocess", "batch_index": 3, "total_batches": 32, "sample_start": 2, "sample_stop": 3}
{"event": "validation_cache_progress", "pid": 275791, "ts_utc": "2026-05-16T07:45:41+00:00", "stage": "after_cache_append", "batch_index": 3, "total_batches": 32, "sample_start": 2, "sample_stop": 3}
{"event": "validation_cache_progress", "pid": 275791, "ts_utc": "2026-05-16T07:45:41+00:00", "stage": "before_get_batch", "batch_index": 4, "total_batches": 32, "sample_start": 3, "sample_stop": 4}
{"event": "validation_cache_progress", "pid": 275791, "ts_utc": "2026-05-16T07:45:42+00:00", "stage": "after_get_batch", "batch_index": 4, "total_batches": 32, "sample_start": 3, "sample_stop": 4}
{"event": "validation_cache_progress", "pid": 275791, "ts_utc": "2026-05-16T07:45:43+00:00", "stage": "after_preprocess", "batch_index": 4, "total_batches": 32, "sample_start": 3, "sample_stop": 4}
{"event": "validation_cache_progress", "pid": 275791, "ts_utc": "2026-05-16T07:45:43+00:00", "stage": "after_cache_append", "batch_index": 4, "total_batches": 32, "sample_start": 3, "sample_stop": 4}
{"event": "validation_cache_progress", "pid": 275791, "ts_utc": "2026-05-16T07:45:43+00:00", "stage": "before_get_batch", "batch_index": 5, "total_batches": 32, "sample_start": 4, "sample_stop": 5}
{"event": "validation_cache_progress", "pid": 275791, "ts_utc": "2026-05-16T07:45:44+00:00", "stage": "after_get_batch", "batch_index": 5, "total_batches": 32, "sample_start": 4, "sample_stop": 5}
{"event": "validation_cache_progress", "pid": 275791, "ts_utc": "2026-05-16T07:45:44+00:00", "stage": "after_preprocess", "batch_index": 5, "total_batches": 32, "sample_start": 4, "sample_stop": 5}
{"event": "validation_cache_progress", "pid": 275791, "ts_utc": "2026-05-16T07:45:44+00:00", "stage": "after_cache_append", "batch_index": 5, "total_batches": 32, "sample_start": 4, "sample_stop": 5}
{"event": "validation_cache_progress", "pid": 275791, "ts_utc": "2026-05-16T07:45:44+00:00", "stage": "before_get_batch", "batch_index": 6, "total_batches": 32, "sample_start": 5, "sample_stop": 6}
{"event": "validation_cache_progress", "pid": 275791, "ts_utc": "2026-05-16T07:45:45+00:00", "stage": "after_get_batch", "batch_index": 6, "total_batches": 32, "sample_start": 5, "sample_stop": 6}
{"event": "validation_cache_progress", "pid": 275791, "ts_utc": "2026-05-16T07:45:46+00:00", "stage": "after_preprocess", "batch_index": 6, "total_batches": 32, "sample_start": 5, "sample_stop": 6}
{"event": "validation_cache_progress", "pid": 275791, "ts_utc": "2026-05-16T07:45:46+00:00", "stage": "after_cache_append", "batch_index": 6, "total_batches": 32, "sample_start": 5, "sample_stop": 6}
{"event": "validation_cache_progress", "pid": 275791, "ts_utc": "2026-05-16T07:45:46+00:00", "stage": "before_get_batch", "batch_index": 7, "total_batches": 32, "sample_start": 6, "sample_stop": 7}
{"event": "validation_cache_progress", "pid": 275791, "ts_utc": "2026-05-16T07:45:47+00:00", "stage": "after_get_batch", "batch_index": 7, "total_batches": 32, "sample_start": 6, "sample_stop": 7}
{"event": "validation_cache_progress", "pid": 275791, "ts_utc": "2026-05-16T07:45:47+00:00", "stage": "after_preprocess", "batch_index": 7, "total_batches": 32, "sample_start": 6, "sample_stop": 7}
{"event": "validation_cache_progress", "pid": 275791, "ts_utc": "2026-05-16T07:45:47+00:00", "stage": "after_cache_append", "batch_index": 7, "total_batches": 32, "sample_start": 6, "sample_stop": 7}
{"event": "validation_cache_progress", "pid": 275791, "ts_utc": "2026-05-16T07:45:47+00:00", "stage": "before_get_batch", "batch_index": 8, "total_batches": 32, "sample_start": 7, "sample_stop": 8}
{"event": "validation_cache_progress", "pid": 275791, "ts_utc": "2026-05-16T07:45:48+00:00", "stage": "after_get_batch", "batch_index": 8, "total_batches": 32, "sample_start": 7, "sample_stop": 8}
{"event": "validation_cache_progress", "pid": 275791, "ts_utc": "2026-05-16T07:45:49+00:00", "stage": "after_preprocess", "batch_index": 8, "total_batches": 32, "sample_start": 7, "sample_stop": 8}
{"event": "validation_cache_progress", "pid": 275791, "ts_utc": "2026-05-16T07:45:49+00:00", "stage": "after_cache_append", "batch_index": 8, "total_batches": 32, "sample_start": 7, "sample_stop": 8}
{"event": "validation_cache_progress", "pid": 275791, "ts_utc": "2026-05-16T07:45:49+00:00", "stage": "before_get_batch", "batch_index": 9, "total_batches": 32, "sample_start": 8, "sample_stop": 9}
{"event": "validation_cache_progress", "pid": 275791, "ts_utc": "2026-05-16T07:45:50+00:00", "stage": "after_get_batch", "batch_index": 9, "total_batches": 32, "sample_start": 8, "sample_stop": 9}
{"event": "validation_cache_progress", "pid": 275791, "ts_utc": "2026-05-16T07:45:50+00:00", "stage": "after_preprocess", "batch_index": 9, "total_batches": 32, "sample_start": 8, "sample_stop": 9}
{"event": "validation_cache_progress", "pid": 275791, "ts_utc": "2026-05-16T07:45:50+00:00", "stage": "after_cache_append", "batch_index": 9, "total_batches": 32, "sample_start": 8, "sample_stop": 9}
{"event": "validation_cache_progress", "pid": 275791, "ts_utc": "2026-05-16T07:45:50+00:00", "stage": "before_get_batch", "batch_index": 10, "total_batches": 32, "sample_start": 9, "sample_stop": 10}
{"event": "validation_cache_progress", "pid": 275791, "ts_utc": "2026-05-16T07:45:51+00:00", "stage": "after_get_batch", "batch_index": 10, "total_batches": 32, "sample_start": 9, "sample_stop": 10}
{"event": "validation_cache_progress", "pid": 275791, "ts_utc": "2026-05-16T07:45:52+00:00", "stage": "after_preprocess", "batch_index": 10, "total_batches": 32, "sample_start": 9, "sample_stop": 10}
{"event": "validation_cache_progress", "pid": 275791, "ts_utc": "2026-05-16T07:45:52+00:00", "stage": "after_cache_append", "batch_index": 10, "total_batches": 32, "sample_start": 9, "sample_stop": 10}
{"event": "validation_cache_progress", "pid": 275791, "ts_utc": "2026-05-16T07:45:52+00:00", "stage": "before_get_batch", "batch_index": 11, "total_batches": 32, "sample_start": 10, "sample_stop": 11}
{"event": "validation_cache_progress", "pid": 275791, "ts_utc": "2026-05-16T07:45:52+00:00", "stage": "after_get_batch", "batch_index": 11, "total_batches": 32, "sample_start": 10, "sample_stop": 11}
{"event": "validation_cache_progress", "pid": 275791, "ts_utc": "2026-05-16T07:45:53+00:00", "stage": "after_preprocess", "batch_index": 11, "total_batches": 32, "sample_start": 10, "sample_stop": 11}
{"event": "validation_cache_progress", "pid": 275791, "ts_utc": "2026-05-16T07:45:53+00:00", "stage": "after_cache_append", "batch_index": 11, "total_batches": 32, "sample_start": 10, "sample_stop": 11}
{"event": "validation_cache_progress", "pid": 275791, "ts_utc": "2026-05-16T07:45:53+00:00", "stage": "before_get_batch", "batch_index": 12, "total_batches": 32, "sample_start": 11, "sample_stop": 12}
{"event": "validation_cache_progress", "pid": 275791, "ts_utc": "2026-05-16T07:45:53+00:00", "stage": "after_get_batch", "batch_index": 12, "total_batches": 32, "sample_start": 11, "sample_stop": 12}
{"event": "validation_cache_progress", "pid": 275791, "ts_utc": "2026-05-16T07:45:54+00:00", "stage": "after_preprocess", "batch_index": 12, "total_batches": 32, "sample_start": 11, "sample_stop": 12}
{"event": "validation_cache_progress", "pid": 275791, "ts_utc": "2026-05-16T07:45:54+00:00", "stage": "after_cache_append", "batch_index": 12, "total_batches": 32, "sample_start": 11, "sample_stop": 12}
{"event": "validation_cache_progress", "pid": 275791, "ts_utc": "2026-05-16T07:45:54+00:00", "stage": "before_get_batch", "batch_index": 13, "total_batches": 32, "sample_start": 12, "sample_stop": 13}
{"event": "validation_cache_progress", "pid": 275791, "ts_utc": "2026-05-16T07:45:55+00:00", "stage": "after_get_batch", "batch_index": 13, "total_batches": 32, "sample_start": 12, "sample_stop": 13}
{"event": "validation_cache_progress", "pid": 275791, "ts_utc": "2026-05-16T07:45:55+00:00", "stage": "after_preprocess", "batch_index": 13, "total_batches": 32, "sample_start": 12, "sample_stop": 13}
{"event": "validation_cache_progress", "pid": 275791, "ts_utc": "2026-05-16T07:45:55+00:00", "stage": "after_cache_append", "batch_index": 13, "total_batches": 32, "sample_start": 12, "sample_stop": 13}
{"event": "validation_cache_progress", "pid": 275791, "ts_utc": "2026-05-16T07:45:55+00:00", "stage": "before_get_batch", "batch_index": 14, "total_batches": 32, "sample_start": 13, "sample_stop": 14}
{"event": "validation_cache_progress", "pid": 275791, "ts_utc": "2026-05-16T07:45:56+00:00", "stage": "after_get_batch", "batch_index": 14, "total_batches": 32, "sample_start": 13, "sample_stop": 14}
{"event": "validation_cache_progress", "pid": 275791, "ts_utc": "2026-05-16T07:45:57+00:00", "stage": "after_preprocess", "batch_index": 14, "total_batches": 32, "sample_start": 13, "sample_stop": 14}
{"event": "validation_cache_progress", "pid": 275791, "ts_utc": "2026-05-16T07:45:57+00:00", "stage": "after_cache_append", "batch_index": 14, "total_batches": 32, "sample_start": 13, "sample_stop": 14}
{"event": "validation_cache_progress", "pid": 275791, "ts_utc": "2026-05-16T07:45:57+00:00", "stage": "before_get_batch", "batch_index": 15, "total_batches": 32, "sample_start": 14, "sample_stop": 15}
{"event": "validation_cache_progress", "pid": 275791, "ts_utc": "2026-05-16T07:45:58+00:00", "stage": "after_get_batch", "batch_index": 15, "total_batches": 32, "sample_start": 14, "sample_stop": 15}
{"event": "validation_cache_progress", "pid": 275791, "ts_utc": "2026-05-16T07:45:59+00:00", "stage": "after_preprocess", "batch_index": 15, "total_batches": 32, "sample_start": 14, "sample_stop": 15}
{"event": "validation_cache_progress", "pid": 275791, "ts_utc": "2026-05-16T07:45:59+00:00", "stage": "after_cache_append", "batch_index": 15, "total_batches": 32, "sample_start": 14, "sample_stop": 15}
{"event": "validation_cache_progress", "pid": 275791, "ts_utc": "2026-05-16T07:45:59+00:00", "stage": "before_get_batch", "batch_index": 16, "total_batches": 32, "sample_start": 15, "sample_stop": 16}
{"event": "validation_cache_progress", "pid": 275791, "ts_utc": "2026-05-16T07:45:59+00:00", "stage": "after_get_batch", "batch_index": 16, "total_batches": 32, "sample_start": 15, "sample_stop": 16}
{"event": "validation_cache_progress", "pid": 275791, "ts_utc": "2026-05-16T07:46:00+00:00", "stage": "after_preprocess", "batch_index": 16, "total_batches": 32, "sample_start": 15, "sample_stop": 16}
{"event": "validation_cache_progress", "pid": 275791, "ts_utc": "2026-05-16T07:46:00+00:00", "stage": "after_cache_append", "batch_index": 16, "total_batches": 32, "sample_start": 15, "sample_stop": 16}
{"event": "validation_cache_progress", "pid": 275791, "ts_utc": "2026-05-16T07:46:00+00:00", "stage": "before_get_batch", "batch_index": 17, "total_batches": 32, "sample_start": 16, "sample_stop": 17}
{"event": "validation_cache_progress", "pid": 275791, "ts_utc": "2026-05-16T07:46:00+00:00", "stage": "after_get_batch", "batch_index": 17, "total_batches": 32, "sample_start": 16, "sample_stop": 17}
{"event": "validation_cache_progress", "pid": 275791, "ts_utc": "2026-05-16T07:46:01+00:00", "stage": "after_preprocess", "batch_index": 17, "total_batches": 32, "sample_start": 16, "sample_stop": 17}
{"event": "validation_cache_progress", "pid": 275791, "ts_utc": "2026-05-16T07:46:01+00:00", "stage": "after_cache_append", "batch_index": 17, "total_batches": 32, "sample_start": 16, "sample_stop": 17}
{"event": "validation_cache_progress", "pid": 275791, "ts_utc": "2026-05-16T07:46:01+00:00", "stage": "before_get_batch", "batch_index": 18, "total_batches": 32, "sample_start": 17, "sample_stop": 18}
{"event": "validation_cache_progress", "pid": 275791, "ts_utc": "2026-05-16T07:46:02+00:00", "stage": "after_get_batch", "batch_index": 18, "total_batches": 32, "sample_start": 17, "sample_stop": 18}
{"event": "validation_cache_progress", "pid": 275791, "ts_utc": "2026-05-16T07:46:03+00:00", "stage": "after_preprocess", "batch_index": 18, "total_batches": 32, "sample_start": 17, "sample_stop": 18}
{"event": "validation_cache_progress", "pid": 275791, "ts_utc": "2026-05-16T07:46:03+00:00", "stage": "after_cache_append", "batch_index": 18, "total_batches": 32, "sample_start": 17, "sample_stop": 18}
{"event": "validation_cache_progress", "pid": 275791, "ts_utc": "2026-05-16T07:46:03+00:00", "stage": "before_get_batch", "batch_index": 19, "total_batches": 32, "sample_start": 18, "sample_stop": 19}
{"event": "validation_cache_progress", "pid": 275791, "ts_utc": "2026-05-16T07:46:04+00:00", "stage": "after_get_batch", "batch_index": 19, "total_batches": 32, "sample_start": 18, "sample_stop": 19}
{"event": "validation_cache_progress", "pid": 275791, "ts_utc": "2026-05-16T07:46:05+00:00", "stage": "after_preprocess", "batch_index": 19, "total_batches": 32, "sample_start": 18, "sample_stop": 19}
{"event": "validation_cache_progress", "pid": 275791, "ts_utc": "2026-05-16T07:46:05+00:00", "stage": "after_cache_append", "batch_index": 19, "total_batches": 32, "sample_start": 18, "sample_stop": 19}
{"event": "validation_cache_progress", "pid": 275791, "ts_utc": "2026-05-16T07:46:05+00:00", "stage": "before_get_batch", "batch_index": 20, "total_batches": 32, "sample_start": 19, "sample_stop": 20}
{"event": "validation_cache_progress", "pid": 275791, "ts_utc": "2026-05-16T07:46:05+00:00", "stage": "after_get_batch", "batch_index": 20, "total_batches": 32, "sample_start": 19, "sample_stop": 20}
{"event": "validation_cache_progress", "pid": 275791, "ts_utc": "2026-05-16T07:46:06+00:00", "stage": "after_preprocess", "batch_index": 20, "total_batches": 32, "sample_start": 19, "sample_stop": 20}
{"event": "validation_cache_progress", "pid": 275791, "ts_utc": "2026-05-16T07:46:06+00:00", "stage": "after_cache_append", "batch_index": 20, "total_batches": 32, "sample_start": 19, "sample_stop": 20}
{"event": "validation_cache_progress", "pid": 275791, "ts_utc": "2026-05-16T07:46:06+00:00", "stage": "before_get_batch", "batch_index": 21, "total_batches": 32, "sample_start": 20, "sample_stop": 21}
{"event": "validation_cache_progress", "pid": 275791, "ts_utc": "2026-05-16T07:46:07+00:00", "stage": "after_get_batch", "batch_index": 21, "total_batches": 32, "sample_start": 20, "sample_stop": 21}
{"event": "validation_cache_progress", "pid": 275791, "ts_utc": "2026-05-16T07:46:07+00:00", "stage": "after_preprocess", "batch_index": 21, "total_batches": 32, "sample_start": 20, "sample_stop": 21}
{"event": "validation_cache_progress", "pid": 275791, "ts_utc": "2026-05-16T07:46:07+00:00", "stage": "after_cache_append", "batch_index": 21, "total_batches": 32, "sample_start": 20, "sample_stop": 21}
{"event": "validation_cache_progress", "pid": 275791, "ts_utc": "2026-05-16T07:46:07+00:00", "stage": "before_get_batch", "batch_index": 22, "total_batches": 32, "sample_start": 21, "sample_stop": 22}
{"event": "validation_cache_progress", "pid": 275791, "ts_utc": "2026-05-16T07:46:08+00:00", "stage": "after_get_batch", "batch_index": 22, "total_batches": 32, "sample_start": 21, "sample_stop": 22}
{"event": "validation_cache_progress", "pid": 275791, "ts_utc": "2026-05-16T07:46:09+00:00", "stage": "after_preprocess", "batch_index": 22, "total_batches": 32, "sample_start": 21, "sample_stop": 22}
{"event": "validation_cache_progress", "pid": 275791, "ts_utc": "2026-05-16T07:46:09+00:00", "stage": "after_cache_append", "batch_index": 22, "total_batches": 32, "sample_start": 21, "sample_stop": 22}
{"event": "validation_cache_progress", "pid": 275791, "ts_utc": "2026-05-16T07:46:09+00:00", "stage": "before_get_batch", "batch_index": 23, "total_batches": 32, "sample_start": 22, "sample_stop": 23}
{"event": "validation_cache_progress", "pid": 275791, "ts_utc": "2026-05-16T07:46:10+00:00", "stage": "after_get_batch", "batch_index": 23, "total_batches": 32, "sample_start": 22, "sample_stop": 23}
{"event": "validation_cache_progress", "pid": 275791, "ts_utc": "2026-05-16T07:46:10+00:00", "stage": "after_preprocess", "batch_index": 23, "total_batches": 32, "sample_start": 22, "sample_stop": 23}
{"event": "validation_cache_progress", "pid": 275791, "ts_utc": "2026-05-16T07:46:10+00:00", "stage": "after_cache_append", "batch_index": 23, "total_batches": 32, "sample_start": 22, "sample_stop": 23}
{"event": "validation_cache_progress", "pid": 275791, "ts_utc": "2026-05-16T07:46:10+00:00", "stage": "before_get_batch", "batch_index": 24, "total_batches": 32, "sample_start": 23, "sample_stop": 24}
{"event": "validation_cache_progress", "pid": 275791, "ts_utc": "2026-05-16T07:46:11+00:00", "stage": "after_get_batch", "batch_index": 24, "total_batches": 32, "sample_start": 23, "sample_stop": 24}
{"event": "validation_cache_progress", "pid": 275791, "ts_utc": "2026-05-16T07:46:12+00:00", "stage": "after_preprocess", "batch_index": 24, "total_batches": 32, "sample_start": 23, "sample_stop": 24}
{"event": "validation_cache_progress", "pid": 275791, "ts_utc": "2026-05-16T07:46:12+00:00", "stage": "after_cache_append", "batch_index": 24, "total_batches": 32, "sample_start": 23, "sample_stop": 24}
{"event": "validation_cache_progress", "pid": 275791, "ts_utc": "2026-05-16T07:46:12+00:00", "stage": "before_get_batch", "batch_index": 25, "total_batches": 32, "sample_start": 24, "sample_stop": 25}
{"event": "validation_cache_progress", "pid": 275791, "ts_utc": "2026-05-16T07:46:13+00:00", "stage": "after_get_batch", "batch_index": 25, "total_batches": 32, "sample_start": 24, "sample_stop": 25}
{"event": "validation_cache_progress", "pid": 275791, "ts_utc": "2026-05-16T07:46:13+00:00", "stage": "after_preprocess", "batch_index": 25, "total_batches": 32, "sample_start": 24, "sample_stop": 25}
{"event": "validation_cache_progress", "pid": 275791, "ts_utc": "2026-05-16T07:46:13+00:00", "stage": "after_cache_append", "batch_index": 25, "total_batches": 32, "sample_start": 24, "sample_stop": 25}
{"event": "validation_cache_progress", "pid": 275791, "ts_utc": "2026-05-16T07:46:13+00:00", "stage": "before_get_batch", "batch_index": 26, "total_batches": 32, "sample_start": 25, "sample_stop": 26}
{"event": "validation_cache_progress", "pid": 275791, "ts_utc": "2026-05-16T07:46:14+00:00", "stage": "after_get_batch", "batch_index": 26, "total_batches": 32, "sample_start": 25, "sample_stop": 26}
{"event": "validation_cache_progress", "pid": 275791, "ts_utc": "2026-05-16T07:46:15+00:00", "stage": "after_preprocess", "batch_index": 26, "total_batches": 32, "sample_start": 25, "sample_stop": 26}
{"event": "validation_cache_progress", "pid": 275791, "ts_utc": "2026-05-16T07:46:15+00:00", "stage": "after_cache_append", "batch_index": 26, "total_batches": 32, "sample_start": 25, "sample_stop": 26}
{"event": "validation_cache_progress", "pid": 275791, "ts_utc": "2026-05-16T07:46:15+00:00", "stage": "before_get_batch", "batch_index": 27, "total_batches": 32, "sample_start": 26, "sample_stop": 27}
{"event": "validation_cache_progress", "pid": 275791, "ts_utc": "2026-05-16T07:46:15+00:00", "stage": "after_get_batch", "batch_index": 27, "total_batches": 32, "sample_start": 26, "sample_stop": 27}
{"event": "validation_cache_progress", "pid": 275791, "ts_utc": "2026-05-16T07:46:16+00:00", "stage": "after_preprocess", "batch_index": 27, "total_batches": 32, "sample_start": 26, "sample_stop": 27}
{"event": "validation_cache_progress", "pid": 275791, "ts_utc": "2026-05-16T07:46:16+00:00", "stage": "after_cache_append", "batch_index": 27, "total_batches": 32, "sample_start": 26, "sample_stop": 27}
{"event": "validation_cache_progress", "pid": 275791, "ts_utc": "2026-05-16T07:46:16+00:00", "stage": "before_get_batch", "batch_index": 28, "total_batches": 32, "sample_start": 27, "sample_stop": 28}
{"event": "validation_cache_progress", "pid": 275791, "ts_utc": "2026-05-16T07:46:17+00:00", "stage": "after_get_batch", "batch_index": 28, "total_batches": 32, "sample_start": 27, "sample_stop": 28}
{"event": "validation_cache_progress", "pid": 275791, "ts_utc": "2026-05-16T07:46:17+00:00", "stage": "after_preprocess", "batch_index": 28, "total_batches": 32, "sample_start": 27, "sample_stop": 28}
{"event": "validation_cache_progress", "pid": 275791, "ts_utc": "2026-05-16T07:46:17+00:00", "stage": "after_cache_append", "batch_index": 28, "total_batches": 32, "sample_start": 27, "sample_stop": 28}
{"event": "validation_cache_progress", "pid": 275791, "ts_utc": "2026-05-16T07:46:17+00:00", "stage": "before_get_batch", "batch_index": 29, "total_batches": 32, "sample_start": 28, "sample_stop": 29}
{"event": "validation_cache_progress", "pid": 275791, "ts_utc": "2026-05-16T07:46:18+00:00", "stage": "after_get_batch", "batch_index": 29, "total_batches": 32, "sample_start": 28, "sample_stop": 29}
{"event": "validation_cache_progress", "pid": 275791, "ts_utc": "2026-05-16T07:46:19+00:00", "stage": "after_preprocess", "batch_index": 29, "total_batches": 32, "sample_start": 28, "sample_stop": 29}
{"event": "validation_cache_progress", "pid": 275791, "ts_utc": "2026-05-16T07:46:19+00:00", "stage": "after_cache_append", "batch_index": 29, "total_batches": 32, "sample_start": 28, "sample_stop": 29}
{"event": "validation_cache_progress", "pid": 275791, "ts_utc": "2026-05-16T07:46:19+00:00", "stage": "before_get_batch", "batch_index": 30, "total_batches": 32, "sample_start": 29, "sample_stop": 30}
{"event": "validation_cache_progress", "pid": 275791, "ts_utc": "2026-05-16T07:46:20+00:00", "stage": "after_get_batch", "batch_index": 30, "total_batches": 32, "sample_start": 29, "sample_stop": 30}
{"event": "validation_cache_progress", "pid": 275791, "ts_utc": "2026-05-16T07:46:21+00:00", "stage": "after_preprocess", "batch_index": 30, "total_batches": 32, "sample_start": 29, "sample_stop": 30}
{"event": "validation_cache_progress", "pid": 275791, "ts_utc": "2026-05-16T07:46:21+00:00", "stage": "after_cache_append", "batch_index": 30, "total_batches": 32, "sample_start": 29, "sample_stop": 30}
{"event": "validation_cache_progress", "pid": 275791, "ts_utc": "2026-05-16T07:46:21+00:00", "stage": "before_get_batch", "batch_index": 31, "total_batches": 32, "sample_start": 30, "sample_stop": 31}
{"event": "validation_cache_progress", "pid": 275791, "ts_utc": "2026-05-16T07:46:21+00:00", "stage": "after_get_batch", "batch_index": 31, "total_batches": 32, "sample_start": 30, "sample_stop": 31}
{"event": "validation_cache_progress", "pid": 275791, "ts_utc": "2026-05-16T07:46:22+00:00", "stage": "after_preprocess", "batch_index": 31, "total_batches": 32, "sample_start": 30, "sample_stop": 31}
{"event": "validation_cache_progress", "pid": 275791, "ts_utc": "2026-05-16T07:46:22+00:00", "stage": "after_cache_append", "batch_index": 31, "total_batches": 32, "sample_start": 30, "sample_stop": 31}
{"event": "validation_cache_progress", "pid": 275791, "ts_utc": "2026-05-16T07:46:22+00:00", "stage": "before_get_batch", "batch_index": 32, "total_batches": 32, "sample_start": 31, "sample_stop": 32}
{"event": "validation_cache_progress", "pid": 275791, "ts_utc": "2026-05-16T07:46:23+00:00", "stage": "after_get_batch", "batch_index": 32, "total_batches": 32, "sample_start": 31, "sample_stop": 32}
{"event": "validation_cache_progress", "pid": 275791, "ts_utc": "2026-05-16T07:46:24+00:00", "stage": "after_preprocess", "batch_index": 32, "total_batches": 32, "sample_start": 31, "sample_stop": 32}
{"event": "validation_cache_progress", "pid": 275791, "ts_utc": "2026-05-16T07:46:24+00:00", "stage": "after_cache_append", "batch_index": 32, "total_batches": 32, "sample_start": 31, "sample_stop": 32}
{"event": "validation_cache_build_complete", "cached_batches": 32}
{"event": "scenario_cache_build_start", "scenario_eval_size": 8, "scenario_eval_batch_size": 1}
{"event": "scenario_cache_progress", "scenario_name": "scene_1", "scenario_index": 1, "total_scenarios": 4, "batch_index": 1, "total_batches": 8, "sample_start": 0, "sample_stop": 1}
{"event": "scenario_cache_progress", "scenario_name": "scene_1", "scenario_index": 1, "total_scenarios": 4, "batch_index": 2, "total_batches": 8, "sample_start": 1, "sample_stop": 2}
{"event": "scenario_cache_progress", "scenario_name": "scene_1", "scenario_index": 1, "total_scenarios": 4, "batch_index": 3, "total_batches": 8, "sample_start": 2, "sample_stop": 3}
{"event": "scenario_cache_progress", "scenario_name": "scene_1", "scenario_index": 1, "total_scenarios": 4, "batch_index": 4, "total_batches": 8, "sample_start": 3, "sample_stop": 4}
{"event": "scenario_cache_progress", "scenario_name": "scene_1", "scenario_index": 1, "total_scenarios": 4, "batch_index": 5, "total_batches": 8, "sample_start": 4, "sample_stop": 5}
{"event": "scenario_cache_progress", "scenario_name": "scene_1", "scenario_index": 1, "total_scenarios": 4, "batch_index": 6, "total_batches": 8, "sample_start": 5, "sample_stop": 6}
{"event": "scenario_cache_progress", "scenario_name": "scene_1", "scenario_index": 1, "total_scenarios": 4, "batch_index": 7, "total_batches": 8, "sample_start": 6, "sample_stop": 7}
{"event": "scenario_cache_progress", "scenario_name": "scene_1", "scenario_index": 1, "total_scenarios": 4, "batch_index": 8, "total_batches": 8, "sample_start": 7, "sample_stop": 8}
{"event": "scenario_cache_progress", "scenario_name": "scene_2", "scenario_index": 2, "total_scenarios": 4, "batch_index": 1, "total_batches": 8, "sample_start": 0, "sample_stop": 1}
{"event": "scenario_cache_progress", "scenario_name": "scene_2", "scenario_index": 2, "total_scenarios": 4, "batch_index": 2, "total_batches": 8, "sample_start": 1, "sample_stop": 2}
{"event": "scenario_cache_progress", "scenario_name": "scene_2", "scenario_index": 2, "total_scenarios": 4, "batch_index": 3, "total_batches": 8, "sample_start": 2, "sample_stop": 3}
{"event": "scenario_cache_progress", "scenario_name": "scene_2", "scenario_index": 2, "total_scenarios": 4, "batch_index": 4, "total_batches": 8, "sample_start": 3, "sample_stop": 4}
{"event": "scenario_cache_progress", "scenario_name": "scene_2", "scenario_index": 2, "total_scenarios": 4, "batch_index": 5, "total_batches": 8, "sample_start": 4, "sample_stop": 5}
{"event": "scenario_cache_progress", "scenario_name": "scene_2", "scenario_index": 2, "total_scenarios": 4, "batch_index": 6, "total_batches": 8, "sample_start": 5, "sample_stop": 6}
{"event": "scenario_cache_progress", "scenario_name": "scene_2", "scenario_index": 2, "total_scenarios": 4, "batch_index": 7, "total_batches": 8, "sample_start": 6, "sample_stop": 7}
{"event": "scenario_cache_progress", "scenario_name": "scene_2", "scenario_index": 2, "total_scenarios": 4, "batch_index": 8, "total_batches": 8, "sample_start": 7, "sample_stop": 8}
{"event": "scenario_cache_progress", "scenario_name": "scene_3", "scenario_index": 3, "total_scenarios": 4, "batch_index": 1, "total_batches": 8, "sample_start": 0, "sample_stop": 1}
{"event": "scenario_cache_progress", "scenario_name": "scene_3", "scenario_index": 3, "total_scenarios": 4, "batch_index": 2, "total_batches": 8, "sample_start": 1, "sample_stop": 2}
{"event": "scenario_cache_progress", "scenario_name": "scene_3", "scenario_index": 3, "total_scenarios": 4, "batch_index": 3, "total_batches": 8, "sample_start": 2, "sample_stop": 3}
{"event": "scenario_cache_progress", "scenario_name": "scene_3", "scenario_index": 3, "total_scenarios": 4, "batch_index": 4, "total_batches": 8, "sample_start": 3, "sample_stop": 4}
{"event": "scenario_cache_progress", "scenario_name": "scene_3", "scenario_index": 3, "total_scenarios": 4, "batch_index": 5, "total_batches": 8, "sample_start": 4, "sample_stop": 5}
{"event": "scenario_cache_progress", "scenario_name": "scene_3", "scenario_index": 3, "total_scenarios": 4, "batch_index": 6, "total_batches": 8, "sample_start": 5, "sample_stop": 6}
{"event": "scenario_cache_progress", "scenario_name": "scene_3", "scenario_index": 3, "total_scenarios": 4, "batch_index": 7, "total_batches": 8, "sample_start": 6, "sample_stop": 7}
{"event": "scenario_cache_progress", "scenario_name": "scene_3", "scenario_index": 3, "total_scenarios": 4, "batch_index": 8, "total_batches": 8, "sample_start": 7, "sample_stop": 8}
{"event": "scenario_cache_progress", "scenario_name": "scene_4", "scenario_index": 4, "total_scenarios": 4, "batch_index": 1, "total_batches": 8, "sample_start": 0, "sample_stop": 1}
{"event": "scenario_cache_progress", "scenario_name": "scene_4", "scenario_index": 4, "total_scenarios": 4, "batch_index": 2, "total_batches": 8, "sample_start": 1, "sample_stop": 2}
{"event": "scenario_cache_progress", "scenario_name": "scene_4", "scenario_index": 4, "total_scenarios": 4, "batch_index": 3, "total_batches": 8, "sample_start": 2, "sample_stop": 3}
{"event": "scenario_cache_progress", "scenario_name": "scene_4", "scenario_index": 4, "total_scenarios": 4, "batch_index": 4, "total_batches": 8, "sample_start": 3, "sample_stop": 4}
{"event": "scenario_cache_progress", "scenario_name": "scene_4", "scenario_index": 4, "total_scenarios": 4, "batch_index": 5, "total_batches": 8, "sample_start": 4, "sample_stop": 5}
{"event": "scenario_cache_progress", "scenario_name": "scene_4", "scenario_index": 4, "total_scenarios": 4, "batch_index": 6, "total_batches": 8, "sample_start": 5, "sample_stop": 6}
{"event": "scenario_cache_progress", "scenario_name": "scene_4", "scenario_index": 4, "total_scenarios": 4, "batch_index": 7, "total_batches": 8, "sample_start": 6, "sample_stop": 7}
{"event": "scenario_cache_progress", "scenario_name": "scene_4", "scenario_index": 4, "total_scenarios": 4, "batch_index": 8, "total_batches": 8, "sample_start": 7, "sample_stop": 8}
{"event": "scenario_cache_build_complete", "scenario_count": 4}
{"event": "optimizer_ready", "initial_lr": 0.0001, "trainable_params": 33409, "mac_proxy_total": 115221840}
{"event": "stage3_start", "output_dir": "IFAN_Edge/outputs/stage3/ifan_stage3_long80_c8_r2_map_maba_20260516_154535", "device": "cuda", "train_split_path": "/home/cmm/icocnn/datasets/LibriSpeech/train-clean-100", "validation_split_path": "/home/cmm/icocnn/datasets/LibriSpeech/test-clean", "model_topology": "paper_dual_mainline", "branch_channels": 8, "final_head_pooling": false, "input_ablation_mode": "none", "experiment_role": "c8_r2_map_maba", "srp_variant": "paper_original", "temporal_conv_variant": "standard_1d", "temporal_module": "conv", "map_refiner": "maba", "epochs": 80, "resume_start_epoch": 0}
Epoch 1/80:
Epoch 1:   1%|..........| 3/585 [00:00:05<00:17:01,  0.57it/s, loss=0.3384]
Epoch 1:   1%|..........| 7/585 [00:00:11<00:15:58,  0.60it/s, loss=0.3464]
Epoch 1:   2%|..........| 10/585 [00:00:16<00:16:01,  0.60it/s, loss=0.3400]
Epoch 1:   2%|..........| 14/585 [00:00:23<00:15:53,  0.60it/s, loss=0.3418]
Epoch 1:   3%|..........| 18/585 [00:00:29<00:15:27,  0.61it/s, loss=0.3378]
Epoch 1:   4%|..........| 21/585 [00:00:34<00:15:32,  0.60it/s, loss=0.3378]
Epoch 1:   4%|..........| 25/585 [00:00:40<00:15:14,  0.61it/s, loss=0.3352]
Epoch 1:   5%|..........| 29/585 [00:00:47<00:15:04,  0.61it/s, loss=0.3352]
Epoch 1:   5%|..........| 32/585 [00:00:52<00:15:08,  0.61it/s, loss=0.3364]
Epoch 1:   6%|..........| 36/585 [00:00:58<00:14:56,  0.61it/s, loss=0.3350]
Epoch 1:   7%|..........| 40/585 [00:01:04<00:14:44,  0.62it/s, loss=0.3333]
Epoch 1:   7%|..........| 43/585 [00:01:10<00:14:45,  0.61it/s, loss=0.3345]
Epoch 1:   8%|..........| 47/585 [00:01:16<00:14:38,  0.61it/s, loss=0.3326]
Epoch 1:   9%|..........| 50/585 [00:01:22<00:14:41,  0.61it/s, loss=0.3317]
Epoch 1:   9%|..........| 54/585 [00:01:28<00:14:30,  0.61it/s, loss=0.3303]
Epoch 1:  10%|..........| 58/585 [00:01:35<00:14:24,  0.61it/s, loss=0.3291]
Epoch 1:  11%|#.........| 62/585 [00:01:41<00:14:16,  0.61it/s, loss=0.3287]
Epoch 1:  11%|#.........| 66/585 [00:01:47<00:14:03,  0.61it/s, loss=0.3277]
Epoch 1:  12%|#.........| 70/585 [00:01:53<00:13:56,  0.62it/s, loss=0.3279]
Epoch 1:  12%|#.........| 73/585 [00:01:58<00:13:53,  0.61it/s, loss=0.3274]
Epoch 1:  13%|#.........| 76/585 [00:02:04<00:13:52,  0.61it/s, loss=0.3274]
Epoch 1:  14%|#.........| 79/585 [00:02:09<00:13:51,  0.61it/s, loss=0.3277]
Epoch 1:  14%|#.........| 82/585 [00:02:15<00:13:50,  0.61it/s, loss=0.3269]
Epoch 1:  15%|#.........| 85/585 [00:02:20<00:13:45,  0.61it/s, loss=0.3267]
Epoch 1:  15%|#.........| 89/585 [00:02:27<00:13:44,  0.60it/s, loss=0.3270]
Epoch 1:  16%|#.........| 92/585 [00:02:33<00:13:41,  0.60it/s, loss=0.3258]
Epoch 1:  16%|#.........| 95/585 [00:02:39<00:13:42,  0.60it/s, loss=0.3251]
Epoch 1:  17%|#.........| 98/585 [00:02:45<00:13:40,  0.59it/s, loss=0.3245]
Epoch 1:  17%|#.........| 102/585 [00:02:51<00:13:32,  0.59it/s, loss=0.3243]
Epoch 1:  18%|#.........| 106/585 [00:02:58<00:13:24,  0.60it/s, loss=0.3228]
Epoch 1:  19%|#.........| 109/585 [00:03:03<00:13:20,  0.59it/s, loss=0.3227]
Epoch 1:  19%|#.........| 113/585 [00:03:10<00:13:13,  0.59it/s, loss=0.3234]
Epoch 1:  20%|##........| 117/585 [00:03:16<00:13:05,  0.60it/s, loss=0.3228]
Epoch 1:  21%|##........| 121/585 [00:03:22<00:12:56,  0.60it/s, loss=0.3222]
Epoch 1:  21%|##........| 124/585 [00:03:27<00:12:52,  0.60it/s, loss=0.3224]
Epoch 1:  22%|##........| 127/585 [00:03:33<00:12:51,  0.59it/s, loss=0.3222]
Epoch 1:  22%|##........| 131/585 [00:03:40<00:12:43,  0.59it/s, loss=0.3214]
Epoch 1:  23%|##........| 135/585 [00:03:46<00:12:36,  0.60it/s, loss=0.3215]
Epoch 1:  24%|##........| 139/585 [00:03:53<00:12:28,  0.60it/s, loss=0.3209]
Epoch 1:  24%|##........| 142/585 [00:03:58<00:12:25,  0.59it/s, loss=0.3203]
Epoch 1:  25%|##........| 146/585 [00:04:05<00:12:17,  0.59it/s, loss=0.3204]
Epoch 1:  25%|##........| 149/585 [00:04:11<00:12:15,  0.59it/s, loss=0.3201]
Epoch 1:  26%|##........| 152/585 [00:04:16<00:12:11,  0.59it/s, loss=0.3193]
Epoch 1:  26%|##........| 155/585 [00:04:21<00:12:05,  0.59it/s, loss=0.3195]
Epoch 1:  27%|##........| 158/585 [00:04:27<00:12:01,  0.59it/s, loss=0.3193]
Epoch 1:  28%|##........| 161/585 [00:04:33<00:11:59,  0.59it/s, loss=0.3182]
Epoch 1:  28%|##........| 165/585 [00:04:40<00:11:53,  0.59it/s, loss=0.3187]
Epoch 1:  29%|##........| 168/585 [00:04:45<00:11:48,  0.59it/s, loss=0.3181]
Epoch 1:  29%|##........| 172/585 [00:04:51<00:11:40,  0.59it/s, loss=0.3169]
Epoch 1:  30%|###.......| 176/585 [00:04:57<00:11:31,  0.59it/s, loss=0.3160]
Epoch 1:  31%|###.......| 179/585 [00:05:02<00:11:26,  0.59it/s, loss=0.3151]
Epoch 1:  31%|###.......| 183/585 [00:05:08<00:11:18,  0.59it/s, loss=0.3137]
Epoch 1:  32%|###.......| 187/585 [00:05:15<00:11:11,  0.59it/s, loss=0.3115]
Epoch 1:  33%|###.......| 191/585 [00:05:21<00:11:02,  0.59it/s, loss=0.3102]
Epoch 1:  33%|###.......| 195/585 [00:05:27<00:10:55,  0.59it/s, loss=0.3084]
Epoch 1:  34%|###.......| 199/585 [00:05:34<00:10:48,  0.60it/s, loss=0.3064]
Epoch 1:  35%|###.......| 202/585 [00:05:39<00:10:44,  0.59it/s, loss=0.3043]
Epoch 1:  35%|###.......| 206/585 [00:05:45<00:10:36,  0.60it/s, loss=0.3027]
Epoch 1:  36%|###.......| 209/585 [00:05:51<00:10:32,  0.59it/s, loss=0.3005]
Epoch 1:  36%|###.......| 212/585 [00:05:56<00:10:27,  0.59it/s, loss=0.2985]
Epoch 1:  37%|###.......| 215/585 [00:06:02<00:10:24,  0.59it/s, loss=0.2967]
Epoch 1:  37%|###.......| 218/585 [00:06:08<00:10:20,  0.59it/s, loss=0.2955]
Epoch 1:  38%|###.......| 221/585 [00:06:13<00:10:15,  0.59it/s, loss=0.2939]
Epoch 1:  38%|###.......| 224/585 [00:06:18<00:10:10,  0.59it/s, loss=0.2920]
Epoch 1:  39%|###.......| 228/585 [00:06:25<00:10:03,  0.59it/s, loss=0.2897]
Epoch 1:  40%|###.......| 232/585 [00:06:31<00:09:56,  0.59it/s, loss=0.2869]
Epoch 1:  40%|####......| 235/585 [00:06:37<00:09:51,  0.59it/s, loss=0.2850]
Epoch 1:  41%|####......| 238/585 [00:06:43<00:09:48,  0.59it/s, loss=0.2840]
Epoch 1:  41%|####......| 241/585 [00:06:48<00:09:43,  0.59it/s, loss=0.2822]
Epoch 1:  42%|####......| 244/585 [00:06:53<00:09:38,  0.59it/s, loss=0.2803]
Epoch 1:  42%|####......| 248/585 [00:06:59<00:09:30,  0.59it/s, loss=0.2774]
Epoch 1:  43%|####......| 251/585 [00:07:05<00:09:25,  0.59it/s, loss=0.2758]
Epoch 1:  44%|####......| 255/585 [00:07:11<00:09:17,  0.59it/s, loss=0.2732]
Epoch 1:  44%|####......| 259/585 [00:07:17<00:09:10,  0.59it/s, loss=0.2706]
Epoch 1:  45%|####......| 262/585 [00:07:23<00:09:06,  0.59it/s, loss=0.2694]
Epoch 1:  45%|####......| 266/585 [00:07:29<00:08:59,  0.59it/s, loss=0.2671]
Epoch 1:  46%|####......| 270/585 [00:07:35<00:08:51,  0.59it/s, loss=0.2649]
Epoch 1:  47%|####......| 273/585 [00:07:40<00:08:46,  0.59it/s, loss=0.2633]
Epoch 1:  47%|####......| 276/585 [00:07:46<00:08:42,  0.59it/s, loss=0.2619]
Epoch 1:  48%|####......| 279/585 [00:07:51<00:08:37,  0.59it/s, loss=0.2603]
Epoch 1:  48%|####......| 283/585 [00:07:58<00:08:30,  0.59it/s, loss=0.2581]
Epoch 1:  49%|####......| 287/585 [00:08:05<00:08:23,  0.59it/s, loss=0.2557]
Epoch 1:  50%|####......| 290/585 [00:08:10<00:08:18,  0.59it/s, loss=0.2542]
Epoch 1:  50%|#####.....| 293/585 [00:08:15<00:08:13,  0.59it/s, loss=0.2525]
Epoch 1:  51%|#####.....| 297/585 [00:08:21<00:08:06,  0.59it/s, loss=0.2506]
Epoch 1:  51%|#####.....| 300/585 [00:08:27<00:08:02,  0.59it/s, loss=0.2493]
Epoch 1:  52%|#####.....| 304/585 [00:08:34<00:07:55,  0.59it/s, loss=0.2472]
Epoch 1:  53%|#####.....| 308/585 [00:08:40<00:07:47,  0.59it/s, loss=0.2451]
Epoch 1:  53%|#####.....| 312/585 [00:08:47<00:07:41,  0.59it/s, loss=0.2435]
Epoch 1:  54%|#####.....| 315/585 [00:08:52<00:07:36,  0.59it/s, loss=0.2423]
Epoch 1:  54%|#####.....| 318/585 [00:08:57<00:07:31,  0.59it/s, loss=0.2409]
Epoch 1:  55%|#####.....| 322/585 [00:09:05<00:07:25,  0.59it/s, loss=0.2391]
Epoch 1:  56%|#####.....| 326/585 [00:09:12<00:07:18,  0.59it/s, loss=0.2373]
Epoch 1:  56%|#####.....| 329/585 [00:09:17<00:07:13,  0.59it/s, loss=0.2359]
Epoch 1:  57%|#####.....| 332/585 [00:09:22<00:07:08,  0.59it/s, loss=0.2344]
Epoch 1:  57%|#####.....| 336/585 [00:09:28<00:07:01,  0.59it/s, loss=0.2325]
Epoch 1:  58%|#####.....| 339/585 [00:09:33<00:06:56,  0.59it/s, loss=0.2314]
Epoch 1:  58%|#####.....| 342/585 [00:09:39<00:06:51,  0.59it/s, loss=0.2300]
Epoch 1:  59%|#####.....| 346/585 [00:09:45<00:06:44,  0.59it/s, loss=0.2281]
Epoch 1:  60%|#####.....| 350/585 [00:09:52<00:06:37,  0.59it/s, loss=0.2264]
Epoch 1:  61%|######....| 354/585 [00:09:57<00:06:30,  0.59it/s, loss=0.2246]
Epoch 1:  61%|######....| 357/585 [00:10:03<00:06:25,  0.59it/s, loss=0.2234]
Epoch 1:  62%|######....| 360/585 [00:10:09<00:06:20,  0.59it/s, loss=0.2222]
Epoch 1:  62%|######....| 364/585 [00:10:15<00:06:13,  0.59it/s, loss=0.2205]
Epoch 1:  63%|######....| 368/585 [00:10:22<00:06:06,  0.59it/s, loss=0.2189]
Epoch 1:  63%|######....| 371/585 [00:10:27<00:06:02,  0.59it/s, loss=0.2179]
Epoch 1:  64%|######....| 375/585 [00:10:34<00:05:55,  0.59it/s, loss=0.2161]
Epoch 1:  65%|######....| 378/585 [00:10:39<00:05:50,  0.59it/s, loss=0.2151]
Epoch 1:  65%|######....| 382/585 [00:10:45<00:05:43,  0.59it/s, loss=0.2136]
Epoch 1:  66%|######....| 385/585 [00:10:51<00:05:38,  0.59it/s, loss=0.2125]
Epoch 1:  66%|######....| 388/585 [00:10:56<00:05:33,  0.59it/s, loss=0.2115]
Epoch 1:  67%|######....| 392/585 [00:11:03<00:05:26,  0.59it/s, loss=0.2100]
Epoch 1:  68%|######....| 396/585 [00:11:09<00:05:19,  0.59it/s, loss=0.2089]
Epoch 1:  68%|######....| 400/585 [00:11:15<00:05:12,  0.59it/s, loss=0.2077]
Epoch 1:  69%|######....| 404/585 [00:11:21<00:05:05,  0.59it/s, loss=0.2062]
Epoch 1:  70%|######....| 407/585 [00:11:27<00:05:00,  0.59it/s, loss=0.2056]
Epoch 1:  70%|#######...| 411/585 [00:11:34<00:04:53,  0.59it/s, loss=0.2043]
Epoch 1:  71%|#######...| 415/585 [00:11:40<00:04:46,  0.59it/s, loss=0.2030]
Epoch 1:  71%|#######...| 418/585 [00:11:45<00:04:41,  0.59it/s, loss=0.2020]
Epoch 1:  72%|#######...| 422/585 [00:11:52<00:04:35,  0.59it/s, loss=0.2007]
Epoch 1:  73%|#######...| 426/585 [00:11:58<00:04:28,  0.59it/s, loss=0.1995]
Epoch 1:  74%|#######...| 430/585 [00:12:04<00:04:21,  0.59it/s, loss=0.1982]
Epoch 1:  74%|#######...| 434/585 [00:12:10<00:04:14,  0.59it/s, loss=0.1969]
Epoch 1:  75%|#######...| 438/585 [00:12:17<00:04:07,  0.59it/s, loss=0.1958]
Epoch 1:  76%|#######...| 442/585 [00:12:23<00:04:00,  0.59it/s, loss=0.1945]
Epoch 1:  76%|#######...| 446/585 [00:12:29<00:03:53,  0.60it/s, loss=0.1933]
Epoch 1:  77%|#######...| 449/585 [00:12:35<00:03:48,  0.59it/s, loss=0.1925]
Epoch 1:  77%|#######...| 452/585 [00:12:41<00:03:44,  0.59it/s, loss=0.1916]
Epoch 1:  78%|#######...| 455/585 [00:12:47<00:03:39,  0.59it/s, loss=0.1908]
Epoch 1:  78%|#######...| 459/585 [00:12:53<00:03:32,  0.59it/s, loss=0.1897]
Epoch 1:  79%|#######...| 463/585 [00:12:58<00:03:25,  0.59it/s, loss=0.1885]
Epoch 1:  80%|#######...| 466/585 [00:13:04<00:03:20,  0.59it/s, loss=0.1877]
Epoch 1:  80%|########..| 469/585 [00:13:09<00:03:15,  0.59it/s, loss=0.1868]
Epoch 1:  81%|########..| 472/585 [00:13:14<00:03:10,  0.59it/s, loss=0.1860]
Epoch 1:  81%|########..| 476/585 [00:13:20<00:03:03,  0.59it/s, loss=0.1849]
Epoch 1:  82%|########..| 479/585 [00:13:25<00:02:58,  0.59it/s, loss=0.1842]
Epoch 1:  82%|########..| 482/585 [00:13:31<00:02:53,  0.59it/s, loss=0.1834]
Epoch 1:  83%|########..| 486/585 [00:13:37<00:02:46,  0.59it/s, loss=0.1824]
Epoch 1:  84%|########..| 489/585 [00:13:42<00:02:41,  0.59it/s, loss=0.1817]
Epoch 1:  84%|########..| 493/585 [00:13:48<00:02:34,  0.59it/s, loss=0.1808]
Epoch 1:  85%|########..| 497/585 [00:13:55<00:02:27,  0.60it/s, loss=0.1798]
Epoch 1:  85%|########..| 500/585 [00:14:00<00:02:22,  0.59it/s, loss=0.1791]
Epoch 1:  86%|########..| 504/585 [00:14:07<00:02:16,  0.60it/s, loss=0.1781]
Epoch 1:  87%|########..| 508/585 [00:14:13<00:02:09,  0.60it/s, loss=0.1772]
Epoch 1:  88%|########..| 512/585 [00:14:20<00:02:02,  0.60it/s, loss=0.1763]
Epoch 1:  88%|########..| 516/585 [00:14:26<00:01:55,  0.60it/s, loss=0.1755]
Epoch 1:  89%|########..| 520/585 [00:14:33<00:01:49,  0.60it/s, loss=0.1746]
Epoch 1:  89%|########..| 523/585 [00:14:38<00:01:44,  0.60it/s, loss=0.1741]
Epoch 1:  90%|#########.| 527/585 [00:14:44<00:01:37,  0.60it/s, loss=0.1731]
Epoch 1:  91%|#########.| 531/585 [00:14:51<00:01:30,  0.60it/s, loss=0.1722]
Epoch 1:  91%|#########.| 534/585 [00:14:56<00:01:25,  0.60it/s, loss=0.1716]
Epoch 1:  92%|#########.| 537/585 [00:15:02<00:01:20,  0.60it/s, loss=0.1710]
Epoch 1:  92%|#########.| 540/585 [00:15:07<00:01:15,  0.59it/s, loss=0.1703]
Epoch 1:  93%|#########.| 543/585 [00:15:13<00:01:10,  0.59it/s, loss=0.1697]
Epoch 1:  93%|#########.| 546/585 [00:15:18<00:01:05,  0.59it/s, loss=0.1690]
Epoch 1:  94%|#########.| 550/585 [00:15:24<00:00:58,  0.59it/s, loss=0.1682]
Epoch 1:  95%|#########.| 554/585 [00:15:31<00:00:52,  0.59it/s, loss=0.1674]
Epoch 1:  95%|#########.| 557/585 [00:15:36<00:00:47,  0.59it/s, loss=0.1668]
Epoch 1:  96%|#########.| 561/585 [00:15:43<00:00:40,  0.59it/s, loss=0.1660]
Epoch 1:  97%|#########.| 565/585 [00:15:49<00:00:33,  0.59it/s, loss=0.1652]
Epoch 1:  97%|#########.| 568/585 [00:15:54<00:00:28,  0.59it/s, loss=0.1647]
Epoch 1:  98%|#########.| 571/585 [00:15:59<00:00:23,  0.59it/s, loss=0.1641]
Epoch 1:  98%|#########.| 575/585 [00:16:06<00:00:16,  0.60it/s, loss=0.1633]
Epoch 1:  99%|#########.| 578/585 [00:16:11<00:00:11,  0.59it/s, loss=0.1628]
Epoch 1:  99%|#########.| 581/585 [00:16:17<00:00:06,  0.59it/s, loss=0.1622]
Epoch 1: 100%|##########| 585/585 [00:16:23<00:00:00,  0.59it/s, loss=0.1614]
Test loss: 0.0511, Test rmsae: 15.60deg
{"event": "epoch_complete", "epoch": 1, "phase": 1, "lr": 0.0001, "batch_size": 1, "micro_batch_size": 1, "train_loss": 0.16140432073137698, "val_loss": 0.051146193174645305, "val_rmsae_deg": 15.598953306674957, "epoch_time_s": 984.3093862771057}
{"event": "checkpoint_saved", "tag": "best_rmsae", "epoch": 1, "path": "IFAN_Edge/outputs/stage3/ifan_stage3_long80_c8_r2_map_maba_20260516_154535/checkpoints/best_rmsae.pt", "val_rmsae_deg": 15.598953306674957}
Epoch 2/80:
Epoch 2:   1%|..........| 3/585 [00:00:05<00:17:15,  0.56it/s, loss=0.0682]
Epoch 2:   1%|..........| 7/585 [00:00:11<00:15:28,  0.62it/s, loss=0.0587]
Epoch 2:   2%|..........| 11/585 [00:00:17<00:14:53,  0.64it/s, loss=0.0534]
Epoch 2:   3%|..........| 15/585 [00:00:23<00:14:58,  0.63it/s, loss=0.0543]
Epoch 2:   3%|..........| 18/585 [00:00:29<00:15:34,  0.61it/s, loss=0.0549]
Epoch 2:   4%|..........| 22/585 [00:00:36<00:15:33,  0.60it/s, loss=0.0535]
Epoch 2:   4%|..........| 25/585 [00:00:42<00:15:44,  0.59it/s, loss=0.0539]
Epoch 2:   5%|..........| 29/585 [00:00:48<00:15:32,  0.60it/s, loss=0.0539]
Epoch 2:   6%|..........| 33/585 [00:00:54<00:15:13,  0.60it/s, loss=0.0531]
Epoch 2:   6%|..........| 36/585 [00:01:00<00:15:16,  0.60it/s, loss=0.0534]
Epoch 2:   7%|..........| 40/585 [00:01:06<00:14:59,  0.61it/s, loss=0.0522]
Epoch 2:   7%|..........| 43/585 [00:01:11<00:15:02,  0.60it/s, loss=0.0527]
Epoch 2:   8%|..........| 47/585 [00:01:17<00:14:50,  0.60it/s, loss=0.0518]
Epoch 2:   9%|..........| 51/585 [00:01:24<00:14:44,  0.60it/s, loss=0.0524]
Epoch 2:   9%|..........| 55/585 [00:01:31<00:14:40,  0.60it/s, loss=0.0521]
Epoch 2:  10%|..........| 58/585 [00:01:36<00:14:37,  0.60it/s, loss=0.0520]
Epoch 2:  10%|#.........| 61/585 [00:01:42<00:14:40,  0.60it/s, loss=0.0547]
Epoch 2:  11%|#.........| 64/585 [00:01:47<00:14:35,  0.59it/s, loss=0.0545]
Epoch 2:  12%|#.........| 68/585 [00:01:54<00:14:28,  0.60it/s, loss=0.0539]
Epoch 2:  12%|#.........| 71/585 [00:01:59<00:14:23,  0.60it/s, loss=0.0536]
Epoch 2:  13%|#.........| 75/585 [00:02:05<00:14:13,  0.60it/s, loss=0.0537]
Epoch 2:  14%|#.........| 79/585 [00:02:11<00:14:03,  0.60it/s, loss=0.0534]
Epoch 2:  14%|#.........| 82/585 [00:02:17<00:14:02,  0.60it/s, loss=0.0534]
Epoch 2:  15%|#.........| 86/585 [00:02:23<00:13:52,  0.60it/s, loss=0.0530]
Epoch 2:  15%|#.........| 90/585 [00:02:30<00:13:46,  0.60it/s, loss=0.0525]
Epoch 2:  16%|#.........| 94/585 [00:02:36<00:13:39,  0.60it/s, loss=0.0526]
Epoch 2:  17%|#.........| 97/585 [00:02:42<00:13:35,  0.60it/s, loss=0.0523]
Epoch 2:  17%|#.........| 100/585 [00:02:47<00:13:33,  0.60it/s, loss=0.0519]
Epoch 2:  18%|#.........| 104/585 [00:02:54<00:13:25,  0.60it/s, loss=0.0514]
Epoch 2:  18%|#.........| 107/585 [00:02:59<00:13:21,  0.60it/s, loss=0.0515]
Epoch 2:  19%|#.........| 110/585 [00:03:04<00:13:18,  0.60it/s, loss=0.0513]
Epoch 2:  19%|#.........| 113/585 [00:03:10<00:13:15,  0.59it/s, loss=0.0515]
Epoch 2:  20%|##........| 117/585 [00:03:16<00:13:06,  0.60it/s, loss=0.0515]
Epoch 2:  21%|##........| 121/585 [00:03:23<00:12:58,  0.60it/s, loss=0.0513]
Epoch 2:  21%|##........| 124/585 [00:03:29<00:12:57,  0.59it/s, loss=0.0514]
Epoch 2:  22%|##........| 128/585 [00:03:35<00:12:49,  0.59it/s, loss=0.0513]
Epoch 2:  23%|##........| 132/585 [00:03:42<00:12:44,  0.59it/s, loss=0.0511]
Epoch 2:  23%|##........| 136/585 [00:03:49<00:12:36,  0.59it/s, loss=0.0512]
Epoch 2:  24%|##........| 139/585 [00:03:54<00:12:32,  0.59it/s, loss=0.0515]
Epoch 2:  24%|##........| 142/585 [00:03:59<00:12:27,  0.59it/s, loss=0.0513]
Epoch 2:  25%|##........| 145/585 [00:04:05<00:12:24,  0.59it/s, loss=0.0512]
Epoch 2:  25%|##........| 149/585 [00:04:11<00:12:16,  0.59it/s, loss=0.0517]
Epoch 2:  26%|##........| 152/585 [00:04:16<00:12:11,  0.59it/s, loss=0.0516]
Epoch 2:  27%|##........| 156/585 [00:04:23<00:12:04,  0.59it/s, loss=0.0514]
Epoch 2:  27%|##........| 160/585 [00:04:29<00:11:56,  0.59it/s, loss=0.0512]
Epoch 2:  28%|##........| 164/585 [00:04:36<00:11:49,  0.59it/s, loss=0.0510]
Epoch 2:  29%|##........| 168/585 [00:04:43<00:11:42,  0.59it/s, loss=0.0509]
Epoch 2:  29%|##........| 171/585 [00:04:48<00:11:38,  0.59it/s, loss=0.0507]
Epoch 2:  30%|##........| 174/585 [00:04:54<00:11:34,  0.59it/s, loss=0.0508]
Epoch 2:  30%|###.......| 177/585 [00:04:59<00:11:30,  0.59it/s, loss=0.0506]
Epoch 2:  31%|###.......| 181/585 [00:05:05<00:11:21,  0.59it/s, loss=0.0506]
Epoch 2:  32%|###.......| 185/585 [00:05:11<00:11:14,  0.59it/s, loss=0.0506]
Epoch 2:  32%|###.......| 189/585 [00:05:17<00:11:05,  0.59it/s, loss=0.0505]
Epoch 2:  33%|###.......| 192/585 [00:05:22<00:11:01,  0.59it/s, loss=0.0504]
Epoch 2:  34%|###.......| 196/585 [00:05:28<00:10:52,  0.60it/s, loss=0.0501]
Epoch 2:  34%|###.......| 199/585 [00:05:33<00:10:47,  0.60it/s, loss=0.0501]
Epoch 2:  35%|###.......| 203/585 [00:05:40<00:10:40,  0.60it/s, loss=0.0500]
Epoch 2:  35%|###.......| 206/585 [00:05:46<00:10:36,  0.60it/s, loss=0.0502]
Epoch 2:  36%|###.......| 209/585 [00:05:52<00:10:33,  0.59it/s, loss=0.0501]
Epoch 2:  36%|###.......| 213/585 [00:05:58<00:10:26,  0.59it/s, loss=0.0499]
Epoch 2:  37%|###.......| 217/585 [00:06:05<00:10:19,  0.59it/s, loss=0.0498]
Epoch 2:  38%|###.......| 220/585 [00:06:10<00:10:15,  0.59it/s, loss=0.0498]
Epoch 2:  38%|###.......| 224/585 [00:06:17<00:10:08,  0.59it/s, loss=0.0499]
Epoch 2:  39%|###.......| 228/585 [00:06:23<00:10:01,  0.59it/s, loss=0.0497]
Epoch 2:  39%|###.......| 231/585 [00:06:29<00:09:56,  0.59it/s, loss=0.0498]
Epoch 2:  40%|####......| 234/585 [00:06:34<00:09:51,  0.59it/s, loss=0.0497]
Epoch 2:  41%|####......| 238/585 [00:06:40<00:09:44,  0.59it/s, loss=0.0497]
Epoch 2:  41%|####......| 242/585 [00:06:47<00:09:36,  0.59it/s, loss=0.0497]
Epoch 2:  42%|####......| 246/585 [00:06:53<00:09:29,  0.59it/s, loss=0.0495]
Epoch 2:  43%|####......| 249/585 [00:06:58<00:09:25,  0.59it/s, loss=0.0495]
Epoch 2:  43%|####......| 252/585 [00:07:03<00:09:20,  0.59it/s, loss=0.0495]
Epoch 2:  44%|####......| 255/585 [00:07:09<00:09:15,  0.59it/s, loss=0.0495]
Epoch 2:  44%|####......| 259/585 [00:07:15<00:09:08,  0.59it/s, loss=0.0495]
Epoch 2:  45%|####......| 263/585 [00:07:21<00:09:00,  0.60it/s, loss=0.0493]
Epoch 2:  45%|####......| 266/585 [00:07:26<00:08:55,  0.60it/s, loss=0.0492]
Epoch 2:  46%|####......| 270/585 [00:07:33<00:08:48,  0.60it/s, loss=0.0493]
Epoch 2:  47%|####......| 273/585 [00:07:38<00:08:43,  0.60it/s, loss=0.0491]
Epoch 2:  47%|####......| 276/585 [00:07:43<00:08:38,  0.60it/s, loss=0.0493]
Epoch 2:  48%|####......| 280/585 [00:07:49<00:08:31,  0.60it/s, loss=0.0491]
Epoch 2:  49%|####......| 284/585 [00:07:56<00:08:24,  0.60it/s, loss=0.0490]
Epoch 2:  49%|####......| 287/585 [00:08:01<00:08:20,  0.60it/s, loss=0.0491]
Epoch 2:  50%|####......| 290/585 [00:08:07<00:08:15,  0.59it/s, loss=0.0492]
Epoch 2:  50%|#####.....| 294/585 [00:08:14<00:08:09,  0.60it/s, loss=0.0491]
Epoch 2:  51%|#####.....| 298/585 [00:08:20<00:08:01,  0.60it/s, loss=0.0490]
Epoch 2:  51%|#####.....| 301/585 [00:08:26<00:07:57,  0.59it/s, loss=0.0489]
Epoch 2:  52%|#####.....| 304/585 [00:08:31<00:07:52,  0.59it/s, loss=0.0489]
Epoch 2:  53%|#####.....| 308/585 [00:08:37<00:07:45,  0.60it/s, loss=0.0490]
Epoch 2:  53%|#####.....| 312/585 [00:08:43<00:07:38,  0.60it/s, loss=0.0488]
Epoch 2:  54%|#####.....| 316/585 [00:08:50<00:07:31,  0.60it/s, loss=0.0488]
Epoch 2:  55%|#####.....| 320/585 [00:08:57<00:07:25,  0.60it/s, loss=0.0487]
Epoch 2:  55%|#####.....| 323/585 [00:09:02<00:07:20,  0.60it/s, loss=0.0488]
Epoch 2:  56%|#####.....| 327/585 [00:09:09<00:07:13,  0.60it/s, loss=0.0489]
Epoch 2:  56%|#####.....| 330/585 [00:09:14<00:07:08,  0.60it/s, loss=0.0489]
Epoch 2:  57%|#####.....| 334/585 [00:09:21<00:07:01,  0.60it/s, loss=0.0489]
Epoch 2:  58%|#####.....| 338/585 [00:09:27<00:06:54,  0.60it/s, loss=0.0488]
Epoch 2:  58%|#####.....| 342/585 [00:09:34<00:06:48,  0.60it/s, loss=0.0487]
Epoch 2:  59%|#####.....| 345/585 [00:09:39<00:06:43,  0.60it/s, loss=0.0486]
Epoch 2:  59%|#####.....| 348/585 [00:09:44<00:06:38,  0.60it/s, loss=0.0486]
Epoch 2:  60%|######....| 352/585 [00:09:51<00:06:31,  0.60it/s, loss=0.0486]
Epoch 2:  61%|######....| 356/585 [00:09:58<00:06:24,  0.60it/s, loss=0.0485]
Epoch 2:  62%|######....| 360/585 [00:10:03<00:06:17,  0.60it/s, loss=0.0483]
Epoch 2:  62%|######....| 364/585 [00:10:10<00:06:10,  0.60it/s, loss=0.0482]
Epoch 2:  63%|######....| 367/585 [00:10:15<00:06:05,  0.60it/s, loss=0.0481]
Epoch 2:  63%|######....| 371/585 [00:10:22<00:05:58,  0.60it/s, loss=0.0480]
Epoch 2:  64%|######....| 374/585 [00:10:27<00:05:53,  0.60it/s, loss=0.0481]
Epoch 2:  64%|######....| 377/585 [00:10:32<00:05:49,  0.60it/s, loss=0.0480]
Epoch 2:  65%|######....| 380/585 [00:10:38<00:05:44,  0.60it/s, loss=0.0480]
Epoch 2:  66%|######....| 384/585 [00:10:44<00:05:37,  0.60it/s, loss=0.0478]
Epoch 2:  66%|######....| 388/585 [00:10:50<00:05:30,  0.60it/s, loss=0.0477]
Epoch 2:  67%|######....| 391/585 [00:10:56<00:05:25,  0.60it/s, loss=0.0477]
Epoch 2:  67%|######....| 394/585 [00:11:01<00:05:20,  0.60it/s, loss=0.0476]
Epoch 2:  68%|######....| 397/585 [00:11:07<00:05:15,  0.60it/s, loss=0.0476]
Epoch 2:  69%|######....| 401/585 [00:11:13<00:05:08,  0.60it/s, loss=0.0475]
Epoch 2:  69%|######....| 405/585 [00:11:19<00:05:02,  0.60it/s, loss=0.0474]
Epoch 2:  70%|######....| 409/585 [00:11:26<00:04:55,  0.60it/s, loss=0.0474]
Epoch 2:  71%|#######...| 413/585 [00:11:32<00:04:48,  0.60it/s, loss=0.0472]
Epoch 2:  71%|#######...| 417/585 [00:11:39<00:04:41,  0.60it/s, loss=0.0471]
Epoch 2:  72%|#######...| 421/585 [00:11:45<00:04:34,  0.60it/s, loss=0.0471]
Epoch 2:  72%|#######...| 424/585 [00:11:50<00:04:29,  0.60it/s, loss=0.0469]
Epoch 2:  73%|#######...| 428/585 [00:11:56<00:04:22,  0.60it/s, loss=0.0469]
Epoch 2:  74%|#######...| 431/585 [00:12:02<00:04:18,  0.60it/s, loss=0.0468]
Epoch 2:  74%|#######...| 435/585 [00:12:08<00:04:11,  0.60it/s, loss=0.0469]
Epoch 2:  75%|#######...| 438/585 [00:12:13<00:04:06,  0.60it/s, loss=0.0468]
Epoch 2:  75%|#######...| 441/585 [00:12:18<00:04:01,  0.60it/s, loss=0.0468]
Epoch 2:  76%|#######...| 445/585 [00:12:24<00:03:54,  0.60it/s, loss=0.0467]
Epoch 2:  77%|#######...| 448/585 [00:12:30<00:03:49,  0.60it/s, loss=0.0467]
Epoch 2:  77%|#######...| 452/585 [00:12:37<00:03:42,  0.60it/s, loss=0.0466]
Epoch 2:  78%|#######...| 456/585 [00:12:43<00:03:36,  0.60it/s, loss=0.0465]
Epoch 2:  79%|#######...| 460/585 [00:12:50<00:03:29,  0.60it/s, loss=0.0464]
Epoch 2:  79%|#######...| 464/585 [00:12:57<00:03:22,  0.60it/s, loss=0.0463]
Epoch 2:  80%|########..| 468/585 [00:13:02<00:03:15,  0.60it/s, loss=0.0463]
Epoch 2:  81%|########..| 472/585 [00:13:09<00:03:08,  0.60it/s, loss=0.0462]
Epoch 2:  81%|########..| 476/585 [00:13:15<00:03:02,  0.60it/s, loss=0.0462]
Epoch 2:  82%|########..| 480/585 [00:13:21<00:02:55,  0.60it/s, loss=0.0461]
Epoch 2:  83%|########..| 484/585 [00:13:28<00:02:48,  0.60it/s, loss=0.0460]
Epoch 2:  83%|########..| 488/585 [00:13:36<00:02:42,  0.60it/s, loss=0.0459]
Epoch 2:  84%|########..| 491/585 [00:13:41<00:02:37,  0.60it/s, loss=0.0460]
Epoch 2:  84%|########..| 494/585 [00:13:47<00:02:32,  0.60it/s, loss=0.0460]
Epoch 2:  85%|########..| 498/585 [00:13:54<00:02:25,  0.60it/s, loss=0.0459]
Epoch 2:  86%|########..| 501/585 [00:13:59<00:02:20,  0.60it/s, loss=0.0459]
Epoch 2:  86%|########..| 505/585 [00:14:06<00:02:14,  0.60it/s, loss=0.0459]
Epoch 2:  87%|########..| 509/585 [00:14:12<00:02:07,  0.60it/s, loss=0.0459]
Epoch 2:  88%|########..| 513/585 [00:14:18<00:02:00,  0.60it/s, loss=0.0459]
Epoch 2:  88%|########..| 517/585 [00:14:24<00:01:53,  0.60it/s, loss=0.0459]
Epoch 2:  89%|########..| 521/585 [00:14:30<00:01:46,  0.60it/s, loss=0.0459]
Epoch 2:  90%|########..| 525/585 [00:14:37<00:01:40,  0.60it/s, loss=0.0458]
Epoch 2:  90%|#########.| 529/585 [00:14:44<00:01:33,  0.60it/s, loss=0.0459]
Epoch 2:  91%|#########.| 532/585 [00:14:49<00:01:28,  0.60it/s, loss=0.0459]
Epoch 2:  91%|#########.| 535/585 [00:14:55<00:01:23,  0.60it/s, loss=0.0459]
Epoch 2:  92%|#########.| 539/585 [00:15:01<00:01:16,  0.60it/s, loss=0.0458]
Epoch 2:  93%|#########.| 542/585 [00:15:07<00:01:11,  0.60it/s, loss=0.0462]
Epoch 2:  93%|#########.| 546/585 [00:15:13<00:01:05,  0.60it/s, loss=0.0463]
Epoch 2:  94%|#########.| 550/585 [00:15:20<00:00:58,  0.60it/s, loss=0.0462]
Epoch 2:  95%|#########.| 554/585 [00:15:26<00:00:51,  0.60it/s, loss=0.0461]
Epoch 2:  95%|#########.| 558/585 [00:15:32<00:00:45,  0.60it/s, loss=0.0461]
Epoch 2:  96%|#########.| 561/585 [00:15:37<00:00:40,  0.60it/s, loss=0.0461]
Epoch 2:  96%|#########.| 564/585 [00:15:42<00:00:35,  0.60it/s, loss=0.0461]
Epoch 2:  97%|#########.| 568/585 [00:15:49<00:00:28,  0.60it/s, loss=0.0460]
Epoch 2:  98%|#########.| 571/585 [00:15:54<00:00:23,  0.60it/s, loss=0.0462]
Epoch 2:  98%|#########.| 574/585 [00:16:00<00:00:18,  0.60it/s, loss=0.0462]
Epoch 2:  99%|#########.| 578/585 [00:16:06<00:00:11,  0.60it/s, loss=0.0462]
Epoch 2:  99%|#########.| 582/585 [00:16:12<00:00:05,  0.60it/s, loss=0.0461]
Epoch 2: 100%|##########| 585/585 [00:16:18<00:00:00,  0.60it/s, loss=0.0461]
Test loss: 0.0391, Test rmsae: 13.29deg
{"event": "epoch_complete", "epoch": 2, "phase": 1, "lr": 0.0001, "batch_size": 1, "micro_batch_size": 1, "train_loss": 0.04609985125816276, "val_loss": 0.03910924959927797, "val_rmsae_deg": 13.293812960386276, "epoch_time_s": 979.2330196700059}
{"event": "checkpoint_saved", "tag": "best_rmsae", "epoch": 2, "path": "IFAN_Edge/outputs/stage3/ifan_stage3_long80_c8_r2_map_maba_20260516_154535/checkpoints/best_rmsae.pt", "val_rmsae_deg": 13.293812960386276}
Epoch 3/80:
Epoch 3:   1%|..........| 4/585 [00:00:06<00:15:22,  0.63it/s, loss=0.0403]
Epoch 3:   1%|..........| 8/585 [00:00:12<00:14:55,  0.64it/s, loss=0.0371]
Epoch 3:   2%|..........| 11/585 [00:00:17<00:15:11,  0.63it/s, loss=0.0365]
Epoch 3:   2%|..........| 14/585 [00:00:22<00:15:36,  0.61it/s, loss=0.0458]
Epoch 3:   3%|..........| 18/585 [00:00:29<00:15:14,  0.62it/s, loss=0.0466]
Epoch 3:   4%|..........| 21/585 [00:00:34<00:15:38,  0.60it/s, loss=0.0458]
Epoch 3:   4%|..........| 25/585 [00:00:41<00:15:21,  0.61it/s, loss=0.0477]
Epoch 3:   5%|..........| 29/585 [00:00:47<00:15:08,  0.61it/s, loss=0.0462]
Epoch 3:   6%|..........| 33/585 [00:00:53<00:14:53,  0.62it/s, loss=0.0456]
Epoch 3:   6%|..........| 36/585 [00:00:58<00:14:52,  0.62it/s, loss=0.0445]
Epoch 3:   7%|..........| 39/585 [00:01:03<00:14:50,  0.61it/s, loss=0.0454]
Epoch 3:   7%|..........| 43/585 [00:01:10<00:14:45,  0.61it/s, loss=0.0449]
Epoch 3:   8%|..........| 46/585 [00:01:16<00:14:57,  0.60it/s, loss=0.0453]
Epoch 3:   8%|..........| 49/585 [00:01:22<00:14:58,  0.60it/s, loss=0.0453]
Epoch 3:   9%|..........| 52/585 [00:01:28<00:15:04,  0.59it/s, loss=0.0446]
Epoch 3:  10%|..........| 56/585 [00:01:34<00:14:52,  0.59it/s, loss=0.0443]
Epoch 3:  10%|#.........| 60/585 [00:01:40<00:14:42,  0.59it/s, loss=0.0437]
Epoch 3:  11%|#.........| 63/585 [00:01:45<00:14:37,  0.59it/s, loss=0.0434]
Epoch 3:  11%|#.........| 67/585 [00:01:52<00:14:26,  0.60it/s, loss=0.0432]
Epoch 3:  12%|#.........| 70/585 [00:01:57<00:14:26,  0.59it/s, loss=0.0436]
Epoch 3:  12%|#.........| 73/585 [00:02:03<00:14:28,  0.59it/s, loss=0.0438]
Epoch 3:  13%|#.........| 77/585 [00:02:10<00:14:20,  0.59it/s, loss=0.0436]
Epoch 3:  14%|#.........| 81/585 [00:02:16<00:14:10,  0.59it/s, loss=0.0431]
Epoch 3:  15%|#.........| 85/585 [00:02:22<00:13:58,  0.60it/s, loss=0.0427]
Epoch 3:  15%|#.........| 89/585 [00:02:28<00:13:48,  0.60it/s, loss=0.0424]
Epoch 3:  16%|#.........| 92/585 [00:02:33<00:13:43,  0.60it/s, loss=0.0422]
Epoch 3:  16%|#.........| 96/585 [00:02:39<00:13:34,  0.60it/s, loss=0.0415]
Epoch 3:  17%|#.........| 99/585 [00:02:44<00:13:29,  0.60it/s, loss=0.0420]
Epoch 3:  17%|#.........| 102/585 [00:02:50<00:13:27,  0.60it/s, loss=0.0421]
Epoch 3:  18%|#.........| 106/585 [00:02:56<00:13:18,  0.60it/s, loss=0.0417]
Epoch 3:  19%|#.........| 110/585 [00:03:02<00:13:08,  0.60it/s, loss=0.0415]
Epoch 3:  19%|#.........| 114/585 [00:03:08<00:13:00,  0.60it/s, loss=0.0414]
Epoch 3:  20%|##........| 118/585 [00:03:15<00:12:53,  0.60it/s, loss=0.0411]
Epoch 3:  21%|##........| 122/585 [00:03:22<00:12:47,  0.60it/s, loss=0.0408]
Epoch 3:  21%|##........| 125/585 [00:03:27<00:12:42,  0.60it/s, loss=0.0408]
Epoch 3:  22%|##........| 129/585 [00:03:33<00:12:33,  0.61it/s, loss=0.0405]
Epoch 3:  23%|##........| 132/585 [00:03:38<00:12:30,  0.60it/s, loss=0.0406]
Epoch 3:  23%|##........| 135/585 [00:03:44<00:12:27,  0.60it/s, loss=0.0409]
Epoch 3:  24%|##........| 138/585 [00:03:49<00:12:23,  0.60it/s, loss=0.0416]
Epoch 3:  24%|##........| 142/585 [00:03:56<00:12:16,  0.60it/s, loss=0.0416]
Epoch 3:  25%|##........| 146/585 [00:04:02<00:12:10,  0.60it/s, loss=0.0414]
Epoch 3:  26%|##........| 150/585 [00:04:08<00:12:00,  0.60it/s, loss=0.0413]
Epoch 3:  26%|##........| 153/585 [00:04:13<00:11:56,  0.60it/s, loss=0.0413]
Epoch 3:  27%|##........| 156/585 [00:04:19<00:11:53,  0.60it/s, loss=0.0414]
Epoch 3:  27%|##........| 159/585 [00:04:24<00:11:48,  0.60it/s, loss=0.0413]
Epoch 3:  28%|##........| 163/585 [00:04:30<00:11:40,  0.60it/s, loss=0.0411]
Epoch 3:  28%|##........| 166/585 [00:04:35<00:11:36,  0.60it/s, loss=0.0413]
Epoch 3:  29%|##........| 170/585 [00:04:41<00:11:28,  0.60it/s, loss=0.0409]
Epoch 3:  30%|##........| 174/585 [00:04:48<00:11:21,  0.60it/s, loss=0.0407]
Epoch 3:  30%|###.......| 177/585 [00:04:53<00:11:17,  0.60it/s, loss=0.0406]
Epoch 3:  31%|###.......| 181/585 [00:05:00<00:11:09,  0.60it/s, loss=0.0406]
Epoch 3:  32%|###.......| 185/585 [00:05:06<00:11:03,  0.60it/s, loss=0.0404]
Epoch 3:  32%|###.......| 188/585 [00:05:12<00:10:59,  0.60it/s, loss=0.0408]
Epoch 3:  33%|###.......| 192/585 [00:05:18<00:10:52,  0.60it/s, loss=0.0411]
Epoch 3:  34%|###.......| 196/585 [00:05:24<00:10:44,  0.60it/s, loss=0.0410]
Epoch 3:  34%|###.......| 200/585 [00:05:31<00:10:37,  0.60it/s, loss=0.0410]
Epoch 3:  35%|###.......| 203/585 [00:05:36<00:10:33,  0.60it/s, loss=0.0416]
Epoch 3:  35%|###.......| 207/585 [00:05:43<00:10:26,  0.60it/s, loss=0.0416]
Epoch 3:  36%|###.......| 210/585 [00:05:48<00:10:22,  0.60it/s, loss=0.0416]
Epoch 3:  36%|###.......| 213/585 [00:05:53<00:10:18,  0.60it/s, loss=0.0418]
Epoch 3:  37%|###.......| 216/585 [00:05:59<00:10:14,  0.60it/s, loss=0.0420]
Epoch 3:  38%|###.......| 220/585 [00:06:05<00:10:07,  0.60it/s, loss=0.0421]
Epoch 3:  38%|###.......| 224/585 [00:06:12<00:10:00,  0.60it/s, loss=0.0422]
Epoch 3:  39%|###.......| 228/585 [00:06:18<00:09:53,  0.60it/s, loss=0.0425]
Epoch 3:  39%|###.......| 231/585 [00:06:23<00:09:48,  0.60it/s, loss=0.0425]
Epoch 3:  40%|####......| 234/585 [00:06:28<00:09:43,  0.60it/s, loss=0.0429]
Epoch 3:  41%|####......| 238/585 [00:06:35<00:09:36,  0.60it/s, loss=0.0430]
Epoch 3:  41%|####......| 242/585 [00:06:41<00:09:29,  0.60it/s, loss=0.0431]
Epoch 3:  42%|####......| 246/585 [00:06:47<00:09:21,  0.60it/s, loss=0.0431]
Epoch 3:  43%|####......| 250/585 [00:06:54<00:09:15,  0.60it/s, loss=0.0433]
Epoch 3:  43%|####......| 254/585 [00:07:00<00:09:07,  0.60it/s, loss=0.0433]
Epoch 3:  44%|####......| 257/585 [00:07:05<00:09:02,  0.60it/s, loss=0.0435]
Epoch 3:  45%|####......| 261/585 [00:07:11<00:08:55,  0.61it/s, loss=0.0434]
Epoch 3:  45%|####......| 264/585 [00:07:16<00:08:50,  0.60it/s, loss=0.0436]
Epoch 3:  46%|####......| 268/585 [00:07:22<00:08:43,  0.61it/s, loss=0.0436]
Epoch 3:  46%|####......| 272/585 [00:07:28<00:08:36,  0.61it/s, loss=0.0435]
Epoch 3:  47%|####......| 276/585 [00:07:35<00:08:29,  0.61it/s, loss=0.0434]
Epoch 3:  48%|####......| 280/585 [00:07:40<00:08:22,  0.61it/s, loss=0.0433]
Epoch 3:  49%|####......| 284/585 [00:07:47<00:08:15,  0.61it/s, loss=0.0433]
Epoch 3:  49%|####......| 288/585 [00:07:53<00:08:08,  0.61it/s, loss=0.0433]
Epoch 3:  50%|####......| 292/585 [00:08:01<00:08:02,  0.61it/s, loss=0.0434]
Epoch 3:  51%|#####.....| 296/585 [00:08:07<00:07:55,  0.61it/s, loss=0.0434]
Epoch 3:  51%|#####.....| 299/585 [00:08:12<00:07:51,  0.61it/s, loss=0.0434]
Epoch 3:  52%|#####.....| 303/585 [00:08:19<00:07:44,  0.61it/s, loss=0.0436]
Epoch 3:  52%|#####.....| 307/585 [00:08:25<00:07:37,  0.61it/s, loss=0.0437]
Epoch 3:  53%|#####.....| 311/585 [00:08:32<00:07:31,  0.61it/s, loss=0.0436]
Epoch 3:  54%|#####.....| 315/585 [00:08:38<00:07:24,  0.61it/s, loss=0.0435]
Epoch 3:  54%|#####.....| 318/585 [00:08:43<00:07:19,  0.61it/s, loss=0.0435]
Epoch 3:  55%|#####.....| 321/585 [00:08:49<00:07:15,  0.61it/s, loss=0.0435]
Epoch 3:  56%|#####.....| 325/585 [00:08:56<00:07:08,  0.61it/s, loss=0.0435]
Epoch 3:  56%|#####.....| 328/585 [00:09:01<00:07:04,  0.61it/s, loss=0.0434]
Epoch 3:  57%|#####.....| 332/585 [00:09:07<00:06:57,  0.61it/s, loss=0.0433]
Epoch 3:  57%|#####.....| 335/585 [00:09:13<00:06:52,  0.61it/s, loss=0.0433]
Epoch 3:  58%|#####.....| 339/585 [00:09:19<00:06:46,  0.61it/s, loss=0.0432]
Epoch 3:  58%|#####.....| 342/585 [00:09:24<00:06:41,  0.61it/s, loss=0.0432]
Epoch 3:  59%|#####.....| 346/585 [00:09:31<00:06:34,  0.61it/s, loss=0.0432]
Epoch 3:  60%|#####.....| 349/585 [00:09:36<00:06:30,  0.61it/s, loss=0.0432]
Epoch 3:  60%|######....| 352/585 [00:09:41<00:06:25,  0.61it/s, loss=0.0432]
Epoch 3:  61%|######....| 355/585 [00:09:47<00:06:20,  0.60it/s, loss=0.0432]
Epoch 3:  61%|######....| 359/585 [00:09:53<00:06:13,  0.60it/s, loss=0.0433]
Epoch 3:  62%|######....| 362/585 [00:09:59<00:06:09,  0.60it/s, loss=0.0432]
Epoch 3:  63%|######....| 366/585 [00:10:05<00:06:02,  0.60it/s, loss=0.0431]
Epoch 3:  63%|######....| 370/585 [00:10:11<00:05:55,  0.60it/s, loss=0.0430]
Epoch 3:  64%|######....| 374/585 [00:10:17<00:05:48,  0.61it/s, loss=0.0429]
Epoch 3:  64%|######....| 377/585 [00:10:24<00:05:44,  0.60it/s, loss=0.0429]
Epoch 3:  65%|######....| 380/585 [00:10:30<00:05:40,  0.60it/s, loss=0.0431]
Epoch 3:  65%|######....| 383/585 [00:10:36<00:05:35,  0.60it/s, loss=0.0430]
Epoch 3:  66%|######....| 387/585 [00:10:42<00:05:28,  0.60it/s, loss=0.0429]
Epoch 3:  67%|######....| 390/585 [00:10:47<00:05:23,  0.60it/s, loss=0.0429]
Epoch 3:  67%|######....| 393/585 [00:10:52<00:05:18,  0.60it/s, loss=0.0428]
Epoch 3:  68%|######....| 396/585 [00:10:57<00:05:13,  0.60it/s, loss=0.0428]
Epoch 3:  68%|######....| 399/585 [00:11:02<00:05:08,  0.60it/s, loss=0.0427]
Epoch 3:  69%|######....| 402/585 [00:11:08<00:05:04,  0.60it/s, loss=0.0427]
Epoch 3:  69%|######....| 406/585 [00:11:14<00:04:57,  0.60it/s, loss=0.0426]
Epoch 3:  70%|######....| 409/585 [00:11:19<00:04:52,  0.60it/s, loss=0.0426]
Epoch 3:  70%|#######...| 412/585 [00:11:25<00:04:47,  0.60it/s, loss=0.0425]
Epoch 3:  71%|#######...| 415/585 [00:11:30<00:04:42,  0.60it/s, loss=0.0425]
Epoch 3:  71%|#######...| 418/585 [00:11:35<00:04:38,  0.60it/s, loss=0.0424]
Epoch 3:  72%|#######...| 421/585 [00:11:42<00:04:33,  0.60it/s, loss=0.0423]
Epoch 3:  72%|#######...| 424/585 [00:11:47<00:04:28,  0.60it/s, loss=0.0423]
Epoch 3:  73%|#######...| 428/585 [00:11:54<00:04:22,  0.60it/s, loss=0.0422]
Epoch 3:  74%|#######...| 432/585 [00:12:00<00:04:15,  0.60it/s, loss=0.0421]
Epoch 3:  75%|#######...| 436/585 [00:12:06<00:04:08,  0.60it/s, loss=0.0420]
Epoch 3:  75%|#######...| 439/585 [00:12:12<00:04:03,  0.60it/s, loss=0.0420]
Epoch 3:  76%|#######...| 443/585 [00:12:18<00:03:56,  0.60it/s, loss=0.0421]
Epoch 3:  76%|#######...| 446/585 [00:12:24<00:03:51,  0.60it/s, loss=0.0423]
Epoch 3:  77%|#######...| 449/585 [00:12:29<00:03:46,  0.60it/s, loss=0.0422]
Epoch 3:  77%|#######...| 453/585 [00:12:35<00:03:40,  0.60it/s, loss=0.0422]
Epoch 3:  78%|#######...| 457/585 [00:12:41<00:03:33,  0.60it/s, loss=0.0422]
Epoch 3:  79%|#######...| 461/585 [00:12:48<00:03:26,  0.60it/s, loss=0.0421]
Epoch 3:  79%|#######...| 465/585 [00:12:54<00:03:19,  0.60it/s, loss=0.0421]
Epoch 3:  80%|########..| 468/585 [00:13:00<00:03:15,  0.60it/s, loss=0.0421]
Epoch 3:  81%|########..| 472/585 [00:13:06<00:03:08,  0.60it/s, loss=0.0420]
Epoch 3:  81%|########..| 475/585 [00:13:12<00:03:03,  0.60it/s, loss=0.0420]
Epoch 3:  82%|########..| 478/585 [00:13:17<00:02:58,  0.60it/s, loss=0.0421]
Epoch 3:  82%|########..| 481/585 [00:13:22<00:02:53,  0.60it/s, loss=0.0420]
Epoch 3:  83%|########..| 485/585 [00:13:29<00:02:46,  0.60it/s, loss=0.0420]
Epoch 3:  83%|########..| 488/585 [00:13:34<00:02:41,  0.60it/s, loss=0.0419]
Epoch 3:  84%|########..| 491/585 [00:13:40<00:02:37,  0.60it/s, loss=0.0419]
Epoch 3:  85%|########..| 495/585 [00:13:46<00:02:30,  0.60it/s, loss=0.0419]
Epoch 3:  85%|########..| 499/585 [00:13:53<00:02:23,  0.60it/s, loss=0.0419]
Epoch 3:  86%|########..| 503/585 [00:14:00<00:02:17,  0.60it/s, loss=0.0419]
Epoch 3:  87%|########..| 507/585 [00:14:06<00:02:10,  0.60it/s, loss=0.0418]
Epoch 3:  87%|########..| 511/585 [00:14:13<00:02:03,  0.60it/s, loss=0.0418]
Epoch 3:  88%|########..| 514/585 [00:14:18<00:01:58,  0.60it/s, loss=0.0418]
Epoch 3:  89%|########..| 518/585 [00:14:24<00:01:51,  0.60it/s, loss=0.0418]
Epoch 3:  89%|########..| 522/585 [00:14:31<00:01:45,  0.60it/s, loss=0.0417]
Epoch 3:  90%|########..| 525/585 [00:14:36<00:01:40,  0.60it/s, loss=0.0417]
Epoch 3:  90%|#########.| 529/585 [00:14:43<00:01:33,  0.60it/s, loss=0.0417]
Epoch 3:  91%|#########.| 532/585 [00:14:48<00:01:28,  0.60it/s, loss=0.0417]
Epoch 3:  92%|#########.| 536/585 [00:14:54<00:01:21,  0.60it/s, loss=0.0416]
Epoch 3:  92%|#########.| 540/585 [00:15:00<00:01:15,  0.60it/s, loss=0.0415]
Epoch 3:  93%|#########.| 543/585 [00:15:06<00:01:10,  0.60it/s, loss=0.0415]
Epoch 3:  93%|#########.| 546/585 [00:15:11<00:01:05,  0.60it/s, loss=0.0414]
Epoch 3:  94%|#########.| 549/585 [00:15:18<00:01:00,  0.60it/s, loss=0.0414]
Epoch 3:  94%|#########.| 552/585 [00:15:23<00:00:55,  0.60it/s, loss=0.0413]
Epoch 3:  95%|#########.| 555/585 [00:15:28<00:00:50,  0.60it/s, loss=0.0413]
Epoch 3:  96%|#########.| 559/585 [00:15:34<00:00:43,  0.60it/s, loss=0.0412]
Epoch 3:  96%|#########.| 563/585 [00:15:40<00:00:36,  0.60it/s, loss=0.0412]
Epoch 3:  97%|#########.| 567/585 [00:15:46<00:00:30,  0.60it/s, loss=0.0411]
Epoch 3:  97%|#########.| 570/585 [00:15:52<00:00:25,  0.60it/s, loss=0.0411]
Epoch 3:  98%|#########.| 573/585 [00:15:57<00:00:20,  0.60it/s, loss=0.0412]
Epoch 3:  98%|#########.| 576/585 [00:16:02<00:00:15,  0.60it/s, loss=0.0411]
Epoch 3:  99%|#########.| 579/585 [00:16:08<00:00:10,  0.60it/s, loss=0.0411]
Epoch 3:  99%|#########.| 582/585 [00:16:13<00:00:05,  0.60it/s, loss=0.0411]
Epoch 3: 100%|##########| 585/585 [00:16:17<00:00:00,  0.60it/s, loss=0.0410]
Test loss: 0.0327, Test rmsae: 11.50deg
{"event": "epoch_complete", "epoch": 3, "phase": 1, "lr": 0.0001, "batch_size": 1, "micro_batch_size": 1, "train_loss": 0.04104305851535919, "val_loss": 0.032740263210143894, "val_rmsae_deg": 11.504843160510063, "epoch_time_s": 978.9558310849825}
{"event": "checkpoint_saved", "tag": "best_rmsae", "epoch": 3, "path": "IFAN_Edge/outputs/stage3/ifan_stage3_long80_c8_r2_map_maba_20260516_154535/checkpoints/best_rmsae.pt", "val_rmsae_deg": 11.504843160510063}
Epoch 4/80:
Epoch 4:   1%|..........| 3/585 [00:00:05<00:16:12,  0.60it/s, loss=0.0331]
Epoch 4:   1%|..........| 6/585 [00:00:11<00:18:57,  0.51it/s, loss=0.0444]
Epoch 4:   2%|..........| 10/585 [00:00:18<00:17:25,  0.55it/s, loss=0.0388]
Epoch 4:   2%|..........| 14/585 [00:00:24<00:16:44,  0.57it/s, loss=0.0382]
Epoch 4:   3%|..........| 18/585 [00:00:30<00:16:15,  0.58it/s, loss=0.0370]
Epoch 4:   4%|..........| 22/585 [00:00:37<00:15:55,  0.59it/s, loss=0.0360]
Epoch 4:   4%|..........| 26/585 [00:00:43<00:15:42,  0.59it/s, loss=0.0357]
Epoch 4:   5%|..........| 30/585 [00:00:49<00:15:19,  0.60it/s, loss=0.0351]
Epoch 4:   6%|..........| 34/585 [00:00:56<00:15:20,  0.60it/s, loss=0.0353]
Epoch 4:   6%|..........| 38/585 [00:01:02<00:15:03,  0.61it/s, loss=0.0348]
Epoch 4:   7%|..........| 42/585 [00:01:08<00:14:49,  0.61it/s, loss=0.0343]
Epoch 4:   8%|..........| 46/585 [00:01:14<00:14:38,  0.61it/s, loss=0.0341]
Epoch 4:   8%|..........| 49/585 [00:01:20<00:14:41,  0.61it/s, loss=0.0341]
Epoch 4:   9%|..........| 52/585 [00:01:25<00:14:41,  0.60it/s, loss=0.0343]
Epoch 4:  10%|..........| 56/585 [00:01:32<00:14:30,  0.61it/s, loss=0.0345]
Epoch 4:  10%|#.........| 59/585 [00:01:37<00:14:26,  0.61it/s, loss=0.0342]
Epoch 4:  11%|#.........| 62/585 [00:01:43<00:14:36,  0.60it/s, loss=0.0348]
Epoch 4:  11%|#.........| 66/585 [00:01:50<00:14:29,  0.60it/s, loss=0.0347]
Epoch 4:  12%|#.........| 70/585 [00:01:56<00:14:19,  0.60it/s, loss=0.0343]
Epoch 4:  13%|#.........| 74/585 [00:02:02<00:14:09,  0.60it/s, loss=0.0345]
Epoch 4:  13%|#.........| 78/585 [00:02:10<00:14:07,  0.60it/s, loss=0.0344]
Epoch 4:  14%|#.........| 81/585 [00:02:16<00:14:10,  0.59it/s, loss=0.0343]
Epoch 4:  14%|#.........| 84/585 [00:02:22<00:14:11,  0.59it/s, loss=0.0342]
Epoch 4:  15%|#.........| 88/585 [00:02:28<00:14:00,  0.59it/s, loss=0.0346]
Epoch 4:  16%|#.........| 91/585 [00:02:34<00:13:58,  0.59it/s, loss=0.0344]
Epoch 4:  16%|#.........| 94/585 [00:02:39<00:13:53,  0.59it/s, loss=0.0344]
Epoch 4:  17%|#.........| 97/585 [00:02:44<00:13:48,  0.59it/s, loss=0.0345]
Epoch 4:  17%|#.........| 101/585 [00:02:51<00:13:40,  0.59it/s, loss=0.0344]
Epoch 4:  18%|#.........| 104/585 [00:02:56<00:13:35,  0.59it/s, loss=0.0345]
Epoch 4:  18%|#.........| 108/585 [00:03:02<00:13:28,  0.59it/s, loss=0.0343]
Epoch 4:  19%|#.........| 112/585 [00:03:10<00:13:23,  0.59it/s, loss=0.0345]
Epoch 4:  20%|#.........| 115/585 [00:03:15<00:13:19,  0.59it/s, loss=0.0345]
Epoch 4:  20%|##........| 119/585 [00:03:22<00:13:12,  0.59it/s, loss=0.0345]
Epoch 4:  21%|##........| 123/585 [00:03:28<00:13:02,  0.59it/s, loss=0.0344]
Epoch 4:  22%|##........| 127/585 [00:03:34<00:12:55,  0.59it/s, loss=0.0343]
Epoch 4:  22%|##........| 130/585 [00:03:41<00:12:53,  0.59it/s, loss=0.0344]
Epoch 4:  23%|##........| 133/585 [00:03:46<00:12:48,  0.59it/s, loss=0.0343]
Epoch 4:  23%|##........| 136/585 [00:03:51<00:12:45,  0.59it/s, loss=0.0341]
Epoch 4:  24%|##........| 139/585 [00:03:57<00:12:40,  0.59it/s, loss=0.0341]
Epoch 4:  24%|##........| 142/585 [00:04:02<00:12:35,  0.59it/s, loss=0.0341]
Epoch 4:  25%|##........| 146/585 [00:04:09<00:12:28,  0.59it/s, loss=0.0341]
Epoch 4:  25%|##........| 149/585 [00:04:14<00:12:23,  0.59it/s, loss=0.0341]
Epoch 4:  26%|##........| 153/585 [00:04:20<00:12:15,  0.59it/s, loss=0.0340]
Epoch 4:  27%|##........| 156/585 [00:04:25<00:12:09,  0.59it/s, loss=0.0341]
Epoch 4:  27%|##........| 160/585 [00:04:31<00:12:01,  0.59it/s, loss=0.0340]
Epoch 4:  28%|##........| 163/585 [00:04:39<00:12:03,  0.58it/s, loss=0.0341]
Epoch 4:  29%|##........| 167/585 [00:04:45<00:11:55,  0.58it/s, loss=0.0339]
Epoch 4:  29%|##........| 170/585 [00:04:51<00:11:52,  0.58it/s, loss=0.0340]
Epoch 4:  30%|##........| 174/585 [00:04:58<00:11:43,  0.58it/s, loss=0.0339]
Epoch 4:  30%|###.......| 178/585 [00:05:04<00:11:35,  0.59it/s, loss=0.0338]
Epoch 4:  31%|###.......| 181/585 [00:05:09<00:11:31,  0.58it/s, loss=0.0339]
Epoch 4:  31%|###.......| 184/585 [00:05:14<00:11:26,  0.58it/s, loss=0.0339]
Epoch 4:  32%|###.......| 187/585 [00:05:21<00:11:23,  0.58it/s, loss=0.0338]
Epoch 4:  33%|###.......| 191/585 [00:05:27<00:11:15,  0.58it/s, loss=0.0340]
Epoch 4:  33%|###.......| 195/585 [00:05:33<00:11:07,  0.58it/s, loss=0.0338]
Epoch 4:  34%|###.......| 198/585 [00:05:40<00:11:05,  0.58it/s, loss=0.0338]
Epoch 4:  35%|###.......| 202/585 [00:05:46<00:10:57,  0.58it/s, loss=0.0337]
Epoch 4:  35%|###.......| 206/585 [00:05:53<00:10:50,  0.58it/s, loss=0.0336]
Epoch 4:  36%|###.......| 210/585 [00:05:59<00:10:42,  0.58it/s, loss=0.0337]
Epoch 4:  36%|###.......| 213/585 [00:06:05<00:10:37,  0.58it/s, loss=0.0336]
Epoch 4:  37%|###.......| 217/585 [00:06:11<00:10:29,  0.58it/s, loss=0.0334]
Epoch 4:  38%|###.......| 220/585 [00:06:16<00:10:25,  0.58it/s, loss=0.0335]
Epoch 4:  38%|###.......| 224/585 [00:06:23<00:10:17,  0.58it/s, loss=0.0335]
Epoch 4:  39%|###.......| 228/585 [00:06:29<00:10:10,  0.58it/s, loss=0.0334]
Epoch 4:  39%|###.......| 231/585 [00:06:35<00:10:05,  0.58it/s, loss=0.0334]
Epoch 4:  40%|####......| 235/585 [00:06:42<00:09:58,  0.58it/s, loss=0.0334]
Epoch 4:  41%|####......| 238/585 [00:06:47<00:09:54,  0.58it/s, loss=0.0335]
Epoch 4:  41%|####......| 242/585 [00:06:54<00:09:46,  0.58it/s, loss=0.0335]
Epoch 4:  42%|####......| 246/585 [00:07:00<00:09:39,  0.59it/s, loss=0.0335]
Epoch 4:  43%|####......| 249/585 [00:07:05<00:09:34,  0.58it/s, loss=0.0335]
Epoch 4:  43%|####......| 252/585 [00:07:11<00:09:29,  0.58it/s, loss=0.0335]
Epoch 4:  44%|####......| 255/585 [00:07:16<00:09:24,  0.58it/s, loss=0.0336]
Epoch 4:  44%|####......| 259/585 [00:07:22<00:09:17,  0.58it/s, loss=0.0335]
Epoch 4:  45%|####......| 263/585 [00:07:28<00:09:09,  0.59it/s, loss=0.0334]
Epoch 4:  46%|####......| 267/585 [00:07:35<00:09:02,  0.59it/s, loss=0.0334]
Epoch 4:  46%|####......| 271/585 [00:07:42<00:08:55,  0.59it/s, loss=0.0333]
Epoch 4:  47%|####......| 275/585 [00:07:48<00:08:48,  0.59it/s, loss=0.0333]
Epoch 4:  48%|####......| 279/585 [00:07:55<00:08:41,  0.59it/s, loss=0.0334]
Epoch 4:  48%|####......| 282/585 [00:08:00<00:08:36,  0.59it/s, loss=0.0334]
Epoch 4:  49%|####......| 285/585 [00:08:05<00:08:31,  0.59it/s, loss=0.0333]
Epoch 4:  49%|####......| 288/585 [00:08:11<00:08:26,  0.59it/s, loss=0.0333]
Epoch 4:  50%|####......| 292/585 [00:08:17<00:08:19,  0.59it/s, loss=0.0334]
Epoch 4:  51%|#####.....| 296/585 [00:08:24<00:08:12,  0.59it/s, loss=0.0333]
Epoch 4:  51%|#####.....| 300/585 [00:08:30<00:08:05,  0.59it/s, loss=0.0333]
Epoch 4:  52%|#####.....| 304/585 [00:08:37<00:07:58,  0.59it/s, loss=0.0333]
Epoch 4:  52%|#####.....| 307/585 [00:08:43<00:07:53,  0.59it/s, loss=0.0333]
Epoch 4:  53%|#####.....| 311/585 [00:08:50<00:07:47,  0.59it/s, loss=0.0333]
Epoch 4:  54%|#####.....| 314/585 [00:08:56<00:07:42,  0.59it/s, loss=0.0332]
Epoch 4:  54%|#####.....| 318/585 [00:09:02<00:07:35,  0.59it/s, loss=0.0332]
Epoch 4:  55%|#####.....| 321/585 [00:09:07<00:07:30,  0.59it/s, loss=0.0331]
Epoch 4:  55%|#####.....| 324/585 [00:09:13<00:07:25,  0.59it/s, loss=0.0332]
Epoch 4:  56%|#####.....| 328/585 [00:09:19<00:07:18,  0.59it/s, loss=0.0331]
Epoch 4:  57%|#####.....| 332/585 [00:09:26<00:07:11,  0.59it/s, loss=0.0331]
Epoch 4:  57%|#####.....| 335/585 [00:09:31<00:07:06,  0.59it/s, loss=0.0331]
Epoch 4:  58%|#####.....| 339/585 [00:09:38<00:06:59,  0.59it/s, loss=0.0331]
Epoch 4:  59%|#####.....| 343/585 [00:09:44<00:06:52,  0.59it/s, loss=0.0330]
Epoch 4:  59%|#####.....| 347/585 [00:09:51<00:06:45,  0.59it/s, loss=0.0332]
Epoch 4:  60%|######....| 351/585 [00:09:57<00:06:38,  0.59it/s, loss=0.0333]
Epoch 4:  61%|######....| 355/585 [00:10:04<00:06:31,  0.59it/s, loss=0.0333]
Epoch 4:  61%|######....| 358/585 [00:10:09<00:06:26,  0.59it/s, loss=0.0333]
Epoch 4:  62%|######....| 362/585 [00:10:15<00:06:19,  0.59it/s, loss=0.0332]
Epoch 4:  62%|######....| 365/585 [00:10:20<00:06:14,  0.59it/s, loss=0.0332]
Epoch 4:  63%|######....| 368/585 [00:10:26<00:06:09,  0.59it/s, loss=0.0331]
Epoch 4:  64%|######....| 372/585 [00:10:32<00:06:02,  0.59it/s, loss=0.0332]
Epoch 4:  64%|######....| 376/585 [00:10:38<00:05:54,  0.59it/s, loss=0.0332]
Epoch 4:  65%|######....| 380/585 [00:10:45<00:05:48,  0.59it/s, loss=0.0331]
Epoch 4:  66%|######....| 384/585 [00:10:51<00:05:40,  0.59it/s, loss=0.0331]
Epoch 4:  66%|######....| 388/585 [00:10:57<00:05:33,  0.59it/s, loss=0.0331]
Epoch 4:  67%|######....| 392/585 [00:11:04<00:05:27,  0.59it/s, loss=0.0331]
Epoch 4:  68%|######....| 396/585 [00:11:11<00:05:20,  0.59it/s, loss=0.0330]
Epoch 4:  68%|######....| 399/585 [00:11:16<00:05:15,  0.59it/s, loss=0.0331]
Epoch 4:  69%|######....| 403/585 [00:11:22<00:05:08,  0.59it/s, loss=0.0330]
Epoch 4:  70%|######....| 407/585 [00:11:29<00:05:01,  0.59it/s, loss=0.0330]
Epoch 4:  70%|#######...| 410/585 [00:11:35<00:04:56,  0.59it/s, loss=0.0330]
Epoch 4:  71%|#######...| 414/585 [00:11:41<00:04:49,  0.59it/s, loss=0.0330]
Epoch 4:  71%|#######...| 418/585 [00:11:47<00:04:42,  0.59it/s, loss=0.0329]
Epoch 4:  72%|#######...| 422/585 [00:11:54<00:04:35,  0.59it/s, loss=0.0329]
Epoch 4:  73%|#######...| 425/585 [00:11:59<00:04:30,  0.59it/s, loss=0.0330]
Epoch 4:  73%|#######...| 429/585 [00:12:05<00:04:23,  0.59it/s, loss=0.0330]
Epoch 4:  74%|#######...| 432/585 [00:12:10<00:04:18,  0.59it/s, loss=0.0330]
Epoch 4:  74%|#######...| 435/585 [00:12:16<00:04:14,  0.59it/s, loss=0.0330]
Epoch 4:  75%|#######...| 439/585 [00:12:23<00:04:07,  0.59it/s, loss=0.0330]
Epoch 4:  76%|#######...| 443/585 [00:12:29<00:04:00,  0.59it/s, loss=0.0330]
Epoch 4:  76%|#######...| 447/585 [00:12:36<00:03:53,  0.59it/s, loss=0.0330]
Epoch 4:  77%|#######...| 451/585 [00:12:42<00:03:46,  0.59it/s, loss=0.0330]
Epoch 4:  78%|#######...| 454/585 [00:12:48<00:03:41,  0.59it/s, loss=0.0330]
Epoch 4:  78%|#######...| 458/585 [00:12:54<00:03:34,  0.59it/s, loss=0.0330]
Epoch 4:  79%|#######...| 462/585 [00:13:01<00:03:28,  0.59it/s, loss=0.0330]
Epoch 4:  80%|#######...| 466/585 [00:13:07<00:03:21,  0.59it/s, loss=0.0330]
Epoch 4:  80%|########..| 470/585 [00:13:14<00:03:14,  0.59it/s, loss=0.0329]
Epoch 4:  81%|########..| 473/585 [00:13:19<00:03:09,  0.59it/s, loss=0.0330]
Epoch 4:  82%|########..| 477/585 [00:13:25<00:03:02,  0.59it/s, loss=0.0330]
Epoch 4:  82%|########..| 480/585 [00:13:30<00:02:57,  0.59it/s, loss=0.0330]
Epoch 4:  83%|########..| 483/585 [00:13:36<00:02:52,  0.59it/s, loss=0.0330]
Epoch 4:  83%|########..| 486/585 [00:13:42<00:02:47,  0.59it/s, loss=0.0331]
Epoch 4:  84%|########..| 490/585 [00:13:49<00:02:40,  0.59it/s, loss=0.0331]
Epoch 4:  84%|########..| 494/585 [00:13:55<00:02:33,  0.59it/s, loss=0.0331]
Epoch 4:  85%|########..| 497/585 [00:14:00<00:02:28,  0.59it/s, loss=0.0331]
Epoch 4:  86%|########..| 501/585 [00:14:07<00:02:22,  0.59it/s, loss=0.0331]
Epoch 4:  86%|########..| 505/585 [00:14:13<00:02:15,  0.59it/s, loss=0.0331]
Epoch 4:  87%|########..| 508/585 [00:14:18<00:02:10,  0.59it/s, loss=0.0331]
Epoch 4:  88%|########..| 512/585 [00:14:25<00:02:03,  0.59it/s, loss=0.0331]
Epoch 4:  88%|########..| 516/585 [00:14:31<00:01:56,  0.59it/s, loss=0.0332]
Epoch 4:  89%|########..| 519/585 [00:14:36<00:01:51,  0.59it/s, loss=0.0332]
Epoch 4:  89%|########..| 522/585 [00:14:41<00:01:46,  0.59it/s, loss=0.0332]
Epoch 4:  90%|########..| 526/585 [00:14:47<00:01:39,  0.59it/s, loss=0.0331]
Epoch 4:  91%|#########.| 530/585 [00:14:53<00:01:32,  0.59it/s, loss=0.0331]
Epoch 4:  91%|#########.| 533/585 [00:14:59<00:01:27,  0.59it/s, loss=0.0331]
Epoch 4:  92%|#########.| 536/585 [00:15:04<00:01:22,  0.59it/s, loss=0.0332]
Epoch 4:  92%|#########.| 539/585 [00:15:09<00:01:17,  0.59it/s, loss=0.0331]
Epoch 4:  93%|#########.| 542/585 [00:15:16<00:01:12,  0.59it/s, loss=0.0331]
Epoch 4:  93%|#########.| 545/585 [00:15:21<00:01:07,  0.59it/s, loss=0.0332]
Epoch 4:  94%|#########.| 549/585 [00:15:27<00:01:00,  0.59it/s, loss=0.0332]
Epoch 4:  95%|#########.| 553/585 [00:15:34<00:00:54,  0.59it/s, loss=0.0332]
Epoch 4:  95%|#########.| 557/585 [00:15:40<00:00:47,  0.59it/s, loss=0.0332]
Epoch 4:  96%|#########.| 561/585 [00:15:46<00:00:40,  0.59it/s, loss=0.0331]
Epoch 4:  96%|#########.| 564/585 [00:15:51<00:00:35,  0.59it/s, loss=0.0332]
Epoch 4:  97%|#########.| 567/585 [00:15:56<00:00:30,  0.59it/s, loss=0.0332]
Epoch 4:  97%|#########.| 570/585 [00:16:02<00:00:25,  0.59it/s, loss=0.0332]
Epoch 4:  98%|#########.| 574/585 [00:16:08<00:00:18,  0.59it/s, loss=0.0331]
Epoch 4:  99%|#########.| 578/585 [00:16:15<00:00:11,  0.59it/s, loss=0.0331]
Epoch 4:  99%|#########.| 582/585 [00:16:21<00:00:05,  0.59it/s, loss=0.0331]
Epoch 4: 100%|##########| 585/585 [00:16:25<00:00:00,  0.59it/s, loss=0.0331]
Test loss: 0.0308, Test rmsae: 10.99deg
{"event": "epoch_complete", "epoch": 4, "phase": 1, "lr": 0.0001, "batch_size": 1, "micro_batch_size": 1, "train_loss": 0.03308320462417144, "val_loss": 0.030805613263510168, "val_rmsae_deg": 10.994017586112022, "epoch_time_s": 986.8496616249904}
{"event": "checkpoint_saved", "tag": "best_rmsae", "epoch": 4, "path": "IFAN_Edge/outputs/stage3/ifan_stage3_long80_c8_r2_map_maba_20260516_154535/checkpoints/best_rmsae.pt", "val_rmsae_deg": 10.994017586112022}
Epoch 5/80:
Epoch 5:   1%|..........| 4/585 [00:00:06<00:15:25,  0.63it/s, loss=0.0284]
Epoch 5:   1%|..........| 8/585 [00:00:12<00:15:19,  0.63it/s, loss=0.0272]
Epoch 5:   2%|..........| 11/585 [00:00:17<00:15:28,  0.62it/s, loss=0.0283]
Epoch 5:   2%|..........| 14/585 [00:00:22<00:15:36,  0.61it/s, loss=0.0303]
Epoch 5:   3%|..........| 18/585 [00:00:29<00:15:28,  0.61it/s, loss=0.0300]
Epoch 5:   4%|..........| 21/585 [00:00:34<00:15:36,  0.60it/s, loss=0.0294]
Epoch 5:   4%|..........| 24/585 [00:00:40<00:15:42,  0.60it/s, loss=0.0316]
Epoch 5:   5%|..........| 27/585 [00:00:45<00:15:42,  0.59it/s, loss=0.0310]
Epoch 5:   5%|..........| 31/585 [00:00:51<00:15:28,  0.60it/s, loss=0.0322]
Epoch 5:   6%|..........| 34/585 [00:00:57<00:15:27,  0.59it/s, loss=0.0321]
Epoch 5:   6%|..........| 38/585 [00:01:04<00:15:28,  0.59it/s, loss=0.0321]
Epoch 5:   7%|..........| 41/585 [00:01:10<00:15:32,  0.58it/s, loss=0.0319]
Epoch 5:   8%|..........| 45/585 [00:01:16<00:15:15,  0.59it/s, loss=0.0322]
Epoch 5:   8%|..........| 49/585 [00:01:22<00:15:04,  0.59it/s, loss=0.0319]
Epoch 5:   9%|..........| 52/585 [00:01:27<00:15:00,  0.59it/s, loss=0.0321]
Epoch 5:  10%|..........| 56/585 [00:01:33<00:14:46,  0.60it/s, loss=0.0318]
Epoch 5:  10%|#.........| 59/585 [00:01:39<00:14:44,  0.59it/s, loss=0.0336]
Epoch 5:  11%|#.........| 63/585 [00:01:45<00:14:32,  0.60it/s, loss=0.0331]
Epoch 5:  11%|#.........| 66/585 [00:01:50<00:14:29,  0.60it/s, loss=0.0330]
Epoch 5:  12%|#.........| 70/585 [00:01:56<00:14:15,  0.60it/s, loss=0.0327]
Epoch 5:  12%|#.........| 73/585 [00:02:01<00:14:14,  0.60it/s, loss=0.0328]
Epoch 5:  13%|#.........| 77/585 [00:02:08<00:14:04,  0.60it/s, loss=0.0326]
Epoch 5:  14%|#.........| 81/585 [00:02:14<00:13:58,  0.60it/s, loss=0.0325]
Epoch 5:  14%|#.........| 84/585 [00:02:20<00:14:00,  0.60it/s, loss=0.0330]
Epoch 5:  15%|#.........| 88/585 [00:02:26<00:13:49,  0.60it/s, loss=0.0329]
Epoch 5:  16%|#.........| 92/585 [00:02:33<00:13:40,  0.60it/s, loss=0.0328]
Epoch 5:  16%|#.........| 96/585 [00:02:39<00:13:33,  0.60it/s, loss=0.0326]
Epoch 5:  17%|#.........| 99/585 [00:02:44<00:13:28,  0.60it/s, loss=0.0327]
Epoch 5:  18%|#.........| 103/585 [00:02:51<00:13:20,  0.60it/s, loss=0.0326]
Epoch 5:  18%|#.........| 107/585 [00:02:56<00:13:10,  0.60it/s, loss=0.0324]
Epoch 5:  19%|#.........| 110/585 [00:03:02<00:13:06,  0.60it/s, loss=0.0323]
Epoch 5:  19%|#.........| 114/585 [00:03:08<00:12:58,  0.60it/s, loss=0.0321]
Epoch 5:  20%|##........| 118/585 [00:03:14<00:12:49,  0.61it/s, loss=0.0320]
Epoch 5:  21%|##........| 122/585 [00:03:20<00:12:41,  0.61it/s, loss=0.0318]
Epoch 5:  21%|##........| 125/585 [00:03:25<00:12:37,  0.61it/s, loss=0.0319]
Epoch 5:  22%|##........| 128/585 [00:03:30<00:12:32,  0.61it/s, loss=0.0319]
Epoch 5:  23%|##........| 132/585 [00:03:37<00:12:26,  0.61it/s, loss=0.0321]
Epoch 5:  23%|##........| 136/585 [00:03:43<00:12:18,  0.61it/s, loss=0.0319]
Epoch 5:  24%|##........| 139/585 [00:03:48<00:12:13,  0.61it/s, loss=0.0318]
Epoch 5:  24%|##........| 142/585 [00:03:54<00:12:12,  0.60it/s, loss=0.0321]
Epoch 5:  25%|##........| 145/585 [00:04:01<00:12:12,  0.60it/s, loss=0.0324]
Epoch 5:  25%|##........| 148/585 [00:04:07<00:12:09,  0.60it/s, loss=0.0326]
Epoch 5:  26%|##........| 152/585 [00:04:13<00:12:00,  0.60it/s, loss=0.0324]
Epoch 5:  27%|##........| 156/585 [00:04:19<00:11:53,  0.60it/s, loss=0.0325]
Epoch 5:  27%|##........| 160/585 [00:04:26<00:11:47,  0.60it/s, loss=0.0329]
Epoch 5:  28%|##........| 164/585 [00:04:33<00:11:41,  0.60it/s, loss=0.0329]
Epoch 5:  29%|##........| 167/585 [00:04:38<00:11:37,  0.60it/s, loss=0.0329]
Epoch 5:  29%|##........| 170/585 [00:04:44<00:11:33,  0.60it/s, loss=0.0330]
Epoch 5:  30%|##........| 173/585 [00:04:49<00:11:28,  0.60it/s, loss=0.0330]
Epoch 5:  30%|###.......| 177/585 [00:04:55<00:11:21,  0.60it/s, loss=0.0330]
Epoch 5:  31%|###.......| 181/585 [00:05:01<00:11:13,  0.60it/s, loss=0.0329]
Epoch 5:  32%|###.......| 185/585 [00:05:07<00:11:05,  0.60it/s, loss=0.0327]
Epoch 5:  32%|###.......| 189/585 [00:05:14<00:10:58,  0.60it/s, loss=0.0328]
Epoch 5:  33%|###.......| 192/585 [00:05:19<00:10:53,  0.60it/s, loss=0.0328]
Epoch 5:  33%|###.......| 195/585 [00:05:24<00:10:49,  0.60it/s, loss=0.0328]
Epoch 5:  34%|###.......| 198/585 [00:05:30<00:10:46,  0.60it/s, loss=0.0328]
Epoch 5:  34%|###.......| 201/585 [00:05:36<00:10:42,  0.60it/s, loss=0.0328]
Epoch 5:  35%|###.......| 204/585 [00:05:41<00:10:38,  0.60it/s, loss=0.0329]
Epoch 5:  35%|###.......| 207/585 [00:05:47<00:10:33,  0.60it/s, loss=0.0328]
Epoch 5:  36%|###.......| 210/585 [00:05:52<00:10:29,  0.60it/s, loss=0.0328]
Epoch 5:  36%|###.......| 213/585 [00:05:59<00:10:27,  0.59it/s, loss=0.0332]
Epoch 5:  37%|###.......| 216/585 [00:06:04<00:10:22,  0.59it/s, loss=0.0331]
Epoch 5:  38%|###.......| 220/585 [00:06:10<00:10:14,  0.59it/s, loss=0.0331]
Epoch 5:  38%|###.......| 224/585 [00:06:17<00:10:07,  0.59it/s, loss=0.0333]
Epoch 5:  39%|###.......| 227/585 [00:06:22<00:10:03,  0.59it/s, loss=0.0332]
Epoch 5:  39%|###.......| 230/585 [00:06:27<00:09:58,  0.59it/s, loss=0.0332]
Epoch 5:  40%|####......| 234/585 [00:06:33<00:09:50,  0.59it/s, loss=0.0332]
Epoch 5:  41%|####......| 237/585 [00:06:39<00:09:46,  0.59it/s, loss=0.0332]
Epoch 5:  41%|####......| 241/585 [00:06:45<00:09:39,  0.59it/s, loss=0.0332]
Epoch 5:  42%|####......| 244/585 [00:06:50<00:09:34,  0.59it/s, loss=0.0332]
Epoch 5:  42%|####......| 248/585 [00:06:57<00:09:27,  0.59it/s, loss=0.0331]
Epoch 5:  43%|####......| 251/585 [00:07:03<00:09:22,  0.59it/s, loss=0.0332]
Epoch 5:  44%|####......| 255/585 [00:07:09<00:09:15,  0.59it/s, loss=0.0331]
Epoch 5:  44%|####......| 258/585 [00:07:14<00:09:10,  0.59it/s, loss=0.0331]
Epoch 5:  45%|####......| 262/585 [00:07:21<00:09:03,  0.59it/s, loss=0.0331]
Epoch 5:  45%|####......| 266/585 [00:07:26<00:08:55,  0.60it/s, loss=0.0330]
Epoch 5:  46%|####......| 270/585 [00:07:33<00:08:49,  0.60it/s, loss=0.0330]
Epoch 5:  47%|####......| 273/585 [00:07:39<00:08:45,  0.59it/s, loss=0.0331]
Epoch 5:  47%|####......| 276/585 [00:07:44<00:08:40,  0.59it/s, loss=0.0331]
Epoch 5:  48%|####......| 279/585 [00:07:50<00:08:35,  0.59it/s, loss=0.0330]
Epoch 5:  48%|####......| 283/585 [00:07:56<00:08:28,  0.59it/s, loss=0.0329]
Epoch 5:  49%|####......| 287/585 [00:08:03<00:08:22,  0.59it/s, loss=0.0330]
Epoch 5:  50%|####......| 291/585 [00:08:09<00:08:14,  0.59it/s, loss=0.0329]
Epoch 5:  50%|#####.....| 295/585 [00:08:16<00:08:08,  0.59it/s, loss=0.0329]
Epoch 5:  51%|#####.....| 298/585 [00:08:22<00:08:03,  0.59it/s, loss=0.0330]
Epoch 5:  51%|#####.....| 301/585 [00:08:27<00:07:58,  0.59it/s, loss=0.0329]
Epoch 5:  52%|#####.....| 305/585 [00:08:34<00:07:52,  0.59it/s, loss=0.0332]
Epoch 5:  53%|#####.....| 308/585 [00:08:40<00:07:48,  0.59it/s, loss=0.0332]
Epoch 5:  53%|#####.....| 312/585 [00:08:46<00:07:40,  0.59it/s, loss=0.0331]
Epoch 5:  54%|#####.....| 315/585 [00:08:53<00:07:36,  0.59it/s, loss=0.0332]
Epoch 5:  55%|#####.....| 319/585 [00:08:59<00:07:29,  0.59it/s, loss=0.0331]
Epoch 5:  55%|#####.....| 323/585 [00:09:04<00:07:21,  0.59it/s, loss=0.0330]
Epoch 5:  56%|#####.....| 326/585 [00:09:10<00:07:17,  0.59it/s, loss=0.0330]
Epoch 5:  56%|#####.....| 329/585 [00:09:15<00:07:12,  0.59it/s, loss=0.0330]
Epoch 5:  57%|#####.....| 332/585 [00:09:21<00:07:07,  0.59it/s, loss=0.0330]
Epoch 5:  57%|#####.....| 335/585 [00:09:26<00:07:02,  0.59it/s, loss=0.0330]
Epoch 5:  58%|#####.....| 339/585 [00:09:32<00:06:55,  0.59it/s, loss=0.0329]
Epoch 5:  58%|#####.....| 342/585 [00:09:37<00:06:50,  0.59it/s, loss=0.0329]
Epoch 5:  59%|#####.....| 345/585 [00:09:42<00:06:45,  0.59it/s, loss=0.0330]
Epoch 5:  60%|#####.....| 349/585 [00:09:48<00:06:38,  0.59it/s, loss=0.0329]
Epoch 5:  60%|######....| 353/585 [00:09:55<00:06:31,  0.59it/s, loss=0.0328]
Epoch 5:  61%|######....| 357/585 [00:10:01<00:06:24,  0.59it/s, loss=0.0327]
Epoch 5:  62%|######....| 360/585 [00:10:06<00:06:19,  0.59it/s, loss=0.0327]
Epoch 5:  62%|######....| 363/585 [00:10:11<00:06:14,  0.59it/s, loss=0.0328]
Epoch 5:  63%|######....| 367/585 [00:10:18<00:06:07,  0.59it/s, loss=0.0327]
Epoch 5:  63%|######....| 371/585 [00:10:24<00:06:00,  0.59it/s, loss=0.0326]
Epoch 5:  64%|######....| 375/585 [00:10:30<00:05:53,  0.59it/s, loss=0.0325]
Epoch 5:  65%|######....| 378/585 [00:10:36<00:05:48,  0.59it/s, loss=0.0325]
Epoch 5:  65%|######....| 381/585 [00:10:42<00:05:43,  0.59it/s, loss=0.0325]
Epoch 5:  66%|######....| 384/585 [00:10:48<00:05:39,  0.59it/s, loss=0.0324]
Epoch 5:  66%|######....| 387/585 [00:10:53<00:05:34,  0.59it/s, loss=0.0324]
Epoch 5:  67%|######....| 390/585 [00:10:59<00:05:29,  0.59it/s, loss=0.0324]
Epoch 5:  67%|######....| 394/585 [00:11:06<00:05:22,  0.59it/s, loss=0.0324]
Epoch 5:  68%|######....| 397/585 [00:11:11<00:05:17,  0.59it/s, loss=0.0323]
Epoch 5:  69%|######....| 401/585 [00:11:17<00:05:11,  0.59it/s, loss=0.0323]
Epoch 5:  69%|######....| 404/585 [00:11:22<00:05:05,  0.59it/s, loss=0.0323]
Epoch 5:  70%|######....| 407/585 [00:11:28<00:05:01,  0.59it/s, loss=0.0323]
Epoch 5:  70%|#######...| 410/585 [00:11:34<00:04:56,  0.59it/s, loss=0.0323]
Epoch 5:  71%|#######...| 413/585 [00:11:40<00:04:51,  0.59it/s, loss=0.0323]
Epoch 5:  71%|#######...| 417/585 [00:11:46<00:04:44,  0.59it/s, loss=0.0322]
Epoch 5:  72%|#######...| 420/585 [00:11:51<00:04:39,  0.59it/s, loss=0.0322]
Epoch 5:  72%|#######...| 424/585 [00:11:58<00:04:33,  0.59it/s, loss=0.0321]
Epoch 5:  73%|#######...| 428/585 [00:12:04<00:04:25,  0.59it/s, loss=0.0321]
Epoch 5:  74%|#######...| 432/585 [00:12:11<00:04:19,  0.59it/s, loss=0.0320]
Epoch 5:  75%|#######...| 436/585 [00:12:17<00:04:12,  0.59it/s, loss=0.0320]
Epoch 5:  75%|#######...| 439/585 [00:12:22<00:04:07,  0.59it/s, loss=0.0319]
Epoch 5:  76%|#######...| 442/585 [00:12:28<00:04:02,  0.59it/s, loss=0.0319]
Epoch 5:  76%|#######...| 446/585 [00:12:34<00:03:55,  0.59it/s, loss=0.0319]
Epoch 5:  77%|#######...| 450/585 [00:12:41<00:03:48,  0.59it/s, loss=0.0318]
Epoch 5:  77%|#######...| 453/585 [00:12:46<00:03:43,  0.59it/s, loss=0.0318]
Epoch 5:  78%|#######...| 457/585 [00:12:53<00:03:36,  0.59it/s, loss=0.0318]
Epoch 5:  79%|#######...| 461/585 [00:12:59<00:03:29,  0.59it/s, loss=0.0317]
Epoch 5:  79%|#######...| 465/585 [00:13:06<00:03:22,  0.59it/s, loss=0.0317]
Epoch 5:  80%|########..| 469/585 [00:13:12<00:03:15,  0.59it/s, loss=0.0317]
Epoch 5:  81%|########..| 473/585 [00:13:18<00:03:09,  0.59it/s, loss=0.0316]
Epoch 5:  82%|########..| 477/585 [00:13:24<00:03:02,  0.59it/s, loss=0.0316]
Epoch 5:  82%|########..| 481/585 [00:13:30<00:02:55,  0.59it/s, loss=0.0316]
Epoch 5:  83%|########..| 485/585 [00:13:36<00:02:48,  0.59it/s, loss=0.0315]
Epoch 5:  84%|########..| 489/585 [00:13:43<00:02:41,  0.59it/s, loss=0.0315]
Epoch 5:  84%|########..| 492/585 [00:13:48<00:02:36,  0.59it/s, loss=0.0315]
Epoch 5:  85%|########..| 495/585 [00:13:53<00:02:31,  0.59it/s, loss=0.0315]
Epoch 5:  85%|########..| 499/585 [00:14:00<00:02:24,  0.59it/s, loss=0.0314]
Epoch 5:  86%|########..| 502/585 [00:14:05<00:02:19,  0.59it/s, loss=0.0314]
Epoch 5:  86%|########..| 506/585 [00:14:12<00:02:13,  0.59it/s, loss=0.0315]
Epoch 5:  87%|########..| 510/585 [00:14:19<00:02:06,  0.59it/s, loss=0.0315]
Epoch 5:  88%|########..| 514/585 [00:14:25<00:01:59,  0.59it/s, loss=0.0315]
Epoch 5:  89%|########..| 518/585 [00:14:31<00:01:52,  0.59it/s, loss=0.0315]
Epoch 5:  89%|########..| 522/585 [00:14:38<00:01:45,  0.59it/s, loss=0.0314]
Epoch 5:  90%|########..| 525/585 [00:14:43<00:01:40,  0.59it/s, loss=0.0315]
Epoch 5:  90%|#########.| 529/585 [00:14:49<00:01:34,  0.59it/s, loss=0.0315]
Epoch 5:  91%|#########.| 532/585 [00:14:55<00:01:29,  0.59it/s, loss=0.0314]
Epoch 5:  91%|#########.| 535/585 [00:15:00<00:01:24,  0.59it/s, loss=0.0314]
Epoch 5:  92%|#########.| 538/585 [00:15:05<00:01:19,  0.59it/s, loss=0.0314]
Epoch 5:  92%|#########.| 541/585 [00:15:10<00:01:14,  0.59it/s, loss=0.0314]
Epoch 5:  93%|#########.| 545/585 [00:15:16<00:01:07,  0.59it/s, loss=0.0313]
Epoch 5:  94%|#########.| 548/585 [00:15:22<00:01:02,  0.59it/s, loss=0.0313]
Epoch 5:  94%|#########.| 551/585 [00:15:28<00:00:57,  0.59it/s, loss=0.0313]
Epoch 5:  95%|#########.| 554/585 [00:15:33<00:00:52,  0.59it/s, loss=0.0313]
Epoch 5:  95%|#########.| 558/585 [00:15:39<00:00:45,  0.59it/s, loss=0.0313]
Epoch 5:  96%|#########.| 562/585 [00:15:45<00:00:38,  0.59it/s, loss=0.0313]
Epoch 5:  97%|#########.| 565/585 [00:15:50<00:00:33,  0.59it/s, loss=0.0313]
Epoch 5:  97%|#########.| 568/585 [00:15:55<00:00:28,  0.59it/s, loss=0.0313]
Epoch 5:  98%|#########.| 571/585 [00:16:01<00:00:23,  0.59it/s, loss=0.0313]
Epoch 5:  98%|#########.| 574/585 [00:16:07<00:00:18,  0.59it/s, loss=0.0313]
Epoch 5:  99%|#########.| 578/585 [00:16:13<00:00:11,  0.59it/s, loss=0.0312]
Epoch 5:  99%|#########.| 581/585 [00:16:18<00:00:06,  0.59it/s, loss=0.0312]
Epoch 5: 100%|##########| 585/585 [00:16:24<00:00:00,  0.59it/s, loss=0.0312]
Test loss: 0.0281, Test rmsae: 9.96deg
{"event": "epoch_complete", "epoch": 5, "phase": 1, "lr": 0.0001, "batch_size": 1, "micro_batch_size": 1, "train_loss": 0.031171878360402888, "val_loss": 0.028096292779082432, "val_rmsae_deg": 9.962090820074081, "epoch_time_s": 985.822520422982}
{"event": "checkpoint_saved", "tag": "best_rmsae", "epoch": 5, "path": "IFAN_Edge/outputs/stage3/ifan_stage3_long80_c8_r2_map_maba_20260516_154535/checkpoints/best_rmsae.pt", "val_rmsae_deg": 9.962090820074081}
Epoch 6/80:
Epoch 6:   1%|..........| 3/585 [00:00:06<00:19:40,  0.49it/s, loss=0.0268]
Epoch 6:   1%|..........| 6/585 [00:00:11<00:18:26,  0.52it/s, loss=0.0292]
Epoch 6:   2%|..........| 10/585 [00:00:17<00:16:38,  0.58it/s, loss=0.0275]
Epoch 6:   2%|..........| 13/585 [00:00:22<00:16:25,  0.58it/s, loss=0.0279]
Epoch 6:   3%|..........| 16/585 [00:00:27<00:16:22,  0.58it/s, loss=0.0292]
Epoch 6:   3%|..........| 20/585 [00:00:33<00:15:55,  0.59it/s, loss=0.0279]
Epoch 6:   4%|..........| 24/585 [00:00:40<00:15:36,  0.60it/s, loss=0.0277]
Epoch 6:   5%|..........| 28/585 [00:00:46<00:15:23,  0.60it/s, loss=0.0274]
Epoch 6:   5%|..........| 32/585 [00:00:52<00:15:05,  0.61it/s, loss=0.0277]
Epoch 6:   6%|..........| 36/585 [00:00:58<00:14:55,  0.61it/s, loss=0.0274]
Epoch 6:   7%|..........| 39/585 [00:01:03<00:14:53,  0.61it/s, loss=0.0274]
Epoch 6:   7%|..........| 43/585 [00:01:10<00:14:44,  0.61it/s, loss=0.0277]
Epoch 6:   8%|..........| 47/585 [00:01:16<00:14:38,  0.61it/s, loss=0.0277]
Epoch 6:   9%|..........| 51/585 [00:01:23<00:14:31,  0.61it/s, loss=0.0275]
Epoch 6:   9%|..........| 55/585 [00:01:29<00:14:21,  0.61it/s, loss=0.0271]
Epoch 6:  10%|#.........| 59/585 [00:01:35<00:14:10,  0.62it/s, loss=0.0269]
Epoch 6:  11%|#.........| 63/585 [00:01:41<00:14:03,  0.62it/s, loss=0.0268]
Epoch 6:  11%|#.........| 67/585 [00:01:48<00:13:58,  0.62it/s, loss=0.0271]
Epoch 6:  12%|#.........| 70/585 [00:01:53<00:13:58,  0.61it/s, loss=0.0282]
Epoch 6:  13%|#.........| 74/585 [00:02:00<00:13:48,  0.62it/s, loss=0.0281]
Epoch 6:  13%|#.........| 78/585 [00:02:06<00:13:40,  0.62it/s, loss=0.0282]
Epoch 6:  14%|#.........| 81/585 [00:02:12<00:13:42,  0.61it/s, loss=0.0287]
Epoch 6:  15%|#.........| 85/585 [00:02:18<00:13:31,  0.62it/s, loss=0.0286]
Epoch 6:  15%|#.........| 89/585 [00:02:24<00:13:23,  0.62it/s, loss=0.0288]
Epoch 6:  16%|#.........| 93/585 [00:02:31<00:13:19,  0.62it/s, loss=0.0288]
Epoch 6:  16%|#.........| 96/585 [00:02:36<00:13:16,  0.61it/s, loss=0.0292]
Epoch 6:  17%|#.........| 99/585 [00:02:41<00:13:12,  0.61it/s, loss=0.0292]
Epoch 6:  18%|#.........| 103/585 [00:02:48<00:13:07,  0.61it/s, loss=0.0291]
Epoch 6:  18%|#.........| 107/585 [00:02:54<00:13:01,  0.61it/s, loss=0.0291]
Epoch 6:  19%|#.........| 111/585 [00:03:01<00:12:53,  0.61it/s, loss=0.0291]
Epoch 6:  20%|#.........| 115/585 [00:03:07<00:12:47,  0.61it/s, loss=0.0291]
Epoch 6:  20%|##........| 119/585 [00:03:14<00:12:41,  0.61it/s, loss=0.0296]
Epoch 6:  21%|##........| 123/585 [00:03:21<00:12:35,  0.61it/s, loss=0.0295]
Epoch 6:  22%|##........| 127/585 [00:03:27<00:12:28,  0.61it/s, loss=0.0299]
Epoch 6:  22%|##........| 130/585 [00:03:32<00:12:23,  0.61it/s, loss=0.0299]
Epoch 6:  23%|##........| 134/585 [00:03:38<00:12:15,  0.61it/s, loss=0.0299]
Epoch 6:  24%|##........| 138/585 [00:03:44<00:12:07,  0.61it/s, loss=0.0299]
Epoch 6:  24%|##........| 142/585 [00:03:50<00:12:00,  0.61it/s, loss=0.0298]
Epoch 6:  25%|##........| 145/585 [00:03:57<00:12:01,  0.61it/s, loss=0.0299]
Epoch 6:  25%|##........| 148/585 [00:04:03<00:11:59,  0.61it/s, loss=0.0298]
Epoch 6:  26%|##........| 152/585 [00:04:10<00:11:53,  0.61it/s, loss=0.0296]
Epoch 6:  26%|##........| 155/585 [00:04:16<00:11:51,  0.60it/s, loss=0.0299]
Epoch 6:  27%|##........| 159/585 [00:04:22<00:11:42,  0.61it/s, loss=0.0297]
Epoch 6:  28%|##........| 163/585 [00:04:28<00:11:35,  0.61it/s, loss=0.0297]
Epoch 6:  28%|##........| 166/585 [00:04:33<00:11:31,  0.61it/s, loss=0.0297]
Epoch 6:  29%|##........| 169/585 [00:04:39<00:11:27,  0.61it/s, loss=0.0296]
Epoch 6:  30%|##........| 173/585 [00:04:46<00:11:21,  0.60it/s, loss=0.0295]
Epoch 6:  30%|###.......| 177/585 [00:04:52<00:11:14,  0.61it/s, loss=0.0294]
Epoch 6:  31%|###.......| 181/585 [00:04:59<00:11:08,  0.60it/s, loss=0.0294]
Epoch 6:  31%|###.......| 184/585 [00:05:04<00:11:04,  0.60it/s, loss=0.0295]
Epoch 6:  32%|###.......| 187/585 [00:05:10<00:11:00,  0.60it/s, loss=0.0295]
Epoch 6:  33%|###.......| 191/585 [00:05:16<00:10:53,  0.60it/s, loss=0.0294]
Epoch 6:  33%|###.......| 195/585 [00:05:23<00:10:46,  0.60it/s, loss=0.0294]
Epoch 6:  34%|###.......| 199/585 [00:05:30<00:10:41,  0.60it/s, loss=0.0293]
Epoch 6:  35%|###.......| 202/585 [00:05:36<00:10:37,  0.60it/s, loss=0.0293]
Epoch 6:  35%|###.......| 205/585 [00:05:41<00:10:32,  0.60it/s, loss=0.0292]
Epoch 6:  36%|###.......| 208/585 [00:05:46<00:10:28,  0.60it/s, loss=0.0293]
Epoch 6:  36%|###.......| 212/585 [00:05:53<00:10:21,  0.60it/s, loss=0.0292]
Epoch 6:  37%|###.......| 215/585 [00:05:58<00:10:16,  0.60it/s, loss=0.0292]
Epoch 6:  37%|###.......| 218/585 [00:06:03<00:10:12,  0.60it/s, loss=0.0293]
Epoch 6:  38%|###.......| 222/585 [00:06:09<00:10:04,  0.60it/s, loss=0.0293]
Epoch 6:  39%|###.......| 226/585 [00:06:16<00:09:57,  0.60it/s, loss=0.0292]
Epoch 6:  39%|###.......| 229/585 [00:06:21<00:09:53,  0.60it/s, loss=0.0293]
Epoch 6:  40%|###.......| 233/585 [00:06:27<00:09:45,  0.60it/s, loss=0.0292]
Epoch 6:  41%|####......| 237/585 [00:06:33<00:09:37,  0.60it/s, loss=0.0291]
Epoch 6:  41%|####......| 241/585 [00:06:40<00:09:31,  0.60it/s, loss=0.0291]
Epoch 6:  42%|####......| 244/585 [00:06:45<00:09:26,  0.60it/s, loss=0.0291]
Epoch 6:  42%|####......| 248/585 [00:06:52<00:09:20,  0.60it/s, loss=0.0290]
Epoch 6:  43%|####......| 251/585 [00:06:57<00:09:15,  0.60it/s, loss=0.0290]
Epoch 6:  44%|####......| 255/585 [00:07:03<00:09:08,  0.60it/s, loss=0.0290]
Epoch 6:  44%|####......| 258/585 [00:07:08<00:09:03,  0.60it/s, loss=0.0290]
Epoch 6:  45%|####......| 261/585 [00:07:14<00:08:59,  0.60it/s, loss=0.0291]
Epoch 6:  45%|####......| 265/585 [00:07:21<00:08:52,  0.60it/s, loss=0.0291]
Epoch 6:  46%|####......| 269/585 [00:07:27<00:08:45,  0.60it/s, loss=0.0291]
Epoch 6:  46%|####......| 272/585 [00:07:33<00:08:41,  0.60it/s, loss=0.0291]
Epoch 6:  47%|####......| 275/585 [00:07:38<00:08:36,  0.60it/s, loss=0.0291]
Epoch 6:  48%|####......| 279/585 [00:07:44<00:08:29,  0.60it/s, loss=0.0291]
Epoch 6:  48%|####......| 283/585 [00:07:51<00:08:22,  0.60it/s, loss=0.0291]
Epoch 6:  49%|####......| 286/585 [00:07:57<00:08:18,  0.60it/s, loss=0.0291]
Epoch 6:  50%|####......| 290/585 [00:08:03<00:08:11,  0.60it/s, loss=0.0290]
Epoch 6:  50%|#####.....| 294/585 [00:08:09<00:08:04,  0.60it/s, loss=0.0290]
Epoch 6:  51%|#####.....| 297/585 [00:08:14<00:07:59,  0.60it/s, loss=0.0290]
Epoch 6:  51%|#####.....| 301/585 [00:08:20<00:07:52,  0.60it/s, loss=0.0290]
Epoch 6:  52%|#####.....| 305/585 [00:08:26<00:07:45,  0.60it/s, loss=0.0289]
Epoch 6:  53%|#####.....| 309/585 [00:08:33<00:07:38,  0.60it/s, loss=0.0288]
Epoch 6:  54%|#####.....| 313/585 [00:08:39<00:07:31,  0.60it/s, loss=0.0288]
Epoch 6:  54%|#####.....| 317/585 [00:08:46<00:07:24,  0.60it/s, loss=0.0288]
Epoch 6:  55%|#####.....| 321/585 [00:08:52<00:07:17,  0.60it/s, loss=0.0288]
Epoch 6:  56%|#####.....| 325/585 [00:08:58<00:07:10,  0.60it/s, loss=0.0288]
Epoch 6:  56%|#####.....| 328/585 [00:09:03<00:07:05,  0.60it/s, loss=0.0288]
Epoch 6:  57%|#####.....| 332/585 [00:09:09<00:06:58,  0.60it/s, loss=0.0288]
Epoch 6:  57%|#####.....| 335/585 [00:09:14<00:06:54,  0.60it/s, loss=0.0288]
Epoch 6:  58%|#####.....| 339/585 [00:09:21<00:06:47,  0.60it/s, loss=0.0288]
Epoch 6:  58%|#####.....| 342/585 [00:09:26<00:06:42,  0.60it/s, loss=0.0288]
Epoch 6:  59%|#####.....| 345/585 [00:09:31<00:06:37,  0.60it/s, loss=0.0289]
Epoch 6:  60%|#####.....| 349/585 [00:09:38<00:06:30,  0.60it/s, loss=0.0289]
Epoch 6:  60%|######....| 353/585 [00:09:44<00:06:24,  0.60it/s, loss=0.0289]
Epoch 6:  61%|######....| 356/585 [00:09:49<00:06:19,  0.60it/s, loss=0.0289]
Epoch 6:  61%|######....| 359/585 [00:09:55<00:06:14,  0.60it/s, loss=0.0289]
Epoch 6:  62%|######....| 362/585 [00:10:01<00:06:10,  0.60it/s, loss=0.0288]
Epoch 6:  63%|######....| 366/585 [00:10:07<00:06:03,  0.60it/s, loss=0.0292]
Epoch 6:  63%|######....| 370/585 [00:10:13<00:05:56,  0.60it/s, loss=0.0291]
Epoch 6:  64%|######....| 374/585 [00:10:19<00:05:49,  0.60it/s, loss=0.0291]
Epoch 6:  65%|######....| 378/585 [00:10:26<00:05:42,  0.60it/s, loss=0.0290]
Epoch 6:  65%|######....| 381/585 [00:10:31<00:05:38,  0.60it/s, loss=0.0290]
Epoch 6:  66%|######....| 384/585 [00:10:37<00:05:33,  0.60it/s, loss=0.0291]
Epoch 6:  66%|######....| 387/585 [00:10:42<00:05:28,  0.60it/s, loss=0.0292]
Epoch 6:  67%|######....| 390/585 [00:10:47<00:05:23,  0.60it/s, loss=0.0291]
Epoch 6:  67%|######....| 394/585 [00:10:53<00:05:16,  0.60it/s, loss=0.0292]
Epoch 6:  68%|######....| 398/585 [00:11:00<00:05:10,  0.60it/s, loss=0.0292]
Epoch 6:  69%|######....| 401/585 [00:11:06<00:05:05,  0.60it/s, loss=0.0293]
Epoch 6:  69%|######....| 404/585 [00:11:11<00:05:00,  0.60it/s, loss=0.0293]
Epoch 6:  70%|######....| 408/585 [00:11:17<00:04:53,  0.60it/s, loss=0.0292]
Epoch 6:  70%|#######...| 412/585 [00:11:23<00:04:47,  0.60it/s, loss=0.0292]
Epoch 6:  71%|#######...| 416/585 [00:11:30<00:04:40,  0.60it/s, loss=0.0292]
Epoch 6:  72%|#######...| 420/585 [00:11:36<00:04:33,  0.60it/s, loss=0.0292]
Epoch 6:  72%|#######...| 424/585 [00:11:43<00:04:27,  0.60it/s, loss=0.0292]
Epoch 6:  73%|#######...| 427/585 [00:11:48<00:04:22,  0.60it/s, loss=0.0292]
Epoch 6:  74%|#######...| 431/585 [00:11:54<00:04:15,  0.60it/s, loss=0.0291]
Epoch 6:  74%|#######...| 434/585 [00:11:59<00:04:10,  0.60it/s, loss=0.0291]
Epoch 6:  75%|#######...| 438/585 [00:12:05<00:04:03,  0.60it/s, loss=0.0291]
Epoch 6:  76%|#######...| 442/585 [00:12:12<00:03:57,  0.60it/s, loss=0.0290]
Epoch 6:  76%|#######...| 446/585 [00:12:19<00:03:50,  0.60it/s, loss=0.0290]
Epoch 6:  77%|#######...| 450/585 [00:12:25<00:03:43,  0.60it/s, loss=0.0290]
Epoch 6:  78%|#######...| 454/585 [00:12:32<00:03:37,  0.60it/s, loss=0.0290]
Epoch 6:  78%|#######...| 458/585 [00:12:38<00:03:30,  0.60it/s, loss=0.0289]
Epoch 6:  79%|#######...| 461/585 [00:12:43<00:03:25,  0.60it/s, loss=0.0289]
Epoch 6:  79%|#######...| 465/585 [00:12:49<00:03:18,  0.60it/s, loss=0.0289]
Epoch 6:  80%|########..| 468/585 [00:12:54<00:03:13,  0.60it/s, loss=0.0289]
Epoch 6:  81%|########..| 472/585 [00:13:01<00:03:07,  0.60it/s, loss=0.0288]
Epoch 6:  81%|########..| 476/585 [00:13:09<00:03:00,  0.60it/s, loss=0.0288]
Epoch 6:  82%|########..| 480/585 [00:13:16<00:02:54,  0.60it/s, loss=0.0288]
Epoch 6:  83%|########..| 483/585 [00:13:22<00:02:49,  0.60it/s, loss=0.0289]
Epoch 6:  83%|########..| 487/585 [00:13:29<00:02:42,  0.60it/s, loss=0.0289]
Epoch 6:  84%|########..| 491/585 [00:13:36<00:02:36,  0.60it/s, loss=0.0290]
Epoch 6:  85%|########..| 495/585 [00:13:42<00:02:29,  0.60it/s, loss=0.0290]
Epoch 6:  85%|########..| 498/585 [00:13:47<00:02:24,  0.60it/s, loss=0.0289]
Epoch 6:  86%|########..| 502/585 [00:13:54<00:02:17,  0.60it/s, loss=0.0289]
Epoch 6:  86%|########..| 505/585 [00:13:59<00:02:12,  0.60it/s, loss=0.0289]
Epoch 6:  87%|########..| 509/585 [00:14:05<00:02:06,  0.60it/s, loss=0.0289]
Epoch 6:  88%|########..| 512/585 [00:14:10<00:02:01,  0.60it/s, loss=0.0288]
Epoch 6:  88%|########..| 516/585 [00:14:16<00:01:54,  0.60it/s, loss=0.0288]
Epoch 6:  89%|########..| 520/585 [00:14:22<00:01:47,  0.60it/s, loss=0.0288]
Epoch 6:  89%|########..| 523/585 [00:14:28<00:01:42,  0.60it/s, loss=0.0288]
Epoch 6:  90%|#########.| 527/585 [00:14:34<00:01:36,  0.60it/s, loss=0.0288]
Epoch 6:  91%|#########.| 530/585 [00:14:39<00:01:31,  0.60it/s, loss=0.0288]
Epoch 6:  91%|#########.| 534/585 [00:14:45<00:01:24,  0.60it/s, loss=0.0288]
Epoch 6:  92%|#########.| 538/585 [00:14:52<00:01:17,  0.60it/s, loss=0.0288]
Epoch 6:  93%|#########.| 542/585 [00:14:58<00:01:11,  0.60it/s, loss=0.0287]
Epoch 6:  93%|#########.| 545/585 [00:15:03<00:01:06,  0.60it/s, loss=0.0288]
Epoch 6:  94%|#########.| 549/585 [00:15:10<00:00:59,  0.60it/s, loss=0.0288]
Epoch 6:  94%|#########.| 552/585 [00:15:15<00:00:54,  0.60it/s, loss=0.0289]
Epoch 6:  95%|#########.| 556/585 [00:15:21<00:00:48,  0.60it/s, loss=0.0289]
Epoch 6:  96%|#########.| 559/585 [00:15:26<00:00:43,  0.60it/s, loss=0.0295]
Epoch 6:  96%|#########.| 563/585 [00:15:33<00:00:36,  0.60it/s, loss=0.0295]
Epoch 6:  97%|#########.| 566/585 [00:15:38<00:00:31,  0.60it/s, loss=0.0295]
Epoch 6:  97%|#########.| 569/585 [00:15:44<00:00:26,  0.60it/s, loss=0.0296]
Epoch 6:  98%|#########.| 573/585 [00:15:50<00:00:19,  0.60it/s, loss=0.0295]
Epoch 6:  98%|#########.| 576/585 [00:15:56<00:00:14,  0.60it/s, loss=0.0295]
Epoch 6:  99%|#########.| 580/585 [00:16:02<00:00:08,  0.60it/s, loss=0.0295]
Epoch 6: 100%|#########.| 583/585 [00:16:07<00:00:03,  0.60it/s, loss=0.0295]
Epoch 6: 100%|##########| 585/585 [00:16:11<00:00:00,  0.60it/s, loss=0.0295]
Test loss: 0.0284, Test rmsae: 10.72deg
{"event": "epoch_complete", "epoch": 6, "phase": 1, "lr": 0.0001, "batch_size": 1, "micro_batch_size": 1, "train_loss": 0.02952957802698908, "val_loss": 0.028414686006726697, "val_rmsae_deg": 10.720026597380638, "epoch_time_s": 972.4264577120775}
Epoch 7/80:
Epoch 7:   1%|..........| 4/585 [00:00:06<00:15:00,  0.65it/s, loss=0.0234]
Epoch 7:   1%|..........| 7/585 [00:00:11<00:15:42,  0.61it/s, loss=0.0244]
Epoch 7:   2%|..........| 10/585 [00:00:17<00:16:18,  0.59it/s, loss=0.0255]
Epoch 7:   2%|..........| 14/585 [00:00:23<00:16:12,  0.59it/s, loss=0.0270]
Epoch 7:   3%|..........| 18/585 [00:00:30<00:15:53,  0.59it/s, loss=0.0274]
Epoch 7:   4%|..........| 22/585 [00:00:36<00:15:46,  0.59it/s, loss=0.0270]
Epoch 7:   4%|..........| 25/585 [00:00:42<00:15:41,  0.59it/s, loss=0.0277]
Epoch 7:   5%|..........| 28/585 [00:00:47<00:15:53,  0.58it/s, loss=0.0274]
Epoch 7:   5%|..........| 31/585 [00:00:53<00:15:55,  0.58it/s, loss=0.0278]
Epoch 7:   6%|..........| 35/585 [00:01:00<00:15:42,  0.58it/s, loss=0.0276]
Epoch 7:   7%|..........| 39/585 [00:01:06<00:15:27,  0.59it/s, loss=0.0271]
Epoch 7:   7%|..........| 43/585 [00:01:12<00:15:16,  0.59it/s, loss=0.0273]
Epoch 7:   8%|..........| 47/585 [00:01:18<00:15:03,  0.60it/s, loss=0.0275]
Epoch 7:   9%|..........| 50/585 [00:01:24<00:15:04,  0.59it/s, loss=0.0276]
Epoch 7:   9%|..........| 54/585 [00:01:30<00:14:50,  0.60it/s, loss=0.0273]
Epoch 7:  10%|..........| 58/585 [00:01:37<00:14:47,  0.59it/s, loss=0.0275]
Epoch 7:  10%|#.........| 61/585 [00:01:42<00:14:43,  0.59it/s, loss=0.0276]
Epoch 7:  11%|#.........| 65/585 [00:01:49<00:14:32,  0.60it/s, loss=0.0277]
Epoch 7:  12%|#.........| 69/585 [00:01:55<00:14:20,  0.60it/s, loss=0.0274]
Epoch 7:  12%|#.........| 73/585 [00:02:01<00:14:12,  0.60it/s, loss=0.0277]
Epoch 7:  13%|#.........| 77/585 [00:02:07<00:14:03,  0.60it/s, loss=0.0275]
Epoch 7:  14%|#.........| 81/585 [00:02:14<00:13:54,  0.60it/s, loss=0.0272]
Epoch 7:  15%|#.........| 85/585 [00:02:20<00:13:47,  0.60it/s, loss=0.0272]
Epoch 7:  15%|#.........| 89/585 [00:02:26<00:13:38,  0.61it/s, loss=0.0276]
Epoch 7:  16%|#.........| 93/585 [00:02:33<00:13:30,  0.61it/s, loss=0.0274]
Epoch 7:  16%|#.........| 96/585 [00:02:38<00:13:27,  0.61it/s, loss=0.0275]
Epoch 7:  17%|#.........| 100/585 [00:02:46<00:13:25,  0.60it/s, loss=0.0275]
Epoch 7:  18%|#.........| 104/585 [00:02:51<00:13:14,  0.61it/s, loss=0.0274]
Epoch 7:  18%|#.........| 108/585 [00:02:58<00:13:07,  0.61it/s, loss=0.0275]
Epoch 7:  19%|#.........| 111/585 [00:03:04<00:13:07,  0.60it/s, loss=0.0277]
Epoch 7:  19%|#.........| 114/585 [00:03:10<00:13:05,  0.60it/s, loss=0.0278]
Epoch 7:  20%|##........| 117/585 [00:03:15<00:13:00,  0.60it/s, loss=0.0281]
Epoch 7:  21%|##........| 121/585 [00:03:21<00:12:51,  0.60it/s, loss=0.0281]
Epoch 7:  21%|##........| 125/585 [00:03:27<00:12:42,  0.60it/s, loss=0.0280]
Epoch 7:  22%|##........| 129/585 [00:03:33<00:12:36,  0.60it/s, loss=0.0279]
Epoch 7:  23%|##........| 133/585 [00:03:40<00:12:29,  0.60it/s, loss=0.0277]
Epoch 7:  23%|##........| 136/585 [00:03:47<00:12:30,  0.60it/s, loss=0.0283]
Epoch 7:  24%|##........| 139/585 [00:03:52<00:12:26,  0.60it/s, loss=0.0286]
Epoch 7:  24%|##........| 142/585 [00:03:58<00:12:24,  0.60it/s, loss=0.0286]
Epoch 7:  25%|##........| 146/585 [00:04:04<00:12:15,  0.60it/s, loss=0.0287]
Epoch 7:  26%|##........| 150/585 [00:04:10<00:12:07,  0.60it/s, loss=0.0287]
Epoch 7:  26%|##........| 153/585 [00:04:15<00:12:02,  0.60it/s, loss=0.0287]
Epoch 7:  27%|##........| 156/585 [00:04:21<00:11:58,  0.60it/s, loss=0.0287]
Epoch 7:  27%|##........| 160/585 [00:04:27<00:11:50,  0.60it/s, loss=0.0287]
Epoch 7:  28%|##........| 164/585 [00:04:33<00:11:42,  0.60it/s, loss=0.0287]
Epoch 7:  29%|##........| 168/585 [00:04:40<00:11:36,  0.60it/s, loss=0.0289]
Epoch 7:  29%|##........| 172/585 [00:04:47<00:11:31,  0.60it/s, loss=0.0289]
Epoch 7:  30%|###.......| 176/585 [00:04:54<00:11:23,  0.60it/s, loss=0.0288]
Epoch 7:  31%|###.......| 179/585 [00:04:59<00:11:18,  0.60it/s, loss=0.0288]
Epoch 7:  31%|###.......| 182/585 [00:05:04<00:11:14,  0.60it/s, loss=0.0287]
Epoch 7:  32%|###.......| 186/585 [00:05:10<00:11:06,  0.60it/s, loss=0.0286]
Epoch 7:  32%|###.......| 189/585 [00:05:15<00:11:01,  0.60it/s, loss=0.0288]
Epoch 7:  33%|###.......| 193/585 [00:05:22<00:10:54,  0.60it/s, loss=0.0287]
Epoch 7:  34%|###.......| 197/585 [00:05:28<00:10:47,  0.60it/s, loss=0.0287]
Epoch 7:  34%|###.......| 201/585 [00:05:34<00:10:39,  0.60it/s, loss=0.0286]
Epoch 7:  35%|###.......| 205/585 [00:05:41<00:10:32,  0.60it/s, loss=0.0286]
Epoch 7:  36%|###.......| 209/585 [00:05:47<00:10:25,  0.60it/s, loss=0.0288]
Epoch 7:  36%|###.......| 212/585 [00:05:52<00:10:20,  0.60it/s, loss=0.0288]
Epoch 7:  37%|###.......| 216/585 [00:05:59<00:10:13,  0.60it/s, loss=0.0288]
Epoch 7:  38%|###.......| 220/585 [00:06:05<00:10:06,  0.60it/s, loss=0.0288]
Epoch 7:  38%|###.......| 223/585 [00:06:10<00:10:02,  0.60it/s, loss=0.0289]
Epoch 7:  39%|###.......| 227/585 [00:06:16<00:09:54,  0.60it/s, loss=0.0288]
Epoch 7:  39%|###.......| 231/585 [00:06:23<00:09:47,  0.60it/s, loss=0.0287]
Epoch 7:  40%|####......| 235/585 [00:06:30<00:09:41,  0.60it/s, loss=0.0287]
Epoch 7:  41%|####......| 238/585 [00:06:35<00:09:37,  0.60it/s, loss=0.0287]
Epoch 7:  41%|####......| 242/585 [00:06:42<00:09:29,  0.60it/s, loss=0.0287]
Epoch 7:  42%|####......| 246/585 [00:06:48<00:09:23,  0.60it/s, loss=0.0286]
Epoch 7:  43%|####......| 250/585 [00:06:54<00:09:15,  0.60it/s, loss=0.0285]
Epoch 7:  43%|####......| 254/585 [00:07:00<00:09:08,  0.60it/s, loss=0.0285]
Epoch 7:  44%|####......| 258/585 [00:07:06<00:09:00,  0.60it/s, loss=0.0284]
Epoch 7:  45%|####......| 262/585 [00:07:13<00:08:54,  0.60it/s, loss=0.0285]
Epoch 7:  45%|####......| 266/585 [00:07:19<00:08:47,  0.60it/s, loss=0.0285]
Epoch 7:  46%|####......| 269/585 [00:07:25<00:08:42,  0.60it/s, loss=0.0285]
Epoch 7:  47%|####......| 273/585 [00:07:32<00:08:36,  0.60it/s, loss=0.0285]
Epoch 7:  47%|####......| 277/585 [00:07:39<00:08:30,  0.60it/s, loss=0.0285]
Epoch 7:  48%|####......| 280/585 [00:07:44<00:08:25,  0.60it/s, loss=0.0285]
Epoch 7:  49%|####......| 284/585 [00:07:50<00:08:19,  0.60it/s, loss=0.0285]
Epoch 7:  49%|####......| 287/585 [00:07:56<00:08:14,  0.60it/s, loss=0.0284]
Epoch 7:  50%|####......| 291/585 [00:08:02<00:08:07,  0.60it/s, loss=0.0284]
Epoch 7:  50%|#####.....| 294/585 [00:08:07<00:08:02,  0.60it/s, loss=0.0284]
Epoch 7:  51%|#####.....| 298/585 [00:08:13<00:07:55,  0.60it/s, loss=0.0284]
Epoch 7:  52%|#####.....| 302/585 [00:08:20<00:07:49,  0.60it/s, loss=0.0283]
Epoch 7:  52%|#####.....| 306/585 [00:08:28<00:07:43,  0.60it/s, loss=0.0285]
Epoch 7:  53%|#####.....| 309/585 [00:08:33<00:07:38,  0.60it/s, loss=0.0284]
Epoch 7:  54%|#####.....| 313/585 [00:08:39<00:07:31,  0.60it/s, loss=0.0283]
Epoch 7:  54%|#####.....| 317/585 [00:08:45<00:07:24,  0.60it/s, loss=0.0283]
Epoch 7:  55%|#####.....| 321/585 [00:08:52<00:07:17,  0.60it/s, loss=0.0284]
Epoch 7:  56%|#####.....| 325/585 [00:08:59<00:07:11,  0.60it/s, loss=0.0283]
Epoch 7:  56%|#####.....| 329/585 [00:09:05<00:07:04,  0.60it/s, loss=0.0283]
Epoch 7:  57%|#####.....| 332/585 [00:09:11<00:07:00,  0.60it/s, loss=0.0283]
Epoch 7:  57%|#####.....| 336/585 [00:09:18<00:06:53,  0.60it/s, loss=0.0282]
Epoch 7:  58%|#####.....| 339/585 [00:09:24<00:06:49,  0.60it/s, loss=0.0283]
Epoch 7:  58%|#####.....| 342/585 [00:09:29<00:06:44,  0.60it/s, loss=0.0282]
Epoch 7:  59%|#####.....| 346/585 [00:09:35<00:06:37,  0.60it/s, loss=0.0282]
Epoch 7:  60%|#####.....| 349/585 [00:09:40<00:06:32,  0.60it/s, loss=0.0282]
Epoch 7:  60%|######....| 352/585 [00:09:46<00:06:28,  0.60it/s, loss=0.0281]
Epoch 7:  61%|######....| 355/585 [00:09:52<00:06:23,  0.60it/s, loss=0.0282]
Epoch 7:  61%|######....| 359/585 [00:09:58<00:06:16,  0.60it/s, loss=0.0281]
Epoch 7:  62%|######....| 362/585 [00:10:03<00:06:11,  0.60it/s, loss=0.0281]
Epoch 7:  63%|######....| 366/585 [00:10:10<00:06:05,  0.60it/s, loss=0.0281]
Epoch 7:  63%|######....| 369/585 [00:10:16<00:06:00,  0.60it/s, loss=0.0282]
Epoch 7:  64%|######....| 373/585 [00:10:22<00:05:53,  0.60it/s, loss=0.0281]
Epoch 7:  64%|######....| 377/585 [00:10:28<00:05:46,  0.60it/s, loss=0.0280]
Epoch 7:  65%|######....| 380/585 [00:10:34<00:05:42,  0.60it/s, loss=0.0280]
Epoch 7:  65%|######....| 383/585 [00:10:39<00:05:37,  0.60it/s, loss=0.0280]
Epoch 7:  66%|######....| 387/585 [00:10:45<00:05:30,  0.60it/s, loss=0.0279]
Epoch 7:  67%|######....| 391/585 [00:10:52<00:05:23,  0.60it/s, loss=0.0279]
Epoch 7:  67%|######....| 394/585 [00:10:57<00:05:18,  0.60it/s, loss=0.0280]
Epoch 7:  68%|######....| 398/585 [00:11:03<00:05:11,  0.60it/s, loss=0.0279]
Epoch 7:  69%|######....| 402/585 [00:11:10<00:05:05,  0.60it/s, loss=0.0279]
Epoch 7:  69%|######....| 405/585 [00:11:15<00:05:00,  0.60it/s, loss=0.0279]
Epoch 7:  70%|######....| 408/585 [00:11:22<00:04:56,  0.60it/s, loss=0.0279]
Epoch 7:  70%|#######...| 412/585 [00:11:28<00:04:49,  0.60it/s, loss=0.0279]
Epoch 7:  71%|#######...| 416/585 [00:11:34<00:04:42,  0.60it/s, loss=0.0279]
Epoch 7:  72%|#######...| 419/585 [00:11:40<00:04:37,  0.60it/s, loss=0.0279]
Epoch 7:  72%|#######...| 423/585 [00:11:46<00:04:30,  0.60it/s, loss=0.0279]
Epoch 7:  73%|#######...| 427/585 [00:11:52<00:04:23,  0.60it/s, loss=0.0279]
Epoch 7:  74%|#######...| 430/585 [00:11:57<00:04:18,  0.60it/s, loss=0.0279]
Epoch 7:  74%|#######...| 433/585 [00:12:03<00:04:13,  0.60it/s, loss=0.0280]
Epoch 7:  75%|#######...| 437/585 [00:12:09<00:04:07,  0.60it/s, loss=0.0280]
Epoch 7:  75%|#######...| 441/585 [00:12:16<00:04:00,  0.60it/s, loss=0.0281]
Epoch 7:  76%|#######...| 445/585 [00:12:22<00:03:53,  0.60it/s, loss=0.0281]
Epoch 7:  77%|#######...| 449/585 [00:12:28<00:03:46,  0.60it/s, loss=0.0280]
Epoch 7:  77%|#######...| 452/585 [00:12:34<00:03:41,  0.60it/s, loss=0.0281]
Epoch 7:  78%|#######...| 456/585 [00:12:40<00:03:35,  0.60it/s, loss=0.0281]
Epoch 7:  79%|#######...| 460/585 [00:12:46<00:03:28,  0.60it/s, loss=0.0281]
Epoch 7:  79%|#######...| 464/585 [00:12:52<00:03:21,  0.60it/s, loss=0.0281]
Epoch 7:  80%|########..| 468/585 [00:12:59<00:03:14,  0.60it/s, loss=0.0280]
Epoch 7:  81%|########..| 472/585 [00:13:05<00:03:07,  0.60it/s, loss=0.0280]
Epoch 7:  81%|########..| 475/585 [00:13:10<00:03:02,  0.60it/s, loss=0.0280]
Epoch 7:  82%|########..| 479/585 [00:13:16<00:02:56,  0.60it/s, loss=0.0279]
Epoch 7:  82%|########..| 482/585 [00:13:21<00:02:51,  0.60it/s, loss=0.0280]
Epoch 7:  83%|########..| 486/585 [00:13:27<00:02:44,  0.60it/s, loss=0.0280]
Epoch 7:  84%|########..| 490/585 [00:13:33<00:02:37,  0.60it/s, loss=0.0279]
Epoch 7:  84%|########..| 494/585 [00:13:40<00:02:31,  0.60it/s, loss=0.0279]
Epoch 7:  85%|########..| 497/585 [00:13:45<00:02:26,  0.60it/s, loss=0.0279]
Epoch 7:  86%|########..| 501/585 [00:13:51<00:02:19,  0.60it/s, loss=0.0278]
Epoch 7:  86%|########..| 505/585 [00:13:57<00:02:12,  0.60it/s, loss=0.0279]
Epoch 7:  87%|########..| 508/585 [00:14:02<00:02:07,  0.60it/s, loss=0.0279]
Epoch 7:  87%|########..| 511/585 [00:14:07<00:02:02,  0.60it/s, loss=0.0279]
Epoch 7:  88%|########..| 514/585 [00:14:12<00:01:57,  0.60it/s, loss=0.0278]
Epoch 7:  89%|########..| 518/585 [00:14:19<00:01:51,  0.60it/s, loss=0.0278]
Epoch 7:  89%|########..| 521/585 [00:14:25<00:01:46,  0.60it/s, loss=0.0278]
Epoch 7:  90%|########..| 524/585 [00:14:30<00:01:41,  0.60it/s, loss=0.0279]
Epoch 7:  90%|#########.| 528/585 [00:14:36<00:01:34,  0.60it/s, loss=0.0279]
Epoch 7:  91%|#########.| 531/585 [00:14:42<00:01:29,  0.60it/s, loss=0.0279]
Epoch 7:  91%|#########.| 535/585 [00:14:49<00:01:23,  0.60it/s, loss=0.0279]
Epoch 7:  92%|#########.| 538/585 [00:14:54<00:01:18,  0.60it/s, loss=0.0279]
Epoch 7:  92%|#########.| 541/585 [00:14:59<00:01:13,  0.60it/s, loss=0.0279]
Epoch 7:  93%|#########.| 544/585 [00:15:05<00:01:08,  0.60it/s, loss=0.0280]
Epoch 7:  94%|#########.| 547/585 [00:15:11<00:01:03,  0.60it/s, loss=0.0280]
Epoch 7:  94%|#########.| 551/585 [00:15:17<00:00:56,  0.60it/s, loss=0.0280]
Epoch 7:  95%|#########.| 555/585 [00:15:23<00:00:49,  0.60it/s, loss=0.0280]
Epoch 7:  95%|#########.| 558/585 [00:15:29<00:00:44,  0.60it/s, loss=0.0281]
Epoch 7:  96%|#########.| 562/585 [00:15:35<00:00:38,  0.60it/s, loss=0.0281]
Epoch 7:  97%|#########.| 566/585 [00:15:41<00:00:31,  0.60it/s, loss=0.0280]
Epoch 7:  97%|#########.| 569/585 [00:15:46<00:00:26,  0.60it/s, loss=0.0280]
Epoch 7:  98%|#########.| 572/585 [00:15:52<00:00:21,  0.60it/s, loss=0.0280]
Epoch 7:  98%|#########.| 575/585 [00:15:57<00:00:16,  0.60it/s, loss=0.0281]
Epoch 7:  99%|#########.| 579/585 [00:16:03<00:00:09,  0.60it/s, loss=0.0280]
Epoch 7: 100%|#########.| 583/585 [00:16:10<00:00:03,  0.60it/s, loss=0.0281]
Epoch 7: 100%|##########| 585/585 [00:16:13<00:00:00,  0.60it/s, loss=0.0281]
Test loss: 0.0275, Test rmsae: 10.69deg
{"event": "epoch_complete", "epoch": 7, "phase": 1, "lr": 0.0001, "batch_size": 1, "micro_batch_size": 1, "train_loss": 0.028073772157614047, "val_loss": 0.027463088888907805, "val_rmsae_deg": 10.68644343316555, "epoch_time_s": 974.2796529029729}
Epoch 8/80:
Epoch 8:   1%|..........| 3/585 [00:00:05<00:17:41,  0.55it/s, loss=0.0315]
Epoch 8:   1%|..........| 6/585 [00:00:10<00:17:13,  0.56it/s, loss=0.0282]
Epoch 8:   2%|..........| 9/585 [00:00:16<00:17:27,  0.55it/s, loss=0.0275]
Epoch 8:   2%|..........| 12/585 [00:00:22<00:17:31,  0.54it/s, loss=0.0276]
Epoch 8:   3%|..........| 15/585 [00:00:27<00:17:11,  0.55it/s, loss=0.0273]
Epoch 8:   3%|..........| 19/585 [00:00:33<00:16:36,  0.57it/s, loss=0.0279]
Epoch 8:   4%|..........| 22/585 [00:00:38<00:16:24,  0.57it/s, loss=0.0277]
Epoch 8:   4%|..........| 25/585 [00:00:44<00:16:30,  0.57it/s, loss=0.0281]
Epoch 8:   5%|..........| 28/585 [00:00:49<00:16:33,  0.56it/s, loss=0.0280]
Epoch 8:   5%|..........| 31/585 [00:00:55<00:16:33,  0.56it/s, loss=0.0283]
Epoch 8:   6%|..........| 34/585 [00:01:01<00:16:28,  0.56it/s, loss=0.0281]
Epoch 8:   6%|..........| 38/585 [00:01:07<00:16:06,  0.57it/s, loss=0.0280]
Epoch 8:   7%|..........| 41/585 [00:01:12<00:15:58,  0.57it/s, loss=0.0282]
Epoch 8:   8%|..........| 44/585 [00:01:17<00:15:51,  0.57it/s, loss=0.0283]
Epoch 8:   8%|..........| 47/585 [00:01:22<00:15:45,  0.57it/s, loss=0.0284]
Epoch 8:   9%|..........| 51/585 [00:01:29<00:15:32,  0.57it/s, loss=0.0282]
Epoch 8:   9%|..........| 54/585 [00:01:35<00:15:40,  0.56it/s, loss=0.0289]
Epoch 8:  10%|..........| 57/585 [00:01:40<00:15:33,  0.57it/s, loss=0.0285]
Epoch 8:  10%|#.........| 61/585 [00:01:47<00:15:21,  0.57it/s, loss=0.0283]
Epoch 8:  11%|#.........| 64/585 [00:01:52<00:15:17,  0.57it/s, loss=0.0284]
Epoch 8:  12%|#.........| 68/585 [00:01:58<00:15:02,  0.57it/s, loss=0.0282]
Epoch 8:  12%|#.........| 71/585 [00:02:04<00:14:58,  0.57it/s, loss=0.0284]
Epoch 8:  13%|#.........| 75/585 [00:02:10<00:14:47,  0.57it/s, loss=0.0283]
Epoch 8:  13%|#.........| 78/585 [00:02:15<00:14:41,  0.58it/s, loss=0.0282]
Epoch 8:  14%|#.........| 82/585 [00:02:22<00:14:31,  0.58it/s, loss=0.0282]
Epoch 8:  15%|#.........| 86/585 [00:02:28<00:14:20,  0.58it/s, loss=0.0281]
Epoch 8:  15%|#.........| 90/585 [00:02:34<00:14:11,  0.58it/s, loss=0.0280]
Epoch 8:  16%|#.........| 93/585 [00:02:40<00:14:06,  0.58it/s, loss=0.0278]
Epoch 8:  17%|#.........| 97/585 [00:02:46<00:13:55,  0.58it/s, loss=0.0280]
Epoch 8:  17%|#.........| 100/585 [00:02:51<00:13:52,  0.58it/s, loss=0.0280]
Epoch 8:  18%|#.........| 103/585 [00:02:57<00:13:48,  0.58it/s, loss=0.0282]
Epoch 8:  18%|#.........| 107/585 [00:03:03<00:13:38,  0.58it/s, loss=0.0279]
Epoch 8:  19%|#.........| 110/585 [00:03:08<00:13:32,  0.58it/s, loss=0.0280]
Epoch 8:  19%|#.........| 113/585 [00:03:13<00:13:27,  0.58it/s, loss=0.0281]
Epoch 8:  20%|##........| 117/585 [00:03:19<00:13:19,  0.59it/s, loss=0.0281]
Epoch 8:  21%|##........| 121/585 [00:03:26<00:13:11,  0.59it/s, loss=0.0281]
Epoch 8:  21%|##........| 124/585 [00:03:31<00:13:05,  0.59it/s, loss=0.0282]
Epoch 8:  22%|##........| 127/585 [00:03:36<00:13:01,  0.59it/s, loss=0.0281]
Epoch 8:  22%|##........| 131/585 [00:03:43<00:12:54,  0.59it/s, loss=0.0281]
Epoch 8:  23%|##........| 135/585 [00:03:50<00:12:46,  0.59it/s, loss=0.0281]
Epoch 8:  24%|##........| 138/585 [00:03:55<00:12:41,  0.59it/s, loss=0.0280]
Epoch 8:  24%|##........| 142/585 [00:04:01<00:12:33,  0.59it/s, loss=0.0280]
Epoch 8:  25%|##........| 146/585 [00:04:07<00:12:24,  0.59it/s, loss=0.0280]
Epoch 8:  26%|##........| 150/585 [00:04:14<00:12:16,  0.59it/s, loss=0.0279]
Epoch 8:  26%|##........| 154/585 [00:04:20<00:12:09,  0.59it/s, loss=0.0278]
Epoch 8:  27%|##........| 157/585 [00:04:25<00:12:04,  0.59it/s, loss=0.0278]
Epoch 8:  27%|##........| 160/585 [00:04:30<00:11:59,  0.59it/s, loss=0.0277]
Epoch 8:  28%|##........| 163/585 [00:04:36<00:11:56,  0.59it/s, loss=0.0278]
Epoch 8:  28%|##........| 166/585 [00:04:42<00:11:53,  0.59it/s, loss=0.0279]
Epoch 8:  29%|##........| 169/585 [00:04:48<00:11:49,  0.59it/s, loss=0.0280]
Epoch 8:  30%|##........| 173/585 [00:04:54<00:11:41,  0.59it/s, loss=0.0279]
Epoch 8:  30%|###.......| 177/585 [00:05:00<00:11:33,  0.59it/s, loss=0.0279]
Epoch 8:  31%|###.......| 180/585 [00:05:06<00:11:28,  0.59it/s, loss=0.0280]
Epoch 8:  31%|###.......| 183/585 [00:05:12<00:11:25,  0.59it/s, loss=0.0280]
Epoch 8:  32%|###.......| 187/585 [00:05:18<00:11:18,  0.59it/s, loss=0.0280]
Epoch 8:  32%|###.......| 190/585 [00:05:24<00:11:13,  0.59it/s, loss=0.0280]
Epoch 8:  33%|###.......| 193/585 [00:05:29<00:11:08,  0.59it/s, loss=0.0280]
Epoch 8:  34%|###.......| 197/585 [00:05:35<00:11:00,  0.59it/s, loss=0.0279]
Epoch 8:  34%|###.......| 200/585 [00:05:41<00:10:56,  0.59it/s, loss=0.0279]
Epoch 8:  35%|###.......| 203/585 [00:05:46<00:10:51,  0.59it/s, loss=0.0279]
Epoch 8:  35%|###.......| 207/585 [00:05:52<00:10:44,  0.59it/s, loss=0.0278]
Epoch 8:  36%|###.......| 211/585 [00:05:58<00:10:36,  0.59it/s, loss=0.0277]
Epoch 8:  37%|###.......| 215/585 [00:06:05<00:10:28,  0.59it/s, loss=0.0277]
Epoch 8:  37%|###.......| 219/585 [00:06:11<00:10:21,  0.59it/s, loss=0.0277]
Epoch 8:  38%|###.......| 222/585 [00:06:17<00:10:17,  0.59it/s, loss=0.0279]
Epoch 8:  38%|###.......| 225/585 [00:06:22<00:10:12,  0.59it/s, loss=0.0278]
Epoch 8:  39%|###.......| 228/585 [00:06:27<00:10:07,  0.59it/s, loss=0.0278]
Epoch 8:  40%|###.......| 232/585 [00:06:33<00:09:59,  0.59it/s, loss=0.0276]
Epoch 8:  40%|####......| 235/585 [00:06:39<00:09:54,  0.59it/s, loss=0.0277]
Epoch 8:  41%|####......| 238/585 [00:06:44<00:09:49,  0.59it/s, loss=0.0277]
Epoch 8:  41%|####......| 241/585 [00:06:49<00:09:44,  0.59it/s, loss=0.0277]
Epoch 8:  42%|####......| 245/585 [00:06:56<00:09:37,  0.59it/s, loss=0.0276]
Epoch 8:  43%|####......| 249/585 [00:07:02<00:09:30,  0.59it/s, loss=0.0276]
Epoch 8:  43%|####......| 252/585 [00:07:07<00:09:25,  0.59it/s, loss=0.0276]
Epoch 8:  44%|####......| 255/585 [00:07:12<00:09:20,  0.59it/s, loss=0.0277]
Epoch 8:  44%|####......| 259/585 [00:07:20<00:09:14,  0.59it/s, loss=0.0278]
Epoch 8:  45%|####......| 263/585 [00:07:26<00:09:07,  0.59it/s, loss=0.0278]
Epoch 8:  45%|####......| 266/585 [00:07:32<00:09:02,  0.59it/s, loss=0.0277]
Epoch 8:  46%|####......| 270/585 [00:07:38<00:08:55,  0.59it/s, loss=0.0278]
Epoch 8:  47%|####......| 274/585 [00:07:44<00:08:47,  0.59it/s, loss=0.0278]
Epoch 8:  47%|####......| 277/585 [00:07:50<00:08:42,  0.59it/s, loss=0.0279]
Epoch 8:  48%|####......| 281/585 [00:07:56<00:08:35,  0.59it/s, loss=0.0279]
Epoch 8:  49%|####......| 284/585 [00:08:01<00:08:30,  0.59it/s, loss=0.0279]
Epoch 8:  49%|####......| 287/585 [00:08:07<00:08:25,  0.59it/s, loss=0.0279]
Epoch 8:  50%|####......| 291/585 [00:08:13<00:08:18,  0.59it/s, loss=0.0279]
Epoch 8:  50%|#####.....| 295/585 [00:08:20<00:08:11,  0.59it/s, loss=0.0279]
Epoch 8:  51%|#####.....| 299/585 [00:08:26<00:08:04,  0.59it/s, loss=0.0279]
Epoch 8:  52%|#####.....| 303/585 [00:08:32<00:07:57,  0.59it/s, loss=0.0279]
Epoch 8:  52%|#####.....| 307/585 [00:08:38<00:07:49,  0.59it/s, loss=0.0278]
Epoch 8:  53%|#####.....| 310/585 [00:08:43<00:07:44,  0.59it/s, loss=0.0278]
Epoch 8:  54%|#####.....| 314/585 [00:08:50<00:07:37,  0.59it/s, loss=0.0278]
Epoch 8:  54%|#####.....| 318/585 [00:08:56<00:07:30,  0.59it/s, loss=0.0277]
Epoch 8:  55%|#####.....| 322/585 [00:09:02<00:07:23,  0.59it/s, loss=0.0277]
Epoch 8:  56%|#####.....| 326/585 [00:09:09<00:07:16,  0.59it/s, loss=0.0277]
Epoch 8:  56%|#####.....| 329/585 [00:09:14<00:07:11,  0.59it/s, loss=0.0276]
Epoch 8:  57%|#####.....| 332/585 [00:09:19<00:07:06,  0.59it/s, loss=0.0276]
Epoch 8:  57%|#####.....| 335/585 [00:09:24<00:07:01,  0.59it/s, loss=0.0276]
Epoch 8:  58%|#####.....| 338/585 [00:09:30<00:06:56,  0.59it/s, loss=0.0276]
Epoch 8:  58%|#####.....| 342/585 [00:09:36<00:06:49,  0.59it/s, loss=0.0276]
Epoch 8:  59%|#####.....| 345/585 [00:09:42<00:06:45,  0.59it/s, loss=0.0276]
Epoch 8:  59%|#####.....| 348/585 [00:09:48<00:06:40,  0.59it/s, loss=0.0276]
Epoch 8:  60%|######....| 351/585 [00:09:54<00:06:36,  0.59it/s, loss=0.0276]
Epoch 8:  61%|######....| 354/585 [00:09:59<00:06:31,  0.59it/s, loss=0.0277]
Epoch 8:  61%|######....| 357/585 [00:10:04<00:06:26,  0.59it/s, loss=0.0277]
Epoch 8:  62%|######....| 360/585 [00:10:09<00:06:21,  0.59it/s, loss=0.0276]
Epoch 8:  62%|######....| 364/585 [00:10:16<00:06:14,  0.59it/s, loss=0.0276]
Epoch 8:  63%|######....| 368/585 [00:10:22<00:06:07,  0.59it/s, loss=0.0276]
Epoch 8:  64%|######....| 372/585 [00:10:29<00:06:00,  0.59it/s, loss=0.0276]
Epoch 8:  64%|######....| 376/585 [00:10:35<00:05:53,  0.59it/s, loss=0.0276]
Epoch 8:  65%|######....| 380/585 [00:10:41<00:05:46,  0.59it/s, loss=0.0276]
Epoch 8:  66%|######....| 384/585 [00:10:47<00:05:38,  0.59it/s, loss=0.0277]
Epoch 8:  66%|######....| 388/585 [00:10:54<00:05:32,  0.59it/s, loss=0.0277]
Epoch 8:  67%|######....| 392/585 [00:11:00<00:05:25,  0.59it/s, loss=0.0277]
Epoch 8:  68%|######....| 396/585 [00:11:06<00:05:18,  0.59it/s, loss=0.0277]
Epoch 8:  68%|######....| 399/585 [00:11:11<00:05:13,  0.59it/s, loss=0.0277]
Epoch 8:  69%|######....| 402/585 [00:11:17<00:05:08,  0.59it/s, loss=0.0277]
Epoch 8:  69%|######....| 406/585 [00:11:24<00:05:01,  0.59it/s, loss=0.0277]
Epoch 8:  70%|#######...| 410/585 [00:11:30<00:04:54,  0.59it/s, loss=0.0277]
Epoch 8:  71%|#######...| 414/585 [00:11:36<00:04:47,  0.59it/s, loss=0.0277]
Epoch 8:  71%|#######...| 418/585 [00:11:43<00:04:40,  0.59it/s, loss=0.0277]
Epoch 8:  72%|#######...| 422/585 [00:11:49<00:04:34,  0.59it/s, loss=0.0276]
Epoch 8:  73%|#######...| 426/585 [00:11:56<00:04:27,  0.59it/s, loss=0.0276]
Epoch 8:  74%|#######...| 430/585 [00:12:02<00:04:20,  0.60it/s, loss=0.0276]
Epoch 8:  74%|#######...| 433/585 [00:12:07<00:04:15,  0.60it/s, loss=0.0276]
Epoch 8:  75%|#######...| 436/585 [00:12:12<00:04:10,  0.59it/s, loss=0.0276]
Epoch 8:  75%|#######...| 439/585 [00:12:18<00:04:05,  0.59it/s, loss=0.0277]
Epoch 8:  76%|#######...| 442/585 [00:12:23<00:04:00,  0.59it/s, loss=0.0276]
Epoch 8:  76%|#######...| 445/585 [00:12:28<00:03:55,  0.59it/s, loss=0.0276]
Epoch 8:  77%|#######...| 448/585 [00:12:33<00:03:50,  0.59it/s, loss=0.0277]
Epoch 8:  77%|#######...| 451/585 [00:12:39<00:03:45,  0.59it/s, loss=0.0278]
Epoch 8:  78%|#######...| 455/585 [00:12:45<00:03:38,  0.59it/s, loss=0.0277]
Epoch 8:  78%|#######...| 459/585 [00:12:52<00:03:32,  0.59it/s, loss=0.0278]
Epoch 8:  79%|#######...| 462/585 [00:12:58<00:03:27,  0.59it/s, loss=0.0278]
Epoch 8:  80%|#######...| 466/585 [00:13:04<00:03:20,  0.59it/s, loss=0.0277]
Epoch 8:  80%|########..| 469/585 [00:13:09<00:03:15,  0.59it/s, loss=0.0278]
Epoch 8:  81%|########..| 472/585 [00:13:15<00:03:10,  0.59it/s, loss=0.0278]
Epoch 8:  81%|########..| 475/585 [00:13:20<00:03:05,  0.59it/s, loss=0.0277]
Epoch 8:  82%|########..| 478/585 [00:13:25<00:03:00,  0.59it/s, loss=0.0277]
Epoch 8:  82%|########..| 481/585 [00:13:30<00:02:55,  0.59it/s, loss=0.0277]
Epoch 8:  83%|########..| 485/585 [00:13:36<00:02:48,  0.59it/s, loss=0.0276]
Epoch 8:  83%|########..| 487/585 [00:13:42<00:02:45,  0.59it/s, loss=0.0276]
Epoch 8:  84%|########..| 491/585 [00:13:48<00:02:38,  0.59it/s, loss=0.0276]
Epoch 8:  85%|########..| 495/585 [00:13:54<00:02:31,  0.59it/s, loss=0.0276]
Epoch 8:  85%|########..| 499/585 [00:14:00<00:02:24,  0.59it/s, loss=0.0276]
Epoch 8:  86%|########..| 503/585 [00:14:07<00:02:18,  0.59it/s, loss=0.0277]
Epoch 8:  86%|########..| 506/585 [00:14:13<00:02:13,  0.59it/s, loss=0.0277]
Epoch 8:  87%|########..| 510/585 [00:14:19<00:02:06,  0.59it/s, loss=0.0277]
Epoch 8:  88%|########..| 514/585 [00:14:26<00:01:59,  0.59it/s, loss=0.0277]
Epoch 8:  88%|########..| 517/585 [00:14:31<00:01:54,  0.59it/s, loss=0.0277]
Epoch 8:  89%|########..| 520/585 [00:14:36<00:01:49,  0.59it/s, loss=0.0277]
Epoch 8:  89%|########..| 523/585 [00:14:42<00:01:44,  0.59it/s, loss=0.0277]
Epoch 8:  90%|########..| 526/585 [00:14:47<00:01:39,  0.59it/s, loss=0.0278]
Epoch 8:  91%|#########.| 530/585 [00:14:54<00:01:32,  0.59it/s, loss=0.0278]
Epoch 8:  91%|#########.| 534/585 [00:15:00<00:01:25,  0.59it/s, loss=0.0278]
Epoch 8:  92%|#########.| 537/585 [00:15:05<00:01:20,  0.59it/s, loss=0.0277]
Epoch 8:  92%|#########.| 540/585 [00:15:10<00:01:15,  0.59it/s, loss=0.0277]
Epoch 8:  93%|#########.| 544/585 [00:15:17<00:01:09,  0.59it/s, loss=0.0278]
Epoch 8:  94%|#########.| 547/585 [00:15:22<00:01:04,  0.59it/s, loss=0.0278]
Epoch 8:  94%|#########.| 551/585 [00:15:28<00:00:57,  0.59it/s, loss=0.0277]
Epoch 8:  95%|#########.| 555/585 [00:15:35<00:00:50,  0.59it/s, loss=0.0277]
Epoch 8:  96%|#########.| 559/585 [00:15:41<00:00:43,  0.59it/s, loss=0.0277]
Epoch 8:  96%|#########.| 562/585 [00:15:47<00:00:38,  0.59it/s, loss=0.0278]
Epoch 8:  97%|#########.| 566/585 [00:15:53<00:00:32,  0.59it/s, loss=0.0278]
Epoch 8:  97%|#########.| 569/585 [00:15:58<00:00:26,  0.59it/s, loss=0.0278]
Epoch 8:  98%|#########.| 572/585 [00:16:03<00:00:21,  0.59it/s, loss=0.0277]
Epoch 8:  98%|#########.| 575/585 [00:16:09<00:00:16,  0.59it/s, loss=0.0278]
Epoch 8:  99%|#########.| 579/585 [00:16:15<00:00:10,  0.59it/s, loss=0.0278]
Epoch 8: 100%|#########.| 583/585 [00:16:22<00:00:03,  0.59it/s, loss=0.0278]
Epoch 8: 100%|##########| 585/585 [00:16:25<00:00:00,  0.59it/s, loss=0.0278]
Test loss: 0.0272, Test rmsae: 9.57deg
{"event": "epoch_complete", "epoch": 8, "phase": 1, "lr": 0.0001, "batch_size": 1, "micro_batch_size": 1, "train_loss": 0.02776936719623896, "val_loss": 0.027216482238145545, "val_rmsae_deg": 9.567084401845932, "epoch_time_s": 986.8834383849753}
{"event": "checkpoint_saved", "tag": "best_rmsae", "epoch": 8, "path": "IFAN_Edge/outputs/stage3/ifan_stage3_long80_c8_r2_map_maba_20260516_154535/checkpoints/best_rmsae.pt", "val_rmsae_deg": 9.567084401845932}
Epoch 9/80:
Epoch 9:   1%|..........| 4/585 [00:00:06<00:16:32,  0.59it/s, loss=0.0371]
Epoch 9:   1%|..........| 7/585 [00:00:11<00:16:18,  0.59it/s, loss=0.0322]
Epoch 9:   2%|..........| 10/585 [00:00:16<00:16:12,  0.59it/s, loss=0.0297]
Epoch 9:   2%|..........| 13/585 [00:00:22<00:16:09,  0.59it/s, loss=0.0287]
Epoch 9:   3%|..........| 17/585 [00:00:28<00:15:40,  0.60it/s, loss=0.0273]
Epoch 9:   4%|..........| 21/585 [00:00:34<00:15:22,  0.61it/s, loss=0.0263]
Epoch 9:   4%|..........| 24/585 [00:00:39<00:15:24,  0.61it/s, loss=0.0269]
Epoch 9:   5%|..........| 28/585 [00:00:45<00:15:09,  0.61it/s, loss=0.0264]
Epoch 9:   5%|..........| 32/585 [00:00:51<00:14:54,  0.62it/s, loss=0.0264]
Epoch 9:   6%|..........| 35/585 [00:00:57<00:14:59,  0.61it/s, loss=0.0265]
Epoch 9:   7%|..........| 39/585 [00:01:03<00:14:49,  0.61it/s, loss=0.0265]
Epoch 9:   7%|..........| 42/585 [00:01:09<00:14:57,  0.60it/s, loss=0.0263]
Epoch 9:   8%|..........| 45/585 [00:01:14<00:14:55,  0.60it/s, loss=0.0265]
Epoch 9:   8%|..........| 49/585 [00:01:21<00:14:50,  0.60it/s, loss=0.0268]
Epoch 9:   9%|..........| 53/585 [00:01:27<00:14:40,  0.60it/s, loss=0.0269]
Epoch 9:  10%|..........| 57/585 [00:01:33<00:14:29,  0.61it/s, loss=0.0266]
Epoch 9:  10%|#.........| 60/585 [00:01:39<00:14:28,  0.60it/s, loss=0.0267]
Epoch 9:  11%|#.........| 63/585 [00:01:45<00:14:30,  0.60it/s, loss=0.0266]
Epoch 9:  11%|#.........| 67/585 [00:01:51<00:14:21,  0.60it/s, loss=0.0265]
Epoch 9:  12%|#.........| 71/585 [00:01:57<00:14:08,  0.61it/s, loss=0.0263]
Epoch 9:  13%|#.........| 74/585 [00:02:02<00:14:08,  0.60it/s, loss=0.0263]
Epoch 9:  13%|#.........| 78/585 [00:02:09<00:13:59,  0.60it/s, loss=0.0263]
Epoch 9:  14%|#.........| 82/585 [00:02:15<00:13:48,  0.61it/s, loss=0.0261]
Epoch 9:  15%|#.........| 86/585 [00:02:21<00:13:42,  0.61it/s, loss=0.0267]
Epoch 9:  15%|#.........| 90/585 [00:02:27<00:13:33,  0.61it/s, loss=0.0268]
Epoch 9:  16%|#.........| 93/585 [00:02:32<00:13:28,  0.61it/s, loss=0.0269]
Epoch 9:  17%|#.........| 97/585 [00:02:39<00:13:21,  0.61it/s, loss=0.0268]
Epoch 9:  17%|#.........| 100/585 [00:02:44<00:13:17,  0.61it/s, loss=0.0267]
Epoch 9:  18%|#.........| 104/585 [00:02:51<00:13:12,  0.61it/s, loss=0.0266]
Epoch 9:  18%|#.........| 108/585 [00:02:57<00:13:04,  0.61it/s, loss=0.0265]
Epoch 9:  19%|#.........| 112/585 [00:03:04<00:13:00,  0.61it/s, loss=0.0266]
Epoch 9:  20%|#.........| 115/585 [00:03:10<00:12:56,  0.60it/s, loss=0.0267]
Epoch 9:  20%|##........| 119/585 [00:03:16<00:12:49,  0.61it/s, loss=0.0266]
Epoch 9:  21%|##........| 123/585 [00:03:22<00:12:41,  0.61it/s, loss=0.0266]
Epoch 9:  22%|##........| 126/585 [00:03:28<00:12:37,  0.61it/s, loss=0.0265]
Epoch 9:  22%|##........| 130/585 [00:03:34<00:12:29,  0.61it/s, loss=0.0264]
Epoch 9:  23%|##........| 134/585 [00:03:40<00:12:23,  0.61it/s, loss=0.0264]
Epoch 9:  23%|##........| 137/585 [00:03:46<00:12:21,  0.60it/s, loss=0.0264]
Epoch 9:  24%|##........| 141/585 [00:03:53<00:12:14,  0.60it/s, loss=0.0262]
Epoch 9:  25%|##........| 145/585 [00:03:59<00:12:06,  0.61it/s, loss=0.0262]
Epoch 9:  25%|##........| 149/585 [00:04:06<00:12:00,  0.61it/s, loss=0.0261]
Epoch 9:  26%|##........| 152/585 [00:04:11<00:11:56,  0.60it/s, loss=0.0263]
Epoch 9:  27%|##........| 156/585 [00:04:17<00:11:48,  0.61it/s, loss=0.0263]
Epoch 9:  27%|##........| 160/585 [00:04:24<00:11:42,  0.60it/s, loss=0.0263]
Epoch 9:  28%|##........| 163/585 [00:04:30<00:11:40,  0.60it/s, loss=0.0263]
Epoch 9:  28%|##........| 166/585 [00:04:36<00:11:37,  0.60it/s, loss=0.0263]
Epoch 9:  29%|##........| 170/585 [00:04:43<00:11:31,  0.60it/s, loss=0.0262]
Epoch 9:  30%|##........| 173/585 [00:04:48<00:11:27,  0.60it/s, loss=0.0262]
Epoch 9:  30%|###.......| 177/585 [00:04:54<00:11:18,  0.60it/s, loss=0.0261]
Epoch 9:  31%|###.......| 180/585 [00:04:59<00:11:13,  0.60it/s, loss=0.0267]
Epoch 9:  31%|###.......| 183/585 [00:05:04<00:11:09,  0.60it/s, loss=0.0268]
Epoch 9:  32%|###.......| 186/585 [00:05:10<00:11:05,  0.60it/s, loss=0.0267]
Epoch 9:  32%|###.......| 189/585 [00:05:15<00:11:01,  0.60it/s, loss=0.0267]
Epoch 9:  33%|###.......| 193/585 [00:05:22<00:10:54,  0.60it/s, loss=0.0266]
Epoch 9:  34%|###.......| 196/585 [00:05:27<00:10:49,  0.60it/s, loss=0.0267]
Epoch 9:  34%|###.......| 199/585 [00:05:32<00:10:45,  0.60it/s, loss=0.0268]
Epoch 9:  35%|###.......| 203/585 [00:05:38<00:10:37,  0.60it/s, loss=0.0268]
Epoch 9:  35%|###.......| 207/585 [00:05:45<00:10:31,  0.60it/s, loss=0.0268]
Epoch 9:  36%|###.......| 210/585 [00:05:50<00:10:26,  0.60it/s, loss=0.0267]
Epoch 9:  37%|###.......| 214/585 [00:05:57<00:10:19,  0.60it/s, loss=0.0267]
Epoch 9:  37%|###.......| 218/585 [00:06:03<00:10:11,  0.60it/s, loss=0.0267]
Epoch 9:  38%|###.......| 221/585 [00:06:09<00:10:08,  0.60it/s, loss=0.0267]
Epoch 9:  38%|###.......| 225/585 [00:06:15<00:10:00,  0.60it/s, loss=0.0266]
Epoch 9:  39%|###.......| 229/585 [00:06:21<00:09:53,  0.60it/s, loss=0.0266]
Epoch 9:  40%|###.......| 232/585 [00:06:26<00:09:48,  0.60it/s, loss=0.0266]
Epoch 9:  40%|####......| 236/585 [00:06:33<00:09:41,  0.60it/s, loss=0.0266]
Epoch 9:  41%|####......| 239/585 [00:06:39<00:09:38,  0.60it/s, loss=0.0268]
Epoch 9:  42%|####......| 243/585 [00:06:45<00:09:31,  0.60it/s, loss=0.0267]
Epoch 9:  42%|####......| 247/585 [00:06:52<00:09:24,  0.60it/s, loss=0.0267]
Epoch 9:  43%|####......| 251/585 [00:06:59<00:09:18,  0.60it/s, loss=0.0267]
Epoch 9:  43%|####......| 254/585 [00:07:05<00:09:14,  0.60it/s, loss=0.0267]
Epoch 9:  44%|####......| 258/585 [00:07:12<00:09:07,  0.60it/s, loss=0.0268]
Epoch 9:  45%|####......| 262/585 [00:07:18<00:09:00,  0.60it/s, loss=0.0268]
Epoch 9:  45%|####......| 265/585 [00:07:23<00:08:55,  0.60it/s, loss=0.0268]
Epoch 9:  46%|####......| 268/585 [00:07:28<00:08:50,  0.60it/s, loss=0.0269]
Epoch 9:  46%|####......| 271/585 [00:07:34<00:08:46,  0.60it/s, loss=0.0269]
Epoch 9:  47%|####......| 275/585 [00:07:40<00:08:39,  0.60it/s, loss=0.0269]
Epoch 9:  48%|####......| 278/585 [00:07:45<00:08:34,  0.60it/s, loss=0.0269]
Epoch 9:  48%|####......| 282/585 [00:07:51<00:08:26,  0.60it/s, loss=0.0268]
Epoch 9:  49%|####......| 285/585 [00:07:57<00:08:22,  0.60it/s, loss=0.0268]
Epoch 9:  49%|####......| 288/585 [00:08:02<00:08:17,  0.60it/s, loss=0.0268]
Epoch 9:  50%|####......| 291/585 [00:08:08<00:08:13,  0.60it/s, loss=0.0268]
Epoch 9:  50%|#####.....| 295/585 [00:08:15<00:08:06,  0.60it/s, loss=0.0269]
Epoch 9:  51%|#####.....| 299/585 [00:08:21<00:07:59,  0.60it/s, loss=0.0269]
Epoch 9:  52%|#####.....| 303/585 [00:08:27<00:07:52,  0.60it/s, loss=0.0268]
Epoch 9:  52%|#####.....| 307/585 [00:08:33<00:07:45,  0.60it/s, loss=0.0268]
Epoch 9:  53%|#####.....| 311/585 [00:08:40<00:07:38,  0.60it/s, loss=0.0268]
Epoch 9:  54%|#####.....| 314/585 [00:08:46<00:07:34,  0.60it/s, loss=0.0270]
Epoch 9:  54%|#####.....| 318/585 [00:08:53<00:07:27,  0.60it/s, loss=0.0270]
Epoch 9:  55%|#####.....| 322/585 [00:09:00<00:07:21,  0.60it/s, loss=0.0270]
Epoch 9:  56%|#####.....| 325/585 [00:09:05<00:07:16,  0.60it/s, loss=0.0272]
Epoch 9:  56%|#####.....| 329/585 [00:09:12<00:07:09,  0.60it/s, loss=0.0273]
Epoch 9:  57%|#####.....| 332/585 [00:09:17<00:07:04,  0.60it/s, loss=0.0273]
Epoch 9:  57%|#####.....| 336/585 [00:09:23<00:06:57,  0.60it/s, loss=0.0273]
Epoch 9:  58%|#####.....| 339/585 [00:09:30<00:06:53,  0.59it/s, loss=0.0273]
Epoch 9:  58%|#####.....| 342/585 [00:09:37<00:06:50,  0.59it/s, loss=0.0273]
Epoch 9:  59%|#####.....| 345/585 [00:09:43<00:06:45,  0.59it/s, loss=0.0274]
Epoch 9:  60%|#####.....| 349/585 [00:09:49<00:06:38,  0.59it/s, loss=0.0274]
Epoch 9:  60%|######....| 352/585 [00:09:55<00:06:33,  0.59it/s, loss=0.0274]
Epoch 9:  61%|######....| 355/585 [00:10:01<00:06:29,  0.59it/s, loss=0.0274]
Epoch 9:  61%|######....| 358/585 [00:10:06<00:06:24,  0.59it/s, loss=0.0274]
Epoch 9:  62%|######....| 361/585 [00:10:11<00:06:19,  0.59it/s, loss=0.0274]
Epoch 9:  62%|######....| 364/585 [00:10:18<00:06:15,  0.59it/s, loss=0.0277]
Epoch 9:  63%|######....| 368/585 [00:10:24<00:06:08,  0.59it/s, loss=0.0276]
Epoch 9:  64%|######....| 372/585 [00:10:30<00:06:01,  0.59it/s, loss=0.0277]
Epoch 9:  64%|######....| 376/585 [00:10:36<00:05:53,  0.59it/s, loss=0.0276]
Epoch 9:  65%|######....| 380/585 [00:10:43<00:05:47,  0.59it/s, loss=0.0277]
Epoch 9:  65%|######....| 383/585 [00:10:48<00:05:42,  0.59it/s, loss=0.0277]
Epoch 9:  66%|######....| 386/585 [00:10:54<00:05:37,  0.59it/s, loss=0.0277]
Epoch 9:  66%|######....| 389/585 [00:11:00<00:05:32,  0.59it/s, loss=0.0277]
Epoch 9:  67%|######....| 393/585 [00:11:06<00:05:25,  0.59it/s, loss=0.0277]
Epoch 9:  68%|######....| 397/585 [00:11:13<00:05:18,  0.59it/s, loss=0.0277]
Epoch 9:  68%|######....| 400/585 [00:11:18<00:05:13,  0.59it/s, loss=0.0277]
Epoch 9:  69%|######....| 404/585 [00:11:24<00:05:06,  0.59it/s, loss=0.0276]
Epoch 9:  70%|######....| 408/585 [00:11:30<00:04:59,  0.59it/s, loss=0.0275]
Epoch 9:  70%|#######...| 412/585 [00:11:36<00:04:52,  0.59it/s, loss=0.0276]
Epoch 9:  71%|#######...| 416/585 [00:11:43<00:04:45,  0.59it/s, loss=0.0276]
Epoch 9:  72%|#######...| 419/585 [00:11:48<00:04:40,  0.59it/s, loss=0.0276]
Epoch 9:  72%|#######...| 423/585 [00:11:54<00:04:33,  0.59it/s, loss=0.0276]
Epoch 9:  73%|#######...| 427/585 [00:12:01<00:04:26,  0.59it/s, loss=0.0275]
Epoch 9:  74%|#######...| 430/585 [00:12:06<00:04:21,  0.59it/s, loss=0.0275]
Epoch 9:  74%|#######...| 433/585 [00:12:12<00:04:17,  0.59it/s, loss=0.0275]
Epoch 9:  75%|#######...| 436/585 [00:12:17<00:04:12,  0.59it/s, loss=0.0275]
Epoch 9:  75%|#######...| 440/585 [00:12:23<00:04:05,  0.59it/s, loss=0.0275]
Epoch 9:  76%|#######...| 443/585 [00:12:29<00:04:00,  0.59it/s, loss=0.0277]
Epoch 9:  76%|#######...| 447/585 [00:12:35<00:03:53,  0.59it/s, loss=0.0277]
Epoch 9:  77%|#######...| 450/585 [00:12:41<00:03:48,  0.59it/s, loss=0.0277]
Epoch 9:  78%|#######...| 454/585 [00:12:47<00:03:41,  0.59it/s, loss=0.0277]
Epoch 9:  78%|#######...| 458/585 [00:12:54<00:03:34,  0.59it/s, loss=0.0277]
Epoch 9:  79%|#######...| 462/585 [00:13:01<00:03:27,  0.59it/s, loss=0.0277]
Epoch 9:  79%|#######...| 465/585 [00:13:06<00:03:22,  0.59it/s, loss=0.0277]
Epoch 9:  80%|########..| 468/585 [00:13:12<00:03:18,  0.59it/s, loss=0.0277]
Epoch 9:  81%|########..| 472/585 [00:13:19<00:03:11,  0.59it/s, loss=0.0277]
Epoch 9:  81%|########..| 476/585 [00:13:26<00:03:04,  0.59it/s, loss=0.0277]
Epoch 9:  82%|########..| 480/585 [00:13:33<00:02:57,  0.59it/s, loss=0.0277]
Epoch 9:  83%|########..| 483/585 [00:13:38<00:02:52,  0.59it/s, loss=0.0277]
Epoch 9:  83%|########..| 486/585 [00:13:44<00:02:47,  0.59it/s, loss=0.0277]
Epoch 9:  84%|########..| 490/585 [00:13:50<00:02:40,  0.59it/s, loss=0.0277]
Epoch 9:  84%|########..| 494/585 [00:13:56<00:02:34,  0.59it/s, loss=0.0277]
Epoch 9:  85%|########..| 498/585 [00:14:03<00:02:27,  0.59it/s, loss=0.0277]
Epoch 9:  86%|########..| 501/585 [00:14:08<00:02:22,  0.59it/s, loss=0.0277]
Epoch 9:  86%|########..| 505/585 [00:14:15<00:02:15,  0.59it/s, loss=0.0277]
Epoch 9:  87%|########..| 508/585 [00:14:20<00:02:10,  0.59it/s, loss=0.0277]
Epoch 9:  88%|########..| 512/585 [00:14:26<00:02:03,  0.59it/s, loss=0.0277]
Epoch 9:  88%|########..| 516/585 [00:14:33<00:01:56,  0.59it/s, loss=0.0276]
Epoch 9:  89%|########..| 519/585 [00:14:38<00:01:51,  0.59it/s, loss=0.0276]
Epoch 9:  89%|########..| 523/585 [00:14:44<00:01:44,  0.59it/s, loss=0.0276]
Epoch 9:  90%|########..| 526/585 [00:14:49<00:01:39,  0.59it/s, loss=0.0276]
Epoch 9:  91%|#########.| 530/585 [00:14:56<00:01:33,  0.59it/s, loss=0.0276]
Epoch 9:  91%|#########.| 534/585 [00:15:02<00:01:26,  0.59it/s, loss=0.0276]
Epoch 9:  92%|#########.| 538/585 [00:15:09<00:01:19,  0.59it/s, loss=0.0276]
Epoch 9:  93%|#########.| 542/585 [00:15:15<00:01:12,  0.59it/s, loss=0.0275]
Epoch 9:  93%|#########.| 545/585 [00:15:20<00:01:07,  0.59it/s, loss=0.0275]
Epoch 9:  94%|#########.| 549/585 [00:15:26<00:01:00,  0.59it/s, loss=0.0275]
Epoch 9:  94%|#########.| 552/585 [00:15:32<00:00:55,  0.59it/s, loss=0.0275]
Epoch 9:  95%|#########.| 556/585 [00:15:38<00:00:48,  0.59it/s, loss=0.0275]
Epoch 9:  96%|#########.| 559/585 [00:15:43<00:00:43,  0.59it/s, loss=0.0275]
Epoch 9:  96%|#########.| 563/585 [00:15:50<00:00:37,  0.59it/s, loss=0.0275]
Epoch 9:  97%|#########.| 567/585 [00:15:56<00:00:30,  0.59it/s, loss=0.0275]
Epoch 9:  97%|#########.| 570/585 [00:16:01<00:00:25,  0.59it/s, loss=0.0275]
Epoch 9:  98%|#########.| 574/585 [00:16:08<00:00:18,  0.59it/s, loss=0.0275]
Epoch 9:  99%|#########.| 578/585 [00:16:14<00:00:11,  0.59it/s, loss=0.0275]
Epoch 9:  99%|#########.| 581/585 [00:16:19<00:00:06,  0.59it/s, loss=0.0275]
Epoch 9: 100%|#########.| 584/585 [00:16:24<00:00:01,  0.59it/s, loss=0.0275]
Epoch 9: 100%|##########| 585/585 [00:16:26<00:00:00,  0.59it/s, loss=0.0275]
Test loss: 0.0258, Test rmsae: 9.66deg
{"event": "epoch_complete", "epoch": 9, "phase": 1, "lr": 0.0001, "batch_size": 1, "micro_batch_size": 1, "train_loss": 0.0274868838982577, "val_loss": 0.02583440695889294, "val_rmsae_deg": 9.663542285561562, "epoch_time_s": 987.835381004028}
Epoch 10/80:
Epoch 10:   1%|..........| 4/585 [00:00:06<00:16:19,  0.59it/s, loss=0.0225]
Epoch 10:   1%|..........| 7/585 [00:00:12<00:16:38,  0.58it/s, loss=0.0232]
Epoch 10:   2%|..........| 10/585 [00:00:17<00:16:32,  0.58it/s, loss=0.0229]
Epoch 10:   2%|..........| 13/585 [00:00:22<00:16:22,  0.58it/s, loss=0.0234]
Epoch 10:   3%|..........| 16/585 [00:00:27<00:16:24,  0.58it/s, loss=0.0242]
Epoch 10:   3%|..........| 20/585 [00:00:33<00:16:00,  0.59it/s, loss=0.0248]
Epoch 10:   4%|..........| 24/585 [00:00:40<00:15:37,  0.60it/s, loss=0.0245]
Epoch 10:   5%|..........| 27/585 [00:00:45<00:15:42,  0.59it/s, loss=0.0245]
Epoch 10:   5%|..........| 31/585 [00:00:51<00:15:26,  0.60it/s, loss=0.0244]
Epoch 10:   6%|..........| 34/585 [00:00:57<00:15:35,  0.59it/s, loss=0.0271]
Epoch 10:   6%|..........| 38/585 [00:01:04<00:15:28,  0.59it/s, loss=0.0273]
Epoch 10:   7%|..........| 42/585 [00:01:11<00:15:19,  0.59it/s, loss=0.0279]
Epoch 10:   8%|..........| 45/585 [00:01:16<00:15:19,  0.59it/s, loss=0.0283]
Epoch 10:   8%|..........| 49/585 [00:01:22<00:15:04,  0.59it/s, loss=0.0280]
Epoch 10:   9%|..........| 53/585 [00:01:28<00:14:49,  0.60it/s, loss=0.0279]
Epoch 10:  10%|..........| 56/585 [00:01:34<00:14:49,  0.59it/s, loss=0.0279]
Epoch 10:  10%|#.........| 59/585 [00:01:39<00:14:47,  0.59it/s, loss=0.0279]
Epoch 10:  11%|#.........| 62/585 [00:01:44<00:14:42,  0.59it/s, loss=0.0276]
Epoch 10:  11%|#.........| 65/585 [00:01:49<00:14:39,  0.59it/s, loss=0.0279]
Epoch 10:  12%|#.........| 69/585 [00:01:56<00:14:32,  0.59it/s, loss=0.0282]
Epoch 10:  12%|#.........| 72/585 [00:02:01<00:14:27,  0.59it/s, loss=0.0282]
Epoch 10:  13%|#.........| 76/585 [00:02:07<00:14:17,  0.59it/s, loss=0.0280]
Epoch 10:  14%|#.........| 79/585 [00:02:13<00:14:16,  0.59it/s, loss=0.0279]
Epoch 10:  14%|#.........| 82/585 [00:02:18<00:14:10,  0.59it/s, loss=0.0276]
Epoch 10:  15%|#.........| 86/585 [00:02:25<00:14:04,  0.59it/s, loss=0.0274]
Epoch 10:  15%|#.........| 90/585 [00:02:31<00:13:53,  0.59it/s, loss=0.0274]
Epoch 10:  16%|#.........| 93/585 [00:02:37<00:13:51,  0.59it/s, loss=0.0274]
Epoch 10:  17%|#.........| 97/585 [00:02:43<00:13:40,  0.59it/s, loss=0.0272]
Epoch 10:  17%|#.........| 100/585 [00:02:48<00:13:37,  0.59it/s, loss=0.0271]
Epoch 10:  18%|#.........| 104/585 [00:02:55<00:13:29,  0.59it/s, loss=0.0269]
Epoch 10:  18%|#.........| 107/585 [00:03:00<00:13:24,  0.59it/s, loss=0.0270]
Epoch 10:  19%|#.........| 110/585 [00:03:06<00:13:23,  0.59it/s, loss=0.0268]
Epoch 10:  19%|#.........| 114/585 [00:03:12<00:13:16,  0.59it/s, loss=0.0270]
Epoch 10:  20%|##........| 118/585 [00:03:19<00:13:08,  0.59it/s, loss=0.0270]
Epoch 10:  21%|##........| 121/585 [00:03:24<00:13:02,  0.59it/s, loss=0.0269]
Epoch 10:  21%|##........| 124/585 [00:03:29<00:12:58,  0.59it/s, loss=0.0272]
Epoch 10:  22%|##........| 128/585 [00:03:35<00:12:50,  0.59it/s, loss=0.0271]
Epoch 10:  23%|##........| 132/585 [00:03:42<00:12:42,  0.59it/s, loss=0.0270]
Epoch 10:  23%|##........| 136/585 [00:03:48<00:12:33,  0.60it/s, loss=0.0268]
Epoch 10:  24%|##........| 140/585 [00:03:54<00:12:26,  0.60it/s, loss=0.0267]
Epoch 10:  24%|##........| 143/585 [00:04:00<00:12:24,  0.59it/s, loss=0.0268]
Epoch 10:  25%|##........| 147/585 [00:04:06<00:12:15,  0.60it/s, loss=0.0266]
Epoch 10:  26%|##........| 150/585 [00:04:12<00:12:11,  0.59it/s, loss=0.0266]
Epoch 10:  26%|##........| 154/585 [00:04:18<00:12:02,  0.60it/s, loss=0.0266]
Epoch 10:  27%|##........| 157/585 [00:04:23<00:11:57,  0.60it/s, loss=0.0266]
Epoch 10:  28%|##........| 161/585 [00:04:29<00:11:49,  0.60it/s, loss=0.0267]
Epoch 10:  28%|##........| 164/585 [00:04:35<00:11:46,  0.60it/s, loss=0.0268]
Epoch 10:  29%|##........| 167/585 [00:04:40<00:11:41,  0.60it/s, loss=0.0267]
Epoch 10:  29%|##........| 171/585 [00:04:46<00:11:33,  0.60it/s, loss=0.0267]
Epoch 10:  30%|##........| 175/585 [00:04:52<00:11:26,  0.60it/s, loss=0.0267]
Epoch 10:  30%|###.......| 178/585 [00:04:57<00:11:21,  0.60it/s, loss=0.0267]
Epoch 10:  31%|###.......| 182/585 [00:05:04<00:11:13,  0.60it/s, loss=0.0267]
Epoch 10:  32%|###.......| 185/585 [00:05:09<00:11:08,  0.60it/s, loss=0.0267]
Epoch 10:  32%|###.......| 188/585 [00:05:14<00:11:04,  0.60it/s, loss=0.0269]
Epoch 10:  33%|###.......| 191/585 [00:05:20<00:11:00,  0.60it/s, loss=0.0269]
Epoch 10:  33%|###.......| 195/585 [00:05:26<00:10:53,  0.60it/s, loss=0.0270]
Epoch 10:  34%|###.......| 199/585 [00:05:33<00:10:46,  0.60it/s, loss=0.0270]
Epoch 10:  35%|###.......| 202/585 [00:05:38<00:10:41,  0.60it/s, loss=0.0270]
Epoch 10:  35%|###.......| 206/585 [00:05:45<00:10:35,  0.60it/s, loss=0.0269]
Epoch 10:  36%|###.......| 210/585 [00:05:51<00:10:28,  0.60it/s, loss=0.0269]
Epoch 10:  36%|###.......| 213/585 [00:05:57<00:10:24,  0.60it/s, loss=0.0270]
Epoch 10:  37%|###.......| 217/585 [00:06:03<00:10:17,  0.60it/s, loss=0.0270]
Epoch 10:  38%|###.......| 220/585 [00:06:09<00:10:12,  0.60it/s, loss=0.0270]
Epoch 10:  38%|###.......| 223/585 [00:06:14<00:10:08,  0.60it/s, loss=0.0269]
Epoch 10:  39%|###.......| 227/585 [00:06:21<00:10:01,  0.60it/s, loss=0.0269]
Epoch 10:  39%|###.......| 231/585 [00:06:28<00:09:55,  0.59it/s, loss=0.0270]
Epoch 10:  40%|####......| 234/585 [00:06:34<00:09:51,  0.59it/s, loss=0.0270]
Epoch 10:  41%|####......| 238/585 [00:06:40<00:09:44,  0.59it/s, loss=0.0269]
Epoch 10:  41%|####......| 242/585 [00:06:47<00:09:37,  0.59it/s, loss=0.0269]
Epoch 10:  42%|####......| 246/585 [00:06:53<00:09:29,  0.60it/s, loss=0.0269]
Epoch 10:  43%|####......| 250/585 [00:07:00<00:09:22,  0.60it/s, loss=0.0268]
Epoch 10:  43%|####......| 254/585 [00:07:06<00:09:15,  0.60it/s, loss=0.0268]
Epoch 10:  44%|####......| 258/585 [00:07:12<00:09:08,  0.60it/s, loss=0.0268]
Epoch 10:  45%|####......| 261/585 [00:07:18<00:09:03,  0.60it/s, loss=0.0268]
Epoch 10:  45%|####......| 265/585 [00:07:24<00:08:56,  0.60it/s, loss=0.0268]
Epoch 10:  46%|####......| 269/585 [00:07:30<00:08:49,  0.60it/s, loss=0.0268]
Epoch 10:  47%|####......| 273/585 [00:07:37<00:08:42,  0.60it/s, loss=0.0268]
Epoch 10:  47%|####......| 277/585 [00:07:43<00:08:35,  0.60it/s, loss=0.0267]
Epoch 10:  48%|####......| 280/585 [00:07:48<00:08:30,  0.60it/s, loss=0.0268]
Epoch 10:  49%|####......| 284/585 [00:07:54<00:08:23,  0.60it/s, loss=0.0267]
Epoch 10:  49%|####......| 287/585 [00:08:00<00:08:18,  0.60it/s, loss=0.0267]
Epoch 10:  50%|####......| 291/585 [00:08:08<00:08:13,  0.60it/s, loss=0.0266]
Epoch 10:  50%|#####.....| 294/585 [00:08:13<00:08:08,  0.60it/s, loss=0.0266]
Epoch 10:  51%|#####.....| 297/585 [00:08:18<00:08:03,  0.60it/s, loss=0.0267]
Epoch 10:  51%|#####.....| 300/585 [00:08:23<00:07:58,  0.60it/s, loss=0.0268]
Epoch 10:  52%|#####.....| 303/585 [00:08:29<00:07:54,  0.59it/s, loss=0.0269]
Epoch 10:  52%|#####.....| 307/585 [00:08:35<00:07:47,  0.60it/s, loss=0.0268]
Epoch 10:  53%|#####.....| 311/585 [00:08:43<00:07:41,  0.59it/s, loss=0.0268]
Epoch 10:  54%|#####.....| 314/585 [00:08:48<00:07:36,  0.59it/s, loss=0.0268]
Epoch 10:  54%|#####.....| 318/585 [00:08:55<00:07:29,  0.59it/s, loss=0.0268]
Epoch 10:  55%|#####.....| 322/585 [00:09:02<00:07:22,  0.59it/s, loss=0.0268]
Epoch 10:  56%|#####.....| 326/585 [00:09:08<00:07:15,  0.59it/s, loss=0.0268]
Epoch 10:  56%|#####.....| 330/585 [00:09:14<00:07:08,  0.60it/s, loss=0.0268]
Epoch 10:  57%|#####.....| 334/585 [00:09:21<00:07:01,  0.60it/s, loss=0.0268]
Epoch 10:  58%|#####.....| 337/585 [00:09:26<00:06:56,  0.59it/s, loss=0.0268]
Epoch 10:  58%|#####.....| 341/585 [00:09:32<00:06:49,  0.60it/s, loss=0.0268]
Epoch 10:  59%|#####.....| 345/585 [00:09:38<00:06:42,  0.60it/s, loss=0.0267]
Epoch 10:  59%|#####.....| 348/585 [00:09:43<00:06:37,  0.60it/s, loss=0.0267]
Epoch 10:  60%|######....| 352/585 [00:09:49<00:06:30,  0.60it/s, loss=0.0268]
Epoch 10:  61%|######....| 355/585 [00:09:54<00:06:25,  0.60it/s, loss=0.0268]
Epoch 10:  61%|######....| 358/585 [00:10:00<00:06:20,  0.60it/s, loss=0.0268]
Epoch 10:  62%|######....| 362/585 [00:10:06<00:06:13,  0.60it/s, loss=0.0268]
Epoch 10:  63%|######....| 366/585 [00:10:13<00:06:06,  0.60it/s, loss=0.0269]
Epoch 10:  63%|######....| 369/585 [00:10:18<00:06:01,  0.60it/s, loss=0.0268]
Epoch 10:  64%|######....| 373/585 [00:10:24<00:05:54,  0.60it/s, loss=0.0268]
Epoch 10:  64%|######....| 376/585 [00:10:29<00:05:50,  0.60it/s, loss=0.0268]
Epoch 10:  65%|######....| 379/585 [00:10:34<00:05:45,  0.60it/s, loss=0.0268]
Epoch 10:  65%|######....| 383/585 [00:10:41<00:05:38,  0.60it/s, loss=0.0268]
Epoch 10:  66%|######....| 386/585 [00:10:46<00:05:33,  0.60it/s, loss=0.0268]
Epoch 10:  66%|######....| 389/585 [00:10:51<00:05:28,  0.60it/s, loss=0.0267]
Epoch 10:  67%|######....| 392/585 [00:10:56<00:05:23,  0.60it/s, loss=0.0267]
Epoch 10:  68%|######....| 396/585 [00:11:03<00:05:16,  0.60it/s, loss=0.0268]
Epoch 10:  68%|######....| 399/585 [00:11:08<00:05:11,  0.60it/s, loss=0.0268]
Epoch 10:  69%|######....| 403/585 [00:11:14<00:05:04,  0.60it/s, loss=0.0268]
Epoch 10:  70%|######....| 407/585 [00:11:21<00:04:58,  0.60it/s, loss=0.0267]
Epoch 10:  70%|#######...| 411/585 [00:11:27<00:04:51,  0.60it/s, loss=0.0267]
Epoch 10:  71%|#######...| 414/585 [00:11:32<00:04:46,  0.60it/s, loss=0.0268]
Epoch 10:  71%|#######...| 418/585 [00:11:39<00:04:39,  0.60it/s, loss=0.0268]
Epoch 10:  72%|#######...| 421/585 [00:11:44<00:04:34,  0.60it/s, loss=0.0268]
Epoch 10:  72%|#######...| 424/585 [00:11:50<00:04:29,  0.60it/s, loss=0.0268]
Epoch 10:  73%|#######...| 427/585 [00:11:55<00:04:24,  0.60it/s, loss=0.0268]
Epoch 10:  74%|#######...| 431/585 [00:12:02<00:04:18,  0.60it/s, loss=0.0268]
Epoch 10:  74%|#######...| 435/585 [00:12:08<00:04:11,  0.60it/s, loss=0.0268]
Epoch 10:  75%|#######...| 438/585 [00:12:14<00:04:06,  0.60it/s, loss=0.0267]
Epoch 10:  76%|#######...| 442/585 [00:12:20<00:03:59,  0.60it/s, loss=0.0267]
Epoch 10:  76%|#######...| 445/585 [00:12:26<00:03:54,  0.60it/s, loss=0.0268]
Epoch 10:  77%|#######...| 449/585 [00:12:32<00:03:47,  0.60it/s, loss=0.0268]
Epoch 10:  77%|#######...| 453/585 [00:12:39<00:03:41,  0.60it/s, loss=0.0268]
Epoch 10:  78%|#######...| 456/585 [00:12:44<00:03:36,  0.60it/s, loss=0.0268]
Epoch 10:  79%|#######...| 460/585 [00:12:51<00:03:29,  0.60it/s, loss=0.0269]
Epoch 10:  79%|#######...| 463/585 [00:12:56<00:03:24,  0.60it/s, loss=0.0268]
Epoch 10:  80%|#######...| 466/585 [00:13:02<00:03:19,  0.60it/s, loss=0.0269]
Epoch 10:  80%|########..| 469/585 [00:13:07<00:03:14,  0.60it/s, loss=0.0268]
Epoch 10:  81%|########..| 473/585 [00:13:13<00:03:07,  0.60it/s, loss=0.0268]
Epoch 10:  82%|########..| 477/585 [00:13:19<00:03:01,  0.60it/s, loss=0.0268]
Epoch 10:  82%|########..| 481/585 [00:13:26<00:02:54,  0.60it/s, loss=0.0269]
Epoch 10:  83%|########..| 484/585 [00:13:31<00:02:49,  0.60it/s, loss=0.0269]
Epoch 10:  83%|########..| 488/585 [00:13:38<00:02:42,  0.60it/s, loss=0.0269]
Epoch 10:  84%|########..| 491/585 [00:13:43<00:02:37,  0.60it/s, loss=0.0269]
Epoch 10:  85%|########..| 495/585 [00:13:50<00:02:30,  0.60it/s, loss=0.0269]
Epoch 10:  85%|########..| 499/585 [00:13:56<00:02:24,  0.60it/s, loss=0.0269]
Epoch 10:  86%|########..| 503/585 [00:14:03<00:02:17,  0.60it/s, loss=0.0269]
Epoch 10:  87%|########..| 507/585 [00:14:09<00:02:10,  0.60it/s, loss=0.0268]
Epoch 10:  87%|########..| 511/585 [00:14:15<00:02:03,  0.60it/s, loss=0.0268]
Epoch 10:  88%|########..| 515/585 [00:14:21<00:01:57,  0.60it/s, loss=0.0268]
Epoch 10:  89%|########..| 518/585 [00:14:27<00:01:52,  0.60it/s, loss=0.0269]
Epoch 10:  89%|########..| 522/585 [00:14:33<00:01:45,  0.60it/s, loss=0.0270]
Epoch 10:  90%|########..| 526/585 [00:14:39<00:01:38,  0.60it/s, loss=0.0271]
Epoch 10:  90%|#########.| 529/585 [00:14:44<00:01:33,  0.60it/s, loss=0.0271]
Epoch 10:  91%|#########.| 533/585 [00:14:51<00:01:26,  0.60it/s, loss=0.0271]
Epoch 10:  92%|#########.| 536/585 [00:14:56<00:01:21,  0.60it/s, loss=0.0271]
Epoch 10:  92%|#########.| 539/585 [00:15:02<00:01:17,  0.60it/s, loss=0.0272]
Epoch 10:  93%|#########.| 542/585 [00:15:08<00:01:12,  0.60it/s, loss=0.0273]
Epoch 10:  93%|#########.| 546/585 [00:15:14<00:01:05,  0.60it/s, loss=0.0273]
Epoch 10:  94%|#########.| 549/585 [00:15:19<00:01:00,  0.60it/s, loss=0.0273]
Epoch 10:  95%|#########.| 553/585 [00:15:26<00:00:53,  0.60it/s, loss=0.0273]
Epoch 10:  95%|#########.| 556/585 [00:15:31<00:00:48,  0.60it/s, loss=0.0273]
Epoch 10:  96%|#########.| 559/585 [00:15:37<00:00:43,  0.60it/s, loss=0.0273]
Epoch 10:  96%|#########.| 562/585 [00:15:42<00:00:38,  0.60it/s, loss=0.0273]
Epoch 10:  97%|#########.| 566/585 [00:15:48<00:00:31,  0.60it/s, loss=0.0273]
Epoch 10:  97%|#########.| 569/585 [00:15:54<00:00:26,  0.60it/s, loss=0.0272]
Epoch 10:  98%|#########.| 573/585 [00:16:01<00:00:20,  0.60it/s, loss=0.0272]
Epoch 10:  99%|#########.| 577/585 [00:16:07<00:00:13,  0.60it/s, loss=0.0272]
Epoch 10:  99%|#########.| 580/585 [00:16:12<00:00:08,  0.60it/s, loss=0.0272]
Epoch 10: 100%|#########.| 584/585 [00:16:19<00:00:01,  0.60it/s, loss=0.0272]
Epoch 10: 100%|##########| 585/585 [00:16:21<00:00:00,  0.60it/s, loss=0.0272]
Test loss: 0.0262, Test rmsae: 9.04deg
{"event": "epoch_complete", "epoch": 10, "phase": 1, "lr": 0.0001, "batch_size": 1, "micro_batch_size": 1, "train_loss": 0.02721519647245733, "val_loss": 0.026188093150267377, "val_rmsae_deg": 9.03807419538498, "epoch_time_s": 982.2542361010564}
{"event": "checkpoint_saved", "tag": "best_rmsae", "epoch": 10, "path": "IFAN_Edge/outputs/stage3/ifan_stage3_long80_c8_r2_map_maba_20260516_154535/checkpoints/best_rmsae.pt", "val_rmsae_deg": 9.03807419538498}
{"event": "checkpoint_saved", "tag": "epoch_010", "epoch": 10, "path": "IFAN_Edge/outputs/stage3/ifan_stage3_long80_c8_r2_map_maba_20260516_154535/checkpoints/epoch_010.pt"}
Epoch 11/80:
Epoch 11:   1%|..........| 4/585 [00:00:06<00:15:32,  0.62it/s, loss=0.0240]
Epoch 11:   1%|..........| 8/585 [00:00:12<00:15:19,  0.63it/s, loss=0.0240]
Epoch 11:   2%|..........| 12/585 [00:00:19<00:15:11,  0.63it/s, loss=0.0244]
Epoch 11:   3%|..........| 15/585 [00:00:24<00:15:22,  0.62it/s, loss=0.0253]
Epoch 11:   3%|..........| 18/585 [00:00:29<00:15:29,  0.61it/s, loss=0.0248]
Epoch 11:   4%|..........| 21/585 [00:00:36<00:16:14,  0.58it/s, loss=0.0264]
Epoch 11:   4%|..........| 25/585 [00:00:42<00:16:00,  0.58it/s, loss=0.0263]
Epoch 11:   5%|..........| 28/585 [00:00:48<00:16:04,  0.58it/s, loss=0.0264]
Epoch 11:   5%|..........| 32/585 [00:00:54<00:15:44,  0.59it/s, loss=0.0264]
Epoch 11:   6%|..........| 35/585 [00:00:59<00:15:40,  0.58it/s, loss=0.0262]
Epoch 11:   7%|..........| 39/585 [00:01:06<00:15:27,  0.59it/s, loss=0.0258]
Epoch 11:   7%|..........| 42/585 [00:01:11<00:15:29,  0.58it/s, loss=0.0254]
Epoch 11:   8%|..........| 45/585 [00:01:17<00:15:25,  0.58it/s, loss=0.0253]
Epoch 11:   8%|..........| 48/585 [00:01:22<00:15:20,  0.58it/s, loss=0.0256]
Epoch 11:   9%|..........| 52/585 [00:01:28<00:15:07,  0.59it/s, loss=0.0253]
Epoch 11:  10%|..........| 56/585 [00:01:35<00:15:01,  0.59it/s, loss=0.0253]
Epoch 11:  10%|#.........| 60/585 [00:01:42<00:14:54,  0.59it/s, loss=0.0259]
Epoch 11:  11%|#.........| 63/585 [00:01:47<00:14:49,  0.59it/s, loss=0.0262]
Epoch 11:  11%|#.........| 67/585 [00:01:53<00:14:38,  0.59it/s, loss=0.0263]
Epoch 11:  12%|#.........| 70/585 [00:01:58<00:14:33,  0.59it/s, loss=0.0261]
Epoch 11:  13%|#.........| 74/585 [00:02:04<00:14:21,  0.59it/s, loss=0.0261]
Epoch 11:  13%|#.........| 78/585 [00:02:10<00:14:11,  0.60it/s, loss=0.0266]
Epoch 11:  14%|#.........| 81/585 [00:02:16<00:14:08,  0.59it/s, loss=0.0266]
Epoch 11:  15%|#.........| 85/585 [00:02:25<00:14:13,  0.59it/s, loss=0.0267]
Epoch 11:  15%|#.........| 89/585 [00:02:31<00:14:04,  0.59it/s, loss=0.0267]
Epoch 11:  16%|#.........| 93/585 [00:02:38<00:13:58,  0.59it/s, loss=0.0265]
Epoch 11:  16%|#.........| 96/585 [00:02:44<00:13:59,  0.58it/s, loss=0.0264]
Epoch 11:  17%|#.........| 99/585 [00:02:50<00:13:55,  0.58it/s, loss=0.0265]
Epoch 11:  18%|#.........| 103/585 [00:02:56<00:13:46,  0.58it/s, loss=0.0262]
Epoch 11:  18%|#.........| 107/585 [00:03:03<00:13:39,  0.58it/s, loss=0.0261]
Epoch 11:  19%|#.........| 110/585 [00:03:08<00:13:35,  0.58it/s, loss=0.0262]
Epoch 11:  19%|#.........| 113/585 [00:03:13<00:13:30,  0.58it/s, loss=0.0261]
Epoch 11:  20%|##........| 117/585 [00:03:20<00:13:20,  0.58it/s, loss=0.0262]
Epoch 11:  21%|##........| 121/585 [00:03:26<00:13:12,  0.59it/s, loss=0.0264]
Epoch 11:  21%|##........| 125/585 [00:03:32<00:13:02,  0.59it/s, loss=0.0263]
Epoch 11:  22%|##........| 129/585 [00:03:39<00:12:54,  0.59it/s, loss=0.0264]
Epoch 11:  23%|##........| 133/585 [00:03:45<00:12:45,  0.59it/s, loss=0.0263]
Epoch 11:  23%|##........| 137/585 [00:03:52<00:12:40,  0.59it/s, loss=0.0263]
Epoch 11:  24%|##........| 140/585 [00:03:58<00:12:37,  0.59it/s, loss=0.0267]
Epoch 11:  24%|##........| 143/585 [00:04:03<00:12:32,  0.59it/s, loss=0.0267]
Epoch 11:  25%|##........| 147/585 [00:04:09<00:12:22,  0.59it/s, loss=0.0266]
Epoch 11:  26%|##........| 151/585 [00:04:15<00:12:13,  0.59it/s, loss=0.0265]
Epoch 11:  26%|##........| 155/585 [00:04:21<00:12:06,  0.59it/s, loss=0.0266]
Epoch 11:  27%|##........| 158/585 [00:04:26<00:12:01,  0.59it/s, loss=0.0266]
Epoch 11:  28%|##........| 161/585 [00:04:32<00:11:56,  0.59it/s, loss=0.0266]
Epoch 11:  28%|##........| 164/585 [00:04:37<00:11:51,  0.59it/s, loss=0.0266]
Epoch 11:  29%|##........| 168/585 [00:04:43<00:11:43,  0.59it/s, loss=0.0266]
Epoch 11:  29%|##........| 172/585 [00:04:49<00:11:35,  0.59it/s, loss=0.0266]
Epoch 11:  30%|###.......| 176/585 [00:04:55<00:11:27,  0.59it/s, loss=0.0266]
Epoch 11:  31%|###.......| 180/585 [00:05:02<00:11:20,  0.60it/s, loss=0.0265]
Epoch 11:  31%|###.......| 184/585 [00:05:08<00:11:13,  0.60it/s, loss=0.0266]
Epoch 11:  32%|###.......| 188/585 [00:05:15<00:11:05,  0.60it/s, loss=0.0265]
Epoch 11:  33%|###.......| 191/585 [00:05:21<00:11:02,  0.59it/s, loss=0.0266]
Epoch 11:  33%|###.......| 195/585 [00:05:27<00:10:54,  0.60it/s, loss=0.0265]
Epoch 11:  34%|###.......| 199/585 [00:05:33<00:10:47,  0.60it/s, loss=0.0266]
Epoch 11:  35%|###.......| 203/585 [00:05:39<00:10:39,  0.60it/s, loss=0.0266]
Epoch 11:  35%|###.......| 207/585 [00:05:45<00:10:31,  0.60it/s, loss=0.0265]
Epoch 11:  36%|###.......| 210/585 [00:05:50<00:10:26,  0.60it/s, loss=0.0266]
Epoch 11:  37%|###.......| 214/585 [00:05:57<00:10:19,  0.60it/s, loss=0.0266]
Epoch 11:  37%|###.......| 218/585 [00:06:03<00:10:12,  0.60it/s, loss=0.0267]
Epoch 11:  38%|###.......| 221/585 [00:06:08<00:10:07,  0.60it/s, loss=0.0266]
Epoch 11:  38%|###.......| 224/585 [00:06:13<00:10:02,  0.60it/s, loss=0.0267]
Epoch 11:  39%|###.......| 227/585 [00:06:19<00:09:58,  0.60it/s, loss=0.0269]
Epoch 11:  39%|###.......| 230/585 [00:06:25<00:09:54,  0.60it/s, loss=0.0269]
Epoch 11:  40%|###.......| 233/585 [00:06:30<00:09:50,  0.60it/s, loss=0.0269]
Epoch 11:  41%|####......| 237/585 [00:06:37<00:09:42,  0.60it/s, loss=0.0268]
Epoch 11:  41%|####......| 241/585 [00:06:43<00:09:35,  0.60it/s, loss=0.0267]
Epoch 11:  42%|####......| 245/585 [00:06:49<00:09:28,  0.60it/s, loss=0.0266]
Epoch 11:  43%|####......| 249/585 [00:06:55<00:09:21,  0.60it/s, loss=0.0266]
Epoch 11:  43%|####......| 253/585 [00:07:02<00:09:14,  0.60it/s, loss=0.0266]
Epoch 11:  44%|####......| 256/585 [00:07:07<00:09:09,  0.60it/s, loss=0.0266]
Epoch 11:  44%|####......| 259/585 [00:07:12<00:09:04,  0.60it/s, loss=0.0265]
Epoch 11:  45%|####......| 262/585 [00:07:19<00:09:01,  0.60it/s, loss=0.0266]
Epoch 11:  45%|####......| 266/585 [00:07:25<00:08:53,  0.60it/s, loss=0.0265]
Epoch 11:  46%|####......| 269/585 [00:07:30<00:08:49,  0.60it/s, loss=0.0265]
Epoch 11:  46%|####......| 272/585 [00:07:35<00:08:44,  0.60it/s, loss=0.0265]
Epoch 11:  47%|####......| 275/585 [00:07:40<00:08:39,  0.60it/s, loss=0.0265]
Epoch 11:  48%|####......| 279/585 [00:07:48<00:08:33,  0.60it/s, loss=0.0265]
Epoch 11:  48%|####......| 283/585 [00:07:54<00:08:26,  0.60it/s, loss=0.0265]
Epoch 11:  49%|####......| 286/585 [00:08:00<00:08:21,  0.60it/s, loss=0.0267]
Epoch 11:  50%|####......| 290/585 [00:08:06<00:08:14,  0.60it/s, loss=0.0267]
Epoch 11:  50%|#####.....| 293/585 [00:08:11<00:08:09,  0.60it/s, loss=0.0267]
Epoch 11:  51%|#####.....| 296/585 [00:08:16<00:08:05,  0.60it/s, loss=0.0267]
Epoch 11:  51%|#####.....| 299/585 [00:08:21<00:08:00,  0.60it/s, loss=0.0267]
Epoch 11:  52%|#####.....| 302/585 [00:08:27<00:07:55,  0.60it/s, loss=0.0267]
Epoch 11:  52%|#####.....| 306/585 [00:08:34<00:07:48,  0.60it/s, loss=0.0267]
Epoch 11:  53%|#####.....| 310/585 [00:08:41<00:07:42,  0.59it/s, loss=0.0267]
Epoch 11:  54%|#####.....| 313/585 [00:08:46<00:07:37,  0.59it/s, loss=0.0267]
Epoch 11:  54%|#####.....| 317/585 [00:08:52<00:07:29,  0.60it/s, loss=0.0267]
Epoch 11:  55%|#####.....| 321/585 [00:08:58<00:07:22,  0.60it/s, loss=0.0267]
Epoch 11:  56%|#####.....| 325/585 [00:09:04<00:07:15,  0.60it/s, loss=0.0267]
Epoch 11:  56%|#####.....| 328/585 [00:09:09<00:07:10,  0.60it/s, loss=0.0266]
Epoch 11:  57%|#####.....| 331/585 [00:09:16<00:07:06,  0.60it/s, loss=0.0267]
Epoch 11:  57%|#####.....| 334/585 [00:09:21<00:07:01,  0.59it/s, loss=0.0267]
Epoch 11:  58%|#####.....| 338/585 [00:09:27<00:06:55,  0.60it/s, loss=0.0266]
Epoch 11:  58%|#####.....| 341/585 [00:09:33<00:06:50,  0.59it/s, loss=0.0267]
Epoch 11:  59%|#####.....| 344/585 [00:09:38<00:06:45,  0.59it/s, loss=0.0267]
Epoch 11:  59%|#####.....| 348/585 [00:09:45<00:06:38,  0.59it/s, loss=0.0267]
Epoch 11:  60%|######....| 351/585 [00:09:50<00:06:33,  0.59it/s, loss=0.0267]
Epoch 11:  61%|######....| 355/585 [00:09:57<00:06:27,  0.59it/s, loss=0.0267]
Epoch 11:  61%|######....| 358/585 [00:10:02<00:06:21,  0.59it/s, loss=0.0267]
Epoch 11:  62%|######....| 362/585 [00:10:08<00:06:14,  0.59it/s, loss=0.0267]
Epoch 11:  62%|######....| 365/585 [00:10:13<00:06:09,  0.59it/s, loss=0.0267]
Epoch 11:  63%|######....| 369/585 [00:10:20<00:06:02,  0.60it/s, loss=0.0266]
Epoch 11:  64%|######....| 372/585 [00:10:25<00:05:58,  0.59it/s, loss=0.0266]
Epoch 11:  64%|######....| 375/585 [00:10:30<00:05:53,  0.59it/s, loss=0.0266]
Epoch 11:  65%|######....| 379/585 [00:10:36<00:05:46,  0.60it/s, loss=0.0265]
Epoch 11:  65%|######....| 382/585 [00:10:42<00:05:41,  0.59it/s, loss=0.0266]
Epoch 11:  66%|######....| 385/585 [00:10:48<00:05:36,  0.59it/s, loss=0.0265]
Epoch 11:  66%|######....| 389/585 [00:10:54<00:05:29,  0.59it/s, loss=0.0265]
Epoch 11:  67%|######....| 392/585 [00:11:00<00:05:25,  0.59it/s, loss=0.0266]
Epoch 11:  68%|######....| 396/585 [00:11:06<00:05:18,  0.59it/s, loss=0.0266]
Epoch 11:  68%|######....| 400/585 [00:11:12<00:05:11,  0.59it/s, loss=0.0266]
Epoch 11:  69%|######....| 404/585 [00:11:18<00:05:03,  0.60it/s, loss=0.0266]
Epoch 11:  70%|######....| 408/585 [00:11:24<00:04:56,  0.60it/s, loss=0.0265]
Epoch 11:  70%|#######...| 412/585 [00:11:30<00:04:49,  0.60it/s, loss=0.0265]
Epoch 11:  71%|#######...| 416/585 [00:11:36<00:04:42,  0.60it/s, loss=0.0265]
Epoch 11:  72%|#######...| 419/585 [00:11:41<00:04:37,  0.60it/s, loss=0.0265]
Epoch 11:  72%|#######...| 423/585 [00:11:47<00:04:31,  0.60it/s, loss=0.0265]
Epoch 11:  73%|#######...| 427/585 [00:11:54<00:04:24,  0.60it/s, loss=0.0265]
Epoch 11:  74%|#######...| 431/585 [00:12:01<00:04:17,  0.60it/s, loss=0.0265]
Epoch 11:  74%|#######...| 435/585 [00:12:07<00:04:10,  0.60it/s, loss=0.0265]
Epoch 11:  75%|#######...| 439/585 [00:12:13<00:04:03,  0.60it/s, loss=0.0265]
Epoch 11:  76%|#######...| 442/585 [00:12:20<00:03:59,  0.60it/s, loss=0.0266]
Epoch 11:  76%|#######...| 445/585 [00:12:25<00:03:54,  0.60it/s, loss=0.0266]
Epoch 11:  77%|#######...| 449/585 [00:12:31<00:03:47,  0.60it/s, loss=0.0266]
Epoch 11:  77%|#######...| 453/585 [00:12:38<00:03:40,  0.60it/s, loss=0.0266]
Epoch 11:  78%|#######...| 457/585 [00:12:44<00:03:34,  0.60it/s, loss=0.0266]
Epoch 11:  79%|#######...| 460/585 [00:12:50<00:03:29,  0.60it/s, loss=0.0267]
Epoch 11:  79%|#######...| 464/585 [00:12:56<00:03:22,  0.60it/s, loss=0.0267]
Epoch 11:  80%|#######...| 467/585 [00:13:01<00:03:17,  0.60it/s, loss=0.0266]
Epoch 11:  80%|########..| 470/585 [00:13:08<00:03:12,  0.60it/s, loss=0.0266]
Epoch 11:  81%|########..| 474/585 [00:13:14<00:03:06,  0.60it/s, loss=0.0267]
Epoch 11:  82%|########..| 477/585 [00:13:19<00:03:01,  0.60it/s, loss=0.0266]
Epoch 11:  82%|########..| 481/585 [00:13:26<00:02:54,  0.60it/s, loss=0.0267]
Epoch 11:  83%|########..| 484/585 [00:13:32<00:02:49,  0.60it/s, loss=0.0267]
Epoch 11:  83%|########..| 487/585 [00:13:38<00:02:44,  0.60it/s, loss=0.0267]
Epoch 11:  84%|########..| 490/585 [00:13:43<00:02:39,  0.60it/s, loss=0.0267]
Epoch 11:  84%|########..| 494/585 [00:13:49<00:02:32,  0.60it/s, loss=0.0267]
Epoch 11:  85%|########..| 498/585 [00:13:56<00:02:26,  0.60it/s, loss=0.0267]
Epoch 11:  86%|########..| 501/585 [00:14:01<00:02:21,  0.60it/s, loss=0.0266]
Epoch 11:  86%|########..| 504/585 [00:14:06<00:02:16,  0.60it/s, loss=0.0266]
Epoch 11:  87%|########..| 507/585 [00:14:12<00:02:11,  0.59it/s, loss=0.0266]
Epoch 11:  87%|########..| 511/585 [00:14:18<00:02:04,  0.60it/s, loss=0.0266]
Epoch 11:  88%|########..| 515/585 [00:14:24<00:01:57,  0.60it/s, loss=0.0266]
Epoch 11:  89%|########..| 518/585 [00:14:30<00:01:52,  0.60it/s, loss=0.0267]
Epoch 11:  89%|########..| 522/585 [00:14:36<00:01:45,  0.60it/s, loss=0.0267]
Epoch 11:  90%|########..| 526/585 [00:14:42<00:01:38,  0.60it/s, loss=0.0266]
Epoch 11:  91%|#########.| 530/585 [00:14:48<00:01:32,  0.60it/s, loss=0.0266]
Epoch 11:  91%|#########.| 534/585 [00:14:54<00:01:25,  0.60it/s, loss=0.0266]
Epoch 11:  92%|#########.| 538/585 [00:15:01<00:01:18,  0.60it/s, loss=0.0266]
Epoch 11:  92%|#########.| 541/585 [00:15:06<00:01:13,  0.60it/s, loss=0.0266]
Epoch 11:  93%|#########.| 545/585 [00:15:12<00:01:06,  0.60it/s, loss=0.0266]
Epoch 11:  94%|#########.| 549/585 [00:15:18<00:01:00,  0.60it/s, loss=0.0266]
Epoch 11:  95%|#########.| 553/585 [00:15:24<00:00:53,  0.60it/s, loss=0.0266]
Epoch 11:  95%|#########.| 556/585 [00:15:29<00:00:48,  0.60it/s, loss=0.0267]
Epoch 11:  96%|#########.| 560/585 [00:15:36<00:00:41,  0.60it/s, loss=0.0266]
Epoch 11:  96%|#########.| 563/585 [00:15:41<00:00:36,  0.60it/s, loss=0.0266]
Epoch 11:  97%|#########.| 566/585 [00:15:47<00:00:31,  0.60it/s, loss=0.0266]
Epoch 11:  97%|#########.| 569/585 [00:15:54<00:00:26,  0.60it/s, loss=0.0266]
Epoch 11:  98%|#########.| 573/585 [00:16:00<00:00:20,  0.60it/s, loss=0.0266]
Epoch 11:  98%|#########.| 576/585 [00:16:05<00:00:15,  0.60it/s, loss=0.0266]
Epoch 11:  99%|#########.| 579/585 [00:16:11<00:00:10,  0.60it/s, loss=0.0266]
Epoch 11: 100%|#########.| 583/585 [00:16:18<00:00:03,  0.60it/s, loss=0.0266]
Epoch 11: 100%|##########| 585/585 [00:16:21<00:00:00,  0.60it/s, loss=0.0266]
Test loss: 0.0247, Test rmsae: 8.68deg
{"event": "epoch_complete", "epoch": 11, "phase": 1, "lr": 0.0001, "batch_size": 1, "micro_batch_size": 1, "train_loss": 0.026579629255729355, "val_loss": 0.024715710780583322, "val_rmsae_deg": 8.67564694583416, "epoch_time_s": 982.1243854489876}
{"event": "checkpoint_saved", "tag": "best_rmsae", "epoch": 11, "path": "IFAN_Edge/outputs/stage3/ifan_stage3_long80_c8_r2_map_maba_20260516_154535/checkpoints/best_rmsae.pt", "val_rmsae_deg": 8.67564694583416}
Epoch 12/80:
Epoch 12:   1%|..........| 3/585 [00:00:05<00:18:29,  0.52it/s, loss=0.0245]
Epoch 12:   1%|..........| 6/585 [00:00:11<00:17:51,  0.54it/s, loss=0.0246]
Epoch 12:   2%|..........| 10/585 [00:00:17<00:16:46,  0.57it/s, loss=0.0245]
Epoch 12:   2%|..........| 13/585 [00:00:22<00:16:40,  0.57it/s, loss=0.0240]
Epoch 12:   3%|..........| 16/585 [00:00:28<00:16:43,  0.57it/s, loss=0.0242]
Epoch 12:   3%|..........| 20/585 [00:00:35<00:16:28,  0.57it/s, loss=0.0244]
Epoch 12:   4%|..........| 24/585 [00:00:41<00:16:19,  0.57it/s, loss=0.0249]
Epoch 12:   5%|..........| 27/585 [00:00:47<00:16:21,  0.57it/s, loss=0.0282]
Epoch 12:   5%|..........| 30/585 [00:00:52<00:16:13,  0.57it/s, loss=0.0286]
Epoch 12:   6%|..........| 34/585 [00:00:59<00:16:08,  0.57it/s, loss=0.0284]
Epoch 12:   6%|..........| 38/585 [00:01:06<00:15:57,  0.57it/s, loss=0.0282]
Epoch 12:   7%|..........| 41/585 [00:01:12<00:15:58,  0.57it/s, loss=0.0286]
Epoch 12:   8%|..........| 45/585 [00:01:18<00:15:44,  0.57it/s, loss=0.0281]
Epoch 12:   8%|..........| 49/585 [00:01:26<00:15:43,  0.57it/s, loss=0.0283]
Epoch 12:   9%|..........| 53/585 [00:01:32<00:15:30,  0.57it/s, loss=0.0279]
Epoch 12:  10%|..........| 57/585 [00:01:38<00:15:13,  0.58it/s, loss=0.0280]
Epoch 12:  10%|#.........| 61/585 [00:01:44<00:15:00,  0.58it/s, loss=0.0279]
Epoch 12:  11%|#.........| 65/585 [00:01:51<00:14:48,  0.59it/s, loss=0.0275]
Epoch 12:  12%|#.........| 68/585 [00:01:57<00:14:50,  0.58it/s, loss=0.0272]
Epoch 12:  12%|#.........| 72/585 [00:02:03<00:14:40,  0.58it/s, loss=0.0270]
Epoch 12:  13%|#.........| 75/585 [00:02:09<00:14:38,  0.58it/s, loss=0.0271]
Epoch 12:  13%|#.........| 78/585 [00:02:14<00:14:32,  0.58it/s, loss=0.0270]
Epoch 12:  14%|#.........| 81/585 [00:02:19<00:14:27,  0.58it/s, loss=0.0269]
Epoch 12:  14%|#.........| 84/585 [00:02:25<00:14:25,  0.58it/s, loss=0.0269]
Epoch 12:  15%|#.........| 88/585 [00:02:31<00:14:13,  0.58it/s, loss=0.0269]
Epoch 12:  16%|#.........| 91/585 [00:02:36<00:14:07,  0.58it/s, loss=0.0268]
Epoch 12:  16%|#.........| 95/585 [00:02:42<00:13:58,  0.58it/s, loss=0.0268]
Epoch 12:  17%|#.........| 99/585 [00:02:48<00:13:49,  0.59it/s, loss=0.0267]
Epoch 12:  18%|#.........| 103/585 [00:02:54<00:13:37,  0.59it/s, loss=0.0266]
Epoch 12:  18%|#.........| 107/585 [00:03:00<00:13:28,  0.59it/s, loss=0.0265]
Epoch 12:  19%|#.........| 111/585 [00:03:07<00:13:21,  0.59it/s, loss=0.0264]
Epoch 12:  19%|#.........| 114/585 [00:03:13<00:13:18,  0.59it/s, loss=0.0263]
Epoch 12:  20%|##........| 118/585 [00:03:19<00:13:09,  0.59it/s, loss=0.0261]
Epoch 12:  21%|##........| 121/585 [00:03:25<00:13:07,  0.59it/s, loss=0.0261]
Epoch 12:  21%|##........| 124/585 [00:03:30<00:13:02,  0.59it/s, loss=0.0261]
Epoch 12:  22%|##........| 127/585 [00:03:35<00:12:57,  0.59it/s, loss=0.0261]
Epoch 12:  22%|##........| 131/585 [00:03:42<00:12:49,  0.59it/s, loss=0.0262]
Epoch 12:  23%|##........| 135/585 [00:03:48<00:12:41,  0.59it/s, loss=0.0261]
Epoch 12:  24%|##........| 138/585 [00:03:54<00:12:40,  0.59it/s, loss=0.0264]
Epoch 12:  24%|##........| 142/585 [00:04:01<00:12:32,  0.59it/s, loss=0.0263]
Epoch 12:  25%|##........| 145/585 [00:04:06<00:12:28,  0.59it/s, loss=0.0269]
Epoch 12:  25%|##........| 149/585 [00:04:12<00:12:20,  0.59it/s, loss=0.0269]
Epoch 12:  26%|##........| 153/585 [00:04:20<00:12:15,  0.59it/s, loss=0.0271]
Epoch 12:  27%|##........| 156/585 [00:04:25<00:12:10,  0.59it/s, loss=0.0271]
Epoch 12:  27%|##........| 159/585 [00:04:31<00:12:06,  0.59it/s, loss=0.0279]
Epoch 12:  28%|##........| 163/585 [00:04:37<00:11:59,  0.59it/s, loss=0.0279]
Epoch 12:  29%|##........| 167/585 [00:04:43<00:11:50,  0.59it/s, loss=0.0278]
Epoch 12:  29%|##........| 171/585 [00:04:50<00:11:42,  0.59it/s, loss=0.0279]
Epoch 12:  30%|##........| 174/585 [00:04:55<00:11:37,  0.59it/s, loss=0.0280]
Epoch 12:  30%|###.......| 177/585 [00:05:00<00:11:32,  0.59it/s, loss=0.0280]
Epoch 12:  31%|###.......| 181/585 [00:05:06<00:11:24,  0.59it/s, loss=0.0280]
Epoch 12:  32%|###.......| 185/585 [00:05:13<00:11:17,  0.59it/s, loss=0.0283]
Epoch 12:  32%|###.......| 188/585 [00:05:19<00:11:14,  0.59it/s, loss=0.0284]
Epoch 12:  33%|###.......| 191/585 [00:05:24<00:11:09,  0.59it/s, loss=0.0287]
Epoch 12:  33%|###.......| 194/585 [00:05:29<00:11:04,  0.59it/s, loss=0.0288]
Epoch 12:  34%|###.......| 198/585 [00:05:35<00:10:56,  0.59it/s, loss=0.0289]
Epoch 12:  35%|###.......| 202/585 [00:05:42<00:10:49,  0.59it/s, loss=0.0288]
Epoch 12:  35%|###.......| 206/585 [00:05:48<00:10:41,  0.59it/s, loss=0.0288]
Epoch 12:  36%|###.......| 210/585 [00:05:54<00:10:33,  0.59it/s, loss=0.0287]
Epoch 12:  36%|###.......| 213/585 [00:05:59<00:10:28,  0.59it/s, loss=0.0287]
Epoch 12:  37%|###.......| 216/585 [00:06:05<00:10:24,  0.59it/s, loss=0.0288]
Epoch 12:  38%|###.......| 220/585 [00:06:11<00:10:16,  0.59it/s, loss=0.0286]
Epoch 12:  38%|###.......| 224/585 [00:06:18<00:10:09,  0.59it/s, loss=0.0286]
Epoch 12:  39%|###.......| 228/585 [00:06:24<00:10:01,  0.59it/s, loss=0.0285]
Epoch 12:  40%|###.......| 232/585 [00:06:30<00:09:54,  0.59it/s, loss=0.0285]
Epoch 12:  40%|####......| 235/585 [00:06:36<00:09:49,  0.59it/s, loss=0.0285]
Epoch 12:  41%|####......| 239/585 [00:06:42<00:09:42,  0.59it/s, loss=0.0284]
Epoch 12:  42%|####......| 243/585 [00:06:49<00:09:36,  0.59it/s, loss=0.0286]
Epoch 12:  42%|####......| 246/585 [00:06:54<00:09:31,  0.59it/s, loss=0.0285]
Epoch 12:  43%|####......| 249/585 [00:07:00<00:09:27,  0.59it/s, loss=0.0287]
Epoch 12:  43%|####......| 253/585 [00:07:06<00:09:19,  0.59it/s, loss=0.0286]
Epoch 12:  44%|####......| 256/585 [00:07:12<00:09:15,  0.59it/s, loss=0.0286]
Epoch 12:  44%|####......| 260/585 [00:07:18<00:09:07,  0.59it/s, loss=0.0285]
Epoch 12:  45%|####......| 263/585 [00:07:23<00:09:02,  0.59it/s, loss=0.0285]
Epoch 12:  46%|####......| 267/585 [00:07:30<00:08:56,  0.59it/s, loss=0.0286]
Epoch 12:  46%|####......| 271/585 [00:07:36<00:08:49,  0.59it/s, loss=0.0286]
Epoch 12:  47%|####......| 275/585 [00:07:43<00:08:42,  0.59it/s, loss=0.0286]
Epoch 12:  48%|####......| 278/585 [00:07:48<00:08:37,  0.59it/s, loss=0.0286]
Epoch 12:  48%|####......| 281/585 [00:07:54<00:08:33,  0.59it/s, loss=0.0286]
Epoch 12:  49%|####......| 284/585 [00:08:00<00:08:29,  0.59it/s, loss=0.0286]
Epoch 12:  49%|####......| 288/585 [00:08:07<00:08:22,  0.59it/s, loss=0.0285]
Epoch 12:  50%|####......| 292/585 [00:08:13<00:08:15,  0.59it/s, loss=0.0284]
Epoch 12:  51%|#####.....| 296/585 [00:08:19<00:08:07,  0.59it/s, loss=0.0283]
Epoch 12:  51%|#####.....| 300/585 [00:08:26<00:08:01,  0.59it/s, loss=0.0282]
Epoch 12:  52%|#####.....| 304/585 [00:08:32<00:07:54,  0.59it/s, loss=0.0282]
Epoch 12:  53%|#####.....| 308/585 [00:08:39<00:07:46,  0.59it/s, loss=0.0281]
Epoch 12:  53%|#####.....| 312/585 [00:08:45<00:07:39,  0.59it/s, loss=0.0281]
Epoch 12:  54%|#####.....| 316/585 [00:08:52<00:07:32,  0.59it/s, loss=0.0280]
Epoch 12:  55%|#####.....| 320/585 [00:08:58<00:07:25,  0.59it/s, loss=0.0280]
Epoch 12:  55%|#####.....| 324/585 [00:09:04<00:07:18,  0.59it/s, loss=0.0281]
Epoch 12:  56%|#####.....| 328/585 [00:09:11<00:07:11,  0.60it/s, loss=0.0280]
Epoch 12:  57%|#####.....| 332/585 [00:09:16<00:07:04,  0.60it/s, loss=0.0279]
Epoch 12:  57%|#####.....| 335/585 [00:09:22<00:06:59,  0.60it/s, loss=0.0279]
Epoch 12:  58%|#####.....| 339/585 [00:09:28<00:06:52,  0.60it/s, loss=0.0279]
Epoch 12:  58%|#####.....| 342/585 [00:09:34<00:06:47,  0.60it/s, loss=0.0279]
Epoch 12:  59%|#####.....| 346/585 [00:09:40<00:06:40,  0.60it/s, loss=0.0279]
Epoch 12:  60%|#####.....| 349/585 [00:09:45<00:06:35,  0.60it/s, loss=0.0279]
Epoch 12:  60%|######....| 352/585 [00:09:51<00:06:31,  0.59it/s, loss=0.0279]
Epoch 12:  61%|######....| 355/585 [00:09:56<00:06:26,  0.59it/s, loss=0.0279]
Epoch 12:  61%|######....| 358/585 [00:10:02<00:06:21,  0.59it/s, loss=0.0279]
Epoch 12:  62%|######....| 361/585 [00:10:07<00:06:16,  0.59it/s, loss=0.0278]
Epoch 12:  62%|######....| 365/585 [00:10:13<00:06:09,  0.59it/s, loss=0.0277]
Epoch 12:  63%|######....| 368/585 [00:10:19<00:06:05,  0.59it/s, loss=0.0277]
Epoch 12:  63%|######....| 371/585 [00:10:24<00:06:00,  0.59it/s, loss=0.0277]
Epoch 12:  64%|######....| 375/585 [00:10:31<00:05:53,  0.59it/s, loss=0.0277]
Epoch 12:  65%|######....| 379/585 [00:10:37<00:05:46,  0.59it/s, loss=0.0276]
Epoch 12:  65%|######....| 382/585 [00:10:42<00:05:41,  0.59it/s, loss=0.0276]
Epoch 12:  66%|######....| 386/585 [00:10:48<00:05:34,  0.59it/s, loss=0.0276]
Epoch 12:  67%|######....| 390/585 [00:10:55<00:05:27,  0.60it/s, loss=0.0276]
Epoch 12:  67%|######....| 392/585 [00:11:00<00:05:25,  0.59it/s, loss=0.0276]
Epoch 12:  68%|######....| 396/585 [00:11:06<00:05:18,  0.59it/s, loss=0.0276]
Epoch 12:  68%|######....| 400/585 [00:11:12<00:05:10,  0.59it/s, loss=0.0275]
Epoch 12:  69%|######....| 403/585 [00:11:18<00:05:06,  0.59it/s, loss=0.0275]
Epoch 12:  70%|######....| 407/585 [00:11:24<00:04:59,  0.59it/s, loss=0.0275]
Epoch 12:  70%|#######...| 411/585 [00:11:31<00:04:52,  0.59it/s, loss=0.0274]
Epoch 12:  71%|#######...| 415/585 [00:11:37<00:04:45,  0.60it/s, loss=0.0274]
Epoch 12:  72%|#######...| 419/585 [00:11:44<00:04:39,  0.59it/s, loss=0.0275]
Epoch 12:  72%|#######...| 423/585 [00:11:50<00:04:32,  0.59it/s, loss=0.0274]
Epoch 12:  73%|#######...| 427/585 [00:11:57<00:04:25,  0.60it/s, loss=0.0274]
Epoch 12:  74%|#######...| 431/585 [00:12:03<00:04:18,  0.60it/s, loss=0.0274]
Epoch 12:  74%|#######...| 435/585 [00:12:09<00:04:11,  0.60it/s, loss=0.0273]
Epoch 12:  75%|#######...| 438/585 [00:12:15<00:04:06,  0.60it/s, loss=0.0273]
Epoch 12:  75%|#######...| 441/585 [00:12:21<00:04:02,  0.59it/s, loss=0.0273]
Epoch 12:  76%|#######...| 445/585 [00:12:29<00:03:55,  0.59it/s, loss=0.0273]
Epoch 12:  77%|#######...| 449/585 [00:12:35<00:03:48,  0.59it/s, loss=0.0273]
Epoch 12:  77%|#######...| 452/585 [00:12:41<00:03:44,  0.59it/s, loss=0.0273]
Epoch 12:  78%|#######...| 456/585 [00:12:47<00:03:37,  0.59it/s, loss=0.0273]
Epoch 12:  78%|#######...| 459/585 [00:12:53<00:03:32,  0.59it/s, loss=0.0273]
Epoch 12:  79%|#######...| 463/585 [00:12:59<00:03:25,  0.59it/s, loss=0.0272]
Epoch 12:  80%|#######...| 467/585 [00:13:05<00:03:18,  0.59it/s, loss=0.0272]
Epoch 12:  81%|########..| 471/585 [00:13:12<00:03:11,  0.59it/s, loss=0.0272]
Epoch 12:  81%|########..| 475/585 [00:13:19<00:03:05,  0.59it/s, loss=0.0272]
Epoch 12:  82%|########..| 478/585 [00:13:24<00:03:00,  0.59it/s, loss=0.0271]
Epoch 12:  82%|########..| 482/585 [00:13:30<00:02:53,  0.59it/s, loss=0.0271]
Epoch 12:  83%|########..| 486/585 [00:13:36<00:02:46,  0.60it/s, loss=0.0271]
Epoch 12:  84%|########..| 490/585 [00:13:43<00:02:39,  0.60it/s, loss=0.0271]
Epoch 12:  84%|########..| 493/585 [00:13:48<00:02:34,  0.60it/s, loss=0.0271]
Epoch 12:  85%|########..| 496/585 [00:13:53<00:02:29,  0.59it/s, loss=0.0271]
Epoch 12:  85%|########..| 500/585 [00:13:59<00:02:22,  0.60it/s, loss=0.0271]
Epoch 12:  86%|########..| 503/585 [00:14:06<00:02:17,  0.59it/s, loss=0.0271]
Epoch 12:  87%|########..| 507/585 [00:14:12<00:02:11,  0.59it/s, loss=0.0270]
Epoch 12:  87%|########..| 510/585 [00:14:19<00:02:06,  0.59it/s, loss=0.0270]
Epoch 12:  88%|########..| 513/585 [00:14:24<00:02:01,  0.59it/s, loss=0.0270]
Epoch 12:  88%|########..| 517/585 [00:14:31<00:01:54,  0.59it/s, loss=0.0270]
Epoch 12:  89%|########..| 520/585 [00:14:36<00:01:49,  0.59it/s, loss=0.0270]
Epoch 12:  89%|########..| 523/585 [00:14:41<00:01:44,  0.59it/s, loss=0.0270]
Epoch 12:  90%|#########.| 527/585 [00:14:47<00:01:37,  0.59it/s, loss=0.0270]
Epoch 12:  91%|#########.| 531/585 [00:14:53<00:01:30,  0.59it/s, loss=0.0270]
Epoch 12:  91%|#########.| 534/585 [00:14:58<00:01:25,  0.59it/s, loss=0.0270]
Epoch 12:  92%|#########.| 538/585 [00:15:05<00:01:19,  0.59it/s, loss=0.0270]
Epoch 12:  93%|#########.| 542/585 [00:15:12<00:01:12,  0.59it/s, loss=0.0270]
Epoch 12:  93%|#########.| 546/585 [00:15:18<00:01:05,  0.59it/s, loss=0.0270]
Epoch 12:  94%|#########.| 550/585 [00:15:24<00:00:58,  0.59it/s, loss=0.0270]
Epoch 12:  95%|#########.| 554/585 [00:15:31<00:00:52,  0.59it/s, loss=0.0270]
Epoch 12:  95%|#########.| 557/585 [00:15:36<00:00:47,  0.59it/s, loss=0.0270]
Epoch 12:  96%|#########.| 560/585 [00:15:41<00:00:42,  0.59it/s, loss=0.0270]
Epoch 12:  96%|#########.| 563/585 [00:15:47<00:00:37,  0.59it/s, loss=0.0270]
Epoch 12:  97%|#########.| 567/585 [00:15:53<00:00:30,  0.59it/s, loss=0.0270]
Epoch 12:  98%|#########.| 571/585 [00:15:59<00:00:23,  0.59it/s, loss=0.0270]
Epoch 12:  98%|#########.| 575/585 [00:16:06<00:00:16,  0.60it/s, loss=0.0270]
Epoch 12:  99%|#########.| 579/585 [00:16:12<00:00:10,  0.60it/s, loss=0.0270]
Epoch 12:  99%|#########.| 582/585 [00:16:18<00:00:05,  0.59it/s, loss=0.0270]
Epoch 12: 100%|##########| 585/585 [00:16:23<00:00:00,  0.60it/s, loss=0.0270]
Test loss: 0.0246, Test rmsae: 8.36deg
{"event": "epoch_complete", "epoch": 12, "phase": 1, "lr": 0.0001, "batch_size": 1, "micro_batch_size": 1, "train_loss": 0.02696362655991927, "val_loss": 0.024601490469649434, "val_rmsae_deg": 8.36345548927784, "epoch_time_s": 984.1503740379121}
{"event": "checkpoint_saved", "tag": "best_rmsae", "epoch": 12, "path": "IFAN_Edge/outputs/stage3/ifan_stage3_long80_c8_r2_map_maba_20260516_154535/checkpoints/best_rmsae.pt", "val_rmsae_deg": 8.36345548927784}
Epoch 13/80:
Epoch 13:   1%|..........| 3/585 [00:00:05<00:16:18,  0.60it/s, loss=0.0279]
Epoch 13:   1%|..........| 6/585 [00:00:10<00:16:17,  0.59it/s, loss=0.0268]
Epoch 13:   2%|..........| 10/585 [00:00:16<00:15:38,  0.61it/s, loss=0.0258]
Epoch 13:   2%|..........| 13/585 [00:00:21<00:15:43,  0.61it/s, loss=0.0264]
Epoch 13:   3%|..........| 17/585 [00:00:27<00:15:30,  0.61it/s, loss=0.0265]
Epoch 13:   4%|..........| 21/585 [00:00:34<00:15:17,  0.61it/s, loss=0.0261]
Epoch 13:   4%|..........| 24/585 [00:00:40<00:15:47,  0.59it/s, loss=0.0283]
Epoch 13:   5%|..........| 28/585 [00:00:47<00:15:36,  0.59it/s, loss=0.0276]
Epoch 13:   5%|..........| 32/585 [00:00:53<00:15:16,  0.60it/s, loss=0.0270]
Epoch 13:   6%|..........| 36/585 [00:00:59<00:15:07,  0.60it/s, loss=0.0272]
Epoch 13:   7%|..........| 39/585 [00:01:05<00:15:13,  0.60it/s, loss=0.0273]
Epoch 13:   7%|..........| 43/585 [00:01:11<00:14:57,  0.60it/s, loss=0.0269]
Epoch 13:   8%|..........| 47/585 [00:01:18<00:14:54,  0.60it/s, loss=0.0267]
Epoch 13:   9%|..........| 50/585 [00:01:23<00:14:56,  0.60it/s, loss=0.0267]
Epoch 13:   9%|..........| 53/585 [00:01:29<00:14:59,  0.59it/s, loss=0.0267]
Epoch 13:  10%|..........| 57/585 [00:01:36<00:14:49,  0.59it/s, loss=0.0268]
Epoch 13:  10%|#.........| 60/585 [00:01:41<00:14:44,  0.59it/s, loss=0.0268]
Epoch 13:  11%|#.........| 64/585 [00:01:48<00:14:44,  0.59it/s, loss=0.0271]
Epoch 13:  12%|#.........| 68/585 [00:01:55<00:14:39,  0.59it/s, loss=0.0274]
Epoch 13:  12%|#.........| 71/585 [00:02:02<00:14:43,  0.58it/s, loss=0.0275]
Epoch 13:  13%|#.........| 75/585 [00:02:08<00:14:34,  0.58it/s, loss=0.0275]
Epoch 13:  14%|#.........| 79/585 [00:02:14<00:14:24,  0.59it/s, loss=0.0275]
Epoch 13:  14%|#.........| 83/585 [00:02:20<00:14:12,  0.59it/s, loss=0.0273]
Epoch 13:  15%|#.........| 86/585 [00:02:26<00:14:08,  0.59it/s, loss=0.0271]
Epoch 13:  15%|#.........| 89/585 [00:02:31<00:14:05,  0.59it/s, loss=0.0270]
Epoch 13:  16%|#.........| 92/585 [00:02:37<00:14:02,  0.59it/s, loss=0.0269]
Epoch 13:  16%|#.........| 95/585 [00:02:42<00:13:58,  0.58it/s, loss=0.0268]
Epoch 13:  17%|#.........| 99/585 [00:02:49<00:13:51,  0.58it/s, loss=0.0268]
Epoch 13:  17%|#.........| 102/585 [00:02:55<00:13:49,  0.58it/s, loss=0.0270]
Epoch 13:  18%|#.........| 106/585 [00:03:01<00:13:41,  0.58it/s, loss=0.0270]
Epoch 13:  19%|#.........| 110/585 [00:03:08<00:13:32,  0.58it/s, loss=0.0272]
Epoch 13:  19%|#.........| 114/585 [00:03:14<00:13:23,  0.59it/s, loss=0.0272]
Epoch 13:  20%|##........| 118/585 [00:03:21<00:13:18,  0.59it/s, loss=0.0273]
Epoch 13:  21%|##........| 122/585 [00:03:27<00:13:08,  0.59it/s, loss=0.0273]
Epoch 13:  21%|##........| 125/585 [00:03:33<00:13:04,  0.59it/s, loss=0.0274]
Epoch 13:  22%|##........| 128/585 [00:03:38<00:13:00,  0.59it/s, loss=0.0273]
Epoch 13:  22%|##........| 131/585 [00:03:44<00:12:58,  0.58it/s, loss=0.0274]
Epoch 13:  23%|##........| 134/585 [00:03:50<00:12:55,  0.58it/s, loss=0.0274]
Epoch 13:  24%|##........| 138/585 [00:03:56<00:12:45,  0.58it/s, loss=0.0273]
Epoch 13:  24%|##........| 142/585 [00:04:03<00:12:39,  0.58it/s, loss=0.0275]
Epoch 13:  25%|##........| 146/585 [00:04:09<00:12:30,  0.59it/s, loss=0.0274]
Epoch 13:  26%|##........| 150/585 [00:04:15<00:12:21,  0.59it/s, loss=0.0273]
Epoch 13:  26%|##........| 154/585 [00:04:21<00:12:13,  0.59it/s, loss=0.0272]
Epoch 13:  27%|##........| 157/585 [00:04:27<00:12:08,  0.59it/s, loss=0.0272]
Epoch 13:  28%|##........| 161/585 [00:04:34<00:12:02,  0.59it/s, loss=0.0273]
Epoch 13:  28%|##........| 164/585 [00:04:39<00:11:56,  0.59it/s, loss=0.0273]
Epoch 13:  29%|##........| 168/585 [00:04:45<00:11:48,  0.59it/s, loss=0.0272]
Epoch 13:  29%|##........| 171/585 [00:04:50<00:11:43,  0.59it/s, loss=0.0272]
Epoch 13:  30%|##........| 175/585 [00:04:56<00:11:34,  0.59it/s, loss=0.0271]
Epoch 13:  31%|###.......| 179/585 [00:05:02<00:11:27,  0.59it/s, loss=0.0270]
Epoch 13:  31%|###.......| 183/585 [00:05:09<00:11:18,  0.59it/s, loss=0.0270]
Epoch 13:  32%|###.......| 186/585 [00:05:14<00:11:14,  0.59it/s, loss=0.0269]
Epoch 13:  32%|###.......| 190/585 [00:05:20<00:11:06,  0.59it/s, loss=0.0269]
Epoch 13:  33%|###.......| 194/585 [00:05:27<00:10:59,  0.59it/s, loss=0.0268]
Epoch 13:  34%|###.......| 198/585 [00:05:34<00:10:53,  0.59it/s, loss=0.0268]
Epoch 13:  35%|###.......| 202/585 [00:05:41<00:10:46,  0.59it/s, loss=0.0268]
Epoch 13:  35%|###.......| 206/585 [00:05:47<00:10:39,  0.59it/s, loss=0.0267]
Epoch 13:  36%|###.......| 210/585 [00:05:54<00:10:32,  0.59it/s, loss=0.0268]
Epoch 13:  37%|###.......| 214/585 [00:05:59<00:10:24,  0.59it/s, loss=0.0267]
Epoch 13:  37%|###.......| 217/585 [00:06:06<00:10:21,  0.59it/s, loss=0.0267]
Epoch 13:  38%|###.......| 221/585 [00:06:12<00:10:13,  0.59it/s, loss=0.0266]
Epoch 13:  38%|###.......| 224/585 [00:06:17<00:10:09,  0.59it/s, loss=0.0266]
Epoch 13:  39%|###.......| 228/585 [00:06:24<00:10:02,  0.59it/s, loss=0.0265]
Epoch 13:  40%|###.......| 232/585 [00:06:31<00:09:55,  0.59it/s, loss=0.0265]
Epoch 13:  40%|####......| 235/585 [00:06:36<00:09:50,  0.59it/s, loss=0.0265]
Epoch 13:  41%|####......| 238/585 [00:06:41<00:09:45,  0.59it/s, loss=0.0265]
Epoch 13:  41%|####......| 242/585 [00:06:48<00:09:38,  0.59it/s, loss=0.0264]
Epoch 13:  42%|####......| 246/585 [00:06:54<00:09:31,  0.59it/s, loss=0.0263]
Epoch 13:  43%|####......| 249/585 [00:06:59<00:09:26,  0.59it/s, loss=0.0263]
Epoch 13:  43%|####......| 252/585 [00:07:05<00:09:22,  0.59it/s, loss=0.0263]
Epoch 13:  44%|####......| 256/585 [00:07:11<00:09:14,  0.59it/s, loss=0.0262]
Epoch 13:  44%|####......| 260/585 [00:07:18<00:09:07,  0.59it/s, loss=0.0262]
Epoch 13:  45%|####......| 263/585 [00:07:23<00:09:03,  0.59it/s, loss=0.0262]
Epoch 13:  46%|####......| 267/585 [00:07:29<00:08:55,  0.59it/s, loss=0.0262]
Epoch 13:  46%|####......| 270/585 [00:07:35<00:08:50,  0.59it/s, loss=0.0262]
Epoch 13:  47%|####......| 274/585 [00:07:41<00:08:43,  0.59it/s, loss=0.0262]
Epoch 13:  48%|####......| 278/585 [00:07:47<00:08:36,  0.59it/s, loss=0.0262]
Epoch 13:  48%|####......| 281/585 [00:07:52<00:08:31,  0.59it/s, loss=0.0262]
Epoch 13:  49%|####......| 285/585 [00:07:59<00:08:24,  0.59it/s, loss=0.0262]
Epoch 13:  49%|####......| 289/585 [00:08:06<00:08:18,  0.59it/s, loss=0.0261]
Epoch 13:  50%|####......| 292/585 [00:08:11<00:08:13,  0.59it/s, loss=0.0261]
Epoch 13:  51%|#####.....| 296/585 [00:08:17<00:08:05,  0.60it/s, loss=0.0261]
Epoch 13:  51%|#####.....| 300/585 [00:08:24<00:07:58,  0.60it/s, loss=0.0261]
Epoch 13:  52%|#####.....| 303/585 [00:08:29<00:07:53,  0.60it/s, loss=0.0261]
Epoch 13:  52%|#####.....| 306/585 [00:08:34<00:07:48,  0.59it/s, loss=0.0260]
Epoch 13:  53%|#####.....| 310/585 [00:08:40<00:07:41,  0.60it/s, loss=0.0261]
Epoch 13:  54%|#####.....| 314/585 [00:08:46<00:07:34,  0.60it/s, loss=0.0260]
Epoch 13:  54%|#####.....| 318/585 [00:08:53<00:07:28,  0.60it/s, loss=0.0260]
Epoch 13:  55%|#####.....| 321/585 [00:08:59<00:07:23,  0.60it/s, loss=0.0260]
Epoch 13:  56%|#####.....| 325/585 [00:09:05<00:07:16,  0.60it/s, loss=0.0259]
Epoch 13:  56%|#####.....| 329/585 [00:09:11<00:07:09,  0.60it/s, loss=0.0259]
Epoch 13:  57%|#####.....| 333/585 [00:09:17<00:07:02,  0.60it/s, loss=0.0259]
Epoch 13:  58%|#####.....| 337/585 [00:09:24<00:06:55,  0.60it/s, loss=0.0259]
Epoch 13:  58%|#####.....| 341/585 [00:09:31<00:06:48,  0.60it/s, loss=0.0259]
Epoch 13:  59%|#####.....| 344/585 [00:09:37<00:06:44,  0.60it/s, loss=0.0259]
Epoch 13:  59%|#####.....| 347/585 [00:09:42<00:06:39,  0.60it/s, loss=0.0259]
Epoch 13:  60%|######....| 351/585 [00:09:49<00:06:32,  0.60it/s, loss=0.0259]
Epoch 13:  61%|######....| 355/585 [00:09:54<00:06:25,  0.60it/s, loss=0.0258]
Epoch 13:  61%|######....| 358/585 [00:10:01<00:06:21,  0.60it/s, loss=0.0259]
Epoch 13:  62%|######....| 361/585 [00:10:06<00:06:16,  0.60it/s, loss=0.0258]
Epoch 13:  62%|######....| 364/585 [00:10:11<00:06:11,  0.59it/s, loss=0.0259]
Epoch 13:  63%|######....| 368/585 [00:10:18<00:06:04,  0.59it/s, loss=0.0259]
Epoch 13:  64%|######....| 372/585 [00:10:24<00:05:57,  0.60it/s, loss=0.0259]
Epoch 13:  64%|######....| 375/585 [00:10:30<00:05:53,  0.59it/s, loss=0.0259]
Epoch 13:  65%|######....| 379/585 [00:10:36<00:05:45,  0.60it/s, loss=0.0259]
Epoch 13:  65%|######....| 382/585 [00:10:41<00:05:41,  0.60it/s, loss=0.0259]
Epoch 13:  66%|######....| 386/585 [00:10:48<00:05:34,  0.60it/s, loss=0.0259]
Epoch 13:  66%|######....| 389/585 [00:10:53<00:05:29,  0.60it/s, loss=0.0259]
Epoch 13:  67%|######....| 393/585 [00:10:59<00:05:22,  0.60it/s, loss=0.0259]
Epoch 13:  68%|######....| 397/585 [00:11:05<00:05:15,  0.60it/s, loss=0.0259]
Epoch 13:  68%|######....| 400/585 [00:11:12<00:05:10,  0.60it/s, loss=0.0259]
Epoch 13:  69%|######....| 403/585 [00:11:17<00:05:05,  0.59it/s, loss=0.0259]
Epoch 13:  69%|######....| 406/585 [00:11:22<00:05:00,  0.59it/s, loss=0.0259]
Epoch 13:  70%|######....| 409/585 [00:11:27<00:04:55,  0.59it/s, loss=0.0259]
Epoch 13:  70%|#######...| 412/585 [00:11:33<00:04:51,  0.59it/s, loss=0.0259]
Epoch 13:  71%|#######...| 416/585 [00:11:40<00:04:44,  0.59it/s, loss=0.0259]
Epoch 13:  72%|#######...| 420/585 [00:11:46<00:04:37,  0.59it/s, loss=0.0258]
Epoch 13:  72%|#######...| 423/585 [00:11:52<00:04:32,  0.59it/s, loss=0.0258]
Epoch 13:  73%|#######...| 426/585 [00:11:57<00:04:27,  0.59it/s, loss=0.0258]
Epoch 13:  73%|#######...| 429/585 [00:12:02<00:04:22,  0.59it/s, loss=0.0258]
Epoch 13:  74%|#######...| 433/585 [00:12:08<00:04:15,  0.59it/s, loss=0.0258]
Epoch 13:  75%|#######...| 436/585 [00:12:13<00:04:10,  0.59it/s, loss=0.0258]
Epoch 13:  75%|#######...| 440/585 [00:12:19<00:04:03,  0.59it/s, loss=0.0258]
Epoch 13:  76%|#######...| 444/585 [00:12:26<00:03:56,  0.59it/s, loss=0.0258]
Epoch 13:  77%|#######...| 448/585 [00:12:32<00:03:50,  0.60it/s, loss=0.0257]
Epoch 13:  77%|#######...| 452/585 [00:12:39<00:03:43,  0.60it/s, loss=0.0257]
Epoch 13:  78%|#######...| 455/585 [00:12:44<00:03:38,  0.60it/s, loss=0.0257]
Epoch 13:  78%|#######...| 459/585 [00:12:50<00:03:31,  0.60it/s, loss=0.0258]
Epoch 13:  79%|#######...| 462/585 [00:12:55<00:03:26,  0.60it/s, loss=0.0258]
Epoch 13:  79%|#######...| 465/585 [00:13:00<00:03:21,  0.60it/s, loss=0.0259]
Epoch 13:  80%|########..| 468/585 [00:13:05<00:03:16,  0.60it/s, loss=0.0259]
Epoch 13:  81%|########..| 472/585 [00:13:12<00:03:09,  0.60it/s, loss=0.0259]
Epoch 13:  81%|########..| 476/585 [00:13:18<00:03:02,  0.60it/s, loss=0.0259]
Epoch 13:  82%|########..| 480/585 [00:13:24<00:02:55,  0.60it/s, loss=0.0258]
Epoch 13:  83%|########..| 483/585 [00:13:29<00:02:51,  0.60it/s, loss=0.0259]
Epoch 13:  83%|########..| 486/585 [00:13:35<00:02:46,  0.60it/s, loss=0.0259]
Epoch 13:  84%|########..| 489/585 [00:13:40<00:02:41,  0.60it/s, loss=0.0259]
Epoch 13:  84%|########..| 492/585 [00:13:46<00:02:36,  0.60it/s, loss=0.0259]
Epoch 13:  85%|########..| 495/585 [00:13:51<00:02:31,  0.60it/s, loss=0.0259]
Epoch 13:  85%|########..| 499/585 [00:13:58<00:02:24,  0.60it/s, loss=0.0259]
Epoch 13:  86%|########..| 503/585 [00:14:04<00:02:17,  0.60it/s, loss=0.0259]
Epoch 13:  87%|########..| 507/585 [00:14:10<00:02:10,  0.60it/s, loss=0.0259]
Epoch 13:  87%|########..| 511/585 [00:14:17<00:02:04,  0.60it/s, loss=0.0259]
Epoch 13:  88%|########..| 515/585 [00:14:23<00:01:57,  0.60it/s, loss=0.0259]
Epoch 13:  89%|########..| 519/585 [00:14:29<00:01:50,  0.60it/s, loss=0.0259]
Epoch 13:  89%|########..| 523/585 [00:14:35<00:01:43,  0.60it/s, loss=0.0259]
Epoch 13:  90%|#########.| 527/585 [00:14:41<00:01:37,  0.60it/s, loss=0.0259]
Epoch 13:  91%|#########.| 531/585 [00:14:47<00:01:30,  0.60it/s, loss=0.0259]
Epoch 13:  91%|#########.| 534/585 [00:14:53<00:01:25,  0.60it/s, loss=0.0258]
Epoch 13:  92%|#########.| 538/585 [00:15:00<00:01:18,  0.60it/s, loss=0.0258]
Epoch 13:  93%|#########.| 542/585 [00:15:06<00:01:11,  0.60it/s, loss=0.0258]
Epoch 13:  93%|#########.| 546/585 [00:15:13<00:01:05,  0.60it/s, loss=0.0258]
Epoch 13:  94%|#########.| 549/585 [00:15:19<00:01:00,  0.60it/s, loss=0.0258]
Epoch 13:  95%|#########.| 553/585 [00:15:25<00:00:53,  0.60it/s, loss=0.0259]
Epoch 13:  95%|#########.| 557/585 [00:15:32<00:00:46,  0.60it/s, loss=0.0258]
Epoch 13:  96%|#########.| 561/585 [00:15:38<00:00:40,  0.60it/s, loss=0.0258]
Epoch 13:  97%|#########.| 565/585 [00:15:44<00:00:33,  0.60it/s, loss=0.0259]
Epoch 13:  97%|#########.| 568/585 [00:15:50<00:00:28,  0.60it/s, loss=0.0259]
Epoch 13:  98%|#########.| 572/585 [00:15:55<00:00:21,  0.60it/s, loss=0.0259]
Epoch 13:  98%|#########.| 574/585 [00:16:01<00:00:18,  0.60it/s, loss=0.0262]
Epoch 13:  99%|#########.| 578/585 [00:16:08<00:00:11,  0.60it/s, loss=0.0262]
Epoch 13:  99%|#########.| 581/585 [00:16:13<00:00:06,  0.60it/s, loss=0.0262]
Epoch 13: 100%|##########| 585/585 [00:16:19<00:00:00,  0.60it/s, loss=0.0262]
Test loss: 0.0255, Test rmsae: 8.93deg
{"event": "epoch_complete", "epoch": 13, "phase": 1, "lr": 0.0001, "batch_size": 1, "micro_batch_size": 1, "train_loss": 0.02620249003267441, "val_loss": 0.02551218288135715, "val_rmsae_deg": 8.930973917245865, "epoch_time_s": 980.1848945999518}
Epoch 14/80:
Epoch 14:   1%|..........| 3/585 [00:00:05<00:16:41,  0.58it/s, loss=0.0245]
Epoch 14:   1%|..........| 6/585 [00:00:11<00:18:18,  0.53it/s, loss=0.0254]
Epoch 14:   2%|..........| 9/585 [00:00:16<00:17:37,  0.54it/s, loss=0.0272]
Epoch 14:   2%|..........| 12/585 [00:00:22<00:17:34,  0.54it/s, loss=0.0265]
Epoch 14:   3%|..........| 16/585 [00:00:28<00:16:50,  0.56it/s, loss=0.0253]
Epoch 14:   3%|..........| 20/585 [00:00:35<00:16:34,  0.57it/s, loss=0.0248]
Epoch 14:   4%|..........| 24/585 [00:00:41<00:16:10,  0.58it/s, loss=0.0249]
Epoch 14:   5%|..........| 27/585 [00:00:46<00:16:08,  0.58it/s, loss=0.0272]
Epoch 14:   5%|..........| 31/585 [00:00:53<00:15:52,  0.58it/s, loss=0.0262]
Epoch 14:   6%|..........| 34/585 [00:00:58<00:15:48,  0.58it/s, loss=0.0266]
Epoch 14:   6%|..........| 38/585 [00:01:05<00:15:37,  0.58it/s, loss=0.0267]
Epoch 14:   7%|..........| 42/585 [00:01:11<00:15:28,  0.59it/s, loss=0.0273]
Epoch 14:   8%|..........| 45/585 [00:01:16<00:15:22,  0.59it/s, loss=0.0270]
Epoch 14:   8%|..........| 48/585 [00:01:22<00:15:21,  0.58it/s, loss=0.0272]
Epoch 14:   9%|..........| 51/585 [00:01:27<00:15:17,  0.58it/s, loss=0.0268]
Epoch 14:   9%|..........| 54/585 [00:01:33<00:15:19,  0.58it/s, loss=0.0269]
Epoch 14:  10%|..........| 57/585 [00:01:38<00:15:15,  0.58it/s, loss=0.0269]
Epoch 14:  10%|#.........| 61/585 [00:01:45<00:15:04,  0.58it/s, loss=0.0267]
Epoch 14:  11%|#.........| 65/585 [00:01:51<00:14:53,  0.58it/s, loss=0.0266]
Epoch 14:  12%|#.........| 69/585 [00:01:57<00:14:42,  0.58it/s, loss=0.0267]
Epoch 14:  12%|#.........| 73/585 [00:02:05<00:14:37,  0.58it/s, loss=0.0267]
Epoch 14:  13%|#.........| 77/585 [00:02:11<00:14:28,  0.58it/s, loss=0.0266]
Epoch 14:  14%|#.........| 80/585 [00:02:16<00:14:23,  0.58it/s, loss=0.0264]
Epoch 14:  14%|#.........| 83/585 [00:02:22<00:14:22,  0.58it/s, loss=0.0266]
Epoch 14:  15%|#.........| 87/585 [00:02:28<00:14:12,  0.58it/s, loss=0.0265]
Epoch 14:  15%|#.........| 90/585 [00:02:33<00:14:06,  0.58it/s, loss=0.0264]
Epoch 14:  16%|#.........| 94/585 [00:02:39<00:13:55,  0.59it/s, loss=0.0265]
Epoch 14:  17%|#.........| 97/585 [00:02:46<00:13:55,  0.58it/s, loss=0.0269]
Epoch 14:  17%|#.........| 100/585 [00:02:52<00:13:56,  0.58it/s, loss=0.0273]
Epoch 14:  18%|#.........| 104/585 [00:02:58<00:13:45,  0.58it/s, loss=0.0273]
Epoch 14:  18%|#.........| 107/585 [00:03:03<00:13:41,  0.58it/s, loss=0.0272]
Epoch 14:  19%|#.........| 111/585 [00:03:09<00:13:31,  0.58it/s, loss=0.0272]
Epoch 14:  19%|#.........| 114/585 [00:03:15<00:13:28,  0.58it/s, loss=0.0273]
Epoch 14:  20%|##........| 118/585 [00:03:22<00:13:20,  0.58it/s, loss=0.0274]
Epoch 14:  21%|##........| 122/585 [00:03:29<00:13:14,  0.58it/s, loss=0.0276]
Epoch 14:  21%|##........| 125/585 [00:03:34<00:13:10,  0.58it/s, loss=0.0278]
Epoch 14:  22%|##........| 129/585 [00:03:41<00:13:02,  0.58it/s, loss=0.0278]
Epoch 14:  23%|##........| 132/585 [00:03:46<00:12:57,  0.58it/s, loss=0.0278]
Epoch 14:  23%|##........| 136/585 [00:03:52<00:12:46,  0.59it/s, loss=0.0277]
Epoch 14:  24%|##........| 140/585 [00:03:58<00:12:38,  0.59it/s, loss=0.0276]
Epoch 14:  24%|##........| 143/585 [00:04:03<00:12:33,  0.59it/s, loss=0.0275]
Epoch 14:  25%|##........| 146/585 [00:04:09<00:12:29,  0.59it/s, loss=0.0275]
Epoch 14:  26%|##........| 150/585 [00:04:15<00:12:20,  0.59it/s, loss=0.0274]
Epoch 14:  26%|##........| 154/585 [00:04:21<00:12:11,  0.59it/s, loss=0.0273]
Epoch 14:  27%|##........| 157/585 [00:04:27<00:12:08,  0.59it/s, loss=0.0275]
Epoch 14:  28%|##........| 161/585 [00:04:33<00:12:00,  0.59it/s, loss=0.0275]
Epoch 14:  28%|##........| 164/585 [00:04:38<00:11:55,  0.59it/s, loss=0.0274]
Epoch 14:  29%|##........| 168/585 [00:04:46<00:11:49,  0.59it/s, loss=0.0274]
Epoch 14:  29%|##........| 171/585 [00:04:51<00:11:46,  0.59it/s, loss=0.0275]
Epoch 14:  30%|##........| 175/585 [00:04:58<00:11:38,  0.59it/s, loss=0.0274]
Epoch 14:  30%|###.......| 178/585 [00:05:03<00:11:34,  0.59it/s, loss=0.0273]
Epoch 14:  31%|###.......| 182/585 [00:05:10<00:11:26,  0.59it/s, loss=0.0274]
Epoch 14:  32%|###.......| 185/585 [00:05:15<00:11:22,  0.59it/s, loss=0.0274]
Epoch 14:  32%|###.......| 189/585 [00:05:21<00:11:14,  0.59it/s, loss=0.0273]
Epoch 14:  33%|###.......| 192/585 [00:05:27<00:11:09,  0.59it/s, loss=0.0274]
Epoch 14:  34%|###.......| 196/585 [00:05:33<00:11:02,  0.59it/s, loss=0.0273]
Epoch 14:  34%|###.......| 199/585 [00:05:38<00:10:57,  0.59it/s, loss=0.0274]
Epoch 14:  35%|###.......| 202/585 [00:05:44<00:10:52,  0.59it/s, loss=0.0273]
Epoch 14:  35%|###.......| 205/585 [00:05:49<00:10:47,  0.59it/s, loss=0.0273]
Epoch 14:  36%|###.......| 209/585 [00:05:55<00:10:39,  0.59it/s, loss=0.0272]
Epoch 14:  36%|###.......| 212/585 [00:06:00<00:10:34,  0.59it/s, loss=0.0272]
Epoch 14:  37%|###.......| 216/585 [00:06:06<00:10:26,  0.59it/s, loss=0.0271]
Epoch 14:  38%|###.......| 220/585 [00:06:13<00:10:18,  0.59it/s, loss=0.0270]
Epoch 14:  38%|###.......| 224/585 [00:06:19<00:10:11,  0.59it/s, loss=0.0270]
Epoch 14:  39%|###.......| 228/585 [00:06:25<00:10:04,  0.59it/s, loss=0.0269]
Epoch 14:  40%|###.......| 232/585 [00:06:31<00:09:56,  0.59it/s, loss=0.0269]
Epoch 14:  40%|####......| 236/585 [00:06:37<00:09:48,  0.59it/s, loss=0.0269]
Epoch 14:  41%|####......| 239/585 [00:06:43<00:09:43,  0.59it/s, loss=0.0268]
Epoch 14:  42%|####......| 243/585 [00:06:49<00:09:35,  0.59it/s, loss=0.0267]
Epoch 14:  42%|####......| 246/585 [00:06:54<00:09:31,  0.59it/s, loss=0.0268]
Epoch 14:  43%|####......| 249/585 [00:06:59<00:09:26,  0.59it/s, loss=0.0267]
Epoch 14:  43%|####......| 253/585 [00:07:05<00:09:18,  0.59it/s, loss=0.0267]
Epoch 14:  44%|####......| 257/585 [00:07:12<00:09:11,  0.59it/s, loss=0.0266]
Epoch 14:  44%|####......| 260/585 [00:07:17<00:09:07,  0.59it/s, loss=0.0266]
Epoch 14:  45%|####......| 263/585 [00:07:22<00:09:02,  0.59it/s, loss=0.0266]
Epoch 14:  46%|####......| 267/585 [00:07:28<00:08:54,  0.59it/s, loss=0.0265]
Epoch 14:  46%|####......| 270/585 [00:07:34<00:08:49,  0.59it/s, loss=0.0265]
Epoch 14:  47%|####......| 274/585 [00:07:40<00:08:42,  0.60it/s, loss=0.0265]
Epoch 14:  48%|####......| 278/585 [00:07:46<00:08:35,  0.60it/s, loss=0.0264]
Epoch 14:  48%|####......| 281/585 [00:07:51<00:08:30,  0.60it/s, loss=0.0264]
Epoch 14:  49%|####......| 284/585 [00:07:57<00:08:25,  0.60it/s, loss=0.0264]
Epoch 14:  49%|####......| 287/585 [00:08:02<00:08:21,  0.59it/s, loss=0.0264]
Epoch 14:  50%|####......| 290/585 [00:08:08<00:08:16,  0.59it/s, loss=0.0264]
Epoch 14:  50%|#####.....| 294/585 [00:08:14<00:08:09,  0.59it/s, loss=0.0263]
Epoch 14:  51%|#####.....| 297/585 [00:08:19<00:08:04,  0.59it/s, loss=0.0263]
Epoch 14:  51%|#####.....| 300/585 [00:08:24<00:07:59,  0.59it/s, loss=0.0263]
Epoch 14:  52%|#####.....| 304/585 [00:08:30<00:07:51,  0.60it/s, loss=0.0263]
Epoch 14:  52%|#####.....| 307/585 [00:08:36<00:07:47,  0.59it/s, loss=0.0264]
Epoch 14:  53%|#####.....| 311/585 [00:08:42<00:07:40,  0.60it/s, loss=0.0263]
Epoch 14:  54%|#####.....| 314/585 [00:08:48<00:07:35,  0.59it/s, loss=0.0263]
Epoch 14:  54%|#####.....| 318/585 [00:08:54<00:07:28,  0.59it/s, loss=0.0262]
Epoch 14:  55%|#####.....| 322/585 [00:09:01<00:07:22,  0.59it/s, loss=0.0263]
Epoch 14:  56%|#####.....| 325/585 [00:09:06<00:07:17,  0.59it/s, loss=0.0263]
Epoch 14:  56%|#####.....| 329/585 [00:09:12<00:07:10,  0.60it/s, loss=0.0263]
Epoch 14:  57%|#####.....| 333/585 [00:09:19<00:07:03,  0.59it/s, loss=0.0263]
Epoch 14:  58%|#####.....| 337/585 [00:09:25<00:06:56,  0.60it/s, loss=0.0263]
Epoch 14:  58%|#####.....| 341/585 [00:09:31<00:06:49,  0.60it/s, loss=0.0263]
Epoch 14:  59%|#####.....| 345/585 [00:09:38<00:06:42,  0.60it/s, loss=0.0262]
Epoch 14:  59%|#####.....| 348/585 [00:09:43<00:06:37,  0.60it/s, loss=0.0262]
Epoch 14:  60%|######....| 352/585 [00:09:49<00:06:30,  0.60it/s, loss=0.0262]
Epoch 14:  61%|######....| 356/585 [00:09:55<00:06:23,  0.60it/s, loss=0.0262]
Epoch 14:  61%|######....| 359/585 [00:10:01<00:06:18,  0.60it/s, loss=0.0262]
Epoch 14:  62%|######....| 363/585 [00:10:07<00:06:11,  0.60it/s, loss=0.0261]
Epoch 14:  63%|######....| 366/585 [00:10:12<00:06:06,  0.60it/s, loss=0.0261]
Epoch 14:  63%|######....| 369/585 [00:10:17<00:06:01,  0.60it/s, loss=0.0261]
Epoch 14:  64%|######....| 373/585 [00:10:24<00:05:55,  0.60it/s, loss=0.0261]
Epoch 14:  64%|######....| 377/585 [00:10:30<00:05:47,  0.60it/s, loss=0.0261]
Epoch 14:  65%|######....| 381/585 [00:10:36<00:05:41,  0.60it/s, loss=0.0261]
Epoch 14:  66%|######....| 385/585 [00:10:42<00:05:34,  0.60it/s, loss=0.0261]
Epoch 14:  66%|######....| 388/585 [00:10:48<00:05:29,  0.60it/s, loss=0.0260]
Epoch 14:  67%|######....| 392/585 [00:10:55<00:05:22,  0.60it/s, loss=0.0260]
Epoch 14:  68%|######....| 396/585 [00:11:01<00:05:15,  0.60it/s, loss=0.0260]
Epoch 14:  68%|######....| 399/585 [00:11:06<00:05:10,  0.60it/s, loss=0.0260]
Epoch 14:  69%|######....| 403/585 [00:11:12<00:05:03,  0.60it/s, loss=0.0260]
Epoch 14:  69%|######....| 406/585 [00:11:17<00:04:58,  0.60it/s, loss=0.0260]
Epoch 14:  70%|######....| 409/585 [00:11:23<00:04:54,  0.60it/s, loss=0.0260]
Epoch 14:  71%|#######...| 413/585 [00:11:29<00:04:47,  0.60it/s, loss=0.0260]
Epoch 14:  71%|#######...| 416/585 [00:11:34<00:04:42,  0.60it/s, loss=0.0260]
Epoch 14:  72%|#######...| 419/585 [00:11:39<00:04:37,  0.60it/s, loss=0.0260]
Epoch 14:  72%|#######...| 422/585 [00:11:44<00:04:32,  0.60it/s, loss=0.0260]
Epoch 14:  73%|#######...| 426/585 [00:11:50<00:04:25,  0.60it/s, loss=0.0260]
Epoch 14:  74%|#######...| 430/585 [00:11:57<00:04:18,  0.60it/s, loss=0.0260]
Epoch 14:  74%|#######...| 433/585 [00:12:02<00:04:13,  0.60it/s, loss=0.0260]
Epoch 14:  75%|#######...| 437/585 [00:12:09<00:04:06,  0.60it/s, loss=0.0260]
Epoch 14:  75%|#######...| 440/585 [00:12:14<00:04:01,  0.60it/s, loss=0.0260]
Epoch 14:  76%|#######...| 444/585 [00:12:20<00:03:55,  0.60it/s, loss=0.0260]
Epoch 14:  76%|#######...| 447/585 [00:12:26<00:03:50,  0.60it/s, loss=0.0260]
Epoch 14:  77%|#######...| 451/585 [00:12:33<00:03:43,  0.60it/s, loss=0.0260]
Epoch 14:  78%|#######...| 455/585 [00:12:39<00:03:36,  0.60it/s, loss=0.0260]
Epoch 14:  78%|#######...| 458/585 [00:12:44<00:03:31,  0.60it/s, loss=0.0259]
Epoch 14:  79%|#######...| 462/585 [00:12:50<00:03:25,  0.60it/s, loss=0.0259]
Epoch 14:  80%|#######...| 466/585 [00:12:56<00:03:18,  0.60it/s, loss=0.0259]
Epoch 14:  80%|########..| 470/585 [00:13:03<00:03:11,  0.60it/s, loss=0.0258]
Epoch 14:  81%|########..| 473/585 [00:13:08<00:03:06,  0.60it/s, loss=0.0258]
Epoch 14:  82%|########..| 477/585 [00:13:15<00:03:00,  0.60it/s, loss=0.0258]
Epoch 14:  82%|########..| 481/585 [00:13:21<00:02:53,  0.60it/s, loss=0.0258]
Epoch 14:  83%|########..| 485/585 [00:13:27<00:02:46,  0.60it/s, loss=0.0257]
Epoch 14:  84%|########..| 489/585 [00:13:33<00:02:39,  0.60it/s, loss=0.0257]
Epoch 14:  84%|########..| 492/585 [00:13:38<00:02:34,  0.60it/s, loss=0.0257]
Epoch 14:  85%|########..| 496/585 [00:13:44<00:02:28,  0.60it/s, loss=0.0256]
Epoch 14:  85%|########..| 500/585 [00:13:51<00:02:21,  0.60it/s, loss=0.0256]
Epoch 14:  86%|########..| 504/585 [00:13:57<00:02:14,  0.60it/s, loss=0.0257]
Epoch 14:  87%|########..| 508/585 [00:14:04<00:02:07,  0.60it/s, loss=0.0257]
Epoch 14:  88%|########..| 512/585 [00:14:10<00:02:01,  0.60it/s, loss=0.0257]
Epoch 14:  88%|########..| 515/585 [00:14:16<00:01:56,  0.60it/s, loss=0.0256]
Epoch 14:  89%|########..| 518/585 [00:14:22<00:01:51,  0.60it/s, loss=0.0256]
Epoch 14:  89%|########..| 522/585 [00:14:29<00:01:44,  0.60it/s, loss=0.0257]
Epoch 14:  90%|########..| 526/585 [00:14:35<00:01:38,  0.60it/s, loss=0.0256]
Epoch 14:  91%|#########.| 530/585 [00:14:41<00:01:31,  0.60it/s, loss=0.0256]
Epoch 14:  91%|#########.| 533/585 [00:14:47<00:01:26,  0.60it/s, loss=0.0256]
Epoch 14:  92%|#########.| 536/585 [00:14:52<00:01:21,  0.60it/s, loss=0.0256]
Epoch 14:  92%|#########.| 539/585 [00:14:58<00:01:16,  0.60it/s, loss=0.0256]
Epoch 14:  93%|#########.| 543/585 [00:15:05<00:01:10,  0.60it/s, loss=0.0256]
Epoch 14:  93%|#########.| 546/585 [00:15:10<00:01:05,  0.60it/s, loss=0.0255]
Epoch 14:  94%|#########.| 550/585 [00:15:16<00:00:58,  0.60it/s, loss=0.0255]
Epoch 14:  95%|#########.| 554/585 [00:15:22<00:00:51,  0.60it/s, loss=0.0255]
Epoch 14:  95%|#########.| 558/585 [00:15:28<00:00:44,  0.60it/s, loss=0.0255]
Epoch 14:  96%|#########.| 561/585 [00:15:33<00:00:39,  0.60it/s, loss=0.0255]
Epoch 14:  96%|#########.| 564/585 [00:15:39<00:00:34,  0.60it/s, loss=0.0255]
Epoch 14:  97%|#########.| 568/585 [00:15:45<00:00:28,  0.60it/s, loss=0.0255]
Epoch 14:  98%|#########.| 572/585 [00:15:53<00:00:21,  0.60it/s, loss=0.0255]
Epoch 14:  98%|#########.| 576/585 [00:15:59<00:00:14,  0.60it/s, loss=0.0255]
Epoch 14:  99%|#########.| 580/585 [00:16:05<00:00:08,  0.60it/s, loss=0.0255]
Epoch 14: 100%|#########.| 583/585 [00:16:10<00:00:03,  0.60it/s, loss=0.0254]
Epoch 14: 100%|##########| 585/585 [00:16:14<00:00:00,  0.60it/s, loss=0.0254]
Test loss: 0.0241, Test rmsae: 8.17deg
{"event": "epoch_complete", "epoch": 14, "phase": 1, "lr": 0.0001, "batch_size": 1, "micro_batch_size": 1, "train_loss": 0.02543787934904934, "val_loss": 0.02413162964512594, "val_rmsae_deg": 8.170309945940971, "epoch_time_s": 975.2303248370299}
{"event": "checkpoint_saved", "tag": "best_rmsae", "epoch": 14, "path": "IFAN_Edge/outputs/stage3/ifan_stage3_long80_c8_r2_map_maba_20260516_154535/checkpoints/best_rmsae.pt", "val_rmsae_deg": 8.170309945940971}
Epoch 15/80:
Epoch 15:   1%|..........| 3/585 [00:00:05<00:16:39,  0.58it/s, loss=0.0288]
Epoch 15:   1%|..........| 7/585 [00:00:11<00:15:47,  0.61it/s, loss=0.0269]
Epoch 15:   2%|..........| 10/585 [00:00:16<00:16:03,  0.60it/s, loss=0.0268]
Epoch 15:   2%|..........| 13/585 [00:00:21<00:15:57,  0.60it/s, loss=0.0249]
Epoch 15:   3%|..........| 16/585 [00:00:26<00:15:55,  0.60it/s, loss=0.0247]
Epoch 15:   3%|..........| 19/585 [00:00:31<00:15:49,  0.60it/s, loss=0.0261]
Epoch 15:   4%|..........| 23/585 [00:00:38<00:15:29,  0.60it/s, loss=0.0254]
Epoch 15:   5%|..........| 27/585 [00:00:44<00:15:21,  0.61it/s, loss=0.0249]
Epoch 15:   5%|..........| 31/585 [00:00:51<00:15:15,  0.61it/s, loss=0.0252]
Epoch 15:   6%|..........| 35/585 [00:00:57<00:15:03,  0.61it/s, loss=0.0249]
Epoch 15:   7%|..........| 39/585 [00:01:04<00:15:07,  0.60it/s, loss=0.0247]
Epoch 15:   7%|..........| 43/585 [00:01:10<00:14:54,  0.61it/s, loss=0.0242]
Epoch 15:   8%|..........| 46/585 [00:01:16<00:14:58,  0.60it/s, loss=0.0243]
Epoch 15:   8%|..........| 49/585 [00:01:22<00:15:07,  0.59it/s, loss=0.0245]
Epoch 15:   9%|..........| 53/585 [00:01:29<00:14:57,  0.59it/s, loss=0.0241]
Epoch 15:  10%|..........| 56/585 [00:01:35<00:15:03,  0.59it/s, loss=0.0243]
Epoch 15:  10%|#.........| 60/585 [00:01:42<00:14:59,  0.58it/s, loss=0.0245]
Epoch 15:  11%|#.........| 64/585 [00:01:48<00:14:46,  0.59it/s, loss=0.0243]
Epoch 15:  11%|#.........| 67/585 [00:01:54<00:14:44,  0.59it/s, loss=0.0244]
Epoch 15:  12%|#.........| 71/585 [00:02:00<00:14:34,  0.59it/s, loss=0.0245]
Epoch 15:  13%|#.........| 75/585 [00:02:07<00:14:24,  0.59it/s, loss=0.0244]
Epoch 15:  14%|#.........| 79/585 [00:02:13<00:14:15,  0.59it/s, loss=0.0246]
Epoch 15:  14%|#.........| 82/585 [00:02:18<00:14:10,  0.59it/s, loss=0.0246]
Epoch 15:  15%|#.........| 85/585 [00:02:23<00:14:06,  0.59it/s, loss=0.0246]
Epoch 15:  15%|#.........| 89/585 [00:02:30<00:13:56,  0.59it/s, loss=0.0245]
Epoch 15:  16%|#.........| 93/585 [00:02:36<00:13:46,  0.59it/s, loss=0.0244]
Epoch 15:  16%|#.........| 96/585 [00:02:41<00:13:41,  0.60it/s, loss=0.0243]
Epoch 15:  17%|#.........| 100/585 [00:02:47<00:13:32,  0.60it/s, loss=0.0241]
Epoch 15:  18%|#.........| 104/585 [00:02:53<00:13:23,  0.60it/s, loss=0.0241]
Epoch 15:  18%|#.........| 108/585 [00:02:59<00:13:12,  0.60it/s, loss=0.0241]
Epoch 15:  19%|#.........| 112/585 [00:03:05<00:13:03,  0.60it/s, loss=0.0241]
Epoch 15:  20%|#.........| 116/585 [00:03:11<00:12:55,  0.60it/s, loss=0.0242]
Epoch 15:  21%|##........| 120/585 [00:03:18<00:12:47,  0.61it/s, loss=0.0241]
Epoch 15:  21%|##........| 123/585 [00:03:23<00:12:44,  0.60it/s, loss=0.0242]
Epoch 15:  22%|##........| 126/585 [00:03:29<00:12:41,  0.60it/s, loss=0.0242]
Epoch 15:  22%|##........| 129/585 [00:03:34<00:12:38,  0.60it/s, loss=0.0245]
Epoch 15:  23%|##........| 133/585 [00:03:40<00:12:30,  0.60it/s, loss=0.0244]
Epoch 15:  23%|##........| 136/585 [00:03:45<00:12:25,  0.60it/s, loss=0.0246]
Epoch 15:  24%|##........| 139/585 [00:03:51<00:12:21,  0.60it/s, loss=0.0247]
Epoch 15:  24%|##........| 143/585 [00:03:58<00:12:17,  0.60it/s, loss=0.0248]
Epoch 15:  25%|##........| 147/585 [00:04:04<00:12:09,  0.60it/s, loss=0.0248]
Epoch 15:  26%|##........| 150/585 [00:04:10<00:12:07,  0.60it/s, loss=0.0247]
Epoch 15:  26%|##........| 154/585 [00:04:16<00:11:58,  0.60it/s, loss=0.0247]
Epoch 15:  27%|##........| 158/585 [00:04:23<00:11:52,  0.60it/s, loss=0.0247]
Epoch 15:  28%|##........| 161/585 [00:04:29<00:11:48,  0.60it/s, loss=0.0247]
Epoch 15:  28%|##........| 164/585 [00:04:34<00:11:44,  0.60it/s, loss=0.0248]
Epoch 15:  29%|##........| 167/585 [00:04:39<00:11:39,  0.60it/s, loss=0.0248]
Epoch 15:  29%|##........| 171/585 [00:04:45<00:11:31,  0.60it/s, loss=0.0248]
Epoch 15:  30%|##........| 174/585 [00:04:51<00:11:27,  0.60it/s, loss=0.0248]
Epoch 15:  30%|###.......| 178/585 [00:04:57<00:11:20,  0.60it/s, loss=0.0247]
Epoch 15:  31%|###.......| 182/585 [00:05:03<00:11:12,  0.60it/s, loss=0.0247]
Epoch 15:  32%|###.......| 186/585 [00:05:09<00:11:04,  0.60it/s, loss=0.0247]
Epoch 15:  32%|###.......| 189/585 [00:05:15<00:11:00,  0.60it/s, loss=0.0248]
Epoch 15:  33%|###.......| 192/585 [00:05:21<00:10:57,  0.60it/s, loss=0.0248]
Epoch 15:  33%|###.......| 195/585 [00:05:26<00:10:52,  0.60it/s, loss=0.0247]
Epoch 15:  34%|###.......| 198/585 [00:05:31<00:10:48,  0.60it/s, loss=0.0247]
Epoch 15:  35%|###.......| 202/585 [00:05:37<00:10:40,  0.60it/s, loss=0.0247]
Epoch 15:  35%|###.......| 205/585 [00:05:42<00:10:35,  0.60it/s, loss=0.0247]
Epoch 15:  36%|###.......| 208/585 [00:05:48<00:10:31,  0.60it/s, loss=0.0247]
Epoch 15:  36%|###.......| 211/585 [00:05:53<00:10:26,  0.60it/s, loss=0.0248]
Epoch 15:  37%|###.......| 214/585 [00:05:58<00:10:21,  0.60it/s, loss=0.0248]
Epoch 15:  37%|###.......| 218/585 [00:06:04<00:10:14,  0.60it/s, loss=0.0248]
Epoch 15:  38%|###.......| 221/585 [00:06:10<00:10:09,  0.60it/s, loss=0.0248]
Epoch 15:  38%|###.......| 224/585 [00:06:15<00:10:04,  0.60it/s, loss=0.0249]
Epoch 15:  39%|###.......| 228/585 [00:06:21<00:09:57,  0.60it/s, loss=0.0249]
Epoch 15:  40%|###.......| 232/585 [00:06:28<00:09:50,  0.60it/s, loss=0.0249]
Epoch 15:  40%|####......| 236/585 [00:06:35<00:09:44,  0.60it/s, loss=0.0248]
Epoch 15:  41%|####......| 239/585 [00:06:41<00:09:41,  0.59it/s, loss=0.0252]
Epoch 15:  41%|####......| 242/585 [00:06:47<00:09:37,  0.59it/s, loss=0.0253]
Epoch 15:  42%|####......| 245/585 [00:06:53<00:09:33,  0.59it/s, loss=0.0253]
Epoch 15:  42%|####......| 248/585 [00:06:58<00:09:28,  0.59it/s, loss=0.0254]
Epoch 15:  43%|####......| 251/585 [00:07:03<00:09:23,  0.59it/s, loss=0.0254]
Epoch 15:  43%|####......| 254/585 [00:07:08<00:09:18,  0.59it/s, loss=0.0254]
Epoch 15:  44%|####......| 257/585 [00:07:13<00:09:13,  0.59it/s, loss=0.0254]
Epoch 15:  45%|####......| 261/585 [00:07:19<00:09:06,  0.59it/s, loss=0.0254]
Epoch 15:  45%|####......| 264/585 [00:07:25<00:09:01,  0.59it/s, loss=0.0254]
Epoch 15:  46%|####......| 267/585 [00:07:30<00:08:56,  0.59it/s, loss=0.0254]
Epoch 15:  46%|####......| 270/585 [00:07:35<00:08:51,  0.59it/s, loss=0.0254]
Epoch 15:  47%|####......| 273/585 [00:07:41<00:08:46,  0.59it/s, loss=0.0255]
Epoch 15:  47%|####......| 277/585 [00:07:47<00:08:39,  0.59it/s, loss=0.0254]
Epoch 15:  48%|####......| 281/585 [00:07:54<00:08:32,  0.59it/s, loss=0.0254]
Epoch 15:  49%|####......| 285/585 [00:08:01<00:08:26,  0.59it/s, loss=0.0255]
Epoch 15:  49%|####......| 288/585 [00:08:06<00:08:21,  0.59it/s, loss=0.0254]
Epoch 15:  50%|####......| 292/585 [00:08:12<00:08:14,  0.59it/s, loss=0.0255]
Epoch 15:  51%|#####.....| 296/585 [00:08:19<00:08:07,  0.59it/s, loss=0.0255]
Epoch 15:  51%|#####.....| 299/585 [00:08:24<00:08:02,  0.59it/s, loss=0.0256]
Epoch 15:  52%|#####.....| 303/585 [00:08:30<00:07:55,  0.59it/s, loss=0.0256]
Epoch 15:  52%|#####.....| 307/585 [00:08:37<00:07:48,  0.59it/s, loss=0.0258]
Epoch 15:  53%|#####.....| 310/585 [00:08:42<00:07:43,  0.59it/s, loss=0.0257]
Epoch 15:  54%|#####.....| 313/585 [00:08:48<00:07:39,  0.59it/s, loss=0.0258]
Epoch 15:  54%|#####.....| 317/585 [00:08:54<00:07:32,  0.59it/s, loss=0.0258]
Epoch 15:  55%|#####.....| 321/585 [00:09:01<00:07:25,  0.59it/s, loss=0.0258]
Epoch 15:  56%|#####.....| 325/585 [00:09:07<00:07:18,  0.59it/s, loss=0.0257]
Epoch 15:  56%|#####.....| 329/585 [00:09:13<00:07:10,  0.59it/s, loss=0.0256]
Epoch 15:  57%|#####.....| 333/585 [00:09:20<00:07:04,  0.59it/s, loss=0.0256]
Epoch 15:  58%|#####.....| 337/585 [00:09:26<00:06:56,  0.59it/s, loss=0.0256]
Epoch 15:  58%|#####.....| 341/585 [00:09:33<00:06:50,  0.60it/s, loss=0.0256]
Epoch 15:  59%|#####.....| 344/585 [00:09:38<00:06:45,  0.59it/s, loss=0.0256]
Epoch 15:  59%|#####.....| 348/585 [00:09:45<00:06:38,  0.59it/s, loss=0.0256]
Epoch 15:  60%|######....| 352/585 [00:09:51<00:06:31,  0.60it/s, loss=0.0256]
Epoch 15:  61%|######....| 356/585 [00:09:57<00:06:24,  0.60it/s, loss=0.0256]
Epoch 15:  62%|######....| 360/585 [00:10:04<00:06:17,  0.60it/s, loss=0.0255]
Epoch 15:  62%|######....| 363/585 [00:10:09<00:06:12,  0.60it/s, loss=0.0255]
Epoch 15:  63%|######....| 367/585 [00:10:16<00:06:05,  0.60it/s, loss=0.0255]
Epoch 15:  63%|######....| 370/585 [00:10:21<00:06:01,  0.60it/s, loss=0.0255]
Epoch 15:  64%|######....| 374/585 [00:10:27<00:05:54,  0.60it/s, loss=0.0255]
Epoch 15:  65%|######....| 378/585 [00:10:33<00:05:47,  0.60it/s, loss=0.0255]
Epoch 15:  65%|######....| 382/585 [00:10:40<00:05:40,  0.60it/s, loss=0.0255]
Epoch 15:  66%|######....| 386/585 [00:10:47<00:05:33,  0.60it/s, loss=0.0254]
Epoch 15:  67%|######....| 390/585 [00:10:53<00:05:26,  0.60it/s, loss=0.0254]
Epoch 15:  67%|######....| 394/585 [00:11:00<00:05:20,  0.60it/s, loss=0.0254]
Epoch 15:  68%|######....| 398/585 [00:11:07<00:05:13,  0.60it/s, loss=0.0254]
Epoch 15:  69%|######....| 401/585 [00:11:12<00:05:08,  0.60it/s, loss=0.0254]
Epoch 15:  69%|######....| 404/585 [00:11:17<00:05:03,  0.60it/s, loss=0.0253]
Epoch 15:  70%|######....| 408/585 [00:11:24<00:04:56,  0.60it/s, loss=0.0253]
Epoch 15:  70%|#######...| 411/585 [00:11:30<00:04:52,  0.60it/s, loss=0.0253]
Epoch 15:  71%|#######...| 414/585 [00:11:35<00:04:47,  0.60it/s, loss=0.0253]
Epoch 15:  71%|#######...| 417/585 [00:11:40<00:04:42,  0.59it/s, loss=0.0253]
Epoch 15:  72%|#######...| 421/585 [00:11:46<00:04:35,  0.60it/s, loss=0.0253]
Epoch 15:  72%|#######...| 424/585 [00:11:52<00:04:30,  0.59it/s, loss=0.0253]
Epoch 15:  73%|#######...| 428/585 [00:12:00<00:04:24,  0.59it/s, loss=0.0253]
Epoch 15:  74%|#######...| 431/585 [00:12:05<00:04:19,  0.59it/s, loss=0.0253]
Epoch 15:  74%|#######...| 434/585 [00:12:10<00:04:14,  0.59it/s, loss=0.0254]
Epoch 15:  75%|#######...| 437/585 [00:12:15<00:04:09,  0.59it/s, loss=0.0254]
Epoch 15:  75%|#######...| 440/585 [00:12:20<00:04:04,  0.59it/s, loss=0.0254]
Epoch 15:  76%|#######...| 444/585 [00:12:27<00:03:57,  0.59it/s, loss=0.0253]
Epoch 15:  77%|#######...| 448/585 [00:12:33<00:03:50,  0.59it/s, loss=0.0253]
Epoch 15:  77%|#######...| 452/585 [00:12:39<00:03:43,  0.60it/s, loss=0.0253]
Epoch 15:  78%|#######...| 455/585 [00:12:44<00:03:38,  0.59it/s, loss=0.0253]
Epoch 15:  78%|#######...| 459/585 [00:12:51<00:03:31,  0.59it/s, loss=0.0253]
Epoch 15:  79%|#######...| 462/585 [00:12:56<00:03:26,  0.59it/s, loss=0.0253]
Epoch 15:  79%|#######...| 465/585 [00:13:02<00:03:21,  0.59it/s, loss=0.0253]
Epoch 15:  80%|########..| 469/585 [00:13:08<00:03:14,  0.59it/s, loss=0.0252]
Epoch 15:  81%|########..| 473/585 [00:13:14<00:03:08,  0.60it/s, loss=0.0252]
Epoch 15:  82%|########..| 477/585 [00:13:20<00:03:01,  0.60it/s, loss=0.0252]
Epoch 15:  82%|########..| 480/585 [00:13:26<00:02:56,  0.60it/s, loss=0.0252]
Epoch 15:  83%|########..| 483/585 [00:13:31<00:02:51,  0.59it/s, loss=0.0252]
Epoch 15:  83%|########..| 487/585 [00:13:37<00:02:44,  0.60it/s, loss=0.0252]
Epoch 15:  84%|########..| 490/585 [00:13:43<00:02:39,  0.60it/s, loss=0.0252]
Epoch 15:  84%|########..| 494/585 [00:13:49<00:02:32,  0.60it/s, loss=0.0252]
Epoch 15:  85%|########..| 498/585 [00:13:55<00:02:26,  0.60it/s, loss=0.0252]
Epoch 15:  86%|########..| 501/585 [00:14:01<00:02:21,  0.60it/s, loss=0.0252]
Epoch 15:  86%|########..| 505/585 [00:14:07<00:02:14,  0.60it/s, loss=0.0252]
Epoch 15:  87%|########..| 509/585 [00:14:13<00:02:07,  0.60it/s, loss=0.0252]
Epoch 15:  88%|########..| 512/585 [00:14:18<00:02:02,  0.60it/s, loss=0.0252]
Epoch 15:  88%|########..| 516/585 [00:14:25<00:01:55,  0.60it/s, loss=0.0252]
Epoch 15:  89%|########..| 520/585 [00:14:31<00:01:48,  0.60it/s, loss=0.0252]
Epoch 15:  89%|########..| 523/585 [00:14:36<00:01:43,  0.60it/s, loss=0.0251]
Epoch 15:  90%|#########.| 527/585 [00:14:43<00:01:37,  0.60it/s, loss=0.0252]
Epoch 15:  91%|#########.| 531/585 [00:14:50<00:01:30,  0.60it/s, loss=0.0252]
Epoch 15:  91%|#########.| 535/585 [00:14:56<00:01:23,  0.60it/s, loss=0.0251]
Epoch 15:  92%|#########.| 538/585 [00:15:01<00:01:18,  0.60it/s, loss=0.0251]
Epoch 15:  93%|#########.| 542/585 [00:15:08<00:01:12,  0.60it/s, loss=0.0251]
Epoch 15:  93%|#########.| 546/585 [00:15:14<00:01:05,  0.60it/s, loss=0.0251]
Epoch 15:  94%|#########.| 549/585 [00:15:20<00:01:00,  0.60it/s, loss=0.0251]
Epoch 15:  94%|#########.| 552/585 [00:15:25<00:00:55,  0.60it/s, loss=0.0251]
Epoch 15:  95%|#########.| 555/585 [00:15:30<00:00:50,  0.60it/s, loss=0.0251]
Epoch 15:  96%|#########.| 559/585 [00:15:37<00:00:43,  0.60it/s, loss=0.0251]
Epoch 15:  96%|#########.| 563/585 [00:15:43<00:00:36,  0.60it/s, loss=0.0251]
Epoch 15:  97%|#########.| 566/585 [00:15:48<00:00:31,  0.60it/s, loss=0.0252]
Epoch 15:  97%|#########.| 569/585 [00:15:53<00:00:26,  0.60it/s, loss=0.0251]
Epoch 15:  98%|#########.| 573/585 [00:15:59<00:00:20,  0.60it/s, loss=0.0251]
Epoch 15:  98%|#########.| 576/585 [00:16:04<00:00:15,  0.60it/s, loss=0.0252]
Epoch 15:  99%|#########.| 580/585 [00:16:13<00:00:08,  0.60it/s, loss=0.0252]
Epoch 15: 100%|#########.| 583/585 [00:16:18<00:00:03,  0.60it/s, loss=0.0252]
Epoch 15: 100%|##########| 585/585 [00:16:22<00:00:00,  0.60it/s, loss=0.0252]
Test loss: 0.0238, Test rmsae: 8.25deg
{"event": "epoch_complete", "epoch": 15, "phase": 1, "lr": 0.0001, "batch_size": 1, "micro_batch_size": 1, "train_loss": 0.025237389190647847, "val_loss": 0.02380487375194207, "val_rmsae_deg": 8.249665006995201, "epoch_time_s": 983.8246501499088}
Epoch 16/80:
Epoch 16:   1%|..........| 4/585 [00:00:05<00:14:04,  0.69it/s, loss=0.0205]
Epoch 16:   1%|..........| 8/585 [00:00:11<00:14:13,  0.68it/s, loss=0.0210]
Epoch 16:   2%|..........| 11/585 [00:00:18<00:16:01,  0.60it/s, loss=0.0221]
Epoch 16:   2%|..........| 14/585 [00:00:23<00:16:16,  0.58it/s, loss=0.0241]
Epoch 16:   3%|..........| 18/585 [00:00:30<00:15:57,  0.59it/s, loss=0.0250]
Epoch 16:   4%|..........| 21/585 [00:00:36<00:16:08,  0.58it/s, loss=0.0253]
Epoch 16:   4%|..........| 25/585 [00:00:41<00:15:39,  0.60it/s, loss=0.0245]
Epoch 16:   5%|..........| 29/585 [00:00:48<00:15:23,  0.60it/s, loss=0.0243]
Epoch 16:   6%|..........| 33/585 [00:00:54<00:15:04,  0.61it/s, loss=0.0238]
Epoch 16:   6%|..........| 37/585 [00:01:00<00:14:56,  0.61it/s, loss=0.0239]
Epoch 16:   7%|..........| 41/585 [00:01:07<00:14:50,  0.61it/s, loss=0.0242]
Epoch 16:   8%|..........| 44/585 [00:01:12<00:14:47,  0.61it/s, loss=0.0242]
Epoch 16:   8%|..........| 47/585 [00:01:17<00:14:45,  0.61it/s, loss=0.0241]
Epoch 16:   9%|..........| 51/585 [00:01:23<00:14:34,  0.61it/s, loss=0.0240]
Epoch 16:   9%|..........| 55/585 [00:01:29<00:14:26,  0.61it/s, loss=0.0239]
Epoch 16:  10%|#.........| 59/585 [00:01:36<00:14:19,  0.61it/s, loss=0.0241]
Epoch 16:  11%|#.........| 62/585 [00:01:41<00:14:16,  0.61it/s, loss=0.0240]
Epoch 16:  11%|#.........| 65/585 [00:01:48<00:14:31,  0.60it/s, loss=0.0240]
Epoch 16:  12%|#.........| 68/585 [00:01:54<00:14:27,  0.60it/s, loss=0.0242]
Epoch 16:  12%|#.........| 72/585 [00:02:00<00:14:20,  0.60it/s, loss=0.0242]
Epoch 16:  13%|#.........| 76/585 [00:02:07<00:14:13,  0.60it/s, loss=0.0244]
Epoch 16:  14%|#.........| 79/585 [00:02:12<00:14:09,  0.60it/s, loss=0.0245]
Epoch 16:  14%|#.........| 82/585 [00:02:17<00:14:05,  0.59it/s, loss=0.0246]
Epoch 16:  15%|#.........| 86/585 [00:02:23<00:13:53,  0.60it/s, loss=0.0246]
Epoch 16:  15%|#.........| 89/585 [00:02:29<00:13:55,  0.59it/s, loss=0.0248]
Epoch 16:  16%|#.........| 93/585 [00:02:36<00:13:48,  0.59it/s, loss=0.0248]
Epoch 16:  16%|#.........| 96/585 [00:02:42<00:13:46,  0.59it/s, loss=0.0249]
Epoch 16:  17%|#.........| 99/585 [00:02:47<00:13:43,  0.59it/s, loss=0.0250]
Epoch 16:  17%|#.........| 102/585 [00:02:52<00:13:38,  0.59it/s, loss=0.0251]
Epoch 16:  18%|#.........| 106/585 [00:02:59<00:13:29,  0.59it/s, loss=0.0250]
Epoch 16:  19%|#.........| 109/585 [00:03:04<00:13:24,  0.59it/s, loss=0.0250]
Epoch 16:  19%|#.........| 112/585 [00:03:09<00:13:19,  0.59it/s, loss=0.0251]
Epoch 16:  20%|#.........| 115/585 [00:03:14<00:13:14,  0.59it/s, loss=0.0250]
Epoch 16:  20%|##........| 119/585 [00:03:20<00:13:04,  0.59it/s, loss=0.0250]
Epoch 16:  21%|##........| 123/585 [00:03:27<00:12:57,  0.59it/s, loss=0.0258]
Epoch 16:  22%|##........| 126/585 [00:03:32<00:12:52,  0.59it/s, loss=0.0258]
Epoch 16:  22%|##........| 130/585 [00:03:39<00:12:49,  0.59it/s, loss=0.0257]
Epoch 16:  23%|##........| 133/585 [00:03:44<00:12:44,  0.59it/s, loss=0.0257]
Epoch 16:  23%|##........| 137/585 [00:03:50<00:12:35,  0.59it/s, loss=0.0256]
Epoch 16:  24%|##........| 141/585 [00:03:57<00:12:27,  0.59it/s, loss=0.0256]
Epoch 16:  25%|##........| 144/585 [00:04:02<00:12:23,  0.59it/s, loss=0.0257]
Epoch 16:  25%|##........| 148/585 [00:04:09<00:12:15,  0.59it/s, loss=0.0256]
Epoch 16:  26%|##........| 151/585 [00:04:14<00:12:10,  0.59it/s, loss=0.0257]
Epoch 16:  26%|##........| 155/585 [00:04:20<00:12:02,  0.60it/s, loss=0.0256]
Epoch 16:  27%|##........| 159/585 [00:04:26<00:11:53,  0.60it/s, loss=0.0255]
Epoch 16:  28%|##........| 162/585 [00:04:31<00:11:48,  0.60it/s, loss=0.0255]
Epoch 16:  28%|##........| 165/585 [00:04:36<00:11:43,  0.60it/s, loss=0.0255]
Epoch 16:  29%|##........| 168/585 [00:04:41<00:11:39,  0.60it/s, loss=0.0254]
Epoch 16:  29%|##........| 171/585 [00:04:46<00:11:34,  0.60it/s, loss=0.0254]
Epoch 16:  30%|##........| 175/585 [00:04:53<00:11:27,  0.60it/s, loss=0.0253]
Epoch 16:  31%|###.......| 179/585 [00:05:00<00:11:20,  0.60it/s, loss=0.0253]
Epoch 16:  31%|###.......| 182/585 [00:05:05<00:11:17,  0.60it/s, loss=0.0252]
Epoch 16:  32%|###.......| 186/585 [00:05:11<00:11:09,  0.60it/s, loss=0.0252]
Epoch 16:  32%|###.......| 189/585 [00:05:17<00:11:04,  0.60it/s, loss=0.0251]
Epoch 16:  33%|###.......| 193/585 [00:05:23<00:10:57,  0.60it/s, loss=0.0250]
Epoch 16:  34%|###.......| 197/585 [00:05:29<00:10:49,  0.60it/s, loss=0.0250]
Epoch 16:  34%|###.......| 200/585 [00:05:34<00:10:44,  0.60it/s, loss=0.0249]
Epoch 16:  35%|###.......| 203/585 [00:05:40<00:10:40,  0.60it/s, loss=0.0250]
Epoch 16:  35%|###.......| 207/585 [00:05:46<00:10:33,  0.60it/s, loss=0.0249]
Epoch 16:  36%|###.......| 210/585 [00:05:52<00:10:29,  0.60it/s, loss=0.0252]
Epoch 16:  37%|###.......| 214/585 [00:05:59<00:10:23,  0.60it/s, loss=0.0251]
Epoch 16:  37%|###.......| 218/585 [00:06:06<00:10:17,  0.59it/s, loss=0.0250]
Epoch 16:  38%|###.......| 222/585 [00:06:13<00:10:10,  0.59it/s, loss=0.0250]
Epoch 16:  39%|###.......| 226/585 [00:06:19<00:10:02,  0.60it/s, loss=0.0250]
Epoch 16:  39%|###.......| 230/585 [00:06:25<00:09:55,  0.60it/s, loss=0.0250]
Epoch 16:  40%|####......| 234/585 [00:06:32<00:09:48,  0.60it/s, loss=0.0250]
Epoch 16:  41%|####......| 238/585 [00:06:38<00:09:41,  0.60it/s, loss=0.0250]
Epoch 16:  41%|####......| 242/585 [00:06:45<00:09:34,  0.60it/s, loss=0.0250]
Epoch 16:  42%|####......| 246/585 [00:06:51<00:09:27,  0.60it/s, loss=0.0250]
Epoch 16:  43%|####......| 249/585 [00:06:57<00:09:23,  0.60it/s, loss=0.0250]
Epoch 16:  43%|####......| 252/585 [00:07:02<00:09:18,  0.60it/s, loss=0.0250]
Epoch 16:  44%|####......| 256/585 [00:07:09<00:09:12,  0.60it/s, loss=0.0249]
Epoch 16:  44%|####......| 259/585 [00:07:14<00:09:07,  0.60it/s, loss=0.0249]
Epoch 16:  45%|####......| 263/585 [00:07:20<00:08:59,  0.60it/s, loss=0.0249]
Epoch 16:  46%|####......| 267/585 [00:07:27<00:08:52,  0.60it/s, loss=0.0249]
Epoch 16:  46%|####......| 271/585 [00:07:33<00:08:45,  0.60it/s, loss=0.0248]
Epoch 16:  47%|####......| 275/585 [00:07:39<00:08:37,  0.60it/s, loss=0.0248]
Epoch 16:  48%|####......| 278/585 [00:07:44<00:08:33,  0.60it/s, loss=0.0248]
Epoch 16:  48%|####......| 282/585 [00:07:50<00:08:25,  0.60it/s, loss=0.0249]
Epoch 16:  49%|####......| 285/585 [00:07:56<00:08:21,  0.60it/s, loss=0.0249]
Epoch 16:  49%|####......| 288/585 [00:08:02<00:08:17,  0.60it/s, loss=0.0249]
Epoch 16:  50%|####......| 292/585 [00:08:08<00:08:09,  0.60it/s, loss=0.0250]
Epoch 16:  50%|#####.....| 295/585 [00:08:14<00:08:05,  0.60it/s, loss=0.0250]
Epoch 16:  51%|#####.....| 299/585 [00:08:20<00:07:58,  0.60it/s, loss=0.0250]
Epoch 16:  52%|#####.....| 303/585 [00:08:27<00:07:51,  0.60it/s, loss=0.0250]
Epoch 16:  52%|#####.....| 307/585 [00:08:33<00:07:44,  0.60it/s, loss=0.0249]
Epoch 16:  53%|#####.....| 310/585 [00:08:38<00:07:39,  0.60it/s, loss=0.0249]
Epoch 16:  54%|#####.....| 313/585 [00:08:44<00:07:35,  0.60it/s, loss=0.0249]
Epoch 16:  54%|#####.....| 317/585 [00:08:51<00:07:29,  0.60it/s, loss=0.0249]
Epoch 16:  55%|#####.....| 320/585 [00:08:56<00:07:24,  0.60it/s, loss=0.0249]
Epoch 16:  55%|#####.....| 323/585 [00:09:01<00:07:19,  0.60it/s, loss=0.0249]
Epoch 16:  56%|#####.....| 327/585 [00:09:08<00:07:12,  0.60it/s, loss=0.0249]
Epoch 16:  57%|#####.....| 331/585 [00:09:14<00:07:05,  0.60it/s, loss=0.0248]
Epoch 16:  57%|#####.....| 335/585 [00:09:20<00:06:58,  0.60it/s, loss=0.0248]
Epoch 16:  58%|#####.....| 338/585 [00:09:26<00:06:53,  0.60it/s, loss=0.0248]
Epoch 16:  58%|#####.....| 342/585 [00:09:32<00:06:46,  0.60it/s, loss=0.0248]
Epoch 16:  59%|#####.....| 346/585 [00:09:38<00:06:39,  0.60it/s, loss=0.0248]
Epoch 16:  60%|#####.....| 350/585 [00:09:44<00:06:32,  0.60it/s, loss=0.0248]
Epoch 16:  60%|######....| 353/585 [00:09:49<00:06:27,  0.60it/s, loss=0.0247]
Epoch 16:  61%|######....| 357/585 [00:09:55<00:06:20,  0.60it/s, loss=0.0247]
Epoch 16:  62%|######....| 361/585 [00:10:02<00:06:13,  0.60it/s, loss=0.0247]
Epoch 16:  62%|######....| 364/585 [00:10:07<00:06:08,  0.60it/s, loss=0.0247]
Epoch 16:  63%|######....| 367/585 [00:10:13<00:06:04,  0.60it/s, loss=0.0247]
Epoch 16:  63%|######....| 371/585 [00:10:20<00:05:57,  0.60it/s, loss=0.0247]
Epoch 16:  64%|######....| 375/585 [00:10:26<00:05:50,  0.60it/s, loss=0.0247]
Epoch 16:  65%|######....| 378/585 [00:10:31<00:05:45,  0.60it/s, loss=0.0246]
Epoch 16:  65%|######....| 382/585 [00:10:38<00:05:39,  0.60it/s, loss=0.0246]
Epoch 16:  66%|######....| 385/585 [00:10:44<00:05:34,  0.60it/s, loss=0.0246]
Epoch 16:  66%|######....| 388/585 [00:10:49<00:05:29,  0.60it/s, loss=0.0246]
Epoch 16:  67%|######....| 391/585 [00:10:55<00:05:25,  0.60it/s, loss=0.0246]
Epoch 16:  68%|######....| 395/585 [00:11:02<00:05:18,  0.60it/s, loss=0.0246]
Epoch 16:  68%|######....| 399/585 [00:11:08<00:05:11,  0.60it/s, loss=0.0246]
Epoch 16:  69%|######....| 403/585 [00:11:14<00:05:04,  0.60it/s, loss=0.0246]
Epoch 16:  70%|######....| 407/585 [00:11:21<00:04:57,  0.60it/s, loss=0.0246]
Epoch 16:  70%|#######...| 410/585 [00:11:26<00:04:53,  0.60it/s, loss=0.0246]
Epoch 16:  71%|#######...| 413/585 [00:11:31<00:04:48,  0.60it/s, loss=0.0246]
Epoch 16:  71%|#######...| 417/585 [00:11:38<00:04:41,  0.60it/s, loss=0.0246]
Epoch 16:  72%|#######...| 420/585 [00:11:43<00:04:36,  0.60it/s, loss=0.0246]
Epoch 16:  72%|#######...| 424/585 [00:11:49<00:04:29,  0.60it/s, loss=0.0246]
Epoch 16:  73%|#######...| 428/585 [00:11:57<00:04:23,  0.60it/s, loss=0.0246]
Epoch 16:  74%|#######...| 431/585 [00:12:03<00:04:18,  0.60it/s, loss=0.0247]
Epoch 16:  74%|#######...| 434/585 [00:12:09<00:04:13,  0.60it/s, loss=0.0247]
Epoch 16:  75%|#######...| 437/585 [00:12:14<00:04:08,  0.59it/s, loss=0.0247]
Epoch 16:  75%|#######...| 441/585 [00:12:20<00:04:01,  0.60it/s, loss=0.0247]
Epoch 16:  76%|#######...| 445/585 [00:12:26<00:03:54,  0.60it/s, loss=0.0247]
Epoch 16:  77%|#######...| 448/585 [00:12:32<00:03:49,  0.60it/s, loss=0.0247]
Epoch 16:  77%|#######...| 452/585 [00:12:38<00:03:43,  0.60it/s, loss=0.0247]
Epoch 16:  78%|#######...| 455/585 [00:12:44<00:03:38,  0.60it/s, loss=0.0247]
Epoch 16:  78%|#######...| 459/585 [00:12:50<00:03:31,  0.60it/s, loss=0.0247]
Epoch 16:  79%|#######...| 463/585 [00:12:56<00:03:24,  0.60it/s, loss=0.0246]
Epoch 16:  80%|#######...| 467/585 [00:13:03<00:03:17,  0.60it/s, loss=0.0247]
Epoch 16:  81%|########..| 471/585 [00:13:09<00:03:11,  0.60it/s, loss=0.0247]
Epoch 16:  81%|########..| 475/585 [00:13:15<00:03:04,  0.60it/s, loss=0.0247]
Epoch 16:  82%|########..| 478/585 [00:13:20<00:02:59,  0.60it/s, loss=0.0247]
Epoch 16:  82%|########..| 481/585 [00:13:26<00:02:54,  0.60it/s, loss=0.0247]
Epoch 16:  83%|########..| 484/585 [00:13:32<00:02:49,  0.60it/s, loss=0.0248]
Epoch 16:  83%|########..| 487/585 [00:13:37<00:02:44,  0.60it/s, loss=0.0248]
Epoch 16:  84%|########..| 491/585 [00:13:44<00:02:37,  0.60it/s, loss=0.0248]
Epoch 16:  84%|########..| 494/585 [00:13:49<00:02:32,  0.60it/s, loss=0.0248]
Epoch 16:  85%|########..| 497/585 [00:13:54<00:02:27,  0.60it/s, loss=0.0248]
Epoch 16:  85%|########..| 500/585 [00:13:59<00:02:22,  0.60it/s, loss=0.0248]
Epoch 16:  86%|########..| 504/585 [00:14:06<00:02:15,  0.60it/s, loss=0.0247]
Epoch 16:  87%|########..| 507/585 [00:14:11<00:02:11,  0.60it/s, loss=0.0248]
Epoch 16:  87%|########..| 511/585 [00:14:17<00:02:04,  0.60it/s, loss=0.0248]
Epoch 16:  88%|########..| 514/585 [00:14:23<00:01:59,  0.60it/s, loss=0.0248]
Epoch 16:  88%|########..| 517/585 [00:14:29<00:01:54,  0.59it/s, loss=0.0248]
Epoch 16:  89%|########..| 520/585 [00:14:34<00:01:49,  0.59it/s, loss=0.0248]
Epoch 16:  89%|########..| 523/585 [00:14:39<00:01:44,  0.59it/s, loss=0.0248]
Epoch 16:  90%|#########.| 527/585 [00:14:45<00:01:37,  0.60it/s, loss=0.0248]
Epoch 16:  91%|#########.| 531/585 [00:14:52<00:01:30,  0.60it/s, loss=0.0248]
Epoch 16:  91%|#########.| 535/585 [00:14:58<00:01:23,  0.60it/s, loss=0.0248]
Epoch 16:  92%|#########.| 538/585 [00:15:03<00:01:18,  0.60it/s, loss=0.0248]
Epoch 16:  93%|#########.| 542/585 [00:15:09<00:01:12,  0.60it/s, loss=0.0248]
Epoch 16:  93%|#########.| 546/585 [00:15:16<00:01:05,  0.60it/s, loss=0.0248]
Epoch 16:  94%|#########.| 550/585 [00:15:23<00:00:58,  0.60it/s, loss=0.0247]
Epoch 16:  95%|#########.| 554/585 [00:15:29<00:00:51,  0.60it/s, loss=0.0248]
Epoch 16:  95%|#########.| 557/585 [00:15:34<00:00:46,  0.60it/s, loss=0.0248]
Epoch 16:  96%|#########.| 561/585 [00:15:40<00:00:40,  0.60it/s, loss=0.0248]
Epoch 16:  96%|#########.| 564/585 [00:15:45<00:00:35,  0.60it/s, loss=0.0248]
Epoch 16:  97%|#########.| 568/585 [00:15:52<00:00:28,  0.60it/s, loss=0.0248]
Epoch 16:  98%|#########.| 572/585 [00:15:58<00:00:21,  0.60it/s, loss=0.0248]
Epoch 16:  98%|#########.| 575/585 [00:16:03<00:00:16,  0.60it/s, loss=0.0248]
Epoch 16:  99%|#########.| 578/585 [00:16:08<00:00:11,  0.60it/s, loss=0.0248]
Epoch 16:  99%|#########.| 581/585 [00:16:15<00:00:06,  0.60it/s, loss=0.0248]
Epoch 16: 100%|##########| 585/585 [00:16:21<00:00:00,  0.60it/s, loss=0.0248]
Test loss: 0.0239, Test rmsae: 7.51deg
{"event": "epoch_complete", "epoch": 16, "phase": 1, "lr": 0.0001, "batch_size": 1, "micro_batch_size": 1, "train_loss": 0.024808127167196863, "val_loss": 0.023933975375257432, "val_rmsae_deg": 7.507515966892242, "epoch_time_s": 982.5535868399311}
{"event": "checkpoint_saved", "tag": "best_rmsae", "epoch": 16, "path": "IFAN_Edge/outputs/stage3/ifan_stage3_long80_c8_r2_map_maba_20260516_154535/checkpoints/best_rmsae.pt", "val_rmsae_deg": 7.507515966892242}
Epoch 17/80:
Epoch 17:   1%|..........| 4/585 [00:00:06<00:14:44,  0.66it/s, loss=0.0280]
Epoch 17:   1%|..........| 7/585 [00:00:11<00:15:20,  0.63it/s, loss=0.0272]
Epoch 17:   2%|..........| 10/585 [00:00:16<00:15:31,  0.62it/s, loss=0.0267]
Epoch 17:   2%|..........| 14/585 [00:00:22<00:15:10,  0.63it/s, loss=0.0260]
Epoch 17:   3%|..........| 17/585 [00:00:27<00:15:33,  0.61it/s, loss=0.0259]
Epoch 17:   3%|..........| 20/585 [00:00:33<00:15:56,  0.59it/s, loss=0.0267]
Epoch 17:   4%|..........| 24/585 [00:00:39<00:15:31,  0.60it/s, loss=0.0263]
Epoch 17:   5%|..........| 28/585 [00:00:46<00:15:17,  0.61it/s, loss=0.0257]
Epoch 17:   5%|..........| 32/585 [00:00:52<00:15:11,  0.61it/s, loss=0.0253]
Epoch 17:   6%|..........| 36/585 [00:00:59<00:15:02,  0.61it/s, loss=0.0251]
Epoch 17:   7%|..........| 40/585 [00:01:05<00:14:55,  0.61it/s, loss=0.0251]
Epoch 17:   7%|..........| 43/585 [00:01:11<00:15:04,  0.60it/s, loss=0.0252]
Epoch 17:   8%|..........| 47/585 [00:01:18<00:15:03,  0.60it/s, loss=0.0255]
Epoch 17:   9%|..........| 50/585 [00:01:24<00:14:59,  0.59it/s, loss=0.0254]
Epoch 17:   9%|..........| 54/585 [00:01:30<00:14:45,  0.60it/s, loss=0.0253]
Epoch 17:  10%|..........| 58/585 [00:01:36<00:14:36,  0.60it/s, loss=0.0254]
Epoch 17:  10%|#.........| 61/585 [00:01:41<00:14:33,  0.60it/s, loss=0.0255]
Epoch 17:  11%|#.........| 65/585 [00:01:48<00:14:25,  0.60it/s, loss=0.0254]
Epoch 17:  12%|#.........| 68/585 [00:01:53<00:14:23,  0.60it/s, loss=0.0254]
Epoch 17:  12%|#.........| 71/585 [00:01:59<00:14:22,  0.60it/s, loss=0.0253]
Epoch 17:  13%|#.........| 74/585 [00:02:05<00:14:27,  0.59it/s, loss=0.0254]
Epoch 17:  13%|#.........| 77/585 [00:02:10<00:14:23,  0.59it/s, loss=0.0254]
Epoch 17:  14%|#.........| 81/585 [00:02:17<00:14:16,  0.59it/s, loss=0.0255]
Epoch 17:  15%|#.........| 85/585 [00:02:24<00:14:07,  0.59it/s, loss=0.0254]
Epoch 17:  15%|#.........| 89/585 [00:02:30<00:13:56,  0.59it/s, loss=0.0253]
Epoch 17:  16%|#.........| 93/585 [00:02:36<00:13:47,  0.59it/s, loss=0.0253]
Epoch 17:  17%|#.........| 97/585 [00:02:42<00:13:39,  0.60it/s, loss=0.0252]
Epoch 17:  17%|#.........| 100/585 [00:02:48<00:13:35,  0.59it/s, loss=0.0251]
Epoch 17:  18%|#.........| 104/585 [00:02:54<00:13:27,  0.60it/s, loss=0.0251]
Epoch 17:  18%|#.........| 107/585 [00:02:59<00:13:22,  0.60it/s, loss=0.0250]
Epoch 17:  19%|#.........| 110/585 [00:03:04<00:13:17,  0.60it/s, loss=0.0249]
Epoch 17:  19%|#.........| 113/585 [00:03:10<00:13:14,  0.59it/s, loss=0.0249]
Epoch 17:  20%|#.........| 116/585 [00:03:15<00:13:09,  0.59it/s, loss=0.0251]
Epoch 17:  20%|##........| 119/585 [00:03:20<00:13:04,  0.59it/s, loss=0.0251]
Epoch 17:  21%|##........| 122/585 [00:03:26<00:13:02,  0.59it/s, loss=0.0250]
Epoch 17:  22%|##........| 126/585 [00:03:32<00:12:55,  0.59it/s, loss=0.0249]
Epoch 17:  22%|##........| 129/585 [00:03:39<00:12:54,  0.59it/s, loss=0.0250]
Epoch 17:  23%|##........| 133/585 [00:03:46<00:12:48,  0.59it/s, loss=0.0257]
Epoch 17:  23%|##........| 137/585 [00:03:52<00:12:39,  0.59it/s, loss=0.0256]
Epoch 17:  24%|##........| 141/585 [00:03:58<00:12:31,  0.59it/s, loss=0.0255]
Epoch 17:  25%|##........| 145/585 [00:04:04<00:12:22,  0.59it/s, loss=0.0255]
Epoch 17:  25%|##........| 148/585 [00:04:10<00:12:19,  0.59it/s, loss=0.0255]
Epoch 17:  26%|##........| 152/585 [00:04:16<00:12:10,  0.59it/s, loss=0.0254]
Epoch 17:  26%|##........| 155/585 [00:04:21<00:12:06,  0.59it/s, loss=0.0255]
Epoch 17:  27%|##........| 159/585 [00:04:28<00:11:58,  0.59it/s, loss=0.0254]
Epoch 17:  28%|##........| 163/585 [00:04:34<00:11:50,  0.59it/s, loss=0.0259]
Epoch 17:  28%|##........| 166/585 [00:04:39<00:11:45,  0.59it/s, loss=0.0260]
Epoch 17:  29%|##........| 169/585 [00:04:44<00:11:41,  0.59it/s, loss=0.0260]
Epoch 17:  29%|##........| 172/585 [00:04:50<00:11:36,  0.59it/s, loss=0.0260]
Epoch 17:  30%|###.......| 176/585 [00:04:56<00:11:29,  0.59it/s, loss=0.0259]
Epoch 17:  31%|###.......| 180/585 [00:05:03<00:11:22,  0.59it/s, loss=0.0259]
Epoch 17:  31%|###.......| 183/585 [00:05:08<00:11:17,  0.59it/s, loss=0.0259]
Epoch 17:  32%|###.......| 186/585 [00:05:13<00:11:12,  0.59it/s, loss=0.0259]
Epoch 17:  32%|###.......| 190/585 [00:05:20<00:11:05,  0.59it/s, loss=0.0259]
Epoch 17:  33%|###.......| 193/585 [00:05:25<00:11:00,  0.59it/s, loss=0.0260]
Epoch 17:  34%|###.......| 196/585 [00:05:31<00:10:57,  0.59it/s, loss=0.0261]
Epoch 17:  34%|###.......| 200/585 [00:05:37<00:10:50,  0.59it/s, loss=0.0263]
Epoch 17:  35%|###.......| 203/585 [00:05:43<00:10:45,  0.59it/s, loss=0.0263]
Epoch 17:  35%|###.......| 207/585 [00:05:49<00:10:38,  0.59it/s, loss=0.0263]
Epoch 17:  36%|###.......| 211/585 [00:05:56<00:10:31,  0.59it/s, loss=0.0262]
Epoch 17:  37%|###.......| 214/585 [00:06:01<00:10:26,  0.59it/s, loss=0.0262]
Epoch 17:  37%|###.......| 217/585 [00:06:06<00:10:22,  0.59it/s, loss=0.0262]
Epoch 17:  38%|###.......| 221/585 [00:06:14<00:10:16,  0.59it/s, loss=0.0262]
Epoch 17:  38%|###.......| 225/585 [00:06:21<00:10:09,  0.59it/s, loss=0.0262]
Epoch 17:  39%|###.......| 228/585 [00:06:26<00:10:04,  0.59it/s, loss=0.0262]
Epoch 17:  40%|###.......| 232/585 [00:06:32<00:09:57,  0.59it/s, loss=0.0262]
Epoch 17:  40%|####......| 235/585 [00:06:38<00:09:53,  0.59it/s, loss=0.0262]
Epoch 17:  41%|####......| 239/585 [00:06:44<00:09:45,  0.59it/s, loss=0.0262]
Epoch 17:  41%|####......| 242/585 [00:06:50<00:09:42,  0.59it/s, loss=0.0262]
Epoch 17:  42%|####......| 246/585 [00:06:57<00:09:35,  0.59it/s, loss=0.0263]
Epoch 17:  43%|####......| 249/585 [00:07:02<00:09:29,  0.59it/s, loss=0.0262]
Epoch 17:  43%|####......| 253/585 [00:07:09<00:09:23,  0.59it/s, loss=0.0262]
Epoch 17:  44%|####......| 257/585 [00:07:15<00:09:15,  0.59it/s, loss=0.0262]
Epoch 17:  44%|####......| 260/585 [00:07:20<00:09:10,  0.59it/s, loss=0.0262]
Epoch 17:  45%|####......| 264/585 [00:07:27<00:09:04,  0.59it/s, loss=0.0262]
Epoch 17:  46%|####......| 268/585 [00:07:34<00:08:58,  0.59it/s, loss=0.0262]
Epoch 17:  46%|####......| 272/585 [00:07:41<00:08:50,  0.59it/s, loss=0.0261]
Epoch 17:  47%|####......| 275/585 [00:07:46<00:08:46,  0.59it/s, loss=0.0261]
Epoch 17:  47%|####......| 277/585 [00:07:52<00:08:45,  0.59it/s, loss=0.0261]
Epoch 17:  48%|####......| 280/585 [00:07:58<00:08:41,  0.59it/s, loss=0.0261]
Epoch 17:  48%|####......| 283/585 [00:08:03<00:08:35,  0.59it/s, loss=0.0261]
Epoch 17:  49%|####......| 286/585 [00:08:08<00:08:30,  0.59it/s, loss=0.0261]
Epoch 17:  49%|####......| 289/585 [00:08:13<00:08:25,  0.59it/s, loss=0.0261]
Epoch 17:  50%|####......| 292/585 [00:08:19<00:08:20,  0.58it/s, loss=0.0261]
Epoch 17:  51%|#####.....| 296/585 [00:08:25<00:08:13,  0.59it/s, loss=0.0261]
Epoch 17:  51%|#####.....| 299/585 [00:08:30<00:08:08,  0.59it/s, loss=0.0261]
Epoch 17:  52%|#####.....| 303/585 [00:08:36<00:08:00,  0.59it/s, loss=0.0260]
Epoch 17:  52%|#####.....| 306/585 [00:08:42<00:07:56,  0.59it/s, loss=0.0260]
Epoch 17:  53%|#####.....| 310/585 [00:08:48<00:07:49,  0.59it/s, loss=0.0260]
Epoch 17:  54%|#####.....| 314/585 [00:08:55<00:07:42,  0.59it/s, loss=0.0260]
Epoch 17:  54%|#####.....| 317/585 [00:09:00<00:07:37,  0.59it/s, loss=0.0259]
Epoch 17:  55%|#####.....| 321/585 [00:09:07<00:07:30,  0.59it/s, loss=0.0259]
Epoch 17:  55%|#####.....| 324/585 [00:09:12<00:07:25,  0.59it/s, loss=0.0259]
Epoch 17:  56%|#####.....| 328/585 [00:09:19<00:07:18,  0.59it/s, loss=0.0259]
Epoch 17:  57%|#####.....| 331/585 [00:09:24<00:07:13,  0.59it/s, loss=0.0259]
Epoch 17:  57%|#####.....| 334/585 [00:09:30<00:07:08,  0.59it/s, loss=0.0259]
Epoch 17:  58%|#####.....| 337/585 [00:09:35<00:07:03,  0.59it/s, loss=0.0259]
Epoch 17:  58%|#####.....| 341/585 [00:09:41<00:06:56,  0.59it/s, loss=0.0259]
Epoch 17:  59%|#####.....| 345/585 [00:09:48<00:06:49,  0.59it/s, loss=0.0259]
Epoch 17:  59%|#####.....| 348/585 [00:09:53<00:06:44,  0.59it/s, loss=0.0259]
Epoch 17:  60%|######....| 351/585 [00:09:58<00:06:38,  0.59it/s, loss=0.0259]
Epoch 17:  61%|######....| 355/585 [00:10:05<00:06:32,  0.59it/s, loss=0.0259]
Epoch 17:  61%|######....| 358/585 [00:10:10<00:06:26,  0.59it/s, loss=0.0259]
Epoch 17:  62%|######....| 362/585 [00:10:16<00:06:19,  0.59it/s, loss=0.0259]
Epoch 17:  63%|######....| 366/585 [00:10:22<00:06:12,  0.59it/s, loss=0.0258]
Epoch 17:  63%|######....| 370/585 [00:10:28<00:06:05,  0.59it/s, loss=0.0259]
Epoch 17:  64%|######....| 374/585 [00:10:35<00:05:58,  0.59it/s, loss=0.0259]
Epoch 17:  65%|######....| 378/585 [00:10:41<00:05:51,  0.59it/s, loss=0.0259]
Epoch 17:  65%|######....| 382/585 [00:10:47<00:05:44,  0.59it/s, loss=0.0258]
Epoch 17:  66%|######....| 386/585 [00:10:54<00:05:37,  0.59it/s, loss=0.0258]
Epoch 17:  67%|######....| 390/585 [00:11:00<00:05:30,  0.59it/s, loss=0.0258]
Epoch 17:  67%|######....| 394/585 [00:11:07<00:05:23,  0.59it/s, loss=0.0259]
Epoch 17:  68%|######....| 398/585 [00:11:13<00:05:16,  0.59it/s, loss=0.0259]
Epoch 17:  69%|######....| 402/585 [00:11:20<00:05:09,  0.59it/s, loss=0.0258]
Epoch 17:  69%|######....| 406/585 [00:11:26<00:05:02,  0.59it/s, loss=0.0258]
Epoch 17:  70%|#######...| 410/585 [00:11:33<00:04:56,  0.59it/s, loss=0.0258]
Epoch 17:  71%|#######...| 414/585 [00:11:40<00:04:49,  0.59it/s, loss=0.0258]
Epoch 17:  71%|#######...| 417/585 [00:11:45<00:04:44,  0.59it/s, loss=0.0258]
Epoch 17:  72%|#######...| 421/585 [00:11:52<00:04:37,  0.59it/s, loss=0.0257]
Epoch 17:  72%|#######...| 424/585 [00:11:58<00:04:32,  0.59it/s, loss=0.0258]
Epoch 17:  73%|#######...| 427/585 [00:12:03<00:04:27,  0.59it/s, loss=0.0258]
Epoch 17:  74%|#######...| 431/585 [00:12:09<00:04:20,  0.59it/s, loss=0.0258]
Epoch 17:  74%|#######...| 435/585 [00:12:15<00:04:13,  0.59it/s, loss=0.0257]
Epoch 17:  75%|#######...| 439/585 [00:12:21<00:04:06,  0.59it/s, loss=0.0257]
Epoch 17:  76%|#######...| 442/585 [00:12:27<00:04:01,  0.59it/s, loss=0.0257]
Epoch 17:  76%|#######...| 446/585 [00:12:34<00:03:55,  0.59it/s, loss=0.0257]
Epoch 17:  77%|#######...| 449/585 [00:12:39<00:03:50,  0.59it/s, loss=0.0256]
Epoch 17:  77%|#######...| 453/585 [00:12:46<00:03:43,  0.59it/s, loss=0.0257]
Epoch 17:  78%|#######...| 456/585 [00:12:52<00:03:38,  0.59it/s, loss=0.0257]
Epoch 17:  79%|#######...| 460/585 [00:12:58<00:03:31,  0.59it/s, loss=0.0257]
Epoch 17:  79%|#######...| 464/585 [00:13:04<00:03:24,  0.59it/s, loss=0.0257]
Epoch 17:  80%|########..| 468/585 [00:13:10<00:03:17,  0.59it/s, loss=0.0256]
Epoch 17:  81%|########..| 471/585 [00:13:16<00:03:12,  0.59it/s, loss=0.0256]
Epoch 17:  81%|########..| 475/585 [00:13:23<00:03:06,  0.59it/s, loss=0.0256]
Epoch 17:  82%|########..| 479/585 [00:13:29<00:02:59,  0.59it/s, loss=0.0256]
Epoch 17:  83%|########..| 483/585 [00:13:35<00:02:52,  0.59it/s, loss=0.0256]
Epoch 17:  83%|########..| 486/585 [00:13:40<00:02:47,  0.59it/s, loss=0.0256]
Epoch 17:  84%|########..| 490/585 [00:13:47<00:02:40,  0.59it/s, loss=0.0255]
Epoch 17:  84%|########..| 493/585 [00:13:52<00:02:35,  0.59it/s, loss=0.0255]
Epoch 17:  85%|########..| 496/585 [00:13:57<00:02:30,  0.59it/s, loss=0.0255]
Epoch 17:  85%|########..| 499/585 [00:14:03<00:02:25,  0.59it/s, loss=0.0255]
Epoch 17:  86%|########..| 502/585 [00:14:08<00:02:20,  0.59it/s, loss=0.0255]
Epoch 17:  86%|########..| 506/585 [00:14:14<00:02:13,  0.59it/s, loss=0.0255]
Epoch 17:  87%|########..| 510/585 [00:14:21<00:02:06,  0.59it/s, loss=0.0255]
Epoch 17:  88%|########..| 513/585 [00:14:27<00:02:01,  0.59it/s, loss=0.0255]
Epoch 17:  88%|########..| 517/585 [00:14:34<00:01:54,  0.59it/s, loss=0.0255]
Epoch 17:  89%|########..| 521/585 [00:14:40<00:01:48,  0.59it/s, loss=0.0255]
Epoch 17:  90%|########..| 524/585 [00:14:45<00:01:43,  0.59it/s, loss=0.0254]
Epoch 17:  90%|#########.| 527/585 [00:14:50<00:01:38,  0.59it/s, loss=0.0254]
Epoch 17:  91%|#########.| 531/585 [00:14:57<00:01:31,  0.59it/s, loss=0.0254]
Epoch 17:  91%|#########.| 535/585 [00:15:03<00:01:24,  0.59it/s, loss=0.0253]
Epoch 17:  92%|#########.| 538/585 [00:15:08<00:01:19,  0.59it/s, loss=0.0253]
Epoch 17:  92%|#########.| 541/585 [00:15:13<00:01:14,  0.59it/s, loss=0.0253]
Epoch 17:  93%|#########.| 544/585 [00:15:19<00:01:09,  0.59it/s, loss=0.0254]
Epoch 17:  94%|#########.| 548/585 [00:15:27<00:01:02,  0.59it/s, loss=0.0254]
Epoch 17:  94%|#########.| 551/585 [00:15:32<00:00:57,  0.59it/s, loss=0.0254]
Epoch 17:  95%|#########.| 554/585 [00:15:37<00:00:52,  0.59it/s, loss=0.0254]
Epoch 17:  95%|#########.| 557/585 [00:15:43<00:00:47,  0.59it/s, loss=0.0254]
Epoch 17:  96%|#########.| 560/585 [00:15:49<00:00:42,  0.59it/s, loss=0.0254]
Epoch 17:  96%|#########.| 563/585 [00:15:54<00:00:37,  0.59it/s, loss=0.0254]
Epoch 17:  97%|#########.| 567/585 [00:16:01<00:00:30,  0.59it/s, loss=0.0253]
Epoch 17:  98%|#########.| 571/585 [00:16:07<00:00:23,  0.59it/s, loss=0.0253]
Epoch 17:  98%|#########.| 574/585 [00:16:13<00:00:18,  0.59it/s, loss=0.0253]
Epoch 17:  99%|#########.| 577/585 [00:16:19<00:00:13,  0.59it/s, loss=0.0253]
Epoch 17:  99%|#########.| 580/585 [00:16:24<00:00:08,  0.59it/s, loss=0.0253]
Epoch 17: 100%|#########.| 583/585 [00:16:29<00:00:03,  0.59it/s, loss=0.0253]
Epoch 17: 100%|##########| 585/585 [00:16:33<00:00:00,  0.59it/s, loss=0.0253]
Test loss: 0.0235, Test rmsae: 7.75deg
{"event": "epoch_complete", "epoch": 17, "phase": 1, "lr": 0.0001, "batch_size": 1, "micro_batch_size": 1, "train_loss": 0.025286144155085597, "val_loss": 0.023544825584394857, "val_rmsae_deg": 7.7453818172216415, "epoch_time_s": 994.4866759360302}
Epoch 18/80:
Epoch 18:   1%|..........| 4/585 [00:00:06<00:15:08,  0.64it/s, loss=0.0235]
Epoch 18:   1%|..........| 8/585 [00:00:12<00:15:28,  0.62it/s, loss=0.0240]
Epoch 18:   2%|..........| 11/585 [00:00:17<00:15:37,  0.61it/s, loss=0.0254]
Epoch 18:   2%|..........| 14/585 [00:00:23<00:15:43,  0.61it/s, loss=0.0260]
Epoch 18:   3%|..........| 18/585 [00:00:29<00:15:29,  0.61it/s, loss=0.0258]
Epoch 18:   4%|..........| 22/585 [00:00:36<00:15:22,  0.61it/s, loss=0.0251]
Epoch 18:   4%|..........| 25/585 [00:00:41<00:15:22,  0.61it/s, loss=0.0248]
Epoch 18:   5%|..........| 28/585 [00:00:46<00:15:30,  0.60it/s, loss=0.0251]
Epoch 18:   5%|..........| 32/585 [00:00:53<00:15:26,  0.60it/s, loss=0.0245]
Epoch 18:   6%|..........| 36/585 [00:00:59<00:15:10,  0.60it/s, loss=0.0243]
Epoch 18:   7%|..........| 39/585 [00:01:05<00:15:16,  0.60it/s, loss=0.0252]
Epoch 18:   7%|..........| 43/585 [00:01:11<00:15:07,  0.60it/s, loss=0.0249]
Epoch 18:   8%|..........| 47/585 [00:01:17<00:14:51,  0.60it/s, loss=0.0247]
Epoch 18:   9%|..........| 51/585 [00:01:25<00:14:51,  0.60it/s, loss=0.0252]
Epoch 18:   9%|..........| 55/585 [00:01:31<00:14:40,  0.60it/s, loss=0.0251]
Epoch 18:  10%|#.........| 59/585 [00:01:37<00:14:29,  0.61it/s, loss=0.0251]
Epoch 18:  11%|#.........| 63/585 [00:01:43<00:14:18,  0.61it/s, loss=0.0251]
Epoch 18:  11%|#.........| 67/585 [00:01:49<00:14:07,  0.61it/s, loss=0.0250]
Epoch 18:  12%|#.........| 71/585 [00:01:55<00:13:58,  0.61it/s, loss=0.0247]
Epoch 18:  13%|#.........| 74/585 [00:02:01<00:13:56,  0.61it/s, loss=0.0248]
Epoch 18:  13%|#.........| 78/585 [00:02:07<00:13:50,  0.61it/s, loss=0.0247]
Epoch 18:  14%|#.........| 82/585 [00:02:14<00:13:43,  0.61it/s, loss=0.0246]
Epoch 18:  15%|#.........| 85/585 [00:02:20<00:13:44,  0.61it/s, loss=0.0249]
Epoch 18:  15%|#.........| 88/585 [00:02:26<00:13:44,  0.60it/s, loss=0.0248]
Epoch 18:  16%|#.........| 92/585 [00:02:32<00:13:36,  0.60it/s, loss=0.0247]
Epoch 18:  16%|#.........| 96/585 [00:02:38<00:13:28,  0.60it/s, loss=0.0250]
Epoch 18:  17%|#.........| 99/585 [00:02:43<00:13:25,  0.60it/s, loss=0.0249]
Epoch 18:  17%|#.........| 102/585 [00:02:49<00:13:21,  0.60it/s, loss=0.0250]
Epoch 18:  18%|#.........| 105/585 [00:02:55<00:13:20,  0.60it/s, loss=0.0250]
Epoch 18:  18%|#.........| 108/585 [00:03:00<00:13:18,  0.60it/s, loss=0.0248]
Epoch 18:  19%|#.........| 111/585 [00:03:06<00:13:15,  0.60it/s, loss=0.0248]
Epoch 18:  19%|#.........| 114/585 [00:03:11<00:13:10,  0.60it/s, loss=0.0248]
Epoch 18:  20%|##........| 118/585 [00:03:17<00:13:01,  0.60it/s, loss=0.0247]
Epoch 18:  21%|##........| 122/585 [00:03:23<00:12:52,  0.60it/s, loss=0.0246]
Epoch 18:  21%|##........| 125/585 [00:03:29<00:12:50,  0.60it/s, loss=0.0245]
Epoch 18:  22%|##........| 129/585 [00:03:36<00:12:47,  0.59it/s, loss=0.0247]
Epoch 18:  23%|##........| 132/585 [00:03:42<00:12:42,  0.59it/s, loss=0.0246]
Epoch 18:  23%|##........| 135/585 [00:03:47<00:12:37,  0.59it/s, loss=0.0246]
Epoch 18:  24%|##........| 139/585 [00:03:53<00:12:29,  0.59it/s, loss=0.0245]
Epoch 18:  24%|##........| 143/585 [00:03:59<00:12:21,  0.60it/s, loss=0.0245]
Epoch 18:  25%|##........| 146/585 [00:04:05<00:12:17,  0.60it/s, loss=0.0245]
Epoch 18:  25%|##........| 149/585 [00:04:10<00:12:13,  0.59it/s, loss=0.0244]
Epoch 18:  26%|##........| 153/585 [00:04:16<00:12:04,  0.60it/s, loss=0.0244]
Epoch 18:  27%|##........| 156/585 [00:04:21<00:11:59,  0.60it/s, loss=0.0244]
Epoch 18:  27%|##........| 159/585 [00:04:27<00:11:55,  0.60it/s, loss=0.0244]
Epoch 18:  28%|##........| 163/585 [00:04:33<00:11:47,  0.60it/s, loss=0.0244]
Epoch 18:  29%|##........| 167/585 [00:04:39<00:11:39,  0.60it/s, loss=0.0243]
Epoch 18:  29%|##........| 170/585 [00:04:44<00:11:35,  0.60it/s, loss=0.0244]
Epoch 18:  30%|##........| 174/585 [00:04:51<00:11:27,  0.60it/s, loss=0.0244]
Epoch 18:  30%|###.......| 177/585 [00:04:56<00:11:23,  0.60it/s, loss=0.0244]
Epoch 18:  31%|###.......| 181/585 [00:05:02<00:11:16,  0.60it/s, loss=0.0243]
Epoch 18:  32%|###.......| 185/585 [00:05:09<00:11:08,  0.60it/s, loss=0.0243]
Epoch 18:  32%|###.......| 189/585 [00:05:16<00:11:03,  0.60it/s, loss=0.0243]
Epoch 18:  33%|###.......| 192/585 [00:05:21<00:10:58,  0.60it/s, loss=0.0245]
Epoch 18:  34%|###.......| 196/585 [00:05:27<00:10:49,  0.60it/s, loss=0.0244]
Epoch 18:  34%|###.......| 199/585 [00:05:32<00:10:45,  0.60it/s, loss=0.0244]
Epoch 18:  35%|###.......| 203/585 [00:05:39<00:10:38,  0.60it/s, loss=0.0244]
Epoch 18:  35%|###.......| 207/585 [00:05:45<00:10:30,  0.60it/s, loss=0.0244]
Epoch 18:  36%|###.......| 211/585 [00:05:51<00:10:22,  0.60it/s, loss=0.0243]
Epoch 18:  37%|###.......| 215/585 [00:05:57<00:10:15,  0.60it/s, loss=0.0243]
Epoch 18:  37%|###.......| 219/585 [00:06:03<00:10:07,  0.60it/s, loss=0.0243]
Epoch 18:  38%|###.......| 222/585 [00:06:08<00:10:02,  0.60it/s, loss=0.0244]
Epoch 18:  39%|###.......| 226/585 [00:06:15<00:09:55,  0.60it/s, loss=0.0245]
Epoch 18:  39%|###.......| 229/585 [00:06:20<00:09:50,  0.60it/s, loss=0.0245]
Epoch 18:  40%|###.......| 233/585 [00:06:27<00:09:44,  0.60it/s, loss=0.0246]
Epoch 18:  40%|####......| 236/585 [00:06:32<00:09:40,  0.60it/s, loss=0.0246]
Epoch 18:  41%|####......| 240/585 [00:06:39<00:09:34,  0.60it/s, loss=0.0246]
Epoch 18:  42%|####......| 244/585 [00:06:46<00:09:27,  0.60it/s, loss=0.0247]
Epoch 18:  42%|####......| 247/585 [00:06:51<00:09:22,  0.60it/s, loss=0.0247]
Epoch 18:  43%|####......| 251/585 [00:06:57<00:09:15,  0.60it/s, loss=0.0247]
Epoch 18:  44%|####......| 255/585 [00:07:03<00:09:08,  0.60it/s, loss=0.0247]
Epoch 18:  44%|####......| 259/585 [00:07:10<00:09:01,  0.60it/s, loss=0.0246]
Epoch 18:  45%|####......| 262/585 [00:07:15<00:08:56,  0.60it/s, loss=0.0246]
Epoch 18:  45%|####......| 265/585 [00:07:20<00:08:52,  0.60it/s, loss=0.0246]
Epoch 18:  46%|####......| 269/585 [00:07:27<00:08:45,  0.60it/s, loss=0.0245]
Epoch 18:  46%|####......| 272/585 [00:07:32<00:08:40,  0.60it/s, loss=0.0246]
Epoch 18:  47%|####......| 276/585 [00:07:38<00:08:33,  0.60it/s, loss=0.0245]
Epoch 18:  48%|####......| 279/585 [00:07:43<00:08:28,  0.60it/s, loss=0.0245]
Epoch 18:  48%|####......| 283/585 [00:07:49<00:08:21,  0.60it/s, loss=0.0245]
Epoch 18:  49%|####......| 286/585 [00:07:54<00:08:16,  0.60it/s, loss=0.0245]
Epoch 18:  50%|####......| 290/585 [00:08:01<00:08:10,  0.60it/s, loss=0.0245]
Epoch 18:  50%|#####.....| 294/585 [00:08:08<00:08:03,  0.60it/s, loss=0.0245]
Epoch 18:  51%|#####.....| 297/585 [00:08:13<00:07:59,  0.60it/s, loss=0.0247]
Epoch 18:  51%|#####.....| 301/585 [00:08:20<00:07:52,  0.60it/s, loss=0.0247]
Epoch 18:  52%|#####.....| 304/585 [00:08:26<00:07:47,  0.60it/s, loss=0.0248]
Epoch 18:  52%|#####.....| 307/585 [00:08:31<00:07:43,  0.60it/s, loss=0.0248]
Epoch 18:  53%|#####.....| 311/585 [00:08:38<00:07:36,  0.60it/s, loss=0.0247]
Epoch 18:  54%|#####.....| 315/585 [00:08:44<00:07:29,  0.60it/s, loss=0.0248]
Epoch 18:  54%|#####.....| 318/585 [00:08:49<00:07:24,  0.60it/s, loss=0.0248]
Epoch 18:  55%|#####.....| 322/585 [00:08:55<00:07:17,  0.60it/s, loss=0.0248]
Epoch 18:  56%|#####.....| 326/585 [00:09:01<00:07:10,  0.60it/s, loss=0.0248]
Epoch 18:  56%|#####.....| 329/585 [00:09:07<00:07:05,  0.60it/s, loss=0.0248]
Epoch 18:  57%|#####.....| 333/585 [00:09:13<00:06:58,  0.60it/s, loss=0.0249]
Epoch 18:  58%|#####.....| 337/585 [00:09:20<00:06:52,  0.60it/s, loss=0.0248]
Epoch 18:  58%|#####.....| 341/585 [00:09:26<00:06:45,  0.60it/s, loss=0.0248]
Epoch 18:  59%|#####.....| 344/585 [00:09:32<00:06:40,  0.60it/s, loss=0.0249]
Epoch 18:  59%|#####.....| 348/585 [00:09:38<00:06:33,  0.60it/s, loss=0.0249]
Epoch 18:  60%|######....| 352/585 [00:09:45<00:06:27,  0.60it/s, loss=0.0249]
Epoch 18:  61%|######....| 355/585 [00:09:51<00:06:23,  0.60it/s, loss=0.0249]
Epoch 18:  61%|######....| 359/585 [00:09:57<00:06:16,  0.60it/s, loss=0.0249]
Epoch 18:  62%|######....| 363/585 [00:10:04<00:06:09,  0.60it/s, loss=0.0249]
Epoch 18:  63%|######....| 367/585 [00:10:10<00:06:02,  0.60it/s, loss=0.0249]
Epoch 18:  63%|######....| 371/585 [00:10:16<00:05:55,  0.60it/s, loss=0.0249]
Epoch 18:  64%|######....| 375/585 [00:10:22<00:05:48,  0.60it/s, loss=0.0249]
Epoch 18:  65%|######....| 378/585 [00:10:27<00:05:43,  0.60it/s, loss=0.0249]
Epoch 18:  65%|######....| 381/585 [00:10:33<00:05:39,  0.60it/s, loss=0.0248]
Epoch 18:  66%|######....| 385/585 [00:10:39<00:05:32,  0.60it/s, loss=0.0248]
Epoch 18:  66%|######....| 389/585 [00:10:46<00:05:25,  0.60it/s, loss=0.0248]
Epoch 18:  67%|######....| 392/585 [00:10:51<00:05:20,  0.60it/s, loss=0.0248]
Epoch 18:  68%|######....| 396/585 [00:10:57<00:05:13,  0.60it/s, loss=0.0248]
Epoch 18:  68%|######....| 399/585 [00:11:03<00:05:09,  0.60it/s, loss=0.0248]
Epoch 18:  69%|######....| 403/585 [00:11:09<00:05:02,  0.60it/s, loss=0.0248]
Epoch 18:  70%|######....| 407/585 [00:11:15<00:04:55,  0.60it/s, loss=0.0249]
Epoch 18:  70%|#######...| 410/585 [00:11:21<00:04:50,  0.60it/s, loss=0.0249]
Epoch 18:  71%|#######...| 413/585 [00:11:26<00:04:45,  0.60it/s, loss=0.0249]
Epoch 18:  71%|#######...| 416/585 [00:11:32<00:04:41,  0.60it/s, loss=0.0250]
Epoch 18:  72%|#######...| 419/585 [00:11:38<00:04:36,  0.60it/s, loss=0.0250]
Epoch 18:  72%|#######...| 423/585 [00:11:44<00:04:29,  0.60it/s, loss=0.0250]
Epoch 18:  73%|#######...| 427/585 [00:11:50<00:04:23,  0.60it/s, loss=0.0250]
Epoch 18:  74%|#######...| 431/585 [00:11:57<00:04:16,  0.60it/s, loss=0.0250]
Epoch 18:  74%|#######...| 435/585 [00:12:03<00:04:09,  0.60it/s, loss=0.0250]
Epoch 18:  75%|#######...| 438/585 [00:12:08<00:04:04,  0.60it/s, loss=0.0250]
Epoch 18:  75%|#######...| 441/585 [00:12:13<00:03:59,  0.60it/s, loss=0.0250]
Epoch 18:  76%|#######...| 445/585 [00:12:20<00:03:52,  0.60it/s, loss=0.0250]
Epoch 18:  77%|#######...| 449/585 [00:12:26<00:03:46,  0.60it/s, loss=0.0250]
Epoch 18:  77%|#######...| 452/585 [00:12:31<00:03:41,  0.60it/s, loss=0.0250]
Epoch 18:  78%|#######...| 455/585 [00:12:36<00:03:36,  0.60it/s, loss=0.0250]
Epoch 18:  78%|#######...| 459/585 [00:12:42<00:03:29,  0.60it/s, loss=0.0250]
Epoch 18:  79%|#######...| 463/585 [00:12:49<00:03:22,  0.60it/s, loss=0.0250]
Epoch 18:  80%|#######...| 467/585 [00:12:55<00:03:16,  0.60it/s, loss=0.0250]
Epoch 18:  81%|########..| 471/585 [00:13:01<00:03:09,  0.60it/s, loss=0.0249]
Epoch 18:  81%|########..| 475/585 [00:13:07<00:03:02,  0.60it/s, loss=0.0249]
Epoch 18:  82%|########..| 479/585 [00:13:14<00:02:55,  0.60it/s, loss=0.0249]
Epoch 18:  83%|########..| 483/585 [00:13:20<00:02:49,  0.60it/s, loss=0.0249]
Epoch 18:  83%|########..| 487/585 [00:13:26<00:02:42,  0.60it/s, loss=0.0249]
Epoch 18:  84%|########..| 491/585 [00:13:33<00:02:35,  0.60it/s, loss=0.0249]
Epoch 18:  84%|########..| 494/585 [00:13:39<00:02:31,  0.60it/s, loss=0.0249]
Epoch 18:  85%|########..| 497/585 [00:13:45<00:02:26,  0.60it/s, loss=0.0249]
Epoch 18:  85%|########..| 500/585 [00:13:50<00:02:21,  0.60it/s, loss=0.0249]
Epoch 18:  86%|########..| 504/585 [00:13:57<00:02:14,  0.60it/s, loss=0.0249]
Epoch 18:  87%|########..| 507/585 [00:14:02<00:02:09,  0.60it/s, loss=0.0249]
Epoch 18:  87%|########..| 511/585 [00:14:08<00:02:02,  0.60it/s, loss=0.0249]
Epoch 18:  88%|########..| 514/585 [00:14:13<00:01:57,  0.60it/s, loss=0.0249]
Epoch 18:  88%|########..| 517/585 [00:14:18<00:01:52,  0.60it/s, loss=0.0249]
Epoch 18:  89%|########..| 520/585 [00:14:24<00:01:48,  0.60it/s, loss=0.0250]
Epoch 18:  89%|########..| 523/585 [00:14:29<00:01:43,  0.60it/s, loss=0.0249]
Epoch 18:  90%|#########.| 527/585 [00:14:35<00:01:36,  0.60it/s, loss=0.0249]
Epoch 18:  91%|#########.| 530/585 [00:14:41<00:01:31,  0.60it/s, loss=0.0249]
Epoch 18:  91%|#########.| 534/585 [00:14:48<00:01:24,  0.60it/s, loss=0.0249]
Epoch 18:  92%|#########.| 538/585 [00:14:54<00:01:18,  0.60it/s, loss=0.0249]
Epoch 18:  93%|#########.| 542/585 [00:15:00<00:01:11,  0.60it/s, loss=0.0249]
Epoch 18:  93%|#########.| 546/585 [00:15:07<00:01:04,  0.60it/s, loss=0.0249]
Epoch 18:  94%|#########.| 549/585 [00:15:12<00:00:59,  0.60it/s, loss=0.0249]
Epoch 18:  95%|#########.| 553/585 [00:15:18<00:00:53,  0.60it/s, loss=0.0249]
Epoch 18:  95%|#########.| 556/585 [00:15:24<00:00:48,  0.60it/s, loss=0.0249]
Epoch 18:  96%|#########.| 559/585 [00:15:30<00:00:43,  0.60it/s, loss=0.0249]
Epoch 18:  96%|#########.| 563/585 [00:15:36<00:00:36,  0.60it/s, loss=0.0249]
Epoch 18:  97%|#########.| 567/585 [00:15:43<00:00:29,  0.60it/s, loss=0.0249]
Epoch 18:  98%|#########.| 571/585 [00:15:49<00:00:23,  0.60it/s, loss=0.0249]
Epoch 18:  98%|#########.| 575/585 [00:15:56<00:00:16,  0.60it/s, loss=0.0249]
Epoch 18:  99%|#########.| 578/585 [00:16:01<00:00:11,  0.60it/s, loss=0.0249]
Epoch 18:  99%|#########.| 581/585 [00:16:06<00:00:06,  0.60it/s, loss=0.0249]
Epoch 18: 100%|##########| 585/585 [00:16:13<00:00:00,  0.60it/s, loss=0.0249]
Test loss: 0.0236, Test rmsae: 7.77deg
{"event": "epoch_complete", "epoch": 18, "phase": 1, "lr": 0.0001, "batch_size": 1, "micro_batch_size": 1, "train_loss": 0.024919116977825125, "val_loss": 0.02360119397053495, "val_rmsae_deg": 7.770006403326988, "epoch_time_s": 974.942511221976}
Epoch 19/80:
Epoch 19:   1%|..........| 4/585 [00:00:06<00:15:24,  0.63it/s, loss=0.0232]
Epoch 19:   1%|..........| 7/585 [00:00:11<00:15:47,  0.61it/s, loss=0.0233]
Epoch 19:   2%|..........| 10/585 [00:00:17<00:16:22,  0.59it/s, loss=0.0228]
Epoch 19:   2%|..........| 13/585 [00:00:23<00:17:09,  0.56it/s, loss=0.0227]
Epoch 19:   3%|..........| 17/585 [00:00:29<00:16:26,  0.58it/s, loss=0.0221]
Epoch 19:   4%|..........| 21/585 [00:00:35<00:15:58,  0.59it/s, loss=0.0223]
Epoch 19:   4%|..........| 25/585 [00:00:41<00:15:35,  0.60it/s, loss=0.0227]
Epoch 19:   5%|..........| 29/585 [00:00:47<00:15:15,  0.61it/s, loss=0.0226]
Epoch 19:   6%|..........| 33/585 [00:00:53<00:15:02,  0.61it/s, loss=0.0225]
Epoch 19:   6%|..........| 36/585 [00:00:59<00:15:03,  0.61it/s, loss=0.0224]
Epoch 19:   7%|..........| 40/585 [00:01:05<00:14:46,  0.61it/s, loss=0.0223]
Epoch 19:   7%|..........| 43/585 [00:01:10<00:14:43,  0.61it/s, loss=0.0223]
Epoch 19:   8%|..........| 46/585 [00:01:15<00:14:43,  0.61it/s, loss=0.0224]
Epoch 19:   9%|..........| 50/585 [00:01:21<00:14:33,  0.61it/s, loss=0.0224]
Epoch 19:   9%|..........| 54/585 [00:01:27<00:14:21,  0.62it/s, loss=0.0222]
Epoch 19:  10%|..........| 58/585 [00:01:34<00:14:18,  0.61it/s, loss=0.0222]
Epoch 19:  11%|#.........| 62/585 [00:01:41<00:14:12,  0.61it/s, loss=0.0222]
Epoch 19:  11%|#.........| 66/585 [00:01:47<00:14:06,  0.61it/s, loss=0.0225]
Epoch 19:  12%|#.........| 69/585 [00:01:52<00:14:02,  0.61it/s, loss=0.0226]
Epoch 19:  12%|#.........| 73/585 [00:01:58<00:13:54,  0.61it/s, loss=0.0228]
Epoch 19:  13%|#.........| 76/585 [00:02:04<00:13:53,  0.61it/s, loss=0.0232]
Epoch 19:  14%|#.........| 80/585 [00:02:11<00:13:47,  0.61it/s, loss=0.0234]
Epoch 19:  14%|#.........| 83/585 [00:02:17<00:13:53,  0.60it/s, loss=0.0235]
Epoch 19:  15%|#.........| 86/585 [00:02:22<00:13:49,  0.60it/s, loss=0.0234]
Epoch 19:  15%|#.........| 89/585 [00:02:28<00:13:48,  0.60it/s, loss=0.0235]
Epoch 19:  16%|#.........| 93/585 [00:02:35<00:13:42,  0.60it/s, loss=0.0235]
Epoch 19:  16%|#.........| 96/585 [00:02:41<00:13:41,  0.60it/s, loss=0.0236]
Epoch 19:  17%|#.........| 99/585 [00:02:46<00:13:37,  0.59it/s, loss=0.0237]
Epoch 19:  17%|#.........| 102/585 [00:02:51<00:13:32,  0.59it/s, loss=0.0236]
Epoch 19:  18%|#.........| 105/585 [00:02:56<00:13:28,  0.59it/s, loss=0.0237]
Epoch 19:  19%|#.........| 109/585 [00:03:03<00:13:20,  0.59it/s, loss=0.0237]
Epoch 19:  19%|#.........| 113/585 [00:03:10<00:13:14,  0.59it/s, loss=0.0239]
Epoch 19:  20%|##........| 117/585 [00:03:16<00:13:07,  0.59it/s, loss=0.0238]
Epoch 19:  21%|##........| 120/585 [00:03:22<00:13:03,  0.59it/s, loss=0.0238]
Epoch 19:  21%|##........| 124/585 [00:03:28<00:12:56,  0.59it/s, loss=0.0237]
Epoch 19:  22%|##........| 127/585 [00:03:34<00:12:54,  0.59it/s, loss=0.0237]
Epoch 19:  22%|##........| 130/585 [00:03:39<00:12:49,  0.59it/s, loss=0.0238]
Epoch 19:  23%|##........| 134/585 [00:03:45<00:12:39,  0.59it/s, loss=0.0238]
Epoch 19:  24%|##........| 138/585 [00:03:51<00:12:31,  0.59it/s, loss=0.0238]
Epoch 19:  24%|##........| 142/585 [00:03:58<00:12:23,  0.60it/s, loss=0.0239]
Epoch 19:  25%|##........| 146/585 [00:04:04<00:12:16,  0.60it/s, loss=0.0239]
Epoch 19:  26%|##........| 150/585 [00:04:11<00:12:08,  0.60it/s, loss=0.0239]
Epoch 19:  26%|##........| 154/585 [00:04:17<00:12:01,  0.60it/s, loss=0.0239]
Epoch 19:  27%|##........| 158/585 [00:04:24<00:11:54,  0.60it/s, loss=0.0238]
Epoch 19:  28%|##........| 161/585 [00:04:29<00:11:50,  0.60it/s, loss=0.0239]
Epoch 19:  28%|##........| 165/585 [00:04:36<00:11:43,  0.60it/s, loss=0.0238]
Epoch 19:  29%|##........| 169/585 [00:04:42<00:11:35,  0.60it/s, loss=0.0238]
Epoch 19:  29%|##........| 172/585 [00:04:48<00:11:32,  0.60it/s, loss=0.0239]
Epoch 19:  30%|###.......| 176/585 [00:04:55<00:11:25,  0.60it/s, loss=0.0238]
Epoch 19:  31%|###.......| 179/585 [00:05:01<00:11:24,  0.59it/s, loss=0.0238]
Epoch 19:  31%|###.......| 183/585 [00:05:07<00:11:16,  0.59it/s, loss=0.0238]
Epoch 19:  32%|###.......| 186/585 [00:05:13<00:11:11,  0.59it/s, loss=0.0238]
Epoch 19:  32%|###.......| 189/585 [00:05:18<00:11:06,  0.59it/s, loss=0.0238]
Epoch 19:  33%|###.......| 192/585 [00:05:23<00:11:02,  0.59it/s, loss=0.0238]
Epoch 19:  33%|###.......| 195/585 [00:05:28<00:10:57,  0.59it/s, loss=0.0239]
Epoch 19:  34%|###.......| 199/585 [00:05:35<00:10:49,  0.59it/s, loss=0.0239]
Epoch 19:  35%|###.......| 202/585 [00:05:40<00:10:45,  0.59it/s, loss=0.0239]
Epoch 19:  35%|###.......| 206/585 [00:05:47<00:10:38,  0.59it/s, loss=0.0239]
Epoch 19:  36%|###.......| 209/585 [00:05:52<00:10:34,  0.59it/s, loss=0.0238]
Epoch 19:  36%|###.......| 213/585 [00:05:59<00:10:27,  0.59it/s, loss=0.0238]
Epoch 19:  37%|###.......| 217/585 [00:06:05<00:10:20,  0.59it/s, loss=0.0239]
Epoch 19:  38%|###.......| 221/585 [00:06:11<00:10:12,  0.59it/s, loss=0.0239]
Epoch 19:  38%|###.......| 225/585 [00:06:18<00:10:05,  0.59it/s, loss=0.0239]
Epoch 19:  39%|###.......| 229/585 [00:06:25<00:09:58,  0.59it/s, loss=0.0240]
Epoch 19:  40%|###.......| 232/585 [00:06:30<00:09:53,  0.59it/s, loss=0.0240]
Epoch 19:  40%|####......| 236/585 [00:06:36<00:09:46,  0.60it/s, loss=0.0239]
Epoch 19:  41%|####......| 240/585 [00:06:42<00:09:39,  0.60it/s, loss=0.0240]
Epoch 19:  42%|####......| 243/585 [00:06:49<00:09:35,  0.59it/s, loss=0.0239]
Epoch 19:  42%|####......| 247/585 [00:06:55<00:09:28,  0.59it/s, loss=0.0240]
Epoch 19:  43%|####......| 251/585 [00:07:01<00:09:21,  0.60it/s, loss=0.0240]
Epoch 19:  44%|####......| 255/585 [00:07:08<00:09:14,  0.60it/s, loss=0.0240]
Epoch 19:  44%|####......| 259/585 [00:07:14<00:09:07,  0.60it/s, loss=0.0241]
Epoch 19:  45%|####......| 263/585 [00:07:20<00:08:59,  0.60it/s, loss=0.0240]
Epoch 19:  45%|####......| 266/585 [00:07:26<00:08:55,  0.60it/s, loss=0.0240]
Epoch 19:  46%|####......| 270/585 [00:07:32<00:08:48,  0.60it/s, loss=0.0240]
Epoch 19:  47%|####......| 274/585 [00:07:38<00:08:40,  0.60it/s, loss=0.0240]
Epoch 19:  47%|####......| 277/585 [00:07:44<00:08:36,  0.60it/s, loss=0.0239]
Epoch 19:  48%|####......| 281/585 [00:07:50<00:08:29,  0.60it/s, loss=0.0240]
Epoch 19:  49%|####......| 285/585 [00:07:57<00:08:23,  0.60it/s, loss=0.0239]
Epoch 19:  49%|####......| 289/585 [00:08:04<00:08:16,  0.60it/s, loss=0.0239]
Epoch 19:  50%|#####.....| 293/585 [00:08:10<00:08:09,  0.60it/s, loss=0.0239]
Epoch 19:  51%|#####.....| 297/585 [00:08:16<00:08:01,  0.60it/s, loss=0.0239]
Epoch 19:  51%|#####.....| 301/585 [00:08:23<00:07:54,  0.60it/s, loss=0.0241]
Epoch 19:  52%|#####.....| 305/585 [00:08:29<00:07:47,  0.60it/s, loss=0.0241]
Epoch 19:  53%|#####.....| 308/585 [00:08:34<00:07:42,  0.60it/s, loss=0.0241]
Epoch 19:  53%|#####.....| 312/585 [00:08:40<00:07:35,  0.60it/s, loss=0.0240]
Epoch 19:  54%|#####.....| 315/585 [00:08:46<00:07:30,  0.60it/s, loss=0.0241]
Epoch 19:  55%|#####.....| 319/585 [00:08:52<00:07:23,  0.60it/s, loss=0.0240]
Epoch 19:  55%|#####.....| 322/585 [00:08:57<00:07:18,  0.60it/s, loss=0.0241]
Epoch 19:  56%|#####.....| 326/585 [00:09:03<00:07:12,  0.60it/s, loss=0.0240]
Epoch 19:  56%|#####.....| 330/585 [00:09:09<00:07:04,  0.60it/s, loss=0.0240]
Epoch 19:  57%|#####.....| 333/585 [00:09:14<00:06:59,  0.60it/s, loss=0.0240]
Epoch 19:  58%|#####.....| 337/585 [00:09:21<00:06:53,  0.60it/s, loss=0.0240]
Epoch 19:  58%|#####.....| 340/585 [00:09:27<00:06:48,  0.60it/s, loss=0.0240]
Epoch 19:  59%|#####.....| 343/585 [00:09:33<00:06:44,  0.60it/s, loss=0.0240]
Epoch 19:  59%|#####.....| 346/585 [00:09:38<00:06:39,  0.60it/s, loss=0.0240]
Epoch 19:  60%|#####.....| 350/585 [00:09:44<00:06:32,  0.60it/s, loss=0.0240]
Epoch 19:  61%|######....| 354/585 [00:09:51<00:06:25,  0.60it/s, loss=0.0240]
Epoch 19:  61%|######....| 358/585 [00:09:57<00:06:18,  0.60it/s, loss=0.0240]
Epoch 19:  62%|######....| 362/585 [00:10:03<00:06:11,  0.60it/s, loss=0.0240]
Epoch 19:  63%|######....| 366/585 [00:10:09<00:06:04,  0.60it/s, loss=0.0240]
Epoch 19:  63%|######....| 369/585 [00:10:15<00:06:00,  0.60it/s, loss=0.0240]
Epoch 19:  64%|######....| 373/585 [00:10:21<00:05:53,  0.60it/s, loss=0.0240]
Epoch 19:  64%|######....| 376/585 [00:10:26<00:05:48,  0.60it/s, loss=0.0240]
Epoch 19:  65%|######....| 379/585 [00:10:32<00:05:43,  0.60it/s, loss=0.0240]
Epoch 19:  65%|######....| 383/585 [00:10:38<00:05:36,  0.60it/s, loss=0.0240]
Epoch 19:  66%|######....| 387/585 [00:10:45<00:05:30,  0.60it/s, loss=0.0241]
Epoch 19:  67%|######....| 390/585 [00:10:50<00:05:25,  0.60it/s, loss=0.0241]
Epoch 19:  67%|######....| 393/585 [00:10:56<00:05:20,  0.60it/s, loss=0.0241]
Epoch 19:  68%|######....| 396/585 [00:11:02<00:05:16,  0.60it/s, loss=0.0242]
Epoch 19:  68%|######....| 400/585 [00:11:08<00:05:08,  0.60it/s, loss=0.0241]
Epoch 19:  69%|######....| 404/585 [00:11:14<00:05:02,  0.60it/s, loss=0.0241]
Epoch 19:  70%|######....| 408/585 [00:11:21<00:04:55,  0.60it/s, loss=0.0242]
Epoch 19:  70%|#######...| 411/585 [00:11:26<00:04:50,  0.60it/s, loss=0.0242]
Epoch 19:  71%|#######...| 414/585 [00:11:31<00:04:45,  0.60it/s, loss=0.0243]
Epoch 19:  71%|#######...| 417/585 [00:11:37<00:04:41,  0.60it/s, loss=0.0243]
Epoch 19:  72%|#######...| 420/585 [00:11:42<00:04:36,  0.60it/s, loss=0.0243]
Epoch 19:  72%|#######...| 424/585 [00:11:49<00:04:29,  0.60it/s, loss=0.0243]
Epoch 19:  73%|#######...| 428/585 [00:11:55<00:04:22,  0.60it/s, loss=0.0244]
Epoch 19:  74%|#######...| 431/585 [00:12:01<00:04:17,  0.60it/s, loss=0.0243]
Epoch 19:  74%|#######...| 435/585 [00:12:08<00:04:11,  0.60it/s, loss=0.0243]
Epoch 19:  75%|#######...| 439/585 [00:12:14<00:04:04,  0.60it/s, loss=0.0243]
Epoch 19:  76%|#######...| 443/585 [00:12:21<00:03:57,  0.60it/s, loss=0.0243]
Epoch 19:  76%|#######...| 447/585 [00:12:28<00:03:51,  0.60it/s, loss=0.0242]
Epoch 19:  77%|#######...| 450/585 [00:12:34<00:03:46,  0.60it/s, loss=0.0242]
Epoch 19:  77%|#######...| 453/585 [00:12:39<00:03:41,  0.60it/s, loss=0.0242]
Epoch 19:  78%|#######...| 457/585 [00:12:45<00:03:34,  0.60it/s, loss=0.0242]
Epoch 19:  79%|#######...| 460/585 [00:12:50<00:03:29,  0.60it/s, loss=0.0242]
Epoch 19:  79%|#######...| 464/585 [00:12:58<00:03:22,  0.60it/s, loss=0.0242]
Epoch 19:  80%|########..| 468/585 [00:13:04<00:03:16,  0.60it/s, loss=0.0243]
Epoch 19:  81%|########..| 471/585 [00:13:09<00:03:11,  0.60it/s, loss=0.0242]
Epoch 19:  81%|########..| 475/585 [00:13:15<00:03:04,  0.60it/s, loss=0.0242]
Epoch 19:  82%|########..| 478/585 [00:13:22<00:02:59,  0.60it/s, loss=0.0242]
Epoch 19:  82%|########..| 482/585 [00:13:28<00:02:52,  0.60it/s, loss=0.0242]
Epoch 19:  83%|########..| 486/585 [00:13:34<00:02:45,  0.60it/s, loss=0.0242]
Epoch 19:  84%|########..| 490/585 [00:13:41<00:02:39,  0.60it/s, loss=0.0242]
Epoch 19:  84%|########..| 494/585 [00:13:47<00:02:32,  0.60it/s, loss=0.0242]
Epoch 19:  85%|########..| 498/585 [00:13:53<00:02:25,  0.60it/s, loss=0.0242]
Epoch 19:  86%|########..| 501/585 [00:13:59<00:02:20,  0.60it/s, loss=0.0242]
Epoch 19:  86%|########..| 504/585 [00:14:05<00:02:15,  0.60it/s, loss=0.0242]
Epoch 19:  87%|########..| 508/585 [00:14:11<00:02:09,  0.60it/s, loss=0.0242]
Epoch 19:  88%|########..| 512/585 [00:14:18<00:02:02,  0.60it/s, loss=0.0242]
Epoch 19:  88%|########..| 516/585 [00:14:25<00:01:55,  0.60it/s, loss=0.0242]
Epoch 19:  89%|########..| 519/585 [00:14:30<00:01:50,  0.60it/s, loss=0.0241]
Epoch 19:  89%|########..| 522/585 [00:14:35<00:01:45,  0.60it/s, loss=0.0241]
Epoch 19:  90%|########..| 525/585 [00:14:40<00:01:40,  0.60it/s, loss=0.0241]
Epoch 19:  90%|#########.| 529/585 [00:14:47<00:01:33,  0.60it/s, loss=0.0241]
Epoch 19:  91%|#########.| 533/585 [00:14:53<00:01:27,  0.60it/s, loss=0.0241]
Epoch 19:  92%|#########.| 537/585 [00:14:59<00:01:20,  0.60it/s, loss=0.0241]
Epoch 19:  92%|#########.| 541/585 [00:15:06<00:01:13,  0.60it/s, loss=0.0241]
Epoch 19:  93%|#########.| 545/585 [00:15:12<00:01:06,  0.60it/s, loss=0.0241]
Epoch 19:  94%|#########.| 549/585 [00:15:18<00:01:00,  0.60it/s, loss=0.0241]
Epoch 19:  95%|#########.| 553/585 [00:15:26<00:00:53,  0.60it/s, loss=0.0241]
Epoch 19:  95%|#########.| 557/585 [00:15:32<00:00:46,  0.60it/s, loss=0.0240]
Epoch 19:  96%|#########.| 560/585 [00:15:37<00:00:41,  0.60it/s, loss=0.0241]
Epoch 19:  96%|#########.| 563/585 [00:15:43<00:00:36,  0.60it/s, loss=0.0241]
Epoch 19:  97%|#########.| 566/585 [00:15:48<00:00:31,  0.60it/s, loss=0.0241]
Epoch 19:  97%|#########.| 570/585 [00:15:55<00:00:25,  0.60it/s, loss=0.0241]
Epoch 19:  98%|#########.| 574/585 [00:16:01<00:00:18,  0.60it/s, loss=0.0241]
Epoch 19:  99%|#########.| 577/585 [00:16:06<00:00:13,  0.60it/s, loss=0.0241]
Epoch 19:  99%|#########.| 581/585 [00:16:12<00:00:06,  0.60it/s, loss=0.0241]
Epoch 19: 100%|##########| 585/585 [00:16:18<00:00:00,  0.60it/s, loss=0.0241]
Test loss: 0.0241, Test rmsae: 8.13deg
{"event": "epoch_complete", "epoch": 19, "phase": 1, "lr": 0.0001, "batch_size": 1, "micro_batch_size": 1, "train_loss": 0.02406381851173619, "val_loss": 0.024091297877021134, "val_rmsae_deg": 8.126401096582413, "epoch_time_s": 979.8897533820709}
Epoch 20/80:
Epoch 20:   1%|..........| 4/585 [00:00:06<00:15:00,  0.64it/s, loss=0.0246]
Epoch 20:   1%|..........| 7/585 [00:00:11<00:15:36,  0.62it/s, loss=0.0254]
Epoch 20:   2%|..........| 10/585 [00:00:17<00:16:51,  0.57it/s, loss=0.0276]
Epoch 20:   2%|..........| 14/585 [00:00:23<00:15:57,  0.60it/s, loss=0.0272]
Epoch 20:   3%|..........| 18/585 [00:00:29<00:15:36,  0.61it/s, loss=0.0258]
Epoch 20:   4%|..........| 21/585 [00:00:35<00:15:43,  0.60it/s, loss=0.0254]
Epoch 20:   4%|..........| 25/585 [00:00:41<00:15:26,  0.60it/s, loss=0.0250]
Epoch 20:   5%|..........| 29/585 [00:00:47<00:15:13,  0.61it/s, loss=0.0251]
Epoch 20:   6%|..........| 33/585 [00:00:54<00:15:09,  0.61it/s, loss=0.0246]
Epoch 20:   6%|..........| 37/585 [00:01:00<00:14:54,  0.61it/s, loss=0.0242]
Epoch 20:   7%|..........| 40/585 [00:01:05<00:14:56,  0.61it/s, loss=0.0248]
Epoch 20:   7%|..........| 43/585 [00:01:11<00:14:55,  0.61it/s, loss=0.0248]
Epoch 20:   8%|..........| 46/585 [00:01:17<00:15:03,  0.60it/s, loss=0.0245]
Epoch 20:   9%|..........| 50/585 [00:01:24<00:14:59,  0.59it/s, loss=0.0245]
Epoch 20:   9%|..........| 54/585 [00:01:30<00:14:46,  0.60it/s, loss=0.0245]
Epoch 20:  10%|..........| 58/585 [00:01:36<00:14:36,  0.60it/s, loss=0.0244]
Epoch 20:  11%|#.........| 62/585 [00:01:43<00:14:30,  0.60it/s, loss=0.0241]
Epoch 20:  11%|#.........| 65/585 [00:01:49<00:14:33,  0.60it/s, loss=0.0242]
Epoch 20:  12%|#.........| 68/585 [00:01:54<00:14:28,  0.60it/s, loss=0.0242]
Epoch 20:  12%|#.........| 71/585 [00:01:59<00:14:23,  0.60it/s, loss=0.0244]
Epoch 20:  13%|#.........| 75/585 [00:02:05<00:14:14,  0.60it/s, loss=0.0244]
Epoch 20:  13%|#.........| 78/585 [00:02:12<00:14:18,  0.59it/s, loss=0.0247]
Epoch 20:  14%|#.........| 82/585 [00:02:18<00:14:08,  0.59it/s, loss=0.0246]
Epoch 20:  15%|#.........| 86/585 [00:02:24<00:13:58,  0.60it/s, loss=0.0246]
Epoch 20:  15%|#.........| 90/585 [00:02:31<00:13:51,  0.60it/s, loss=0.0246]
Epoch 20:  16%|#.........| 94/585 [00:02:37<00:13:43,  0.60it/s, loss=0.0246]
Epoch 20:  17%|#.........| 98/585 [00:02:44<00:13:35,  0.60it/s, loss=0.0245]
Epoch 20:  17%|#.........| 101/585 [00:02:50<00:13:34,  0.59it/s, loss=0.0245]
Epoch 20:  18%|#.........| 104/585 [00:02:55<00:13:30,  0.59it/s, loss=0.0245]
Epoch 20:  18%|#.........| 108/585 [00:03:01<00:13:23,  0.59it/s, loss=0.0244]
Epoch 20:  19%|#.........| 112/585 [00:03:08<00:13:14,  0.60it/s, loss=0.0243]
Epoch 20:  20%|#.........| 116/585 [00:03:14<00:13:07,  0.60it/s, loss=0.0243]
Epoch 20:  20%|##........| 119/585 [00:03:20<00:13:04,  0.59it/s, loss=0.0244]
Epoch 20:  21%|##........| 123/585 [00:03:26<00:12:56,  0.59it/s, loss=0.0244]
Epoch 20:  22%|##........| 126/585 [00:03:32<00:12:52,  0.59it/s, loss=0.0244]
Epoch 20:  22%|##........| 129/585 [00:03:37<00:12:49,  0.59it/s, loss=0.0244]
Epoch 20:  23%|##........| 133/585 [00:03:43<00:12:40,  0.59it/s, loss=0.0244]
Epoch 20:  23%|##........| 136/585 [00:03:49<00:12:37,  0.59it/s, loss=0.0244]
Epoch 20:  24%|##........| 140/585 [00:03:55<00:12:29,  0.59it/s, loss=0.0244]
Epoch 20:  25%|##........| 144/585 [00:04:01<00:12:20,  0.60it/s, loss=0.0244]
Epoch 20:  25%|##........| 147/585 [00:04:06<00:12:15,  0.60it/s, loss=0.0245]
Epoch 20:  26%|##........| 150/585 [00:04:12<00:12:13,  0.59it/s, loss=0.0244]
Epoch 20:  26%|##........| 154/585 [00:04:19<00:12:06,  0.59it/s, loss=0.0244]
Epoch 20:  27%|##........| 158/585 [00:04:25<00:11:58,  0.59it/s, loss=0.0243]
Epoch 20:  28%|##........| 162/585 [00:04:31<00:11:49,  0.60it/s, loss=0.0243]
Epoch 20:  28%|##........| 166/585 [00:04:37<00:11:41,  0.60it/s, loss=0.0244]
Epoch 20:  29%|##........| 169/585 [00:04:42<00:11:36,  0.60it/s, loss=0.0243]
Epoch 20:  29%|##........| 172/585 [00:04:48<00:11:32,  0.60it/s, loss=0.0243]
Epoch 20:  30%|##........| 175/585 [00:04:53<00:11:27,  0.60it/s, loss=0.0244]
Epoch 20:  31%|###.......| 179/585 [00:05:00<00:11:21,  0.60it/s, loss=0.0245]
Epoch 20:  31%|###.......| 183/585 [00:05:06<00:11:14,  0.60it/s, loss=0.0244]
Epoch 20:  32%|###.......| 186/585 [00:05:13<00:11:12,  0.59it/s, loss=0.0244]
Epoch 20:  32%|###.......| 189/585 [00:05:18<00:11:07,  0.59it/s, loss=0.0244]
Epoch 20:  33%|###.......| 192/585 [00:05:23<00:11:02,  0.59it/s, loss=0.0244]
Epoch 20:  33%|###.......| 195/585 [00:05:28<00:10:57,  0.59it/s, loss=0.0244]
Epoch 20:  34%|###.......| 199/585 [00:05:35<00:10:49,  0.59it/s, loss=0.0244]
Epoch 20:  35%|###.......| 203/585 [00:05:41<00:10:42,  0.59it/s, loss=0.0244]
Epoch 20:  35%|###.......| 207/585 [00:05:47<00:10:35,  0.60it/s, loss=0.0243]
Epoch 20:  36%|###.......| 211/585 [00:05:53<00:10:27,  0.60it/s, loss=0.0243]
Epoch 20:  37%|###.......| 214/585 [00:05:59<00:10:22,  0.60it/s, loss=0.0243]
Epoch 20:  37%|###.......| 217/585 [00:06:04<00:10:18,  0.59it/s, loss=0.0244]
Epoch 20:  38%|###.......| 221/585 [00:06:10<00:10:10,  0.60it/s, loss=0.0244]
Epoch 20:  38%|###.......| 224/585 [00:06:16<00:10:06,  0.60it/s, loss=0.0244]
Epoch 20:  39%|###.......| 227/585 [00:06:21<00:10:02,  0.59it/s, loss=0.0244]
Epoch 20:  39%|###.......| 230/585 [00:06:27<00:09:57,  0.59it/s, loss=0.0245]
Epoch 20:  40%|####......| 234/585 [00:06:33<00:09:49,  0.60it/s, loss=0.0244]
Epoch 20:  41%|####......| 238/585 [00:06:39<00:09:42,  0.60it/s, loss=0.0244]
Epoch 20:  41%|####......| 242/585 [00:06:45<00:09:35,  0.60it/s, loss=0.0244]
Epoch 20:  42%|####......| 246/585 [00:06:51<00:09:27,  0.60it/s, loss=0.0245]
Epoch 20:  43%|####......| 250/585 [00:06:58<00:09:21,  0.60it/s, loss=0.0244]
Epoch 20:  43%|####......| 254/585 [00:07:05<00:09:13,  0.60it/s, loss=0.0245]
Epoch 20:  44%|####......| 257/585 [00:07:10<00:09:08,  0.60it/s, loss=0.0245]
Epoch 20:  45%|####......| 261/585 [00:07:16<00:09:01,  0.60it/s, loss=0.0245]
Epoch 20:  45%|####......| 265/585 [00:07:22<00:08:54,  0.60it/s, loss=0.0244]
Epoch 20:  46%|####......| 269/585 [00:07:29<00:08:48,  0.60it/s, loss=0.0244]
Epoch 20:  47%|####......| 273/585 [00:07:36<00:08:41,  0.60it/s, loss=0.0244]
Epoch 20:  47%|####......| 276/585 [00:07:41<00:08:36,  0.60it/s, loss=0.0244]
Epoch 20:  48%|####......| 279/585 [00:07:46<00:08:31,  0.60it/s, loss=0.0244]
Epoch 20:  48%|####......| 282/585 [00:07:52<00:08:27,  0.60it/s, loss=0.0245]
Epoch 20:  49%|####......| 286/585 [00:07:58<00:08:20,  0.60it/s, loss=0.0245]
Epoch 20:  49%|####......| 289/585 [00:08:04<00:08:16,  0.60it/s, loss=0.0245]
Epoch 20:  50%|#####.....| 293/585 [00:08:10<00:08:09,  0.60it/s, loss=0.0246]
Epoch 20:  51%|#####.....| 297/585 [00:08:17<00:08:02,  0.60it/s, loss=0.0246]
Epoch 20:  51%|#####.....| 300/585 [00:08:22<00:07:57,  0.60it/s, loss=0.0246]
Epoch 20:  52%|#####.....| 304/585 [00:08:28<00:07:50,  0.60it/s, loss=0.0245]
Epoch 20:  53%|#####.....| 308/585 [00:08:34<00:07:42,  0.60it/s, loss=0.0245]
Epoch 20:  53%|#####.....| 311/585 [00:08:39<00:07:37,  0.60it/s, loss=0.0245]
Epoch 20:  54%|#####.....| 314/585 [00:08:45<00:07:33,  0.60it/s, loss=0.0246]
Epoch 20:  54%|#####.....| 317/585 [00:08:51<00:07:29,  0.60it/s, loss=0.0246]
Epoch 20:  55%|#####.....| 321/585 [00:08:57<00:07:22,  0.60it/s, loss=0.0246]
Epoch 20:  56%|#####.....| 325/585 [00:09:04<00:07:15,  0.60it/s, loss=0.0245]
Epoch 20:  56%|#####.....| 328/585 [00:09:10<00:07:11,  0.60it/s, loss=0.0245]
Epoch 20:  57%|#####.....| 331/585 [00:09:15<00:07:06,  0.60it/s, loss=0.0245]
Epoch 20:  57%|#####.....| 334/585 [00:09:20<00:07:01,  0.60it/s, loss=0.0245]
Epoch 20:  58%|#####.....| 337/585 [00:09:26<00:06:57,  0.59it/s, loss=0.0245]
Epoch 20:  58%|#####.....| 341/585 [00:09:33<00:06:50,  0.60it/s, loss=0.0245]
Epoch 20:  59%|#####.....| 345/585 [00:09:39<00:06:43,  0.60it/s, loss=0.0245]
Epoch 20:  60%|#####.....| 349/585 [00:09:45<00:06:36,  0.60it/s, loss=0.0245]
Epoch 20:  60%|######....| 352/585 [00:09:51<00:06:31,  0.60it/s, loss=0.0245]
Epoch 20:  61%|######....| 356/585 [00:09:57<00:06:24,  0.60it/s, loss=0.0245]
Epoch 20:  62%|######....| 360/585 [00:10:04<00:06:17,  0.60it/s, loss=0.0245]
Epoch 20:  62%|######....| 364/585 [00:10:10<00:06:10,  0.60it/s, loss=0.0245]
Epoch 20:  63%|######....| 367/585 [00:10:15<00:06:05,  0.60it/s, loss=0.0244]
Epoch 20:  63%|######....| 370/585 [00:10:20<00:06:00,  0.60it/s, loss=0.0244]
Epoch 20:  64%|######....| 373/585 [00:10:25<00:05:55,  0.60it/s, loss=0.0244]
Epoch 20:  64%|######....| 376/585 [00:10:30<00:05:50,  0.60it/s, loss=0.0244]
Epoch 20:  65%|######....| 379/585 [00:10:36<00:05:45,  0.60it/s, loss=0.0244]
Epoch 20:  65%|######....| 383/585 [00:10:42<00:05:38,  0.60it/s, loss=0.0243]
Epoch 20:  66%|######....| 386/585 [00:10:47<00:05:33,  0.60it/s, loss=0.0243]
Epoch 20:  66%|######....| 389/585 [00:10:52<00:05:28,  0.60it/s, loss=0.0244]
Epoch 20:  67%|######....| 393/585 [00:10:59<00:05:22,  0.60it/s, loss=0.0244]
Epoch 20:  68%|######....| 396/585 [00:11:04<00:05:17,  0.60it/s, loss=0.0244]
Epoch 20:  68%|######....| 400/585 [00:11:11<00:05:10,  0.60it/s, loss=0.0244]
Epoch 20:  69%|######....| 404/585 [00:11:17<00:05:03,  0.60it/s, loss=0.0244]
Epoch 20:  70%|######....| 407/585 [00:11:22<00:04:58,  0.60it/s, loss=0.0244]
Epoch 20:  70%|#######...| 411/585 [00:11:29<00:04:51,  0.60it/s, loss=0.0244]
Epoch 20:  71%|#######...| 415/585 [00:11:35<00:04:44,  0.60it/s, loss=0.0244]
Epoch 20:  72%|#######...| 419/585 [00:11:41<00:04:38,  0.60it/s, loss=0.0244]
Epoch 20:  72%|#######...| 423/585 [00:11:48<00:04:31,  0.60it/s, loss=0.0244]
Epoch 20:  73%|#######...| 426/585 [00:11:53<00:04:26,  0.60it/s, loss=0.0244]
Epoch 20:  74%|#######...| 430/585 [00:11:59<00:04:19,  0.60it/s, loss=0.0244]
Epoch 20:  74%|#######...| 433/585 [00:12:04<00:04:14,  0.60it/s, loss=0.0244]
Epoch 20:  75%|#######...| 437/585 [00:12:11<00:04:07,  0.60it/s, loss=0.0244]
Epoch 20:  75%|#######...| 441/585 [00:12:17<00:04:00,  0.60it/s, loss=0.0244]
Epoch 20:  76%|#######...| 444/585 [00:12:22<00:03:55,  0.60it/s, loss=0.0244]
Epoch 20:  77%|#######...| 448/585 [00:12:29<00:03:49,  0.60it/s, loss=0.0244]
Epoch 20:  77%|#######...| 452/585 [00:12:35<00:03:42,  0.60it/s, loss=0.0243]
Epoch 20:  78%|#######...| 455/585 [00:12:40<00:03:37,  0.60it/s, loss=0.0243]
Epoch 20:  78%|#######...| 459/585 [00:12:46<00:03:30,  0.60it/s, loss=0.0243]
Epoch 20:  79%|#######...| 463/585 [00:12:53<00:03:23,  0.60it/s, loss=0.0243]
Epoch 20:  80%|#######...| 467/585 [00:12:59<00:03:16,  0.60it/s, loss=0.0243]
Epoch 20:  81%|########..| 471/585 [00:13:05<00:03:10,  0.60it/s, loss=0.0243]
Epoch 20:  81%|########..| 475/585 [00:13:11<00:03:03,  0.60it/s, loss=0.0244]
Epoch 20:  82%|########..| 479/585 [00:13:17<00:02:56,  0.60it/s, loss=0.0244]
Epoch 20:  83%|########..| 483/585 [00:13:24<00:02:49,  0.60it/s, loss=0.0244]
Epoch 20:  83%|########..| 486/585 [00:13:29<00:02:44,  0.60it/s, loss=0.0244]
Epoch 20:  84%|########..| 489/585 [00:13:34<00:02:39,  0.60it/s, loss=0.0244]
Epoch 20:  84%|########..| 493/585 [00:13:41<00:02:33,  0.60it/s, loss=0.0244]
Epoch 20:  85%|########..| 496/585 [00:13:46<00:02:28,  0.60it/s, loss=0.0245]
Epoch 20:  85%|########..| 500/585 [00:13:53<00:02:21,  0.60it/s, loss=0.0245]
Epoch 20:  86%|########..| 504/585 [00:14:00<00:02:15,  0.60it/s, loss=0.0245]
Epoch 20:  87%|########..| 508/585 [00:14:06<00:02:08,  0.60it/s, loss=0.0246]
Epoch 20:  88%|########..| 512/585 [00:14:12<00:02:01,  0.60it/s, loss=0.0246]
Epoch 20:  88%|########..| 515/585 [00:14:18<00:01:56,  0.60it/s, loss=0.0245]
Epoch 20:  89%|########..| 519/585 [00:14:24<00:01:49,  0.60it/s, loss=0.0245]
Epoch 20:  89%|########..| 523/585 [00:14:30<00:01:43,  0.60it/s, loss=0.0245]
Epoch 20:  90%|########..| 526/585 [00:14:35<00:01:38,  0.60it/s, loss=0.0245]
Epoch 20:  91%|#########.| 530/585 [00:14:41<00:01:31,  0.60it/s, loss=0.0245]
Epoch 20:  91%|#########.| 534/585 [00:14:47<00:01:24,  0.60it/s, loss=0.0245]
Epoch 20:  92%|#########.| 538/585 [00:14:54<00:01:18,  0.60it/s, loss=0.0245]
Epoch 20:  92%|#########.| 541/585 [00:15:00<00:01:13,  0.60it/s, loss=0.0244]
Epoch 20:  93%|#########.| 544/585 [00:15:05<00:01:08,  0.60it/s, loss=0.0244]
Epoch 20:  94%|#########.| 548/585 [00:15:12<00:01:01,  0.60it/s, loss=0.0244]
Epoch 20:  94%|#########.| 552/585 [00:15:18<00:00:54,  0.60it/s, loss=0.0244]
Epoch 20:  95%|#########.| 556/585 [00:15:24<00:00:48,  0.60it/s, loss=0.0244]
Epoch 20:  96%|#########.| 559/585 [00:15:30<00:00:43,  0.60it/s, loss=0.0244]
Epoch 20:  96%|#########.| 562/585 [00:15:36<00:00:38,  0.60it/s, loss=0.0244]
Epoch 20:  97%|#########.| 566/585 [00:15:42<00:00:31,  0.60it/s, loss=0.0244]
Epoch 20:  97%|#########.| 569/585 [00:15:47<00:00:26,  0.60it/s, loss=0.0244]
Epoch 20:  98%|#########.| 573/585 [00:15:54<00:00:19,  0.60it/s, loss=0.0245]
Epoch 20:  99%|#########.| 577/585 [00:16:01<00:00:13,  0.60it/s, loss=0.0245]
Epoch 20:  99%|#########.| 580/585 [00:16:07<00:00:08,  0.60it/s, loss=0.0245]
Epoch 20: 100%|#########.| 584/585 [00:16:13<00:00:01,  0.60it/s, loss=0.0245]
Epoch 20: 100%|##########| 585/585 [00:16:15<00:00:00,  0.60it/s, loss=0.0245]
Test loss: 0.0232, Test rmsae: 7.51deg
{"event": "epoch_complete", "epoch": 20, "phase": 1, "lr": 0.0001, "batch_size": 1, "micro_batch_size": 1, "train_loss": 0.024478281582267874, "val_loss": 0.02320345028419979, "val_rmsae_deg": 7.514187783002853, "epoch_time_s": 976.6917290630518}
{"event": "checkpoint_saved", "tag": "epoch_020", "epoch": 20, "path": "IFAN_Edge/outputs/stage3/ifan_stage3_long80_c8_r2_map_maba_20260516_154535/checkpoints/epoch_020.pt"}
Epoch 21/80:
Epoch 21:   1%|..........| 4/585 [00:00:06<00:16:31,  0.59it/s, loss=0.0281]
Epoch 21:   1%|..........| 8/585 [00:00:12<00:15:10,  0.63it/s, loss=0.0251]
Epoch 21:   2%|..........| 11/585 [00:00:17<00:15:22,  0.62it/s, loss=0.0244]
Epoch 21:   3%|..........| 15/585 [00:00:23<00:15:02,  0.63it/s, loss=0.0238]
Epoch 21:   3%|..........| 18/585 [00:00:29<00:15:20,  0.62it/s, loss=0.0230]
Epoch 21:   4%|..........| 22/585 [00:00:35<00:14:58,  0.63it/s, loss=0.0230]
Epoch 21:   4%|..........| 26/585 [00:00:41<00:14:46,  0.63it/s, loss=0.0233]
Epoch 21:   5%|..........| 29/585 [00:00:46<00:14:56,  0.62it/s, loss=0.0239]
Epoch 21:   6%|..........| 33/585 [00:00:53<00:14:48,  0.62it/s, loss=0.0242]
Epoch 21:   6%|..........| 37/585 [00:00:59<00:14:45,  0.62it/s, loss=0.0248]
Epoch 21:   7%|..........| 40/585 [00:01:05<00:14:46,  0.61it/s, loss=0.0257]
Epoch 21:   7%|..........| 43/585 [00:01:10<00:14:43,  0.61it/s, loss=0.0252]
Epoch 21:   8%|..........| 47/585 [00:01:16<00:14:33,  0.62it/s, loss=0.0253]
Epoch 21:   9%|..........| 51/585 [00:01:22<00:14:25,  0.62it/s, loss=0.0250]
Epoch 21:   9%|..........| 55/585 [00:01:29<00:14:18,  0.62it/s, loss=0.0251]
Epoch 21:  10%|#.........| 59/585 [00:01:35<00:14:11,  0.62it/s, loss=0.0252]
Epoch 21:  11%|#.........| 63/585 [00:01:41<00:14:02,  0.62it/s, loss=0.0247]
Epoch 21:  11%|#.........| 66/585 [00:01:46<00:13:59,  0.62it/s, loss=0.0247]
Epoch 21:  12%|#.........| 70/585 [00:01:52<00:13:51,  0.62it/s, loss=0.0251]
Epoch 21:  13%|#.........| 74/585 [00:01:59<00:13:43,  0.62it/s, loss=0.0251]
Epoch 21:  13%|#.........| 78/585 [00:02:05<00:13:34,  0.62it/s, loss=0.0250]
Epoch 21:  14%|#.........| 81/585 [00:02:10<00:13:30,  0.62it/s, loss=0.0250]
Epoch 21:  15%|#.........| 85/585 [00:02:16<00:13:22,  0.62it/s, loss=0.0254]
Epoch 21:  15%|#.........| 88/585 [00:02:22<00:13:26,  0.62it/s, loss=0.0254]
Epoch 21:  16%|#.........| 92/585 [00:02:29<00:13:19,  0.62it/s, loss=0.0255]
Epoch 21:  16%|#.........| 96/585 [00:02:35<00:13:12,  0.62it/s, loss=0.0255]
Epoch 21:  17%|#.........| 99/585 [00:02:40<00:13:08,  0.62it/s, loss=0.0255]
Epoch 21:  18%|#.........| 103/585 [00:02:46<00:13:00,  0.62it/s, loss=0.0256]
Epoch 21:  18%|#.........| 106/585 [00:02:52<00:12:59,  0.61it/s, loss=0.0257]
Epoch 21:  19%|#.........| 109/585 [00:02:58<00:12:59,  0.61it/s, loss=0.0258]
Epoch 21:  19%|#.........| 113/585 [00:03:04<00:12:51,  0.61it/s, loss=0.0257]
Epoch 21:  20%|##........| 117/585 [00:03:10<00:12:42,  0.61it/s, loss=0.0257]
Epoch 21:  21%|##........| 121/585 [00:03:17<00:12:36,  0.61it/s, loss=0.0256]
Epoch 21:  21%|##........| 124/585 [00:03:22<00:12:32,  0.61it/s, loss=0.0256]
Epoch 21:  22%|##........| 128/585 [00:03:28<00:12:26,  0.61it/s, loss=0.0257]
Epoch 21:  22%|##........| 131/585 [00:03:34<00:12:23,  0.61it/s, loss=0.0258]
Epoch 21:  23%|##........| 135/585 [00:03:40<00:12:16,  0.61it/s, loss=0.0257]
Epoch 21:  24%|##........| 139/585 [00:03:46<00:12:08,  0.61it/s, loss=0.0257]
Epoch 21:  24%|##........| 142/585 [00:03:52<00:12:05,  0.61it/s, loss=0.0257]
Epoch 21:  25%|##........| 146/585 [00:03:59<00:11:58,  0.61it/s, loss=0.0256]
Epoch 21:  25%|##........| 149/585 [00:04:04<00:11:54,  0.61it/s, loss=0.0256]
Epoch 21:  26%|##........| 153/585 [00:04:11<00:11:48,  0.61it/s, loss=0.0257]
Epoch 21:  27%|##........| 157/585 [00:04:17<00:11:42,  0.61it/s, loss=0.0258]
Epoch 21:  28%|##........| 161/585 [00:04:24<00:11:35,  0.61it/s, loss=0.0257]
Epoch 21:  28%|##........| 165/585 [00:04:30<00:11:28,  0.61it/s, loss=0.0257]
Epoch 21:  29%|##........| 169/585 [00:04:36<00:11:21,  0.61it/s, loss=0.0256]
Epoch 21:  30%|##........| 173/585 [00:04:43<00:11:14,  0.61it/s, loss=0.0256]
Epoch 21:  30%|###.......| 176/585 [00:04:48<00:11:10,  0.61it/s, loss=0.0256]
Epoch 21:  31%|###.......| 179/585 [00:04:54<00:11:07,  0.61it/s, loss=0.0257]
Epoch 21:  31%|###.......| 183/585 [00:05:00<00:11:00,  0.61it/s, loss=0.0257]
Epoch 21:  32%|###.......| 186/585 [00:05:06<00:10:56,  0.61it/s, loss=0.0257]
Epoch 21:  32%|###.......| 190/585 [00:05:12<00:10:50,  0.61it/s, loss=0.0258]
Epoch 21:  33%|###.......| 194/585 [00:05:18<00:10:42,  0.61it/s, loss=0.0257]
Epoch 21:  34%|###.......| 198/585 [00:05:25<00:10:35,  0.61it/s, loss=0.0257]
Epoch 21:  35%|###.......| 202/585 [00:05:31<00:10:27,  0.61it/s, loss=0.0257]
Epoch 21:  35%|###.......| 206/585 [00:05:37<00:10:20,  0.61it/s, loss=0.0257]
Epoch 21:  36%|###.......| 210/585 [00:05:43<00:10:13,  0.61it/s, loss=0.0260]
Epoch 21:  36%|###.......| 213/585 [00:05:48<00:10:08,  0.61it/s, loss=0.0260]
Epoch 21:  37%|###.......| 216/585 [00:05:53<00:10:04,  0.61it/s, loss=0.0260]
Epoch 21:  38%|###.......| 220/585 [00:06:00<00:09:57,  0.61it/s, loss=0.0260]
Epoch 21:  38%|###.......| 223/585 [00:06:06<00:09:54,  0.61it/s, loss=0.0260]
Epoch 21:  39%|###.......| 227/585 [00:06:12<00:09:46,  0.61it/s, loss=0.0259]
Epoch 21:  39%|###.......| 231/585 [00:06:18<00:09:40,  0.61it/s, loss=0.0259]
Epoch 21:  40%|####......| 235/585 [00:06:24<00:09:33,  0.61it/s, loss=0.0258]
Epoch 21:  41%|####......| 239/585 [00:06:31<00:09:26,  0.61it/s, loss=0.0258]
Epoch 21:  41%|####......| 242/585 [00:06:36<00:09:22,  0.61it/s, loss=0.0258]
Epoch 21:  42%|####......| 245/585 [00:06:42<00:09:18,  0.61it/s, loss=0.0258]
Epoch 21:  42%|####......| 248/585 [00:06:47<00:09:13,  0.61it/s, loss=0.0258]
Epoch 21:  43%|####......| 251/585 [00:06:52<00:09:08,  0.61it/s, loss=0.0258]
Epoch 21:  43%|####......| 254/585 [00:06:57<00:09:04,  0.61it/s, loss=0.0259]
Epoch 21:  44%|####......| 257/585 [00:07:03<00:09:01,  0.61it/s, loss=0.0258]
Epoch 21:  45%|####......| 261/585 [00:07:10<00:08:54,  0.61it/s, loss=0.0258]
Epoch 21:  45%|####......| 264/585 [00:07:15<00:08:49,  0.61it/s, loss=0.0258]
Epoch 21:  46%|####......| 267/585 [00:07:22<00:08:46,  0.60it/s, loss=0.0258]
Epoch 21:  46%|####......| 271/585 [00:07:28<00:08:39,  0.60it/s, loss=0.0258]
Epoch 21:  47%|####......| 275/585 [00:07:34<00:08:32,  0.60it/s, loss=0.0258]
Epoch 21:  48%|####......| 279/585 [00:07:41<00:08:25,  0.61it/s, loss=0.0258]
Epoch 21:  48%|####......| 282/585 [00:07:46<00:08:20,  0.60it/s, loss=0.0257]
Epoch 21:  49%|####......| 286/585 [00:07:52<00:08:14,  0.61it/s, loss=0.0258]
Epoch 21:  50%|####......| 290/585 [00:07:58<00:08:06,  0.61it/s, loss=0.0257]
Epoch 21:  50%|#####.....| 294/585 [00:08:04<00:07:59,  0.61it/s, loss=0.0257]
Epoch 21:  51%|#####.....| 297/585 [00:08:09<00:07:55,  0.61it/s, loss=0.0257]
Epoch 21:  51%|#####.....| 301/585 [00:08:15<00:07:47,  0.61it/s, loss=0.0256]
Epoch 21:  52%|#####.....| 305/585 [00:08:21<00:07:40,  0.61it/s, loss=0.0256]
Epoch 21:  53%|#####.....| 309/585 [00:08:28<00:07:34,  0.61it/s, loss=0.0256]
Epoch 21:  54%|#####.....| 313/585 [00:08:35<00:07:28,  0.61it/s, loss=0.0257]
Epoch 21:  54%|#####.....| 317/585 [00:08:41<00:07:21,  0.61it/s, loss=0.0257]
Epoch 21:  55%|#####.....| 321/585 [00:08:48<00:07:14,  0.61it/s, loss=0.0257]
Epoch 21:  56%|#####.....| 325/585 [00:08:55<00:07:08,  0.61it/s, loss=0.0257]
Epoch 21:  56%|#####.....| 329/585 [00:09:01<00:07:01,  0.61it/s, loss=0.0257]
Epoch 21:  57%|#####.....| 332/585 [00:09:07<00:06:56,  0.61it/s, loss=0.0257]
Epoch 21:  57%|#####.....| 336/585 [00:09:13<00:06:49,  0.61it/s, loss=0.0257]
Epoch 21:  58%|#####.....| 340/585 [00:09:19<00:06:42,  0.61it/s, loss=0.0257]
Epoch 21:  59%|#####.....| 343/585 [00:09:24<00:06:38,  0.61it/s, loss=0.0259]
Epoch 21:  59%|#####.....| 346/585 [00:09:30<00:06:34,  0.61it/s, loss=0.0259]
Epoch 21:  60%|#####.....| 349/585 [00:09:35<00:06:29,  0.61it/s, loss=0.0259]
Epoch 21:  60%|######....| 353/585 [00:09:41<00:06:22,  0.61it/s, loss=0.0259]
Epoch 21:  61%|######....| 357/585 [00:09:47<00:06:15,  0.61it/s, loss=0.0259]
Epoch 21:  62%|######....| 361/585 [00:09:54<00:06:08,  0.61it/s, loss=0.0259]
Epoch 21:  62%|######....| 365/585 [00:10:01<00:06:02,  0.61it/s, loss=0.0260]
Epoch 21:  63%|######....| 369/585 [00:10:07<00:05:55,  0.61it/s, loss=0.0261]
Epoch 21:  64%|######....| 373/585 [00:10:14<00:05:49,  0.61it/s, loss=0.0261]
Epoch 21:  64%|######....| 377/585 [00:10:20<00:05:42,  0.61it/s, loss=0.0261]
Epoch 21:  65%|######....| 380/585 [00:10:26<00:05:37,  0.61it/s, loss=0.0261]
Epoch 21:  66%|######....| 384/585 [00:10:33<00:05:31,  0.61it/s, loss=0.0261]
Epoch 21:  66%|######....| 387/585 [00:10:38<00:05:26,  0.61it/s, loss=0.0261]
Epoch 21:  67%|######....| 391/585 [00:10:45<00:05:20,  0.61it/s, loss=0.0261]
Epoch 21:  68%|######....| 395/585 [00:10:52<00:05:13,  0.61it/s, loss=0.0261]
Epoch 21:  68%|######....| 399/585 [00:10:58<00:05:07,  0.61it/s, loss=0.0261]
Epoch 21:  69%|######....| 402/585 [00:11:04<00:05:02,  0.60it/s, loss=0.0260]
Epoch 21:  69%|######....| 406/585 [00:11:10<00:04:55,  0.61it/s, loss=0.0260]
Epoch 21:  70%|#######...| 410/585 [00:11:16<00:04:48,  0.61it/s, loss=0.0260]
Epoch 21:  71%|#######...| 414/585 [00:11:22<00:04:42,  0.61it/s, loss=0.0259]
Epoch 21:  71%|#######...| 418/585 [00:11:29<00:04:35,  0.61it/s, loss=0.0259]
Epoch 21:  72%|#######...| 421/585 [00:11:34<00:04:30,  0.61it/s, loss=0.0259]
Epoch 21:  73%|#######...| 425/585 [00:11:41<00:04:23,  0.61it/s, loss=0.0259]
Epoch 21:  73%|#######...| 428/585 [00:11:46<00:04:19,  0.61it/s, loss=0.0259]
Epoch 21:  74%|#######...| 432/585 [00:11:53<00:04:12,  0.61it/s, loss=0.0259]
Epoch 21:  74%|#######...| 435/585 [00:11:59<00:04:07,  0.60it/s, loss=0.0259]
Epoch 21:  75%|#######...| 439/585 [00:12:05<00:04:01,  0.60it/s, loss=0.0259]
Epoch 21:  76%|#######...| 442/585 [00:12:11<00:03:56,  0.60it/s, loss=0.0259]
Epoch 21:  76%|#######...| 445/585 [00:12:16<00:03:51,  0.60it/s, loss=0.0258]
Epoch 21:  77%|#######...| 448/585 [00:12:22<00:03:46,  0.60it/s, loss=0.0259]
Epoch 21:  77%|#######...| 452/585 [00:12:28<00:03:40,  0.60it/s, loss=0.0259]
Epoch 21:  78%|#######...| 456/585 [00:12:34<00:03:33,  0.60it/s, loss=0.0259]
Epoch 21:  78%|#######...| 459/585 [00:12:40<00:03:28,  0.60it/s, loss=0.0259]
Epoch 21:  79%|#######...| 462/585 [00:12:45<00:03:23,  0.60it/s, loss=0.0259]
Epoch 21:  79%|#######...| 465/585 [00:12:51<00:03:19,  0.60it/s, loss=0.0259]
Epoch 21:  80%|########..| 469/585 [00:12:57<00:03:12,  0.60it/s, loss=0.0261]
Epoch 21:  81%|########..| 472/585 [00:13:02<00:03:07,  0.60it/s, loss=0.0261]
Epoch 21:  81%|########..| 476/585 [00:13:09<00:03:00,  0.60it/s, loss=0.0261]
Epoch 21:  82%|########..| 480/585 [00:13:15<00:02:54,  0.60it/s, loss=0.0261]
Epoch 21:  83%|########..| 484/585 [00:13:22<00:02:47,  0.60it/s, loss=0.0261]
Epoch 21:  83%|########..| 488/585 [00:13:28<00:02:40,  0.60it/s, loss=0.0261]
Epoch 21:  84%|########..| 491/585 [00:13:34<00:02:35,  0.60it/s, loss=0.0261]
Epoch 21:  85%|########..| 495/585 [00:13:40<00:02:29,  0.60it/s, loss=0.0261]
Epoch 21:  85%|########..| 499/585 [00:13:46<00:02:22,  0.60it/s, loss=0.0261]
Epoch 21:  86%|########..| 502/585 [00:13:51<00:02:17,  0.60it/s, loss=0.0260]
Epoch 21:  86%|########..| 505/585 [00:13:56<00:02:12,  0.60it/s, loss=0.0261]
Epoch 21:  87%|########..| 509/585 [00:14:03<00:02:05,  0.60it/s, loss=0.0261]
Epoch 21:  88%|########..| 513/585 [00:14:09<00:01:59,  0.60it/s, loss=0.0261]
Epoch 21:  88%|########..| 516/585 [00:14:14<00:01:54,  0.60it/s, loss=0.0261]
Epoch 21:  89%|########..| 519/585 [00:14:19<00:01:49,  0.60it/s, loss=0.0261]
Epoch 21:  89%|########..| 523/585 [00:14:25<00:01:42,  0.60it/s, loss=0.0260]
Epoch 21:  90%|########..| 526/585 [00:14:31<00:01:37,  0.60it/s, loss=0.0262]
Epoch 21:  90%|#########.| 529/585 [00:14:37<00:01:32,  0.60it/s, loss=0.0262]
Epoch 21:  91%|#########.| 532/585 [00:14:42<00:01:27,  0.60it/s, loss=0.0262]
Epoch 21:  91%|#########.| 535/585 [00:14:47<00:01:22,  0.60it/s, loss=0.0262]
Epoch 21:  92%|#########.| 539/585 [00:14:53<00:01:16,  0.60it/s, loss=0.0261]
Epoch 21:  93%|#########.| 543/585 [00:15:00<00:01:09,  0.60it/s, loss=0.0261]
Epoch 21:  94%|#########.| 547/585 [00:15:06<00:01:02,  0.60it/s, loss=0.0261]
Epoch 21:  94%|#########.| 551/585 [00:15:12<00:00:56,  0.60it/s, loss=0.0261]
Epoch 21:  95%|#########.| 554/585 [00:15:18<00:00:51,  0.60it/s, loss=0.0261]
Epoch 21:  95%|#########.| 557/585 [00:15:23<00:00:46,  0.60it/s, loss=0.0261]
Epoch 21:  96%|#########.| 561/585 [00:15:29<00:00:39,  0.60it/s, loss=0.0261]
Epoch 21:  96%|#########.| 564/585 [00:15:35<00:00:34,  0.60it/s, loss=0.0261]
Epoch 21:  97%|#########.| 567/585 [00:15:40<00:00:29,  0.60it/s, loss=0.0261]
Epoch 21:  98%|#########.| 571/585 [00:15:47<00:00:23,  0.60it/s, loss=0.0261]
Epoch 21:  98%|#########.| 574/585 [00:15:52<00:00:18,  0.60it/s, loss=0.0261]
Epoch 21:  99%|#########.| 577/585 [00:15:57<00:00:13,  0.60it/s, loss=0.0261]
Epoch 21:  99%|#########.| 581/585 [00:16:03<00:00:06,  0.60it/s, loss=0.0261]
Epoch 21: 100%|##########| 585/585 [00:16:09<00:00:00,  0.60it/s, loss=0.0261]
Test loss: 0.0231, Test rmsae: 7.37deg
{"event": "epoch_complete", "epoch": 21, "phase": 2, "lr": 1e-05, "batch_size": 10, "micro_batch_size": 1, "train_loss": 0.02606955754260222, "val_loss": 0.02311175048816949, "val_rmsae_deg": 7.374101862311363, "epoch_time_s": 970.8441751039354}
{"event": "checkpoint_saved", "tag": "best_rmsae", "epoch": 21, "path": "IFAN_Edge/outputs/stage3/ifan_stage3_long80_c8_r2_map_maba_20260516_154535/checkpoints/best_rmsae.pt", "val_rmsae_deg": 7.374101862311363}
Epoch 22/80:
Epoch 22:   1%|..........| 3/585 [00:00:07<00:22:44,  0.43it/s, loss=0.0260]
Epoch 22:   1%|..........| 6/585 [00:00:12<00:19:21,  0.50it/s, loss=0.0263]
Epoch 22:   2%|..........| 9/585 [00:00:17<00:18:29,  0.52it/s, loss=0.0259]
Epoch 22:   2%|..........| 12/585 [00:00:22<00:17:51,  0.53it/s, loss=0.0272]
Epoch 22:   3%|..........| 16/585 [00:00:28<00:16:53,  0.56it/s, loss=0.0262]
Epoch 22:   3%|..........| 20/585 [00:00:35<00:16:30,  0.57it/s, loss=0.0253]
Epoch 22:   4%|..........| 24/585 [00:00:41<00:15:59,  0.58it/s, loss=0.0249]
Epoch 22:   5%|..........| 28/585 [00:00:47<00:15:45,  0.59it/s, loss=0.0256]
Epoch 22:   5%|..........| 32/585 [00:00:53<00:15:29,  0.59it/s, loss=0.0256]
Epoch 22:   6%|..........| 36/585 [00:00:59<00:15:09,  0.60it/s, loss=0.0253]
Epoch 22:   7%|..........| 39/585 [00:01:05<00:15:10,  0.60it/s, loss=0.0256]
Epoch 22:   7%|..........| 43/585 [00:01:12<00:15:09,  0.60it/s, loss=0.0253]
Epoch 22:   8%|..........| 46/585 [00:01:17<00:15:10,  0.59it/s, loss=0.0256]
Epoch 22:   9%|..........| 50/585 [00:01:23<00:14:56,  0.60it/s, loss=0.0251]
Epoch 22:   9%|..........| 53/585 [00:01:28<00:14:51,  0.60it/s, loss=0.0250]
Epoch 22:  10%|..........| 57/585 [00:01:34<00:14:39,  0.60it/s, loss=0.0251]
Epoch 22:  10%|#.........| 61/585 [00:01:41<00:14:30,  0.60it/s, loss=0.0248]
Epoch 22:  11%|#.........| 65/585 [00:01:47<00:14:21,  0.60it/s, loss=0.0249]
Epoch 22:  12%|#.........| 68/585 [00:01:53<00:14:22,  0.60it/s, loss=0.0249]
Epoch 22:  12%|#.........| 71/585 [00:01:59<00:14:22,  0.60it/s, loss=0.0248]
Epoch 22:  13%|#.........| 75/585 [00:02:05<00:14:13,  0.60it/s, loss=0.0248]
Epoch 22:  14%|#.........| 79/585 [00:02:11<00:14:00,  0.60it/s, loss=0.0246]
Epoch 22:  14%|#.........| 82/585 [00:02:16<00:13:56,  0.60it/s, loss=0.0248]
Epoch 22:  15%|#.........| 86/585 [00:02:22<00:13:47,  0.60it/s, loss=0.0246]
Epoch 22:  15%|#.........| 89/585 [00:02:28<00:13:50,  0.60it/s, loss=0.0248]
Epoch 22:  16%|#.........| 93/585 [00:02:35<00:13:41,  0.60it/s, loss=0.0247]
Epoch 22:  17%|#.........| 97/585 [00:02:41<00:13:33,  0.60it/s, loss=0.0246]
Epoch 22:  17%|#.........| 101/585 [00:02:47<00:13:24,  0.60it/s, loss=0.0245]
Epoch 22:  18%|#.........| 104/585 [00:02:53<00:13:23,  0.60it/s, loss=0.0246]
Epoch 22:  18%|#.........| 108/585 [00:03:00<00:13:15,  0.60it/s, loss=0.0246]
Epoch 22:  19%|#.........| 111/585 [00:03:05<00:13:11,  0.60it/s, loss=0.0246]
Epoch 22:  19%|#.........| 114/585 [00:03:10<00:13:08,  0.60it/s, loss=0.0249]
Epoch 22:  20%|##........| 117/585 [00:03:16<00:13:05,  0.60it/s, loss=0.0248]
Epoch 22:  21%|##........| 121/585 [00:03:22<00:12:55,  0.60it/s, loss=0.0249]
Epoch 22:  21%|##........| 124/585 [00:03:27<00:12:51,  0.60it/s, loss=0.0248]
Epoch 22:  22%|##........| 128/585 [00:03:33<00:12:42,  0.60it/s, loss=0.0246]
Epoch 22:  23%|##........| 132/585 [00:03:39<00:12:33,  0.60it/s, loss=0.0246]
Epoch 22:  23%|##........| 136/585 [00:03:45<00:12:25,  0.60it/s, loss=0.0246]
Epoch 22:  24%|##........| 139/585 [00:03:51<00:12:21,  0.60it/s, loss=0.0246]
Epoch 22:  24%|##........| 142/585 [00:03:56<00:12:16,  0.60it/s, loss=0.0246]
Epoch 22:  25%|##........| 145/585 [00:04:01<00:12:12,  0.60it/s, loss=0.0247]
Epoch 22:  25%|##........| 149/585 [00:04:07<00:12:05,  0.60it/s, loss=0.0247]
Epoch 22:  26%|##........| 153/585 [00:04:14<00:11:58,  0.60it/s, loss=0.0247]
Epoch 22:  27%|##........| 157/585 [00:04:20<00:11:50,  0.60it/s, loss=0.0247]
Epoch 22:  27%|##........| 160/585 [00:04:26<00:11:47,  0.60it/s, loss=0.0247]
Epoch 22:  28%|##........| 164/585 [00:04:32<00:11:38,  0.60it/s, loss=0.0248]
Epoch 22:  29%|##........| 168/585 [00:04:38<00:11:30,  0.60it/s, loss=0.0247]
Epoch 22:  29%|##........| 172/585 [00:04:44<00:11:23,  0.60it/s, loss=0.0246]
Epoch 22:  30%|###.......| 176/585 [00:04:51<00:11:18,  0.60it/s, loss=0.0247]
Epoch 22:  31%|###.......| 180/585 [00:04:58<00:11:10,  0.60it/s, loss=0.0246]
Epoch 22:  31%|###.......| 184/585 [00:05:04<00:11:03,  0.60it/s, loss=0.0248]
Epoch 22:  32%|###.......| 188/585 [00:05:10<00:10:56,  0.60it/s, loss=0.0247]
Epoch 22:  33%|###.......| 191/585 [00:05:16<00:10:52,  0.60it/s, loss=0.0247]
Epoch 22:  33%|###.......| 195/585 [00:05:23<00:10:47,  0.60it/s, loss=0.0250]
Epoch 22:  34%|###.......| 199/585 [00:05:29<00:10:39,  0.60it/s, loss=0.0249]
Epoch 22:  35%|###.......| 203/585 [00:05:36<00:10:33,  0.60it/s, loss=0.0249]
Epoch 22:  35%|###.......| 206/585 [00:05:41<00:10:28,  0.60it/s, loss=0.0248]
Epoch 22:  36%|###.......| 209/585 [00:05:47<00:10:24,  0.60it/s, loss=0.0248]
Epoch 22:  36%|###.......| 212/585 [00:05:52<00:10:21,  0.60it/s, loss=0.0249]
Epoch 22:  37%|###.......| 216/585 [00:05:59<00:10:13,  0.60it/s, loss=0.0248]
Epoch 22:  38%|###.......| 220/585 [00:06:05<00:10:06,  0.60it/s, loss=0.0248]
Epoch 22:  38%|###.......| 223/585 [00:06:10<00:10:01,  0.60it/s, loss=0.0248]
Epoch 22:  39%|###.......| 226/585 [00:06:15<00:09:56,  0.60it/s, loss=0.0248]
Epoch 22:  39%|###.......| 230/585 [00:06:22<00:09:50,  0.60it/s, loss=0.0249]
Epoch 22:  40%|###.......| 233/585 [00:06:28<00:09:47,  0.60it/s, loss=0.0249]
Epoch 22:  41%|####......| 237/585 [00:06:34<00:09:39,  0.60it/s, loss=0.0249]
Epoch 22:  41%|####......| 241/585 [00:06:41<00:09:33,  0.60it/s, loss=0.0249]
Epoch 22:  42%|####......| 245/585 [00:06:47<00:09:25,  0.60it/s, loss=0.0248]
Epoch 22:  43%|####......| 249/585 [00:06:53<00:09:17,  0.60it/s, loss=0.0248]
Epoch 22:  43%|####......| 253/585 [00:06:59<00:09:10,  0.60it/s, loss=0.0247]
Epoch 22:  44%|####......| 257/585 [00:07:05<00:09:02,  0.60it/s, loss=0.0246]
Epoch 22:  45%|####......| 261/585 [00:07:11<00:08:56,  0.60it/s, loss=0.0246]
Epoch 22:  45%|####......| 265/585 [00:07:18<00:08:49,  0.60it/s, loss=0.0246]
Epoch 22:  46%|####......| 269/585 [00:07:24<00:08:42,  0.60it/s, loss=0.0246]
Epoch 22:  46%|####......| 272/585 [00:07:30<00:08:38,  0.60it/s, loss=0.0246]
Epoch 22:  47%|####......| 275/585 [00:07:35<00:08:33,  0.60it/s, loss=0.0246]
Epoch 22:  47%|####......| 277/585 [00:07:41<00:08:33,  0.60it/s, loss=0.0247]
Epoch 22:  48%|####......| 281/585 [00:07:48<00:08:27,  0.60it/s, loss=0.0248]
Epoch 22:  49%|####......| 285/585 [00:07:55<00:08:20,  0.60it/s, loss=0.0248]
Epoch 22:  49%|####......| 289/585 [00:08:00<00:08:12,  0.60it/s, loss=0.0248]
Epoch 22:  50%|#####.....| 293/585 [00:08:07<00:08:05,  0.60it/s, loss=0.0248]
Epoch 22:  51%|#####.....| 297/585 [00:08:13<00:07:58,  0.60it/s, loss=0.0248]
Epoch 22:  51%|#####.....| 301/585 [00:08:19<00:07:51,  0.60it/s, loss=0.0248]
Epoch 22:  52%|#####.....| 304/585 [00:08:24<00:07:46,  0.60it/s, loss=0.0248]
Epoch 22:  52%|#####.....| 307/585 [00:08:30<00:07:41,  0.60it/s, loss=0.0248]
Epoch 22:  53%|#####.....| 311/585 [00:08:36<00:07:35,  0.60it/s, loss=0.0247]
Epoch 22:  54%|#####.....| 315/585 [00:08:42<00:07:27,  0.60it/s, loss=0.0247]
Epoch 22:  54%|#####.....| 318/585 [00:08:48<00:07:24,  0.60it/s, loss=0.0249]
Epoch 22:  55%|#####.....| 321/585 [00:08:54<00:07:19,  0.60it/s, loss=0.0249]
Epoch 22:  56%|#####.....| 325/585 [00:09:01<00:07:13,  0.60it/s, loss=0.0249]
Epoch 22:  56%|#####.....| 329/585 [00:09:08<00:07:06,  0.60it/s, loss=0.0249]
Epoch 22:  57%|#####.....| 333/585 [00:09:14<00:06:59,  0.60it/s, loss=0.0249]
Epoch 22:  58%|#####.....| 337/585 [00:09:20<00:06:52,  0.60it/s, loss=0.0249]
Epoch 22:  58%|#####.....| 340/585 [00:09:25<00:06:47,  0.60it/s, loss=0.0249]
Epoch 22:  59%|#####.....| 344/585 [00:09:31<00:06:40,  0.60it/s, loss=0.0250]
Epoch 22:  59%|#####.....| 347/585 [00:09:36<00:06:35,  0.60it/s, loss=0.0250]
Epoch 22:  60%|#####.....| 350/585 [00:09:42<00:06:31,  0.60it/s, loss=0.0250]
Epoch 22:  61%|######....| 354/585 [00:09:49<00:06:24,  0.60it/s, loss=0.0251]
Epoch 22:  61%|######....| 358/585 [00:09:56<00:06:18,  0.60it/s, loss=0.0251]
Epoch 22:  62%|######....| 361/585 [00:10:01<00:06:13,  0.60it/s, loss=0.0251]
Epoch 22:  62%|######....| 364/585 [00:10:06<00:06:08,  0.60it/s, loss=0.0251]
Epoch 22:  63%|######....| 368/585 [00:10:13<00:06:01,  0.60it/s, loss=0.0251]
Epoch 22:  64%|######....| 372/585 [00:10:19<00:05:54,  0.60it/s, loss=0.0251]
Epoch 22:  64%|######....| 376/585 [00:10:27<00:05:48,  0.60it/s, loss=0.0251]
Epoch 22:  65%|######....| 380/585 [00:10:33<00:05:41,  0.60it/s, loss=0.0251]
Epoch 22:  65%|######....| 383/585 [00:10:39<00:05:37,  0.60it/s, loss=0.0252]
Epoch 22:  66%|######....| 386/585 [00:10:45<00:05:32,  0.60it/s, loss=0.0252]
Epoch 22:  66%|######....| 389/585 [00:10:50<00:05:27,  0.60it/s, loss=0.0252]
Epoch 22:  67%|######....| 393/585 [00:10:57<00:05:21,  0.60it/s, loss=0.0252]
Epoch 22:  68%|######....| 396/585 [00:11:02<00:05:16,  0.60it/s, loss=0.0252]
Epoch 22:  68%|######....| 400/585 [00:11:08<00:05:09,  0.60it/s, loss=0.0251]
Epoch 22:  69%|######....| 403/585 [00:11:14<00:05:04,  0.60it/s, loss=0.0251]
Epoch 22:  70%|######....| 407/585 [00:11:20<00:04:57,  0.60it/s, loss=0.0251]
Epoch 22:  70%|#######...| 410/585 [00:11:25<00:04:52,  0.60it/s, loss=0.0252]
Epoch 22:  71%|#######...| 414/585 [00:11:31<00:04:45,  0.60it/s, loss=0.0251]
Epoch 22:  71%|#######...| 418/585 [00:11:38<00:04:39,  0.60it/s, loss=0.0251]
Epoch 22:  72%|#######...| 422/585 [00:11:45<00:04:32,  0.60it/s, loss=0.0251]
Epoch 22:  73%|#######...| 425/585 [00:11:50<00:04:27,  0.60it/s, loss=0.0251]
Epoch 22:  73%|#######...| 429/585 [00:11:56<00:04:20,  0.60it/s, loss=0.0251]
Epoch 22:  74%|#######...| 433/585 [00:12:02<00:04:13,  0.60it/s, loss=0.0251]
Epoch 22:  75%|#######...| 436/585 [00:12:08<00:04:09,  0.60it/s, loss=0.0251]
Epoch 22:  75%|#######...| 440/585 [00:12:15<00:04:02,  0.60it/s, loss=0.0252]
Epoch 22:  76%|#######...| 444/585 [00:12:20<00:03:55,  0.60it/s, loss=0.0252]
Epoch 22:  77%|#######...| 448/585 [00:12:27<00:03:48,  0.60it/s, loss=0.0252]
Epoch 22:  77%|#######...| 452/585 [00:12:33<00:03:41,  0.60it/s, loss=0.0252]
Epoch 22:  78%|#######...| 456/585 [00:12:39<00:03:34,  0.60it/s, loss=0.0252]
Epoch 22:  78%|#######...| 459/585 [00:12:44<00:03:29,  0.60it/s, loss=0.0252]
Epoch 22:  79%|#######...| 463/585 [00:12:51<00:03:23,  0.60it/s, loss=0.0252]
Epoch 22:  80%|#######...| 467/585 [00:12:58<00:03:16,  0.60it/s, loss=0.0252]
Epoch 22:  81%|########..| 471/585 [00:13:04<00:03:09,  0.60it/s, loss=0.0252]
Epoch 22:  81%|########..| 475/585 [00:13:11<00:03:03,  0.60it/s, loss=0.0252]
Epoch 22:  82%|########..| 479/585 [00:13:18<00:02:56,  0.60it/s, loss=0.0252]
Epoch 22:  83%|########..| 483/585 [00:13:25<00:02:50,  0.60it/s, loss=0.0252]
Epoch 22:  83%|########..| 487/585 [00:13:31<00:02:43,  0.60it/s, loss=0.0252]
Epoch 22:  84%|########..| 491/585 [00:13:38<00:02:36,  0.60it/s, loss=0.0252]
Epoch 22:  85%|########..| 495/585 [00:13:45<00:02:30,  0.60it/s, loss=0.0252]
Epoch 22:  85%|########..| 499/585 [00:13:51<00:02:23,  0.60it/s, loss=0.0252]
Epoch 22:  86%|########..| 503/585 [00:13:57<00:02:16,  0.60it/s, loss=0.0252]
Epoch 22:  86%|########..| 506/585 [00:14:02<00:02:11,  0.60it/s, loss=0.0252]
Epoch 22:  87%|########..| 509/585 [00:14:08<00:02:06,  0.60it/s, loss=0.0252]
Epoch 22:  88%|########..| 512/585 [00:14:13<00:02:01,  0.60it/s, loss=0.0253]
Epoch 22:  88%|########..| 516/585 [00:14:20<00:01:55,  0.60it/s, loss=0.0253]
Epoch 22:  89%|########..| 519/585 [00:14:25<00:01:50,  0.60it/s, loss=0.0253]
Epoch 22:  89%|########..| 522/585 [00:14:31<00:01:45,  0.60it/s, loss=0.0253]
Epoch 22:  90%|########..| 526/585 [00:14:37<00:01:38,  0.60it/s, loss=0.0253]
Epoch 22:  90%|#########.| 529/585 [00:14:43<00:01:33,  0.60it/s, loss=0.0254]
Epoch 22:  91%|#########.| 532/585 [00:14:49<00:01:28,  0.60it/s, loss=0.0254]
Epoch 22:  91%|#########.| 535/585 [00:14:55<00:01:23,  0.60it/s, loss=0.0254]
Epoch 22:  92%|#########.| 539/585 [00:15:01<00:01:16,  0.60it/s, loss=0.0253]
Epoch 22:  93%|#########.| 542/585 [00:15:07<00:01:11,  0.60it/s, loss=0.0253]
Epoch 22:  93%|#########.| 546/585 [00:15:13<00:01:05,  0.60it/s, loss=0.0253]
Epoch 22:  94%|#########.| 549/585 [00:15:18<00:01:00,  0.60it/s, loss=0.0253]
Epoch 22:  94%|#########.| 552/585 [00:15:24<00:00:55,  0.60it/s, loss=0.0253]
Epoch 22:  95%|#########.| 556/585 [00:15:31<00:00:48,  0.60it/s, loss=0.0253]
Epoch 22:  96%|#########.| 560/585 [00:15:37<00:00:41,  0.60it/s, loss=0.0253]
Epoch 22:  96%|#########.| 563/585 [00:15:43<00:00:36,  0.60it/s, loss=0.0253]
Epoch 22:  97%|#########.| 567/585 [00:15:49<00:00:30,  0.60it/s, loss=0.0253]
Epoch 22:  97%|#########.| 570/585 [00:15:55<00:00:25,  0.60it/s, loss=0.0253]
Epoch 22:  98%|#########.| 573/585 [00:16:00<00:00:20,  0.60it/s, loss=0.0253]
Epoch 22:  99%|#########.| 577/585 [00:16:06<00:00:13,  0.60it/s, loss=0.0253]
Epoch 22:  99%|#########.| 581/585 [00:16:13<00:00:06,  0.60it/s, loss=0.0252]
Epoch 22: 100%|##########| 585/585 [00:16:19<00:00:00,  0.60it/s, loss=0.0252]
Test loss: 0.0231, Test rmsae: 7.34deg
{"event": "epoch_complete", "epoch": 22, "phase": 2, "lr": 1e-05, "batch_size": 10, "micro_batch_size": 1, "train_loss": 0.02521162462922243, "val_loss": 0.02307932116673328, "val_rmsae_deg": 7.338174104690552, "epoch_time_s": 980.5163474200526}
{"event": "checkpoint_saved", "tag": "best_rmsae", "epoch": 22, "path": "IFAN_Edge/outputs/stage3/ifan_stage3_long80_c8_r2_map_maba_20260516_154535/checkpoints/best_rmsae.pt", "val_rmsae_deg": 7.338174104690552}
Epoch 23/80:
Epoch 23:   1%|..........| 4/585 [00:00:06<00:14:38,  0.66it/s, loss=0.0246]
Epoch 23:   1%|..........| 7/585 [00:00:12<00:16:37,  0.58it/s, loss=0.0265]
Epoch 23:   2%|..........| 11/585 [00:00:18<00:15:58,  0.60it/s, loss=0.0255]
Epoch 23:   3%|..........| 15/585 [00:00:24<00:15:26,  0.62it/s, loss=0.0253]
Epoch 23:   3%|..........| 19/585 [00:00:30<00:15:14,  0.62it/s, loss=0.0255]
Epoch 23:   4%|..........| 23/585 [00:00:36<00:14:58,  0.63it/s, loss=0.0252]
Epoch 23:   5%|..........| 27/585 [00:00:43<00:14:54,  0.62it/s, loss=0.0252]
Epoch 23:   5%|..........| 31/585 [00:00:49<00:14:49,  0.62it/s, loss=0.0246]
Epoch 23:   6%|..........| 34/585 [00:00:55<00:14:55,  0.62it/s, loss=0.0250]
Epoch 23:   6%|..........| 38/585 [00:01:01<00:14:44,  0.62it/s, loss=0.0246]
Epoch 23:   7%|..........| 41/585 [00:01:06<00:14:42,  0.62it/s, loss=0.0247]
Epoch 23:   8%|..........| 44/585 [00:01:11<00:14:43,  0.61it/s, loss=0.0252]
Epoch 23:   8%|..........| 47/585 [00:01:17<00:14:44,  0.61it/s, loss=0.0255]
Epoch 23:   9%|..........| 50/585 [00:01:22<00:14:42,  0.61it/s, loss=0.0257]
Epoch 23:   9%|..........| 54/585 [00:01:28<00:14:30,  0.61it/s, loss=0.0254]
Epoch 23:  10%|..........| 57/585 [00:01:33<00:14:30,  0.61it/s, loss=0.0260]
Epoch 23:  10%|#.........| 60/585 [00:01:38<00:14:26,  0.61it/s, loss=0.0260]
Epoch 23:  11%|#.........| 64/585 [00:01:44<00:14:14,  0.61it/s, loss=0.0259]
Epoch 23:  11%|#.........| 67/585 [00:01:50<00:14:13,  0.61it/s, loss=0.0258]
Epoch 23:  12%|#.........| 71/585 [00:01:56<00:14:03,  0.61it/s, loss=0.0256]
Epoch 23:  13%|#.........| 75/585 [00:02:02<00:13:55,  0.61it/s, loss=0.0255]
Epoch 23:  13%|#.........| 78/585 [00:02:08<00:13:52,  0.61it/s, loss=0.0259]
Epoch 23:  14%|#.........| 82/585 [00:02:14<00:13:43,  0.61it/s, loss=0.0256]
Epoch 23:  15%|#.........| 86/585 [00:02:20<00:13:36,  0.61it/s, loss=0.0255]
Epoch 23:  15%|#.........| 89/585 [00:02:26<00:13:36,  0.61it/s, loss=0.0255]
Epoch 23:  16%|#.........| 92/585 [00:02:31<00:13:32,  0.61it/s, loss=0.0255]
Epoch 23:  16%|#.........| 95/585 [00:02:37<00:13:32,  0.60it/s, loss=0.0255]
Epoch 23:  17%|#.........| 99/585 [00:02:44<00:13:25,  0.60it/s, loss=0.0256]
Epoch 23:  17%|#.........| 102/585 [00:02:49<00:13:21,  0.60it/s, loss=0.0255]
Epoch 23:  18%|#.........| 106/585 [00:02:55<00:13:13,  0.60it/s, loss=0.0255]
Epoch 23:  19%|#.........| 109/585 [00:03:00<00:13:09,  0.60it/s, loss=0.0257]
Epoch 23:  19%|#.........| 113/585 [00:03:07<00:13:01,  0.60it/s, loss=0.0259]
Epoch 23:  20%|#.........| 116/585 [00:03:12<00:12:57,  0.60it/s, loss=0.0259]
Epoch 23:  20%|##........| 119/585 [00:03:17<00:12:54,  0.60it/s, loss=0.0259]
Epoch 23:  21%|##........| 122/585 [00:03:22<00:12:49,  0.60it/s, loss=0.0263]
Epoch 23:  21%|##........| 125/585 [00:03:28<00:12:47,  0.60it/s, loss=0.0262]
Epoch 23:  22%|##........| 129/585 [00:03:35<00:12:40,  0.60it/s, loss=0.0262]
Epoch 23:  23%|##........| 132/585 [00:03:40<00:12:35,  0.60it/s, loss=0.0265]
Epoch 23:  23%|##........| 136/585 [00:03:46<00:12:27,  0.60it/s, loss=0.0265]
Epoch 23:  24%|##........| 140/585 [00:03:52<00:12:20,  0.60it/s, loss=0.0264]
Epoch 23:  24%|##........| 143/585 [00:03:57<00:12:15,  0.60it/s, loss=0.0264]
Epoch 23:  25%|##........| 146/585 [00:04:03<00:12:12,  0.60it/s, loss=0.0265]
Epoch 23:  26%|##........| 150/585 [00:04:10<00:12:06,  0.60it/s, loss=0.0266]
Epoch 23:  26%|##........| 154/585 [00:04:16<00:11:58,  0.60it/s, loss=0.0267]
Epoch 23:  27%|##........| 158/585 [00:04:23<00:11:51,  0.60it/s, loss=0.0266]
Epoch 23:  28%|##........| 162/585 [00:04:30<00:11:45,  0.60it/s, loss=0.0266]
Epoch 23:  28%|##........| 166/585 [00:04:36<00:11:36,  0.60it/s, loss=0.0266]
Epoch 23:  29%|##........| 170/585 [00:04:42<00:11:28,  0.60it/s, loss=0.0265]
Epoch 23:  30%|##........| 173/585 [00:04:47<00:11:24,  0.60it/s, loss=0.0265]
Epoch 23:  30%|###.......| 176/585 [00:04:53<00:11:21,  0.60it/s, loss=0.0268]
Epoch 23:  31%|###.......| 180/585 [00:04:59<00:11:13,  0.60it/s, loss=0.0267]
Epoch 23:  31%|###.......| 184/585 [00:05:06<00:11:07,  0.60it/s, loss=0.0266]
Epoch 23:  32%|###.......| 187/585 [00:05:11<00:11:03,  0.60it/s, loss=0.0266]
Epoch 23:  33%|###.......| 191/585 [00:05:18<00:10:56,  0.60it/s, loss=0.0264]
Epoch 23:  33%|###.......| 195/585 [00:05:24<00:10:48,  0.60it/s, loss=0.0263]
Epoch 23:  34%|###.......| 198/585 [00:05:30<00:10:45,  0.60it/s, loss=0.0262]
Epoch 23:  35%|###.......| 202/585 [00:05:36<00:10:38,  0.60it/s, loss=0.0261]
Epoch 23:  35%|###.......| 205/585 [00:05:42<00:10:35,  0.60it/s, loss=0.0262]
Epoch 23:  36%|###.......| 209/585 [00:05:49<00:10:28,  0.60it/s, loss=0.0261]
Epoch 23:  36%|###.......| 212/585 [00:05:54<00:10:23,  0.60it/s, loss=0.0260]
Epoch 23:  37%|###.......| 215/585 [00:05:59<00:10:18,  0.60it/s, loss=0.0261]
Epoch 23:  37%|###.......| 218/585 [00:06:05<00:10:14,  0.60it/s, loss=0.0261]
Epoch 23:  38%|###.......| 221/585 [00:06:10<00:10:10,  0.60it/s, loss=0.0261]
Epoch 23:  38%|###.......| 225/585 [00:06:17<00:10:03,  0.60it/s, loss=0.0261]
Epoch 23:  39%|###.......| 228/585 [00:06:23<00:09:59,  0.60it/s, loss=0.0260]
Epoch 23:  39%|###.......| 231/585 [00:06:28<00:09:54,  0.60it/s, loss=0.0260]
Epoch 23:  40%|####......| 235/585 [00:06:34<00:09:47,  0.60it/s, loss=0.0260]
Epoch 23:  41%|####......| 239/585 [00:06:40<00:09:39,  0.60it/s, loss=0.0259]
Epoch 23:  41%|####......| 242/585 [00:06:45<00:09:34,  0.60it/s, loss=0.0259]
Epoch 23:  42%|####......| 245/585 [00:06:50<00:09:30,  0.60it/s, loss=0.0258]
Epoch 23:  43%|####......| 249/585 [00:06:57<00:09:23,  0.60it/s, loss=0.0258]
Epoch 23:  43%|####......| 252/585 [00:07:03<00:09:19,  0.59it/s, loss=0.0258]
Epoch 23:  44%|####......| 255/585 [00:07:09<00:09:15,  0.59it/s, loss=0.0258]
Epoch 23:  44%|####......| 259/585 [00:07:15<00:09:08,  0.59it/s, loss=0.0258]
Epoch 23:  45%|####......| 263/585 [00:07:22<00:09:01,  0.59it/s, loss=0.0258]
Epoch 23:  46%|####......| 267/585 [00:07:29<00:08:54,  0.59it/s, loss=0.0257]
Epoch 23:  46%|####......| 270/585 [00:07:34<00:08:49,  0.59it/s, loss=0.0258]
Epoch 23:  47%|####......| 273/585 [00:07:39<00:08:45,  0.59it/s, loss=0.0257]
Epoch 23:  47%|####......| 277/585 [00:07:45<00:08:37,  0.60it/s, loss=0.0257]
Epoch 23:  48%|####......| 280/585 [00:07:50<00:08:32,  0.60it/s, loss=0.0257]
Epoch 23:  49%|####......| 284/585 [00:07:56<00:08:25,  0.60it/s, loss=0.0258]
Epoch 23:  49%|####......| 287/585 [00:08:02<00:08:21,  0.59it/s, loss=0.0258]
Epoch 23:  50%|####......| 291/585 [00:08:09<00:08:14,  0.59it/s, loss=0.0258]
Epoch 23:  50%|#####.....| 294/585 [00:08:14<00:08:09,  0.59it/s, loss=0.0259]
Epoch 23:  51%|#####.....| 297/585 [00:08:19<00:08:04,  0.59it/s, loss=0.0259]
Epoch 23:  51%|#####.....| 301/585 [00:08:25<00:07:57,  0.60it/s, loss=0.0259]
Epoch 23:  52%|#####.....| 305/585 [00:08:31<00:07:49,  0.60it/s, loss=0.0259]
Epoch 23:  53%|#####.....| 309/585 [00:08:37<00:07:42,  0.60it/s, loss=0.0259]
Epoch 23:  54%|#####.....| 313/585 [00:08:44<00:07:35,  0.60it/s, loss=0.0259]
Epoch 23:  54%|#####.....| 316/585 [00:08:49<00:07:31,  0.60it/s, loss=0.0259]
Epoch 23:  55%|#####.....| 319/585 [00:08:56<00:07:27,  0.59it/s, loss=0.0259]
Epoch 23:  55%|#####.....| 323/585 [00:09:02<00:07:20,  0.60it/s, loss=0.0259]
Epoch 23:  56%|#####.....| 327/585 [00:09:08<00:07:12,  0.60it/s, loss=0.0259]
Epoch 23:  56%|#####.....| 330/585 [00:09:14<00:07:08,  0.60it/s, loss=0.0259]
Epoch 23:  57%|#####.....| 333/585 [00:09:20<00:07:03,  0.59it/s, loss=0.0259]
Epoch 23:  57%|#####.....| 336/585 [00:09:25<00:06:58,  0.59it/s, loss=0.0259]
Epoch 23:  58%|#####.....| 339/585 [00:09:30<00:06:53,  0.59it/s, loss=0.0259]
Epoch 23:  59%|#####.....| 343/585 [00:09:36<00:06:46,  0.59it/s, loss=0.0259]
Epoch 23:  59%|#####.....| 346/585 [00:09:41<00:06:41,  0.59it/s, loss=0.0259]
Epoch 23:  60%|#####.....| 350/585 [00:09:47<00:06:34,  0.60it/s, loss=0.0259]
Epoch 23:  60%|######....| 353/585 [00:09:53<00:06:29,  0.60it/s, loss=0.0259]
Epoch 23:  61%|######....| 357/585 [00:09:59<00:06:22,  0.60it/s, loss=0.0259]
Epoch 23:  62%|######....| 360/585 [00:10:04<00:06:17,  0.60it/s, loss=0.0258]
Epoch 23:  62%|######....| 363/585 [00:10:10<00:06:13,  0.59it/s, loss=0.0259]
Epoch 23:  63%|######....| 367/585 [00:10:16<00:06:06,  0.60it/s, loss=0.0259]
Epoch 23:  63%|######....| 370/585 [00:10:23<00:06:02,  0.59it/s, loss=0.0261]
Epoch 23:  64%|######....| 373/585 [00:10:28<00:05:57,  0.59it/s, loss=0.0261]
Epoch 23:  64%|######....| 377/585 [00:10:36<00:05:50,  0.59it/s, loss=0.0261]
Epoch 23:  65%|######....| 381/585 [00:10:41<00:05:43,  0.59it/s, loss=0.0260]
Epoch 23:  66%|######....| 384/585 [00:10:47<00:05:39,  0.59it/s, loss=0.0260]
Epoch 23:  66%|######....| 387/585 [00:10:52<00:05:34,  0.59it/s, loss=0.0260]
Epoch 23:  67%|######....| 391/585 [00:10:59<00:05:27,  0.59it/s, loss=0.0259]
Epoch 23:  68%|######....| 395/585 [00:11:05<00:05:20,  0.59it/s, loss=0.0259]
Epoch 23:  68%|######....| 399/585 [00:11:12<00:05:13,  0.59it/s, loss=0.0259]
Epoch 23:  69%|######....| 402/585 [00:11:17<00:05:08,  0.59it/s, loss=0.0259]
Epoch 23:  69%|######....| 406/585 [00:11:23<00:05:01,  0.59it/s, loss=0.0259]
Epoch 23:  70%|#######...| 410/585 [00:11:29<00:04:54,  0.59it/s, loss=0.0259]
Epoch 23:  71%|#######...| 413/585 [00:11:35<00:04:49,  0.59it/s, loss=0.0259]
Epoch 23:  71%|#######...| 416/585 [00:11:40<00:04:44,  0.59it/s, loss=0.0259]
Epoch 23:  72%|#######...| 420/585 [00:11:46<00:04:37,  0.59it/s, loss=0.0258]
Epoch 23:  72%|#######...| 424/585 [00:11:52<00:04:30,  0.59it/s, loss=0.0258]
Epoch 23:  73%|#######...| 427/585 [00:11:58<00:04:25,  0.59it/s, loss=0.0258]
Epoch 23:  74%|#######...| 430/585 [00:12:05<00:04:21,  0.59it/s, loss=0.0260]
Epoch 23:  74%|#######...| 434/585 [00:12:12<00:04:14,  0.59it/s, loss=0.0260]
Epoch 23:  75%|#######...| 438/585 [00:12:18<00:04:07,  0.59it/s, loss=0.0261]
Epoch 23:  75%|#######...| 441/585 [00:12:23<00:04:02,  0.59it/s, loss=0.0261]
Epoch 23:  76%|#######...| 444/585 [00:12:29<00:03:58,  0.59it/s, loss=0.0261]
Epoch 23:  77%|#######...| 448/585 [00:12:35<00:03:51,  0.59it/s, loss=0.0260]
Epoch 23:  77%|#######...| 452/585 [00:12:43<00:03:44,  0.59it/s, loss=0.0263]
Epoch 23:  78%|#######...| 456/585 [00:12:49<00:03:37,  0.59it/s, loss=0.0262]
Epoch 23:  78%|#######...| 459/585 [00:12:55<00:03:32,  0.59it/s, loss=0.0262]
Epoch 23:  79%|#######...| 462/585 [00:13:00<00:03:27,  0.59it/s, loss=0.0262]
Epoch 23:  80%|#######...| 466/585 [00:13:06<00:03:20,  0.59it/s, loss=0.0262]
Epoch 23:  80%|########..| 469/585 [00:13:12<00:03:16,  0.59it/s, loss=0.0263]
Epoch 23:  81%|########..| 473/585 [00:13:19<00:03:09,  0.59it/s, loss=0.0263]
Epoch 23:  82%|########..| 477/585 [00:13:25<00:03:02,  0.59it/s, loss=0.0263]
Epoch 23:  82%|########..| 480/585 [00:13:30<00:02:57,  0.59it/s, loss=0.0263]
Epoch 23:  83%|########..| 483/585 [00:13:36<00:02:52,  0.59it/s, loss=0.0262]
Epoch 23:  83%|########..| 486/585 [00:13:41<00:02:47,  0.59it/s, loss=0.0262]
Epoch 23:  84%|########..| 490/585 [00:13:48<00:02:40,  0.59it/s, loss=0.0262]
Epoch 23:  84%|########..| 493/585 [00:13:53<00:02:35,  0.59it/s, loss=0.0262]
Epoch 23:  85%|########..| 497/585 [00:13:59<00:02:28,  0.59it/s, loss=0.0262]
Epoch 23:  86%|########..| 501/585 [00:14:06<00:02:21,  0.59it/s, loss=0.0262]
Epoch 23:  86%|########..| 504/585 [00:14:11<00:02:16,  0.59it/s, loss=0.0262]
Epoch 23:  87%|########..| 507/585 [00:14:17<00:02:11,  0.59it/s, loss=0.0262]
Epoch 23:  87%|########..| 511/585 [00:14:22<00:02:04,  0.59it/s, loss=0.0261]
Epoch 23:  88%|########..| 514/585 [00:14:28<00:01:59,  0.59it/s, loss=0.0262]
Epoch 23:  89%|########..| 518/585 [00:14:34<00:01:53,  0.59it/s, loss=0.0262]
Epoch 23:  89%|########..| 521/585 [00:14:39<00:01:48,  0.59it/s, loss=0.0261]
Epoch 23:  90%|########..| 525/585 [00:14:46<00:01:41,  0.59it/s, loss=0.0261]
Epoch 23:  90%|#########.| 529/585 [00:14:52<00:01:34,  0.59it/s, loss=0.0261]
Epoch 23:  91%|#########.| 532/585 [00:14:57<00:01:29,  0.59it/s, loss=0.0261]
Epoch 23:  91%|#########.| 535/585 [00:15:03<00:01:24,  0.59it/s, loss=0.0261]
Epoch 23:  92%|#########.| 538/585 [00:15:08<00:01:19,  0.59it/s, loss=0.0261]
Epoch 23:  93%|#########.| 542/585 [00:15:15<00:01:12,  0.59it/s, loss=0.0261]
Epoch 23:  93%|#########.| 546/585 [00:15:21<00:01:05,  0.59it/s, loss=0.0261]
Epoch 23:  94%|#########.| 549/585 [00:15:26<00:01:00,  0.59it/s, loss=0.0261]
Epoch 23:  95%|#########.| 553/585 [00:15:33<00:00:54,  0.59it/s, loss=0.0261]
Epoch 23:  95%|#########.| 556/585 [00:15:38<00:00:48,  0.59it/s, loss=0.0261]
Epoch 23:  96%|#########.| 560/585 [00:15:44<00:00:42,  0.59it/s, loss=0.0260]
Epoch 23:  96%|#########.| 564/585 [00:15:51<00:00:35,  0.59it/s, loss=0.0261]
Epoch 23:  97%|#########.| 567/585 [00:15:56<00:00:30,  0.59it/s, loss=0.0260]
Epoch 23:  97%|#########.| 570/585 [00:16:02<00:00:25,  0.59it/s, loss=0.0260]
Epoch 23:  98%|#########.| 574/585 [00:16:07<00:00:18,  0.59it/s, loss=0.0260]
Epoch 23:  99%|#########.| 578/585 [00:16:13<00:00:11,  0.59it/s, loss=0.0260]
Epoch 23:  99%|#########.| 581/585 [00:16:19<00:00:06,  0.59it/s, loss=0.0260]
Epoch 23: 100%|##########| 585/585 [00:16:25<00:00:00,  0.59it/s, loss=0.0260]
Test loss: 0.0231, Test rmsae: 7.27deg
{"event": "epoch_complete", "epoch": 23, "phase": 2, "lr": 1e-05, "batch_size": 10, "micro_batch_size": 1, "train_loss": 0.025986238573797237, "val_loss": 0.02305239741690457, "val_rmsae_deg": 7.265591576695442, "epoch_time_s": 986.5097257900052}
{"event": "checkpoint_saved", "tag": "best_rmsae", "epoch": 23, "path": "IFAN_Edge/outputs/stage3/ifan_stage3_long80_c8_r2_map_maba_20260516_154535/checkpoints/best_rmsae.pt", "val_rmsae_deg": 7.265591576695442}
Epoch 24/80:
Epoch 24:   1%|..........| 4/585 [00:00:06<00:15:09,  0.64it/s, loss=0.0261]
Epoch 24:   1%|..........| 8/585 [00:00:12<00:14:50,  0.65it/s, loss=0.0252]
Epoch 24:   2%|..........| 12/585 [00:00:19<00:15:14,  0.63it/s, loss=0.0246]
Epoch 24:   3%|..........| 16/585 [00:00:25<00:15:24,  0.62it/s, loss=0.0242]
Epoch 24:   3%|..........| 20/585 [00:00:31<00:14:57,  0.63it/s, loss=0.0233]
Epoch 24:   4%|..........| 24/585 [00:00:38<00:14:52,  0.63it/s, loss=0.0241]
Epoch 24:   5%|..........| 27/585 [00:00:43<00:14:58,  0.62it/s, loss=0.0243]
Epoch 24:   5%|..........| 30/585 [00:00:48<00:15:01,  0.62it/s, loss=0.0241]
Epoch 24:   6%|..........| 34/585 [00:00:54<00:14:47,  0.62it/s, loss=0.0243]
Epoch 24:   6%|..........| 38/585 [00:01:01<00:14:45,  0.62it/s, loss=0.0243]
Epoch 24:   7%|..........| 42/585 [00:01:07<00:14:33,  0.62it/s, loss=0.0239]
Epoch 24:   8%|..........| 45/585 [00:01:13<00:14:36,  0.62it/s, loss=0.0242]
Epoch 24:   8%|..........| 49/585 [00:01:19<00:14:27,  0.62it/s, loss=0.0243]
Epoch 24:   9%|..........| 52/585 [00:01:24<00:14:28,  0.61it/s, loss=0.0243]
Epoch 24:  10%|..........| 56/585 [00:01:31<00:14:20,  0.61it/s, loss=0.0242]
Epoch 24:  10%|#.........| 59/585 [00:01:36<00:14:18,  0.61it/s, loss=0.0242]
Epoch 24:  11%|#.........| 63/585 [00:01:42<00:14:07,  0.62it/s, loss=0.0242]
Epoch 24:  11%|#.........| 66/585 [00:01:47<00:14:06,  0.61it/s, loss=0.0243]
Epoch 24:  12%|#.........| 70/585 [00:01:54<00:14:04,  0.61it/s, loss=0.0244]
Epoch 24:  12%|#.........| 73/585 [00:02:01<00:14:09,  0.60it/s, loss=0.0243]
Epoch 24:  13%|#.........| 77/585 [00:02:07<00:14:01,  0.60it/s, loss=0.0243]
Epoch 24:  14%|#.........| 81/585 [00:02:14<00:13:54,  0.60it/s, loss=0.0244]
Epoch 24:  15%|#.........| 85/585 [00:02:20<00:13:47,  0.60it/s, loss=0.0244]
Epoch 24:  15%|#.........| 89/585 [00:02:27<00:13:42,  0.60it/s, loss=0.0245]
Epoch 24:  16%|#.........| 92/585 [00:02:32<00:13:38,  0.60it/s, loss=0.0248]
Epoch 24:  16%|#.........| 95/585 [00:02:38<00:13:37,  0.60it/s, loss=0.0250]
Epoch 24:  17%|#.........| 98/585 [00:02:43<00:13:33,  0.60it/s, loss=0.0252]
Epoch 24:  17%|#.........| 102/585 [00:02:50<00:13:26,  0.60it/s, loss=0.0253]
Epoch 24:  18%|#.........| 106/585 [00:02:56<00:13:18,  0.60it/s, loss=0.0252]
Epoch 24:  19%|#.........| 109/585 [00:03:02<00:13:15,  0.60it/s, loss=0.0251]
Epoch 24:  19%|#.........| 113/585 [00:03:08<00:13:06,  0.60it/s, loss=0.0250]
Epoch 24:  20%|##........| 117/585 [00:03:14<00:12:58,  0.60it/s, loss=0.0249]
Epoch 24:  21%|##........| 120/585 [00:03:19<00:12:54,  0.60it/s, loss=0.0248]
Epoch 24:  21%|##........| 123/585 [00:03:25<00:12:50,  0.60it/s, loss=0.0248]
Epoch 24:  22%|##........| 127/585 [00:03:31<00:12:42,  0.60it/s, loss=0.0248]
Epoch 24:  22%|##........| 131/585 [00:03:37<00:12:35,  0.60it/s, loss=0.0248]
Epoch 24:  23%|##........| 135/585 [00:03:44<00:12:28,  0.60it/s, loss=0.0246]
Epoch 24:  24%|##........| 139/585 [00:03:51<00:12:21,  0.60it/s, loss=0.0247]
Epoch 24:  24%|##........| 142/585 [00:03:56<00:12:17,  0.60it/s, loss=0.0249]
Epoch 24:  25%|##........| 146/585 [00:04:02<00:12:10,  0.60it/s, loss=0.0247]
Epoch 24:  26%|##........| 150/585 [00:04:09<00:12:02,  0.60it/s, loss=0.0247]
Epoch 24:  26%|##........| 154/585 [00:04:15<00:11:55,  0.60it/s, loss=0.0246]
Epoch 24:  27%|##........| 158/585 [00:04:21<00:11:47,  0.60it/s, loss=0.0246]
Epoch 24:  28%|##........| 162/585 [00:04:27<00:11:39,  0.60it/s, loss=0.0245]
Epoch 24:  28%|##........| 166/585 [00:04:34<00:11:32,  0.61it/s, loss=0.0246]
Epoch 24:  29%|##........| 170/585 [00:04:39<00:11:23,  0.61it/s, loss=0.0246]
Epoch 24:  29%|##........| 172/585 [00:04:45<00:11:25,  0.60it/s, loss=0.0247]
Epoch 24:  30%|###.......| 176/585 [00:04:52<00:11:18,  0.60it/s, loss=0.0246]
Epoch 24:  31%|###.......| 180/585 [00:04:58<00:11:11,  0.60it/s, loss=0.0245]
Epoch 24:  31%|###.......| 183/585 [00:05:04<00:11:08,  0.60it/s, loss=0.0246]
Epoch 24:  32%|###.......| 187/585 [00:05:10<00:11:00,  0.60it/s, loss=0.0245]
Epoch 24:  33%|###.......| 191/585 [00:05:16<00:10:52,  0.60it/s, loss=0.0245]
Epoch 24:  33%|###.......| 195/585 [00:05:22<00:10:45,  0.60it/s, loss=0.0245]
Epoch 24:  34%|###.......| 198/585 [00:05:28<00:10:41,  0.60it/s, loss=0.0245]
Epoch 24:  35%|###.......| 202/585 [00:05:35<00:10:35,  0.60it/s, loss=0.0244]
Epoch 24:  35%|###.......| 206/585 [00:05:41<00:10:28,  0.60it/s, loss=0.0243]
Epoch 24:  36%|###.......| 210/585 [00:05:47<00:10:21,  0.60it/s, loss=0.0244]
Epoch 24:  36%|###.......| 213/585 [00:05:53<00:10:17,  0.60it/s, loss=0.0244]
Epoch 24:  37%|###.......| 217/585 [00:05:59<00:10:10,  0.60it/s, loss=0.0244]
Epoch 24:  38%|###.......| 221/585 [00:06:05<00:10:02,  0.60it/s, loss=0.0247]
Epoch 24:  38%|###.......| 224/585 [00:06:11<00:09:58,  0.60it/s, loss=0.0247]
Epoch 24:  39%|###.......| 228/585 [00:06:17<00:09:51,  0.60it/s, loss=0.0248]
Epoch 24:  40%|###.......| 232/585 [00:06:23<00:09:43,  0.60it/s, loss=0.0247]
Epoch 24:  40%|####......| 236/585 [00:06:30<00:09:37,  0.60it/s, loss=0.0247]
Epoch 24:  41%|####......| 239/585 [00:06:35<00:09:32,  0.60it/s, loss=0.0247]
Epoch 24:  41%|####......| 242/585 [00:06:40<00:09:27,  0.60it/s, loss=0.0246]
Epoch 24:  42%|####......| 246/585 [00:06:46<00:09:20,  0.61it/s, loss=0.0246]
Epoch 24:  43%|####......| 250/585 [00:06:52<00:09:12,  0.61it/s, loss=0.0245]
Epoch 24:  43%|####......| 253/585 [00:06:57<00:09:08,  0.61it/s, loss=0.0245]
Epoch 24:  44%|####......| 255/585 [00:07:02<00:09:07,  0.60it/s, loss=0.0245]
Epoch 24:  44%|####......| 258/585 [00:07:08<00:09:03,  0.60it/s, loss=0.0244]
Epoch 24:  45%|####......| 261/585 [00:07:13<00:08:58,  0.60it/s, loss=0.0245]
Epoch 24:  45%|####......| 265/585 [00:07:20<00:08:52,  0.60it/s, loss=0.0245]
Epoch 24:  46%|####......| 269/585 [00:07:26<00:08:45,  0.60it/s, loss=0.0244]
Epoch 24:  46%|####......| 272/585 [00:07:32<00:08:40,  0.60it/s, loss=0.0245]
Epoch 24:  47%|####......| 276/585 [00:07:38<00:08:32,  0.60it/s, loss=0.0246]
Epoch 24:  48%|####......| 280/585 [00:07:44<00:08:26,  0.60it/s, loss=0.0246]
Epoch 24:  48%|####......| 283/585 [00:07:49<00:08:21,  0.60it/s, loss=0.0246]
Epoch 24:  49%|####......| 286/585 [00:07:54<00:08:16,  0.60it/s, loss=0.0245]
Epoch 24:  50%|####......| 290/585 [00:08:01<00:08:09,  0.60it/s, loss=0.0249]
Epoch 24:  50%|#####.....| 293/585 [00:08:06<00:08:04,  0.60it/s, loss=0.0249]
Epoch 24:  51%|#####.....| 296/585 [00:08:11<00:08:00,  0.60it/s, loss=0.0250]
Epoch 24:  51%|#####.....| 300/585 [00:08:18<00:07:53,  0.60it/s, loss=0.0250]
Epoch 24:  52%|#####.....| 304/585 [00:08:24<00:07:45,  0.60it/s, loss=0.0250]
Epoch 24:  52%|#####.....| 307/585 [00:08:29<00:07:41,  0.60it/s, loss=0.0250]
Epoch 24:  53%|#####.....| 311/585 [00:08:35<00:07:34,  0.60it/s, loss=0.0250]
Epoch 24:  54%|#####.....| 314/585 [00:08:40<00:07:29,  0.60it/s, loss=0.0251]
Epoch 24:  54%|#####.....| 317/585 [00:08:45<00:07:24,  0.60it/s, loss=0.0251]
Epoch 24:  55%|#####.....| 320/585 [00:08:51<00:07:19,  0.60it/s, loss=0.0252]
Epoch 24:  55%|#####.....| 323/585 [00:08:56<00:07:15,  0.60it/s, loss=0.0252]
Epoch 24:  56%|#####.....| 326/585 [00:09:02<00:07:10,  0.60it/s, loss=0.0252]
Epoch 24:  56%|#####.....| 330/585 [00:09:08<00:07:04,  0.60it/s, loss=0.0252]
Epoch 24:  57%|#####.....| 333/585 [00:09:14<00:06:59,  0.60it/s, loss=0.0252]
Epoch 24:  58%|#####.....| 337/585 [00:09:21<00:06:53,  0.60it/s, loss=0.0252]
Epoch 24:  58%|#####.....| 341/585 [00:09:27<00:06:46,  0.60it/s, loss=0.0252]
Epoch 24:  59%|#####.....| 344/585 [00:09:33<00:06:41,  0.60it/s, loss=0.0252]
Epoch 24:  59%|#####.....| 348/585 [00:09:39<00:06:34,  0.60it/s, loss=0.0253]
Epoch 24:  60%|######....| 351/585 [00:09:45<00:06:30,  0.60it/s, loss=0.0253]
Epoch 24:  61%|######....| 354/585 [00:09:50<00:06:25,  0.60it/s, loss=0.0253]
Epoch 24:  61%|######....| 357/585 [00:09:55<00:06:20,  0.60it/s, loss=0.0253]
Epoch 24:  62%|######....| 361/585 [00:10:02<00:06:13,  0.60it/s, loss=0.0253]
Epoch 24:  62%|######....| 365/585 [00:10:08<00:06:06,  0.60it/s, loss=0.0253]
Epoch 24:  63%|######....| 369/585 [00:10:14<00:05:59,  0.60it/s, loss=0.0252]
Epoch 24:  64%|######....| 372/585 [00:10:19<00:05:54,  0.60it/s, loss=0.0252]
Epoch 24:  64%|######....| 375/585 [00:10:25<00:05:50,  0.60it/s, loss=0.0252]
Epoch 24:  65%|######....| 378/585 [00:10:30<00:05:45,  0.60it/s, loss=0.0252]
Epoch 24:  65%|######....| 381/585 [00:10:35<00:05:40,  0.60it/s, loss=0.0253]
Epoch 24:  66%|######....| 385/585 [00:10:41<00:05:33,  0.60it/s, loss=0.0253]
Epoch 24:  66%|######....| 389/585 [00:10:47<00:05:26,  0.60it/s, loss=0.0252]
Epoch 24:  67%|######....| 392/585 [00:10:52<00:05:21,  0.60it/s, loss=0.0253]
Epoch 24:  68%|######....| 395/585 [00:10:57<00:05:16,  0.60it/s, loss=0.0252]
Epoch 24:  68%|######....| 399/585 [00:11:03<00:05:09,  0.60it/s, loss=0.0253]
Epoch 24:  69%|######....| 402/585 [00:11:09<00:05:04,  0.60it/s, loss=0.0253]
Epoch 24:  69%|######....| 406/585 [00:11:16<00:04:58,  0.60it/s, loss=0.0253]
Epoch 24:  70%|######....| 409/585 [00:11:22<00:04:53,  0.60it/s, loss=0.0254]
Epoch 24:  71%|#######...| 413/585 [00:11:28<00:04:46,  0.60it/s, loss=0.0254]
Epoch 24:  71%|#######...| 417/585 [00:11:34<00:04:39,  0.60it/s, loss=0.0254]
Epoch 24:  72%|#######...| 421/585 [00:11:41<00:04:33,  0.60it/s, loss=0.0254]
Epoch 24:  73%|#######...| 425/585 [00:11:47<00:04:26,  0.60it/s, loss=0.0254]
Epoch 24:  73%|#######...| 428/585 [00:11:52<00:04:21,  0.60it/s, loss=0.0254]
Epoch 24:  74%|#######...| 432/585 [00:11:59<00:04:14,  0.60it/s, loss=0.0254]
Epoch 24:  74%|#######...| 435/585 [00:12:04<00:04:09,  0.60it/s, loss=0.0254]
Epoch 24:  75%|#######...| 439/585 [00:12:11<00:04:03,  0.60it/s, loss=0.0254]
Epoch 24:  76%|#######...| 442/585 [00:12:16<00:03:58,  0.60it/s, loss=0.0254]
Epoch 24:  76%|#######...| 446/585 [00:12:22<00:03:51,  0.60it/s, loss=0.0254]
Epoch 24:  77%|#######...| 449/585 [00:12:28<00:03:46,  0.60it/s, loss=0.0254]
Epoch 24:  77%|#######...| 452/585 [00:12:34<00:03:41,  0.60it/s, loss=0.0254]
Epoch 24:  78%|#######...| 456/585 [00:12:39<00:03:34,  0.60it/s, loss=0.0254]
Epoch 24:  78%|#######...| 458/585 [00:12:45<00:03:32,  0.60it/s, loss=0.0254]
Epoch 24:  79%|#######...| 462/585 [00:12:51<00:03:25,  0.60it/s, loss=0.0255]
Epoch 24:  80%|#######...| 466/585 [00:12:58<00:03:18,  0.60it/s, loss=0.0254]
Epoch 24:  80%|########..| 470/585 [00:13:04<00:03:11,  0.60it/s, loss=0.0254]
Epoch 24:  81%|########..| 474/585 [00:13:11<00:03:05,  0.60it/s, loss=0.0254]
Epoch 24:  82%|########..| 478/585 [00:13:16<00:02:58,  0.60it/s, loss=0.0254]
Epoch 24:  82%|########..| 481/585 [00:13:22<00:02:53,  0.60it/s, loss=0.0254]
Epoch 24:  83%|########..| 485/585 [00:13:28<00:02:46,  0.60it/s, loss=0.0254]
Epoch 24:  84%|########..| 489/585 [00:13:35<00:02:40,  0.60it/s, loss=0.0254]
Epoch 24:  84%|########..| 492/585 [00:13:40<00:02:35,  0.60it/s, loss=0.0254]
Epoch 24:  85%|########..| 495/585 [00:13:47<00:02:30,  0.60it/s, loss=0.0254]
Epoch 24:  85%|########..| 499/585 [00:13:54<00:02:23,  0.60it/s, loss=0.0254]
Epoch 24:  86%|########..| 502/585 [00:13:59<00:02:18,  0.60it/s, loss=0.0254]
Epoch 24:  86%|########..| 505/585 [00:14:05<00:02:13,  0.60it/s, loss=0.0254]
Epoch 24:  87%|########..| 509/585 [00:14:11<00:02:07,  0.60it/s, loss=0.0254]
Epoch 24:  88%|########..| 512/585 [00:14:17<00:02:02,  0.60it/s, loss=0.0254]
Epoch 24:  88%|########..| 515/585 [00:14:23<00:01:57,  0.60it/s, loss=0.0254]
Epoch 24:  89%|########..| 518/585 [00:14:29<00:01:52,  0.60it/s, loss=0.0254]
Epoch 24:  89%|########..| 521/585 [00:14:34<00:01:47,  0.60it/s, loss=0.0255]
Epoch 24:  90%|########..| 524/585 [00:14:39<00:01:42,  0.60it/s, loss=0.0255]
Epoch 24:  90%|#########.| 528/585 [00:14:46<00:01:35,  0.60it/s, loss=0.0255]
Epoch 24:  91%|#########.| 531/585 [00:14:51<00:01:30,  0.60it/s, loss=0.0255]
Epoch 24:  91%|#########.| 534/585 [00:14:57<00:01:25,  0.60it/s, loss=0.0256]
Epoch 24:  92%|#########.| 538/585 [00:15:03<00:01:18,  0.60it/s, loss=0.0256]
Epoch 24:  92%|#########.| 541/585 [00:15:08<00:01:13,  0.60it/s, loss=0.0256]
Epoch 24:  93%|#########.| 544/585 [00:15:13<00:01:08,  0.60it/s, loss=0.0256]
Epoch 24:  94%|#########.| 548/585 [00:15:20<00:01:02,  0.60it/s, loss=0.0255]
Epoch 24:  94%|#########.| 551/585 [00:15:25<00:00:57,  0.60it/s, loss=0.0255]
Epoch 24:  95%|#########.| 555/585 [00:15:32<00:00:50,  0.60it/s, loss=0.0255]
Epoch 24:  96%|#########.| 559/585 [00:15:38<00:00:43,  0.60it/s, loss=0.0256]
Epoch 24:  96%|#########.| 562/585 [00:15:44<00:00:38,  0.60it/s, loss=0.0256]
Epoch 24:  97%|#########.| 565/585 [00:15:49<00:00:33,  0.60it/s, loss=0.0256]
Epoch 24:  97%|#########.| 569/585 [00:15:55<00:00:26,  0.60it/s, loss=0.0255]
Epoch 24:  98%|#########.| 573/585 [00:16:01<00:00:20,  0.60it/s, loss=0.0255]
Epoch 24:  99%|#########.| 577/585 [00:16:07<00:00:13,  0.60it/s, loss=0.0255]
Epoch 24:  99%|#########.| 581/585 [00:16:14<00:00:06,  0.60it/s, loss=0.0255]
Epoch 24: 100%|##########| 585/585 [00:16:20<00:00:00,  0.60it/s, loss=0.0255]
Test loss: 0.0230, Test rmsae: 7.21deg
{"event": "epoch_complete", "epoch": 24, "phase": 2, "lr": 1e-05, "batch_size": 10, "micro_batch_size": 1, "train_loss": 0.025483106657798984, "val_loss": 0.023043757770210505, "val_rmsae_deg": 7.210933357477188, "epoch_time_s": 981.4290763220051}
{"event": "checkpoint_saved", "tag": "best_rmsae", "epoch": 24, "path": "IFAN_Edge/outputs/stage3/ifan_stage3_long80_c8_r2_map_maba_20260516_154535/checkpoints/best_rmsae.pt", "val_rmsae_deg": 7.210933357477188}
Epoch 25/80:
Epoch 25:   1%|..........| 4/585 [00:00:06<00:14:57,  0.65it/s, loss=0.0301]
Epoch 25:   1%|..........| 8/585 [00:00:13<00:15:48,  0.61it/s, loss=0.0245]
Epoch 25:   2%|..........| 12/585 [00:00:19<00:15:31,  0.61it/s, loss=0.0245]
Epoch 25:   3%|..........| 16/585 [00:00:25<00:15:18,  0.62it/s, loss=0.0241]
Epoch 25:   3%|..........| 19/585 [00:00:31<00:15:35,  0.61it/s, loss=0.0245]
Epoch 25:   4%|..........| 23/585 [00:00:37<00:15:17,  0.61it/s, loss=0.0237]
Epoch 25:   5%|..........| 27/585 [00:00:43<00:15:05,  0.62it/s, loss=0.0241]
Epoch 25:   5%|..........| 30/585 [00:00:49<00:15:08,  0.61it/s, loss=0.0243]
Epoch 25:   6%|..........| 34/585 [00:00:55<00:14:59,  0.61it/s, loss=0.0242]
Epoch 25:   6%|..........| 38/585 [00:01:01<00:14:47,  0.62it/s, loss=0.0241]
Epoch 25:   7%|..........| 42/585 [00:01:08<00:14:40,  0.62it/s, loss=0.0241]
Epoch 25:   8%|..........| 46/585 [00:01:14<00:14:30,  0.62it/s, loss=0.0242]
Epoch 25:   8%|..........| 49/585 [00:01:20<00:14:38,  0.61it/s, loss=0.0246]
Epoch 25:   9%|..........| 52/585 [00:01:25<00:14:41,  0.60it/s, loss=0.0247]
Epoch 25:   9%|..........| 55/585 [00:01:31<00:14:37,  0.60it/s, loss=0.0249]
Epoch 25:  10%|#.........| 59/585 [00:01:36<00:14:24,  0.61it/s, loss=0.0249]
Epoch 25:  11%|#.........| 62/585 [00:01:42<00:14:20,  0.61it/s, loss=0.0248]
Epoch 25:  11%|#.........| 66/585 [00:01:48<00:14:11,  0.61it/s, loss=0.0246]
Epoch 25:  12%|#.........| 69/585 [00:01:53<00:14:09,  0.61it/s, loss=0.0250]
Epoch 25:  12%|#.........| 73/585 [00:01:59<00:13:59,  0.61it/s, loss=0.0248]
Epoch 25:  13%|#.........| 76/585 [00:02:04<00:13:55,  0.61it/s, loss=0.0246]
Epoch 25:  14%|#.........| 80/585 [00:02:11<00:13:47,  0.61it/s, loss=0.0247]
Epoch 25:  14%|#.........| 84/585 [00:02:17<00:13:37,  0.61it/s, loss=0.0246]
Epoch 25:  15%|#.........| 88/585 [00:02:23<00:13:28,  0.61it/s, loss=0.0244]
Epoch 25:  16%|#.........| 92/585 [00:02:29<00:13:20,  0.62it/s, loss=0.0244]
Epoch 25:  16%|#.........| 95/585 [00:02:34<00:13:16,  0.62it/s, loss=0.0243]
Epoch 25:  17%|#.........| 99/585 [00:02:40<00:13:08,  0.62it/s, loss=0.0243]
Epoch 25:  17%|#.........| 102/585 [00:02:45<00:13:05,  0.62it/s, loss=0.0243]
Epoch 25:  18%|#.........| 106/585 [00:02:52<00:12:58,  0.62it/s, loss=0.0243]
Epoch 25:  19%|#.........| 110/585 [00:02:59<00:12:54,  0.61it/s, loss=0.0242]
Epoch 25:  19%|#.........| 114/585 [00:03:05<00:12:46,  0.61it/s, loss=0.0244]
Epoch 25:  20%|##........| 118/585 [00:03:11<00:12:38,  0.62it/s, loss=0.0244]
Epoch 25:  21%|##........| 121/585 [00:03:16<00:12:34,  0.61it/s, loss=0.0244]
Epoch 25:  21%|##........| 124/585 [00:03:21<00:12:30,  0.61it/s, loss=0.0245]
Epoch 25:  22%|##........| 127/585 [00:03:26<00:12:26,  0.61it/s, loss=0.0246]
Epoch 25:  22%|##........| 130/585 [00:03:32<00:12:22,  0.61it/s, loss=0.0246]
Epoch 25:  23%|##........| 134/585 [00:03:38<00:12:14,  0.61it/s, loss=0.0247]
Epoch 25:  24%|##........| 138/585 [00:03:44<00:12:08,  0.61it/s, loss=0.0248]
Epoch 25:  24%|##........| 141/585 [00:03:49<00:12:03,  0.61it/s, loss=0.0247]
Epoch 25:  25%|##........| 145/585 [00:03:56<00:11:56,  0.61it/s, loss=0.0247]
Epoch 25:  25%|##........| 149/585 [00:04:02<00:11:48,  0.62it/s, loss=0.0247]
Epoch 25:  26%|##........| 153/585 [00:04:08<00:11:42,  0.61it/s, loss=0.0245]
Epoch 25:  27%|##........| 157/585 [00:04:15<00:11:35,  0.62it/s, loss=0.0245]
Epoch 25:  28%|##........| 161/585 [00:04:21<00:11:29,  0.62it/s, loss=0.0245]
Epoch 25:  28%|##........| 165/585 [00:04:28<00:11:22,  0.62it/s, loss=0.0245]
Epoch 25:  29%|##........| 168/585 [00:04:33<00:11:18,  0.61it/s, loss=0.0245]
Epoch 25:  29%|##........| 172/585 [00:04:39<00:11:11,  0.61it/s, loss=0.0245]
Epoch 25:  30%|##........| 175/585 [00:04:44<00:11:07,  0.61it/s, loss=0.0245]
Epoch 25:  30%|###.......| 178/585 [00:04:50<00:11:04,  0.61it/s, loss=0.0245]
Epoch 25:  31%|###.......| 182/585 [00:04:57<00:10:59,  0.61it/s, loss=0.0248]
Epoch 25:  32%|###.......| 186/585 [00:05:04<00:10:52,  0.61it/s, loss=0.0248]
Epoch 25:  32%|###.......| 190/585 [00:05:10<00:10:45,  0.61it/s, loss=0.0249]
Epoch 25:  33%|###.......| 194/585 [00:05:17<00:10:39,  0.61it/s, loss=0.0250]
Epoch 25:  34%|###.......| 197/585 [00:05:22<00:10:34,  0.61it/s, loss=0.0249]
Epoch 25:  34%|###.......| 201/585 [00:05:28<00:10:27,  0.61it/s, loss=0.0248]
Epoch 25:  35%|###.......| 205/585 [00:05:34<00:10:20,  0.61it/s, loss=0.0247]
Epoch 25:  36%|###.......| 209/585 [00:05:40<00:10:13,  0.61it/s, loss=0.0248]
Epoch 25:  36%|###.......| 212/585 [00:05:46<00:10:09,  0.61it/s, loss=0.0248]
Epoch 25:  37%|###.......| 216/585 [00:05:52<00:10:02,  0.61it/s, loss=0.0247]
Epoch 25:  38%|###.......| 220/585 [00:05:58<00:09:55,  0.61it/s, loss=0.0249]
Epoch 25:  38%|###.......| 223/585 [00:06:04<00:09:51,  0.61it/s, loss=0.0249]
Epoch 25:  39%|###.......| 226/585 [00:06:10<00:09:47,  0.61it/s, loss=0.0249]
Epoch 25:  39%|###.......| 230/585 [00:06:16<00:09:40,  0.61it/s, loss=0.0248]
Epoch 25:  40%|###.......| 233/585 [00:06:21<00:09:36,  0.61it/s, loss=0.0248]
Epoch 25:  40%|####......| 236/585 [00:06:26<00:09:32,  0.61it/s, loss=0.0248]
Epoch 25:  41%|####......| 240/585 [00:06:33<00:09:25,  0.61it/s, loss=0.0248]
Epoch 25:  42%|####......| 244/585 [00:06:39<00:09:18,  0.61it/s, loss=0.0247]
Epoch 25:  42%|####......| 248/585 [00:06:46<00:09:12,  0.61it/s, loss=0.0247]
Epoch 25:  43%|####......| 251/585 [00:06:52<00:09:09,  0.61it/s, loss=0.0248]
Epoch 25:  44%|####......| 255/585 [00:06:58<00:09:01,  0.61it/s, loss=0.0248]
Epoch 25:  44%|####......| 258/585 [00:07:04<00:08:58,  0.61it/s, loss=0.0249]
Epoch 25:  45%|####......| 262/585 [00:07:11<00:08:51,  0.61it/s, loss=0.0248]
Epoch 25:  45%|####......| 266/585 [00:07:17<00:08:44,  0.61it/s, loss=0.0249]
Epoch 25:  46%|####......| 270/585 [00:07:23<00:08:37,  0.61it/s, loss=0.0249]
Epoch 25:  47%|####......| 273/585 [00:07:29<00:08:33,  0.61it/s, loss=0.0249]
Epoch 25:  47%|####......| 277/585 [00:07:35<00:08:26,  0.61it/s, loss=0.0249]
Epoch 25:  48%|####......| 281/585 [00:07:42<00:08:19,  0.61it/s, loss=0.0249]
Epoch 25:  49%|####......| 285/585 [00:07:48<00:08:13,  0.61it/s, loss=0.0249]
Epoch 25:  49%|####......| 289/585 [00:07:55<00:08:07,  0.61it/s, loss=0.0248]
Epoch 25:  50%|#####.....| 293/585 [00:08:01<00:07:59,  0.61it/s, loss=0.0247]
Epoch 25:  51%|#####.....| 297/585 [00:08:07<00:07:53,  0.61it/s, loss=0.0247]
Epoch 25:  51%|#####.....| 301/585 [00:08:14<00:07:46,  0.61it/s, loss=0.0247]
Epoch 25:  52%|#####.....| 305/585 [00:08:20<00:07:39,  0.61it/s, loss=0.0247]
Epoch 25:  53%|#####.....| 309/585 [00:08:26<00:07:32,  0.61it/s, loss=0.0247]
Epoch 25:  54%|#####.....| 313/585 [00:08:33<00:07:25,  0.61it/s, loss=0.0246]
Epoch 25:  54%|#####.....| 317/585 [00:08:39<00:07:18,  0.61it/s, loss=0.0246]
Epoch 25:  55%|#####.....| 320/585 [00:08:44<00:07:14,  0.61it/s, loss=0.0246]
Epoch 25:  55%|#####.....| 324/585 [00:08:50<00:07:07,  0.61it/s, loss=0.0246]
Epoch 25:  56%|#####.....| 328/585 [00:08:56<00:07:00,  0.61it/s, loss=0.0247]
Epoch 25:  57%|#####.....| 332/585 [00:09:03<00:06:53,  0.61it/s, loss=0.0248]
Epoch 25:  57%|#####.....| 335/585 [00:09:09<00:06:49,  0.61it/s, loss=0.0248]
Epoch 25:  58%|#####.....| 339/585 [00:09:15<00:06:43,  0.61it/s, loss=0.0248]
Epoch 25:  58%|#####.....| 342/585 [00:09:21<00:06:38,  0.61it/s, loss=0.0248]
Epoch 25:  59%|#####.....| 345/585 [00:09:26<00:06:34,  0.61it/s, loss=0.0247]
Epoch 25:  59%|#####.....| 348/585 [00:09:32<00:06:29,  0.61it/s, loss=0.0248]
Epoch 25:  60%|######....| 352/585 [00:09:38<00:06:22,  0.61it/s, loss=0.0248]
Epoch 25:  61%|######....| 356/585 [00:09:44<00:06:16,  0.61it/s, loss=0.0247]
Epoch 25:  62%|######....| 360/585 [00:09:50<00:06:09,  0.61it/s, loss=0.0247]
Epoch 25:  62%|######....| 364/585 [00:09:57<00:06:02,  0.61it/s, loss=0.0247]
Epoch 25:  63%|######....| 368/585 [00:10:03<00:05:55,  0.61it/s, loss=0.0247]
Epoch 25:  63%|######....| 371/585 [00:10:08<00:05:51,  0.61it/s, loss=0.0247]
Epoch 25:  64%|######....| 374/585 [00:10:13<00:05:46,  0.61it/s, loss=0.0247]
Epoch 25:  65%|######....| 378/585 [00:10:20<00:05:39,  0.61it/s, loss=0.0246]
Epoch 25:  65%|######....| 381/585 [00:10:26<00:05:35,  0.61it/s, loss=0.0247]
Epoch 25:  66%|######....| 385/585 [00:10:34<00:05:29,  0.61it/s, loss=0.0247]
Epoch 25:  66%|######....| 389/585 [00:10:40<00:05:22,  0.61it/s, loss=0.0248]
Epoch 25:  67%|######....| 392/585 [00:10:45<00:05:17,  0.61it/s, loss=0.0248]
Epoch 25:  68%|######....| 395/585 [00:10:52<00:05:13,  0.61it/s, loss=0.0251]
Epoch 25:  68%|######....| 399/585 [00:10:58<00:05:06,  0.61it/s, loss=0.0250]
Epoch 25:  69%|######....| 403/585 [00:11:04<00:04:59,  0.61it/s, loss=0.0250]
Epoch 25:  70%|######....| 407/585 [00:11:10<00:04:53,  0.61it/s, loss=0.0250]
Epoch 25:  70%|#######...| 411/585 [00:11:17<00:04:46,  0.61it/s, loss=0.0250]
Epoch 25:  71%|#######...| 415/585 [00:11:23<00:04:40,  0.61it/s, loss=0.0250]
Epoch 25:  71%|#######...| 418/585 [00:11:29<00:04:35,  0.61it/s, loss=0.0250]
Epoch 25:  72%|#######...| 421/585 [00:11:34<00:04:30,  0.61it/s, loss=0.0250]
Epoch 25:  73%|#######...| 425/585 [00:11:41<00:04:24,  0.61it/s, loss=0.0249]
Epoch 25:  73%|#######...| 428/585 [00:11:46<00:04:19,  0.61it/s, loss=0.0249]
Epoch 25:  74%|#######...| 432/585 [00:11:52<00:04:12,  0.61it/s, loss=0.0250]
Epoch 25:  75%|#######...| 436/585 [00:11:58<00:04:05,  0.61it/s, loss=0.0251]
Epoch 25:  75%|#######...| 440/585 [00:12:05<00:03:58,  0.61it/s, loss=0.0251]
Epoch 25:  76%|#######...| 443/585 [00:12:10<00:03:54,  0.61it/s, loss=0.0251]
Epoch 25:  76%|#######...| 447/585 [00:12:17<00:03:47,  0.61it/s, loss=0.0251]
Epoch 25:  77%|#######...| 450/585 [00:12:22<00:03:42,  0.61it/s, loss=0.0251]
Epoch 25:  77%|#######...| 453/585 [00:12:27<00:03:37,  0.61it/s, loss=0.0251]
Epoch 25:  78%|#######...| 457/585 [00:12:33<00:03:31,  0.61it/s, loss=0.0252]
Epoch 25:  79%|#######...| 460/585 [00:12:38<00:03:26,  0.61it/s, loss=0.0252]
Epoch 25:  79%|#######...| 463/585 [00:12:43<00:03:21,  0.61it/s, loss=0.0252]
Epoch 25:  80%|#######...| 466/585 [00:12:49<00:03:16,  0.61it/s, loss=0.0252]
Epoch 25:  80%|########..| 470/585 [00:12:55<00:03:09,  0.61it/s, loss=0.0252]
Epoch 25:  81%|########..| 473/585 [00:13:00<00:03:04,  0.61it/s, loss=0.0253]
Epoch 25:  82%|########..| 477/585 [00:13:07<00:02:58,  0.61it/s, loss=0.0252]
Epoch 25:  82%|########..| 481/585 [00:13:14<00:02:51,  0.61it/s, loss=0.0252]
Epoch 25:  83%|########..| 484/585 [00:13:19<00:02:46,  0.61it/s, loss=0.0252]
Epoch 25:  83%|########..| 487/585 [00:13:24<00:02:41,  0.61it/s, loss=0.0252]
Epoch 25:  84%|########..| 491/585 [00:13:31<00:02:35,  0.61it/s, loss=0.0252]
Epoch 25:  85%|########..| 495/585 [00:13:37<00:02:28,  0.61it/s, loss=0.0252]
Epoch 25:  85%|########..| 499/585 [00:13:43<00:02:21,  0.61it/s, loss=0.0252]
Epoch 25:  86%|########..| 502/585 [00:13:49<00:02:17,  0.61it/s, loss=0.0252]
Epoch 25:  86%|########..| 506/585 [00:13:55<00:02:10,  0.61it/s, loss=0.0251]
Epoch 25:  87%|########..| 510/585 [00:14:01<00:02:03,  0.61it/s, loss=0.0252]
Epoch 25:  88%|########..| 513/585 [00:14:06<00:01:58,  0.61it/s, loss=0.0252]
Epoch 25:  88%|########..| 517/585 [00:14:13<00:01:52,  0.61it/s, loss=0.0252]
Epoch 25:  89%|########..| 520/585 [00:14:18<00:01:47,  0.61it/s, loss=0.0252]
Epoch 25:  90%|########..| 524/585 [00:14:24<00:01:40,  0.61it/s, loss=0.0252]
Epoch 25:  90%|#########.| 527/585 [00:14:29<00:01:35,  0.61it/s, loss=0.0252]
Epoch 25:  91%|#########.| 530/585 [00:14:34<00:01:30,  0.61it/s, loss=0.0252]
Epoch 25:  91%|#########.| 534/585 [00:14:40<00:01:24,  0.61it/s, loss=0.0251]
Epoch 25:  92%|#########.| 537/585 [00:14:46<00:01:19,  0.61it/s, loss=0.0251]
Epoch 25:  92%|#########.| 540/585 [00:14:51<00:01:14,  0.61it/s, loss=0.0251]
Epoch 25:  93%|#########.| 544/585 [00:14:56<00:01:07,  0.61it/s, loss=0.0251]
Epoch 25:  94%|#########.| 547/585 [00:15:02<00:01:02,  0.61it/s, loss=0.0251]
Epoch 25:  94%|#########.| 551/585 [00:15:08<00:00:56,  0.61it/s, loss=0.0251]
Epoch 25:  95%|#########.| 555/585 [00:15:14<00:00:49,  0.61it/s, loss=0.0250]
Epoch 25:  96%|#########.| 559/585 [00:15:20<00:00:42,  0.61it/s, loss=0.0250]
Epoch 25:  96%|#########.| 563/585 [00:15:26<00:00:36,  0.61it/s, loss=0.0250]
Epoch 25:  97%|#########.| 567/585 [00:15:32<00:00:29,  0.61it/s, loss=0.0250]
Epoch 25:  98%|#########.| 571/585 [00:15:39<00:00:23,  0.61it/s, loss=0.0250]
Epoch 25:  98%|#########.| 575/585 [00:15:46<00:00:16,  0.61it/s, loss=0.0250]
Epoch 25:  99%|#########.| 578/585 [00:15:51<00:00:11,  0.61it/s, loss=0.0250]
Epoch 25:  99%|#########.| 581/585 [00:15:56<00:00:06,  0.61it/s, loss=0.0250]
Epoch 25: 100%|##########| 585/585 [00:16:03<00:00:00,  0.61it/s, loss=0.0250]
Test loss: 0.0230, Test rmsae: 7.25deg
{"event": "epoch_complete", "epoch": 25, "phase": 2, "lr": 1e-05, "batch_size": 10, "micro_batch_size": 1, "train_loss": 0.02496147697361616, "val_loss": 0.02304603296215646, "val_rmsae_deg": 7.24564103782177, "epoch_time_s": 964.2516034919536}
Epoch 26/80:
Epoch 26:   1%|..........| 4/585 [00:00:06<00:15:26,  0.63it/s, loss=0.0249]
Epoch 26:   1%|..........| 8/585 [00:00:12<00:15:25,  0.62it/s, loss=0.0230]
Epoch 26:   2%|..........| 12/585 [00:00:19<00:15:11,  0.63it/s, loss=0.0232]
Epoch 26:   3%|..........| 15/585 [00:00:24<00:15:19,  0.62it/s, loss=0.0225]
Epoch 26:   3%|..........| 18/585 [00:00:29<00:15:39,  0.60it/s, loss=0.0232]
Epoch 26:   4%|..........| 21/585 [00:00:35<00:15:55,  0.59it/s, loss=0.0233]
Epoch 26:   4%|..........| 25/585 [00:00:42<00:15:41,  0.60it/s, loss=0.0226]
Epoch 26:   5%|..........| 28/585 [00:00:47<00:15:49,  0.59it/s, loss=0.0226]
Epoch 26:   5%|..........| 32/585 [00:00:53<00:15:30,  0.59it/s, loss=0.0230]
Epoch 26:   6%|..........| 36/585 [00:01:00<00:15:16,  0.60it/s, loss=0.0234]
Epoch 26:   7%|..........| 40/585 [00:01:06<00:15:06,  0.60it/s, loss=0.0240]
Epoch 26:   8%|..........| 44/585 [00:01:12<00:14:54,  0.60it/s, loss=0.0244]
Epoch 26:   8%|..........| 47/585 [00:01:17<00:14:50,  0.60it/s, loss=0.0247]
Epoch 26:   9%|..........| 50/585 [00:01:23<00:14:50,  0.60it/s, loss=0.0245]
Epoch 26:   9%|..........| 54/585 [00:01:30<00:14:48,  0.60it/s, loss=0.0249]
Epoch 26:  10%|..........| 57/585 [00:01:35<00:14:43,  0.60it/s, loss=0.0248]
Epoch 26:  10%|#.........| 61/585 [00:01:41<00:14:32,  0.60it/s, loss=0.0248]
Epoch 26:  11%|#.........| 65/585 [00:01:48<00:14:24,  0.60it/s, loss=0.0253]
Epoch 26:  12%|#.........| 68/585 [00:01:53<00:14:19,  0.60it/s, loss=0.0252]
Epoch 26:  12%|#.........| 72/585 [00:01:59<00:14:11,  0.60it/s, loss=0.0251]
Epoch 26:  13%|#.........| 76/585 [00:02:05<00:14:02,  0.60it/s, loss=0.0250]
Epoch 26:  14%|#.........| 80/585 [00:02:11<00:13:52,  0.61it/s, loss=0.0249]
Epoch 26:  14%|#.........| 83/585 [00:02:16<00:13:48,  0.61it/s, loss=0.0249]
Epoch 26:  15%|#.........| 86/585 [00:02:22<00:13:44,  0.61it/s, loss=0.0247]
Epoch 26:  15%|#.........| 90/585 [00:02:28<00:13:35,  0.61it/s, loss=0.0247]
Epoch 26:  16%|#.........| 94/585 [00:02:35<00:13:30,  0.61it/s, loss=0.0250]
Epoch 26:  17%|#.........| 98/585 [00:02:40<00:13:19,  0.61it/s, loss=0.0250]
Epoch 26:  17%|#.........| 102/585 [00:02:47<00:13:12,  0.61it/s, loss=0.0248]
Epoch 26:  18%|#.........| 106/585 [00:02:53<00:13:04,  0.61it/s, loss=0.0249]
Epoch 26:  19%|#.........| 110/585 [00:02:59<00:12:54,  0.61it/s, loss=0.0248]
Epoch 26:  19%|#.........| 113/585 [00:03:04<00:12:50,  0.61it/s, loss=0.0249]
Epoch 26:  20%|##........| 117/585 [00:03:10<00:12:41,  0.61it/s, loss=0.0248]
Epoch 26:  21%|##........| 121/585 [00:03:16<00:12:34,  0.61it/s, loss=0.0248]
Epoch 26:  21%|##........| 124/585 [00:03:22<00:12:33,  0.61it/s, loss=0.0247]
Epoch 26:  22%|##........| 128/585 [00:03:28<00:12:25,  0.61it/s, loss=0.0252]
Epoch 26:  23%|##........| 132/585 [00:03:35<00:12:18,  0.61it/s, loss=0.0251]
Epoch 26:  23%|##........| 135/585 [00:03:40<00:12:15,  0.61it/s, loss=0.0251]
Epoch 26:  24%|##........| 139/585 [00:03:47<00:12:08,  0.61it/s, loss=0.0251]
Epoch 26:  24%|##........| 142/585 [00:03:53<00:12:06,  0.61it/s, loss=0.0251]
Epoch 26:  25%|##........| 145/585 [00:03:58<00:12:04,  0.61it/s, loss=0.0250]
Epoch 26:  25%|##........| 149/585 [00:04:05<00:11:57,  0.61it/s, loss=0.0251]
Epoch 26:  26%|##........| 153/585 [00:04:11<00:11:49,  0.61it/s, loss=0.0249]
Epoch 26:  27%|##........| 157/585 [00:04:17<00:11:40,  0.61it/s, loss=0.0248]
Epoch 26:  28%|##........| 161/585 [00:04:23<00:11:33,  0.61it/s, loss=0.0248]
Epoch 26:  28%|##........| 165/585 [00:04:29<00:11:25,  0.61it/s, loss=0.0247]
Epoch 26:  29%|##........| 169/585 [00:04:36<00:11:20,  0.61it/s, loss=0.0247]
Epoch 26:  30%|##........| 173/585 [00:04:42<00:11:12,  0.61it/s, loss=0.0247]
Epoch 26:  30%|###.......| 177/585 [00:04:48<00:11:05,  0.61it/s, loss=0.0247]
Epoch 26:  31%|###.......| 181/585 [00:04:55<00:10:58,  0.61it/s, loss=0.0247]
Epoch 26:  31%|###.......| 184/585 [00:05:00<00:10:55,  0.61it/s, loss=0.0248]
Epoch 26:  32%|###.......| 188/585 [00:05:06<00:10:47,  0.61it/s, loss=0.0248]
Epoch 26:  33%|###.......| 192/585 [00:05:12<00:10:39,  0.61it/s, loss=0.0248]
Epoch 26:  33%|###.......| 195/585 [00:05:18<00:10:36,  0.61it/s, loss=0.0248]
Epoch 26:  34%|###.......| 198/585 [00:05:23<00:10:32,  0.61it/s, loss=0.0248]
Epoch 26:  35%|###.......| 202/585 [00:05:30<00:10:25,  0.61it/s, loss=0.0249]
Epoch 26:  35%|###.......| 206/585 [00:05:36<00:10:19,  0.61it/s, loss=0.0249]
Epoch 26:  36%|###.......| 210/585 [00:05:42<00:10:11,  0.61it/s, loss=0.0249]
Epoch 26:  37%|###.......| 214/585 [00:05:49<00:10:05,  0.61it/s, loss=0.0248]
Epoch 26:  37%|###.......| 218/585 [00:05:55<00:09:58,  0.61it/s, loss=0.0248]
Epoch 26:  38%|###.......| 221/585 [00:06:01<00:09:55,  0.61it/s, loss=0.0249]
Epoch 26:  38%|###.......| 225/585 [00:06:07<00:09:48,  0.61it/s, loss=0.0248]
Epoch 26:  39%|###.......| 229/585 [00:06:14<00:09:41,  0.61it/s, loss=0.0250]
Epoch 26:  40%|###.......| 233/585 [00:06:20<00:09:34,  0.61it/s, loss=0.0250]
Epoch 26:  40%|####......| 236/585 [00:06:25<00:09:30,  0.61it/s, loss=0.0250]
Epoch 26:  41%|####......| 239/585 [00:06:31<00:09:26,  0.61it/s, loss=0.0253]
Epoch 26:  42%|####......| 243/585 [00:06:38<00:09:20,  0.61it/s, loss=0.0252]
Epoch 26:  42%|####......| 246/585 [00:06:44<00:09:17,  0.61it/s, loss=0.0253]
Epoch 26:  43%|####......| 249/585 [00:06:49<00:09:12,  0.61it/s, loss=0.0252]
Epoch 26:  43%|####......| 252/585 [00:06:55<00:09:09,  0.61it/s, loss=0.0252]
Epoch 26:  44%|####......| 255/585 [00:07:01<00:09:06,  0.60it/s, loss=0.0252]
Epoch 26:  44%|####......| 258/585 [00:07:07<00:09:02,  0.60it/s, loss=0.0253]
Epoch 26:  45%|####......| 262/585 [00:07:14<00:08:55,  0.60it/s, loss=0.0252]
Epoch 26:  45%|####......| 265/585 [00:07:19<00:08:50,  0.60it/s, loss=0.0252]
Epoch 26:  46%|####......| 268/585 [00:07:24<00:08:45,  0.60it/s, loss=0.0252]
Epoch 26:  46%|####......| 272/585 [00:07:30<00:08:38,  0.60it/s, loss=0.0253]
Epoch 26:  47%|####......| 275/585 [00:07:35<00:08:33,  0.60it/s, loss=0.0253]
Epoch 26:  48%|####......| 279/585 [00:07:42<00:08:26,  0.60it/s, loss=0.0253]
Epoch 26:  48%|####......| 282/585 [00:07:47<00:08:22,  0.60it/s, loss=0.0253]
Epoch 26:  49%|####......| 285/585 [00:07:52<00:08:17,  0.60it/s, loss=0.0252]
Epoch 26:  49%|####......| 289/585 [00:07:59<00:08:10,  0.60it/s, loss=0.0252]
Epoch 26:  50%|####......| 292/585 [00:08:04<00:08:06,  0.60it/s, loss=0.0252]
Epoch 26:  50%|#####.....| 295/585 [00:08:09<00:08:01,  0.60it/s, loss=0.0252]
Epoch 26:  51%|#####.....| 299/585 [00:08:15<00:07:54,  0.60it/s, loss=0.0252]
Epoch 26:  52%|#####.....| 303/585 [00:08:21<00:07:47,  0.60it/s, loss=0.0251]
Epoch 26:  52%|#####.....| 307/585 [00:08:27<00:07:39,  0.60it/s, loss=0.0251]
Epoch 26:  53%|#####.....| 310/585 [00:08:34<00:07:36,  0.60it/s, loss=0.0251]
Epoch 26:  54%|#####.....| 314/585 [00:08:40<00:07:29,  0.60it/s, loss=0.0251]
Epoch 26:  54%|#####.....| 317/585 [00:08:46<00:07:24,  0.60it/s, loss=0.0252]
Epoch 26:  55%|#####.....| 321/585 [00:08:52<00:07:17,  0.60it/s, loss=0.0251]
Epoch 26:  55%|#####.....| 324/585 [00:08:57<00:07:13,  0.60it/s, loss=0.0251]
Epoch 26:  56%|#####.....| 328/585 [00:09:04<00:07:06,  0.60it/s, loss=0.0251]
Epoch 26:  57%|#####.....| 331/585 [00:09:09<00:07:01,  0.60it/s, loss=0.0251]
Epoch 26:  57%|#####.....| 334/585 [00:09:14<00:06:56,  0.60it/s, loss=0.0251]
Epoch 26:  58%|#####.....| 337/585 [00:09:20<00:06:52,  0.60it/s, loss=0.0251]
Epoch 26:  58%|#####.....| 341/585 [00:09:26<00:06:45,  0.60it/s, loss=0.0250]
Epoch 26:  59%|#####.....| 345/585 [00:09:32<00:06:38,  0.60it/s, loss=0.0250]
Epoch 26:  59%|#####.....| 348/585 [00:09:37<00:06:33,  0.60it/s, loss=0.0250]
Epoch 26:  60%|######....| 351/585 [00:09:43<00:06:28,  0.60it/s, loss=0.0250]
Epoch 26:  61%|######....| 355/585 [00:09:49<00:06:21,  0.60it/s, loss=0.0250]
Epoch 26:  61%|######....| 358/585 [00:09:54<00:06:17,  0.60it/s, loss=0.0250]
Epoch 26:  62%|######....| 361/585 [00:09:59<00:06:12,  0.60it/s, loss=0.0250]
Epoch 26:  62%|######....| 365/585 [00:10:05<00:06:05,  0.60it/s, loss=0.0250]
Epoch 26:  63%|######....| 369/585 [00:10:12<00:05:58,  0.60it/s, loss=0.0250]
Epoch 26:  64%|######....| 372/585 [00:10:17<00:05:53,  0.60it/s, loss=0.0250]
Epoch 26:  64%|######....| 375/585 [00:10:23<00:05:49,  0.60it/s, loss=0.0250]
Epoch 26:  65%|######....| 378/585 [00:10:28<00:05:44,  0.60it/s, loss=0.0250]
Epoch 26:  65%|######....| 382/585 [00:10:34<00:05:37,  0.60it/s, loss=0.0250]
Epoch 26:  66%|######....| 385/585 [00:10:40<00:05:32,  0.60it/s, loss=0.0249]
Epoch 26:  66%|######....| 388/585 [00:10:45<00:05:27,  0.60it/s, loss=0.0249]
Epoch 26:  67%|######....| 392/585 [00:10:51<00:05:20,  0.60it/s, loss=0.0249]
Epoch 26:  68%|######....| 396/585 [00:10:58<00:05:14,  0.60it/s, loss=0.0249]
Epoch 26:  68%|######....| 399/585 [00:11:03<00:05:09,  0.60it/s, loss=0.0250]
Epoch 26:  69%|######....| 402/585 [00:11:08<00:05:04,  0.60it/s, loss=0.0250]
Epoch 26:  69%|######....| 405/585 [00:11:13<00:04:59,  0.60it/s, loss=0.0250]
Epoch 26:  70%|######....| 409/585 [00:11:19<00:04:52,  0.60it/s, loss=0.0250]
Epoch 26:  70%|#######...| 412/585 [00:11:24<00:04:47,  0.60it/s, loss=0.0250]
Epoch 26:  71%|#######...| 416/585 [00:11:31<00:04:40,  0.60it/s, loss=0.0250]
Epoch 26:  72%|#######...| 419/585 [00:11:36<00:04:35,  0.60it/s, loss=0.0250]
Epoch 26:  72%|#######...| 423/585 [00:11:42<00:04:29,  0.60it/s, loss=0.0250]
Epoch 26:  73%|#######...| 427/585 [00:11:48<00:04:22,  0.60it/s, loss=0.0250]
Epoch 26:  74%|#######...| 431/585 [00:11:54<00:04:15,  0.60it/s, loss=0.0251]
Epoch 26:  74%|#######...| 435/585 [00:12:00<00:04:08,  0.60it/s, loss=0.0250]
Epoch 26:  75%|#######...| 439/585 [00:12:07<00:04:01,  0.60it/s, loss=0.0250]
Epoch 26:  76%|#######...| 443/585 [00:12:13<00:03:55,  0.60it/s, loss=0.0250]
Epoch 26:  76%|#######...| 446/585 [00:12:18<00:03:50,  0.60it/s, loss=0.0250]
Epoch 26:  77%|#######...| 450/585 [00:12:24<00:03:43,  0.60it/s, loss=0.0250]
Epoch 26:  78%|#######...| 454/585 [00:12:31<00:03:36,  0.60it/s, loss=0.0250]
Epoch 26:  78%|#######...| 458/585 [00:12:37<00:03:30,  0.60it/s, loss=0.0250]
Epoch 26:  79%|#######...| 462/585 [00:12:43<00:03:23,  0.61it/s, loss=0.0250]
Epoch 26:  79%|#######...| 465/585 [00:12:49<00:03:18,  0.60it/s, loss=0.0250]
Epoch 26:  80%|########..| 468/585 [00:12:55<00:03:13,  0.60it/s, loss=0.0250]
Epoch 26:  81%|########..| 472/585 [00:13:01<00:03:07,  0.60it/s, loss=0.0250]
Epoch 26:  81%|########..| 476/585 [00:13:07<00:03:00,  0.60it/s, loss=0.0250]
Epoch 26:  82%|########..| 480/585 [00:13:14<00:02:53,  0.60it/s, loss=0.0250]
Epoch 26:  83%|########..| 484/585 [00:13:20<00:02:46,  0.60it/s, loss=0.0250]
Epoch 26:  83%|########..| 488/585 [00:13:26<00:02:40,  0.61it/s, loss=0.0250]
Epoch 26:  84%|########..| 492/585 [00:13:32<00:02:33,  0.61it/s, loss=0.0250]
Epoch 26:  85%|########..| 496/585 [00:13:39<00:02:27,  0.61it/s, loss=0.0250]
Epoch 26:  85%|########..| 499/585 [00:13:44<00:02:22,  0.60it/s, loss=0.0250]
Epoch 26:  86%|########..| 503/585 [00:13:50<00:02:15,  0.61it/s, loss=0.0250]
Epoch 26:  87%|########..| 507/585 [00:13:56<00:02:08,  0.61it/s, loss=0.0250]
Epoch 26:  87%|########..| 511/585 [00:14:03<00:02:02,  0.61it/s, loss=0.0250]
Epoch 26:  88%|########..| 514/585 [00:14:08<00:01:57,  0.61it/s, loss=0.0250]
Epoch 26:  88%|########..| 517/585 [00:14:14<00:01:52,  0.61it/s, loss=0.0250]
Epoch 26:  89%|########..| 521/585 [00:14:20<00:01:45,  0.61it/s, loss=0.0250]
Epoch 26:  90%|########..| 525/585 [00:14:26<00:01:39,  0.61it/s, loss=0.0250]
Epoch 26:  90%|#########.| 529/585 [00:14:32<00:01:32,  0.61it/s, loss=0.0250]
Epoch 26:  91%|#########.| 533/585 [00:14:38<00:01:25,  0.61it/s, loss=0.0250]
Epoch 26:  92%|#########.| 536/585 [00:14:44<00:01:20,  0.61it/s, loss=0.0250]
Epoch 26:  92%|#########.| 539/585 [00:14:49<00:01:15,  0.61it/s, loss=0.0250]
Epoch 26:  93%|#########.| 542/585 [00:14:54<00:01:11,  0.61it/s, loss=0.0250]
Epoch 26:  93%|#########.| 546/585 [00:15:01<00:01:04,  0.61it/s, loss=0.0250]
Epoch 26:  94%|#########.| 549/585 [00:15:06<00:00:59,  0.61it/s, loss=0.0250]
Epoch 26:  94%|#########.| 552/585 [00:15:11<00:00:54,  0.61it/s, loss=0.0250]
Epoch 26:  95%|#########.| 555/585 [00:15:16<00:00:49,  0.61it/s, loss=0.0250]
Epoch 26:  95%|#########.| 558/585 [00:15:22<00:00:44,  0.61it/s, loss=0.0250]
Epoch 26:  96%|#########.| 561/585 [00:15:27<00:00:39,  0.60it/s, loss=0.0250]
Epoch 26:  97%|#########.| 565/585 [00:15:33<00:00:33,  0.60it/s, loss=0.0250]
Epoch 26:  97%|#########.| 569/585 [00:15:40<00:00:26,  0.61it/s, loss=0.0250]
Epoch 26:  98%|#########.| 572/585 [00:15:45<00:00:21,  0.61it/s, loss=0.0250]
Epoch 26:  98%|#########.| 576/585 [00:15:51<00:00:14,  0.61it/s, loss=0.0250]
Epoch 26:  99%|#########.| 580/585 [00:15:58<00:00:08,  0.61it/s, loss=0.0250]
Epoch 26: 100%|#########.| 584/585 [00:16:04<00:00:01,  0.61it/s, loss=0.0249]
Epoch 26: 100%|##########| 585/585 [00:16:06<00:00:00,  0.61it/s, loss=0.0250]
Test loss: 0.0230, Test rmsae: 7.28deg
{"event": "epoch_complete", "epoch": 26, "phase": 2, "lr": 1e-05, "batch_size": 10, "micro_batch_size": 1, "train_loss": 0.024950619287088385, "val_loss": 0.0230462693143636, "val_rmsae_deg": 7.280855506658554, "epoch_time_s": 967.1478288409999}
Epoch 27/80:
Epoch 27:   1%|..........| 3/585 [00:00:05<00:17:22,  0.56it/s, loss=0.0319]
Epoch 27:   1%|..........| 7/585 [00:00:11<00:16:14,  0.59it/s, loss=0.0270]
Epoch 27:   2%|..........| 11/585 [00:00:18<00:15:44,  0.61it/s, loss=0.0281]
Epoch 27:   3%|..........| 15/585 [00:00:25<00:16:06,  0.59it/s, loss=0.0261]
Epoch 27:   3%|..........| 18/585 [00:00:30<00:16:00,  0.59it/s, loss=0.0259]
Epoch 27:   4%|..........| 22/585 [00:00:36<00:15:39,  0.60it/s, loss=0.0266]
Epoch 27:   4%|..........| 26/585 [00:00:43<00:15:34,  0.60it/s, loss=0.0259]
Epoch 27:   5%|..........| 30/585 [00:00:49<00:15:18,  0.60it/s, loss=0.0251]
Epoch 27:   6%|..........| 34/585 [00:00:55<00:15:02,  0.61it/s, loss=0.0248]
Epoch 27:   6%|..........| 38/585 [00:01:02<00:14:59,  0.61it/s, loss=0.0247]
Epoch 27:   7%|..........| 42/585 [00:01:08<00:14:46,  0.61it/s, loss=0.0244]
Epoch 27:   8%|..........| 45/585 [00:01:14<00:14:49,  0.61it/s, loss=0.0243]
Epoch 27:   8%|..........| 49/585 [00:01:20<00:14:40,  0.61it/s, loss=0.0242]
Epoch 27:   9%|..........| 52/585 [00:01:25<00:14:41,  0.60it/s, loss=0.0245]
Epoch 27:  10%|..........| 56/585 [00:01:32<00:14:32,  0.61it/s, loss=0.0244]
Epoch 27:  10%|#.........| 60/585 [00:01:38<00:14:22,  0.61it/s, loss=0.0243]
Epoch 27:  11%|#.........| 64/585 [00:01:44<00:14:14,  0.61it/s, loss=0.0242]
Epoch 27:  11%|#.........| 67/585 [00:01:50<00:14:11,  0.61it/s, loss=0.0243]
Epoch 27:  12%|#.........| 71/585 [00:01:57<00:14:10,  0.60it/s, loss=0.0250]
Epoch 27:  13%|#.........| 75/585 [00:02:03<00:14:01,  0.61it/s, loss=0.0248]
Epoch 27:  13%|#.........| 78/585 [00:02:08<00:13:57,  0.61it/s, loss=0.0249]
Epoch 27:  14%|#.........| 81/585 [00:02:14<00:13:54,  0.60it/s, loss=0.0249]
Epoch 27:  15%|#.........| 85/585 [00:02:20<00:13:45,  0.61it/s, loss=0.0250]
Epoch 27:  15%|#.........| 89/585 [00:02:26<00:13:33,  0.61it/s, loss=0.0248]
Epoch 27:  16%|#.........| 93/585 [00:02:32<00:13:26,  0.61it/s, loss=0.0248]
Epoch 27:  17%|#.........| 97/585 [00:02:39<00:13:20,  0.61it/s, loss=0.0251]
Epoch 27:  17%|#.........| 101/585 [00:02:45<00:13:11,  0.61it/s, loss=0.0251]
Epoch 27:  18%|#.........| 104/585 [00:02:50<00:13:08,  0.61it/s, loss=0.0251]
Epoch 27:  18%|#.........| 108/585 [00:02:56<00:13:01,  0.61it/s, loss=0.0251]
Epoch 27:  19%|#.........| 111/585 [00:03:02<00:12:57,  0.61it/s, loss=0.0249]
Epoch 27:  20%|#.........| 115/585 [00:03:08<00:12:49,  0.61it/s, loss=0.0248]
Epoch 27:  20%|##........| 119/585 [00:03:14<00:12:42,  0.61it/s, loss=0.0249]
Epoch 27:  21%|##........| 123/585 [00:03:21<00:12:36,  0.61it/s, loss=0.0248]
Epoch 27:  22%|##........| 127/585 [00:03:27<00:12:28,  0.61it/s, loss=0.0250]
Epoch 27:  22%|##........| 131/585 [00:03:33<00:12:21,  0.61it/s, loss=0.0251]
Epoch 27:  23%|##........| 135/585 [00:03:40<00:12:13,  0.61it/s, loss=0.0251]
Epoch 27:  24%|##........| 139/585 [00:03:46<00:12:07,  0.61it/s, loss=0.0251]
Epoch 27:  24%|##........| 142/585 [00:03:51<00:12:02,  0.61it/s, loss=0.0251]
Epoch 27:  25%|##........| 145/585 [00:03:56<00:11:58,  0.61it/s, loss=0.0250]
Epoch 27:  25%|##........| 149/585 [00:04:03<00:11:52,  0.61it/s, loss=0.0250]
Epoch 27:  26%|##........| 152/585 [00:04:09<00:11:50,  0.61it/s, loss=0.0250]
Epoch 27:  27%|##........| 156/585 [00:04:15<00:11:41,  0.61it/s, loss=0.0250]
Epoch 27:  27%|##........| 159/585 [00:04:20<00:11:37,  0.61it/s, loss=0.0249]
Epoch 27:  28%|##........| 162/585 [00:04:25<00:11:33,  0.61it/s, loss=0.0250]
Epoch 27:  28%|##........| 165/585 [00:04:31<00:11:29,  0.61it/s, loss=0.0250]
Epoch 27:  29%|##........| 169/585 [00:04:37<00:11:22,  0.61it/s, loss=0.0249]
Epoch 27:  30%|##........| 173/585 [00:04:43<00:11:15,  0.61it/s, loss=0.0249]
Epoch 27:  30%|###.......| 177/585 [00:04:50<00:11:08,  0.61it/s, loss=0.0249]
Epoch 27:  31%|###.......| 180/585 [00:04:55<00:11:04,  0.61it/s, loss=0.0249]
Epoch 27:  31%|###.......| 183/585 [00:05:00<00:11:00,  0.61it/s, loss=0.0249]
Epoch 27:  32%|###.......| 187/585 [00:05:06<00:10:52,  0.61it/s, loss=0.0249]
Epoch 27:  32%|###.......| 190/585 [00:05:11<00:10:48,  0.61it/s, loss=0.0249]
Epoch 27:  33%|###.......| 194/585 [00:05:17<00:10:40,  0.61it/s, loss=0.0248]
Epoch 27:  34%|###.......| 197/585 [00:05:23<00:10:36,  0.61it/s, loss=0.0247]
Epoch 27:  34%|###.......| 200/585 [00:05:28<00:10:31,  0.61it/s, loss=0.0248]
Epoch 27:  35%|###.......| 204/585 [00:05:34<00:10:24,  0.61it/s, loss=0.0248]
Epoch 27:  36%|###.......| 208/585 [00:05:40<00:10:17,  0.61it/s, loss=0.0247]
Epoch 27:  36%|###.......| 212/585 [00:05:46<00:10:10,  0.61it/s, loss=0.0248]
Epoch 27:  37%|###.......| 216/585 [00:05:53<00:10:03,  0.61it/s, loss=0.0247]
Epoch 27:  38%|###.......| 220/585 [00:05:59<00:09:55,  0.61it/s, loss=0.0247]
Epoch 27:  38%|###.......| 224/585 [00:06:05<00:09:48,  0.61it/s, loss=0.0247]
Epoch 27:  39%|###.......| 228/585 [00:06:11<00:09:41,  0.61it/s, loss=0.0247]
Epoch 27:  39%|###.......| 231/585 [00:06:16<00:09:36,  0.61it/s, loss=0.0247]
Epoch 27:  40%|####......| 234/585 [00:06:21<00:09:32,  0.61it/s, loss=0.0248]
Epoch 27:  41%|####......| 238/585 [00:06:27<00:09:25,  0.61it/s, loss=0.0247]
Epoch 27:  41%|####......| 242/585 [00:06:34<00:09:18,  0.61it/s, loss=0.0246]
Epoch 27:  42%|####......| 245/585 [00:06:39<00:09:14,  0.61it/s, loss=0.0247]
Epoch 27:  43%|####......| 249/585 [00:06:46<00:09:08,  0.61it/s, loss=0.0247]
Epoch 27:  43%|####......| 253/585 [00:06:52<00:09:01,  0.61it/s, loss=0.0247]
Epoch 27:  44%|####......| 257/585 [00:06:58<00:08:54,  0.61it/s, loss=0.0247]
Epoch 27:  44%|####......| 260/585 [00:07:04<00:08:50,  0.61it/s, loss=0.0247]
Epoch 27:  45%|####......| 263/585 [00:07:10<00:08:47,  0.61it/s, loss=0.0246]
Epoch 27:  46%|####......| 267/585 [00:07:17<00:08:40,  0.61it/s, loss=0.0247]
Epoch 27:  46%|####......| 270/585 [00:07:22<00:08:35,  0.61it/s, loss=0.0247]
Epoch 27:  47%|####......| 274/585 [00:07:28<00:08:28,  0.61it/s, loss=0.0246]
Epoch 27:  48%|####......| 278/585 [00:07:34<00:08:21,  0.61it/s, loss=0.0246]
Epoch 27:  48%|####......| 282/585 [00:07:40<00:08:14,  0.61it/s, loss=0.0245]
Epoch 27:  49%|####......| 285/585 [00:07:46<00:08:10,  0.61it/s, loss=0.0246]
Epoch 27:  49%|####......| 288/585 [00:07:51<00:08:06,  0.61it/s, loss=0.0246]
Epoch 27:  50%|####......| 292/585 [00:07:58<00:07:59,  0.61it/s, loss=0.0246]
Epoch 27:  50%|#####.....| 295/585 [00:08:04<00:07:56,  0.61it/s, loss=0.0246]
Epoch 27:  51%|#####.....| 299/585 [00:08:10<00:07:48,  0.61it/s, loss=0.0245]
Epoch 27:  52%|#####.....| 303/585 [00:08:16<00:07:42,  0.61it/s, loss=0.0245]
Epoch 27:  52%|#####.....| 306/585 [00:08:22<00:07:37,  0.61it/s, loss=0.0245]
Epoch 27:  53%|#####.....| 310/585 [00:08:28<00:07:30,  0.61it/s, loss=0.0245]
Epoch 27:  54%|#####.....| 313/585 [00:08:33<00:07:26,  0.61it/s, loss=0.0245]
Epoch 27:  54%|#####.....| 317/585 [00:08:40<00:07:19,  0.61it/s, loss=0.0245]
Epoch 27:  55%|#####.....| 320/585 [00:08:45<00:07:15,  0.61it/s, loss=0.0245]
Epoch 27:  55%|#####.....| 324/585 [00:08:52<00:07:08,  0.61it/s, loss=0.0245]
Epoch 27:  56%|#####.....| 327/585 [00:08:57<00:07:04,  0.61it/s, loss=0.0245]
Epoch 27:  57%|#####.....| 331/585 [00:09:04<00:06:57,  0.61it/s, loss=0.0245]
Epoch 27:  57%|#####.....| 334/585 [00:09:09<00:06:52,  0.61it/s, loss=0.0245]
Epoch 27:  58%|#####.....| 338/585 [00:09:15<00:06:46,  0.61it/s, loss=0.0246]
Epoch 27:  58%|#####.....| 342/585 [00:09:21<00:06:39,  0.61it/s, loss=0.0247]
Epoch 27:  59%|#####.....| 345/585 [00:09:26<00:06:34,  0.61it/s, loss=0.0247]
Epoch 27:  59%|#####.....| 348/585 [00:09:31<00:06:29,  0.61it/s, loss=0.0247]
Epoch 27:  60%|######....| 352/585 [00:09:38<00:06:22,  0.61it/s, loss=0.0246]
Epoch 27:  61%|######....| 356/585 [00:09:44<00:06:16,  0.61it/s, loss=0.0247]
Epoch 27:  62%|######....| 360/585 [00:09:51<00:06:09,  0.61it/s, loss=0.0246]
Epoch 27:  62%|######....| 363/585 [00:09:56<00:06:05,  0.61it/s, loss=0.0247]
Epoch 27:  63%|######....| 367/585 [00:10:03<00:05:58,  0.61it/s, loss=0.0248]
Epoch 27:  63%|######....| 370/585 [00:10:08<00:05:53,  0.61it/s, loss=0.0248]
Epoch 27:  64%|######....| 374/585 [00:10:14<00:05:46,  0.61it/s, loss=0.0248]
Epoch 27:  65%|######....| 378/585 [00:10:21<00:05:40,  0.61it/s, loss=0.0248]
Epoch 27:  65%|######....| 381/585 [00:10:26<00:05:35,  0.61it/s, loss=0.0248]
Epoch 27:  66%|######....| 385/585 [00:10:32<00:05:28,  0.61it/s, loss=0.0247]
Epoch 27:  66%|######....| 389/585 [00:10:38<00:05:21,  0.61it/s, loss=0.0247]
Epoch 27:  67%|######....| 392/585 [00:10:44<00:05:17,  0.61it/s, loss=0.0247]
Epoch 27:  68%|######....| 395/585 [00:10:50<00:05:12,  0.61it/s, loss=0.0247]
Epoch 27:  68%|######....| 399/585 [00:10:56<00:05:05,  0.61it/s, loss=0.0247]
Epoch 27:  69%|######....| 402/585 [00:11:01<00:05:01,  0.61it/s, loss=0.0247]
Epoch 27:  69%|######....| 406/585 [00:11:07<00:04:54,  0.61it/s, loss=0.0247]
Epoch 27:  70%|#######...| 410/585 [00:11:13<00:04:47,  0.61it/s, loss=0.0247]
Epoch 27:  71%|#######...| 413/585 [00:11:19<00:04:42,  0.61it/s, loss=0.0247]
Epoch 27:  71%|#######...| 417/585 [00:11:25<00:04:36,  0.61it/s, loss=0.0246]
Epoch 27:  72%|#######...| 421/585 [00:11:31<00:04:29,  0.61it/s, loss=0.0247]
Epoch 27:  73%|#######...| 425/585 [00:11:37<00:04:22,  0.61it/s, loss=0.0247]
Epoch 27:  73%|#######...| 429/585 [00:11:43<00:04:15,  0.61it/s, loss=0.0246]
Epoch 27:  74%|#######...| 433/585 [00:11:50<00:04:09,  0.61it/s, loss=0.0247]
Epoch 27:  75%|#######...| 437/585 [00:11:56<00:04:02,  0.61it/s, loss=0.0247]
Epoch 27:  75%|#######...| 441/585 [00:12:02<00:03:56,  0.61it/s, loss=0.0246]
Epoch 27:  76%|#######...| 444/585 [00:12:08<00:03:51,  0.61it/s, loss=0.0246]
Epoch 27:  76%|#######...| 447/585 [00:12:13<00:03:46,  0.61it/s, loss=0.0247]
Epoch 27:  77%|#######...| 450/585 [00:12:18<00:03:41,  0.61it/s, loss=0.0247]
Epoch 27:  78%|#######...| 454/585 [00:12:25<00:03:35,  0.61it/s, loss=0.0248]
Epoch 27:  78%|#######...| 458/585 [00:12:31<00:03:28,  0.61it/s, loss=0.0248]
Epoch 27:  79%|#######...| 461/585 [00:12:36<00:03:23,  0.61it/s, loss=0.0248]
Epoch 27:  79%|#######...| 464/585 [00:12:42<00:03:18,  0.61it/s, loss=0.0248]
Epoch 27:  80%|########..| 468/585 [00:12:48<00:03:12,  0.61it/s, loss=0.0248]
Epoch 27:  81%|########..| 472/585 [00:12:54<00:03:05,  0.61it/s, loss=0.0248]
Epoch 27:  81%|########..| 475/585 [00:12:59<00:03:00,  0.61it/s, loss=0.0248]
Epoch 27:  82%|########..| 479/585 [00:13:06<00:02:54,  0.61it/s, loss=0.0248]
Epoch 27:  82%|########..| 482/585 [00:13:11<00:02:49,  0.61it/s, loss=0.0248]
Epoch 27:  83%|########..| 486/585 [00:13:18<00:02:42,  0.61it/s, loss=0.0248]
Epoch 27:  84%|########..| 490/585 [00:13:24<00:02:35,  0.61it/s, loss=0.0247]
Epoch 27:  84%|########..| 494/585 [00:13:31<00:02:29,  0.61it/s, loss=0.0247]
Epoch 27:  85%|########..| 497/585 [00:13:36<00:02:24,  0.61it/s, loss=0.0248]
Epoch 27:  85%|########..| 500/585 [00:13:41<00:02:19,  0.61it/s, loss=0.0247]
Epoch 27:  86%|########..| 504/585 [00:13:48<00:02:13,  0.61it/s, loss=0.0247]
Epoch 27:  87%|########..| 508/585 [00:13:54<00:02:06,  0.61it/s, loss=0.0247]
Epoch 27:  87%|########..| 511/585 [00:13:59<00:02:01,  0.61it/s, loss=0.0247]
Epoch 27:  88%|########..| 514/585 [00:14:05<00:01:56,  0.61it/s, loss=0.0247]
Epoch 27:  88%|########..| 517/585 [00:14:10<00:01:51,  0.61it/s, loss=0.0247]
Epoch 27:  89%|########..| 521/585 [00:14:16<00:01:45,  0.61it/s, loss=0.0246]
Epoch 27:  90%|########..| 525/585 [00:14:22<00:01:38,  0.61it/s, loss=0.0246]
Epoch 27:  90%|#########.| 528/585 [00:14:28<00:01:33,  0.61it/s, loss=0.0246]
Epoch 27:  91%|#########.| 532/585 [00:14:34<00:01:27,  0.61it/s, loss=0.0246]
Epoch 27:  92%|#########.| 536/585 [00:14:40<00:01:20,  0.61it/s, loss=0.0246]
Epoch 27:  92%|#########.| 540/585 [00:14:46<00:01:13,  0.61it/s, loss=0.0246]
Epoch 27:  93%|#########.| 544/585 [00:14:52<00:01:07,  0.61it/s, loss=0.0246]
Epoch 27:  94%|#########.| 548/585 [00:14:59<00:01:00,  0.61it/s, loss=0.0247]
Epoch 27:  94%|#########.| 552/585 [00:15:06<00:00:54,  0.61it/s, loss=0.0247]
Epoch 27:  95%|#########.| 555/585 [00:15:11<00:00:49,  0.61it/s, loss=0.0247]
Epoch 27:  95%|#########.| 558/585 [00:15:17<00:00:44,  0.61it/s, loss=0.0247]
Epoch 27:  96%|#########.| 562/585 [00:15:23<00:00:37,  0.61it/s, loss=0.0247]
Epoch 27:  97%|#########.| 566/585 [00:15:29<00:00:31,  0.61it/s, loss=0.0247]
Epoch 27:  97%|#########.| 570/585 [00:15:35<00:00:24,  0.61it/s, loss=0.0247]
Epoch 27:  98%|#########.| 573/585 [00:15:41<00:00:19,  0.61it/s, loss=0.0247]
Epoch 27:  99%|#########.| 577/585 [00:15:47<00:00:13,  0.61it/s, loss=0.0248]
Epoch 27:  99%|#########.| 581/585 [00:15:53<00:00:06,  0.61it/s, loss=0.0248]
Epoch 27: 100%|#########.| 584/585 [00:15:58<00:00:01,  0.61it/s, loss=0.0248]
Epoch 27: 100%|##########| 585/585 [00:16:00<00:00:00,  0.61it/s, loss=0.0248]
Test loss: 0.0231, Test rmsae: 7.31deg
{"event": "epoch_complete", "epoch": 27, "phase": 2, "lr": 1e-05, "batch_size": 10, "micro_batch_size": 1, "train_loss": 0.024783831000582783, "val_loss": 0.02305894554592669, "val_rmsae_deg": 7.312012031674385, "epoch_time_s": 961.4961206009611}
Epoch 28/80:
Epoch 28:   1%|..........| 4/585 [00:00:06<00:15:05,  0.64it/s, loss=0.0188]
Epoch 28:   1%|..........| 8/585 [00:00:12<00:15:13,  0.63it/s, loss=0.0217]
Epoch 28:   2%|..........| 11/585 [00:00:17<00:15:25,  0.62it/s, loss=0.0224]
Epoch 28:   3%|..........| 15/585 [00:00:24<00:15:18,  0.62it/s, loss=0.0235]
Epoch 28:   3%|..........| 18/585 [00:00:29<00:15:21,  0.62it/s, loss=0.0241]
Epoch 28:   4%|..........| 22/585 [00:00:35<00:15:17,  0.61it/s, loss=0.0241]
Epoch 28:   4%|..........| 26/585 [00:00:41<00:14:55,  0.62it/s, loss=0.0239]
Epoch 28:   5%|..........| 30/585 [00:00:47<00:14:38,  0.63it/s, loss=0.0238]
Epoch 28:   6%|..........| 34/585 [00:00:53<00:14:29,  0.63it/s, loss=0.0239]
Epoch 28:   6%|..........| 38/585 [00:00:59<00:14:20,  0.64it/s, loss=0.0240]
Epoch 28:   7%|..........| 42/585 [00:01:06<00:14:18,  0.63it/s, loss=0.0240]
Epoch 28:   8%|..........| 46/585 [00:01:13<00:14:16,  0.63it/s, loss=0.0242]
Epoch 28:   9%|..........| 50/585 [00:01:19<00:14:06,  0.63it/s, loss=0.0242]
Epoch 28:   9%|..........| 54/585 [00:01:25<00:14:03,  0.63it/s, loss=0.0243]
Epoch 28:  10%|..........| 57/585 [00:01:30<00:14:00,  0.63it/s, loss=0.0241]
Epoch 28:  10%|#.........| 60/585 [00:01:36<00:14:04,  0.62it/s, loss=0.0242]
Epoch 28:  11%|#.........| 64/585 [00:01:42<00:13:54,  0.62it/s, loss=0.0243]
Epoch 28:  11%|#.........| 67/585 [00:01:47<00:13:51,  0.62it/s, loss=0.0244]
Epoch 28:  12%|#.........| 70/585 [00:01:52<00:13:49,  0.62it/s, loss=0.0245]
Epoch 28:  12%|#.........| 73/585 [00:01:58<00:13:48,  0.62it/s, loss=0.0244]
Epoch 28:  13%|#.........| 77/585 [00:02:04<00:13:42,  0.62it/s, loss=0.0244]
Epoch 28:  14%|#.........| 81/585 [00:02:10<00:13:33,  0.62it/s, loss=0.0245]
Epoch 28:  14%|#.........| 84/585 [00:02:15<00:13:29,  0.62it/s, loss=0.0243]
Epoch 28:  15%|#.........| 87/585 [00:02:20<00:13:25,  0.62it/s, loss=0.0244]
Epoch 28:  15%|#.........| 90/585 [00:02:25<00:13:22,  0.62it/s, loss=0.0243]
Epoch 28:  16%|#.........| 94/585 [00:02:32<00:13:15,  0.62it/s, loss=0.0244]
Epoch 28:  17%|#.........| 98/585 [00:02:38<00:13:06,  0.62it/s, loss=0.0245]
Epoch 28:  17%|#.........| 102/585 [00:02:44<00:12:59,  0.62it/s, loss=0.0244]
Epoch 28:  18%|#.........| 105/585 [00:02:50<00:12:57,  0.62it/s, loss=0.0246]
Epoch 28:  18%|#.........| 108/585 [00:02:56<00:12:58,  0.61it/s, loss=0.0246]
Epoch 28:  19%|#.........| 111/585 [00:03:01<00:12:54,  0.61it/s, loss=0.0246]
Epoch 28:  19%|#.........| 114/585 [00:03:06<00:12:51,  0.61it/s, loss=0.0245]
Epoch 28:  20%|##........| 117/585 [00:03:12<00:12:49,  0.61it/s, loss=0.0245]
Epoch 28:  21%|##........| 121/585 [00:03:18<00:12:41,  0.61it/s, loss=0.0245]
Epoch 28:  21%|##........| 124/585 [00:03:23<00:12:36,  0.61it/s, loss=0.0244]
Epoch 28:  22%|##........| 128/585 [00:03:30<00:12:30,  0.61it/s, loss=0.0244]
Epoch 28:  23%|##........| 132/585 [00:03:36<00:12:22,  0.61it/s, loss=0.0245]
Epoch 28:  23%|##........| 136/585 [00:03:42<00:12:15,  0.61it/s, loss=0.0245]
Epoch 28:  24%|##........| 139/585 [00:03:47<00:12:11,  0.61it/s, loss=0.0245]
Epoch 28:  24%|##........| 142/585 [00:03:52<00:12:06,  0.61it/s, loss=0.0244]
Epoch 28:  25%|##........| 145/585 [00:03:57<00:12:02,  0.61it/s, loss=0.0244]
Epoch 28:  25%|##........| 149/585 [00:04:04<00:11:56,  0.61it/s, loss=0.0244]
Epoch 28:  26%|##........| 153/585 [00:04:10<00:11:48,  0.61it/s, loss=0.0245]
Epoch 28:  27%|##........| 157/585 [00:04:17<00:11:41,  0.61it/s, loss=0.0248]
Epoch 28:  27%|##........| 160/585 [00:04:22<00:11:37,  0.61it/s, loss=0.0247]
Epoch 28:  28%|##........| 163/585 [00:04:28<00:11:34,  0.61it/s, loss=0.0247]
Epoch 28:  28%|##........| 166/585 [00:04:33<00:11:31,  0.61it/s, loss=0.0246]
Epoch 28:  29%|##........| 169/585 [00:04:39<00:11:26,  0.61it/s, loss=0.0246]
Epoch 28:  30%|##........| 173/585 [00:04:45<00:11:19,  0.61it/s, loss=0.0246]
Epoch 28:  30%|###.......| 176/585 [00:04:50<00:11:15,  0.61it/s, loss=0.0246]
Epoch 28:  31%|###.......| 180/585 [00:04:56<00:11:07,  0.61it/s, loss=0.0245]
Epoch 28:  31%|###.......| 184/585 [00:05:02<00:10:59,  0.61it/s, loss=0.0244]
Epoch 28:  32%|###.......| 187/585 [00:05:08<00:10:55,  0.61it/s, loss=0.0244]
Epoch 28:  32%|###.......| 190/585 [00:05:13<00:10:51,  0.61it/s, loss=0.0245]
Epoch 28:  33%|###.......| 193/585 [00:05:18<00:10:47,  0.61it/s, loss=0.0249]
Epoch 28:  34%|###.......| 197/585 [00:05:24<00:10:38,  0.61it/s, loss=0.0248]
Epoch 28:  34%|###.......| 200/585 [00:05:29<00:10:34,  0.61it/s, loss=0.0248]
Epoch 28:  35%|###.......| 204/585 [00:05:35<00:10:27,  0.61it/s, loss=0.0249]
Epoch 28:  36%|###.......| 208/585 [00:05:42<00:10:20,  0.61it/s, loss=0.0248]
Epoch 28:  36%|###.......| 212/585 [00:05:48<00:10:12,  0.61it/s, loss=0.0247]
Epoch 28:  37%|###.......| 216/585 [00:05:54<00:10:06,  0.61it/s, loss=0.0247]
Epoch 28:  38%|###.......| 220/585 [00:06:01<00:09:59,  0.61it/s, loss=0.0247]
Epoch 28:  38%|###.......| 224/585 [00:06:07<00:09:51,  0.61it/s, loss=0.0246]
Epoch 28:  39%|###.......| 228/585 [00:06:13<00:09:44,  0.61it/s, loss=0.0246]
Epoch 28:  39%|###.......| 231/585 [00:06:19<00:09:41,  0.61it/s, loss=0.0246]
Epoch 28:  40%|####......| 235/585 [00:06:25<00:09:34,  0.61it/s, loss=0.0246]
Epoch 28:  41%|####......| 238/585 [00:06:30<00:09:29,  0.61it/s, loss=0.0246]
Epoch 28:  41%|####......| 241/585 [00:06:36<00:09:26,  0.61it/s, loss=0.0245]
Epoch 28:  42%|####......| 245/585 [00:06:43<00:09:19,  0.61it/s, loss=0.0245]
Epoch 28:  42%|####......| 248/585 [00:06:48<00:09:14,  0.61it/s, loss=0.0245]
Epoch 28:  43%|####......| 252/585 [00:06:55<00:09:08,  0.61it/s, loss=0.0245]
Epoch 28:  44%|####......| 255/585 [00:07:01<00:09:05,  0.61it/s, loss=0.0245]
Epoch 28:  44%|####......| 259/585 [00:07:07<00:08:58,  0.61it/s, loss=0.0245]
Epoch 28:  45%|####......| 263/585 [00:07:13<00:08:51,  0.61it/s, loss=0.0245]
Epoch 28:  46%|####......| 267/585 [00:07:20<00:08:44,  0.61it/s, loss=0.0245]
Epoch 28:  46%|####......| 270/585 [00:07:25<00:08:39,  0.61it/s, loss=0.0245]
Epoch 28:  47%|####......| 274/585 [00:07:32<00:08:33,  0.61it/s, loss=0.0245]
Epoch 28:  48%|####......| 278/585 [00:07:38<00:08:26,  0.61it/s, loss=0.0245]
Epoch 28:  48%|####......| 281/585 [00:07:45<00:08:23,  0.60it/s, loss=0.0246]
Epoch 28:  49%|####......| 285/585 [00:07:50<00:08:15,  0.61it/s, loss=0.0245]
Epoch 28:  49%|####......| 288/585 [00:07:56<00:08:11,  0.60it/s, loss=0.0245]
Epoch 28:  50%|####......| 292/585 [00:08:02<00:08:04,  0.60it/s, loss=0.0246]
Epoch 28:  50%|#####.....| 295/585 [00:08:07<00:07:59,  0.60it/s, loss=0.0249]
Epoch 28:  51%|#####.....| 299/585 [00:08:14<00:07:52,  0.60it/s, loss=0.0249]
Epoch 28:  52%|#####.....| 303/585 [00:08:21<00:07:46,  0.60it/s, loss=0.0249]
Epoch 28:  52%|#####.....| 307/585 [00:08:28<00:07:40,  0.60it/s, loss=0.0249]
Epoch 28:  53%|#####.....| 311/585 [00:08:34<00:07:33,  0.60it/s, loss=0.0249]
Epoch 28:  54%|#####.....| 315/585 [00:08:40<00:07:26,  0.60it/s, loss=0.0249]
Epoch 28:  54%|#####.....| 318/585 [00:08:45<00:07:21,  0.60it/s, loss=0.0250]
Epoch 28:  55%|#####.....| 322/585 [00:08:52<00:07:14,  0.60it/s, loss=0.0249]
Epoch 28:  56%|#####.....| 326/585 [00:08:59<00:07:08,  0.60it/s, loss=0.0249]
Epoch 28:  56%|#####.....| 330/585 [00:09:05<00:07:01,  0.60it/s, loss=0.0249]
Epoch 28:  57%|#####.....| 333/585 [00:09:11<00:06:57,  0.60it/s, loss=0.0249]
Epoch 28:  58%|#####.....| 337/585 [00:09:17<00:06:50,  0.60it/s, loss=0.0249]
Epoch 28:  58%|#####.....| 341/585 [00:09:24<00:06:43,  0.60it/s, loss=0.0249]
Epoch 28:  59%|#####.....| 344/585 [00:09:29<00:06:38,  0.60it/s, loss=0.0248]
Epoch 28:  59%|#####.....| 347/585 [00:09:35<00:06:34,  0.60it/s, loss=0.0249]
Epoch 28:  60%|######....| 351/585 [00:09:41<00:06:27,  0.60it/s, loss=0.0248]
Epoch 28:  61%|######....| 355/585 [00:09:47<00:06:20,  0.60it/s, loss=0.0248]
Epoch 28:  61%|######....| 358/585 [00:09:53<00:06:16,  0.60it/s, loss=0.0248]
Epoch 28:  62%|######....| 362/585 [00:09:59<00:06:09,  0.60it/s, loss=0.0249]
Epoch 28:  62%|######....| 365/585 [00:10:05<00:06:04,  0.60it/s, loss=0.0249]
Epoch 28:  63%|######....| 369/585 [00:10:12<00:05:58,  0.60it/s, loss=0.0249]
Epoch 28:  64%|######....| 372/585 [00:10:17<00:05:53,  0.60it/s, loss=0.0249]
Epoch 28:  64%|######....| 376/585 [00:10:23<00:05:46,  0.60it/s, loss=0.0249]
Epoch 28:  65%|######....| 379/585 [00:10:30<00:05:42,  0.60it/s, loss=0.0249]
Epoch 28:  65%|######....| 383/585 [00:10:36<00:05:35,  0.60it/s, loss=0.0250]
Epoch 28:  66%|######....| 387/585 [00:10:42<00:05:28,  0.60it/s, loss=0.0251]
Epoch 28:  67%|######....| 391/585 [00:10:49<00:05:22,  0.60it/s, loss=0.0251]
Epoch 28:  67%|######....| 394/585 [00:10:54<00:05:17,  0.60it/s, loss=0.0251]
Epoch 28:  68%|######....| 397/585 [00:11:00<00:05:12,  0.60it/s, loss=0.0251]
Epoch 28:  69%|######....| 401/585 [00:11:06<00:05:05,  0.60it/s, loss=0.0251]
Epoch 28:  69%|######....| 404/585 [00:11:11<00:05:01,  0.60it/s, loss=0.0251]
Epoch 28:  70%|######....| 408/585 [00:11:18<00:04:54,  0.60it/s, loss=0.0251]
Epoch 28:  70%|#######...| 412/585 [00:11:25<00:04:47,  0.60it/s, loss=0.0251]
Epoch 28:  71%|#######...| 416/585 [00:11:31<00:04:41,  0.60it/s, loss=0.0251]
Epoch 28:  72%|#######...| 420/585 [00:11:38<00:04:34,  0.60it/s, loss=0.0252]
Epoch 28:  72%|#######...| 424/585 [00:11:45<00:04:27,  0.60it/s, loss=0.0252]
Epoch 28:  73%|#######...| 428/585 [00:11:51<00:04:20,  0.60it/s, loss=0.0251]
Epoch 28:  74%|#######...| 432/585 [00:11:57<00:04:14,  0.60it/s, loss=0.0251]
Epoch 28:  74%|#######...| 435/585 [00:12:02<00:04:09,  0.60it/s, loss=0.0251]
Epoch 28:  75%|#######...| 439/585 [00:12:09<00:04:02,  0.60it/s, loss=0.0251]
Epoch 28:  76%|#######...| 442/585 [00:12:14<00:03:57,  0.60it/s, loss=0.0251]
Epoch 28:  76%|#######...| 445/585 [00:12:19<00:03:52,  0.60it/s, loss=0.0251]
Epoch 28:  77%|#######...| 449/585 [00:12:26<00:03:45,  0.60it/s, loss=0.0252]
Epoch 28:  77%|#######...| 452/585 [00:12:31<00:03:41,  0.60it/s, loss=0.0252]
Epoch 28:  78%|#######...| 455/585 [00:12:36<00:03:36,  0.60it/s, loss=0.0252]
Epoch 28:  78%|#######...| 458/585 [00:12:41<00:03:31,  0.60it/s, loss=0.0252]
Epoch 28:  79%|#######...| 461/585 [00:12:46<00:03:26,  0.60it/s, loss=0.0252]
Epoch 28:  79%|#######...| 465/585 [00:12:53<00:03:19,  0.60it/s, loss=0.0253]
Epoch 28:  80%|########..| 468/585 [00:12:59<00:03:14,  0.60it/s, loss=0.0253]
Epoch 28:  81%|########..| 471/585 [00:13:04<00:03:09,  0.60it/s, loss=0.0253]
Epoch 28:  81%|########..| 475/585 [00:13:10<00:03:03,  0.60it/s, loss=0.0253]
Epoch 28:  82%|########..| 479/585 [00:13:16<00:02:56,  0.60it/s, loss=0.0253]
Epoch 28:  82%|########..| 482/585 [00:13:22<00:02:51,  0.60it/s, loss=0.0252]
Epoch 28:  83%|########..| 485/585 [00:13:28<00:02:46,  0.60it/s, loss=0.0253]
Epoch 28:  84%|########..| 489/585 [00:13:34<00:02:39,  0.60it/s, loss=0.0253]
Epoch 28:  84%|########..| 493/585 [00:13:40<00:02:33,  0.60it/s, loss=0.0253]
Epoch 28:  85%|########..| 497/585 [00:13:47<00:02:26,  0.60it/s, loss=0.0253]
Epoch 28:  86%|########..| 501/585 [00:13:54<00:02:19,  0.60it/s, loss=0.0253]
Epoch 28:  86%|########..| 505/585 [00:14:00<00:02:13,  0.60it/s, loss=0.0253]
Epoch 28:  87%|########..| 509/585 [00:14:06<00:02:06,  0.60it/s, loss=0.0252]
Epoch 28:  88%|########..| 513/585 [00:14:13<00:01:59,  0.60it/s, loss=0.0252]
Epoch 28:  88%|########..| 517/585 [00:14:19<00:01:53,  0.60it/s, loss=0.0252]
Epoch 28:  89%|########..| 521/585 [00:14:25<00:01:46,  0.60it/s, loss=0.0252]
Epoch 28:  90%|########..| 525/585 [00:14:32<00:01:39,  0.60it/s, loss=0.0253]
Epoch 28:  90%|#########.| 528/585 [00:14:37<00:01:34,  0.60it/s, loss=0.0253]
Epoch 28:  91%|#########.| 531/585 [00:14:42<00:01:29,  0.60it/s, loss=0.0253]
Epoch 28:  91%|#########.| 535/585 [00:14:49<00:01:23,  0.60it/s, loss=0.0253]
Epoch 28:  92%|#########.| 538/585 [00:14:54<00:01:18,  0.60it/s, loss=0.0252]
Epoch 28:  93%|#########.| 542/585 [00:15:00<00:01:11,  0.60it/s, loss=0.0253]
Epoch 28:  93%|#########.| 546/585 [00:15:07<00:01:04,  0.60it/s, loss=0.0252]
Epoch 28:  94%|#########.| 549/585 [00:15:12<00:00:59,  0.60it/s, loss=0.0253]
Epoch 28:  94%|#########.| 552/585 [00:15:18<00:00:54,  0.60it/s, loss=0.0252]
Epoch 28:  95%|#########.| 555/585 [00:15:24<00:00:49,  0.60it/s, loss=0.0253]
Epoch 28:  95%|#########.| 558/585 [00:15:29<00:00:44,  0.60it/s, loss=0.0253]
Epoch 28:  96%|#########.| 561/585 [00:15:34<00:00:39,  0.60it/s, loss=0.0253]
Epoch 28:  97%|#########.| 565/585 [00:15:41<00:00:33,  0.60it/s, loss=0.0253]
Epoch 28:  97%|#########.| 568/585 [00:15:47<00:00:28,  0.60it/s, loss=0.0255]
Epoch 28:  98%|#########.| 572/585 [00:15:53<00:00:21,  0.60it/s, loss=0.0255]
Epoch 28:  98%|#########.| 575/585 [00:15:58<00:00:16,  0.60it/s, loss=0.0254]
Epoch 28:  99%|#########.| 578/585 [00:16:03<00:00:11,  0.60it/s, loss=0.0254]
Epoch 28:  99%|#########.| 581/585 [00:16:09<00:00:06,  0.60it/s, loss=0.0254]
Epoch 28: 100%|##########| 585/585 [00:16:15<00:00:00,  0.60it/s, loss=0.0254]
Test loss: 0.0230, Test rmsae: 7.21deg
{"event": "epoch_complete", "epoch": 28, "phase": 2, "lr": 1e-05, "batch_size": 10, "micro_batch_size": 1, "train_loss": 0.02541970305590548, "val_loss": 0.023046984686516225, "val_rmsae_deg": 7.212633371353149, "epoch_time_s": 976.7578325779177}
Epoch 29/80:
Epoch 29:   1%|..........| 4/585 [00:00:06<00:16:24,  0.59it/s, loss=0.0274]
Epoch 29:   1%|..........| 8/585 [00:00:14<00:16:53,  0.57it/s, loss=0.0262]
Epoch 29:   2%|..........| 12/585 [00:00:20<00:16:14,  0.59it/s, loss=0.0262]
Epoch 29:   3%|..........| 16/585 [00:00:26<00:15:51,  0.60it/s, loss=0.0255]
Epoch 29:   3%|..........| 19/585 [00:00:33<00:16:31,  0.57it/s, loss=0.0265]
Epoch 29:   4%|..........| 22/585 [00:00:39<00:16:48,  0.56it/s, loss=0.0264]
Epoch 29:   4%|..........| 25/585 [00:00:45<00:16:53,  0.55it/s, loss=0.0312]
Epoch 29:   5%|..........| 29/585 [00:00:51<00:16:29,  0.56it/s, loss=0.0307]
Epoch 29:   5%|..........| 32/585 [00:00:56<00:16:20,  0.56it/s, loss=0.0302]
Epoch 29:   6%|..........| 35/585 [00:01:02<00:16:19,  0.56it/s, loss=0.0296]
Epoch 29:   6%|..........| 38/585 [00:01:07<00:16:10,  0.56it/s, loss=0.0290]
Epoch 29:   7%|..........| 41/585 [00:01:12<00:16:07,  0.56it/s, loss=0.0291]
Epoch 29:   8%|..........| 44/585 [00:01:18<00:16:08,  0.56it/s, loss=0.0288]
Epoch 29:   8%|..........| 47/585 [00:01:24<00:16:08,  0.56it/s, loss=0.0289]
Epoch 29:   9%|..........| 51/585 [00:01:30<00:15:49,  0.56it/s, loss=0.0288]
Epoch 29:   9%|..........| 55/585 [00:01:36<00:15:33,  0.57it/s, loss=0.0282]
Epoch 29:  10%|..........| 58/585 [00:01:42<00:15:28,  0.57it/s, loss=0.0282]
Epoch 29:  10%|#.........| 61/585 [00:01:47<00:15:21,  0.57it/s, loss=0.0280]
Epoch 29:  11%|#.........| 64/585 [00:01:52<00:15:14,  0.57it/s, loss=0.0277]
Epoch 29:  12%|#.........| 68/585 [00:01:59<00:15:07,  0.57it/s, loss=0.0275]
Epoch 29:  12%|#.........| 71/585 [00:02:04<00:15:03,  0.57it/s, loss=0.0275]
Epoch 29:  13%|#.........| 74/585 [00:02:10<00:14:58,  0.57it/s, loss=0.0273]
Epoch 29:  13%|#.........| 77/585 [00:02:15<00:14:53,  0.57it/s, loss=0.0272]
Epoch 29:  14%|#.........| 80/585 [00:02:20<00:14:46,  0.57it/s, loss=0.0271]
Epoch 29:  14%|#.........| 84/585 [00:02:26<00:14:34,  0.57it/s, loss=0.0271]
Epoch 29:  15%|#.........| 88/585 [00:02:32<00:14:23,  0.58it/s, loss=0.0268]
Epoch 29:  16%|#.........| 92/585 [00:02:38<00:14:10,  0.58it/s, loss=0.0266]
Epoch 29:  16%|#.........| 96/585 [00:02:45<00:14:01,  0.58it/s, loss=0.0265]
Epoch 29:  17%|#.........| 99/585 [00:02:50<00:13:57,  0.58it/s, loss=0.0267]
Epoch 29:  18%|#.........| 103/585 [00:02:57<00:13:49,  0.58it/s, loss=0.0266]
Epoch 29:  18%|#.........| 106/585 [00:03:02<00:13:44,  0.58it/s, loss=0.0267]
Epoch 29:  19%|#.........| 110/585 [00:03:09<00:13:38,  0.58it/s, loss=0.0265]
Epoch 29:  19%|#.........| 113/585 [00:03:15<00:13:34,  0.58it/s, loss=0.0265]
Epoch 29:  20%|#.........| 116/585 [00:03:21<00:13:34,  0.58it/s, loss=0.0265]
Epoch 29:  21%|##........| 120/585 [00:03:27<00:13:23,  0.58it/s, loss=0.0263]
Epoch 29:  21%|##........| 123/585 [00:03:33<00:13:20,  0.58it/s, loss=0.0263]
Epoch 29:  22%|##........| 127/585 [00:03:39<00:13:11,  0.58it/s, loss=0.0262]
Epoch 29:  22%|##........| 130/585 [00:03:44<00:13:06,  0.58it/s, loss=0.0262]
Epoch 29:  23%|##........| 134/585 [00:03:51<00:12:59,  0.58it/s, loss=0.0262]
Epoch 29:  24%|##........| 138/585 [00:03:57<00:12:50,  0.58it/s, loss=0.0262]
Epoch 29:  24%|##........| 142/585 [00:04:03<00:12:41,  0.58it/s, loss=0.0261]
Epoch 29:  25%|##........| 145/585 [00:04:09<00:12:35,  0.58it/s, loss=0.0260]
Epoch 29:  25%|##........| 148/585 [00:04:14<00:12:30,  0.58it/s, loss=0.0261]
Epoch 29:  26%|##........| 152/585 [00:04:21<00:12:23,  0.58it/s, loss=0.0262]
Epoch 29:  26%|##........| 155/585 [00:04:26<00:12:19,  0.58it/s, loss=0.0261]
Epoch 29:  27%|##........| 158/585 [00:04:32<00:12:15,  0.58it/s, loss=0.0260]
Epoch 29:  28%|##........| 161/585 [00:04:37<00:12:10,  0.58it/s, loss=0.0260]
Epoch 29:  28%|##........| 164/585 [00:04:43<00:12:07,  0.58it/s, loss=0.0260]
Epoch 29:  29%|##........| 168/585 [00:04:49<00:11:59,  0.58it/s, loss=0.0259]
Epoch 29:  29%|##........| 171/585 [00:04:55<00:11:54,  0.58it/s, loss=0.0259]
Epoch 29:  30%|##........| 174/585 [00:05:00<00:11:48,  0.58it/s, loss=0.0258]
Epoch 29:  30%|###.......| 177/585 [00:05:05<00:11:43,  0.58it/s, loss=0.0259]
Epoch 29:  31%|###.......| 180/585 [00:05:11<00:11:41,  0.58it/s, loss=0.0258]
Epoch 29:  31%|###.......| 183/585 [00:05:17<00:11:36,  0.58it/s, loss=0.0259]
Epoch 29:  32%|###.......| 186/585 [00:05:22<00:11:31,  0.58it/s, loss=0.0258]
Epoch 29:  32%|###.......| 190/585 [00:05:28<00:11:23,  0.58it/s, loss=0.0258]
Epoch 29:  33%|###.......| 193/585 [00:05:34<00:11:18,  0.58it/s, loss=0.0257]
Epoch 29:  34%|###.......| 196/585 [00:05:39<00:11:13,  0.58it/s, loss=0.0258]
Epoch 29:  34%|###.......| 199/585 [00:05:44<00:11:07,  0.58it/s, loss=0.0259]
Epoch 29:  35%|###.......| 203/585 [00:05:50<00:10:59,  0.58it/s, loss=0.0258]
Epoch 29:  35%|###.......| 207/585 [00:05:56<00:10:50,  0.58it/s, loss=0.0258]
Epoch 29:  36%|###.......| 211/585 [00:06:02<00:10:42,  0.58it/s, loss=0.0258]
Epoch 29:  37%|###.......| 215/585 [00:06:08<00:10:34,  0.58it/s, loss=0.0258]
Epoch 29:  37%|###.......| 219/585 [00:06:14<00:10:26,  0.58it/s, loss=0.0258]
Epoch 29:  38%|###.......| 223/585 [00:06:21<00:10:18,  0.59it/s, loss=0.0257]
Epoch 29:  39%|###.......| 226/585 [00:06:26<00:10:14,  0.58it/s, loss=0.0257]
Epoch 29:  39%|###.......| 229/585 [00:06:31<00:10:09,  0.58it/s, loss=0.0257]
Epoch 29:  40%|###.......| 232/585 [00:06:37<00:10:04,  0.58it/s, loss=0.0257]
Epoch 29:  40%|####......| 235/585 [00:06:42<00:09:59,  0.58it/s, loss=0.0257]
Epoch 29:  41%|####......| 239/585 [00:06:49<00:09:52,  0.58it/s, loss=0.0257]
Epoch 29:  42%|####......| 243/585 [00:06:55<00:09:45,  0.58it/s, loss=0.0256]
Epoch 29:  42%|####......| 246/585 [00:07:01<00:09:41,  0.58it/s, loss=0.0257]
Epoch 29:  43%|####......| 250/585 [00:07:08<00:09:34,  0.58it/s, loss=0.0256]
Epoch 29:  43%|####......| 254/585 [00:07:14<00:09:26,  0.58it/s, loss=0.0257]
Epoch 29:  44%|####......| 257/585 [00:07:20<00:09:21,  0.58it/s, loss=0.0257]
Epoch 29:  44%|####......| 260/585 [00:07:25<00:09:16,  0.58it/s, loss=0.0257]
Epoch 29:  45%|####......| 263/585 [00:07:31<00:09:12,  0.58it/s, loss=0.0257]
Epoch 29:  46%|####......| 267/585 [00:07:37<00:09:05,  0.58it/s, loss=0.0257]
Epoch 29:  46%|####......| 270/585 [00:07:42<00:08:59,  0.58it/s, loss=0.0261]
Epoch 29:  47%|####......| 273/585 [00:07:48<00:08:55,  0.58it/s, loss=0.0260]
Epoch 29:  47%|####......| 276/585 [00:07:53<00:08:49,  0.58it/s, loss=0.0260]
Epoch 29:  48%|####......| 280/585 [00:07:59<00:08:42,  0.58it/s, loss=0.0260]
Epoch 29:  48%|####......| 283/585 [00:08:05<00:08:38,  0.58it/s, loss=0.0261]
Epoch 29:  49%|####......| 287/585 [00:08:11<00:08:30,  0.58it/s, loss=0.0260]
Epoch 29:  50%|####......| 291/585 [00:08:17<00:08:23,  0.58it/s, loss=0.0260]
Epoch 29:  50%|#####.....| 295/585 [00:08:24<00:08:15,  0.59it/s, loss=0.0260]
Epoch 29:  51%|#####.....| 299/585 [00:08:30<00:08:08,  0.59it/s, loss=0.0259]
Epoch 29:  52%|#####.....| 303/585 [00:08:36<00:08:00,  0.59it/s, loss=0.0259]
Epoch 29:  52%|#####.....| 307/585 [00:08:42<00:07:53,  0.59it/s, loss=0.0258]
Epoch 29:  53%|#####.....| 311/585 [00:08:48<00:07:45,  0.59it/s, loss=0.0258]
Epoch 29:  54%|#####.....| 314/585 [00:08:54<00:07:40,  0.59it/s, loss=0.0258]
Epoch 29:  54%|#####.....| 317/585 [00:08:59<00:07:35,  0.59it/s, loss=0.0258]
Epoch 29:  55%|#####.....| 321/585 [00:09:05<00:07:28,  0.59it/s, loss=0.0259]
Epoch 29:  55%|#####.....| 324/585 [00:09:11<00:07:24,  0.59it/s, loss=0.0262]
Epoch 29:  56%|#####.....| 328/585 [00:09:17<00:07:16,  0.59it/s, loss=0.0261]
Epoch 29:  57%|#####.....| 331/585 [00:09:22<00:07:11,  0.59it/s, loss=0.0261]
Epoch 29:  57%|#####.....| 335/585 [00:09:28<00:07:04,  0.59it/s, loss=0.0261]
Epoch 29:  58%|#####.....| 339/585 [00:09:34<00:06:57,  0.59it/s, loss=0.0261]
Epoch 29:  59%|#####.....| 343/585 [00:09:41<00:06:50,  0.59it/s, loss=0.0260]
Epoch 29:  59%|#####.....| 347/585 [00:09:47<00:06:43,  0.59it/s, loss=0.0260]
Epoch 29:  60%|######....| 351/585 [00:09:53<00:06:35,  0.59it/s, loss=0.0260]
Epoch 29:  61%|######....| 354/585 [00:09:58<00:06:30,  0.59it/s, loss=0.0260]
Epoch 29:  61%|######....| 357/585 [00:10:03<00:06:25,  0.59it/s, loss=0.0260]
Epoch 29:  62%|######....| 360/585 [00:10:08<00:06:20,  0.59it/s, loss=0.0261]
Epoch 29:  62%|######....| 364/585 [00:10:15<00:06:13,  0.59it/s, loss=0.0261]
Epoch 29:  63%|######....| 368/585 [00:10:21<00:06:06,  0.59it/s, loss=0.0261]
Epoch 29:  64%|######....| 372/585 [00:10:27<00:05:59,  0.59it/s, loss=0.0261]
Epoch 29:  64%|######....| 376/585 [00:10:33<00:05:52,  0.59it/s, loss=0.0261]
Epoch 29:  65%|######....| 380/585 [00:10:39<00:05:45,  0.59it/s, loss=0.0260]
Epoch 29:  66%|######....| 384/585 [00:10:45<00:05:38,  0.59it/s, loss=0.0260]
Epoch 29:  66%|######....| 388/585 [00:10:51<00:05:31,  0.60it/s, loss=0.0259]
Epoch 29:  67%|######....| 392/585 [00:10:58<00:05:24,  0.59it/s, loss=0.0259]
Epoch 29:  68%|######....| 395/585 [00:11:04<00:05:19,  0.59it/s, loss=0.0259]
Epoch 29:  68%|######....| 399/585 [00:11:10<00:05:12,  0.59it/s, loss=0.0260]
Epoch 29:  69%|######....| 402/585 [00:11:16<00:05:07,  0.59it/s, loss=0.0259]
Epoch 29:  69%|######....| 406/585 [00:11:22<00:05:00,  0.59it/s, loss=0.0259]
Epoch 29:  70%|######....| 409/585 [00:11:27<00:04:55,  0.60it/s, loss=0.0258]
Epoch 29:  70%|#######...| 412/585 [00:11:32<00:04:50,  0.59it/s, loss=0.0258]
Epoch 29:  71%|#######...| 416/585 [00:11:39<00:04:44,  0.59it/s, loss=0.0258]
Epoch 29:  72%|#######...| 419/585 [00:11:45<00:04:39,  0.59it/s, loss=0.0258]
Epoch 29:  72%|#######...| 423/585 [00:11:51<00:04:32,  0.59it/s, loss=0.0258]
Epoch 29:  73%|#######...| 426/585 [00:11:56<00:04:27,  0.59it/s, loss=0.0260]
Epoch 29:  73%|#######...| 429/585 [00:12:02<00:04:22,  0.59it/s, loss=0.0260]
Epoch 29:  74%|#######...| 432/585 [00:12:08<00:04:17,  0.59it/s, loss=0.0260]
Epoch 29:  75%|#######...| 436/585 [00:12:13<00:04:10,  0.59it/s, loss=0.0260]
Epoch 29:  75%|#######...| 439/585 [00:12:21<00:04:06,  0.59it/s, loss=0.0260]
Epoch 29:  76%|#######...| 442/585 [00:12:26<00:04:01,  0.59it/s, loss=0.0260]
Epoch 29:  76%|#######...| 445/585 [00:12:32<00:03:56,  0.59it/s, loss=0.0260]
Epoch 29:  77%|#######...| 449/585 [00:12:39<00:03:50,  0.59it/s, loss=0.0260]
Epoch 29:  77%|#######...| 452/585 [00:12:45<00:03:45,  0.59it/s, loss=0.0261]
Epoch 29:  78%|#######...| 456/585 [00:12:52<00:03:38,  0.59it/s, loss=0.0261]
Epoch 29:  78%|#######...| 459/585 [00:12:57<00:03:33,  0.59it/s, loss=0.0261]
Epoch 29:  79%|#######...| 462/585 [00:13:02<00:03:28,  0.59it/s, loss=0.0260]
Epoch 29:  79%|#######...| 465/585 [00:13:08<00:03:23,  0.59it/s, loss=0.0260]
Epoch 29:  80%|########..| 468/585 [00:13:13<00:03:18,  0.59it/s, loss=0.0260]
Epoch 29:  81%|########..| 472/585 [00:13:20<00:03:11,  0.59it/s, loss=0.0260]
Epoch 29:  81%|########..| 475/585 [00:13:25<00:03:06,  0.59it/s, loss=0.0260]
Epoch 29:  82%|########..| 479/585 [00:13:32<00:02:59,  0.59it/s, loss=0.0260]
Epoch 29:  82%|########..| 482/585 [00:13:38<00:02:54,  0.59it/s, loss=0.0260]
Epoch 29:  83%|########..| 486/585 [00:13:44<00:02:47,  0.59it/s, loss=0.0259]
Epoch 29:  84%|########..| 489/585 [00:13:50<00:02:42,  0.59it/s, loss=0.0259]
Epoch 29:  84%|########..| 492/585 [00:13:55<00:02:37,  0.59it/s, loss=0.0259]
Epoch 29:  85%|########..| 495/585 [00:14:00<00:02:32,  0.59it/s, loss=0.0258]
Epoch 29:  85%|########..| 499/585 [00:14:06<00:02:25,  0.59it/s, loss=0.0258]
Epoch 29:  86%|########..| 503/585 [00:14:12<00:02:19,  0.59it/s, loss=0.0258]
Epoch 29:  86%|########..| 506/585 [00:14:18<00:02:14,  0.59it/s, loss=0.0258]
Epoch 29:  87%|########..| 509/585 [00:14:23<00:02:08,  0.59it/s, loss=0.0258]
Epoch 29:  88%|########..| 513/585 [00:14:30<00:02:02,  0.59it/s, loss=0.0258]
Epoch 29:  88%|########..| 517/585 [00:14:36<00:01:55,  0.59it/s, loss=0.0257]
Epoch 29:  89%|########..| 521/585 [00:14:42<00:01:48,  0.59it/s, loss=0.0257]
Epoch 29:  90%|########..| 524/585 [00:14:48<00:01:43,  0.59it/s, loss=0.0258]
Epoch 29:  90%|#########.| 528/585 [00:14:54<00:01:36,  0.59it/s, loss=0.0258]
Epoch 29:  91%|#########.| 532/585 [00:15:01<00:01:29,  0.59it/s, loss=0.0258]
Epoch 29:  92%|#########.| 536/585 [00:15:08<00:01:23,  0.59it/s, loss=0.0258]
Epoch 29:  92%|#########.| 540/585 [00:15:14<00:01:16,  0.59it/s, loss=0.0258]
Epoch 29:  93%|#########.| 543/585 [00:15:19<00:01:11,  0.59it/s, loss=0.0257]
Epoch 29:  94%|#########.| 547/585 [00:15:25<00:01:04,  0.59it/s, loss=0.0258]
Epoch 29:  94%|#########.| 551/585 [00:15:32<00:00:57,  0.59it/s, loss=0.0258]
Epoch 29:  95%|#########.| 554/585 [00:15:37<00:00:52,  0.59it/s, loss=0.0258]
Epoch 29:  95%|#########.| 558/585 [00:15:43<00:00:45,  0.59it/s, loss=0.0258]
Epoch 29:  96%|#########.| 562/585 [00:15:50<00:00:38,  0.59it/s, loss=0.0258]
Epoch 29:  97%|#########.| 566/585 [00:15:56<00:00:32,  0.59it/s, loss=0.0258]
Epoch 29:  97%|#########.| 569/585 [00:16:02<00:00:27,  0.59it/s, loss=0.0258]
Epoch 29:  98%|#########.| 572/585 [00:16:07<00:00:21,  0.59it/s, loss=0.0258]
Epoch 29:  98%|#########.| 576/585 [00:16:13<00:00:15,  0.59it/s, loss=0.0258]
Epoch 29:  99%|#########.| 579/585 [00:16:18<00:00:10,  0.59it/s, loss=0.0259]
Epoch 29: 100%|#########.| 583/585 [00:16:25<00:00:03,  0.59it/s, loss=0.0258]
Epoch 29: 100%|##########| 585/585 [00:16:28<00:00:00,  0.59it/s, loss=0.0258]
Test loss: 0.0230, Test rmsae: 7.24deg
{"event": "epoch_complete", "epoch": 29, "phase": 2, "lr": 1e-05, "batch_size": 10, "micro_batch_size": 1, "train_loss": 0.0258105558096471, "val_loss": 0.023039443389279768, "val_rmsae_deg": 7.239604577422142, "epoch_time_s": 989.5349068579962}
Epoch 30/80:
Epoch 30:   1%|..........| 3/585 [00:00:05<00:17:17,  0.56it/s, loss=0.0234]
Epoch 30:   1%|..........| 7/585 [00:00:11<00:15:54,  0.61it/s, loss=0.0212]
Epoch 30:   2%|..........| 11/585 [00:00:17<00:15:24,  0.62it/s, loss=0.0213]
Epoch 30:   2%|..........| 14/585 [00:00:23<00:16:03,  0.59it/s, loss=0.0221]
Epoch 30:   3%|..........| 18/585 [00:00:30<00:15:56,  0.59it/s, loss=0.0227]
Epoch 30:   4%|..........| 21/585 [00:00:35<00:16:02,  0.59it/s, loss=0.0252]
Epoch 30:   4%|..........| 24/585 [00:00:41<00:16:10,  0.58it/s, loss=0.0255]
Epoch 30:   5%|..........| 28/585 [00:00:47<00:15:51,  0.59it/s, loss=0.0249]
Epoch 30:   5%|..........| 31/585 [00:00:53<00:15:55,  0.58it/s, loss=0.0253]
Epoch 30:   6%|..........| 35/585 [00:00:59<00:15:41,  0.58it/s, loss=0.0246]
Epoch 30:   6%|..........| 38/585 [00:01:05<00:15:37,  0.58it/s, loss=0.0251]
Epoch 30:   7%|..........| 41/585 [00:01:10<00:15:31,  0.58it/s, loss=0.0256]
Epoch 30:   8%|..........| 45/585 [00:01:16<00:15:19,  0.59it/s, loss=0.0260]
Epoch 30:   8%|..........| 48/585 [00:01:21<00:15:14,  0.59it/s, loss=0.0257]
Epoch 30:   9%|..........| 52/585 [00:01:27<00:14:59,  0.59it/s, loss=0.0257]
Epoch 30:  10%|..........| 56/585 [00:01:33<00:14:47,  0.60it/s, loss=0.0257]
Epoch 30:  10%|#.........| 60/585 [00:01:40<00:14:36,  0.60it/s, loss=0.0255]
Epoch 30:  11%|#.........| 63/585 [00:01:45<00:14:31,  0.60it/s, loss=0.0253]
Epoch 30:  11%|#.........| 66/585 [00:01:51<00:14:38,  0.59it/s, loss=0.0253]
Epoch 30:  12%|#.........| 70/585 [00:01:58<00:14:30,  0.59it/s, loss=0.0250]
Epoch 30:  12%|#.........| 73/585 [00:02:03<00:14:24,  0.59it/s, loss=0.0251]
Epoch 30:  13%|#.........| 77/585 [00:02:09<00:14:14,  0.59it/s, loss=0.0248]
Epoch 30:  14%|#.........| 81/585 [00:02:15<00:14:02,  0.60it/s, loss=0.0247]
Epoch 30:  14%|#.........| 84/585 [00:02:20<00:13:59,  0.60it/s, loss=0.0247]
Epoch 30:  15%|#.........| 88/585 [00:02:27<00:13:50,  0.60it/s, loss=0.0247]
Epoch 30:  16%|#.........| 91/585 [00:02:32<00:13:48,  0.60it/s, loss=0.0249]
Epoch 30:  16%|#.........| 95/585 [00:02:38<00:13:39,  0.60it/s, loss=0.0249]
Epoch 30:  17%|#.........| 99/585 [00:02:45<00:13:33,  0.60it/s, loss=0.0249]
Epoch 30:  18%|#.........| 103/585 [00:02:52<00:13:25,  0.60it/s, loss=0.0249]
Epoch 30:  18%|#.........| 106/585 [00:02:57<00:13:24,  0.60it/s, loss=0.0247]
Epoch 30:  19%|#.........| 109/585 [00:03:03<00:13:22,  0.59it/s, loss=0.0247]
Epoch 30:  19%|#.........| 113/585 [00:03:10<00:13:13,  0.59it/s, loss=0.0247]
Epoch 30:  20%|#.........| 116/585 [00:03:15<00:13:09,  0.59it/s, loss=0.0247]
Epoch 30:  20%|##........| 119/585 [00:03:20<00:13:04,  0.59it/s, loss=0.0247]
Epoch 30:  21%|##........| 122/585 [00:03:25<00:13:00,  0.59it/s, loss=0.0248]
Epoch 30:  22%|##........| 126/585 [00:03:32<00:12:53,  0.59it/s, loss=0.0247]
Epoch 30:  22%|##........| 129/585 [00:03:37<00:12:48,  0.59it/s, loss=0.0247]
Epoch 30:  23%|##........| 132/585 [00:03:44<00:12:51,  0.59it/s, loss=0.0253]
Epoch 30:  23%|##........| 135/585 [00:03:50<00:12:48,  0.59it/s, loss=0.0253]
Epoch 30:  24%|##........| 139/585 [00:03:56<00:12:38,  0.59it/s, loss=0.0251]
Epoch 30:  24%|##........| 142/585 [00:04:01<00:12:34,  0.59it/s, loss=0.0253]
Epoch 30:  25%|##........| 145/585 [00:04:07<00:12:30,  0.59it/s, loss=0.0254]
Epoch 30:  25%|##........| 149/585 [00:04:13<00:12:21,  0.59it/s, loss=0.0253]
Epoch 30:  26%|##........| 153/585 [00:04:19<00:12:13,  0.59it/s, loss=0.0253]
Epoch 30:  27%|##........| 157/585 [00:04:26<00:12:06,  0.59it/s, loss=0.0253]
Epoch 30:  28%|##........| 161/585 [00:04:32<00:11:57,  0.59it/s, loss=0.0252]
Epoch 30:  28%|##........| 165/585 [00:04:38<00:11:49,  0.59it/s, loss=0.0252]
Epoch 30:  29%|##........| 169/585 [00:04:45<00:11:43,  0.59it/s, loss=0.0252]
Epoch 30:  29%|##........| 172/585 [00:04:50<00:11:38,  0.59it/s, loss=0.0252]
Epoch 30:  30%|###.......| 176/585 [00:04:57<00:11:30,  0.59it/s, loss=0.0252]
Epoch 30:  31%|###.......| 180/585 [00:05:03<00:11:22,  0.59it/s, loss=0.0252]
Epoch 30:  31%|###.......| 183/585 [00:05:08<00:11:17,  0.59it/s, loss=0.0251]
Epoch 30:  32%|###.......| 187/585 [00:05:14<00:11:09,  0.59it/s, loss=0.0251]
Epoch 30:  33%|###.......| 191/585 [00:05:20<00:11:01,  0.60it/s, loss=0.0251]
Epoch 30:  33%|###.......| 195/585 [00:05:26<00:10:53,  0.60it/s, loss=0.0273]
Epoch 30:  34%|###.......| 198/585 [00:05:32<00:10:49,  0.60it/s, loss=0.0273]
Epoch 30:  34%|###.......| 201/585 [00:05:37<00:10:44,  0.60it/s, loss=0.0272]
Epoch 30:  35%|###.......| 204/585 [00:05:42<00:10:39,  0.60it/s, loss=0.0271]
Epoch 30:  36%|###.......| 208/585 [00:05:48<00:10:32,  0.60it/s, loss=0.0274]
Epoch 30:  36%|###.......| 212/585 [00:05:55<00:10:24,  0.60it/s, loss=0.0274]
Epoch 30:  37%|###.......| 216/585 [00:06:01<00:10:17,  0.60it/s, loss=0.0272]
Epoch 30:  38%|###.......| 220/585 [00:06:07<00:10:09,  0.60it/s, loss=0.0272]
Epoch 30:  38%|###.......| 224/585 [00:06:13<00:10:02,  0.60it/s, loss=0.0271]
Epoch 30:  39%|###.......| 227/585 [00:06:19<00:09:58,  0.60it/s, loss=0.0271]
Epoch 30:  39%|###.......| 231/585 [00:06:25<00:09:50,  0.60it/s, loss=0.0270]
Epoch 30:  40%|####......| 234/585 [00:06:30<00:09:46,  0.60it/s, loss=0.0270]
Epoch 30:  41%|####......| 237/585 [00:06:37<00:09:43,  0.60it/s, loss=0.0270]
Epoch 30:  41%|####......| 241/585 [00:06:43<00:09:36,  0.60it/s, loss=0.0269]
Epoch 30:  42%|####......| 244/585 [00:06:48<00:09:31,  0.60it/s, loss=0.0268]
Epoch 30:  42%|####......| 247/585 [00:06:54<00:09:27,  0.60it/s, loss=0.0268]
Epoch 30:  43%|####......| 251/585 [00:07:00<00:09:20,  0.60it/s, loss=0.0267]
Epoch 30:  44%|####......| 255/585 [00:07:07<00:09:13,  0.60it/s, loss=0.0267]
Epoch 30:  44%|####......| 258/585 [00:07:12<00:09:08,  0.60it/s, loss=0.0267]
Epoch 30:  45%|####......| 262/585 [00:07:18<00:09:01,  0.60it/s, loss=0.0267]
Epoch 30:  45%|####......| 266/585 [00:07:25<00:08:53,  0.60it/s, loss=0.0266]
Epoch 30:  46%|####......| 269/585 [00:07:30<00:08:49,  0.60it/s, loss=0.0265]
Epoch 30:  47%|####......| 273/585 [00:07:36<00:08:42,  0.60it/s, loss=0.0265]
Epoch 30:  47%|####......| 276/585 [00:07:42<00:08:37,  0.60it/s, loss=0.0270]
Epoch 30:  48%|####......| 280/585 [00:07:47<00:08:29,  0.60it/s, loss=0.0269]
Epoch 30:  49%|####......| 284/585 [00:07:53<00:08:22,  0.60it/s, loss=0.0269]
Epoch 30:  49%|####......| 288/585 [00:07:59<00:08:14,  0.60it/s, loss=0.0268]
Epoch 30:  50%|####......| 291/585 [00:08:05<00:08:10,  0.60it/s, loss=0.0268]
Epoch 30:  50%|#####.....| 295/585 [00:08:11<00:08:03,  0.60it/s, loss=0.0268]
Epoch 30:  51%|#####.....| 298/585 [00:08:16<00:07:58,  0.60it/s, loss=0.0268]
Epoch 30:  52%|#####.....| 302/585 [00:08:23<00:07:51,  0.60it/s, loss=0.0267]
Epoch 30:  52%|#####.....| 306/585 [00:08:29<00:07:44,  0.60it/s, loss=0.0267]
Epoch 30:  53%|#####.....| 310/585 [00:08:35<00:07:37,  0.60it/s, loss=0.0267]
Epoch 30:  54%|#####.....| 313/585 [00:08:41<00:07:32,  0.60it/s, loss=0.0266]
Epoch 30:  54%|#####.....| 317/585 [00:08:47<00:07:25,  0.60it/s, loss=0.0266]
Epoch 30:  55%|#####.....| 321/585 [00:08:53<00:07:19,  0.60it/s, loss=0.0266]
Epoch 30:  56%|#####.....| 325/585 [00:09:00<00:07:12,  0.60it/s, loss=0.0266]
Epoch 30:  56%|#####.....| 329/585 [00:09:07<00:07:06,  0.60it/s, loss=0.0266]
Epoch 30:  57%|#####.....| 332/585 [00:09:12<00:07:01,  0.60it/s, loss=0.0266]
Epoch 30:  57%|#####.....| 336/585 [00:09:19<00:06:54,  0.60it/s, loss=0.0266]
Epoch 30:  58%|#####.....| 340/585 [00:09:25<00:06:47,  0.60it/s, loss=0.0267]
Epoch 30:  59%|#####.....| 344/585 [00:09:31<00:06:40,  0.60it/s, loss=0.0266]
Epoch 30:  59%|#####.....| 347/585 [00:09:37<00:06:36,  0.60it/s, loss=0.0266]
Epoch 30:  60%|#####.....| 350/585 [00:09:43<00:06:31,  0.60it/s, loss=0.0265]
Epoch 30:  61%|######....| 354/585 [00:09:49<00:06:24,  0.60it/s, loss=0.0265]
Epoch 30:  61%|######....| 358/585 [00:09:55<00:06:17,  0.60it/s, loss=0.0265]
Epoch 30:  62%|######....| 361/585 [00:10:00<00:06:12,  0.60it/s, loss=0.0265]
Epoch 30:  62%|######....| 364/585 [00:10:06<00:06:08,  0.60it/s, loss=0.0264]
Epoch 30:  63%|######....| 368/585 [00:10:13<00:06:01,  0.60it/s, loss=0.0265]
Epoch 30:  63%|######....| 371/585 [00:10:20<00:05:57,  0.60it/s, loss=0.0265]
Epoch 30:  64%|######....| 375/585 [00:10:26<00:05:50,  0.60it/s, loss=0.0265]
Epoch 30:  65%|######....| 379/585 [00:10:32<00:05:43,  0.60it/s, loss=0.0265]
Epoch 30:  65%|######....| 383/585 [00:10:38<00:05:36,  0.60it/s, loss=0.0265]
Epoch 30:  66%|######....| 386/585 [00:10:43<00:05:31,  0.60it/s, loss=0.0265]
Epoch 30:  67%|######....| 390/585 [00:10:50<00:05:25,  0.60it/s, loss=0.0265]
Epoch 30:  67%|######....| 394/585 [00:10:58<00:05:18,  0.60it/s, loss=0.0265]
Epoch 30:  68%|######....| 398/585 [00:11:04<00:05:12,  0.60it/s, loss=0.0265]
Epoch 30:  69%|######....| 402/585 [00:11:10<00:05:05,  0.60it/s, loss=0.0265]
Epoch 30:  69%|######....| 406/585 [00:11:16<00:04:58,  0.60it/s, loss=0.0265]
Epoch 30:  70%|######....| 409/585 [00:11:22<00:04:53,  0.60it/s, loss=0.0265]
Epoch 30:  70%|#######...| 412/585 [00:11:28<00:04:49,  0.60it/s, loss=0.0265]
Epoch 30:  71%|#######...| 415/585 [00:11:33<00:04:44,  0.60it/s, loss=0.0265]
Epoch 30:  72%|#######...| 419/585 [00:11:39<00:04:37,  0.60it/s, loss=0.0265]
Epoch 30:  72%|#######...| 422/585 [00:11:44<00:04:32,  0.60it/s, loss=0.0264]
Epoch 30:  73%|#######...| 426/585 [00:11:51<00:04:25,  0.60it/s, loss=0.0265]
Epoch 30:  74%|#######...| 430/585 [00:11:57<00:04:18,  0.60it/s, loss=0.0264]
Epoch 30:  74%|#######...| 434/585 [00:12:04<00:04:11,  0.60it/s, loss=0.0264]
Epoch 30:  75%|#######...| 438/585 [00:12:10<00:04:05,  0.60it/s, loss=0.0264]
Epoch 30:  76%|#######...| 442/585 [00:12:16<00:03:58,  0.60it/s, loss=0.0263]
Epoch 30:  76%|#######...| 445/585 [00:12:21<00:03:53,  0.60it/s, loss=0.0263]
Epoch 30:  77%|#######...| 449/585 [00:12:28<00:03:46,  0.60it/s, loss=0.0263]
Epoch 30:  77%|#######...| 453/585 [00:12:34<00:03:39,  0.60it/s, loss=0.0263]
Epoch 30:  78%|#######...| 457/585 [00:12:40<00:03:33,  0.60it/s, loss=0.0262]
Epoch 30:  79%|#######...| 460/585 [00:12:45<00:03:28,  0.60it/s, loss=0.0263]
Epoch 30:  79%|#######...| 463/585 [00:12:50<00:03:23,  0.60it/s, loss=0.0263]
Epoch 30:  80%|#######...| 467/585 [00:12:57<00:03:16,  0.60it/s, loss=0.0263]
Epoch 30:  81%|########..| 471/585 [00:13:03<00:03:09,  0.60it/s, loss=0.0262]
Epoch 30:  81%|########..| 474/585 [00:13:09<00:03:04,  0.60it/s, loss=0.0263]
Epoch 30:  82%|########..| 478/585 [00:13:16<00:02:58,  0.60it/s, loss=0.0263]
Epoch 30:  82%|########..| 481/585 [00:13:21<00:02:53,  0.60it/s, loss=0.0263]
Epoch 30:  83%|########..| 484/585 [00:13:27<00:02:48,  0.60it/s, loss=0.0262]
Epoch 30:  83%|########..| 487/585 [00:13:33<00:02:43,  0.60it/s, loss=0.0262]
Epoch 30:  84%|########..| 491/585 [00:13:40<00:02:37,  0.60it/s, loss=0.0262]
Epoch 30:  84%|########..| 494/585 [00:13:46<00:02:32,  0.60it/s, loss=0.0262]
Epoch 30:  85%|########..| 498/585 [00:13:53<00:02:25,  0.60it/s, loss=0.0262]
Epoch 30:  86%|########..| 502/585 [00:13:59<00:02:18,  0.60it/s, loss=0.0262]
Epoch 30:  86%|########..| 505/585 [00:14:05<00:02:13,  0.60it/s, loss=0.0262]
Epoch 30:  87%|########..| 508/585 [00:14:10<00:02:08,  0.60it/s, loss=0.0262]
Epoch 30:  88%|########..| 512/585 [00:14:16<00:02:02,  0.60it/s, loss=0.0262]
Epoch 30:  88%|########..| 515/585 [00:14:21<00:01:57,  0.60it/s, loss=0.0262]
Epoch 30:  89%|########..| 518/585 [00:14:27<00:01:52,  0.60it/s, loss=0.0262]
Epoch 30:  89%|########..| 521/585 [00:14:32<00:01:47,  0.60it/s, loss=0.0262]
Epoch 30:  90%|########..| 525/585 [00:14:38<00:01:40,  0.60it/s, loss=0.0261]
Epoch 30:  90%|#########.| 528/585 [00:14:44<00:01:35,  0.60it/s, loss=0.0261]
Epoch 30:  91%|#########.| 531/585 [00:14:49<00:01:30,  0.60it/s, loss=0.0261]
Epoch 30:  91%|#########.| 535/585 [00:14:56<00:01:23,  0.60it/s, loss=0.0261]
Epoch 30:  92%|#########.| 538/585 [00:15:01<00:01:18,  0.60it/s, loss=0.0261]
Epoch 30:  93%|#########.| 542/585 [00:15:08<00:01:12,  0.60it/s, loss=0.0261]
Epoch 30:  93%|#########.| 546/585 [00:15:14<00:01:05,  0.60it/s, loss=0.0260]
Epoch 30:  94%|#########.| 549/585 [00:15:20<00:01:00,  0.60it/s, loss=0.0260]
Epoch 30:  95%|#########.| 553/585 [00:15:27<00:00:53,  0.60it/s, loss=0.0260]
Epoch 30:  95%|#########.| 556/585 [00:15:32<00:00:48,  0.60it/s, loss=0.0260]
Epoch 30:  96%|#########.| 559/585 [00:15:37<00:00:43,  0.60it/s, loss=0.0260]
Epoch 30:  96%|#########.| 563/585 [00:15:44<00:00:36,  0.60it/s, loss=0.0260]
Epoch 30:  97%|#########.| 567/585 [00:15:50<00:00:30,  0.60it/s, loss=0.0260]
Epoch 30:  98%|#########.| 571/585 [00:15:56<00:00:23,  0.60it/s, loss=0.0260]
Epoch 30:  98%|#########.| 575/585 [00:16:03<00:00:16,  0.60it/s, loss=0.0260]
Epoch 30:  99%|#########.| 578/585 [00:16:08<00:00:11,  0.60it/s, loss=0.0260]
Epoch 30:  99%|#########.| 582/585 [00:16:14<00:00:05,  0.60it/s, loss=0.0260]
Epoch 30: 100%|##########| 585/585 [00:16:20<00:00:00,  0.60it/s, loss=0.0260]
Test loss: 0.0230, Test rmsae: 7.32deg
{"event": "epoch_complete", "epoch": 30, "phase": 2, "lr": 1e-05, "batch_size": 10, "micro_batch_size": 1, "train_loss": 0.025982646795355866, "val_loss": 0.0230401991866529, "val_rmsae_deg": 7.3152488470077515, "epoch_time_s": 981.6718865419971}
{"event": "checkpoint_saved", "tag": "epoch_030", "epoch": 30, "path": "IFAN_Edge/outputs/stage3/ifan_stage3_long80_c8_r2_map_maba_20260516_154535/checkpoints/epoch_030.pt"}
Epoch 31/80:
Epoch 31:   1%|..........| 3/585 [00:00:05<00:16:39,  0.58it/s, loss=0.0335]
Epoch 31:   1%|..........| 7/585 [00:00:11<00:16:00,  0.60it/s, loss=0.0275]
Epoch 31:   2%|..........| 10/585 [00:00:17<00:16:28,  0.58it/s, loss=0.0259]
Epoch 31:   2%|..........| 13/585 [00:00:22<00:16:39,  0.57it/s, loss=0.0279]
Epoch 31:   3%|..........| 17/585 [00:00:29<00:16:15,  0.58it/s, loss=0.0280]
Epoch 31:   3%|..........| 20/585 [00:00:34<00:16:15,  0.58it/s, loss=0.0275]
Epoch 31:   4%|..........| 24/585 [00:00:40<00:15:56,  0.59it/s, loss=0.0268]
Epoch 31:   5%|..........| 27/585 [00:00:46<00:15:54,  0.58it/s, loss=0.0263]
Epoch 31:   5%|..........| 31/585 [00:00:52<00:15:41,  0.59it/s, loss=0.0258]
Epoch 31:   6%|..........| 34/585 [00:00:59<00:16:00,  0.57it/s, loss=0.0258]
Epoch 31:   6%|..........| 38/585 [00:01:05<00:15:44,  0.58it/s, loss=0.0254]
Epoch 31:   7%|..........| 41/585 [00:01:11<00:15:52,  0.57it/s, loss=0.0254]
Epoch 31:   8%|..........| 45/585 [00:01:18<00:15:37,  0.58it/s, loss=0.0252]
Epoch 31:   8%|..........| 49/585 [00:01:24<00:15:18,  0.58it/s, loss=0.0252]
Epoch 31:   9%|..........| 52/585 [00:01:29<00:15:18,  0.58it/s, loss=0.0253]
Epoch 31:   9%|..........| 55/585 [00:01:35<00:15:16,  0.58it/s, loss=0.0253]
Epoch 31:  10%|#.........| 59/585 [00:01:41<00:15:02,  0.58it/s, loss=0.0252]
Epoch 31:  11%|#.........| 63/585 [00:01:47<00:14:52,  0.59it/s, loss=0.0253]
Epoch 31:  11%|#.........| 67/585 [00:01:53<00:14:41,  0.59it/s, loss=0.0251]
Epoch 31:  12%|#.........| 70/585 [00:01:59<00:14:36,  0.59it/s, loss=0.0250]
Epoch 31:  13%|#.........| 74/585 [00:02:05<00:14:24,  0.59it/s, loss=0.0249]
Epoch 31:  13%|#.........| 77/585 [00:02:10<00:14:20,  0.59it/s, loss=0.0251]
Epoch 31:  14%|#.........| 81/585 [00:02:16<00:14:11,  0.59it/s, loss=0.0250]
Epoch 31:  15%|#.........| 85/585 [00:02:23<00:14:01,  0.59it/s, loss=0.0250]
Epoch 31:  15%|#.........| 89/585 [00:02:29<00:13:53,  0.60it/s, loss=0.0251]
Epoch 31:  16%|#.........| 92/585 [00:02:34<00:13:49,  0.59it/s, loss=0.0251]
Epoch 31:  16%|#.........| 96/585 [00:02:41<00:13:43,  0.59it/s, loss=0.0251]
Epoch 31:  17%|#.........| 99/585 [00:02:46<00:13:39,  0.59it/s, loss=0.0251]
Epoch 31:  17%|#.........| 102/585 [00:02:52<00:13:36,  0.59it/s, loss=0.0251]
Epoch 31:  18%|#.........| 106/585 [00:02:58<00:13:26,  0.59it/s, loss=0.0251]
Epoch 31:  19%|#.........| 110/585 [00:03:04<00:13:15,  0.60it/s, loss=0.0250]
Epoch 31:  19%|#.........| 114/585 [00:03:10<00:13:06,  0.60it/s, loss=0.0249]
Epoch 31:  20%|##........| 118/585 [00:03:16<00:12:57,  0.60it/s, loss=0.0249]
Epoch 31:  21%|##........| 122/585 [00:03:22<00:12:47,  0.60it/s, loss=0.0248]
Epoch 31:  21%|##........| 125/585 [00:03:27<00:12:44,  0.60it/s, loss=0.0250]
Epoch 31:  22%|##........| 129/585 [00:03:33<00:12:36,  0.60it/s, loss=0.0250]
Epoch 31:  23%|##........| 133/585 [00:03:40<00:12:29,  0.60it/s, loss=0.0251]
Epoch 31:  23%|##........| 137/585 [00:03:47<00:12:23,  0.60it/s, loss=0.0252]
Epoch 31:  24%|##........| 141/585 [00:03:53<00:12:15,  0.60it/s, loss=0.0250]
Epoch 31:  25%|##........| 145/585 [00:03:59<00:12:07,  0.60it/s, loss=0.0250]
Epoch 31:  25%|##........| 147/585 [00:04:05<00:12:10,  0.60it/s, loss=0.0251]
Epoch 31:  26%|##........| 151/585 [00:04:11<00:12:03,  0.60it/s, loss=0.0252]
Epoch 31:  26%|##........| 155/585 [00:04:18<00:11:56,  0.60it/s, loss=0.0252]
Epoch 31:  27%|##........| 158/585 [00:04:23<00:11:51,  0.60it/s, loss=0.0251]
Epoch 31:  28%|##........| 162/585 [00:04:29<00:11:43,  0.60it/s, loss=0.0250]
Epoch 31:  28%|##........| 166/585 [00:04:35<00:11:36,  0.60it/s, loss=0.0250]
Epoch 31:  29%|##........| 170/585 [00:04:42<00:11:28,  0.60it/s, loss=0.0250]
Epoch 31:  30%|##........| 173/585 [00:04:47<00:11:23,  0.60it/s, loss=0.0249]
Epoch 31:  30%|###.......| 177/585 [00:04:53<00:11:16,  0.60it/s, loss=0.0248]
Epoch 31:  31%|###.......| 180/585 [00:04:58<00:11:12,  0.60it/s, loss=0.0248]
Epoch 31:  31%|###.......| 184/585 [00:05:05<00:11:05,  0.60it/s, loss=0.0247]
Epoch 31:  32%|###.......| 188/585 [00:05:11<00:10:57,  0.60it/s, loss=0.0247]
Epoch 31:  33%|###.......| 192/585 [00:05:17<00:10:50,  0.60it/s, loss=0.0248]
Epoch 31:  33%|###.......| 195/585 [00:05:22<00:10:45,  0.60it/s, loss=0.0248]
Epoch 31:  34%|###.......| 199/585 [00:05:29<00:10:39,  0.60it/s, loss=0.0248]
Epoch 31:  35%|###.......| 203/585 [00:05:36<00:10:33,  0.60it/s, loss=0.0248]
Epoch 31:  35%|###.......| 207/585 [00:05:42<00:10:26,  0.60it/s, loss=0.0247]
Epoch 31:  36%|###.......| 210/585 [00:05:48<00:10:21,  0.60it/s, loss=0.0248]
Epoch 31:  36%|###.......| 213/585 [00:05:53<00:10:17,  0.60it/s, loss=0.0248]
Epoch 31:  37%|###.......| 217/585 [00:05:59<00:10:09,  0.60it/s, loss=0.0247]
Epoch 31:  38%|###.......| 221/585 [00:06:05<00:10:02,  0.60it/s, loss=0.0248]
Epoch 31:  38%|###.......| 224/585 [00:06:11<00:09:57,  0.60it/s, loss=0.0248]
Epoch 31:  39%|###.......| 227/585 [00:06:16<00:09:53,  0.60it/s, loss=0.0248]
Epoch 31:  39%|###.......| 231/585 [00:06:22<00:09:46,  0.60it/s, loss=0.0248]
Epoch 31:  40%|####......| 234/585 [00:06:28<00:09:42,  0.60it/s, loss=0.0249]
Epoch 31:  41%|####......| 237/585 [00:06:33<00:09:38,  0.60it/s, loss=0.0249]
Epoch 31:  41%|####......| 241/585 [00:06:39<00:09:30,  0.60it/s, loss=0.0249]
Epoch 31:  42%|####......| 244/585 [00:06:45<00:09:26,  0.60it/s, loss=0.0249]
Epoch 31:  42%|####......| 248/585 [00:06:51<00:09:19,  0.60it/s, loss=0.0249]
Epoch 31:  43%|####......| 251/585 [00:06:57<00:09:14,  0.60it/s, loss=0.0249]
Epoch 31:  44%|####......| 255/585 [00:07:03<00:09:08,  0.60it/s, loss=0.0249]
Epoch 31:  44%|####......| 259/585 [00:07:09<00:09:01,  0.60it/s, loss=0.0250]
Epoch 31:  45%|####......| 263/585 [00:07:16<00:08:54,  0.60it/s, loss=0.0250]
Epoch 31:  46%|####......| 267/585 [00:07:22<00:08:47,  0.60it/s, loss=0.0250]
Epoch 31:  46%|####......| 270/585 [00:07:27<00:08:42,  0.60it/s, loss=0.0250]
Epoch 31:  47%|####......| 274/585 [00:07:34<00:08:35,  0.60it/s, loss=0.0249]
Epoch 31:  48%|####......| 278/585 [00:07:40<00:08:28,  0.60it/s, loss=0.0249]
Epoch 31:  48%|####......| 282/585 [00:07:46<00:08:21,  0.60it/s, loss=0.0249]
Epoch 31:  49%|####......| 286/585 [00:07:52<00:08:14,  0.60it/s, loss=0.0248]
Epoch 31:  49%|####......| 289/585 [00:07:59<00:08:10,  0.60it/s, loss=0.0248]
Epoch 31:  50%|####......| 292/585 [00:08:04<00:08:06,  0.60it/s, loss=0.0248]
Epoch 31:  51%|#####.....| 296/585 [00:08:10<00:07:59,  0.60it/s, loss=0.0248]
Epoch 31:  51%|#####.....| 300/585 [00:08:17<00:07:52,  0.60it/s, loss=0.0247]
Epoch 31:  52%|#####.....| 304/585 [00:08:23<00:07:45,  0.60it/s, loss=0.0248]
Epoch 31:  52%|#####.....| 307/585 [00:08:29<00:07:41,  0.60it/s, loss=0.0249]
Epoch 31:  53%|#####.....| 310/585 [00:08:34<00:07:36,  0.60it/s, loss=0.0249]
Epoch 31:  54%|#####.....| 313/585 [00:08:39<00:07:31,  0.60it/s, loss=0.0250]
Epoch 31:  54%|#####.....| 316/585 [00:08:45<00:07:27,  0.60it/s, loss=0.0250]
Epoch 31:  55%|#####.....| 320/585 [00:08:51<00:07:20,  0.60it/s, loss=0.0250]
Epoch 31:  55%|#####.....| 324/585 [00:08:58<00:07:13,  0.60it/s, loss=0.0250]
Epoch 31:  56%|#####.....| 327/585 [00:09:03<00:07:08,  0.60it/s, loss=0.0250]
Epoch 31:  57%|#####.....| 331/585 [00:09:09<00:07:01,  0.60it/s, loss=0.0249]
Epoch 31:  57%|#####.....| 334/585 [00:09:15<00:06:57,  0.60it/s, loss=0.0249]
Epoch 31:  58%|#####.....| 338/585 [00:09:21<00:06:50,  0.60it/s, loss=0.0249]
Epoch 31:  58%|#####.....| 341/585 [00:09:26<00:06:45,  0.60it/s, loss=0.0249]
Epoch 31:  59%|#####.....| 344/585 [00:09:32<00:06:41,  0.60it/s, loss=0.0250]
Epoch 31:  59%|#####.....| 348/585 [00:09:38<00:06:34,  0.60it/s, loss=0.0250]
Epoch 31:  60%|######....| 351/585 [00:09:43<00:06:29,  0.60it/s, loss=0.0250]
Epoch 31:  61%|######....| 355/585 [00:09:50<00:06:22,  0.60it/s, loss=0.0250]
Epoch 31:  61%|######....| 359/585 [00:09:56<00:06:15,  0.60it/s, loss=0.0250]
Epoch 31:  62%|######....| 363/585 [00:10:02<00:06:08,  0.60it/s, loss=0.0250]
Epoch 31:  63%|######....| 366/585 [00:10:07<00:06:03,  0.60it/s, loss=0.0250]
Epoch 31:  63%|######....| 370/585 [00:10:14<00:05:57,  0.60it/s, loss=0.0251]
Epoch 31:  64%|######....| 374/585 [00:10:21<00:05:50,  0.60it/s, loss=0.0251]
Epoch 31:  65%|######....| 378/585 [00:10:28<00:05:44,  0.60it/s, loss=0.0251]
Epoch 31:  65%|######....| 381/585 [00:10:33<00:05:39,  0.60it/s, loss=0.0251]
Epoch 31:  66%|######....| 385/585 [00:10:39<00:05:32,  0.60it/s, loss=0.0251]
Epoch 31:  66%|######....| 388/585 [00:10:46<00:05:28,  0.60it/s, loss=0.0251]
Epoch 31:  67%|######....| 392/585 [00:10:52<00:05:21,  0.60it/s, loss=0.0251]
Epoch 31:  68%|######....| 395/585 [00:10:57<00:05:16,  0.60it/s, loss=0.0251]
Epoch 31:  68%|######....| 399/585 [00:11:04<00:05:09,  0.60it/s, loss=0.0251]
Epoch 31:  69%|######....| 403/585 [00:11:10<00:05:02,  0.60it/s, loss=0.0251]
Epoch 31:  70%|######....| 407/585 [00:11:16<00:04:55,  0.60it/s, loss=0.0250]
Epoch 31:  70%|#######...| 411/585 [00:11:22<00:04:49,  0.60it/s, loss=0.0251]
Epoch 31:  71%|#######...| 415/585 [00:11:28<00:04:42,  0.60it/s, loss=0.0250]
Epoch 31:  72%|#######...| 419/585 [00:11:35<00:04:35,  0.60it/s, loss=0.0250]
Epoch 31:  72%|#######...| 423/585 [00:11:41<00:04:28,  0.60it/s, loss=0.0251]
Epoch 31:  73%|#######...| 426/585 [00:11:46<00:04:23,  0.60it/s, loss=0.0251]
Epoch 31:  74%|#######...| 430/585 [00:11:53<00:04:17,  0.60it/s, loss=0.0251]
Epoch 31:  74%|#######...| 434/585 [00:11:58<00:04:10,  0.60it/s, loss=0.0250]
Epoch 31:  75%|#######...| 438/585 [00:12:04<00:04:03,  0.60it/s, loss=0.0250]
Epoch 31:  75%|#######...| 441/585 [00:12:10<00:03:58,  0.60it/s, loss=0.0251]
Epoch 31:  76%|#######...| 444/585 [00:12:15<00:03:53,  0.60it/s, loss=0.0251]
Epoch 31:  76%|#######...| 447/585 [00:12:21<00:03:48,  0.60it/s, loss=0.0251]
Epoch 31:  77%|#######...| 451/585 [00:12:28<00:03:42,  0.60it/s, loss=0.0250]
Epoch 31:  78%|#######...| 455/585 [00:12:34<00:03:35,  0.60it/s, loss=0.0250]
Epoch 31:  78%|#######...| 459/585 [00:12:39<00:03:28,  0.60it/s, loss=0.0250]
Epoch 31:  79%|#######...| 462/585 [00:12:44<00:03:23,  0.60it/s, loss=0.0250]
Epoch 31:  80%|#######...| 466/585 [00:12:51<00:03:16,  0.60it/s, loss=0.0250]
Epoch 31:  80%|########..| 469/585 [00:12:56<00:03:12,  0.60it/s, loss=0.0250]
Epoch 31:  81%|########..| 473/585 [00:13:02<00:03:05,  0.60it/s, loss=0.0252]
Epoch 31:  81%|########..| 476/585 [00:13:07<00:03:00,  0.60it/s, loss=0.0252]
Epoch 31:  82%|########..| 479/585 [00:13:13<00:02:55,  0.60it/s, loss=0.0252]
Epoch 31:  82%|########..| 482/585 [00:13:18<00:02:50,  0.60it/s, loss=0.0252]
Epoch 31:  83%|########..| 485/585 [00:13:23<00:02:45,  0.60it/s, loss=0.0251]
Epoch 31:  84%|########..| 489/585 [00:13:30<00:02:39,  0.60it/s, loss=0.0251]
Epoch 31:  84%|########..| 492/585 [00:13:35<00:02:34,  0.60it/s, loss=0.0251]
Epoch 31:  85%|########..| 496/585 [00:13:41<00:02:27,  0.60it/s, loss=0.0251]
Epoch 31:  85%|########..| 500/585 [00:13:48<00:02:20,  0.60it/s, loss=0.0251]
Epoch 31:  86%|########..| 504/585 [00:13:54<00:02:14,  0.60it/s, loss=0.0251]
Epoch 31:  87%|########..| 508/585 [00:14:01<00:02:07,  0.60it/s, loss=0.0251]
Epoch 31:  88%|########..| 512/585 [00:14:07<00:02:00,  0.60it/s, loss=0.0251]
Epoch 31:  88%|########..| 515/585 [00:14:12<00:01:55,  0.60it/s, loss=0.0251]
Epoch 31:  89%|########..| 518/585 [00:14:18<00:01:51,  0.60it/s, loss=0.0251]
Epoch 31:  89%|########..| 521/585 [00:14:23<00:01:46,  0.60it/s, loss=0.0251]
Epoch 31:  90%|########..| 524/585 [00:14:28<00:01:41,  0.60it/s, loss=0.0251]
Epoch 31:  90%|#########.| 528/585 [00:14:34<00:01:34,  0.60it/s, loss=0.0251]
Epoch 31:  91%|#########.| 531/585 [00:14:39<00:01:29,  0.60it/s, loss=0.0251]
Epoch 31:  91%|#########.| 535/585 [00:14:45<00:01:22,  0.60it/s, loss=0.0251]
Epoch 31:  92%|#########.| 539/585 [00:14:52<00:01:16,  0.60it/s, loss=0.0251]
Epoch 31:  93%|#########.| 543/585 [00:14:58<00:01:09,  0.60it/s, loss=0.0251]
Epoch 31:  94%|#########.| 547/585 [00:15:06<00:01:02,  0.60it/s, loss=0.0252]
Epoch 31:  94%|#########.| 551/585 [00:15:12<00:00:56,  0.60it/s, loss=0.0252]
Epoch 31:  95%|#########.| 554/585 [00:15:17<00:00:51,  0.60it/s, loss=0.0252]
Epoch 31:  95%|#########.| 558/585 [00:15:23<00:00:44,  0.60it/s, loss=0.0252]
Epoch 31:  96%|#########.| 561/585 [00:15:28<00:00:39,  0.60it/s, loss=0.0253]
Epoch 31:  97%|#########.| 565/585 [00:15:34<00:00:33,  0.60it/s, loss=0.0253]
Epoch 31:  97%|#########.| 569/585 [00:15:40<00:00:26,  0.60it/s, loss=0.0253]
Epoch 31:  98%|#########.| 573/585 [00:15:47<00:00:19,  0.60it/s, loss=0.0253]
Epoch 31:  99%|#########.| 577/585 [00:15:54<00:00:13,  0.60it/s, loss=0.0253]
Epoch 31:  99%|#########.| 580/585 [00:15:59<00:00:08,  0.60it/s, loss=0.0253]
Epoch 31: 100%|#########.| 584/585 [00:16:05<00:00:01,  0.60it/s, loss=0.0253]
Epoch 31: 100%|##########| 585/585 [00:16:07<00:00:00,  0.60it/s, loss=0.0253]
Test loss: 0.0230, Test rmsae: 7.20deg
{"event": "epoch_complete", "epoch": 31, "phase": 2, "lr": 1e-05, "batch_size": 10, "micro_batch_size": 1, "train_loss": 0.02528228760880028, "val_loss": 0.023016278457362205, "val_rmsae_deg": 7.196979776024818, "epoch_time_s": 968.2419687480433}
{"event": "checkpoint_saved", "tag": "best_rmsae", "epoch": 31, "path": "IFAN_Edge/outputs/stage3/ifan_stage3_long80_c8_r2_map_maba_20260516_154535/checkpoints/best_rmsae.pt", "val_rmsae_deg": 7.196979776024818}
Epoch 32/80:
Epoch 32:   1%|..........| 3/585 [00:00:05<00:17:15,  0.56it/s, loss=0.0202]
Epoch 32:   1%|..........| 7/585 [00:00:11<00:15:38,  0.62it/s, loss=0.0224]
Epoch 32:   2%|..........| 11/585 [00:00:17<00:15:23,  0.62it/s, loss=0.0216]
Epoch 32:   3%|..........| 15/585 [00:00:23<00:15:02,  0.63it/s, loss=0.0215]
Epoch 32:   3%|..........| 18/585 [00:00:29<00:15:15,  0.62it/s, loss=0.0223]
Epoch 32:   4%|..........| 21/585 [00:00:34<00:15:22,  0.61it/s, loss=0.0227]
Epoch 32:   4%|..........| 24/585 [00:00:39<00:15:29,  0.60it/s, loss=0.0243]
Epoch 32:   5%|..........| 28/585 [00:00:45<00:15:13,  0.61it/s, loss=0.0239]
Epoch 32:   5%|..........| 32/585 [00:00:52<00:15:02,  0.61it/s, loss=0.0238]
Epoch 32:   6%|..........| 36/585 [00:00:58<00:14:51,  0.62it/s, loss=0.0237]
Epoch 32:   7%|..........| 40/585 [00:01:04<00:14:36,  0.62it/s, loss=0.0239]
Epoch 32:   7%|..........| 43/585 [00:01:09<00:14:37,  0.62it/s, loss=0.0242]
Epoch 32:   8%|..........| 47/585 [00:01:15<00:14:27,  0.62it/s, loss=0.0240]
Epoch 32:   9%|..........| 51/585 [00:01:22<00:14:20,  0.62it/s, loss=0.0240]
Epoch 32:   9%|..........| 55/585 [00:01:28<00:14:11,  0.62it/s, loss=0.0238]
Epoch 32:  10%|#.........| 59/585 [00:01:34<00:14:04,  0.62it/s, loss=0.0237]
Epoch 32:  11%|#.........| 63/585 [00:01:40<00:13:56,  0.62it/s, loss=0.0236]
Epoch 32:  11%|#.........| 67/585 [00:01:47<00:13:54,  0.62it/s, loss=0.0239]
Epoch 32:  12%|#.........| 70/585 [00:01:53<00:13:56,  0.62it/s, loss=0.0239]
Epoch 32:  12%|#.........| 73/585 [00:01:59<00:14:00,  0.61it/s, loss=0.0240]
Epoch 32:  13%|#.........| 77/585 [00:02:05<00:13:49,  0.61it/s, loss=0.0240]
Epoch 32:  14%|#.........| 80/585 [00:02:11<00:13:47,  0.61it/s, loss=0.0242]
Epoch 32:  14%|#.........| 84/585 [00:02:18<00:13:43,  0.61it/s, loss=0.0244]
Epoch 32:  15%|#.........| 88/585 [00:02:24<00:13:34,  0.61it/s, loss=0.0242]
Epoch 32:  16%|#.........| 92/585 [00:02:30<00:13:26,  0.61it/s, loss=0.0242]
Epoch 32:  16%|#.........| 95/585 [00:02:35<00:13:22,  0.61it/s, loss=0.0243]
Epoch 32:  17%|#.........| 99/585 [00:02:41<00:13:13,  0.61it/s, loss=0.0241]
Epoch 32:  17%|#.........| 102/585 [00:02:47<00:13:11,  0.61it/s, loss=0.0241]
Epoch 32:  18%|#.........| 106/585 [00:02:53<00:13:03,  0.61it/s, loss=0.0241]
Epoch 32:  19%|#.........| 110/585 [00:02:59<00:12:55,  0.61it/s, loss=0.0240]
Epoch 32:  19%|#.........| 114/585 [00:03:05<00:12:47,  0.61it/s, loss=0.0239]
Epoch 32:  20%|##........| 117/585 [00:03:11<00:12:44,  0.61it/s, loss=0.0238]
Epoch 32:  21%|##........| 120/585 [00:03:16<00:12:40,  0.61it/s, loss=0.0239]
Epoch 32:  21%|##........| 123/585 [00:03:21<00:12:38,  0.61it/s, loss=0.0239]
Epoch 32:  22%|##........| 127/585 [00:03:28<00:12:31,  0.61it/s, loss=0.0239]
Epoch 32:  22%|##........| 130/585 [00:03:33<00:12:27,  0.61it/s, loss=0.0240]
Epoch 32:  23%|##........| 134/585 [00:03:40<00:12:21,  0.61it/s, loss=0.0240]
Epoch 32:  24%|##........| 138/585 [00:03:45<00:12:11,  0.61it/s, loss=0.0239]
Epoch 32:  24%|##........| 142/585 [00:03:52<00:12:06,  0.61it/s, loss=0.0239]
Epoch 32:  25%|##........| 146/585 [00:03:59<00:11:59,  0.61it/s, loss=0.0241]
Epoch 32:  25%|##........| 149/585 [00:04:05<00:11:58,  0.61it/s, loss=0.0241]
Epoch 32:  26%|##........| 153/585 [00:04:11<00:11:50,  0.61it/s, loss=0.0241]
Epoch 32:  27%|##........| 157/585 [00:04:17<00:11:41,  0.61it/s, loss=0.0240]
Epoch 32:  28%|##........| 161/585 [00:04:23<00:11:33,  0.61it/s, loss=0.0241]
Epoch 32:  28%|##........| 164/585 [00:04:28<00:11:29,  0.61it/s, loss=0.0240]
Epoch 32:  29%|##........| 168/585 [00:04:35<00:11:23,  0.61it/s, loss=0.0241]
Epoch 32:  29%|##........| 172/585 [00:04:42<00:11:19,  0.61it/s, loss=0.0240]
Epoch 32:  30%|###.......| 176/585 [00:04:48<00:11:11,  0.61it/s, loss=0.0240]
Epoch 32:  31%|###.......| 180/585 [00:04:54<00:11:03,  0.61it/s, loss=0.0239]
Epoch 32:  31%|###.......| 183/585 [00:05:00<00:10:59,  0.61it/s, loss=0.0240]
Epoch 32:  32%|###.......| 187/585 [00:05:06<00:10:52,  0.61it/s, loss=0.0240]
Epoch 32:  32%|###.......| 190/585 [00:05:12<00:10:48,  0.61it/s, loss=0.0240]
Epoch 32:  33%|###.......| 194/585 [00:05:19<00:10:43,  0.61it/s, loss=0.0239]
Epoch 32:  34%|###.......| 198/585 [00:05:25<00:10:36,  0.61it/s, loss=0.0239]
Epoch 32:  34%|###.......| 201/585 [00:05:30<00:10:32,  0.61it/s, loss=0.0240]
Epoch 32:  35%|###.......| 205/585 [00:05:37<00:10:24,  0.61it/s, loss=0.0239]
Epoch 32:  36%|###.......| 209/585 [00:05:43<00:10:17,  0.61it/s, loss=0.0239]
Epoch 32:  36%|###.......| 213/585 [00:05:50<00:10:11,  0.61it/s, loss=0.0241]
Epoch 32:  37%|###.......| 217/585 [00:05:56<00:10:05,  0.61it/s, loss=0.0241]
Epoch 32:  38%|###.......| 221/585 [00:06:02<00:09:57,  0.61it/s, loss=0.0241]
Epoch 32:  38%|###.......| 225/585 [00:06:10<00:09:52,  0.61it/s, loss=0.0241]
Epoch 32:  39%|###.......| 229/585 [00:06:16<00:09:45,  0.61it/s, loss=0.0241]
Epoch 32:  40%|###.......| 232/585 [00:06:21<00:09:40,  0.61it/s, loss=0.0241]
Epoch 32:  40%|####......| 236/585 [00:06:28<00:09:34,  0.61it/s, loss=0.0242]
Epoch 32:  41%|####......| 240/585 [00:06:34<00:09:27,  0.61it/s, loss=0.0242]
Epoch 32:  42%|####......| 244/585 [00:06:40<00:09:19,  0.61it/s, loss=0.0242]
Epoch 32:  42%|####......| 248/585 [00:06:46<00:09:13,  0.61it/s, loss=0.0241]
Epoch 32:  43%|####......| 252/585 [00:06:53<00:09:06,  0.61it/s, loss=0.0242]
Epoch 32:  44%|####......| 256/585 [00:06:59<00:08:59,  0.61it/s, loss=0.0241]
Epoch 32:  44%|####......| 260/585 [00:07:05<00:08:52,  0.61it/s, loss=0.0241]
Epoch 32:  45%|####......| 263/585 [00:07:10<00:08:47,  0.61it/s, loss=0.0241]
Epoch 32:  46%|####......| 267/585 [00:07:16<00:08:40,  0.61it/s, loss=0.0241]
Epoch 32:  46%|####......| 271/585 [00:07:23<00:08:33,  0.61it/s, loss=0.0241]
Epoch 32:  47%|####......| 275/585 [00:07:29<00:08:27,  0.61it/s, loss=0.0240]
Epoch 32:  48%|####......| 278/585 [00:07:34<00:08:22,  0.61it/s, loss=0.0241]
Epoch 32:  48%|####......| 282/585 [00:07:41<00:08:15,  0.61it/s, loss=0.0241]
Epoch 32:  49%|####......| 286/585 [00:07:47<00:08:08,  0.61it/s, loss=0.0240]
Epoch 32:  50%|####......| 290/585 [00:07:53<00:08:01,  0.61it/s, loss=0.0241]
Epoch 32:  50%|#####.....| 293/585 [00:07:58<00:07:57,  0.61it/s, loss=0.0241]
Epoch 32:  51%|#####.....| 297/585 [00:08:05<00:07:50,  0.61it/s, loss=0.0241]
Epoch 32:  51%|#####.....| 300/585 [00:08:11<00:07:46,  0.61it/s, loss=0.0240]
Epoch 32:  52%|#####.....| 303/585 [00:08:16<00:07:41,  0.61it/s, loss=0.0241]
Epoch 32:  52%|#####.....| 306/585 [00:08:21<00:07:37,  0.61it/s, loss=0.0240]
Epoch 32:  53%|#####.....| 309/585 [00:08:27<00:07:32,  0.61it/s, loss=0.0241]
Epoch 32:  53%|#####.....| 312/585 [00:08:32<00:07:28,  0.61it/s, loss=0.0241]
Epoch 32:  54%|#####.....| 316/585 [00:08:39<00:07:22,  0.61it/s, loss=0.0241]
Epoch 32:  55%|#####.....| 319/585 [00:08:44<00:07:17,  0.61it/s, loss=0.0241]
Epoch 32:  55%|#####.....| 322/585 [00:08:50<00:07:13,  0.61it/s, loss=0.0241]
Epoch 32:  56%|#####.....| 326/585 [00:08:57<00:07:06,  0.61it/s, loss=0.0240]
Epoch 32:  56%|#####.....| 329/585 [00:09:02<00:07:02,  0.61it/s, loss=0.0240]
Epoch 32:  57%|#####.....| 332/585 [00:09:07<00:06:57,  0.61it/s, loss=0.0243]
Epoch 32:  57%|#####.....| 335/585 [00:09:13<00:06:52,  0.61it/s, loss=0.0243]
Epoch 32:  58%|#####.....| 339/585 [00:09:19<00:06:46,  0.61it/s, loss=0.0243]
Epoch 32:  59%|#####.....| 343/585 [00:09:25<00:06:39,  0.61it/s, loss=0.0242]
Epoch 32:  59%|#####.....| 347/585 [00:09:32<00:06:32,  0.61it/s, loss=0.0243]
Epoch 32:  60%|#####.....| 350/585 [00:09:37<00:06:27,  0.61it/s, loss=0.0243]
Epoch 32:  61%|######....| 354/585 [00:09:43<00:06:20,  0.61it/s, loss=0.0242]
Epoch 32:  61%|######....| 357/585 [00:09:49<00:06:16,  0.61it/s, loss=0.0242]
Epoch 32:  62%|######....| 360/585 [00:09:54<00:06:11,  0.61it/s, loss=0.0243]
Epoch 32:  62%|######....| 364/585 [00:10:00<00:06:04,  0.61it/s, loss=0.0243]
Epoch 32:  63%|######....| 367/585 [00:10:06<00:05:59,  0.61it/s, loss=0.0243]
Epoch 32:  63%|######....| 370/585 [00:10:11<00:05:55,  0.61it/s, loss=0.0243]
Epoch 32:  64%|######....| 374/585 [00:10:17<00:05:48,  0.61it/s, loss=0.0243]
Epoch 32:  65%|######....| 378/585 [00:10:24<00:05:41,  0.61it/s, loss=0.0244]
Epoch 32:  65%|######....| 381/585 [00:10:30<00:05:37,  0.60it/s, loss=0.0244]
Epoch 32:  66%|######....| 385/585 [00:10:36<00:05:30,  0.60it/s, loss=0.0244]
Epoch 32:  66%|######....| 389/585 [00:10:43<00:05:24,  0.60it/s, loss=0.0244]
Epoch 32:  67%|######....| 393/585 [00:10:50<00:05:17,  0.60it/s, loss=0.0244]
Epoch 32:  68%|######....| 397/585 [00:10:56<00:05:10,  0.60it/s, loss=0.0244]
Epoch 32:  69%|######....| 401/585 [00:11:02<00:05:03,  0.61it/s, loss=0.0244]
Epoch 32:  69%|######....| 404/585 [00:11:07<00:04:59,  0.61it/s, loss=0.0244]
Epoch 32:  70%|######....| 408/585 [00:11:14<00:04:52,  0.61it/s, loss=0.0245]
Epoch 32:  70%|#######...| 411/585 [00:11:19<00:04:47,  0.61it/s, loss=0.0245]
Epoch 32:  71%|#######...| 414/585 [00:11:24<00:04:42,  0.61it/s, loss=0.0244]
Epoch 32:  71%|#######...| 417/585 [00:11:29<00:04:37,  0.60it/s, loss=0.0245]
Epoch 32:  72%|#######...| 421/585 [00:11:36<00:04:31,  0.60it/s, loss=0.0244]
Epoch 32:  73%|#######...| 425/585 [00:11:42<00:04:24,  0.60it/s, loss=0.0245]
Epoch 32:  73%|#######...| 429/585 [00:11:48<00:04:17,  0.61it/s, loss=0.0245]
Epoch 32:  74%|#######...| 433/585 [00:11:55<00:04:11,  0.61it/s, loss=0.0245]
Epoch 32:  75%|#######...| 437/585 [00:12:01<00:04:04,  0.61it/s, loss=0.0245]
Epoch 32:  75%|#######...| 440/585 [00:12:06<00:03:59,  0.61it/s, loss=0.0245]
Epoch 32:  76%|#######...| 443/585 [00:12:12<00:03:54,  0.61it/s, loss=0.0246]
Epoch 32:  76%|#######...| 446/585 [00:12:17<00:03:49,  0.60it/s, loss=0.0246]
Epoch 32:  77%|#######...| 450/585 [00:12:24<00:03:43,  0.60it/s, loss=0.0246]
Epoch 32:  78%|#######...| 454/585 [00:12:30<00:03:36,  0.60it/s, loss=0.0246]
Epoch 32:  78%|#######...| 458/585 [00:12:36<00:03:29,  0.61it/s, loss=0.0246]
Epoch 32:  79%|#######...| 461/585 [00:12:41<00:03:24,  0.61it/s, loss=0.0246]
Epoch 32:  79%|#######...| 464/585 [00:12:47<00:03:20,  0.60it/s, loss=0.0247]
Epoch 32:  80%|########..| 468/585 [00:12:54<00:03:13,  0.60it/s, loss=0.0247]
Epoch 32:  81%|########..| 472/585 [00:13:00<00:03:06,  0.60it/s, loss=0.0247]
Epoch 32:  81%|########..| 476/585 [00:13:06<00:03:00,  0.60it/s, loss=0.0247]
Epoch 32:  82%|########..| 480/585 [00:13:12<00:02:53,  0.61it/s, loss=0.0248]
Epoch 32:  83%|########..| 484/585 [00:13:19<00:02:46,  0.61it/s, loss=0.0248]
Epoch 32:  83%|########..| 488/585 [00:13:26<00:02:40,  0.61it/s, loss=0.0248]
Epoch 32:  84%|########..| 491/585 [00:13:31<00:02:35,  0.60it/s, loss=0.0248]
Epoch 32:  85%|########..| 495/585 [00:13:37<00:02:28,  0.61it/s, loss=0.0249]
Epoch 32:  85%|########..| 498/585 [00:13:42<00:02:23,  0.61it/s, loss=0.0249]
Epoch 32:  86%|########..| 501/585 [00:13:48<00:02:18,  0.61it/s, loss=0.0249]
Epoch 32:  86%|########..| 504/585 [00:13:53<00:02:13,  0.60it/s, loss=0.0249]
Epoch 32:  87%|########..| 507/585 [00:13:58<00:02:08,  0.60it/s, loss=0.0249]
Epoch 32:  87%|########..| 511/585 [00:14:05<00:02:02,  0.60it/s, loss=0.0249]
Epoch 32:  88%|########..| 515/585 [00:14:11<00:01:55,  0.60it/s, loss=0.0249]
Epoch 32:  89%|########..| 519/585 [00:14:17<00:01:49,  0.61it/s, loss=0.0249]
Epoch 32:  89%|########..| 523/585 [00:14:24<00:01:42,  0.61it/s, loss=0.0249]
Epoch 32:  90%|########..| 526/585 [00:14:29<00:01:37,  0.60it/s, loss=0.0249]
Epoch 32:  91%|#########.| 530/585 [00:14:35<00:01:30,  0.61it/s, loss=0.0250]
Epoch 32:  91%|#########.| 534/585 [00:14:41<00:01:24,  0.61it/s, loss=0.0249]
Epoch 32:  92%|#########.| 538/585 [00:14:47<00:01:17,  0.61it/s, loss=0.0249]
Epoch 32:  93%|#########.| 542/585 [00:14:53<00:01:10,  0.61it/s, loss=0.0249]
Epoch 32:  93%|#########.| 545/585 [00:14:58<00:01:05,  0.61it/s, loss=0.0249]
Epoch 32:  94%|#########.| 548/585 [00:15:04<00:01:01,  0.61it/s, loss=0.0249]
Epoch 32:  94%|#########.| 552/585 [00:15:11<00:00:54,  0.61it/s, loss=0.0249]
Epoch 32:  95%|#########.| 555/585 [00:15:16<00:00:49,  0.61it/s, loss=0.0249]
Epoch 32:  95%|#########.| 558/585 [00:15:21<00:00:44,  0.61it/s, loss=0.0249]
Epoch 32:  96%|#########.| 562/585 [00:15:28<00:00:37,  0.61it/s, loss=0.0249]
Epoch 32:  97%|#########.| 566/585 [00:15:35<00:00:31,  0.61it/s, loss=0.0249]
Epoch 32:  97%|#########.| 570/585 [00:15:41<00:00:24,  0.61it/s, loss=0.0248]
Epoch 32:  98%|#########.| 574/585 [00:15:48<00:00:18,  0.60it/s, loss=0.0248]
Epoch 32:  99%|#########.| 577/585 [00:15:54<00:00:13,  0.60it/s, loss=0.0249]
Epoch 32:  99%|#########.| 581/585 [00:16:00<00:00:06,  0.60it/s, loss=0.0249]
Epoch 32: 100%|#########.| 584/585 [00:16:06<00:00:01,  0.60it/s, loss=0.0249]
Epoch 32: 100%|##########| 585/585 [00:16:08<00:00:00,  0.60it/s, loss=0.0249]
Test loss: 0.0230, Test rmsae: 7.28deg
{"event": "epoch_complete", "epoch": 32, "phase": 2, "lr": 1e-05, "batch_size": 10, "micro_batch_size": 1, "train_loss": 0.02487110475030465, "val_loss": 0.023019170301267877, "val_rmsae_deg": 7.283458933234215, "epoch_time_s": 969.3408655340318}
Epoch 33/80:
Epoch 33:   1%|..........| 4/585 [00:00:06<00:14:37,  0.66it/s, loss=0.0222]
Epoch 33:   1%|..........| 7/585 [00:00:11<00:15:29,  0.62it/s, loss=0.0238]
Epoch 33:   2%|..........| 11/585 [00:00:18<00:15:56,  0.60it/s, loss=0.0258]
Epoch 33:   3%|..........| 15/585 [00:00:24<00:15:36,  0.61it/s, loss=0.0266]
Epoch 33:   3%|..........| 19/585 [00:00:30<00:15:11,  0.62it/s, loss=0.0259]
Epoch 33:   4%|..........| 23/585 [00:00:36<00:14:53,  0.63it/s, loss=0.0254]
Epoch 33:   5%|..........| 27/585 [00:00:42<00:14:43,  0.63it/s, loss=0.0253]
Epoch 33:   5%|..........| 31/585 [00:00:48<00:14:31,  0.64it/s, loss=0.0250]
Epoch 33:   6%|..........| 34/585 [00:00:55<00:14:52,  0.62it/s, loss=0.0252]
Epoch 33:   6%|..........| 38/585 [00:01:01<00:14:47,  0.62it/s, loss=0.0252]
Epoch 33:   7%|..........| 42/585 [00:01:07<00:14:33,  0.62it/s, loss=0.0247]
Epoch 33:   8%|..........| 45/585 [00:01:13<00:14:39,  0.61it/s, loss=0.0252]
Epoch 33:   8%|..........| 48/585 [00:01:18<00:14:37,  0.61it/s, loss=0.0259]
Epoch 33:   9%|..........| 52/585 [00:01:25<00:14:34,  0.61it/s, loss=0.0263]
Epoch 33:  10%|..........| 56/585 [00:01:31<00:14:27,  0.61it/s, loss=0.0261]
Epoch 33:  10%|#.........| 60/585 [00:01:38<00:14:18,  0.61it/s, loss=0.0258]
Epoch 33:  11%|#.........| 63/585 [00:01:44<00:14:24,  0.60it/s, loss=0.0256]
Epoch 33:  11%|#.........| 67/585 [00:01:51<00:14:18,  0.60it/s, loss=0.0260]
Epoch 33:  12%|#.........| 71/585 [00:01:56<00:14:06,  0.61it/s, loss=0.0257]
Epoch 33:  13%|#.........| 75/585 [00:02:03<00:13:57,  0.61it/s, loss=0.0256]
Epoch 33:  13%|#.........| 78/585 [00:02:08<00:13:54,  0.61it/s, loss=0.0256]
Epoch 33:  14%|#.........| 82/585 [00:02:14<00:13:45,  0.61it/s, loss=0.0255]
Epoch 33:  15%|#.........| 85/585 [00:02:19<00:13:42,  0.61it/s, loss=0.0256]
Epoch 33:  15%|#.........| 89/585 [00:02:25<00:13:32,  0.61it/s, loss=0.0255]
Epoch 33:  16%|#.........| 93/585 [00:02:31<00:13:22,  0.61it/s, loss=0.0253]
Epoch 33:  16%|#.........| 96/585 [00:02:36<00:13:19,  0.61it/s, loss=0.0253]
Epoch 33:  17%|#.........| 100/585 [00:02:43<00:13:11,  0.61it/s, loss=0.0252]
Epoch 33:  18%|#.........| 104/585 [00:02:49<00:13:04,  0.61it/s, loss=0.0255]
Epoch 33:  18%|#.........| 108/585 [00:02:56<00:13:01,  0.61it/s, loss=0.0257]
Epoch 33:  19%|#.........| 112/585 [00:03:03<00:12:53,  0.61it/s, loss=0.0258]
Epoch 33:  20%|#.........| 115/585 [00:03:08<00:12:49,  0.61it/s, loss=0.0258]
Epoch 33:  20%|##........| 118/585 [00:03:13<00:12:45,  0.61it/s, loss=0.0259]
Epoch 33:  21%|##........| 122/585 [00:03:19<00:12:37,  0.61it/s, loss=0.0259]
Epoch 33:  22%|##........| 126/585 [00:03:25<00:12:29,  0.61it/s, loss=0.0258]
Epoch 33:  22%|##........| 130/585 [00:03:32<00:12:25,  0.61it/s, loss=0.0258]
Epoch 33:  23%|##........| 134/585 [00:03:38<00:12:16,  0.61it/s, loss=0.0258]
Epoch 33:  24%|##........| 138/585 [00:03:45<00:12:08,  0.61it/s, loss=0.0257]
Epoch 33:  24%|##........| 141/585 [00:03:50<00:12:06,  0.61it/s, loss=0.0259]
Epoch 33:  25%|##........| 145/585 [00:03:57<00:12:00,  0.61it/s, loss=0.0260]
Epoch 33:  25%|##........| 149/585 [00:04:03<00:11:52,  0.61it/s, loss=0.0259]
Epoch 33:  26%|##........| 152/585 [00:04:09<00:11:50,  0.61it/s, loss=0.0258]
Epoch 33:  27%|##........| 156/585 [00:04:16<00:11:44,  0.61it/s, loss=0.0258]
Epoch 33:  27%|##........| 159/585 [00:04:21<00:11:40,  0.61it/s, loss=0.0258]
Epoch 33:  28%|##........| 163/585 [00:04:27<00:11:32,  0.61it/s, loss=0.0258]
Epoch 33:  29%|##........| 167/585 [00:04:33<00:11:23,  0.61it/s, loss=0.0258]
Epoch 33:  29%|##........| 170/585 [00:04:38<00:11:19,  0.61it/s, loss=0.0259]
Epoch 33:  30%|##........| 173/585 [00:04:43<00:11:15,  0.61it/s, loss=0.0260]
Epoch 33:  30%|###.......| 176/585 [00:04:48<00:11:11,  0.61it/s, loss=0.0260]
Epoch 33:  31%|###.......| 180/585 [00:04:55<00:11:03,  0.61it/s, loss=0.0261]
Epoch 33:  31%|###.......| 184/585 [00:05:01<00:10:57,  0.61it/s, loss=0.0261]
Epoch 33:  32%|###.......| 187/585 [00:05:07<00:10:54,  0.61it/s, loss=0.0261]
Epoch 33:  33%|###.......| 191/585 [00:05:13<00:10:47,  0.61it/s, loss=0.0263]
Epoch 33:  33%|###.......| 193/585 [00:05:19<00:10:48,  0.60it/s, loss=0.0263]
Epoch 33:  34%|###.......| 197/585 [00:05:25<00:10:41,  0.60it/s, loss=0.0263]
Epoch 33:  34%|###.......| 201/585 [00:05:32<00:10:35,  0.60it/s, loss=0.0262]
Epoch 33:  35%|###.......| 204/585 [00:05:39<00:10:33,  0.60it/s, loss=0.0262]
Epoch 33:  35%|###.......| 207/585 [00:05:44<00:10:29,  0.60it/s, loss=0.0261]
Epoch 33:  36%|###.......| 211/585 [00:05:51<00:10:22,  0.60it/s, loss=0.0261]
Epoch 33:  37%|###.......| 215/585 [00:05:58<00:10:16,  0.60it/s, loss=0.0261]
Epoch 33:  37%|###.......| 219/585 [00:06:05<00:10:10,  0.60it/s, loss=0.0261]
Epoch 33:  38%|###.......| 223/585 [00:06:11<00:10:03,  0.60it/s, loss=0.0260]
Epoch 33:  39%|###.......| 227/585 [00:06:18<00:09:57,  0.60it/s, loss=0.0260]
Epoch 33:  39%|###.......| 230/585 [00:06:23<00:09:52,  0.60it/s, loss=0.0260]
Epoch 33:  40%|####......| 234/585 [00:06:30<00:09:45,  0.60it/s, loss=0.0259]
Epoch 33:  41%|####......| 237/585 [00:06:35<00:09:40,  0.60it/s, loss=0.0259]
Epoch 33:  41%|####......| 240/585 [00:06:40<00:09:36,  0.60it/s, loss=0.0259]
Epoch 33:  42%|####......| 243/585 [00:06:45<00:09:31,  0.60it/s, loss=0.0259]
Epoch 33:  42%|####......| 247/585 [00:06:52<00:09:24,  0.60it/s, loss=0.0258]
Epoch 33:  43%|####......| 250/585 [00:06:57<00:09:19,  0.60it/s, loss=0.0258]
Epoch 33:  43%|####......| 254/585 [00:07:03<00:09:12,  0.60it/s, loss=0.0258]
Epoch 33:  44%|####......| 257/585 [00:07:09<00:09:07,  0.60it/s, loss=0.0258]
Epoch 33:  45%|####......| 261/585 [00:07:14<00:08:59,  0.60it/s, loss=0.0258]
Epoch 33:  45%|####......| 265/585 [00:07:21<00:08:53,  0.60it/s, loss=0.0257]
Epoch 33:  46%|####......| 269/585 [00:07:27<00:08:45,  0.60it/s, loss=0.0257]
Epoch 33:  47%|####......| 273/585 [00:07:33<00:08:38,  0.60it/s, loss=0.0257]
Epoch 33:  47%|####......| 277/585 [00:07:39<00:08:31,  0.60it/s, loss=0.0257]
Epoch 33:  48%|####......| 280/585 [00:07:44<00:08:26,  0.60it/s, loss=0.0256]
Epoch 33:  48%|####......| 283/585 [00:07:49<00:08:21,  0.60it/s, loss=0.0256]
Epoch 33:  49%|####......| 287/585 [00:07:56<00:08:14,  0.60it/s, loss=0.0256]
Epoch 33:  50%|####......| 291/585 [00:08:02<00:08:07,  0.60it/s, loss=0.0256]
Epoch 33:  50%|#####.....| 295/585 [00:08:08<00:08:00,  0.60it/s, loss=0.0255]
Epoch 33:  51%|#####.....| 299/585 [00:08:15<00:07:53,  0.60it/s, loss=0.0255]
Epoch 33:  52%|#####.....| 302/585 [00:08:20<00:07:49,  0.60it/s, loss=0.0255]
Epoch 33:  52%|#####.....| 306/585 [00:08:27<00:07:42,  0.60it/s, loss=0.0255]
Epoch 33:  53%|#####.....| 310/585 [00:08:33<00:07:35,  0.60it/s, loss=0.0254]
Epoch 33:  54%|#####.....| 313/585 [00:08:38<00:07:30,  0.60it/s, loss=0.0254]
Epoch 33:  54%|#####.....| 317/585 [00:08:44<00:07:23,  0.60it/s, loss=0.0254]
Epoch 33:  55%|#####.....| 321/585 [00:08:50<00:07:16,  0.60it/s, loss=0.0253]
Epoch 33:  56%|#####.....| 325/585 [00:08:56<00:07:09,  0.61it/s, loss=0.0253]
Epoch 33:  56%|#####.....| 329/585 [00:09:03<00:07:02,  0.61it/s, loss=0.0253]
Epoch 33:  57%|#####.....| 332/585 [00:09:08<00:06:57,  0.61it/s, loss=0.0253]
Epoch 33:  57%|#####.....| 336/585 [00:09:14<00:06:51,  0.61it/s, loss=0.0253]
Epoch 33:  58%|#####.....| 340/585 [00:09:20<00:06:43,  0.61it/s, loss=0.0253]
Epoch 33:  59%|#####.....| 343/585 [00:09:26<00:06:39,  0.61it/s, loss=0.0253]
Epoch 33:  59%|#####.....| 347/585 [00:09:32<00:06:32,  0.61it/s, loss=0.0254]
Epoch 33:  60%|#####.....| 350/585 [00:09:38<00:06:28,  0.60it/s, loss=0.0254]
Epoch 33:  61%|######....| 354/585 [00:09:45<00:06:22,  0.60it/s, loss=0.0253]
Epoch 33:  61%|######....| 357/585 [00:09:51<00:06:18,  0.60it/s, loss=0.0255]
Epoch 33:  62%|######....| 361/585 [00:09:58<00:06:11,  0.60it/s, loss=0.0256]
Epoch 33:  62%|######....| 364/585 [00:10:03<00:06:06,  0.60it/s, loss=0.0255]
Epoch 33:  63%|######....| 368/585 [00:10:10<00:05:59,  0.60it/s, loss=0.0256]
Epoch 33:  64%|######....| 372/585 [00:10:16<00:05:53,  0.60it/s, loss=0.0256]
Epoch 33:  64%|######....| 376/585 [00:10:23<00:05:46,  0.60it/s, loss=0.0255]
Epoch 33:  65%|######....| 379/585 [00:10:28<00:05:41,  0.60it/s, loss=0.0255]
Epoch 33:  65%|######....| 383/585 [00:10:34<00:05:34,  0.60it/s, loss=0.0255]
Epoch 33:  66%|######....| 386/585 [00:10:39<00:05:29,  0.60it/s, loss=0.0255]
Epoch 33:  66%|######....| 389/585 [00:10:44<00:05:24,  0.60it/s, loss=0.0255]
Epoch 33:  67%|######....| 393/585 [00:10:50<00:05:17,  0.60it/s, loss=0.0255]
Epoch 33:  68%|######....| 397/585 [00:10:56<00:05:11,  0.60it/s, loss=0.0254]
Epoch 33:  69%|######....| 401/585 [00:11:03<00:05:04,  0.60it/s, loss=0.0254]
Epoch 33:  69%|######....| 405/585 [00:11:10<00:04:57,  0.60it/s, loss=0.0254]
Epoch 33:  70%|######....| 408/585 [00:11:15<00:04:53,  0.60it/s, loss=0.0255]
Epoch 33:  70%|#######...| 412/585 [00:11:22<00:04:46,  0.60it/s, loss=0.0255]
Epoch 33:  71%|#######...| 416/585 [00:11:28<00:04:39,  0.60it/s, loss=0.0255]
Epoch 33:  72%|#######...| 419/585 [00:11:33<00:04:34,  0.60it/s, loss=0.0254]
Epoch 33:  72%|#######...| 423/585 [00:11:39<00:04:27,  0.60it/s, loss=0.0254]
Epoch 33:  73%|#######...| 427/585 [00:11:45<00:04:21,  0.61it/s, loss=0.0254]
Epoch 33:  74%|#######...| 430/585 [00:11:50<00:04:16,  0.60it/s, loss=0.0254]
Epoch 33:  74%|#######...| 434/585 [00:11:57<00:04:09,  0.61it/s, loss=0.0253]
Epoch 33:  75%|#######...| 438/585 [00:12:03<00:04:02,  0.61it/s, loss=0.0253]
Epoch 33:  75%|#######...| 441/585 [00:12:08<00:03:57,  0.61it/s, loss=0.0253]
Epoch 33:  76%|#######...| 445/585 [00:12:14<00:03:51,  0.61it/s, loss=0.0253]
Epoch 33:  77%|#######...| 449/585 [00:12:21<00:03:44,  0.61it/s, loss=0.0253]
Epoch 33:  77%|#######...| 452/585 [00:12:26<00:03:39,  0.61it/s, loss=0.0253]
Epoch 33:  78%|#######...| 455/585 [00:12:32<00:03:34,  0.60it/s, loss=0.0253]
Epoch 33:  78%|#######...| 458/585 [00:12:37<00:03:29,  0.60it/s, loss=0.0254]
Epoch 33:  79%|#######...| 462/585 [00:12:43<00:03:23,  0.61it/s, loss=0.0253]
Epoch 33:  79%|#######...| 465/585 [00:12:48<00:03:18,  0.60it/s, loss=0.0253]
Epoch 33:  80%|########..| 469/585 [00:12:55<00:03:11,  0.60it/s, loss=0.0254]
Epoch 33:  81%|########..| 473/585 [00:13:02<00:03:05,  0.60it/s, loss=0.0253]
Epoch 33:  82%|########..| 477/585 [00:13:08<00:02:58,  0.60it/s, loss=0.0254]
Epoch 33:  82%|########..| 481/585 [00:13:14<00:02:51,  0.61it/s, loss=0.0253]
Epoch 33:  83%|########..| 485/585 [00:13:21<00:02:45,  0.61it/s, loss=0.0253]
Epoch 33:  83%|########..| 488/585 [00:13:26<00:02:40,  0.60it/s, loss=0.0253]
Epoch 33:  84%|########..| 491/585 [00:13:32<00:02:35,  0.60it/s, loss=0.0253]
Epoch 33:  85%|########..| 495/585 [00:13:38<00:02:28,  0.60it/s, loss=0.0253]
Epoch 33:  85%|########..| 499/585 [00:13:45<00:02:22,  0.60it/s, loss=0.0254]
Epoch 33:  86%|########..| 502/585 [00:13:50<00:02:17,  0.60it/s, loss=0.0254]
Epoch 33:  86%|########..| 505/585 [00:13:55<00:02:12,  0.60it/s, loss=0.0254]
Epoch 33:  87%|########..| 508/585 [00:14:01<00:02:07,  0.60it/s, loss=0.0254]
Epoch 33:  88%|########..| 512/585 [00:14:06<00:02:00,  0.60it/s, loss=0.0254]
Epoch 33:  88%|########..| 516/585 [00:14:13<00:01:54,  0.60it/s, loss=0.0255]
Epoch 33:  89%|########..| 520/585 [00:14:20<00:01:47,  0.60it/s, loss=0.0255]
Epoch 33:  89%|########..| 523/585 [00:14:25<00:01:42,  0.60it/s, loss=0.0255]
Epoch 33:  90%|#########.| 527/585 [00:14:31<00:01:35,  0.60it/s, loss=0.0254]
Epoch 33:  91%|#########.| 531/585 [00:14:37<00:01:29,  0.61it/s, loss=0.0254]
Epoch 33:  91%|#########.| 535/585 [00:14:44<00:01:22,  0.61it/s, loss=0.0254]
Epoch 33:  92%|#########.| 539/585 [00:14:50<00:01:15,  0.61it/s, loss=0.0254]
Epoch 33:  93%|#########.| 543/585 [00:14:56<00:01:09,  0.61it/s, loss=0.0254]
Epoch 33:  93%|#########.| 546/585 [00:15:01<00:01:04,  0.61it/s, loss=0.0254]
Epoch 33:  94%|#########.| 549/585 [00:15:07<00:00:59,  0.61it/s, loss=0.0254]
Epoch 33:  95%|#########.| 553/585 [00:15:13<00:00:52,  0.61it/s, loss=0.0254]
Epoch 33:  95%|#########.| 557/585 [00:15:19<00:00:46,  0.61it/s, loss=0.0253]
Epoch 33:  96%|#########.| 560/585 [00:15:24<00:00:41,  0.61it/s, loss=0.0254]
Epoch 33:  96%|#########.| 563/585 [00:15:30<00:00:36,  0.61it/s, loss=0.0254]
Epoch 33:  97%|#########.| 566/585 [00:15:35<00:00:31,  0.60it/s, loss=0.0254]
Epoch 33:  97%|#########.| 570/585 [00:15:41<00:00:24,  0.61it/s, loss=0.0254]
Epoch 33:  98%|#########.| 573/585 [00:15:46<00:00:19,  0.61it/s, loss=0.0254]
Epoch 33:  99%|#########.| 577/585 [00:15:53<00:00:13,  0.61it/s, loss=0.0253]
Epoch 33:  99%|#########.| 581/585 [00:15:59<00:00:06,  0.61it/s, loss=0.0253]
Epoch 33: 100%|##########| 585/585 [00:16:05<00:00:00,  0.61it/s, loss=0.0253]
Test loss: 0.0230, Test rmsae: 7.30deg
{"event": "epoch_complete", "epoch": 33, "phase": 2, "lr": 1e-05, "batch_size": 10, "micro_batch_size": 1, "train_loss": 0.025291170813461654, "val_loss": 0.023042670538416132, "val_rmsae_deg": 7.303960740566254, "epoch_time_s": 967.0482197349193}
Epoch 34/80:
Epoch 34:   1%|..........| 4/585 [00:00:06<00:15:22,  0.63it/s, loss=0.0226]
Epoch 34:   1%|..........| 8/585 [00:00:13<00:16:48,  0.57it/s, loss=0.0238]
Epoch 34:   2%|..........| 11/585 [00:00:19<00:16:34,  0.58it/s, loss=0.0232]
Epoch 34:   2%|..........| 14/585 [00:00:24<00:16:47,  0.57it/s, loss=0.0244]
Epoch 34:   3%|..........| 18/585 [00:00:30<00:16:08,  0.59it/s, loss=0.0234]
Epoch 34:   4%|..........| 21/585 [00:00:36<00:16:07,  0.58it/s, loss=0.0233]
Epoch 34:   4%|..........| 25/585 [00:00:43<00:16:05,  0.58it/s, loss=0.0239]
Epoch 34:   5%|..........| 28/585 [00:00:50<00:16:43,  0.56it/s, loss=0.0263]
Epoch 34:   5%|..........| 32/585 [00:00:56<00:16:13,  0.57it/s, loss=0.0255]
Epoch 34:   6%|..........| 35/585 [00:01:02<00:16:25,  0.56it/s, loss=0.0304]
Epoch 34:   6%|..........| 38/585 [00:01:07<00:16:17,  0.56it/s, loss=0.0299]
Epoch 34:   7%|..........| 42/585 [00:01:14<00:16:01,  0.56it/s, loss=0.0292]
Epoch 34:   8%|..........| 45/585 [00:01:20<00:16:01,  0.56it/s, loss=0.0290]
Epoch 34:   8%|..........| 49/585 [00:01:26<00:15:41,  0.57it/s, loss=0.0284]
Epoch 34:   9%|..........| 53/585 [00:01:32<00:15:26,  0.57it/s, loss=0.0280]
Epoch 34:  10%|..........| 57/585 [00:01:38<00:15:12,  0.58it/s, loss=0.0277]
Epoch 34:  10%|#.........| 61/585 [00:01:45<00:15:02,  0.58it/s, loss=0.0272]
Epoch 34:  11%|#.........| 64/585 [00:01:50<00:14:56,  0.58it/s, loss=0.0271]
Epoch 34:  12%|#.........| 68/585 [00:01:56<00:14:42,  0.59it/s, loss=0.0270]
Epoch 34:  12%|#.........| 72/585 [00:02:02<00:14:34,  0.59it/s, loss=0.0269]
Epoch 34:  13%|#.........| 75/585 [00:02:08<00:14:37,  0.58it/s, loss=0.0269]
Epoch 34:  14%|#.........| 79/585 [00:02:15<00:14:26,  0.58it/s, loss=0.0269]
Epoch 34:  14%|#.........| 82/585 [00:02:21<00:14:28,  0.58it/s, loss=0.0268]
Epoch 34:  15%|#.........| 85/585 [00:02:26<00:14:24,  0.58it/s, loss=0.0270]
Epoch 34:  15%|#.........| 89/585 [00:02:33<00:14:13,  0.58it/s, loss=0.0270]
Epoch 34:  16%|#.........| 92/585 [00:02:38<00:14:08,  0.58it/s, loss=0.0269]
Epoch 34:  16%|#.........| 96/585 [00:02:44<00:13:56,  0.58it/s, loss=0.0268]
Epoch 34:  17%|#.........| 99/585 [00:02:49<00:13:53,  0.58it/s, loss=0.0270]
Epoch 34:  18%|#.........| 103/585 [00:02:55<00:13:43,  0.59it/s, loss=0.0268]
Epoch 34:  18%|#.........| 106/585 [00:03:01<00:13:41,  0.58it/s, loss=0.0270]
Epoch 34:  19%|#.........| 109/585 [00:03:06<00:13:36,  0.58it/s, loss=0.0269]
Epoch 34:  19%|#.........| 113/585 [00:03:13<00:13:26,  0.58it/s, loss=0.0268]
Epoch 34:  20%|##........| 117/585 [00:03:19<00:13:17,  0.59it/s, loss=0.0267]
Epoch 34:  21%|##........| 120/585 [00:03:25<00:13:14,  0.59it/s, loss=0.0269]
Epoch 34:  21%|##........| 123/585 [00:03:30<00:13:09,  0.58it/s, loss=0.0269]
Epoch 34:  22%|##........| 126/585 [00:03:35<00:13:05,  0.58it/s, loss=0.0269]
Epoch 34:  22%|##........| 130/585 [00:03:41<00:12:56,  0.59it/s, loss=0.0268]
Epoch 34:  23%|##........| 134/585 [00:03:48<00:12:49,  0.59it/s, loss=0.0267]
Epoch 34:  24%|##........| 138/585 [00:03:54<00:12:39,  0.59it/s, loss=0.0266]
Epoch 34:  24%|##........| 142/585 [00:04:00<00:12:31,  0.59it/s, loss=0.0265]
Epoch 34:  25%|##........| 145/585 [00:04:06<00:12:26,  0.59it/s, loss=0.0265]
Epoch 34:  25%|##........| 148/585 [00:04:13<00:12:27,  0.58it/s, loss=0.0270]
Epoch 34:  26%|##........| 152/585 [00:04:19<00:12:18,  0.59it/s, loss=0.0269]
Epoch 34:  27%|##........| 156/585 [00:04:25<00:12:10,  0.59it/s, loss=0.0268]
Epoch 34:  27%|##........| 159/585 [00:04:31<00:12:06,  0.59it/s, loss=0.0269]
Epoch 34:  28%|##........| 163/585 [00:04:37<00:11:58,  0.59it/s, loss=0.0268]
Epoch 34:  28%|##........| 166/585 [00:04:43<00:11:55,  0.59it/s, loss=0.0267]
Epoch 34:  29%|##........| 169/585 [00:04:49<00:11:51,  0.58it/s, loss=0.0267]
Epoch 34:  30%|##........| 173/585 [00:04:54<00:11:42,  0.59it/s, loss=0.0268]
Epoch 34:  30%|###.......| 176/585 [00:05:00<00:11:37,  0.59it/s, loss=0.0267]
Epoch 34:  31%|###.......| 180/585 [00:05:06<00:11:30,  0.59it/s, loss=0.0266]
Epoch 34:  31%|###.......| 184/585 [00:05:13<00:11:22,  0.59it/s, loss=0.0266]
Epoch 34:  32%|###.......| 188/585 [00:05:19<00:11:13,  0.59it/s, loss=0.0265]
Epoch 34:  33%|###.......| 192/585 [00:05:25<00:11:06,  0.59it/s, loss=0.0265]
Epoch 34:  34%|###.......| 196/585 [00:05:31<00:10:58,  0.59it/s, loss=0.0264]
Epoch 34:  34%|###.......| 200/585 [00:05:37<00:10:50,  0.59it/s, loss=0.0263]
Epoch 34:  35%|###.......| 203/585 [00:05:42<00:10:45,  0.59it/s, loss=0.0262]
Epoch 34:  35%|###.......| 207/585 [00:05:49<00:10:37,  0.59it/s, loss=0.0262]
Epoch 34:  36%|###.......| 210/585 [00:05:54<00:10:32,  0.59it/s, loss=0.0262]
Epoch 34:  37%|###.......| 214/585 [00:06:00<00:10:25,  0.59it/s, loss=0.0262]
Epoch 34:  37%|###.......| 218/585 [00:06:06<00:10:17,  0.59it/s, loss=0.0262]
Epoch 34:  38%|###.......| 222/585 [00:06:13<00:10:09,  0.60it/s, loss=0.0261]
Epoch 34:  39%|###.......| 226/585 [00:06:19<00:10:02,  0.60it/s, loss=0.0261]
Epoch 34:  39%|###.......| 230/585 [00:06:25<00:09:55,  0.60it/s, loss=0.0260]
Epoch 34:  40%|###.......| 233/585 [00:06:31<00:09:51,  0.60it/s, loss=0.0260]
Epoch 34:  41%|####......| 237/585 [00:06:37<00:09:44,  0.60it/s, loss=0.0260]
Epoch 34:  41%|####......| 240/585 [00:06:43<00:09:39,  0.60it/s, loss=0.0260]
Epoch 34:  42%|####......| 243/585 [00:06:48<00:09:34,  0.60it/s, loss=0.0260]
Epoch 34:  42%|####......| 246/585 [00:06:53<00:09:29,  0.60it/s, loss=0.0260]
Epoch 34:  43%|####......| 249/585 [00:06:58<00:09:25,  0.59it/s, loss=0.0265]
Epoch 34:  43%|####......| 253/585 [00:07:04<00:09:17,  0.60it/s, loss=0.0264]
Epoch 34:  44%|####......| 257/585 [00:07:10<00:09:09,  0.60it/s, loss=0.0264]
Epoch 34:  45%|####......| 261/585 [00:07:16<00:09:02,  0.60it/s, loss=0.0263]
Epoch 34:  45%|####......| 264/585 [00:07:22<00:08:58,  0.60it/s, loss=0.0265]
Epoch 34:  46%|####......| 268/585 [00:07:28<00:08:50,  0.60it/s, loss=0.0265]
Epoch 34:  46%|####......| 271/585 [00:07:33<00:08:45,  0.60it/s, loss=0.0264]
Epoch 34:  47%|####......| 275/585 [00:07:39<00:08:38,  0.60it/s, loss=0.0264]
Epoch 34:  48%|####......| 279/585 [00:07:46<00:08:31,  0.60it/s, loss=0.0264]
Epoch 34:  48%|####......| 282/585 [00:07:51<00:08:26,  0.60it/s, loss=0.0264]
Epoch 34:  49%|####......| 286/585 [00:07:57<00:08:19,  0.60it/s, loss=0.0263]
Epoch 34:  49%|####......| 289/585 [00:08:03<00:08:14,  0.60it/s, loss=0.0263]
Epoch 34:  50%|####......| 292/585 [00:08:08<00:08:10,  0.60it/s, loss=0.0263]
Epoch 34:  51%|#####.....| 296/585 [00:08:14<00:08:02,  0.60it/s, loss=0.0263]
Epoch 34:  51%|#####.....| 300/585 [00:08:20<00:07:55,  0.60it/s, loss=0.0262]
Epoch 34:  52%|#####.....| 303/585 [00:08:26<00:07:51,  0.60it/s, loss=0.0262]
Epoch 34:  52%|#####.....| 307/585 [00:08:32<00:07:43,  0.60it/s, loss=0.0261]
Epoch 34:  53%|#####.....| 311/585 [00:08:38<00:07:37,  0.60it/s, loss=0.0260]
Epoch 34:  54%|#####.....| 315/585 [00:08:44<00:07:29,  0.60it/s, loss=0.0260]
Epoch 34:  55%|#####.....| 319/585 [00:08:50<00:07:22,  0.60it/s, loss=0.0260]
Epoch 34:  55%|#####.....| 322/585 [00:08:56<00:07:17,  0.60it/s, loss=0.0260]
Epoch 34:  56%|#####.....| 325/585 [00:09:01<00:07:12,  0.60it/s, loss=0.0260]
Epoch 34:  56%|#####.....| 329/585 [00:09:07<00:07:05,  0.60it/s, loss=0.0260]
Epoch 34:  57%|#####.....| 332/585 [00:09:13<00:07:01,  0.60it/s, loss=0.0261]
Epoch 34:  57%|#####.....| 335/585 [00:09:18<00:06:56,  0.60it/s, loss=0.0262]
Epoch 34:  58%|#####.....| 339/585 [00:09:24<00:06:49,  0.60it/s, loss=0.0262]
Epoch 34:  58%|#####.....| 342/585 [00:09:29<00:06:44,  0.60it/s, loss=0.0262]
Epoch 34:  59%|#####.....| 346/585 [00:09:35<00:06:37,  0.60it/s, loss=0.0261]
Epoch 34:  60%|#####.....| 349/585 [00:09:41<00:06:33,  0.60it/s, loss=0.0261]
Epoch 34:  60%|######....| 352/585 [00:09:46<00:06:28,  0.60it/s, loss=0.0261]
Epoch 34:  61%|######....| 356/585 [00:09:53<00:06:21,  0.60it/s, loss=0.0261]
Epoch 34:  61%|######....| 359/585 [00:09:58<00:06:16,  0.60it/s, loss=0.0261]
Epoch 34:  62%|######....| 363/585 [00:10:05<00:06:10,  0.60it/s, loss=0.0261]
Epoch 34:  63%|######....| 367/585 [00:10:11<00:06:03,  0.60it/s, loss=0.0260]
Epoch 34:  63%|######....| 371/585 [00:10:17<00:05:56,  0.60it/s, loss=0.0260]
Epoch 34:  64%|######....| 375/585 [00:10:23<00:05:49,  0.60it/s, loss=0.0260]
Epoch 34:  65%|######....| 379/585 [00:10:30<00:05:42,  0.60it/s, loss=0.0260]
Epoch 34:  65%|######....| 382/585 [00:10:36<00:05:38,  0.60it/s, loss=0.0260]
Epoch 34:  66%|######....| 385/585 [00:10:41<00:05:33,  0.60it/s, loss=0.0260]
Epoch 34:  66%|######....| 388/585 [00:10:47<00:05:28,  0.60it/s, loss=0.0260]
Epoch 34:  67%|######....| 391/585 [00:10:52<00:05:23,  0.60it/s, loss=0.0259]
Epoch 34:  68%|######....| 395/585 [00:10:58<00:05:16,  0.60it/s, loss=0.0259]
Epoch 34:  68%|######....| 398/585 [00:11:03<00:05:11,  0.60it/s, loss=0.0259]
Epoch 34:  69%|######....| 402/585 [00:11:09<00:05:04,  0.60it/s, loss=0.0258]
Epoch 34:  69%|######....| 406/585 [00:11:15<00:04:57,  0.60it/s, loss=0.0258]
Epoch 34:  70%|######....| 409/585 [00:11:20<00:04:53,  0.60it/s, loss=0.0259]
Epoch 34:  70%|#######...| 412/585 [00:11:26<00:04:48,  0.60it/s, loss=0.0258]
Epoch 34:  71%|#######...| 416/585 [00:11:32<00:04:41,  0.60it/s, loss=0.0258]
Epoch 34:  72%|#######...| 419/585 [00:11:37<00:04:36,  0.60it/s, loss=0.0258]
Epoch 34:  72%|#######...| 422/585 [00:11:42<00:04:31,  0.60it/s, loss=0.0258]
Epoch 34:  73%|#######...| 426/585 [00:11:49<00:04:24,  0.60it/s, loss=0.0258]
Epoch 34:  74%|#######...| 430/585 [00:11:55<00:04:18,  0.60it/s, loss=0.0257]
Epoch 34:  74%|#######...| 434/585 [00:12:02<00:04:11,  0.60it/s, loss=0.0257]
Epoch 34:  75%|#######...| 438/585 [00:12:09<00:04:04,  0.60it/s, loss=0.0257]
Epoch 34:  75%|#######...| 441/585 [00:12:14<00:03:59,  0.60it/s, loss=0.0257]
Epoch 34:  76%|#######...| 445/585 [00:12:20<00:03:53,  0.60it/s, loss=0.0257]
Epoch 34:  77%|#######...| 448/585 [00:12:26<00:03:48,  0.60it/s, loss=0.0257]
Epoch 34:  77%|#######...| 452/585 [00:12:32<00:03:41,  0.60it/s, loss=0.0257]
Epoch 34:  78%|#######...| 456/585 [00:12:40<00:03:35,  0.60it/s, loss=0.0258]
Epoch 34:  79%|#######...| 460/585 [00:12:46<00:03:28,  0.60it/s, loss=0.0258]
Epoch 34:  79%|#######...| 463/585 [00:12:52<00:03:23,  0.60it/s, loss=0.0258]
Epoch 34:  80%|#######...| 467/585 [00:13:00<00:03:17,  0.60it/s, loss=0.0258]
Epoch 34:  81%|########..| 471/585 [00:13:06<00:03:10,  0.60it/s, loss=0.0257]
Epoch 34:  81%|########..| 474/585 [00:13:11<00:03:05,  0.60it/s, loss=0.0257]
Epoch 34:  82%|########..| 478/585 [00:13:18<00:02:58,  0.60it/s, loss=0.0257]
Epoch 34:  82%|########..| 481/585 [00:13:23<00:02:53,  0.60it/s, loss=0.0257]
Epoch 34:  83%|########..| 483/585 [00:13:28<00:02:50,  0.60it/s, loss=0.0258]
Epoch 34:  83%|########..| 487/585 [00:13:34<00:02:43,  0.60it/s, loss=0.0257]
Epoch 34:  84%|########..| 490/585 [00:13:40<00:02:39,  0.60it/s, loss=0.0257]
Epoch 34:  84%|########..| 494/585 [00:13:46<00:02:32,  0.60it/s, loss=0.0257]
Epoch 34:  85%|########..| 498/585 [00:13:53<00:02:25,  0.60it/s, loss=0.0257]
Epoch 34:  86%|########..| 502/585 [00:13:59<00:02:18,  0.60it/s, loss=0.0257]
Epoch 34:  86%|########..| 506/585 [00:14:05<00:02:12,  0.60it/s, loss=0.0257]
Epoch 34:  87%|########..| 509/585 [00:14:10<00:02:07,  0.60it/s, loss=0.0257]
Epoch 34:  88%|########..| 513/585 [00:14:17<00:02:00,  0.60it/s, loss=0.0256]
Epoch 34:  88%|########..| 517/585 [00:14:24<00:01:53,  0.60it/s, loss=0.0256]
Epoch 34:  89%|########..| 521/585 [00:14:30<00:01:46,  0.60it/s, loss=0.0256]
Epoch 34:  90%|########..| 525/585 [00:14:36<00:01:40,  0.60it/s, loss=0.0255]
Epoch 34:  90%|#########.| 528/585 [00:14:42<00:01:35,  0.60it/s, loss=0.0256]
Epoch 34:  91%|#########.| 532/585 [00:14:48<00:01:28,  0.60it/s, loss=0.0255]
Epoch 34:  92%|#########.| 536/585 [00:14:54<00:01:21,  0.60it/s, loss=0.0255]
Epoch 34:  92%|#########.| 540/585 [00:15:01<00:01:15,  0.60it/s, loss=0.0255]
Epoch 34:  93%|#########.| 544/585 [00:15:07<00:01:08,  0.60it/s, loss=0.0255]
Epoch 34:  94%|#########.| 547/585 [00:15:13<00:01:03,  0.60it/s, loss=0.0256]
Epoch 34:  94%|#########.| 551/585 [00:15:19<00:00:56,  0.60it/s, loss=0.0255]
Epoch 34:  95%|#########.| 555/585 [00:15:25<00:00:50,  0.60it/s, loss=0.0255]
Epoch 34:  95%|#########.| 558/585 [00:15:30<00:00:45,  0.60it/s, loss=0.0255]
Epoch 34:  96%|#########.| 562/585 [00:15:37<00:00:38,  0.60it/s, loss=0.0255]
Epoch 34:  97%|#########.| 565/585 [00:15:42<00:00:33,  0.60it/s, loss=0.0255]
Epoch 34:  97%|#########.| 569/585 [00:15:48<00:00:26,  0.60it/s, loss=0.0255]
Epoch 34:  98%|#########.| 573/585 [00:15:55<00:00:20,  0.60it/s, loss=0.0255]
Epoch 34:  98%|#########.| 576/585 [00:16:00<00:00:15,  0.60it/s, loss=0.0255]
Epoch 34:  99%|#########.| 579/585 [00:16:06<00:00:10,  0.60it/s, loss=0.0254]
Epoch 34:  99%|#########.| 582/585 [00:16:11<00:00:05,  0.60it/s, loss=0.0254]
Epoch 34: 100%|##########| 585/585 [00:16:16<00:00:00,  0.60it/s, loss=0.0254]
Test loss: 0.0230, Test rmsae: 7.23deg
{"event": "epoch_complete", "epoch": 34, "phase": 2, "lr": 1e-05, "batch_size": 10, "micro_batch_size": 1, "train_loss": 0.02541610294332107, "val_loss": 0.023000856657745317, "val_rmsae_deg": 7.2292520850896835, "epoch_time_s": 977.6004093789961}
Epoch 35/80:
Epoch 35:   1%|..........| 3/585 [00:00:05<00:17:03,  0.57it/s, loss=0.0252]
Epoch 35:   1%|..........| 6/585 [00:00:10<00:16:47,  0.57it/s, loss=0.0246]
Epoch 35:   2%|..........| 10/585 [00:00:16<00:15:46,  0.61it/s, loss=0.0234]
Epoch 35:   2%|..........| 13/585 [00:00:21<00:15:48,  0.60it/s, loss=0.0231]
Epoch 35:   3%|..........| 16/585 [00:00:27<00:16:11,  0.59it/s, loss=0.0238]
Epoch 35:   3%|..........| 20/585 [00:00:33<00:15:50,  0.59it/s, loss=0.0232]
Epoch 35:   4%|..........| 23/585 [00:00:38<00:15:52,  0.59it/s, loss=0.0241]
Epoch 35:   4%|..........| 26/585 [00:00:44<00:15:59,  0.58it/s, loss=0.0248]
Epoch 35:   5%|..........| 30/585 [00:00:51<00:15:57,  0.58it/s, loss=0.0249]
Epoch 35:   6%|..........| 34/585 [00:00:57<00:15:36,  0.59it/s, loss=0.0249]
Epoch 35:   6%|..........| 37/585 [00:01:03<00:15:34,  0.59it/s, loss=0.0253]
Epoch 35:   7%|..........| 41/585 [00:01:09<00:15:19,  0.59it/s, loss=0.0254]
Epoch 35:   8%|..........| 44/585 [00:01:14<00:15:14,  0.59it/s, loss=0.0254]
Epoch 35:   8%|..........| 48/585 [00:01:20<00:14:59,  0.60it/s, loss=0.0253]
Epoch 35:   9%|..........| 52/585 [00:01:26<00:14:48,  0.60it/s, loss=0.0252]
Epoch 35:  10%|..........| 56/585 [00:01:32<00:14:38,  0.60it/s, loss=0.0250]
Epoch 35:  10%|#.........| 60/585 [00:01:39<00:14:29,  0.60it/s, loss=0.0252]
Epoch 35:  11%|#.........| 63/585 [00:01:44<00:14:27,  0.60it/s, loss=0.0251]
Epoch 35:  11%|#.........| 66/585 [00:01:50<00:14:25,  0.60it/s, loss=0.0250]
Epoch 35:  12%|#.........| 70/585 [00:01:56<00:14:14,  0.60it/s, loss=0.0249]
Epoch 35:  13%|#.........| 74/585 [00:02:02<00:14:04,  0.61it/s, loss=0.0247]
Epoch 35:  13%|#.........| 78/585 [00:02:08<00:13:53,  0.61it/s, loss=0.0247]
Epoch 35:  14%|#.........| 81/585 [00:02:13<00:13:49,  0.61it/s, loss=0.0247]
Epoch 35:  15%|#.........| 85/585 [00:02:19<00:13:42,  0.61it/s, loss=0.0247]
Epoch 35:  15%|#.........| 89/585 [00:02:26<00:13:37,  0.61it/s, loss=0.0250]
Epoch 35:  16%|#.........| 92/585 [00:02:31<00:13:32,  0.61it/s, loss=0.0249]
Epoch 35:  16%|#.........| 95/585 [00:02:37<00:13:30,  0.60it/s, loss=0.0249]
Epoch 35:  17%|#.........| 98/585 [00:02:42<00:13:26,  0.60it/s, loss=0.0247]
Epoch 35:  17%|#.........| 101/585 [00:02:48<00:13:25,  0.60it/s, loss=0.0249]
Epoch 35:  18%|#.........| 105/585 [00:02:54<00:13:16,  0.60it/s, loss=0.0248]
Epoch 35:  19%|#.........| 109/585 [00:03:00<00:13:08,  0.60it/s, loss=0.0246]
Epoch 35:  19%|#.........| 112/585 [00:03:05<00:13:04,  0.60it/s, loss=0.0247]
Epoch 35:  20%|#.........| 115/585 [00:03:11<00:13:00,  0.60it/s, loss=0.0247]
Epoch 35:  20%|##........| 118/585 [00:03:16<00:12:57,  0.60it/s, loss=0.0247]
Epoch 35:  21%|##........| 121/585 [00:03:21<00:12:54,  0.60it/s, loss=0.0247]
Epoch 35:  21%|##........| 125/585 [00:03:28<00:12:47,  0.60it/s, loss=0.0248]
Epoch 35:  22%|##........| 129/585 [00:03:35<00:12:40,  0.60it/s, loss=0.0247]
Epoch 35:  23%|##........| 132/585 [00:03:40<00:12:35,  0.60it/s, loss=0.0246]
Epoch 35:  23%|##........| 136/585 [00:03:46<00:12:27,  0.60it/s, loss=0.0247]
Epoch 35:  24%|##........| 139/585 [00:03:51<00:12:22,  0.60it/s, loss=0.0247]
Epoch 35:  24%|##........| 143/585 [00:03:57<00:12:15,  0.60it/s, loss=0.0247]
Epoch 35:  25%|##........| 146/585 [00:04:03<00:12:11,  0.60it/s, loss=0.0248]
Epoch 35:  25%|##........| 149/585 [00:04:09<00:12:08,  0.60it/s, loss=0.0248]
Epoch 35:  26%|##........| 153/585 [00:04:15<00:12:00,  0.60it/s, loss=0.0248]
Epoch 35:  27%|##........| 156/585 [00:04:21<00:11:58,  0.60it/s, loss=0.0248]
Epoch 35:  27%|##........| 160/585 [00:04:27<00:11:50,  0.60it/s, loss=0.0247]
Epoch 35:  28%|##........| 164/585 [00:04:33<00:11:41,  0.60it/s, loss=0.0247]
Epoch 35:  29%|##........| 167/585 [00:04:38<00:11:37,  0.60it/s, loss=0.0247]
Epoch 35:  29%|##........| 171/585 [00:04:45<00:11:30,  0.60it/s, loss=0.0246]
Epoch 35:  30%|##........| 175/585 [00:04:51<00:11:22,  0.60it/s, loss=0.0245]
Epoch 35:  31%|###.......| 179/585 [00:04:57<00:11:15,  0.60it/s, loss=0.0245]
Epoch 35:  31%|###.......| 182/585 [00:05:03<00:11:11,  0.60it/s, loss=0.0249]
Epoch 35:  32%|###.......| 186/585 [00:05:09<00:11:03,  0.60it/s, loss=0.0249]
Epoch 35:  32%|###.......| 189/585 [00:05:14<00:10:58,  0.60it/s, loss=0.0249]
Epoch 35:  33%|###.......| 192/585 [00:05:20<00:10:55,  0.60it/s, loss=0.0250]
Epoch 35:  33%|###.......| 195/585 [00:05:25<00:10:51,  0.60it/s, loss=0.0251]
Epoch 35:  34%|###.......| 198/585 [00:05:30<00:10:46,  0.60it/s, loss=0.0251]
Epoch 35:  35%|###.......| 202/585 [00:05:36<00:10:38,  0.60it/s, loss=0.0251]
Epoch 35:  35%|###.......| 206/585 [00:05:43<00:10:31,  0.60it/s, loss=0.0250]
Epoch 35:  36%|###.......| 209/585 [00:05:48<00:10:26,  0.60it/s, loss=0.0250]
Epoch 35:  36%|###.......| 213/585 [00:05:54<00:10:19,  0.60it/s, loss=0.0249]
Epoch 35:  37%|###.......| 216/585 [00:05:59<00:10:14,  0.60it/s, loss=0.0249]
Epoch 35:  37%|###.......| 219/585 [00:06:05<00:10:10,  0.60it/s, loss=0.0249]
Epoch 35:  38%|###.......| 223/585 [00:06:11<00:10:03,  0.60it/s, loss=0.0248]
Epoch 35:  39%|###.......| 226/585 [00:06:16<00:09:58,  0.60it/s, loss=0.0248]
Epoch 35:  39%|###.......| 230/585 [00:06:22<00:09:50,  0.60it/s, loss=0.0248]
Epoch 35:  40%|###.......| 233/585 [00:06:27<00:09:45,  0.60it/s, loss=0.0248]
Epoch 35:  40%|####......| 236/585 [00:06:33<00:09:41,  0.60it/s, loss=0.0248]
Epoch 35:  41%|####......| 240/585 [00:06:39<00:09:34,  0.60it/s, loss=0.0247]
Epoch 35:  42%|####......| 243/585 [00:06:44<00:09:29,  0.60it/s, loss=0.0247]
Epoch 35:  42%|####......| 247/585 [00:06:50<00:09:22,  0.60it/s, loss=0.0247]
Epoch 35:  43%|####......| 250/585 [00:06:56<00:09:17,  0.60it/s, loss=0.0247]
Epoch 35:  43%|####......| 254/585 [00:07:02<00:09:10,  0.60it/s, loss=0.0248]
Epoch 35:  44%|####......| 257/585 [00:07:08<00:09:06,  0.60it/s, loss=0.0248]
Epoch 35:  45%|####......| 261/585 [00:07:14<00:08:58,  0.60it/s, loss=0.0248]
Epoch 35:  45%|####......| 265/585 [00:07:20<00:08:52,  0.60it/s, loss=0.0248]
Epoch 35:  46%|####......| 269/585 [00:07:27<00:08:45,  0.60it/s, loss=0.0248]
Epoch 35:  47%|####......| 273/585 [00:07:34<00:08:39,  0.60it/s, loss=0.0247]
Epoch 35:  47%|####......| 276/585 [00:07:39<00:08:34,  0.60it/s, loss=0.0248]
Epoch 35:  48%|####......| 279/585 [00:07:44<00:08:29,  0.60it/s, loss=0.0248]
Epoch 35:  48%|####......| 282/585 [00:07:50<00:08:25,  0.60it/s, loss=0.0248]
Epoch 35:  49%|####......| 286/585 [00:07:56<00:08:18,  0.60it/s, loss=0.0248]
Epoch 35:  50%|####......| 290/585 [00:08:02<00:08:10,  0.60it/s, loss=0.0248]
Epoch 35:  50%|#####.....| 294/585 [00:08:08<00:08:04,  0.60it/s, loss=0.0248]
Epoch 35:  51%|#####.....| 297/585 [00:08:14<00:07:59,  0.60it/s, loss=0.0248]
Epoch 35:  51%|#####.....| 300/585 [00:08:19<00:07:54,  0.60it/s, loss=0.0248]
Epoch 35:  52%|#####.....| 304/585 [00:08:25<00:07:47,  0.60it/s, loss=0.0248]
Epoch 35:  53%|#####.....| 308/585 [00:08:32<00:07:40,  0.60it/s, loss=0.0247]
Epoch 35:  53%|#####.....| 312/585 [00:08:39<00:07:34,  0.60it/s, loss=0.0248]
Epoch 35:  54%|#####.....| 315/585 [00:08:44<00:07:29,  0.60it/s, loss=0.0248]
Epoch 35:  55%|#####.....| 319/585 [00:08:51<00:07:22,  0.60it/s, loss=0.0248]
Epoch 35:  55%|#####.....| 323/585 [00:08:57<00:07:16,  0.60it/s, loss=0.0248]
Epoch 35:  56%|#####.....| 327/585 [00:09:03<00:07:09,  0.60it/s, loss=0.0249]
Epoch 35:  57%|#####.....| 331/585 [00:09:10<00:07:02,  0.60it/s, loss=0.0251]
Epoch 35:  57%|#####.....| 335/585 [00:09:17<00:06:55,  0.60it/s, loss=0.0250]
Epoch 35:  58%|#####.....| 339/585 [00:09:24<00:06:49,  0.60it/s, loss=0.0251]
Epoch 35:  59%|#####.....| 343/585 [00:09:30<00:06:42,  0.60it/s, loss=0.0251]
Epoch 35:  59%|#####.....| 346/585 [00:09:36<00:06:37,  0.60it/s, loss=0.0251]
Epoch 35:  60%|#####.....| 350/585 [00:09:41<00:06:30,  0.60it/s, loss=0.0251]
Epoch 35:  60%|######....| 353/585 [00:09:46<00:06:25,  0.60it/s, loss=0.0251]
Epoch 35:  61%|######....| 357/585 [00:09:53<00:06:18,  0.60it/s, loss=0.0251]
Epoch 35:  62%|######....| 361/585 [00:09:59<00:06:11,  0.60it/s, loss=0.0251]
Epoch 35:  62%|######....| 364/585 [00:10:04<00:06:07,  0.60it/s, loss=0.0251]
Epoch 35:  63%|######....| 368/585 [00:10:10<00:06:00,  0.60it/s, loss=0.0251]
Epoch 35:  64%|######....| 372/585 [00:10:17<00:05:53,  0.60it/s, loss=0.0251]
Epoch 35:  64%|######....| 376/585 [00:10:23<00:05:46,  0.60it/s, loss=0.0251]
Epoch 35:  65%|######....| 379/585 [00:10:29<00:05:42,  0.60it/s, loss=0.0251]
Epoch 35:  65%|######....| 382/585 [00:10:34<00:05:37,  0.60it/s, loss=0.0252]
Epoch 35:  66%|######....| 386/585 [00:10:41<00:05:30,  0.60it/s, loss=0.0251]
Epoch 35:  67%|######....| 390/585 [00:10:48<00:05:24,  0.60it/s, loss=0.0252]
Epoch 35:  67%|######....| 394/585 [00:10:54<00:05:17,  0.60it/s, loss=0.0252]
Epoch 35:  68%|######....| 398/585 [00:11:00<00:05:10,  0.60it/s, loss=0.0252]
Epoch 35:  69%|######....| 402/585 [00:11:07<00:05:03,  0.60it/s, loss=0.0252]
Epoch 35:  69%|######....| 406/585 [00:11:13<00:04:57,  0.60it/s, loss=0.0252]
Epoch 35:  70%|######....| 409/585 [00:11:19<00:04:52,  0.60it/s, loss=0.0253]
Epoch 35:  70%|#######...| 412/585 [00:11:25<00:04:47,  0.60it/s, loss=0.0253]
Epoch 35:  71%|#######...| 416/585 [00:11:31<00:04:40,  0.60it/s, loss=0.0253]
Epoch 35:  72%|#######...| 419/585 [00:11:36<00:04:35,  0.60it/s, loss=0.0253]
Epoch 35:  72%|#######...| 423/585 [00:11:42<00:04:29,  0.60it/s, loss=0.0253]
Epoch 35:  73%|#######...| 426/585 [00:11:48<00:04:24,  0.60it/s, loss=0.0254]
Epoch 35:  73%|#######...| 429/585 [00:11:53<00:04:19,  0.60it/s, loss=0.0254]
Epoch 35:  74%|#######...| 432/585 [00:11:59<00:04:14,  0.60it/s, loss=0.0254]
Epoch 35:  75%|#######...| 436/585 [00:12:05<00:04:08,  0.60it/s, loss=0.0254]
Epoch 35:  75%|#######...| 439/585 [00:12:10<00:04:03,  0.60it/s, loss=0.0254]
Epoch 35:  76%|#######...| 443/585 [00:12:17<00:03:56,  0.60it/s, loss=0.0253]
Epoch 35:  76%|#######...| 446/585 [00:12:22<00:03:51,  0.60it/s, loss=0.0254]
Epoch 35:  77%|#######...| 450/585 [00:12:29<00:03:44,  0.60it/s, loss=0.0254]
Epoch 35:  77%|#######...| 453/585 [00:12:34<00:03:39,  0.60it/s, loss=0.0254]
Epoch 35:  78%|#######...| 457/585 [00:12:41<00:03:33,  0.60it/s, loss=0.0254]
Epoch 35:  79%|#######...| 460/585 [00:12:46<00:03:28,  0.60it/s, loss=0.0254]
Epoch 35:  79%|#######...| 464/585 [00:12:52<00:03:21,  0.60it/s, loss=0.0253]
Epoch 35:  80%|########..| 468/585 [00:12:59<00:03:14,  0.60it/s, loss=0.0253]
Epoch 35:  81%|########..| 471/585 [00:13:04<00:03:09,  0.60it/s, loss=0.0253]
Epoch 35:  81%|########..| 475/585 [00:13:11<00:03:03,  0.60it/s, loss=0.0253]
Epoch 35:  82%|########..| 479/585 [00:13:17<00:02:56,  0.60it/s, loss=0.0253]
Epoch 35:  83%|########..| 483/585 [00:13:23<00:02:49,  0.60it/s, loss=0.0253]
Epoch 35:  83%|########..| 487/585 [00:13:29<00:02:42,  0.60it/s, loss=0.0253]
Epoch 35:  84%|########..| 491/585 [00:13:35<00:02:36,  0.60it/s, loss=0.0253]
Epoch 35:  84%|########..| 494/585 [00:13:42<00:02:31,  0.60it/s, loss=0.0253]
Epoch 35:  85%|########..| 497/585 [00:13:47<00:02:26,  0.60it/s, loss=0.0252]
Epoch 35:  86%|########..| 501/585 [00:13:53<00:02:19,  0.60it/s, loss=0.0252]
Epoch 35:  86%|########..| 504/585 [00:13:58<00:02:14,  0.60it/s, loss=0.0252]
Epoch 35:  87%|########..| 507/585 [00:14:03<00:02:09,  0.60it/s, loss=0.0252]
Epoch 35:  87%|########..| 510/585 [00:14:08<00:02:04,  0.60it/s, loss=0.0253]
Epoch 35:  88%|########..| 514/585 [00:14:15<00:01:58,  0.60it/s, loss=0.0253]
Epoch 35:  88%|########..| 516/585 [00:14:20<00:01:55,  0.60it/s, loss=0.0253]
Epoch 35:  89%|########..| 520/585 [00:14:26<00:01:48,  0.60it/s, loss=0.0253]
Epoch 35:  89%|########..| 523/585 [00:14:31<00:01:43,  0.60it/s, loss=0.0253]
Epoch 35:  90%|#########.| 527/585 [00:14:37<00:01:36,  0.60it/s, loss=0.0253]
Epoch 35:  91%|#########.| 530/585 [00:14:42<00:01:31,  0.60it/s, loss=0.0253]
Epoch 35:  91%|#########.| 533/585 [00:14:49<00:01:26,  0.60it/s, loss=0.0253]
Epoch 35:  92%|#########.| 536/585 [00:14:54<00:01:21,  0.60it/s, loss=0.0253]
Epoch 35:  92%|#########.| 539/585 [00:15:00<00:01:16,  0.60it/s, loss=0.0252]
Epoch 35:  93%|#########.| 542/585 [00:15:05<00:01:11,  0.60it/s, loss=0.0252]
Epoch 35:  93%|#########.| 545/585 [00:15:11<00:01:06,  0.60it/s, loss=0.0252]
Epoch 35:  94%|#########.| 548/585 [00:15:16<00:01:01,  0.60it/s, loss=0.0252]
Epoch 35:  94%|#########.| 552/585 [00:15:23<00:00:55,  0.60it/s, loss=0.0252]
Epoch 35:  95%|#########.| 555/585 [00:15:28<00:00:50,  0.60it/s, loss=0.0252]
Epoch 35:  96%|#########.| 559/585 [00:15:34<00:00:43,  0.60it/s, loss=0.0252]
Epoch 35:  96%|#########.| 563/585 [00:15:40<00:00:36,  0.60it/s, loss=0.0252]
Epoch 35:  97%|#########.| 567/585 [00:15:46<00:00:30,  0.60it/s, loss=0.0252]
Epoch 35:  97%|#########.| 570/585 [00:15:52<00:00:25,  0.60it/s, loss=0.0252]
Epoch 35:  98%|#########.| 573/585 [00:15:57<00:00:20,  0.60it/s, loss=0.0252]
Epoch 35:  98%|#########.| 576/585 [00:16:02<00:00:15,  0.60it/s, loss=0.0252]
Epoch 35:  99%|#########.| 579/585 [00:16:07<00:00:10,  0.60it/s, loss=0.0252]
Epoch 35: 100%|#########.| 583/585 [00:16:14<00:00:03,  0.60it/s, loss=0.0252]
Epoch 35: 100%|##########| 585/585 [00:16:17<00:00:00,  0.60it/s, loss=0.0252]
Test loss: 0.0230, Test rmsae: 7.17deg
{"event": "epoch_complete", "epoch": 35, "phase": 2, "lr": 1e-05, "batch_size": 10, "micro_batch_size": 1, "train_loss": 0.025234250483922978, "val_loss": 0.022985498537309468, "val_rmsae_deg": 7.1696226596832275, "epoch_time_s": 978.5665108819958}
{"event": "checkpoint_saved", "tag": "best_rmsae", "epoch": 35, "path": "IFAN_Edge/outputs/stage3/ifan_stage3_long80_c8_r2_map_maba_20260516_154535/checkpoints/best_rmsae.pt", "val_rmsae_deg": 7.1696226596832275}
Epoch 36/80:
Epoch 36:   1%|..........| 4/585 [00:00:06<00:15:13,  0.64it/s, loss=0.0226]
Epoch 36:   1%|..........| 8/585 [00:00:12<00:15:19,  0.63it/s, loss=0.0219]
Epoch 36:   2%|..........| 12/585 [00:00:18<00:14:41,  0.65it/s, loss=0.0229]
Epoch 36:   3%|..........| 15/585 [00:00:23<00:15:02,  0.63it/s, loss=0.0233]
Epoch 36:   3%|..........| 19/585 [00:00:29<00:14:52,  0.63it/s, loss=0.0231]
Epoch 36:   4%|..........| 23/585 [00:00:36<00:14:59,  0.63it/s, loss=0.0227]
Epoch 36:   5%|..........| 27/585 [00:00:43<00:14:55,  0.62it/s, loss=0.0230]
Epoch 36:   5%|..........| 31/585 [00:00:49<00:14:43,  0.63it/s, loss=0.0231]
Epoch 36:   6%|..........| 34/585 [00:00:55<00:14:59,  0.61it/s, loss=0.0241]
Epoch 36:   6%|..........| 37/585 [00:01:00<00:15:02,  0.61it/s, loss=0.0245]
Epoch 36:   7%|..........| 40/585 [00:01:07<00:15:20,  0.59it/s, loss=0.0256]
Epoch 36:   7%|..........| 43/585 [00:01:12<00:15:16,  0.59it/s, loss=0.0256]
Epoch 36:   8%|..........| 46/585 [00:01:18<00:15:15,  0.59it/s, loss=0.0257]
Epoch 36:   8%|..........| 49/585 [00:01:23<00:15:16,  0.58it/s, loss=0.0257]
Epoch 36:   9%|..........| 52/585 [00:01:29<00:15:14,  0.58it/s, loss=0.0260]
Epoch 36:   9%|..........| 55/585 [00:01:34<00:15:10,  0.58it/s, loss=0.0259]
Epoch 36:  10%|#.........| 59/585 [00:01:40<00:14:56,  0.59it/s, loss=0.0256]
Epoch 36:  11%|#.........| 62/585 [00:01:46<00:14:57,  0.58it/s, loss=0.0257]
Epoch 36:  11%|#.........| 66/585 [00:01:52<00:14:47,  0.58it/s, loss=0.0257]
Epoch 36:  12%|#.........| 69/585 [00:01:57<00:14:41,  0.59it/s, loss=0.0258]
Epoch 36:  12%|#.........| 73/585 [00:02:04<00:14:33,  0.59it/s, loss=0.0258]
Epoch 36:  13%|#.........| 76/585 [00:02:10<00:14:32,  0.58it/s, loss=0.0260]
Epoch 36:  14%|#.........| 79/585 [00:02:16<00:14:31,  0.58it/s, loss=0.0260]
Epoch 36:  14%|#.........| 83/585 [00:02:22<00:14:24,  0.58it/s, loss=0.0260]
Epoch 36:  15%|#.........| 86/585 [00:02:28<00:14:23,  0.58it/s, loss=0.0260]
Epoch 36:  15%|#.........| 89/585 [00:02:34<00:14:21,  0.58it/s, loss=0.0259]
Epoch 36:  16%|#.........| 93/585 [00:02:41<00:14:13,  0.58it/s, loss=0.0258]
Epoch 36:  17%|#.........| 97/585 [00:02:47<00:14:04,  0.58it/s, loss=0.0257]
Epoch 36:  17%|#.........| 101/585 [00:02:53<00:13:53,  0.58it/s, loss=0.0257]
Epoch 36:  18%|#.........| 105/585 [00:03:00<00:13:43,  0.58it/s, loss=0.0256]
Epoch 36:  18%|#.........| 108/585 [00:03:06<00:13:41,  0.58it/s, loss=0.0259]
Epoch 36:  19%|#.........| 112/585 [00:03:12<00:13:31,  0.58it/s, loss=0.0258]
Epoch 36:  20%|#.........| 116/585 [00:03:18<00:13:22,  0.58it/s, loss=0.0258]
Epoch 36:  20%|##........| 119/585 [00:03:23<00:13:17,  0.58it/s, loss=0.0258]
Epoch 36:  21%|##........| 123/585 [00:03:29<00:13:07,  0.59it/s, loss=0.0257]
Epoch 36:  22%|##........| 127/585 [00:03:35<00:12:57,  0.59it/s, loss=0.0257]
Epoch 36:  22%|##........| 130/585 [00:03:41<00:12:54,  0.59it/s, loss=0.0257]
Epoch 36:  23%|##........| 133/585 [00:03:46<00:12:50,  0.59it/s, loss=0.0257]
Epoch 36:  23%|##........| 137/585 [00:03:53<00:12:43,  0.59it/s, loss=0.0256]
Epoch 36:  24%|##........| 141/585 [00:03:59<00:12:35,  0.59it/s, loss=0.0256]
Epoch 36:  25%|##........| 145/585 [00:04:06<00:12:28,  0.59it/s, loss=0.0256]
Epoch 36:  25%|##........| 149/585 [00:04:12<00:12:18,  0.59it/s, loss=0.0255]
Epoch 36:  26%|##........| 153/585 [00:04:18<00:12:10,  0.59it/s, loss=0.0256]
Epoch 36:  27%|##........| 156/585 [00:04:23<00:12:05,  0.59it/s, loss=0.0256]
Epoch 36:  27%|##........| 160/585 [00:04:29<00:11:56,  0.59it/s, loss=0.0255]
Epoch 36:  28%|##........| 164/585 [00:04:35<00:11:47,  0.59it/s, loss=0.0255]
Epoch 36:  29%|##........| 168/585 [00:04:42<00:11:40,  0.60it/s, loss=0.0254]
Epoch 36:  29%|##........| 172/585 [00:04:48<00:11:33,  0.60it/s, loss=0.0255]
Epoch 36:  30%|###.......| 176/585 [00:04:55<00:11:25,  0.60it/s, loss=0.0253]
Epoch 36:  31%|###.......| 179/585 [00:05:01<00:11:22,  0.59it/s, loss=0.0253]
Epoch 36:  31%|###.......| 182/585 [00:05:06<00:11:17,  0.59it/s, loss=0.0253]
Epoch 36:  32%|###.......| 186/585 [00:05:12<00:11:10,  0.59it/s, loss=0.0252]
Epoch 36:  32%|###.......| 189/585 [00:05:17<00:11:05,  0.59it/s, loss=0.0252]
Epoch 36:  33%|###.......| 192/585 [00:05:23<00:11:01,  0.59it/s, loss=0.0252]
Epoch 36:  34%|###.......| 196/585 [00:05:29<00:10:53,  0.60it/s, loss=0.0251]
Epoch 36:  34%|###.......| 200/585 [00:05:35<00:10:46,  0.60it/s, loss=0.0251]
Epoch 36:  35%|###.......| 204/585 [00:05:42<00:10:39,  0.60it/s, loss=0.0250]
Epoch 36:  35%|###.......| 207/585 [00:05:48<00:10:35,  0.59it/s, loss=0.0250]
Epoch 36:  36%|###.......| 211/585 [00:05:53<00:10:27,  0.60it/s, loss=0.0250]
Epoch 36:  37%|###.......| 215/585 [00:06:00<00:10:20,  0.60it/s, loss=0.0249]
Epoch 36:  37%|###.......| 219/585 [00:06:06<00:10:12,  0.60it/s, loss=0.0249]
Epoch 36:  38%|###.......| 223/585 [00:06:12<00:10:04,  0.60it/s, loss=0.0249]
Epoch 36:  39%|###.......| 227/585 [00:06:18<00:09:57,  0.60it/s, loss=0.0249]
Epoch 36:  39%|###.......| 231/585 [00:06:25<00:09:50,  0.60it/s, loss=0.0249]
Epoch 36:  40%|####......| 234/585 [00:06:30<00:09:46,  0.60it/s, loss=0.0249]
Epoch 36:  41%|####......| 238/585 [00:06:36<00:09:38,  0.60it/s, loss=0.0250]
Epoch 36:  41%|####......| 242/585 [00:06:43<00:09:31,  0.60it/s, loss=0.0250]
Epoch 36:  42%|####......| 246/585 [00:06:50<00:09:25,  0.60it/s, loss=0.0250]
Epoch 36:  43%|####......| 250/585 [00:06:56<00:09:17,  0.60it/s, loss=0.0252]
Epoch 36:  43%|####......| 254/585 [00:07:02<00:09:11,  0.60it/s, loss=0.0252]
Epoch 36:  44%|####......| 257/585 [00:07:08<00:09:06,  0.60it/s, loss=0.0252]
Epoch 36:  44%|####......| 260/585 [00:07:13<00:09:01,  0.60it/s, loss=0.0252]
Epoch 36:  45%|####......| 263/585 [00:07:18<00:08:57,  0.60it/s, loss=0.0252]
Epoch 36:  45%|####......| 266/585 [00:07:24<00:08:52,  0.60it/s, loss=0.0252]
Epoch 36:  46%|####......| 270/585 [00:07:30<00:08:45,  0.60it/s, loss=0.0252]
Epoch 36:  47%|####......| 274/585 [00:07:36<00:08:38,  0.60it/s, loss=0.0252]
Epoch 36:  47%|####......| 277/585 [00:07:42<00:08:34,  0.60it/s, loss=0.0252]
Epoch 36:  48%|####......| 281/585 [00:07:49<00:08:27,  0.60it/s, loss=0.0252]
Epoch 36:  49%|####......| 285/585 [00:07:55<00:08:20,  0.60it/s, loss=0.0252]
Epoch 36:  49%|####......| 289/585 [00:08:02<00:08:13,  0.60it/s, loss=0.0252]
Epoch 36:  50%|#####.....| 293/585 [00:08:08<00:08:06,  0.60it/s, loss=0.0252]
Epoch 36:  51%|#####.....| 296/585 [00:08:13<00:08:02,  0.60it/s, loss=0.0252]
Epoch 36:  51%|#####.....| 300/585 [00:08:19<00:07:54,  0.60it/s, loss=0.0252]
Epoch 36:  52%|#####.....| 303/585 [00:08:25<00:07:50,  0.60it/s, loss=0.0252]
Epoch 36:  52%|#####.....| 306/585 [00:08:30<00:07:45,  0.60it/s, loss=0.0252]
Epoch 36:  53%|#####.....| 310/585 [00:08:37<00:07:38,  0.60it/s, loss=0.0252]
Epoch 36:  54%|#####.....| 314/585 [00:08:43<00:07:31,  0.60it/s, loss=0.0252]
Epoch 36:  54%|#####.....| 318/585 [00:08:49<00:07:24,  0.60it/s, loss=0.0252]
Epoch 36:  55%|#####.....| 322/585 [00:08:55<00:07:17,  0.60it/s, loss=0.0251]
Epoch 36:  56%|#####.....| 326/585 [00:09:02<00:07:11,  0.60it/s, loss=0.0251]
Epoch 36:  56%|#####.....| 330/585 [00:09:09<00:07:04,  0.60it/s, loss=0.0251]
Epoch 36:  57%|#####.....| 334/585 [00:09:15<00:06:57,  0.60it/s, loss=0.0251]
Epoch 36:  58%|#####.....| 338/585 [00:09:21<00:06:50,  0.60it/s, loss=0.0250]
Epoch 36:  58%|#####.....| 341/585 [00:09:26<00:06:45,  0.60it/s, loss=0.0250]
Epoch 36:  59%|#####.....| 344/585 [00:09:31<00:06:40,  0.60it/s, loss=0.0250]
Epoch 36:  59%|#####.....| 347/585 [00:09:36<00:06:35,  0.60it/s, loss=0.0250]
Epoch 36:  60%|######....| 351/585 [00:09:42<00:06:28,  0.60it/s, loss=0.0250]
Epoch 36:  61%|######....| 355/585 [00:09:49<00:06:21,  0.60it/s, loss=0.0250]
Epoch 36:  61%|######....| 358/585 [00:09:55<00:06:17,  0.60it/s, loss=0.0250]
Epoch 36:  62%|######....| 361/585 [00:10:01<00:06:13,  0.60it/s, loss=0.0250]
Epoch 36:  62%|######....| 365/585 [00:10:07<00:06:05,  0.60it/s, loss=0.0250]
Epoch 36:  63%|######....| 368/585 [00:10:12<00:06:01,  0.60it/s, loss=0.0251]
Epoch 36:  64%|######....| 372/585 [00:10:18<00:05:54,  0.60it/s, loss=0.0251]
Epoch 36:  64%|######....| 376/585 [00:10:25<00:05:47,  0.60it/s, loss=0.0251]
Epoch 36:  65%|######....| 379/585 [00:10:30<00:05:42,  0.60it/s, loss=0.0251]
Epoch 36:  65%|######....| 383/585 [00:10:37<00:05:36,  0.60it/s, loss=0.0251]
Epoch 36:  66%|######....| 387/585 [00:10:43<00:05:29,  0.60it/s, loss=0.0251]
Epoch 36:  67%|######....| 391/585 [00:10:50<00:05:22,  0.60it/s, loss=0.0251]
Epoch 36:  67%|######....| 394/585 [00:10:55<00:05:17,  0.60it/s, loss=0.0253]
Epoch 36:  68%|######....| 398/585 [00:11:02<00:05:11,  0.60it/s, loss=0.0253]
Epoch 36:  69%|######....| 402/585 [00:11:09<00:05:04,  0.60it/s, loss=0.0254]
Epoch 36:  69%|######....| 406/585 [00:11:15<00:04:58,  0.60it/s, loss=0.0254]
Epoch 36:  70%|######....| 409/585 [00:11:21<00:04:53,  0.60it/s, loss=0.0254]
Epoch 36:  71%|#######...| 413/585 [00:11:27<00:04:46,  0.60it/s, loss=0.0254]
Epoch 36:  71%|#######...| 416/585 [00:11:32<00:04:41,  0.60it/s, loss=0.0255]
Epoch 36:  72%|#######...| 419/585 [00:11:38<00:04:36,  0.60it/s, loss=0.0255]
Epoch 36:  72%|#######...| 422/585 [00:11:44<00:04:31,  0.60it/s, loss=0.0255]
Epoch 36:  73%|#######...| 426/585 [00:11:51<00:04:25,  0.60it/s, loss=0.0255]
Epoch 36:  74%|#######...| 430/585 [00:11:56<00:04:18,  0.60it/s, loss=0.0255]
Epoch 36:  74%|#######...| 433/585 [00:12:02<00:04:13,  0.60it/s, loss=0.0254]
Epoch 36:  75%|#######...| 436/585 [00:12:08<00:04:08,  0.60it/s, loss=0.0254]
Epoch 36:  75%|#######...| 440/585 [00:12:14<00:04:02,  0.60it/s, loss=0.0254]
Epoch 36:  76%|#######...| 444/585 [00:12:20<00:03:55,  0.60it/s, loss=0.0254]
Epoch 36:  76%|#######...| 447/585 [00:12:25<00:03:50,  0.60it/s, loss=0.0253]
Epoch 36:  77%|#######...| 450/585 [00:12:31<00:03:45,  0.60it/s, loss=0.0254]
Epoch 36:  78%|#######...| 454/585 [00:12:38<00:03:38,  0.60it/s, loss=0.0253]
Epoch 36:  78%|#######...| 457/585 [00:12:43<00:03:33,  0.60it/s, loss=0.0254]
Epoch 36:  79%|#######...| 461/585 [00:12:49<00:03:27,  0.60it/s, loss=0.0253]
Epoch 36:  79%|#######...| 465/585 [00:12:56<00:03:20,  0.60it/s, loss=0.0253]
Epoch 36:  80%|########..| 468/585 [00:13:01<00:03:15,  0.60it/s, loss=0.0253]
Epoch 36:  81%|########..| 471/585 [00:13:06<00:03:10,  0.60it/s, loss=0.0253]
Epoch 36:  81%|########..| 474/585 [00:13:12<00:03:05,  0.60it/s, loss=0.0253]
Epoch 36:  82%|########..| 478/585 [00:13:18<00:02:58,  0.60it/s, loss=0.0253]
Epoch 36:  82%|########..| 481/585 [00:13:24<00:02:53,  0.60it/s, loss=0.0253]
Epoch 36:  83%|########..| 484/585 [00:13:29<00:02:48,  0.60it/s, loss=0.0253]
Epoch 36:  83%|########..| 488/585 [00:13:35<00:02:42,  0.60it/s, loss=0.0253]
Epoch 36:  84%|########..| 492/585 [00:13:41<00:02:35,  0.60it/s, loss=0.0254]
Epoch 36:  85%|########..| 496/585 [00:13:47<00:02:28,  0.60it/s, loss=0.0253]
Epoch 36:  85%|########..| 500/585 [00:13:54<00:02:21,  0.60it/s, loss=0.0253]
Epoch 36:  86%|########..| 504/585 [00:14:00<00:02:15,  0.60it/s, loss=0.0253]
Epoch 36:  87%|########..| 507/585 [00:14:05<00:02:10,  0.60it/s, loss=0.0253]
Epoch 36:  87%|########..| 511/585 [00:14:12<00:02:03,  0.60it/s, loss=0.0253]
Epoch 36:  88%|########..| 514/585 [00:14:17<00:01:58,  0.60it/s, loss=0.0253]
Epoch 36:  89%|########..| 518/585 [00:14:24<00:01:51,  0.60it/s, loss=0.0253]
Epoch 36:  89%|########..| 522/585 [00:14:31<00:01:45,  0.60it/s, loss=0.0253]
Epoch 36:  90%|########..| 526/585 [00:14:37<00:01:38,  0.60it/s, loss=0.0252]
Epoch 36:  91%|#########.| 530/585 [00:14:44<00:01:31,  0.60it/s, loss=0.0254]
Epoch 36:  91%|#########.| 534/585 [00:14:51<00:01:25,  0.60it/s, loss=0.0254]
Epoch 36:  92%|#########.| 538/585 [00:14:57<00:01:18,  0.60it/s, loss=0.0254]
Epoch 36:  93%|#########.| 542/585 [00:15:04<00:01:11,  0.60it/s, loss=0.0253]
Epoch 36:  93%|#########.| 545/585 [00:15:09<00:01:06,  0.60it/s, loss=0.0253]
Epoch 36:  94%|#########.| 548/585 [00:15:14<00:01:01,  0.60it/s, loss=0.0253]
Epoch 36:  94%|#########.| 552/585 [00:15:21<00:00:55,  0.60it/s, loss=0.0253]
Epoch 36:  95%|#########.| 556/585 [00:15:27<00:00:48,  0.60it/s, loss=0.0253]
Epoch 36:  96%|#########.| 560/585 [00:15:34<00:00:41,  0.60it/s, loss=0.0254]
Epoch 36:  96%|#########.| 563/585 [00:15:40<00:00:36,  0.60it/s, loss=0.0254]
Epoch 36:  97%|#########.| 567/585 [00:15:47<00:00:30,  0.60it/s, loss=0.0254]
Epoch 36:  98%|#########.| 571/585 [00:15:53<00:00:23,  0.60it/s, loss=0.0253]
Epoch 36:  98%|#########.| 575/585 [00:15:59<00:00:16,  0.60it/s, loss=0.0253]
Epoch 36:  99%|#########.| 579/585 [00:16:05<00:00:10,  0.60it/s, loss=0.0253]
Epoch 36: 100%|#########.| 583/585 [00:16:12<00:00:03,  0.60it/s, loss=0.0253]
Epoch 36: 100%|##########| 585/585 [00:16:15<00:00:00,  0.60it/s, loss=0.0253]
Test loss: 0.0230, Test rmsae: 7.25deg
{"event": "epoch_complete", "epoch": 36, "phase": 2, "lr": 1e-05, "batch_size": 10, "micro_batch_size": 1, "train_loss": 0.025294197366660477, "val_loss": 0.022992789919953793, "val_rmsae_deg": 7.252993643283844, "epoch_time_s": 976.2109170471085}
Epoch 37/80:
Epoch 37:   1%|..........| 4/585 [00:00:06<00:14:41,  0.66it/s, loss=0.0221]
Epoch 37:   1%|..........| 7/585 [00:00:11<00:15:26,  0.62it/s, loss=0.0266]
Epoch 37:   2%|..........| 10/585 [00:00:16<00:15:34,  0.62it/s, loss=0.0255]
Epoch 37:   2%|..........| 14/585 [00:00:22<00:15:21,  0.62it/s, loss=0.0261]
Epoch 37:   3%|..........| 18/585 [00:00:29<00:15:30,  0.61it/s, loss=0.0252]
Epoch 37:   4%|..........| 22/585 [00:00:35<00:15:14,  0.62it/s, loss=0.0253]
Epoch 37:   4%|..........| 26/585 [00:00:41<00:15:01,  0.62it/s, loss=0.0251]
Epoch 37:   5%|..........| 30/585 [00:00:48<00:14:50,  0.62it/s, loss=0.0252]
Epoch 37:   6%|..........| 33/585 [00:00:53<00:14:49,  0.62it/s, loss=0.0249]
Epoch 37:   6%|..........| 37/585 [00:00:58<00:14:32,  0.63it/s, loss=0.0248]
Epoch 37:   7%|..........| 40/585 [00:01:04<00:14:32,  0.62it/s, loss=0.0249]
Epoch 37:   7%|..........| 43/585 [00:01:09<00:14:36,  0.62it/s, loss=0.0247]
Epoch 37:   8%|..........| 47/585 [00:01:15<00:14:27,  0.62it/s, loss=0.0247]
Epoch 37:   9%|..........| 51/585 [00:01:22<00:14:20,  0.62it/s, loss=0.0248]
Epoch 37:   9%|..........| 54/585 [00:01:27<00:14:23,  0.62it/s, loss=0.0249]
Epoch 37:  10%|..........| 58/585 [00:01:34<00:14:16,  0.62it/s, loss=0.0249]
Epoch 37:  11%|#.........| 62/585 [00:01:40<00:14:09,  0.62it/s, loss=0.0250]
Epoch 37:  11%|#.........| 66/585 [00:01:47<00:14:02,  0.62it/s, loss=0.0251]
Epoch 37:  12%|#.........| 69/585 [00:01:52<00:13:58,  0.62it/s, loss=0.0251]
Epoch 37:  12%|#.........| 73/585 [00:01:58<00:13:52,  0.62it/s, loss=0.0251]
Epoch 37:  13%|#.........| 77/585 [00:02:04<00:13:40,  0.62it/s, loss=0.0248]
Epoch 37:  14%|#.........| 81/585 [00:02:10<00:13:34,  0.62it/s, loss=0.0252]
Epoch 37:  14%|#.........| 84/585 [00:02:16<00:13:31,  0.62it/s, loss=0.0250]
Epoch 37:  15%|#.........| 88/585 [00:02:22<00:13:22,  0.62it/s, loss=0.0250]
Epoch 37:  16%|#.........| 91/585 [00:02:27<00:13:19,  0.62it/s, loss=0.0250]
Epoch 37:  16%|#.........| 94/585 [00:02:32<00:13:17,  0.62it/s, loss=0.0249]
Epoch 37:  17%|#.........| 97/585 [00:02:38<00:13:18,  0.61it/s, loss=0.0250]
Epoch 37:  17%|#.........| 101/585 [00:02:44<00:13:09,  0.61it/s, loss=0.0251]
Epoch 37:  18%|#.........| 105/585 [00:02:50<00:13:00,  0.62it/s, loss=0.0251]
Epoch 37:  19%|#.........| 109/585 [00:02:57<00:12:53,  0.62it/s, loss=0.0252]
Epoch 37:  19%|#.........| 112/585 [00:03:02<00:12:51,  0.61it/s, loss=0.0252]
Epoch 37:  20%|#.........| 116/585 [00:03:09<00:12:45,  0.61it/s, loss=0.0253]
Epoch 37:  21%|##........| 120/585 [00:03:15<00:12:37,  0.61it/s, loss=0.0253]
Epoch 37:  21%|##........| 124/585 [00:03:21<00:12:29,  0.62it/s, loss=0.0253]
Epoch 37:  22%|##........| 128/585 [00:03:27<00:12:21,  0.62it/s, loss=0.0252]
Epoch 37:  23%|##........| 132/585 [00:03:34<00:12:16,  0.62it/s, loss=0.0252]
Epoch 37:  23%|##........| 135/585 [00:03:39<00:12:11,  0.62it/s, loss=0.0252]
Epoch 37:  24%|##........| 139/585 [00:03:45<00:12:03,  0.62it/s, loss=0.0251]
Epoch 37:  24%|##........| 143/585 [00:03:51<00:11:56,  0.62it/s, loss=0.0250]
Epoch 37:  25%|##........| 147/585 [00:03:57<00:11:48,  0.62it/s, loss=0.0250]
Epoch 37:  26%|##........| 150/585 [00:04:02<00:11:44,  0.62it/s, loss=0.0250]
Epoch 37:  26%|##........| 153/585 [00:04:08<00:11:40,  0.62it/s, loss=0.0250]
Epoch 37:  27%|##........| 157/585 [00:04:14<00:11:34,  0.62it/s, loss=0.0249]
Epoch 37:  27%|##........| 160/585 [00:04:20<00:11:30,  0.62it/s, loss=0.0250]
Epoch 37:  28%|##........| 163/585 [00:04:25<00:11:26,  0.61it/s, loss=0.0250]
Epoch 37:  29%|##........| 167/585 [00:04:31<00:11:20,  0.61it/s, loss=0.0249]
Epoch 37:  29%|##........| 170/585 [00:04:37<00:11:17,  0.61it/s, loss=0.0250]
Epoch 37:  30%|##........| 174/585 [00:04:43<00:11:09,  0.61it/s, loss=0.0250]
Epoch 37:  30%|###.......| 178/585 [00:04:50<00:11:03,  0.61it/s, loss=0.0249]
Epoch 37:  31%|###.......| 181/585 [00:04:55<00:10:59,  0.61it/s, loss=0.0249]
Epoch 37:  31%|###.......| 184/585 [00:05:00<00:10:54,  0.61it/s, loss=0.0249]
Epoch 37:  32%|###.......| 187/585 [00:05:05<00:10:50,  0.61it/s, loss=0.0250]
Epoch 37:  33%|###.......| 191/585 [00:05:12<00:10:44,  0.61it/s, loss=0.0250]
Epoch 37:  33%|###.......| 195/585 [00:05:18<00:10:36,  0.61it/s, loss=0.0249]
Epoch 37:  34%|###.......| 199/585 [00:05:25<00:10:30,  0.61it/s, loss=0.0249]
Epoch 37:  35%|###.......| 203/585 [00:05:30<00:10:22,  0.61it/s, loss=0.0250]
Epoch 37:  35%|###.......| 207/585 [00:05:37<00:10:16,  0.61it/s, loss=0.0249]
Epoch 37:  36%|###.......| 211/585 [00:05:43<00:10:09,  0.61it/s, loss=0.0249]
Epoch 37:  37%|###.......| 215/585 [00:05:50<00:10:02,  0.61it/s, loss=0.0249]
Epoch 37:  37%|###.......| 218/585 [00:05:55<00:09:58,  0.61it/s, loss=0.0249]
Epoch 37:  38%|###.......| 221/585 [00:06:00<00:09:54,  0.61it/s, loss=0.0250]
Epoch 37:  38%|###.......| 224/585 [00:06:06<00:09:49,  0.61it/s, loss=0.0249]
Epoch 37:  39%|###.......| 228/585 [00:06:12<00:09:42,  0.61it/s, loss=0.0249]
Epoch 37:  39%|###.......| 231/585 [00:06:17<00:09:38,  0.61it/s, loss=0.0249]
Epoch 37:  40%|####......| 235/585 [00:06:23<00:09:30,  0.61it/s, loss=0.0249]
Epoch 37:  41%|####......| 239/585 [00:06:29<00:09:23,  0.61it/s, loss=0.0248]
Epoch 37:  42%|####......| 243/585 [00:06:36<00:09:17,  0.61it/s, loss=0.0249]
Epoch 37:  42%|####......| 247/585 [00:06:42<00:09:10,  0.61it/s, loss=0.0248]
Epoch 37:  43%|####......| 250/585 [00:06:48<00:09:06,  0.61it/s, loss=0.0248]
Epoch 37:  43%|####......| 254/585 [00:06:54<00:09:00,  0.61it/s, loss=0.0248]
Epoch 37:  44%|####......| 258/585 [00:07:01<00:08:53,  0.61it/s, loss=0.0248]
Epoch 37:  45%|####......| 261/585 [00:07:06<00:08:49,  0.61it/s, loss=0.0248]
Epoch 37:  45%|####......| 264/585 [00:07:11<00:08:44,  0.61it/s, loss=0.0248]
Epoch 37:  46%|####......| 268/585 [00:07:17<00:08:37,  0.61it/s, loss=0.0248]
Epoch 37:  46%|####......| 271/585 [00:07:23<00:08:33,  0.61it/s, loss=0.0248]
Epoch 37:  47%|####......| 274/585 [00:07:29<00:08:30,  0.61it/s, loss=0.0248]
Epoch 37:  48%|####......| 278/585 [00:07:35<00:08:23,  0.61it/s, loss=0.0247]
Epoch 37:  48%|####......| 282/585 [00:07:41<00:08:16,  0.61it/s, loss=0.0247]
Epoch 37:  49%|####......| 285/585 [00:07:47<00:08:11,  0.61it/s, loss=0.0247]
Epoch 37:  49%|####......| 289/585 [00:07:54<00:08:06,  0.61it/s, loss=0.0247]
Epoch 37:  50%|#####.....| 293/585 [00:08:00<00:07:59,  0.61it/s, loss=0.0247]
Epoch 37:  51%|#####.....| 296/585 [00:08:06<00:07:54,  0.61it/s, loss=0.0247]
Epoch 37:  51%|#####.....| 300/585 [00:08:12<00:07:47,  0.61it/s, loss=0.0248]
Epoch 37:  52%|#####.....| 303/585 [00:08:17<00:07:42,  0.61it/s, loss=0.0248]
Epoch 37:  52%|#####.....| 307/585 [00:08:24<00:07:36,  0.61it/s, loss=0.0248]
Epoch 37:  53%|#####.....| 311/585 [00:08:30<00:07:29,  0.61it/s, loss=0.0248]
Epoch 37:  54%|#####.....| 314/585 [00:08:35<00:07:25,  0.61it/s, loss=0.0248]
Epoch 37:  54%|#####.....| 317/585 [00:08:41<00:07:20,  0.61it/s, loss=0.0248]
Epoch 37:  55%|#####.....| 321/585 [00:08:47<00:07:13,  0.61it/s, loss=0.0249]
Epoch 37:  56%|#####.....| 325/585 [00:08:54<00:07:07,  0.61it/s, loss=0.0248]
Epoch 37:  56%|#####.....| 328/585 [00:08:59<00:07:02,  0.61it/s, loss=0.0248]
Epoch 37:  57%|#####.....| 332/585 [00:09:05<00:06:55,  0.61it/s, loss=0.0248]
Epoch 37:  57%|#####.....| 336/585 [00:09:11<00:06:48,  0.61it/s, loss=0.0248]
Epoch 37:  58%|#####.....| 340/585 [00:09:17<00:06:42,  0.61it/s, loss=0.0249]
Epoch 37:  59%|#####.....| 344/585 [00:09:24<00:06:35,  0.61it/s, loss=0.0249]
Epoch 37:  59%|#####.....| 348/585 [00:09:30<00:06:28,  0.61it/s, loss=0.0249]
Epoch 37:  60%|######....| 352/585 [00:09:37<00:06:22,  0.61it/s, loss=0.0248]
Epoch 37:  61%|######....| 356/585 [00:09:43<00:06:15,  0.61it/s, loss=0.0248]
Epoch 37:  62%|######....| 360/585 [00:09:50<00:06:08,  0.61it/s, loss=0.0248]
Epoch 37:  62%|######....| 363/585 [00:09:55<00:06:04,  0.61it/s, loss=0.0249]
Epoch 37:  63%|######....| 367/585 [00:10:02<00:05:57,  0.61it/s, loss=0.0248]
Epoch 37:  63%|######....| 370/585 [00:10:07<00:05:53,  0.61it/s, loss=0.0248]
Epoch 37:  64%|######....| 374/585 [00:10:14<00:05:46,  0.61it/s, loss=0.0248]
Epoch 37:  65%|######....| 378/585 [00:10:20<00:05:40,  0.61it/s, loss=0.0248]
Epoch 37:  65%|######....| 382/585 [00:10:27<00:05:33,  0.61it/s, loss=0.0248]
Epoch 37:  66%|######....| 385/585 [00:10:32<00:05:28,  0.61it/s, loss=0.0248]
Epoch 37:  66%|######....| 389/585 [00:10:38<00:05:21,  0.61it/s, loss=0.0248]
Epoch 37:  67%|######....| 393/585 [00:10:44<00:05:15,  0.61it/s, loss=0.0248]
Epoch 37:  68%|######....| 396/585 [00:10:50<00:05:10,  0.61it/s, loss=0.0248]
Epoch 37:  68%|######....| 399/585 [00:10:55<00:05:05,  0.61it/s, loss=0.0248]
Epoch 37:  69%|######....| 403/585 [00:11:01<00:04:58,  0.61it/s, loss=0.0248]
Epoch 37:  70%|######....| 407/585 [00:11:08<00:04:52,  0.61it/s, loss=0.0248]
Epoch 37:  70%|#######...| 410/585 [00:11:13<00:04:47,  0.61it/s, loss=0.0248]
Epoch 37:  71%|#######...| 413/585 [00:11:19<00:04:42,  0.61it/s, loss=0.0248]
Epoch 37:  71%|#######...| 416/585 [00:11:24<00:04:38,  0.61it/s, loss=0.0248]
Epoch 37:  72%|#######...| 419/585 [00:11:29<00:04:33,  0.61it/s, loss=0.0248]
Epoch 37:  72%|#######...| 423/585 [00:11:36<00:04:26,  0.61it/s, loss=0.0247]
Epoch 37:  73%|#######...| 426/585 [00:11:41<00:04:21,  0.61it/s, loss=0.0247]
Epoch 37:  74%|#######...| 430/585 [00:11:47<00:04:15,  0.61it/s, loss=0.0248]
Epoch 37:  74%|#######...| 434/585 [00:11:53<00:04:08,  0.61it/s, loss=0.0248]
Epoch 37:  75%|#######...| 438/585 [00:12:00<00:04:01,  0.61it/s, loss=0.0248]
Epoch 37:  76%|#######...| 442/585 [00:12:06<00:03:55,  0.61it/s, loss=0.0248]
Epoch 37:  76%|#######...| 445/585 [00:12:12<00:03:50,  0.61it/s, loss=0.0249]
Epoch 37:  77%|#######...| 448/585 [00:12:19<00:03:46,  0.61it/s, loss=0.0249]
Epoch 37:  77%|#######...| 451/585 [00:12:24<00:03:41,  0.61it/s, loss=0.0249]
Epoch 37:  78%|#######...| 454/585 [00:12:29<00:03:36,  0.61it/s, loss=0.0248]
Epoch 37:  78%|#######...| 458/585 [00:12:35<00:03:29,  0.61it/s, loss=0.0249]
Epoch 37:  79%|#######...| 461/585 [00:12:40<00:03:24,  0.61it/s, loss=0.0249]
Epoch 37:  79%|#######...| 465/585 [00:12:47<00:03:18,  0.61it/s, loss=0.0249]
Epoch 37:  80%|########..| 468/585 [00:12:52<00:03:13,  0.61it/s, loss=0.0249]
Epoch 37:  81%|########..| 472/585 [00:12:58<00:03:06,  0.61it/s, loss=0.0250]
Epoch 37:  81%|########..| 475/585 [00:13:04<00:03:01,  0.61it/s, loss=0.0250]
Epoch 37:  82%|########..| 479/585 [00:13:10<00:02:54,  0.61it/s, loss=0.0250]
Epoch 37:  83%|########..| 483/585 [00:13:15<00:02:48,  0.61it/s, loss=0.0250]
Epoch 37:  83%|########..| 486/585 [00:13:21<00:02:43,  0.61it/s, loss=0.0250]
Epoch 37:  84%|########..| 490/585 [00:13:27<00:02:36,  0.61it/s, loss=0.0249]
Epoch 37:  84%|########..| 494/585 [00:13:34<00:02:30,  0.61it/s, loss=0.0249]
Epoch 37:  85%|########..| 497/585 [00:13:39<00:02:25,  0.61it/s, loss=0.0249]
Epoch 37:  86%|########..| 501/585 [00:13:45<00:02:18,  0.61it/s, loss=0.0249]
Epoch 37:  86%|########..| 504/585 [00:13:51<00:02:13,  0.61it/s, loss=0.0250]
Epoch 37:  87%|########..| 507/585 [00:13:57<00:02:08,  0.61it/s, loss=0.0251]
Epoch 37:  87%|########..| 511/585 [00:14:03<00:02:02,  0.61it/s, loss=0.0251]
Epoch 37:  88%|########..| 515/585 [00:14:10<00:01:55,  0.61it/s, loss=0.0251]
Epoch 37:  89%|########..| 519/585 [00:14:16<00:01:48,  0.61it/s, loss=0.0250]
Epoch 37:  89%|########..| 523/585 [00:14:22<00:01:42,  0.61it/s, loss=0.0251]
Epoch 37:  90%|#########.| 527/585 [00:14:29<00:01:35,  0.61it/s, loss=0.0250]
Epoch 37:  91%|#########.| 530/585 [00:14:34<00:01:30,  0.61it/s, loss=0.0251]
Epoch 37:  91%|#########.| 534/585 [00:14:40<00:01:24,  0.61it/s, loss=0.0252]
Epoch 37:  92%|#########.| 538/585 [00:14:46<00:01:17,  0.61it/s, loss=0.0251]
Epoch 37:  93%|#########.| 542/585 [00:14:53<00:01:10,  0.61it/s, loss=0.0252]
Epoch 37:  93%|#########.| 546/585 [00:14:59<00:01:04,  0.61it/s, loss=0.0251]
Epoch 37:  94%|#########.| 550/585 [00:15:06<00:00:57,  0.61it/s, loss=0.0251]
Epoch 37:  95%|#########.| 553/585 [00:15:11<00:00:52,  0.61it/s, loss=0.0251]
Epoch 37:  95%|#########.| 557/585 [00:15:17<00:00:46,  0.61it/s, loss=0.0251]
Epoch 37:  96%|#########.| 560/585 [00:15:22<00:00:41,  0.61it/s, loss=0.0251]
Epoch 37:  96%|#########.| 564/585 [00:15:28<00:00:34,  0.61it/s, loss=0.0251]
Epoch 37:  97%|#########.| 567/585 [00:15:34<00:00:29,  0.61it/s, loss=0.0251]
Epoch 37:  98%|#########.| 571/585 [00:15:40<00:00:23,  0.61it/s, loss=0.0251]
Epoch 37:  98%|#########.| 575/585 [00:15:46<00:00:16,  0.61it/s, loss=0.0251]
Epoch 37:  99%|#########.| 579/585 [00:15:53<00:00:09,  0.61it/s, loss=0.0251]
Epoch 37:  99%|#########.| 582/585 [00:15:59<00:00:04,  0.61it/s, loss=0.0251]
Epoch 37: 100%|##########| 585/585 [00:16:04<00:00:00,  0.61it/s, loss=0.0251]
Test loss: 0.0230, Test rmsae: 7.22deg
{"event": "epoch_complete", "epoch": 37, "phase": 2, "lr": 1e-05, "batch_size": 10, "micro_batch_size": 1, "train_loss": 0.025061154865428932, "val_loss": 0.02296563086565584, "val_rmsae_deg": 7.223593473434448, "epoch_time_s": 965.6995406459318}
Epoch 38/80:
Epoch 38:   1%|..........| 4/585 [00:00:06<00:15:21,  0.63it/s, loss=0.0284]
Epoch 38:   1%|..........| 8/585 [00:00:12<00:14:42,  0.65it/s, loss=0.0257]
Epoch 38:   2%|..........| 11/585 [00:00:18<00:15:39,  0.61it/s, loss=0.0262]
Epoch 38:   3%|..........| 15/585 [00:00:24<00:15:28,  0.61it/s, loss=0.0244]
Epoch 38:   3%|..........| 18/585 [00:00:29<00:15:27,  0.61it/s, loss=0.0236]
Epoch 38:   4%|..........| 22/585 [00:00:35<00:15:06,  0.62it/s, loss=0.0234]
Epoch 38:   4%|..........| 26/585 [00:00:41<00:14:55,  0.62it/s, loss=0.0233]
Epoch 38:   5%|..........| 30/585 [00:00:48<00:14:59,  0.62it/s, loss=0.0242]
Epoch 38:   6%|..........| 34/585 [00:00:54<00:14:51,  0.62it/s, loss=0.0240]
Epoch 38:   6%|..........| 37/585 [00:01:00<00:14:51,  0.61it/s, loss=0.0240]
Epoch 38:   7%|..........| 40/585 [00:01:05<00:14:53,  0.61it/s, loss=0.0241]
Epoch 38:   8%|..........| 44/585 [00:01:11<00:14:44,  0.61it/s, loss=0.0242]
Epoch 38:   8%|..........| 48/585 [00:01:18<00:14:34,  0.61it/s, loss=0.0242]
Epoch 38:   9%|..........| 52/585 [00:01:24<00:14:25,  0.62it/s, loss=0.0243]
Epoch 38:   9%|..........| 55/585 [00:01:30<00:14:28,  0.61it/s, loss=0.0255]
Epoch 38:  10%|..........| 58/585 [00:01:35<00:14:25,  0.61it/s, loss=0.0256]
Epoch 38:  10%|#.........| 61/585 [00:01:40<00:14:21,  0.61it/s, loss=0.0256]
Epoch 38:  11%|#.........| 64/585 [00:01:45<00:14:20,  0.61it/s, loss=0.0254]
Epoch 38:  12%|#.........| 68/585 [00:01:51<00:14:10,  0.61it/s, loss=0.0252]
Epoch 38:  12%|#.........| 72/585 [00:01:59<00:14:09,  0.60it/s, loss=0.0250]
Epoch 38:  13%|#.........| 75/585 [00:02:05<00:14:11,  0.60it/s, loss=0.0250]
Epoch 38:  14%|#.........| 79/585 [00:02:12<00:14:06,  0.60it/s, loss=0.0250]
Epoch 38:  14%|#.........| 83/585 [00:02:18<00:13:59,  0.60it/s, loss=0.0249]
Epoch 38:  15%|#.........| 87/585 [00:02:25<00:13:53,  0.60it/s, loss=0.0249]
Epoch 38:  16%|#.........| 91/585 [00:02:31<00:13:44,  0.60it/s, loss=0.0249]
Epoch 38:  16%|#.........| 94/585 [00:02:37<00:13:42,  0.60it/s, loss=0.0249]
Epoch 38:  17%|#.........| 98/585 [00:02:43<00:13:33,  0.60it/s, loss=0.0248]
Epoch 38:  17%|#.........| 101/585 [00:02:48<00:13:29,  0.60it/s, loss=0.0247]
Epoch 38:  18%|#.........| 105/585 [00:02:55<00:13:24,  0.60it/s, loss=0.0249]
Epoch 38:  18%|#.........| 108/585 [00:03:01<00:13:22,  0.59it/s, loss=0.0250]
Epoch 38:  19%|#.........| 112/585 [00:03:07<00:13:12,  0.60it/s, loss=0.0249]
Epoch 38:  20%|#.........| 116/585 [00:03:14<00:13:05,  0.60it/s, loss=0.0249]
Epoch 38:  20%|##........| 119/585 [00:03:19<00:13:00,  0.60it/s, loss=0.0248]
Epoch 38:  21%|##........| 123/585 [00:03:25<00:12:52,  0.60it/s, loss=0.0249]
Epoch 38:  22%|##........| 127/585 [00:03:32<00:12:46,  0.60it/s, loss=0.0248]
Epoch 38:  22%|##........| 131/585 [00:03:39<00:12:40,  0.60it/s, loss=0.0248]
Epoch 38:  23%|##........| 134/585 [00:03:45<00:12:38,  0.59it/s, loss=0.0248]
Epoch 38:  23%|##........| 137/585 [00:03:50<00:12:33,  0.59it/s, loss=0.0248]
Epoch 38:  24%|##........| 141/585 [00:03:56<00:12:23,  0.60it/s, loss=0.0249]
Epoch 38:  25%|##........| 145/585 [00:04:03<00:12:17,  0.60it/s, loss=0.0248]
Epoch 38:  25%|##........| 149/585 [00:04:09<00:12:09,  0.60it/s, loss=0.0248]
Epoch 38:  26%|##........| 153/585 [00:04:15<00:12:00,  0.60it/s, loss=0.0247]
Epoch 38:  27%|##........| 156/585 [00:04:20<00:11:57,  0.60it/s, loss=0.0247]
Epoch 38:  27%|##........| 160/585 [00:04:26<00:11:48,  0.60it/s, loss=0.0246]
Epoch 38:  28%|##........| 163/585 [00:04:32<00:11:44,  0.60it/s, loss=0.0246]
Epoch 38:  29%|##........| 167/585 [00:04:38<00:11:36,  0.60it/s, loss=0.0246]
Epoch 38:  29%|##........| 171/585 [00:04:44<00:11:29,  0.60it/s, loss=0.0246]
Epoch 38:  30%|##........| 174/585 [00:04:49<00:11:24,  0.60it/s, loss=0.0245]
Epoch 38:  30%|###.......| 178/585 [00:04:56<00:11:17,  0.60it/s, loss=0.0246]
Epoch 38:  31%|###.......| 182/585 [00:05:02<00:11:09,  0.60it/s, loss=0.0246]
Epoch 38:  32%|###.......| 185/585 [00:05:08<00:11:06,  0.60it/s, loss=0.0246]
Epoch 38:  32%|###.......| 188/585 [00:05:13<00:11:01,  0.60it/s, loss=0.0246]
Epoch 38:  33%|###.......| 192/585 [00:05:20<00:10:55,  0.60it/s, loss=0.0247]
Epoch 38:  34%|###.......| 196/585 [00:05:26<00:10:48,  0.60it/s, loss=0.0247]
Epoch 38:  34%|###.......| 200/585 [00:05:33<00:10:41,  0.60it/s, loss=0.0248]
Epoch 38:  35%|###.......| 204/585 [00:05:39<00:10:34,  0.60it/s, loss=0.0247]
Epoch 38:  35%|###.......| 207/585 [00:05:44<00:10:29,  0.60it/s, loss=0.0247]
Epoch 38:  36%|###.......| 211/585 [00:05:50<00:10:21,  0.60it/s, loss=0.0246]
Epoch 38:  37%|###.......| 215/585 [00:05:57<00:10:15,  0.60it/s, loss=0.0246]
Epoch 38:  37%|###.......| 219/585 [00:06:03<00:10:07,  0.60it/s, loss=0.0245]
Epoch 38:  38%|###.......| 223/585 [00:06:10<00:10:01,  0.60it/s, loss=0.0246]
Epoch 38:  39%|###.......| 227/585 [00:06:16<00:09:54,  0.60it/s, loss=0.0245]
Epoch 38:  39%|###.......| 231/585 [00:06:23<00:09:46,  0.60it/s, loss=0.0245]
Epoch 38:  40%|####......| 234/585 [00:06:28<00:09:43,  0.60it/s, loss=0.0246]
Epoch 38:  41%|####......| 237/585 [00:06:34<00:09:39,  0.60it/s, loss=0.0247]
Epoch 38:  41%|####......| 241/585 [00:06:41<00:09:32,  0.60it/s, loss=0.0246]
Epoch 38:  42%|####......| 244/585 [00:06:47<00:09:29,  0.60it/s, loss=0.0246]
Epoch 38:  42%|####......| 248/585 [00:06:53<00:09:22,  0.60it/s, loss=0.0246]
Epoch 38:  43%|####......| 252/585 [00:07:00<00:09:15,  0.60it/s, loss=0.0246]
Epoch 38:  44%|####......| 256/585 [00:07:06<00:09:07,  0.60it/s, loss=0.0246]
Epoch 38:  44%|####......| 260/585 [00:07:12<00:09:00,  0.60it/s, loss=0.0246]
Epoch 38:  45%|####......| 264/585 [00:07:18<00:08:52,  0.60it/s, loss=0.0247]
Epoch 38:  46%|####......| 267/585 [00:07:23<00:08:48,  0.60it/s, loss=0.0247]
Epoch 38:  46%|####......| 271/585 [00:07:30<00:08:41,  0.60it/s, loss=0.0247]
Epoch 38:  47%|####......| 275/585 [00:07:36<00:08:34,  0.60it/s, loss=0.0247]
Epoch 38:  48%|####......| 279/585 [00:07:42<00:08:26,  0.60it/s, loss=0.0247]
Epoch 38:  48%|####......| 282/585 [00:07:48<00:08:23,  0.60it/s, loss=0.0247]
Epoch 38:  49%|####......| 285/585 [00:07:53<00:08:18,  0.60it/s, loss=0.0247]
Epoch 38:  49%|####......| 289/585 [00:07:59<00:08:11,  0.60it/s, loss=0.0247]
Epoch 38:  50%|####......| 292/585 [00:08:05<00:08:06,  0.60it/s, loss=0.0246]
Epoch 38:  51%|#####.....| 296/585 [00:08:11<00:07:59,  0.60it/s, loss=0.0246]
Epoch 38:  51%|#####.....| 300/585 [00:08:17<00:07:52,  0.60it/s, loss=0.0246]
Epoch 38:  52%|#####.....| 304/585 [00:08:24<00:07:46,  0.60it/s, loss=0.0246]
Epoch 38:  52%|#####.....| 307/585 [00:08:29<00:07:41,  0.60it/s, loss=0.0246]
Epoch 38:  53%|#####.....| 311/585 [00:08:35<00:07:34,  0.60it/s, loss=0.0246]
Epoch 38:  54%|#####.....| 314/585 [00:08:41<00:07:29,  0.60it/s, loss=0.0246]
Epoch 38:  54%|#####.....| 318/585 [00:08:47<00:07:22,  0.60it/s, loss=0.0247]
Epoch 38:  55%|#####.....| 321/585 [00:08:52<00:07:17,  0.60it/s, loss=0.0247]
Epoch 38:  55%|#####.....| 324/585 [00:08:58<00:07:13,  0.60it/s, loss=0.0248]
Epoch 38:  56%|#####.....| 328/585 [00:09:04<00:07:06,  0.60it/s, loss=0.0247]
Epoch 38:  57%|#####.....| 332/585 [00:09:10<00:06:59,  0.60it/s, loss=0.0247]
Epoch 38:  57%|#####.....| 336/585 [00:09:16<00:06:52,  0.60it/s, loss=0.0247]
Epoch 38:  58%|#####.....| 340/585 [00:09:22<00:06:45,  0.60it/s, loss=0.0247]
Epoch 38:  59%|#####.....| 343/585 [00:09:27<00:06:40,  0.60it/s, loss=0.0247]
Epoch 38:  59%|#####.....| 347/585 [00:09:34<00:06:34,  0.60it/s, loss=0.0247]
Epoch 38:  60%|#####.....| 350/585 [00:09:39<00:06:29,  0.60it/s, loss=0.0247]
Epoch 38:  61%|######....| 354/585 [00:09:46<00:06:22,  0.60it/s, loss=0.0247]
Epoch 38:  61%|######....| 357/585 [00:09:51<00:06:17,  0.60it/s, loss=0.0247]
Epoch 38:  62%|######....| 361/585 [00:09:57<00:06:10,  0.60it/s, loss=0.0247]
Epoch 38:  62%|######....| 365/585 [00:10:03<00:06:03,  0.61it/s, loss=0.0246]
Epoch 38:  63%|######....| 369/585 [00:10:09<00:05:56,  0.61it/s, loss=0.0246]
Epoch 38:  64%|######....| 372/585 [00:10:15<00:05:52,  0.60it/s, loss=0.0249]
Epoch 38:  64%|######....| 376/585 [00:10:21<00:05:45,  0.61it/s, loss=0.0249]
Epoch 38:  65%|######....| 380/585 [00:10:27<00:05:38,  0.61it/s, loss=0.0249]
Epoch 38:  65%|######....| 383/585 [00:10:33<00:05:33,  0.60it/s, loss=0.0248]
Epoch 38:  66%|######....| 386/585 [00:10:38<00:05:28,  0.60it/s, loss=0.0248]
Epoch 38:  67%|######....| 390/585 [00:10:44<00:05:22,  0.60it/s, loss=0.0248]
Epoch 38:  67%|######....| 394/585 [00:10:51<00:05:15,  0.60it/s, loss=0.0248]
Epoch 38:  68%|######....| 398/585 [00:10:57<00:05:08,  0.61it/s, loss=0.0248]
Epoch 38:  69%|######....| 402/585 [00:11:03<00:05:02,  0.61it/s, loss=0.0248]
Epoch 38:  69%|######....| 405/585 [00:11:09<00:04:57,  0.60it/s, loss=0.0248]
Epoch 38:  70%|######....| 409/585 [00:11:16<00:04:50,  0.60it/s, loss=0.0248]
Epoch 38:  71%|#######...| 413/585 [00:11:22<00:04:44,  0.61it/s, loss=0.0248]
Epoch 38:  71%|#######...| 416/585 [00:11:27<00:04:39,  0.60it/s, loss=0.0248]
Epoch 38:  72%|#######...| 419/585 [00:11:33<00:04:34,  0.60it/s, loss=0.0248]
Epoch 38:  72%|#######...| 422/585 [00:11:39<00:04:30,  0.60it/s, loss=0.0248]
Epoch 38:  73%|#######...| 425/585 [00:11:45<00:04:25,  0.60it/s, loss=0.0248]
Epoch 38:  73%|#######...| 429/585 [00:11:52<00:04:18,  0.60it/s, loss=0.0248]
Epoch 38:  74%|#######...| 432/585 [00:11:57<00:04:14,  0.60it/s, loss=0.0248]
Epoch 38:  74%|#######...| 435/585 [00:12:02<00:04:09,  0.60it/s, loss=0.0248]
Epoch 38:  75%|#######...| 438/585 [00:12:07<00:04:04,  0.60it/s, loss=0.0248]
Epoch 38:  76%|#######...| 442/585 [00:12:14<00:03:57,  0.60it/s, loss=0.0248]
Epoch 38:  76%|#######...| 446/585 [00:12:20<00:03:50,  0.60it/s, loss=0.0248]
Epoch 38:  77%|#######...| 450/585 [00:12:27<00:03:44,  0.60it/s, loss=0.0249]
Epoch 38:  78%|#######...| 454/585 [00:12:34<00:03:37,  0.60it/s, loss=0.0249]
Epoch 38:  78%|#######...| 458/585 [00:12:41<00:03:31,  0.60it/s, loss=0.0249]
Epoch 38:  79%|#######...| 461/585 [00:12:46<00:03:26,  0.60it/s, loss=0.0249]
Epoch 38:  79%|#######...| 465/585 [00:12:53<00:03:19,  0.60it/s, loss=0.0248]
Epoch 38:  80%|########..| 469/585 [00:12:59<00:03:12,  0.60it/s, loss=0.0248]
Epoch 38:  81%|########..| 473/585 [00:13:06<00:03:06,  0.60it/s, loss=0.0248]
Epoch 38:  81%|########..| 476/585 [00:13:12<00:03:01,  0.60it/s, loss=0.0248]
Epoch 38:  82%|########..| 479/585 [00:13:17<00:02:56,  0.60it/s, loss=0.0248]
Epoch 38:  83%|########..| 483/585 [00:13:24<00:02:49,  0.60it/s, loss=0.0248]
Epoch 38:  83%|########..| 487/585 [00:13:30<00:02:43,  0.60it/s, loss=0.0248]
Epoch 38:  84%|########..| 491/585 [00:13:36<00:02:36,  0.60it/s, loss=0.0248]
Epoch 38:  85%|########..| 495/585 [00:13:42<00:02:29,  0.60it/s, loss=0.0248]
Epoch 38:  85%|########..| 499/585 [00:13:48<00:02:22,  0.60it/s, loss=0.0248]
Epoch 38:  86%|########..| 502/585 [00:13:53<00:02:17,  0.60it/s, loss=0.0248]
Epoch 38:  86%|########..| 506/585 [00:14:00<00:02:11,  0.60it/s, loss=0.0248]
Epoch 38:  87%|########..| 509/585 [00:14:05<00:02:06,  0.60it/s, loss=0.0248]
Epoch 38:  88%|########..| 512/585 [00:14:10<00:02:01,  0.60it/s, loss=0.0248]
Epoch 38:  88%|########..| 516/585 [00:14:16<00:01:54,  0.60it/s, loss=0.0248]
Epoch 38:  89%|########..| 520/585 [00:14:23<00:01:47,  0.60it/s, loss=0.0248]
Epoch 38:  89%|########..| 523/585 [00:14:29<00:01:43,  0.60it/s, loss=0.0248]
Epoch 38:  90%|#########.| 527/585 [00:14:36<00:01:36,  0.60it/s, loss=0.0248]
Epoch 38:  91%|#########.| 531/585 [00:14:42<00:01:29,  0.60it/s, loss=0.0249]
Epoch 38:  91%|#########.| 534/585 [00:14:48<00:01:24,  0.60it/s, loss=0.0249]
Epoch 38:  92%|#########.| 538/585 [00:14:54<00:01:18,  0.60it/s, loss=0.0249]
Epoch 38:  92%|#########.| 541/585 [00:15:00<00:01:13,  0.60it/s, loss=0.0249]
Epoch 38:  93%|#########.| 545/585 [00:15:07<00:01:06,  0.60it/s, loss=0.0249]
Epoch 38:  94%|#########.| 549/585 [00:15:13<00:00:59,  0.60it/s, loss=0.0249]
Epoch 38:  95%|#########.| 553/585 [00:15:19<00:00:53,  0.60it/s, loss=0.0249]
Epoch 38:  95%|#########.| 557/585 [00:15:26<00:00:46,  0.60it/s, loss=0.0249]
Epoch 38:  96%|#########.| 561/585 [00:15:32<00:00:39,  0.60it/s, loss=0.0249]
Epoch 38:  96%|#########.| 564/585 [00:15:37<00:00:34,  0.60it/s, loss=0.0249]
Epoch 38:  97%|#########.| 568/585 [00:15:44<00:00:28,  0.60it/s, loss=0.0249]
Epoch 38:  98%|#########.| 571/585 [00:15:49<00:00:23,  0.60it/s, loss=0.0248]
Epoch 38:  98%|#########.| 574/585 [00:15:54<00:00:18,  0.60it/s, loss=0.0248]
Epoch 38:  99%|#########.| 578/585 [00:16:01<00:00:11,  0.60it/s, loss=0.0248]
Epoch 38:  99%|#########.| 582/585 [00:16:07<00:00:04,  0.60it/s, loss=0.0248]
Epoch 38: 100%|##########| 585/585 [00:16:12<00:00:00,  0.60it/s, loss=0.0248]
Test loss: 0.0230, Test rmsae: 7.19deg
{"event": "epoch_complete", "epoch": 38, "phase": 2, "lr": 1e-05, "batch_size": 10, "micro_batch_size": 1, "train_loss": 0.02479141960796128, "val_loss": 0.022987842239672318, "val_rmsae_deg": 7.194086536765099, "epoch_time_s": 973.3815858450253}
Epoch 39/80:
Epoch 39:   1%|..........| 4/585 [00:00:06<00:14:41,  0.66it/s, loss=0.0230]
Epoch 39:   1%|..........| 7/585 [00:00:12<00:16:39,  0.58it/s, loss=0.0254]
Epoch 39:   2%|..........| 11/585 [00:00:18<00:16:01,  0.60it/s, loss=0.0238]
Epoch 39:   2%|..........| 14/585 [00:00:23<00:16:07,  0.59it/s, loss=0.0259]
Epoch 39:   3%|..........| 18/585 [00:00:30<00:15:49,  0.60it/s, loss=0.0255]
Epoch 39:   4%|..........| 21/585 [00:00:36<00:16:12,  0.58it/s, loss=0.0256]
Epoch 39:   4%|..........| 25/585 [00:00:42<00:15:48,  0.59it/s, loss=0.0250]
Epoch 39:   5%|..........| 28/585 [00:00:47<00:15:47,  0.59it/s, loss=0.0246]
Epoch 39:   5%|..........| 31/585 [00:00:52<00:15:41,  0.59it/s, loss=0.0247]
Epoch 39:   6%|..........| 35/585 [00:00:59<00:15:31,  0.59it/s, loss=0.0246]
Epoch 39:   7%|..........| 39/585 [00:01:05<00:15:19,  0.59it/s, loss=0.0242]
Epoch 39:   7%|..........| 42/585 [00:01:10<00:15:14,  0.59it/s, loss=0.0243]
Epoch 39:   8%|..........| 45/585 [00:01:17<00:15:27,  0.58it/s, loss=0.0245]
Epoch 39:   8%|..........| 49/585 [00:01:23<00:15:12,  0.59it/s, loss=0.0243]
Epoch 39:   9%|..........| 52/585 [00:01:29<00:15:17,  0.58it/s, loss=0.0244]
Epoch 39:  10%|..........| 56/585 [00:01:35<00:15:02,  0.59it/s, loss=0.0244]
Epoch 39:  10%|#.........| 60/585 [00:01:41<00:14:46,  0.59it/s, loss=0.0245]
Epoch 39:  11%|#.........| 64/585 [00:01:48<00:14:41,  0.59it/s, loss=0.0245]
Epoch 39:  12%|#.........| 68/585 [00:01:54<00:14:34,  0.59it/s, loss=0.0245]
Epoch 39:  12%|#.........| 72/585 [00:02:01<00:14:22,  0.59it/s, loss=0.0243]
Epoch 39:  13%|#.........| 75/585 [00:02:06<00:14:22,  0.59it/s, loss=0.0244]
Epoch 39:  13%|#.........| 78/585 [00:02:12<00:14:19,  0.59it/s, loss=0.0246]
Epoch 39:  14%|#.........| 82/585 [00:02:18<00:14:10,  0.59it/s, loss=0.0244]
Epoch 39:  15%|#.........| 86/585 [00:02:25<00:14:01,  0.59it/s, loss=0.0243]
Epoch 39:  15%|#.........| 90/585 [00:02:31<00:13:52,  0.59it/s, loss=0.0241]
Epoch 39:  16%|#.........| 93/585 [00:02:37<00:13:50,  0.59it/s, loss=0.0241]
Epoch 39:  17%|#.........| 97/585 [00:02:43<00:13:41,  0.59it/s, loss=0.0241]
Epoch 39:  17%|#.........| 101/585 [00:02:49<00:13:33,  0.60it/s, loss=0.0240]
Epoch 39:  18%|#.........| 104/585 [00:02:56<00:13:37,  0.59it/s, loss=0.0242]
Epoch 39:  18%|#.........| 108/585 [00:03:02<00:13:27,  0.59it/s, loss=0.0241]
Epoch 39:  19%|#.........| 112/585 [00:03:09<00:13:18,  0.59it/s, loss=0.0241]
Epoch 39:  20%|#.........| 115/585 [00:03:14<00:13:16,  0.59it/s, loss=0.0244]
Epoch 39:  20%|##........| 118/585 [00:03:19<00:13:11,  0.59it/s, loss=0.0244]
Epoch 39:  21%|##........| 122/585 [00:03:26<00:13:04,  0.59it/s, loss=0.0245]
Epoch 39:  21%|##........| 125/585 [00:03:32<00:13:01,  0.59it/s, loss=0.0245]
Epoch 39:  22%|##........| 128/585 [00:03:37<00:12:57,  0.59it/s, loss=0.0246]
Epoch 39:  22%|##........| 131/585 [00:03:43<00:12:54,  0.59it/s, loss=0.0246]
Epoch 39:  23%|##........| 134/585 [00:03:49<00:12:52,  0.58it/s, loss=0.0245]
Epoch 39:  24%|##........| 138/585 [00:03:55<00:12:44,  0.59it/s, loss=0.0246]
Epoch 39:  24%|##........| 142/585 [00:04:02<00:12:36,  0.59it/s, loss=0.0246]
Epoch 39:  25%|##........| 146/585 [00:04:08<00:12:26,  0.59it/s, loss=0.0246]
Epoch 39:  25%|##........| 149/585 [00:04:13<00:12:21,  0.59it/s, loss=0.0246]
Epoch 39:  26%|##........| 151/585 [00:04:18<00:12:22,  0.58it/s, loss=0.0245]
Epoch 39:  26%|##........| 154/585 [00:04:23<00:12:17,  0.58it/s, loss=0.0244]
Epoch 39:  27%|##........| 158/585 [00:04:29<00:12:08,  0.59it/s, loss=0.0243]
Epoch 39:  28%|##........| 162/585 [00:04:35<00:11:59,  0.59it/s, loss=0.0242]
Epoch 39:  28%|##........| 166/585 [00:04:42<00:11:52,  0.59it/s, loss=0.0242]
Epoch 39:  29%|##........| 169/585 [00:04:47<00:11:47,  0.59it/s, loss=0.0242]
Epoch 39:  29%|##........| 172/585 [00:04:52<00:11:42,  0.59it/s, loss=0.0242]
Epoch 39:  30%|###.......| 176/585 [00:04:58<00:11:33,  0.59it/s, loss=0.0241]
Epoch 39:  31%|###.......| 179/585 [00:05:03<00:11:29,  0.59it/s, loss=0.0241]
Epoch 39:  31%|###.......| 182/585 [00:05:10<00:11:26,  0.59it/s, loss=0.0242]
Epoch 39:  32%|###.......| 186/585 [00:05:16<00:11:18,  0.59it/s, loss=0.0242]
Epoch 39:  32%|###.......| 190/585 [00:05:22<00:11:11,  0.59it/s, loss=0.0241]
Epoch 39:  33%|###.......| 193/585 [00:05:28<00:11:07,  0.59it/s, loss=0.0242]
Epoch 39:  34%|###.......| 197/585 [00:05:35<00:10:59,  0.59it/s, loss=0.0241]
Epoch 39:  34%|###.......| 201/585 [00:05:41<00:10:52,  0.59it/s, loss=0.0242]
Epoch 39:  35%|###.......| 205/585 [00:05:47<00:10:45,  0.59it/s, loss=0.0242]
Epoch 39:  36%|###.......| 208/585 [00:05:53<00:10:40,  0.59it/s, loss=0.0242]
Epoch 39:  36%|###.......| 211/585 [00:05:58<00:10:35,  0.59it/s, loss=0.0242]
Epoch 39:  37%|###.......| 215/585 [00:06:05<00:10:28,  0.59it/s, loss=0.0242]
Epoch 39:  37%|###.......| 219/585 [00:06:11<00:10:21,  0.59it/s, loss=0.0242]
Epoch 39:  38%|###.......| 222/585 [00:06:17<00:10:16,  0.59it/s, loss=0.0242]
Epoch 39:  39%|###.......| 226/585 [00:06:23<00:10:08,  0.59it/s, loss=0.0242]
Epoch 39:  39%|###.......| 230/585 [00:06:29<00:10:01,  0.59it/s, loss=0.0243]
Epoch 39:  40%|####......| 234/585 [00:06:36<00:09:54,  0.59it/s, loss=0.0243]
Epoch 39:  41%|####......| 238/585 [00:06:43<00:09:47,  0.59it/s, loss=0.0245]
Epoch 39:  41%|####......| 242/585 [00:06:49<00:09:40,  0.59it/s, loss=0.0244]
Epoch 39:  42%|####......| 245/585 [00:06:54<00:09:35,  0.59it/s, loss=0.0244]
Epoch 39:  42%|####......| 248/585 [00:07:00<00:09:31,  0.59it/s, loss=0.0244]
Epoch 39:  43%|####......| 251/585 [00:07:05<00:09:26,  0.59it/s, loss=0.0244]
Epoch 39:  43%|####......| 254/585 [00:07:11<00:09:22,  0.59it/s, loss=0.0245]
Epoch 39:  44%|####......| 257/585 [00:07:16<00:09:17,  0.59it/s, loss=0.0245]
Epoch 39:  44%|####......| 260/585 [00:07:22<00:09:13,  0.59it/s, loss=0.0248]
Epoch 39:  45%|####......| 263/585 [00:07:27<00:09:08,  0.59it/s, loss=0.0248]
Epoch 39:  46%|####......| 267/585 [00:07:34<00:09:00,  0.59it/s, loss=0.0249]
Epoch 39:  46%|####......| 271/585 [00:07:40<00:08:53,  0.59it/s, loss=0.0248]
Epoch 39:  47%|####......| 274/585 [00:07:46<00:08:49,  0.59it/s, loss=0.0248]
Epoch 39:  47%|####......| 277/585 [00:07:51<00:08:44,  0.59it/s, loss=0.0248]
Epoch 39:  48%|####......| 280/585 [00:07:57<00:08:39,  0.59it/s, loss=0.0248]
Epoch 39:  48%|####......| 283/585 [00:08:02<00:08:34,  0.59it/s, loss=0.0248]
Epoch 39:  49%|####......| 287/585 [00:08:08<00:08:27,  0.59it/s, loss=0.0248]
Epoch 39:  50%|####......| 290/585 [00:08:14<00:08:22,  0.59it/s, loss=0.0251]
Epoch 39:  50%|#####.....| 294/585 [00:08:19<00:08:14,  0.59it/s, loss=0.0250]
Epoch 39:  51%|#####.....| 296/585 [00:08:24<00:08:13,  0.59it/s, loss=0.0250]
Epoch 39:  51%|#####.....| 299/585 [00:08:30<00:08:08,  0.59it/s, loss=0.0250]
Epoch 39:  52%|#####.....| 302/585 [00:08:36<00:08:03,  0.58it/s, loss=0.0250]
Epoch 39:  52%|#####.....| 306/585 [00:08:42<00:07:56,  0.59it/s, loss=0.0250]
Epoch 39:  53%|#####.....| 310/585 [00:08:48<00:07:48,  0.59it/s, loss=0.0250]
Epoch 39:  54%|#####.....| 313/585 [00:08:55<00:07:45,  0.58it/s, loss=0.0250]
Epoch 39:  54%|#####.....| 316/585 [00:09:00<00:07:39,  0.58it/s, loss=0.0250]
Epoch 39:  55%|#####.....| 319/585 [00:09:05<00:07:34,  0.58it/s, loss=0.0250]
Epoch 39:  55%|#####.....| 322/585 [00:09:10<00:07:29,  0.58it/s, loss=0.0249]
Epoch 39:  56%|#####.....| 325/585 [00:09:16<00:07:25,  0.58it/s, loss=0.0250]
Epoch 39:  56%|#####.....| 329/585 [00:09:22<00:07:17,  0.58it/s, loss=0.0249]
Epoch 39:  57%|#####.....| 332/585 [00:09:28<00:07:13,  0.58it/s, loss=0.0249]
Epoch 39:  57%|#####.....| 335/585 [00:09:34<00:07:08,  0.58it/s, loss=0.0250]
Epoch 39:  58%|#####.....| 338/585 [00:09:39<00:07:03,  0.58it/s, loss=0.0250]
Epoch 39:  58%|#####.....| 341/585 [00:09:44<00:06:58,  0.58it/s, loss=0.0250]
Epoch 39:  59%|#####.....| 344/585 [00:09:49<00:06:53,  0.58it/s, loss=0.0250]
Epoch 39:  59%|#####.....| 347/585 [00:09:54<00:06:47,  0.58it/s, loss=0.0250]
Epoch 39:  60%|######....| 351/585 [00:10:01<00:06:40,  0.58it/s, loss=0.0250]
Epoch 39:  61%|######....| 354/585 [00:10:06<00:06:35,  0.58it/s, loss=0.0250]
Epoch 39:  61%|######....| 358/585 [00:10:12<00:06:28,  0.58it/s, loss=0.0251]
Epoch 39:  62%|######....| 362/585 [00:10:18<00:06:20,  0.59it/s, loss=0.0251]
Epoch 39:  63%|######....| 366/585 [00:10:24<00:06:13,  0.59it/s, loss=0.0251]
Epoch 39:  63%|######....| 369/585 [00:10:30<00:06:08,  0.59it/s, loss=0.0251]
Epoch 39:  64%|######....| 372/585 [00:10:35<00:06:03,  0.59it/s, loss=0.0252]
Epoch 39:  64%|######....| 376/585 [00:10:41<00:05:56,  0.59it/s, loss=0.0251]
Epoch 39:  65%|######....| 379/585 [00:10:46<00:05:51,  0.59it/s, loss=0.0251]
Epoch 39:  65%|######....| 382/585 [00:10:52<00:05:46,  0.59it/s, loss=0.0251]
Epoch 39:  66%|######....| 386/585 [00:10:59<00:05:40,  0.59it/s, loss=0.0251]
Epoch 39:  67%|######....| 390/585 [00:11:06<00:05:33,  0.59it/s, loss=0.0251]
Epoch 39:  67%|######....| 394/585 [00:11:12<00:05:26,  0.59it/s, loss=0.0251]
Epoch 39:  68%|######....| 398/585 [00:11:19<00:05:19,  0.59it/s, loss=0.0250]
Epoch 39:  69%|######....| 402/585 [00:11:25<00:05:11,  0.59it/s, loss=0.0250]
Epoch 39:  69%|######....| 406/585 [00:11:31<00:05:04,  0.59it/s, loss=0.0250]
Epoch 39:  70%|######....| 409/585 [00:11:36<00:04:59,  0.59it/s, loss=0.0250]
Epoch 39:  71%|#######...| 413/585 [00:11:42<00:04:52,  0.59it/s, loss=0.0250]
Epoch 39:  71%|#######...| 416/585 [00:11:48<00:04:47,  0.59it/s, loss=0.0249]
Epoch 39:  72%|#######...| 419/585 [00:11:53<00:04:42,  0.59it/s, loss=0.0249]
Epoch 39:  72%|#######...| 423/585 [00:11:59<00:04:35,  0.59it/s, loss=0.0249]
Epoch 39:  73%|#######...| 427/585 [00:12:05<00:04:28,  0.59it/s, loss=0.0249]
Epoch 39:  74%|#######...| 430/585 [00:12:11<00:04:23,  0.59it/s, loss=0.0249]
Epoch 39:  74%|#######...| 433/585 [00:12:16<00:04:18,  0.59it/s, loss=0.0249]
Epoch 39:  75%|#######...| 437/585 [00:12:23<00:04:11,  0.59it/s, loss=0.0249]
Epoch 39:  75%|#######...| 441/585 [00:12:29<00:04:04,  0.59it/s, loss=0.0249]
Epoch 39:  76%|#######...| 444/585 [00:12:35<00:03:59,  0.59it/s, loss=0.0249]
Epoch 39:  76%|#######...| 447/585 [00:12:41<00:03:54,  0.59it/s, loss=0.0249]
Epoch 39:  77%|#######...| 451/585 [00:12:47<00:03:47,  0.59it/s, loss=0.0249]
Epoch 39:  78%|#######...| 454/585 [00:12:52<00:03:42,  0.59it/s, loss=0.0249]
Epoch 39:  78%|#######...| 458/585 [00:12:58<00:03:35,  0.59it/s, loss=0.0249]
Epoch 39:  79%|#######...| 461/585 [00:13:03<00:03:30,  0.59it/s, loss=0.0248]
Epoch 39:  79%|#######...| 465/585 [00:13:09<00:03:23,  0.59it/s, loss=0.0248]
Epoch 39:  80%|########..| 468/585 [00:13:15<00:03:18,  0.59it/s, loss=0.0248]
Epoch 39:  81%|########..| 471/585 [00:13:20<00:03:13,  0.59it/s, loss=0.0248]
Epoch 39:  81%|########..| 474/585 [00:13:25<00:03:08,  0.59it/s, loss=0.0248]
Epoch 39:  82%|########..| 478/585 [00:13:31<00:03:01,  0.59it/s, loss=0.0248]
Epoch 39:  82%|########..| 481/585 [00:13:37<00:02:56,  0.59it/s, loss=0.0248]
Epoch 39:  83%|########..| 485/585 [00:13:43<00:02:49,  0.59it/s, loss=0.0248]
Epoch 39:  84%|########..| 489/585 [00:13:49<00:02:42,  0.59it/s, loss=0.0248]
Epoch 39:  84%|########..| 493/585 [00:13:55<00:02:35,  0.59it/s, loss=0.0248]
Epoch 39:  85%|########..| 497/585 [00:14:02<00:02:29,  0.59it/s, loss=0.0249]
Epoch 39:  86%|########..| 501/585 [00:14:09<00:02:22,  0.59it/s, loss=0.0249]
Epoch 39:  86%|########..| 505/585 [00:14:15<00:02:15,  0.59it/s, loss=0.0249]
Epoch 39:  87%|########..| 509/585 [00:14:22<00:02:08,  0.59it/s, loss=0.0249]
Epoch 39:  88%|########..| 512/585 [00:14:28<00:02:03,  0.59it/s, loss=0.0249]
Epoch 39:  88%|########..| 515/585 [00:14:33<00:01:58,  0.59it/s, loss=0.0249]
Epoch 39:  89%|########..| 519/585 [00:14:40<00:01:51,  0.59it/s, loss=0.0248]
Epoch 39:  89%|########..| 522/585 [00:14:45<00:01:46,  0.59it/s, loss=0.0248]
Epoch 39:  90%|########..| 526/585 [00:14:51<00:01:40,  0.59it/s, loss=0.0248]
Epoch 39:  91%|#########.| 530/585 [00:14:57<00:01:33,  0.59it/s, loss=0.0248]
Epoch 39:  91%|#########.| 534/585 [00:15:04<00:01:26,  0.59it/s, loss=0.0248]
Epoch 39:  92%|#########.| 538/585 [00:15:09<00:01:19,  0.59it/s, loss=0.0248]
Epoch 39:  93%|#########.| 542/585 [00:15:15<00:01:12,  0.59it/s, loss=0.0248]
Epoch 39:  93%|#########.| 545/585 [00:15:20<00:01:07,  0.59it/s, loss=0.0248]
Epoch 39:  94%|#########.| 549/585 [00:15:27<00:01:00,  0.59it/s, loss=0.0248]
Epoch 39:  95%|#########.| 553/585 [00:15:33<00:00:54,  0.59it/s, loss=0.0248]
Epoch 39:  95%|#########.| 557/585 [00:15:40<00:00:47,  0.59it/s, loss=0.0248]
Epoch 39:  96%|#########.| 560/585 [00:15:45<00:00:42,  0.59it/s, loss=0.0248]
Epoch 39:  96%|#########.| 564/585 [00:15:52<00:00:35,  0.59it/s, loss=0.0248]
Epoch 39:  97%|#########.| 568/585 [00:15:58<00:00:28,  0.59it/s, loss=0.0248]
Epoch 39:  98%|#########.| 572/585 [00:16:04<00:00:21,  0.59it/s, loss=0.0248]
Epoch 39:  98%|#########.| 576/585 [00:16:10<00:00:15,  0.59it/s, loss=0.0247]
Epoch 39:  99%|#########.| 580/585 [00:16:17<00:00:08,  0.59it/s, loss=0.0247]
Epoch 39: 100%|#########.| 583/585 [00:16:22<00:00:03,  0.59it/s, loss=0.0247]
Epoch 39: 100%|##########| 585/585 [00:16:26<00:00:00,  0.59it/s, loss=0.0247]
Test loss: 0.0230, Test rmsae: 7.27deg
{"event": "epoch_complete", "epoch": 39, "phase": 2, "lr": 1e-05, "batch_size": 10, "micro_batch_size": 1, "train_loss": 0.024721676974087697, "val_loss": 0.022956272878218442, "val_rmsae_deg": 7.2709913700819016, "epoch_time_s": 987.3473232910037}
Epoch 40/80:
Epoch 40:   1%|..........| 3/585 [00:00:05<00:19:11,  0.51it/s, loss=0.0288]
Epoch 40:   1%|..........| 7/585 [00:00:12<00:17:03,  0.56it/s, loss=0.0266]
Epoch 40:   2%|..........| 11/585 [00:00:18<00:15:48,  0.61it/s, loss=0.0257]
Epoch 40:   3%|..........| 15/585 [00:00:24<00:15:23,  0.62it/s, loss=0.0249]
Epoch 40:   3%|..........| 18/585 [00:00:30<00:16:03,  0.59it/s, loss=0.0265]
Epoch 40:   4%|..........| 21/585 [00:00:35<00:15:57,  0.59it/s, loss=0.0261]
Epoch 40:   4%|..........| 24/585 [00:00:41<00:16:12,  0.58it/s, loss=0.0263]
Epoch 40:   5%|..........| 28/585 [00:00:47<00:15:42,  0.59it/s, loss=0.0257]
Epoch 40:   5%|..........| 32/585 [00:00:53<00:15:23,  0.60it/s, loss=0.0251]
Epoch 40:   6%|..........| 36/585 [00:01:00<00:15:16,  0.60it/s, loss=0.0247]
Epoch 40:   7%|..........| 39/585 [00:01:05<00:15:18,  0.59it/s, loss=0.0244]
Epoch 40:   7%|..........| 43/585 [00:01:12<00:15:09,  0.60it/s, loss=0.0243]
Epoch 40:   8%|..........| 47/585 [00:01:17<00:14:52,  0.60it/s, loss=0.0244]
Epoch 40:   9%|..........| 51/585 [00:01:24<00:14:43,  0.60it/s, loss=0.0243]
Epoch 40:   9%|..........| 55/585 [00:01:30<00:14:34,  0.61it/s, loss=0.0245]
Epoch 40:  10%|#.........| 59/585 [00:01:37<00:14:24,  0.61it/s, loss=0.0245]
Epoch 40:  11%|#.........| 62/585 [00:01:42<00:14:24,  0.61it/s, loss=0.0245]
Epoch 40:  11%|#.........| 65/585 [00:01:47<00:14:20,  0.60it/s, loss=0.0244]
Epoch 40:  12%|#.........| 69/585 [00:01:54<00:14:14,  0.60it/s, loss=0.0270]
Epoch 40:  12%|#.........| 73/585 [00:02:01<00:14:11,  0.60it/s, loss=0.0268]
Epoch 40:  13%|#.........| 76/585 [00:02:06<00:14:07,  0.60it/s, loss=0.0267]
Epoch 40:  14%|#.........| 80/585 [00:02:12<00:13:57,  0.60it/s, loss=0.0264]
Epoch 40:  14%|#.........| 84/585 [00:02:18<00:13:48,  0.60it/s, loss=0.0263]
Epoch 40:  15%|#.........| 87/585 [00:02:25<00:13:50,  0.60it/s, loss=0.0263]
Epoch 40:  15%|#.........| 90/585 [00:02:30<00:13:46,  0.60it/s, loss=0.0262]
Epoch 40:  16%|#.........| 94/585 [00:02:37<00:13:41,  0.60it/s, loss=0.0261]
Epoch 40:  17%|#.........| 98/585 [00:02:43<00:13:34,  0.60it/s, loss=0.0261]
Epoch 40:  17%|#.........| 101/585 [00:02:49<00:13:31,  0.60it/s, loss=0.0260]
Epoch 40:  18%|#.........| 105/585 [00:02:55<00:13:23,  0.60it/s, loss=0.0259]
Epoch 40:  18%|#.........| 108/585 [00:03:01<00:13:20,  0.60it/s, loss=0.0258]
Epoch 40:  19%|#.........| 112/585 [00:03:07<00:13:13,  0.60it/s, loss=0.0259]
Epoch 40:  20%|#.........| 115/585 [00:03:12<00:13:08,  0.60it/s, loss=0.0258]
Epoch 40:  20%|##........| 118/585 [00:03:18<00:13:07,  0.59it/s, loss=0.0260]
Epoch 40:  21%|##........| 121/585 [00:03:24<00:13:03,  0.59it/s, loss=0.0260]
Epoch 40:  21%|##........| 124/585 [00:03:29<00:12:59,  0.59it/s, loss=0.0260]
Epoch 40:  22%|##........| 127/585 [00:03:34<00:12:54,  0.59it/s, loss=0.0260]
Epoch 40:  22%|##........| 130/585 [00:03:40<00:12:50,  0.59it/s, loss=0.0260]
Epoch 40:  23%|##........| 134/585 [00:03:46<00:12:42,  0.59it/s, loss=0.0260]
Epoch 40:  24%|##........| 138/585 [00:03:53<00:12:35,  0.59it/s, loss=0.0259]
Epoch 40:  24%|##........| 141/585 [00:03:59<00:12:33,  0.59it/s, loss=0.0258]
Epoch 40:  25%|##........| 144/585 [00:04:04<00:12:30,  0.59it/s, loss=0.0257]
Epoch 40:  25%|##........| 147/585 [00:04:10<00:12:26,  0.59it/s, loss=0.0257]
Epoch 40:  26%|##........| 151/585 [00:04:17<00:12:19,  0.59it/s, loss=0.0256]
Epoch 40:  26%|##........| 155/585 [00:04:24<00:12:13,  0.59it/s, loss=0.0256]
Epoch 40:  27%|##........| 158/585 [00:04:29<00:12:09,  0.59it/s, loss=0.0256]
Epoch 40:  28%|##........| 162/585 [00:04:36<00:12:01,  0.59it/s, loss=0.0255]
Epoch 40:  28%|##........| 166/585 [00:04:42<00:11:53,  0.59it/s, loss=0.0255]
Epoch 40:  29%|##........| 170/585 [00:04:49<00:11:46,  0.59it/s, loss=0.0254]
Epoch 40:  30%|##........| 173/585 [00:04:54<00:11:41,  0.59it/s, loss=0.0257]
Epoch 40:  30%|###.......| 176/585 [00:04:59<00:11:36,  0.59it/s, loss=0.0256]
Epoch 40:  31%|###.......| 180/585 [00:05:05<00:11:27,  0.59it/s, loss=0.0256]
Epoch 40:  31%|###.......| 183/585 [00:05:10<00:11:22,  0.59it/s, loss=0.0256]
Epoch 40:  32%|###.......| 187/585 [00:05:17<00:11:14,  0.59it/s, loss=0.0256]
Traceback (most recent call last):
  File "IFAN_Edge/scripts/train_stage3_ifan.py", line 248, in <module>
    main()
  File "IFAN_Edge/scripts/train_stage3_ifan.py", line 238, in main
    summary = IFANTrainingPipeline(
  File "/home/cmm/icocnn/IFAN_Edge/ifan_edge/training/pipeline.py", line 948, in run
    train_loss = self.train_epoch(
  File "/home/cmm/icocnn/IFAN_Edge/ifan_edge/training/pipeline.py", line 580, in train_epoch
    mic_sig_batch, acoustic_scene_batch = dataset.get_batch(start, stop)
  File "/home/cmm/icocnn/acousticTrackingDataset.py", line 737, in get_batch
    out_list = self[idx]
  File "/home/cmm/icocnn/acousticTrackingDataset.py", line 713, in __getitem__
    acoustic_scene = self.getRandomScene(None)
  File "/home/cmm/icocnn/acousticTrackingDataset.py", line 759, in getRandomScene
    sss_and_vads = [self.sourceDataset[indexes[n]] for n in range(n_sources)]
  File "/home/cmm/icocnn/acousticTrackingDataset.py", line 759, in <listcomp>
    sss_and_vads = [self.sourceDataset[indexes[n]] for n in range(n_sources)]
  File "/home/cmm/icocnn/acousticTrackingDataset.py", line 642, in __getitem__
    utterance, fs = soundfile.read(utt_paths[n])
  File "/home/cmm/miniconda3/envs/icocnn/lib/python3.8/site-packages/soundfile.py", line 288, in read
    data = f.read(frames, dtype, always_2d, fill_value, out)
  File "/home/cmm/miniconda3/envs/icocnn/lib/python3.8/site-packages/soundfile.py", line 895, in read
    frames = self._array_io('read', out, frames)
  File "/home/cmm/miniconda3/envs/icocnn/lib/python3.8/site-packages/soundfile.py", line 1344, in _array_io
    return self._cdata_io(action, cdata, ctype, frames)
  File "/home/cmm/miniconda3/envs/icocnn/lib/python3.8/site-packages/soundfile.py", line 1354, in _cdata_io
    _error_check(self._errorcode)
  File "/home/cmm/miniconda3/envs/icocnn/lib/python3.8/site-packages/soundfile.py", line 1407, in _error_check
    raise LibsndfileError(err, prefix=prefix)
soundfile.LibsndfileError: Error : flac decoder lost sync.
{"event": "process_exit", "pid": 275791, "ts_utc": "2026-05-16T18:28:30+00:00"}
